year,label,tile,geometry
2024,CORTE SELETIVO,C60L63,POINT (-58.96894999935289 -2.570746227744001)
2024,CORTE SELETIVO,C60L63,POINT (-58.96115255650832 -2.6827513441314097)
2024,CORTE SELETIVO,C60L63,POINT (-58.94214955104018 -2.665253518968303)
2024,CORTE SELETIVO,C60L63,POINT (-58.94205373034825 -2.665053533707044)
2024,CORTE SELETIVO,C60L63,POINT (-58.96984756346524 -2.655654844747925)
2024,CORTE SELETIVO,C60L63,POINT (-58.92405505748017 -2.6453489464448285)
2024,CORTE SELETIVO,C60L63,POINT (-58.94975264399895 -2.602850206498902)
2024,CORTE SELETIVO,C60L63,POINT (-58.96114709942101 -2.5953538451741123)
2024,CORTE SELETIVO,C60L63,POINT (-58.87575383014239 -2.543752042511065)
2024,CORTE SELETIVO,C60L63,POINT (-58.98964583032446 -2.525349965465163)
2024,CORTE SELETIVO,C60L63,POINT (-58.934752756543716 -2.612648803882296)
2024,CORTE SELETIVO,C60L63,POINT (-58.9513498445256 -2.5975511739119326)
2024,CORTE SELETIVO,C60L63,POINT (-58.95304939578463 -2.680754868934051)
2024,CORTE SELETIVO,C60L63,POINT (-58.9537492019698 -2.6747490691211593)
2024,CORTE SELETIVO,C60L63,POINT (-58.95354523638943 -2.674591036108229)
2024,CORTE SELETIVO,C60L63,POINT (-58.96515176111649 -2.6623463675693384)
2024,CORTE SELETIVO,C60L63,POINT (-58.9610354421939 -2.657354002698734)
2024,CORTE SELETIVO,C60L63,POINT (-58.95905886394514 -2.656570151279829)
2024,CORTE SELETIVO,C60L63,POINT (-58.96860846156249 -2.6537505714554728)
2024,CORTE SELETIVO,C60L63,POINT (-58.968454481447026 -2.6536519407215944)
2024,CORTE SELETIVO,C60L63,POINT (-58.968345203080034 -2.6535547734321607)
2024,CORTE SELETIVO,C60L63,POINT (-58.968647551489994 -2.6520469475571407)
2024,CORTE SELETIVO,C60L63,POINT (-58.96884985634498 -2.6489516958524533)
2024,CORTE SELETIVO,C60L63,POINT (-58.92544709628782 -2.6020519877906447)
2024,CORTE SELETIVO,C60L63,POINT (-58.92414557480314 -2.592648886243527)
2024,CORTE SELETIVO,C60L63,POINT (-58.92406449427522 -2.592452195166785)
2024,CORTE SELETIVO,C60L63,POINT (-58.9586465947201 -2.583952727013365)
2024,CORTE SELETIVO,C60L63,POINT (-58.958951627149425 -2.5816528506262952)
2024,CORTE SELETIVO,C60L63,POINT (-58.938052678259474 -2.5014895873704748)
2024,CORTE SELETIVO,C60L63,POINT (-58.924149228647245 -2.500050711595373)
2024,CORTE SELETIVO,C60L63,POINT (-58.91088694353928 -2.7484477151754887)
2024,CORTE SELETIVO,C60L63,POINT (-58.92304926604962 -2.697847599011175)
2024,CORTE SELETIVO,C60L63,POINT (-58.92315482343827 -2.6975780148736654)
2024,CORTE SELETIVO,C60L63,POINT (-58.88504629984606 -2.6848514334671427)
2024,CORTE SELETIVO,C60L63,POINT (-58.78155247745534 -2.5943496814036275)
2024,CORTE SELETIVO,C60L63,POINT (-58.78758700344716 -2.5865534689586416)
2024,CORTE SELETIVO,C60L63,POINT (-58.90514646886449 -2.5449498369360324)
2024,CORTE SELETIVO,C60L63,POINT (-58.841252420278 -2.543246585964577)
2024,CORTE SELETIVO,C60L63,POINT (-58.81615402330604 -2.542775097571935)
2024,CORTE SELETIVO,C60L63,POINT (-58.82764565760309 -2.5415512739549695)
2024,CORTE SELETIVO,C60L63,POINT (-58.8754479564438 -2.5347487916516243)
2024,CORTE SELETIVO,C60L63,POINT (-58.87572216260518 -2.5343501392699843)
2024,CORTE SELETIVO,C60L63,POINT (-58.788354050043296 -2.5331457815931437)
2024,CORTE SELETIVO,C60L63,POINT (-58.793753781446355 -2.5314519675049096)
2024,CORTE SELETIVO,C60L63,POINT (-58.8074462253735 -2.522852597492226)
2024,CORTE SELETIVO,C60L63,POINT (-58.82264960168888 -2.5185523924917605)
2024,CORTE SELETIVO,C60L63,POINT (-58.83394770220159 -2.512554766123741)
2024,CORTE SELETIVO,C60L63,POINT (-58.83744680206384 -2.5077491399652825)
2024,CORTE SELETIVO,C60L63,POINT (-58.978946881590716 -2.7350479452167447)
2024,CORTE SELETIVO,C60L63,POINT (-58.98125180068754 -2.59024591442631)
2024,CORTE SELETIVO,C60L63,POINT (-58.944149732488505 -2.671750307127322)
2024,CORTE SELETIVO,C60L63,POINT (-58.8284459674711 -2.5332508640166704)
2024,CORTE SELETIVO,C60L63,POINT (-58.815646351955415 -2.696953031395324)
2024,CORTE SELETIVO,C60L63,POINT (-58.81224937055258 -2.588746158696423)
2024,CORTE SELETIVO,C60L63,POINT (-58.945451193191126 -2.672854630653416)
2024,CORTE SELETIVO,C60L63,POINT (-58.95224575510871 -2.6685462137373404)
2024,CORTE SELETIVO,C60L63,POINT (-58.95545148239183 -2.6647464748107366)
2024,CORTE SELETIVO,C60L63,POINT (-58.8143487735447 -2.621248667665735)
2024,CORTE SELETIVO,C60L63,POINT (-58.928248684428034 -2.6085516625481326)
2024,CORTE SELETIVO,C60L63,POINT (-58.95615315023299 -2.60755338634692)
2024,CORTE SELETIVO,C60L63,POINT (-58.951149398782945 -2.6062481400323674)
2024,CORTE SELETIVO,C60L63,POINT (-58.80795010408184 -2.5946477151540335)
2024,CORTE SELETIVO,C60L63,POINT (-58.94315299066256 -2.5913463555106366)
2024,CORTE SELETIVO,C60L63,POINT (-58.812151027487104 -2.5437475657057913)
2024,CORTE SELETIVO,C60L63,POINT (-58.95695265248671 -2.5977536703728545)
2024,CORTE SELETIVO,C60L63,POINT (-58.95305307768139 -2.6806470530069992)
2024,CORTE SELETIVO,C60L63,POINT (-58.94274930085558 -2.668245134805901)
2024,CORTE SELETIVO,C60L63,POINT (-58.95254606640412 -2.668253210154716)
2024,CORTE SELETIVO,C60L63,POINT (-58.96454581527446 -2.663350240469233)
2024,CORTE SELETIVO,C60L63,POINT (-58.96514617469923 -2.662447686331147)
2024,CORTE SELETIVO,C60L63,POINT (-58.982045592853744 -2.5989539313009673)
2024,CORTE SELETIVO,C60L63,POINT (-58.9623465262453 -2.597560375085841)
2024,CORTE SELETIVO,C60L63,POINT (-58.970153790562286 -2.5970012200560566)
2024,CORTE SELETIVO,C60L63,POINT (-58.960948509334095 -2.595165089969651)
2024,CORTE SELETIVO,C60L63,POINT (-58.95875234826174 -2.5942508901826025)
2024,CORTE SELETIVO,C60L63,POINT (-58.94855009678644 -2.590567663868163)
2024,CORTE SELETIVO,C60L63,POINT (-58.94875021514875 -2.590450923937327)
2024,CORTE SELETIVO,C60L63,POINT (-58.94334744457902 -2.586949709998904)
2024,CORTE SELETIVO,C60L63,POINT (-58.94335401811465 -2.5867504781632626)
2024,CORTE SELETIVO,C60L63,POINT (-58.954268916016034 -2.585450061289175)
2024,CORTE SELETIVO,C60L63,POINT (-58.954081618907814 -2.5852899377783185)
2024,CORTE SELETIVO,C60L63,POINT (-58.95894672675994 -2.5815455879804925)
2024,CORTE SELETIVO,C60L63,POINT (-58.96935056852637 -2.5704533308378164)
2024,CORTE SELETIVO,C60L63,POINT (-58.989746089243546 -2.5253471117059356)
2024,CORTE SELETIVO,C60L63,POINT (-58.91084995550475 -2.7485534302468184)
2024,CORTE SELETIVO,C60L63,POINT (-58.91075123325005 -2.748445432019733)
2024,CORTE SELETIVO,C60L63,POINT (-58.91085089933619 -2.748353225632132)
2024,CORTE SELETIVO,C60L63,POINT (-58.91095338130685 -2.7481570754295332)
2024,CORTE SELETIVO,C60L63,POINT (-58.85664539879248 -2.7068525397636582)
2024,CORTE SELETIVO,C60L63,POINT (-58.92324032698211 -2.6978218707877253)
2024,CORTE SELETIVO,C60L63,POINT (-58.922952590037184 -2.6977790662081444)
2024,CORTE SELETIVO,C60L63,POINT (-58.923053189555866 -2.697551352701184)
2024,CORTE SELETIVO,C60L63,POINT (-58.90845357493802 -2.6505364955967767)
2024,CORTE SELETIVO,C60L63,POINT (-58.83844767116679 -2.6362470741183257)
2024,CORTE SELETIVO,C60L63,POINT (-58.93854947722468 -2.609246644884048)
2024,CORTE SELETIVO,C60L63,POINT (-58.92494873813378 -2.6036336739904393)
2024,CORTE SELETIVO,C60L63,POINT (-58.92405134615391 -2.5923490145124255)
2024,CORTE SELETIVO,C60L63,POINT (-58.851347434708046 -2.5534502556634933)
2024,CORTE SELETIVO,C60L63,POINT (-58.875628844862675 -2.5342528774791457)
2024,CORTE SELETIVO,C60L63,POINT (-58.88214779846603 -2.519054821068344)
2024,CORTE SELETIVO,C60L63,POINT (-58.83965029476772 -2.518347177687607)
2024,CORTE SELETIVO,C60L63,POINT (-58.84124969712216 -2.5063530862333434)
2024,CORTE SELETIVO,C60L63,POINT (-58.93685285375766 -2.50075321322005)
2024,CORTE SELETIVO,C60L63,POINT (-58.76232062271522 -2.7343487729619937)
2024,CORTE SELETIVO,C60L63,POINT (-58.75344841956554 -2.6275466126637594)
2024,CORTE SELETIVO,C60L63,POINT (-58.76754773820204 -2.564852070665034)
2024,CORTE SELETIVO,C60L63,POINT (-58.767746957542606 -2.5648487011349914)
2024,CORTE SELETIVO,C60L63,POINT (-58.76745390227427 -2.564750342166823)
2024,CORTE SELETIVO,C60L63,POINT (-58.76765285711659 -2.5647486090454663)
2024,CORTE SELETIVO,C60L63,POINT (-58.81664586682542 -2.543245419611934)
2024,CORTE SELETIVO,C60L63,POINT (-58.823750371699056 -2.537283242914209)
2024,CORTE SELETIVO,C60L63,POINT (-58.83405087540693 -2.536250123281262)
2024,CORTE SELETIVO,C60L63,POINT (-58.831546375943915 -2.518904954948232)
2024,CORTE SELETIVO,C60L63,POINT (-58.83064686736207 -2.5179477185655377)
2024,CORTE SELETIVO,C60L63,POINT (-58.83759629740953 -2.5126540827659003)
2024,CORTE SELETIVO,C60L63,POINT (-58.834053741465425 -2.512549228492276)
2024,CORTE SELETIVO,C60L63,POINT (-58.816272613082575 -2.5078537512275587)
2024,CORTE SELETIVO,C60L63,POINT (-58.81644858393933 -2.5077513831452833)
2024,CORTE SELETIVO,C60L63,POINT (-58.81804782910842 -2.505246438772525)
2024,CORTE SELETIVO,C60L63,POINT (-58.77425261085789 -2.500649870509625)
2024,CORTE SELETIVO,C60L63,POINT (-58.819152550297964 -2.532546020945827)
2024,CORTE SELETIVO,C60L63,POINT (-58.77005257993429 -2.514745803647916)
2024,CORTE SELETIVO,C60L63,POINT (-58.96064759224497 -2.687954383869523)
2024,CORTE SELETIVO,C60L63,POINT (-58.95504639093064 -2.6097466293220846)
2024,CORTE SELETIVO,C60L63,POINT (-58.969048575267074 -2.5707528039384604)
2024,CORTE SELETIVO,C60L63,POINT (-58.88215185774602 -2.5189522046734316)
2024,CORTE SELETIVO,C60L63,POINT (-58.850354379524155 -2.5516484666478862)
2024,CORTE SELETIVO,C60L63,POINT (-58.91344748059954 -2.7478526792647884)
2024,CORTE SELETIVO,C60L63,POINT (-58.913345923122925 -2.7478541047334426)
2024,CORTE SELETIVO,C60L63,POINT (-58.9542542988921 -2.6787454218537583)
2024,CORTE SELETIVO,C60L63,POINT (-58.96975045246035 -2.66735225176324)
2024,CORTE SELETIVO,C60L63,POINT (-58.96484917735768 -2.6631490092942487)
2024,CORTE SELETIVO,C60L63,POINT (-58.96454759442457 -2.662745563625577)
2024,CORTE SELETIVO,C60L63,POINT (-58.96465241097862 -2.6626522159811765)
2024,CORTE SELETIVO,C60L63,POINT (-58.97945029233244 -2.66014596203424)
2024,CORTE SELETIVO,C60L63,POINT (-58.96102338649087 -2.6572479957498913)
2024,CORTE SELETIVO,C60L63,POINT (-58.953946869029856 -2.653754072363842)
2024,CORTE SELETIVO,C60L63,POINT (-58.96705443095313 -2.6515487679121756)
2024,CORTE SELETIVO,C60L63,POINT (-58.97446076480862 -2.6500511903249637)
2024,CORTE SELETIVO,C60L63,POINT (-58.95414589106753 -2.614153385192814)
2024,CORTE SELETIVO,C60L63,POINT (-58.96757203192884 -2.614053291749502)
2024,CORTE SELETIVO,C60L63,POINT (-58.9690503447272 -2.597792242599531)
2024,CORTE SELETIVO,C60L63,POINT (-58.96895339353272 -2.5976532214533616)
2024,CORTE SELETIVO,C60L63,POINT (-58.962282471897495 -2.597454564341589)
2024,CORTE SELETIVO,C60L63,POINT (-58.964454906714664 -2.5951487007981853)
2024,CORTE SELETIVO,C60L63,POINT (-58.96114769256026 -2.5951514573558607)
2024,CORTE SELETIVO,C60L63,POINT (-58.97985119464073 -2.5906537419449824)
2024,CORTE SELETIVO,C60L63,POINT (-58.979945260660585 -2.5905366171105473)
2024,CORTE SELETIVO,C60L63,POINT (-58.968955025401705 -2.570447430611813)
2024,CORTE SELETIVO,C60L63,POINT (-58.969150016608026 -2.570253428774211)
2024,CORTE SELETIVO,C60L63,POINT (-58.969348100279724 -2.5702739509730477)
2024,CORTE SELETIVO,C60L63,POINT (-58.99644519940586 -2.5169454103429043)
2024,CORTE SELETIVO,C60L63,POINT (-58.9111476647417 -2.7482478017612575)
2024,CORTE SELETIVO,C60L63,POINT (-58.913447039992604 -2.7479500825972183)
2024,CORTE SELETIVO,C60L63,POINT (-58.91355006741476 -2.7463526046389153)
2024,CORTE SELETIVO,C60L63,POINT (-58.85654810124588 -2.7068485532770454)
2024,CORTE SELETIVO,C60L63,POINT (-58.92315034193259 -2.697947818088201)
2024,CORTE SELETIVO,C60L63,POINT (-58.8851451333853 -2.68484922673333)
2024,CORTE SELETIVO,C60L63,POINT (-58.944148240112185 -2.671092947436032)
2024,CORTE SELETIVO,C60L63,POINT (-58.94845421492091 -2.6699492821397373)
2024,CORTE SELETIVO,C60L63,POINT (-58.94274529292467 -2.6680720042494714)
2024,CORTE SELETIVO,C60L63,POINT (-58.95354705934958 -2.617149471199775)
2024,CORTE SELETIVO,C60L63,POINT (-58.94285384536171 -2.5997460271266206)
2024,CORTE SELETIVO,C60L63,POINT (-58.847645876589866 -2.5971517138549656)
2024,CORTE SELETIVO,C60L63,POINT (-58.847551030161775 -2.596945426098371)
2024,CORTE SELETIVO,C60L63,POINT (-58.94355081778507 -2.5865495801819467)
2024,CORTE SELETIVO,C60L63,POINT (-58.842750847360996 -2.561953288212611)
2024,CORTE SELETIVO,C60L63,POINT (-58.85249365622914 -2.5347546836542696)
2024,CORTE SELETIVO,C60L63,POINT (-58.87454777811725 -2.521845828869865)
2024,CORTE SELETIVO,C60L63,POINT (-58.87465417945739 -2.521753988837051)
2024,CORTE SELETIVO,C60L63,POINT (-58.882149315121595 -2.51915268373787)
2024,CORTE SELETIVO,C60L63,POINT (-58.86255344280246 -2.512251717852034)
2024,CORTE SELETIVO,C60L63,POINT (-58.86412666749106 -2.509321736630552)
2024,CORTE SELETIVO,C60L63,POINT (-58.934947052993884 -2.5084546360994007)
2024,CORTE SELETIVO,C60L63,POINT (-58.93814494055222 -2.50145337630513)
2024,CORTE SELETIVO,C60L63,POINT (-58.76254875404906 -2.734349508455432)
2024,CORTE SELETIVO,C60L63,POINT (-58.8080456314698 -2.5940478222550314)
2024,CORTE SELETIVO,C60L63,POINT (-58.80815468260868 -2.5938451939031095)
2024,CORTE SELETIVO,C60L63,POINT (-58.7877483742772 -2.586651579205324)
2024,CORTE SELETIVO,C60L63,POINT (-58.82874642868653 -2.582450337241886)
2024,CORTE SELETIVO,C60L63,POINT (-58.787544968719175 -2.5797501488859536)
2024,CORTE SELETIVO,C60L63,POINT (-58.81925447584752 -2.5680547746376194)
2024,CORTE SELETIVO,C60L63,POINT (-58.810447569545204 -2.5680547033033094)
2024,CORTE SELETIVO,C60L63,POINT (-58.76760011893082 -2.5649504807394297)
2024,CORTE SELETIVO,C60L63,POINT (-58.767749661978264 -2.5647500374863057)
2024,CORTE SELETIVO,C60L63,POINT (-58.842648785887405 -2.5620483463644796)
2024,CORTE SELETIVO,C60L63,POINT (-58.84247473905701 -2.561767005177364)
2024,CORTE SELETIVO,C60L63,POINT (-58.81595504468301 -2.5426471963736677)
2024,CORTE SELETIVO,C60L63,POINT (-58.81550896533229 -2.5346467224749962)
2024,CORTE SELETIVO,C60L63,POINT (-58.81564963602463 -2.534551885822823)
2024,CORTE SELETIVO,C60L63,POINT (-58.82398690356725 -2.527251559382114)
2024,CORTE SELETIVO,C60L63,POINT (-58.83554725406276 -2.5222538541399553)
2024,CORTE SELETIVO,C60L63,POINT (-58.8316426228176 -2.519049018048174)
2024,CORTE SELETIVO,C60L63,POINT (-58.83065477416893 -2.5180511167175683)
2024,CORTE SELETIVO,C60L63,POINT (-58.81634982170107 -2.5077503162474106)
2024,CORTE SELETIVO,C60L63,POINT (-58.816454470472614 -2.507649557631835)
2024,CORTE SELETIVO,C60L63,POINT (-58.814050207197404 -2.621454786940834)
2024,CORTE SELETIVO,C60L63,POINT (-58.91345178861895 -2.748653478279179)
2024,CORTE SELETIVO,C60L63,POINT (-58.95345317003685 -2.668750141239077)
2024,CORTE SELETIVO,C60L63,POINT (-58.96824920518579 -2.609850313392443)
2024,CORTE SELETIVO,C60L63,POINT (-58.958354736717226 -2.590746798009224)
2024,CORTE SELETIVO,C60L63,POINT (-58.81214941515067 -2.5888507273746013)
2024,CORTE SELETIVO,C60L63,POINT (-58.84494540574184 -2.570348588808924)
2024,CORTE SELETIVO,C60L63,POINT (-58.825052646408004 -2.5139500203186356)
2024,CORTE SELETIVO,C60L63,POINT (-58.83404924614589 -2.5147521491127143)
2024,CORTE SELETIVO,C60L63,POINT (-58.93924771480982 -2.6075459150074387)
2024,CORTE SELETIVO,C60L63,POINT (-58.99135171872304 -2.67904844540227)
2024,CORTE SELETIVO,C60L63,POINT (-58.954293759661184 -2.678449739687073)
2024,CORTE SELETIVO,C60L63,POINT (-58.94545414817653 -2.672745341307463)
2024,CORTE SELETIVO,C60L63,POINT (-58.97814717927392 -2.6716535207475225)
2024,CORTE SELETIVO,C60L63,POINT (-58.95234978990204 -2.6686457461290436)
2024,CORTE SELETIVO,C60L63,POINT (-58.96235358075959 -2.618706949451901)
2024,CORTE SELETIVO,C60L63,POINT (-58.95375287725274 -2.6171515762954636)
2024,CORTE SELETIVO,C60L63,POINT (-58.953653387071164 -2.617047982036829)
2024,CORTE SELETIVO,C60L63,POINT (-58.96245243616966 -2.5990521931241637)
2024,CORTE SELETIVO,C60L63,POINT (-58.968852606523036 -2.597725617820597)
2024,CORTE SELETIVO,C60L63,POINT (-58.9624455717985 -2.5976469852004076)
2024,CORTE SELETIVO,C60L63,POINT (-58.97014564823269 -2.5974528737550657)
2024,CORTE SELETIVO,C60L63,POINT (-58.96214613980274 -2.597253715456785)
2024,CORTE SELETIVO,C60L63,POINT (-58.97015459056512 -2.597145857330404)
2024,CORTE SELETIVO,C60L63,POINT (-58.96125147178872 -2.5951504544365407)
2024,CORTE SELETIVO,C60L63,POINT (-58.953649351118386 -2.5928541544392587)
2024,CORTE SELETIVO,C60L63,POINT (-58.980052202122444 -2.590353326109365)
2024,CORTE SELETIVO,C60L63,POINT (-58.95440301362855 -2.5852463198599906)
2024,CORTE SELETIVO,C60L63,POINT (-58.954145213515766 -2.585148076455265)
2024,CORTE SELETIVO,C60L63,POINT (-58.94525167974366 -2.584048055356575)
2024,CORTE SELETIVO,C60L63,POINT (-58.96295394020043 -2.5800506714587654)
2024,CORTE SELETIVO,C60L63,POINT (-58.990154309400815 -2.524747139560419)
2024,CORTE SELETIVO,C60L63,POINT (-58.91324596347442 -2.7478536473626547)
2024,CORTE SELETIVO,C60L63,POINT (-58.911248594886146 -2.7477568654317817)
2024,CORTE SELETIVO,C60L63,POINT (-58.91125328561796 -2.7475055723238926)
2024,CORTE SELETIVO,C60L63,POINT (-58.91334532042368 -2.7465543678217084)
2024,CORTE SELETIVO,C60L63,POINT (-58.91345337788242 -2.7463783816786744)
2024,CORTE SELETIVO,C60L63,POINT (-58.91354975100869 -2.746249606444138)
2024,CORTE SELETIVO,C60L63,POINT (-58.93545445662382 -2.6132484300699175)
2024,CORTE SELETIVO,C60L63,POINT (-58.933946020171284 -2.610146032003589)
2024,CORTE SELETIVO,C60L63,POINT (-58.93395167710564 -2.6098496144908667)
2024,CORTE SELETIVO,C60L63,POINT (-58.942857968787465 -2.599649449846783)
2024,CORTE SELETIVO,C60L63,POINT (-58.922551599470054 -2.5976314065900126)
2024,CORTE SELETIVO,C60L63,POINT (-58.922646284599736 -2.597452435795331)
2024,CORTE SELETIVO,C60L63,POINT (-58.92254966335688 -2.5973478410312008)
2024,CORTE SELETIVO,C60L63,POINT (-58.922445272624714 -2.5972545492033063)
2024,CORTE SELETIVO,C60L63,POINT (-58.92244997571737 -2.596954596474945)
2024,CORTE SELETIVO,C60L63,POINT (-58.94465489388898 -2.5966532173590644)
2024,CORTE SELETIVO,C60L63,POINT (-58.92214744377535 -2.596550901591789)
2024,CORTE SELETIVO,C60L63,POINT (-58.924853600804354 -2.593248747077203)
2024,CORTE SELETIVO,C60L63,POINT (-58.93287294895992 -2.5074437034492965)
2024,CORTE SELETIVO,C60L63,POINT (-58.937949653606985 -2.501453772898697)
2024,CORTE SELETIVO,C60L63,POINT (-58.93634550716138 -2.501448551888185)
2024,CORTE SELETIVO,C60L63,POINT (-58.9243945556962 -2.5004764590751978)
2024,CORTE SELETIVO,C60L63,POINT (-58.85685356983004 -2.7069534974655425)
2024,CORTE SELETIVO,C60L63,POINT (-58.76535114457954 -2.6664486580311886)
2024,CORTE SELETIVO,C60L63,POINT (-58.814249122277545 -2.6210530449672245)
2024,CORTE SELETIVO,C60L63,POINT (-58.89364961748338 -2.602547950891707)
2024,CORTE SELETIVO,C60L63,POINT (-58.828654678281964 -2.5827525844064296)
2024,CORTE SELETIVO,C60L63,POINT (-58.790053543287684 -2.5802821627375256)
2024,CORTE SELETIVO,C60L63,POINT (-58.79454954825187 -2.571551845201965)
2024,CORTE SELETIVO,C60L63,POINT (-58.76755021193424 -2.564651758996995)
2024,CORTE SELETIVO,C60L63,POINT (-58.84285205652774 -2.561948520943966)
2024,CORTE SELETIVO,C60L63,POINT (-58.905145394258696 -2.545141045519891)
2024,CORTE SELETIVO,C60L63,POINT (-58.81625514259081 -2.5429099732560387)
2024,CORTE SELETIVO,C60L63,POINT (-58.78832927118543 -2.5330491761667853)
2024,CORTE SELETIVO,C60L63,POINT (-58.828348275565766 -2.532048517953803)
2024,CORTE SELETIVO,C60L63,POINT (-58.82425069180688 -2.5272457728502054)
2024,CORTE SELETIVO,C60L63,POINT (-58.86105506137846 -2.5265532408408475)
2024,CORTE SELETIVO,C60L63,POINT (-58.836454285404926 -2.5144458117201376)
2024,CORTE SELETIVO,C60L63,POINT (-58.86254525854879 -2.512347189857717)
2024,CORTE SELETIVO,C60L63,POINT (-58.86414994675872 -2.509551106899141)
2024,CORTE SELETIVO,C60L63,POINT (-58.82645181347053 -2.5083534202323436)
2024,CORTE SELETIVO,C60L63,POINT (-58.793150246005084 -2.504252093303517)
2024,CORTE SELETIVO,C60L63,POINT (-58.85034585755248 -2.5026477086834884)
2024,CORTE SELETIVO,C60L63,POINT (-58.93655313200675 -2.6616494691883594)
2024,CORTE SELETIVO,C60L63,POINT (-58.98275025240914 -2.5894523037072847)
2024,CORTE SELETIVO,C60L63,POINT (-58.96464579866774 -2.663351901225286)
2024,CORTE SELETIVO,C60L63,POINT (-58.93634780519095 -2.6127461890727104)
2024,CORTE SELETIVO,C60L63,POINT (-58.85005453502376 -2.6007500140187143)
2024,CORTE SELETIVO,C60L63,POINT (-58.80795267923842 -2.594352109374474)
2024,CORTE SELETIVO,C60L63,POINT (-58.96345375611849 -2.594149488048588)
2024,CORTE SELETIVO,C60L63,POINT (-58.9579466511866 -2.591049146835068)
2024,CORTE SELETIVO,C60L63,POINT (-58.9659459160925 -2.5787482713308525)
2024,CORTE SELETIVO,C60L63,POINT (-58.85444703278694 -2.5308535178903786)
2024,CORTE SELETIVO,C60L63,POINT (-58.86425259083393 -2.5099507668446255)
2024,CORTE SELETIVO,C60L63,POINT (-58.93655194963046 -2.6615467331061167)
2024,CORTE SELETIVO,C60L63,POINT (-58.93145283651989 -2.74994909479067)
2024,CORTE SELETIVO,C60L63,POINT (-58.93145080695508 -2.749750424010077)
2024,CORTE SELETIVO,C60L63,POINT (-58.97295023933829 -2.6797927732333098)
2024,CORTE SELETIVO,C60L63,POINT (-58.9544459169378 -2.6783452666392993)
2024,CORTE SELETIVO,C60L63,POINT (-58.95224610911978 -2.6682477797683584)
2024,CORTE SELETIVO,C60L63,POINT (-58.935947073655456 -2.655748224716003)
2024,CORTE SELETIVO,C60L63,POINT (-58.96814991111769 -2.6534513630874135)
2024,CORTE SELETIVO,C60L63,POINT (-58.96825294010932 -2.6532644221680792)
2024,CORTE SELETIVO,C60L63,POINT (-58.967153062292475 -2.6512466455078925)
2024,CORTE SELETIVO,C60L63,POINT (-58.96835251511936 -2.6476468061045475)
2024,CORTE SELETIVO,C60L63,POINT (-58.95394528707554 -2.6139477494658423)
2024,CORTE SELETIVO,C60L63,POINT (-58.933953244604865 -2.6105529681397828)
2024,CORTE SELETIVO,C60L63,POINT (-58.93394794074189 -2.6103495275988275)
2024,CORTE SELETIVO,C60L63,POINT (-58.968948294774684 -2.59775092234866)
2024,CORTE SELETIVO,C60L63,POINT (-58.96914616724625 -2.5977516403161505)
2024,CORTE SELETIVO,C60L63,POINT (-58.96894657005017 -2.5975523533008484)
2024,CORTE SELETIVO,C60L63,POINT (-58.943849676833395 -2.5865533944986985)
2024,CORTE SELETIVO,C60L63,POINT (-58.93304795635072 -2.577745229237475)
2024,CORTE SELETIVO,C60L63,POINT (-58.93104972112642 -2.749347449937143)
2024,CORTE SELETIVO,C60L63,POINT (-58.910750281584974 -2.748554018358898)
2024,CORTE SELETIVO,C60L63,POINT (-58.91335061842908 -2.7466498047971344)
2024,CORTE SELETIVO,C60L63,POINT (-58.91334760570865 -2.7464503948966987)
2024,CORTE SELETIVO,C60L63,POINT (-58.8176468907285 -2.736949281849789)
2024,CORTE SELETIVO,C60L63,POINT (-58.752245021294975 -2.6709396667810794)
2024,CORTE SELETIVO,C60L63,POINT (-58.76525408911642 -2.666448055728801)
2024,CORTE SELETIVO,C60L63,POINT (-58.771051492910686 -2.596052908037061)
2024,CORTE SELETIVO,C60L63,POINT (-58.92425205269873 -2.5928492781345893)
2024,CORTE SELETIVO,C60L63,POINT (-58.91154928704305 -2.588163616515851)
2024,CORTE SELETIVO,C60L63,POINT (-58.91164786194066 -2.5880464363136837)
2024,CORTE SELETIVO,C60L63,POINT (-58.921151136489364 -2.582545413580852)
2024,CORTE SELETIVO,C60L63,POINT (-58.92112800817081 -2.5822466588156336)
2024,CORTE SELETIVO,C60L63,POINT (-58.767646427643335 -2.5648511841707884)
2024,CORTE SELETIVO,C60L63,POINT (-58.76755051663605 -2.564747036984265)
2024,CORTE SELETIVO,C60L63,POINT (-58.79464854544681 -2.5442508106326667)
2024,CORTE SELETIVO,C60L63,POINT (-58.840245024886876 -2.531511611384337)
2024,CORTE SELETIVO,C60L63,POINT (-58.830446774288795 -2.505954438164929)
2024,CORTE SELETIVO,C60L63,POINT (-58.83405361449987 -2.514451675307187)
2024,CORTE SELETIVO,C60L63,POINT (-58.823946015030394 -2.5668482059973488)
2024,CORTE SELETIVO,C60L63,POINT (-58.99515339795198 -2.5191508228467208)
2024,CORTE SELETIVO,C60L63,POINT (-58.95514787109733 -2.609846865312851)
2024,CORTE SELETIVO,C60L63,POINT (-58.856154870757855 -2.5453459222183623)
2024,CORTE SELETIVO,C60L63,POINT (-58.96094565163806 -2.663349075260939)
2024,CORTE SELETIVO,C60L63,POINT (-58.96445378291371 -2.662946637655469)
2024,CORTE SELETIVO,C60L63,POINT (-58.95964678572976 -2.6606507624840585)
2024,CORTE SELETIVO,C60L63,POINT (-58.96714548721989 -2.651467638922732)
2024,CORTE SELETIVO,C60L63,POINT (-58.968545536755926 -2.6474485316447525)
2024,CORTE SELETIVO,C60L63,POINT (-58.96224533691456 -2.6186548713075406)
2024,CORTE SELETIVO,C60L63,POINT (-58.934748644061386 -2.611846494603845)
2024,CORTE SELETIVO,C60L63,POINT (-58.94045156421053 -2.604564635892246)
2024,CORTE SELETIVO,C60L63,POINT (-58.94275232957258 -2.599551883162398)
2024,CORTE SELETIVO,C60L63,POINT (-58.962454245071335 -2.599153307939476)
2024,CORTE SELETIVO,C60L63,POINT (-58.96884641701672 -2.597552342768808)
2024,CORTE SELETIVO,C60L63,POINT (-58.96214938180123 -2.5975538886038088)
2024,CORTE SELETIVO,C60L63,POINT (-58.96245437181683 -2.59750694233317)
2024,CORTE SELETIVO,C60L63,POINT (-58.93644537547428 -2.5014497161506495)
2024,CORTE SELETIVO,C60L63,POINT (-58.931449665434826 -2.7498481822676153)
2024,CORTE SELETIVO,C60L63,POINT (-58.91311651864204 -2.747848424221851)
2024,CORTE SELETIVO,C60L63,POINT (-58.75234612160012 -2.6709119145197437)
2024,CORTE SELETIVO,C60L63,POINT (-58.934248479576546 -2.6112482296986346)
2024,CORTE SELETIVO,C60L63,POINT (-58.925451169779485 -2.602148083680005)
2024,CORTE SELETIVO,C60L63,POINT (-58.92535280437111 -2.6020508759183105)
2024,CORTE SELETIVO,C60L63,POINT (-58.92544848941125 -2.6019468345744037)
2024,CORTE SELETIVO,C60L63,POINT (-58.820346208191886 -2.586349151766965)
2024,CORTE SELETIVO,C60L63,POINT (-58.92127369911189 -2.582650815676464)
2024,CORTE SELETIVO,C60L63,POINT (-58.8286511201064 -2.582651377941756)
2024,CORTE SELETIVO,C60L63,POINT (-58.921045622415576 -2.5821454509609336)
2024,CORTE SELETIVO,C60L63,POINT (-58.8450530488759 -2.5702462557741352)
2024,CORTE SELETIVO,C60L63,POINT (-58.81024208514515 -2.567897984233945)
2024,CORTE SELETIVO,C60L63,POINT (-58.79694848661852 -2.5488473330604027)
2024,CORTE SELETIVO,C60L63,POINT (-58.965745536701014 -2.618550462619133)
2024,CORTE SELETIVO,C60L63,POINT (-58.771352659681085 -2.5962489717447195)
2024,CORTE SELETIVO,C60L63,POINT (-58.9740541596014 -2.649945505608211)
2024,CORTE SELETIVO,C60L63,POINT (-58.85615056867457 -2.545448423594856)
2024,CORTE SELETIVO,C60L63,POINT (-58.95224864294214 -2.668650235635077)
2024,CORTE SELETIVO,C60L63,POINT (-58.95235408622113 -2.668745172870948)
2024,CORTE SELETIVO,C60L63,POINT (-58.9465476167041 -2.6720515365536084)
2024,CORTE SELETIVO,C60L63,POINT (-58.882746768245624 -2.5156543829275195)
2024,CORTE SELETIVO,C60L63,POINT (-58.95314631746944 -2.68075243643343)
2024,CORTE SELETIVO,C60L63,POINT (-58.94025480337615 -2.6629495563657946)
2024,CORTE SELETIVO,C60L63,POINT (-58.962278350722215 -2.6185468207766465)
2024,CORTE SELETIVO,C60L63,POINT (-58.93544971981474 -2.6131469906207268)
2024,CORTE SELETIVO,C60L63,POINT (-58.93515422411712 -2.6128963958452336)
2024,CORTE SELETIVO,C60L63,POINT (-58.9347882438558 -2.612250365173791)
2024,CORTE SELETIVO,C60L63,POINT (-58.92414747020882 -2.6080462823938406)
2024,CORTE SELETIVO,C60L63,POINT (-58.92505113131787 -2.6022482514537204)
2024,CORTE SELETIVO,C60L63,POINT (-58.94205452589015 -2.588446324094655)
2024,CORTE SELETIVO,C60L63,POINT (-58.92134701301442 -2.5825540752156755)
2024,CORTE SELETIVO,C60L63,POINT (-58.920947449172374 -2.582106895027419)
2024,CORTE SELETIVO,C60L63,POINT (-58.913754170693664 -2.7456477111353728)
2024,CORTE SELETIVO,C60L63,POINT (-58.8568507601478 -2.707207348387825)
2024,CORTE SELETIVO,C60L63,POINT (-58.76975444863117 -2.6852525014862305)
2024,CORTE SELETIVO,C60L63,POINT (-58.75235064814807 -2.6710451127690518)
2024,CORTE SELETIVO,C60L63,POINT (-58.80835295077324 -2.5938529500642)
2024,CORTE SELETIVO,C60L63,POINT (-58.808248236756924 -2.5937511785829863)
2024,CORTE SELETIVO,C60L63,POINT (-58.81005239630881 -2.567849299241368)
2024,CORTE SELETIVO,C60L63,POINT (-58.80794529318245 -2.5495546247615173)
2024,CORTE SELETIVO,C60L63,POINT (-58.82400159838042 -2.5271502335181832)
2024,CORTE SELETIVO,C60L63,POINT (-58.862653679498216 -2.5123518918579837)
2024,CORTE SELETIVO,C60L63,POINT (-58.77114687288868 -2.6889532678513115)
2024,CORTE SELETIVO,C60L63,POINT (-58.982745865011495 -2.58935241942851)
2024,CORTE SELETIVO,C60L63,POINT (-58.94005400782364 -2.6630468015280977)
2024,CORTE SELETIVO,C60L63,POINT (-58.95974994154905 -2.6612515542390134)
2024,CORTE SELETIVO,C60L63,POINT (-58.93474633423672 -2.61255309372789)
2024,CORTE SELETIVO,C60L63,POINT (-58.80765269047963 -2.5505482881022377)
2024,CORTE SELETIVO,C60L63,POINT (-58.87155003088254 -2.5330495224831293)
2024,CORTE SELETIVO,C60L63,POINT (-58.97684498036726 -2.605553215840993)
2024,CORTE SELETIVO,C60L63,POINT (-58.78775483807825 -2.587454081246152)
2024,CORTE SELETIVO,C60L63,POINT (-58.913052959034495 -2.7479490800854207)
2024,CORTE SELETIVO,C60L63,POINT (-58.92128336939162 -2.716151367867423)
2024,CORTE SELETIVO,C60L63,POINT (-58.856753733007096 -2.7070642878445175)
2024,CORTE SELETIVO,C60L63,POINT (-58.95444491710415 -2.6833484432763743)
2024,CORTE SELETIVO,C60L63,POINT (-58.95464991668976 -2.679346251502754)
2024,CORTE SELETIVO,C60L63,POINT (-58.99114519006517 -2.678945974496468)
2024,CORTE SELETIVO,C60L63,POINT (-58.97984584257903 -2.660346404725622)
2024,CORTE SELETIVO,C60L63,POINT (-58.92415388434075 -2.607947275006133)
2024,CORTE SELETIVO,C60L63,POINT (-58.93964377692136 -2.6066538033271964)
2024,CORTE SELETIVO,C60L63,POINT (-58.94447522280925 -2.594152994264726)
2024,CORTE SELETIVO,C60L63,POINT (-58.986848677128485 -2.5526491922812515)
2024,CORTE SELETIVO,C60L63,POINT (-58.94594958648284 -2.549051711330361)
2024,CORTE SELETIVO,C60L63,POINT (-58.94594640061619 -2.5488544835343654)
2024,CORTE SELETIVO,C60L63,POINT (-58.946047359065936 -2.5487481889163512)
2024,CORTE SELETIVO,C60L63,POINT (-58.85665022129698 -2.7069522448042456)
2024,CORTE SELETIVO,C60L63,POINT (-58.77624947671089 -2.7047519640805717)
2024,CORTE SELETIVO,C60L63,POINT (-58.76955410038505 -2.685354792212573)
2024,CORTE SELETIVO,C60L63,POINT (-58.76955467055094 -2.6850462417946215)
2024,CORTE SELETIVO,C60L63,POINT (-58.75244805847861 -2.6709464159602647)
2024,CORTE SELETIVO,C60L63,POINT (-58.84225459967612 -2.5723586104954648)
2024,CORTE SELETIVO,C60L63,POINT (-58.781953890997045 -2.5662498890274685)
2024,CORTE SELETIVO,C60L63,POINT (-58.78204511218689 -2.566148983194436)
2024,CORTE SELETIVO,C60L63,POINT (-58.83784681783258 -2.551852294148588)
2024,CORTE SELETIVO,C60L63,POINT (-58.82064991831799 -2.541754763271889)
2024,CORTE SELETIVO,C60L63,POINT (-58.81725326346494 -2.5376522927213734)
2024,CORTE SELETIVO,C60L63,POINT (-58.81734504210617 -2.537551880933965)
2024,CORTE SELETIVO,C60L63,POINT (-58.81715127355897 -2.537246677414227)
2024,CORTE SELETIVO,C60L63,POINT (-58.96064644842094 -2.6880494547224325)
2024,CORTE SELETIVO,C60L63,POINT (-58.967144964540864 -2.604754106325594)
2024,CORTE SELETIVO,C60L63,POINT (-58.92264987056777 -2.5915511134863927)
2024,CORTE SELETIVO,C60L63,POINT (-58.944154023081005 -2.6718515238294653)
2024,CORTE SELETIVO,C60L63,POINT (-58.934650229860594 -2.612552238008193)
2024,CORTE SELETIVO,C60L63,POINT (-58.98274556516712 -2.5892483458741262)
2024,CORTE SELETIVO,C60L63,POINT (-58.84484691926056 -2.570252188081102)
2024,CORTE SELETIVO,C60L63,POINT (-58.834648399878645 -2.5577349673716205)
2024,CORTE SELETIVO,C60L63,POINT (-58.83415186819898 -2.5147537406438936)
2024,CORTE SELETIVO,C60L63,POINT (-58.91364946738314 -2.748230870648763)
2024,CORTE SELETIVO,C60L63,POINT (-58.954468383455044 -2.683450525728243)
2024,CORTE SELETIVO,C60L63,POINT (-58.95335476459792 -2.680847005328231)
2024,CORTE SELETIVO,C60L63,POINT (-58.98324778638765 -2.671251839852135)
2024,CORTE SELETIVO,C60L63,POINT (-58.97975125507041 -2.660350146285233)
2024,CORTE SELETIVO,C60L63,POINT (-58.936052018292806 -2.655646144218152)
2024,CORTE SELETIVO,C60L63,POINT (-58.96895067512946 -2.648851269098169)
2024,CORTE SELETIVO,C60L63,POINT (-58.96955434251243 -2.6438449992726643)
2024,CORTE SELETIVO,C60L63,POINT (-58.93805176798882 -2.60984634446927)
2024,CORTE SELETIVO,C60L63,POINT (-58.97764501285352 -2.605649651586995)
2024,CORTE SELETIVO,C60L63,POINT (-58.977954505085975 -2.604950236661903)
2024,CORTE SELETIVO,C60L63,POINT (-58.95634758942326 -2.597947781219999)
2024,CORTE SELETIVO,C60L63,POINT (-58.9224465780608 -2.5971494862517797)
2024,CORTE SELETIVO,C60L63,POINT (-58.94484547692964 -2.5958483723427)
2024,CORTE SELETIVO,C60L63,POINT (-58.92365148864291 -2.592154080617852)
2024,CORTE SELETIVO,C60L63,POINT (-58.92335157382316 -2.591947679008771)
2024,CORTE SELETIVO,C60L63,POINT (-58.9869522427529 -2.5526496719516283)
2024,CORTE SELETIVO,C60L63,POINT (-58.9458474557919 -2.5488520853662706)
2024,CORTE SELETIVO,C60L63,POINT (-58.93324516101671 -2.500449634732834)
2024,CORTE SELETIVO,C60L63,POINT (-58.85652489748566 -2.706953490119046)
2024,CORTE SELETIVO,C60L63,POINT (-58.77049414277411 -2.68695000867307)
2024,CORTE SELETIVO,C60L63,POINT (-58.76984597161011 -2.6856534222737376)
2024,CORTE SELETIVO,C60L63,POINT (-58.769650136437726 -2.6849495608707814)
2024,CORTE SELETIVO,C60L63,POINT (-58.75245276587983 -2.670854672483915)
2024,CORTE SELETIVO,C60L63,POINT (-58.90244743044807 -2.657750047417346)
2024,CORTE SELETIVO,C60L63,POINT (-58.7993538419322 -2.5980543702077417)
2024,CORTE SELETIVO,C60L63,POINT (-58.801647266324224 -2.5977462359093466)
2024,CORTE SELETIVO,C60L63,POINT (-58.85934613525226 -2.594143279724288)
2024,CORTE SELETIVO,C60L63,POINT (-58.82354747531272 -2.585309625349951)
2024,CORTE SELETIVO,C60L63,POINT (-58.823254883777956 -2.5851606176459927)
2024,CORTE SELETIVO,C60L63,POINT (-58.82345101049209 -2.5850452561879966)
2024,CORTE SELETIVO,C60L63,POINT (-58.7849482332025 -2.583447646091589)
2024,CORTE SELETIVO,C60L63,POINT (-58.848540890047055 -2.5669546137202697)
2024,CORTE SELETIVO,C60L63,POINT (-58.78165042961054 -2.565953744955528)
2024,CORTE SELETIVO,C60L63,POINT (-58.80595467688805 -2.532554446984578)
2024,CORTE SELETIVO,C60L63,POINT (-58.84283712386401 -2.516551870144774)
2024,CORTE SELETIVO,C60L63,POINT (-58.81884500171733 -2.5141457816064787)
2024,CORTE SELETIVO,C60L63,POINT (-58.82114959094077 -2.543250375068729)
2024,CORTE SELETIVO,C60L63,POINT (-58.953349890667184 -2.6689481227617997)
2024,CORTE SELETIVO,C60L63,POINT (-58.77054842760867 -2.5959506487717103)
2024,CORTE SELETIVO,C60L63,POINT (-58.940046846091626 -2.662949037311871)
2024,CORTE SELETIVO,C60L63,POINT (-58.96714560426807 -2.604850999764899)
2024,CORTE SELETIVO,C60L63,POINT (-58.944250457759665 -2.6719458388275434)
2024,CORTE SELETIVO,C60L63,POINT (-58.93434754389313 -2.6120480564916746)
2024,CORTE SELETIVO,C60L63,POINT (-58.770650203026364 -2.595647622048379)
2024,CORTE SELETIVO,C60L63,POINT (-58.8821483765313 -2.5200465439841357)
2024,CORTE SELETIVO,C60L63,POINT (-58.98375309796245 -2.685851332217093)
2024,CORTE SELETIVO,C60L63,POINT (-58.98375409968785 -2.6856486240803252)
2024,CORTE SELETIVO,C60L63,POINT (-58.98655308055061 -2.5929508491554447)
2024,CORTE SELETIVO,C60L63,POINT (-58.953350109775535 -2.6690492080805215)
2024,CORTE SELETIVO,C60L63,POINT (-58.96734556178142 -2.6851501307670396)
2024,CORTE SELETIVO,C60L63,POINT (-58.95744664717227 -2.671154130397334)
2024,CORTE SELETIVO,C60L63,POINT (-58.96533676137964 -2.654572811416972)
2024,CORTE SELETIVO,C60L63,POINT (-58.93817639379653 -2.6096756113250246)
2024,CORTE SELETIVO,C60L63,POINT (-58.938448765804026 -2.609251671543918)
2024,CORTE SELETIVO,C60L63,POINT (-58.939250391114705 -2.6074461070240655)
2024,CORTE SELETIVO,C60L63,POINT (-58.939453147596396 -2.6073299626028033)
2024,CORTE SELETIVO,C60L63,POINT (-58.939551188623 -2.60694684374938)
2024,CORTE SELETIVO,C60L63,POINT (-58.94164723360955 -2.6018544853494685)
2024,CORTE SELETIVO,C60L63,POINT (-58.953851040966036 -2.5986517915415486)
2024,CORTE SELETIVO,C60L63,POINT (-58.96235281854017 -2.597747561371223)
2024,CORTE SELETIVO,C60L63,POINT (-58.963048302010726 -2.5965495365486637)
2024,CORTE SELETIVO,C60L63,POINT (-58.944265065965496 -2.594146707826091)
2024,CORTE SELETIVO,C60L63,POINT (-58.96254971856293 -2.5757499770654215)
2024,CORTE SELETIVO,C60L63,POINT (-58.77615073916723 -2.704710230531813)
2024,CORTE SELETIVO,C60L63,POINT (-58.76984851243104 -2.6852506646104053)
2024,CORTE SELETIVO,C60L63,POINT (-58.7698536109664 -2.685050024867657)
2024,CORTE SELETIVO,C60L63,POINT (-58.76955299794778 -2.684953359670595)
2024,CORTE SELETIVO,C60L63,POINT (-58.934247136660446 -2.6539483558742205)
2024,CORTE SELETIVO,C60L63,POINT (-58.9268549982504 -2.636549028454973)
2024,CORTE SELETIVO,C60L63,POINT (-58.92514691838156 -2.5996489212779887)
2024,CORTE SELETIVO,C60L63,POINT (-58.79960441557221 -2.598050116720834)
2024,CORTE SELETIVO,C60L63,POINT (-58.85944836700558 -2.5940872087230025)
2024,CORTE SELETIVO,C60L63,POINT (-58.82335145193903 -2.585046388534285)
2024,CORTE SELETIVO,C60L63,POINT (-58.786448841880706 -2.583847626255787)
2024,CORTE SELETIVO,C60L63,POINT (-58.81724632291886 -2.5370899701466034)
2024,CORTE SELETIVO,C60L63,POINT (-58.93314894253386 -2.5000531670815493)
2024,CORTE SELETIVO,C60L63,POINT (-58.939246515285106 -2.6076490408005055)
2024,CORTE SELETIVO,C60L63,POINT (-58.834049059145386 -2.514847859442675)
2024,CORTE SELETIVO,C60L63,POINT (-58.77085193927686 -2.690650704555074)
2024,CORTE SELETIVO,C60L63,POINT (-58.96284989091839 -2.6872511150824745)
2024,CORTE SELETIVO,C60L63,POINT (-58.9700506688981 -2.6723484137253095)
2024,CORTE SELETIVO,C60L63,POINT (-58.957450852200346 -2.671252212312606)
2024,CORTE SELETIVO,C60L63,POINT (-58.97655506824928 -2.6570533875533418)
2024,CORTE SELETIVO,C60L63,POINT (-58.96545064412094 -2.654854609441854)
2024,CORTE SELETIVO,C60L63,POINT (-58.96525441021203 -2.6547497955281227)
2024,CORTE SELETIVO,C60L63,POINT (-58.96554795726546 -2.6546136246900054)
2024,CORTE SELETIVO,C60L63,POINT (-58.965345948312184 -2.6544507898896876)
2024,CORTE SELETIVO,C60L63,POINT (-58.965152659682076 -2.6543502307367812)
2024,CORTE SELETIVO,C60L63,POINT (-58.96775411333063 -2.61389205623868)
2024,CORTE SELETIVO,C60L63,POINT (-58.95554721710173 -2.6100453835815363)
2024,CORTE SELETIVO,C60L63,POINT (-58.96454758982674 -2.604153213125521)
2024,CORTE SELETIVO,C60L63,POINT (-58.96242758835225 -2.5968490625913283)
2024,CORTE SELETIVO,C60L63,POINT (-58.97414869489083 -2.592453091833585)
2024,CORTE SELETIVO,C60L63,POINT (-58.99015071549076 -2.5252470408002976)
2024,CORTE SELETIVO,C60L63,POINT (-58.990254953199724 -2.525151208569354)
2024,CORTE SELETIVO,C60L63,POINT (-58.9902467333974 -2.5249157822376693)
2024,CORTE SELETIVO,C60L63,POINT (-58.952454030999704 -2.668148793779192)
2024,CORTE SELETIVO,C60L63,POINT (-58.94254754604566 -2.665654076222727)
2024,CORTE SELETIVO,C60L63,POINT (-58.95545075636011 -2.6653487049902087)
2024,CORTE SELETIVO,C60L63,POINT (-58.9536489656991 -2.6171459772093173)
2024,CORTE SELETIVO,C60L63,POINT (-58.9550469338763 -2.6094486183330505)
2024,CORTE SELETIVO,C60L63,POINT (-58.955146531400516 -2.609346922460485)
2024,CORTE SELETIVO,C60L63,POINT (-58.953694759741815 -2.5987457069034647)
2024,CORTE SELETIVO,C60L63,POINT (-58.95355124867978 -2.5986505279301846)
2024,CORTE SELETIVO,C60L63,POINT (-58.95374632323729 -2.598548015467416)
2024,CORTE SELETIVO,C60L63,POINT (-58.949645636484235 -2.598349032567935)
2024,CORTE SELETIVO,C60L63,POINT (-58.944648156658886 -2.597154165319696)
2024,CORTE SELETIVO,C60L63,POINT (-58.95385282136034 -2.5927480142548274)
2024,CORTE SELETIVO,C60L63,POINT (-58.95368631953593 -2.5926528752922935)
2024,CORTE SELETIVO,C60L63,POINT (-58.943451474847976 -2.5909423034367527)
2024,CORTE SELETIVO,C60L63,POINT (-58.94192031229666 -2.588358940296457)
2024,CORTE SELETIVO,C60L63,POINT (-58.94805326122437 -2.5862495745426357)
2024,CORTE SELETIVO,C60L63,POINT (-58.935947358185956 -2.6552539980892735)
2024,CORTE SELETIVO,C60L63,POINT (-58.94081428430506 -2.6031542728707215)
2024,CORTE SELETIVO,C60L63,POINT (-58.92525466620426 -2.5998457285952776)
2024,CORTE SELETIVO,C60L63,POINT (-58.941853127740956 -2.588552512420437)
2024,CORTE SELETIVO,C60L63,POINT (-58.82354584171326 -2.58505430797838)
2024,CORTE SELETIVO,C60L63,POINT (-58.78485377934596 -2.5835466683931125)
2024,CORTE SELETIVO,C60L63,POINT (-58.79004899797817 -2.579847066455831)
2024,CORTE SELETIVO,C60L63,POINT (-58.81954989110028 -2.5690495950234724)
2024,CORTE SELETIVO,C60L63,POINT (-58.84855359984934 -2.5668451260491327)
2024,CORTE SELETIVO,C60L63,POINT (-58.767445118864536 -2.5650456120627196)
2024,CORTE SELETIVO,C60L63,POINT (-58.76745303020069 -2.5648477728979713)
2024,CORTE SELETIVO,C60L63,POINT (-58.827045159181075 -2.5611501068418034)
2024,CORTE SELETIVO,C60L63,POINT (-58.84144990525909 -2.5433488839418796)
2024,CORTE SELETIVO,C60L63,POINT (-58.8239494870576 -2.5273527928464987)
2024,CORTE SELETIVO,C60L63,POINT (-58.86484806167243 -2.505118460860004)
2024,CORTE SELETIVO,C60L63,POINT (-58.91365382891741 -2.747747869634219)
2024,CORTE SELETIVO,C60L63,POINT (-58.8340523464403 -2.5146472517642406)
2024,CORTE SELETIVO,C60L63,POINT (-58.82124829640365 -2.5432503006637948)
2024,CORTE SELETIVO,C60L63,POINT (-58.96295411094455 -2.687246879090941)
2024,CORTE SELETIVO,C60L63,POINT (-58.92485417794544 -2.6627540257413314)
2024,CORTE SELETIVO,C60L63,POINT (-58.9366503337852 -2.658652744913878)
2024,CORTE SELETIVO,C60L63,POINT (-58.92484799079248 -2.5945496848645546)
2024,CORTE SELETIVO,C60L63,POINT (-58.989652481329145 -2.525446448732964)
2024,CORTE SELETIVO,C60L63,POINT (-58.86665201784961 -2.5313510292077557)
2024,CORTE SELETIVO,C60L63,POINT (-58.989752080517604 -2.525250271261872)
2024,CORTE SELETIVO,C60L63,POINT (-58.95524928245104 -2.6099453719859653)
2024,CORTE SELETIVO,C60L63,POINT (-58.95255196539677 -2.589653842474719)
2024,CORTE SELETIVO,C60L63,POINT (-58.81924685070702 -2.5053455785428405)
2024,CORTE SELETIVO,C60L63,POINT (-58.94015297751051 -2.6630476196446864)
2024,CORTE SELETIVO,C60L63,POINT (-58.9522503432025 -2.668750837493583)
2024,CORTE SELETIVO,C60L63,POINT (-58.7719543064639 -2.5958526364453167)
2024,CORTE SELETIVO,C60L63,POINT (-58.94405281426102 -2.59415138045346)
2024,CORTE SELETIVO,C60L63,POINT (-58.97135499298415 -2.6816790137554385)
2024,CORTE SELETIVO,C60L63,POINT (-58.952253483117545 -2.676452805982564)
2024,CORTE SELETIVO,C60L63,POINT (-58.970849767643685 -2.6644483286501086)
2024,CORTE SELETIVO,C60L63,POINT (-58.964940779364454 -2.6573088050160507)
2024,CORTE SELETIVO,C60L63,POINT (-58.97625304688546 -2.657045278141982)
2024,CORTE SELETIVO,C60L63,POINT (-58.97431267087058 -2.6497454408881875)
2024,CORTE SELETIVO,C60L63,POINT (-58.95864700362022 -2.6083476362596727)
2024,CORTE SELETIVO,C60L63,POINT (-58.94084890865472 -2.603247550901762)
2024,CORTE SELETIVO,C60L63,POINT (-58.972247568822816 -2.6030498351219866)
2024,CORTE SELETIVO,C60L63,POINT (-58.97137643052705 -2.6005829934852533)
2024,CORTE SELETIVO,C60L63,POINT (-58.962454656481036 -2.597346363199046)
2024,CORTE SELETIVO,C60L63,POINT (-58.962143089544405 -2.597005612963442)
2024,CORTE SELETIVO,C60L63,POINT (-58.96224698056705 -2.5968507502814835)
2024,CORTE SELETIVO,C60L63,POINT (-58.967450687831544 -2.5932478606633507)
2024,CORTE SELETIVO,C60L63,POINT (-58.94814507586977 -2.5877499957320453)
2024,CORTE SELETIVO,C60L63,POINT (-58.96264481665067 -2.5782362757705153)
2024,CORTE SELETIVO,C60L63,POINT (-58.96335219125172 -2.5766496190298285)
2024,CORTE SELETIVO,C60L63,POINT (-58.996653215286905 -2.5170487002581807)
2024,CORTE SELETIVO,C60L63,POINT (-58.99665349467099 -2.516752424877486)
2024,CORTE SELETIVO,C60L63,POINT (-58.88545284391522 -2.6907530934397887)
2024,CORTE SELETIVO,C60L63,POINT (-58.77145126625913 -2.6899983146012048)
2024,CORTE SELETIVO,C60L63,POINT (-58.77115034582441 -2.6886464638894556)
2024,CORTE SELETIVO,C60L63,POINT (-58.90194931079981 -2.6580484303566587)
2024,CORTE SELETIVO,C60L63,POINT (-58.93584796522516 -2.6551565878264847)
2024,CORTE SELETIVO,C60L63,POINT (-58.93454720026219 -2.611551345808304)
2024,CORTE SELETIVO,C60L63,POINT (-58.934452742880126 -2.61134957190335)
2024,CORTE SELETIVO,C60L63,POINT (-58.9225545054739 -2.597146790700878)
2024,CORTE SELETIVO,C60L63,POINT (-58.78644730874633 -2.583747107376328)
2024,CORTE SELETIVO,C60L63,POINT (-58.7849518613718 -2.5833429461279276)
2024,CORTE SELETIVO,C60L63,POINT (-58.81664557879149 -2.5712481741824385)
2024,CORTE SELETIVO,C60L63,POINT (-58.76754853311854 -2.5650485476507865)
2024,CORTE SELETIVO,C60L63,POINT (-58.81805077230116 -2.544446255242006)
2024,CORTE SELETIVO,C60L63,POINT (-58.80094929966775 -2.5317953534388025)
2024,CORTE SELETIVO,C60L63,POINT (-58.875649068151255 -2.527945607580285)
2024,CORTE SELETIVO,C60L63,POINT (-58.7557509387119 -2.522447206204054)
2024,CORTE SELETIVO,C60L63,POINT (-58.84025372277073 -2.5158465761665814)
2024,CORTE SELETIVO,C60L63,POINT (-58.84485274311691 -2.508947907703258)
2024,CORTE SELETIVO,C60L63,POINT (-58.98294717369321 -2.5895546886272367)
2024,CORTE SELETIVO,C60L63,POINT (-58.92384610584174 -2.6072543285903547)
2024,CORTE SELETIVO,C60L63,POINT (-58.97845164211337 -2.605451505702959)
2024,CORTE SELETIVO,C60L63,POINT (-58.95415320903915 -2.6022541485375643)
2024,CORTE SELETIVO,C60L63,POINT (-58.96875074263186 -2.595154234973848)
2024,CORTE SELETIVO,C60L63,POINT (-58.81214831903808 -2.5438546291525754)
2024,CORTE SELETIVO,C60L63,POINT (-58.94794639784512 -2.6674520494906804)
2024,CORTE SELETIVO,C60L63,POINT (-58.98154938810039 -2.5998533877665486)
2024,CORTE SELETIVO,C60L63,POINT (-58.963151385624634 -2.5826464373561397)
2024,CORTE SELETIVO,C60L63,POINT (-58.7896477140141 -2.526851729214793)
2024,CORTE SELETIVO,C60L63,POINT (-58.94395470326946 -2.5941488074292005)
2024,CORTE SELETIVO,C60L63,POINT (-58.840050070572474 -2.55084632050193)
2024,CORTE SELETIVO,C60L63,POINT (-58.91335121119832 -2.7481479198151404)
2024,CORTE SELETIVO,C60L63,POINT (-58.91375507829769 -2.7455456599536787)
2024,CORTE SELETIVO,C60L63,POINT (-58.89405256978375 -2.6492545285208045)
2024,CORTE SELETIVO,C60L63,POINT (-58.89364718413604 -2.6490479065827017)
2024,CORTE SELETIVO,C60L63,POINT (-58.89184620797287 -2.6451490525353445)
2024,CORTE SELETIVO,C60L63,POINT (-58.97374723808689 -2.6068472464436514)
2024,CORTE SELETIVO,C60L63,POINT (-58.7874465486733 -2.5859473670227624)
2024,CORTE SELETIVO,C60L63,POINT (-58.89545138621678 -2.581449957321593)
2024,CORTE SELETIVO,C60L63,POINT (-58.95544593770981 -2.6800480338972745)
2024,CORTE SELETIVO,C60L63,POINT (-58.979848189451246 -2.5905525444687147)
2024,CORTE SELETIVO,C60L63,POINT (-58.86395458738952 -2.5352532507319943)
2024,CORTE SELETIVO,C60L63,POINT (-58.97544515092911 -2.710047890864511)
2024,CORTE SELETIVO,C60L63,POINT (-58.93194525953907 -2.6090453002261476)
2024,CORTE SELETIVO,C60L63,POINT (-58.96934877197954 -2.5721529210022065)
2024,CORTE SELETIVO,C60L63,POINT (-58.989747375417245 -2.525551229319837)
2024,CORTE SELETIVO,C60L63,POINT (-58.869851809935156 -2.5134526980694623)
2024,CORTE SELETIVO,C60L63,POINT (-58.869848811041166 -2.513245299950588)
2024,CORTE SELETIVO,C60L63,POINT (-58.97255260005319 -2.5085469259158137)
2024,CORTE SELETIVO,C60L63,POINT (-58.82404923188044 -2.566849332349175)
2024,CORTE SELETIVO,C60L63,POINT (-58.96555177924446 -2.728713612180674)
2024,CORTE SELETIVO,C60L63,POINT (-58.96033731577134 -2.661444161894917)
2024,CORTE SELETIVO,C60L63,POINT (-58.959544939827026 -2.6606482884571787)
2024,CORTE SELETIVO,C60L63,POINT (-58.95984906024518 -2.6605451345489968)
2024,CORTE SELETIVO,C60L63,POINT (-58.95804501040211 -2.6599273689887903)
2024,CORTE SELETIVO,C60L63,POINT (-58.969030486131054 -2.6530536403640026)
2024,CORTE SELETIVO,C60L63,POINT (-58.972153772975624 -2.6132494010030496)
2024,CORTE SELETIVO,C60L63,POINT (-58.97204928339968 -2.6130477963988277)
2024,CORTE SELETIVO,C60L63,POINT (-58.973147215323245 -2.60862022965883)
2024,CORTE SELETIVO,C60L63,POINT (-58.964648446107425 -2.604149230170836)
2024,CORTE SELETIVO,C60L63,POINT (-58.9755648940693 -2.60262938898621)
2024,CORTE SELETIVO,C60L63,POINT (-58.96215042166111 -2.600225002507916)
2024,CORTE SELETIVO,C60L63,POINT (-58.98345423813354 -2.5999453110464894)
2024,CORTE SELETIVO,C60L63,POINT (-58.9588051107464 -2.594147463875725)
2024,CORTE SELETIVO,C60L63,POINT (-58.96744684822138 -2.593151808242488)
2024,CORTE SELETIVO,C60L63,POINT (-58.974152622401846 -2.5925453226163095)
2024,CORTE SELETIVO,C60L63,POINT (-58.97445368820932 -2.5924524777381186)
2024,CORTE SELETIVO,C60L63,POINT (-58.95855266428251 -2.5840477039355907)
2024,CORTE SELETIVO,C60L63,POINT (-58.9584507576895 -2.5839481702576292)
2024,CORTE SELETIVO,C60L63,POINT (-58.97204946695157 -2.5812987354727612)
2024,CORTE SELETIVO,C60L63,POINT (-58.962350616210706 -2.577749348420127)
2024,CORTE SELETIVO,C60L63,POINT (-58.962547450976224 -2.575150009806275)
2024,CORTE SELETIVO,C60L63,POINT (-58.96915498797347 -2.5707473996244876)
2024,CORTE SELETIVO,C60L63,POINT (-58.96935071756939 -2.5705477665227563)
2024,CORTE SELETIVO,C60L63,POINT (-58.96945340174425 -2.570249457279989)
2024,CORTE SELETIVO,C60L63,POINT (-58.99024860829836 -2.525050437820193)
2024,CORTE SELETIVO,C60L63,POINT (-58.94655423003854 -2.6789472843096003)
2024,CORTE SELETIVO,C60L63,POINT (-58.954546848180776 -2.6783955599446374)
2024,CORTE SELETIVO,C60L63,POINT (-58.957251450137804 -2.6743530387911063)
2024,CORTE SELETIVO,C60L63,POINT (-58.9573032713803 -2.671145619636214)
2024,CORTE SELETIVO,C60L63,POINT (-58.95264825845949 -2.6681574018948493)
2024,CORTE SELETIVO,C60L63,POINT (-58.952400677201915 -2.6680502377771043)
2024,CORTE SELETIVO,C60L63,POINT (-58.955451543444624 -2.6649691956231876)
2024,CORTE SELETIVO,C60L63,POINT (-58.93847191037636 -2.664247092078963)
2024,CORTE SELETIVO,C60L63,POINT (-58.939352077015926 -2.66100904117542)
2024,CORTE SELETIVO,C60L63,POINT (-58.93914637590302 -2.6607477192867353)
2024,CORTE SELETIVO,C60L63,POINT (-58.95344856679087 -2.6170895300147143)
2024,CORTE SELETIVO,C60L63,POINT (-58.93935299921833 -2.607580733659807)
2024,CORTE SELETIVO,C60L63,POINT (-58.95135111852988 -2.6057854911201144)
2024,CORTE SELETIVO,C60L63,POINT (-58.94155503072281 -2.6018474685344755)
2024,CORTE SELETIVO,C60L63,POINT (-58.94164573355208 -2.601753137239607)
2024,CORTE SELETIVO,C60L63,POINT (-58.941554803528575 -2.60159518468137)
2024,CORTE SELETIVO,C60L63,POINT (-58.941654566081276 -2.6013506932683303)
2024,CORTE SELETIVO,C60L63,POINT (-58.94977690384964 -2.598347803650867)
2024,CORTE SELETIVO,C60L63,POINT (-58.95395432894805 -2.5928459986651666)
2024,CORTE SELETIVO,C60L63,POINT (-58.95364670841642 -2.5927509096190713)
2024,CORTE SELETIVO,C60L63,POINT (-58.94354604776678 -2.590954750958807)
2024,CORTE SELETIVO,C60L63,POINT (-58.94595149327186 -2.5837536321010877)
2024,CORTE SELETIVO,C60L63,POINT (-58.94555471587667 -2.5834481191441814)
2024,CORTE SELETIVO,C60L63,POINT (-58.93639609642677 -2.5015498224953636)
2024,CORTE SELETIVO,C60L63,POINT (-58.936952031550305 -2.5007442719781756)
2024,CORTE SELETIVO,C60L63,POINT (-58.93684862888055 -2.5005454100890834)
2024,CORTE SELETIVO,C60L63,POINT (-58.912749202722615 -2.7485547960040213)
2024,CORTE SELETIVO,C60L63,POINT (-58.91135276163862 -2.747464645563806)
2024,CORTE SELETIVO,C60L63,POINT (-58.91125421372054 -2.747247928776457)
2024,CORTE SELETIVO,C60L63,POINT (-58.913744995254774 -2.745454355880927)
2024,CORTE SELETIVO,C60L63,POINT (-58.91455148436532 -2.7442461726617715)
2024,CORTE SELETIVO,C60L63,POINT (-58.902452678647435 -2.6578504336017015)
2024,CORTE SELETIVO,C60L63,POINT (-58.90245090980541 -2.657645367335213)
2024,CORTE SELETIVO,C60L63,POINT (-58.935848325928056 -2.6550107340854248)
2024,CORTE SELETIVO,C60L63,POINT (-58.935654718303304 -2.6547828826716438)
2024,CORTE SELETIVO,C60L63,POINT (-58.93524949508036 -2.6129535399794217)
2024,CORTE SELETIVO,C60L63,POINT (-58.92224731626781 -2.5973526446468704)
2024,CORTE SELETIVO,C60L63,POINT (-58.922546482302955 -2.5972475844288114)
2024,CORTE SELETIVO,C60L63,POINT (-58.92255199752344 -2.5970525246403042)
2024,CORTE SELETIVO,C60L63,POINT (-58.92484808757453 -2.5946505668287023)
2024,CORTE SELETIVO,C60L63,POINT (-58.92484506866437 -2.594354640182779)
2024,CORTE SELETIVO,C60L63,POINT (-58.91964296406815 -2.5924465710326827)
2024,CORTE SELETIVO,C60L63,POINT (-58.87455121273011 -2.589653416481602)
2024,CORTE SELETIVO,C60L63,POINT (-58.86605339108228 -2.5389529860660742)
2024,CORTE SELETIVO,C60L63,POINT (-58.88464885731838 -2.5299440414892063)
2024,CORTE SELETIVO,C60L63,POINT (-58.875510166579375 -2.527722623833334)
2024,CORTE SELETIVO,C60L63,POINT (-58.87484896925106 -2.5220536346930658)
2024,CORTE SELETIVO,C60L63,POINT (-58.87470095458901 -2.5216524154589885)
2024,CORTE SELETIVO,C60L63,POINT (-58.86615497901391 -2.506952818250984)
2024,CORTE SELETIVO,C60L63,POINT (-58.93443956322365 -2.5053487908654226)
2024,CORTE SELETIVO,C60L63,POINT (-58.86503512015814 -2.5050766488050624)
2024,CORTE SELETIVO,C60L63,POINT (-58.86469975687279 -2.5050535164828496)
2024,CORTE SELETIVO,C60L63,POINT (-58.85634541498691 -2.706946331521895)
2024,CORTE SELETIVO,C60L63,POINT (-58.77104695686622 -2.688552622660178)
2024,CORTE SELETIVO,C60L63,POINT (-58.80805460220305 -2.594152956638975)
2024,CORTE SELETIVO,C60L63,POINT (-58.807951974850745 -2.5940485322257594)
2024,CORTE SELETIVO,C60L63,POINT (-58.80805301456309 -2.5938466866063803)
2024,CORTE SELETIVO,C60L63,POINT (-58.80815302753692 -2.593752981089177)
2024,CORTE SELETIVO,C60L63,POINT (-58.82338875442254 -2.5854501647013026)
2024,CORTE SELETIVO,C60L63,POINT (-58.820054092617134 -2.5843477998764985)
2024,CORTE SELETIVO,C60L63,POINT (-58.78634748281971 -2.5837541989067754)
2024,CORTE SELETIVO,C60L63,POINT (-58.840645413851405 -2.5663485519058713)
2024,CORTE SELETIVO,C60L63,POINT (-58.82694649033636 -2.5610511477041267)
2024,CORTE SELETIVO,C60L63,POINT (-58.8043548378244 -2.5477494120855146)
2024,CORTE SELETIVO,C60L63,POINT (-58.817945267616956 -2.5445527379898474)
2024,CORTE SELETIVO,C60L63,POINT (-58.8180549666529 -2.544288793538584)
2024,CORTE SELETIVO,C60L63,POINT (-58.81794525637269 -2.544051529927405)
2024,CORTE SELETIVO,C60L63,POINT (-58.81625066338906 -2.5414524441783484)
2024,CORTE SELETIVO,C60L63,POINT (-58.812453315658026 -2.5406470768425464)
2024,CORTE SELETIVO,C60L63,POINT (-58.86405143659529 -2.5348534373506997)
2024,CORTE SELETIVO,C60L63,POINT (-58.805848003839415 -2.5325541364377506)
2024,CORTE SELETIVO,C60L63,POINT (-58.840152154358776 -2.531553477295858)
2024,CORTE SELETIVO,C60L63,POINT (-58.86024845525894 -2.5262483601645447)
2024,CORTE SELETIVO,C60L63,POINT (-58.756246552344045 -2.524550946218248)
2024,CORTE SELETIVO,C60L63,POINT (-58.784453543891566 -2.5097536167246792)
2024,CORTE SELETIVO,C60L63,POINT (-58.86374521373059 -2.504454684661973)
2024,CORTE SELETIVO,C60L63,POINT (-58.813945972043065 -2.5014455380972453)
2024,CORTE SELETIVO,C60L63,POINT (-58.8716544572828 -2.533051501180933)
2024,CORTE SELETIVO,C60L63,POINT (-58.96344531799746 -2.6869540396076106)
2024,CORTE SELETIVO,C60L63,POINT (-58.952148918394926 -2.6686545731328923)
2024,CORTE SELETIVO,C60L63,POINT (-58.95204546699879 -2.668247033145276)
2024,CORTE SELETIVO,C60L63,POINT (-58.97924558437044 -2.659854711892313)
2024,CORTE SELETIVO,C60L63,POINT (-58.97945406678493 -2.607552785449789)
2024,CORTE SELETIVO,C60L63,POINT (-58.9736508139186 -2.606649763863049)
2024,CORTE SELETIVO,C60L63,POINT (-58.955548959531235 -2.6035512260231495)
2024,CORTE SELETIVO,C60L63,POINT (-58.96114502430418 -2.5960547540374677)
2024,CORTE SELETIVO,C60L63,POINT (-58.96864929361732 -2.5953521089955998)
2024,CORTE SELETIVO,C60L63,POINT (-58.957745051180254 -2.5907470201817158)
2024,CORTE SELETIVO,C60L63,POINT (-58.975551025806254 -2.5889495857810356)
2024,CORTE SELETIVO,C60L63,POINT (-58.97594982183905 -2.588750650431577)
2024,CORTE SELETIVO,C60L63,POINT (-58.972745252096246 -2.5087503793970543)
2024,CORTE SELETIVO,C60L63,POINT (-58.94937769941587 -2.683551211978002)
2024,CORTE SELETIVO,C60L63,POINT (-58.93765494505201 -2.6599522459464575)
2024,CORTE SELETIVO,C60L63,POINT (-58.89374857414612 -2.649354258149148)
2024,CORTE SELETIVO,C60L63,POINT (-58.88775259304383 -2.6408542088154556)
2024,CORTE SELETIVO,C60L63,POINT (-58.886845906528485 -2.633354512517701)
2024,CORTE SELETIVO,C60L63,POINT (-58.8502449641051 -2.600847965252909)
2024,CORTE SELETIVO,C60L63,POINT (-58.807151665518575 -2.5951501177075595)
2024,CORTE SELETIVO,C60L63,POINT (-58.80735345023843 -2.5949504120952382)
2024,CORTE SELETIVO,C60L63,POINT (-58.8099507732958 -2.592451470621189)
2024,CORTE SELETIVO,C60L63,POINT (-58.944148490206615 -2.5920518008886737)
2024,CORTE SELETIVO,C60L63,POINT (-58.91644746626075 -2.5908540828284776)
2024,CORTE SELETIVO,C60L63,POINT (-58.911752204280255 -2.5882502257355204)
2024,CORTE SELETIVO,C60L63,POINT (-58.944151302753006 -2.586749475779256)
2024,CORTE SELETIVO,C60L63,POINT (-58.95325132839751 -2.6688531589279694)
2024,CORTE SELETIVO,C60L63,POINT (-58.85025245606907 -2.5515510211004373)
2024,CORTE SELETIVO,C60L63,POINT (-58.94314837392005 -2.591249677705459)
2024,CORTE SELETIVO,C60L63,POINT (-58.94425192425115 -2.5864546037295177)
2024,CORTE SELETIVO,C60L63,POINT (-58.82324500459567 -2.5855461939032134)
2024,CORTE SELETIVO,C60L63,POINT (-58.94414771752985 -2.5942548131212417)
2024,CORTE SELETIVO,C60L63,POINT (-58.855746288798144 -2.5349516163928105)
2024,CORTE SELETIVO,C60L63,POINT (-58.967247470491436 -2.6851489717475148)
2024,CORTE SELETIVO,C60L63,POINT (-58.9673461353241 -2.6850515774368566)
2024,CORTE SELETIVO,C60L63,POINT (-58.97334535145092 -2.6668521981679327)
2024,CORTE SELETIVO,C60L63,POINT (-58.97104752738987 -2.6644492944660225)
2024,CORTE SELETIVO,C60L63,POINT (-58.96954742325155 -2.6641492029016014)
2024,CORTE SELETIVO,C60L63,POINT (-58.979350668447275 -2.659646687783123)
2024,CORTE SELETIVO,C60L63,POINT (-58.97953075581355 -2.659544537484121)
2024,CORTE SELETIVO,C60L63,POINT (-58.969049182175546 -2.653273561078555)
2024,CORTE SELETIVO,C60L63,POINT (-58.96915247228984 -2.6531490863385034)
2024,CORTE SELETIVO,C60L63,POINT (-58.96894735345724 -2.6531457669412903)
2024,CORTE SELETIVO,C60L63,POINT (-58.96884827973446 -2.653045726749021)
2024,CORTE SELETIVO,C60L63,POINT (-58.974349511563105 -2.649654073051532)
2024,CORTE SELETIVO,C60L63,POINT (-58.968449335627 -2.6473489714332366)
2024,CORTE SELETIVO,C60L63,POINT (-58.96924894597365 -2.6443489009256407)
2024,CORTE SELETIVO,C60L63,POINT (-58.97214602140465 -2.6131415808322016)
2024,CORTE SELETIVO,C60L63,POINT (-58.971948111947256 -2.61305018894695)
2024,CORTE SELETIVO,C60L63,POINT (-58.979853129551955 -2.608951689414183)
2024,CORTE SELETIVO,C60L63,POINT (-58.97284537670768 -2.605347592532924)
2024,CORTE SELETIVO,C60L63,POINT (-58.97264945140463 -2.6051479161662634)
2024,CORTE SELETIVO,C60L63,POINT (-58.9722448780469 -2.6029503744750095)
2024,CORTE SELETIVO,C60L63,POINT (-58.98555013504276 -2.6010500781977193)
2024,CORTE SELETIVO,C60L63,POINT (-58.971445889471426 -2.6007497460050066)
2024,CORTE SELETIVO,C60L63,POINT (-58.97155257874594 -2.6005662959582336)
2024,CORTE SELETIVO,C60L63,POINT (-58.971428259842405 -2.600448412113761)
2024,CORTE SELETIVO,C60L63,POINT (-58.98075478195673 -2.6004491265022205)
2024,CORTE SELETIVO,C60L63,POINT (-58.98336454285662 -2.6002252395347947)
2024,CORTE SELETIVO,C60L63,POINT (-58.983346384123855 -2.5999129398830676)
2024,CORTE SELETIVO,C60L63,POINT (-58.9673468653373 -2.5931493283744715)
2024,CORTE SELETIVO,C60L63,POINT (-58.98245206039681 -2.591148328887788)
2024,CORTE SELETIVO,C60L63,POINT (-58.97795394887952 -2.591047829345407)
2024,CORTE SELETIVO,C60L63,POINT (-58.981552747240244 -2.590249996626743)
2024,CORTE SELETIVO,C60L63,POINT (-58.98015169397479 -2.5900407579787874)
2024,CORTE SELETIVO,C60L63,POINT (-58.99534865669637 -2.5191475692848737)
2024,CORTE SELETIVO,C60L63,POINT (-58.99675056486998 -2.5166507967452993)
2024,CORTE SELETIVO,C60L63,POINT (-58.96465241540005 -2.6822479138147237)
2024,CORTE SELETIVO,C60L63,POINT (-58.954554115348806 -2.6792389722811683)
2024,CORTE SELETIVO,C60L63,POINT (-58.94674723183162 -2.6787491588919794)
2024,CORTE SELETIVO,C60L63,POINT (-58.95454319268498 -2.6781449015556826)
2024,CORTE SELETIVO,C60L63,POINT (-58.95724625481783 -2.674477658384351)
2024,CORTE SELETIVO,C60L63,POINT (-58.959147615701276 -2.6736500372934753)
2024,CORTE SELETIVO,C60L63,POINT (-58.94714551227743 -2.6716522067877175)
2024,CORTE SELETIVO,C60L63,POINT (-58.95765419402591 -2.6711506895874098)
2024,CORTE SELETIVO,C60L63,POINT (-58.95154577611217 -2.6683504037389354)
2024,CORTE SELETIVO,C60L63,POINT (-58.95144961784899 -2.667849802877266)
2024,CORTE SELETIVO,C60L63,POINT (-58.95124572927724 -2.6676716502052704)
2024,CORTE SELETIVO,C60L63,POINT (-58.94664699690056 -2.665449084254773)
2024,CORTE SELETIVO,C60L63,POINT (-58.95552133358705 -2.6651511240722825)
2024,CORTE SELETIVO,C60L63,POINT (-58.96705038744551 -2.651649200592434)
2024,CORTE SELETIVO,C60L63,POINT (-58.95445111573442 -2.614452138277981)
2024,CORTE SELETIVO,C60L63,POINT (-58.9554200921451 -2.609848256277608)
2024,CORTE SELETIVO,C60L63,POINT (-58.95503489848552 -2.6095482371956344)
2024,CORTE SELETIVO,C60L63,POINT (-58.95820881187939 -2.608246150979072)
2024,CORTE SELETIVO,C60L63,POINT (-58.94984591236138 -2.5984525938877936)
2024,CORTE SELETIVO,C60L63,POINT (-58.96028563402069 -2.596952480711832)
2024,CORTE SELETIVO,C60L63,POINT (-58.95881530850446 -2.593853131120243)
2024,CORTE SELETIVO,C60L63,POINT (-58.953947934678965 -2.5929452829026474)
2024,CORTE SELETIVO,C60L63,POINT (-58.953655017205726 -2.592950655032042)
2024,CORTE SELETIVO,C60L63,POINT (-58.94834658998297 -2.5877465206705064)
2024,CORTE SELETIVO,C60L63,POINT (-58.953853555948854 -2.5865543285993837)
2024,CORTE SELETIVO,C60L63,POINT (-58.94744946717622 -2.5846463117935596)
2024,CORTE SELETIVO,C60L63,POINT (-58.959237885177856 -2.5814490985099603)
2024,CORTE SELETIVO,C60L63,POINT (-58.962349684317836 -2.5790179317014745)
2024,CORTE SELETIVO,C60L63,POINT (-58.9625436272672 -2.5781469724993364)
2024,CORTE SELETIVO,C60L63,POINT (-58.96264730604392 -2.577998919445805)
2024,CORTE SELETIVO,C60L63,POINT (-58.96354525911112 -2.5770512731318)
2024,CORTE SELETIVO,C60L63,POINT (-58.963247672487654 -2.576949001931467)
2024,CORTE SELETIVO,C60L63,POINT (-58.96325161005268 -2.57675185478385)
2024,CORTE SELETIVO,C60L63,POINT (-58.96336097485533 -2.576547358735159)
2024,CORTE SELETIVO,C60L63,POINT (-58.931253126967086 -2.7494504126248334)
2024,CORTE SELETIVO,C60L63,POINT (-58.93114895291305 -2.7493504193319733)
2024,CORTE SELETIVO,C60L63,POINT (-58.946535073324355 -2.6805544585575727)
2024,CORTE SELETIVO,C60L63,POINT (-58.944333715878784 -2.6704476764171132)
2024,CORTE SELETIVO,C60L63,POINT (-58.94225573933302 -2.665049903338501)
2024,CORTE SELETIVO,C60L63,POINT (-58.939448707324196 -2.6611545858564263)
2024,CORTE SELETIVO,C60L63,POINT (-58.93775194983763 -2.659851995868021)
2024,CORTE SELETIVO,C60L63,POINT (-58.93765436171915 -2.6596536478964325)
2024,CORTE SELETIVO,C60L63,POINT (-58.9365488192172 -2.6575482862419166)
2024,CORTE SELETIVO,C60L63,POINT (-58.93475500686257 -2.612753550444785)
2024,CORTE SELETIVO,C60L63,POINT (-58.93486225882321 -2.6123531697488485)
2024,CORTE SELETIVO,C60L63,POINT (-58.934550346621926 -2.612047614319337)
2024,CORTE SELETIVO,C60L63,POINT (-58.93815103901203 -2.609551593199857)
2024,CORTE SELETIVO,C60L63,POINT (-58.925852642691005 -2.608849086508172)
2024,CORTE SELETIVO,C60L63,POINT (-58.94055353449969 -2.6035499551875785)
2024,CORTE SELETIVO,C60L63,POINT (-58.94095025074484 -2.603149388178874)
2024,CORTE SELETIVO,C60L63,POINT (-58.94095303742586 -2.6028511462761954)
2024,CORTE SELETIVO,C60L63,POINT (-58.9407775352103 -2.6027506256568387)
2024,CORTE SELETIVO,C60L63,POINT (-58.94095320420968 -2.6025471113069902)
2024,CORTE SELETIVO,C60L63,POINT (-58.94174687666259 -2.6017475776535663)
2024,CORTE SELETIVO,C60L63,POINT (-58.94164574056166 -2.6016496350822047)
2024,CORTE SELETIVO,C60L63,POINT (-58.941542900084215 -2.6017468256530525)
2024,CORTE SELETIVO,C60L63,POINT (-58.941750794009764 -2.6014548498699614)
2024,CORTE SELETIVO,C60L63,POINT (-58.94465376203163 -2.597252249270158)
2024,CORTE SELETIVO,C60L63,POINT (-58.944749213360055 -2.597110405031305)
2024,CORTE SELETIVO,C60L63,POINT (-58.94485336280912 -2.5961234448073744)
2024,CORTE SELETIVO,C60L63,POINT (-58.924845510886705 -2.5947472564346863)
2024,CORTE SELETIVO,C60L63,POINT (-58.94444962422926 -2.594645608353506)
2024,CORTE SELETIVO,C60L63,POINT (-58.94465125776573 -2.594151449021764)
2024,CORTE SELETIVO,C60L63,POINT (-58.94415405431036 -2.5939579394833365)
2024,CORTE SELETIVO,C60L63,POINT (-58.94345067715577 -2.591247066259132)
2024,CORTE SELETIVO,C60L63,POINT (-58.94044783975621 -2.590345537713237)
2024,CORTE SELETIVO,C60L63,POINT (-58.94555188034915 -2.5833542228299504)
2024,CORTE SELETIVO,C60L63,POINT (-58.93414497836465 -2.505652149555532)
2024,CORTE SELETIVO,C60L63,POINT (-58.91125302020556 -2.747648963579485)
2024,CORTE SELETIVO,C60L63,POINT (-58.91135258328698 -2.747347956235319)
2024,CORTE SELETIVO,C60L63,POINT (-58.914646416923745 -2.7441519037384223)
2024,CORTE SELETIVO,C60L63,POINT (-58.85685483990422 -2.706846982993957)
2024,CORTE SELETIVO,C60L63,POINT (-58.8420230104733 -2.6334466444145317)
2024,CORTE SELETIVO,C60L63,POINT (-58.841891260325895 -2.633151366426582)
2024,CORTE SELETIVO,C60L63,POINT (-58.903054382415824 -2.609054514534462)
2024,CORTE SELETIVO,C60L63,POINT (-58.902950678487905 -2.6089535764976306)
2024,CORTE SELETIVO,C60L63,POINT (-58.83954768263915 -2.5994470620648205)
2024,CORTE SELETIVO,C60L63,POINT (-58.83935024023568 -2.599254422546149)
2024,CORTE SELETIVO,C60L63,POINT (-58.92214889387803 -2.597029120349844)
2024,CORTE SELETIVO,C60L63,POINT (-58.92474621375882 -2.5946534494188582)
2024,CORTE SELETIVO,C60L63,POINT (-58.9246490508445 -2.5933494889610413)
2024,CORTE SELETIVO,C60L63,POINT (-58.924448441079086 -2.5927511798121596)
2024,CORTE SELETIVO,C60L63,POINT (-58.92424572812187 -2.592653058654197)
2024,CORTE SELETIVO,C60L63,POINT (-58.923153358853405 -2.591354091278358)
2024,CORTE SELETIVO,C60L63,POINT (-58.91098047528214 -2.57635236389098)
2024,CORTE SELETIVO,C60L63,POINT (-58.84264560000919 -2.5615499935074433)
2024,CORTE SELETIVO,C60L63,POINT (-58.88255278363583 -2.543547893130618)
2024,CORTE SELETIVO,C60L63,POINT (-58.882371519896715 -2.543354461779755)
2024,CORTE SELETIVO,C60L63,POINT (-58.84144704179174 -2.543047718088297)
2024,CORTE SELETIVO,C60L63,POINT (-58.831250785928724 -2.5409496737569954)
2024,CORTE SELETIVO,C60L63,POINT (-58.826252459891954 -2.537551457748777)
2024,CORTE SELETIVO,C60L63,POINT (-58.826348037734476 -2.537451094756381)
2024,CORTE SELETIVO,C60L63,POINT (-58.86724784767476 -2.53064738837971)
2024,CORTE SELETIVO,C60L63,POINT (-58.884654928734456 -2.5300480754738977)
2024,CORTE SELETIVO,C60L63,POINT (-58.8606549729906 -2.529150895619998)
2024,CORTE SELETIVO,C60L63,POINT (-58.82854812949023 -2.5206451385600332)
2024,CORTE SELETIVO,C60L63,POINT (-58.834247206413295 -2.5147461004422302)
2024,CORTE SELETIVO,C60L63,POINT (-58.86544982425608 -2.5115472317149394)
2024,CORTE SELETIVO,C60L63,POINT (-58.86561204768534 -2.511448974875677)
2024,CORTE SELETIVO,C60L63,POINT (-58.86495483038317 -2.5052522609973717)
2024,CORTE SELETIVO,C60L63,POINT (-58.864547795462975 -2.5050530300498544)
2024,CORTE SELETIVO,C60L63,POINT (-58.86505167623712 -2.5044488656911534)
2024,CORTE SELETIVO,C60L63,POINT (-58.817652837976276 -2.7371509187441685)
2024,CORTE SELETIVO,C60L63,POINT (-58.77621946035593 -2.705049944789857)
2024,CORTE SELETIVO,C60L63,POINT (-58.77092422342339 -2.688104751229292)
2024,CORTE SELETIVO,C60L63,POINT (-58.752345435129556 -2.6707486509192675)
2024,CORTE SELETIVO,C60L63,POINT (-58.75255038594104 -2.6707499022686187)
2024,CORTE SELETIVO,C60L63,POINT (-58.753249634138974 -2.6272254162581135)
2024,CORTE SELETIVO,C60L63,POINT (-58.75334557403832 -2.627052710625086)
2024,CORTE SELETIVO,C60L63,POINT (-58.80625296466285 -2.595954387931062)
2024,CORTE SELETIVO,C60L63,POINT (-58.823153413506894 -2.5857516296413947)
2024,CORTE SELETIVO,C60L63,POINT (-58.822954769232155 -2.5856458945058494)
2024,CORTE SELETIVO,C60L63,POINT (-58.82335205693427 -2.585610647270178)
2024,CORTE SELETIVO,C60L63,POINT (-58.786352203166004 -2.5836467525137348)
2024,CORTE SELETIVO,C60L63,POINT (-58.81694851932985 -2.5834516969295205)
2024,CORTE SELETIVO,C60L63,POINT (-58.816853343622974 -2.583345531322009)
2024,CORTE SELETIVO,C60L63,POINT (-58.8245475402902 -2.5821485279633785)
2024,CORTE SELETIVO,C60L63,POINT (-58.7904518210983 -2.5807327179045894)
2024,CORTE SELETIVO,C60L63,POINT (-58.790149920815935 -2.579951895808118)
2024,CORTE SELETIVO,C60L63,POINT (-58.81965306610754 -2.5692514438466656)
2024,CORTE SELETIVO,C60L63,POINT (-58.82374737713661 -2.5687473368642806)
2024,CORTE SELETIVO,C60L63,POINT (-58.799151271713775 -2.5567539798929313)
2024,CORTE SELETIVO,C60L63,POINT (-58.799347701422974 -2.556829147069298)
2024,CORTE SELETIVO,C60L63,POINT (-58.79944563733885 -2.556087803902757)
2024,CORTE SELETIVO,C60L63,POINT (-58.81244666648827 -2.5535495147502547)
2024,CORTE SELETIVO,C60L63,POINT (-58.81395220823097 -2.552152747917113)
2024,CORTE SELETIVO,C60L63,POINT (-58.804449325576876 -2.5477529248727624)
2024,CORTE SELETIVO,C60L63,POINT (-58.79907158254504 -2.5476592731540575)
2024,CORTE SELETIVO,C60L63,POINT (-58.81794750672889 -2.5443526350632304)
2024,CORTE SELETIVO,C60L63,POINT (-58.78814917648944 -2.5332468303361297)
2024,CORTE SELETIVO,C60L63,POINT (-58.80585578589306 -2.5324474555916807)
2024,CORTE SELETIVO,C60L63,POINT (-58.81105256481821 -2.5324519363608844)
2024,CORTE SELETIVO,C60L63,POINT (-58.81086443584294 -2.5323259789969996)
2024,CORTE SELETIVO,C60L63,POINT (-58.80015048975279 -2.531146818751115)
2024,CORTE SELETIVO,C60L63,POINT (-58.756151401021555 -2.524552757361429)
2024,CORTE SELETIVO,C60L63,POINT (-58.944646953943455 -2.5944546518945777)
2024,CORTE SELETIVO,C60L63,POINT (-58.85588042021961 -2.5897509065404374)
2024,CORTE SELETIVO,C60L63,POINT (-58.9756537812286 -2.588852338094548)
2024,CORTE SELETIVO,C60L63,POINT (-58.82315137989204 -2.585850177411211)
2024,CORTE SELETIVO,C60L63,POINT (-58.96915304450389 -2.5720531656693493)
2024,CORTE SELETIVO,C60L63,POINT (-58.969247155966926 -2.571751386115111)
2024,CORTE SELETIVO,C60L63,POINT (-58.75985111142149 -2.5982969870282506)
2024,CORTE SELETIVO,C60L63,POINT (-58.8019151095031 -2.5977542401054667)
2024,CORTE SELETIVO,C60L63,POINT (-58.77144761322504 -2.596248532461373)
2024,CORTE SELETIVO,C60L63,POINT (-58.80745054438104 -2.59494674566585)
2024,CORTE SELETIVO,C60L63,POINT (-58.8075491829632 -2.5948471618324436)
2024,CORTE SELETIVO,C60L63,POINT (-58.79915151533031 -2.556645267022267)
2024,CORTE SELETIVO,C60L63,POINT (-58.94455463975589 -2.5946545823629084)
2024,CORTE SELETIVO,C60L63,POINT (-58.82304946353703 -2.5857497312883013)
2024,CORTE SELETIVO,C60L63,POINT (-58.75955267157083 -2.598349164905673)
2024,CORTE SELETIVO,C60L63,POINT (-58.83415364473395 -2.5148485727878986)
2024,CORTE SELETIVO,C60L63,POINT (-58.75955485579584 -2.5984490902059036)
2024,CORTE SELETIVO,C60L63,POINT (-58.9681472511282 -2.652552164994218)
2024,CORTE SELETIVO,C60L63,POINT (-58.94464868527154 -2.59465300394599)
2024,CORTE SELETIVO,C60L63,POINT (-58.76255495740147 -2.5512479950344455)
2024,CORTE SELETIVO,C60L63,POINT (-58.882648349475836 -2.5158504945590936)
2024,CORTE SELETIVO,C60L63,POINT (-58.823053791022346 -2.585653095736021)
2024,CORTE SELETIVO,C60L63,POINT (-58.850350549356655 -2.5515524497610107)
2024,CORTE SELETIVO,C60L63,POINT (-58.96065303647831 -2.6881529406716966)
2024,CORTE SELETIVO,C60L63,POINT (-58.96344995314712 -2.6867751209440476)
2024,CORTE SELETIVO,C60L63,POINT (-58.96545446519959 -2.670354512748751)
2024,CORTE SELETIVO,C60L63,POINT (-58.97425403813545 -2.65355020357202)
2024,CORTE SELETIVO,C60L63,POINT (-58.96855434110707 -2.652745350898657)
2024,CORTE SELETIVO,C60L63,POINT (-58.96274846981362 -2.6025480764420053)
2024,CORTE SELETIVO,C60L63,POINT (-58.968749243964 -2.595254249518114)
2024,CORTE SELETIVO,C60L63,POINT (-58.96834580937018 -2.5949486569483833)
2024,CORTE SELETIVO,C60L63,POINT (-58.959346312631354 -2.5896463028748435)
2024,CORTE SELETIVO,C60L63,POINT (-58.96315094530334 -2.5827457748744544)
2024,CORTE SELETIVO,C60L63,POINT (-58.96595301607661 -2.5789493675477715)
2024,CORTE SELETIVO,C60L63,POINT (-58.93594572024683 -2.657353118586643)
2024,CORTE SELETIVO,C60L63,POINT (-58.934547206901264 -2.6126496706304994)
2024,CORTE SELETIVO,C60L63,POINT (-58.92975184133323 -2.608352059339641)
2024,CORTE SELETIVO,C60L63,POINT (-58.834550167253404 -2.5979463602296184)
2024,CORTE SELETIVO,C60L63,POINT (-58.80544508129289 -2.596348274110276)
2024,CORTE SELETIVO,C60L63,POINT (-58.94384981762165 -2.5927504085772255)
2024,CORTE SELETIVO,C60L63,POINT (-58.944250180403245 -2.5920544015472986)
2024,CORTE SELETIVO,C60L63,POINT (-58.91624639317765 -2.590847537875932)
2024,CORTE SELETIVO,C60L63,POINT (-58.94425320119655 -2.5868482588790087)
2024,CORTE SELETIVO,C60L63,POINT (-58.81444886845628 -2.5426482853840175)
2024,CORTE SELETIVO,C60L63,POINT (-58.97004921411059 -2.6724481223985013)
2024,CORTE SELETIVO,C60L63,POINT (-58.982901511688915 -2.6710768034328174)
2024,CORTE SELETIVO,C60L63,POINT (-58.97377552964866 -2.6665541874467404)
2024,CORTE SELETIVO,C60L63,POINT (-58.96164823111844 -2.6633495297874883)
2024,CORTE SELETIVO,C60L63,POINT (-58.979553025394104 -2.659345463492927)
2024,CORTE SELETIVO,C60L63,POINT (-58.965037199417154 -2.6571652437595783)
2024,CORTE SELETIVO,C60L63,POINT (-58.9694468563062 -2.6444513624641277)
2024,CORTE SELETIVO,C60L63,POINT (-58.97233502525708 -2.610881516884685)
2024,CORTE SELETIVO,C60L63,POINT (-58.9670489530419 -2.60485083053001)
2024,CORTE SELETIVO,C60L63,POINT (-58.96714783065121 -2.6046509981863113)
2024,CORTE SELETIVO,C60L63,POINT (-58.97654866895722 -2.604546077881728)
2024,CORTE SELETIVO,C60L63,POINT (-58.96735123853489 -2.604146125069526)
2024,CORTE SELETIVO,C60L63,POINT (-58.96775022283758 -2.60405452235934)
2024,CORTE SELETIVO,C60L63,POINT (-58.9675448422211 -2.603946543252749)
2024,CORTE SELETIVO,C60L63,POINT (-58.97015099206205 -2.6024459649478278)
2024,CORTE SELETIVO,C60L63,POINT (-58.980345770294285 -2.600646409191998)
2024,CORTE SELETIVO,C60L63,POINT (-58.98049959862228 -2.6004526872147204)
2024,CORTE SELETIVO,C60L63,POINT (-58.96233736985986 -2.6000261192911105)
2024,CORTE SELETIVO,C60L63,POINT (-58.983754464239695 -2.599851168288846)
2024,CORTE SELETIVO,C60L63,POINT (-58.9834483446089 -2.599847890559061)
2024,CORTE SELETIVO,C60L63,POINT (-58.97024943029119 -2.5971490446147087)
2024,CORTE SELETIVO,C60L63,POINT (-58.97025132918905 -2.5969335803009215)
2024,CORTE SELETIVO,C60L63,POINT (-58.96434705003704 -2.594951214970932)
2024,CORTE SELETIVO,C60L63,POINT (-58.965555003274204 -2.5943341428516287)
2024,CORTE SELETIVO,C60L63,POINT (-58.97434819730334 -2.5924878465605974)
2024,CORTE SELETIVO,C60L63,POINT (-58.97194989831912 -2.5814460027423705)
2024,CORTE SELETIVO,C60L63,POINT (-58.97224901292848 -2.5813354194232954)
2024,CORTE SELETIVO,C60L63,POINT (-58.9623547538669 -2.5781495144469146)
2024,CORTE SELETIVO,C60L63,POINT (-58.963177226864886 -2.5765864694807696)
2024,CORTE SELETIVO,C60L63,POINT (-58.96264511646075 -2.575150635964886)
2024,CORTE SELETIVO,C60L63,POINT (-58.99535065155878 -2.5192539131158806)
2024,CORTE SELETIVO,C60L63,POINT (-58.99524963021844 -2.519152293471988)
2024,CORTE SELETIVO,C60L63,POINT (-58.996553625158626 -2.51714791204707)
2024,CORTE SELETIVO,C60L63,POINT (-58.9545515882055 -2.683347258765113)
2024,CORTE SELETIVO,C60L63,POINT (-58.946353348466104 -2.680451459071813)
2024,CORTE SELETIVO,C60L63,POINT (-58.94645268116729 -2.679846455917171)
2024,CORTE SELETIVO,C60L63,POINT (-58.957254605443424 -2.674748016464404)
2024,CORTE SELETIVO,C60L63,POINT (-58.95744725637654 -2.6745489228367303)
2024,CORTE SELETIVO,C60L63,POINT (-58.946945150534994 -2.671551925382577)
2024,CORTE SELETIVO,C60L63,POINT (-58.94425710295883 -2.670246022384452)
2024,CORTE SELETIVO,C60L63,POINT (-58.95095025288146 -2.6680502120985654)
2024,CORTE SELETIVO,C60L63,POINT (-58.946930722948316 -2.666109456591424)
2024,CORTE SELETIVO,C60L63,POINT (-58.95854491237549 -2.665552175649939)
2024,CORTE SELETIVO,C60L63,POINT (-58.955247939107466 -2.665254334257352)
2024,CORTE SELETIVO,C60L63,POINT (-58.940246972013796 -2.662539840513721)
2024,CORTE SELETIVO,C60L63,POINT (-58.953452533692605 -2.616951167503182)
2024,CORTE SELETIVO,C60L63,POINT (-58.96035190310339 -2.6094460480637145)
2024,CORTE SELETIVO,C60L63,POINT (-58.95514570745299 -2.6092457954202914)
2024,CORTE SELETIVO,C60L63,POINT (-58.958453242101314 -2.6082452248246026)
2024,CORTE SELETIVO,C60L63,POINT (-58.95145405883714 -2.605651630967843)
2024,CORTE SELETIVO,C60L63,POINT (-58.94304497751269 -2.6037465008514644)
2024,CORTE SELETIVO,C60L63,POINT (-58.94095302644574 -2.603436748581015)
2024,CORTE SELETIVO,C60L63,POINT (-58.94175502841976 -2.601647794716955)
2024,CORTE SELETIVO,C60L63,POINT (-58.94179988798129 -2.601352620269126)
2024,CORTE SELETIVO,C60L63,POINT (-58.960446057450184 -2.597350377096714)
2024,CORTE SELETIVO,C60L63,POINT (-58.9603527347871 -2.597254857504388)
2024,CORTE SELETIVO,C60L63,POINT (-58.96045364670282 -2.596952338392314)
2024,CORTE SELETIVO,C60L63,POINT (-58.95195097989413 -2.5963670106416235)
2024,CORTE SELETIVO,C60L63,POINT (-58.96084790148862 -2.593148473088119)
2024,CORTE SELETIVO,C60L63,POINT (-58.94904990552223 -2.5907545426574283)
2024,CORTE SELETIVO,C60L63,POINT (-58.948345135605884 -2.5879467531579343)
2024,CORTE SELETIVO,C60L63,POINT (-58.9484535773258 -2.5877455392018542)
2024,CORTE SELETIVO,C60L63,POINT (-58.959350472990245 -2.581752120342296)
2024,CORTE SELETIVO,C60L63,POINT (-58.95895276637316 -2.5814454782206075)
2024,CORTE SELETIVO,C60L63,POINT (-58.95908674642251 -2.5813473074889837)
2024,CORTE SELETIVO,C60L63,POINT (-58.95908795939035 -2.575249044213734)
2024,CORTE SELETIVO,C60L63,POINT (-58.93134631631217 -2.7495529755616372)
2024,CORTE SELETIVO,C60L63,POINT (-58.85634745353882 -2.7070463364347512)
2024,CORTE SELETIVO,C60L63,POINT (-58.922954005259825 -2.6976525996807177)
2024,CORTE SELETIVO,C60L63,POINT (-58.885249394043186 -2.6848477909872854)
2024,CORTE SELETIVO,C60L63,POINT (-58.94025300380199 -2.663753338111311)
2024,CORTE SELETIVO,C60L63,POINT (-58.940148348321905 -2.662650716710362)
2024,CORTE SELETIVO,C60L63,POINT (-58.939019131762215 -2.661848403288046)
2024,CORTE SELETIVO,C60L63,POINT (-58.93664989052463 -2.6614472068152017)
2024,CORTE SELETIVO,C60L63,POINT (-58.93795186157298 -2.661049150003203)
2024,CORTE SELETIVO,C60L63,POINT (-58.93944755523079 -2.660958226099159)
2024,CORTE SELETIVO,C60L63,POINT (-58.90067514915346 -2.6593802051694473)
2024,CORTE SELETIVO,C60L63,POINT (-58.93460926450729 -2.61224517408729)
2024,CORTE SELETIVO,C60L63,POINT (-58.93505027699399 -2.612149435920108)
2024,CORTE SELETIVO,C60L63,POINT (-58.93394679504943 -2.6104500345303556)
2024,CORTE SELETIVO,C60L63,POINT (-58.934047521838664 -2.609648830115238)
2024,CORTE SELETIVO,C60L63,POINT (-58.93824530730762 -2.6095493125150524)
2024,CORTE SELETIVO,C60L63,POINT (-58.93934488919962 -2.607839532623687)
2024,CORTE SELETIVO,C60L63,POINT (-58.93944680694777 -2.6076514311487777)
2024,CORTE SELETIVO,C60L63,POINT (-58.93915496596303 -2.607461416862188)
2024,CORTE SELETIVO,C60L63,POINT (-58.93965467479689 -2.606045361908551)
2024,CORTE SELETIVO,C60L63,POINT (-58.90245313448019 -2.5989451506985533)
2024,CORTE SELETIVO,C60L63,POINT (-58.859150202893396 -2.594049175866242)
2024,CORTE SELETIVO,C60L63,POINT (-58.86265386919586 -2.589452570861331)
2024,CORTE SELETIVO,C60L63,POINT (-58.911053189575654 -2.57644998949791)
2024,CORTE SELETIVO,C60L63,POINT (-58.882389500059716 -2.5435535427503932)
2024,CORTE SELETIVO,C60L63,POINT (-58.85888639667233 -2.538415237783387)
2024,CORTE SELETIVO,C60L63,POINT (-58.8816520344215 -2.5376499083109465)
2024,CORTE SELETIVO,C60L63,POINT (-58.86414891592837 -2.534654084503817)
2024,CORTE SELETIVO,C60L63,POINT (-58.86554522917258 -2.5115520954038204)
2024,CORTE SELETIVO,C60L63,POINT (-58.859350746460194 -2.511454103725163)
2024,CORTE SELETIVO,C60L63,POINT (-58.85924924297594 -2.511345376630339)
2024,CORTE SELETIVO,C60L63,POINT (-58.86374696983059 -2.504345385311037)
2024,CORTE SELETIVO,C60L63,POINT (-58.86492243128849 -2.5043426940453717)
2024,CORTE SELETIVO,C60L63,POINT (-58.84166548686437 -2.6330475053157762)
2024,CORTE SELETIVO,C60L63,POINT (-58.855950546526394 -2.5896461821601506)
2024,CORTE SELETIVO,C60L63,POINT (-58.822974481215425 -2.585952900939218)
2024,CORTE SELETIVO,C60L63,POINT (-58.82304841510878 -2.585554066321804)
2024,CORTE SELETIVO,C60L63,POINT (-58.82315009676374 -2.5853466634941746)
2024,CORTE SELETIVO,C60L63,POINT (-58.81695076355055 -2.5835539844097943)
2024,CORTE SELETIVO,C60L63,POINT (-58.821854812300685 -2.570853183542291)
2024,CORTE SELETIVO,C60L63,POINT (-58.84465294866078 -2.5697510986156633)
2024,CORTE SELETIVO,C60L63,POINT (-58.817569778526185 -2.566154860724146)
2024,CORTE SELETIVO,C60L63,POINT (-58.81744668995738 -2.566046328368433)
2024,CORTE SELETIVO,C60L63,POINT (-58.84074864200091 -2.56585148427212)
2024,CORTE SELETIVO,C60L63,POINT (-58.84065510187813 -2.565750692387842)
2024,CORTE SELETIVO,C60L63,POINT (-58.8327536448428 -2.5640511617557697)
2024,CORTE SELETIVO,C60L63,POINT (-58.83254676883454 -2.56384834662703)
2024,CORTE SELETIVO,C60L63,POINT (-58.84264591397181 -2.5613478586345426)
2024,CORTE SELETIVO,C60L63,POINT (-58.84554617079115 -2.5551480668604465)
2024,CORTE SELETIVO,C60L63,POINT (-58.85355472116613 -2.5483518984083178)
2024,CORTE SELETIVO,C60L63,POINT (-58.83595386385389 -2.5479204930416035)
2024,CORTE SELETIVO,C60L63,POINT (-58.83605010810503 -2.547754213449021)
2024,CORTE SELETIVO,C60L63,POINT (-58.83604926008488 -2.5474483821326284)
2024,CORTE SELETIVO,C60L63,POINT (-58.82135429723696 -2.5432512084533805)
2024,CORTE SELETIVO,C60L63,POINT (-58.83125284273961 -2.5408537013894343)
2024,CORTE SELETIVO,C60L63,POINT (-58.83994680614495 -2.5407536804940567)
2024,CORTE SELETIVO,C60L63,POINT (-58.840354267753845 -2.531447065455368)
2024,CORTE SELETIVO,C60L63,POINT (-58.840053459338655 -2.528994331778844)
2024,CORTE SELETIVO,C60L63,POINT (-58.83976069200311 -2.528952040650532)
2024,CORTE SELETIVO,C60L63,POINT (-58.82849678652949 -2.520545941113844)
2024,CORTE SELETIVO,C60L63,POINT (-58.828147303265936 -2.5192543803207887)
2024,CORTE SELETIVO,C60L63,POINT (-58.82805278669667 -2.51914869114947)
2024,CORTE SELETIVO,C60L63,POINT (-58.83715280433628 -2.516653787462343)
2024,CORTE SELETIVO,C60L63,POINT (-58.84014899971174 -2.515947523449863)
2024,CORTE SELETIVO,C60L63,POINT (-58.842147130863395 -2.5114169956629326)
2024,CORTE SELETIVO,C60L63,POINT (-58.819145948776494 -2.5067489604142774)
2024,CORTE SELETIVO,C60L63,POINT (-58.79609405506869 -2.7144025177531357)
2024,CORTE SELETIVO,C60L63,POINT (-58.7761761406125 -2.704846462861418)
2024,CORTE SELETIVO,C60L63,POINT (-58.779351009995274 -2.697551693461719)
2024,CORTE SELETIVO,C60L63,POINT (-58.75245109587066 -2.67105091200495)
2024,CORTE SELETIVO,C60L63,POINT (-58.75254746303397 -2.6708539100345887)
2024,CORTE SELETIVO,C60L63,POINT (-58.752437113845744 -2.67066716090753)
2024,CORTE SELETIVO,C60L63,POINT (-58.81445464003135 -2.621347614286307)
2024,CORTE SELETIVO,C60L63,POINT (-58.81406728711327 -2.621047336793318)
2024,CORTE SELETIVO,C60L63,POINT (-58.79924607686956 -2.5980484429465363)
2024,CORTE SELETIVO,C60L63,POINT (-58.79934527237601 -2.597950454431109)
2024,CORTE SELETIVO,C60L63,POINT (-58.80265462613254 -2.5976295569412637)
2024,CORTE SELETIVO,C60L63,POINT (-58.78783173228139 -2.5869253074986718)
2024,CORTE SELETIVO,C60L63,POINT (-58.78784752176393 -2.5866501018389463)
2024,CORTE SELETIVO,C60L63,POINT (-58.787747565279794 -2.5863259404617702)
2024,CORTE SELETIVO,C60L63,POINT (-58.799255004654704 -2.556753580342098)
2024,CORTE SELETIVO,C60L63,POINT (-58.79935278098158 -2.5564511727184582)
2024,CORTE SELETIVO,C60L63,POINT (-58.81234593783987 -2.55354620394003)
2024,CORTE SELETIVO,C60L63,POINT (-58.81244858118095 -2.553451384624882)
2024,CORTE SELETIVO,C60L63,POINT (-58.805552757396455 -2.549948927385867)
2024,CORTE SELETIVO,C60L63,POINT (-58.797250508484005 -2.5498469685064844)
2024,CORTE SELETIVO,C60L63,POINT (-58.799153719441776 -2.547849545755469)
2024,CORTE SELETIVO,C60L63,POINT (-58.788250590643095 -2.5332454680904903)
2024,CORTE SELETIVO,C60L63,POINT (-58.788146508292186 -2.5331455897625124)
2024,CORTE SELETIVO,C60L63,POINT (-58.811142825408076 -2.5325276210274192)
2024,CORTE SELETIVO,C60L63,POINT (-58.81029406416137 -2.5322539269727624)
2024,CORTE SELETIVO,C60L63,POINT (-58.80105546475506 -2.5319489501259516)
2024,CORTE SELETIVO,C60L63,POINT (-58.79002329651912 -2.5318538937199278)
2024,CORTE SELETIVO,C60L63,POINT (-58.810579376553726 -2.5139502717066184)
2024,CORTE SELETIVO,C60L63,POINT (-58.78414498961055 -2.5095540028866847)
2024,CORTE SELETIVO,C60L63,POINT (-58.78075503728978 -2.50908222210259)
2024,CORTE SELETIVO,C60L63,POINT (-58.81335169382421 -2.503245467697347)
2024,CORTE SELETIVO,C60L63,POINT (-58.81374351768377 -2.501552009660946)
2024,CORTE SELETIVO,C60L63,POINT (-58.813548317221375 -2.5014533084177555)
2024,CORTE SELETIVO,C60L63,POINT (-58.759348025460454 -2.598350378472109)
2024,CORTE SELETIVO,C60L63,POINT (-58.762442638022534 -2.551248530251203)
2024,CORTE SELETIVO,C60L63,POINT (-58.76273933927885 -2.551157805458487)
2024,CORTE SELETIVO,C60L63,POINT (-58.82235290852074 -2.5725525765345045)
2024,CORTE SELETIVO,C60L63,POINT (-58.813647849344314 -2.535549138660891)
2024,CORTE SELETIVO,C60L63,POINT (-58.93454858881374 -2.61234877316879)
2024,CORTE SELETIVO,C60L63,POINT (-58.85585131514655 -2.5896547850907523)
2024,CORTE SELETIVO,C60L63,POINT (-58.97744818103644 -2.670615453427543)
2024,CORTE SELETIVO,C60L63,POINT (-58.97665144230433 -2.670148769410626)
2024,CORTE SELETIVO,C60L63,POINT (-58.9763530500112 -2.6694503952522237)
2024,CORTE SELETIVO,C60L63,POINT (-58.97595231308445 -2.6692496175090765)
2024,CORTE SELETIVO,C60L63,POINT (-58.97891629745687 -2.665154512403328)
2024,CORTE SELETIVO,C60L63,POINT (-58.978650447180655 -2.6649547103800693)
2024,CORTE SELETIVO,C60L63,POINT (-58.97914762668388 -2.659954459841107)
2024,CORTE SELETIVO,C60L63,POINT (-58.9732737273276 -2.656952603236485)
2024,CORTE SELETIVO,C60L63,POINT (-58.973552809441685 -2.6567510375831436)
2024,CORTE SELETIVO,C60L63,POINT (-58.97445431110742 -2.6539481545568315)
2024,CORTE SELETIVO,C60L63,POINT (-58.97425045691339 -2.6536484510035843)
2024,CORTE SELETIVO,C60L63,POINT (-58.968446677983415 -2.652848276475553)
2024,CORTE SELETIVO,C60L63,POINT (-58.971248163474066 -2.607051768658273)
2024,CORTE SELETIVO,C60L63,POINT (-58.96762079816683 -2.6050542051827725)
2024,CORTE SELETIVO,C60L63,POINT (-58.96724594235006 -2.604950376455127)
2024,CORTE SELETIVO,C60L63,POINT (-58.97025414346618 -2.5994510088404965)
2024,CORTE SELETIVO,C60L63,POINT (-58.96845471631744 -2.5952774105365717)
2024,CORTE SELETIVO,C60L63,POINT (-58.96864617182346 -2.595251265502573)
2024,CORTE SELETIVO,C60L63,POINT (-58.9683499548611 -2.5950515273696473)
2024,CORTE SELETIVO,C60L63,POINT (-58.968148246310044 -2.5946472598603627)
2024,CORTE SELETIVO,C60L63,POINT (-58.96834957298294 -2.59454687048867)
2024,CORTE SELETIVO,C60L63,POINT (-58.973850368134755 -2.592545661923555)
2024,CORTE SELETIVO,C60L63,POINT (-58.969446176942014 -2.5916453856981247)
2024,CORTE SELETIVO,C60L63,POINT (-58.98285141377765 -2.589754489820851)
2024,CORTE SELETIVO,C60L63,POINT (-58.97565202540961 -2.5889546041496776)
2024,CORTE SELETIVO,C60L63,POINT (-58.97044932388666 -2.583449398137098)
2024,CORTE SELETIVO,C60L63,POINT (-58.96924674351298 -2.572152470778337)
2024,CORTE SELETIVO,C60L63,POINT (-58.96945147093501 -2.5720519220111)
2024,CORTE SELETIVO,C60L63,POINT (-58.969253611345884 -2.571954077302911)
2024,CORTE SELETIVO,C60L63,POINT (-58.981319588477454 -2.504514541114282)
2024,CORTE SELETIVO,C60L63,POINT (-58.963251608596444 -2.686848341616911)
2024,CORTE SELETIVO,C60L63,POINT (-58.96105068751033 -2.6828544361595936)
2024,CORTE SELETIVO,C60L63,POINT (-58.95424600555969 -2.679050191133596)
2024,CORTE SELETIVO,C60L63,POINT (-58.95414817645912 -2.678853505196771)
2024,CORTE SELETIVO,C60L63,POINT (-58.95454665987423 -2.6703507250606315)
2024,CORTE SELETIVO,C60L63,POINT (-58.95465414264363 -2.6701485300791705)
2024,CORTE SELETIVO,C60L63,POINT (-58.952147408023855 -2.6685546322782923)
2024,CORTE SELETIVO,C60L63,POINT (-58.95205223113874 -2.6683460903337974)
2024,CORTE SELETIVO,C60L63,POINT (-58.96594626070409 -2.6628468573415045)
2024,CORTE SELETIVO,C60L63,POINT (-58.96124681622011 -2.6622526110888556)
2024,CORTE SELETIVO,C60L63,POINT (-58.967052832150394 -2.6514499485349123)
2024,CORTE SELETIVO,C60L63,POINT (-58.96274677401955 -2.621128351522747)
2024,CORTE SELETIVO,C60L63,POINT (-58.95645473885233 -2.613953784285621)
2024,CORTE SELETIVO,C60L63,POINT (-58.95605381280147 -2.607751711664764)
2024,CORTE SELETIVO,C60L63,POINT (-58.95545020307502 -2.603546929220729)
2024,CORTE SELETIVO,C60L63,POINT (-58.96345335995972 -2.603250097055844)
2024,CORTE SELETIVO,C60L63,POINT (-58.963353080082726 -2.6031481300813115)
2024,CORTE SELETIVO,C60L63,POINT (-58.963093968406994 -2.6029484600506954)
2024,CORTE SELETIVO,C60L63,POINT (-58.9632480783174 -2.6028533784568952)
2024,CORTE SELETIVO,C60L63,POINT (-58.962950586006066 -2.6027017614203083)
2024,CORTE SELETIVO,C60L63,POINT (-58.962750438082175 -2.6024466228836776)
2024,CORTE SELETIVO,C60L63,POINT (-58.962653808996514 -2.602352698529344)
2024,CORTE SELETIVO,C60L63,POINT (-58.96075505991029 -2.5936550557969613)
2024,CORTE SELETIVO,C60L63,POINT (-58.957652033418505 -2.5910466005797703)
2024,CORTE SELETIVO,C60L63,POINT (-58.95794838271743 -2.5909545487875847)
2024,CORTE SELETIVO,C60L63,POINT (-58.95805352211615 -2.586654053990483)
2024,CORTE SELETIVO,C60L63,POINT (-58.96334769576088 -2.5827529901142277)
2024,CORTE SELETIVO,C60L63,POINT (-58.9658455396397 -2.5789499350205194)
2024,CORTE SELETIVO,C60L63,POINT (-58.96604756438727 -2.578948129998636)
2024,CORTE SELETIVO,C60L63,POINT (-58.96255435711265 -2.5759532687426323)
2024,CORTE SELETIVO,C60L63,POINT (-58.94485114036374 -2.6793534561734296)
2024,CORTE SELETIVO,C60L63,POINT (-58.94434917388479 -2.672446467790932)
2024,CORTE SELETIVO,C60L63,POINT (-58.946552113970945 -2.672247712459768)
2024,CORTE SELETIVO,C60L63,POINT (-58.94374883923764 -2.6708457732601296)
2024,CORTE SELETIVO,C60L63,POINT (-58.9507494189795 -2.668350907280574)
2024,CORTE SELETIVO,C60L63,POINT (-58.94794517990941 -2.6678096715597315)
2024,CORTE SELETIVO,C60L63,POINT (-58.94414645335585 -2.667447363719725)
2024,CORTE SELETIVO,C60L63,POINT (-58.941951641087286 -2.6650723110815986)
2024,CORTE SELETIVO,C60L63,POINT (-58.94014548252578 -2.663736930962819)
2024,CORTE SELETIVO,C60L63,POINT (-58.9387469723701 -2.6610514706447277)
2024,CORTE SELETIVO,C60L63,POINT (-58.93775506530109 -2.6601527601867265)
2024,CORTE SELETIVO,C60L63,POINT (-58.93764997068148 -2.6598464662364196)
2024,CORTE SELETIVO,C60L63,POINT (-58.93725231856051 -2.659751875661465)
2024,CORTE SELETIVO,C60L63,POINT (-58.93704930127334 -2.658951585144386)
2024,CORTE SELETIVO,C60L63,POINT (-58.93674980560761 -2.658954744427577)
2024,CORTE SELETIVO,C60L63,POINT (-58.93584879028645 -2.65755013688108)
2024,CORTE SELETIVO,C60L63,POINT (-58.93574600049015 -2.6573526183323195)
2024,CORTE SELETIVO,C60L63,POINT (-58.93544687445222 -2.6553887585421614)
2024,CORTE SELETIVO,C60L63,POINT (-58.92845225917289 -2.6477499972221104)
2024,CORTE SELETIVO,C60L63,POINT (-58.92344773271756 -2.645252816276305)
2024,CORTE SELETIVO,C60L63,POINT (-58.9267509490561 -2.6448477270962347)
2024,CORTE SELETIVO,C60L63,POINT (-58.93444790648378 -2.612251648445503)
2024,CORTE SELETIVO,C60L63,POINT (-58.93745063985738 -2.610851216748306)
2024,CORTE SELETIVO,C60L63,POINT (-58.94964721579107 -2.6027487995887837)
2024,CORTE SELETIVO,C60L63,POINT (-58.9193463136014 -2.592551402656875)
2024,CORTE SELETIVO,C60L63,POINT (-58.923455063967545 -2.5920489187319165)
2024,CORTE SELETIVO,C60L63,POINT (-58.92264867460124 -2.591953767219545)
2024,CORTE SELETIVO,C60L63,POINT (-58.948645114875674 -2.591245245773798)
2024,CORTE SELETIVO,C60L63,POINT (-58.94905504966999 -2.5911532424674077)
2024,CORTE SELETIVO,C60L63,POINT (-58.94764590905208 -2.5846511064249897)
2024,CORTE SELETIVO,C60L63,POINT (-58.90185377941497 -2.658250889092498)
2024,CORTE SELETIVO,C60L63,POINT (-58.9045464472311 -2.654163031524118)
2024,CORTE SELETIVO,C60L63,POINT (-58.919145836015645 -2.6437483151882812)
2024,CORTE SELETIVO,C60L63,POINT (-58.91864694650251 -2.643648540553889)
2024,CORTE SELETIVO,C60L63,POINT (-58.91755234308627 -2.6428497224393595)
2024,CORTE SELETIVO,C60L63,POINT (-58.88834742874408 -2.6420461347248176)
2024,CORTE SELETIVO,C60L63,POINT (-58.88785252608304 -2.6414494187307747)
2024,CORTE SELETIVO,C60L63,POINT (-58.88695306475734 -2.633354799502758)
2024,CORTE SELETIVO,C60L63,POINT (-58.84865344375491 -2.5991501973702196)
2024,CORTE SELETIVO,C60L63,POINT (-58.84805116815838 -2.598449404731449)
2024,CORTE SELETIVO,C60L63,POINT (-58.848250620164215 -2.5983473780431066)
2024,CORTE SELETIVO,C60L63,POINT (-58.84724664461433 -2.5970478282067853)
2024,CORTE SELETIVO,C60L63,POINT (-58.9161542538716 -2.591054515731959)
2024,CORTE SELETIVO,C60L63,POINT (-58.916414702342955 -2.5909478226149054)
2024,CORTE SELETIVO,C60L63,POINT (-58.91354154088122 -2.5886476107031346)
2024,CORTE SELETIVO,C60L63,POINT (-58.91205231641046 -2.5884545100425154)
2024,CORTE SELETIVO,C60L63,POINT (-58.911553020125986 -2.5883482053800715)
2024,CORTE SELETIVO,C60L63,POINT (-58.91128114732017 -2.5883508782500866)
2024,CORTE SELETIVO,C60L63,POINT (-58.79574495490919 -2.553619481319802)
2024,CORTE SELETIVO,C60L63,POINT (-58.84014822174138 -2.550951559545342)
2024,CORTE SELETIVO,C60L63,POINT (-58.81355422286178 -2.5458490400685685)
2024,CORTE SELETIVO,C60L63,POINT (-58.81325218748893 -2.5458199681918536)
2024,CORTE SELETIVO,C60L63,POINT (-58.79544495860642 -2.543485175331947)
2024,CORTE SELETIVO,C60L63,POINT (-58.829653497205534 -2.539746104556512)
2024,CORTE SELETIVO,C60L63,POINT (-58.80665186290709 -2.5394530244575457)
2024,CORTE SELETIVO,C60L63,POINT (-58.7914456959542 -2.5292524113808987)
2024,CORTE SELETIVO,C60L63,POINT (-58.83425081652952 -2.5148539074169753)
2024,CORTE SELETIVO,C60L63,POINT (-58.80575496452098 -2.502848770904059)
2024,CORTE SELETIVO,C60L63,POINT (-58.93475407499569 -2.6124457243168373)
2024,CORTE SELETIVO,C60L63,POINT (-58.85575059614618 -2.589753191983315)
2024,CORTE SELETIVO,C60L63,POINT (-58.82235113109775 -2.572350297229579)
2024,CORTE SELETIVO,C60L63,POINT (-58.9401516442309 -2.662947499768536)
2024,CORTE SELETIVO,C60L63,POINT (-58.93455066898628 -2.612546079400093)
2024,CORTE SELETIVO,C60L63,POINT (-58.93465278783922 -2.6124497256526165)
2024,CORTE SELETIVO,C60L63,POINT (-58.934351618889735 -2.6121472450441643)
2024,CORTE SELETIVO,C60L63,POINT (-58.90565486793419 -2.5311489136409153)
2024,CORTE SELETIVO,C60L63,POINT (-58.96825145594213 -2.594654226124182)
2024,CORTE SELETIVO,C60L63,POINT (-58.95325113769394 -2.586454162630245)
2024,CORTE SELETIVO,C60L63,POINT (-58.93465250737647 -2.612347810731448)
2024,CORTE SELETIVO,C60L63,POINT (-58.93444540979258 -2.6123487108581727)
2024,CORTE SELETIVO,C60L63,POINT (-58.82235408018523 -2.5724456147960635)
2024,CORTE SELETIVO,C60L63,POINT (-58.96544985615746 -2.7289484027342037)
2024,CORTE SELETIVO,C60L63,POINT (-58.957252255815455 -2.671051930846177)
2024,CORTE SELETIVO,C60L63,POINT (-58.9694456139327 -2.6673521787343946)
2024,CORTE SELETIVO,C60L63,POINT (-58.97385439840018 -2.6670312940616303)
2024,CORTE SELETIVO,C60L63,POINT (-58.973564714928905 -2.6667272447029537)
2024,CORTE SELETIVO,C60L63,POINT (-58.95526343456864 -2.66514552990494)
2024,CORTE SELETIVO,C60L63,POINT (-58.97985084322245 -2.659849332779821)
2024,CORTE SELETIVO,C60L63,POINT (-58.96507958809319 -2.65743816727489)
2024,CORTE SELETIVO,C60L63,POINT (-58.9648529575664 -2.6571511652279853)
2024,CORTE SELETIVO,C60L63,POINT (-58.9593520205892 -2.6566534142572675)
2024,CORTE SELETIVO,C60L63,POINT (-58.968484644494566 -2.64795297831674)
2024,CORTE SELETIVO,C60L63,POINT (-58.9728489191485 -2.6091503317850964)
2024,CORTE SELETIVO,C60L63,POINT (-58.97971739891465 -2.6090553971326926)
2024,CORTE SELETIVO,C60L63,POINT (-58.97315098024552 -2.6087515890550548)
2024,CORTE SELETIVO,C60L63,POINT (-58.9584516380905 -2.6084461867694384)
2024,CORTE SELETIVO,C60L63,POINT (-58.97152037632562 -2.607053764438155)
2024,CORTE SELETIVO,C60L63,POINT (-58.97264901963786 -2.6056496450040476)
2024,CORTE SELETIVO,C60L63,POINT (-58.97234636199092 -2.6053498870302527)
2024,CORTE SELETIVO,C60L63,POINT (-58.972546929037186 -2.605152301057514)
2024,CORTE SELETIVO,C60L63,POINT (-58.97665321523448 -2.604578857547476)
2024,CORTE SELETIVO,C60L63,POINT (-58.962352129960614 -2.601452670941851)
2024,CORTE SELETIVO,C60L63,POINT (-58.9804463466482 -2.600751232136742)
2024,CORTE SELETIVO,C60L63,POINT (-58.97154525823282 -2.6007529309291093)
2024,CORTE SELETIVO,C60L63,POINT (-58.971653066885935 -2.6006494626995913)
2024,CORTE SELETIVO,C60L63,POINT (-58.97116078937532 -2.600644122994497)
2024,CORTE SELETIVO,C60L63,POINT (-58.96245314727878 -2.5996497796701545)
2024,CORTE SELETIVO,C60L63,POINT (-58.9662540239804 -2.5979454019372596)
2024,CORTE SELETIVO,C60L63,POINT (-58.966729165017625 -2.5948531200844664)
2024,CORTE SELETIVO,C60L63,POINT (-58.95862117830774 -2.593959484675565)
2024,CORTE SELETIVO,C60L63,POINT (-58.967352379416376 -2.593302781107982)
2024,CORTE SELETIVO,C60L63,POINT (-58.960649561473645 -2.59294651701073)
2024,CORTE SELETIVO,C60L63,POINT (-58.971954324625436 -2.581350910197855)
2024,CORTE SELETIVO,C60L63,POINT (-58.97214602170897 -2.5811536135599322)
2024,CORTE SELETIVO,C60L63,POINT (-58.97225151274355 -2.581053626670319)
2024,CORTE SELETIVO,C60L63,POINT (-58.96365255219307 -2.576949346354158)
2024,CORTE SELETIVO,C60L63,POINT (-58.95955203450176 -2.575535700529108)
2024,CORTE SELETIVO,C60L63,POINT (-58.96904943693853 -2.5702502453719984)
2024,CORTE SELETIVO,C60L63,POINT (-58.96155404771785 -2.5350468793864107)
2024,CORTE SELETIVO,C60L63,POINT (-58.95455471884206 -2.6831456587634688)
2024,CORTE SELETIVO,C60L63,POINT (-58.952248409782825 -2.67665559768157)
2024,CORTE SELETIVO,C60L63,POINT (-58.953450421102986 -2.668852144808049)
2024,CORTE SELETIVO,C60L63,POINT (-58.95214954580188 -2.6683493889312078)
2024,CORTE SELETIVO,C60L63,POINT (-58.95154970803963 -2.6680455558420606)
2024,CORTE SELETIVO,C60L63,POINT (-58.95095220043433 -2.6679516972510324)
2024,CORTE SELETIVO,C60L63,POINT (-58.95145399895637 -2.6679488647926535)
2024,CORTE SELETIVO,C60L63,POINT (-58.95115146864905 -2.6676476101415063)
2024,CORTE SELETIVO,C60L63,POINT (-58.95134811031638 -2.667650545876073)
2024,CORTE SELETIVO,C60L63,POINT (-58.93854753840496 -2.6644701513787576)
2024,CORTE SELETIVO,C60L63,POINT (-58.94055357379668 -2.6620497515891812)
2024,CORTE SELETIVO,C60L63,POINT (-58.94034614207352 -2.661978231054641)
2024,CORTE SELETIVO,C60L63,POINT (-58.94024920059111 -2.661852314205613)
2024,CORTE SELETIVO,C60L63,POINT (-58.952950499019444 -2.656635597867387)
2024,CORTE SELETIVO,C60L63,POINT (-58.935045420369825 -2.612651739529851)
2024,CORTE SELETIVO,C60L63,POINT (-58.93484551174501 -2.6125474257009236)
2024,CORTE SELETIVO,C60L63,POINT (-58.9345535676002 -2.612446170447659)
2024,CORTE SELETIVO,C60L63,POINT (-58.934348252578076 -2.612245277520231)
2024,CORTE SELETIVO,C60L63,POINT (-58.93414627412301 -2.6112593439106933)
2024,CORTE SELETIVO,C60L63,POINT (-58.95505474048869 -2.6093526588605354)
2024,CORTE SELETIVO,C60L63,POINT (-58.93926850419369 -2.6073529035217584)
2024,CORTE SELETIVO,C60L63,POINT (-58.95104638875068 -2.6061544540015635)
2024,CORTE SELETIVO,C60L63,POINT (-58.940745095634625 -2.6032534816284008)
2024,CORTE SELETIVO,C60L63,POINT (-58.94096690502385 -2.6029528849214754)
2024,CORTE SELETIVO,C60L63,POINT (-58.94085442916533 -2.602853512040255)
2024,CORTE SELETIVO,C60L63,POINT (-58.940949935782236 -2.6027421779476576)
2024,CORTE SELETIVO,C60L63,POINT (-58.94475410290625 -2.5972477856906044)
2024,CORTE SELETIVO,C60L63,POINT (-58.95155253040412 -2.5972488517957264)
2024,CORTE SELETIVO,C60L63,POINT (-58.94425336693233 -2.5938483468962166)
2024,CORTE SELETIVO,C60L63,POINT (-58.950845831117896 -2.5936475586753405)
2024,CORTE SELETIVO,C60L63,POINT (-58.924819793038395 -2.5933458285927005)
2024,CORTE SELETIVO,C60L63,POINT (-58.943451487168595 -2.5914267576838914)
2024,CORTE SELETIVO,C60L63,POINT (-58.94364568133505 -2.5913474602990942)
2024,CORTE SELETIVO,C60L63,POINT (-58.941853194746464 -2.588653519301885)
2024,CORTE SELETIVO,C60L63,POINT (-58.94204766655676 -2.5883539501302164)
2024,CORTE SELETIVO,C60L63,POINT (-58.948049048556975 -2.5880544521413738)
2024,CORTE SELETIVO,C60L63,POINT (-58.94754700865881 -2.584549985687002)
2024,CORTE SELETIVO,C60L63,POINT (-58.93164772608447 -2.500549024199136)
2024,CORTE SELETIVO,C60L63,POINT (-58.912847805826296 -2.7484465262482676)
2024,CORTE SELETIVO,C60L63,POINT (-58.922848463838825 -2.6977545530084694)
2024,CORTE SELETIVO,C60L63,POINT (-58.87344525354065 -2.6685487720896957)
2024,CORTE SELETIVO,C60L63,POINT (-58.90245059859727 -2.6575483071098565)
2024,CORTE SELETIVO,C60L63,POINT (-58.89095235650046 -2.6283470749793785)
2024,CORTE SELETIVO,C60L63,POINT (-58.846754712084454 -2.6280541557879946)
2024,CORTE SELETIVO,C60L63,POINT (-58.92415150266372 -2.607752495798069)
2024,CORTE SELETIVO,C60L63,POINT (-58.85284752482633 -2.6011477427276923)
2024,CORTE SELETIVO,C60L63,POINT (-58.92214489751928 -2.596846567313413)
2024,CORTE SELETIVO,C60L63,POINT (-58.92415038737408 -2.5925510809392835)
2024,CORTE SELETIVO,C60L63,POINT (-58.820246039570385 -2.585711122525)
2024,CORTE SELETIVO,C60L63,POINT (-58.81704492879004 -2.583553584439557)
2024,CORTE SELETIVO,C60L63,POINT (-58.82224540634917 -2.572245453632322)
2024,CORTE SELETIVO,C60L63,POINT (-58.844550343554516 -2.5696490959027707)
2024,CORTE SELETIVO,C60L63,POINT (-58.840450416262016 -2.5658731377570363)
2024,CORTE SELETIVO,C60L63,POINT (-58.83254812728874 -2.564019445362432)
2024,CORTE SELETIVO,C60L63,POINT (-58.837653167312034 -2.551452584027632)
2024,CORTE SELETIVO,C60L63,POINT (-58.83774907107571 -2.5513476905552626)
2024,CORTE SELETIVO,C60L63,POINT (-58.84542363672369 -2.549897390781858)
2024,CORTE SELETIVO,C60L63,POINT (-58.82574987161842 -2.5487543991638915)
2024,CORTE SELETIVO,C60L63,POINT (-58.836051284175134 -2.5478480309211218)
2024,CORTE SELETIVO,C60L63,POINT (-58.83614674330393 -2.5476532775609533)
2024,CORTE SELETIVO,C60L63,POINT (-58.86695191418693 -2.540750553345278)
2024,CORTE SELETIVO,C60L63,POINT (-58.858952307018775 -2.5382488423836027)
2024,CORTE SELETIVO,C60L63,POINT (-58.82774766088231 -2.5378543406189267)
2024,CORTE SELETIVO,C60L63,POINT (-58.87535278804283 -2.534746277382682)
2024,CORTE SELETIVO,C60L63,POINT (-58.85246629398216 -2.5345489186423933)
2024,CORTE SELETIVO,C60L63,POINT (-58.81704854346264 -2.5343539618492943)
2024,CORTE SELETIVO,C60L63,POINT (-58.812852220586784 -2.531147096579729)
2024,CORTE SELETIVO,C60L63,POINT (-58.87204923417545 -2.5308517188386337)
2024,CORTE SELETIVO,C60L63,POINT (-58.8763457947583 -2.5243484537494867)
2024,CORTE SELETIVO,C60L63,POINT (-58.87464623442904 -2.5223547727371725)
2024,CORTE SELETIVO,C60L63,POINT (-58.828246283253016 -2.520547672877797)
2024,CORTE SELETIVO,C60L63,POINT (-58.883352314423604 -2.5140473001010037)
2024,CORTE SELETIVO,C60L63,POINT (-58.84234580922347 -2.5113463818541018)
2024,CORTE SELETIVO,C60L63,POINT (-58.85985528071374 -2.5099425325675138)
2024,CORTE SELETIVO,C60L63,POINT (-58.81925406387006 -2.5067531344132075)
2024,CORTE SELETIVO,C60L63,POINT (-58.86484523587541 -2.504249824128099)
2024,CORTE SELETIVO,C60L63,POINT (-58.77094694419146 -2.688249543758584)
2024,CORTE SELETIVO,C60L63,POINT (-58.77034944414417 -2.6876468800484963)
2024,CORTE SELETIVO,C60L63,POINT (-58.768554146479964 -2.6805465154686137)
2024,CORTE SELETIVO,C60L63,POINT (-58.79952525671105 -2.597849950047334)
2024,CORTE SELETIVO,C60L63,POINT (-58.802754152780395 -2.5976003931119105)
2024,CORTE SELETIVO,C60L63,POINT (-58.805966446890025 -2.595852792902103)
2024,CORTE SELETIVO,C60L63,POINT (-58.808350086839226 -2.594054434905382)
2024,CORTE SELETIVO,C60L63,POINT (-58.80834599760998 -2.5937460956971448)
2024,CORTE SELETIVO,C60L63,POINT (-58.812447521345746 -2.5888467583233843)
2024,CORTE SELETIVO,C60L63,POINT (-58.812545602067 -2.5886178886966427)
2024,CORTE SELETIVO,C60L63,POINT (-58.787650223254 -2.5870144884038218)
2024,CORTE SELETIVO,C60L63,POINT (-58.79015227845937 -2.580427772810669)
2024,CORTE SELETIVO,C60L63,POINT (-58.790148331335004 -2.5801493084072313)
2024,CORTE SELETIVO,C60L63,POINT (-58.79004777513801 -2.580052851309648)
2024,CORTE SELETIVO,C60L63,POINT (-58.799553498774465 -2.556633968482019)
2024,CORTE SELETIVO,C60L63,POINT (-58.799449458108434 -2.5562459639663304)
2024,CORTE SELETIVO,C60L63,POINT (-58.80735111362004 -2.551354156209969)
2024,CORTE SELETIVO,C60L63,POINT (-58.80785336810573 -2.547254800309766)
2024,CORTE SELETIVO,C60L63,POINT (-58.81245448731192 -2.543948818502781)
2024,CORTE SELETIVO,C60L63,POINT (-58.81091459445892 -2.532549442060228)
2024,CORTE SELETIVO,C60L63,POINT (-58.811050427430935 -2.5323497634700445)
2024,CORTE SELETIVO,C60L63,POINT (-58.789954478794 -2.532051124253251)
2024,CORTE SELETIVO,C60L63,POINT (-58.790347470621285 -2.5319972474153474)
2024,CORTE SELETIVO,C60L63,POINT (-58.79004804817078 -2.5319548227945927)
2024,CORTE SELETIVO,C60L63,POINT (-58.79015025615411 -2.53184666404955)
2024,CORTE SELETIVO,C60L63,POINT (-58.7999457202894 -2.5309538278016976)
2024,CORTE SELETIVO,C60L63,POINT (-58.756251123796574 -2.5249451030225747)
2024,CORTE SELETIVO,C60L63,POINT (-58.79194625620269 -2.523552112847862)
2024,CORTE SELETIVO,C60L63,POINT (-58.77405109098388 -2.5231515984076776)
2024,CORTE SELETIVO,C60L63,POINT (-58.75545154914859 -2.5224543356776414)
2024,CORTE SELETIVO,C60L63,POINT (-58.784295872980145 -2.5095137052398626)
2024,CORTE SELETIVO,C60L63,POINT (-58.78602731200445 -2.509152078608671)
2024,CORTE SELETIVO,C60L63,POINT (-58.78084719074415 -2.5088513667301604)
2024,CORTE SELETIVO,C60L63,POINT (-58.768020095881006 -2.5018482244572726)
2024,CORTE SELETIVO,C60L63,POINT (-58.785953116301634 -2.50135293975216)
2024,CORTE SELETIVO,C60L63,POINT (-58.774450751706446 -2.5008501884725947)
2024,CORTE SELETIVO,C60L63,POINT (-58.96445315889181 -2.663054601165026)
2024,CORTE SELETIVO,C60L63,POINT (-58.955152690153675 -2.6099453634160903)
2024,CORTE SELETIVO,C60L63,POINT (-58.85595231454099 -2.5895499379427536)
2024,CORTE SELETIVO,C60L63,POINT (-58.82234855759329 -2.572246215877872)
2024,CORTE SELETIVO,C60L63,POINT (-58.90584999188816 -2.5308492998593164)
2024,CORTE SELETIVO,C60L63,POINT (-58.96325239340353 -2.6867466157948527)
2024,CORTE SELETIVO,C60L63,POINT (-58.979254329079026 -2.6600536881053096)
2024,CORTE SELETIVO,C60L63,POINT (-58.97695052788728 -2.6055465826971442)
2024,CORTE SELETIVO,C60L63,POINT (-58.957648328221815 -2.5909509022454755)
2024,CORTE SELETIVO,C60L63,POINT (-58.957551999900296 -2.5908472730583787)
2024,CORTE SELETIVO,C60L63,POINT (-58.95795426661104 -2.5907847146734997)
2024,CORTE SELETIVO,C60L63,POINT (-58.95825204019058 -2.590749430867303)
2024,CORTE SELETIVO,C60L63,POINT (-58.95765344363517 -2.590745171483699)
2024,CORTE SELETIVO,C60L63,POINT (-58.80685346814449 -2.595349168988017)
2024,CORTE SELETIVO,C60L63,POINT (-58.944047215480055 -2.594053462562895)
2024,CORTE SELETIVO,C60L63,POINT (-58.94404771560505 -2.5922465106361523)
2024,CORTE SELETIVO,C60L63,POINT (-58.919245882510175 -2.5920474198029755)
2024,CORTE SELETIVO,C60L63,POINT (-58.8555457269292 -2.5897457177380567)
2024,CORTE SELETIVO,C60L63,POINT (-58.913523233373425 -2.588450022989903)
2024,CORTE SELETIVO,C60L63,POINT (-58.9056478535547 -2.531052985403376)
2024,CORTE SELETIVO,C60L63,POINT (-58.94395287944238 -2.5940531721376745)
2024,CORTE SELETIVO,C60L63,POINT (-58.96164928256603 -2.5349519763669397)
2024,CORTE SELETIVO,C60L63,POINT (-58.90574581914128 -2.53094749630484)
2024,CORTE SELETIVO,C60L63,POINT (-58.819146947298684 -2.5054455808247327)
2024,CORTE SELETIVO,C60L63,POINT (-58.96115308144739 -2.682852176914123)
2024,CORTE SELETIVO,C60L63,POINT (-58.95434840861067 -2.679052805398846)
2024,CORTE SELETIVO,C60L63,POINT (-58.97935336913834 -2.6602516900706417)
2024,CORTE SELETIVO,C60L63,POINT (-58.96835049787913 -2.6528513905700493)
2024,CORTE SELETIVO,C60L63,POINT (-58.968147853767654 -2.609849285157693)
2024,CORTE SELETIVO,C60L63,POINT (-58.97105036456639 -2.6070470428203003)
2024,CORTE SELETIVO,C60L63,POINT (-58.97785465663027 -2.605846165326581)
2024,CORTE SELETIVO,C60L63,POINT (-58.97765066269877 -2.6057452468048727)
2024,CORTE SELETIVO,C60L63,POINT (-58.97794821480793 -2.6055466928026183)
2024,CORTE SELETIVO,C60L63,POINT (-58.96809907226992 -2.605254616714911)
2024,CORTE SELETIVO,C60L63,POINT (-58.95585076790549 -2.6041464238841328)
2024,CORTE SELETIVO,C60L63,POINT (-58.97195512416714 -2.601054502378209)
2024,CORTE SELETIVO,C60L63,POINT (-58.96994966013907 -2.5977537074122123)
2024,CORTE SELETIVO,C60L63,POINT (-58.95705382801087 -2.597752297991666)
2024,CORTE SELETIVO,C60L63,POINT (-58.968347183533155 -2.594745449833369)
2024,CORTE SELETIVO,C60L63,POINT (-58.95525400356663 -2.594154119568532)
2024,CORTE SELETIVO,C60L63,POINT (-58.95755316562249 -2.5910474271608614)
2024,CORTE SELETIVO,C60L63,POINT (-58.95805378912229 -2.5910467560870316)
2024,CORTE SELETIVO,C60L63,POINT (-58.983048404897396 -2.5897480536681483)
2024,CORTE SELETIVO,C60L63,POINT (-58.982844901006814 -2.5896471126815697)
2024,CORTE SELETIVO,C60L63,POINT (-58.959554701392825 -2.589646257907202)
2024,CORTE SELETIVO,C60L63,POINT (-58.95785089121127 -2.5864529000512295)
2024,CORTE SELETIVO,C60L63,POINT (-58.97054727566237 -2.5834508115678214)
2024,CORTE SELETIVO,C60L63,POINT (-58.963054622441675 -2.5829546971033794)
2024,CORTE SELETIVO,C60L63,POINT (-58.96324731497796 -2.582750721547383)
2024,CORTE SELETIVO,C60L63,POINT (-58.96605112863047 -2.579250214475269)
2024,CORTE SELETIVO,C60L63,POINT (-58.98114800840321 -2.5045460100571537)
2024,CORTE SELETIVO,C60L63,POINT (-58.949405950694256 -2.683752039397513)
2024,CORTE SELETIVO,C60L63,POINT (-58.94484597875425 -2.67944908877772)
2024,CORTE SELETIVO,C60L63,POINT (-58.95404634698736 -2.678946807827291)
2024,CORTE SELETIVO,C60L63,POINT (-58.94465073007246 -2.672845129759516)
2024,CORTE SELETIVO,C60L63,POINT (-58.95084608233195 -2.6683519075106545)
2024,CORTE SELETIVO,C60L63,POINT (-58.9382485169021 -2.664550122608339)
2024,CORTE SELETIVO,C60L63,POINT (-58.93644656564328 -2.6126486993285116)
2024,CORTE SELETIVO,C60L63,POINT (-58.93735322623605 -2.6112530523393893)
2024,CORTE SELETIVO,C60L63,POINT (-58.95072015840523 -2.6063454067239156)
2024,CORTE SELETIVO,C60L63,POINT (-58.94955260832127 -2.598746105054498)
2024,CORTE SELETIVO,C60L63,POINT (-58.94984638180803 -2.598752488521195)
2024,CORTE SELETIVO,C60L63,POINT (-58.9436525011545 -2.598050987424666)
2024,CORTE SELETIVO,C60L63,POINT (-58.944545052548584 -2.5973459677823505)
2024,CORTE SELETIVO,C60L63,POINT (-58.943753994231386 -2.5927547555306223)
2024,CORTE SELETIVO,C60L63,POINT (-58.943278413497545 -2.5915475890661606)
2024,CORTE SELETIVO,C60L63,POINT (-58.94304836463699 -2.591451564212152)
2024,CORTE SELETIVO,C60L63,POINT (-58.952249180638965 -2.5902495991223)
2024,CORTE SELETIVO,C60L63,POINT (-58.952346502531036 -2.5900513968667087)
2024,CORTE SELETIVO,C60L63,POINT (-58.9479495276841 -2.589348611389156)
2024,CORTE SELETIVO,C60L63,POINT (-58.948453357408496 -2.58805242256194)
2024,CORTE SELETIVO,C60L63,POINT (-58.94424853581932 -2.5869460779403126)
2024,CORTE SELETIVO,C60L63,POINT (-58.94805211026785 -2.5868498525906527)
2024,CORTE SELETIVO,C60L63,POINT (-58.94785424642792 -2.5867511030238224)
2024,CORTE SELETIVO,C60L63,POINT (-58.948348015698116 -2.586649722872902)
2024,CORTE SELETIVO,C60L63,POINT (-58.94765474814192 -2.5853523350073613)
2024,CORTE SELETIVO,C60L63,POINT (-58.94635422551137 -2.584145902500704)
2024,CORTE SELETIVO,C60L63,POINT (-58.93735011266347 -2.5002486795275285)
2024,CORTE SELETIVO,C60L63,POINT (-58.91355294774157 -2.7486536341950236)
2024,CORTE SELETIVO,C60L63,POINT (-58.92494825532956 -2.662850674992713)
2024,CORTE SELETIVO,C60L63,POINT (-58.904650255661565 -2.6542491358190183)
2024,CORTE SELETIVO,C60L63,POINT (-58.90474993970967 -2.654153120096948)
2024,CORTE SELETIVO,C60L63,POINT (-58.89354572969081 -2.6493501985866317)
2024,CORTE SELETIVO,C60L63,POINT (-58.89224681384779 -2.645347780638615)
2024,CORTE SELETIVO,C60L63,POINT (-58.89185696418684 -2.6452519826593646)
2024,CORTE SELETIVO,C60L63,POINT (-58.92194723572404 -2.6448502641536145)
2024,CORTE SELETIVO,C60L63,POINT (-58.888447787798846 -2.6418454681105583)
2024,CORTE SELETIVO,C60L63,POINT (-58.890655090904026 -2.628752230494326)
2024,CORTE SELETIVO,C60L63,POINT (-58.93291746414835 -2.6093499200709362)
2024,CORTE SELETIVO,C60L63,POINT (-58.93216476597837 -2.6093535015636142)
2024,CORTE SELETIVO,C60L63,POINT (-58.927349238558165 -2.6088527777546195)
2024,CORTE SELETIVO,C60L63,POINT (-58.92874528105321 -2.6085459138333356)
2024,CORTE SELETIVO,C60L63,POINT (-58.92455171201881 -2.6084539747849216)
2024,CORTE SELETIVO,C60L63,POINT (-58.9304376763995 -2.6084506169095234)
2024,CORTE SELETIVO,C60L63,POINT (-58.93097033170317 -2.608449608963824)
2024,CORTE SELETIVO,C60L63,POINT (-58.929972677807946 -2.6083511043814336)
2024,CORTE SELETIVO,C60L63,POINT (-58.93134628842694 -2.6083536412957153)
2024,CORTE SELETIVO,C60L63,POINT (-58.93074902308977 -2.6081544126252196)
2024,CORTE SELETIVO,C60L63,POINT (-58.923001406698454 -2.5923475454432485)
2024,CORTE SELETIVO,C60L63,POINT (-58.92275345907978 -2.5922687020660953)
2024,CORTE SELETIVO,C60L63,POINT (-58.916549347958224 -2.5909502391365327)
2024,CORTE SELETIVO,C60L63,POINT (-58.91164979304958 -2.5884505538670277)
2024,CORTE SELETIVO,C60L63,POINT (-58.90705048129338 -2.5873677635012347)
2024,CORTE SELETIVO,C60L63,POINT (-58.89345253183441 -2.5382471431909237)
2024,CORTE SELETIVO,C60L63,POINT (-58.93354610713109 -2.5063524093355545)
2024,CORTE SELETIVO,C60L63,POINT (-58.88522031042297 -2.6349539989562367)
2024,CORTE SELETIVO,C60L63,POINT (-58.88687674431332 -2.6336543978207985)
2024,CORTE SELETIVO,C60L63,POINT (-58.887153230667835 -2.633354495428146)
2024,CORTE SELETIVO,C60L63,POINT (-58.850153323055856 -2.601151566337689)
2024,CORTE SELETIVO,C60L63,POINT (-58.84994492742692 -2.600853717411588)
2024,CORTE SELETIVO,C60L63,POINT (-58.82814706703948 -2.5997476195043743)
2024,CORTE SELETIVO,C60L63,POINT (-58.82764617244876 -2.599746583701724)
2024,CORTE SELETIVO,C60L63,POINT (-58.848947458986046 -2.5992520056900106)
2024,CORTE SELETIVO,C60L63,POINT (-58.848748474317155 -2.5992487170219527)
2024,CORTE SELETIVO,C60L63,POINT (-58.82734513120747 -2.599147897361996)
2024,CORTE SELETIVO,C60L63,POINT (-58.83444860850541 -2.5980476817404328)
2024,CORTE SELETIVO,C60L63,POINT (-58.8017565318626 -2.5978512582798468)
2024,CORTE SELETIVO,C60L63,POINT (-58.771347315341416 -2.5965502982479602)
2024,CORTE SELETIVO,C60L63,POINT (-58.77067031483141 -2.5963457520808424)
2024,CORTE SELETIVO,C60L63,POINT (-58.80595324278616 -2.5962508906710924)
2024,CORTE SELETIVO,C60L63,POINT (-58.772055139032254 -2.5959477166141816)
2024,CORTE SELETIVO,C60L63,POINT (-58.8070537720891 -2.5953502471032324)
2024,CORTE SELETIVO,C60L63,POINT (-58.807845982808544 -2.5944459435052845)
2024,CORTE SELETIVO,C60L63,POINT (-58.80845179000503 -2.5937467058436745)
2024,CORTE SELETIVO,C60L63,POINT (-58.80875029022948 -2.5933544992137665)
2024,CORTE SELETIVO,C60L63,POINT (-58.80964831509923 -2.5925468877627926)
2024,CORTE SELETIVO,C60L63,POINT (-58.81024905466593 -2.5923490276294667)
2024,CORTE SELETIVO,C60L63,POINT (-58.811448167615495 -2.5901733314538955)
2024,CORTE SELETIVO,C60L63,POINT (-58.82294567627422 -2.5648454297688974)
2024,CORTE SELETIVO,C60L63,POINT (-58.85585021001444 -2.5073501322235643)
2024,CORTE SELETIVO,C60L63,POINT (-58.955154813828905 -2.609749816640941)
2024,CORTE SELETIVO,C60L63,POINT (-58.85575426847092 -2.5896455690287086)
2024,CORTE SELETIVO,C60L63,POINT (-58.882150644272535 -2.520150831012758)
2024,CORTE SELETIVO,C60L63,POINT (-58.955245812616184 -2.6098455120291675)
2024,CORTE SELETIVO,C60L63,POINT (-58.93335197641884 -2.6095478536530554)
2024,CORTE SELETIVO,C60L63,POINT (-58.94015181839627 -2.662525047981845)
2024,CORTE SELETIVO,C60L63,POINT (-58.77175506100913 -2.5948521993719527)
2024,CORTE SELETIVO,C60L63,POINT (-58.85565335920242 -2.5897518462495657)
2024,CORTE SELETIVO,C60L63,POINT (-58.90584600081282 -2.5309516224109028)
2024,CORTE SELETIVO,C60L63,POINT (-58.82824793264547 -2.520452652638255)
2024,CORTE SELETIVO,C60L63,POINT (-58.99905188518423 -2.703051219696906)
2024,CORTE SELETIVO,C60L63,POINT (-58.964452338594555 -2.6819546646079173)
2024,CORTE SELETIVO,C60L63,POINT (-58.983195426432076 -2.6709613206586744)
2024,CORTE SELETIVO,C60L63,POINT (-58.973746430609104 -2.6670947518984187)
2024,CORTE SELETIVO,C60L63,POINT (-58.97364838402356 -2.666447195338804)
2024,CORTE SELETIVO,C60L63,POINT (-58.97078852318375 -2.664067068541288)
2024,CORTE SELETIVO,C60L63,POINT (-58.96084868689865 -2.6636480287797184)
2024,CORTE SELETIVO,C60L63,POINT (-58.964653228283765 -2.662450203605555)
2024,CORTE SELETIVO,C60L63,POINT (-58.96504735781728 -2.6624073211542925)
2024,CORTE SELETIVO,C60L63,POINT (-58.97925477110959 -2.6597528129977364)
2024,CORTE SELETIVO,C60L63,POINT (-58.95945283237388 -2.6566479460946852)
2024,CORTE SELETIVO,C60L63,POINT (-58.96874653216163 -2.6537502501233567)
2024,CORTE SELETIVO,C60L63,POINT (-58.968954086979224 -2.648654689576683)
2024,CORTE SELETIVO,C60L63,POINT (-58.96264510949535 -2.6125878383389622)
2024,CORTE SELETIVO,C60L63,POINT (-58.96255487054623 -2.612349017984815)
2024,CORTE SELETIVO,C60L63,POINT (-58.97655119643048 -2.6047053539115277)
2024,CORTE SELETIVO,C60L63,POINT (-58.97475324980234 -2.604095181829362)
2024,CORTE SELETIVO,C60L63,POINT (-58.96754776034006 -2.603847070051584)
2024,CORTE SELETIVO,C60L63,POINT (-58.969948234808754 -2.6024457023736596)
2024,CORTE SELETIVO,C60L63,POINT (-58.983750836525026 -2.599950179727352)
2024,CORTE SELETIVO,C60L63,POINT (-58.98215163270978 -2.5988752193746305)
2024,CORTE SELETIVO,C60L63,POINT (-58.96132716392427 -2.595528344771569)
2024,CORTE SELETIVO,C60L63,POINT (-58.96885093759185 -2.5706546530372374)
2024,CORTE SELETIVO,C60L63,POINT (-58.96885139362274 -2.5702799805990533)
2024,CORTE SELETIVO,C60L63,POINT (-58.995250519618025 -2.519249878465963)
2024,CORTE SELETIVO,C60L63,POINT (-58.95054023545366 -2.686251364630293)
2024,CORTE SELETIVO,C60L63,POINT (-58.944452163126535 -2.6725526994655504)
2024,CORTE SELETIVO,C60L63,POINT (-58.95425337625907 -2.653952561076089)
2024,CORTE SELETIVO,C60L63,POINT (-58.934944727119564 -2.612851413337329)
2024,CORTE SELETIVO,C60L63,POINT (-58.93744737135927 -2.6114238649262154)
2024,CORTE SELETIVO,C60L63,POINT (-58.93384889361023 -2.609354062144799)
2024,CORTE SELETIVO,C60L63,POINT (-58.93234689396619 -2.608653345726825)
2024,CORTE SELETIVO,C60L63,POINT (-58.95845271944738 -2.608347913614957)
2024,CORTE SELETIVO,C60L63,POINT (-58.939448856363256 -2.606994211588275)
2024,CORTE SELETIVO,C60L63,POINT (-58.94095035993183 -2.6037502604526255)
2024,CORTE SELETIVO,C60L63,POINT (-58.940901839414245 -2.603047352110552)
2024,CORTE SELETIVO,C60L63,POINT (-58.94105301806699 -2.6028509046713197)
2024,CORTE SELETIVO,C60L63,POINT (-58.94145069141302 -2.601952580827526)
2024,CORTE SELETIVO,C60L63,POINT (-58.94184823624968 -2.601453769946419)
2024,CORTE SELETIVO,C60L63,POINT (-58.925047534803404 -2.599549246480149)
2024,CORTE SELETIVO,C60L63,POINT (-58.92474763906299 -2.599454442337426)
2024,CORTE SELETIVO,C60L63,POINT (-58.95142402091915 -2.597646219764085)
2024,CORTE SELETIVO,C60L63,POINT (-58.95864993058339 -2.594153861956258)
2024,CORTE SELETIVO,C60L63,POINT (-58.958615007975006 -2.5938475157933296)
2024,CORTE SELETIVO,C60L63,POINT (-58.943945653621775 -2.592953078475864)
2024,CORTE SELETIVO,C60L63,POINT (-58.94424733197964 -2.592950021574358)
2024,CORTE SELETIVO,C60L63,POINT (-58.94404891056078 -2.5925284778504274)
2024,CORTE SELETIVO,C60L63,POINT (-58.923254397347606 -2.5914543929174694)
2024,CORTE SELETIVO,C60L63,POINT (-58.94214648726597 -2.5886274435426966)
2024,CORTE SELETIVO,C60L63,POINT (-58.93497417926023 -2.5085513556052597)
2024,CORTE SELETIVO,C60L63,POINT (-58.91374561388036 -2.748153823849615)
2024,CORTE SELETIVO,C60L63,POINT (-58.88495125844781 -2.6848527587261546)
2024,CORTE SELETIVO,C60L63,POINT (-58.89015012260243 -2.6754794174844534)
2024,CORTE SELETIVO,C60L63,POINT (-58.90074527404823 -2.6592506794936437)
2024,CORTE SELETIVO,C60L63,POINT (-58.901149699608496 -2.6415548741062573)
2024,CORTE SELETIVO,C60L63,POINT (-58.82315284477877 -2.585248110617294)
2024,CORTE SELETIVO,C60L63,POINT (-58.84534576173752 -2.571047661009402)
2024,CORTE SELETIVO,C60L63,POINT (-58.8485485298292 -2.567048001434019)
2024,CORTE SELETIVO,C60L63,POINT (-58.84824775307141 -2.5669525859247178)
2024,CORTE SELETIVO,C60L63,POINT (-58.84564771448454 -2.5555993937300365)
2024,CORTE SELETIVO,C60L63,POINT (-58.81814569740871 -2.5443539087377482)
2024,CORTE SELETIVO,C60L63,POINT (-58.82775123260416 -2.5380473154276797)
2024,CORTE SELETIVO,C60L63,POINT (-58.86404794568745 -2.5345522930073643)
2024,CORTE SELETIVO,C60L63,POINT (-58.81234641901362 -2.5338490003390746)
2024,CORTE SELETIVO,C60L63,POINT (-58.88635449665239 -2.533254540198283)
2024,CORTE SELETIVO,C60L63,POINT (-58.81294796226813 -2.5312514178526215)
2024,CORTE SELETIVO,C60L63,POINT (-58.877254656541 -2.52955255745465)
2024,CORTE SELETIVO,C60L63,POINT (-58.87734939806049 -2.5294467720981566)
2024,CORTE SELETIVO,C60L63,POINT (-58.87649206267731 -2.5243519966761436)
2024,CORTE SELETIVO,C60L63,POINT (-58.828258216504736 -2.5203181563790857)
2024,CORTE SELETIVO,C60L63,POINT (-58.822754991901334 -2.519048430304983)
2024,CORTE SELETIVO,C60L63,POINT (-58.81955205801817 -2.5068499044003834)
2024,CORTE SELETIVO,C60L63,POINT (-58.8639486827946 -2.5044528690375563)
2024,CORTE SELETIVO,C60L63,POINT (-58.863853225523094 -2.5043538874469915)
2024,CORTE SELETIVO,C60L63,POINT (-58.81355043405041 -2.502953690325302)
2024,CORTE SELETIVO,C60L63,POINT (-58.77822651101503 -2.7308378321571416)
2024,CORTE SELETIVO,C60L63,POINT (-58.770447359361135 -2.6867483446597573)
2024,CORTE SELETIVO,C60L63,POINT (-58.7698495835218 -2.685147929330888)
2024,CORTE SELETIVO,C60L63,POINT (-58.797752039874524 -2.6342527188925566)
2024,CORTE SELETIVO,C60L63,POINT (-58.753450954598286 -2.627046843576729)
2024,CORTE SELETIVO,C60L63,POINT (-58.79714838819793 -2.609948107704709)
2024,CORTE SELETIVO,C60L63,POINT (-58.80247739027474 -2.5976539396687905)
2024,CORTE SELETIVO,C60L63,POINT (-58.802846785727944 -2.597627511245311)
2024,CORTE SELETIVO,C60L63,POINT (-58.78758560504017 -2.5868324095798894)
2024,CORTE SELETIVO,C60L63,POINT (-58.78754629302762 -2.586446995813619)
2024,CORTE SELETIVO,C60L63,POINT (-58.784654515233306 -2.5832494946068207)
2024,CORTE SELETIVO,C60L63,POINT (-58.812351957792075 -2.54394667153239)
2024,CORTE SELETIVO,C60L63,POINT (-58.81224725714596 -2.533645392468182)
2024,CORTE SELETIVO,C60L63,POINT (-58.79032281856682 -2.532350714360575)
2024,CORTE SELETIVO,C60L63,POINT (-58.80084516018221 -2.5322742499099387)
2024,CORTE SELETIVO,C60L63,POINT (-58.79035234924127 -2.5321507438253867)
2024,CORTE SELETIVO,C60L63,POINT (-58.800045649007814 -2.5310506811147397)
2024,CORTE SELETIVO,C60L63,POINT (-58.791553772292126 -2.5235463351601046)
2024,CORTE SELETIVO,C60L63,POINT (-58.77398514703972 -2.5229740181386853)
2024,CORTE SELETIVO,C60L63,POINT (-58.77815003302916 -2.507451466727922)
2024,CORTE SELETIVO,C60L63,POINT (-58.77825100154111 -2.507346987983926)
2024,CORTE SELETIVO,C60L63,POINT (-58.77855283184182 -2.507245712190808)
2024,CORTE SELETIVO,C60L63,POINT (-58.80227524550167 -2.5009472543698874)
2024,CORTE SELETIVO,C60L63,POINT (-58.95034926260516 -2.686247067745222)
2024,CORTE SELETIVO,C60L63,POINT (-58.855549410742796 -2.5898507616639)
2024,CORTE SELETIVO,C60L63,POINT (-58.85565306663419 -2.5896459238712106)
2024,CORTE SELETIVO,C60L63,POINT (-58.90594706394717 -2.5309465766528056)
2024,CORTE SELETIVO,C60L63,POINT (-58.82224582951965 -2.572451091414043)
2024,CORTE SELETIVO,C60L63,POINT (-58.905887387053085 -2.531049303932271)
2024,CORTE SELETIVO,C60L63,POINT (-58.82515108638253 -2.514052587979636)
2024,CORTE SELETIVO,C60L63,POINT (-58.975752485017075 -2.6958462660793523)
2024,CORTE SELETIVO,C60L63,POINT (-58.96494776755101 -2.681948199222625)
2024,CORTE SELETIVO,C60L63,POINT (-58.97934737004972 -2.660154809414456)
2024,CORTE SELETIVO,C60L63,POINT (-58.97954976508238 -2.6090536188033333)
2024,CORTE SELETIVO,C60L63,POINT (-58.97375222800003 -2.606649629387466)
2024,CORTE SELETIVO,C60L63,POINT (-58.97814736052572 -2.605614481901984)
2024,CORTE SELETIVO,C60L63,POINT (-58.97784872542249 -2.6055522458961278)
2024,CORTE SELETIVO,C60L63,POINT (-58.97195279115914 -2.6011540298220988)
2024,CORTE SELETIVO,C60L63,POINT (-58.98675344487617 -2.592948267695371)
2024,CORTE SELETIVO,C60L63,POINT (-58.973945382360796 -2.5923671812387856)
2024,CORTE SELETIVO,C60L63,POINT (-58.97995222828047 -2.591846786691574)
2024,CORTE SELETIVO,C60L63,POINT (-58.95955309777078 -2.5899476644169357)
2024,CORTE SELETIVO,C60L63,POINT (-58.959379785862225 -2.5895494772720404)
2024,CORTE SELETIVO,C60L63,POINT (-58.965946426296206 -2.5792539634212495)
2024,CORTE SELETIVO,C60L63,POINT (-58.966049611536455 -2.5790459232410607)
2024,CORTE SELETIVO,C60L63,POINT (-58.96575371849847 -2.5789505108901074)
2024,CORTE SELETIVO,C60L63,POINT (-58.9658585728015 -2.578845295199144)
2024,CORTE SELETIVO,C60L63,POINT (-58.95324667230568 -2.6689455819856205)
2024,CORTE SELETIVO,C60L63,POINT (-58.956653984522895 -2.6139506218841935)
2024,CORTE SELETIVO,C60L63,POINT (-58.956544920340335 -2.613750276452259)
2024,CORTE SELETIVO,C60L63,POINT (-58.95665152824389 -2.6113535833241355)
2024,CORTE SELETIVO,C60L63,POINT (-58.95115013430316 -2.606053309320242)
2024,CORTE SELETIVO,C60L63,POINT (-58.94987717627645 -2.6026485347130595)
2024,CORTE SELETIVO,C60L63,POINT (-58.94344587220685 -2.6001540254719937)
2024,CORTE SELETIVO,C60L63,POINT (-58.94274946843422 -2.5999486091977393)
2024,CORTE SELETIVO,C60L63,POINT (-58.94406481566383 -2.5978504218569287)
2024,CORTE SELETIVO,C60L63,POINT (-58.956654604603315 -2.594152968874527)
2024,CORTE SELETIVO,C60L63,POINT (-58.94914930023658 -2.5910470285407814)
2024,CORTE SELETIVO,C60L63,POINT (-58.95816170292607 -2.59104539881643)
2024,CORTE SELETIVO,C60L63,POINT (-58.95764772706622 -2.5908487241679636)
2024,CORTE SELETIVO,C60L63,POINT (-58.9477519871456 -2.5867473356799855)
2024,CORTE SELETIVO,C60L63,POINT (-58.947952630463725 -2.586650757028506)
2024,CORTE SELETIVO,C60L63,POINT (-58.947445109736705 -2.5852518129865447)
2024,CORTE SELETIVO,C60L63,POINT (-58.94755069568398 -2.5844454316651375)
2024,CORTE SELETIVO,C60L63,POINT (-58.94174759102306 -2.6647511429221664)
2024,CORTE SELETIVO,C60L63,POINT (-58.94014761927212 -2.6623518698245725)
2024,CORTE SELETIVO,C60L63,POINT (-58.932445446293876 -2.609450268922323)
2024,CORTE SELETIVO,C60L63,POINT (-58.94074662921531 -2.6030546952132774)
2024,CORTE SELETIVO,C60L63,POINT (-58.83414959154511 -2.5980517773413245)
2024,CORTE SELETIVO,C60L63,POINT (-58.80312064485767 -2.5975730780383746)
2024,CORTE SELETIVO,C60L63,POINT (-58.80585429465359 -2.5962527073796613)
2024,CORTE SELETIVO,C60L63,POINT (-58.80724610283431 -2.5951506954413195)
2024,CORTE SELETIVO,C60L63,POINT (-58.80764598360078 -2.594753431331753)
2024,CORTE SELETIVO,C60L63,POINT (-58.80845475845229 -2.59407348335517)
2024,CORTE SELETIVO,C60L63,POINT (-58.80869725624464 -2.593649342569227)
2024,CORTE SELETIVO,C60L63,POINT (-58.81015352418069 -2.592252471463982)
2024,CORTE SELETIVO,C60L63,POINT (-58.9135464555749 -2.58855356990124)
2024,CORTE SELETIVO,C60L63,POINT (-58.91194747316799 -2.588253170582977)
2024,CORTE SELETIVO,C60L63,POINT (-58.91144497839911 -2.5882459477462785)
2024,CORTE SELETIVO,C60L63,POINT (-58.913745841693846 -2.5559528523129225)
2024,CORTE SELETIVO,C60L63,POINT (-58.95035075853306 -2.6861490545730047)
2024,CORTE SELETIVO,C60L63,POINT (-58.955047580496625 -2.6098512668874974)
2024,CORTE SELETIVO,C60L63,POINT (-58.97684649878573 -2.6056457508875783)
2024,CORTE SELETIVO,C60L63,POINT (-58.812251770352724 -2.588850854055568)
2024,CORTE SELETIVO,C60L63,POINT (-58.93454678321867 -2.6540512686982414)
2024,CORTE SELETIVO,C60L63,POINT (-58.939454714835904 -2.6062528029521443)
2024,CORTE SELETIVO,C60L63,POINT (-58.97254488110467 -2.605554786256449)
2024,CORTE SELETIVO,C60L63,POINT (-58.97985469789742 -2.5904455787439042)
2024,CORTE SELETIVO,C60L63,POINT (-58.94455166280302 -2.668852187111287)
2024,CORTE SELETIVO,C60L63,POINT (-58.81214708895876 -2.54394680800243)
2024,CORTE SELETIVO,C60L63,POINT (-58.97864977701199 -2.6648533930891847)
2024,CORTE SELETIVO,C60L63,POINT (-58.96975359192289 -2.6557462969057215)
2024,CORTE SELETIVO,C60L63,POINT (-58.97954894401055 -2.6094512042374656)
2024,CORTE SELETIVO,C60L63,POINT (-58.973546210038904 -2.6069497078190627)
2024,CORTE SELETIVO,C60L63,POINT (-58.97784542393575 -2.605749347286667)
2024,CORTE SELETIVO,C60L63,POINT (-58.97694830948769 -2.605647977085486)
2024,CORTE SELETIVO,C60L63,POINT (-58.97845272909555 -2.6055543126873224)
2024,CORTE SELETIVO,C60L63,POINT (-58.96825095345369 -2.605249688886455)
2024,CORTE SELETIVO,C60L63,POINT (-58.96554972000128 -2.6046480786695256)
2024,CORTE SELETIVO,C60L63,POINT (-58.96305025169528 -2.60284584133614)
2024,CORTE SELETIVO,C60L63,POINT (-58.9602507184732 -2.593351080894486)
2024,CORTE SELETIVO,C60L63,POINT (-58.97974951642635 -2.5918505312259588)
2024,CORTE SELETIVO,C60L63,POINT (-58.98295024269087 -2.589745864189528)
2024,CORTE SELETIVO,C60L63,POINT (-58.963053989162795 -2.583046592106721)
2024,CORTE SELETIVO,C60L63,POINT (-58.94494618435448 -2.679449795186267)
2024,CORTE SELETIVO,C60L63,POINT (-58.955449170713656 -2.656649016756139)
2024,CORTE SELETIVO,C60L63,POINT (-58.92395290925121 -2.6452504242672332)
2024,CORTE SELETIVO,C60L63,POINT (-58.92195480371088 -2.6449454458638164)
2024,CORTE SELETIVO,C60L63,POINT (-58.95674620592779 -2.613949760349423)
2024,CORTE SELETIVO,C60L63,POINT (-58.96005077593197 -2.5929477142975457)
2024,CORTE SELETIVO,C60L63,POINT (-58.94875304552814 -2.591253980737493)
2024,CORTE SELETIVO,C60L63,POINT (-58.957752865713765 -2.59104927424799)
2024,CORTE SELETIVO,C60L63,POINT (-58.95835487272964 -2.5908532713996073)
2024,CORTE SELETIVO,C60L63,POINT (-58.95814641114268 -2.58664551417963)
2024,CORTE SELETIVO,C60L63,POINT (-58.95805171182623 -2.5865534250559876)
2024,CORTE SELETIVO,C60L63,POINT (-58.94814892382649 -2.586553047179403)
2024,CORTE SELETIVO,C60L63,POINT (-58.947347570420156 -2.585247994398997)
2024,CORTE SELETIVO,C60L63,POINT (-58.94634659580515 -2.5840463778441336)
2024,CORTE SELETIVO,C60L63,POINT (-58.887153909728575 -2.63325012914113)
2024,CORTE SELETIVO,C60L63,POINT (-58.85014974707748 -2.6010547030904454)
2024,CORTE SELETIVO,C60L63,POINT (-58.82734663892716 -2.5990546843491007)
2024,CORTE SELETIVO,C60L63,POINT (-58.83425250158022 -2.598046099787396)
2024,CORTE SELETIVO,C60L63,POINT (-58.83402216108823 -2.5980453940410753)
2024,CORTE SELETIVO,C60L63,POINT (-58.83444752027207 -2.5979467125866207)
2024,CORTE SELETIVO,C60L63,POINT (-58.80165345854973 -2.597853104216345)
2024,CORTE SELETIVO,C60L63,POINT (-58.80555366083255 -2.596353325421574)
2024,CORTE SELETIVO,C60L63,POINT (-58.80705323597702 -2.595245707475396)
2024,CORTE SELETIVO,C60L63,POINT (-58.808748051969 -2.593246732333893)
2024,CORTE SELETIVO,C60L63,POINT (-58.81035376268484 -2.5923523432588946)
2024,CORTE SELETIVO,C60L63,POINT (-58.81005114283668 -2.592350931601899)
2024,CORTE SELETIVO,C60L63,POINT (-58.85584875838173 -2.5895462893051646)
2024,CORTE SELETIVO,C60L63,POINT (-58.81335343701125 -2.545854265348446)
2024,CORTE SELETIVO,C60L63,POINT (-58.99905162649661 -2.7029464974074493)
2024,CORTE SELETIVO,C60L63,POINT (-58.950254299191236 -2.6861479408507485)
2024,CORTE SELETIVO,C60L63,POINT (-58.95304885120475 -2.6810525594024823)
2024,CORTE SELETIVO,C60L63,POINT (-58.94634912836022 -2.68024717082771)
2024,CORTE SELETIVO,C60L63,POINT (-58.95915072146909 -2.67395431054453)
2024,CORTE SELETIVO,C60L63,POINT (-58.98314904797325 -2.671247818666377)
2024,CORTE SELETIVO,C60L63,POINT (-58.98324846069659 -2.671148353576377)
2024,CORTE SELETIVO,C60L63,POINT (-58.973852202355815 -2.6668354942461097)
2024,CORTE SELETIVO,C60L63,POINT (-58.9738075307896 -2.666453800560307)
2024,CORTE SELETIVO,C60L63,POINT (-58.966951187285204 -2.663446581877961)
2024,CORTE SELETIVO,C60L63,POINT (-58.96435433646825 -2.6631535876278662)
2024,CORTE SELETIVO,C60L63,POINT (-58.96524914339733 -2.657152419621453)
2024,CORTE SELETIVO,C60L63,POINT (-58.96515071937262 -2.657053072029204)
2024,CORTE SELETIVO,C60L63,POINT (-58.968947032770025 -2.6489506291151783)
2024,CORTE SELETIVO,C60L63,POINT (-58.97166618157403 -2.6457493109614325)
2024,CORTE SELETIVO,C60L63,POINT (-58.97964771505463 -2.609251984794312)
2024,CORTE SELETIVO,C60L63,POINT (-58.96914845965123 -2.6068546135513713)
2024,CORTE SELETIVO,C60L63,POINT (-58.97275261309413 -2.6056538741549624)
2024,CORTE SELETIVO,C60L63,POINT (-58.96222360125488 -2.6015503082645584)
2024,CORTE SELETIVO,C60L63,POINT (-58.97183830507874 -2.6005530809022646)
2024,CORTE SELETIVO,C60L63,POINT (-58.97165053720979 -2.6004526478978263)
2024,CORTE SELETIVO,C60L63,POINT (-58.95125031956881 -2.597450028587096)
2024,CORTE SELETIVO,C60L63,POINT (-58.94363619875229 -2.59165473787868)
2024,CORTE SELETIVO,C60L63,POINT (-58.9489536502125 -2.590547819234422)
2024,CORTE SELETIVO,C60L63,POINT (-58.97644819240075 -2.586746759080227)
2024,CORTE SELETIVO,C60L63,POINT (-58.96305459961421 -2.5800528627924058)
2024,CORTE SELETIVO,C60L63,POINT (-58.837157180991575 -2.6820695399688366)
2024,CORTE SELETIVO,C60L63,POINT (-58.890277323073065 -2.6750549448877408)
2024,CORTE SELETIVO,C60L63,POINT (-58.900552401449374 -2.6591367412926594)
2024,CORTE SELETIVO,C60L63,POINT (-58.90264083182541 -2.6576459562340435)
2024,CORTE SELETIVO,C60L63,POINT (-58.924052482332485 -2.6079453437826587)
2024,CORTE SELETIVO,C60L63,POINT (-58.9242548998663 -2.6076463937409304)
2024,CORTE SELETIVO,C60L63,POINT (-58.93935404650158 -2.6070516577337886)
2024,CORTE SELETIVO,C60L63,POINT (-58.83045059173624 -2.60394894912991)
2024,CORTE SELETIVO,C60L63,POINT (-58.94334720123274 -2.591752368062667)
2024,CORTE SELETIVO,C60L63,POINT (-58.834846476010384 -2.5798546000961826)
2024,CORTE SELETIVO,C60L63,POINT (-58.84529775023194 -2.571145643949409)
2024,CORTE SELETIVO,C60L63,POINT (-58.85120127565377 -2.5621470783643447)
2024,CORTE SELETIVO,C60L63,POINT (-58.87434982213224 -2.5496523363643497)
2024,CORTE SELETIVO,C60L63,POINT (-58.88214740229283 -2.5432510429964417)
2024,CORTE SELETIVO,C60L63,POINT (-58.87575279373859 -2.53465440105519)
2024,CORTE SELETIVO,C60L63,POINT (-58.85252533027567 -2.534448004273825)
2024,CORTE SELETIVO,C60L63,POINT (-58.87534705312067 -2.534449366857233)
2024,CORTE SELETIVO,C60L63,POINT (-58.88664888625079 -2.5333458647735667)
2024,CORTE SELETIVO,C60L63,POINT (-58.86634768804512 -2.5330417022393448)
2024,CORTE SELETIVO,C60L63,POINT (-58.8772472238232 -2.5296476648970128)
2024,CORTE SELETIVO,C60L63,POINT (-58.8385925786276 -2.5136535808333678)
2024,CORTE SELETIVO,C60L63,POINT (-58.85994707059274 -2.5098533584273026)
2024,CORTE SELETIVO,C60L63,POINT (-58.837353687107985 -2.5077544512994154)
2024,CORTE SELETIVO,C60L63,POINT (-58.835454423010255 -2.506748445590416)
2024,CORTE SELETIVO,C60L63,POINT (-58.859150685053194 -2.5053553663724317)
2024,CORTE SELETIVO,C60L63,POINT (-58.9377451798207 -2.501754247719956)
2024,CORTE SELETIVO,C60L63,POINT (-58.77835035336741 -2.7307520289036082)
2024,CORTE SELETIVO,C60L63,POINT (-58.765452247657585 -2.7258466339076155)
2024,CORTE SELETIVO,C60L63,POINT (-58.755679663764084 -2.7055150770133216)
2024,CORTE SELETIVO,C60L63,POINT (-58.75654510931741 -2.6869544610832445)
2024,CORTE SELETIVO,C60L63,POINT (-58.75683675996046 -2.686768664607185)
2024,CORTE SELETIVO,C60L63,POINT (-58.75664571399761 -2.6866500286831094)
2024,CORTE SELETIVO,C60L63,POINT (-58.75264773835066 -2.6707514490294937)
2024,CORTE SELETIVO,C60L63,POINT (-58.75254721441816 -2.6706505007288635)
2024,CORTE SELETIVO,C60L63,POINT (-58.7975530128628 -2.634653971103367)
2024,CORTE SELETIVO,C60L63,POINT (-58.79785498779966 -2.6344534656296656)
2024,CORTE SELETIVO,C60L63,POINT (-58.799052372612145 -2.5981511412963463)
2024,CORTE SELETIVO,C60L63,POINT (-58.80245009289686 -2.5975482315755696)
2024,CORTE SELETIVO,C60L63,POINT (-58.80255352762054 -2.5974473544817505)
2024,CORTE SELETIVO,C60L63,POINT (-58.812253896711134 -2.588954472592204)
2024,CORTE SELETIVO,C60L63,POINT (-58.812513483027935 -2.5883497330380436)
2024,CORTE SELETIVO,C60L63,POINT (-58.78755270066089 -2.586354360686791)
2024,CORTE SELETIVO,C60L63,POINT (-58.81245297138404 -2.5620452452914404)
2024,CORTE SELETIVO,C60L63,POINT (-58.80554765323985 -2.549853139620987)
2024,CORTE SELETIVO,C60L63,POINT (-58.81805203475842 -2.5393499894128997)
2024,CORTE SELETIVO,C60L63,POINT (-58.81525054962871 -2.53650087764694)
2024,CORTE SELETIVO,C60L63,POINT (-58.77395150246705 -2.5231456797021155)
2024,CORTE SELETIVO,C60L63,POINT (-58.773846960702976 -2.5229832186524983)
2024,CORTE SELETIVO,C60L63,POINT (-58.828301195729686 -2.5192470443732824)
2024,CORTE SELETIVO,C60L63,POINT (-58.82274526444277 -2.518750081843531)
2024,CORTE SELETIVO,C60L63,POINT (-58.81355150409694 -2.51365210395888)
2024,CORTE SELETIVO,C60L63,POINT (-58.815704331185934 -2.5066463779544392)
2024,CORTE SELETIVO,C60L63,POINT (-58.90586401003076 -2.531244966961357)
2024,CORTE SELETIVO,C60L63,POINT (-58.903650044272766 -2.6591506671438028)
2024,CORTE SELETIVO,C60L63,POINT (-58.9804461327775 -2.600854662916781)
2024,CORTE SELETIVO,C60L63,POINT (-58.77005400921357 -2.5148527213150182)
2024,CORTE SELETIVO,C60L63,POINT (-58.96894798809859 -2.5708494183243267)
2024,CORTE SELETIVO,C60L63,POINT (-58.836453342151806 -2.5147518320737547)
2024,CORTE SELETIVO,C60L63,POINT (-58.93455490662722 -2.654145159427726)
2024,CORTE SELETIVO,C60L63,POINT (-58.87564934228613 -2.5230493201800273)
2024,CORTE SELETIVO,C60L63,POINT (-58.95654726304017 -2.611846092366943)
2024,CORTE SELETIVO,C60L63,POINT (-58.96845438802059 -2.60995221522647)
2024,CORTE SELETIVO,C60L63,POINT (-58.979252549971186 -2.6076454797318704)
2024,CORTE SELETIVO,C60L63,POINT (-58.98235240681636 -2.604048543443938)
2024,CORTE SELETIVO,C60L63,POINT (-58.98304762266577 -2.6018546114042977)
2024,CORTE SELETIVO,C60L63,POINT (-58.971852560147184 -2.601154081459399)
2024,CORTE SELETIVO,C60L63,POINT (-58.97161042750035 -2.600949187869166)
2024,CORTE SELETIVO,C60L63,POINT (-58.962546029316584 -2.596849016822291)
2024,CORTE SELETIVO,C60L63,POINT (-58.96234996404742 -2.5949495074022275)
2024,CORTE SELETIVO,C60L63,POINT (-58.96024513510963 -2.593153341859706)
2024,CORTE SELETIVO,C60L63,POINT (-58.94924847518776 -2.591154020478345)
2024,CORTE SELETIVO,C60L63,POINT (-58.95834731860082 -2.5910457381537473)
2024,CORTE SELETIVO,C60L63,POINT (-58.9520473285918 -2.590253925756639)
2024,CORTE SELETIVO,C60L63,POINT (-58.95175045706747 -2.5902486273520116)
2024,CORTE SELETIVO,C60L63,POINT (-58.94774800676609 -2.5868519653719693)
2024,CORTE SELETIVO,C60L63,POINT (-58.94804881073957 -2.5866467188816737)
2024,CORTE SELETIVO,C60L63,POINT (-58.963946832927526 -2.5718294499899486)
2024,CORTE SELETIVO,C60L63,POINT (-58.900153032230314 -2.659651551671875)
2024,CORTE SELETIVO,C60L63,POINT (-58.935151011763175 -2.6547544744515776)
2024,CORTE SELETIVO,C60L63,POINT (-58.92715275937838 -2.6453485350942456)
2024,CORTE SELETIVO,C60L63,POINT (-58.93115126518169 -2.6084492286683467)
2024,CORTE SELETIVO,C60L63,POINT (-58.94305431155325 -2.599849277328475)
2024,CORTE SELETIVO,C60L63,POINT (-58.943149906060086 -2.59974554336992)
2024,CORTE SELETIVO,C60L63,POINT (-58.9249493044623 -2.5997510084850948)
2024,CORTE SELETIVO,C60L63,POINT (-58.924051305698285 -2.5928488680872754)
2024,CORTE SELETIVO,C60L63,POINT (-58.92284675184031 -2.5923488128325753)
2024,CORTE SELETIVO,C60L63,POINT (-58.94345458163024 -2.59177339255965)
2024,CORTE SELETIVO,C60L63,POINT (-58.94294913432307 -2.591547115386348)
2024,CORTE SELETIVO,C60L63,POINT (-58.916149506683325 -2.5909540578763743)
2024,CORTE SELETIVO,C60L63,POINT (-58.91334493884862 -2.5887485533759365)
2024,CORTE SELETIVO,C60L63,POINT (-58.911622583829946 -2.5885471685455963)
2024,CORTE SELETIVO,C60L63,POINT (-58.91325366476539 -2.588450000605637)
2024,CORTE SELETIVO,C60L63,POINT (-58.911646331015525 -2.5883461504947833)
2024,CORTE SELETIVO,C60L63,POINT (-58.915047753345526 -2.5547221162590823)
2024,CORTE SELETIVO,C60L63,POINT (-58.886948928232385 -2.633553540987435)
2024,CORTE SELETIVO,C60L63,POINT (-58.8909448657274 -2.6284543398656193)
2024,CORTE SELETIVO,C60L63,POINT (-58.89055334685098 -2.6283492610501527)
2024,CORTE SELETIVO,C60L63,POINT (-58.801551173400874 -2.5978470562289027)
2024,CORTE SELETIVO,C60L63,POINT (-58.771454325563745 -2.5965459267423774)
2024,CORTE SELETIVO,C60L63,POINT (-58.80584984398425 -2.5964470328601172)
2024,CORTE SELETIVO,C60L63,POINT (-58.80564796380126 -2.596354748402489)
2024,CORTE SELETIVO,C60L63,POINT (-58.8095465527435 -2.592746395786897)
2024,CORTE SELETIVO,C60L63,POINT (-58.809948791004324 -2.592597753961673)
2024,CORTE SELETIVO,C60L63,POINT (-58.810273529257074 -2.5922454110314015)
2024,CORTE SELETIVO,C60L63,POINT (-58.81034041143115 -2.592045256528332)
2024,CORTE SELETIVO,C60L63,POINT (-58.81155015132965 -2.590045675067239)
2024,CORTE SELETIVO,C60L63,POINT (-58.8117523692503 -2.5899510839650954)
2024,CORTE SELETIVO,C60L63,POINT (-58.80225163005772 -2.5625480016696245)
2024,CORTE SELETIVO,C60L63,POINT (-58.869651519922485 -2.5132520469136383)
2024,CORTE SELETIVO,C60L63,POINT (-58.98310755105811 -2.58965424577847)
2024,CORTE SELETIVO,C60L63,POINT (-58.81238899542402 -2.588951707547153)
2024,CORTE SELETIVO,C60L63,POINT (-58.947898789183114 -2.584593819040061)
2024,CORTE SELETIVO,C60L63,POINT (-58.974249062617 -2.5776094860706174)
2024,CORTE SELETIVO,C60L63,POINT (-58.89169236285774 -2.575550554990939)
2024,CORTE SELETIVO,C60L63,POINT (-58.9057487788686 -2.531217872191546)
2024,CORTE SELETIVO,C60L63,POINT (-58.967647705598466 -2.6847461472462415)
2024,CORTE SELETIVO,C60L63,POINT (-58.94634547056397 -2.680551279210839)
2024,CORTE SELETIVO,C60L63,POINT (-58.95905400995782 -2.674046977837068)
2024,CORTE SELETIVO,C60L63,POINT (-58.97801881075778 -2.671650168249309)
2024,CORTE SELETIVO,C60L63,POINT (-58.98334782472181 -2.6710522287661314)
2024,CORTE SELETIVO,C60L63,POINT (-58.96725496691764 -2.651452135566188)
2024,CORTE SELETIVO,C60L63,POINT (-58.96685203695408 -2.6515110969277997)
2024,CORTE SELETIVO,C60L63,POINT (-58.96699970104633 -2.651249280976821)
2024,CORTE SELETIVO,C60L63,POINT (-58.901151348033736 -2.64164821556346)
2024,CORTE SELETIVO,C60L63,POINT (-58.96908251697225 -2.6066834117387057)
2024,CORTE SELETIVO,C60L63,POINT (-58.940347982685644 -2.6048491706086843)
2024,CORTE SELETIVO,C60L63,POINT (-58.98044240875986 -2.6009459196665525)
2024,CORTE SELETIVO,C60L63,POINT (-58.964350786554796 -2.5951457436994514)
2024,CORTE SELETIVO,C60L63,POINT (-58.96455283175332 -2.594968013654998)
2024,CORTE SELETIVO,C60L63,POINT (-58.98115237821958 -2.5902897944817194)
2024,CORTE SELETIVO,C60L63,POINT (-58.95374563444409 -2.5866479525097983)
2024,CORTE SELETIVO,C60L63,POINT (-58.962250593511286 -2.578045317502236)
2024,CORTE SELETIVO,C60L63,POINT (-58.89404853924352 -2.6491471717075123)
2024,CORTE SELETIVO,C60L63,POINT (-58.90105018928714 -2.6415533349042355)
2024,CORTE SELETIVO,C60L63,POINT (-58.81445327615669 -2.621101582791086)
2024,CORTE SELETIVO,C60L63,POINT (-58.89374454714205 -2.6027527327545688)
2024,CORTE SELETIVO,C60L63,POINT (-58.85575030961146 -2.5895547016386464)
2024,CORTE SELETIVO,C60L63,POINT (-58.819053960295335 -2.577846667654019)
2024,CORTE SELETIVO,C60L63,POINT (-58.819245343089406 -2.5569458519884516)
2024,CORTE SELETIVO,C60L63,POINT (-58.841048474671226 -2.542836959883916)
2024,CORTE SELETIVO,C60L63,POINT (-58.848850998702844 -2.5384545910237026)
2024,CORTE SELETIVO,C60L63,POINT (-58.815246056125325 -2.5363541116220127)
2024,CORTE SELETIVO,C60L63,POINT (-58.840754969039615 -2.5335548538751804)
2024,CORTE SELETIVO,C60L63,POINT (-58.87925457781263 -2.5255509961705807)
2024,CORTE SELETIVO,C60L63,POINT (-58.882749489964674 -2.515751180298246)
2024,CORTE SELETIVO,C60L63,POINT (-58.835546667767325 -2.5067543758862865)
2024,CORTE SELETIVO,C60L63,POINT (-58.83535330150688 -2.5067492459162795)
2024,CORTE SELETIVO,C60L63,POINT (-58.86434486367602 -2.5065310313930307)
2024,CORTE SELETIVO,C60L63,POINT (-58.864544951881896 -2.506450912085583)
2024,CORTE SELETIVO,C60L63,POINT (-58.77845308305029 -2.7308459953924618)
2024,CORTE SELETIVO,C60L63,POINT (-58.771047442782574 -2.6881492078627085)
2024,CORTE SELETIVO,C60L63,POINT (-58.797953633289715 -2.634358420990966)
2024,CORTE SELETIVO,C60L63,POINT (-58.79784779987078 -2.634153643014442)
2024,CORTE SELETIVO,C60L63,POINT (-58.78784844106788 -2.5864451685750574)
2024,CORTE SELETIVO,C60L63,POINT (-58.78755445859375 -2.5798595444496737)
2024,CORTE SELETIVO,C60L63,POINT (-58.812448135167195 -2.5621470651448717)
2024,CORTE SELETIVO,C60L63,POINT (-58.8123493122638 -2.533972160691875)
2024,CORTE SELETIVO,C60L63,POINT (-58.78985265152876 -2.532001924754081)
2024,CORTE SELETIVO,C60L63,POINT (-58.77415132419888 -2.5231474436601484)
2024,CORTE SELETIVO,C60L63,POINT (-58.81032713985307 -2.5172486640444327)
2024,CORTE SELETIVO,C60L63,POINT (-58.77824954966475 -2.5075512106947566)
2024,CORTE SELETIVO,C60L63,POINT (-58.807448100410106 -2.5072594356001883)
2024,CORTE SELETIVO,C60L63,POINT (-58.80734768686192 -2.50714807482883)
2024,CORTE SELETIVO,C60L63,POINT (-58.81394563593335 -2.5011459296509715)
2024,CORTE SELETIVO,C60L63,POINT (-58.78834682420868 -2.500054075598911)
2024,CORTE SELETIVO,C60L63,POINT (-58.963547217092994 -2.6869521537344783)
2024,CORTE SELETIVO,C60L63,POINT (-58.954554793113765 -2.670249243517898)
2024,CORTE SELETIVO,C60L63,POINT (-58.978348630544524 -2.605646855764232)
2024,CORTE SELETIVO,C60L63,POINT (-58.97254810489415 -2.605650244937178)
2024,CORTE SELETIVO,C60L63,POINT (-58.97035179670447 -2.5993513393736007)
2024,CORTE SELETIVO,C60L63,POINT (-58.961245089826036 -2.5957519345380526)
2024,CORTE SELETIVO,C60L63,POINT (-58.95884759974224 -2.594254863165984)
2024,CORTE SELETIVO,C60L63,POINT (-58.9799457543608 -2.591653939559761)
2024,CORTE SELETIVO,C60L63,POINT (-58.95807125653072 -2.590754093061063)
2024,CORTE SELETIVO,C60L63,POINT (-58.980253597795766 -2.5882497428545115)
2024,CORTE SELETIVO,C60L63,POINT (-58.96574791681524 -2.5790505666532333)
2024,CORTE SELETIVO,C60L63,POINT (-58.965750351174414 -2.5788476842180614)
2024,CORTE SELETIVO,C60L63,POINT (-58.96924986434322 -2.5720465320648835)
2024,CORTE SELETIVO,C60L63,POINT (-58.954145548723176 -2.6089500186404937)
2024,CORTE SELETIVO,C60L63,POINT (-58.94345158846203 -2.598449554893862)
2024,CORTE SELETIVO,C60L63,POINT (-58.80175330222898 -2.597947323686024)
2024,CORTE SELETIVO,C60L63,POINT (-58.944145153145996 -2.5977537206885613)
2024,CORTE SELETIVO,C60L63,POINT (-58.944253757607946 -2.597645640733348)
2024,CORTE SELETIVO,C60L63,POINT (-58.806952005290384 -2.5951543540925197)
2024,CORTE SELETIVO,C60L63,POINT (-58.80875428065497 -2.593149772645087)
2024,CORTE SELETIVO,C60L63,POINT (-58.80955424361929 -2.5926522453314718)
2024,CORTE SELETIVO,C60L63,POINT (-58.94404689772366 -2.5921480250326896)
2024,CORTE SELETIVO,C60L63,POINT (-58.81044533646114 -2.5921535297512763)
2024,CORTE SELETIVO,C60L63,POINT (-58.942948794958056 -2.5914491661587915)
2024,CORTE SELETIVO,C60L63,POINT (-58.8117452063805 -2.590151318707008)
2024,CORTE SELETIVO,C60L63,POINT (-58.9138463682517 -2.588647972708507)
2024,CORTE SELETIVO,C60L63,POINT (-58.94414626484754 -2.6719488780676244)
2024,CORTE SELETIVO,C60L63,POINT (-58.954947689391844 -2.609653042913124)
2024,CORTE SELETIVO,C60L63,POINT (-58.88145159162965 -2.5346472156801414)
2024,CORTE SELETIVO,C60L63,POINT (-58.866646593485136 -2.531245743507324)
2024,CORTE SELETIVO,C60L63,POINT (-58.942052392952014 -2.665148021565263)
2024,CORTE SELETIVO,C60L63,POINT (-58.924947535871425 -2.6627451415315657)
2024,CORTE SELETIVO,C60L63,POINT (-58.810159181019095 -2.592445648917931)
2024,CORTE SELETIVO,C60L63,POINT (-58.94775250302923 -2.5846520189020024)
2024,CORTE SELETIVO,C60L63,POINT (-58.947349461360396 -2.5845532526193935)
2024,CORTE SELETIVO,C60L63,POINT (-58.98143477468605 -2.582408139122534)
2024,CORTE SELETIVO,C60L63,POINT (-58.91714700900895 -2.6428515330774554)
2024,CORTE SELETIVO,C60L63,POINT (-58.968349529064824 -2.6099537301847495)
2024,CORTE SELETIVO,C60L63,POINT (-58.979750945117736 -2.6092514306609327)
2024,CORTE SELETIVO,C60L63,POINT (-58.926545860012546 -2.6088503293763785)
2024,CORTE SELETIVO,C60L63,POINT (-58.9738492989776 -2.60654808971104)
2024,CORTE SELETIVO,C60L63,POINT (-58.97824859464843 -2.6056477041198014)
2024,CORTE SELETIVO,C60L63,POINT (-58.97805451337195 -2.6055451321752687)
2024,CORTE SELETIVO,C60L63,POINT (-58.92485170426856 -2.6044548356284505)
2024,CORTE SELETIVO,C60L63,POINT (-58.97136763826387 -2.6009481157733094)
2024,CORTE SELETIVO,C60L63,POINT (-58.94354529518469 -2.6004481005041966)
2024,CORTE SELETIVO,C60L63,POINT (-58.91975101163019 -2.5926489934208714)
2024,CORTE SELETIVO,C60L63,POINT (-58.962446558318426 -2.5758507327892466)
2024,CORTE SELETIVO,C60L63,POINT (-58.98114562468617 -2.5044513100422146)
2024,CORTE SELETIVO,C60L63,POINT (-58.771245847037534 -2.689049339210221)
2024,CORTE SELETIVO,C60L63,POINT (-58.89375494503956 -2.6489471368587867)
2024,CORTE SELETIVO,C60L63,POINT (-58.80164956969098 -2.5979458720333617)
2024,CORTE SELETIVO,C60L63,POINT (-58.807852057032484 -2.5946497483020923)
2024,CORTE SELETIVO,C60L63,POINT (-58.80774995637269 -2.594552940821096)
2024,CORTE SELETIVO,C60L63,POINT (-58.80884596367498 -2.593149824706522)
2024,CORTE SELETIVO,C60L63,POINT (-58.80985394882138 -2.592650523328345)
2024,CORTE SELETIVO,C60L63,POINT (-58.809750257570066 -2.5925516790003424)
2024,CORTE SELETIVO,C60L63,POINT (-58.8102473723345 -2.5921468823643448)
2024,CORTE SELETIVO,C60L63,POINT (-58.91345269004509 -2.5887523154419987)
2024,CORTE SELETIVO,C60L63,POINT (-58.911838740263406 -2.5885533965083813)
2024,CORTE SELETIVO,C60L63,POINT (-58.81475021450303 -2.5427496749908998)
2024,CORTE SELETIVO,C60L63,POINT (-58.875853615870625 -2.5439506265191145)
2024,CORTE SELETIVO,C60L63,POINT (-58.79764885623837 -2.6346489712756993)
2024,CORTE SELETIVO,C60L63,POINT (-58.9462449173593 -2.6803456311414395)
2024,CORTE SELETIVO,C60L63,POINT (-58.969046135658175 -2.6668489313945094)
2024,CORTE SELETIVO,C60L63,POINT (-58.97794570990423 -2.6058499061664255)
2024,CORTE SELETIVO,C60L63,POINT (-58.9671466084268 -2.6049481255158002)
2024,CORTE SELETIVO,C60L63,POINT (-58.943554792297725 -2.6003525567087196)
2024,CORTE SELETIVO,C60L63,POINT (-58.943351728346336 -2.5995545560986524)
2024,CORTE SELETIVO,C60L63,POINT (-58.9437470453391 -2.5981467744607807)
2024,CORTE SELETIVO,C60L63,POINT (-58.9446495141668 -2.5945538540825313)
2024,CORTE SELETIVO,C60L63,POINT (-58.8117510984805 -2.5900494250588557)
2024,CORTE SELETIVO,C60L63,POINT (-58.96775355883743 -2.6847204199385546)
2024,CORTE SELETIVO,C60L63,POINT (-58.94614639278796 -2.680347296183937)
2024,CORTE SELETIVO,C60L63,POINT (-58.946246683193095 -2.6801617412486967)
2024,CORTE SELETIVO,C60L63,POINT (-58.95694847389051 -2.6758482052872012)
2024,CORTE SELETIVO,C60L63,POINT (-58.94405398756637 -2.671826277747857)
2024,CORTE SELETIVO,C60L63,POINT (-58.98334896402854 -2.6711660237441617)
2024,CORTE SELETIVO,C60L63,POINT (-58.969647636763675 -2.667750873646733)
2024,CORTE SELETIVO,C60L63,POINT (-58.96945067202581 -2.6672514227301125)
2024,CORTE SELETIVO,C60L63,POINT (-58.97074629759825 -2.6644542764474766)
2024,CORTE SELETIVO,C60L63,POINT (-58.95371360130726 -2.664277087100593)
2024,CORTE SELETIVO,C60L63,POINT (-58.97994491242364 -2.6599501281961064)
2024,CORTE SELETIVO,C60L63,POINT (-58.96685265963771 -2.651248257550426)
2024,CORTE SELETIVO,C60L63,POINT (-58.96008366009362 -2.6297484453537727)
2024,CORTE SELETIVO,C60L63,POINT (-58.9627539429415 -2.6124468679540143)
2024,CORTE SELETIVO,C60L63,POINT (-58.969046715683646 -2.6068513760248697)
2024,CORTE SELETIVO,C60L63,POINT (-58.97244836548864 -2.605645980658213)
2024,CORTE SELETIVO,C60L63,POINT (-58.96980186989875 -2.6029461089081773)
2024,CORTE SELETIVO,C60L63,POINT (-58.9643685906514 -2.5948474563616197)
2024,CORTE SELETIVO,C60L63,POINT (-58.97404780532099 -2.592245424635639)
2024,CORTE SELETIVO,C60L63,POINT (-58.94915484836793 -2.590753865877578)
2024,CORTE SELETIVO,C60L63,POINT (-58.94904685603245 -2.5906460532562874)
2024,CORTE SELETIVO,C60L63,POINT (-58.95781473028531 -2.585645795841602)
2024,CORTE SELETIVO,C60L63,POINT (-58.95454749586344 -2.585451261931694)
2024,CORTE SELETIVO,C60L63,POINT (-58.945648626070714 -2.5832515006227137)
2024,CORTE SELETIVO,C60L63,POINT (-58.959040537917666 -2.5822452222835093)
2024,CORTE SELETIVO,C60L63,POINT (-58.931151785846914 -2.7492483047157186)
2024,CORTE SELETIVO,C60L63,POINT (-58.942052159926945 -2.6652457440895096)
2024,CORTE SELETIVO,C60L63,POINT (-58.94185367660855 -2.665049510814838)
2024,CORTE SELETIVO,C60L63,POINT (-58.94175043396399 -2.6649485826899317)
2024,CORTE SELETIVO,C60L63,POINT (-58.9020513527168 -2.6575467173716145)
2024,CORTE SELETIVO,C60L63,POINT (-58.902351016104 -2.657451155177576)
2024,CORTE SELETIVO,C60L63,POINT (-58.936144896141734 -2.656553703675481)
2024,CORTE SELETIVO,C60L63,POINT (-58.90854754158395 -2.6502544382287443)
2024,CORTE SELETIVO,C60L63,POINT (-58.8416475032792 -2.632948902116541)
2024,CORTE SELETIVO,C60L63,POINT (-58.93914626618513 -2.6082524814675354)
2024,CORTE SELETIVO,C60L63,POINT (-58.93904718531765 -2.6081539363145625)
2024,CORTE SELETIVO,C60L63,POINT (-58.939448983439036 -2.607849578270188)
2024,CORTE SELETIVO,C60L63,POINT (-58.85905000181646 -2.5941578578019935)
2024,CORTE SELETIVO,C60L63,POINT (-58.943650079958374 -2.586453233239974)
2024,CORTE SELETIVO,C60L63,POINT (-58.921153990893124 -2.5826463803842814)
2024,CORTE SELETIVO,C60L63,POINT (-58.837515865101736 -2.5732448859577186)
2024,CORTE SELETIVO,C60L63,POINT (-58.83464742950527 -2.557550506403903)
2024,CORTE SELETIVO,C60L63,POINT (-58.85147102260908 -2.5532795185165384)
2024,CORTE SELETIVO,C60L63,POINT (-58.85181845017471 -2.551157041837583)
2024,CORTE SELETIVO,C60L63,POINT (-58.87434545361411 -2.5497541197995837)
2024,CORTE SELETIVO,C60L63,POINT (-58.84144984221993 -2.5431461420006487)
2024,CORTE SELETIVO,C60L63,POINT (-58.866750577132336 -2.540751665415245)
2024,CORTE SELETIVO,C60L63,POINT (-58.847645566900745 -2.5380228423104314)
2024,CORTE SELETIVO,C60L63,POINT (-58.86624875656642 -2.532852155966957)
2024,CORTE SELETIVO,C60L63,POINT (-58.82946777456519 -2.5054538508701705)
2024,CORTE SELETIVO,C60L63,POINT (-58.762450357173776 -2.7343483813320244)
2024,CORTE SELETIVO,C60L63,POINT (-58.77104752148184 -2.7261614672364156)
2024,CORTE SELETIVO,C60L63,POINT (-58.76688732066036 -2.7230978016951815)
2024,CORTE SELETIVO,C60L63,POINT (-58.76715013607104 -2.7205533898488143)
2024,CORTE SELETIVO,C60L63,POINT (-58.781451985452755 -2.698150320604018)
2024,CORTE SELETIVO,C60L63,POINT (-58.77054504885569 -2.6906458571580316)
2024,CORTE SELETIVO,C60L63,POINT (-58.77126505279202 -2.689310542043409)
2024,CORTE SELETIVO,C60L63,POINT (-58.77155133821327 -2.6887462447123562)
2024,CORTE SELETIVO,C60L63,POINT (-58.77115480740714 -2.6884465783445486)
2024,CORTE SELETIVO,C60L63,POINT (-58.77105335399156 -2.688252219491943)
2024,CORTE SELETIVO,C60L63,POINT (-58.768853541912435 -2.6823474225485833)
2024,CORTE SELETIVO,C60L63,POINT (-58.7522827628006 -2.6711498844216788)
2024,CORTE SELETIVO,C60L63,POINT (-58.79777025720399 -2.634645970643703)
2024,CORTE SELETIVO,C60L63,POINT (-58.79805402582376 -2.634299326905187)
2024,CORTE SELETIVO,C60L63,POINT (-58.82024693997415 -2.585350583980739)
2024,CORTE SELETIVO,C60L63,POINT (-58.78755354504128 -2.580053314295036)
2024,CORTE SELETIVO,C60L63,POINT (-58.78745367950846 -2.579928371203965)
2024,CORTE SELETIVO,C60L63,POINT (-58.8224348534784 -2.5717410123641398)
2024,CORTE SELETIVO,C60L63,POINT (-58.80735486440684 -2.551450417329235)
2024,CORTE SELETIVO,C60L63,POINT (-58.82644550057314 -2.5409487224602465)
2024,CORTE SELETIVO,C60L63,POINT (-58.82284540402658 -2.519024589385325)
2024,CORTE SELETIVO,C60L63,POINT (-58.81355112764242 -2.517052836414934)
2024,CORTE SELETIVO,C60L63,POINT (-58.785749421821194 -2.5107528322718484)
2024,CORTE SELETIVO,C60L63,POINT (-58.78545090296592 -2.502850266473383)
2024,CORTE SELETIVO,C60L63,POINT (-58.8167460039371 -2.5011485617521774)
2024,CORTE SELETIVO,C60L63,POINT (-58.957053164386 -2.675846886174167)
2024,CORTE SELETIVO,C60L63,POINT (-58.95685378680287 -2.67574994222155)
2024,CORTE SELETIVO,C60L63,POINT (-58.84815298219307 -2.6605114961113885)
2024,CORTE SELETIVO,C60L63,POINT (-58.921148953292665 -2.6446066498510876)
2024,CORTE SELETIVO,C60L63,POINT (-58.88784898704485 -2.6413342745629644)
2024,CORTE SELETIVO,C60L63,POINT (-58.8869298647922 -2.6330510364890904)
2024,CORTE SELETIVO,C60L63,POINT (-58.95494489227284 -2.6097513639278067)
2024,CORTE SELETIVO,C60L63,POINT (-58.84465086089294 -2.5698542446789028)
2024,CORTE SELETIVO,C60L63,POINT (-58.95695501595433 -2.675750110581588)
2024,CORTE SELETIVO,C60L63,POINT (-58.79774826518321 -2.634548311955567)
2024,CORTE SELETIVO,C60L63,POINT (-58.822247253731646 -2.572349606804133)
2024,CORTE SELETIVO,C60L63,POINT (-58.856045027288054 -2.5454524625213186)
2024,CORTE SELETIVO,C60L63,POINT (-58.95234875133937 -2.6688499056590467)
2024,CORTE SELETIVO,C60L63,POINT (-58.883454750181706 -2.5131530105456914)
2024,CORTE SELETIVO,C60L63,POINT (-58.95704674371887 -2.675752358272168)
2024,CORTE SELETIVO,C60L63,POINT (-58.8750535508638 -2.5401512655729146)
2024,CORTE SELETIVO,C60L63,POINT (-58.76665410115666 -2.7173525618286405)
2024,CORTE SELETIVO,C60L63,POINT (-58.81394767733135 -2.6213464517556306)
2024,CORTE SELETIVO,C60L63,POINT (-58.96765229752047 -2.684850009992439)
2024,CORTE SELETIVO,C60L63,POINT (-58.96756040235866 -2.684561465422689)
2024,CORTE SELETIVO,C60L63,POINT (-58.95714702167902 -2.6757489396555467)
2024,CORTE SELETIVO,C60L63,POINT (-58.95700735402629 -2.6756544500907515)
2024,CORTE SELETIVO,C60L63,POINT (-58.95325428637993 -2.6690538981714056)
2024,CORTE SELETIVO,C60L63,POINT (-58.96944889263201 -2.667751093305924)
2024,CORTE SELETIVO,C60L63,POINT (-58.9689493496676 -2.6663525604731726)
2024,CORTE SELETIVO,C60L63,POINT (-58.958452717956206 -2.6656900017707197)
2024,CORTE SELETIVO,C60L63,POINT (-58.93835286216092 -2.6642491244959916)
2024,CORTE SELETIVO,C60L63,POINT (-58.95365137367876 -2.66415361799357)
2024,CORTE SELETIVO,C60L63,POINT (-58.95294504180623 -2.6564542070911457)
2024,CORTE SELETIVO,C60L63,POINT (-58.93554907986479 -2.6546528540389325)
2024,CORTE SELETIVO,C60L63,POINT (-58.959546976482784 -2.650646818746909)
2024,CORTE SELETIVO,C60L63,POINT (-58.962746428862125 -2.612582475297458)
2024,CORTE SELETIVO,C60L63,POINT (-58.96255030888435 -2.612550859171769)
2024,CORTE SELETIVO,C60L63,POINT (-58.96244848053546 -2.6124485128739354)
2024,CORTE SELETIVO,C60L63,POINT (-58.97305135393765 -2.6089530817972104)
2024,CORTE SELETIVO,C60L63,POINT (-58.939051180830496 -2.608246384990183)
2024,CORTE SELETIVO,C60L63,POINT (-58.93904791904752 -2.608045924347564)
2024,CORTE SELETIVO,C60L63,POINT (-58.95614601524674 -2.6067532232308754)
2024,CORTE SELETIVO,C60L63,POINT (-58.94504939721295 -2.594551724166086)
2024,CORTE SELETIVO,C60L63,POINT (-58.977650078668084 -2.5913525510393023)
2024,CORTE SELETIVO,C60L63,POINT (-58.97975177979069 -2.5901538907006327)
2024,CORTE SELETIVO,C60L63,POINT (-58.97984604485746 -2.5900469829224493)
2024,CORTE SELETIVO,C60L63,POINT (-58.942646247648845 -2.5894486861303343)
2024,CORTE SELETIVO,C60L63,POINT (-58.942450973114866 -2.5893674140425422)
2024,CORTE SELETIVO,C60L63,POINT (-58.97625341764337 -2.5864455471305257)
2024,CORTE SELETIVO,C60L63,POINT (-58.96384626729804 -2.5807459662368317)
2024,CORTE SELETIVO,C60L63,POINT (-58.968752094471654 -2.570450666693523)
2024,CORTE SELETIVO,C60L63,POINT (-58.91434652235941 -2.744534887394334)
2024,CORTE SELETIVO,C60L63,POINT (-58.91445216181971 -2.7442474585906833)
2024,CORTE SELETIVO,C60L63,POINT (-58.85644784755555 -2.7067523751773646)
2024,CORTE SELETIVO,C60L63,POINT (-58.901949490192315 -2.6577091216199937)
2024,CORTE SELETIVO,C60L63,POINT (-58.90104581094946 -2.641649796175712)
2024,CORTE SELETIVO,C60L63,POINT (-58.83835140058136 -2.6355459981443192)
2024,CORTE SELETIVO,C60L63,POINT (-58.92435112301484 -2.607651279478859)
2024,CORTE SELETIVO,C60L63,POINT (-58.924051494696606 -2.607649536822074)
2024,CORTE SELETIVO,C60L63,POINT (-58.92525224497036 -2.6020546622488463)
2024,CORTE SELETIVO,C60L63,POINT (-58.92394747641703 -2.5924546063008695)
2024,CORTE SELETIVO,C60L63,POINT (-58.923949152454256 -2.592251495086635)
2024,CORTE SELETIVO,C60L63,POINT (-58.92324647738806 -2.591351282625299)
2024,CORTE SELETIVO,C60L63,POINT (-58.837653030715366 -2.5734544641125203)
2024,CORTE SELETIVO,C60L63,POINT (-58.852146198123066 -2.5635521255333624)
2024,CORTE SELETIVO,C60L63,POINT (-58.851254938207006 -2.5533501997144277)
2024,CORTE SELETIVO,C60L63,POINT (-58.87564609462894 -2.5436537317444894)
2024,CORTE SELETIVO,C60L63,POINT (-58.84115071476226 -2.542948626359667)
2024,CORTE SELETIVO,C60L63,POINT (-58.85904836877845 -2.5382214588318357)
2024,CORTE SELETIVO,C60L63,POINT (-58.86404990310363 -2.534652447264053)
2024,CORTE SELETIVO,C60L63,POINT (-58.8638551261809 -2.53465043129569)
2024,CORTE SELETIVO,C60L63,POINT (-58.85814966533383 -2.534153375853872)
2024,CORTE SELETIVO,C60L63,POINT (-58.86615154276576 -2.5328085950331154)
2024,CORTE SELETIVO,C60L63,POINT (-58.8720549670879 -2.5307524383264473)
2024,CORTE SELETIVO,C60L63,POINT (-58.83754739183576 -2.529852465648316)
2024,CORTE SELETIVO,C60L63,POINT (-58.877650242819975 -2.528348307178888)
2024,CORTE SELETIVO,C60L63,POINT (-58.87884787457718 -2.5257484104901926)
2024,CORTE SELETIVO,C60L63,POINT (-58.86433855283745 -2.5102249683114706)
2024,CORTE SELETIVO,C60L63,POINT (-58.86394574955297 -2.5093467873464967)
2024,CORTE SELETIVO,C60L63,POINT (-58.8643501362071 -2.506645970678099)
2024,CORTE SELETIVO,C60L63,POINT (-58.81444651040398 -2.621250592885847)
2024,CORTE SELETIVO,C60L63,POINT (-58.787751254786116 -2.579849290321541)
2024,CORTE SELETIVO,C60L63,POINT (-58.83455041337943 -2.579750414657582)
2024,CORTE SELETIVO,C60L63,POINT (-58.8374487096739 -2.573151964724678)
2024,CORTE SELETIVO,C60L63,POINT (-58.81654490162966 -2.543085180166509)
2024,CORTE SELETIVO,C60L63,POINT (-58.82648040221763 -2.541152044505554)
2024,CORTE SELETIVO,C60L63,POINT (-58.81975303621466 -2.5326510953245895)
2024,CORTE SELETIVO,C60L63,POINT (-58.83694743757732 -2.532353290674295)
2024,CORTE SELETIVO,C60L63,POINT (-58.83714646202717 -2.5323452208908677)
2024,CORTE SELETIVO,C60L63,POINT (-58.83725080538822 -2.5321532143654157)
2024,CORTE SELETIVO,C60L63,POINT (-58.83724824084553 -2.531950890338722)
2024,CORTE SELETIVO,C60L63,POINT (-58.837248367709535 -2.529950630594456)
2024,CORTE SELETIVO,C60L63,POINT (-58.83745278020409 -2.529949484308212)
2024,CORTE SELETIVO,C60L63,POINT (-58.82475279387458 -2.524650856470798)
2024,CORTE SELETIVO,C60L63,POINT (-58.83555444290494 -2.5221459788822846)
2024,CORTE SELETIVO,C60L63,POINT (-58.83554644971018 -2.519647822943107)
2024,CORTE SELETIVO,C60L63,POINT (-58.835551420000726 -2.51885283683539)
2024,CORTE SELETIVO,C60L63,POINT (-58.82284793825884 -2.5187488302920205)
2024,CORTE SELETIVO,C60L63,POINT (-58.81345252739603 -2.5174507187317077)
2024,CORTE SELETIVO,C60L63,POINT (-58.813450655155016 -2.5170499000401563)
2024,CORTE SELETIVO,C60L63,POINT (-58.81355048075297 -2.516951165035852)
2024,CORTE SELETIVO,C60L63,POINT (-58.78574820447696 -2.510845444869673)
2024,CORTE SELETIVO,C60L63,POINT (-58.79275182679031 -2.508652240777001)
2024,CORTE SELETIVO,C60L63,POINT (-58.830254529460085 -2.5062452396299904)
2024,CORTE SELETIVO,C60L63,POINT (-58.81975378409969 -2.5047452250045015)
2024,CORTE SELETIVO,C60L63,POINT (-58.80274972119739 -2.501030636514692)
2024,CORTE SELETIVO,C60L63,POINT (-58.802553851644774 -2.5007485317440885)
2024,CORTE SELETIVO,C60L63,POINT (-58.83502342064797 -2.5005506387678347)
2024,CORTE SELETIVO,C60L63,POINT (-58.83473919810329 -2.5004463828852725)
2024,CORTE SELETIVO,C60L63,POINT (-58.77142364349672 -2.7319511457971726)
2024,CORTE SELETIVO,C60L63,POINT (-58.771184675735896 -2.725936280559341)
2024,CORTE SELETIVO,C60L63,POINT (-58.77074962088545 -2.7257486408455645)
2024,CORTE SELETIVO,C60L63,POINT (-58.770629566493255 -2.72540362175583)
2024,CORTE SELETIVO,C60L63,POINT (-58.770645245131206 -2.7238489195090767)
2024,CORTE SELETIVO,C60L63,POINT (-58.7667526485732 -2.7233513335515824)
2024,CORTE SELETIVO,C60L63,POINT (-58.76714985964892 -2.722597720388789)
2024,CORTE SELETIVO,C60L63,POINT (-58.76727579683678 -2.722349017891144)
2024,CORTE SELETIVO,C60L63,POINT (-58.768666930149735 -2.722226952806719)
2024,CORTE SELETIVO,C60L63,POINT (-58.766249113146536 -2.722052553830786)
2024,CORTE SELETIVO,C60L63,POINT (-58.76835008732336 -2.7217492348548857)
2024,CORTE SELETIVO,C60L63,POINT (-58.765449451460604 -2.7214596282031)
2024,CORTE SELETIVO,C60L63,POINT (-58.76814700916063 -2.720957990838394)
2024,CORTE SELETIVO,C60L63,POINT (-58.76654634923872 -2.7175785095551546)
2024,CORTE SELETIVO,C60L63,POINT (-58.757953576522084 -2.7103467658032367)
2024,CORTE SELETIVO,C60L63,POINT (-58.757845208784175 -2.71015058904251)
2024,CORTE SELETIVO,C60L63,POINT (-58.757549601251775 -2.7100455101283814)
2024,CORTE SELETIVO,C60L63,POINT (-58.75564995079876 -2.705719940366735)
2024,CORTE SELETIVO,C60L63,POINT (-58.75554901551847 -2.7055464431923903)
2024,CORTE SELETIVO,C60L63,POINT (-58.7705488737048 -2.69075132572097)
2024,CORTE SELETIVO,C60L63,POINT (-58.770551746940214 -2.690553561368742)
2024,CORTE SELETIVO,C60L63,POINT (-58.771449520271396 -2.690147655368751)
2024,CORTE SELETIVO,C60L63,POINT (-58.771098557131225 -2.6887976058584795)
2024,CORTE SELETIVO,C60L63,POINT (-58.77144961495595 -2.688552616801262)
2024,CORTE SELETIVO,C60L63,POINT (-58.77095252250966 -2.6884464664370262)
2024,CORTE SELETIVO,C60L63,POINT (-58.76905154907205 -2.68335362740174)
2024,CORTE SELETIVO,C60L63,POINT (-58.753352981031554 -2.627554174431034)
2024,CORTE SELETIVO,C60L63,POINT (-58.78435182949062 -2.50966273509044)
2024,CORTE SELETIVO,C60L63,POINT (-58.77127298302462 -2.7265474877455587)
2024,CORTE SELETIVO,C60L63,POINT (-58.76994687377025 -2.725451221014886)
2024,CORTE SELETIVO,C60L63,POINT (-58.7702976893197 -2.7239464820679813)
2024,CORTE SELETIVO,C60L63,POINT (-58.76725103407821 -2.722550635956463)
2024,CORTE SELETIVO,C60L63,POINT (-58.768546036919574 -2.72240526180371)
2024,CORTE SELETIVO,C60L63,POINT (-58.78144867806278 -2.6980470992631775)
2024,CORTE SELETIVO,C60L63,POINT (-58.932753368614385 -2.6384614866408422)
2024,CORTE SELETIVO,C60L63,POINT (-58.8047119908864 -2.5397426746978846)
2024,CORTE SELETIVO,C60L63,POINT (-58.77104987784374 -2.7213486836433796)
2024,CORTE SELETIVO,C60L63,POINT (-58.77084824622206 -2.721345553066629)
2024,CORTE SELETIVO,C60L63,POINT (-58.95225384263143 -2.668852689324891)
2024,CORTE SELETIVO,C60L63,POINT (-58.93284754867082 -2.6384519708951184)
2024,CORTE SELETIVO,C60L63,POINT (-58.94404738408586 -2.5976472578718686)
2024,CORTE SELETIVO,C60L63,POINT (-58.94304658071619 -2.591352697926047)
2024,CORTE SELETIVO,C60L63,POINT (-58.9167491561663 -2.5910527158253576)
2024,CORTE SELETIVO,C60L63,POINT (-58.95159838812342 -2.590253759033418)
2024,CORTE SELETIVO,C60L63,POINT (-58.952346615466524 -2.5901520033612835)
2024,CORTE SELETIVO,C60L63,POINT (-58.8134465927908 -2.517254308905801)
2024,CORTE SELETIVO,C60L63,POINT (-58.770153016155426 -2.724529904398379)
2024,CORTE SELETIVO,C60L63,POINT (-58.77035491532337 -2.724346334194115)
2024,CORTE SELETIVO,C60L63,POINT (-58.770668097401234 -2.7241397838686265)
2024,CORTE SELETIVO,C60L63,POINT (-58.77085390422912 -2.723752170323575)
2024,CORTE SELETIVO,C60L63,POINT (-58.768449748137876 -2.7223453602181458)
2024,CORTE SELETIVO,C60L63,POINT (-58.76815046559244 -2.7218518312030073)
2024,CORTE SELETIVO,C60L63,POINT (-58.765550529369875 -2.7214522902884433)
2024,CORTE SELETIVO,C60L63,POINT (-58.767285769073084 -2.7174520824417594)
2024,CORTE SELETIVO,C60L63,POINT (-58.76704607616942 -2.717453441439287)
2024,CORTE SELETIVO,C60L63,POINT (-58.943250824557325 -2.5914524266278884)
2024,CORTE SELETIVO,C60L63,POINT (-58.85175109888849 -2.5512494225879876)
2024,CORTE SELETIVO,C60L63,POINT (-58.88464536419704 -2.5443546270323694)
2024,CORTE SELETIVO,C60L63,POINT (-58.78155479186003 -2.6981545400620885)
2024,CORTE SELETIVO,C60L63,POINT (-58.87554888734327 -2.5230548401991815)
2024,CORTE SELETIVO,C60L63,POINT (-58.77075293867781 -2.7238527231255)
2024,CORTE SELETIVO,C60L63,POINT (-58.76834863035332 -2.722349182610448)
2024,CORTE SELETIVO,C60L63,POINT (-58.76845196677254 -2.722054242718541)
2024,CORTE SELETIVO,C60L63,POINT (-58.95655111439267 -2.613951396230094)
2024,CORTE SELETIVO,C60L63,POINT (-58.968205434303464 -2.609951710994218)
2024,CORTE SELETIVO,C60L63,POINT (-58.97765119182117 -2.6058472988265167)
2024,CORTE SELETIVO,C60L63,POINT (-58.960946182940056 -2.5960472384447923)
2024,CORTE SELETIVO,C60L63,POINT (-58.968551211220856 -2.5952463085653124)
2024,CORTE SELETIVO,C60L63,POINT (-58.963647998295265 -2.594545167873147)
2024,CORTE SELETIVO,C60L63,POINT (-58.95525279721592 -2.5942451853755193)
2024,CORTE SELETIVO,C60L63,POINT (-58.95675058654028 -2.594154292009902)
2024,CORTE SELETIVO,C60L63,POINT (-58.97985455326754 -2.5917488048746633)
2024,CORTE SELETIVO,C60L63,POINT (-58.98095132585764 -2.5044462424817624)
2024,CORTE SELETIVO,C60L63,POINT (-58.768247848958424 -2.7189538886183824)
2024,CORTE SELETIVO,C60L63,POINT (-58.9329534627579 -2.6381492801458553)
2024,CORTE SELETIVO,C60L63,POINT (-58.955150684443744 -2.6042530085137385)
2024,CORTE SELETIVO,C60L63,POINT (-58.95014560619876 -2.6026480434048413)
2024,CORTE SELETIVO,C60L63,POINT (-58.9541542559531 -2.6025476544873736)
2024,CORTE SELETIVO,C60L63,POINT (-58.94314563579165 -2.599461749406205)
2024,CORTE SELETIVO,C60L63,POINT (-58.807753687431465 -2.594654263384216)
2024,CORTE SELETIVO,C60L63,POINT (-58.85165505024034 -2.5511535837340396)
2024,CORTE SELETIVO,C60L63,POINT (-58.8749487422126 -2.5403526016579843)
2024,CORTE SELETIVO,C60L63,POINT (-58.83405356645984 -2.514345250680361)
2024,CORTE SELETIVO,C60L63,POINT (-58.76864918301311 -2.7223535356376773)
2024,CORTE SELETIVO,C60L63,POINT (-58.884545482579526 -2.544352197392494)
2024,CORTE SELETIVO,C60L63,POINT (-58.8372495682169 -2.5300462316264545)
2024,CORTE SELETIVO,C60L63,POINT (-58.76674579027442 -2.7173536912518266)
2024,CORTE SELETIVO,C60L63,POINT (-58.932948289013694 -2.6384451630362884)
2024,CORTE SELETIVO,C60L63,POINT (-58.9249453276713 -2.6023462756790727)
2024,CORTE SELETIVO,C60L63,POINT (-58.87495356579678 -2.540454042686988)
2024,CORTE SELETIVO,C60L63,POINT (-58.81364601097571 -2.5354524054260192)
2024,CORTE SELETIVO,C60L63,POINT (-58.83734751270796 -2.5300465075849345)
2024,CORTE SELETIVO,C60L63,POINT (-58.932853749437456 -2.6383535088383776)
2024,CORTE SELETIVO,C60L63,POINT (-58.97984792199409 -2.5903538491200853)
2024,CORTE SELETIVO,C60L63,POINT (-58.856049404431296 -2.5453489299204994)
2024,CORTE SELETIVO,C60L63,POINT (-58.88624547863173 -2.5333546435750796)
2024,CORTE SELETIVO,C60L63,POINT (-58.771319539123006 -2.7264541180304813)
2024,CORTE SELETIVO,C60L63,POINT (-58.76864549671574 -2.7224454448739173)
2024,CORTE SELETIVO,C60L63,POINT (-58.78155134371862 -2.698052706606913)
2024,CORTE SELETIVO,C60L63,POINT (-58.81394494844805 -2.6212476962994393)
2024,CORTE SELETIVO,C60L63,POINT (-58.954344978495165 -2.6833455129584873)
2024,CORTE SELETIVO,C60L63,POINT (-58.959149333889506 -2.6738489508507723)
2024,CORTE SELETIVO,C60L63,POINT (-58.96955024230542 -2.667848074447767)
2024,CORTE SELETIVO,C60L63,POINT (-58.969346595123284 -2.6675481262799314)
2024,CORTE SELETIVO,C60L63,POINT (-58.95371826582154 -2.664052628499405)
2024,CORTE SELETIVO,C60L63,POINT (-58.979951082085975 -2.660051034994152)
2024,CORTE SELETIVO,C60L63,POINT (-58.97975503850654 -2.6597487781968105)
2024,CORTE SELETIVO,C60L63,POINT (-58.95905180128625 -2.658146076303282)
2024,CORTE SELETIVO,C60L63,POINT (-58.97124944117695 -2.651145281276462)
2024,CORTE SELETIVO,C60L63,POINT (-58.95955549380015 -2.6505538556092048)
2024,CORTE SELETIVO,C60L63,POINT (-58.962148423460654 -2.643051068073911)
2024,CORTE SELETIVO,C60L63,POINT (-58.96754737673311 -2.613951930683782)
2024,CORTE SELETIVO,C60L63,POINT (-58.962546656962516 -2.612654541512055)
2024,CORTE SELETIVO,C60L63,POINT (-58.96236973963479 -2.612548175540927)
2024,CORTE SELETIVO,C60L63,POINT (-58.955553152555 -2.6096525139553512)
2024,CORTE SELETIVO,C60L63,POINT (-58.9730527708415 -2.6090538702251584)
2024,CORTE SELETIVO,C60L63,POINT (-58.9728501773681 -2.609047983466833)
2024,CORTE SELETIVO,C60L63,POINT (-58.97295037071065 -2.608846872694796)
2024,CORTE SELETIVO,C60L63,POINT (-58.971747521520086 -2.600850394693728)
2024,CORTE SELETIVO,C60L63,POINT (-58.97164557879471 -2.600545143822003)
2024,CORTE SELETIVO,C60L63,POINT (-58.95371143998131 -2.598852588464476)
2024,CORTE SELETIVO,C60L63,POINT (-58.95392401625526 -2.5987511540408823)
2024,CORTE SELETIVO,C60L63,POINT (-58.982345733815926 -2.5910543455270654)
2024,CORTE SELETIVO,C60L63,POINT (-58.98262674935068 -2.5910459075406393)
2024,CORTE SELETIVO,C60L63,POINT (-58.97975020284715 -2.5902462396269486)
2024,CORTE SELETIVO,C60L63,POINT (-58.95445327263278 -2.5854531810803514)
2024,CORTE SELETIVO,C60L63,POINT (-58.954145985673 -2.5854543054061745)
2024,CORTE SELETIVO,C60L63,POINT (-58.95434605798083 -2.5851523546072808)
2024,CORTE SELETIVO,C60L63,POINT (-58.95405258243906 -2.58514630075267)
2024,CORTE SELETIVO,C60L63,POINT (-58.958647271059064 -2.5837543790832265)
2024,CORTE SELETIVO,C60L63,POINT (-58.95874577115834 -2.583646616741017)
2024,CORTE SELETIVO,C60L63,POINT (-58.95855406653255 -2.5836471176720828)
2024,CORTE SELETIVO,C60L63,POINT (-58.9631452859895 -2.5804466451515506)
2024,CORTE SELETIVO,C60L63,POINT (-58.96274603290273 -2.57534972600093)
2024,CORTE SELETIVO,C60L63,POINT (-58.95954707966258 -2.5222512905594914)
2024,CORTE SELETIVO,C60L63,POINT (-58.93125237494471 -2.749353809465638)
2024,CORTE SELETIVO,C60L63,POINT (-58.91335306515767 -2.7488746432990774)
2024,CORTE SELETIVO,C60L63,POINT (-58.91354860011271 -2.7487496488673284)
2024,CORTE SELETIVO,C60L63,POINT (-58.91364488784599 -2.7486515571979377)
2024,CORTE SELETIVO,C60L63,POINT (-58.9137523135238 -2.748547119859929)
2024,CORTE SELETIVO,C60L63,POINT (-58.91354839900395 -2.748052496697423)
2024,CORTE SELETIVO,C60L63,POINT (-58.93884518131794 -2.661954460731519)
2024,CORTE SELETIVO,C60L63,POINT (-58.90244602816742 -2.6574488531023692)
2024,CORTE SELETIVO,C60L63,POINT (-58.902115945638755 -2.657450949667422)
2024,CORTE SELETIVO,C60L63,POINT (-58.93634692063448 -2.6566463114484486)
2024,CORTE SELETIVO,C60L63,POINT (-58.93195187852422 -2.6511535865697198)
2024,CORTE SELETIVO,C60L63,POINT (-58.93298297411221 -2.637966483730078)
2024,CORTE SELETIVO,C60L63,POINT (-58.92514876057019 -2.6084467331796235)
2024,CORTE SELETIVO,C60L63,POINT (-58.92544625795948 -2.602254589759425)
2024,CORTE SELETIVO,C60L63,POINT (-58.94125434699829 -2.602146682565827)
2024,CORTE SELETIVO,C60L63,POINT (-58.941373659789775 -2.601848183636415)
2024,CORTE SELETIVO,C60L63,POINT (-58.92897980533417 -2.5991994781478804)
2024,CORTE SELETIVO,C60L63,POINT (-58.90297237455989 -2.598978365206315)
2024,CORTE SELETIVO,C60L63,POINT (-58.9226525509386 -2.5973282004507747)
2024,CORTE SELETIVO,C60L63,POINT (-58.944645592787694 -2.595042735367883)
2024,CORTE SELETIVO,C60L63,POINT (-58.92465289604199 -2.5929477749501024)
2024,CORTE SELETIVO,C60L63,POINT (-58.92285457407827 -2.591253279505542)
2024,CORTE SELETIVO,C60L63,POINT (-58.92305143854782 -2.5912483981893812)
2024,CORTE SELETIVO,C60L63,POINT (-58.94844923741269 -2.590354529397411)
2024,CORTE SELETIVO,C60L63,POINT (-58.948248938520344 -2.588249171436914)
2024,CORTE SELETIVO,C60L63,POINT (-58.94805158947777 -2.586353771473148)
2024,CORTE SELETIVO,C60L63,POINT (-58.921050395165096 -2.5819543746908606)
2024,CORTE SELETIVO,C60L63,POINT (-58.90525130260968 -2.545249234719682)
2024,CORTE SELETIVO,C60L63,POINT (-58.884652222580115 -2.5445285795454256)
2024,CORTE SELETIVO,C60L63,POINT (-58.8798548292373 -2.534754613755215)
2024,CORTE SELETIVO,C60L63,POINT (-58.8814459461465 -2.5340451898317338)
2024,CORTE SELETIVO,C60L63,POINT (-58.88135203754923 -2.5338919064968612)
2024,CORTE SELETIVO,C60L63,POINT (-58.88655325685621 -2.5334461803478154)
2024,CORTE SELETIVO,C60L63,POINT (-58.87885412617908 -2.525854458083978)
2024,CORTE SELETIVO,C60L63,POINT (-58.93480721044153 -2.5084325331133766)
2024,CORTE SELETIVO,C60L63,POINT (-58.85664776603149 -2.7072469395401146)
2024,CORTE SELETIVO,C60L63,POINT (-58.856851928663716 -2.707045574645732)
2024,CORTE SELETIVO,C60L63,POINT (-58.85695146496728 -2.7069482600173567)
2024,CORTE SELETIVO,C60L63,POINT (-58.83718374423238 -2.682409351313233)
2024,CORTE SELETIVO,C60L63,POINT (-58.8592435246137 -2.5942543102882456)
2024,CORTE SELETIVO,C60L63,POINT (-58.85205378039918 -2.5639969874686863)
2024,CORTE SELETIVO,C60L63,POINT (-58.85205075231198 -2.563610177026391)
2024,CORTE SELETIVO,C60L63,POINT (-58.85141629454135 -2.553545827575041)
2024,CORTE SELETIVO,C60L63,POINT (-58.83776764427439 -2.5519536348015075)
2024,CORTE SELETIVO,C60L63,POINT (-58.85044293505133 -2.551445365144037)
2024,CORTE SELETIVO,C60L63,POINT (-58.8563457259652 -2.5453535269710383)
2024,CORTE SELETIVO,C60L63,POINT (-58.87565030636103 -2.5433470766272706)
2024,CORTE SELETIVO,C60L63,POINT (-58.858052049772866 -2.542381342358596)
2024,CORTE SELETIVO,C60L63,POINT (-58.84004882888173 -2.5407830951479418)
2024,CORTE SELETIVO,C60L63,POINT (-58.87485209101013 -2.540354817846451)
2024,CORTE SELETIVO,C60L63,POINT (-58.85868791734566 -2.5379459173101147)
2024,CORTE SELETIVO,C60L63,POINT (-58.87524966688131 -2.534606902886188)
2024,CORTE SELETIVO,C60L63,POINT (-58.852149200671796 -2.534549459970794)
2024,CORTE SELETIVO,C60L63,POINT (-58.86395050837313 -2.534446076218018)
2024,CORTE SELETIVO,C60L63,POINT (-58.8754465089765 -2.5342506056084666)
2024,CORTE SELETIVO,C60L63,POINT (-58.87565038835087 -2.5341490269459777)
2024,CORTE SELETIVO,C60L63,POINT (-58.8409464638678 -2.533164347901338)
2024,CORTE SELETIVO,C60L63,POINT (-58.87414501326126 -2.5330501248637467)
2024,CORTE SELETIVO,C60L63,POINT (-58.8403513817564 -2.5316095409166195)
2024,CORTE SELETIVO,C60L63,POINT (-58.84014727965902 -2.5313536303050475)
2024,CORTE SELETIVO,C60L63,POINT (-58.87674539588561 -2.5289241688157142)
2024,CORTE SELETIVO,C60L63,POINT (-58.87564235117684 -2.5229465542163823)
2024,CORTE SELETIVO,C60L63,POINT (-58.87594667991824 -2.514115378067856)
2024,CORTE SELETIVO,C60L63,POINT (-58.86578352768835 -2.5117013085336324)
2024,CORTE SELETIVO,C60L63,POINT (-58.84234729938426 -2.511152400765217)
2024,CORTE SELETIVO,C60L63,POINT (-58.86420523331715 -2.5096482107849596)
2024,CORTE SELETIVO,C60L63,POINT (-58.86384493338555 -2.509346617910247)
2024,CORTE SELETIVO,C60L63,POINT (-58.85795498831235 -2.509052119141957)
2024,CORTE SELETIVO,C60L63,POINT (-58.836254376321605 -2.507976461814844)
2024,CORTE SELETIVO,C60L63,POINT (-58.85791856051204 -2.5051067711529904)
2024,CORTE SELETIVO,C60L63,POINT (-58.815750871620295 -2.696852562240348)
2024,CORTE SELETIVO,C60L63,POINT (-58.79974627940847 -2.6378496608396214)
2024,CORTE SELETIVO,C60L63,POINT (-58.797259449225244 -2.5989199106226644)
2024,CORTE SELETIVO,C60L63,POINT (-58.820748746282 -2.58655035062628)
2024,CORTE SELETIVO,C60L63,POINT (-58.82044589628958 -2.5864464774506533)
2024,CORTE SELETIVO,C60L63,POINT (-58.81689197910745 -2.583209706296166)
2024,CORTE SELETIVO,C60L63,POINT (-58.83455189190268 -2.5796463915868735)
2024,CORTE SELETIVO,C60L63,POINT (-58.81022003934542 -2.5680520514325917)
2024,CORTE SELETIVO,C60L63,POINT (-58.82414556270905 -2.567152725569918)
2024,CORTE SELETIVO,C60L63,POINT (-58.82425036573689 -2.5670493004972603)
2024,CORTE SELETIVO,C60L63,POINT (-58.82405393792695 -2.567054094567996)
2024,CORTE SELETIVO,C60L63,POINT (-58.81295994663565 -2.5655597562111416)
2024,CORTE SELETIVO,C60L63,POINT (-58.812353740088874 -2.5622461235718554)
2024,CORTE SELETIVO,C60L63,POINT (-58.81224546631967 -2.56175156687386)
2024,CORTE SELETIVO,C60L63,POINT (-58.834745861158694 -2.557732762679523)
2024,CORTE SELETIVO,C60L63,POINT (-58.799545531283584 -2.5570464210698938)
2024,CORTE SELETIVO,C60L63,POINT (-58.80724734974604 -2.551447169498711)
2024,CORTE SELETIVO,C60L63,POINT (-58.80314607489534 -2.550351159809293)
2024,CORTE SELETIVO,C60L63,POINT (-58.803051228697996 -2.550206949197877)
2024,CORTE SELETIVO,C60L63,POINT (-58.82685263931498 -2.5401452054794693)
2024,CORTE SELETIVO,C60L63,POINT (-58.81365256180303 -2.5353460733388404)
2024,CORTE SELETIVO,C60L63,POINT (-58.8123509349438 -2.5341539954744596)
2024,CORTE SELETIVO,C60L63,POINT (-58.81225402834612 -2.5339313851537093)
2024,CORTE SELETIVO,C60L63,POINT (-58.824652710737695 -2.5245509444507728)
2024,CORTE SELETIVO,C60L63,POINT (-58.8328493710896 -2.5221507131707077)
2024,CORTE SELETIVO,C60L63,POINT (-58.82884540832578 -2.5201547943308458)
2024,CORTE SELETIVO,C60L63,POINT (-58.81345510973661 -2.5171518787470033)
2024,CORTE SELETIVO,C60L63,POINT (-58.82445086167433 -2.515452748601989)
2024,CORTE SELETIVO,C60L63,POINT (-58.81535505106196 -2.5150531257261375)
2024,CORTE SELETIVO,C60L63,POINT (-58.81884829118097 -2.5144467592759043)
2024,CORTE SELETIVO,C60L63,POINT (-58.836146159844304 -2.5083503057450787)
2024,CORTE SELETIVO,C60L63,POINT (-58.813753324488395 -2.501149877751991)
2024,CORTE SELETIVO,C60L63,POINT (-58.8021492262746 -2.500748977066056)
2024,CORTE SELETIVO,C60L63,POINT (-58.8351451395483 -2.5002497722288415)
2024,CORTE SELETIVO,C60L63,POINT (-58.83475457373451 -2.50025448724574)
2024,CORTE SELETIVO,C60L63,POINT (-58.7784853700542 -2.730948625925697)
2024,CORTE SELETIVO,C60L63,POINT (-58.778445920316706 -2.730752091777057)
2024,CORTE SELETIVO,C60L63,POINT (-58.77102269755508 -2.726390514611546)
2024,CORTE SELETIVO,C60L63,POINT (-58.77135971112459 -2.7262639856823805)
2024,CORTE SELETIVO,C60L63,POINT (-58.77085093303125 -2.7258890753272693)
2024,CORTE SELETIVO,C60L63,POINT (-58.77069761736104 -2.7256504748442922)
2024,CORTE SELETIVO,C60L63,POINT (-58.77034828416117 -2.725449339932304)
2024,CORTE SELETIVO,C60L63,POINT (-58.769281544791575 -2.724908492027453)
2024,CORTE SELETIVO,C60L63,POINT (-58.7708517080582 -2.7238909140855982)
2024,CORTE SELETIVO,C60L63,POINT (-58.770551167794025 -2.7237470592514055)
2024,CORTE SELETIVO,C60L63,POINT (-58.771012585322936 -2.7236184258714125)
2024,CORTE SELETIVO,C60L63,POINT (-58.76835250514117 -2.7219546898124385)
2024,CORTE SELETIVO,C60L63,POINT (-58.76624836902039 -2.7219479435403726)
2024,CORTE SELETIVO,C60L63,POINT (-58.76539756453608 -2.7218900962748918)
2024,CORTE SELETIVO,C60L63,POINT (-58.76839393738771 -2.721522159850956)
2024,CORTE SELETIVO,C60L63,POINT (-58.76715397432991 -2.720452245679859)
2024,CORTE SELETIVO,C60L63,POINT (-58.766597230023095 -2.7177513620214984)
2024,CORTE SELETIVO,C60L63,POINT (-58.76645322477108 -2.717646802254511)
2024,CORTE SELETIVO,C60L63,POINT (-58.76635190485485 -2.7175541700309305)
2024,CORTE SELETIVO,C60L63,POINT (-58.7666527404577 -2.71744767824803)
2024,CORTE SELETIVO,C60L63,POINT (-58.76655491432044 -2.7173468361680846)
2024,CORTE SELETIVO,C60L63,POINT (-58.765754689923824 -2.7171483545793254)
2024,CORTE SELETIVO,C60L63,POINT (-58.76565158309423 -2.7166047788282075)
2024,CORTE SELETIVO,C60L63,POINT (-58.75775440076761 -2.7096458875752676)
2024,CORTE SELETIVO,C60L63,POINT (-58.770949648059045 -2.689649884519767)
2024,CORTE SELETIVO,C60L63,POINT (-58.77134958848971 -2.688546021607877)
2024,CORTE SELETIVO,C60L63,POINT (-58.780303927368514 -2.6468795304539)
2024,CORTE SELETIVO,C60L63,POINT (-58.787545751376356 -2.586952490947172)
2024,CORTE SELETIVO,C60L63,POINT (-58.78997971480361 -2.5806457243138436)
2024,CORTE SELETIVO,C60L63,POINT (-58.790245394974775 -2.580393325562495)
2024,CORTE SELETIVO,C60L63,POINT (-58.787451156013134 -2.5795533038171423)
2024,CORTE SELETIVO,C60L63,POINT (-58.784252693148474 -2.509650999447041)
2024,CORTE SELETIVO,C60L63,POINT (-58.786048944825616 -2.5092497159620097)
2024,CORTE SELETIVO,C60L63,POINT (-58.79314882193664 -2.5089546191316483)
2024,CORTE SELETIVO,C60L63,POINT (-58.78535080894088 -2.5027509184195047)
2024,CORTE SELETIVO,C60L63,POINT (-58.77194573117897 -2.6734477763751903)
2024,CORTE SELETIVO,C60L63,POINT (-58.9327921908397 -2.6382486976968216)
2024,CORTE SELETIVO,C60L63,POINT (-58.93315188719946 -2.637853403452022)
2024,CORTE SELETIVO,C60L63,POINT (-58.893940524903954 -2.6026013046923513)
2024,CORTE SELETIVO,C60L63,POINT (-58.8504542379602 -2.551353540137666)
2024,CORTE SELETIVO,C60L63,POINT (-58.8862490835107 -2.5332489313030937)
2024,CORTE SELETIVO,C60L63,POINT (-58.83714596594382 -2.529949968633524)
2024,CORTE SELETIVO,C60L63,POINT (-58.83964552461532 -2.5292462155398767)
2024,CORTE SELETIVO,C60L63,POINT (-58.77114813887618 -2.726446367096704)
2024,CORTE SELETIVO,C60L63,POINT (-58.769946835774476 -2.7249164318718524)
2024,CORTE SELETIVO,C60L63,POINT (-58.767046425361 -2.7224543178232623)
2024,CORTE SELETIVO,C60L63,POINT (-58.76685148682916 -2.722333088612862)
2024,CORTE SELETIVO,C60L63,POINT (-58.76835267815533 -2.7222422204550267)
2024,CORTE SELETIVO,C60L63,POINT (-58.766750473301464 -2.717622571593626)
2024,CORTE SELETIVO,C60L63,POINT (-58.76585400857381 -2.7172522590233137)
2024,CORTE SELETIVO,C60L63,POINT (-58.768450525894345 -2.7224484371288487)
2024,CORTE SELETIVO,C60L63,POINT (-58.7669456636026 -2.722414370014429)
2024,CORTE SELETIVO,C60L63,POINT (-58.96204999787248 -2.597449727679929)
2024,CORTE SELETIVO,C60L63,POINT (-58.87505183099777 -2.540249161866534)
2024,CORTE SELETIVO,C60L63,POINT (-58.8751534089498 -2.5401536601584374)
2024,CORTE SELETIVO,C60L63,POINT (-58.766954664765585 -2.7222526471455804)
2024,CORTE SELETIVO,C60L63,POINT (-58.7658472649142 -2.7173545565641386)
2024,CORTE SELETIVO,C60L63,POINT (-58.79785316250248 -2.6345505707066446)
2024,CORTE SELETIVO,C60L63,POINT (-58.78994486644105 -2.58045223082594)
2024,CORTE SELETIVO,C60L63,POINT (-58.76714492356738 -2.7224497992280945)
2024,CORTE SELETIVO,C60L63,POINT (-58.933247567759274 -2.6376512297282906)
2024,CORTE SELETIVO,C60L63,POINT (-58.9619479255628 -2.579351903212971)
2024,CORTE SELETIVO,C60L63,POINT (-58.77004746011296 -2.7248496074780304)
2024,CORTE SELETIVO,C60L63,POINT (-58.77087344565846 -2.7211718265796505)
2024,CORTE SELETIVO,C60L63,POINT (-58.7814473247107 -2.6979514916034577)
2024,CORTE SELETIVO,C60L63,POINT (-58.87934585181209 -2.533750510838802)
2024,CORTE SELETIVO,C60L63,POINT (-58.768650888522046 -2.7225522220343885)
2024,CORTE SELETIVO,C60L63,POINT (-58.7657521542684 -2.717250967832478)
2024,CORTE SELETIVO,C60L63,POINT (-58.771949900989306 -2.6735460665776762)
2024,CORTE SELETIVO,C60L63,POINT (-58.85635237648641 -2.5449471413446347)
2024,CORTE SELETIVO,C60L63,POINT (-58.790051774792644 -2.580746120602862)
2024,CORTE SELETIVO,C60L63,POINT (-58.77084751488296 -2.7240462948414774)
2024,CORTE SELETIVO,C60L63,POINT (-58.77185372452964 -2.673454562830777)
2024,CORTE SELETIVO,C60L63,POINT (-58.93664927510203 -2.661550672382938)
2024,CORTE SELETIVO,C60L63,POINT (-58.839546883541644 -2.5292495913236417)
2024,CORTE SELETIVO,C60L63,POINT (-58.93314644918238 -2.6377515692129228)
2024,CORTE SELETIVO,C60L63,POINT (-58.770852328787896 -2.7263521748240978)
2024,CORTE SELETIVO,C60L63,POINT (-58.77144855678147 -2.7263499793142247)
2024,CORTE SELETIVO,C60L63,POINT (-58.77125230407961 -2.7257532553003787)
2024,CORTE SELETIVO,C60L63,POINT (-58.77084533384368 -2.7256006308329424)
2024,CORTE SELETIVO,C60L63,POINT (-58.77085499739633 -2.7242885331799913)
2024,CORTE SELETIVO,C60L63,POINT (-58.77145063727833 -2.723634872369781)
2024,CORTE SELETIVO,C60L63,POINT (-58.770908635193344 -2.721545694152661)
2024,CORTE SELETIVO,C60L63,POINT (-58.77190480534504 -2.6733536987677544)
2024,CORTE SELETIVO,C60L63,POINT (-58.93664638374425 -2.658747677503323)
2024,CORTE SELETIVO,C60L63,POINT (-58.890748593463634 -2.6287541799146172)
2024,CORTE SELETIVO,C60L63,POINT (-58.949846593257746 -2.6027503870086477)
2024,CORTE SELETIVO,C60L63,POINT (-58.95434747246757 -2.6022495990328913)
2024,CORTE SELETIVO,C60L63,POINT (-58.94284564960704 -2.5998541989241377)
2024,CORTE SELETIVO,C60L63,POINT (-58.943450633612116 -2.5983540303802495)
2024,CORTE SELETIVO,C60L63,POINT (-58.94442584469478 -2.586551945861059)
2024,CORTE SELETIVO,C60L63,POINT (-58.944153363833024 -2.5864616369818614)
2024,CORTE SELETIVO,C60L63,POINT (-58.9623453902875 -2.5758526112149345)
2024,CORTE SELETIVO,C60L63,POINT (-58.933648487812405 -2.5065481430135566)
2024,CORTE SELETIVO,C60L63,POINT (-58.770038904922124 -2.7244473014700374)
2024,CORTE SELETIVO,C60L63,POINT (-58.770346229013846 -2.7240695413108664)
2024,CORTE SELETIVO,C60L63,POINT (-58.7669512324101 -2.72255297693274)
2024,CORTE SELETIVO,C60L63,POINT (-58.766849589187075 -2.722451904174718)
2024,CORTE SELETIVO,C60L63,POINT (-58.76704997252995 -2.7223503844986974)
2024,CORTE SELETIVO,C60L63,POINT (-58.76864915863324 -2.7219541180128726)
2024,CORTE SELETIVO,C60L63,POINT (-58.76888030498406 -2.7217527038203184)
2024,CORTE SELETIVO,C60L63,POINT (-58.76910758277185 -2.7214996353664787)
2024,CORTE SELETIVO,C60L63,POINT (-58.765747604756605 -2.7215237805755255)
2024,CORTE SELETIVO,C60L63,POINT (-58.77075495544777 -2.7213491956099958)
2024,CORTE SELETIVO,C60L63,POINT (-58.768145003612375 -2.721316686462133)
2024,CORTE SELETIVO,C60L63,POINT (-58.76814875815189 -2.7191092333442106)
2024,CORTE SELETIVO,C60L63,POINT (-58.7667479339818 -2.717751902280914)
2024,CORTE SELETIVO,C60L63,POINT (-58.76713938746537 -2.71773182278017)
2024,CORTE SELETIVO,C60L63,POINT (-58.76732976026474 -2.717252721632438)
2024,CORTE SELETIVO,C60L63,POINT (-58.76584693497535 -2.71715145034021)
2024,CORTE SELETIVO,C60L63,POINT (-58.7579530790129 -2.710446900617561)
2024,CORTE SELETIVO,C60L63,POINT (-58.76594688096883 -2.7172493672913642)
2024,CORTE SELETIVO,C60L63,POINT (-58.96825281050194 -2.5945523036799787)
2024,CORTE SELETIVO,C60L63,POINT (-58.8502544756739 -2.551353763772162)
2024,CORTE SELETIVO,C60L63,POINT (-58.87544642880991 -2.522943214449283)
2024,CORTE SELETIVO,C60L63,POINT (-58.99934518429175 -2.7029485493766683)
2024,CORTE SELETIVO,C60L63,POINT (-58.967753632702546 -2.684448465922434)
2024,CORTE SELETIVO,C60L63,POINT (-58.99694681554093 -2.6839502561419653)
2024,CORTE SELETIVO,C60L63,POINT (-58.9544523592965 -2.6831931639808086)
2024,CORTE SELETIVO,C60L63,POINT (-58.97305503635414 -2.6799514838080802)
2024,CORTE SELETIVO,C60L63,POINT (-58.94665384900516 -2.678647018405377)
2024,CORTE SELETIVO,C60L63,POINT (-58.94644940856837 -2.6785465512834246)
2024,CORTE SELETIVO,C60L63,POINT (-58.94715028811813 -2.671753896199954)
2024,CORTE SELETIVO,C60L63,POINT (-58.946854536950056 -2.671545400211401)
2024,CORTE SELETIVO,C60L63,POINT (-58.97068618331516 -2.664542972235953)
2024,CORTE SELETIVO,C60L63,POINT (-58.96435259900649 -2.663045302505647)
2024,CORTE SELETIVO,C60L63,POINT (-58.959949307174035 -2.6605471435576846)
2024,CORTE SELETIVO,C60L63,POINT (-58.96495290803598 -2.6575473229171878)
2024,CORTE SELETIVO,C60L63,POINT (-58.97024489069764 -2.6558496988983906)
2024,CORTE SELETIVO,C60L63,POINT (-58.96765131182244 -2.613850350757899)
2024,CORTE SELETIVO,C60L63,POINT (-58.97194902072988 -2.61365232663228)
2024,CORTE SELETIVO,C60L63,POINT (-58.955501947402404 -2.60974555838396)
2024,CORTE SELETIVO,C60L63,POINT (-58.963955011458886 -2.6032489294430072)
2024,CORTE SELETIVO,C60L63,POINT (-58.95354648066295 -2.5987455764727603)
2024,CORTE SELETIVO,C60L63,POINT (-58.94955451093868 -2.598345711330106)
2024,CORTE SELETIVO,C60L63,POINT (-58.96205288238992 -2.5972452211409673)
2024,CORTE SELETIVO,C60L63,POINT (-58.97025002140678 -2.597049143893979)
2024,CORTE SELETIVO,C60L63,POINT (-58.945145378760486 -2.5948484289322002)
2024,CORTE SELETIVO,C60L63,POINT (-58.95365205843008 -2.5932514976160697)
2024,CORTE SELETIVO,C60L63,POINT (-58.98224691350573 -2.591154549847612)
2024,CORTE SELETIVO,C60L63,POINT (-58.943553164993155 -2.590815096374833)
2024,CORTE SELETIVO,C60L63,POINT (-58.948254743861504 -2.588548143037832)
2024,CORTE SELETIVO,C60L63,POINT (-58.94805262387392 -2.5864530320188774)
2024,CORTE SELETIVO,C60L63,POINT (-58.9437477575018 -2.5864452379798344)
2024,CORTE SELETIVO,C60L63,POINT (-58.943654286669656 -2.586350838481702)
2024,CORTE SELETIVO,C60L63,POINT (-58.9579496511918 -2.5858459128085416)
2024,CORTE SELETIVO,C60L63,POINT (-58.9539454757527 -2.585254611821908)
2024,CORTE SELETIVO,C60L63,POINT (-58.94784916618769 -2.5850504583861214)
2024,CORTE SELETIVO,C60L63,POINT (-58.94584774274721 -2.5837520828410456)
2024,CORTE SELETIVO,C60L63,POINT (-58.954852460942064 -2.5826534858975925)
2024,CORTE SELETIVO,C60L63,POINT (-58.95975483694896 -2.575032694991981)
2024,CORTE SELETIVO,C60L63,POINT (-58.96904523753417 -2.5708944581443447)
2024,CORTE SELETIVO,C60L63,POINT (-58.969250182228706 -2.570750341562636)
2024,CORTE SELETIVO,C60L63,POINT (-58.910952677310924 -2.748850318000473)
2024,CORTE SELETIVO,C60L63,POINT (-58.9134394754607 -2.748754135538171)
2024,CORTE SELETIVO,C60L63,POINT (-58.913453323654544 -2.748045977372584)
2024,CORTE SELETIVO,C60L63,POINT (-58.914248778266504 -2.744597909333477)
2024,CORTE SELETIVO,C60L63,POINT (-58.91434740130075 -2.744278593562662)
2024,CORTE SELETIVO,C60L63,POINT (-58.914472076755764 -2.7441488313934066)
2024,CORTE SELETIVO,C60L63,POINT (-58.914697189859695 -2.7440498234460025)
2024,CORTE SELETIVO,C60L63,POINT (-58.8854482416844 -2.6908477699609206)
2024,CORTE SELETIVO,C60L63,POINT (-58.900550361530456 -2.659553819236463)
2024,CORTE SELETIVO,C60L63,POINT (-58.93655066319003 -2.657450206816451)
2024,CORTE SELETIVO,C60L63,POINT (-58.93624943122827 -2.6567493417464974)
2024,CORTE SELETIVO,C60L63,POINT (-58.900954295933175 -2.6412743415651985)
2024,CORTE SELETIVO,C60L63,POINT (-58.933051974593454 -2.638153380121678)
2024,CORTE SELETIVO,C60L63,POINT (-58.93284521294191 -2.638051000343447)
2024,CORTE SELETIVO,C60L63,POINT (-58.93305462510652 -2.6375460303830858)
2024,CORTE SELETIVO,C60L63,POINT (-58.93435489367943 -2.6111481432974117)
2024,CORTE SELETIVO,C60L63,POINT (-58.93765163544023 -2.6105452582029467)
2024,CORTE SELETIVO,C60L63,POINT (-58.89275363948849 -2.6091501494395275)
2024,CORTE SELETIVO,C60L63,POINT (-58.903253955064635 -2.6090521158435545)
2024,CORTE SELETIVO,C60L63,POINT (-58.892853216307344 -2.609039551101683)
2024,CORTE SELETIVO,C60L63,POINT (-58.903349738077225 -2.6089480340358824)
2024,CORTE SELETIVO,C60L63,POINT (-58.92385361359353 -2.607046816364114)
2024,CORTE SELETIVO,C60L63,POINT (-58.94094951756028 -2.603246190010201)
2024,CORTE SELETIVO,C60L63,POINT (-58.90325470952101 -2.5991521227997265)
2024,CORTE SELETIVO,C60L63,POINT (-58.93924624810455 -2.597946024851128)
2024,CORTE SELETIVO,C60L63,POINT (-58.92214674912734 -2.5971521879755075)
2024,CORTE SELETIVO,C60L63,POINT (-58.92265285251421 -2.5971504250524498)
2024,CORTE SELETIVO,C60L63,POINT (-58.92204526762826 -2.5967524604814107)
2024,CORTE SELETIVO,C60L63,POINT (-58.92345344973574 -2.591752436362702)
2024,CORTE SELETIVO,C60L63,POINT (-58.89435414121084 -2.5790378691806493)
2024,CORTE SELETIVO,C60L63,POINT (-58.90514957623784 -2.54524624006204)
2024,CORTE SELETIVO,C60L63,POINT (-58.90535211336392 -2.545246789858019)
2024,CORTE SELETIVO,C60L63,POINT (-58.905247113870495 -2.5450773080216367)
2024,CORTE SELETIVO,C60L63,POINT (-58.90505455041421 -2.544653161008935)
2024,CORTE SELETIVO,C60L63,POINT (-58.886353525767476 -2.533054246222922)
2024,CORTE SELETIVO,C60L63,POINT (-58.88654869340638 -2.5330462069042383)
2024,CORTE SELETIVO,C60L63,POINT (-58.90195455331195 -2.519147101182188)
2024,CORTE SELETIVO,C60L63,POINT (-58.93315381487984 -2.5006501865309607)
2024,CORTE SELETIVO,C60L63,POINT (-58.85694736324302 -2.7068465801678765)
2024,CORTE SELETIVO,C60L63,POINT (-58.84174865576944 -2.632953588892935)
2024,CORTE SELETIVO,C60L63,POINT (-58.85845013874157 -2.592948254542073)
2024,CORTE SELETIVO,C60L63,POINT (-58.84495093614302 -2.5699473422388714)
2024,CORTE SELETIVO,C60L63,POINT (-58.84484969597365 -2.5698521106157437)
2024,CORTE SELETIVO,C60L63,POINT (-58.846854015993095 -2.566550997190846)
2024,CORTE SELETIVO,C60L63,POINT (-58.8407476186911 -2.566349887750521)
2024,CORTE SELETIVO,C60L63,POINT (-58.85494515423886 -2.5658527251850436)
2024,CORTE SELETIVO,C60L63,POINT (-58.85484801641809 -2.5657504135568154)
2024,CORTE SELETIVO,C60L63,POINT (-58.84484769666555 -2.565651667304399)
2024,CORTE SELETIVO,C60L63,POINT (-58.851654109438705 -2.5535500505325026)
2024,CORTE SELETIVO,C60L63,POINT (-58.85149753320935 -2.553450098471148)
2024,CORTE SELETIVO,C60L63,POINT (-58.85044955251349 -2.551252821813333)
2024,CORTE SELETIVO,C60L63,POINT (-58.85617069015617 -2.5455975128764687)
2024,CORTE SELETIVO,C60L63,POINT (-58.8563036376407 -2.5448464600359526)
2024,CORTE SELETIVO,C60L63,POINT (-58.882352860098486 -2.5437474635281774)
2024,CORTE SELETIVO,C60L63,POINT (-58.88265033550998 -2.543554232016492)
2024,CORTE SELETIVO,C60L63,POINT (-58.866850819122945 -2.539845948097371)
2024,CORTE SELETIVO,C60L63,POINT (-58.858647509566 -2.53814869352483)
2024,CORTE SELETIVO,C60L63,POINT (-58.87582257571384 -2.534251246856712)
2024,CORTE SELETIVO,C60L63,POINT (-58.85804975112203 -2.534148203600145)
2024,CORTE SELETIVO,C60L63,POINT (-58.85313939670147 -2.5341555673231695)
2024,CORTE SELETIVO,C60L63,POINT (-58.881554832115775 -2.5336544683803757)
2024,CORTE SELETIVO,C60L63,POINT (-58.84055072295213 -2.5334533303164175)
2024,CORTE SELETIVO,C60L63,POINT (-58.87414776204173 -2.5332779609255196)
2024,CORTE SELETIVO,C60L63,POINT (-58.871453691791835 -2.5330506838452362)
2024,CORTE SELETIVO,C60L63,POINT (-58.84045316929137 -2.5314520157404226)
2024,CORTE SELETIVO,C60L63,POINT (-58.85445463437819 -2.5307531054867427)
2024,CORTE SELETIVO,C60L63,POINT (-58.839831919269876 -2.5291248027059687)
2024,CORTE SELETIVO,C60L63,POINT (-58.83994842670284 -2.528853685881585)
2024,CORTE SELETIVO,C60L63,POINT (-58.872652473688994 -2.5184514046345665)
2024,CORTE SELETIVO,C60L63,POINT (-58.87255251890228 -2.5183461734426564)
2024,CORTE SELETIVO,C60L63,POINT (-58.86424866642384 -2.510154093350265)
2024,CORTE SELETIVO,C60L63,POINT (-58.85794511084689 -2.509181745187822)
2024,CORTE SELETIVO,C60L63,POINT (-58.86604812372697 -2.507154487746847)
2024,CORTE SELETIVO,C60L63,POINT (-58.86434913173154 -2.506821586540808)
2024,CORTE SELETIVO,C60L63,POINT (-58.8646487257302 -2.506449353011684)
2024,CORTE SELETIVO,C60L63,POINT (-58.86475405929636 -2.5054535361678987)
2024,CORTE SELETIVO,C60L63,POINT (-58.83724780909966 -2.682552869660719)
2024,CORTE SELETIVO,C60L63,POINT (-58.81407071130253 -2.6215543591625776)
2024,CORTE SELETIVO,C60L63,POINT (-58.82074637670751 -2.5863477940348703)
2024,CORTE SELETIVO,C60L63,POINT (-58.81685080977346 -2.5834464423345866)
2024,CORTE SELETIVO,C60L63,POINT (-58.81675158846781 -2.5833497899027)
2024,CORTE SELETIVO,C60L63,POINT (-58.81674771763781 -2.5829487193411365)
2024,CORTE SELETIVO,C60L63,POINT (-58.83754547960807 -2.574553292876226)
2024,CORTE SELETIVO,C60L63,POINT (-58.81864844323675 -2.573350597777526)
2024,CORTE SELETIVO,C60L63,POINT (-58.819451108792066 -2.5681506558640734)
2024,CORTE SELETIVO,C60L63,POINT (-58.82395357435978 -2.566945935796163)
2024,CORTE SELETIVO,C60L63,POINT (-58.824148672784276 -2.5667482125264294)
2024,CORTE SELETIVO,C60L63,POINT (-58.81224509551781 -2.5618481067194043)
2024,CORTE SELETIVO,C60L63,POINT (-58.81664633233179 -2.559949592977549)
2024,CORTE SELETIVO,C60L63,POINT (-58.83765336285059 -2.5520520946107053)
2024,CORTE SELETIVO,C60L63,POINT (-58.83554547555466 -2.5441544323219016)
2024,CORTE SELETIVO,C60L63,POINT (-58.81504694811071 -2.54234890430182)
2024,CORTE SELETIVO,C60L63,POINT (-58.81514867132179 -2.5402469462314325)
2024,CORTE SELETIVO,C60L63,POINT (-58.81534781977093 -2.5400527798737356)
2024,CORTE SELETIVO,C60L63,POINT (-58.817653818050964 -2.5398480366964695)
2024,CORTE SELETIVO,C60L63,POINT (-58.80915345361715 -2.5380476243857575)
2024,CORTE SELETIVO,C60L63,POINT (-58.8094461029193 -2.537945697074067)
2024,CORTE SELETIVO,C60L63,POINT (-58.833749183285974 -2.536550424904716)
2024,CORTE SELETIVO,C60L63,POINT (-58.819449933248 -2.5333534321608595)
2024,CORTE SELETIVO,C60L63,POINT (-58.81974903042814 -2.5332513460259327)
2024,CORTE SELETIVO,C60L63,POINT (-58.81974984658736 -2.532447096273283)
2024,CORTE SELETIVO,C60L63,POINT (-58.83695203874923 -2.5324546590226507)
2024,CORTE SELETIVO,C60L63,POINT (-58.81914892656078 -2.5323508447037706)
2024,CORTE SELETIVO,C60L63,POINT (-58.819446829657885 -2.532054453029936)
2024,CORTE SELETIVO,C60L63,POINT (-58.83955411727048 -2.5288536478155064)
2024,CORTE SELETIVO,C60L63,POINT (-58.82428398793136 -2.5215465353015363)
2024,CORTE SELETIVO,C60L63,POINT (-58.82714614637278 -2.5180506108457945)
2024,CORTE SELETIVO,C60L63,POINT (-58.81878313956209 -2.5145523875049762)
2024,CORTE SELETIVO,C60L63,POINT (-58.8344480748383 -2.5144522875655557)
2024,CORTE SELETIVO,C60L63,POINT (-58.838550255963746 -2.513548468086196)
2024,CORTE SELETIVO,C60L63,POINT (-58.826516450612296 -2.5082483977968413)
2024,CORTE SELETIVO,C60L63,POINT (-58.83635434149668 -2.507951457906836)
2024,CORTE SELETIVO,C60L63,POINT (-58.829647131202556 -2.5069538451555102)
2024,CORTE SELETIVO,C60L63,POINT (-58.81934891576067 -2.5051526198746434)
2024,CORTE SELETIVO,C60L63,POINT (-58.77154094172905 -2.7318742167649552)
2024,CORTE SELETIVO,C60L63,POINT (-58.77075001303503 -2.726163828147534)
2024,CORTE SELETIVO,C60L63,POINT (-58.77092657449703 -2.725744789002266)
2024,CORTE SELETIVO,C60L63,POINT (-58.770819528776826 -2.7252549492194422)
2024,CORTE SELETIVO,C60L63,POINT (-58.76963097554628 -2.7243678633605457)
2024,CORTE SELETIVO,C60L63,POINT (-58.77055474107229 -2.723854393127084)
2024,CORTE SELETIVO,C60L63,POINT (-58.76725127379454 -2.722454734521662)
2024,CORTE SELETIVO,C60L63,POINT (-58.767148211715494 -2.7223460065571015)
2024,CORTE SELETIVO,C60L63,POINT (-58.765447638344355 -2.72204848000797)
2024,CORTE SELETIVO,C60L63,POINT (-58.7651486208725 -2.721851424840676)
2024,CORTE SELETIVO,C60L63,POINT (-58.76505260256686 -2.721450158808318)
2024,CORTE SELETIVO,C60L63,POINT (-58.7682540738735 -2.7213696953878608)
2024,CORTE SELETIVO,C60L63,POINT (-58.76535160685577 -2.7213480898899878)
2024,CORTE SELETIVO,C60L63,POINT (-58.7670505159194 -2.720447090396944)
2024,CORTE SELETIVO,C60L63,POINT (-58.75755275388868 -2.7098446275756944)
2024,CORTE SELETIVO,C60L63,POINT (-58.75765179413211 -2.709646123942483)
2024,CORTE SELETIVO,C60L63,POINT (-58.75583907052826 -2.705623209037373)
2024,CORTE SELETIVO,C60L63,POINT (-58.75555195414769 -2.7054532283685555)
2024,CORTE SELETIVO,C60L63,POINT (-58.78134606302499 -2.6977335868849837)
2024,CORTE SELETIVO,C60L63,POINT (-58.756552215993416 -2.687053961792084)
2024,CORTE SELETIVO,C60L63,POINT (-58.771853047412804 -2.6736515957839617)
2024,CORTE SELETIVO,C60L63,POINT (-58.771749136471776 -2.673468435232342)
2024,CORTE SELETIVO,C60L63,POINT (-58.752347780864206 -2.671254401986224)
2024,CORTE SELETIVO,C60L63,POINT (-58.780351152060774 -2.647148668174342)
2024,CORTE SELETIVO,C60L63,POINT (-58.78024524918511 -2.6470479034233043)
2024,CORTE SELETIVO,C60L63,POINT (-58.78004877767585 -2.6467612449000426)
2024,CORTE SELETIVO,C60L63,POINT (-58.78024683791327 -2.646749105081801)
2024,CORTE SELETIVO,C60L63,POINT (-58.75365343404596 -2.6268495587569816)
2024,CORTE SELETIVO,C60L63,POINT (-58.794352539018206 -2.5713479037182116)
2024,CORTE SELETIVO,C60L63,POINT (-58.777849730948745 -2.508048031723571)
2024,CORTE SELETIVO,C60L63,POINT (-58.777953277456824 -2.5079485929179417)
2024,CORTE SELETIVO,C60L63,POINT (-58.77791531341703 -2.5077486269494567)
2024,CORTE SELETIVO,C60L63,POINT (-58.80229259824713 -2.501048560999705)
2024,CORTE SELETIVO,C60L63,POINT (-58.80244896280394 -2.5009475305449214)
2024,CORTE SELETIVO,C60L63,POINT (-58.80214740576786 -2.5008507605128267)
2024,CORTE SELETIVO,C60L63,POINT (-58.802144982494575 -2.5006527514738535)
2024,CORTE SELETIVO,C60L63,POINT (-58.77054873482234 -2.7259493532354573)
2024,CORTE SELETIVO,C60L63,POINT (-58.767252336702256 -2.7228514345785952)
2024,CORTE SELETIVO,C60L63,POINT (-58.85179967481138 -2.708170429797062)
2024,CORTE SELETIVO,C60L63,POINT (-58.77205291238363 -2.673450419696746)
2024,CORTE SELETIVO,C60L63,POINT (-58.932854006695194 -2.637948059811342)
2024,CORTE SELETIVO,C60L63,POINT (-58.93324602745247 -2.637545848478398)
2024,CORTE SELETIVO,C60L63,POINT (-58.941453975933314 -2.6021523659878962)
2024,CORTE SELETIVO,C60L63,POINT (-58.80234628476725 -2.5012497794578956)
2024,CORTE SELETIVO,C60L63,POINT (-58.76514848836037 -2.722051596426642)
2024,CORTE SELETIVO,C60L63,POINT (-58.89475488723001 -2.6021533741296095)
2024,CORTE SELETIVO,C60L63,POINT (-58.79014680737948 -2.580749560973718)
2024,CORTE SELETIVO,C60L63,POINT (-58.80245444497925 -2.501254660445097)
2024,CORTE SELETIVO,C60L63,POINT (-58.7701516934138 -2.724851856277286)
2024,CORTE SELETIVO,C60L63,POINT (-58.76515424595881 -2.7221459449462744)
2024,CORTE SELETIVO,C60L63,POINT (-58.81394793674731 -2.6214480710574835)
2024,CORTE SELETIVO,C60L63,POINT (-58.76524756404018 -2.721952423598061)
2024,CORTE SELETIVO,C60L63,POINT (-58.77185299084272 -2.6735503375780794)
2024,CORTE SELETIVO,C60L63,POINT (-58.79774584446674 -2.6344533578330447)
2024,CORTE SELETIVO,C60L63,POINT (-58.8238458469187 -2.5668452107899316)
2024,CORTE SELETIVO,C60L63,POINT (-58.837151320063846 -2.5300514457965697)
2024,CORTE SELETIVO,C60L63,POINT (-58.81395317344558 -2.621546487192713)
2024,CORTE SELETIVO,C60L63,POINT (-58.78985086301541 -2.580447129234877)
2024,CORTE SELETIVO,C60L63,POINT (-58.771247995160095 -2.725645362812798)
2024,CORTE SELETIVO,C60L63,POINT (-58.88764558865026 -2.640546936748716)
2024,CORTE SELETIVO,C60L63,POINT (-58.95645334906939 -2.613548100491064)
2024,CORTE SELETIVO,C60L63,POINT (-58.94325299749596 -2.599449935559524)
2024,CORTE SELETIVO,C60L63,POINT (-58.944152072021105 -2.5979505888663863)
2024,CORTE SELETIVO,C60L63,POINT (-58.94445467471458 -2.594945773390864)
2024,CORTE SELETIVO,C60L63,POINT (-58.95215439546028 -2.590252246050203)
2024,CORTE SELETIVO,C60L63,POINT (-58.98005109850957 -2.588249312641995)
2024,CORTE SELETIVO,C60L63,POINT (-58.96326790634679 -2.582846626502341)
2024,CORTE SELETIVO,C60L63,POINT (-58.936050610139176 -2.5021491198449253)
2024,CORTE SELETIVO,C60L63,POINT (-58.77064863519167 -2.724653714105713)
2024,CORTE SELETIVO,C60L63,POINT (-58.76895071597665 -2.7219460351234828)
2024,CORTE SELETIVO,C60L63,POINT (-58.768353503469044 -2.7218530126904983)
2024,CORTE SELETIVO,C60L63,POINT (-58.765053458813426 -2.72184929457326)
2024,CORTE SELETIVO,C60L63,POINT (-58.7657489177793 -2.721350500720412)
2024,CORTE SELETIVO,C60L63,POINT (-58.76730755921274 -2.7173465961351155)
2024,CORTE SELETIVO,C60L63,POINT (-58.7669462138425 -2.7173473079833297)
2024,CORTE SELETIVO,C60L63,POINT (-58.767068960281456 -2.7172544774569882)
2024,CORTE SELETIVO,C60L63,POINT (-58.76685169569333 -2.7172490893048336)
2024,CORTE SELETIVO,C60L63,POINT (-58.76574887029744 -2.717350637876428)
2024,CORTE SELETIVO,C60L63,POINT (-58.77204658034275 -2.6735528144666887)
2024,CORTE SELETIVO,C60L63,POINT (-58.959447068342385 -2.6608516508895232)
2024,CORTE SELETIVO,C60L63,POINT (-58.77055099689277 -2.7258540212245035)
2024,CORTE SELETIVO,C60L63,POINT (-58.770449629067954 -2.725151681444958)
2024,CORTE SELETIVO,C60L63,POINT (-58.839750398238074 -2.679747521008604)
2024,CORTE SELETIVO,C60L63,POINT (-58.93924865091288 -2.5980463599878503)
2024,CORTE SELETIVO,C60L63,POINT (-58.959253980111484 -2.575251115744813)
2024,CORTE SELETIVO,C60L63,POINT (-58.802154793344506 -2.501049620752179)
2024,CORTE SELETIVO,C60L63,POINT (-58.77004965434593 -2.7255531244002005)
2024,CORTE SELETIVO,C60L63,POINT (-58.77034839186241 -2.725152352676154)
2024,CORTE SELETIVO,C60L63,POINT (-58.996949853762935 -2.683845723936353)
2024,CORTE SELETIVO,C60L63,POINT (-58.93915347081911 -2.59805363594577)
2024,CORTE SELETIVO,C60L63,POINT (-58.802153869991166 -2.500945889540517)
2024,CORTE SELETIVO,C60L63,POINT (-58.963151244134444 -2.686849985734421)
2024,CORTE SELETIVO,C60L63,POINT (-58.967152515696476 -2.6853480621075865)
2024,CORTE SELETIVO,C60L63,POINT (-58.967447561871566 -2.6851458124569514)
2024,CORTE SELETIVO,C60L63,POINT (-58.99695389887875 -2.683754544989586)
2024,CORTE SELETIVO,C60L63,POINT (-58.99684959294516 -2.6836451731386246)
2024,CORTE SELETIVO,C60L63,POINT (-58.96464574616526 -2.6816502929089565)
2024,CORTE SELETIVO,C60L63,POINT (-58.946549353134635 -2.6784496188190956)
2024,CORTE SELETIVO,C60L63,POINT (-58.94485403487195 -2.673049568713792)
2024,CORTE SELETIVO,C60L63,POINT (-58.95955433435181 -2.660551699320383)
2024,CORTE SELETIVO,C60L63,POINT (-58.96504500391596 -2.6542540460931914)
2024,CORTE SELETIVO,C60L63,POINT (-58.971448496733146 -2.6155536465962417)
2024,CORTE SELETIVO,C60L63,POINT (-58.972050908106134 -2.6136547086779167)
2024,CORTE SELETIVO,C60L63,POINT (-58.95526667614521 -2.6100523486515277)
2024,CORTE SELETIVO,C60L63,POINT (-58.96465254766187 -2.6099469179194905)
2024,CORTE SELETIVO,C60L63,POINT (-58.970751288701315 -2.6068455362868574)
2024,CORTE SELETIVO,C60L63,POINT (-58.98175224309888 -2.599254133197453)
2024,CORTE SELETIVO,C60L63,POINT (-58.94944658401459 -2.5983482438855763)
2024,CORTE SELETIVO,C60L63,POINT (-58.97014971554936 -2.597253354733239)
2024,CORTE SELETIVO,C60L63,POINT (-58.97004496162616 -2.5969519770736276)
2024,CORTE SELETIVO,C60L63,POINT (-58.967548277401946 -2.592882262994825)
2024,CORTE SELETIVO,C60L63,POINT (-58.977754005294514 -2.5913523903144435)
2024,CORTE SELETIVO,C60L63,POINT (-58.94844762667196 -2.5904469441877214)
2024,CORTE SELETIVO,C60L63,POINT (-58.948549871439525 -2.5903535030017526)
2024,CORTE SELETIVO,C60L63,POINT (-58.948251845718424 -2.5884482396632724)
2024,CORTE SELETIVO,C60L63,POINT (-58.94382763297817 -2.5863471767880046)
2024,CORTE SELETIVO,C60L63,POINT (-58.9452462837924 -2.5853520733862765)
2024,CORTE SELETIVO,C60L63,POINT (-58.95865409355345 -2.584153459993591)
2024,CORTE SELETIVO,C60L63,POINT (-58.958745083555854 -2.58394010300446)
2024,CORTE SELETIVO,C60L63,POINT (-58.945947409849126 -2.5831483891536307)
2024,CORTE SELETIVO,C60L63,POINT (-58.9621629057442 -2.5793455632458557)
2024,CORTE SELETIVO,C60L63,POINT (-58.96244572410678 -2.579108966266141)
2024,CORTE SELETIVO,C60L63,POINT (-58.96274801975946 -2.5782458333267506)
2024,CORTE SELETIVO,C60L63,POINT (-58.962551942291924 -2.578050809536586)
2024,CORTE SELETIVO,C60L63,POINT (-58.986846616474274 -2.552749626240203)
2024,CORTE SELETIVO,C60L63,POINT (-58.91354632477998 -2.7478454735905395)
2024,CORTE SELETIVO,C60L63,POINT (-58.91365708761923 -2.745385744314263)
2024,CORTE SELETIVO,C60L63,POINT (-58.940244967961675 -2.663046205505893)
2024,CORTE SELETIVO,C60L63,POINT (-58.91774949710582 -2.6563527817755284)
2024,CORTE SELETIVO,C60L63,POINT (-58.90095170370707 -2.6410547596840064)
2024,CORTE SELETIVO,C60L63,POINT (-58.93314570420943 -2.6376511138824235)
2024,CORTE SELETIVO,C60L63,POINT (-58.888965469735645 -2.6330310560174977)
2024,CORTE SELETIVO,C60L63,POINT (-58.9375510680837 -2.6105516905474704)
2024,CORTE SELETIVO,C60L63,POINT (-58.89285131473009 -2.6091895050151135)
2024,CORTE SELETIVO,C60L63,POINT (-58.89274618168792 -2.6087913798086464)
2024,CORTE SELETIVO,C60L63,POINT (-58.925349434785645 -2.602653215023997)
2024,CORTE SELETIVO,C60L63,POINT (-58.94155340657751 -2.601951149662576)
2024,CORTE SELETIVO,C60L63,POINT (-58.90307881555229 -2.5992485262570417)
2024,CORTE SELETIVO,C60L63,POINT (-58.93924914051911 -2.5981524462914414)
2024,CORTE SELETIVO,C60L63,POINT (-58.939354382641184 -2.598047473387675)
2024,CORTE SELETIVO,C60L63,POINT (-58.92205355971925 -2.596954855637995)
2024,CORTE SELETIVO,C60L63,POINT (-58.92435109986044 -2.595145360964675)
2024,CORTE SELETIVO,C60L63,POINT (-58.85866296585702 -2.5932050371658613)
2024,CORTE SELETIVO,C60L63,POINT (-58.86204964555371 -2.5899506054837844)
2024,CORTE SELETIVO,C60L63,POINT (-58.87435433117721 -2.5891480744690396)
2024,CORTE SELETIVO,C60L63,POINT (-58.90525406316214 -2.5447978422080704)
2024,CORTE SELETIVO,C60L63,POINT (-58.9051468799761 -2.544645396123068)
2024,CORTE SELETIVO,C60L63,POINT (-58.88615031120295 -2.53335224294847)
2024,CORTE SELETIVO,C60L63,POINT (-58.86655064835421 -2.5318520568114673)
2024,CORTE SELETIVO,C60L63,POINT (-58.86685469134163 -2.531051708207121)
2024,CORTE SELETIVO,C60L63,POINT (-58.87485169395221 -2.522244699905813)
2024,CORTE SELETIVO,C60L63,POINT (-58.874651367636204 -2.5222493623667805)
2024,CORTE SELETIVO,C60L63,POINT (-58.91775021302127 -2.5187509693287535)
2024,CORTE SELETIVO,C60L63,POINT (-58.9177456700215 -2.518476998825551)
2024,CORTE SELETIVO,C60L63,POINT (-58.93485101148856 -2.5085544595100147)
2024,CORTE SELETIVO,C60L63,POINT (-58.93425153435364 -2.5042503595219907)
2024,CORTE SELETIVO,C60L63,POINT (-58.934150819553764 -2.5041493852970107)
2024,CORTE SELETIVO,C60L63,POINT (-58.93625224820461 -2.5014491525024427)
2024,CORTE SELETIVO,C60L63,POINT (-58.931748116242574 -2.5003541754608385)
2024,CORTE SELETIVO,C60L63,POINT (-58.83735469079692 -2.682248027674684)
2024,CORTE SELETIVO,C60L63,POINT (-58.839851488713514 -2.679846294963215)
2024,CORTE SELETIVO,C60L63,POINT (-58.84695489286616 -2.6279887021770487)
2024,CORTE SELETIVO,C60L63,POINT (-58.846752989089175 -2.6279527484432035)
2024,CORTE SELETIVO,C60L63,POINT (-58.84685426159959 -2.627851941833574)
2024,CORTE SELETIVO,C60L63,POINT (-58.85835054380263 -2.5929541048978475)
2024,CORTE SELETIVO,C60L63,POINT (-58.8170509818174 -2.583146535096138)
2024,CORTE SELETIVO,C60L63,POINT (-58.8169479431436 -2.582950535884017)
2024,CORTE SELETIVO,C60L63,POINT (-58.81875270265563 -2.5733305116525718)
2024,CORTE SELETIVO,C60L63,POINT (-58.82415480753302 -2.566852528958557)
2024,CORTE SELETIVO,C60L63,POINT (-58.823847041911556 -2.5667472459500766)
2024,CORTE SELETIVO,C60L63,POINT (-58.85484930196927 -2.5658547038036676)
2024,CORTE SELETIVO,C60L63,POINT (-58.832447037795625 -2.563749657205425)
2024,CORTE SELETIVO,C60L63,POINT (-58.82645445967361 -2.5605475654331635)
2024,CORTE SELETIVO,C60L63,POINT (-58.8192456720424 -2.557152848736083)
2024,CORTE SELETIVO,C60L63,POINT (-58.81944881449892 -2.557146883604207)
2024,CORTE SELETIVO,C60L63,POINT (-58.81539880274483 -2.5493604479230285)
2024,CORTE SELETIVO,C60L63,POINT (-58.83044964644354 -2.547651613600288)
2024,CORTE SELETIVO,C60L63,POINT (-58.820147048287524 -2.5438688260420026)
2024,CORTE SELETIVO,C60L63,POINT (-58.81505328389226 -2.5424511719189247)
2024,CORTE SELETIVO,C60L63,POINT (-58.81504338895887 -2.5422477315798035)
2024,CORTE SELETIVO,C60L63,POINT (-58.80954945710108 -2.5379464404716456)
2024,CORTE SELETIVO,C60L63,POINT (-58.81965082380958 -2.5329969532605037)
2024,CORTE SELETIVO,C60L63,POINT (-58.8528488496422 -2.532646562415273)
2024,CORTE SELETIVO,C60L63,POINT (-58.81984651911267 -2.5325986364219797)
2024,CORTE SELETIVO,C60L63,POINT (-58.81945027193029 -2.531948867480721)
2024,CORTE SELETIVO,C60L63,POINT (-58.83705167453118 -2.529949879215177)
2024,CORTE SELETIVO,C60L63,POINT (-58.84014881608277 -2.5289466219641255)
2024,CORTE SELETIVO,C60L63,POINT (-58.83294705523185 -2.522252210443666)
2024,CORTE SELETIVO,C60L63,POINT (-58.838247589379755 -2.514650101004227)
2024,CORTE SELETIVO,C60L63,POINT (-58.8152514797957 -2.513952328702951)
2024,CORTE SELETIVO,C60L63,POINT (-58.82484824125918 -2.5134392748868284)
2024,CORTE SELETIVO,C60L63,POINT (-58.82505273079569 -2.5133470688086677)
2024,CORTE SELETIVO,C60L63,POINT (-58.834851078256975 -2.5002515131221155)
2024,CORTE SELETIVO,C60L63,POINT (-58.78644817595023 -2.736290903178743)
2024,CORTE SELETIVO,C60L63,POINT (-58.77065484415893 -2.7258515681055617)
2024,CORTE SELETIVO,C60L63,POINT (-58.770351364461995 -2.7255902607873463)
2024,CORTE SELETIVO,C60L63,POINT (-58.7702529200889 -2.7254196909243853)
2024,CORTE SELETIVO,C60L63,POINT (-58.77084145805924 -2.725048520006633)
2024,CORTE SELETIVO,C60L63,POINT (-58.77044575236874 -2.7248537031645457)
2024,CORTE SELETIVO,C60L63,POINT (-58.77025051501798 -2.7248063646856857)
2024,CORTE SELETIVO,C60L63,POINT (-58.770045476516614 -2.7246490424654373)
2024,CORTE SELETIVO,C60L63,POINT (-58.765328378507974 -2.72204902042174)
2024,CORTE SELETIVO,C60L63,POINT (-58.76815395205139 -2.721945533140323)
2024,CORTE SELETIVO,C60L63,POINT (-58.76844964509851 -2.7219463408651223)
2024,CORTE SELETIVO,C60L63,POINT (-58.76823892245245 -2.7217275394478677)
2024,CORTE SELETIVO,C60L63,POINT (-58.76854548381441 -2.7215256674447676)
2024,CORTE SELETIVO,C60L63,POINT (-58.76464641303461 -2.7177541199199227)
2024,CORTE SELETIVO,C60L63,POINT (-58.77604964963898 -2.7045472009225566)
2024,CORTE SELETIVO,C60L63,POINT (-58.77614813941546 -2.7044538124654154)
2024,CORTE SELETIVO,C60L63,POINT (-58.77104617794593 -2.6890469571215627)
2024,CORTE SELETIVO,C60L63,POINT (-58.77138894458346 -2.6883899323011335)
2024,CORTE SELETIVO,C60L63,POINT (-58.77113639602697 -2.688345342512194)
2024,CORTE SELETIVO,C60L63,POINT (-58.75685490929901 -2.687045175312292)
2024,CORTE SELETIVO,C60L63,POINT (-58.765404620903944 -2.6663504444915898)
2024,CORTE SELETIVO,C60L63,POINT (-58.77995307972264 -2.646764420400727)
2024,CORTE SELETIVO,C60L63,POINT (-58.797650680176126 -2.6344520190437493)
2024,CORTE SELETIVO,C60L63,POINT (-58.7974514808279 -2.598850230522523)
2024,CORTE SELETIVO,C60L63,POINT (-58.80614805501687 -2.5957495901068293)
2024,CORTE SELETIVO,C60L63,POINT (-58.78765269339448 -2.587409183404796)
2024,CORTE SELETIVO,C60L63,POINT (-58.78994859409983 -2.580354024614326)
2024,CORTE SELETIVO,C60L63,POINT (-58.80314528032769 -2.5502496599612696)
2024,CORTE SELETIVO,C60L63,POINT (-58.756569877701004 -2.5249438900780943)
2024,CORTE SELETIVO,C60L63,POINT (-58.80588175176297 -2.523420291731651)
2024,CORTE SELETIVO,C60L63,POINT (-58.807248842595286 -2.5194761361890854)
2024,CORTE SELETIVO,C60L63,POINT (-58.7853506654884 -2.5028526511876277)
2024,CORTE SELETIVO,C60L63,POINT (-58.80245390834755 -2.5013529356344617)
2024,CORTE SELETIVO,C60L63,POINT (-58.77141771625507 -2.723859287396397)
2024,CORTE SELETIVO,C60L63,POINT (-58.77135240880674 -2.723653540985459)
2024,CORTE SELETIVO,C60L63,POINT (-58.945049470891895 -2.6792486420427157)
2024,CORTE SELETIVO,C60L63,POINT (-58.934951365575024 -2.6355135837928603)
2024,CORTE SELETIVO,C60L63,POINT (-58.80565023149318 -2.596451613353681)
2024,CORTE SELETIVO,C60L63,POINT (-58.81165475295115 -2.589949698106166)
2024,CORTE SELETIVO,C60L63,POINT (-58.83725510208904 -2.5301457426845904)
2024,CORTE SELETIVO,C60L63,POINT (-58.88285165531883 -2.515846806030612)
2024,CORTE SELETIVO,C60L63,POINT (-58.936251064098286 -2.501852272295825)
2024,CORTE SELETIVO,C60L63,POINT (-58.77124828087837 -2.732150407312835)
2024,CORTE SELETIVO,C60L63,POINT (-58.770453253152795 -2.7245398613605865)
2024,CORTE SELETIVO,C60L63,POINT (-58.770207842481774 -2.724252124628667)
2024,CORTE SELETIVO,C60L63,POINT (-58.770352769866214 -2.7238390342891217)
2024,CORTE SELETIVO,C60L63,POINT (-58.77058393402214 -2.7236155447360133)
2024,CORTE SELETIVO,C60L63,POINT (-58.77115224912707 -2.723446765905696)
2024,CORTE SELETIVO,C60L63,POINT (-58.76711155818723 -2.7222483283846697)
2024,CORTE SELETIVO,C60L63,POINT (-58.767049053354356 -2.7179212738506076)
2024,CORTE SELETIVO,C60L63,POINT (-58.766948113102764 -2.7172529219594366)
2024,CORTE SELETIVO,C60L63,POINT (-58.76834806428372 -2.7224534583346487)
2024,CORTE SELETIVO,C60L63,POINT (-58.7709495836709 -2.5963532479731906)
2024,CORTE SELETIVO,C60L63,POINT (-58.770454153815244 -2.7257535649620293)
2024,CORTE SELETIVO,C60L63,POINT (-58.76815292067953 -2.7216532718946436)
2024,CORTE SELETIVO,C60L63,POINT (-58.77104970250317 -2.6889508131975712)
2024,CORTE SELETIVO,C60L63,POINT (-58.83974497748468 -2.6798490002300004)
2024,CORTE SELETIVO,C60L63,POINT (-58.83984565735159 -2.6797546576287976)
2024,CORTE SELETIVO,C60L63,POINT (-58.765045043913545 -2.666447236812289)
2024,CORTE SELETIVO,C60L63,POINT (-58.813851569032316 -2.621246809083571)
2024,CORTE SELETIVO,C60L63,POINT (-58.83985140816643 -2.679948509453637)
2024,CORTE SELETIVO,C60L63,POINT (-58.76514897498752 -2.6665502264385794)
2024,CORTE SELETIVO,C60L63,POINT (-58.768552888403484 -2.7225469207420705)
2024,CORTE SELETIVO,C60L63,POINT (-58.765149799131436 -2.666446596268666)
2024,CORTE SELETIVO,C60L63,POINT (-58.98144822797511 -2.5045469208278557)
2024,CORTE SELETIVO,C60L63,POINT (-58.770252281575765 -2.725751396396646)
2024,CORTE SELETIVO,C60L63,POINT (-58.78774879030438 -2.587352031126315)
2024,CORTE SELETIVO,C60L63,POINT (-58.93475386455664 -2.508754800127718)
2024,CORTE SELETIVO,C60L63,POINT (-58.76845063306947 -2.7225475919127966)
2024,CORTE SELETIVO,C60L63,POINT (-58.76825502514116 -2.7218724186759227)
2024,CORTE SELETIVO,C60L63,POINT (-58.95535156084645 -2.680051383826212)
2024,CORTE SELETIVO,C60L63,POINT (-58.839750094320934 -2.6796506870560277)
2024,CORTE SELETIVO,C60L63,POINT (-58.86245416482942 -2.6523514100944947)
2024,CORTE SELETIVO,C60L63,POINT (-58.76684605528593 -2.722745493096877)
2024,CORTE SELETIVO,C60L63,POINT (-58.764755077521336 -2.717649462588828)
2024,CORTE SELETIVO,C60L63,POINT (-58.955446493478256 -2.680147109833327)
2024,CORTE SELETIVO,C60L63,POINT (-58.86234855070831 -2.6523522311633303)
2024,CORTE SELETIVO,C60L63,POINT (-58.855946556927925 -2.5454489786740995)
2024,CORTE SELETIVO,C60L63,POINT (-58.765052491097045 -2.6665523440634367)
2024,CORTE SELETIVO,C60L63,POINT (-58.83714578792199 -2.530145436413098)
2024,CORTE SELETIVO,C60L63,POINT (-58.95535208426282 -2.6799503880429705)
2024,CORTE SELETIVO,C60L63,POINT (-58.97356265366305 -2.666367976056841)
2024,CORTE SELETIVO,C60L63,POINT (-58.955246695474564 -2.665647464957721)
2024,CORTE SELETIVO,C60L63,POINT (-58.96875103937316 -2.663052495330738)
2024,CORTE SELETIVO,C60L63,POINT (-58.93875477694005 -2.661846505143964)
2024,CORTE SELETIVO,C60L63,POINT (-58.95285355317018 -2.6563673825136638)
2024,CORTE SELETIVO,C60L63,POINT (-58.933747581465084 -2.609751633081925)
2024,CORTE SELETIVO,C60L63,POINT (-58.94305400181736 -2.603852100374177)
2024,CORTE SELETIVO,C60L63,POINT (-58.971950686657756 -2.6007454178018565)
2024,CORTE SELETIVO,C60L63,POINT (-58.95385427663404 -2.5988787151699566)
2024,CORTE SELETIVO,C60L63,POINT (-58.93955274566825 -2.598252392236766)
2024,CORTE SELETIVO,C60L63,POINT (-58.93975321089299 -2.598153463524176)
2024,CORTE SELETIVO,C60L63,POINT (-58.93965012726149 -2.598047131215074)
2024,CORTE SELETIVO,C60L63,POINT (-58.960401783302814 -2.5968457809686707)
2024,CORTE SELETIVO,C60L63,POINT (-58.97425483939445 -2.593254712833326)
2024,CORTE SELETIVO,C60L63,POINT (-58.967447070231024 -2.5928476014775743)
2024,CORTE SELETIVO,C60L63,POINT (-58.967547793246624 -2.592749127989725)
2024,CORTE SELETIVO,C60L63,POINT (-58.97404710602864 -2.592149597214483)
2024,CORTE SELETIVO,C60L63,POINT (-58.94305227562876 -2.591545399359063)
2024,CORTE SELETIVO,C60L63,POINT (-58.98274520005092 -2.5913452246191233)
2024,CORTE SELETIVO,C60L63,POINT (-58.981647518933634 -2.5901467330993118)
2024,CORTE SELETIVO,C60L63,POINT (-58.95854621795919 -2.584148248864525)
2024,CORTE SELETIVO,C60L63,POINT (-58.95844527546081 -2.584047143716568)
2024,CORTE SELETIVO,C60L63,POINT (-58.95860205124341 -2.583851968996111)
2024,CORTE SELETIVO,C60L63,POINT (-58.958650452163276 -2.583648563712259)
2024,CORTE SELETIVO,C60L63,POINT (-58.95955292715632 -2.575044091959142)
2024,CORTE SELETIVO,C60L63,POINT (-58.968749946283005 -2.570353152061511)
2024,CORTE SELETIVO,C60L63,POINT (-58.986946698610446 -2.552760508403956)
2024,CORTE SELETIVO,C60L63,POINT (-58.995171896381066 -2.5193386309017964)
2024,CORTE SELETIVO,C60L63,POINT (-58.99655189108259 -2.5168494826712897)
2024,CORTE SELETIVO,C60L63,POINT (-58.93485209398197 -2.508746107909843)
2024,CORTE SELETIVO,C60L63,POINT (-58.92100724105069 -2.716021528260831)
2024,CORTE SELETIVO,C60L63,POINT (-58.92125409587641 -2.707693913101222)
2024,CORTE SELETIVO,C60L63,POINT (-58.86241625049511 -2.6524527393951827)
2024,CORTE SELETIVO,C60L63,POINT (-58.89364926121805 -2.649145332649108)
2024,CORTE SELETIVO,C60L63,POINT (-58.893646439362676 -2.6489468129651654)
2024,CORTE SELETIVO,C60L63,POINT (-58.901152256422286 -2.641745244994031)
2024,CORTE SELETIVO,C60L63,POINT (-58.90125497468169 -2.6415996308561476)
2024,CORTE SELETIVO,C60L63,POINT (-58.901141851549504 -2.641428990910776)
2024,CORTE SELETIVO,C60L63,POINT (-58.93294762589756 -2.6377490061489333)
2024,CORTE SELETIVO,C60L63,POINT (-58.933053659433995 -2.637648696585289)
2024,CORTE SELETIVO,C60L63,POINT (-58.933650753060675 -2.60954642621614)
2024,CORTE SELETIVO,C60L63,POINT (-58.90285262718479 -2.598848415274758)
2024,CORTE SELETIVO,C60L63,POINT (-58.92895308186584 -2.599049998505269)
2024,CORTE SELETIVO,C60L63,POINT (-58.92204586739863 -2.5966453981545037)
2024,CORTE SELETIVO,C60L63,POINT (-58.92495011343552 -2.595045548334258)
2024,CORTE SELETIVO,C60L63,POINT (-58.92474947579269 -2.5950224033455904)
2024,CORTE SELETIVO,C60L63,POINT (-58.92455441760144 -2.592845888794753)
2024,CORTE SELETIVO,C60L63,POINT (-58.862461810559644 -2.589745876851862)
2024,CORTE SELETIVO,C60L63,POINT (-58.86888709446583 -2.5453546166080354)
2024,CORTE SELETIVO,C60L63,POINT (-58.90534747201927 -2.5450625884924345)
2024,CORTE SELETIVO,C60L63,POINT (-58.88184983899106 -2.542852313315434)
2024,CORTE SELETIVO,C60L63,POINT (-58.86784830176261 -2.539248451013192)
2024,CORTE SELETIVO,C60L63,POINT (-58.88644910980713 -2.5329515360324883)
2024,CORTE SELETIVO,C60L63,POINT (-58.87674697054627 -2.529346277021208)
2024,CORTE SELETIVO,C60L63,POINT (-58.87674764663912 -2.529052576339932)
2024,CORTE SELETIVO,C60L63,POINT (-58.87674815740714 -2.5251547564677352)
2024,CORTE SELETIVO,C60L63,POINT (-58.87664691362318 -2.5249547175518323)
2024,CORTE SELETIVO,C60L63,POINT (-58.87654725488947 -2.5247509434122444)
2024,CORTE SELETIVO,C60L63,POINT (-58.87441588591371 -2.5224696531696615)
2024,CORTE SELETIVO,C60L63,POINT (-58.931162627569584 -2.501081527468194)
2024,CORTE SELETIVO,C60L63,POINT (-58.93155319687887 -2.500378823734805)
2024,CORTE SELETIVO,C60L63,POINT (-58.839753147422265 -2.679954610085236)
2024,CORTE SELETIVO,C60L63,POINT (-58.86224706231057 -2.652353277308346)
2024,CORTE SELETIVO,C60L63,POINT (-58.85864507927322 -2.5933496233904236)
2024,CORTE SELETIVO,C60L63,POINT (-58.86195315005959 -2.5902474599886984)
2024,CORTE SELETIVO,C60L63,POINT (-58.862147700908686 -2.590226103616082)
2024,CORTE SELETIVO,C60L63,POINT (-58.86225279750289 -2.5899503026173014)
2024,CORTE SELETIVO,C60L63,POINT (-58.81904591260368 -2.5776504077356472)
2024,CORTE SELETIVO,C60L63,POINT (-58.822345911392716 -2.5720006184568276)
2024,CORTE SELETIVO,C60L63,POINT (-58.81945049743143 -2.568254561096902)
2024,CORTE SELETIVO,C60L63,POINT (-58.84064885942439 -2.5664517161425153)
2024,CORTE SELETIVO,C60L63,POINT (-58.846752265801726 -2.5664496000272106)
2024,CORTE SELETIVO,C60L63,POINT (-58.8176546285665 -2.565746456233179)
2024,CORTE SELETIVO,C60L63,POINT (-58.81244711318491 -2.561855651643161)
2024,CORTE SELETIVO,C60L63,POINT (-58.826351182214886 -2.560551094837486)
2024,CORTE SELETIVO,C60L63,POINT (-58.83555061903935 -2.5440505749725006)
2024,CORTE SELETIVO,C60L63,POINT (-58.828061779841626 -2.5383324924033004)
2024,CORTE SELETIVO,C60L63,POINT (-58.82795259823278 -2.5380357403946596)
2024,CORTE SELETIVO,C60L63,POINT (-58.82395449626294 -2.537634496252261)
2024,CORTE SELETIVO,C60L63,POINT (-58.84064780636549 -2.5335488918682265)
2024,CORTE SELETIVO,C60L63,POINT (-58.81945026160193 -2.532850318413925)
2024,CORTE SELETIVO,C60L63,POINT (-58.84005258931977 -2.529150021813952)
2024,CORTE SELETIVO,C60L63,POINT (-58.83954794521836 -2.5287258911785737)
2024,CORTE SELETIVO,C60L63,POINT (-58.8076466278627 -2.5257466861990405)
2024,CORTE SELETIVO,C60L63,POINT (-58.80774806123538 -2.5256451436865457)
2024,CORTE SELETIVO,C60L63,POINT (-58.82264869891987 -2.5188486930688274)
2024,CORTE SELETIVO,C60L63,POINT (-58.81568227096713 -2.5154584184491893)
2024,CORTE SELETIVO,C60L63,POINT (-58.81544777838735 -2.5151596044336384)
2024,CORTE SELETIVO,C60L63,POINT (-58.812451025509795 -2.509353133758299)
2024,CORTE SELETIVO,C60L63,POINT (-58.859147609868764 -2.5051458198137224)
2024,CORTE SELETIVO,C60L63,POINT (-58.80965426621459 -2.5024539695677017)
2024,CORTE SELETIVO,C60L63,POINT (-58.83495379603604 -2.500228314223447)
2024,CORTE SELETIVO,C60L63,POINT (-58.786551241839994 -2.73644852851255)
2024,CORTE SELETIVO,C60L63,POINT (-58.78618694189728 -2.7362661953157015)
2024,CORTE SELETIVO,C60L63,POINT (-58.77137667984152 -2.7320575757817753)
2024,CORTE SELETIVO,C60L63,POINT (-58.77138679327383 -2.731756435665872)
2024,CORTE SELETIVO,C60L63,POINT (-58.77005196008813 -2.7256488993227865)
2024,CORTE SELETIVO,C60L63,POINT (-58.77025309596371 -2.7255523407325297)
2024,CORTE SELETIVO,C60L63,POINT (-58.77014745715006 -2.7249654834604953)
2024,CORTE SELETIVO,C60L63,POINT (-58.770484179229996 -2.7250419738533327)
2024,CORTE SELETIVO,C60L63,POINT (-58.77043759718222 -2.72474624663961)
2024,CORTE SELETIVO,C60L63,POINT (-58.77125405638843 -2.723436458223025)
2024,CORTE SELETIVO,C60L63,POINT (-58.76684895376483 -2.7228495287163605)
2024,CORTE SELETIVO,C60L63,POINT (-58.76684575197571 -2.7226480628817704)
2024,CORTE SELETIVO,C60L63,POINT (-58.76854609198357 -2.721945858597403)
2024,CORTE SELETIVO,C60L63,POINT (-58.768154793276466 -2.7215470835175646)
2024,CORTE SELETIVO,C60L63,POINT (-58.76565352870644 -2.7172501321009643)
2024,CORTE SELETIVO,C60L63,POINT (-58.755453254929456 -2.705447493272294)
2024,CORTE SELETIVO,C60L63,POINT (-58.76525469659012 -2.6669571053573655)
2024,CORTE SELETIVO,C60L63,POINT (-58.765254712717024 -2.666648575215189)
2024,CORTE SELETIVO,C60L63,POINT (-58.78325289480223 -2.6437531155312066)
2024,CORTE SELETIVO,C60L63,POINT (-58.78145368258191 -2.59455381011144)
2024,CORTE SELETIVO,C60L63,POINT (-58.78194906535571 -2.5942774940636903)
2024,CORTE SELETIVO,C60L63,POINT (-58.78155502503561 -2.5942481011364524)
2024,CORTE SELETIVO,C60L63,POINT (-58.78775300510235 -2.5875541030907896)
2024,CORTE SELETIVO,C60L63,POINT (-58.787551169789694 -2.5794545247252136)
2024,CORTE SELETIVO,C60L63,POINT (-58.807648371043996 -2.550648693524338)
2024,CORTE SELETIVO,C60L63,POINT (-58.80605218039313 -2.5329497035657247)
2024,CORTE SELETIVO,C60L63,POINT (-58.80595508649309 -2.5328477946450043)
2024,CORTE SELETIVO,C60L63,POINT (-58.80605213950242 -2.523148581779626)
2024,CORTE SELETIVO,C60L63,POINT (-58.798652539045754 -2.5149480704622147)
2024,CORTE SELETIVO,C60L63,POINT (-58.77804868569465 -2.5077296053402502)
2024,CORTE SELETIVO,C60L63,POINT (-58.767112581172746 -2.7233541108743515)
2024,CORTE SELETIVO,C60L63,POINT (-58.766751803967765 -2.7230816134387323)
2024,CORTE SELETIVO,C60L63,POINT (-58.768346891772936 -2.722546839147775)
2024,CORTE SELETIVO,C60L63,POINT (-58.76685020155024 -2.717645556283626)
2024,CORTE SELETIVO,C60L63,POINT (-58.92107865164984 -2.7077819168490262)
2024,CORTE SELETIVO,C60L63,POINT (-58.935045894319416 -2.6349482851288446)
2024,CORTE SELETIVO,C60L63,POINT (-58.76685057323756 -2.7177499079006973)
2024,CORTE SELETIVO,C60L63,POINT (-58.92134864450954 -2.7078535780942063)
2024,CORTE SELETIVO,C60L63,POINT (-58.9210467053473 -2.7075516196714853)
2024,CORTE SELETIVO,C60L63,POINT (-58.823855069716025 -2.5666481306740456)
2024,CORTE SELETIVO,C60L63,POINT (-58.92124626168514 -2.7079495338200386)
2024,CORTE SELETIVO,C60L63,POINT (-58.93095348684923 -2.732247154892771)
2024,CORTE SELETIVO,C60L63,POINT (-58.76524692654973 -2.6663511252727576)
2024,CORTE SELETIVO,C60L63,POINT (-58.83704784901465 -2.53255154704076)
2024,CORTE SELETIVO,C60L63,POINT (-58.8625516788292 -2.652351933068993)
2024,CORTE SELETIVO,C60L63,POINT (-58.93485098998679 -2.635450666796866)
2024,CORTE SELETIVO,C60L63,POINT (-58.96200633937305 -2.5794481928873205)
2024,CORTE SELETIVO,C60L63,POINT (-58.93465173355382 -2.508749242963269)
2024,CORTE SELETIVO,C60L63,POINT (-58.934948975622945 -2.635353397130286)
2024,CORTE SELETIVO,C60L63,POINT (-58.99644901588617 -2.517053661051302)
2024,CORTE SELETIVO,C60L63,POINT (-58.930951823724826 -2.732848977099713)
2024,CORTE SELETIVO,C60L63,POINT (-58.935045713761 -2.6353486308308076)
2024,CORTE SELETIVO,C60L63,POINT (-58.935115143026856 -2.635049494974223)
2024,CORTE SELETIVO,C60L63,POINT (-58.967548230685104 -2.684750379205506)
2024,CORTE SELETIVO,C60L63,POINT (-58.936648916994244 -2.661694102482262)
2024,CORTE SELETIVO,C60L63,POINT (-58.95125180095702 -2.6056525091850675)
2024,CORTE SELETIVO,C60L63,POINT (-58.96384762856738 -2.603049063053617)
2024,CORTE SELETIVO,C60L63,POINT (-58.963652076615766 -2.6014525438290583)
2024,CORTE SELETIVO,C60L63,POINT (-58.970149322797226 -2.597346332253667)
2024,CORTE SELETIVO,C60L63,POINT (-58.97025192534275 -2.597253014969906)
2024,CORTE SELETIVO,C60L63,POINT (-58.960251174257984 -2.5970538554299436)
2024,CORTE SELETIVO,C60L63,POINT (-58.943650977881575 -2.5915543758080717)
2024,CORTE SELETIVO,C60L63,POINT (-58.9825523653404 -2.59145199386402)
2024,CORTE SELETIVO,C60L63,POINT (-58.94364749007272 -2.5912543382803466)
2024,CORTE SELETIVO,C60L63,POINT (-58.94834514420778 -2.5884542815508573)
2024,CORTE SELETIVO,C60L63,POINT (-58.9580522639428 -2.586108291020624)
2024,CORTE SELETIVO,C60L63,POINT (-58.95884629630073 -2.583649073563959)
2024,CORTE SELETIVO,C60L63,POINT (-58.945648099569624 -2.583154540707858)
2024,CORTE SELETIVO,C60L63,POINT (-58.945748193697185 -2.5830548122612043)
2024,CORTE SELETIVO,C60L63,POINT (-58.9719469252492 -2.581948627095519)
2024,CORTE SELETIVO,C60L63,POINT (-58.971851610380035 -2.581854751181605)
2024,CORTE SELETIVO,C60L63,POINT (-58.95935498684485 -2.57525918607722)
2024,CORTE SELETIVO,C60L63,POINT (-58.95955077712153 -2.5752585936834156)
2024,CORTE SELETIVO,C60L63,POINT (-58.95944809093136 -2.574898848454636)
2024,CORTE SELETIVO,C60L63,POINT (-58.93134563551648 -2.749653050462822)
2024,CORTE SELETIVO,C60L63,POINT (-58.93114903005455 -2.7328894797186867)
2024,CORTE SELETIVO,C60L63,POINT (-58.92116813808669 -2.7080500923159154)
2024,CORTE SELETIVO,C60L63,POINT (-58.9213514391787 -2.7079461745877884)
2024,CORTE SELETIVO,C60L63,POINT (-58.90265091824639 -2.657550364374891)
2024,CORTE SELETIVO,C60L63,POINT (-58.93484555111649 -2.6353457169945553)
2024,CORTE SELETIVO,C60L63,POINT (-58.93524916181127 -2.6128529597171246)
2024,CORTE SELETIVO,C60L63,POINT (-58.89284846651846 -2.6087508698668525)
2024,CORTE SELETIVO,C60L63,POINT (-58.92884602017515 -2.599126071775451)
2024,CORTE SELETIVO,C60L63,POINT (-58.902654938962804 -2.5987499156349982)
2024,CORTE SELETIVO,C60L63,POINT (-58.86204591556957 -2.5903503445108744)
2024,CORTE SELETIVO,C60L63,POINT (-58.84044750909678 -2.566978481640424)
2024,CORTE SELETIVO,C60L63,POINT (-58.83284611268739 -2.561031157498236)
2024,CORTE SELETIVO,C60L63,POINT (-58.89715392915617 -2.536645920355589)
2024,CORTE SELETIVO,C60L63,POINT (-58.88645409662805 -2.533149012086756)
2024,CORTE SELETIVO,C60L63,POINT (-58.87994572368771 -2.5312738393531724)
2024,CORTE SELETIVO,C60L63,POINT (-58.8288480155167 -2.520049519246059)
2024,CORTE SELETIVO,C60L63,POINT (-58.85814498951531 -2.5090462920208925)
2024,CORTE SELETIVO,C60L63,POINT (-58.93484163143606 -2.508650715176993)
2024,CORTE SELETIVO,C60L63,POINT (-58.93155042204478 -2.500546986255026)
2024,CORTE SELETIVO,C60L63,POINT (-58.93175329427527 -2.500550809029362)
2024,CORTE SELETIVO,C60L63,POINT (-58.76248311306786 -2.7344525656039993)
2024,CORTE SELETIVO,C60L63,POINT (-58.77124703772955 -2.732049741831541)
2024,CORTE SELETIVO,C60L63,POINT (-58.77145174063175 -2.7258468424452476)
2024,CORTE SELETIVO,C60L63,POINT (-58.766949437803966 -2.7177482605148353)
2024,CORTE SELETIVO,C60L63,POINT (-58.7705510839146 -2.690948088872207)
2024,CORTE SELETIVO,C60L63,POINT (-58.770647244962205 -2.6905536140985618)
2024,CORTE SELETIVO,C60L63,POINT (-58.76914834231029 -2.6836543061744758)
2024,CORTE SELETIVO,C60L63,POINT (-58.78025342634664 -2.647149746896402)
2024,CORTE SELETIVO,C60L63,POINT (-58.824052197172875 -2.582152031590086)
2024,CORTE SELETIVO,C60L63,POINT (-58.790145354460904 -2.580851693836002)
2024,CORTE SELETIVO,C60L63,POINT (-58.81204598007281 -2.5618623060206143)
2024,CORTE SELETIVO,C60L63,POINT (-58.81654963591438 -2.559846422210437)
2024,CORTE SELETIVO,C60L63,POINT (-58.81624731336568 -2.559750263486881)
2024,CORTE SELETIVO,C60L63,POINT (-58.80145039208376 -2.551954011906751)
2024,CORTE SELETIVO,C60L63,POINT (-58.82814648787204 -2.538250202036422)
2024,CORTE SELETIVO,C60L63,POINT (-58.82804651696036 -2.5381524307091303)
2024,CORTE SELETIVO,C60L63,POINT (-58.78855103327668 -2.5331487089052938)
2024,CORTE SELETIVO,C60L63,POINT (-58.82264667778825 -2.5187467476890286)
2024,CORTE SELETIVO,C60L63,POINT (-58.769946675931024 -2.5147690198607173)
2024,CORTE SELETIVO,C60L63,POINT (-58.82524754377222 -2.5133513406825534)
2024,CORTE SELETIVO,C60L63,POINT (-58.81935268955766 -2.505247539511013)
2024,CORTE SELETIVO,C60L63,POINT (-58.93125414506596 -2.7329531210480864)
2024,CORTE SELETIVO,C60L63,POINT (-58.93105361794326 -2.732868120037649)
2024,CORTE SELETIVO,C60L63,POINT (-58.93094670289553 -2.732472618111795)
2024,CORTE SELETIVO,C60L63,POINT (-58.770146265098994 -2.725655045800246)
2024,CORTE SELETIVO,C60L63,POINT (-58.92135106507781 -2.7080535018740846)
2024,CORTE SELETIVO,C60L63,POINT (-58.93504775535751 -2.635176549300478)
2024,CORTE SELETIVO,C60L63,POINT (-58.7687491924139 -2.7223462338167486)
2024,CORTE SELETIVO,C60L63,POINT (-58.95794759478148 -2.5865475698081903)
2024,CORTE SELETIVO,C60L63,POINT (-58.77145398259581 -2.732153166464755)
2024,CORTE SELETIVO,C60L63,POINT (-58.9311274480806 -2.7330517228368527)
2024,CORTE SELETIVO,C60L63,POINT (-58.882546769652855 -2.5437513126810654)
2024,CORTE SELETIVO,C60L63,POINT (-58.934852641294675 -2.6355545688689497)
2024,CORTE SELETIVO,C60L63,POINT (-58.882645330003214 -2.5157528087214915)
2024,CORTE SELETIVO,C60L63,POINT (-58.9310508391519 -2.7325470913991117)
2024,CORTE SELETIVO,C60L63,POINT (-58.931252820175104 -2.7327489322849696)
2024,CORTE SELETIVO,C60L63,POINT (-58.971260026640635 -2.6821153013902768)
2024,CORTE SELETIVO,C60L63,POINT (-58.97124551386247 -2.6817452556294836)
2024,CORTE SELETIVO,C60L63,POINT (-58.971948601215225 -2.613745753337478)
2024,CORTE SELETIVO,C60L63,POINT (-58.96448905498274 -2.60998995783694)
2024,CORTE SELETIVO,C60L63,POINT (-58.97175100738257 -2.606946225564762)
2024,CORTE SELETIVO,C60L63,POINT (-58.97137694224256 -2.606782889710533)
2024,CORTE SELETIVO,C60L63,POINT (-58.963147507620036 -2.6028495042914876)
2024,CORTE SELETIVO,C60L63,POINT (-58.96375056618983 -2.601550578772778)
2024,CORTE SELETIVO,C60L63,POINT (-58.96994717504137 -2.5971513999303206)
2024,CORTE SELETIVO,C60L63,POINT (-58.95794750339535 -2.5862514554384446)
2024,CORTE SELETIVO,C60L63,POINT (-58.97184940095162 -2.5817519211302034)
2024,CORTE SELETIVO,C60L63,POINT (-58.97184535617466 -2.581554753102916)
2024,CORTE SELETIVO,C60L63,POINT (-58.95944693559392 -2.575150602229654)
2024,CORTE SELETIVO,C60L63,POINT (-58.98195288577503 -2.520648911807088)
2024,CORTE SELETIVO,C60L63,POINT (-58.92545379194665 -2.7480473835153956)
2024,CORTE SELETIVO,C60L63,POINT (-58.91364980296738 -2.7456467839075156)
2024,CORTE SELETIVO,C60L63,POINT (-58.92146053972572 -2.7078848218469838)
2024,CORTE SELETIVO,C60L63,POINT (-58.892754429398074 -2.609050233034691)
2024,CORTE SELETIVO,C60L63,POINT (-58.92885186251898 -2.5992527472863878)
2024,CORTE SELETIVO,C60L63,POINT (-58.847501964054906 -2.5974499398029853)
2024,CORTE SELETIVO,C60L63,POINT (-58.85144689451295 -2.5623485306313687)
2024,CORTE SELETIVO,C60L63,POINT (-58.837646631992826 -2.5513492657703023)
2024,CORTE SELETIVO,C60L63,POINT (-58.88264677385643 -2.5437498791543245)
2024,CORTE SELETIVO,C60L63,POINT (-58.82063344887018 -2.541559799928125)
2024,CORTE SELETIVO,C60L63,POINT (-58.83755022908436 -2.5295543301360777)
2024,CORTE SELETIVO,C60L63,POINT (-58.85795003291575 -2.509351551203343)
2024,CORTE SELETIVO,C60L63,POINT (-58.857911500590056 -2.508948187679874)
2024,CORTE SELETIVO,C60L63,POINT (-58.81914891005525 -2.5055469738699814)
2024,CORTE SELETIVO,C60L63,POINT (-58.819453238528475 -2.505354050292871)
2024,CORTE SELETIVO,C60L63,POINT (-58.78610535966616 -2.7364494985096126)
2024,CORTE SELETIVO,C60L63,POINT (-58.78664570302638 -2.736347994269109)
2024,CORTE SELETIVO,C60L63,POINT (-58.78654803117408 -2.736251239791498)
2024,CORTE SELETIVO,C60L63,POINT (-58.77014591425311 -2.725351312651326)
2024,CORTE SELETIVO,C60L63,POINT (-58.77057159714213 -2.724752583198925)
2024,CORTE SELETIVO,C60L63,POINT (-58.79591433663302 -2.714683114736264)
2024,CORTE SELETIVO,C60L63,POINT (-58.77055057881595 -2.6910483650215395)
2024,CORTE SELETIVO,C60L63,POINT (-58.77052277389297 -2.690845922659499)
2024,CORTE SELETIVO,C60L63,POINT (-58.77064987873962 -2.690702115351877)
2024,CORTE SELETIVO,C60L63,POINT (-58.770951403713354 -2.690649224075969)
2024,CORTE SELETIVO,C60L63,POINT (-58.783045935842885 -2.6436476824358706)
2024,CORTE SELETIVO,C60L63,POINT (-58.81864628080244 -2.5734539169171238)
2024,CORTE SELETIVO,C60L63,POINT (-58.8185466520764 -2.5733430283136403)
2024,CORTE SELETIVO,C60L63,POINT (-58.81645259974208 -2.559854004017863)
2024,CORTE SELETIVO,C60L63,POINT (-58.81635293382365 -2.5597526854724637)
2024,CORTE SELETIVO,C60L63,POINT (-58.77145431898404 -2.73225444665855)
2024,CORTE SELETIVO,C60L63,POINT (-58.93144512088604 -2.5006476226676946)
2024,CORTE SELETIVO,C60L63,POINT (-58.93485080077651 -2.6352521643505558)
2024,CORTE SELETIVO,C60L63,POINT (-58.92105280671152 -2.707446208908515)
2024,CORTE SELETIVO,C60L63,POINT (-58.932798257611005 -2.6381483781102526)
2024,CORTE SELETIVO,C60L63,POINT (-58.92124922397886 -2.707248223096808)
2024,CORTE SELETIVO,C60L63,POINT (-58.921152913056474 -2.707252004282648)
2024,CORTE SELETIVO,C60L63,POINT (-58.78765422924927 -2.587547759516892)
2024,CORTE SELETIVO,C60L63,POINT (-58.95795012077946 -2.5866528244150593)
2024,CORTE SELETIVO,C60L63,POINT (-58.931053323267854 -2.7331521118596487)
2024,CORTE SELETIVO,C60L63,POINT (-58.93125017322248 -2.7330477311037655)
2024,CORTE SELETIVO,C60L63,POINT (-58.93104614144284 -2.7324511913262755)
2024,CORTE SELETIVO,C60L63,POINT (-58.96314716136614 -2.6875525225606736)
2024,CORTE SELETIVO,C60L63,POINT (-58.944546350277754 -2.668745671548154)
2024,CORTE SELETIVO,C60L63,POINT (-58.93454994403996 -2.653345666573277)
2024,CORTE SELETIVO,C60L63,POINT (-58.97134893804975 -2.606651222621006)
2024,CORTE SELETIVO,C60L63,POINT (-58.97118560164871 -2.6064498179911935)
2024,CORTE SELETIVO,C60L63,POINT (-58.951346923215766 -2.6055488131442965)
2024,CORTE SELETIVO,C60L63,POINT (-58.943152558984465 -2.6037478292513194)
2024,CORTE SELETIVO,C60L63,POINT (-58.95814613025574 -2.586046145713243)
2024,CORTE SELETIVO,C60L63,POINT (-58.95794700811126 -2.585946300022063)
2024,CORTE SELETIVO,C60L63,POINT (-58.95945100274398 -2.575252841404211)
2024,CORTE SELETIVO,C60L63,POINT (-58.810052065379466 -2.7499484693103375)
2024,CORTE SELETIVO,C60L63,POINT (-58.93094917316619 -2.7330494072174685)
2024,CORTE SELETIVO,C60L63,POINT (-58.92125319309776 -2.715947589778578)
2024,CORTE SELETIVO,C60L63,POINT (-58.92114821136367 -2.7158453059480965)
2024,CORTE SELETIVO,C60L63,POINT (-58.92095264150351 -2.715747103515242)
2024,CORTE SELETIVO,C60L63,POINT (-58.78340722277355 -2.6074514134918774)
2024,CORTE SELETIVO,C60L63,POINT (-58.822548658558 -2.57185233092282)
2024,CORTE SELETIVO,C60L63,POINT (-58.801550538639596 -2.551852141625046)
2024,CORTE SELETIVO,C60L63,POINT (-58.8237524726731 -2.537447499626102)
2024,CORTE SELETIVO,C60L63,POINT (-58.812448261129305 -2.533749260451169)
2024,CORTE SELETIVO,C60L63,POINT (-58.793770469909376 -2.5316485694939166)
2024,CORTE SELETIVO,C60L63,POINT (-58.83555009069184 -2.522749857171386)
2024,CORTE SELETIVO,C60L63,POINT (-58.835650756705284 -2.522648450012543)
2024,CORTE SELETIVO,C60L63,POINT (-58.93114819531651 -2.7331546129907056)
2024,CORTE SELETIVO,C60L63,POINT (-58.92105387913861 -2.7073224149952226)
2024,CORTE SELETIVO,C60L63,POINT (-58.921221744383445 -2.7071523715479198)
2024,CORTE SELETIVO,C60L63,POINT (-58.932754883092315 -2.638052914787897)
2024,VEGETAÇÃO,C60L63,POINT (-58.96987715899995 -2.552094166999966)
2024,VEGETAÇÃO,C60L63,POINT (-58.950617158999954 -2.573964166999966)
2024,VEGETAÇÃO,C60L63,POINT (-58.98490715899995 -2.643624166999966)
2024,VEGETAÇÃO,C60L63,POINT (-58.82947715899995 -2.7005041669999663)
2024,VEGETAÇÃO,C60L63,POINT (-58.78654715899995 -2.6787241669999657)
2024,VEGETAÇÃO,C60L63,POINT (-58.863587158999955 -2.7094141669999656)
2024,VEGETAÇÃO,C60L63,POINT (-58.97869715899995 -2.585484166999966)
2024,VEGETAÇÃO,C60L63,POINT (-58.96177715899995 -2.5622641669999657)
2024,VEGETAÇÃO,C60L63,POINT (-58.91704715899995 -2.7180541669999663)
2024,VEGETAÇÃO,C60L63,POINT (-58.85728715899995 -2.7181441669999655)
2024,VEGETAÇÃO,C60L63,POINT (-58.82200715899995 -2.6561341669999656)
2024,VEGETAÇÃO,C60L63,POINT (-58.93477715899995 -2.726064166999966)
2024,VEGETAÇÃO,C60L63,POINT (-58.97554715899995 -2.5560541669999663)
2024,VEGETAÇÃO,C60L63,POINT (-58.76503715899995 -2.5686541669999663)
2024,VEGETAÇÃO,C60L63,POINT (-58.96069715899995 -2.5219441669999663)
2024,VEGETAÇÃO,C60L63,POINT (-58.82722715899995 -2.541654166999966)
2024,VEGETAÇÃO,C60L63,POINT (-58.76098715899995 -2.5842241669999657)
2024,VEGETAÇÃO,C60L63,POINT (-58.97563715899995 -2.6104141669999663)
2024,VEGETAÇÃO,C60L63,POINT (-58.977437158999955 -2.703114166999966)
2024,VEGETAÇÃO,C60L63,POINT (-58.919657158999954 -2.614734166999966)
2024,VEGETAÇÃO,C60L63,POINT (-58.90939715899995 -2.6896141669999656)
2024,VEGETAÇÃO,C60L63,POINT (-58.99327715899995 -2.5071841669999655)
2024,VEGETAÇÃO,C60L63,POINT (-58.761977158999954 -2.569104166999966)
2024,VEGETAÇÃO,C60L63,POINT (-58.968797158999955 -2.693664166999966)
2024,VEGETAÇÃO,C60L63,POINT (-58.75216715899995 -2.6845741669999663)
2024,VEGETAÇÃO,C60L63,POINT (-58.86979715899995 -2.566314166999966)
2024,VEGETAÇÃO,C60L63,POINT (-58.774757158999954 -2.666754166999966)
2024,VEGETAÇÃO,C60L63,POINT (-58.779257158999954 -2.567844166999966)
2024,VEGETAÇÃO,C60L63,POINT (-58.86025715899996 -2.5754041669999657)
2024,VEGETAÇÃO,C60L63,POINT (-58.99759715899995 -2.507994166999966)
2024,VEGETAÇÃO,C60L63,POINT (-58.97095715899995 -2.5549741669999655)
2024,VEGETAÇÃO,C60L63,POINT (-58.858367158999954 -2.6279641669999663)
2024,VEGETAÇÃO,C60L63,POINT (-58.98013715899995 -2.5362541669999663)
2024,VEGETAÇÃO,C60L63,POINT (-58.912277158999956 -2.5160941669999657)
2024,VEGETAÇÃO,C60L63,POINT (-58.921007158999956 -2.7199441669999658)
2024,VEGETAÇÃO,C60L63,POINT (-58.780787158999956 -2.526714166999966)
2024,VEGETAÇÃO,C60L63,POINT (-58.80931715899995 -2.7094141669999656)
2024,VEGETAÇÃO,C60L63,POINT (-58.98364715899996 -2.5818841669999655)
2024,VEGETAÇÃO,C60L63,POINT (-58.801937158999955 -2.6390341669999655)
2024,VEGETAÇÃO,C60L63,POINT (-58.80427715899995 -2.708964166999966)
2024,VEGETAÇÃO,C60L63,POINT (-58.75684715899995 -2.631564166999966)
2024,VEGETAÇÃO,C60L63,POINT (-58.80067715899995 -2.6094241669999656)
2024,VEGETAÇÃO,C60L63,POINT (-58.80904715899995 -2.6528941669999657)
2024,VEGETAÇÃO,C60L63,POINT (-58.893647158999954 -2.5907941669999657)
2024,VEGETAÇÃO,C60L63,POINT (-58.941617158999954 -2.6995141669999656)
2024,VEGETAÇÃO,C60L63,POINT (-58.96267715899995 -2.653074166999966)
2024,VEGETAÇÃO,C60L63,POINT (-58.938827158999956 -2.556864166999966)
2024,VEGETAÇÃO,C60L63,POINT (-58.991477158999956 -2.746494166999966)
2024,VEGETAÇÃO,C60L63,POINT (-58.97833715899995 -2.5906141669999663)
2024,VEGETAÇÃO,C60L63,POINT (-58.87492715899995 -2.5408441669999657)
2024,VEGETAÇÃO,C60L63,POINT (-58.85278715899995 -2.7480241669999668)
2024,VEGETAÇÃO,C60L63,POINT (-58.99201715899996 -2.7182341669999657)
2024,VEGETAÇÃO,C60L63,POINT (-58.96690715899995 -2.5874641669999656)
2024,VEGETAÇÃO,C60L63,POINT (-58.93954715899996 -2.643174166999966)
2024,VEGETAÇÃO,C60L63,POINT (-58.98805715899995 -2.5952041669999657)
2024,VEGETAÇÃO,C60L63,POINT (-58.880237158999954 -2.659554166999966)
2024,VEGETAÇÃO,C60L63,POINT (-58.872767158999956 -2.6070841669999663)
2024,VEGETAÇÃO,C60L63,POINT (-58.93180715899995 -2.662884166999966)
2024,VEGETAÇÃO,C60L63,POINT (-58.788437158999955 -2.567844166999966)
2024,VEGETAÇÃO,C60L63,POINT (-58.841357158999955 -2.6632441669999656)
2024,VEGETAÇÃO,C60L63,POINT (-58.81165715899995 -2.532654166999966)
2024,VEGETAÇÃO,C60L63,POINT (-58.79536715899995 -2.566224166999966)
2024,VEGETAÇÃO,C60L63,POINT (-58.76368715899996 -2.656854166999966)
2024,VEGETAÇÃO,C60L63,POINT (-58.946927158999955 -2.5176241669999655)
2024,VEGETAÇÃO,C60L63,POINT (-58.76557715899995 -2.659644166999966)
2024,VEGETAÇÃO,C60L63,POINT (-58.86052715899996 -2.5389541669999662)
2024,VEGETAÇÃO,C60L63,POINT (-58.87303715899995 -2.713554166999966)
2024,VEGETAÇÃO,C60L63,POINT (-58.994897158999954 -2.673414166999966)
2024,VEGETAÇÃO,C60L63,POINT (-58.88761715899995 -2.5439941669999655)
2024,VEGETAÇÃO,C60L63,POINT (-58.90570715899995 -2.522394166999966)
2024,VEGETAÇÃO,C60L63,POINT (-58.79617715899995 -2.701944166999966)
2024,VEGETAÇÃO,C60L63,POINT (-58.79572715899995 -2.574954166999966)
2024,VEGETAÇÃO,C60L63,POINT (-58.91299715899996 -2.5719841669999663)
2024,VEGETAÇÃO,C60L63,POINT (-58.94872715899995 -2.535534166999966)
2024,VEGETAÇÃO,C60L63,POINT (-58.902827158999955 -2.600424166999966)
2024,VEGETAÇÃO,C60L63,POINT (-58.797257158999955 -2.7000541669999656)
2024,VEGETAÇÃO,C60L63,POINT (-58.84801715899995 -2.5323841669999663)
2024,VEGETAÇÃO,C60L63,POINT (-58.84927715899995 -2.628324166999966)
2024,VEGETAÇÃO,C60L63,POINT (-58.885367158999955 -2.531664166999966)
2024,VEGETAÇÃO,C60L63,POINT (-58.91344715899996 -2.5929541669999656)
2024,VEGETAÇÃO,C60L63,POINT (-58.91029715899995 -2.6720641669999656)
2024,VEGETAÇÃO,C60L63,POINT (-58.819037158999954 -2.5853041669999657)
2024,VEGETAÇÃO,C60L63,POINT (-58.96330715899995 -2.7010441669999663)
2024,VEGETAÇÃO,C60L63,POINT (-58.819487158999955 -2.7099541669999656)
2024,VEGETAÇÃO,C60L63,POINT (-58.802297158999956 -2.675124166999966)
2024,VEGETAÇÃO,C60L63,POINT (-58.76575715899995 -2.6891641669999657)
2024,VEGETAÇÃO,C60L63,POINT (-58.84801715899995 -2.6592841669999663)
2024,VEGETAÇÃO,C60L63,POINT (-58.98751715899995 -2.5224841669999662)
2024,VEGETAÇÃO,C60L63,POINT (-58.95025715899995 -2.628774166999966)
2024,VEGETAÇÃO,C60L63,POINT (-58.95304715899995 -2.6852041669999656)
2024,VEGETAÇÃO,C60L63,POINT (-58.83460715899995 -2.639304166999966)
2024,VEGETAÇÃO,C60L63,POINT (-58.95304715899995 -2.5708141669999662)
2024,VEGETAÇÃO,C60L63,POINT (-58.90030715899995 -2.736504166999966)
2024,VEGETAÇÃO,C60L63,POINT (-58.871687158999954 -2.563614166999966)
2024,VEGETAÇÃO,C60L63,POINT (-58.950707158999954 -2.687724166999966)
2024,VEGETAÇÃO,C60L63,POINT (-58.89049715899995 -2.6384941669999655)
2024,VEGETAÇÃO,C60L63,POINT (-58.884737158999954 -2.685024166999966)
2024,VEGETAÇÃO,C60L63,POINT (-58.75261715899995 -2.7203941669999656)
2024,VEGETAÇÃO,C60L63,POINT (-58.774667158999954 -2.696004166999966)
2024,VEGETAÇÃO,C60L63,POINT (-58.76764715899995 -2.5999741669999663)
2024,VEGETAÇÃO,C60L63,POINT (-58.796807158999954 -2.550474166999966)
2024,VEGETAÇÃO,C60L63,POINT (-58.990217158999954 -2.661894166999966)
2024,VEGETAÇÃO,C60L63,POINT (-58.77808715899995 -2.509704166999966)
2024,VEGETAÇÃO,C60L63,POINT (-58.994627158999954 -2.711394166999966)
2024,VEGETAÇÃO,C60L63,POINT (-58.846397158999956 -2.724984166999966)
2024,VEGETAÇÃO,C60L63,POINT (-58.94539715899995 -2.7160741669999657)
2024,VEGETAÇÃO,C60L63,POINT (-58.81192715899995 -2.7381241669999667)
2024,VEGETAÇÃO,C60L63,POINT (-58.92235715899995 -2.598174166999966)
2024,VEGETAÇÃO,C60L63,POINT (-58.83487715899995 -2.519514166999966)
2024,VEGETAÇÃO,C60L63,POINT (-58.95754715899995 -2.5440841669999656)
2024,VEGETAÇÃO,C60L63,POINT (-58.836677158999954 -2.636064166999966)
2024,VEGETAÇÃO,C60L63,POINT (-58.86610715899995 -2.6258041669999663)
2024,VEGETAÇÃO,C60L63,POINT (-58.78177715899995 -2.6318341669999663)
2024,VEGETAÇÃO,C60L63,POINT (-58.90048715899995 -2.6320141669999657)
2024,VEGETAÇÃO,C60L63,POINT (-58.929467158999955 -2.6753941669999657)
2024,VEGETAÇÃO,C60L63,POINT (-58.757477158999954 -2.733174166999966)
2024,VEGETAÇÃO,C60L63,POINT (-58.757207158999954 -2.5275241669999655)
2024,VEGETAÇÃO,C60L63,POINT (-58.814717158999954 -2.552004166999966)
2024,VEGETAÇÃO,C60L63,POINT (-58.964927158999956 -2.5088941669999656)
2024,VEGETAÇÃO,C60L63,POINT (-58.82281715899995 -2.6000641669999656)
2024,VEGETAÇÃO,C60L63,POINT (-58.97923715899995 -2.541654166999966)
2024,VEGETAÇÃO,C60L63,POINT (-58.972577158999954 -2.521224166999966)
2024,VEGETAÇÃO,C60L63,POINT (-58.87078715899995 -2.603754166999966)
2024,VEGETAÇÃO,C60L63,POINT (-58.83397715899996 -2.714544166999966)
2024,VEGETAÇÃO,C60L63,POINT (-58.75117715899995 -2.6699041669999657)
2024,VEGETAÇÃO,C60L63,POINT (-58.92199715899996 -2.626254166999966)
2024,VEGETAÇÃO,C60L63,POINT (-58.94098715899995 -2.5808941669999657)
2024,VEGETAÇÃO,C60L63,POINT (-58.94368715899995 -2.6961841669999655)
2024,VEGETAÇÃO,C60L63,POINT (-58.986167158999955 -2.7492841669999653)
2024,VEGETAÇÃO,C60L63,POINT (-58.84270715899996 -2.5847641669999657)
2024,VEGETAÇÃO,C60L63,POINT (-58.87915715899995 -2.666304166999966)
2024,VEGETAÇÃO,C60L63,POINT (-58.82092715899995 -2.6043841669999663)
2024,VEGETAÇÃO,C60L63,POINT (-58.977527158999955 -2.5320241669999657)
2024,VEGETAÇÃO,C60L63,POINT (-58.858997158999955 -2.7077041669999655)
2024,VEGETAÇÃO,C60L63,POINT (-58.86070715899996 -2.633904166999966)
2024,VEGETAÇÃO,C60L63,POINT (-58.95259715899995 -2.7406441669999655)
2024,VEGETAÇÃO,C60L63,POINT (-58.863767158999956 -2.5430041669999657)
2024,VEGETAÇÃO,C60L63,POINT (-58.98481715899995 -2.5303141669999656)
2024,VEGETAÇÃO,C60L63,POINT (-58.810217158999954 -2.7240841669999662)
2024,VEGETAÇÃO,C60L63,POINT (-58.88662715899996 -2.589984166999966)
2024,VEGETAÇÃO,C60L63,POINT (-58.86934715899996 -2.507994166999966)
2024,VEGETAÇÃO,C60L63,POINT (-58.77772715899995 -2.5298641669999657)
2024,VEGETAÇÃO,C60L63,POINT (-58.850717158999956 -2.706894166999966)
2024,VEGETAÇÃO,C60L63,POINT (-58.959617158999954 -2.6879941669999656)
2024,VEGETAÇÃO,C60L63,POINT (-58.810577158999955 -2.569014166999966)
2024,VEGETAÇÃO,C60L63,POINT (-58.77844715899995 -2.7279541669999663)
2024,VEGETAÇÃO,C60L63,POINT (-58.95718715899996 -2.725614166999966)
2024,VEGETAÇÃO,C60L63,POINT (-58.87069715899995 -2.733174166999966)
2024,VEGETAÇÃO,C60L63,POINT (-58.828307158999955 -2.506914166999966)
2024,VEGETAÇÃO,C60L63,POINT (-58.88797715899995 -2.6658541669999662)
2024,VEGETAÇÃO,C60L63,POINT (-58.854587158999955 -2.6622541669999658)
2024,VEGETAÇÃO,C60L63,POINT (-58.83955715899995 -2.592144166999966)
2024,VEGETAÇÃO,C60L63,POINT (-58.97986715899995 -2.5880941669999658)
2024,VEGETAÇÃO,C60L63,POINT (-58.93270715899995 -2.652534166999966)
2024,VEGETAÇÃO,C60L63,POINT (-58.933877158999955 -2.562984166999966)
2024,VEGETAÇÃO,C60L63,POINT (-58.88680715899996 -2.7368641669999665)
2024,VEGETAÇÃO,C60L63,POINT (-58.819127158999954 -2.7412741669999665)
2024,VEGETAÇÃO,C60L63,POINT (-58.758107158999955 -2.734344166999966)
2024,VEGETAÇÃO,C60L63,POINT (-58.872587158999956 -2.6336341669999657)
2024,VEGETAÇÃO,C60L63,POINT (-58.95034715899995 -2.5538941669999655)
2024,VEGETAÇÃO,C60L63,POINT (-58.78717715899995 -2.6741341669999663)
2024,VEGETAÇÃO,C60L63,POINT (-58.933427158999955 -2.5472341669999663)
2024,VEGETAÇÃO,C60L63,POINT (-58.87483715899995 -2.675034166999966)
2024,VEGETAÇÃO,C60L63,POINT (-58.90462715899996 -2.6127541669999657)
2024,VEGETAÇÃO,C60L63,POINT (-58.79482715899995 -2.591424166999966)
2024,VEGETAÇÃO,C60L63,POINT (-58.775297158999955 -2.684484166999966)
2024,VEGETAÇÃO,C60L63,POINT (-58.960607158999956 -2.682774166999966)
2024,VEGETAÇÃO,C60L63,POINT (-58.91920715899995 -2.736594166999966)
2024,VEGETAÇÃO,C60L63,POINT (-58.83046715899995 -2.676744166999966)
2024,VEGETAÇÃO,C60L63,POINT (-58.91272715899996 -2.5884541669999663)
2024,VEGETAÇÃO,C60L63,POINT (-58.94476715899995 -2.577744166999966)
2024,VEGETAÇÃO,C60L63,POINT (-58.928567158999954 -2.7121141669999655)
2024,VEGETAÇÃO,C60L63,POINT (-58.968707158999955 -2.731104166999966)
2024,VEGETAÇÃO,C60L63,POINT (-58.950797158999954 -2.5698241669999655)
2024,VEGETAÇÃO,C60L63,POINT (-58.80922715899995 -2.500974166999966)
2024,VEGETAÇÃO,C60L63,POINT (-58.89598715899995 -2.6955541669999663)
2024,VEGETAÇÃO,C60L63,POINT (-58.946657158999955 -2.700234166999966)
2024,VEGETAÇÃO,C60L63,POINT (-58.969247158999956 -2.5342741669999658)
2024,VEGETAÇÃO,C60L63,POINT (-58.83937715899995 -2.7032041669999662)
2024,VEGETAÇÃO,C60L63,POINT (-58.920197158999954 -2.5061041669999655)
2024,VEGETAÇÃO,C60L63,POINT (-58.91677715899995 -2.701314166999966)
2024,VEGETAÇÃO,C60L63,POINT (-58.91938715899995 -2.5867441669999662)
2024,VEGETAÇÃO,C60L63,POINT (-58.94494715899995 -2.5743241669999657)
2024,VEGETAÇÃO,C60L63,POINT (-58.771337158999955 -2.593854166999966)
2024,VEGETAÇÃO,C60L63,POINT (-58.973567158999955 -2.554704166999966)
2024,VEGETAÇÃO,C60L63,POINT (-58.972487158999954 -2.6647741669999663)
2024,VEGETAÇÃO,C60L63,POINT (-58.92316715899995 -2.650914166999966)
2024,VEGETAÇÃO,C60L63,POINT (-58.98796715899995 -2.6461441669999664)
2024,VEGETAÇÃO,C60L63,POINT (-58.779797158999955 -2.621664166999966)
2024,VEGETAÇÃO,C60L63,POINT (-58.863947158999956 -2.6339941669999662)
2024,VEGETAÇÃO,C60L63,POINT (-58.95322715899995 -2.546514166999966)
2024,VEGETAÇÃO,C60L63,POINT (-58.767197158999956 -2.6281441669999657)
2024,VEGETAÇÃO,C60L63,POINT (-58.97599715899995 -2.563074166999966)
2024,VEGETAÇÃO,C60L63,POINT (-58.95475715899995 -2.5050241669999656)
2024,VEGETAÇÃO,C60L63,POINT (-58.81597715899996 -2.6884441669999664)
2024,VEGETAÇÃO,C60L63,POINT (-58.86637715899995 -2.515644166999966)
2024,VEGETAÇÃO,C60L63,POINT (-58.85359715899995 -2.538324166999966)
2024,VEGETAÇÃO,C60L63,POINT (-58.90444715899996 -2.683764166999966)
2024,VEGETAÇÃO,C60L63,POINT (-58.81129715899995 -2.666214166999966)
2024,VEGETAÇÃO,C60L63,POINT (-58.96690715899995 -2.6324641669999655)
2024,VEGETAÇÃO,C60L63,POINT (-58.81273715899995 -2.7061741669999657)
2024,VEGETAÇÃO,C60L63,POINT (-58.89508715899996 -2.583864166999966)
2024,VEGETAÇÃO,C60L63,POINT (-58.88221715899995 -2.5664941669999655)
2024,VEGETAÇÃO,C60L63,POINT (-58.81615715899996 -2.6367841669999663)
2024,VEGETAÇÃO,C60L63,POINT (-58.85530715899995 -2.696364166999966)
2024,VEGETAÇÃO,C60L63,POINT (-58.98490715899995 -2.5962841669999657)
2024,VEGETAÇÃO,C60L63,POINT (-58.806527158999955 -2.5028641669999656)
2024,VEGETAÇÃO,C60L63,POINT (-58.91002715899995 -2.7290341669999663)
2024,VEGETAÇÃO,C60L63,POINT (-58.775477158999955 -2.6193241669999656)
2024,VEGETAÇÃO,C60L63,POINT (-58.90012715899995 -2.5906141669999663)
2024,VEGETAÇÃO,C60L63,POINT (-58.80841715899995 -2.5924141669999656)
2024,VEGETAÇÃO,C60L63,POINT (-58.990397158999954 -2.568564166999966)
2024,VEGETAÇÃO,C60L63,POINT (-58.888877158999954 -2.6537941669999663)
2024,VEGETAÇÃO,C60L63,POINT (-58.82110715899995 -2.704644166999966)
2024,VEGETAÇÃO,C60L63,POINT (-58.76017715899995 -2.540034166999966)
2024,VEGETAÇÃO,C60L63,POINT (-58.95340715899995 -2.6027641669999655)
2024,VEGETAÇÃO,C60L63,POINT (-58.84486715899995 -2.7142741669999655)
2024,VEGETAÇÃO,C60L63,POINT (-58.828847158999956 -2.5164541669999663)
2024,VEGETAÇÃO,C60L63,POINT (-58.93999715899995 -2.6517241669999656)
2024,VEGETAÇÃO,C60L63,POINT (-58.79959715899995 -2.582244166999966)
2024,VEGETAÇÃO,C60L63,POINT (-58.94395715899995 -2.599704166999966)
2024,VEGETAÇÃO,C60L63,POINT (-58.990037158999954 -2.6148241669999663)
2024,VEGETAÇÃO,C60L63,POINT (-58.86925715899996 -2.736684166999966)
2024,VEGETAÇÃO,C60L63,POINT (-58.832627158999955 -2.563524166999966)
2024,VEGETAÇÃO,C60L63,POINT (-58.788707158999955 -2.532114166999966)
2024,VEGETAÇÃO,C60L63,POINT (-58.82146715899995 -2.585034166999966)
2024,VEGETAÇÃO,C60L63,POINT (-58.950707158999954 -2.545524166999966)
2024,VEGETAÇÃO,C60L63,POINT (-58.811117158999956 -2.719494166999966)
2024,VEGETAÇÃO,C60L63,POINT (-58.757207158999954 -2.5034041669999656)
2024,VEGETAÇÃO,C60L63,POINT (-58.78600715899995 -2.6341741669999656)
2024,VEGETAÇÃO,C60L63,POINT (-58.98895715899995 -2.697534166999966)
2024,VEGETAÇÃO,C60L63,POINT (-58.76800715899995 -2.6275141669999655)
2024,VEGETAÇÃO,C60L63,POINT (-58.91461715899995 -2.598624166999966)
2024,VEGETAÇÃO,C60L63,POINT (-58.98733715899995 -2.549304166999966)
2024,VEGETAÇÃO,C60L63,POINT (-58.989947158999954 -2.607984166999966)
2024,VEGETAÇÃO,C60L63,POINT (-58.885367158999955 -2.5363441669999656)
2024,VEGETAÇÃO,C60L63,POINT (-58.906877158999954 -2.7438841669999654)
2024,VEGETAÇÃO,C60L63,POINT (-58.98328715899996 -2.592594166999966)
2024,VEGETAÇÃO,C60L63,POINT (-58.801217158999954 -2.6681041669999663)
2024,VEGETAÇÃO,C60L63,POINT (-58.84666715899995 -2.6603641669999663)
2024,VEGETAÇÃO,C60L63,POINT (-58.86475715899995 -2.5493941669999662)
2024,VEGETAÇÃO,C60L63,POINT (-58.80022715899995 -2.6522641669999656)
2024,VEGETAÇÃO,C60L63,POINT (-58.94575715899995 -2.720574166999966)
2024,VEGETAÇÃO,C60L63,POINT (-58.981847158999955 -2.6566741669999656)
2024,VEGETAÇÃO,C60L63,POINT (-58.75522715899996 -2.5477741669999663)
2024,VEGETAÇÃO,C60L63,POINT (-58.933877158999955 -2.6555041669999655)
2024,VEGETAÇÃO,C60L63,POINT (-58.832267158999954 -2.680434166999966)
2024,VEGETAÇÃO,C60L63,POINT (-58.97914715899995 -2.702484166999966)
2024,VEGETAÇÃO,C60L63,POINT (-58.788887158999955 -2.541654166999966)
2024,VEGETAÇÃO,C60L63,POINT (-58.911197158999954 -2.6011441669999655)
2024,VEGETAÇÃO,C60L63,POINT (-58.96303715899995 -2.504124166999966)
2024,VEGETAÇÃO,C60L63,POINT (-58.969067158999955 -2.5050241669999656)
2024,VEGETAÇÃO,C60L63,POINT (-58.964747158999955 -2.6351641669999655)
2024,VEGETAÇÃO,C60L63,POINT (-58.81795715899995 -2.6554141669999662)
2024,VEGETAÇÃO,C60L63,POINT (-58.92766715899995 -2.684934166999966)
2024,VEGETAÇÃO,C60L63,POINT (-58.761527158999954 -2.619504166999966)
2024,VEGETAÇÃO,C60L63,POINT (-58.91506715899995 -2.619684166999966)
2024,VEGETAÇÃO,C60L63,POINT (-58.94935715899995 -2.701314166999966)
2024,VEGETAÇÃO,C60L63,POINT (-58.83064715899995 -2.5056541669999657)
2024,VEGETAÇÃO,C60L63,POINT (-58.930187158999956 -2.5851241669999663)
2024,VEGETAÇÃO,C60L63,POINT (-58.859717158999956 -2.521674166999966)
2024,VEGETAÇÃO,C60L63,POINT (-58.937567158999954 -2.619144166999966)
2024,VEGETAÇÃO,C60L63,POINT (-58.76980715899995 -2.6573041669999657)
2024,VEGETAÇÃO,C60L63,POINT (-58.77736715899995 -2.6807041669999663)
2024,VEGETAÇÃO,C60L63,POINT (-58.76827715899995 -2.5050241669999656)
2024,VEGETAÇÃO,C60L63,POINT (-58.951697158999956 -2.670534166999966)
2024,VEGETAÇÃO,C60L63,POINT (-58.88365715899995 -2.5529041669999657)
2024,VEGETAÇÃO,C60L63,POINT (-58.78717715899995 -2.639304166999966)
2024,VEGETAÇÃO,C60L63,POINT (-58.779437158999954 -2.5566841669999656)
2024,VEGETAÇÃO,C60L63,POINT (-58.75693715899995 -2.7252541669999655)
2024,VEGETAÇÃO,C60L63,POINT (-58.903817158999956 -2.6049241669999663)
2024,VEGETAÇÃO,C60L63,POINT (-58.92820715899995 -2.652534166999966)
2024,VEGETAÇÃO,C60L63,POINT (-58.802207158999956 -2.642004166999966)
2024,VEGETAÇÃO,C60L63,POINT (-58.79419715899995 -2.570094166999966)
2024,VEGETAÇÃO,C60L63,POINT (-58.88203715899995 -2.7264241669999656)
2024,VEGETAÇÃO,C60L63,POINT (-58.915517158999954 -2.547144166999966)
2024,VEGETAÇÃO,C60L63,POINT (-58.985807158999954 -2.555154166999966)
2024,VEGETAÇÃO,C60L63,POINT (-58.85197715899995 -2.6235541669999662)
2024,VEGETAÇÃO,C60L63,POINT (-58.88428715899995 -2.625534166999966)
2024,VEGETAÇÃO,C60L63,POINT (-58.94134715899995 -2.6237341669999656)
2024,VEGETAÇÃO,C60L63,POINT (-58.960607158999956 -2.5682941669999657)
2024,VEGETAÇÃO,C60L63,POINT (-58.77259715899996 -2.7214741669999656)
2024,VEGETAÇÃO,C60L63,POINT (-58.867727158999955 -2.589984166999966)
2024,VEGETAÇÃO,C60L63,POINT (-58.806077158999955 -2.5918741669999656)
2024,VEGETAÇÃO,C60L63,POINT (-58.89274715899995 -2.6226541669999657)
2024,VEGETAÇÃO,C60L63,POINT (-58.982837158999956 -2.7191341669999662)
2024,VEGETAÇÃO,C60L63,POINT (-58.87753715899996 -2.6083441669999656)
2024,VEGETAÇÃO,C60L63,POINT (-58.83829715899995 -2.5790941669999663)
2024,VEGETAÇÃO,C60L63,POINT (-58.946477158999954 -2.6390341669999655)
2024,VEGETAÇÃO,C60L63,POINT (-58.98967715899995 -2.7292141669999657)
2024,VEGETAÇÃO,C60L63,POINT (-58.805717158999954 -2.610864166999966)
2024,VEGETAÇÃO,C60L63,POINT (-58.862507158999954 -2.542104166999966)
2024,VEGETAÇÃO,C60L63,POINT (-58.75945715899995 -2.6258941669999656)
2024,VEGETAÇÃO,C60L63,POINT (-58.93540715899995 -2.678364166999966)
2024,VEGETAÇÃO,C60L63,POINT (-58.999217158999954 -2.5461541669999663)
2024,VEGETAÇÃO,C60L63,POINT (-58.898147158999954 -2.5582141669999663)
2024,VEGETAÇÃO,C60L63,POINT (-58.90039715899995 -2.6610841669999656)
2024,VEGETAÇÃO,C60L63,POINT (-58.79050715899995 -2.711214166999966)
2024,VEGETAÇÃO,C60L63,POINT (-58.977437158999955 -2.7176941669999657)
2024,VEGETAÇÃO,C60L63,POINT (-58.94026715899995 -2.632194166999966)
2024,VEGETAÇÃO,C60L63,POINT (-58.999487158999955 -2.6861941669999663)
2024,VEGETAÇÃO,C60L63,POINT (-58.86124715899995 -2.599704166999966)
2024,VEGETAÇÃO,C60L63,POINT (-58.98499715899995 -2.527884166999966)
2024,VEGETAÇÃO,C60L63,POINT (-58.77898715899995 -2.659734166999966)
2024,VEGETAÇÃO,C60L63,POINT (-58.84738715899995 -2.5972741669999655)
2024,VEGETAÇÃO,C60L63,POINT (-58.789247158999956 -2.6017741669999657)
2024,VEGETAÇÃO,C60L63,POINT (-58.92748715899995 -2.676744166999966)
2024,VEGETAÇÃO,C60L63,POINT (-58.933697158999955 -2.685024166999966)
2024,VEGETAÇÃO,C60L63,POINT (-58.76782715899995 -2.6538841669999655)
2024,VEGETAÇÃO,C60L63,POINT (-58.986437158999955 -2.652084166999966)
2024,VEGETAÇÃO,C60L63,POINT (-58.82686715899995 -2.5341841669999656)
2024,VEGETAÇÃO,C60L63,POINT (-58.75522715899996 -2.6807941669999655)
2024,VEGETAÇÃO,C60L63,POINT (-58.81372715899995 -2.690514166999966)
2024,VEGETAÇÃO,C60L63,POINT (-58.995617158999956 -2.6715241669999656)
2024,VEGETAÇÃO,C60L63,POINT (-58.951157158999955 -2.668464166999966)
2024,VEGETAÇÃO,C60L63,POINT (-58.963667158999954 -2.678364166999966)
2024,VEGETAÇÃO,C60L63,POINT (-58.89184715899995 -2.5166341669999657)
2024,VEGETAÇÃO,C60L63,POINT (-58.789427158999956 -2.579904166999966)
2024,VEGETAÇÃO,C60L63,POINT (-58.78600715899995 -2.713014166999966)
2024,VEGETAÇÃO,C60L63,POINT (-58.90120715899995 -2.521764166999966)
2024,VEGETAÇÃO,C60L63,POINT (-58.763057158999956 -2.570004166999966)
2024,VEGETAÇÃO,C60L63,POINT (-58.92820715899995 -2.5505641669999655)
2024,VEGETAÇÃO,C60L63,POINT (-58.90975715899995 -2.6143741669999656)
2024,VEGETAÇÃO,C60L63,POINT (-58.906967158999954 -2.706894166999966)
2024,VEGETAÇÃO,C60L63,POINT (-58.761437158999954 -2.581524166999966)
2024,VEGETAÇÃO,C60L63,POINT (-58.90939715899995 -2.7016741669999655)
2024,VEGETAÇÃO,C60L63,POINT (-58.82560715899995 -2.7356941669999664)
2024,VEGETAÇÃO,C60L63,POINT (-58.845677158999955 -2.6148241669999663)
2024,VEGETAÇÃO,C60L63,POINT (-58.802477158999956 -2.5079041669999658)
2024,VEGETAÇÃO,C60L63,POINT (-58.86637715899995 -2.6175241669999663)
2024,VEGETAÇÃO,C60L63,POINT (-58.90003715899995 -2.523564166999966)
2024,VEGETAÇÃO,C60L63,POINT (-58.998857158999954 -2.717334166999966)
2024,VEGETAÇÃO,C60L63,POINT (-58.872407158999955 -2.7330841669999657)
2024,VEGETAÇÃO,C60L63,POINT (-58.982837158999956 -2.718954166999966)
2024,VEGETAÇÃO,C60L63,POINT (-58.98913715899995 -2.5208641669999663)
2024,VEGETAÇÃO,C60L63,POINT (-58.76332715899996 -2.5716241669999658)
2024,VEGETAÇÃO,C60L63,POINT (-58.810667158999955 -2.740824166999966)
2024,VEGETAÇÃO,C60L63,POINT (-58.90012715899995 -2.711304166999966)
2024,VEGETAÇÃO,C60L63,POINT (-58.99669715899995 -2.645874166999966)
2024,VEGETAÇÃO,C60L63,POINT (-58.84819715899995 -2.7285841669999655)
2024,VEGETAÇÃO,C60L63,POINT (-58.841357158999955 -2.7111241669999657)
2024,VEGETAÇÃO,C60L63,POINT (-58.92163715899996 -2.717784166999966)
2024,VEGETAÇÃO,C60L63,POINT (-58.84810715899995 -2.7136441669999662)
2024,VEGETAÇÃO,C60L63,POINT (-58.845227158999954 -2.6078041669999656)
2024,VEGETAÇÃO,C60L63,POINT (-58.90012715899995 -2.5951141669999656)
2024,VEGETAÇÃO,C60L63,POINT (-58.973657158999956 -2.5005241669999663)
2024,VEGETAÇÃO,C60L63,POINT (-58.845677158999955 -2.6836741669999657)
2024,VEGETAÇÃO,C60L63,POINT (-58.779797158999955 -2.6237341669999656)
2024,VEGETAÇÃO,C60L63,POINT (-58.77421715899995 -2.538774166999966)
2024,VEGETAÇÃO,C60L63,POINT (-58.98949715899995 -2.649294166999966)
2024,VEGETAÇÃO,C60L63,POINT (-58.758377158999956 -2.5642441669999663)
2024,VEGETAÇÃO,C60L63,POINT (-58.79086715899995 -2.5346341669999655)
2024,VEGETAÇÃO,C60L63,POINT (-58.84819715899995 -2.717874166999966)
2024,VEGETAÇÃO,C60L63,POINT (-58.938197158999955 -2.7010441669999663)
2024,VEGETAÇÃO,C60L63,POINT (-58.866917158999954 -2.6044741669999656)
2024,VEGETAÇÃO,C60L63,POINT (-58.86421715899995 -2.505924166999966)
2024,VEGETAÇÃO,C60L63,POINT (-58.946567158999954 -2.5231141669999655)
2024,VEGETAÇÃO,C60L63,POINT (-58.92730715899995 -2.622744166999966)
2024,VEGETAÇÃO,C60L63,POINT (-58.90120715899995 -2.538684166999966)
2024,VEGETAÇÃO,C60L63,POINT (-58.959347158999954 -2.5831441669999657)
2024,VEGETAÇÃO,C60L63,POINT (-58.97860715899995 -2.5550641669999656)
2024,VEGETAÇÃO,C60L63,POINT (-58.96177715899995 -2.5994341669999663)
2024,VEGETAÇÃO,C60L63,POINT (-58.98742715899995 -2.737764166999966)
2024,VEGETAÇÃO,C60L63,POINT (-58.86682715899995 -2.712294166999966)
2024,VEGETAÇÃO,C60L63,POINT (-58.94539715899995 -2.517804166999966)
2024,VEGETAÇÃO,C60L63,POINT (-58.77871715899995 -2.654784166999966)
2024,VEGETAÇÃO,C60L63,POINT (-58.85350715899995 -2.623824166999966)
2024,VEGETAÇÃO,C60L63,POINT (-58.92361715899995 -2.6955541669999663)
2024,VEGETAÇÃO,C60L63,POINT (-58.85359715899995 -2.5582141669999663)
2024,VEGETAÇÃO,C60L63,POINT (-58.99219715899996 -2.5033141669999663)
2024,VEGETAÇÃO,C60L63,POINT (-58.933607158999955 -2.7072541669999657)
2024,VEGETAÇÃO,C60L63,POINT (-58.94332715899995 -2.530044166999966)
2024,VEGETAÇÃO,C60L63,POINT (-58.83505715899995 -2.587644166999966)
2024,VEGETAÇÃO,C60L63,POINT (-58.814627158999954 -2.5001641669999657)
2024,VEGETAÇÃO,C60L63,POINT (-58.84270715899996 -2.503134166999966)
2024,VEGETAÇÃO,C60L63,POINT (-58.95853715899995 -2.6143741669999656)
2024,VEGETAÇÃO,C60L63,POINT (-58.758017158999955 -2.5132141669999655)
2024,VEGETAÇÃO,C60L63,POINT (-58.89652715899995 -2.6440741669999657)
2024,VEGETAÇÃO,C60L63,POINT (-58.963757158999954 -2.653614166999966)
2024,VEGETAÇÃO,C60L63,POINT (-58.77817715899995 -2.696994166999966)
2024,VEGETAÇÃO,C60L63,POINT (-58.97914715899995 -2.571084166999966)
2024,VEGETAÇÃO,C60L63,POINT (-58.91839715899995 -2.6686441669999663)
2024,VEGETAÇÃO,C60L63,POINT (-58.950527158999954 -2.5077241669999655)
2024,VEGETAÇÃO,C60L63,POINT (-58.946747158999955 -2.687544166999966)
2024,VEGETAÇÃO,C60L63,POINT (-58.779437158999954 -2.6155441669999657)
2024,VEGETAÇÃO,C60L63,POINT (-58.93036715899996 -2.578824166999966)
2024,VEGETAÇÃO,C60L63,POINT (-58.91497715899995 -2.633724166999966)
2024,VEGETAÇÃO,C60L63,POINT (-58.91929715899995 -2.6617141669999658)
2024,VEGETAÇÃO,C60L63,POINT (-58.88248715899995 -2.579004166999966)
2024,VEGETAÇÃO,C60L63,POINT (-58.87312715899995 -2.632284166999966)
2024,VEGETAÇÃO,C60L63,POINT (-58.79095715899995 -2.5056541669999657)
2024,VEGETAÇÃO,C60L63,POINT (-58.91380715899995 -2.5367941669999663)
2024,VEGETAÇÃO,C60L63,POINT (-58.84234715899996 -2.6061841669999657)
2024,VEGETAÇÃO,C60L63,POINT (-58.91038715899995 -2.639214166999966)
2024,VEGETAÇÃO,C60L63,POINT (-58.859807158999956 -2.7032941669999655)
2024,VEGETAÇÃO,C60L63,POINT (-58.998857158999954 -2.604114166999966)
2024,VEGETAÇÃO,C60L63,POINT (-58.903727158999956 -2.5759441669999656)
2024,VEGETAÇÃO,C60L63,POINT (-58.78159715899996 -2.6582941669999656)
2024,VEGETAÇÃO,C60L63,POINT (-58.89994715899995 -2.5440841669999656)
2024,VEGETAÇÃO,C60L63,POINT (-58.78726715899995 -2.5677541669999657)
2024,VEGETAÇÃO,C60L63,POINT (-58.981577158999954 -2.654244166999966)
2024,VEGETAÇÃO,C60L63,POINT (-58.793207158999955 -2.645874166999966)
2024,VEGETAÇÃO,C60L63,POINT (-58.938737158999956 -2.664684166999966)
2024,VEGETAÇÃO,C60L63,POINT (-58.876187158999954 -2.728944166999966)
2024,VEGETAÇÃO,C60L63,POINT (-58.872587158999956 -2.6213941669999663)
2024,VEGETAÇÃO,C60L63,POINT (-58.950617158999954 -2.5532641669999663)
2024,VEGETAÇÃO,C60L63,POINT (-58.89949715899995 -2.608074166999966)
2024,VEGETAÇÃO,C60L63,POINT (-58.780067158999955 -2.745324166999966)
2024,VEGETAÇÃO,C60L63,POINT (-58.964477158999955 -2.6368741669999656)
2024,VEGETAÇÃO,C60L63,POINT (-58.792397158999954 -2.6940241669999656)
2024,VEGETAÇÃO,C60L63,POINT (-58.841537158999955 -2.6726041669999656)
2024,VEGETAÇÃO,C60L63,POINT (-58.89274715899995 -2.6120341669999663)
2024,VEGETAÇÃO,C60L63,POINT (-58.78123715899996 -2.513664166999966)
2024,VEGETAÇÃO,C60L63,POINT (-58.92397715899995 -2.6521741669999663)
2024,VEGETAÇÃO,C60L63,POINT (-58.82209715899995 -2.672424166999966)
2024,VEGETAÇÃO,C60L63,POINT (-58.95871715899995 -2.5348141669999658)
2024,VEGETAÇÃO,C60L63,POINT (-58.91020715899995 -2.559114166999966)
2024,VEGETAÇÃO,C60L63,POINT (-58.965287158999956 -2.5780141669999663)
2024,VEGETAÇÃO,C60L63,POINT (-58.88860715899995 -2.600334166999966)
2024,VEGETAÇÃO,C60L63,POINT (-58.86898715899996 -2.7372241669999653)
2024,VEGETAÇÃO,C60L63,POINT (-58.950527158999954 -2.653704166999966)
2024,VEGETAÇÃO,C60L63,POINT (-58.93045715899996 -2.530044166999966)
2024,VEGETAÇÃO,C60L63,POINT (-58.84270715899996 -2.5153741669999663)
2024,VEGETAÇÃO,C60L63,POINT (-58.97140715899995 -2.7191341669999662)
2024,VEGETAÇÃO,C60L63,POINT (-58.995527158999955 -2.664054166999966)
2024,VEGETAÇÃO,C60L63,POINT (-58.885637158999955 -2.6474041669999657)
2024,VEGETAÇÃO,C60L63,POINT (-58.76980715899995 -2.6671141669999656)
2024,VEGETAÇÃO,C60L63,POINT (-58.832447158999955 -2.580624166999966)
2024,VEGETAÇÃO,C60L63,POINT (-58.81687715899995 -2.7037441669999662)
2024,VEGETAÇÃO,C60L63,POINT (-58.79167715899995 -2.651904166999966)
2024,VEGETAÇÃO,C60L63,POINT (-58.90138715899995 -2.7131941669999655)
2024,VEGETAÇÃO,C60L63,POINT (-58.933067158999954 -2.6363341669999656)
2024,VEGETAÇÃO,C60L63,POINT (-58.92811715899995 -2.6867341669999663)
2024,VEGETAÇÃO,C60L63,POINT (-58.94080715899995 -2.5007041669999657)
2024,VEGETAÇÃO,C60L63,POINT (-58.823717158999955 -2.7023041669999657)
2024,VEGETAÇÃO,C60L63,POINT (-58.933607158999955 -2.7480241669999668)
2024,VEGETAÇÃO,C60L63,POINT (-58.942967158999956 -2.603214166999966)
2024,VEGETAÇÃO,C60L63,POINT (-58.83136715899995 -2.719584166999966)
2024,VEGETAÇÃO,C60L63,POINT (-58.930187158999956 -2.6308441669999656)
2024,VEGETAÇÃO,C60L63,POINT (-58.88815715899995 -2.5319341669999655)
2024,VEGETAÇÃO,C60L63,POINT (-58.796897158999954 -2.704104166999966)
2024,VEGETAÇÃO,C60L63,POINT (-58.98040715899995 -2.7337141669999667)
2024,VEGETAÇÃO,C60L63,POINT (-58.85647715899995 -2.7220141669999656)
2024,VEGETAÇÃO,C60L63,POINT (-58.87312715899995 -2.7012241669999657)
2024,VEGETAÇÃO,C60L63,POINT (-58.94368715899995 -2.7044641669999656)
2024,VEGETAÇÃO,C60L63,POINT (-58.951427158999955 -2.671794166999966)
2024,VEGETAÇÃO,C60L63,POINT (-58.836677158999954 -2.6422741669999663)
2024,VEGETAÇÃO,C60L63,POINT (-58.92154715899996 -2.536074166999966)
2024,VEGETAÇÃO,C60L63,POINT (-58.87897715899995 -2.5489441669999655)
2024,VEGETAÇÃO,C60L63,POINT (-58.994987158999955 -2.6818741669999655)
2024,VEGETAÇÃO,C60L63,POINT (-58.87780715899996 -2.5155541669999657)
2024,VEGETAÇÃO,C60L63,POINT (-58.942787158999955 -2.5765741669999658)
2024,VEGETAÇÃO,C60L63,POINT (-58.83865715899995 -2.743164166999966)
2024,VEGETAÇÃO,C60L63,POINT (-58.96627715899995 -2.577384166999966)
2024,VEGETAÇÃO,C60L63,POINT (-58.762337158999955 -2.621754166999966)
2024,VEGETAÇÃO,C60L63,POINT (-58.99678715899995 -2.6670241669999655)
2024,VEGETAÇÃO,C60L63,POINT (-58.93666715899995 -2.515194166999966)
2024,VEGETAÇÃO,C60L63,POINT (-58.784657158999956 -2.748744166999966)
2024,VEGETAÇÃO,C60L63,POINT (-58.85134715899996 -2.6111341669999657)
2024,VEGETAÇÃO,C60L63,POINT (-58.97896715899995 -2.6429041669999656)
2024,VEGETAÇÃO,C60L63,POINT (-58.806707158999956 -2.5611841669999658)
2024,VEGETAÇÃO,C60L63,POINT (-58.77871715899995 -2.6961841669999655)
2024,VEGETAÇÃO,C60L63,POINT (-58.99642715899995 -2.749824166999966)
2024,VEGETAÇÃO,C60L63,POINT (-58.99273715899995 -2.5715341669999656)
2024,VEGETAÇÃO,C60L63,POINT (-58.90471715899995 -2.684394166999966)
2024,VEGETAÇÃO,C60L63,POINT (-58.85278715899995 -2.5194241669999657)
2024,VEGETAÇÃO,C60L63,POINT (-58.85566715899995 -2.7319141669999656)
2024,VEGETAÇÃO,C60L63,POINT (-58.78195715899995 -2.570184166999966)
2024,VEGETAÇÃO,C60L63,POINT (-58.83973715899995 -2.7248041669999656)
2024,VEGETAÇÃO,C60L63,POINT (-58.99723715899995 -2.611314166999966)
2024,VEGETAÇÃO,C60L63,POINT (-58.83379715899996 -2.5577641669999656)
2024,VEGETAÇÃO,C60L63,POINT (-58.96582715899996 -2.6691841669999663)
2024,VEGETAÇÃO,C60L63,POINT (-58.85188715899996 -2.6054641669999663)
2024,VEGETAÇÃO,C60L63,POINT (-58.787987158999954 -2.632824166999966)
2024,VEGETAÇÃO,C60L63,POINT (-58.90822715899995 -2.560104166999966)
2024,VEGETAÇÃO,C60L63,POINT (-58.87798715899996 -2.5633441669999657)
2024,VEGETAÇÃO,C60L63,POINT (-58.82659715899995 -2.6521741669999663)
2024,VEGETAÇÃO,C60L63,POINT (-58.89130715899995 -2.7451441669999657)
2024,VEGETAÇÃO,C60L63,POINT (-58.960247158999955 -2.610864166999966)
2024,VEGETAÇÃO,C60L63,POINT (-58.99795715899995 -2.631204166999966)
2024,VEGETAÇÃO,C60L63,POINT (-58.82164715899995 -2.502594166999966)
2024,VEGETAÇÃO,C60L63,POINT (-58.845767158999955 -2.6702641669999663)
2024,VEGETAÇÃO,C60L63,POINT (-58.982027158999955 -2.6807941669999655)
2024,VEGETAÇÃO,C60L63,POINT (-58.84288715899996 -2.695914166999966)
2024,VEGETAÇÃO,C60L63,POINT (-58.933787158999955 -2.5803541669999657)
2024,VEGETAÇÃO,C60L63,POINT (-58.85638715899995 -2.647674166999966)
2024,VEGETAÇÃO,C60L63,POINT (-58.75531715899995 -2.6951041669999656)
2024,VEGETAÇÃO,C60L63,POINT (-58.89049715899995 -2.699874166999966)
2024,VEGETAÇÃO,C60L63,POINT (-58.999127158999954 -2.622834166999966)
2024,VEGETAÇÃO,C60L63,POINT (-58.98958715899995 -2.728224166999966)
2024,VEGETAÇÃO,C60L63,POINT (-58.86583715899995 -2.7125641669999663)
2024,VEGETAÇÃO,C60L63,POINT (-58.82290715899995 -2.725164166999966)
2024,VEGETAÇÃO,C60L63,POINT (-58.83406715899996 -2.603124166999966)
2024,VEGETAÇÃO,C60L63,POINT (-58.868357158999956 -2.632284166999966)
2024,VEGETAÇÃO,C60L63,POINT (-58.886177158999956 -2.5682941669999657)
2024,VEGETAÇÃO,C60L63,POINT (-58.94584715899995 -2.7015841669999663)
2024,VEGETAÇÃO,C60L63,POINT (-58.76791715899995 -2.681154166999966)
2024,VEGETAÇÃO,C60L63,POINT (-58.82218715899995 -2.7180541669999663)
2024,VEGETAÇÃO,C60L63,POINT (-58.94467715899995 -2.720754166999966)
2024,VEGETAÇÃO,C60L63,POINT (-58.82605715899995 -2.7330841669999657)
2024,VEGETAÇÃO,C60L63,POINT (-58.929017158999955 -2.7066241669999656)
2024,VEGETAÇÃO,C60L63,POINT (-58.955117158999954 -2.509164166999966)
2024,VEGETAÇÃO,C60L63,POINT (-58.753157158999954 -2.655324166999966)
2024,VEGETAÇÃO,C60L63,POINT (-58.784387158999955 -2.5858441669999657)
2024,VEGETAÇÃO,C60L63,POINT (-58.845137158999954 -2.5693741669999657)
2024,VEGETAÇÃO,C60L63,POINT (-58.93207715899995 -2.549304166999966)
2024,VEGETAÇÃO,C60L63,POINT (-58.81642715899996 -2.645334166999966)
2024,VEGETAÇÃO,C60L63,POINT (-58.83892715899995 -2.607984166999966)
2024,VEGETAÇÃO,C60L63,POINT (-58.763057158999956 -2.5418341669999656)
2024,VEGETAÇÃO,C60L63,POINT (-58.96609715899996 -2.5592941669999663)
2024,VEGETAÇÃO,C60L63,POINT (-58.99345715899995 -2.5049341669999663)
2024,VEGETAÇÃO,C60L63,POINT (-58.947107158999955 -2.502054166999966)
2024,VEGETAÇÃO,C60L63,POINT (-58.881137158999955 -2.582874166999966)
2024,VEGETAÇÃO,C60L63,POINT (-58.85638715899995 -2.737584166999966)
2024,VEGETAÇÃO,C60L63,POINT (-58.77826715899995 -2.502504166999966)
2024,VEGETAÇÃO,C60L63,POINT (-58.75531715899995 -2.576664166999966)
2024,VEGETAÇÃO,C60L63,POINT (-58.88644715899996 -2.5830541669999656)
2024,VEGETAÇÃO,C60L63,POINT (-58.82542715899996 -2.6221141669999657)
2024,VEGETAÇÃO,C60L63,POINT (-58.82182715899995 -2.6588341669999656)
2024,VEGETAÇÃO,C60L63,POINT (-58.93468715899995 -2.6622541669999658)
2024,VEGETAÇÃO,C60L63,POINT (-58.811207158999956 -2.679354166999966)
2024,VEGETAÇÃO,C60L63,POINT (-58.90588715899995 -2.746584166999966)
2024,VEGETAÇÃO,C60L63,POINT (-58.94800715899996 -2.729304166999966)
2024,VEGETAÇÃO,C60L63,POINT (-58.81399715899995 -2.675664166999966)
2024,VEGETAÇÃO,C60L63,POINT (-58.97140715899995 -2.6609941669999655)
2024,VEGETAÇÃO,C60L63,POINT (-58.99660715899995 -2.714724166999966)
2024,VEGETAÇÃO,C60L63,POINT (-58.84666715899995 -2.6291341669999655)
2024,VEGETAÇÃO,C60L63,POINT (-58.968077158999954 -2.702574166999966)
2024,VEGETAÇÃO,C60L63,POINT (-58.79104715899995 -2.608524166999966)
2024,VEGETAÇÃO,C60L63,POINT (-58.81804715899995 -2.5973641669999656)
2024,VEGETAÇÃO,C60L63,POINT (-58.93243715899995 -2.5358041669999656)
2024,VEGETAÇÃO,C60L63,POINT (-58.75243715899995 -2.652084166999966)
2024,VEGETAÇÃO,C60L63,POINT (-58.91443715899995 -2.692134166999966)
2024,VEGETAÇÃO,C60L63,POINT (-58.99840715899995 -2.547504166999966)
2024,VEGETAÇÃO,C60L63,POINT (-58.765847158999954 -2.5499341669999662)
2024,VEGETAÇÃO,C60L63,POINT (-58.97158715899995 -2.7435241669999666)
2024,VEGETAÇÃO,C60L63,POINT (-58.858907158999955 -2.607354166999966)
2024,VEGETAÇÃO,C60L63,POINT (-58.98319715899996 -2.603754166999966)
2024,VEGETAÇÃO,C60L63,POINT (-58.96627715899995 -2.632734166999966)
2024,VEGETAÇÃO,C60L63,POINT (-58.90930715899995 -2.728404166999966)
2024,VEGETAÇÃO,C60L63,POINT (-58.998857158999954 -2.709774166999966)
2024,VEGETAÇÃO,C60L63,POINT (-58.79086715899995 -2.6627941669999657)
2024,VEGETAÇÃO,C60L63,POINT (-58.832807158999955 -2.572884166999966)
2024,VEGETAÇÃO,C60L63,POINT (-58.91011715899995 -2.676744166999966)
2024,VEGETAÇÃO,C60L63,POINT (-58.868267158999956 -2.561814166999966)
2024,VEGETAÇÃO,C60L63,POINT (-58.758377158999956 -2.609244166999966)
2024,VEGETAÇÃO,C60L63,POINT (-58.894637158999956 -2.5616341669999656)
2024,VEGETAÇÃO,C60L63,POINT (-58.97959715899995 -2.7500041669999664)
2024,VEGETAÇÃO,C60L63,POINT (-58.963667158999954 -2.595834166999966)
2024,VEGETAÇÃO,C60L63,POINT (-58.876997158999956 -2.7368641669999665)
2024,VEGETAÇÃO,C60L63,POINT (-58.81597715899996 -2.6978041669999655)
2024,VEGETAÇÃO,C60L63,POINT (-58.98796715899995 -2.5358941669999657)
2024,VEGETAÇÃO,C60L63,POINT (-58.84270715899996 -2.5127641669999656)
2024,VEGETAÇÃO,C60L63,POINT (-58.994357158999954 -2.617254166999966)
2024,VEGETAÇÃO,C60L63,POINT (-58.86214715899995 -2.7346141669999664)
2024,VEGETAÇÃO,C60L63,POINT (-58.963757158999954 -2.5176241669999655)
2024,VEGETAÇÃO,C60L63,POINT (-58.83586715899995 -2.7100441669999658)
2024,VEGETAÇÃO,C60L63,POINT (-58.96690715899995 -2.696364166999966)
2024,VEGETAÇÃO,C60L63,POINT (-58.86988715899995 -2.6417341669999663)
2024,VEGETAÇÃO,C60L63,POINT (-58.98040715899995 -2.689974166999966)
2024,VEGETAÇÃO,C60L63,POINT (-58.98346715899996 -2.6132941669999656)
2024,VEGETAÇÃO,C60L63,POINT (-58.811117158999956 -2.543094166999966)
2024,VEGETAÇÃO,C60L63,POINT (-58.999847158999955 -2.689434166999966)
2024,VEGETAÇÃO,C60L63,POINT (-58.85341715899995 -2.5916941669999662)
2024,VEGETAÇÃO,C60L63,POINT (-58.84234715899996 -2.554614166999966)
2024,VEGETAÇÃO,C60L63,POINT (-58.977077158999954 -2.643624166999966)
2024,VEGETAÇÃO,C60L63,POINT (-58.819757158999955 -2.696994166999966)
2024,VEGETAÇÃO,C60L63,POINT (-58.916687158999956 -2.647134166999966)
2024,VEGETAÇÃO,C60L63,POINT (-58.76746715899995 -2.7482941669999654)
2024,VEGETAÇÃO,C60L63,POINT (-58.753967158999956 -2.6088841669999656)
2024,VEGETAÇÃO,C60L63,POINT (-58.83550715899995 -2.6559541669999662)
2024,VEGETAÇÃO,C60L63,POINT (-58.94782715899996 -2.5895341669999663)
2024,VEGETAÇÃO,C60L63,POINT (-58.80274715899995 -2.524464166999966)
2024,VEGETAÇÃO,C60L63,POINT (-58.85305715899995 -2.6978941669999656)
2024,VEGETAÇÃO,C60L63,POINT (-58.955657158999955 -2.6478541669999656)
2024,VEGETAÇÃO,C60L63,POINT (-58.814717158999954 -2.5616341669999656)
2024,VEGETAÇÃO,C60L63,POINT (-58.88194715899995 -2.5615441669999663)
2024,VEGETAÇÃO,C60L63,POINT (-58.98904715899995 -2.6534341669999657)
2024,VEGETAÇÃO,C60L63,POINT (-58.989947158999954 -2.669454166999966)
2024,VEGETAÇÃO,C60L63,POINT (-58.951427158999955 -2.571264166999966)
2024,VEGETAÇÃO,C60L63,POINT (-58.94323715899995 -2.575674166999966)
2024,VEGETAÇÃO,C60L63,POINT (-58.951697158999956 -2.649834166999966)
2024,VEGETAÇÃO,C60L63,POINT (-58.89688715899995 -2.509704166999966)
2024,VEGETAÇÃO,C60L63,POINT (-58.81237715899995 -2.5023241669999656)
2024,VEGETAÇÃO,C60L63,POINT (-58.942517158999955 -2.5863841669999657)
2024,VEGETAÇÃO,C60L63,POINT (-58.85548715899995 -2.6934841669999656)
2024,VEGETAÇÃO,C60L63,POINT (-58.79500715899995 -2.703114166999966)
2024,VEGETAÇÃO,C60L63,POINT (-58.92640715899995 -2.5845841669999663)
2024,VEGETAÇÃO,C60L63,POINT (-58.849997158999955 -2.549214166999966)
2024,VEGETAÇÃO,C60L63,POINT (-58.942877158999956 -2.612484166999966)
2024,VEGETAÇÃO,C60L63,POINT (-58.91506715899995 -2.5775641669999656)
2024,VEGETAÇÃO,C60L63,POINT (-58.859357158999956 -2.6996041669999657)
2024,VEGETAÇÃO,C60L63,POINT (-58.97653715899995 -2.5753141669999655)
2024,VEGETAÇÃO,C60L63,POINT (-58.775567158999955 -2.5446241669999656)
2024,VEGETAÇÃO,C60L63,POINT (-58.97419715899996 -2.7425341669999668)
2024,VEGETAÇÃO,C60L63,POINT (-58.87843715899995 -2.665764166999966)
2024,VEGETAÇÃO,C60L63,POINT (-58.963937158999954 -2.5592941669999663)
2024,VEGETAÇÃO,C60L63,POINT (-58.761527158999954 -2.505204166999966)
2024,VEGETAÇÃO,C60L63,POINT (-58.833437158999956 -2.6330041669999655)
2024,VEGETAÇÃO,C60L63,POINT (-58.89220715899995 -2.552004166999966)
2024,VEGETAÇÃO,C60L63,POINT (-58.784027158999955 -2.5379641669999655)
2024,VEGETAÇÃO,C60L63,POINT (-58.99768715899995 -2.719584166999966)
2024,VEGETAÇÃO,C60L63,POINT (-58.98058715899995 -2.6391241669999657)
2024,VEGETAÇÃO,C60L63,POINT (-58.81255715899995 -2.7457741669999667)
2024,VEGETAÇÃO,C60L63,POINT (-58.83919715899995 -2.6056441669999657)
2024,VEGETAÇÃO,C60L63,POINT (-58.92838715899995 -2.5038541669999663)
2024,VEGETAÇÃO,C60L63,POINT (-58.788977158999955 -2.5632541669999656)
2024,VEGETAÇÃO,C60L63,POINT (-58.75171715899995 -2.7286741669999657)
2024,VEGETAÇÃO,C60L63,POINT (-58.83766715899995 -2.5478641669999655)
2024,VEGETAÇÃO,C60L63,POINT (-58.964027158999954 -2.5637041669999663)
2024,VEGETAÇÃO,C60L63,POINT (-58.894727158999956 -2.692134166999966)
2024,VEGETAÇÃO,C60L63,POINT (-58.76359715899996 -2.7104941669999656)
2024,VEGETAÇÃO,C60L63,POINT (-58.93054715899996 -2.568564166999966)
2024,VEGETAÇÃO,C60L63,POINT (-58.97104715899995 -2.705184166999966)
2024,VEGETAÇÃO,C60L63,POINT (-58.85341715899995 -2.6330041669999655)
2024,VEGETAÇÃO,C60L63,POINT (-58.994717158999954 -2.560194166999966)
2024,VEGETAÇÃO,C60L63,POINT (-58.94530715899995 -2.549124166999966)
2024,VEGETAÇÃO,C60L63,POINT (-58.88707715899996 -2.5889941669999663)
2024,VEGETAÇÃO,C60L63,POINT (-58.94134715899995 -2.688714166999966)
2024,VEGETAÇÃO,C60L63,POINT (-58.97113715899995 -2.568024166999966)
2024,VEGETAÇÃO,C60L63,POINT (-58.788437158999955 -2.5406641669999663)
2024,VEGETAÇÃO,C60L63,POINT (-58.91956715899995 -2.7109441669999663)
2024,VEGETAÇÃO,C60L63,POINT (-58.76098715899995 -2.662884166999966)
2024,VEGETAÇÃO,C60L63,POINT (-58.85782715899995 -2.522754166999966)
2024,VEGETAÇÃO,C60L63,POINT (-58.75261715899995 -2.6132941669999656)
2024,VEGETAÇÃO,C60L63,POINT (-58.836677158999954 -2.631024166999966)
2024,VEGETAÇÃO,C60L63,POINT (-58.837307158999955 -2.7098641669999664)
2024,VEGETAÇÃO,C60L63,POINT (-58.86511715899995 -2.718324166999966)
2024,VEGETAÇÃO,C60L63,POINT (-58.96186715899995 -2.6429041669999656)
2024,VEGETAÇÃO,C60L63,POINT (-58.767107158999956 -2.6999641669999663)
2024,VEGETAÇÃO,C60L63,POINT (-58.94323715899995 -2.6330041669999655)
2024,VEGETAÇÃO,C60L63,POINT (-58.97581715899995 -2.693664166999966)
2024,VEGETAÇÃO,C60L63,POINT (-58.933787158999955 -2.5506541669999656)
2024,VEGETAÇÃO,C60L63,POINT (-58.77385715899995 -2.641104166999966)
2024,VEGETAÇÃO,C60L63,POINT (-58.91515715899995 -2.5797241669999655)
2024,VEGETAÇÃO,C60L63,POINT (-58.819217158999955 -2.621844166999966)
2024,VEGETAÇÃO,C60L63,POINT (-58.97014715899995 -2.5719841669999663)
2024,VEGETAÇÃO,C60L63,POINT (-58.942517158999955 -2.6259841669999657)
2024,VEGETAÇÃO,C60L63,POINT (-58.76791715899995 -2.555424166999966)
2024,VEGETAÇÃO,C60L63,POINT (-58.814177158999954 -2.5204141669999656)
2024,VEGETAÇÃO,C60L63,POINT (-58.831907158999954 -2.6786341669999656)
2024,VEGETAÇÃO,C60L63,POINT (-58.937837158999955 -2.6302141669999664)
2024,VEGETAÇÃO,C60L63,POINT (-58.947377158999956 -2.6429041669999656)
2024,VEGETAÇÃO,C60L63,POINT (-58.90165715899995 -2.572254166999966)
2024,VEGETAÇÃO,C60L63,POINT (-58.788347158999954 -2.6500141669999655)
2024,VEGETAÇÃO,C60L63,POINT (-58.93144715899995 -2.709774166999966)
2024,VEGETAÇÃO,C60L63,POINT (-58.805717158999954 -2.5884541669999663)
2024,VEGETAÇÃO,C60L63,POINT (-58.83361715899996 -2.507544166999966)
2024,VEGETAÇÃO,C60L63,POINT (-58.89940715899995 -2.5880941669999658)
2024,VEGETAÇÃO,C60L63,POINT (-58.87339715899995 -2.7082441669999655)
2024,VEGETAÇÃO,C60L63,POINT (-58.76926715899995 -2.741004166999966)
2024,VEGETAÇÃO,C60L63,POINT (-58.90525715899995 -2.6856541669999663)
2024,VEGETAÇÃO,C60L63,POINT (-58.854227158999954 -2.6407441669999656)
2024,VEGETAÇÃO,C60L63,POINT (-58.86079715899995 -2.683404166999966)
2024,VEGETAÇÃO,C60L63,POINT (-58.981397158999954 -2.528424166999966)
2024,VEGETAÇÃO,C60L63,POINT (-58.969067158999955 -2.7401041669999664)
2024,VEGETAÇÃO,C60L63,POINT (-58.82281715899995 -2.7169741669999663)
2024,VEGETAÇÃO,C60L63,POINT (-58.86025715899996 -2.629494166999966)
2024,VEGETAÇÃO,C60L63,POINT (-58.78087715899996 -2.5704541669999657)
2024,VEGETAÇÃO,C60L63,POINT (-58.934327158999956 -2.604204166999966)
2024,VEGETAÇÃO,C60L63,POINT (-58.762337158999955 -2.639394166999966)
2024,VEGETAÇÃO,C60L63,POINT (-58.93900715899996 -2.7330841669999657)
2024,VEGETAÇÃO,C60L63,POINT (-58.919747158999954 -2.7175141669999663)
2024,VEGETAÇÃO,C60L63,POINT (-58.95034715899995 -2.5121341669999655)
2024,VEGETAÇÃO,C60L63,POINT (-58.87969715899995 -2.7131041669999663)
2024,VEGETAÇÃO,C60L63,POINT (-58.86997715899995 -2.689884166999966)
2024,VEGETAÇÃO,C60L63,POINT (-58.85125715899996 -2.589264166999966)
2024,VEGETAÇÃO,C60L63,POINT (-58.85692715899995 -2.7015841669999663)
2024,VEGETAÇÃO,C60L63,POINT (-58.99714715899995 -2.6825041669999656)
2024,VEGETAÇÃO,C60L63,POINT (-58.79005715899996 -2.649744166999966)
2024,VEGETAÇÃO,C60L63,POINT (-58.95871715899995 -2.6817841669999662)
2024,VEGETAÇÃO,C60L63,POINT (-58.94395715899995 -2.6384941669999655)
2024,VEGETAÇÃO,C60L63,POINT (-58.80292715899995 -2.5940341669999656)
2024,VEGETAÇÃO,C60L63,POINT (-58.978247158999956 -2.617974166999966)
2024,VEGETAÇÃO,C60L63,POINT (-58.840817158999954 -2.6660341669999656)
2024,VEGETAÇÃO,C60L63,POINT (-58.86403715899995 -2.6186941669999655)
2024,VEGETAÇÃO,C60L63,POINT (-58.91497715899995 -2.720214166999966)
2024,VEGETAÇÃO,C60L63,POINT (-58.99183715899996 -2.529954166999966)
2024,VEGETAÇÃO,C60L63,POINT (-58.93963715899996 -2.733264166999966)
2024,VEGETAÇÃO,C60L63,POINT (-58.977347158999955 -2.7381241669999667)
2024,VEGETAÇÃO,C60L63,POINT (-58.929107158999955 -2.5351741669999663)
2024,VEGETAÇÃO,C60L63,POINT (-58.83010715899995 -2.588184166999966)
2024,VEGETAÇÃO,C60L63,POINT (-58.762247158999955 -2.662974166999966)
2024,VEGETAÇÃO,C60L63,POINT (-58.797977158999956 -2.594844166999966)
2024,VEGETAÇÃO,C60L63,POINT (-58.828397158999955 -2.617794166999966)
2024,VEGETAÇÃO,C60L63,POINT (-58.77241715899996 -2.6320141669999657)
2024,VEGETAÇÃO,C60L63,POINT (-58.921277158999956 -2.7292141669999657)
2024,VEGETAÇÃO,C60L63,POINT (-58.87789715899996 -2.7372241669999653)
2024,VEGETAÇÃO,C60L63,POINT (-58.797707158999955 -2.5692841669999655)
2024,VEGETAÇÃO,C60L63,POINT (-58.84324715899995 -2.6994241669999663)
2024,VEGETAÇÃO,C60L63,POINT (-58.810757158999955 -2.503224166999966)
2024,VEGETAÇÃO,C60L63,POINT (-58.75936715899995 -2.577924166999966)
2024,VEGETAÇÃO,C60L63,POINT (-58.964747158999955 -2.5736941669999656)
2024,VEGETAÇÃO,C60L63,POINT (-58.94809715899996 -2.7149941669999658)
2024,VEGETAÇÃO,C60L63,POINT (-58.82479715899996 -2.7361441669999653)
2024,VEGETAÇÃO,C60L63,POINT (-58.85575715899995 -2.717784166999966)
2024,VEGETAÇÃO,C60L63,POINT (-58.75108715899995 -2.6175241669999663)
2024,VEGETAÇÃO,C60L63,POINT (-58.763147158999956 -2.614014166999966)
2024,VEGETAÇÃO,C60L63,POINT (-58.97185715899995 -2.5160941669999657)
2024,VEGETAÇÃO,C60L63,POINT (-58.83055715899995 -2.6346241669999655)
2024,VEGETAÇÃO,C60L63,POINT (-58.80319715899995 -2.5522741669999656)
2024,VEGETAÇÃO,C60L63,POINT (-58.806167158999955 -2.6380441669999657)
2024,VEGETAÇÃO,C60L63,POINT (-58.783757158999954 -2.690964166999966)
2024,VEGETAÇÃO,C60L63,POINT (-58.89562715899996 -2.6902441669999657)
2024,VEGETAÇÃO,C60L63,POINT (-58.87978715899995 -2.7412741669999665)
2024,VEGETAÇÃO,C60L63,POINT (-58.81174715899995 -2.500974166999966)
2024,VEGETAÇÃO,C60L63,POINT (-58.788887158999955 -2.6593741669999655)
2024,VEGETAÇÃO,C60L63,POINT (-58.96690715899995 -2.614734166999966)
2024,VEGETAÇÃO,C60L63,POINT (-58.884917158999954 -2.7176041669999655)
2024,VEGETAÇÃO,C60L63,POINT (-58.75891715899995 -2.583414166999966)
2024,VEGETAÇÃO,C60L63,POINT (-58.87393715899995 -2.581164166999966)
2024,VEGETAÇÃO,C60L63,POINT (-58.97932715899995 -2.614554166999966)
2024,VEGETAÇÃO,C60L63,POINT (-58.79383715899995 -2.6270641669999657)
2024,VEGETAÇÃO,C60L63,POINT (-58.79401715899995 -2.7363241669999656)
2024,VEGETAÇÃO,C60L63,POINT (-58.98832715899995 -2.538144166999966)
2024,VEGETAÇÃO,C60L63,POINT (-58.872317158999955 -2.604834166999966)
2024,VEGETAÇÃO,C60L63,POINT (-58.93450715899995 -2.516364166999966)
2024,VEGETAÇÃO,C60L63,POINT (-58.78222715899995 -2.551374166999966)
2024,VEGETAÇÃO,C60L63,POINT (-58.94926715899995 -2.697624166999966)
2024,VEGETAÇÃO,C60L63,POINT (-58.89634715899995 -2.606814166999966)
2024,VEGETAÇÃO,C60L63,POINT (-58.924157158999954 -2.5582141669999663)
2024,VEGETAÇÃO,C60L63,POINT (-58.85737715899995 -2.731014166999966)
2024,VEGETAÇÃO,C60L63,POINT (-58.810217158999954 -2.597454166999966)
2024,VEGETAÇÃO,C60L63,POINT (-58.93504715899995 -2.7290341669999663)
2024,VEGETAÇÃO,C60L63,POINT (-58.76107715899995 -2.663604166999966)
2024,VEGETAÇÃO,C60L63,POINT (-58.98004715899995 -2.6345341669999662)
2024,VEGETAÇÃO,C60L63,POINT (-58.96672715899995 -2.552544166999966)
2024,VEGETAÇÃO,C60L63,POINT (-58.831817158999954 -2.677194166999966)
2024,VEGETAÇÃO,C60L63,POINT (-58.902557158999954 -2.5061041669999655)
2024,VEGETAÇÃO,C60L63,POINT (-58.938107158999955 -2.5593841669999655)
2024,VEGETAÇÃO,C60L63,POINT (-58.84243715899996 -2.6082541669999655)
2024,VEGETAÇÃO,C60L63,POINT (-58.82551715899996 -2.520144166999966)
2024,VEGETAÇÃO,C60L63,POINT (-58.87879715899995 -2.659644166999966)
2024,VEGETAÇÃO,C60L63,POINT (-58.79572715899995 -2.5578541669999657)
2024,VEGETAÇÃO,C60L63,POINT (-58.991387158999956 -2.6593741669999655)
2024,VEGETAÇÃO,C60L63,POINT (-58.752977158999954 -2.586024166999966)
2024,VEGETAÇÃO,C60L63,POINT (-58.80013715899995 -2.6044741669999656)
2024,VEGETAÇÃO,C60L63,POINT (-58.990577158999955 -2.685564166999966)
2024,VEGETAÇÃO,C60L63,POINT (-58.95403715899995 -2.701944166999966)
2024,VEGETAÇÃO,C60L63,POINT (-58.898597158999955 -2.556324166999966)
2024,VEGETAÇÃO,C60L63,POINT (-58.920197158999954 -2.5802641669999655)
2024,VEGETAÇÃO,C60L63,POINT (-58.82488715899996 -2.558664166999966)
2024,VEGETAÇÃO,C60L63,POINT (-58.915427158999954 -2.520774166999966)
2024,VEGETAÇÃO,C60L63,POINT (-58.788257158999954 -2.6664841669999655)
2024,VEGETAÇÃO,C60L63,POINT (-58.85224715899995 -2.6385841669999657)
2024,VEGETAÇÃO,C60L63,POINT (-58.86511715899995 -2.701944166999966)
2024,VEGETAÇÃO,C60L63,POINT (-58.969247158999956 -2.7334441669999663)
2024,VEGETAÇÃO,C60L63,POINT (-58.950707158999954 -2.696904166999966)
2024,VEGETAÇÃO,C60L63,POINT (-58.97536715899995 -2.699784166999966)
2024,VEGETAÇÃO,C60L63,POINT (-58.92676715899995 -2.651994166999966)
2024,VEGETAÇÃO,C60L63,POINT (-58.97203715899995 -2.7418141669999656)
2024,VEGETAÇÃO,C60L63,POINT (-58.986707158999955 -2.5214041669999663)
2024,VEGETAÇÃO,C60L63,POINT (-58.885367158999955 -2.611854166999966)
2024,VEGETAÇÃO,C60L63,POINT (-58.98400715899995 -2.572344166999966)
2024,VEGETAÇÃO,C60L63,POINT (-58.82488715899996 -2.6763841669999655)
2024,VEGETAÇÃO,C60L63,POINT (-58.784297158999955 -2.7158941669999663)
2024,VEGETAÇÃO,C60L63,POINT (-58.771517158999956 -2.655774166999966)
2024,VEGETAÇÃO,C60L63,POINT (-58.82119715899995 -2.557404166999966)
2024,VEGETAÇÃO,C60L63,POINT (-58.98859715899995 -2.655234166999966)
2024,VEGETAÇÃO,C60L63,POINT (-58.893737158999954 -2.624994166999966)
2024,VEGETAÇÃO,C60L63,POINT (-58.84783715899995 -2.6999641669999663)
2024,VEGETAÇÃO,C60L63,POINT (-58.876727158999955 -2.6026741669999662)
2024,VEGETAÇÃO,C60L63,POINT (-58.78159715899996 -2.715264166999966)
2024,VEGETAÇÃO,C60L63,POINT (-58.94008715899995 -2.618964166999966)
2024,VEGETAÇÃO,C60L63,POINT (-58.951337158999955 -2.7037441669999662)
2024,VEGETAÇÃO,C60L63,POINT (-58.938467158999956 -2.6583841669999657)
2024,VEGETAÇÃO,C60L63,POINT (-58.792847158999955 -2.5033141669999663)
2024,VEGETAÇÃO,C60L63,POINT (-58.83982715899995 -2.5088941669999656)
2024,VEGETAÇÃO,C60L63,POINT (-58.973837158999956 -2.728314166999966)
2024,VEGETAÇÃO,C60L63,POINT (-58.805807158999954 -2.670534166999966)
2024,VEGETAÇÃO,C60L63,POINT (-58.90417715899996 -2.6560441669999655)
2024,VEGETAÇÃO,C60L63,POINT (-58.77421715899995 -2.6105941669999657)
2024,VEGETAÇÃO,C60L63,POINT (-58.928927158999954 -2.578374166999966)
2024,VEGETAÇÃO,C60L63,POINT (-58.801577158999955 -2.6555041669999655)
2024,VEGETAÇÃO,C60L63,POINT (-58.994897158999954 -2.700954166999966)
2024,VEGETAÇÃO,C60L63,POINT (-58.80319715899995 -2.666124166999966)
2024,VEGETAÇÃO,C60L63,POINT (-58.97626715899995 -2.559114166999966)
2024,VEGETAÇÃO,C60L63,POINT (-58.982747158999956 -2.5797241669999655)
2024,VEGETAÇÃO,C60L63,POINT (-58.76773715899995 -2.525544166999966)
2024,VEGETAÇÃO,C60L63,POINT (-58.97095715899995 -2.685474166999966)
2024,VEGETAÇÃO,C60L63,POINT (-58.752707158999954 -2.520684166999966)
2024,VEGETAÇÃO,C60L63,POINT (-58.81633715899996 -2.5764841669999656)
2024,VEGETAÇÃO,C60L63,POINT (-58.89571715899996 -2.595924166999966)
2024,VEGETAÇÃO,C60L63,POINT (-58.78978715899996 -2.670174166999966)
2024,VEGETAÇÃO,C60L63,POINT (-58.99624715899995 -2.649654166999966)
2024,VEGETAÇÃO,C60L63,POINT (-58.854227158999954 -2.526624166999966)
2024,VEGETAÇÃO,C60L63,POINT (-58.79554715899995 -2.5698241669999655)
2024,VEGETAÇÃO,C60L63,POINT (-58.92280715899995 -2.7021241669999663)
2024,VEGETAÇÃO,C60L63,POINT (-58.77232715899996 -2.6369641669999657)
2024,VEGETAÇÃO,C60L63,POINT (-58.93999715899995 -2.6916841669999663)
2024,VEGETAÇÃO,C60L63,POINT (-58.921187158999956 -2.6918641669999657)
2024,VEGETAÇÃO,C60L63,POINT (-58.95790715899995 -2.5308541669999656)
2024,VEGETAÇÃO,C60L63,POINT (-58.88401715899995 -2.7307441669999655)
2024,VEGETAÇÃO,C60L63,POINT (-58.75963715899995 -2.593764166999966)
2024,VEGETAÇÃO,C60L63,POINT (-58.885367158999955 -2.638764166999966)
2024,VEGETAÇÃO,C60L63,POINT (-58.827587158999954 -2.516274166999966)
2024,VEGETAÇÃO,C60L63,POINT (-58.995617158999956 -2.6445241669999655)
2024,VEGETAÇÃO,C60L63,POINT (-58.98463715899995 -2.692494166999966)
2024,VEGETAÇÃO,C60L63,POINT (-58.762877158999956 -2.5702741669999662)
2024,VEGETAÇÃO,C60L63,POINT (-58.941617158999954 -2.618424166999966)
2024,VEGETAÇÃO,C60L63,POINT (-58.75702715899995 -2.5279741669999662)
2024,VEGETAÇÃO,C60L63,POINT (-58.841717158999955 -2.6258941669999656)
2024,VEGETAÇÃO,C60L63,POINT (-58.793387158999955 -2.6577541669999656)
2024,VEGETAÇÃO,C60L63,POINT (-58.83388715899996 -2.5611841669999658)
2024,VEGETAÇÃO,C60L63,POINT (-58.933967158999955 -2.633364166999966)
2024,VEGETAÇÃO,C60L63,POINT (-58.75000715899995 -2.606814166999966)
2024,VEGETAÇÃO,C60L63,POINT (-58.815527158999956 -2.726154166999966)
2024,VEGETAÇÃO,C60L63,POINT (-58.87006715899995 -2.5358941669999657)
2024,VEGETAÇÃO,C60L63,POINT (-58.95331715899995 -2.604204166999966)
2024,VEGETAÇÃO,C60L63,POINT (-58.77331715899995 -2.5088941669999656)
2024,VEGETAÇÃO,C60L63,POINT (-58.93612715899995 -2.632194166999966)
2024,VEGETAÇÃO,C60L63,POINT (-58.83514715899995 -2.6380441669999657)
2024,VEGETAÇÃO,C60L63,POINT (-58.89643715899995 -2.5923241669999655)
2024,VEGETAÇÃO,C60L63,POINT (-58.898957158999956 -2.653704166999966)
2024,VEGETAÇÃO,C60L63,POINT (-58.98085715899995 -2.7180541669999663)
2024,VEGETAÇÃO,C60L63,POINT (-58.78654715899995 -2.736684166999966)
2024,VEGETAÇÃO,C60L63,POINT (-58.959707158999954 -2.653614166999966)
2024,VEGETAÇÃO,C60L63,POINT (-58.920737158999955 -2.6665741669999656)
2024,VEGETAÇÃO,C60L63,POINT (-58.942157158999954 -2.7176041669999655)
2024,VEGETAÇÃO,C60L63,POINT (-58.968617158999955 -2.5121341669999655)
2024,VEGETAÇÃO,C60L63,POINT (-58.863227158999955 -2.749824166999966)
2024,VEGETAÇÃO,C60L63,POINT (-58.79176715899995 -2.547504166999966)
2024,VEGETAÇÃO,C60L63,POINT (-58.79959715899995 -2.5501141669999656)
2024,VEGETAÇÃO,C60L63,POINT (-58.792307158999954 -2.5095241669999657)
2024,VEGETAÇÃO,C60L63,POINT (-58.78996715899996 -2.6632441669999656)
2024,VEGETAÇÃO,C60L63,POINT (-58.95430715899995 -2.578374166999966)
2024,VEGETAÇÃO,C60L63,POINT (-58.86655715899995 -2.5314841669999657)
2024,VEGETAÇÃO,C60L63,POINT (-58.967987158999954 -2.5857541669999655)
2024,VEGETAÇÃO,C60L63,POINT (-58.89760715899995 -2.5506541669999656)
2024,VEGETAÇÃO,C60L63,POINT (-58.81390715899995 -2.614734166999966)
2024,VEGETAÇÃO,C60L63,POINT (-58.97194715899995 -2.6900641669999663)
2024,VEGETAÇÃO,C60L63,POINT (-58.94044715899995 -2.7329041669999654)
2024,VEGETAÇÃO,C60L63,POINT (-58.828847158999956 -2.6419141669999657)
2024,VEGETAÇÃO,C60L63,POINT (-58.981757158999955 -2.5463341669999657)
2024,VEGETAÇÃO,C60L63,POINT (-58.75009715899995 -2.534364166999966)
2024,VEGETAÇÃO,C60L63,POINT (-58.928837158999954 -2.552544166999966)
2024,VEGETAÇÃO,C60L63,POINT (-58.761437158999954 -2.6703541669999655)
2024,VEGETAÇÃO,C60L63,POINT (-58.76872715899995 -2.6972641669999655)
2024,VEGETAÇÃO,C60L63,POINT (-58.819937158999956 -2.595294166999966)
2024,VEGETAÇÃO,C60L63,POINT (-58.806257158999955 -2.6902441669999657)
2024,VEGETAÇÃO,C60L63,POINT (-58.79635715899995 -2.746494166999966)
2024,VEGETAÇÃO,C60L63,POINT (-58.964387158999955 -2.5765741669999658)
2024,VEGETAÇÃO,C60L63,POINT (-58.98112715899995 -2.6691841669999663)
2024,VEGETAÇÃO,C60L63,POINT (-58.79572715899995 -2.624994166999966)
2024,VEGETAÇÃO,C60L63,POINT (-58.96753715899995 -2.517894166999966)
2024,VEGETAÇÃO,C60L63,POINT (-58.87438715899995 -2.696004166999966)
2024,VEGETAÇÃO,C60L63,POINT (-58.787897158999954 -2.600784166999966)
2024,VEGETAÇÃO,C60L63,POINT (-58.75450715899996 -2.7460441669999653)
2024,VEGETAÇÃO,C60L63,POINT (-58.91020715899995 -2.7364141669999658)
2024,VEGETAÇÃO,C60L63,POINT (-58.85719715899995 -2.6028541669999656)
2024,VEGETAÇÃO,C60L63,POINT (-58.90516715899995 -2.676654166999966)
2024,VEGETAÇÃO,C60L63,POINT (-58.941797158999954 -2.683314166999966)
2024,VEGETAÇÃO,C60L63,POINT (-58.84342715899995 -2.5507441669999658)
2024,VEGETAÇÃO,C60L63,POINT (-58.75477715899996 -2.616264166999966)
2024,VEGETAÇÃO,C60L63,POINT (-58.91398715899995 -2.709594166999966)
2024,VEGETAÇÃO,C60L63,POINT (-58.889237158999954 -2.522844166999966)
2024,VEGETAÇÃO,C60L63,POINT (-58.969067158999955 -2.648754166999966)
2024,VEGETAÇÃO,C60L63,POINT (-58.89202715899995 -2.6555041669999655)
2024,VEGETAÇÃO,C60L63,POINT (-58.82488715899996 -2.7488341669999663)
2024,VEGETAÇÃO,C60L63,POINT (-58.91038715899995 -2.674944166999966)
2024,VEGETAÇÃO,C60L63,POINT (-58.859267158999955 -2.558484166999966)
2024,VEGETAÇÃO,C60L63,POINT (-58.90534715899995 -2.5088041669999663)
2024,VEGETAÇÃO,C60L63,POINT (-58.84927715899995 -2.621844166999966)
2024,VEGETAÇÃO,C60L63,POINT (-58.91452715899995 -2.5303141669999656)
2024,VEGETAÇÃO,C60L63,POINT (-58.84486715899995 -2.7381241669999667)
2024,VEGETAÇÃO,C60L63,POINT (-58.93441715899995 -2.6249041669999658)
2024,VEGETAÇÃO,C60L63,POINT (-58.86556715899995 -2.6175241669999663)
2024,VEGETAÇÃO,C60L63,POINT (-58.82893715899995 -2.7095041669999658)
2024,VEGETAÇÃO,C60L63,POINT (-58.981757158999955 -2.7383941669999654)
2024,VEGETAÇÃO,C60L63,POINT (-58.858367158999954 -2.6973541669999657)
2024,VEGETAÇÃO,C60L63,POINT (-58.76017715899995 -2.6644141669999657)
2024,VEGETAÇÃO,C60L63,POINT (-58.91020715899995 -2.538144166999966)
2024,VEGETAÇÃO,C60L63,POINT (-58.876727158999955 -2.6346241669999655)
2024,VEGETAÇÃO,C60L63,POINT (-58.960607158999956 -2.679534166999966)
2024,VEGETAÇÃO,C60L63,POINT (-58.85368715899995 -2.536614166999966)
2024,VEGETAÇÃO,C60L63,POINT (-58.963577158999954 -2.517264166999966)
2024,VEGETAÇÃO,C60L63,POINT (-58.80958715899995 -2.5292341669999656)
2024,VEGETAÇÃO,C60L63,POINT (-58.872407158999955 -2.6983441669999655)
2024,VEGETAÇÃO,C60L63,POINT (-58.89922715899995 -2.664504166999966)
2024,VEGETAÇÃO,C60L63,POINT (-58.90876715899995 -2.6764741669999657)
2024,VEGETAÇÃO,C60L63,POINT (-58.915427158999954 -2.590884166999966)
2024,VEGETAÇÃO,C60L63,POINT (-58.93540715899995 -2.5391341669999656)
2024,VEGETAÇÃO,C60L63,POINT (-58.91281715899996 -2.5193341669999656)
2024,VEGETAÇÃO,C60L63,POINT (-58.827857158999954 -2.734344166999966)
2024,VEGETAÇÃO,C60L63,POINT (-58.97941715899995 -2.6978941669999656)
2024,VEGETAÇÃO,C60L63,POINT (-58.916237158999955 -2.6592841669999663)
2024,VEGETAÇÃO,C60L63,POINT (-58.956557158999956 -2.7495541669999657)
2024,VEGETAÇÃO,C60L63,POINT (-58.93153715899995 -2.616714166999966)
2024,VEGETAÇÃO,C60L63,POINT (-58.80058715899995 -2.731014166999966)
2024,VEGETAÇÃO,C60L63,POINT (-58.95277715899995 -2.5051141669999657)
2024,VEGETAÇÃO,C60L63,POINT (-58.906517158999954 -2.576844166999966)
2024,VEGETAÇÃO,C60L63,POINT (-58.81372715899995 -2.6544241669999655)
2024,VEGETAÇÃO,C60L63,POINT (-58.999577158999955 -2.6334541669999663)
2024,VEGETAÇÃO,C60L63,POINT (-58.88446715899995 -2.503044166999966)
2024,VEGETAÇÃO,C60L63,POINT (-58.93684715899995 -2.6824141669999655)
2024,VEGETAÇÃO,C60L63,POINT (-58.92262715899995 -2.6644141669999657)
2024,VEGETAÇÃO,C60L63,POINT (-58.94494715899995 -2.6532541669999663)
2024,VEGETAÇÃO,C60L63,POINT (-58.906787158999954 -2.540934166999966)
2024,VEGETAÇÃO,C60L63,POINT (-58.79617715899995 -2.649744166999966)
2024,VEGETAÇÃO,C60L63,POINT (-58.84927715899995 -2.6790841669999663)
2024,VEGETAÇÃO,C60L63,POINT (-58.87492715899995 -2.745234166999966)
2024,VEGETAÇÃO,C60L63,POINT (-58.775657158999955 -2.6159041669999663)
2024,VEGETAÇÃO,C60L63,POINT (-58.80463715899995 -2.546604166999966)
2024,VEGETAÇÃO,C60L63,POINT (-58.854227158999954 -2.6181541669999655)
2024,VEGETAÇÃO,C60L63,POINT (-58.98490715899995 -2.7022141669999655)
2024,VEGETAÇÃO,C60L63,POINT (-58.83154715899995 -2.713464166999966)
2024,VEGETAÇÃO,C60L63,POINT (-58.78168715899995 -2.6435341669999657)
2024,VEGETAÇÃO,C60L63,POINT (-58.757207158999954 -2.503674166999966)
2024,VEGETAÇÃO,C60L63,POINT (-58.90507715899995 -2.7379441669999665)
2024,VEGETAÇÃO,C60L63,POINT (-58.79140715899995 -2.5375141669999657)
2024,VEGETAÇÃO,C60L63,POINT (-58.942247158999955 -2.551014166999966)
2024,VEGETAÇÃO,C60L63,POINT (-58.96249715899995 -2.5292341669999656)
2024,VEGETAÇÃO,C60L63,POINT (-58.82263715899995 -2.680974166999966)
2024,VEGETAÇÃO,C60L63,POINT (-58.871777158999954 -2.7341641669999657)
2024,VEGETAÇÃO,C60L63,POINT (-58.806347158999955 -2.541024166999966)
2024,VEGETAÇÃO,C60L63,POINT (-58.805717158999954 -2.5946641669999657)
2024,VEGETAÇÃO,C60L63,POINT (-58.89229715899995 -2.623824166999966)
2024,VEGETAÇÃO,C60L63,POINT (-58.880237158999954 -2.732184166999966)
2024,VEGETAÇÃO,C60L63,POINT (-58.82587715899995 -2.585484166999966)
2024,VEGETAÇÃO,C60L63,POINT (-58.84459715899995 -2.5192441669999663)
2024,VEGETAÇÃO,C60L63,POINT (-58.877087158999956 -2.674044166999966)
2024,VEGETAÇÃO,C60L63,POINT (-58.828847158999956 -2.510694166999966)
2024,VEGETAÇÃO,C60L63,POINT (-58.91011715899995 -2.6320141669999657)
2024,VEGETAÇÃO,C60L63,POINT (-58.828487158999955 -2.521674166999966)
2024,VEGETAÇÃO,C60L63,POINT (-58.959797158999955 -2.541474166999966)
2024,VEGETAÇÃO,C60L63,POINT (-58.793297158999955 -2.523384166999966)
2024,VEGETAÇÃO,C60L63,POINT (-58.995617158999956 -2.693664166999966)
2024,VEGETAÇÃO,C60L63,POINT (-58.774757158999954 -2.6192341669999655)
2024,VEGETAÇÃO,C60L63,POINT (-58.97968715899995 -2.538144166999966)
2024,VEGETAÇÃO,C60L63,POINT (-58.806977158999956 -2.600334166999966)
2024,VEGETAÇÃO,C60L63,POINT (-58.862867158999954 -2.6209441669999656)
2024,VEGETAÇÃO,C60L63,POINT (-58.85260715899995 -2.5988941669999663)
2024,VEGETAÇÃO,C60L63,POINT (-58.96636715899995 -2.517354166999966)
2024,VEGETAÇÃO,C60L63,POINT (-58.876907158999956 -2.527254166999966)
2024,VEGETAÇÃO,C60L63,POINT (-58.779977158999955 -2.5215841669999657)
2024,VEGETAÇÃO,C60L63,POINT (-58.76773715899995 -2.6780941669999656)
2024,VEGETAÇÃO,C60L63,POINT (-58.876457158999955 -2.638764166999966)
2024,VEGETAÇÃO,C60L63,POINT (-58.78114715899996 -2.569464166999966)
2024,VEGETAÇÃO,C60L63,POINT (-58.76818715899995 -2.7056341669999657)
2024,VEGETAÇÃO,C60L63,POINT (-58.947107158999955 -2.554704166999966)
2024,VEGETAÇÃO,C60L63,POINT (-58.92613715899995 -2.661354166999966)
2024,VEGETAÇÃO,C60L63,POINT (-58.956287158999956 -2.7337141669999667)
2024,VEGETAÇÃO,C60L63,POINT (-58.81732715899995 -2.718864166999966)
2024,VEGETAÇÃO,C60L63,POINT (-58.907237158999955 -2.7136441669999662)
2024,VEGETAÇÃO,C60L63,POINT (-58.854227158999954 -2.532294166999966)
2024,VEGETAÇÃO,C60L63,POINT (-58.91866715899995 -2.7219241669999663)
2024,VEGETAÇÃO,C60L63,POINT (-58.907687158999956 -2.5972741669999655)
2024,VEGETAÇÃO,C60L63,POINT (-58.96744715899995 -2.5523641669999657)
2024,VEGETAÇÃO,C60L63,POINT (-58.753337158999955 -2.547054166999966)
2024,VEGETAÇÃO,C60L63,POINT (-58.937567158999954 -2.666214166999966)
2024,VEGETAÇÃO,C60L63,POINT (-58.94134715899995 -2.577204166999966)
2024,VEGETAÇÃO,C60L63,POINT (-58.94458715899995 -2.6303941669999658)
2024,VEGETAÇÃO,C60L63,POINT (-58.91920715899995 -2.688264166999966)
2024,VEGETAÇÃO,C60L63,POINT (-58.96951715899995 -2.5296841669999663)
2024,VEGETAÇÃO,C60L63,POINT (-58.84648715899995 -2.527794166999966)
2024,VEGETAÇÃO,C60L63,POINT (-58.81759715899995 -2.692044166999966)
2024,VEGETAÇÃO,C60L63,POINT (-58.995797158999956 -2.716704166999966)
2024,VEGETAÇÃO,C60L63,POINT (-58.862867158999954 -2.696364166999966)
2024,VEGETAÇÃO,C60L63,POINT (-58.90075715899995 -2.536614166999966)
2024,VEGETAÇÃO,C60L63,POINT (-58.94134715899995 -2.7295741669999662)
2024,VEGETAÇÃO,C60L63,POINT (-58.89958715899995 -2.618424166999966)
2024,VEGETAÇÃO,C60L63,POINT (-58.89238715899995 -2.5819741669999656)
2024,VEGETAÇÃO,C60L63,POINT (-58.89121715899995 -2.716164166999966)
2024,VEGETAÇÃO,C60L63,POINT (-58.93027715899996 -2.7055441669999656)
2024,VEGETAÇÃO,C60L63,POINT (-58.97905715899995 -2.5702741669999662)
2024,VEGETAÇÃO,C60L63,POINT (-58.86898715899996 -2.526264166999966)
2024,VEGETAÇÃO,C60L63,POINT (-58.96141715899995 -2.7198541669999656)
2024,VEGETAÇÃO,C60L63,POINT (-58.84792715899995 -2.659554166999966)
2024,VEGETAÇÃO,C60L63,POINT (-58.76926715899995 -2.651454166999966)
2024,VEGETAÇÃO,C60L63,POINT (-58.880687158999955 -2.6928541669999655)
2024,VEGETAÇÃO,C60L63,POINT (-58.87447715899995 -2.5462441669999656)
2024,VEGETAÇÃO,C60L63,POINT (-58.85638715899995 -2.5528141669999656)
2024,VEGETAÇÃO,C60L63,POINT (-58.798337158999956 -2.5495741669999656)
2024,VEGETAÇÃO,C60L63,POINT (-58.924967158999955 -2.586024166999966)
2024,VEGETAÇÃO,C60L63,POINT (-58.898237158999954 -2.685384166999966)
2024,VEGETAÇÃO,C60L63,POINT (-58.84342715899995 -2.621304166999966)
2024,VEGETAÇÃO,C60L63,POINT (-58.915877158999955 -2.6670241669999655)
2024,VEGETAÇÃO,C60L63,POINT (-58.81741715899995 -2.698794166999966)
2024,VEGETAÇÃO,C60L63,POINT (-58.82524715899996 -2.524554166999966)
2024,VEGETAÇÃO,C60L63,POINT (-58.881227158999955 -2.5633441669999657)
2024,VEGETAÇÃO,C60L63,POINT (-58.83586715899995 -2.624544166999966)
2024,VEGETAÇÃO,C60L63,POINT (-58.95907715899995 -2.572344166999966)
2024,VEGETAÇÃO,C60L63,POINT (-58.90390715899996 -2.745234166999966)
2024,VEGETAÇÃO,C60L63,POINT (-58.867547158999955 -2.6098741669999663)
2024,VEGETAÇÃO,C60L63,POINT (-58.946927158999955 -2.6829541669999655)
2024,VEGETAÇÃO,C60L63,POINT (-58.82074715899995 -2.6560441669999655)
2024,VEGETAÇÃO,C60L63,POINT (-58.87033715899995 -2.500794166999966)
2024,VEGETAÇÃO,C60L63,POINT (-58.96636715899995 -2.6390341669999655)
2024,VEGETAÇÃO,C60L63,POINT (-58.950797158999954 -2.6379541669999655)
2024,VEGETAÇÃO,C60L63,POINT (-58.90840715899995 -2.5930441669999658)
2024,VEGETAÇÃO,C60L63,POINT (-58.91722715899995 -2.7027541669999655)
2024,VEGETAÇÃO,C60L63,POINT (-58.973297158999955 -2.6539741669999657)
2024,VEGETAÇÃO,C60L63,POINT (-58.762967158999956 -2.5610041669999655)
2024,VEGETAÇÃO,C60L63,POINT (-58.925057158999955 -2.7040141669999658)
2024,VEGETAÇÃO,C60L63,POINT (-58.87096715899995 -2.526084166999966)
2024,VEGETAÇÃO,C60L63,POINT (-58.99192715899996 -2.626614166999966)
2024,VEGETAÇÃO,C60L63,POINT (-58.96339715899995 -2.5957441669999657)
2024,VEGETAÇÃO,C60L63,POINT (-58.841717158999955 -2.736054166999965)
2024,VEGETAÇÃO,C60L63,POINT (-58.920737158999955 -2.690964166999966)
2024,VEGETAÇÃO,C60L63,POINT (-58.981217158999954 -2.686644166999966)
2024,VEGETAÇÃO,C60L63,POINT (-58.766387158999954 -2.7037441669999662)
2024,VEGETAÇÃO,C60L63,POINT (-58.85701715899995 -2.589984166999966)
2024,VEGETAÇÃO,C60L63,POINT (-58.854407158999955 -2.631744166999966)
2024,VEGETAÇÃO,C60L63,POINT (-58.79932715899995 -2.714544166999966)
2024,VEGETAÇÃO,C60L63,POINT (-58.94872715899995 -2.6687341669999656)
2024,VEGETAÇÃO,C60L63,POINT (-58.981847158999955 -2.6210341669999657)
2024,VEGETAÇÃO,C60L63,POINT (-58.81597715899996 -2.571714166999966)
2024,VEGETAÇÃO,C60L63,POINT (-58.990127158999954 -2.6203141669999663)
2024,VEGETAÇÃO,C60L63,POINT (-58.871687158999954 -2.6644141669999657)
2024,VEGETAÇÃO,C60L63,POINT (-58.96717715899995 -2.5934941669999656)
2024,VEGETAÇÃO,C60L63,POINT (-58.75666715899995 -2.6070841669999663)
2024,VEGETAÇÃO,C60L63,POINT (-58.915967158999955 -2.6203141669999663)
2024,VEGETAÇÃO,C60L63,POINT (-58.99858715899995 -2.7356041669999662)
2024,VEGETAÇÃO,C60L63,POINT (-58.754147158999956 -2.721114166999966)
2024,VEGETAÇÃO,C60L63,POINT (-58.75468715899996 -2.5988941669999663)
2024,VEGETAÇÃO,C60L63,POINT (-58.93486715899995 -2.717244166999966)
2024,VEGETAÇÃO,C60L63,POINT (-58.98013715899995 -2.7347041669999665)
2024,VEGETAÇÃO,C60L63,POINT (-58.83370715899996 -2.6962741669999657)
2024,VEGETAÇÃO,C60L63,POINT (-58.79068715899995 -2.5385041669999655)
2024,VEGETAÇÃO,C60L63,POINT (-58.96564715899996 -2.749644166999966)
2024,VEGETAÇÃO,C60L63,POINT (-58.88860715899995 -2.7120241669999663)
2024,VEGETAÇÃO,C60L63,POINT (-58.97581715899995 -2.6076241669999662)
2024,VEGETAÇÃO,C60L63,POINT (-58.83505715899995 -2.6555941669999656)
2024,VEGETAÇÃO,C60L63,POINT (-58.91695715899995 -2.667834166999966)
2024,VEGETAÇÃO,C60L63,POINT (-58.80274715899995 -2.536524166999966)
2024,VEGETAÇÃO,C60L63,POINT (-58.89040715899995 -2.5264441669999655)
2024,VEGETAÇÃO,C60L63,POINT (-58.76026715899995 -2.7302941669999656)
2024,VEGETAÇÃO,C60L63,POINT (-58.96987715899995 -2.5325641669999657)
2024,VEGETAÇÃO,C60L63,POINT (-58.98373715899996 -2.5781941669999657)
2024,VEGETAÇÃO,C60L63,POINT (-58.82191715899995 -2.728854166999966)
2024,VEGETAÇÃO,C60L63,POINT (-58.78339715899995 -2.6334541669999663)
2024,VEGETAÇÃO,C60L63,POINT (-58.85611715899995 -2.6010541669999663)
2024,VEGETAÇÃO,C60L63,POINT (-58.84279715899996 -2.711934166999966)
2024,VEGETAÇÃO,C60L63,POINT (-58.753877158999956 -2.5044841669999656)
2024,VEGETAÇÃO,C60L63,POINT (-58.837307158999955 -2.628774166999966)
2024,VEGETAÇÃO,C60L63,POINT (-58.90975715899995 -2.6664841669999655)
2024,VEGETAÇÃO,C60L63,POINT (-58.99624715899995 -2.598624166999966)
2024,VEGETAÇÃO,C60L63,POINT (-58.87078715899995 -2.5457941669999657)
2024,VEGETAÇÃO,C60L63,POINT (-58.86961715899995 -2.5099741669999656)
2024,VEGETAÇÃO,C60L63,POINT (-58.96159715899995 -2.6049241669999663)
2024,VEGETAÇÃO,C60L63,POINT (-58.89184715899995 -2.576754166999966)
2024,VEGETAÇÃO,C60L63,POINT (-58.828037158999955 -2.6562241669999658)
2024,VEGETAÇÃO,C60L63,POINT (-58.80895715899995 -2.7427141669999653)
2024,VEGETAÇÃO,C60L63,POINT (-58.92694715899995 -2.727144166999966)
2024,VEGETAÇÃO,C60L63,POINT (-58.788257158999954 -2.731104166999966)
2024,VEGETAÇÃO,C60L63,POINT (-58.910927158999954 -2.6737741669999657)
2024,VEGETAÇÃO,C60L63,POINT (-58.788977158999955 -2.716794166999966)
2024,VEGETAÇÃO,C60L63,POINT (-58.90615715899995 -2.7374941669999657)
2024,VEGETAÇÃO,C60L63,POINT (-58.89625715899995 -2.5637041669999663)
2024,VEGETAÇÃO,C60L63,POINT (-58.84873715899995 -2.6681041669999663)
2024,VEGETAÇÃO,C60L63,POINT (-58.999307158999954 -2.7021241669999663)
2024,VEGETAÇÃO,C60L63,POINT (-58.87483715899995 -2.6999641669999663)
2024,VEGETAÇÃO,C60L63,POINT (-58.83001715899995 -2.618334166999966)
2024,VEGETAÇÃO,C60L63,POINT (-58.792217158999954 -2.6737741669999657)
2024,VEGETAÇÃO,C60L63,POINT (-58.81759715899995 -2.640564166999966)
2024,VEGETAÇÃO,C60L63,POINT (-58.85224715899995 -2.576844166999966)
2024,VEGETAÇÃO,C60L63,POINT (-58.82227715899995 -2.7478441669999665)
2024,VEGETAÇÃO,C60L63,POINT (-58.815257158999955 -2.687094166999966)
2024,VEGETAÇÃO,C60L63,POINT (-58.96645715899995 -2.6752141669999663)
2024,VEGETAÇÃO,C60L63,POINT (-58.84378715899995 -2.6577541669999656)
2024,VEGETAÇÃO,C60L63,POINT (-58.94998715899995 -2.565684166999966)
2024,VEGETAÇÃO,C60L63,POINT (-58.81165715899995 -2.633184166999966)
2024,VEGETAÇÃO,C60L63,POINT (-58.902827158999955 -2.5853041669999657)
2024,VEGETAÇÃO,C60L63,POINT (-58.93189715899995 -2.701404166999966)
2024,VEGETAÇÃO,C60L63,POINT (-58.83937715899995 -2.743254166999966)
2024,VEGETAÇÃO,C60L63,POINT (-58.75162715899995 -2.578824166999966)
2024,VEGETAÇÃO,C60L63,POINT (-58.942787158999955 -2.7437941669999653)
2024,VEGETAÇÃO,C60L63,POINT (-58.84432715899995 -2.691414166999966)
2024,VEGETAÇÃO,C60L63,POINT (-58.792847158999955 -2.510154166999966)
2024,VEGETAÇÃO,C60L63,POINT (-58.93189715899995 -2.6067241669999657)
2024,VEGETAÇÃO,C60L63,POINT (-58.780067158999955 -2.6269741669999656)
2024,VEGETAÇÃO,C60L63,POINT (-58.862687158999954 -2.740464166999965)
2024,VEGETAÇÃO,C60L63,POINT (-58.87357715899995 -2.726154166999966)
2024,VEGETAÇÃO,C60L63,POINT (-58.79851715899996 -2.649204166999966)
2024,VEGETAÇÃO,C60L63,POINT (-58.89733715899995 -2.600874166999966)
2024,VEGETAÇÃO,C60L63,POINT (-58.86997715899995 -2.535534166999966)
2024,VEGETAÇÃO,C60L63,POINT (-58.762247158999955 -2.717334166999966)
2024,VEGETAÇÃO,C60L63,POINT (-58.850087158999955 -2.702394166999966)
2024,VEGETAÇÃO,C60L63,POINT (-58.810307158999954 -2.5375141669999657)
2024,VEGETAÇÃO,C60L63,POINT (-58.75648715899995 -2.621664166999966)
2024,VEGETAÇÃO,C60L63,POINT (-58.850987158999956 -2.5840441669999663)
2024,VEGETAÇÃO,C60L63,POINT (-58.828667158999956 -2.6676541669999656)
2024,VEGETAÇÃO,C60L63,POINT (-58.92289715899995 -2.569014166999966)
2024,VEGETAÇÃO,C60L63,POINT (-58.86016715899996 -2.672874166999966)
2024,VEGETAÇÃO,C60L63,POINT (-58.75603715899995 -2.6438941669999663)
2024,VEGETAÇÃO,C60L63,POINT (-58.92667715899995 -2.538144166999966)
2024,VEGETAÇÃO,C60L63,POINT (-58.757747158999955 -2.7219241669999663)
2024,VEGETAÇÃO,C60L63,POINT (-58.929197158999955 -2.735334166999966)
2024,VEGETAÇÃO,C60L63,POINT (-58.91371715899995 -2.5610941669999656)
2024,VEGETAÇÃO,C60L63,POINT (-58.912457158999956 -2.691414166999966)
2024,VEGETAÇÃO,C60L63,POINT (-58.859267158999955 -2.6609941669999655)
2024,VEGETAÇÃO,C60L63,POINT (-58.97005715899995 -2.505204166999966)
2024,VEGETAÇÃO,C60L63,POINT (-58.79194715899995 -2.6298541669999658)
2024,VEGETAÇÃO,C60L63,POINT (-58.90147715899995 -2.650914166999966)
2024,VEGETAÇÃO,C60L63,POINT (-58.81624715899996 -2.6633341669999657)
2024,VEGETAÇÃO,C60L63,POINT (-58.93045715899996 -2.630124166999966)
2024,VEGETAÇÃO,C60L63,POINT (-58.906877158999954 -2.700414166999966)
2024,VEGETAÇÃO,C60L63,POINT (-58.78636715899995 -2.6972641669999655)
2024,VEGETAÇÃO,C60L63,POINT (-58.82650715899995 -2.5660441669999656)
2024,VEGETAÇÃO,C60L63,POINT (-58.915337158999954 -2.7022141669999655)
2024,VEGETAÇÃO,C60L63,POINT (-58.93117715899995 -2.5950241669999663)
2024,VEGETAÇÃO,C60L63,POINT (-58.815887158999956 -2.528964166999966)
2024,VEGETAÇÃO,C60L63,POINT (-58.83154715899995 -2.5016041669999662)
2024,VEGETAÇÃO,C60L63,POINT (-58.86025715899996 -2.5780141669999663)
2024,VEGETAÇÃO,C60L63,POINT (-58.91434715899995 -2.610684166999966)
2024,VEGETAÇÃO,C60L63,POINT (-58.903367158999956 -2.5374241669999655)
2024,VEGETAÇÃO,C60L63,POINT (-58.89553715899996 -2.736684166999966)
2024,VEGETAÇÃO,C60L63,POINT (-58.920107158999954 -2.6941141669999658)
2024,VEGETAÇÃO,C60L63,POINT (-58.907237158999955 -2.542104166999966)
2024,VEGETAÇÃO,C60L63,POINT (-58.820027158999956 -2.6438941669999663)
2024,VEGETAÇÃO,C60L63,POINT (-58.86952715899995 -2.6473141669999656)
2024,VEGETAÇÃO,C60L63,POINT (-58.86070715899996 -2.625534166999966)
2024,VEGETAÇÃO,C60L63,POINT (-58.921007158999956 -2.736054166999965)
2024,VEGETAÇÃO,C60L63,POINT (-58.858457158999954 -2.515644166999966)
2024,VEGETAÇÃO,C60L63,POINT (-58.90849715899995 -2.607984166999966)
2024,VEGETAÇÃO,C60L63,POINT (-58.87519715899995 -2.7279541669999663)
2024,VEGETAÇÃO,C60L63,POINT (-58.950437158999954 -2.571714166999966)
2024,VEGETAÇÃO,C60L63,POINT (-58.990757158999955 -2.6071741669999655)
2024,VEGETAÇÃO,C60L63,POINT (-58.89562715899996 -2.631744166999966)
2024,VEGETAÇÃO,C60L63,POINT (-58.80931715899995 -2.6567641669999658)
2024,VEGETAÇÃO,C60L63,POINT (-58.91722715899995 -2.722374166999966)
2024,VEGETAÇÃO,C60L63,POINT (-58.950887158999954 -2.5357141669999663)
2024,VEGETAÇÃO,C60L63,POINT (-58.82488715899996 -2.6862841669999655)
2024,VEGETAÇÃO,C60L63,POINT (-58.986797158999956 -2.670084166999966)
2024,VEGETAÇÃO,C60L63,POINT (-58.87519715899995 -2.6164441669999663)
2024,VEGETAÇÃO,C60L63,POINT (-58.80517715899995 -2.543184166999966)
2024,VEGETAÇÃO,C60L63,POINT (-58.84675715899995 -2.7356941669999664)
2024,VEGETAÇÃO,C60L63,POINT (-58.93108715899995 -2.713014166999966)
2024,VEGETAÇÃO,C60L63,POINT (-58.890317158999956 -2.655144166999966)
2024,VEGETAÇÃO,C60L63,POINT (-58.83100715899995 -2.745954166999965)
2024,VEGETAÇÃO,C60L63,POINT (-58.85719715899995 -2.573424166999966)
2024,VEGETAÇÃO,C60L63,POINT (-58.76980715899995 -2.643084166999966)
2024,VEGETAÇÃO,C60L63,POINT (-58.797887158999956 -2.527704166999966)
2024,VEGETAÇÃO,C60L63,POINT (-58.824707158999956 -2.610324166999966)
2024,VEGETAÇÃO,C60L63,POINT (-58.80049715899995 -2.566224166999966)
2024,VEGETAÇÃO,C60L63,POINT (-58.824347158999956 -2.733174166999966)
2024,VEGETAÇÃO,C60L63,POINT (-58.859717158999956 -2.7492841669999653)
2024,VEGETAÇÃO,C60L63,POINT (-58.77745715899995 -2.5378741669999663)
2024,VEGETAÇÃO,C60L63,POINT (-58.924787158999955 -2.7104941669999656)
2024,VEGETAÇÃO,C60L63,POINT (-58.86907715899996 -2.7361441669999653)
2024,VEGETAÇÃO,C60L63,POINT (-58.82668715899995 -2.5115941669999655)
2024,VEGETAÇÃO,C60L63,POINT (-58.859447158999956 -2.6600041669999657)
2024,VEGETAÇÃO,C60L63,POINT (-58.990757158999955 -2.678904166999966)
2024,VEGETAÇÃO,C60L63,POINT (-58.76467715899995 -2.5430041669999657)
2024,VEGETAÇÃO,C60L63,POINT (-58.876187158999954 -2.543184166999966)
2024,VEGETAÇÃO,C60L63,POINT (-58.84792715899995 -2.583324166999966)
2024,VEGETAÇÃO,C60L63,POINT (-58.84000715899995 -2.704824166999966)
2024,VEGETAÇÃO,C60L63,POINT (-58.89616715899995 -2.611854166999966)
2024,VEGETAÇÃO,C60L63,POINT (-58.85674715899995 -2.5691941669999663)
2024,VEGETAÇÃO,C60L63,POINT (-58.99354715899995 -2.7379441669999665)
2024,VEGETAÇÃO,C60L63,POINT (-58.863407158999955 -2.5847641669999657)
2024,VEGETAÇÃO,C60L63,POINT (-58.995347158999955 -2.7395641669999655)
2024,VEGETAÇÃO,C60L63,POINT (-58.86484715899995 -2.718864166999966)
2024,VEGETAÇÃO,C60L63,POINT (-58.977887158999955 -2.727684166999966)
2024,VEGETAÇÃO,C60L63,POINT (-58.83451715899995 -2.502054166999966)
2024,VEGETAÇÃO,C60L63,POINT (-58.76080715899995 -2.723364166999966)
2024,VEGETAÇÃO,C60L63,POINT (-58.877357158999956 -2.661354166999966)
2024,VEGETAÇÃO,C60L63,POINT (-58.91776715899995 -2.5787341669999657)
2024,VEGETAÇÃO,C60L63,POINT (-58.841267158999955 -2.697084166999966)
2024,VEGETAÇÃO,C60L63,POINT (-58.87474715899995 -2.568924166999966)
2024,VEGETAÇÃO,C60L63,POINT (-58.86646715899995 -2.6489341669999655)
2024,VEGETAÇÃO,C60L63,POINT (-58.94782715899996 -2.6050141669999656)
2024,VEGETAÇÃO,C60L63,POINT (-58.90138715899995 -2.567304166999966)
2024,VEGETAÇÃO,C60L63,POINT (-58.754327158999956 -2.548224166999966)
2024,VEGETAÇÃO,C60L63,POINT (-58.784477158999955 -2.5671241669999656)
2024,VEGETAÇÃO,C60L63,POINT (-58.754057158999956 -2.5324741669999655)
2024,VEGETAÇÃO,C60L63,POINT (-58.94962715899995 -2.617884166999966)
2024,VEGETAÇÃO,C60L63,POINT (-58.90849715899995 -2.728854166999966)
2024,VEGETAÇÃO,C60L63,POINT (-58.854137158999954 -2.7499141669999663)
2024,VEGETAÇÃO,C60L63,POINT (-58.88302715899995 -2.6562241669999658)
2024,VEGETAÇÃO,C60L63,POINT (-58.84369715899995 -2.645514166999966)
2024,VEGETAÇÃO,C60L63,POINT (-58.894547158999956 -2.544264166999966)
2024,VEGETAÇÃO,C60L63,POINT (-58.833077158999956 -2.532294166999966)
2024,VEGETAÇÃO,C60L63,POINT (-58.88329715899995 -2.5665841669999656)
2024,VEGETAÇÃO,C60L63,POINT (-58.761527158999954 -2.7070741669999663)
2024,VEGETAÇÃO,C60L63,POINT (-58.91731715899995 -2.707884166999966)
2024,VEGETAÇÃO,C60L63,POINT (-58.83388715899996 -2.5214041669999663)
2024,VEGETAÇÃO,C60L63,POINT (-58.859627158999956 -2.578824166999966)
2024,VEGETAÇÃO,C60L63,POINT (-58.85674715899995 -2.5121341669999655)
2024,VEGETAÇÃO,C60L63,POINT (-58.93243715899995 -2.7016741669999655)
2024,VEGETAÇÃO,C60L63,POINT (-58.78330715899995 -2.538864166999966)
2024,VEGETAÇÃO,C60L63,POINT (-58.98967715899995 -2.733804166999965)
2024,VEGETAÇÃO,C60L63,POINT (-58.82902715899995 -2.511954166999966)
2024,VEGETAÇÃO,C60L63,POINT (-58.924157158999954 -2.621754166999966)
2024,VEGETAÇÃO,C60L63,POINT (-58.76080715899995 -2.5719841669999663)
2024,VEGETAÇÃO,C60L63,POINT (-58.93594715899995 -2.681064166999966)
2024,VEGETAÇÃO,C60L63,POINT (-58.827947158999955 -2.662884166999966)
2024,VEGETAÇÃO,C60L63,POINT (-58.91731715899995 -2.5309441669999657)
2024,VEGETAÇÃO,C60L63,POINT (-58.75648715899995 -2.6285941669999655)
2024,VEGETAÇÃO,C60L63,POINT (-58.871867158999954 -2.652084166999966)
2024,VEGETAÇÃO,C60L63,POINT (-58.899047158999956 -2.624634166999966)
2024,VEGETAÇÃO,C60L63,POINT (-58.985627158999954 -2.730384166999966)
2024,VEGETAÇÃO,C60L63,POINT (-58.82623715899995 -2.7340741669999655)
2024,VEGETAÇÃO,C60L63,POINT (-58.845497158999954 -2.556414166999966)
2024,VEGETAÇÃO,C60L63,POINT (-58.98976715899995 -2.559744166999966)
2024,VEGETAÇÃO,C60L63,POINT (-58.86880715899996 -2.601504166999966)
2024,VEGETAÇÃO,C60L63,POINT (-58.849727158999954 -2.6900641669999663)
2024,VEGETAÇÃO,C60L63,POINT (-58.75009715899995 -2.615094166999966)
2024,VEGETAÇÃO,C60L63,POINT (-58.98472715899995 -2.5994341669999663)
2024,VEGETAÇÃO,C60L63,POINT (-58.76116715899995 -2.613024166999966)
2024,VEGETAÇÃO,C60L63,POINT (-58.82137715899995 -2.736594166999966)
2024,VEGETAÇÃO,C60L63,POINT (-58.92388715899995 -2.681064166999966)
2024,VEGETAÇÃO,C60L63,POINT (-58.90930715899995 -2.537154166999966)
2024,VEGETAÇÃO,C60L63,POINT (-58.951067158999955 -2.504664166999966)
2024,VEGETAÇÃO,C60L63,POINT (-58.82020715899995 -2.5408441669999657)
2024,VEGETAÇÃO,C60L63,POINT (-58.850807158999956 -2.516724166999966)
2024,VEGETAÇÃO,C60L63,POINT (-58.779077158999954 -2.655864166999966)
2024,VEGETAÇÃO,C60L63,POINT (-58.823537158999954 -2.671164166999966)
2024,VEGETAÇÃO,C60L63,POINT (-58.89670715899995 -2.5907041669999655)
2024,VEGETAÇÃO,C60L63,POINT (-58.77322715899995 -2.621754166999966)
2024,VEGETAÇÃO,C60L63,POINT (-58.915247158999954 -2.749644166999966)
2024,VEGETAÇÃO,C60L63,POINT (-58.80472715899995 -2.6197741669999663)
2024,VEGETAÇÃO,C60L63,POINT (-58.920647158999955 -2.652534166999966)
2024,VEGETAÇÃO,C60L63,POINT (-58.91731715899995 -2.5461541669999663)
2024,VEGETAÇÃO,C60L63,POINT (-58.946117158999954 -2.7436141669999667)
2024,VEGETAÇÃO,C60L63,POINT (-58.85674715899995 -2.582874166999966)
2024,VEGETAÇÃO,C60L63,POINT (-58.915877158999955 -2.6812441669999663)
2024,VEGETAÇÃO,C60L63,POINT (-58.79401715899995 -2.526264166999966)
2024,VEGETAÇÃO,C60L63,POINT (-58.89697715899995 -2.680074166999966)
2024,VEGETAÇÃO,C60L63,POINT (-58.822997158999954 -2.564064166999966)
2024,VEGETAÇÃO,C60L63,POINT (-58.886087158999956 -2.7275041669999656)
2024,VEGETAÇÃO,C60L63,POINT (-58.90849715899995 -2.549844166999966)
2024,VEGETAÇÃO,C60L63,POINT (-58.964747158999955 -2.6028541669999656)
2024,VEGETAÇÃO,C60L63,POINT (-58.99336715899995 -2.669544166999966)
2024,VEGETAÇÃO,C60L63,POINT (-58.899137158999956 -2.532204166999966)
2024,VEGETAÇÃO,C60L63,POINT (-58.77880715899995 -2.5913341669999657)
2024,VEGETAÇÃO,C60L63,POINT (-58.87870715899995 -2.5940341669999656)
2024,VEGETAÇÃO,C60L63,POINT (-58.950527158999954 -2.666124166999966)
2024,VEGETAÇÃO,C60L63,POINT (-58.94332715899995 -2.5187041669999655)
2024,VEGETAÇÃO,C60L63,POINT (-58.823717158999955 -2.7142741669999655)
2024,VEGETAÇÃO,C60L63,POINT (-58.854587158999955 -2.696994166999966)
2024,VEGETAÇÃO,C60L63,POINT (-58.92379715899995 -2.609064166999966)
2024,VEGETAÇÃO,C60L63,POINT (-58.96636715899995 -2.6440741669999657)
2024,VEGETAÇÃO,C60L63,POINT (-58.90408715899996 -2.7400141669999662)
2024,VEGETAÇÃO,C60L63,POINT (-58.76764715899995 -2.692494166999966)
2024,VEGETAÇÃO,C60L63,POINT (-58.960607158999956 -2.500434166999966)
2024,VEGETAÇÃO,C60L63,POINT (-58.94467715899995 -2.7203941669999656)
2024,VEGETAÇÃO,C60L63,POINT (-58.88257715899995 -2.701404166999966)
2024,VEGETAÇÃO,C60L63,POINT (-58.850177158999955 -2.676204166999966)
2024,VEGETAÇÃO,C60L63,POINT (-58.95700715899996 -2.687544166999966)
2024,VEGETAÇÃO,C60L63,POINT (-58.93099715899996 -2.624544166999966)
2024,VEGETAÇÃO,C60L63,POINT (-58.889417158999954 -2.522394166999966)
2024,VEGETAÇÃO,C60L63,POINT (-58.889147158999954 -2.561454166999966)
2024,VEGETAÇÃO,C60L63,POINT (-58.84738715899995 -2.7265141669999657)
2024,VEGETAÇÃO,C60L63,POINT (-58.75477715899996 -2.662344166999966)
2024,VEGETAÇÃO,C60L63,POINT (-58.806077158999955 -2.509164166999966)
2024,VEGETAÇÃO,C60L63,POINT (-58.828397158999955 -2.7197641669999655)
2024,VEGETAÇÃO,C60L63,POINT (-58.76935715899995 -2.5341841669999656)
2024,VEGETAÇÃO,C60L63,POINT (-58.907417158999955 -2.587284166999966)
2024,VEGETAÇÃO,C60L63,POINT (-58.98328715899996 -2.739924166999966)
2024,VEGETAÇÃO,C60L63,POINT (-58.81156715899995 -2.515284166999966)
2024,VEGETAÇÃO,C60L63,POINT (-58.86457715899995 -2.693844166999966)
2024,VEGETAÇÃO,C60L63,POINT (-58.86898715899996 -2.676024166999966)
2024,VEGETAÇÃO,C60L63,POINT (-58.82497715899996 -2.5176241669999655)
2024,VEGETAÇÃO,C60L63,POINT (-58.999847158999955 -2.5120441669999662)
2024,VEGETAÇÃO,C60L63,POINT (-58.90462715899996 -2.613474166999966)
2024,VEGETAÇÃO,C60L63,POINT (-58.75252715899995 -2.718954166999966)
2024,VEGETAÇÃO,C60L63,POINT (-58.77286715899995 -2.5507441669999658)
2024,VEGETAÇÃO,C60L63,POINT (-58.76926715899995 -2.6726041669999656)
2024,VEGETAÇÃO,C60L63,POINT (-58.90975715899995 -2.7372241669999653)
2024,VEGETAÇÃO,C60L63,POINT (-58.76008715899995 -2.7434341669999665)
2024,VEGETAÇÃO,C60L63,POINT (-58.97077715899995 -2.7461341669999655)
2024,VEGETAÇÃO,C60L63,POINT (-58.78258715899995 -2.557494166999966)
2024,VEGETAÇÃO,C60L63,POINT (-58.88293715899995 -2.6209441669999656)
2024,VEGETAÇÃO,C60L63,POINT (-58.938917158999956 -2.560824166999966)
2024,VEGETAÇÃO,C60L63,POINT (-58.89994715899995 -2.683224166999966)
2024,VEGETAÇÃO,C60L63,POINT (-58.80382715899995 -2.6132941669999656)
2024,VEGETAÇÃO,C60L63,POINT (-58.775027158999954 -2.691954166999966)
2024,VEGETAÇÃO,C60L63,POINT (-58.81696715899995 -2.5923241669999655)
2024,VEGETAÇÃO,C60L63,POINT (-58.95277715899995 -2.644164166999966)
2024,VEGETAÇÃO,C60L63,POINT (-58.802027158999955 -2.500884166999966)
2024,VEGETAÇÃO,C60L63,POINT (-58.919657158999954 -2.513124166999966)
2024,VEGETAÇÃO,C60L63,POINT (-58.907597158999955 -2.6664841669999655)
2024,VEGETAÇÃO,C60L63,POINT (-58.938737158999956 -2.632824166999966)
2024,VEGETAÇÃO,C60L63,POINT (-58.841987158999956 -2.6209441669999656)
2024,VEGETAÇÃO,C60L63,POINT (-58.87951715899995 -2.515194166999966)
2024,VEGETAÇÃO,C60L63,POINT (-58.770437158999954 -2.636694166999966)
2024,VEGETAÇÃO,C60L63,POINT (-58.976987158999954 -2.673414166999966)
2024,VEGETAÇÃO,C60L63,POINT (-58.990307158999954 -2.699334166999966)
2024,VEGETAÇÃO,C60L63,POINT (-58.752707158999954 -2.726064166999966)
2024,VEGETAÇÃO,C60L63,POINT (-58.76449715899995 -2.605374166999966)
2024,VEGETAÇÃO,C60L63,POINT (-58.76953715899995 -2.5852141669999655)
2024,VEGETAÇÃO,C60L63,POINT (-58.761617158999954 -2.703564166999966)
2024,VEGETAÇÃO,C60L63,POINT (-58.894097158999955 -2.729844166999966)
2024,VEGETAÇÃO,C60L63,POINT (-58.911827158999955 -2.7104941669999656)
2024,VEGETAÇÃO,C60L63,POINT (-58.82614715899995 -2.6698141669999655)
2024,VEGETAÇÃO,C60L63,POINT (-58.960607158999956 -2.574414166999966)
2024,VEGETAÇÃO,C60L63,POINT (-58.76053715899995 -2.543184166999966)
2024,VEGETAÇÃO,C60L63,POINT (-58.90426715899996 -2.5132141669999655)
2024,VEGETAÇÃO,C60L63,POINT (-58.79194715899995 -2.5996141669999657)
2024,VEGETAÇÃO,C60L63,POINT (-58.832357158999955 -2.7166141669999657)
2024,VEGETAÇÃO,C60L63,POINT (-58.902197158999954 -2.5979941669999658)
2024,VEGETAÇÃO,C60L63,POINT (-58.780157158999955 -2.5944841669999663)
2024,VEGETAÇÃO,C60L63,POINT (-58.831907158999954 -2.6220241669999655)
2024,VEGETAÇÃO,C60L63,POINT (-58.97095715899995 -2.680074166999966)
2024,VEGETAÇÃO,C60L63,POINT (-58.96645715899995 -2.6044741669999656)
2024,VEGETAÇÃO,C60L63,POINT (-58.93693715899995 -2.7126541669999655)
2024,VEGETAÇÃO,C60L63,POINT (-58.90183715899995 -2.694744166999966)
2024,VEGETAÇÃO,C60L63,POINT (-58.924427158999954 -2.5407541669999656)
2024,VEGETAÇÃO,C60L63,POINT (-58.94071715899995 -2.5996141669999657)
2024,VEGETAÇÃO,C60L63,POINT (-58.91677715899995 -2.6044741669999656)
2024,VEGETAÇÃO,C60L63,POINT (-58.93567715899995 -2.6544241669999655)
2024,VEGETAÇÃO,C60L63,POINT (-58.93027715899996 -2.5051141669999657)
2024,VEGETAÇÃO,C60L63,POINT (-58.947557158999956 -2.6494741669999655)
2024,VEGETAÇÃO,C60L63,POINT (-58.81786715899995 -2.6474041669999657)
2024,VEGETAÇÃO,C60L63,POINT (-58.973477158999955 -2.690964166999966)
2024,VEGETAÇÃO,C60L63,POINT (-58.86889715899996 -2.510874166999966)
2024,VEGETAÇÃO,C60L63,POINT (-58.77322715899995 -2.6236441669999655)
2024,VEGETAÇÃO,C60L63,POINT (-58.93162715899995 -2.563614166999966)
2024,VEGETAÇÃO,C60L63,POINT (-58.850807158999956 -2.6110441669999656)
2024,VEGETAÇÃO,C60L63,POINT (-58.94908715899995 -2.575584166999966)
2024,VEGETAÇÃO,C60L63,POINT (-58.95295715899995 -2.6880841669999658)
2024,VEGETAÇÃO,C60L63,POINT (-58.91677715899995 -2.576214166999966)
2024,VEGETAÇÃO,C60L63,POINT (-58.85188715899996 -2.620584166999966)
2024,VEGETAÇÃO,C60L63,POINT (-58.79392715899995 -2.6506441669999656)
2024,VEGETAÇÃO,C60L63,POINT (-58.94440715899995 -2.5243741669999658)
2024,VEGETAÇÃO,C60L63,POINT (-58.80823715899995 -2.5169941669999663)
2024,VEGETAÇÃO,C60L63,POINT (-58.82038715899995 -2.6483041669999663)
2024,VEGETAÇÃO,C60L63,POINT (-58.77340715899995 -2.5417441669999663)
2024,VEGETAÇÃO,C60L63,POINT (-58.75918715899995 -2.6422741669999663)
2024,VEGETAÇÃO,C60L63,POINT (-58.86871715899996 -2.5474141669999657)
2024,VEGETAÇÃO,C60L63,POINT (-58.85647715899995 -2.728764166999966)
2024,VEGETAÇÃO,C60L63,POINT (-58.78708715899995 -2.5221241669999657)
2024,VEGETAÇÃO,C60L63,POINT (-58.89112715899995 -2.5126741669999655)
2024,VEGETAÇÃO,C60L63,POINT (-58.85143715899996 -2.7210241669999657)
2024,VEGETAÇÃO,C60L63,POINT (-58.77277715899996 -2.714634166999966)
2024,VEGETAÇÃO,C60L63,POINT (-58.88365715899995 -2.636154166999966)
2024,VEGETAÇÃO,C60L63,POINT (-58.824707158999956 -2.627154166999966)
2024,VEGETAÇÃO,C60L63,POINT (-58.837487158999956 -2.6857441669999655)
2024,VEGETAÇÃO,C60L63,POINT (-58.89508715899996 -2.648034166999966)
2024,VEGETAÇÃO,C60L63,POINT (-58.87501715899995 -2.5555141669999655)
2024,VEGETAÇÃO,C60L63,POINT (-58.76350715899996 -2.5661341669999658)
2024,VEGETAÇÃO,C60L63,POINT (-58.867007158999954 -2.5995241669999656)
2024,VEGETAÇÃO,C60L63,POINT (-58.81327715899995 -2.540034166999966)
2024,VEGETAÇÃO,C60L63,POINT (-58.761437158999954 -2.510154166999966)
2024,VEGETAÇÃO,C60L63,POINT (-58.871507158999954 -2.682864166999966)
2024,VEGETAÇÃO,C60L63,POINT (-58.95718715899996 -2.5363441669999656)
2024,VEGETAÇÃO,C60L63,POINT (-58.963667158999954 -2.735334166999966)
2024,VEGETAÇÃO,C60L63,POINT (-58.894907158999956 -2.5830541669999656)
2024,VEGETAÇÃO,C60L63,POINT (-58.88293715899995 -2.574594166999966)
2024,VEGETAÇÃO,C60L63,POINT (-58.798247158999956 -2.626794166999966)
2024,VEGETAÇÃO,C60L63,POINT (-58.876097158999954 -2.745864166999965)
2024,VEGETAÇÃO,C60L63,POINT (-58.991567158999956 -2.7185941669999663)
2024,VEGETAÇÃO,C60L63,POINT (-58.837127158999955 -2.6523541669999657)
2024,VEGETAÇÃO,C60L63,POINT (-58.766657158999955 -2.682054166999966)
2024,VEGETAÇÃO,C60L63,POINT (-58.87078715899995 -2.5966441669999663)
2024,VEGETAÇÃO,C60L63,POINT (-58.90021715899995 -2.681604166999966)
2024,VEGETAÇÃO,C60L63,POINT (-58.82623715899995 -2.591424166999966)
2024,VEGETAÇÃO,C60L63,POINT (-58.87042715899995 -2.6089741669999658)
2024,VEGETAÇÃO,C60L63,POINT (-58.99723715899995 -2.5941241669999657)
2024,VEGETAÇÃO,C60L63,POINT (-58.84684715899995 -2.637774166999966)
2024,VEGETAÇÃO,C60L63,POINT (-58.850357158999955 -2.548764166999966)
2024,VEGETAÇÃO,C60L63,POINT (-58.93522715899995 -2.577294166999966)
2024,VEGETAÇÃO,C60L63,POINT (-58.796717158999954 -2.744784166999965)
2024,VEGETAÇÃO,C60L63,POINT (-58.97446715899996 -2.691954166999966)
2024,VEGETAÇÃO,C60L63,POINT (-58.796987158999954 -2.501424166999966)
2024,VEGETAÇÃO,C60L63,POINT (-58.98895715899995 -2.5089841669999657)
2024,VEGETAÇÃO,C60L63,POINT (-58.990127158999954 -2.6785441669999663)
2024,VEGETAÇÃO,C60L63,POINT (-58.767107158999956 -2.6125741669999663)
2024,VEGETAÇÃO,C60L63,POINT (-58.893467158999954 -2.500344166999966)
2024,VEGETAÇÃO,C60L63,POINT (-58.80787715899996 -2.617434166999966)
2024,VEGETAÇÃO,C60L63,POINT (-58.92739715899995 -2.7423541669999665)
2024,VEGETAÇÃO,C60L63,POINT (-58.79608715899995 -2.6483941669999655)
2024,VEGETAÇÃO,C60L63,POINT (-58.801307158999954 -2.5247341669999663)
2024,VEGETAÇÃO,C60L63,POINT (-58.80850715899995 -2.557044166999966)
2024,VEGETAÇÃO,C60L63,POINT (-58.79086715899995 -2.572344166999966)
2024,VEGETAÇÃO,C60L63,POINT (-58.91704715899995 -2.7319141669999656)
2024,VEGETAÇÃO,C60L63,POINT (-58.82074715899995 -2.640474166999966)
2024,VEGETAÇÃO,C60L63,POINT (-58.753427158999955 -2.5691941669999663)
2024,VEGETAÇÃO,C60L63,POINT (-58.84315715899995 -2.5637941669999655)
2024,VEGETAÇÃO,C60L63,POINT (-58.845857158999955 -2.7279541669999663)
2024,VEGETAÇÃO,C60L63,POINT (-58.84891715899995 -2.621214166999966)
2024,VEGETAÇÃO,C60L63,POINT (-58.98886715899995 -2.7050941669999657)
2024,VEGETAÇÃO,C60L63,POINT (-58.89301715899995 -2.5702741669999662)
2024,VEGETAÇÃO,C60L63,POINT (-58.824077158999955 -2.620134166999966)
2024,VEGETAÇÃO,C60L63,POINT (-58.95250715899995 -2.7368641669999665)
2024,VEGETAÇÃO,C60L63,POINT (-58.92280715899995 -2.729394166999966)
2024,VEGETAÇÃO,C60L63,POINT (-58.798247158999956 -2.616264166999966)
2024,VEGETAÇÃO,C60L63,POINT (-58.823447158999954 -2.6488441669999663)
2024,VEGETAÇÃO,C60L63,POINT (-58.920917158999956 -2.5007041669999657)
2024,VEGETAÇÃO,C60L63,POINT (-58.991477158999956 -2.557494166999966)
2024,VEGETAÇÃO,C60L63,POINT (-58.91272715899996 -2.6631541669999663)
2024,VEGETAÇÃO,C60L63,POINT (-58.758017158999955 -2.5232041669999656)
2024,VEGETAÇÃO,C60L63,POINT (-58.753157158999954 -2.6506441669999656)
2024,VEGETAÇÃO,C60L63,POINT (-58.93648715899995 -2.699784166999966)
2024,VEGETAÇÃO,C60L63,POINT (-58.80850715899995 -2.6449741669999662)
2024,VEGETAÇÃO,C60L63,POINT (-58.75243715899995 -2.6593741669999655)
2024,VEGETAÇÃO,C60L63,POINT (-58.82254715899995 -2.7137341669999655)
2024,VEGETAÇÃO,C60L63,POINT (-58.94341715899995 -2.509164166999966)
2024,VEGETAÇÃO,C60L63,POINT (-58.77367715899995 -2.713464166999966)
2024,VEGETAÇÃO,C60L63,POINT (-58.90561715899995 -2.6659441669999655)
2024,VEGETAÇÃO,C60L63,POINT (-58.86214715899995 -2.5318441669999663)
2024,VEGETAÇÃO,C60L63,POINT (-58.810217158999954 -2.630034166999966)
2024,VEGETAÇÃO,C60L63,POINT (-58.868537158999956 -2.5021441669999662)
2024,VEGETAÇÃO,C60L63,POINT (-58.97563715899995 -2.532294166999966)
2024,VEGETAÇÃO,C60L63,POINT (-58.833437158999956 -2.5873741669999655)
2024,VEGETAÇÃO,C60L63,POINT (-58.78159715899996 -2.5286041669999655)
2024,VEGETAÇÃO,C60L63,POINT (-58.881497158999956 -2.7281341669999657)
2024,VEGETAÇÃO,C60L63,POINT (-58.80373715899995 -2.744154166999966)
2024,VEGETAÇÃO,C60L63,POINT (-58.95232715899995 -2.516274166999966)
2024,VEGETAÇÃO,C60L63,POINT (-58.84918715899995 -2.679534166999966)
2024,VEGETAÇÃO,C60L63,POINT (-58.92802715899995 -2.511864166999966)
2024,VEGETAÇÃO,C60L63,POINT (-58.77430715899995 -2.712294166999966)
2024,VEGETAÇÃO,C60L63,POINT (-58.827857158999954 -2.6995141669999656)
2024,VEGETAÇÃO,C60L63,POINT (-58.97581715899995 -2.628864166999966)
2024,VEGETAÇÃO,C60L63,POINT (-58.78699715899995 -2.6094241669999656)
2024,VEGETAÇÃO,C60L63,POINT (-58.93513715899995 -2.6105041669999656)
2024,VEGETAÇÃO,C60L63,POINT (-58.98715715899995 -2.618874166999966)
2024,VEGETAÇÃO,C60L63,POINT (-58.84693715899995 -2.583324166999966)
2024,VEGETAÇÃO,C60L63,POINT (-58.981847158999955 -2.7396541669999657)
2024,VEGETAÇÃO,C60L63,POINT (-58.90192715899995 -2.629404166999966)
2024,VEGETAÇÃO,C60L63,POINT (-58.854677158999955 -2.505834166999966)
2024,VEGETAÇÃO,C60L63,POINT (-58.84387715899995 -2.696454166999966)
2024,VEGETAÇÃO,C60L63,POINT (-58.840817158999954 -2.6562241669999658)
2024,VEGETAÇÃO,C60L63,POINT (-58.86196715899995 -2.7381241669999667)
2024,VEGETAÇÃO,C60L63,POINT (-58.95826715899995 -2.5826041669999658)
2024,VEGETAÇÃO,C60L63,POINT (-58.92838715899995 -2.6664841669999655)
2024,VEGETAÇÃO,C60L63,POINT (-58.89922715899995 -2.6774641669999655)
2024,VEGETAÇÃO,C60L63,POINT (-58.784657158999956 -2.571084166999966)
2024,VEGETAÇÃO,C60L63,POINT (-58.907417158999955 -2.590884166999966)
2024,VEGETAÇÃO,C60L63,POINT (-58.95826715899995 -2.7330841669999657)
2024,VEGETAÇÃO,C60L63,POINT (-58.81651715899996 -2.526084166999966)
2024,VEGETAÇÃO,C60L63,POINT (-58.86088715899995 -2.507544166999966)
2024,VEGETAÇÃO,C60L63,POINT (-58.94422715899995 -2.743164166999966)
2024,VEGETAÇÃO,C60L63,POINT (-58.99399715899995 -2.570544166999966)
2024,VEGETAÇÃO,C60L63,POINT (-58.902827158999955 -2.671614166999966)
2024,VEGETAÇÃO,C60L63,POINT (-58.959977158999955 -2.6389441669999663)
2024,VEGETAÇÃO,C60L63,POINT (-58.77781715899995 -2.5484041669999655)
2024,VEGETAÇÃO,C60L63,POINT (-58.82164715899995 -2.7235441669999663)
2024,VEGETAÇÃO,C60L63,POINT (-58.770707158999954 -2.7396541669999657)
2024,VEGETAÇÃO,C60L63,POINT (-58.938737158999956 -2.5406641669999663)
2024,VEGETAÇÃO,C60L63,POINT (-58.837217158999955 -2.5765741669999658)
2024,VEGETAÇÃO,C60L63,POINT (-58.95349715899995 -2.6747641669999656)
2024,VEGETAÇÃO,C60L63,POINT (-58.933967158999955 -2.708064166999966)
2024,VEGETAÇÃO,C60L63,POINT (-58.89571715899996 -2.5286941669999656)
2024,VEGETAÇÃO,C60L63,POINT (-58.775837158999956 -2.6165341669999655)
2024,VEGETAÇÃO,C60L63,POINT (-58.77457715899995 -2.637774166999966)
2024,VEGETAÇÃO,C60L63,POINT (-58.88221715899995 -2.599704166999966)
2024,VEGETAÇÃO,C60L63,POINT (-58.77241715899996 -2.557944166999966)
2024,VEGETAÇÃO,C60L63,POINT (-58.97158715899995 -2.560824166999966)
2024,VEGETAÇÃO,C60L63,POINT (-58.898147158999954 -2.537154166999966)
2024,VEGETAÇÃO,C60L63,POINT (-58.770887158999955 -2.6819641669999656)
2024,VEGETAÇÃO,C60L63,POINT (-58.79977715899995 -2.503674166999966)
2024,VEGETAÇÃO,C60L63,POINT (-58.911287158999954 -2.576124166999966)
2024,VEGETAÇÃO,C60L63,POINT (-58.801487158999954 -2.6566741669999656)
2024,VEGETAÇÃO,C60L63,POINT (-58.76764715899995 -2.7423541669999665)
2024,VEGETAÇÃO,C60L63,POINT (-58.95907715899995 -2.6374141669999656)
2024,VEGETAÇÃO,C60L63,POINT (-58.805717158999954 -2.509254166999966)
2024,VEGETAÇÃO,C60L63,POINT (-58.76539715899995 -2.559744166999966)
2024,VEGETAÇÃO,C60L63,POINT (-58.94593715899995 -2.527704166999966)
2024,VEGETAÇÃO,C60L63,POINT (-58.80292715899995 -2.6686441669999663)
2024,VEGETAÇÃO,C60L63,POINT (-58.76908715899995 -2.530674166999966)
2024,VEGETAÇÃO,C60L63,POINT (-58.91290715899996 -2.588724166999966)
2024,VEGETAÇÃO,C60L63,POINT (-58.75675715899995 -2.5895341669999663)
2024,VEGETAÇÃO,C60L63,POINT (-58.916417158999955 -2.6463241669999658)
2024,VEGETAÇÃO,C60L63,POINT (-58.986257158999955 -2.5880041669999656)
2024,VEGETAÇÃO,C60L63,POINT (-58.75513715899996 -2.5268941669999663)
2024,VEGETAÇÃO,C60L63,POINT (-58.76575715899995 -2.679444166999966)
2024,VEGETAÇÃO,C60L63,POINT (-58.780247158999956 -2.6148241669999663)
2024,VEGETAÇÃO,C60L63,POINT (-58.83136715899995 -2.5952041669999657)
2024,VEGETAÇÃO,C60L63,POINT (-58.868627158999956 -2.6056441669999657)
2024,VEGETAÇÃO,C60L63,POINT (-58.99282715899995 -2.5247341669999663)
2024,VEGETAÇÃO,C60L63,POINT (-58.872317158999955 -2.6149141669999656)
2024,VEGETAÇÃO,C60L63,POINT (-58.770617158999954 -2.664504166999966)
2024,VEGETAÇÃO,C60L63,POINT (-58.93693715899995 -2.602494166999966)
2024,VEGETAÇÃO,C60L63,POINT (-58.88185715899995 -2.546514166999966)
2024,VEGETAÇÃO,C60L63,POINT (-58.98076715899995 -2.7324541669999665)
2024,VEGETAÇÃO,C60L63,POINT (-58.854497158999955 -2.570004166999966)
2024,VEGETAÇÃO,C60L63,POINT (-58.86502715899995 -2.5747741669999655)
2024,VEGETAÇÃO,C60L63,POINT (-58.836587158999954 -2.5835941669999656)
2024,VEGETAÇÃO,C60L63,POINT (-58.99795715899995 -2.6944741669999663)
2024,VEGETAÇÃO,C60L63,POINT (-58.858637158999954 -2.5566841669999656)
2024,VEGETAÇÃO,C60L63,POINT (-58.82155715899995 -2.660634166999966)
2024,VEGETAÇÃO,C60L63,POINT (-58.77691715899995 -2.700864166999966)
2024,VEGETAÇÃO,C60L63,POINT (-58.76935715899995 -2.696904166999966)
2024,VEGETAÇÃO,C60L63,POINT (-58.80319715899995 -2.6813341669999655)
2024,VEGETAÇÃO,C60L63,POINT (-58.805807158999954 -2.6208541669999663)
2024,VEGETAÇÃO,C60L63,POINT (-58.854767158999955 -2.520144166999966)
2024,VEGETAÇÃO,C60L63,POINT (-58.919657158999954 -2.715804166999966)
2024,VEGETAÇÃO,C60L63,POINT (-58.86052715899996 -2.706804166999966)
2024,VEGETAÇÃO,C60L63,POINT (-58.86088715899995 -2.6462341669999656)
2024,VEGETAÇÃO,C60L63,POINT (-58.960337158999955 -2.708064166999966)
2024,VEGETAÇÃO,C60L63,POINT (-58.862867158999954 -2.7095041669999658)
2024,VEGETAÇÃO,C60L63,POINT (-58.867367158999954 -2.500344166999966)
2024,VEGETAÇÃO,C60L63,POINT (-58.990487158999954 -2.5676641669999656)
2024,VEGETAÇÃO,C60L63,POINT (-58.850177158999955 -2.591424166999966)
2024,VEGETAÇÃO,C60L63,POINT (-58.863677158999955 -2.539494166999966)
2024,VEGETAÇÃO,C60L63,POINT (-58.90570715899995 -2.5803541669999657)
2024,VEGETAÇÃO,C60L63,POINT (-58.921007158999956 -2.560284166999966)
2024,VEGETAÇÃO,C60L63,POINT (-58.85665715899995 -2.676654166999966)
2024,VEGETAÇÃO,C60L63,POINT (-58.87780715899996 -2.649294166999966)
2024,VEGETAÇÃO,C60L63,POINT (-58.814987158999955 -2.6034841669999658)
2024,VEGETAÇÃO,C60L63,POINT (-58.770887158999955 -2.630484166999966)
2024,VEGETAÇÃO,C60L63,POINT (-58.959797158999955 -2.566404166999966)
2024,VEGETAÇÃO,C60L63,POINT (-58.80958715899995 -2.570544166999966)
2024,VEGETAÇÃO,C60L63,POINT (-58.75045715899995 -2.5461541669999663)
2024,VEGETAÇÃO,C60L63,POINT (-58.837127158999955 -2.749734166999966)
2024,VEGETAÇÃO,C60L63,POINT (-58.76890715899995 -2.6836741669999657)
2024,VEGETAÇÃO,C60L63,POINT (-58.81273715899995 -2.587824166999966)
2024,VEGETAÇÃO,C60L63,POINT (-58.82038715899995 -2.5027741669999655)
2024,VEGETAÇÃO,C60L63,POINT (-58.82542715899996 -2.5790941669999663)
2024,VEGETAÇÃO,C60L63,POINT (-58.890047158999955 -2.6488441669999663)
2024,VEGETAÇÃO,C60L63,POINT (-58.766117158999954 -2.686644166999966)
2024,VEGETAÇÃO,C60L63,POINT (-58.77772715899995 -2.706264166999966)
2024,VEGETAÇÃO,C60L63,POINT (-58.89067715899995 -2.623374166999966)
2024,VEGETAÇÃO,C60L63,POINT (-58.788437158999955 -2.732274166999966)
2024,VEGETAÇÃO,C60L63,POINT (-58.99759715899995 -2.6781841669999658)
2024,VEGETAÇÃO,C60L63,POINT (-58.973027158999955 -2.624454166999966)
2024,VEGETAÇÃO,C60L63,POINT (-58.950887158999954 -2.521764166999966)
2024,VEGETAÇÃO,C60L63,POINT (-58.920107158999954 -2.7495541669999657)
2024,VEGETAÇÃO,C60L63,POINT (-58.77439715899995 -2.724894166999966)
2024,VEGETAÇÃO,C60L63,POINT (-58.898057158999954 -2.6825041669999656)
2024,VEGETAÇÃO,C60L63,POINT (-58.894547158999956 -2.539224166999966)
2024,VEGETAÇÃO,C60L63,POINT (-58.77682715899995 -2.548764166999966)
2024,VEGETAÇÃO,C60L63,POINT (-58.91911715899995 -2.5571341669999663)
2024,VEGETAÇÃO,C60L63,POINT (-58.828397158999955 -2.6672041669999658)
2024,VEGETAÇÃO,C60L63,POINT (-58.94350715899995 -2.721204166999966)
2024,VEGETAÇÃO,C60L63,POINT (-58.806617158999956 -2.630574166999966)
2024,VEGETAÇÃO,C60L63,POINT (-58.84729715899995 -2.603664166999966)
2024,VEGETAÇÃO,C60L63,POINT (-58.94107715899995 -2.5658641669999662)
2024,VEGETAÇÃO,C60L63,POINT (-58.77421715899995 -2.566944166999966)
2024,VEGETAÇÃO,C60L63,POINT (-58.95763715899995 -2.6040241669999658)
2024,VEGETAÇÃO,C60L63,POINT (-58.998857158999954 -2.7493741669999654)
2024,VEGETAÇÃO,C60L63,POINT (-58.806437158999955 -2.503134166999966)
2024,VEGETAÇÃO,C60L63,POINT (-58.98022715899995 -2.733174166999966)
2024,VEGETAÇÃO,C60L63,POINT (-58.820027158999956 -2.544354166999966)
2024,VEGETAÇÃO,C60L63,POINT (-58.79653715899995 -2.542014166999966)
2024,VEGETAÇÃO,C60L63,POINT (-58.920017158999954 -2.688894166999966)
2024,VEGETAÇÃO,C60L63,POINT (-58.94332715899995 -2.680614166999966)
2024,VEGETAÇÃO,C60L63,POINT (-58.99660715899995 -2.7455941669999664)
2024,VEGETAÇÃO,C60L63,POINT (-58.84351715899995 -2.5971841669999662)
2024,VEGETAÇÃO,C60L63,POINT (-58.84882715899995 -2.596554166999966)
2024,VEGETAÇÃO,C60L63,POINT (-58.88329715899995 -2.531214166999966)
2024,VEGETAÇÃO,C60L63,POINT (-58.903277158999956 -2.723454166999966)
2024,VEGETAÇÃO,C60L63,POINT (-58.76971715899995 -2.547684166999966)
2024,VEGETAÇÃO,C60L63,POINT (-58.98004715899995 -2.558664166999966)
2024,VEGETAÇÃO,C60L63,POINT (-58.97095715899995 -2.583954166999966)
2024,VEGETAÇÃO,C60L63,POINT (-58.79905715899996 -2.7265141669999657)
2024,VEGETAÇÃO,C60L63,POINT (-58.76080715899995 -2.7082441669999655)
2024,VEGETAÇÃO,C60L63,POINT (-58.75567715899995 -2.556414166999966)
2024,VEGETAÇÃO,C60L63,POINT (-58.868357158999956 -2.5499341669999662)
2024,VEGETAÇÃO,C60L63,POINT (-58.867367158999954 -2.596374166999966)
2024,VEGETAÇÃO,C60L63,POINT (-58.78492715899995 -2.5133041669999656)
2024,VEGETAÇÃO,C60L63,POINT (-58.810847158999955 -2.628954166999966)
2024,VEGETAÇÃO,C60L63,POINT (-58.947647158999956 -2.6709841669999657)
2024,VEGETAÇÃO,C60L63,POINT (-58.919837158999954 -2.669994166999966)
2024,VEGETAÇÃO,C60L63,POINT (-58.93171715899995 -2.501514166999966)
2024,VEGETAÇÃO,C60L63,POINT (-58.836677158999954 -2.6005141669999663)
2024,VEGETAÇÃO,C60L63,POINT (-58.93666715899995 -2.7340741669999655)
2024,VEGETAÇÃO,C60L63,POINT (-58.977977158999956 -2.507454166999966)
2024,VEGETAÇÃO,C60L63,POINT (-58.89085715899995 -2.5434541669999655)
2024,VEGETAÇÃO,C60L63,POINT (-58.92667715899995 -2.641644166999966)
2024,VEGETAÇÃO,C60L63,POINT (-58.788797158999955 -2.6858341669999657)
2024,VEGETAÇÃO,C60L63,POINT (-58.827677158999954 -2.5731541669999656)
2024,VEGETAÇÃO,C60L63,POINT (-58.938377158999955 -2.704104166999966)
2024,VEGETAÇÃO,C60L63,POINT (-58.84306715899996 -2.5565941669999663)
2024,VEGETAÇÃO,C60L63,POINT (-58.94512715899995 -2.6879941669999656)
2024,VEGETAÇÃO,C60L63,POINT (-58.801667158999955 -2.7396541669999657)
2024,VEGETAÇÃO,C60L63,POINT (-58.85782715899995 -2.5913341669999657)
2024,VEGETAÇÃO,C60L63,POINT (-58.77628715899995 -2.7328141669999653)
2024,VEGETAÇÃO,C60L63,POINT (-58.955477158999955 -2.519604166999966)
2024,VEGETAÇÃO,C60L63,POINT (-58.81255715899995 -2.6869141669999657)
2024,VEGETAÇÃO,C60L63,POINT (-58.87330715899995 -2.7317341669999653)
2024,VEGETAÇÃO,C60L63,POINT (-58.959887158999955 -2.743074166999966)
2024,VEGETAÇÃO,C60L63,POINT (-58.78294715899995 -2.5896241669999656)
2024,VEGETAÇÃO,C60L63,POINT (-58.77259715899996 -2.634984166999966)
2024,VEGETAÇÃO,C60L63,POINT (-58.94899715899995 -2.512944166999966)
2024,VEGETAÇÃO,C60L63,POINT (-58.80040715899995 -2.573334166999966)
2024,VEGETAÇÃO,C60L63,POINT (-58.911557158999955 -2.5923241669999655)
2024,VEGETAÇÃO,C60L63,POINT (-58.911287158999954 -2.661804166999966)
2024,VEGETAÇÃO,C60L63,POINT (-58.99687715899995 -2.663964166999966)
2024,VEGETAÇÃO,C60L63,POINT (-58.783847158999954 -2.5561441669999656)
2024,VEGETAÇÃO,C60L63,POINT (-58.93909715899996 -2.5309441669999657)
2024,VEGETAÇÃO,C60L63,POINT (-58.78762715899995 -2.715174166999966)
2024,VEGETAÇÃO,C60L63,POINT (-58.99363715899995 -2.7138241669999656)
2024,VEGETAÇÃO,C60L63,POINT (-58.75468715899996 -2.5183441669999658)
2024,VEGETAÇÃO,C60L63,POINT (-58.82731715899995 -2.617434166999966)
2024,VEGETAÇÃO,C60L63,POINT (-58.76539715899995 -2.663064166999966)
2024,VEGETAÇÃO,C60L63,POINT (-58.87924715899995 -2.7132841669999657)
2024,VEGETAÇÃO,C60L63,POINT (-58.841267158999955 -2.607984166999966)
2024,VEGETAÇÃO,C60L63,POINT (-58.93126715899995 -2.6324641669999655)
2024,VEGETAÇÃO,C60L63,POINT (-58.981667158999954 -2.7380341669999666)
2024,VEGETAÇÃO,C60L63,POINT (-58.893287158999954 -2.597634166999966)
2024,VEGETAÇÃO,C60L63,POINT (-58.903007158999955 -2.6394841669999662)
2024,VEGETAÇÃO,C60L63,POINT (-58.82965715899995 -2.5912441669999655)
2024,VEGETAÇÃO,C60L63,POINT (-58.814627158999954 -2.661264166999966)
2024,VEGETAÇÃO,C60L63,POINT (-58.82101715899995 -2.6571241669999663)
2024,VEGETAÇÃO,C60L63,POINT (-58.89949715899995 -2.653614166999966)
2024,VEGETAÇÃO,C60L63,POINT (-58.98022715899995 -2.5544341669999655)
2024,VEGETAÇÃO,C60L63,POINT (-58.90453715899996 -2.6797141669999656)
2024,VEGETAÇÃO,C60L63,POINT (-58.79041715899996 -2.5670341669999663)
2024,VEGETAÇÃO,C60L63,POINT (-58.915607158999954 -2.640564166999966)
2024,VEGETAÇÃO,C60L63,POINT (-58.859357158999956 -2.643264166999966)
2024,VEGETAÇÃO,C60L63,POINT (-58.97923715899995 -2.563614166999966)
2024,VEGETAÇÃO,C60L63,POINT (-58.79086715899995 -2.5583041669999655)
2024,VEGETAÇÃO,C60L63,POINT (-58.82110715899995 -2.681694166999966)
2024,VEGETAÇÃO,C60L63,POINT (-58.942607158999955 -2.5511941669999656)
2024,VEGETAÇÃO,C60L63,POINT (-58.91794715899995 -2.542194166999966)
2024,VEGETAÇÃO,C60L63,POINT (-58.87510715899995 -2.651994166999966)
2024,VEGETAÇÃO,C60L63,POINT (-58.951157158999955 -2.556324166999966)
2024,VEGETAÇÃO,C60L63,POINT (-58.81273715899995 -2.741454166999967)
2024,VEGETAÇÃO,C60L63,POINT (-58.92703715899995 -2.743074166999966)
2024,VEGETAÇÃO,C60L63,POINT (-58.974107158999956 -2.6664841669999655)
2024,VEGETAÇÃO,C60L63,POINT (-58.890137158999956 -2.613024166999966)
2024,VEGETAÇÃO,C60L63,POINT (-58.779617158999955 -2.6456041669999655)
2024,VEGETAÇÃO,C60L63,POINT (-58.93621715899995 -2.5308541669999656)
2024,VEGETAÇÃO,C60L63,POINT (-58.90579715899995 -2.5829641669999663)
2024,VEGETAÇÃO,C60L63,POINT (-58.858187158999954 -2.732724166999965)
2024,VEGETAÇÃO,C60L63,POINT (-58.90876715899995 -2.689434166999966)
2024,VEGETAÇÃO,C60L63,POINT (-58.837307158999955 -2.5911541669999663)
2024,VEGETAÇÃO,C60L63,POINT (-58.761707158999954 -2.640924166999966)
2024,VEGETAÇÃO,C60L63,POINT (-58.846127158999955 -2.582244166999966)
2024,VEGETAÇÃO,C60L63,POINT (-58.77700715899995 -2.5985341669999658)
2024,VEGETAÇÃO,C60L63,POINT (-58.92271715899995 -2.7208441669999663)
2024,VEGETAÇÃO,C60L63,POINT (-58.779797158999955 -2.613474166999966)
2024,VEGETAÇÃO,C60L63,POINT (-58.90093715899995 -2.7022141669999655)
2024,VEGETAÇÃO,C60L63,POINT (-58.986797158999956 -2.5067341669999657)
2024,VEGETAÇÃO,C60L63,POINT (-58.90867715899995 -2.5647841669999663)
2024,VEGETAÇÃO,C60L63,POINT (-58.90876715899995 -2.588724166999966)
2024,VEGETAÇÃO,C60L63,POINT (-58.752707158999954 -2.7374941669999657)
2024,VEGETAÇÃO,C60L63,POINT (-58.765937158999954 -2.5199641669999657)
2024,VEGETAÇÃO,C60L63,POINT (-58.78690715899995 -2.7181441669999655)
2024,VEGETAÇÃO,C60L63,POINT (-58.85116715899996 -2.7392041669999667)
2024,VEGETAÇÃO,C60L63,POINT (-58.93045715899996 -2.516904166999966)
2024,VEGETAÇÃO,C60L63,POINT (-58.819037158999954 -2.7181441669999655)
2024,VEGETAÇÃO,C60L63,POINT (-58.83586715899995 -2.6748541669999657)
2024,VEGETAÇÃO,C60L63,POINT (-58.968527158999954 -2.522214166999966)
2024,VEGETAÇÃO,C60L63,POINT (-58.824167158999956 -2.720214166999966)
2024,VEGETAÇÃO,C60L63,POINT (-58.80301715899995 -2.5929541669999656)
2024,VEGETAÇÃO,C60L63,POINT (-58.766747158999955 -2.700324166999966)
2024,VEGETAÇÃO,C60L63,POINT (-58.93972715899996 -2.5125841669999662)
2024,VEGETAÇÃO,C60L63,POINT (-58.87870715899995 -2.715624166999966)
2024,VEGETAÇÃO,C60L63,POINT (-58.89247715899995 -2.609604166999966)
2024,VEGETAÇÃO,C60L63,POINT (-58.867007158999954 -2.635434166999966)
2024,VEGETAÇÃO,C60L63,POINT (-58.88833715899995 -2.6604541669999655)
2024,VEGETAÇÃO,C60L63,POINT (-58.81264715899995 -2.620134166999966)
2024,VEGETAÇÃO,C60L63,POINT (-58.90615715899995 -2.6834941669999663)
2024,VEGETAÇÃO,C60L63,POINT (-58.840817158999954 -2.6368741669999656)
2024,VEGETAÇÃO,C60L63,POINT (-58.98373715899996 -2.521134166999966)
2024,VEGETAÇÃO,C60L63,POINT (-58.92271715899995 -2.502504166999966)
2024,VEGETAÇÃO,C60L63,POINT (-58.950617158999954 -2.604744166999966)
2024,VEGETAÇÃO,C60L63,POINT (-58.775927158999956 -2.5900741669999663)
2024,VEGETAÇÃO,C60L63,POINT (-58.902557158999954 -2.675574166999966)
2024,VEGETAÇÃO,C60L63,POINT (-58.884647158999954 -2.638764166999966)
2024,VEGETAÇÃO,C60L63,POINT (-58.947197158999955 -2.6872741669999662)
2024,VEGETAÇÃO,C60L63,POINT (-58.78771715899995 -2.6192341669999655)
2024,VEGETAÇÃO,C60L63,POINT (-58.78573715899995 -2.535534166999966)
2024,VEGETAÇÃO,C60L63,POINT (-58.80094715899995 -2.5604641669999655)
2024,VEGETAÇÃO,C60L63,POINT (-58.890047158999955 -2.746584166999966)
2024,VEGETAÇÃO,C60L63,POINT (-58.91956715899995 -2.5142941669999663)
2024,VEGETAÇÃO,C60L63,POINT (-58.94134715899995 -2.6394841669999662)
2024,VEGETAÇÃO,C60L63,POINT (-58.86583715899995 -2.6973541669999657)
2024,VEGETAÇÃO,C60L63,POINT (-58.973927158999956 -2.6044741669999656)
2024,VEGETAÇÃO,C60L63,POINT (-58.933247158999954 -2.554254166999966)
2024,VEGETAÇÃO,C60L63,POINT (-58.91416715899995 -2.560914166999966)
2024,VEGETAÇÃO,C60L63,POINT (-58.88689715899996 -2.555244166999966)
2024,VEGETAÇÃO,C60L63,POINT (-58.86574715899995 -2.571804166999966)
2024,VEGETAÇÃO,C60L63,POINT (-58.88725715899995 -2.655864166999966)
2024,VEGETAÇÃO,C60L63,POINT (-58.85287715899995 -2.584314166999966)
2024,VEGETAÇÃO,C60L63,POINT (-58.897967158999954 -2.681604166999966)
2024,VEGETAÇÃO,C60L63,POINT (-58.810397158999955 -2.5637941669999655)
2024,VEGETAÇÃO,C60L63,POINT (-58.91776715899995 -2.690874166999966)
2024,VEGETAÇÃO,C60L63,POINT (-58.96663715899995 -2.6847541669999657)
2024,VEGETAÇÃO,C60L63,POINT (-58.84720715899995 -2.696904166999966)
2024,VEGETAÇÃO,C60L63,POINT (-58.80922715899995 -2.5675741669999663)
2024,VEGETAÇÃO,C60L63,POINT (-58.98346715899996 -2.6852941669999657)
2024,VEGETAÇÃO,C60L63,POINT (-58.96744715899995 -2.588904166999966)
2024,VEGETAÇÃO,C60L63,POINT (-58.83775715899995 -2.548134166999966)
2024,VEGETAÇÃO,C60L63,POINT (-58.823897158999955 -2.501424166999966)
2024,VEGETAÇÃO,C60L63,POINT (-58.823717158999955 -2.7446941669999667)
2024,VEGETAÇÃO,C60L63,POINT (-58.88230715899995 -2.7028441669999657)
2024,VEGETAÇÃO,C60L63,POINT (-58.80310715899995 -2.654244166999966)
2024,VEGETAÇÃO,C60L63,POINT (-58.93108715899995 -2.5027741669999655)
2024,VEGETAÇÃO,C60L63,POINT (-58.88680715899996 -2.6939341669999664)
2024,VEGETAÇÃO,C60L63,POINT (-58.90840715899995 -2.517984166999966)
2024,VEGETAÇÃO,C60L63,POINT (-58.898147158999954 -2.676204166999966)
2024,VEGETAÇÃO,C60L63,POINT (-58.82191715899995 -2.5649641669999657)
2024,VEGETAÇÃO,C60L63,POINT (-58.78528715899995 -2.625534166999966)
2024,VEGETAÇÃO,C60L63,POINT (-58.832987158999956 -2.503584166999966)
2024,VEGETAÇÃO,C60L63,POINT (-58.894007158999955 -2.6516341669999663)
2024,VEGETAÇÃO,C60L63,POINT (-58.881587158999956 -2.557404166999966)
2024,VEGETAÇÃO,C60L63,POINT (-58.81723715899995 -2.5835041669999663)
2024,VEGETAÇÃO,C60L63,POINT (-58.770707158999954 -2.7455041669999662)
2024,VEGETAÇÃO,C60L63,POINT (-58.86079715899995 -2.723814166999966)
2024,VEGETAÇÃO,C60L63,POINT (-58.894907158999956 -2.710224166999966)
2024,VEGETAÇÃO,C60L63,POINT (-58.894817158999956 -2.5934041669999663)
2024,VEGETAÇÃO,C60L63,POINT (-58.841267158999955 -2.534994166999966)
2024,VEGETAÇÃO,C60L63,POINT (-58.780517158999956 -2.598264166999966)
2024,VEGETAÇÃO,C60L63,POINT (-58.82191715899995 -2.6131141669999662)
2024,VEGETAÇÃO,C60L63,POINT (-58.76575715899995 -2.723904166999966)
2024,VEGETAÇÃO,C60L63,POINT (-58.973387158999955 -2.610144166999966)
2024,VEGETAÇÃO,C60L63,POINT (-58.87987715899995 -2.6428141669999663)
2024,VEGETAÇÃO,C60L63,POINT (-58.97050715899995 -2.6951041669999656)
2024,VEGETAÇÃO,C60L63,POINT (-58.79977715899995 -2.5801741669999663)
2024,VEGETAÇÃO,C60L63,POINT (-58.83046715899995 -2.6209441669999656)
2024,VEGETAÇÃO,C60L63,POINT (-58.937927158999955 -2.6659441669999655)
2024,VEGETAÇÃO,C60L63,POINT (-58.85170715899996 -2.679444166999966)
2024,VEGETAÇÃO,C60L63,POINT (-58.959257158999954 -2.719584166999966)
2024,VEGETAÇÃO,C60L63,POINT (-58.82542715899996 -2.534364166999966)
2024,VEGETAÇÃO,C60L63,POINT (-58.88662715899996 -2.712384166999966)
2024,VEGETAÇÃO,C60L63,POINT (-58.99228715899996 -2.526804166999966)
2024,VEGETAÇÃO,C60L63,POINT (-58.97059715899995 -2.680074166999966)
2024,VEGETAÇÃO,C60L63,POINT (-58.84810715899995 -2.5433641669999663)
2024,VEGETAÇÃO,C60L63,POINT (-58.815437158999956 -2.509074166999966)
2024,VEGETAÇÃO,C60L63,POINT (-58.83973715899995 -2.684934166999966)
2024,VEGETAÇÃO,C60L63,POINT (-58.76503715899995 -2.540934166999966)
2024,VEGETAÇÃO,C60L63,POINT (-58.814987158999955 -2.5034941669999657)
2024,VEGETAÇÃO,C60L63,POINT (-58.97959715899995 -2.745234166999966)
2024,VEGETAÇÃO,C60L63,POINT (-58.88365715899995 -2.6501041669999656)
2024,VEGETAÇÃO,C60L63,POINT (-58.92343715899995 -2.5587541669999663)
2024,VEGETAÇÃO,C60L63,POINT (-58.929377158999955 -2.693844166999966)
2024,VEGETAÇÃO,C60L63,POINT (-58.824707158999956 -2.7105841669999657)
2024,VEGETAÇÃO,C60L63,POINT (-58.75162715899995 -2.605374166999966)
2024,VEGETAÇÃO,C60L63,POINT (-58.75999715899995 -2.6330041669999655)
2024,VEGETAÇÃO,C60L63,POINT (-58.780427158999956 -2.537604166999966)
2024,VEGETAÇÃO,C60L63,POINT (-58.85359715899995 -2.6725141669999664)
2024,VEGETAÇÃO,C60L63,POINT (-58.92802715899995 -2.7393841669999652)
2024,VEGETAÇÃO,C60L63,POINT (-58.96600715899996 -2.704284166999966)
2024,VEGETAÇÃO,C60L63,POINT (-58.849907158999955 -2.610324166999966)
2024,VEGETAÇÃO,C60L63,POINT (-58.86205715899995 -2.580984166999966)
2024,VEGETAÇÃO,C60L63,POINT (-58.796897158999954 -2.5143841669999656)
2024,VEGETAÇÃO,C60L63,POINT (-58.757297158999954 -2.558484166999966)
2024,VEGETAÇÃO,C60L63,POINT (-58.92307715899995 -2.525724166999966)
2024,VEGETAÇÃO,C60L63,POINT (-58.863227158999955 -2.614104166999966)
2024,VEGETAÇÃO,C60L63,POINT (-58.90624715899995 -2.517984166999966)
2024,VEGETAÇÃO,C60L63,POINT (-58.91947715899995 -2.517894166999966)
2024,VEGETAÇÃO,C60L63,POINT (-58.86628715899995 -2.541654166999966)
2024,VEGETAÇÃO,C60L63,POINT (-58.837577158999956 -2.640564166999966)
2024,VEGETAÇÃO,C60L63,POINT (-58.88698715899996 -2.736504166999966)
2024,VEGETAÇÃO,C60L63,POINT (-58.90939715899995 -2.737584166999966)
2024,VEGETAÇÃO,C60L63,POINT (-58.951877158999956 -2.633364166999966)
2024,VEGETAÇÃO,C60L63,POINT (-58.902107158999954 -2.620764166999966)
2024,VEGETAÇÃO,C60L63,POINT (-58.97941715899995 -2.623464166999966)
2024,VEGETAÇÃO,C60L63,POINT (-58.86682715899995 -2.6126641669999655)
2024,VEGETAÇÃO,C60L63,POINT (-58.86538715899995 -2.6347141669999656)
2024,VEGETAÇÃO,C60L63,POINT (-58.854407158999955 -2.6594641669999657)
2024,VEGETAÇÃO,C60L63,POINT (-58.831997158999954 -2.632284166999966)
2024,VEGETAÇÃO,C60L63,POINT (-58.752707158999954 -2.5307641669999663)
2024,VEGETAÇÃO,C60L63,POINT (-58.937927158999955 -2.582334166999966)
2024,VEGETAÇÃO,C60L63,POINT (-58.925327158999956 -2.6127541669999657)
2024,VEGETAÇÃO,C60L63,POINT (-58.75207715899995 -2.6269741669999656)
2024,VEGETAÇÃO,C60L63,POINT (-58.968257158999954 -2.5725241669999663)
2024,VEGETAÇÃO,C60L63,POINT (-58.91821715899995 -2.599344166999966)
2024,VEGETAÇÃO,C60L63,POINT (-58.863227158999955 -2.5990741669999657)
2024,VEGETAÇÃO,C60L63,POINT (-58.853867158999954 -2.672244166999966)
2024,VEGETAÇÃO,C60L63,POINT (-58.87771715899996 -2.7071641669999655)
2024,VEGETAÇÃO,C60L63,POINT (-58.868177158999956 -2.645424166999966)
2024,VEGETAÇÃO,C60L63,POINT (-58.854947158999956 -2.528334166999966)
2024,VEGETAÇÃO,C60L63,POINT (-58.770527158999954 -2.551014166999966)
2024,VEGETAÇÃO,C60L63,POINT (-58.964117158999954 -2.728854166999966)
2024,VEGETAÇÃO,C60L63,POINT (-58.863317158999955 -2.7141841669999662)
2024,VEGETAÇÃO,C60L63,POINT (-58.982297158999955 -2.6934841669999656)
2024,VEGETAÇÃO,C60L63,POINT (-58.890137158999956 -2.6159941669999656)
2024,VEGETAÇÃO,C60L63,POINT (-58.819037158999954 -2.627694166999966)
2024,VEGETAÇÃO,C60L63,POINT (-58.986077158999954 -2.545524166999966)
2024,VEGETAÇÃO,C60L63,POINT (-58.84009715899995 -2.594754166999966)
2024,VEGETAÇÃO,C60L63,POINT (-58.92721715899995 -2.6737741669999657)
2024,VEGETAÇÃO,C60L63,POINT (-58.823627158999955 -2.5367941669999663)
2024,VEGETAÇÃO,C60L63,POINT (-58.78177715899995 -2.683404166999966)
2024,VEGETAÇÃO,C60L63,POINT (-58.902197158999954 -2.577204166999966)
2024,VEGETAÇÃO,C60L63,POINT (-58.92811715899995 -2.7100441669999658)
2024,VEGETAÇÃO,C60L63,POINT (-58.97860715899995 -2.571084166999966)
2024,VEGETAÇÃO,C60L63,POINT (-58.827857158999954 -2.6787241669999657)
2024,VEGETAÇÃO,C60L63,POINT (-58.854857158999955 -2.6878141669999662)
2024,VEGETAÇÃO,C60L63,POINT (-58.898957158999956 -2.6807941669999655)
2024,VEGETAÇÃO,C60L63,POINT (-58.88167715899995 -2.6713441669999662)
2024,VEGETAÇÃO,C60L63,POINT (-58.79401715899995 -2.6677441669999657)
2024,VEGETAÇÃO,C60L63,POINT (-58.94314715899995 -2.606364166999966)
2024,VEGETAÇÃO,C60L63,POINT (-58.770437158999954 -2.5133041669999656)
2024,VEGETAÇÃO,C60L63,POINT (-58.854227158999954 -2.732094166999966)
2024,VEGETAÇÃO,C60L63,POINT (-58.98490715899995 -2.5708141669999662)
2024,VEGETAÇÃO,C60L63,POINT (-58.82731715899995 -2.5466941669999663)
2024,VEGETAÇÃO,C60L63,POINT (-58.985717158999954 -2.598714166999966)
2024,VEGETAÇÃO,C60L63,POINT (-58.97014715899995 -2.6374141669999656)
2024,VEGETAÇÃO,C60L63,POINT (-58.79545715899995 -2.7153541669999663)
2024,VEGETAÇÃO,C60L63,POINT (-58.969337158999956 -2.7254341669999658)
2024,VEGETAÇÃO,C60L63,POINT (-58.96150715899995 -2.6841241669999656)
2024,VEGETAÇÃO,C60L63,POINT (-58.82092715899995 -2.5153741669999663)
2024,VEGETAÇÃO,C60L63,POINT (-58.87960715899995 -2.6598241669999663)
2024,VEGETAÇÃO,C60L63,POINT (-58.98913715899995 -2.6379541669999655)
2024,VEGETAÇÃO,C60L63,POINT (-58.89202715899995 -2.5000741669999655)
2024,VEGETAÇÃO,C60L63,POINT (-58.89679715899995 -2.6309341669999657)
2024,VEGETAÇÃO,C60L63,POINT (-58.80499715899995 -2.7132841669999657)
2024,VEGETAÇÃO,C60L63,POINT (-58.94440715899995 -2.7099541669999656)
2024,VEGETAÇÃO,C60L63,POINT (-58.90840715899995 -2.6125741669999663)
2024,VEGETAÇÃO,C60L63,POINT (-58.968707158999955 -2.570184166999966)
2024,VEGETAÇÃO,C60L63,POINT (-58.94575715899995 -2.504754166999966)
2024,VEGETAÇÃO,C60L63,POINT (-58.76323715899996 -2.501514166999966)
2024,VEGETAÇÃO,C60L63,POINT (-58.775927158999956 -2.6691841669999663)
2024,VEGETAÇÃO,C60L63,POINT (-58.969337158999956 -2.700954166999966)
2024,VEGETAÇÃO,C60L63,POINT (-58.758467158999956 -2.7488341669999663)
2024,VEGETAÇÃO,C60L63,POINT (-58.92577715899995 -2.5066441669999655)
2024,VEGETAÇÃO,C60L63,POINT (-58.92217715899996 -2.537064166999966)
2024,VEGETAÇÃO,C60L63,POINT (-58.92784715899995 -2.626164166999966)
2024,VEGETAÇÃO,C60L63,POINT (-58.87888715899995 -2.6825041669999656)
2024,VEGETAÇÃO,C60L63,POINT (-58.98805715899995 -2.661984166999966)
2024,VEGETAÇÃO,C60L63,POINT (-58.96681715899995 -2.628414166999966)
2024,VEGETAÇÃO,C60L63,POINT (-58.956197158999956 -2.745864166999965)
2024,VEGETAÇÃO,C60L63,POINT (-58.80355715899995 -2.6801641669999663)
2024,VEGETAÇÃO,C60L63,POINT (-58.789337158999956 -2.539314166999966)
2024,VEGETAÇÃO,C60L63,POINT (-58.76548715899995 -2.676564166999966)
2024,VEGETAÇÃO,C60L63,POINT (-58.89634715899995 -2.6433541669999663)
2024,VEGETAÇÃO,C60L63,POINT (-58.76332715899996 -2.6677441669999657)
2024,VEGETAÇÃO,C60L63,POINT (-58.894907158999956 -2.5573141669999657)
2024,VEGETAÇÃO,C60L63,POINT (-58.75909715899995 -2.7126541669999655)
2024,VEGETAÇÃO,C60L63,POINT (-58.76800715899995 -2.610324166999966)
2024,VEGETAÇÃO,C60L63,POINT (-58.79455715899995 -2.545884166999966)
2024,VEGETAÇÃO,C60L63,POINT (-58.96123715899995 -2.707344166999966)
2024,VEGETAÇÃO,C60L63,POINT (-58.84918715899995 -2.5144741669999657)
2024,VEGETAÇÃO,C60L63,POINT (-58.90633715899995 -2.7072541669999657)
2024,VEGETAÇÃO,C60L63,POINT (-58.91515715899995 -2.6989741669999656)
2024,VEGETAÇÃO,C60L63,POINT (-58.780247158999956 -2.514204166999966)
2024,VEGETAÇÃO,C60L63,POINT (-58.95034715899995 -2.7132841669999657)
2024,VEGETAÇÃO,C60L63,POINT (-58.82893715899995 -2.5746841669999663)
2024,VEGETAÇÃO,C60L63,POINT (-58.80301715899995 -2.671704166999966)
2024,VEGETAÇÃO,C60L63,POINT (-58.845317158999954 -2.5150141669999657)
2024,VEGETAÇÃO,C60L63,POINT (-58.810937158999955 -2.536704166999966)
2024,VEGETAÇÃO,C60L63,POINT (-58.92208715899996 -2.714724166999966)
2024,VEGETAÇÃO,C60L63,POINT (-58.964927158999956 -2.7033841669999656)
2024,VEGETAÇÃO,C60L63,POINT (-58.94539715899995 -2.5034041669999656)
2024,VEGETAÇÃO,C60L63,POINT (-58.797527158999955 -2.527254166999966)
2024,VEGETAÇÃO,C60L63,POINT (-58.84324715899995 -2.660184166999966)
2024,VEGETAÇÃO,C60L63,POINT (-58.86088715899995 -2.705364166999966)
2024,VEGETAÇÃO,C60L63,POINT (-58.885997158999956 -2.527704166999966)
2024,VEGETAÇÃO,C60L63,POINT (-58.91515715899995 -2.6231041669999655)
2024,VEGETAÇÃO,C60L63,POINT (-58.87078715899995 -2.5556941669999658)
2024,VEGETAÇÃO,C60L63,POINT (-58.78753715899995 -2.699334166999966)
2024,VEGETAÇÃO,C60L63,POINT (-58.789067158999956 -2.595474166999966)
2024,VEGETAÇÃO,C60L63,POINT (-58.93261715899995 -2.615184166999966)
2024,VEGETAÇÃO,C60L63,POINT (-58.754417158999956 -2.5637041669999663)
2024,VEGETAÇÃO,C60L63,POINT (-58.88239715899995 -2.646414166999966)
2024,VEGETAÇÃO,C60L63,POINT (-58.98733715899995 -2.613384166999966)
2024,VEGETAÇÃO,C60L63,POINT (-58.75999715899995 -2.5561441669999656)
2024,VEGETAÇÃO,C60L63,POINT (-58.976987158999954 -2.6435341669999657)
2024,VEGETAÇÃO,C60L63,POINT (-58.90840715899995 -2.519514166999966)
2024,VEGETAÇÃO,C60L63,POINT (-58.981307158999954 -2.673324166999966)
2024,VEGETAÇÃO,C60L63,POINT (-58.84774715899995 -2.6231941669999657)
2024,VEGETAÇÃO,C60L63,POINT (-58.831817158999954 -2.6180641669999662)
2024,VEGETAÇÃO,C60L63,POINT (-58.762427158999955 -2.6972641669999655)
2024,VEGETAÇÃO,C60L63,POINT (-58.82650715899995 -2.7358741669999667)
2024,VEGETAÇÃO,C60L63,POINT (-58.76737715899995 -2.6616241669999656)
2024,VEGETAÇÃO,C60L63,POINT (-58.89670715899995 -2.5389541669999662)
2024,VEGETAÇÃO,C60L63,POINT (-58.82722715899995 -2.580444166999966)
2024,VEGETAÇÃO,C60L63,POINT (-58.92577715899995 -2.660274166999966)
2024,VEGETAÇÃO,C60L63,POINT (-58.87924715899995 -2.664594166999966)
2024,VEGETAÇÃO,C60L63,POINT (-58.837127158999955 -2.6121241669999655)
2024,VEGETAÇÃO,C60L63,POINT (-58.761707158999954 -2.6076241669999662)
2024,VEGETAÇÃO,C60L63,POINT (-58.89121715899995 -2.6005141669999663)
2024,VEGETAÇÃO,C60L63,POINT (-58.91497715899995 -2.5731541669999656)
2024,VEGETAÇÃO,C60L63,POINT (-58.80805715899995 -2.6671141669999656)
2024,VEGETAÇÃO,C60L63,POINT (-58.78195715899995 -2.5671241669999656)
2024,VEGETAÇÃO,C60L63,POINT (-58.91686715899995 -2.669994166999966)
2024,VEGETAÇÃO,C60L63,POINT (-58.87474715899995 -2.589894166999966)
2024,VEGETAÇÃO,C60L63,POINT (-58.75036715899995 -2.6863741669999657)
2024,VEGETAÇÃO,C60L63,POINT (-58.846397158999956 -2.5115041669999663)
2024,VEGETAÇÃO,C60L63,POINT (-58.89607715899995 -2.5962841669999657)
2024,VEGETAÇÃO,C60L63,POINT (-58.93441715899995 -2.609784166999966)
2024,VEGETAÇÃO,C60L63,POINT (-58.92370715899995 -2.584854166999966)
2024,VEGETAÇÃO,C60L63,POINT (-58.83460715899995 -2.5697341669999663)
2024,VEGETAÇÃO,C60L63,POINT (-58.93045715899996 -2.683224166999966)
2024,VEGETAÇÃO,C60L63,POINT (-58.88437715899995 -2.7088741669999656)
2024,VEGETAÇÃO,C60L63,POINT (-58.876187158999954 -2.6798041669999657)
2024,VEGETAÇÃO,C60L63,POINT (-58.97014715899995 -2.595384166999966)
2024,VEGETAÇÃO,C60L63,POINT (-58.828307158999955 -2.5582141669999663)
2024,VEGETAÇÃO,C60L63,POINT (-58.77394715899995 -2.7065341669999663)
2024,VEGETAÇÃO,C60L63,POINT (-58.91281715899996 -2.6830441669999656)
2024,VEGETAÇÃO,C60L63,POINT (-58.78708715899995 -2.5434541669999655)
2024,VEGETAÇÃO,C60L63,POINT (-58.80742715899996 -2.549754166999966)
2024,VEGETAÇÃO,C60L63,POINT (-58.89607715899995 -2.502684166999966)
2024,VEGETAÇÃO,C60L63,POINT (-58.946567158999954 -2.5961041669999663)
2024,VEGETAÇÃO,C60L63,POINT (-58.88392715899995 -2.7257941669999664)
2024,VEGETAÇÃO,C60L63,POINT (-58.766207158999954 -2.6389441669999663)
2024,VEGETAÇÃO,C60L63,POINT (-58.89301715899995 -2.5483141669999663)
2024,VEGETAÇÃO,C60L63,POINT (-58.95196715899995 -2.6522641669999656)
2024,VEGETAÇÃO,C60L63,POINT (-58.84855715899995 -2.639214166999966)
2024,VEGETAÇÃO,C60L63,POINT (-58.90480715899995 -2.5611841669999658)
2024,VEGETAÇÃO,C60L63,POINT (-58.758107158999955 -2.564604166999966)
2024,VEGETAÇÃO,C60L63,POINT (-58.933607158999955 -2.7495541669999657)
2024,VEGETAÇÃO,C60L63,POINT (-58.893377158999954 -2.617254166999966)
2024,VEGETAÇÃO,C60L63,POINT (-58.810667158999955 -2.6559541669999662)
2024,VEGETAÇÃO,C60L63,POINT (-58.97500715899995 -2.730024166999966)
2024,VEGETAÇÃO,C60L63,POINT (-58.75126715899995 -2.699874166999966)
2024,VEGETAÇÃO,C60L63,POINT (-58.76008715899995 -2.5808941669999657)
2024,VEGETAÇÃO,C60L63,POINT (-58.963577158999954 -2.625084166999966)
2024,VEGETAÇÃO,C60L63,POINT (-58.78231715899995 -2.608614166999966)
2024,VEGETAÇÃO,C60L63,POINT (-58.877267158999956 -2.5363441669999656)
2024,VEGETAÇÃO,C60L63,POINT (-58.86655715899995 -2.6620741669999664)
2024,VEGETAÇÃO,C60L63,POINT (-58.76440715899995 -2.642724166999966)
2024,VEGETAÇÃO,C60L63,POINT (-58.862507158999954 -2.6687341669999656)
2024,VEGETAÇÃO,C60L63,POINT (-58.95376715899995 -2.671254166999966)
2024,VEGETAÇÃO,C60L63,POINT (-58.955207158999954 -2.747034166999965)
2024,VEGETAÇÃO,C60L63,POINT (-58.95322715899995 -2.6451541669999656)
2024,VEGETAÇÃO,C60L63,POINT (-58.76746715899995 -2.5325641669999657)
2024,VEGETAÇÃO,C60L63,POINT (-58.91830715899995 -2.6688241669999657)
2024,VEGETAÇÃO,C60L63,POINT (-58.96231715899995 -2.691504166999966)
2024,VEGETAÇÃO,C60L63,POINT (-58.964387158999955 -2.562894166999966)
2024,VEGETAÇÃO,C60L63,POINT (-58.889417158999954 -2.6121241669999655)
2024,VEGETAÇÃO,C60L63,POINT (-58.924337158999954 -2.725614166999966)
2024,VEGETAÇÃO,C60L63,POINT (-58.801217158999954 -2.7215641669999657)
2024,VEGETAÇÃO,C60L63,POINT (-58.90525715899995 -2.649204166999966)
2024,VEGETAÇÃO,C60L63,POINT (-58.75693715899995 -2.6713441669999662)
2024,VEGETAÇÃO,C60L63,POINT (-58.82992715899995 -2.501874166999966)
2024,VEGETAÇÃO,C60L63,POINT (-58.90570715899995 -2.627784166999966)
2024,VEGETAÇÃO,C60L63,POINT (-58.797437158999955 -2.706804166999966)
2024,VEGETAÇÃO,C60L63,POINT (-58.90075715899995 -2.666214166999966)
2024,VEGETAÇÃO,C60L63,POINT (-58.92568715899995 -2.7169741669999663)
2024,VEGETAÇÃO,C60L63,POINT (-58.98778715899995 -2.505384166999966)
2024,VEGETAÇÃO,C60L63,POINT (-58.85557715899995 -2.5956541669999655)
2024,VEGETAÇÃO,C60L63,POINT (-58.88374715899995 -2.713464166999966)
2024,VEGETAÇÃO,C60L63,POINT (-58.98958715899995 -2.6083441669999656)
2024,VEGETAÇÃO,C60L63,POINT (-58.83838715899995 -2.731014166999966)
2024,VEGETAÇÃO,C60L63,POINT (-58.79869715899996 -2.6814241669999657)
2024,VEGETAÇÃO,C60L63,POINT (-58.78276715899995 -2.687004166999966)
2024,VEGETAÇÃO,C60L63,POINT (-58.84405715899995 -2.602584166999966)
2024,VEGETAÇÃO,C60L63,POINT (-58.973837158999956 -2.672244166999966)
2024,VEGETAÇÃO,C60L63,POINT (-58.82605715899995 -2.6210341669999657)
2024,VEGETAÇÃO,C60L63,POINT (-58.90831715899995 -2.6858341669999657)
2024,VEGETAÇÃO,C60L63,POINT (-58.79581715899995 -2.538234166999966)
2024,VEGETAÇÃO,C60L63,POINT (-58.80796715899996 -2.7346141669999664)
2024,VEGETAÇÃO,C60L63,POINT (-58.921277158999956 -2.563614166999966)
2024,VEGETAÇÃO,C60L63,POINT (-58.76944715899995 -2.636514166999966)
2024,VEGETAÇÃO,C60L63,POINT (-58.858277158999954 -2.6011441669999655)
2024,VEGETAÇÃO,C60L63,POINT (-58.84468715899995 -2.600784166999966)
2024,VEGETAÇÃO,C60L63,POINT (-58.919657158999954 -2.616714166999966)
2024,VEGETAÇÃO,C60L63,POINT (-58.91704715899995 -2.7170641669999656)
2024,VEGETAÇÃO,C60L63,POINT (-58.80319715899995 -2.5169941669999663)
2024,VEGETAÇÃO,C60L63,POINT (-58.76323715899996 -2.6303041669999656)
2024,VEGETAÇÃO,C60L63,POINT (-58.998767158999954 -2.7479341669999666)
2024,VEGETAÇÃO,C60L63,POINT (-58.83028715899995 -2.723994166999966)
2024,VEGETAÇÃO,C60L63,POINT (-58.93513715899995 -2.597004166999966)
2024,VEGETAÇÃO,C60L63,POINT (-58.78960715899996 -2.5544341669999655)
2024,VEGETAÇÃO,C60L63,POINT (-58.94503715899995 -2.5171741669999657)
2024,VEGETAÇÃO,C60L63,POINT (-58.87456715899995 -2.621844166999966)
2024,VEGETAÇÃO,C60L63,POINT (-58.924157158999954 -2.7225541669999656)
2024,VEGETAÇÃO,C60L63,POINT (-58.868087158999955 -2.669544166999966)
2024,VEGETAÇÃO,C60L63,POINT (-58.867997158999955 -2.741094166999966)
2024,VEGETAÇÃO,C60L63,POINT (-58.938737158999956 -2.5781041669999656)
2024,VEGETAÇÃO,C60L63,POINT (-58.96186715899995 -2.6114941669999663)
2024,VEGETAÇÃO,C60L63,POINT (-58.921187158999956 -2.566224166999966)
2024,VEGETAÇÃO,C60L63,POINT (-58.753067158999954 -2.508624166999966)
2024,VEGETAÇÃO,C60L63,POINT (-58.75252715899995 -2.513124166999966)
2024,VEGETAÇÃO,C60L63,POINT (-58.78717715899995 -2.5054741669999663)
2024,VEGETAÇÃO,C60L63,POINT (-58.97518715899995 -2.618334166999966)
2024,VEGETAÇÃO,C60L63,POINT (-58.78735715899995 -2.570004166999966)
2024,VEGETAÇÃO,C60L63,POINT (-58.93693715899995 -2.5428241669999663)
2024,VEGETAÇÃO,C60L63,POINT (-58.95835715899995 -2.678904166999966)
2024,VEGETAÇÃO,C60L63,POINT (-58.87924715899995 -2.5210441669999657)
2024,VEGETAÇÃO,C60L63,POINT (-58.89103715899995 -2.5396741669999656)
2024,VEGETAÇÃO,C60L63,POINT (-58.77700715899995 -2.678274166999966)
2024,VEGETAÇÃO,C60L63,POINT (-58.83595715899995 -2.5160041669999655)
2024,VEGETAÇÃO,C60L63,POINT (-58.93126715899995 -2.697534166999966)
2024,VEGETAÇÃO,C60L63,POINT (-58.82164715899995 -2.5985341669999658)
2024,VEGETAÇÃO,C60L63,POINT (-58.96681715899995 -2.592684166999966)
2024,VEGETAÇÃO,C60L63,POINT (-58.884917158999954 -2.7358741669999667)
2024,VEGETAÇÃO,C60L63,POINT (-58.823627158999955 -2.656854166999966)
2024,VEGETAÇÃO,C60L63,POINT (-58.92217715899996 -2.675124166999966)
2024,VEGETAÇÃO,C60L63,POINT (-58.96996715899995 -2.6763841669999655)
2024,VEGETAÇÃO,C60L63,POINT (-58.998857158999954 -2.689254166999966)
2024,VEGETAÇÃO,C60L63,POINT (-58.94368715899995 -2.621754166999966)
2024,VEGETAÇÃO,C60L63,POINT (-58.771967158999956 -2.553084166999966)
2024,VEGETAÇÃO,C60L63,POINT (-58.79869715899996 -2.6194141669999658)
2024,VEGETAÇÃO,C60L63,POINT (-58.78276715899995 -2.673414166999966)
2024,VEGETAÇÃO,C60L63,POINT (-58.91731715899995 -2.697984166999966)
2024,VEGETAÇÃO,C60L63,POINT (-58.82119715899995 -2.571804166999966)
2024,VEGETAÇÃO,C60L63,POINT (-58.75918715899995 -2.688804166999966)
2024,VEGETAÇÃO,C60L63,POINT (-58.94377715899995 -2.675484166999966)
2024,VEGETAÇÃO,C60L63,POINT (-58.99201715899996 -2.5573141669999657)
2024,VEGETAÇÃO,C60L63,POINT (-58.915877158999955 -2.500434166999966)
2024,VEGETAÇÃO,C60L63,POINT (-58.82515715899996 -2.6786341669999656)
2024,VEGETAÇÃO,C60L63,POINT (-58.928567158999954 -2.6994241669999663)
2024,VEGETAÇÃO,C60L63,POINT (-58.924247158999954 -2.5214941669999655)
2024,VEGETAÇÃO,C60L63,POINT (-58.80508715899995 -2.5885441669999656)
2024,VEGETAÇÃO,C60L63,POINT (-58.89112715899995 -2.6726041669999656)
2024,VEGETAÇÃO,C60L63,POINT (-58.93711715899995 -2.6154541669999656)
2024,VEGETAÇÃO,C60L63,POINT (-58.84909715899995 -2.7483841669999656)
2024,VEGETAÇÃO,C60L63,POINT (-58.928657158999954 -2.5170841669999655)
2024,VEGETAÇÃO,C60L63,POINT (-58.999127158999954 -2.729394166999966)
2024,VEGETAÇÃO,C60L63,POINT (-58.97887715899995 -2.5083541669999656)
2024,VEGETAÇÃO,C60L63,POINT (-58.77331715899995 -2.649204166999966)
2024,VEGETAÇÃO,C60L63,POINT (-58.894637158999956 -2.678994166999966)
2024,VEGETAÇÃO,C60L63,POINT (-58.863947158999956 -2.675124166999966)
2024,VEGETAÇÃO,C60L63,POINT (-58.77790715899995 -2.638674166999966)
2024,VEGETAÇÃO,C60L63,POINT (-58.76116715899995 -2.6100541669999657)
2024,VEGETAÇÃO,C60L63,POINT (-58.96240715899995 -2.6493841669999663)
2024,VEGETAÇÃO,C60L63,POINT (-58.82173715899995 -2.5638841669999657)
2024,VEGETAÇÃO,C60L63,POINT (-58.841627158999955 -2.548584166999966)
2024,VEGETAÇÃO,C60L63,POINT (-58.79635715899995 -2.517894166999966)
2024,VEGETAÇÃO,C60L63,POINT (-58.91686715899995 -2.7383041669999653)
2024,VEGETAÇÃO,C60L63,POINT (-58.87555715899995 -2.7044641669999656)
2024,VEGETAÇÃO,C60L63,POINT (-58.981397158999954 -2.7126541669999655)
2024,VEGETAÇÃO,C60L63,POINT (-58.916417158999955 -2.7149041669999656)
2024,VEGETAÇÃO,C60L63,POINT (-58.938287158999955 -2.639214166999966)
2024,VEGETAÇÃO,C60L63,POINT (-58.85566715899995 -2.6249041669999658)
2024,VEGETAÇÃO,C60L63,POINT (-58.86574715899995 -2.556324166999966)
2024,VEGETAÇÃO,C60L63,POINT (-58.937747158999954 -2.6198641669999656)
2024,VEGETAÇÃO,C60L63,POINT (-58.762247158999955 -2.570094166999966)
2024,VEGETAÇÃO,C60L63,POINT (-58.876997158999956 -2.743164166999966)
2024,VEGETAÇÃO,C60L63,POINT (-58.849637158999954 -2.7196741669999662)
2024,VEGETAÇÃO,C60L63,POINT (-58.903277158999956 -2.5034941669999657)
2024,VEGETAÇÃO,C60L63,POINT (-58.762067158999955 -2.562534166999966)
2024,VEGETAÇÃO,C60L63,POINT (-58.90615715899995 -2.618514166999966)
2024,VEGETAÇÃO,C60L63,POINT (-58.79149715899995 -2.7196741669999662)
2024,VEGETAÇÃO,C60L63,POINT (-58.75963715899995 -2.5180741669999662)
2024,VEGETAÇÃO,C60L63,POINT (-58.845767158999955 -2.683404166999966)
2024,VEGETAÇÃO,C60L63,POINT (-58.99219715899996 -2.5858441669999657)
2024,VEGETAÇÃO,C60L63,POINT (-58.836857158999955 -2.5001641669999657)
2024,VEGETAÇÃO,C60L63,POINT (-58.96996715899995 -2.729934166999966)
2024,VEGETAÇÃO,C60L63,POINT (-58.87429715899995 -2.508624166999966)
2024,VEGETAÇÃO,C60L63,POINT (-58.80310715899995 -2.5160041669999655)
2024,VEGETAÇÃO,C60L63,POINT (-58.929107158999955 -2.7026641669999663)
2024,VEGETAÇÃO,C60L63,POINT (-58.99669715899995 -2.5045741669999657)
2024,VEGETAÇÃO,C60L63,POINT (-58.84882715899995 -2.7482041669999653)
2024,VEGETAÇÃO,C60L63,POINT (-58.960427158999956 -2.706264166999966)
2024,VEGETAÇÃO,C60L63,POINT (-58.79986715899995 -2.5138441669999656)
2024,VEGETAÇÃO,C60L63,POINT (-58.823357158999954 -2.5771141669999658)
2024,VEGETAÇÃO,C60L63,POINT (-58.78645715899995 -2.7059941669999663)
2024,VEGETAÇÃO,C60L63,POINT (-58.784657158999956 -2.675574166999966)
2024,VEGETAÇÃO,C60L63,POINT (-58.990577158999955 -2.636514166999966)
2024,VEGETAÇÃO,C60L63,POINT (-58.94980715899995 -2.657574166999966)
2024,VEGETAÇÃO,C60L63,POINT (-58.78708715899995 -2.6929441669999656)
2024,VEGETAÇÃO,C60L63,POINT (-58.972487158999954 -2.5984441669999656)
2024,VEGETAÇÃO,C60L63,POINT (-58.79113715899995 -2.6120341669999663)
2024,VEGETAÇÃO,C60L63,POINT (-58.81210715899995 -2.6325541669999657)
2024,VEGETAÇÃO,C60L63,POINT (-58.947197158999955 -2.652084166999966)
2024,VEGETAÇÃO,C60L63,POINT (-58.964927158999956 -2.578464166999966)
2024,VEGETAÇÃO,C60L63,POINT (-58.89103715899995 -2.7435241669999666)
2024,VEGETAÇÃO,C60L63,POINT (-58.83955715899995 -2.593314166999966)
2024,VEGETAÇÃO,C60L63,POINT (-58.76359715899996 -2.598714166999966)
2024,VEGETAÇÃO,C60L63,POINT (-58.96348715899995 -2.732094166999966)
2024,VEGETAÇÃO,C60L63,POINT (-58.862687158999954 -2.7111241669999657)
2024,VEGETAÇÃO,C60L63,POINT (-58.792757158999954 -2.7373141669999654)
2024,VEGETAÇÃO,C60L63,POINT (-58.98481715899995 -2.626614166999966)
2024,VEGETAÇÃO,C60L63,POINT (-58.81750715899995 -2.615814166999966)
2024,VEGETAÇÃO,C60L63,POINT (-58.79158715899995 -2.732184166999966)
2024,VEGETAÇÃO,C60L63,POINT (-58.90606715899995 -2.591064166999966)
2024,VEGETAÇÃO,C60L63,POINT (-58.86610715899995 -2.6477641669999663)
2024,VEGETAÇÃO,C60L63,POINT (-58.978157158999956 -2.609694166999966)
2024,VEGETAÇÃO,C60L63,POINT (-58.81795715899995 -2.609064166999966)
2024,VEGETAÇÃO,C60L63,POINT (-58.94062715899995 -2.7197641669999655)
2024,VEGETAÇÃO,C60L63,POINT (-58.96303715899995 -2.581164166999966)
2024,VEGETAÇÃO,C60L63,POINT (-58.75180715899995 -2.548584166999966)
2024,VEGETAÇÃO,C60L63,POINT (-58.823537158999954 -2.534544166999966)
2024,VEGETAÇÃO,C60L63,POINT (-58.906877158999954 -2.675664166999966)
2024,VEGETAÇÃO,C60L63,POINT (-58.87852715899995 -2.716704166999966)
2024,VEGETAÇÃO,C60L63,POINT (-58.83010715899995 -2.6714341669999655)
2024,VEGETAÇÃO,C60L63,POINT (-58.951517158999955 -2.676024166999966)
2024,VEGETAÇÃO,C60L63,POINT (-58.89148715899995 -2.6285041669999663)
2024,VEGETAÇÃO,C60L63,POINT (-58.82965715899995 -2.6642341669999663)
2024,VEGETAÇÃO,C60L63,POINT (-58.77682715899995 -2.6681041669999663)
2024,VEGETAÇÃO,C60L63,POINT (-58.87960715899995 -2.722914166999966)
2024,VEGETAÇÃO,C60L63,POINT (-58.96555715899996 -2.6720641669999656)
2024,VEGETAÇÃO,C60L63,POINT (-58.805807158999954 -2.534994166999966)
2024,VEGETAÇÃO,C60L63,POINT (-58.964117158999954 -2.542014166999966)
2024,VEGETAÇÃO,C60L63,POINT (-58.96249715899995 -2.6095141669999657)
2024,VEGETAÇÃO,C60L63,POINT (-58.77250715899996 -2.6122141669999657)
2024,VEGETAÇÃO,C60L63,POINT (-58.81822715899995 -2.568024166999966)
2024,VEGETAÇÃO,C60L63,POINT (-58.86979715899995 -2.7494641669999655)
2024,VEGETAÇÃO,C60L63,POINT (-58.80292715899995 -2.5977241669999662)
2024,VEGETAÇÃO,C60L63,POINT (-58.867637158999955 -2.6511841669999656)
2024,VEGETAÇÃO,C60L63,POINT (-58.76368715899996 -2.506824166999966)
2024,VEGETAÇÃO,C60L63,POINT (-58.814717158999954 -2.567304166999966)
2024,VEGETAÇÃO,C60L63,POINT (-58.774757158999954 -2.5831441669999657)
2024,VEGETAÇÃO,C60L63,POINT (-58.92226715899995 -2.5785541669999663)
2024,VEGETAÇÃO,C60L63,POINT (-58.978247158999956 -2.593764166999966)
2024,VEGETAÇÃO,C60L63,POINT (-58.80355715899995 -2.7065341669999663)
2024,VEGETAÇÃO,C60L63,POINT (-58.85710715899995 -2.710314166999966)
2024,VEGETAÇÃO,C60L63,POINT (-58.81786715899995 -2.5628041669999657)
2024,VEGETAÇÃO,C60L63,POINT (-58.88671715899996 -2.6369641669999657)
2024,VEGETAÇÃO,C60L63,POINT (-58.753427158999955 -2.6197741669999663)
2024,VEGETAÇÃO,C60L63,POINT (-58.75009715899995 -2.511954166999966)
2024,VEGETAÇÃO,C60L63,POINT (-58.801217158999954 -2.5831441669999657)
2024,VEGETAÇÃO,C60L63,POINT (-58.981577158999954 -2.508174166999966)
2024,VEGETAÇÃO,C60L63,POINT (-58.982747158999956 -2.633724166999966)
2024,VEGETAÇÃO,C60L63,POINT (-58.86952715899995 -2.731554166999967)
2024,VEGETAÇÃO,C60L63,POINT (-58.907687158999956 -2.667384166999966)
2024,VEGETAÇÃO,C60L63,POINT (-58.780607158999956 -2.5727041669999657)
2024,VEGETAÇÃO,C60L63,POINT (-58.779257158999954 -2.5391341669999656)
2024,VEGETAÇÃO,C60L63,POINT (-58.79518715899995 -2.5856641669999663)
2024,VEGETAÇÃO,C60L63,POINT (-58.97086715899995 -2.561904166999966)
2024,VEGETAÇÃO,C60L63,POINT (-58.832357158999955 -2.7237241669999657)
2024,VEGETAÇÃO,C60L63,POINT (-58.75225715899995 -2.7337141669999667)
2024,VEGETAÇÃO,C60L63,POINT (-58.798247158999956 -2.6813341669999655)
2024,VEGETAÇÃO,C60L63,POINT (-58.943057158999956 -2.6548741669999663)
2024,VEGETAÇÃO,C60L63,POINT (-58.84864715899995 -2.705364166999966)
2024,VEGETAÇÃO,C60L63,POINT (-58.801757158999955 -2.611314166999966)
2024,VEGETAÇÃO,C60L63,POINT (-58.92298715899995 -2.6594641669999657)
2024,VEGETAÇÃO,C60L63,POINT (-58.85728715899995 -2.6884441669999664)
2024,VEGETAÇÃO,C60L63,POINT (-58.76944715899995 -2.666754166999966)
2024,VEGETAÇÃO,C60L63,POINT (-58.774667158999954 -2.5890841669999656)
2024,VEGETAÇÃO,C60L63,POINT (-58.946477158999954 -2.6528041669999656)
2024,VEGETAÇÃO,C60L63,POINT (-58.95214715899995 -2.6276041669999657)
2024,VEGETAÇÃO,C60L63,POINT (-58.90399715899996 -2.625624166999966)
2024,VEGETAÇÃO,C60L63,POINT (-58.937567158999954 -2.5446241669999656)
2024,VEGETAÇÃO,C60L63,POINT (-58.82677715899995 -2.6911441669999663)
2024,VEGETAÇÃO,C60L63,POINT (-58.986707158999955 -2.5479541669999657)
2024,VEGETAÇÃO,C60L63,POINT (-58.832807158999955 -2.594214166999966)
2024,VEGETAÇÃO,C60L63,POINT (-58.867097158999954 -2.568024166999966)
2024,VEGETAÇÃO,C60L63,POINT (-58.95457715899995 -2.734254166999966)
2024,VEGETAÇÃO,C60L63,POINT (-58.86988715899995 -2.626074166999966)
2024,VEGETAÇÃO,C60L63,POINT (-58.86475715899995 -2.590884166999966)
2024,VEGETAÇÃO,C60L63,POINT (-58.96150715899995 -2.5484941669999657)
2024,VEGETAÇÃO,C60L63,POINT (-58.840907158999954 -2.525004166999966)
2024,VEGETAÇÃO,C60L63,POINT (-58.946117158999954 -2.7361441669999653)
2024,VEGETAÇÃO,C60L63,POINT (-58.934327158999956 -2.6478541669999656)
2024,VEGETAÇÃO,C60L63,POINT (-58.94890715899995 -2.592594166999966)
2024,VEGETAÇÃO,C60L63,POINT (-58.947377158999956 -2.5406641669999663)
2024,VEGETAÇÃO,C60L63,POINT (-58.828577158999956 -2.704734166999966)
2024,VEGETAÇÃO,C60L63,POINT (-58.84900715899995 -2.574594166999966)
2024,VEGETAÇÃO,C60L63,POINT (-58.968707158999955 -2.538324166999966)
2024,VEGETAÇÃO,C60L63,POINT (-58.94143715899995 -2.597634166999966)
2024,VEGETAÇÃO,C60L63,POINT (-58.83811715899995 -2.5450741669999655)
2024,VEGETAÇÃO,C60L63,POINT (-58.86907715899996 -2.704824166999966)
2024,VEGETAÇÃO,C60L63,POINT (-58.93549715899995 -2.506464166999966)
2024,VEGETAÇÃO,C60L63,POINT (-58.82560715899995 -2.561274166999966)
2024,VEGETAÇÃO,C60L63,POINT (-58.819937158999956 -2.660724166999966)
2024,VEGETAÇÃO,C60L63,POINT (-58.90012715899995 -2.6499241669999662)
2024,VEGETAÇÃO,C60L63,POINT (-58.77862715899995 -2.632734166999966)
2024,VEGETAÇÃO,C60L63,POINT (-58.97941715899995 -2.6038441669999663)
2024,VEGETAÇÃO,C60L63,POINT (-58.84423715899995 -2.659644166999966)
2024,VEGETAÇÃO,C60L63,POINT (-58.907147158999955 -2.5254541669999657)
2024,VEGETAÇÃO,C60L63,POINT (-58.76458715899995 -2.632194166999966)
2024,VEGETAÇÃO,C60L63,POINT (-58.90633715899995 -2.654064166999966)
2024,VEGETAÇÃO,C60L63,POINT (-58.91452715899995 -2.673954166999966)
2024,VEGETAÇÃO,C60L63,POINT (-58.814807158999955 -2.671704166999966)
2024,VEGETAÇÃO,C60L63,POINT (-58.762427158999955 -2.5325641669999657)
2024,VEGETAÇÃO,C60L63,POINT (-58.99597715899995 -2.572884166999966)
2024,VEGETAÇÃO,C60L63,POINT (-58.986977158999956 -2.5842241669999657)
2024,VEGETAÇÃO,C60L63,POINT (-58.766027158999954 -2.523564166999966)
2024,VEGETAÇÃO,C60L63,POINT (-58.78159715899996 -2.7071641669999655)
2024,VEGETAÇÃO,C60L63,POINT (-58.893467158999954 -2.567934166999966)
2024,VEGETAÇÃO,C60L63,POINT (-58.92793715899995 -2.6559541669999662)
2024,VEGETAÇÃO,C60L63,POINT (-58.90084715899995 -2.593764166999966)
2024,VEGETAÇÃO,C60L63,POINT (-58.81129715899995 -2.506374166999966)
2024,VEGETAÇÃO,C60L63,POINT (-58.86655715899995 -2.525724166999966)
2024,VEGETAÇÃO,C60L63,POINT (-58.94584715899995 -2.7407341669999656)
2024,VEGETAÇÃO,C60L63,POINT (-58.98751715899995 -2.636514166999966)
2024,VEGETAÇÃO,C60L63,POINT (-58.78519715899995 -2.5433641669999663)
2024,VEGETAÇÃO,C60L63,POINT (-58.97023715899995 -2.6885341669999656)
2024,VEGETAÇÃO,C60L63,POINT (-58.796627158999954 -2.511774166999966)
2024,VEGETAÇÃO,C60L63,POINT (-58.93207715899995 -2.5347241669999656)
2024,VEGETAÇÃO,C60L63,POINT (-58.76332715899996 -2.568474166999966)
2024,VEGETAÇÃO,C60L63,POINT (-58.98472715899995 -2.7026641669999663)
2024,VEGETAÇÃO,C60L63,POINT (-58.889687158999955 -2.539404166999966)
2024,VEGETAÇÃO,C60L63,POINT (-58.96222715899995 -2.7495541669999657)
2024,VEGETAÇÃO,C60L63,POINT (-58.96582715899996 -2.5000741669999655)
2024,VEGETAÇÃO,C60L63,POINT (-58.80742715899996 -2.573424166999966)
2024,VEGETAÇÃO,C60L63,POINT (-58.880597158999954 -2.5367941669999663)
2024,VEGETAÇÃO,C60L63,POINT (-58.934327158999956 -2.620134166999966)
2024,VEGETAÇÃO,C60L63,POINT (-58.81336715899995 -2.533734166999966)
2024,VEGETAÇÃO,C60L63,POINT (-58.805987158999955 -2.651364166999966)
2024,VEGETAÇÃO,C60L63,POINT (-58.86934715899996 -2.7104941669999656)
2024,VEGETAÇÃO,C60L63,POINT (-58.94107715899995 -2.7115741669999656)
2024,VEGETAÇÃO,C60L63,POINT (-58.951337158999955 -2.559744166999966)
2024,VEGETAÇÃO,C60L63,POINT (-58.97509715899995 -2.647584166999966)
2024,VEGETAÇÃO,C60L63,POINT (-58.986977158999956 -2.581704166999966)
2024,VEGETAÇÃO,C60L63,POINT (-58.990217158999954 -2.551374166999966)
2024,VEGETAÇÃO,C60L63,POINT (-58.76836715899995 -2.622204166999966)
2024,VEGETAÇÃO,C60L63,POINT (-58.898147158999954 -2.7252541669999655)
2024,VEGETAÇÃO,C60L63,POINT (-58.82029715899995 -2.554794166999966)
2024,VEGETAÇÃO,C60L63,POINT (-58.82686715899995 -2.596554166999966)
2024,VEGETAÇÃO,C60L63,POINT (-58.89085715899995 -2.6576641669999663)
2024,VEGETAÇÃO,C60L63,POINT (-58.83001715899995 -2.707884166999966)
2024,VEGETAÇÃO,C60L63,POINT (-58.850627158999956 -2.557944166999966)
2024,VEGETAÇÃO,C60L63,POINT (-58.82056715899995 -2.7203941669999656)
2024,VEGETAÇÃO,C60L63,POINT (-58.76818715899995 -2.528424166999966)
2024,VEGETAÇÃO,C60L63,POINT (-58.86565715899995 -2.5703641669999655)
2024,VEGETAÇÃO,C60L63,POINT (-58.95466715899995 -2.654154166999966)
2024,VEGETAÇÃO,C60L63,POINT (-58.841267158999955 -2.720034166999966)
2024,VEGETAÇÃO,C60L63,POINT (-58.91704715899995 -2.563974166999966)
2024,VEGETAÇÃO,C60L63,POINT (-58.884827158999954 -2.5675741669999663)
2024,VEGETAÇÃO,C60L63,POINT (-58.814267158999954 -2.5314841669999657)
2024,VEGETAÇÃO,C60L63,POINT (-58.91326715899996 -2.7037441669999662)
2024,VEGETAÇÃO,C60L63,POINT (-58.75459715899996 -2.6500141669999655)
2024,VEGETAÇÃO,C60L63,POINT (-58.90867715899995 -2.528334166999966)
2024,VEGETAÇÃO,C60L63,POINT (-58.81282715899995 -2.7357841669999665)
2024,VEGETAÇÃO,C60L63,POINT (-58.78168715899995 -2.527794166999966)
2024,VEGETAÇÃO,C60L63,POINT (-58.893737158999954 -2.601414166999966)
2024,VEGETAÇÃO,C60L63,POINT (-58.814177158999954 -2.684844166999966)
2024,VEGETAÇÃO,C60L63,POINT (-58.97896715899995 -2.542194166999966)
2024,VEGETAÇÃO,C60L63,POINT (-58.82245715899995 -2.675664166999966)
2024,VEGETAÇÃO,C60L63,POINT (-58.84828715899995 -2.7203941669999656)
2024,VEGETAÇÃO,C60L63,POINT (-58.83406715899996 -2.716704166999966)
2024,VEGETAÇÃO,C60L63,POINT (-58.956467158999956 -2.6484841669999657)
2024,VEGETAÇÃO,C60L63,POINT (-58.920467158999955 -2.598624166999966)
2024,VEGETAÇÃO,C60L63,POINT (-58.92181715899996 -2.5307641669999663)
2024,VEGETAÇÃO,C60L63,POINT (-58.972667158999954 -2.726154166999966)
2024,VEGETAÇÃO,C60L63,POINT (-58.868267158999956 -2.736504166999966)
2024,VEGETAÇÃO,C60L63,POINT (-58.76530715899995 -2.595474166999966)
2024,VEGETAÇÃO,C60L63,POINT (-58.863137158999955 -2.5231141669999655)
2024,VEGETAÇÃO,C60L63,POINT (-58.89661715899995 -2.639394166999966)
2024,VEGETAÇÃO,C60L63,POINT (-58.84882715899995 -2.648574166999966)
2024,VEGETAÇÃO,C60L63,POINT (-58.79869715899996 -2.6891641669999657)
2024,VEGETAÇÃO,C60L63,POINT (-58.94530715899995 -2.561904166999966)
2024,VEGETAÇÃO,C60L63,POINT (-58.978157158999956 -2.5336441669999656)
2024,VEGETAÇÃO,C60L63,POINT (-58.876097158999954 -2.645874166999966)
2024,VEGETAÇÃO,C60L63,POINT (-58.86457715899995 -2.666304166999966)
2024,VEGETAÇÃO,C60L63,POINT (-58.986257158999955 -2.500974166999966)
2024,VEGETAÇÃO,C60L63,POINT (-58.76413715899995 -2.6504641669999662)
2024,VEGETAÇÃO,C60L63,POINT (-58.951787158999956 -2.5253641669999656)
2024,VEGETAÇÃO,C60L63,POINT (-58.96609715899996 -2.5433641669999663)
2024,VEGETAÇÃO,C60L63,POINT (-58.770707158999954 -2.5395841669999655)
2024,VEGETAÇÃO,C60L63,POINT (-58.854587158999955 -2.614554166999966)
2024,VEGETAÇÃO,C60L63,POINT (-58.83928715899995 -2.6780041669999664)
2024,VEGETAÇÃO,C60L63,POINT (-58.973657158999956 -2.638314166999966)
2024,VEGETAÇÃO,C60L63,POINT (-58.99390715899995 -2.626074166999966)
2024,VEGETAÇÃO,C60L63,POINT (-58.964927158999956 -2.579004166999966)
2024,VEGETAÇÃO,C60L63,POINT (-58.89607715899995 -2.530674166999966)
2024,VEGETAÇÃO,C60L63,POINT (-58.792487158999954 -2.528874166999966)
2024,VEGETAÇÃO,C60L63,POINT (-58.88257715899995 -2.6814241669999657)
2024,VEGETAÇÃO,C60L63,POINT (-58.98355715899996 -2.6429041669999656)
2024,VEGETAÇÃO,C60L63,POINT (-58.776107158999956 -2.7005041669999663)
2024,VEGETAÇÃO,C60L63,POINT (-58.79068715899995 -2.597544166999966)
2024,VEGETAÇÃO,C60L63,POINT (-58.94332715899995 -2.6787241669999657)
2024,VEGETAÇÃO,C60L63,POINT (-58.898777158999955 -2.5364341669999657)
2024,VEGETAÇÃO,C60L63,POINT (-58.942247158999955 -2.7114841669999663)
2024,VEGETAÇÃO,C60L63,POINT (-58.898237158999954 -2.6323741669999663)
2024,VEGETAÇÃO,C60L63,POINT (-58.95439715899995 -2.739294166999965)
2024,VEGETAÇÃO,C60L63,POINT (-58.845677158999955 -2.5752241669999663)
2024,VEGETAÇÃO,C60L63,POINT (-58.80751715899996 -2.538684166999966)
2024,VEGETAÇÃO,C60L63,POINT (-58.753607158999955 -2.625174166999966)
2024,VEGETAÇÃO,C60L63,POINT (-58.78501715899995 -2.715804166999966)
2024,VEGETAÇÃO,C60L63,POINT (-58.828757158999956 -2.5885441669999656)
2024,VEGETAÇÃO,C60L63,POINT (-58.94152715899995 -2.686104166999966)
2024,VEGETAÇÃO,C60L63,POINT (-58.827497158999954 -2.661894166999966)
2024,VEGETAÇÃO,C60L63,POINT (-58.76458715899995 -2.563614166999966)
2024,VEGETAÇÃO,C60L63,POINT (-58.80796715899996 -2.543184166999966)
2024,VEGETAÇÃO,C60L63,POINT (-58.969157158999955 -2.7416341669999653)
2024,VEGETAÇÃO,C60L63,POINT (-58.95358715899995 -2.6494741669999655)
2024,VEGETAÇÃO,C60L63,POINT (-58.79167715899995 -2.5545241669999657)
2024,VEGETAÇÃO,C60L63,POINT (-58.89238715899995 -2.615094166999966)
2024,VEGETAÇÃO,C60L63,POINT (-58.75243715899995 -2.5851241669999663)
2024,VEGETAÇÃO,C60L63,POINT (-58.841627158999955 -2.7462241669999656)
2024,VEGETAÇÃO,C60L63,POINT (-58.867007158999954 -2.503584166999966)
2024,VEGETAÇÃO,C60L63,POINT (-58.75981715899995 -2.602404166999966)
2024,VEGETAÇÃO,C60L63,POINT (-58.83874715899995 -2.6006941669999657)
2024,VEGETAÇÃO,C60L63,POINT (-58.779527158999954 -2.563614166999966)
2024,VEGETAÇÃO,C60L63,POINT (-58.977077158999954 -2.726064166999966)
2024,VEGETAÇÃO,C60L63,POINT (-58.780427158999956 -2.5856641669999663)
2024,VEGETAÇÃO,C60L63,POINT (-58.956557158999956 -2.6808841669999657)
2024,VEGETAÇÃO,C60L63,POINT (-58.833167158999956 -2.6347141669999656)
2024,VEGETAÇÃO,C60L63,POINT (-58.90471715899995 -2.722734166999966)
2024,VEGETAÇÃO,C60L63,POINT (-58.79860715899996 -2.6929441669999656)
2024,VEGETAÇÃO,C60L63,POINT (-58.77664715899995 -2.683944166999966)
2024,VEGETAÇÃO,C60L63,POINT (-58.827407158999954 -2.5996141669999657)
2024,VEGETAÇÃO,C60L63,POINT (-58.99426715899995 -2.7390241669999664)
2024,VEGETAÇÃO,C60L63,POINT (-58.96636715899995 -2.7196741669999662)
2024,VEGETAÇÃO,C60L63,POINT (-58.84873715899995 -2.526084166999966)
2024,VEGETAÇÃO,C60L63,POINT (-58.854137158999954 -2.5477741669999663)
2024,VEGETAÇÃO,C60L63,POINT (-58.87852715899995 -2.500254166999966)
2024,VEGETAÇÃO,C60L63,POINT (-58.97203715899995 -2.6686441669999663)
2024,VEGETAÇÃO,C60L63,POINT (-58.79536715899995 -2.539224166999966)
2024,VEGETAÇÃO,C60L63,POINT (-58.83586715899995 -2.5967341669999655)
2024,VEGETAÇÃO,C60L63,POINT (-58.84729715899995 -2.692674166999966)
2024,VEGETAÇÃO,C60L63,POINT (-58.98373715899996 -2.5268941669999663)
2024,VEGETAÇÃO,C60L63,POINT (-58.956557158999956 -2.684484166999966)
2024,VEGETAÇÃO,C60L63,POINT (-58.94089715899995 -2.5483141669999663)
2024,VEGETAÇÃO,C60L63,POINT (-58.84423715899995 -2.589444166999966)
2024,VEGETAÇÃO,C60L63,POINT (-58.867727158999955 -2.6298541669999658)
2024,VEGETAÇÃO,C60L63,POINT (-58.771067158999955 -2.7248041669999656)
2024,VEGETAÇÃO,C60L63,POINT (-58.87339715899995 -2.5803541669999657)
2024,VEGETAÇÃO,C60L63,POINT (-58.85692715899995 -2.6982541669999662)
2024,VEGETAÇÃO,C60L63,POINT (-58.76134715899995 -2.554794166999966)
2024,VEGETAÇÃO,C60L63,POINT (-58.80931715899995 -2.5907041669999655)
2024,VEGETAÇÃO,C60L63,POINT (-58.80877715899995 -2.519514166999966)
2024,VEGETAÇÃO,C60L63,POINT (-58.83883715899995 -2.641644166999966)
2024,VEGETAÇÃO,C60L63,POINT (-58.84837715899995 -2.716794166999966)
2024,VEGETAÇÃO,C60L63,POINT (-58.98985715899995 -2.5966441669999663)
2024,VEGETAÇÃO,C60L63,POINT (-58.99714715899995 -2.7203941669999656)
2024,VEGETAÇÃO,C60L63,POINT (-58.78591715899995 -2.7471241669999653)
2024,VEGETAÇÃO,C60L63,POINT (-58.93090715899996 -2.6364241669999657)
2024,VEGETAÇÃO,C60L63,POINT (-58.99741715899995 -2.5033141669999663)
2024,VEGETAÇÃO,C60L63,POINT (-58.850987158999956 -2.714454166999966)
2024,VEGETAÇÃO,C60L63,POINT (-58.907147158999955 -2.6351641669999655)
2024,VEGETAÇÃO,C60L63,POINT (-58.876637158999955 -2.7337141669999667)
2024,VEGETAÇÃO,C60L63,POINT (-58.99399715899995 -2.5845841669999663)
2024,VEGETAÇÃO,C60L63,POINT (-58.89121715899995 -2.582694166999966)
2024,VEGETAÇÃO,C60L63,POINT (-58.784567158999955 -2.567934166999966)
2024,VEGETAÇÃO,C60L63,POINT (-58.98364715899996 -2.6226541669999657)
2024,VEGETAÇÃO,C60L63,POINT (-58.80310715899995 -2.5071841669999655)
2024,VEGETAÇÃO,C60L63,POINT (-58.79941715899995 -2.724534166999966)
2024,VEGETAÇÃO,C60L63,POINT (-58.96078715899995 -2.6593741669999655)
2024,VEGETAÇÃO,C60L63,POINT (-58.86160715899995 -2.6528041669999656)
2024,VEGETAÇÃO,C60L63,POINT (-58.89256715899995 -2.576124166999966)
2024,VEGETAÇÃO,C60L63,POINT (-58.78537715899995 -2.656494166999966)
2024,VEGETAÇÃO,C60L63,POINT (-58.80436715899995 -2.5016941669999655)
2024,VEGETAÇÃO,C60L63,POINT (-58.75027715899995 -2.508624166999966)
2024,VEGETAÇÃO,C60L63,POINT (-58.75486715899996 -2.5198741669999656)
2024,VEGETAÇÃO,C60L63,POINT (-58.898327158999955 -2.5011541669999655)
2024,VEGETAÇÃO,C60L63,POINT (-58.77331715899995 -2.704104166999966)
2024,VEGETAÇÃO,C60L63,POINT (-58.884827158999954 -2.5813441669999655)
2024,VEGETAÇÃO,C60L63,POINT (-58.83019715899995 -2.6213941669999663)
2024,VEGETAÇÃO,C60L63,POINT (-58.753607158999955 -2.5329241669999663)
2024,VEGETAÇÃO,C60L63,POINT (-58.836767158999955 -2.509164166999966)
2024,VEGETAÇÃO,C60L63,POINT (-58.767287158999956 -2.7005941669999656)
2024,VEGETAÇÃO,C60L63,POINT (-58.78969715899996 -2.6247241669999655)
2024,VEGETAÇÃO,C60L63,POINT (-58.76035715899995 -2.600874166999966)
2024,VEGETAÇÃO,C60L63,POINT (-58.95466715899995 -2.5598341669999662)
2024,VEGETAÇÃO,C60L63,POINT (-58.85782715899995 -2.673324166999966)
2024,VEGETAÇÃO,C60L63,POINT (-58.90957715899995 -2.511234166999966)
2024,VEGETAÇÃO,C60L63,POINT (-58.823627158999955 -2.5577641669999656)
2024,VEGETAÇÃO,C60L63,POINT (-58.999847158999955 -2.522934166999966)
2024,VEGETAÇÃO,C60L63,POINT (-58.96573715899996 -2.527164166999966)
2024,VEGETAÇÃO,C60L63,POINT (-58.82659715899995 -2.6873641669999655)
2024,VEGETAÇÃO,C60L63,POINT (-58.91947715899995 -2.6402941669999658)
2024,VEGETAÇÃO,C60L63,POINT (-58.88743715899995 -2.642724166999966)
2024,VEGETAÇÃO,C60L63,POINT (-58.991387158999956 -2.5847641669999657)
2024,VEGETAÇÃO,C60L63,POINT (-58.86241715899995 -2.576664166999966)
2024,VEGETAÇÃO,C60L63,POINT (-58.819757158999955 -2.749824166999966)
2024,VEGETAÇÃO,C60L63,POINT (-58.89202715899995 -2.666304166999966)
2024,VEGETAÇÃO,C60L63,POINT (-58.780067158999955 -2.509794166999966)
2024,VEGETAÇÃO,C60L63,POINT (-58.757297158999954 -2.6693641669999657)
2024,VEGETAÇÃO,C60L63,POINT (-58.82983715899995 -2.555424166999966)
2024,VEGETAÇÃO,C60L63,POINT (-58.76035715899995 -2.576664166999966)
2024,VEGETAÇÃO,C60L63,POINT (-58.81795715899995 -2.7346141669999664)
2024,VEGETAÇÃO,C60L63,POINT (-58.86214715899995 -2.5873741669999655)
2024,VEGETAÇÃO,C60L63,POINT (-58.801307158999954 -2.659104166999966)
2024,VEGETAÇÃO,C60L63,POINT (-58.92838715899995 -2.7006841669999657)
2024,VEGETAÇÃO,C60L63,POINT (-58.762787158999956 -2.593674166999966)
2024,VEGETAÇÃO,C60L63,POINT (-58.86241715899995 -2.587104166999966)
2024,VEGETAÇÃO,C60L63,POINT (-58.93207715899995 -2.677284166999966)
2024,VEGETAÇÃO,C60L63,POINT (-58.784837158999956 -2.7016741669999655)
2024,VEGETAÇÃO,C60L63,POINT (-58.82137715899995 -2.7367741669999663)
2024,VEGETAÇÃO,C60L63,POINT (-58.801757158999955 -2.6900641669999663)
2024,VEGETAÇÃO,C60L63,POINT (-58.819487158999955 -2.6922241669999663)
2024,VEGETAÇÃO,C60L63,POINT (-58.88185715899995 -2.7032941669999655)
2024,VEGETAÇÃO,C60L63,POINT (-58.968707158999955 -2.575044166999966)
2024,VEGETAÇÃO,C60L63,POINT (-58.793027158999955 -2.5050241669999656)
2024,VEGETAÇÃO,C60L63,POINT (-58.77340715899995 -2.5165441669999655)
2024,VEGETAÇÃO,C60L63,POINT (-58.89697715899995 -2.5621741669999656)
2024,VEGETAÇÃO,C60L63,POINT (-58.95286715899995 -2.653164166999966)
2024,VEGETAÇÃO,C60L63,POINT (-58.76134715899995 -2.5180741669999662)
2024,VEGETAÇÃO,C60L63,POINT (-58.91425715899995 -2.735964166999965)
2024,VEGETAÇÃO,C60L63,POINT (-58.910927158999954 -2.7153541669999663)
2024,VEGETAÇÃO,C60L63,POINT (-58.841177158999955 -2.641104166999966)
2024,VEGETAÇÃO,C60L63,POINT (-58.75081715899995 -2.6506441669999656)
2024,VEGETAÇÃO,C60L63,POINT (-58.88815715899995 -2.688354166999966)
2024,VEGETAÇÃO,C60L63,POINT (-58.797977158999956 -2.561904166999966)
2024,VEGETAÇÃO,C60L63,POINT (-58.97842715899995 -2.723904166999966)
2024,VEGETAÇÃO,C60L63,POINT (-58.92793715899995 -2.6891641669999657)
2024,VEGETAÇÃO,C60L63,POINT (-58.96105715899995 -2.699694166999966)
2024,VEGETAÇÃO,C60L63,POINT (-58.981487158999954 -2.591064166999966)
2024,VEGETAÇÃO,C60L63,POINT (-58.916327158999955 -2.550924166999966)
2024,VEGETAÇÃO,C60L63,POINT (-58.84819715899995 -2.519514166999966)
2024,VEGETAÇÃO,C60L63,POINT (-58.965287158999956 -2.537154166999966)
2024,VEGETAÇÃO,C60L63,POINT (-58.82956715899995 -2.7449641669999654)
2024,VEGETAÇÃO,C60L63,POINT (-58.79383715899995 -2.599704166999966)
2024,VEGETAÇÃO,C60L63,POINT (-58.93099715899996 -2.7088741669999656)
2024,VEGETAÇÃO,C60L63,POINT (-58.89112715899995 -2.5412041669999663)
2024,VEGETAÇÃO,C60L63,POINT (-58.924877158999955 -2.612394166999966)
2024,VEGETAÇÃO,C60L63,POINT (-58.960067158999955 -2.7479341669999666)
2024,VEGETAÇÃO,C60L63,POINT (-58.924427158999954 -2.6099641669999656)
2024,VEGETAÇÃO,C60L63,POINT (-58.950527158999954 -2.533194166999966)
2024,VEGETAÇÃO,C60L63,POINT (-58.807067158999956 -2.695284166999966)
2024,VEGETAÇÃO,C60L63,POINT (-58.779707158999955 -2.5709941669999656)
2024,VEGETAÇÃO,C60L63,POINT (-58.79023715899996 -2.6713441669999662)
2024,VEGETAÇÃO,C60L63,POINT (-58.893827158999954 -2.6000641669999656)
2024,VEGETAÇÃO,C60L63,POINT (-58.950887158999954 -2.7491041669999667)
2024,VEGETAÇÃO,C60L63,POINT (-58.81255715899995 -2.5203241669999663)
2024,VEGETAÇÃO,C60L63,POINT (-58.94548715899995 -2.606814166999966)
2024,VEGETAÇÃO,C60L63,POINT (-58.806257158999955 -2.721834166999966)
2024,VEGETAÇÃO,C60L63,POINT (-58.787987158999954 -2.696004166999966)
2024,VEGETAÇÃO,C60L63,POINT (-58.850447158999955 -2.5702741669999662)
2024,VEGETAÇÃO,C60L63,POINT (-58.903007158999955 -2.676114166999966)
2024,VEGETAÇÃO,C60L63,POINT (-58.84747715899995 -2.504844166999966)
2024,VEGETAÇÃO,C60L63,POINT (-58.85188715899996 -2.5732441669999657)
2024,VEGETAÇÃO,C60L63,POINT (-58.75891715899995 -2.734434166999966)
2024,VEGETAÇÃO,C60L63,POINT (-58.757747158999955 -2.697084166999966)
2024,VEGETAÇÃO,C60L63,POINT (-58.92181715899996 -2.6155441669999657)
2024,VEGETAÇÃO,C60L63,POINT (-58.824347158999956 -2.5428241669999663)
2024,VEGETAÇÃO,C60L63,POINT (-58.840727158999954 -2.5378741669999663)
2024,VEGETAÇÃO,C60L63,POINT (-58.898327158999955 -2.656854166999966)
2024,VEGETAÇÃO,C60L63,POINT (-58.880867158999955 -2.6752141669999663)
2024,VEGETAÇÃO,C60L63,POINT (-58.76908715899995 -2.7297541669999656)
2024,VEGETAÇÃO,C60L63,POINT (-58.97644715899995 -2.6665741669999656)
2024,VEGETAÇÃO,C60L63,POINT (-58.890227158999956 -2.655324166999966)
2024,VEGETAÇÃO,C60L63,POINT (-58.840997158999954 -2.7065341669999663)
2024,VEGETAÇÃO,C60L63,POINT (-58.88230715899995 -2.749194166999965)
2024,VEGETAÇÃO,C60L63,POINT (-58.89976715899995 -2.586474166999966)
2024,VEGETAÇÃO,C60L63,POINT (-58.87834715899995 -2.6017741669999657)
2024,VEGETAÇÃO,C60L63,POINT (-58.814537158999954 -2.647494166999966)
2024,VEGETAÇÃO,C60L63,POINT (-58.762607158999955 -2.505744166999966)
2024,VEGETAÇÃO,C60L63,POINT (-58.960067158999955 -2.522844166999966)
2024,VEGETAÇÃO,C60L63,POINT (-58.885097158999955 -2.584854166999966)
2024,VEGETAÇÃO,C60L63,POINT (-58.78258715899995 -2.731104166999966)
2024,VEGETAÇÃO,C60L63,POINT (-58.90057715899995 -2.5875541669999658)
2024,VEGETAÇÃO,C60L63,POINT (-58.99390715899995 -2.6197741669999663)
2024,VEGETAÇÃO,C60L63,POINT (-58.80490715899995 -2.7131941669999655)
2024,VEGETAÇÃO,C60L63,POINT (-58.86178715899995 -2.652084166999966)
2024,VEGETAÇÃO,C60L63,POINT (-58.831817158999954 -2.5709941669999656)
2024,VEGETAÇÃO,C60L63,POINT (-58.79104715899995 -2.7279541669999663)
2024,VEGETAÇÃO,C60L63,POINT (-58.938107158999955 -2.6391241669999657)
2024,VEGETAÇÃO,C60L63,POINT (-58.88797715899995 -2.593674166999966)
2024,VEGETAÇÃO,C60L63,POINT (-58.90174715899995 -2.617344166999966)
2024,VEGETAÇÃO,C60L63,POINT (-58.99858715899995 -2.622834166999966)
2024,VEGETAÇÃO,C60L63,POINT (-58.83127715899995 -2.7318241669999654)
2024,VEGETAÇÃO,C60L63,POINT (-58.90930715899995 -2.691504166999966)
2024,VEGETAÇÃO,C60L63,POINT (-58.766567158999955 -2.535084166999966)
2024,VEGETAÇÃO,C60L63,POINT (-58.959527158999954 -2.564604166999966)
2024,VEGETAÇÃO,C60L63,POINT (-58.78960715899996 -2.7186841669999655)
2024,VEGETAÇÃO,C60L63,POINT (-58.89706715899995 -2.660274166999966)
2024,VEGETAÇÃO,C60L63,POINT (-58.94917715899995 -2.740824166999966)
2024,VEGETAÇÃO,C60L63,POINT (-58.95664715899996 -2.5050241669999656)
2024,VEGETAÇÃO,C60L63,POINT (-58.797707158999955 -2.7406441669999655)
2024,VEGETAÇÃO,C60L63,POINT (-58.75063715899995 -2.560734166999966)
2024,VEGETAÇÃO,C60L63,POINT (-58.89994715899995 -2.540034166999966)
2024,VEGETAÇÃO,C60L63,POINT (-58.76971715899995 -2.5946641669999657)
2024,VEGETAÇÃO,C60L63,POINT (-58.889147158999954 -2.7307441669999655)
2024,VEGETAÇÃO,C60L63,POINT (-58.76494715899995 -2.5313941669999656)
2024,VEGETAÇÃO,C60L63,POINT (-58.78213715899995 -2.650914166999966)
2024,VEGETAÇÃO,C60L63,POINT (-58.78213715899995 -2.5268941669999663)
2024,VEGETAÇÃO,C60L63,POINT (-58.99831715899995 -2.592684166999966)
2024,VEGETAÇÃO,C60L63,POINT (-58.94431715899995 -2.6660341669999656)
2024,VEGETAÇÃO,C60L63,POINT (-58.91290715899996 -2.6621641669999656)
2024,VEGETAÇÃO,C60L63,POINT (-58.84306715899996 -2.596464166999966)
2024,VEGETAÇÃO,C60L63,POINT (-58.81687715899995 -2.6686441669999663)
2024,VEGETAÇÃO,C60L63,POINT (-58.841807158999956 -2.7066241669999656)
2024,VEGETAÇÃO,C60L63,POINT (-58.89121715899995 -2.5495741669999656)
2024,VEGETAÇÃO,C60L63,POINT (-58.75558715899995 -2.524644166999966)
2024,VEGETAÇÃO,C60L63,POINT (-58.875827158999954 -2.6422741669999663)
2024,VEGETAÇÃO,C60L63,POINT (-58.96951715899995 -2.7215641669999657)
2024,VEGETAÇÃO,C60L63,POINT (-58.960337158999955 -2.5340941669999655)
2024,VEGETAÇÃO,C60L63,POINT (-58.907777158999956 -2.644254166999966)
2024,VEGETAÇÃO,C60L63,POINT (-58.915247158999954 -2.512404166999966)
2024,VEGETAÇÃO,C60L63,POINT (-58.902377158999954 -2.7005941669999656)
2024,VEGETAÇÃO,C60L63,POINT (-58.752707158999954 -2.4999841669999663)
2024,VEGETAÇÃO,C60L63,POINT (-58.789157158999956 -2.6764741669999657)
2024,VEGETAÇÃO,C60L63,POINT (-58.783937158999954 -2.6565841669999664)
2024,VEGETAÇÃO,C60L63,POINT (-58.75243715899995 -2.656494166999966)
2024,VEGETAÇÃO,C60L63,POINT (-58.792847158999955 -2.6676541669999656)
2024,VEGETAÇÃO,C60L63,POINT (-58.75018715899995 -2.669634166999966)
2024,VEGETAÇÃO,C60L63,POINT (-58.88716715899995 -2.6966341669999663)
2024,VEGETAÇÃO,C60L63,POINT (-58.802117158999955 -2.713014166999966)
2024,VEGETAÇÃO,C60L63,POINT (-58.83496715899995 -2.6131141669999662)
2024,VEGETAÇÃO,C60L63,POINT (-58.75702715899995 -2.552634166999966)
2024,VEGETAÇÃO,C60L63,POINT (-58.925417158999956 -2.627154166999966)
2024,VEGETAÇÃO,C60L63,POINT (-58.80742715899996 -2.6807941669999655)
2024,VEGETAÇÃO,C60L63,POINT (-58.85566715899995 -2.634354166999966)
2024,VEGETAÇÃO,C60L63,POINT (-58.960517158999956 -2.660634166999966)
2024,VEGETAÇÃO,C60L63,POINT (-58.94980715899995 -2.607444166999966)
2024,VEGETAÇÃO,C60L63,POINT (-58.81840715899995 -2.599344166999966)
2024,VEGETAÇÃO,C60L63,POINT (-58.757927158999955 -2.606364166999966)
2024,VEGETAÇÃO,C60L63,POINT (-58.854407158999955 -2.629944166999966)
2024,VEGETAÇÃO,C60L63,POINT (-58.84324715899995 -2.5572241669999656)
2024,VEGETAÇÃO,C60L63,POINT (-58.89535715899996 -2.5677541669999657)
2024,VEGETAÇÃO,C60L63,POINT (-58.93585715899995 -2.5408441669999657)
2024,VEGETAÇÃO,C60L63,POINT (-58.989947158999954 -2.601414166999966)
2024,VEGETAÇÃO,C60L63,POINT (-58.792847158999955 -2.7198541669999656)
2024,VEGETAÇÃO,C60L63,POINT (-58.78978715899996 -2.731554166999967)
2024,VEGETAÇÃO,C60L63,POINT (-58.862957158999954 -2.7221041669999657)
2024,VEGETAÇÃO,C60L63,POINT (-58.80058715899995 -2.6039341669999656)
2024,VEGETAÇÃO,C60L63,POINT (-58.83595715899995 -2.576124166999966)
2024,VEGETAÇÃO,C60L63,POINT (-58.84711715899995 -2.571264166999966)
2024,VEGETAÇÃO,C60L63,POINT (-58.94854715899996 -2.6528941669999657)
2024,VEGETAÇÃO,C60L63,POINT (-58.92685715899995 -2.5203241669999663)
2024,VEGETAÇÃO,C60L63,POINT (-58.80445715899995 -2.582694166999966)
2024,VEGETAÇÃO,C60L63,POINT (-58.84774715899995 -2.605194166999966)
2024,VEGETAÇÃO,C60L63,POINT (-58.89742715899995 -2.7006841669999657)
2024,VEGETAÇÃO,C60L63,POINT (-58.93459715899995 -2.661984166999966)
2024,VEGETAÇÃO,C60L63,POINT (-58.84675715899995 -2.5412941669999656)
2024,VEGETAÇÃO,C60L63,POINT (-58.780787158999956 -2.534904166999966)
2024,VEGETAÇÃO,C60L63,POINT (-58.99246715899996 -2.650284166999966)
2024,VEGETAÇÃO,C60L63,POINT (-58.810127158999954 -2.6192341669999655)
2024,VEGETAÇÃO,C60L63,POINT (-58.87411715899995 -2.5028641669999656)
2024,VEGETAÇÃO,C60L63,POINT (-58.79050715899995 -2.5790941669999663)
2024,VEGETAÇÃO,C60L63,POINT (-58.89967715899995 -2.5291441669999655)
2024,VEGETAÇÃO,C60L63,POINT (-58.79149715899995 -2.7484741669999657)
2024,VEGETAÇÃO,C60L63,POINT (-58.982927158999956 -2.7279541669999663)
2024,VEGETAÇÃO,C60L63,POINT (-58.779887158999955 -2.5576741669999663)
2024,VEGETAÇÃO,C60L63,POINT (-58.959257158999954 -2.6518141669999657)
2024,VEGETAÇÃO,C60L63,POINT (-58.90084715899995 -2.700324166999966)
2024,VEGETAÇÃO,C60L63,POINT (-58.95385715899995 -2.548134166999966)
2024,VEGETAÇÃO,C60L63,POINT (-58.91344715899996 -2.517984166999966)
2024,VEGETAÇÃO,C60L63,POINT (-58.79419715899995 -2.5259041669999656)
2024,VEGETAÇÃO,C60L63,POINT (-58.84666715899995 -2.731644166999965)
2024,VEGETAÇÃO,C60L63,POINT (-58.77430715899995 -2.735334166999966)
2024,VEGETAÇÃO,C60L63,POINT (-58.859267158999955 -2.619054166999966)
2024,VEGETAÇÃO,C60L63,POINT (-58.943057158999956 -2.5600141669999656)
2024,VEGETAÇÃO,C60L63,POINT (-58.92622715899995 -2.640564166999966)
2024,VEGETAÇÃO,C60L63,POINT (-58.75576715899995 -2.698524166999966)
2024,VEGETAÇÃO,C60L63,POINT (-58.75126715899995 -2.5369741669999657)
2024,VEGETAÇÃO,C60L63,POINT (-58.942517158999955 -2.7132841669999657)
2024,VEGETAÇÃO,C60L63,POINT (-58.753067158999954 -2.6857441669999655)
2024,VEGETAÇÃO,C60L63,POINT (-58.94836715899996 -2.5742341669999655)
2024,VEGETAÇÃO,C60L63,POINT (-58.77871715899995 -2.665134166999966)
2024,VEGETAÇÃO,C60L63,POINT (-58.806167158999955 -2.609604166999966)
2024,VEGETAÇÃO,C60L63,POINT (-58.95781715899995 -2.573514166999966)
2024,VEGETAÇÃO,C60L63,POINT (-58.955477158999955 -2.5219441669999663)
2024,VEGETAÇÃO,C60L63,POINT (-58.90831715899995 -2.5197841669999663)
2024,VEGETAÇÃO,C60L63,POINT (-58.872497158999956 -2.695374166999966)
2024,VEGETAÇÃO,C60L63,POINT (-58.89229715899995 -2.703654166999966)
2024,VEGETAÇÃO,C60L63,POINT (-58.80967715899995 -2.628864166999966)
2024,VEGETAÇÃO,C60L63,POINT (-58.89103715899995 -2.743164166999966)
2024,VEGETAÇÃO,C60L63,POINT (-58.85602715899995 -2.5770241669999656)
2024,VEGETAÇÃO,C60L63,POINT (-58.79977715899995 -2.5375141669999657)
2024,VEGETAÇÃO,C60L63,POINT (-58.90930715899995 -2.6044741669999656)
2024,VEGETAÇÃO,C60L63,POINT (-58.828307158999955 -2.5385041669999655)
2024,VEGETAÇÃO,C60L63,POINT (-58.885817158999956 -2.6840341669999663)
2024,VEGETAÇÃO,C60L63,POINT (-58.815167158999955 -2.694744166999966)
2024,VEGETAÇÃO,C60L63,POINT (-58.982027158999955 -2.7477541669999663)
2024,VEGETAÇÃO,C60L63,POINT (-58.994447158999954 -2.5336441669999656)
2024,VEGETAÇÃO,C60L63,POINT (-58.79959715899995 -2.628864166999966)
2024,VEGETAÇÃO,C60L63,POINT (-58.94998715899995 -2.634984166999966)
2024,VEGETAÇÃO,C60L63,POINT (-58.95430715899995 -2.504304166999966)
2024,VEGETAÇÃO,C60L63,POINT (-58.97644715899995 -2.688714166999966)
2024,VEGETAÇÃO,C60L63,POINT (-58.81174715899995 -2.5907041669999655)
2024,VEGETAÇÃO,C60L63,POINT (-58.915427158999954 -2.683224166999966)
2024,VEGETAÇÃO,C60L63,POINT (-58.81714715899995 -2.672334166999966)
2024,VEGETAÇÃO,C60L63,POINT (-58.814267158999954 -2.680974166999966)
2024,VEGETAÇÃO,C60L63,POINT (-58.767287158999956 -2.582694166999966)
2024,VEGETAÇÃO,C60L63,POINT (-58.84387715899995 -2.6572141669999656)
2024,VEGETAÇÃO,C60L63,POINT (-58.84333715899995 -2.7203941669999656)
2024,VEGETAÇÃO,C60L63,POINT (-58.858367158999954 -2.5433641669999663)
2024,VEGETAÇÃO,C60L63,POINT (-58.77286715899995 -2.6654941669999657)
2024,VEGETAÇÃO,C60L63,POINT (-58.86970715899995 -2.6982541669999662)
2024,VEGETAÇÃO,C60L63,POINT (-58.910927158999954 -2.614014166999966)
2024,VEGETAÇÃO,C60L63,POINT (-58.81669715899996 -2.7488341669999663)
2024,VEGETAÇÃO,C60L63,POINT (-58.78591715899995 -2.7095041669999658)
2024,VEGETAÇÃO,C60L63,POINT (-58.86502715899995 -2.6592841669999663)
2024,VEGETAÇÃO,C60L63,POINT (-58.78546715899995 -2.641464166999966)
2024,VEGETAÇÃO,C60L63,POINT (-58.75171715899995 -2.614734166999966)
2024,VEGETAÇÃO,C60L63,POINT (-58.915427158999954 -2.6449741669999662)
2024,VEGETAÇÃO,C60L63,POINT (-58.907957158999956 -2.6973541669999657)
2024,VEGETAÇÃO,C60L63,POINT (-58.770257158999954 -2.7455941669999664)
2024,VEGETAÇÃO,C60L63,POINT (-58.91290715899996 -2.722824166999966)
2024,VEGETAÇÃO,C60L63,POINT (-58.84927715899995 -2.675574166999966)
2024,VEGETAÇÃO,C60L63,POINT (-58.95268715899995 -2.640564166999966)
2024,VEGETAÇÃO,C60L63,POINT (-58.79059715899995 -2.732274166999966)
2024,VEGETAÇÃO,C60L63,POINT (-58.84918715899995 -2.709054166999966)
2024,VEGETAÇÃO,C60L63,POINT (-58.780337158999956 -2.5787341669999657)
2024,VEGETAÇÃO,C60L63,POINT (-58.84468715899995 -2.603574166999966)
2024,VEGETAÇÃO,C60L63,POINT (-58.92694715899995 -2.6347141669999656)
2024,VEGETAÇÃO,C60L63,POINT (-58.85242715899995 -2.6320141669999657)
2024,VEGETAÇÃO,C60L63,POINT (-58.94998715899995 -2.501874166999966)
2024,VEGETAÇÃO,C60L63,POINT (-58.90516715899995 -2.719404166999966)
2024,VEGETAÇÃO,C60L63,POINT (-58.783937158999954 -2.565234166999966)
2024,VEGETAÇÃO,C60L63,POINT (-58.93972715899996 -2.6803441669999657)
2024,VEGETAÇÃO,C60L63,POINT (-58.938827158999956 -2.6852941669999657)
2024,VEGETAÇÃO,C60L63,POINT (-58.90903715899995 -2.5803541669999657)
2024,VEGETAÇÃO,C60L63,POINT (-58.850987158999956 -2.747034166999965)
2024,VEGETAÇÃO,C60L63,POINT (-58.78141715899996 -2.648574166999966)
2024,VEGETAÇÃO,C60L63,POINT (-58.80877715899995 -2.599164166999966)
2024,VEGETAÇÃO,C60L63,POINT (-58.894907158999956 -2.504664166999966)
2024,VEGETAÇÃO,C60L63,POINT (-58.978067158999956 -2.6214841669999656)
2024,VEGETAÇÃO,C60L63,POINT (-58.75576715899995 -2.6066341669999655)
2024,VEGETAÇÃO,C60L63,POINT (-58.90579715899995 -2.6363341669999656)
2024,VEGETAÇÃO,C60L63,POINT (-58.80796715899996 -2.5242841669999656)
2024,VEGETAÇÃO,C60L63,POINT (-58.81219715899995 -2.6121241669999655)
2024,VEGETAÇÃO,C60L63,POINT (-58.840997158999954 -2.540034166999966)
2024,VEGETAÇÃO,C60L63,POINT (-58.850357158999955 -2.695374166999966)
2024,VEGETAÇÃO,C60L63,POINT (-58.77268715899996 -2.659014166999966)
2024,VEGETAÇÃO,C60L63,POINT (-58.933607158999955 -2.720574166999966)
2024,VEGETAÇÃO,C60L63,POINT (-58.82929715899995 -2.5786441669999656)
2024,VEGETAÇÃO,C60L63,POINT (-58.78159715899996 -2.639214166999966)
2024,VEGETAÇÃO,C60L63,POINT (-58.885997158999956 -2.5677541669999657)
2024,VEGETAÇÃO,C60L63,POINT (-58.84873715899995 -2.698524166999966)
2024,VEGETAÇÃO,C60L63,POINT (-58.877087158999956 -2.5819741669999656)
2024,VEGETAÇÃO,C60L63,POINT (-58.76026715899995 -2.5626241669999663)
2024,VEGETAÇÃO,C60L63,POINT (-58.90048715899995 -2.523384166999966)
2024,VEGETAÇÃO,C60L63,POINT (-58.81696715899995 -2.533734166999966)
2024,VEGETAÇÃO,C60L63,POINT (-58.94845715899996 -2.6264341669999656)
2024,VEGETAÇÃO,C60L63,POINT (-58.80922715899995 -2.5952041669999657)
2024,VEGETAÇÃO,C60L63,POINT (-58.82551715899996 -2.520684166999966)
2024,VEGETAÇÃO,C60L63,POINT (-58.90984715899995 -2.578374166999966)
2024,VEGETAÇÃO,C60L63,POINT (-58.86565715899995 -2.5005241669999663)
2024,VEGETAÇÃO,C60L63,POINT (-58.845407158999954 -2.5451641669999656)
2024,VEGETAÇÃO,C60L63,POINT (-58.837127158999955 -2.622294166999966)
2024,VEGETAÇÃO,C60L63,POINT (-58.916327158999955 -2.677734166999966)
2024,VEGETAÇÃO,C60L63,POINT (-58.89067715899995 -2.6956441669999656)
2024,VEGETAÇÃO,C60L63,POINT (-58.79077715899995 -2.6757541669999663)
2024,VEGETAÇÃO,C60L63,POINT (-58.95889715899995 -2.7015841669999663)
2024,VEGETAÇÃO,C60L63,POINT (-58.97419715899996 -2.580624166999966)
2024,VEGETAÇÃO,C60L63,POINT (-58.86178715899995 -2.5403041669999658)
2024,VEGETAÇÃO,C60L63,POINT (-58.82164715899995 -2.5633441669999657)
2024,VEGETAÇÃO,C60L63,POINT (-58.876997158999956 -2.6247241669999655)
2024,VEGETAÇÃO,C60L63,POINT (-58.94395715899995 -2.697624166999966)
2024,VEGETAÇÃO,C60L63,POINT (-58.832447158999955 -2.7199441669999658)
2024,VEGETAÇÃO,C60L63,POINT (-58.994627158999954 -2.701404166999966)
2024,VEGETAÇÃO,C60L63,POINT (-58.986617158999955 -2.5946641669999657)
2024,VEGETAÇÃO,C60L63,POINT (-58.889237158999954 -2.551554166999966)
2024,VEGETAÇÃO,C60L63,POINT (-58.98823715899995 -2.562894166999966)
2024,VEGETAÇÃO,C60L63,POINT (-58.951427158999955 -2.607444166999966)
2024,VEGETAÇÃO,C60L63,POINT (-58.981667158999954 -2.602944166999966)
2024,VEGETAÇÃO,C60L63,POINT (-58.757657158999955 -2.6121241669999655)
2024,VEGETAÇÃO,C60L63,POINT (-58.93225715899995 -2.568924166999966)
2024,VEGETAÇÃO,C60L63,POINT (-58.94386715899995 -2.5836841669999657)
2024,VEGETAÇÃO,C60L63,POINT (-58.964747158999955 -2.570184166999966)
2024,VEGETAÇÃO,C60L63,POINT (-58.924337158999954 -2.6472241669999663)
2024,VEGETAÇÃO,C60L63,POINT (-58.890227158999956 -2.675484166999966)
2024,VEGETAÇÃO,C60L63,POINT (-58.93108715899995 -2.5686541669999663)
2024,VEGETAÇÃO,C60L63,POINT (-58.753067158999954 -2.5913341669999657)
2024,VEGETAÇÃO,C60L63,POINT (-58.99606715899995 -2.677374166999966)
2024,VEGETAÇÃO,C60L63,POINT (-58.89040715899995 -2.5812541669999662)
2024,VEGETAÇÃO,C60L63,POINT (-58.92568715899995 -2.536524166999966)
2024,VEGETAÇÃO,C60L63,POINT (-58.76089715899995 -2.546514166999966)
2024,VEGETAÇÃO,C60L63,POINT (-58.90498715899995 -2.5523641669999657)
2024,VEGETAÇÃO,C60L63,POINT (-58.968347158999954 -2.7164341669999663)
2024,VEGETAÇÃO,C60L63,POINT (-58.947377158999956 -2.530134166999966)
2024,VEGETAÇÃO,C60L63,POINT (-58.92289715899995 -2.549754166999966)
2024,VEGETAÇÃO,C60L63,POINT (-58.94845715899996 -2.715624166999966)
2024,VEGETAÇÃO,C60L63,POINT (-58.86223715899995 -2.7037441669999662)
2024,VEGETAÇÃO,C60L63,POINT (-58.99705715899995 -2.5836841669999657)
2024,VEGETAÇÃO,C60L63,POINT (-58.87519715899995 -2.5600141669999656)
2024,VEGETAÇÃO,C60L63,POINT (-58.92676715899995 -2.6093341669999663)
2024,VEGETAÇÃO,C60L63,POINT (-58.78555715899995 -2.566224166999966)
2024,VEGETAÇÃO,C60L63,POINT (-58.802477158999956 -2.600964166999966)
2024,VEGETAÇÃO,C60L63,POINT (-58.93999715899995 -2.733804166999965)
2024,VEGETAÇÃO,C60L63,POINT (-58.84342715899995 -2.6897041669999657)
2024,VEGETAÇÃO,C60L63,POINT (-58.827947158999955 -2.5895341669999663)
2024,VEGETAÇÃO,C60L63,POINT (-58.75612715899995 -2.6121241669999655)
2024,VEGETAÇÃO,C60L63,POINT (-58.75090715899995 -2.619054166999966)
2024,VEGETAÇÃO,C60L63,POINT (-58.815167158999955 -2.6347141669999656)
2024,VEGETAÇÃO,C60L63,POINT (-58.955027158999954 -2.530134166999966)
2024,VEGETAÇÃO,C60L63,POINT (-58.85773715899995 -2.6792641669999657)
2024,VEGETAÇÃO,C60L63,POINT (-58.92181715899996 -2.739834166999966)
2024,VEGETAÇÃO,C60L63,POINT (-58.93108715899995 -2.718414166999966)
2024,VEGETAÇÃO,C60L63,POINT (-58.770797158999954 -2.6495641669999657)
2024,VEGETAÇÃO,C60L63,POINT (-58.82623715899995 -2.513664166999966)
2024,VEGETAÇÃO,C60L63,POINT (-58.994537158999954 -2.648754166999966)
2024,VEGETAÇÃO,C60L63,POINT (-58.95862715899995 -2.6339941669999662)
2024,VEGETAÇÃO,C60L63,POINT (-58.766747158999955 -2.707434166999966)
2024,VEGETAÇÃO,C60L63,POINT (-58.897697158999954 -2.616804166999966)
2024,VEGETAÇÃO,C60L63,POINT (-58.946927158999955 -2.7060841669999656)
2024,VEGETAÇÃO,C60L63,POINT (-58.919927158999954 -2.7367741669999663)
2024,VEGETAÇÃO,C60L63,POINT (-58.946027158999954 -2.592774166999966)
2024,VEGETAÇÃO,C60L63,POINT (-58.92235715899995 -2.522304166999966)
2024,VEGETAÇÃO,C60L63,POINT (-58.868357158999956 -2.5121341669999655)
2024,VEGETAÇÃO,C60L63,POINT (-58.832987158999956 -2.620044166999966)
2024,VEGETAÇÃO,C60L63,POINT (-58.871957158999955 -2.7016741669999655)
2024,VEGETAÇÃO,C60L63,POINT (-58.83595715899995 -2.581074166999966)
2024,VEGETAÇÃO,C60L63,POINT (-58.761707158999954 -2.5302241669999663)
2024,VEGETAÇÃO,C60L63,POINT (-58.94989715899995 -2.5079041669999658)
2024,VEGETAÇÃO,C60L63,POINT (-58.83568715899995 -2.638764166999966)
2024,VEGETAÇÃO,C60L63,POINT (-58.828667158999956 -2.7467641669999665)
2024,VEGETAÇÃO,C60L63,POINT (-58.82479715899996 -2.6763841669999655)
2024,VEGETAÇÃO,C60L63,POINT (-58.97635715899995 -2.517264166999966)
2024,VEGETAÇÃO,C60L63,POINT (-58.76440715899995 -2.5605541669999656)
2024,VEGETAÇÃO,C60L63,POINT (-58.855037158999956 -2.5989841669999656)
2024,VEGETAÇÃO,C60L63,POINT (-58.81183715899995 -2.5279741669999662)
2024,VEGETAÇÃO,C60L63,POINT (-58.880777158999955 -2.523924166999966)
2024,VEGETAÇÃO,C60L63,POINT (-58.964747158999955 -2.5005241669999663)
2024,VEGETAÇÃO,C60L63,POINT (-58.758017158999955 -2.592594166999966)
2024,VEGETAÇÃO,C60L63,POINT (-58.805537158999954 -2.6027641669999655)
2024,VEGETAÇÃO,C60L63,POINT (-58.98850715899995 -2.5605541669999656)
2024,VEGETAÇÃO,C60L63,POINT (-58.752977158999954 -2.600784166999966)
2024,VEGETAÇÃO,C60L63,POINT (-58.96546715899996 -2.6076241669999662)
2024,VEGETAÇÃO,C60L63,POINT (-58.893467158999954 -2.575584166999966)
2024,VEGETAÇÃO,C60L63,POINT (-58.995437158999955 -2.5687441669999656)
2024,VEGETAÇÃO,C60L63,POINT (-58.86673715899995 -2.7479341669999666)
2024,VEGETAÇÃO,C60L63,POINT (-58.95358715899995 -2.530674166999966)
2024,VEGETAÇÃO,C60L63,POINT (-58.93468715899995 -2.748114166999965)
2024,VEGETAÇÃO,C60L63,POINT (-58.762517158999955 -2.5638841669999657)
2024,VEGETAÇÃO,C60L63,POINT (-58.928837158999954 -2.7242641669999657)
2024,VEGETAÇÃO,C60L63,POINT (-58.982477158999956 -2.541024166999966)
2024,VEGETAÇÃO,C60L63,POINT (-58.76332715899996 -2.593764166999966)
2024,VEGETAÇÃO,C60L63,POINT (-58.98958715899995 -2.644794166999966)
2024,VEGETAÇÃO,C60L63,POINT (-58.76404715899996 -2.6978041669999655)
2024,VEGETAÇÃO,C60L63,POINT (-58.88266715899995 -2.566854166999966)
2024,VEGETAÇÃO,C60L63,POINT (-58.77880715899995 -2.566944166999966)
2024,VEGETAÇÃO,C60L63,POINT (-58.880867158999955 -2.680614166999966)
2024,VEGETAÇÃO,C60L63,POINT (-58.82083715899995 -2.7329041669999654)
2024,VEGETAÇÃO,C60L63,POINT (-58.854497158999955 -2.579904166999966)
2024,VEGETAÇÃO,C60L63,POINT (-58.76503715899995 -2.7302941669999656)
2024,VEGETAÇÃO,C60L63,POINT (-58.95376715899995 -2.7457741669999667)
2024,VEGETAÇÃO,C60L63,POINT (-58.88842715899995 -2.6880841669999658)
2024,VEGETAÇÃO,C60L63,POINT (-58.86124715899995 -2.6209441669999656)
2024,VEGETAÇÃO,C60L63,POINT (-58.903727158999956 -2.715624166999966)
2024,VEGETAÇÃO,C60L63,POINT (-58.76053715899995 -2.5176241669999655)
2024,VEGETAÇÃO,C60L63,POINT (-58.85242715899995 -2.6978041669999655)
2024,VEGETAÇÃO,C60L63,POINT (-58.929287158999955 -2.568924166999966)
2024,VEGETAÇÃO,C60L63,POINT (-58.840547158999954 -2.5259941669999657)
2024,VEGETAÇÃO,C60L63,POINT (-58.837217158999955 -2.534364166999966)
2024,VEGETAÇÃO,C60L63,POINT (-58.80049715899995 -2.516724166999966)
2024,VEGETAÇÃO,C60L63,POINT (-58.938107158999955 -2.5243741669999658)
2024,VEGETAÇÃO,C60L63,POINT (-58.87798715899996 -2.5247341669999663)
2024,VEGETAÇÃO,C60L63,POINT (-58.84882715899995 -2.666844166999966)
2024,VEGETAÇÃO,C60L63,POINT (-58.885187158999955 -2.6753041669999655)
2024,VEGETAÇÃO,C60L63,POINT (-58.859357158999956 -2.652624166999966)
2024,VEGETAÇÃO,C60L63,POINT (-58.88842715899995 -2.549754166999966)
2024,VEGETAÇÃO,C60L63,POINT (-58.964927158999956 -2.5098841669999663)
2024,VEGETAÇÃO,C60L63,POINT (-58.88860715899995 -2.744244166999966)
2024,VEGETAÇÃO,C60L63,POINT (-58.88815715899995 -2.678904166999966)
2024,VEGETAÇÃO,C60L63,POINT (-58.96294715899995 -2.699784166999966)
2024,VEGETAÇÃO,C60L63,POINT (-58.83037715899995 -2.554254166999966)
2024,VEGETAÇÃO,C60L63,POINT (-58.854497158999955 -2.5472341669999663)
2024,VEGETAÇÃO,C60L63,POINT (-58.845497158999954 -2.569464166999966)
2024,VEGETAÇÃO,C60L63,POINT (-58.950617158999954 -2.543724166999966)
2024,VEGETAÇÃO,C60L63,POINT (-58.94944715899995 -2.5253641669999656)
2024,VEGETAÇÃO,C60L63,POINT (-58.994537158999954 -2.747484166999966)
2024,VEGETAÇÃO,C60L63,POINT (-58.98724715899995 -2.5912441669999655)
2024,VEGETAÇÃO,C60L63,POINT (-58.941707158999954 -2.662344166999966)
2024,VEGETAÇÃO,C60L63,POINT (-58.80481715899995 -2.649744166999966)
2024,VEGETAÇÃO,C60L63,POINT (-58.85314715899995 -2.620584166999966)
2024,VEGETAÇÃO,C60L63,POINT (-58.98085715899995 -2.727864166999966)
2024,VEGETAÇÃO,C60L63,POINT (-58.91326715899996 -2.7473941669999657)
2024,VEGETAÇÃO,C60L63,POINT (-58.93963715899996 -2.749644166999966)
2024,VEGETAÇÃO,C60L63,POINT (-58.92649715899995 -2.5846741669999655)
2024,VEGETAÇÃO,C60L63,POINT (-58.87330715899995 -2.6807941669999655)
2024,VEGETAÇÃO,C60L63,POINT (-58.90588715899995 -2.6912341669999655)
2024,VEGETAÇÃO,C60L63,POINT (-58.89229715899995 -2.5252741669999663)
2024,VEGETAÇÃO,C60L63,POINT (-58.86205715899995 -2.6171641669999657)
2024,VEGETAÇÃO,C60L63,POINT (-58.950707158999954 -2.621754166999966)
2024,VEGETAÇÃO,C60L63,POINT (-58.915517158999954 -2.585574166999966)
2024,VEGETAÇÃO,C60L63,POINT (-58.81660715899996 -2.6878141669999662)
2024,VEGETAÇÃO,C60L63,POINT (-58.832717158999955 -2.566404166999966)
2024,VEGETAÇÃO,C60L63,POINT (-58.84396715899995 -2.664054166999966)
2024,VEGETAÇÃO,C60L63,POINT (-58.91902715899995 -2.5065541669999662)
2024,VEGETAÇÃO,C60L63,POINT (-58.841537158999955 -2.598174166999966)
2024,VEGETAÇÃO,C60L63,POINT (-58.91308715899996 -2.7083341669999657)
2024,VEGETAÇÃO,C60L63,POINT (-58.797887158999956 -2.6367841669999663)
2024,VEGETAÇÃO,C60L63,POINT (-58.82209715899995 -2.651364166999966)
2024,VEGETAÇÃO,C60L63,POINT (-58.82074715899995 -2.552004166999966)
2024,VEGETAÇÃO,C60L63,POINT (-58.79635715899995 -2.603574166999966)
2024,VEGETAÇÃO,C60L63,POINT (-58.974107158999956 -2.6659441669999655)
2024,VEGETAÇÃO,C60L63,POINT (-58.80337715899995 -2.548224166999966)
2024,VEGETAÇÃO,C60L63,POINT (-58.789337158999956 -2.5417441669999663)
2024,VEGETAÇÃO,C60L63,POINT (-58.99345715899995 -2.680074166999966)
2024,VEGETAÇÃO,C60L63,POINT (-58.79446715899995 -2.5005241669999663)
2024,VEGETAÇÃO,C60L63,POINT (-58.85116715899996 -2.644884166999966)
2024,VEGETAÇÃO,C60L63,POINT (-58.83595715899995 -2.549844166999966)
2024,VEGETAÇÃO,C60L63,POINT (-58.99300715899995 -2.642634166999966)
2024,VEGETAÇÃO,C60L63,POINT (-58.810667158999955 -2.5259041669999656)
2024,VEGETAÇÃO,C60L63,POINT (-58.872407158999955 -2.7027541669999655)
2024,VEGETAÇÃO,C60L63,POINT (-58.85809715899995 -2.6955541669999663)
2024,VEGETAÇÃO,C60L63,POINT (-58.90588715899995 -2.695284166999966)
2024,VEGETAÇÃO,C60L63,POINT (-58.807157158999956 -2.5512841669999657)
2024,VEGETAÇÃO,C60L63,POINT (-58.93684715899995 -2.567844166999966)
2024,VEGETAÇÃO,C60L63,POINT (-58.80292715899995 -2.6609941669999655)
2024,VEGETAÇÃO,C60L63,POINT (-58.89940715899995 -2.622834166999966)
2024,VEGETAÇÃO,C60L63,POINT (-58.775117158999954 -2.526174166999966)
2024,VEGETAÇÃO,C60L63,POINT (-58.87114715899995 -2.521134166999966)
2024,VEGETAÇÃO,C60L63,POINT (-58.779527158999954 -2.552634166999966)
2024,VEGETAÇÃO,C60L63,POINT (-58.798157158999956 -2.6022241669999655)
2024,VEGETAÇÃO,C60L63,POINT (-58.854947158999956 -2.558034166999966)
2024,VEGETAÇÃO,C60L63,POINT (-58.92703715899995 -2.7136441669999662)
2024,VEGETAÇÃO,C60L63,POINT (-58.823627158999955 -2.632824166999966)
2024,VEGETAÇÃO,C60L63,POINT (-58.815167158999955 -2.616714166999966)
2024,VEGETAÇÃO,C60L63,POINT (-58.986437158999955 -2.637144166999966)
2024,VEGETAÇÃO,C60L63,POINT (-58.871417158999954 -2.7449641669999654)
2024,VEGETAÇÃO,C60L63,POINT (-58.854137158999954 -2.548674166999966)
2024,VEGETAÇÃO,C60L63,POINT (-58.986707158999955 -2.6236441669999655)
2024,VEGETAÇÃO,C60L63,POINT (-58.753247158999955 -2.519694166999966)
2024,VEGETAÇÃO,C60L63,POINT (-58.823987158999955 -2.5286941669999656)
2024,VEGETAÇÃO,C60L63,POINT (-58.87753715899996 -2.6911441669999663)
2024,VEGETAÇÃO,C60L63,POINT (-58.87969715899995 -2.6270641669999657)
2024,VEGETAÇÃO,C60L63,POINT (-58.78087715899996 -2.6748541669999657)
2024,VEGETAÇÃO,C60L63,POINT (-58.81804715899995 -2.7270541669999657)
2024,VEGETAÇÃO,C60L63,POINT (-58.90831715899995 -2.5709041669999655)
2024,VEGETAÇÃO,C60L63,POINT (-58.881317158999956 -2.6511841669999656)
2024,VEGETAÇÃO,C60L63,POINT (-58.921367158999956 -2.568384166999966)
2024,VEGETAÇÃO,C60L63,POINT (-58.98400715899995 -2.6681941669999656)
2024,VEGETAÇÃO,C60L63,POINT (-58.76908715899995 -2.5362541669999663)
2024,VEGETAÇÃO,C60L63,POINT (-58.938647158999956 -2.6879041669999655)
2024,VEGETAÇÃO,C60L63,POINT (-58.806437158999955 -2.7499141669999663)
2024,VEGETAÇÃO,C60L63,POINT (-58.85296715899995 -2.695284166999966)
2024,VEGETAÇÃO,C60L63,POINT (-58.775477158999955 -2.514114166999966)
2024,VEGETAÇÃO,C60L63,POINT (-58.81669715899996 -2.5961041669999663)
2024,VEGETAÇÃO,C60L63,POINT (-58.80724715899996 -2.7005041669999663)
2024,VEGETAÇÃO,C60L63,POINT (-58.82038715899995 -2.7381241669999667)
2024,VEGETAÇÃO,C60L63,POINT (-58.81138715899995 -2.6951941669999657)
2024,VEGETAÇÃO,C60L63,POINT (-58.828667158999956 -2.7440641669999657)
2024,VEGETAÇÃO,C60L63,POINT (-58.99777715899995 -2.673504166999966)
2024,VEGETAÇÃO,C60L63,POINT (-58.99597715899995 -2.7479341669999666)
2024,VEGETAÇÃO,C60L63,POINT (-58.99192715899996 -2.741454166999967)
2024,VEGETAÇÃO,C60L63,POINT (-58.854317158999955 -2.5867441669999662)
2024,VEGETAÇÃO,C60L63,POINT (-58.828577158999956 -2.6889841669999663)
2024,VEGETAÇÃO,C60L63,POINT (-58.837487158999956 -2.633364166999966)
2024,VEGETAÇÃO,C60L63,POINT (-58.88788715899995 -2.6928541669999655)
2024,VEGETAÇÃO,C60L63,POINT (-58.88239715899995 -2.727144166999966)
2024,VEGETAÇÃO,C60L63,POINT (-58.93936715899996 -2.670534166999966)
2024,VEGETAÇÃO,C60L63,POINT (-58.858727158999955 -2.586474166999966)
2024,VEGETAÇÃO,C60L63,POINT (-58.84837715899995 -2.7143641669999656)
2024,VEGETAÇÃO,C60L63,POINT (-58.849817158999954 -2.5060141669999663)
2024,VEGETAÇÃO,C60L63,POINT (-58.78609715899995 -2.576124166999966)
2024,VEGETAÇÃO,C60L63,POINT (-58.968077158999954 -2.608614166999966)
2024,VEGETAÇÃO,C60L63,POINT (-58.80346715899995 -2.5422841669999663)
2024,VEGETAÇÃO,C60L63,POINT (-58.85116715899996 -2.7383041669999653)
2024,VEGETAÇÃO,C60L63,POINT (-58.94107715899995 -2.506824166999966)
2024,VEGETAÇÃO,C60L63,POINT (-58.76368715899996 -2.621304166999966)
2024,VEGETAÇÃO,C60L63,POINT (-58.83055715899995 -2.6268841669999663)
2024,VEGETAÇÃO,C60L63,POINT (-58.89625715899995 -2.6830441669999656)
2024,VEGETAÇÃO,C60L63,POINT (-58.893827158999954 -2.7460441669999653)
2024,VEGETAÇÃO,C60L63,POINT (-58.929827158999956 -2.6132041669999655)
2024,VEGETAÇÃO,C60L63,POINT (-58.947377158999956 -2.666304166999966)
2024,VEGETAÇÃO,C60L63,POINT (-58.97599715899995 -2.590344166999966)
2024,VEGETAÇÃO,C60L63,POINT (-58.94044715899995 -2.6962741669999657)
2024,VEGETAÇÃO,C60L63,POINT (-58.90831715899995 -2.661984166999966)
2024,VEGETAÇÃO,C60L63,POINT (-58.809857158999954 -2.620044166999966)
2024,VEGETAÇÃO,C60L63,POINT (-58.91326715899996 -2.5302241669999663)
2024,VEGETAÇÃO,C60L63,POINT (-58.85611715899995 -2.5966441669999663)
2024,VEGETAÇÃO,C60L63,POINT (-58.967987158999954 -2.7059941669999663)
2024,VEGETAÇÃO,C60L63,POINT (-58.75099715899995 -2.5817941669999662)
2024,VEGETAÇÃO,C60L63,POINT (-58.81354715899995 -2.566224166999966)
2024,VEGETAÇÃO,C60L63,POINT (-58.83775715899995 -2.5177141669999656)
2024,VEGETAÇÃO,C60L63,POINT (-58.88221715899995 -2.738214166999965)
2024,VEGETAÇÃO,C60L63,POINT (-58.79905715899996 -2.6555041669999655)
2024,VEGETAÇÃO,C60L63,POINT (-58.89184715899995 -2.519694166999966)
2024,VEGETAÇÃO,C60L63,POINT (-58.902107158999954 -2.709144166999966)
2024,VEGETAÇÃO,C60L63,POINT (-58.82686715899995 -2.742624166999965)
2024,VEGETAÇÃO,C60L63,POINT (-58.93900715899996 -2.631114166999966)
2024,VEGETAÇÃO,C60L63,POINT (-58.96762715899995 -2.7340741669999655)
2024,VEGETAÇÃO,C60L63,POINT (-58.81660715899996 -2.5089841669999657)
2024,VEGETAÇÃO,C60L63,POINT (-58.90120715899995 -2.7433441669999663)
2024,VEGETAÇÃO,C60L63,POINT (-58.75954715899995 -2.685924166999966)
2024,VEGETAÇÃO,C60L63,POINT (-58.823717158999955 -2.7203941669999656)
2024,VEGETAÇÃO,C60L63,POINT (-58.90408715899996 -2.574594166999966)
2024,VEGETAÇÃO,C60L63,POINT (-58.871687158999954 -2.7099541669999656)
2024,VEGETAÇÃO,C60L63,POINT (-58.86484715899995 -2.5666741669999658)
2024,VEGETAÇÃO,C60L63,POINT (-58.95718715899996 -2.6045641669999657)
2024,VEGETAÇÃO,C60L63,POINT (-58.99237715899996 -2.561274166999966)
2024,VEGETAÇÃO,C60L63,POINT (-58.86898715899996 -2.5484041669999655)
2024,VEGETAÇÃO,C60L63,POINT (-58.94458715899995 -2.535084166999966)
2024,VEGETAÇÃO,C60L63,POINT (-58.937927158999955 -2.568474166999966)
2024,VEGETAÇÃO,C60L63,POINT (-58.99264715899995 -2.7153541669999663)
2024,VEGETAÇÃO,C60L63,POINT (-58.85152715899996 -2.6510941669999655)
2024,VEGETAÇÃO,C60L63,POINT (-58.89283715899995 -2.7400141669999662)
2024,VEGETAÇÃO,C60L63,POINT (-58.92703715899995 -2.649744166999966)
2024,VEGETAÇÃO,C60L63,POINT (-58.885547158999955 -2.5325641669999657)
2024,VEGETAÇÃO,C60L63,POINT (-58.85260715899995 -2.612304166999966)
2024,VEGETAÇÃO,C60L63,POINT (-58.956107158999956 -2.599344166999966)
2024,VEGETAÇÃO,C60L63,POINT (-58.793567158999956 -2.521674166999966)
2024,VEGETAÇÃO,C60L63,POINT (-58.79428715899995 -2.504754166999966)
2024,VEGETAÇÃO,C60L63,POINT (-58.87069715899995 -2.5516441669999663)
2024,VEGETAÇÃO,C60L63,POINT (-58.87825715899996 -2.707524166999966)
2024,VEGETAÇÃO,C60L63,POINT (-58.81291715899995 -2.5379641669999655)
2024,VEGETAÇÃO,C60L63,POINT (-58.982747158999956 -2.688354166999966)
2024,VEGETAÇÃO,C60L63,POINT (-58.79572715899995 -2.697534166999966)
2024,VEGETAÇÃO,C60L63,POINT (-58.985987158999954 -2.698164166999966)
2024,VEGETAÇÃO,C60L63,POINT (-58.93720715899995 -2.587104166999966)
2024,VEGETAÇÃO,C60L63,POINT (-58.90138715899995 -2.7499141669999663)
2024,VEGETAÇÃO,C60L63,POINT (-58.90201715899995 -2.6780941669999656)
2024,VEGETAÇÃO,C60L63,POINT (-58.806707158999956 -2.6512741669999658)
2024,VEGETAÇÃO,C60L63,POINT (-58.797977158999956 -2.6658541669999662)
2024,VEGETAÇÃO,C60L63,POINT (-58.76872715899995 -2.552544166999966)
2024,VEGETAÇÃO,C60L63,POINT (-58.97518715899995 -2.652444166999966)
2024,VEGETAÇÃO,C60L63,POINT (-58.94818715899996 -2.505744166999966)
2024,VEGETAÇÃO,C60L63,POINT (-58.96600715899996 -2.638674166999966)
2024,VEGETAÇÃO,C60L63,POINT (-58.87825715899996 -2.634444166999966)
2024,VEGETAÇÃO,C60L63,POINT (-58.90579715899995 -2.604654166999966)
2024,VEGETAÇÃO,C60L63,POINT (-58.837487158999956 -2.583864166999966)
2024,VEGETAÇÃO,C60L63,POINT (-58.841807158999956 -2.539944166999966)
2024,VEGETAÇÃO,C60L63,POINT (-58.96600715899996 -2.6984341669999656)
2024,VEGETAÇÃO,C60L63,POINT (-58.91515715899995 -2.523924166999966)
2024,VEGETAÇÃO,C60L63,POINT (-58.80535715899995 -2.7367741669999663)
2024,VEGETAÇÃO,C60L63,POINT (-58.969067158999955 -2.579904166999966)
2024,VEGETAÇÃO,C60L63,POINT (-58.885097158999955 -2.660814166999966)
2024,VEGETAÇÃO,C60L63,POINT (-58.93270715899995 -2.561904166999966)
2024,VEGETAÇÃO,C60L63,POINT (-58.810487158999955 -2.5835941669999656)
2024,VEGETAÇÃO,C60L63,POINT (-58.81282715899995 -2.601864166999966)
2024,VEGETAÇÃO,C60L63,POINT (-58.83442715899995 -2.6770141669999656)
2024,VEGETAÇÃO,C60L63,POINT (-58.824617158999956 -2.707974166999966)
2024,VEGETAÇÃO,C60L63,POINT (-58.752887158999954 -2.5402141669999656)
2024,VEGETAÇÃO,C60L63,POINT (-58.91272715899996 -2.628954166999966)
2024,VEGETAÇÃO,C60L63,POINT (-58.802387158999956 -2.5243741669999658)
2024,VEGETAÇÃO,C60L63,POINT (-58.951157158999955 -2.662434166999966)
2024,VEGETAÇÃO,C60L63,POINT (-58.850087158999955 -2.5801741669999663)
2024,VEGETAÇÃO,C60L63,POINT (-58.85350715899995 -2.696004166999966)
2024,VEGETAÇÃO,C60L63,POINT (-58.88167715899995 -2.5084441669999658)
2024,VEGETAÇÃO,C60L63,POINT (-58.85620715899995 -2.5194241669999657)
2024,VEGETAÇÃO,C60L63,POINT (-58.86907715899996 -2.6175241669999663)
2024,VEGETAÇÃO,C60L63,POINT (-58.76413715899995 -2.6620741669999664)
2024,VEGETAÇÃO,C60L63,POINT (-58.86952715899995 -2.620134166999966)
2024,VEGETAÇÃO,C60L63,POINT (-58.91317715899996 -2.569104166999966)
2024,VEGETAÇÃO,C60L63,POINT (-58.981757158999955 -2.535624166999966)
2024,VEGETAÇÃO,C60L63,POINT (-58.977797158999955 -2.5434541669999655)
2024,VEGETAÇÃO,C60L63,POINT (-58.88743715899995 -2.556864166999966)
2024,VEGETAÇÃO,C60L63,POINT (-58.986887158999956 -2.684484166999966)
2024,VEGETAÇÃO,C60L63,POINT (-58.964567158999955 -2.557494166999966)
2024,VEGETAÇÃO,C60L63,POINT (-58.88293715899995 -2.651904166999966)
2024,VEGETAÇÃO,C60L63,POINT (-58.94962715899995 -2.5434541669999655)
2024,VEGETAÇÃO,C60L63,POINT (-58.88743715899995 -2.6081641669999662)
2024,VEGETAÇÃO,C60L63,POINT (-58.868627158999956 -2.6718841669999662)
2024,VEGETAÇÃO,C60L63,POINT (-58.76449715899995 -2.5945741669999656)
2024,VEGETAÇÃO,C60L63,POINT (-58.95682715899996 -2.6737741669999657)
2024,VEGETAÇÃO,C60L63,POINT (-58.79518715899995 -2.652084166999966)
2024,VEGETAÇÃO,C60L63,POINT (-58.876907158999956 -2.525004166999966)
2024,VEGETAÇÃO,C60L63,POINT (-58.937387158999954 -2.600964166999966)
2024,VEGETAÇÃO,C60L63,POINT (-58.93693715899995 -2.656314166999966)
2024,VEGETAÇÃO,C60L63,POINT (-58.94584715899995 -2.735334166999966)
2024,VEGETAÇÃO,C60L63,POINT (-58.89625715899995 -2.5930441669999658)
2024,VEGETAÇÃO,C60L63,POINT (-58.91749715899995 -2.6698141669999655)
2024,VEGETAÇÃO,C60L63,POINT (-58.88320715899995 -2.643804166999966)
2024,VEGETAÇÃO,C60L63,POINT (-58.867727158999955 -2.7181441669999655)
2024,VEGETAÇÃO,C60L63,POINT (-58.89049715899995 -2.6089741669999658)
2024,VEGETAÇÃO,C60L63,POINT (-58.79473715899995 -2.6208541669999663)
2024,VEGETAÇÃO,C60L63,POINT (-58.90606715899995 -2.599344166999966)
2024,VEGETAÇÃO,C60L63,POINT (-58.99822715899995 -2.5412941669999656)
2024,VEGETAÇÃO,C60L63,POINT (-58.80760715899996 -2.7221041669999657)
2024,VEGETAÇÃO,C60L63,POINT (-58.93153715899995 -2.5853041669999657)
2024,VEGETAÇÃO,C60L63,POINT (-58.964657158999955 -2.6994241669999663)
2024,VEGETAÇÃO,C60L63,POINT (-58.76332715899996 -2.5737841669999657)
2024,VEGETAÇÃO,C60L63,POINT (-58.92181715899996 -2.659554166999966)
2024,VEGETAÇÃO,C60L63,POINT (-58.88329715899995 -2.551014166999966)
2024,VEGETAÇÃO,C60L63,POINT (-58.75081715899995 -2.6281441669999657)
2024,VEGETAÇÃO,C60L63,POINT (-58.832627158999955 -2.654694166999966)
2024,VEGETAÇÃO,C60L63,POINT (-58.92586715899995 -2.5225741669999655)
2024,VEGETAÇÃO,C60L63,POINT (-58.779167158999954 -2.615184166999966)
2024,VEGETAÇÃO,C60L63,POINT (-58.928927158999954 -2.7451441669999657)
2024,VEGETAÇÃO,C60L63,POINT (-58.86124715899995 -2.631114166999966)
2024,VEGETAÇÃO,C60L63,POINT (-58.942337158999955 -2.6699041669999657)
2024,VEGETAÇÃO,C60L63,POINT (-58.968077158999954 -2.593674166999966)
2024,VEGETAÇÃO,C60L63,POINT (-58.75135715899995 -2.7011341669999656)
2024,VEGETAÇÃO,C60L63,POINT (-58.85620715899995 -2.7402841669999667)
2024,VEGETAÇÃO,C60L63,POINT (-58.80778715899996 -2.7491041669999667)
2024,VEGETAÇÃO,C60L63,POINT (-58.93063715899996 -2.5763041669999662)
2024,VEGETAÇÃO,C60L63,POINT (-58.894727158999956 -2.6807941669999655)
2024,VEGETAÇÃO,C60L63,POINT (-58.99867715899995 -2.7444241669999663)
2024,VEGETAÇÃO,C60L63,POINT (-58.98085715899995 -2.661804166999966)
2024,VEGETAÇÃO,C60L63,POINT (-58.94314715899995 -2.742084166999966)
2024,VEGETAÇÃO,C60L63,POINT (-58.850987158999956 -2.6318341669999663)
2024,VEGETAÇÃO,C60L63,POINT (-58.75882715899995 -2.7320041669999657)
2024,VEGETAÇÃO,C60L63,POINT (-58.98400715899995 -2.7180541669999663)
2024,VEGETAÇÃO,C60L63,POINT (-58.76800715899995 -2.7045541669999658)
2024,VEGETAÇÃO,C60L63,POINT (-58.91272715899996 -2.7088741669999656)
2024,VEGETAÇÃO,C60L63,POINT (-58.85593715899995 -2.539854166999966)
2024,VEGETAÇÃO,C60L63,POINT (-58.955657158999955 -2.5204141669999656)
2024,VEGETAÇÃO,C60L63,POINT (-58.80319715899995 -2.6906041669999663)
2024,VEGETAÇÃO,C60L63,POINT (-58.806527158999955 -2.678994166999966)
2024,VEGETAÇÃO,C60L63,POINT (-58.964387158999955 -2.621124166999966)
2024,VEGETAÇÃO,C60L63,POINT (-58.79518715899995 -2.6099641669999656)
2024,VEGETAÇÃO,C60L63,POINT (-58.862687158999954 -2.7131941669999655)
2024,VEGETAÇÃO,C60L63,POINT (-58.82704715899995 -2.6270641669999657)
2024,VEGETAÇÃO,C60L63,POINT (-58.94413715899995 -2.708964166999966)
2024,VEGETAÇÃO,C60L63,POINT (-58.75162715899995 -2.637054166999966)
2024,VEGETAÇÃO,C60L63,POINT (-58.95214715899995 -2.611404166999966)
2024,VEGETAÇÃO,C60L63,POINT (-58.933787158999955 -2.5501141669999656)
2024,VEGETAÇÃO,C60L63,POINT (-58.98967715899995 -2.6968141669999657)
2024,VEGETAÇÃO,C60L63,POINT (-58.88671715899996 -2.5457941669999657)
2024,VEGETAÇÃO,C60L63,POINT (-58.86151715899995 -2.6015941669999663)
2024,VEGETAÇÃO,C60L63,POINT (-58.90516715899995 -2.531214166999966)
2024,VEGETAÇÃO,C60L63,POINT (-58.819037158999954 -2.592594166999966)
2024,VEGETAÇÃO,C60L63,POINT (-58.75918715899995 -2.584404166999966)
2024,VEGETAÇÃO,C60L63,POINT (-58.94314715899995 -2.532294166999966)
2024,VEGETAÇÃO,C60L63,POINT (-58.93513715899995 -2.663964166999966)
2024,VEGETAÇÃO,C60L63,POINT (-58.85188715899996 -2.629314166999966)
2024,VEGETAÇÃO,C60L63,POINT (-58.82974715899995 -2.653074166999966)
2024,VEGETAÇÃO,C60L63,POINT (-58.80796715899996 -2.668464166999966)
2024,VEGETAÇÃO,C60L63,POINT (-58.85728715899995 -2.741004166999966)
2024,VEGETAÇÃO,C60L63,POINT (-58.93486715899995 -2.6697241669999663)
2024,VEGETAÇÃO,C60L63,POINT (-58.76944715899995 -2.6944741669999663)
2024,VEGETAÇÃO,C60L63,POINT (-58.91083715899995 -2.5900741669999663)
2024,VEGETAÇÃO,C60L63,POINT (-58.792847158999955 -2.555424166999966)
2024,VEGETAÇÃO,C60L63,POINT (-58.90156715899995 -2.519604166999966)
2024,VEGETAÇÃO,C60L63,POINT (-58.90606715899995 -2.7451441669999657)
2024,VEGETAÇÃO,C60L63,POINT (-58.946747158999955 -2.712834166999966)
2024,VEGETAÇÃO,C60L63,POINT (-58.86592715899995 -2.654064166999966)
2024,VEGETAÇÃO,C60L63,POINT (-58.981307158999954 -2.7489241669999664)
2024,VEGETAÇÃO,C60L63,POINT (-58.93999715899995 -2.6521741669999663)
2024,VEGETAÇÃO,C60L63,POINT (-58.911197158999954 -2.521134166999966)
2024,VEGETAÇÃO,C60L63,POINT (-58.93072715899996 -2.7429841669999657)
2024,VEGETAÇÃO,C60L63,POINT (-58.964207158999955 -2.7182341669999657)
2024,VEGETAÇÃO,C60L63,POINT (-58.88293715899995 -2.7105841669999657)
2024,VEGETAÇÃO,C60L63,POINT (-58.951247158999955 -2.6917741669999655)
2024,VEGETAÇÃO,C60L63,POINT (-58.83766715899995 -2.5016941669999655)
2024,VEGETAÇÃO,C60L63,POINT (-58.893737158999954 -2.5457941669999657)
2024,VEGETAÇÃO,C60L63,POINT (-58.766297158999954 -2.5236541669999655)
2024,VEGETAÇÃO,C60L63,POINT (-58.854587158999955 -2.5378741669999663)
2024,VEGETAÇÃO,C60L63,POINT (-58.75000715899995 -2.5611841669999658)
2024,VEGETAÇÃO,C60L63,POINT (-58.89211715899995 -2.5214941669999655)
2024,VEGETAÇÃO,C60L63,POINT (-58.995257158999955 -2.520774166999966)
2024,VEGETAÇÃO,C60L63,POINT (-58.84036715899995 -2.520594166999966)
2024,VEGETAÇÃO,C60L63,POINT (-58.76899715899995 -2.7402841669999667)
2024,VEGETAÇÃO,C60L63,POINT (-58.75666715899995 -2.554164166999966)
2024,VEGETAÇÃO,C60L63,POINT (-58.91083715899995 -2.5406641669999663)
2024,VEGETAÇÃO,C60L63,POINT (-58.85530715899995 -2.5752241669999663)
2024,VEGETAÇÃO,C60L63,POINT (-58.87042715899995 -2.7477541669999663)
2024,VEGETAÇÃO,C60L63,POINT (-58.90120715899995 -2.684934166999966)
2024,VEGETAÇÃO,C60L63,POINT (-58.998767158999954 -2.674944166999966)
2024,VEGETAÇÃO,C60L63,POINT (-58.775747158999955 -2.6236441669999655)
2024,VEGETAÇÃO,C60L63,POINT (-58.968257158999954 -2.576124166999966)
2024,VEGETAÇÃO,C60L63,POINT (-58.77844715899995 -2.6796241669999663)
2024,VEGETAÇÃO,C60L63,POINT (-58.780247158999956 -2.582244166999966)
2024,VEGETAÇÃO,C60L63,POINT (-58.823897158999955 -2.5566841669999656)
2024,VEGETAÇÃO,C60L63,POINT (-58.99183715899996 -2.5210441669999657)
2024,VEGETAÇÃO,C60L63,POINT (-58.87564715899995 -2.5746841669999663)
2024,VEGETAÇÃO,C60L63,POINT (-58.818677158999954 -2.631114166999966)
2024,VEGETAÇÃO,C60L63,POINT (-58.79869715899996 -2.673504166999966)
2024,VEGETAÇÃO,C60L63,POINT (-58.92793715899995 -2.7434341669999665)
2024,VEGETAÇÃO,C60L63,POINT (-58.858997158999955 -2.6726941669999658)
2024,VEGETAÇÃO,C60L63,POINT (-58.840547158999954 -2.6852041669999656)
2024,VEGETAÇÃO,C60L63,POINT (-58.85134715899996 -2.5473241669999656)
2024,VEGETAÇÃO,C60L63,POINT (-58.960247158999955 -2.7021241669999663)
2024,VEGETAÇÃO,C60L63,POINT (-58.846397158999956 -2.6263441669999663)
2024,VEGETAÇÃO,C60L63,POINT (-58.798247158999956 -2.726064166999966)
2024,VEGETAÇÃO,C60L63,POINT (-58.880147158999954 -2.727144166999966)
2024,VEGETAÇÃO,C60L63,POINT (-58.90399715899996 -2.612304166999966)
2024,VEGETAÇÃO,C60L63,POINT (-58.928747158999954 -2.660094166999966)
2024,VEGETAÇÃO,C60L63,POINT (-58.855037158999956 -2.572434166999966)
2024,VEGETAÇÃO,C60L63,POINT (-58.81165715899995 -2.5628041669999657)
2024,VEGETAÇÃO,C60L63,POINT (-58.906517158999954 -2.6297641669999656)
2024,VEGETAÇÃO,C60L63,POINT (-58.76413715899995 -2.5204141669999656)
2024,VEGETAÇÃO,C60L63,POINT (-58.811117158999956 -2.678454166999966)
2024,VEGETAÇÃO,C60L63,POINT (-58.86106715899995 -2.5649641669999657)
2024,VEGETAÇÃO,C60L63,POINT (-58.982477158999956 -2.706894166999966)
2024,VEGETAÇÃO,C60L63,POINT (-58.894187158999955 -2.551014166999966)
2024,VEGETAÇÃO,C60L63,POINT (-58.929017158999955 -2.6378641669999663)
2024,VEGETAÇÃO,C60L63,POINT (-58.86187715899995 -2.7378541669999663)
2024,VEGETAÇÃO,C60L63,POINT (-58.76386715899996 -2.642724166999966)
2024,VEGETAÇÃO,C60L63,POINT (-58.990577158999955 -2.611404166999966)
2024,VEGETAÇÃO,C60L63,POINT (-58.94791715899996 -2.5754041669999657)
2024,VEGETAÇÃO,C60L63,POINT (-58.98859715899995 -2.6060041669999663)
