year,label,tile,geometry
2024,CORTE SELETIVO,C51L41,POINT (-61.204466809065245 -8.232282122610918)
2024,CORTE SELETIVO,C51L41,POINT (-61.20405898071348 -8.23133650984663)
2024,CORTE SELETIVO,C51L41,POINT (-61.20389916688312 -8.23087463601008)
2024,CORTE SELETIVO,C51L41,POINT (-61.19975077285196 -8.239428464504725)
2024,CORTE SELETIVO,C51L41,POINT (-61.19758126754176 -8.238988602875832)
2024,CORTE SELETIVO,C51L41,POINT (-61.19755163833582 -8.238394823015977)
2024,CORTE SELETIVO,C51L41,POINT (-61.19759970383893 -8.236661420788488)
2024,CORTE SELETIVO,C51L41,POINT (-61.19947865418763 -8.236131023130989)
2024,CORTE SELETIVO,C51L41,POINT (-61.199691974524306 -8.235971748581553)
2024,CORTE SELETIVO,C51L41,POINT (-61.197584147220915 -8.235543483421935)
2024,CORTE SELETIVO,C51L41,POINT (-61.19833472599003 -8.235615219978964)
2024,CORTE SELETIVO,C51L41,POINT (-61.20104221375308 -8.235784663064964)
2024,CORTE SELETIVO,C51L41,POINT (-61.197705177564664 -8.235099312137718)
2024,CORTE SELETIVO,C51L41,POINT (-61.19907969203134 -8.235021247073128)
2024,CORTE SELETIVO,C51L41,POINT (-61.19751155395577 -8.234973499940608)
2024,CORTE SELETIVO,C51L41,POINT (-61.19857623328966 -8.234906092431622)
2024,CORTE SELETIVO,C51L41,POINT (-61.20217445861149 -8.234235792170788)
2024,CORTE SELETIVO,C51L41,POINT (-61.19854725618732 -8.233825994624247)
2024,CORTE SELETIVO,C51L41,POINT (-61.197890858756146 -8.2334164343323)
2024,CORTE SELETIVO,C51L41,POINT (-61.20073004795734 -8.233665964450473)
2024,CORTE SELETIVO,C51L41,POINT (-61.201491673178815 -8.233549891650316)
2024,CORTE SELETIVO,C51L41,POINT (-61.19813205905605 -8.233226463852423)
2024,CORTE SELETIVO,C51L41,POINT (-61.20112730995707 -8.233262904102206)
2024,CORTE SELETIVO,C51L41,POINT (-61.20316180328695 -8.233083029628324)
2024,CORTE SELETIVO,C51L41,POINT (-61.197785365212106 -8.232916279968684)
2024,CORTE SELETIVO,C51L41,POINT (-61.197933764345336 -8.23283387121376)
2024,CORTE SELETIVO,C51L41,POINT (-61.203843772125 -8.232103867391308)
2024,CORTE SELETIVO,C51L41,POINT (-61.203746373988366 -8.23113783985122)
2024,CORTE SELETIVO,C51L41,POINT (-61.20362404324512 -8.230714771174123)
2024,CORTE SELETIVO,C51L41,POINT (-61.203746652538634 -8.229580106255625)
2024,CORTE SELETIVO,C51L41,POINT (-61.2036840625688 -8.229390026531254)
2024,CORTE SELETIVO,C51L41,POINT (-61.20297559805306 -8.228796424797752)
2024,CORTE SELETIVO,C51L41,POINT (-61.20314211189885 -8.228510641096959)
2024,CORTE SELETIVO,C51L41,POINT (-61.19743946221373 -8.238658090988691)
2024,CORTE SELETIVO,C51L41,POINT (-61.19749230369927 -8.236244403362177)
2024,CORTE SELETIVO,C51L41,POINT (-61.197315268914146 -8.2353042960139)
2024,CORTE SELETIVO,C51L41,POINT (-61.19391374844786 -8.188620669565966)
2024,CORTE SELETIVO,C51L41,POINT (-61.19168541451804 -8.188197852245638)
2024,CORTE SELETIVO,C51L41,POINT (-61.1914021177089 -8.188068965533946)
2024,CORTE SELETIVO,C51L41,POINT (-61.18957354742197 -8.187184587075471)
2024,CORTE SELETIVO,C51L41,POINT (-61.18913536469781 -8.186874030468816)
2024,CORTE SELETIVO,C51L41,POINT (-61.19279891239077 -8.186802125275166)
2024,CORTE SELETIVO,C51L41,POINT (-61.19280740896644 -8.18678115423756)
2024,CORTE SELETIVO,C51L41,POINT (-61.19242239281579 -8.18648156270207)
2024,CORTE SELETIVO,C51L41,POINT (-61.19302711320793 -8.186353306496747)
2024,CORTE SELETIVO,C51L41,POINT (-61.19285576098132 -8.186226680022445)
2024,CORTE SELETIVO,C51L41,POINT (-61.19272460766256 -8.186086661702545)
2024,CORTE SELETIVO,C51L41,POINT (-61.192522560431186 -8.185996201696886)
2024,CORTE SELETIVO,C51L41,POINT (-61.192708072139055 -8.185843289300122)
2024,CORTE SELETIVO,C51L41,POINT (-61.19349258531546 -8.185651074621733)
2024,CORTE SELETIVO,C51L41,POINT (-61.19565943153476 -8.185645798083375)
2024,CORTE SELETIVO,C51L41,POINT (-61.19507093277071 -8.18553581877249)
2024,CORTE SELETIVO,C51L41,POINT (-61.19359473056346 -8.185561043951614)
2024,CORTE SELETIVO,C51L41,POINT (-61.19279426032382 -8.18525384010624)
2024,CORTE SELETIVO,C51L41,POINT (-61.192964565201585 -8.185218092856678)
2024,CORTE SELETIVO,C51L41,POINT (-61.1931331080616 -8.185047137421718)
2024,CORTE SELETIVO,C51L41,POINT (-61.191723364131676 -8.177416093936468)
2024,CORTE SELETIVO,C51L41,POINT (-61.18962438577937 -8.177049803818896)
2024,CORTE SELETIVO,C51L41,POINT (-61.188724264209384 -8.176539861397693)
2024,CORTE SELETIVO,C51L41,POINT (-61.18830194738866 -8.176928011056294)
2024,CORTE SELETIVO,C51L41,POINT (-61.188345234504844 -8.176488855863669)
2024,CORTE SELETIVO,C51L41,POINT (-61.18038249747336 -8.192511679266657)
2024,CORTE SELETIVO,C51L41,POINT (-61.18538634295973 -8.183247211708785)
2024,CORTE SELETIVO,C51L41,POINT (-61.183167365292164 -8.182754021405028)
2024,CORTE SELETIVO,C51L41,POINT (-61.181704828885906 -8.182732929713033)
2024,CORTE SELETIVO,C51L41,POINT (-61.1816752533555 -8.182452429253233)
2024,CORTE SELETIVO,C51L41,POINT (-61.181445627986136 -8.174585133693995)
2024,CORTE SELETIVO,C51L41,POINT (-61.17882931416425 -8.18125481708959)
2024,CORTE SELETIVO,C51L41,POINT (-61.17813210201482 -8.179509686379825)
2024,CORTE SELETIVO,C51L41,POINT (-61.17272176558167 -8.20006735810876)
2024,CORTE SELETIVO,C51L41,POINT (-61.1739063347209 -8.176019281761906)
2024,CORTE SELETIVO,C51L41,POINT (-61.17101144700766 -8.174821209632436)
2024,CORTE SELETIVO,C51L41,POINT (-61.11644307800959 -8.232697827990084)
2024,CORTE SELETIVO,C51L41,POINT (-61.19644561408425 -8.185532955939564)
2024,CORTE SELETIVO,C51L41,POINT (-61.19207977985298 -8.178504056089654)
2024,CORTE SELETIVO,C51L41,POINT (-61.19610171124299 -8.239996186921589)
2024,CORTE SELETIVO,C51L41,POINT (-61.191920568770875 -8.178551090322108)
2024,CORTE SELETIVO,C51L41,POINT (-61.191797398774646 -8.178550337958939)
2024,CORTE SELETIVO,C51L41,POINT (-61.20441961573324 -8.24716310481315)
2024,CORTE SELETIVO,C51L41,POINT (-61.20453993330606 -8.247024471432663)
2024,CORTE SELETIVO,C51L41,POINT (-61.20449468673667 -8.24690230689437)
2024,CORTE SELETIVO,C51L41,POINT (-61.200881193439805 -8.244429874537929)
2024,CORTE SELETIVO,C51L41,POINT (-61.186815156912054 -8.177591839049542)
2024,CORTE SELETIVO,C51L41,POINT (-61.195271242591716 -8.23986558725088)
2024,CORTE SELETIVO,C51L41,POINT (-61.200990181733566 -8.24415523322854)
2024,CORTE SELETIVO,C51L41,POINT (-61.20118053245932 -8.244576704726477)
2024,CORTE SELETIVO,C51L41,POINT (-61.215182440874415 -8.24943837155823)
2024,CORTE SELETIVO,C51L41,POINT (-61.20596335265781 -8.249093436153903)
2024,CORTE SELETIVO,C51L41,POINT (-61.214696682689485 -8.248810201310397)
2024,CORTE SELETIVO,C51L41,POINT (-61.205799044806916 -8.248932152286853)
2024,CORTE SELETIVO,C51L41,POINT (-61.211629408088754 -8.248403559606059)
2024,CORTE SELETIVO,C51L41,POINT (-61.21157398036555 -8.248257607154835)
2024,CORTE SELETIVO,C51L41,POINT (-61.20574104759038 -8.247609613066288)
2024,CORTE SELETIVO,C51L41,POINT (-61.20443588731504 -8.247491959150521)
2024,CORTE SELETIVO,C51L41,POINT (-61.204511054620866 -8.247294800277617)
2024,CORTE SELETIVO,C51L41,POINT (-61.210227987367674 -8.247125453567348)
2024,CORTE SELETIVO,C51L41,POINT (-61.20512618327078 -8.247034367105384)
2024,CORTE SELETIVO,C51L41,POINT (-61.20647733397388 -8.246316494370154)
2024,CORTE SELETIVO,C51L41,POINT (-61.20635640068314 -8.246286184316805)
2024,CORTE SELETIVO,C51L41,POINT (-61.20644508507375 -8.246065929591401)
2024,CORTE SELETIVO,C51L41,POINT (-61.20709781456767 -8.245981426128878)
2024,CORTE SELETIVO,C51L41,POINT (-61.20676864842062 -8.244965046478335)
2024,CORTE SELETIVO,C51L41,POINT (-61.20458952481474 -8.244831573670847)
2024,CORTE SELETIVO,C51L41,POINT (-61.20464767325151 -8.244519809987112)
2024,CORTE SELETIVO,C51L41,POINT (-61.20465249378785 -8.242873243864107)
2024,CORTE SELETIVO,C51L41,POINT (-61.205124838689954 -8.242108296891004)
2024,CORTE SELETIVO,C51L41,POINT (-61.204948272910656 -8.242067646978818)
2024,CORTE SELETIVO,C51L41,POINT (-61.205493599376474 -8.240700464501918)
2024,CORTE SELETIVO,C51L41,POINT (-61.20455348526474 -8.240453046126147)
2024,CORTE SELETIVO,C51L41,POINT (-61.204936301339146 -8.240488029057992)
2024,CORTE SELETIVO,C51L41,POINT (-61.204546138725036 -8.239104578128403)
2024,CORTE SELETIVO,C51L41,POINT (-61.20439705825738 -8.232262518413465)
2024,CORTE SELETIVO,C51L41,POINT (-61.20446901410763 -8.232138257442182)
2024,CORTE SELETIVO,C51L41,POINT (-61.2045746086374 -8.230157824809192)
2024,CORTE SELETIVO,C51L41,POINT (-61.202045956072574 -8.24883850688377)
2024,CORTE SELETIVO,C51L41,POINT (-61.20220445011027 -8.248147745405626)
2024,CORTE SELETIVO,C51L41,POINT (-61.203918196451944 -8.24817772039534)
2024,CORTE SELETIVO,C51L41,POINT (-61.20218464896242 -8.248057970037426)
2024,CORTE SELETIVO,C51L41,POINT (-61.20377492981267 -8.247936296702637)
2024,CORTE SELETIVO,C51L41,POINT (-61.202392687672095 -8.247264211420353)
2024,CORTE SELETIVO,C51L41,POINT (-61.20196631562763 -8.2466230818029)
2024,CORTE SELETIVO,C51L41,POINT (-61.20219932848531 -8.246596886797942)
2024,CORTE SELETIVO,C51L41,POINT (-61.20328545544194 -8.245198839760691)
2024,CORTE SELETIVO,C51L41,POINT (-61.203483237361176 -8.245116896494928)
2024,CORTE SELETIVO,C51L41,POINT (-61.20257679361292 -8.244368272367426)
2024,CORTE SELETIVO,C51L41,POINT (-61.202652546088146 -8.243925111174915)
2024,CORTE SELETIVO,C51L41,POINT (-61.203043616441505 -8.243694176875456)
2024,CORTE SELETIVO,C51L41,POINT (-61.20337055973687 -8.243568317617578)
2024,CORTE SELETIVO,C51L41,POINT (-61.20357116443925 -8.243488308394474)
2024,CORTE SELETIVO,C51L41,POINT (-61.202937628983996 -8.239414148140549)
2024,CORTE SELETIVO,C51L41,POINT (-61.20397855411644 -8.23895963570306)
2024,CORTE SELETIVO,C51L41,POINT (-61.203410755320625 -8.238788785448312)
2024,CORTE SELETIVO,C51L41,POINT (-61.20193352364871 -8.238291118403094)
2024,CORTE SELETIVO,C51L41,POINT (-61.2018702677806 -8.238027502212644)
2024,CORTE SELETIVO,C51L41,POINT (-61.201718833505815 -8.235427099617285)
2024,CORTE SELETIVO,C51L41,POINT (-61.20216354665605 -8.234441618936186)
2024,CORTE SELETIVO,C51L41,POINT (-61.20240113793528 -8.234268292895667)
2024,CORTE SELETIVO,C51L41,POINT (-61.202320971255354 -8.233663139819608)
2024,CORTE SELETIVO,C51L41,POINT (-61.20240634982376 -8.233226530375052)
2024,CORTE SELETIVO,C51L41,POINT (-61.2035707629358 -8.233098489853157)
2024,CORTE SELETIVO,C51L41,POINT (-61.20233806829365 -8.232978396738565)
2024,CORTE SELETIVO,C51L41,POINT (-61.20166385617524 -8.232895025388089)
2024,CORTE SELETIVO,C51L41,POINT (-61.203376353797175 -8.232671174698686)
2024,CORTE SELETIVO,C51L41,POINT (-61.203963337795756 -8.23258298229807)
2024,CORTE SELETIVO,C51L41,POINT (-61.20410988074407 -8.232339930320673)
2024,CORTE SELETIVO,C51L41,POINT (-61.20329953167529 -8.232183544452655)
2024,CORTE SELETIVO,C51L41,POINT (-61.203121077975275 -8.232003522092139)
2024,CORTE SELETIVO,C51L41,POINT (-61.20383098192338 -8.231374283118484)
2024,CORTE SELETIVO,C51L41,POINT (-61.20383994732031 -8.230968255495917)
2024,CORTE SELETIVO,C51L41,POINT (-61.203796905687945 -8.230676913387965)
2024,CORTE SELETIVO,C51L41,POINT (-61.20342097727618 -8.23077500042104)
2024,CORTE SELETIVO,C51L41,POINT (-61.20386358663686 -8.229655324024014)
2024,CORTE SELETIVO,C51L41,POINT (-61.20340890942335 -8.229508964625978)
2024,CORTE SELETIVO,C51L41,POINT (-61.203643344130874 -8.229412934964987)
2024,CORTE SELETIVO,C51L41,POINT (-61.20352309110523 -8.22939642410199)
2024,CORTE SELETIVO,C51L41,POINT (-61.203483039131946 -8.2290144151368)
2024,CORTE SELETIVO,C51L41,POINT (-61.20374885694389 -8.229060211243963)
2024,CORTE SELETIVO,C51L41,POINT (-61.20380233525092 -8.228987497416353)
2024,CORTE SELETIVO,C51L41,POINT (-61.203658373676525 -8.22870613712102)
2024,CORTE SELETIVO,C51L41,POINT (-61.20111990896922 -8.24750411179366)
2024,CORTE SELETIVO,C51L41,POINT (-61.19984352845593 -8.246408716741348)
2024,CORTE SELETIVO,C51L41,POINT (-61.201279342802415 -8.245274090476554)
2024,CORTE SELETIVO,C51L41,POINT (-61.201229974480576 -8.24469515032058)
2024,CORTE SELETIVO,C51L41,POINT (-61.199652306463896 -8.239366880510866)
2024,CORTE SELETIVO,C51L41,POINT (-61.20080040315955 -8.239004990457047)
2024,CORTE SELETIVO,C51L41,POINT (-61.2011328163419 -8.238952577260424)
2024,CORTE SELETIVO,C51L41,POINT (-61.2005083357895 -8.238514979139662)
2024,CORTE SELETIVO,C51L41,POINT (-61.20079045071902 -8.238512095985964)
2024,CORTE SELETIVO,C51L41,POINT (-61.20089171683048 -8.238395802496196)
2024,CORTE SELETIVO,C51L41,POINT (-61.20070505182624 -8.23828708428267)
2024,CORTE SELETIVO,C51L41,POINT (-61.20125246833327 -8.237850267518263)
2024,CORTE SELETIVO,C51L41,POINT (-61.20072844674645 -8.23787068298159)
2024,CORTE SELETIVO,C51L41,POINT (-61.2012947474815 -8.237629356486782)
2024,CORTE SELETIVO,C51L41,POINT (-61.199425415802935 -8.236211479337607)
2024,CORTE SELETIVO,C51L41,POINT (-61.19991728471743 -8.236194676873545)
2024,CORTE SELETIVO,C51L41,POINT (-61.19975349274898 -8.23604286663373)
2024,CORTE SELETIVO,C51L41,POINT (-61.20127319623986 -8.235591851947193)
2024,CORTE SELETIVO,C51L41,POINT (-61.201621307989626 -8.234511238405215)
2024,CORTE SELETIVO,C51L41,POINT (-61.20144105624755 -8.234365931834851)
2024,CORTE SELETIVO,C51L41,POINT (-61.200746489182514 -8.23384425500202)
2024,CORTE SELETIVO,C51L41,POINT (-61.20107747774772 -8.23341213991628)
2024,CORTE SELETIVO,C51L41,POINT (-61.201624763418124 -8.233282574550573)
2024,CORTE SELETIVO,C51L41,POINT (-61.20133190686339 -8.233327671870235)
2024,CORTE SELETIVO,C51L41,POINT (-61.20025785824391 -8.233359824281663)
2024,CORTE SELETIVO,C51L41,POINT (-61.201283348855995 -8.233220661960885)
2024,CORTE SELETIVO,C51L41,POINT (-61.200537301181384 -8.232899605079592)
2024,CORTE SELETIVO,C51L41,POINT (-61.19988489619511 -8.232915227337084)
2024,CORTE SELETIVO,C51L41,POINT (-61.20158147562651 -8.232685437975205)
2024,CORTE SELETIVO,C51L41,POINT (-61.199094177222236 -8.239695009212912)
2024,CORTE SELETIVO,C51L41,POINT (-61.199470449218786 -8.239535481855436)
2024,CORTE SELETIVO,C51L41,POINT (-61.19756662990625 -8.238650054182916)
2024,CORTE SELETIVO,C51L41,POINT (-61.19796493525219 -8.236198887350753)
2024,CORTE SELETIVO,C51L41,POINT (-61.198359332704165 -8.2359422678279)
2024,CORTE SELETIVO,C51L41,POINT (-61.19868010416378 -8.235578044967946)
2024,CORTE SELETIVO,C51L41,POINT (-61.19840284964793 -8.235540119384158)
2024,CORTE SELETIVO,C51L41,POINT (-61.198484862821736 -8.235257093336825)
2024,CORTE SELETIVO,C51L41,POINT (-61.198599703934484 -8.235029418141751)
2024,CORTE SELETIVO,C51L41,POINT (-61.199350236857214 -8.23506528179259)
2024,CORTE SELETIVO,C51L41,POINT (-61.198089857388744 -8.235200819581802)
2024,CORTE SELETIVO,C51L41,POINT (-61.19823497798957 -8.234953038783672)
2024,CORTE SELETIVO,C51L41,POINT (-61.19858200986024 -8.234746925790398)
2024,CORTE SELETIVO,C51L41,POINT (-61.19796412853731 -8.234639936371549)
2024,CORTE SELETIVO,C51L41,POINT (-61.19775620515562 -8.234661724685768)
2024,CORTE SELETIVO,C51L41,POINT (-61.19854314764896 -8.234398878651632)
2024,CORTE SELETIVO,C51L41,POINT (-61.198889372432156 -8.23418856640852)
2024,CORTE SELETIVO,C51L41,POINT (-61.198098625327084 -8.234119490202216)
2024,CORTE SELETIVO,C51L41,POINT (-61.19784192593434 -8.234167458571484)
2024,CORTE SELETIVO,C51L41,POINT (-61.198503529084725 -8.234027768939315)
2024,CORTE SELETIVO,C51L41,POINT (-61.19880715690472 -8.233907711694956)
2024,CORTE SELETIVO,C51L41,POINT (-61.19782277519914 -8.23394976810017)
2024,CORTE SELETIVO,C51L41,POINT (-61.198639927498824 -8.233741828877601)
2024,CORTE SELETIVO,C51L41,POINT (-61.19844574822299 -8.233759548025589)
2024,CORTE SELETIVO,C51L41,POINT (-61.19789092731402 -8.232949211561303)
2024,CORTE SELETIVO,C51L41,POINT (-61.19646709069743 -8.240081830531766)
2024,CORTE SELETIVO,C51L41,POINT (-61.197415062707215 -8.235673641636838)
2024,CORTE SELETIVO,C51L41,POINT (-61.19477976693572 -8.1888758905566)
2024,CORTE SELETIVO,C51L41,POINT (-61.191325069933846 -8.187832530983622)
2024,CORTE SELETIVO,C51L41,POINT (-61.19044346035126 -8.187829342768687)
2024,CORTE SELETIVO,C51L41,POINT (-61.19123248550244 -8.187742316802673)
2024,CORTE SELETIVO,C51L41,POINT (-61.191345253028146 -8.187613591430814)
2024,CORTE SELETIVO,C51L41,POINT (-61.19152649000631 -8.18753046794532)
2024,CORTE SELETIVO,C51L41,POINT (-61.1896897567424 -8.187400485365677)
2024,CORTE SELETIVO,C51L41,POINT (-61.18933956633854 -8.187141828618056)
2024,CORTE SELETIVO,C51L41,POINT (-61.18915002709845 -8.187118567792815)
2024,CORTE SELETIVO,C51L41,POINT (-61.192731682878424 -8.186761691142696)
2024,CORTE SELETIVO,C51L41,POINT (-61.19391150946146 -8.185994790053059)
2024,CORTE SELETIVO,C51L41,POINT (-61.19518546830169 -8.185995615939488)
2024,CORTE SELETIVO,C51L41,POINT (-61.19560548414491 -8.18598116260194)
2024,CORTE SELETIVO,C51L41,POINT (-61.19493658482635 -8.185610811385574)
2024,CORTE SELETIVO,C51L41,POINT (-61.195176303090115 -8.18552591067993)
2024,CORTE SELETIVO,C51L41,POINT (-61.195010005549456 -8.18548657675987)
2024,CORTE SELETIVO,C51L41,POINT (-61.18257965276667 -8.191055527997138)
2024,CORTE SELETIVO,C51L41,POINT (-61.18286826484912 -8.19093328142185)
2024,CORTE SELETIVO,C51L41,POINT (-61.184247346056274 -8.185812147206676)
2024,CORTE SELETIVO,C51L41,POINT (-61.18454639944366 -8.18586149798564)
2024,CORTE SELETIVO,C51L41,POINT (-61.1845867431592 -8.184236856340302)
2024,CORTE SELETIVO,C51L41,POINT (-61.18203771307827 -8.183761920746841)
2024,CORTE SELETIVO,C51L41,POINT (-61.180430562047164 -8.192573132028091)
2024,CORTE SELETIVO,C51L41,POINT (-61.180281886003186 -8.182018140229006)
2024,CORTE SELETIVO,C51L41,POINT (-61.18098914415345 -8.18202790943733)
2024,CORTE SELETIVO,C51L41,POINT (-61.177759718945 -8.180752330121445)
2024,CORTE SELETIVO,C51L41,POINT (-61.176414801323624 -8.179670888232916)
2024,CORTE SELETIVO,C51L41,POINT (-61.17750853038321 -8.179010575792793)
2024,CORTE SELETIVO,C51L41,POINT (-61.116671111039246 -8.232681644451665)
2024,CORTE SELETIVO,C51L41,POINT (-61.116447616917924 -8.232538635755429)
2024,CORTE SELETIVO,C51L41,POINT (-61.169354804734624 -8.221390524654383)
2024,CORTE SELETIVO,C51L41,POINT (-61.1715774899162 -8.219934550309578)
2024,CORTE SELETIVO,C51L41,POINT (-61.17426208011462 -8.178140335902896)
2024,CORTE SELETIVO,C51L41,POINT (-61.17391832202805 -8.176228591547586)
2024,CORTE SELETIVO,C51L41,POINT (-61.17372889590764 -8.17611561248573)
2024,CORTE SELETIVO,C51L41,POINT (-61.18363733277666 -8.185110359157456)
2024,CORTE SELETIVO,C51L41,POINT (-61.20103300352809 -8.244138883045595)
2024,CORTE SELETIVO,C51L41,POINT (-61.21518714295073 -8.249283828826263)
2024,CORTE SELETIVO,C51L41,POINT (-61.21508405241283 -8.249054582722207)
2024,CORTE SELETIVO,C51L41,POINT (-61.21464757267756 -8.248686764471168)
2024,CORTE SELETIVO,C51L41,POINT (-61.21141145735661 -8.24805411728275)
2024,CORTE SELETIVO,C51L41,POINT (-61.20400011788989 -8.248084343407498)
2024,CORTE SELETIVO,C51L41,POINT (-61.21032154579732 -8.247029605663247)
2024,CORTE SELETIVO,C51L41,POINT (-61.206498005293234 -8.24629776511755)
2024,CORTE SELETIVO,C51L41,POINT (-61.206351680093434 -8.246168953088588)
2024,CORTE SELETIVO,C51L41,POINT (-61.20472274689058 -8.244521910298998)
2024,CORTE SELETIVO,C51L41,POINT (-61.20469491180706 -8.244275029496876)
2024,CORTE SELETIVO,C51L41,POINT (-61.203627053480176 -8.243376780471174)
2024,CORTE SELETIVO,C51L41,POINT (-61.20465149265571 -8.242650614461144)
2024,CORTE SELETIVO,C51L41,POINT (-61.204875216898095 -8.242173926577312)
2024,CORTE SELETIVO,C51L41,POINT (-61.20505898592085 -8.242154442746713)
2024,CORTE SELETIVO,C51L41,POINT (-61.20542222904608 -8.240614068237702)
2024,CORTE SELETIVO,C51L41,POINT (-61.20521880865038 -8.24059893218043)
2024,CORTE SELETIVO,C51L41,POINT (-61.20454878637061 -8.240310183924015)
2024,CORTE SELETIVO,C51L41,POINT (-61.20480710350891 -8.240352220996375)
2024,CORTE SELETIVO,C51L41,POINT (-61.20419678507414 -8.238851105427083)
2024,CORTE SELETIVO,C51L41,POINT (-61.20403372328889 -8.238752625411284)
2024,CORTE SELETIVO,C51L41,POINT (-61.204214779567266 -8.23253418161683)
2024,CORTE SELETIVO,C51L41,POINT (-61.20405219615372 -8.232447614949088)
2024,CORTE SELETIVO,C51L41,POINT (-61.20396831284586 -8.232318199000456)
2024,CORTE SELETIVO,C51L41,POINT (-61.20433657689056 -8.232170222923385)
2024,CORTE SELETIVO,C51L41,POINT (-61.20408147877898 -8.231210560454059)
2024,CORTE SELETIVO,C51L41,POINT (-61.20394569222138 -8.231115356944773)
2024,CORTE SELETIVO,C51L41,POINT (-61.20378347947268 -8.231009512828669)
2024,CORTE SELETIVO,C51L41,POINT (-61.20393112267387 -8.23084811693506)
2024,CORTE SELETIVO,C51L41,POINT (-61.20447721140823 -8.228608238265183)
2024,CORTE SELETIVO,C51L41,POINT (-61.20199783507772 -8.248717240370725)
2024,CORTE SELETIVO,C51L41,POINT (-61.20201933679851 -8.24861605978724)
2024,CORTE SELETIVO,C51L41,POINT (-61.201722004408616 -8.248602602267633)
2024,CORTE SELETIVO,C51L41,POINT (-61.20199355649074 -8.248539486172938)
2024,CORTE SELETIVO,C51L41,POINT (-61.202219941366714 -8.24801092920996)
2024,CORTE SELETIVO,C51L41,POINT (-61.20214902090863 -8.247910892120247)
2024,CORTE SELETIVO,C51L41,POINT (-61.20207338031953 -8.246630079172066)
2024,CORTE SELETIVO,C51L41,POINT (-61.20343015733098 -8.245221206962315)
2024,CORTE SELETIVO,C51L41,POINT (-61.20338871044682 -8.245111431062016)
2024,CORTE SELETIVO,C51L41,POINT (-61.20314269076334 -8.245116447561768)
2024,CORTE SELETIVO,C51L41,POINT (-61.20272609552107 -8.243911810872325)
2024,CORTE SELETIVO,C51L41,POINT (-61.202619958636916 -8.24389982207257)
2024,CORTE SELETIVO,C51L41,POINT (-61.20312798245129 -8.243524631909498)
2024,CORTE SELETIVO,C51L41,POINT (-61.20351567253618 -8.243144010008537)
2024,CORTE SELETIVO,C51L41,POINT (-61.20343292508686 -8.243028784315756)
2024,CORTE SELETIVO,C51L41,POINT (-61.20209410586974 -8.24170387375258)
2024,CORTE SELETIVO,C51L41,POINT (-61.2029036220152 -8.241407079825322)
2024,CORTE SELETIVO,C51L41,POINT (-61.20304699433726 -8.241117447655405)
2024,CORTE SELETIVO,C51L41,POINT (-61.20253838697472 -8.239837181750474)
2024,CORTE SELETIVO,C51L41,POINT (-61.20266003984579 -8.233811306264945)
2024,CORTE SELETIVO,C51L41,POINT (-61.20239659499167 -8.233345647063409)
2024,CORTE SELETIVO,C51L41,POINT (-61.20204839841542 -8.233247573815962)
2024,CORTE SELETIVO,C51L41,POINT (-61.20258714892786 -8.233149293431218)
2024,CORTE SELETIVO,C51L41,POINT (-61.201702022175404 -8.233141010680589)
2024,CORTE SELETIVO,C51L41,POINT (-61.203290771553284 -8.233179143899415)
2024,CORTE SELETIVO,C51L41,POINT (-61.20231421259596 -8.233043967123601)
2024,CORTE SELETIVO,C51L41,POINT (-61.20186945855533 -8.233046358212812)
2024,CORTE SELETIVO,C51L41,POINT (-61.20281773181396 -8.232918368677801)
2024,CORTE SELETIVO,C51L41,POINT (-61.20352750415522 -8.232960409948737)
2024,CORTE SELETIVO,C51L41,POINT (-61.20331608876629 -8.232743691696985)
2024,CORTE SELETIVO,C51L41,POINT (-61.201673267577604 -8.232775520454027)
2024,CORTE SELETIVO,C51L41,POINT (-61.203209875500406 -8.23256427056893)
2024,CORTE SELETIVO,C51L41,POINT (-61.20328555827769 -8.232099256097063)
2024,CORTE SELETIVO,C51L41,POINT (-61.203470324219374 -8.229233342534387)
2024,CORTE SELETIVO,C51L41,POINT (-61.20006210444247 -8.246383098621838)
2024,CORTE SELETIVO,C51L41,POINT (-61.20120263109946 -8.24503051779159)
2024,CORTE SELETIVO,C51L41,POINT (-61.20134137986816 -8.244657919080423)
2024,CORTE SELETIVO,C51L41,POINT (-61.20132780928479 -8.244470210613423)
2024,CORTE SELETIVO,C51L41,POINT (-61.20043132636341 -8.241197323650178)
2024,CORTE SELETIVO,C51L41,POINT (-61.201216419623165 -8.240940208007903)
2024,CORTE SELETIVO,C51L41,POINT (-61.20035126553687 -8.24057578644243)
2024,CORTE SELETIVO,C51L41,POINT (-61.20042022178912 -8.240353909789762)
2024,CORTE SELETIVO,C51L41,POINT (-61.199830720381826 -8.239445345867557)
2024,CORTE SELETIVO,C51L41,POINT (-61.19948870182379 -8.23945524044206)
2024,CORTE SELETIVO,C51L41,POINT (-61.199780390289305 -8.239319636031581)
2024,CORTE SELETIVO,C51L41,POINT (-61.20097558338849 -8.23914584194316)
2024,CORTE SELETIVO,C51L41,POINT (-61.20102093756816 -8.239051177963326)
2024,CORTE SELETIVO,C51L41,POINT (-61.20064000529539 -8.238515166742527)
2024,CORTE SELETIVO,C51L41,POINT (-61.200550278924986 -8.238327473238382)
2024,CORTE SELETIVO,C51L41,POINT (-61.20085881836826 -8.238267139002057)
2024,CORTE SELETIVO,C51L41,POINT (-61.20078227740986 -8.238055923186248)
2024,CORTE SELETIVO,C51L41,POINT (-61.201057092725144 -8.237708263469488)
2024,CORTE SELETIVO,C51L41,POINT (-61.201290627307166 -8.237548230146956)
2024,CORTE SELETIVO,C51L41,POINT (-61.200986575532 -8.235570644501705)
2024,CORTE SELETIVO,C51L41,POINT (-61.19824501756591 -8.235287957722598)
2024,CORTE SELETIVO,C51L41,POINT (-61.19899640510717 -8.234204749025714)
2024,CORTE SELETIVO,C51L41,POINT (-61.19843283864628 -8.23366854460522)
2024,CORTE SELETIVO,C51L41,POINT (-61.198359634300616 -8.232962908788686)
2024,CORTE SELETIVO,C51L41,POINT (-61.19828812232028 -8.232896762904915)
2024,CORTE SELETIVO,C51L41,POINT (-61.19730518278529 -8.239282302919555)
2024,CORTE SELETIVO,C51L41,POINT (-61.197561485959966 -8.236849431293964)
2024,CORTE SELETIVO,C51L41,POINT (-61.19803698037423 -8.236170125876715)
2024,CORTE SELETIVO,C51L41,POINT (-61.19796128330168 -8.236081319765184)
2024,CORTE SELETIVO,C51L41,POINT (-61.19744894113526 -8.235306586826239)
2024,CORTE SELETIVO,C51L41,POINT (-61.19808944963058 -8.234082667183163)
2024,CORTE SELETIVO,C51L41,POINT (-61.19819446966326 -8.233702701396362)
2024,CORTE SELETIVO,C51L41,POINT (-61.18929460653295 -8.186931706286375)
2024,CORTE SELETIVO,C51L41,POINT (-61.195873953484565 -8.186642146855647)
2024,CORTE SELETIVO,C51L41,POINT (-61.193764363721634 -8.185570183205586)
2024,CORTE SELETIVO,C51L41,POINT (-61.19186914571233 -8.177409994631795)
2024,CORTE SELETIVO,C51L41,POINT (-61.188390222818555 -8.176597158498364)
2024,CORTE SELETIVO,C51L41,POINT (-61.18100090335837 -8.181364206407071)
2024,CORTE SELETIVO,C51L41,POINT (-61.18647828338732 -8.175708670729104)
2024,CORTE SELETIVO,C51L41,POINT (-61.18001597193584 -8.181763852758168)
2024,CORTE SELETIVO,C51L41,POINT (-61.17595379489786 -8.173445112585267)
2024,CORTE SELETIVO,C51L41,POINT (-61.17398247728732 -8.176338582462655)
2024,CORTE SELETIVO,C51L41,POINT (-61.17511403851493 -8.17538196724495)
2024,CORTE SELETIVO,C51L41,POINT (-61.170479731682875 -8.173116273684434)
2024,CORTE SELETIVO,C51L41,POINT (-61.19870208712861 -8.234645106674227)
2024,CORTE SELETIVO,C51L41,POINT (-61.20304487559394 -8.228620085841033)
2024,CORTE SELETIVO,C51L41,POINT (-61.17350890925385 -8.215650807234294)
2024,CORTE SELETIVO,C51L41,POINT (-61.17354571183654 -8.21543612358098)
2024,CORTE SELETIVO,C51L41,POINT (-61.18720536332516 -8.178026051298062)
2024,CORTE SELETIVO,C51L41,POINT (-61.19622873756516 -8.185294921767063)
2024,CORTE SELETIVO,C51L41,POINT (-61.18732757925937 -8.178029466952491)
2024,CORTE SELETIVO,C51L41,POINT (-61.2011426630094 -8.244632632072687)
2024,CORTE SELETIVO,C51L41,POINT (-61.20350215480335 -8.23036848232922)
2024,CORTE SELETIVO,C51L41,POINT (-61.21612468200263 -8.228763831630095)
2024,CORTE SELETIVO,C51L41,POINT (-61.20971519018769 -8.249462628317103)
2024,CORTE SELETIVO,C51L41,POINT (-61.21510588580069 -8.24936508175867)
2024,CORTE SELETIVO,C51L41,POINT (-61.21525308290603 -8.249264728894689)
2024,CORTE SELETIVO,C51L41,POINT (-61.215193862996536 -8.24917185932255)
2024,CORTE SELETIVO,C51L41,POINT (-61.21570794284768 -8.249014242345917)
2024,CORTE SELETIVO,C51L41,POINT (-61.21585740188658 -8.248988008437157)
2024,CORTE SELETIVO,C51L41,POINT (-61.20637987120672 -8.24889564108388)
2024,CORTE SELETIVO,C51L41,POINT (-61.21460090305748 -8.248709213699616)
2024,CORTE SELETIVO,C51L41,POINT (-61.21654136746578 -8.248567366201863)
2024,CORTE SELETIVO,C51L41,POINT (-61.21129791644836 -8.24820045191285)
2024,CORTE SELETIVO,C51L41,POINT (-61.211230786071376 -8.248048238329368)
2024,CORTE SELETIVO,C51L41,POINT (-61.20861525485427 -8.247573652295792)
2024,CORTE SELETIVO,C51L41,POINT (-61.210219487509946 -8.246946161717709)
2024,CORTE SELETIVO,C51L41,POINT (-61.205020052901055 -8.246617328480168)
2024,CORTE SELETIVO,C51L41,POINT (-61.21240997816207 -8.246287548856792)
2024,CORTE SELETIVO,C51L41,POINT (-61.211172073590895 -8.246078593972697)
2024,CORTE SELETIVO,C51L41,POINT (-61.21586947205212 -8.246031105950546)
2024,CORTE SELETIVO,C51L41,POINT (-61.21278274893809 -8.246016965369776)
2024,CORTE SELETIVO,C51L41,POINT (-61.21077130335582 -8.246010769114884)
2024,CORTE SELETIVO,C51L41,POINT (-61.20938423672423 -8.246068948977744)
2024,CORTE SELETIVO,C51L41,POINT (-61.209889819688584 -8.245878231643921)
2024,CORTE SELETIVO,C51L41,POINT (-61.20793942075256 -8.245762323183202)
2024,CORTE SELETIVO,C51L41,POINT (-61.21418884370515 -8.24539955256855)
2024,CORTE SELETIVO,C51L41,POINT (-61.21034586083642 -8.244815490348461)
2024,CORTE SELETIVO,C51L41,POINT (-61.210211858665474 -8.244536396825898)
2024,CORTE SELETIVO,C51L41,POINT (-61.20990309643247 -8.244309449939736)
2024,CORTE SELETIVO,C51L41,POINT (-61.20716512577581 -8.24410105640508)
2024,CORTE SELETIVO,C51L41,POINT (-61.21081187053962 -8.244021676822726)
2024,CORTE SELETIVO,C51L41,POINT (-61.20682907989912 -8.244255325036239)
2024,CORTE SELETIVO,C51L41,POINT (-61.2113932602738 -8.24374989161898)
2024,CORTE SELETIVO,C51L41,POINT (-61.21144427705053 -8.24354086521498)
2024,CORTE SELETIVO,C51L41,POINT (-61.209937133138645 -8.242995684108758)
2024,CORTE SELETIVO,C51L41,POINT (-61.20999270163892 -8.24279624583532)
2024,CORTE SELETIVO,C51L41,POINT (-61.21033848023338 -8.242168517815415)
2024,CORTE SELETIVO,C51L41,POINT (-61.21006529126326 -8.242064938367589)
2024,CORTE SELETIVO,C51L41,POINT (-61.209798854472915 -8.241779805131792)
2024,CORTE SELETIVO,C51L41,POINT (-61.21061855290674 -8.241615724952633)
2024,CORTE SELETIVO,C51L41,POINT (-61.20995168219812 -8.241512445640867)
2024,CORTE SELETIVO,C51L41,POINT (-61.21084202475506 -8.241496879985556)
2024,CORTE SELETIVO,C51L41,POINT (-61.20181320737332 -8.248711255776218)
2024,CORTE SELETIVO,C51L41,POINT (-61.20212724838106 -8.248103179567757)
2024,CORTE SELETIVO,C51L41,POINT (-61.201100482034974 -8.247375584184335)
2024,CORTE SELETIVO,C51L41,POINT (-61.204535721882586 -8.244625884219134)
2024,CORTE SELETIVO,C51L41,POINT (-61.20472337584773 -8.244238853350868)
2024,CORTE SELETIVO,C51L41,POINT (-61.20489116779267 -8.242070396280157)
2024,CORTE SELETIVO,C51L41,POINT (-61.2017669232262 -8.24153162249957)
2024,CORTE SELETIVO,C51L41,POINT (-61.200341176576885 -8.241169001454562)
2024,CORTE SELETIVO,C51L41,POINT (-61.20084735577726 -8.240960058787476)
2024,CORTE SELETIVO,C51L41,POINT (-61.20450059212061 -8.240522864389023)
2024,CORTE SELETIVO,C51L41,POINT (-61.20036995230483 -8.240350446039633)
2024,CORTE SELETIVO,C51L41,POINT (-61.200664663750956 -8.24025113794759)
2024,CORTE SELETIVO,C51L41,POINT (-61.20284702000903 -8.239369356113395)
2024,CORTE SELETIVO,C51L41,POINT (-61.20441784365472 -8.239274730618)
2024,CORTE SELETIVO,C51L41,POINT (-61.20266527214261 -8.239070788404236)
2024,CORTE SELETIVO,C51L41,POINT (-61.200828272344296 -8.238982534995861)
2024,CORTE SELETIVO,C51L41,POINT (-61.20406799455571 -8.23880612816213)
2024,CORTE SELETIVO,C51L41,POINT (-61.20101035222695 -8.237830250597856)
2024,CORTE SELETIVO,C51L41,POINT (-61.20112813662576 -8.237720919323813)
2024,CORTE SELETIVO,C51L41,POINT (-61.2010651663854 -8.237625148990173)
2024,CORTE SELETIVO,C51L41,POINT (-61.2002211216809 -8.23616616597724)
2024,CORTE SELETIVO,C51L41,POINT (-61.20188603126029 -8.235362780145747)
2024,CORTE SELETIVO,C51L41,POINT (-61.20228357227598 -8.234326222689077)
2024,CORTE SELETIVO,C51L41,POINT (-61.202304673038086 -8.233571523300084)
2024,CORTE SELETIVO,C51L41,POINT (-61.201511670034655 -8.233256177425888)
2024,CORTE SELETIVO,C51L41,POINT (-61.20132346264939 -8.23325002770774)
2024,CORTE SELETIVO,C51L41,POINT (-61.20256291774399 -8.233092393495077)
2024,CORTE SELETIVO,C51L41,POINT (-61.20296496368005 -8.232882222062234)
2024,CORTE SELETIVO,C51L41,POINT (-61.20298386958339 -8.232684389813908)
2024,CORTE SELETIVO,C51L41,POINT (-61.201768538828425 -8.232601532218919)
2024,CORTE SELETIVO,C51L41,POINT (-61.20421307815514 -8.232465219987674)
2024,CORTE SELETIVO,C51L41,POINT (-61.203326484136916 -8.232439151259836)
2024,CORTE SELETIVO,C51L41,POINT (-61.203968886756 -8.231274149706111)
2024,CORTE SELETIVO,C51L41,POINT (-61.20432535937037 -8.228645158256345)
2024,CORTE SELETIVO,C51L41,POINT (-61.198031385764274 -8.236059801169635)
2024,CORTE SELETIVO,C51L41,POINT (-61.198535080513764 -8.235962295316982)
2024,CORTE SELETIVO,C51L41,POINT (-61.1985557886171 -8.235581834670901)
2024,CORTE SELETIVO,C51L41,POINT (-61.1983083346037 -8.235237313683)
2024,CORTE SELETIVO,C51L41,POINT (-61.20003398520357 -8.233259711145442)
2024,CORTE SELETIVO,C51L41,POINT (-61.19577826379606 -8.186750006681862)
2024,CORTE SELETIVO,C51L41,POINT (-61.195511495649626 -8.186643490137886)
2024,CORTE SELETIVO,C51L41,POINT (-61.189763108134215 -8.176879734385334)
2024,CORTE SELETIVO,C51L41,POINT (-61.18041500279091 -8.192665174301267)
2024,CORTE SELETIVO,C51L41,POINT (-61.1804216147582 -8.192486068187623)
2024,CORTE SELETIVO,C51L41,POINT (-61.18310111129873 -8.190856188700684)
2024,CORTE SELETIVO,C51L41,POINT (-61.18141248378211 -8.174604414441506)
2024,CORTE SELETIVO,C51L41,POINT (-61.18351368064704 -8.174642514209504)
2024,CORTE SELETIVO,C51L41,POINT (-61.11513163015128 -8.233498000147755)
2024,CORTE SELETIVO,C51L41,POINT (-61.17040831000122 -8.175806801615053)
2024,CORTE SELETIVO,C51L41,POINT (-61.19552651209706 -8.239880744964301)
2024,CORTE SELETIVO,C51L41,POINT (-61.19662060427457 -8.187089034794635)
2024,CORTE SELETIVO,C51L41,POINT (-61.18679906751476 -8.1710186495928)
2024,CORTE SELETIVO,C51L41,POINT (-61.18463389748818 -8.175399364429168)
2024,CORTE SELETIVO,C51L41,POINT (-61.17618987958479 -8.214449211569491)
2024,CORTE SELETIVO,C51L41,POINT (-61.18985360404029 -8.178275043467323)
2024,CORTE SELETIVO,C51L41,POINT (-61.1897602814483 -8.178139362751478)
2024,CORTE SELETIVO,C51L41,POINT (-61.182783026523545 -8.184215134360217)
2024,CORTE SELETIVO,C51L41,POINT (-61.19936911357836 -8.236253275584822)
2024,CORTE SELETIVO,C51L41,POINT (-61.195945488619756 -8.239813099702479)
2024,CORTE SELETIVO,C51L41,POINT (-61.19243155300237 -8.178308849784486)
2024,CORTE SELETIVO,C51L41,POINT (-61.2179177673148 -8.249360787344317)
2024,CORTE SELETIVO,C51L41,POINT (-61.21650830805401 -8.2484953419665)
2024,CORTE SELETIVO,C51L41,POINT (-61.21456777076851 -8.248486611655673)
2024,CORTE SELETIVO,C51L41,POINT (-61.21251624614368 -8.246218368037635)
2024,CORTE SELETIVO,C51L41,POINT (-61.21608093593611 -8.24602425709558)
2024,CORTE SELETIVO,C51L41,POINT (-61.21415460067446 -8.245183727152108)
2024,CORTE SELETIVO,C51L41,POINT (-61.20443651283688 -8.244998434119456)
2024,CORTE SELETIVO,C51L41,POINT (-61.21019387497743 -8.244338756901781)
2024,CORTE SELETIVO,C51L41,POINT (-61.20150903378696 -8.241255676368374)
2024,CORTE SELETIVO,C51L41,POINT (-61.20074577421323 -8.241230455726512)
2024,CORTE SELETIVO,C51L41,POINT (-61.200312106208585 -8.240473330303207)
2024,CORTE SELETIVO,C51L41,POINT (-61.20029517029864 -8.240102052077159)
2024,CORTE SELETIVO,C51L41,POINT (-61.19782456723164 -8.236191026160357)
2024,CORTE SELETIVO,C51L41,POINT (-61.18132711984032 -8.18280533011763)
2024,CORTE SELETIVO,C51L41,POINT (-61.18061572810413 -8.182041827752233)
2024,CORTE SELETIVO,C51L41,POINT (-61.18351300903678 -8.173757675405607)
2024,CORTE SELETIVO,C51L41,POINT (-61.19551769269807 -8.188011323117854)
2024,CORTE SELETIVO,C51L41,POINT (-61.19352249168144 -8.17923981825504)
2024,CORTE SELETIVO,C51L41,POINT (-61.18473461539398 -8.176731302239709)
2024,CORTE SELETIVO,C51L41,POINT (-61.20423249240322 -8.247322020584793)
2024,CORTE SELETIVO,C51L41,POINT (-61.20419566636099 -8.247207584141789)
2024,CORTE SELETIVO,C51L41,POINT (-61.224229320238635 -8.228962284498554)
2024,CORTE SELETIVO,C51L41,POINT (-61.21481293392886 -8.248524300193296)
2024,CORTE SELETIVO,C51L41,POINT (-61.20230946148076 -8.24804234711517)
2024,CORTE SELETIVO,C51L41,POINT (-61.20221482142152 -8.247993870236266)
2024,CORTE SELETIVO,C51L41,POINT (-61.20379759218533 -8.247844975508428)
2024,CORTE SELETIVO,C51L41,POINT (-61.205674935476 -8.247651746749492)
2024,CORTE SELETIVO,C51L41,POINT (-61.205827080983916 -8.247532046454106)
2024,CORTE SELETIVO,C51L41,POINT (-61.20574786174801 -8.247449280470091)
2024,CORTE SELETIVO,C51L41,POINT (-61.216061909306525 -8.245917316516762)
2024,CORTE SELETIVO,C51L41,POINT (-61.202495040890796 -8.23314778740154)
2024,CORTE SELETIVO,C51L41,POINT (-61.2018859456318 -8.232601402133609)
2024,CORTE SELETIVO,C51L41,POINT (-61.204192279033855 -8.232471211800625)
2024,CORTE SELETIVO,C51L41,POINT (-61.195620674503495 -8.186603714834456)
2024,CORTE SELETIVO,C51L41,POINT (-61.1819209602017 -8.173932535851625)
2024,CORTE SELETIVO,C51L41,POINT (-61.17274668830777 -8.199918994961687)
2024,CORTE SELETIVO,C51L41,POINT (-61.19173702013582 -8.178206760201972)
2024,CORTE SELETIVO,C51L41,POINT (-61.17577804792631 -8.173697544076068)
2024,CORTE SELETIVO,C51L41,POINT (-61.19514334802323 -8.187955154323408)
2024,CORTE SELETIVO,C51L41,POINT (-61.204131134506085 -8.247316181814169)
2024,CORTE SELETIVO,C51L41,POINT (-61.206770037503404 -8.243813054878146)
2024,CORTE SELETIVO,C51L41,POINT (-61.14863104722233 -8.243121524242854)
2024,CORTE SELETIVO,C51L41,POINT (-61.175820847321894 -8.173435611636947)
2024,CORTE SELETIVO,C51L41,POINT (-61.186352398104404 -8.17771041519746)
2024,CORTE SELETIVO,C51L41,POINT (-61.214690662915345 -8.228981764063798)
2024,CORTE SELETIVO,C51L41,POINT (-61.19365759529865 -8.179258604832969)
2024,CORTE SELETIVO,C51L41,POINT (-61.210595780838055 -8.247255430732757)
2024,CORTE SELETIVO,C51L41,POINT (-61.2100948640304 -8.244338226814733)
2024,CORTE SELETIVO,C51L41,POINT (-61.20661749476841 -8.24412043192733)
2024,CORTE SELETIVO,C51L41,POINT (-61.20695928983706 -8.244034052044432)
2024,CORTE SELETIVO,C51L41,POINT (-61.209806383546805 -8.24317947248205)
2024,CORTE SELETIVO,C51L41,POINT (-61.20993237131446 -8.243011919576752)
2024,CORTE SELETIVO,C51L41,POINT (-61.19949598310368 -8.236323328354247)
2024,CORTE SELETIVO,C51L41,POINT (-61.20229738316098 -8.23362393969071)
2024,CORTE SELETIVO,C51L41,POINT (-61.188747724077906 -8.176305233280443)
2024,CORTE SELETIVO,C51L41,POINT (-61.19609533565413 -8.18491305241147)
2024,CORTE SELETIVO,C51L41,POINT (-61.19587091967809 -8.187846994121344)
2024,CORTE SELETIVO,C51L41,POINT (-61.19594005248097 -8.18794453406037)
2024,CORTE SELETIVO,C51L41,POINT (-61.19635111049425 -8.185590963552748)
2024,CORTE SELETIVO,C51L41,POINT (-61.20389315380967 -8.228640539703054)
2024,CORTE SELETIVO,C51L41,POINT (-61.20354502519089 -8.244481196628579)
2024,CORTE SELETIVO,C51L41,POINT (-61.20978484462044 -8.243039696446921)
2024,CORTE SELETIVO,C51L41,POINT (-61.21014306964417 -8.241959553084564)
2024,CORTE SELETIVO,C51L41,POINT (-61.189935408983246 -8.178152453029043)
2024,CORTE SELETIVO,C51L41,POINT (-61.19660037617483 -8.187106628842669)
2024,CORTE SELETIVO,C51L41,POINT (-61.19985936939863 -8.246234119093707)
2024,CORTE SELETIVO,C51L41,POINT (-61.2104735450292 -8.241512076434066)
2024,CORTE SELETIVO,C51L41,POINT (-61.2008177845641 -8.241443566988497)
2024,CORTE SELETIVO,C51L41,POINT (-61.19752996587334 -8.239073325480032)
2024,CORTE SELETIVO,C51L41,POINT (-61.20212044377295 -8.233805773174362)
2024,CORTE SELETIVO,C51L41,POINT (-61.20145513960167 -8.23332317627148)
2024,CORTE SELETIVO,C51L41,POINT (-61.20255082251658 -8.233297169847049)
2024,CORTE SELETIVO,C51L41,POINT (-61.18313291939527 -8.181330283714017)
2024,CORTE SELETIVO,C51L41,POINT (-61.181751822015116 -8.176715424435164)
2024,CORTE SELETIVO,C51L41,POINT (-61.173784680432796 -8.178228602006834)
2024,CORTE SELETIVO,C51L41,POINT (-61.174990740115895 -8.174663326538608)
2024,CORTE SELETIVO,C51L41,POINT (-61.175830425889465 -8.173601618873956)
2024,CORTE SELETIVO,C51L41,POINT (-61.176112192855726 -8.172640618288153)
2024,CORTE SELETIVO,C51L41,POINT (-61.20410096695514 -8.247129824070836)
2024,CORTE SELETIVO,C51L41,POINT (-61.19581142367887 -8.18674706232899)
2024,CORTE SELETIVO,C51L41,POINT (-61.19288690971743 -8.178891356951379)
2024,CORTE SELETIVO,C51L41,POINT (-61.096085973662845 -8.225672386634882)
2024,CORTE SELETIVO,C51L41,POINT (-61.18199653365355 -8.180244076542433)
2024,CORTE SELETIVO,C51L41,POINT (-61.17584751725748 -8.173105380239061)
2024,CORTE SELETIVO,C51L41,POINT (-61.17030255704915 -8.17248676674917)
2024,CORTE SELETIVO,C51L41,POINT (-61.2103607046709 -8.247243225701656)
2024,CORTE SELETIVO,C51L41,POINT (-61.19753525099896 -8.235246912468934)
2024,CORTE SELETIVO,C51L41,POINT (-61.1845461233842 -8.175482924875388)
2024,CORTE SELETIVO,C51L41,POINT (-61.195081375909304 -8.2398668274271)
2024,CORTE SELETIVO,C51L41,POINT (-61.18404807704502 -8.174637949320518)
2024,CORTE SELETIVO,C51L41,POINT (-61.18431950941156 -8.174509551327935)
2024,CORTE SELETIVO,C51L41,POINT (-61.20363425629102 -8.228491271838854)
2024,CORTE SELETIVO,C51L41,POINT (-61.185234481801004 -8.177009980474198)
2024,CORTE SELETIVO,C51L41,POINT (-61.21584088030277 -8.24908979993014)
2024,CORTE SELETIVO,C51L41,POINT (-61.21528982948412 -8.24895673525156)
2024,CORTE SELETIVO,C51L41,POINT (-61.21573574102861 -8.248862960575575)
2024,CORTE SELETIVO,C51L41,POINT (-61.20453726486149 -8.244747743856335)
2024,CORTE SELETIVO,C51L41,POINT (-61.21056143217121 -8.241819602155674)
2024,CORTE SELETIVO,C51L41,POINT (-61.2108690147199 -8.241395857678299)
2024,CORTE SELETIVO,C51L41,POINT (-61.2024805683816 -8.234178052369142)
2024,CORTE SELETIVO,C51L41,POINT (-61.19449017883184 -8.186920597717053)
2024,CORTE SELETIVO,C51L41,POINT (-61.19516728734443 -8.186799610587641)
2024,CORTE SELETIVO,C51L41,POINT (-61.210416689708794 -8.24455286540128)
2024,CORTE SELETIVO,C51L41,POINT (-61.210129148952156 -8.244655891186156)
2024,CORTE SELETIVO,C51L41,POINT (-61.21027018745825 -8.244351618671935)
2024,CORTE SELETIVO,C51L41,POINT (-61.21002263356495 -8.244206542094295)
2024,CORTE SELETIVO,C51L41,POINT (-61.20661897981815 -8.24360817061859)
2024,CORTE SELETIVO,C51L41,POINT (-61.20236382738215 -8.246702288468423)
2024,CORTE SELETIVO,C51L41,POINT (-61.197117951609094 -8.240116683433264)
2024,CORTE SELETIVO,C51L41,POINT (-61.19730985736955 -8.24003563995768)
2024,CORTE SELETIVO,C51L41,POINT (-61.20290390334495 -8.228235055953228)
2024,CORTE SELETIVO,C51L41,POINT (-61.19532717002861 -8.187203357460003)
2024,CORTE SELETIVO,C51L41,POINT (-61.19355550318231 -8.187005382521356)
2024,CORTE SELETIVO,C51L41,POINT (-61.19395700937945 -8.18685193112275)
2024,CORTE SELETIVO,C51L41,POINT (-61.196084753471055 -8.18664346735079)
2024,CORTE SELETIVO,C51L41,POINT (-61.18893329458712 -8.176699085280937)
2024,CORTE SELETIVO,C51L41,POINT (-61.17035603581781 -8.176804870601018)
2024,CORTE SELETIVO,C51L41,POINT (-61.17041578650699 -8.176739307336836)
2024,CORTE SELETIVO,C51L41,POINT (-61.1704469967287 -8.17608175149532)
2024,CORTE SELETIVO,C51L41,POINT (-61.19700433369209 -8.240281376418897)
2024,CORTE SELETIVO,C51L41,POINT (-61.192512711502886 -8.17825774370033)
2024,CORTE SELETIVO,C51L41,POINT (-61.18645729419894 -8.177549237853784)
2024,CORTE SELETIVO,C51L41,POINT (-61.148530730961355 -8.243094111410754)
2024,CORTE SELETIVO,C51L41,POINT (-61.19699911846513 -8.240172370838854)
2024,CORTE SELETIVO,C51L41,POINT (-61.196339186514756 -8.18797477995939)
2024,CORTE SELETIVO,C51L41,POINT (-61.21451738906654 -8.228992666520794)
2024,CORTE SELETIVO,C51L41,POINT (-61.19562126991206 -8.186772764120503)
2024,CORTE SELETIVO,C51L41,POINT (-61.19501118266734 -8.18670680392624)
2024,CORTE SELETIVO,C51L41,POINT (-61.18303734634395 -8.174297014351444)
2024,CORTE SELETIVO,C51L41,POINT (-61.182994879030836 -8.174171724887216)
2024,CORTE SELETIVO,C51L41,POINT (-61.17601677552082 -8.21441728110786)
2024,CORTE SELETIVO,C51L41,POINT (-61.14851235133231 -8.242925399421571)
2024,CORTE SELETIVO,C51L41,POINT (-61.18602581413824 -8.177238467784353)
2024,CORTE SELETIVO,C51L41,POINT (-61.19366184758082 -8.1791258390031)
2024,CORTE SELETIVO,C51L41,POINT (-61.193647062025825 -8.185526570602203)
2024,CORTE SELETIVO,C51L41,POINT (-61.20327824197753 -8.228482436087884)
2024,CORTE SELETIVO,C51L41,POINT (-61.20232689605372 -8.24810180316698)
2024,CORTE SELETIVO,C51L41,POINT (-61.20989746178644 -8.243279731239804)
2024,CORTE SELETIVO,C51L41,POINT (-61.21511423564342 -8.228753326514305)
2024,CORTE SELETIVO,C51L41,POINT (-61.184373924837644 -8.17600102745884)
2024,CORTE SELETIVO,C51L41,POINT (-61.172904466042986 -8.199961281203212)
2024,CORTE SELETIVO,C51L41,POINT (-61.21506965413083 -8.248987980591563)
2024,CORTE SELETIVO,C51L41,POINT (-61.209920053641696 -8.242688165515121)
2024,CORTE SELETIVO,C51L41,POINT (-61.208770733211765 -8.230141205034533)
2024,CORTE SELETIVO,C51L41,POINT (-61.19522418918245 -8.186803086027764)
2024,CORTE SELETIVO,C51L41,POINT (-61.19494291324893 -8.1867696754076)
2024,CORTE SELETIVO,C51L41,POINT (-61.1953981323218 -8.186464353319208)
2024,CORTE SELETIVO,C51L41,POINT (-61.17540600005784 -8.173650242328614)
2024,CORTE SELETIVO,C51L41,POINT (-61.19475821840798 -8.188614739465013)
2024,CORTE SELETIVO,C51L41,POINT (-61.1913136437782 -8.187979291629828)
2024,CORTE SELETIVO,C51L41,POINT (-61.19431796641118 -8.186843595667634)
2024,CORTE SELETIVO,C51L41,POINT (-61.19524717326117 -8.186707108219892)
2024,CORTE SELETIVO,C51L41,POINT (-61.170968536789324 -8.173354543720201)
2024,CORTE SELETIVO,C51L41,POINT (-61.2153158003733 -8.249228893959717)
2024,CORTE SELETIVO,C51L41,POINT (-61.215250497995655 -8.249134921879099)
2024,CORTE SELETIVO,C51L41,POINT (-61.21505660216973 -8.24879818896219)
2024,CORTE SELETIVO,C51L41,POINT (-61.212592498457994 -8.246121796265792)
2024,CORTE SELETIVO,C51L41,POINT (-61.21498375387636 -8.22889507344406)
2024,CORTE SELETIVO,C51L41,POINT (-61.21536909513556 -8.22880563805829)
2024,CORTE SELETIVO,C51L41,POINT (-61.215004018592694 -8.228786648237381)
2024,CORTE SELETIVO,C51L41,POINT (-61.208636913160966 -8.23010275928162)
2024,CORTE SELETIVO,C51L41,POINT (-61.1947708708514 -8.188742425655061)
2024,CORTE SELETIVO,C51L41,POINT (-61.189707739496306 -8.187971810392023)
2024,CORTE SELETIVO,C51L41,POINT (-61.18939250373242 -8.187371901200583)
2024,CORTE SELETIVO,C51L41,POINT (-61.195338031518055 -8.18717260716653)
2024,CORTE SELETIVO,C51L41,POINT (-61.19535398856225 -8.186725799203375)
2024,CORTE SELETIVO,C51L41,POINT (-61.19504653647797 -8.186508930741354)
2024,CORTE SELETIVO,C51L41,POINT (-61.195300653116384 -8.186553608138814)
2024,CORTE SELETIVO,C51L41,POINT (-61.19281387033679 -8.186017915319484)
2024,CORTE SELETIVO,C51L41,POINT (-61.19260378290009 -8.18563797418348)
2024,CORTE SELETIVO,C51L41,POINT (-61.192842809150925 -8.185442864930852)
2024,CORTE SELETIVO,C51L41,POINT (-61.19374038922608 -8.185249469716236)
2024,CORTE SELETIVO,C51L41,POINT (-61.193269194248224 -8.18500398162483)
2024,CORTE SELETIVO,C51L41,POINT (-61.18202258276485 -8.173918934488318)
2024,CORTE SELETIVO,C51L41,POINT (-61.18025362553322 -8.173758626127004)
2024,CORTE SELETIVO,C51L41,POINT (-61.18035191154648 -8.172468982645505)
2024,CORTE SELETIVO,C51L41,POINT (-61.18044053466543 -8.170188266414197)
2024,CORTE SELETIVO,C51L41,POINT (-61.17300400940681 -8.199991770133432)
2024,CORTE SELETIVO,C51L41,POINT (-61.203032269588846 -8.228367408965719)
2024,CORTE SELETIVO,C51L41,POINT (-61.215444717462006 -8.249150419438964)
2024,CORTE SELETIVO,C51L41,POINT (-61.21046026048933 -8.244349846039652)
2024,CORTE SELETIVO,C51L41,POINT (-61.210174410316 -8.244154934494876)
2024,CORTE SELETIVO,C51L41,POINT (-61.21005429324444 -8.24385764888747)
2024,CORTE SELETIVO,C51L41,POINT (-61.20839532132272 -8.246402175556888)
2024,CORTE SELETIVO,C51L41,POINT (-61.20430039274418 -8.247562830875163)
2024,CORTE SELETIVO,C51L41,POINT (-61.20698751795189 -8.24392187803665)
2024,CORTE SELETIVO,C51L41,POINT (-61.202596751349546 -8.233307716119326)
2024,CORTE SELETIVO,C51L41,POINT (-61.194899420777595 -8.188795326494438)
2024,CORTE SELETIVO,C51L41,POINT (-61.19493435922971 -8.186694276034027)
2024,CORTE SELETIVO,C51L41,POINT (-61.19501617735318 -8.186342000027071)
2024,CORTE SELETIVO,C51L41,POINT (-61.19293652810182 -8.186086170585172)
2024,CORTE SELETIVO,C51L41,POINT (-61.19294798992079 -8.185342785376488)
2024,CORTE SELETIVO,C51L41,POINT (-61.19280297279901 -8.185218014715046)
2024,CORTE SELETIVO,C51L41,POINT (-61.186670629051626 -8.177877058269239)
2024,CORTE SELETIVO,C51L41,POINT (-61.18344827048693 -8.173749789615352)
2024,CORTE SELETIVO,C51L41,POINT (-61.16068987767812 -8.242258232732718)
2024,CORTE SELETIVO,C51L41,POINT (-61.15486708889578 -8.241502800330007)
2024,CORTE SELETIVO,C51L41,POINT (-61.1697649125868 -8.22003061925313)
2024,CORTE SELETIVO,C51L41,POINT (-61.172800998666126 -8.199960575183972)
2024,CORTE SELETIVO,C51L41,POINT (-61.18677433152129 -8.170953077994811)
2024,CORTE SELETIVO,C51L41,POINT (-61.187030880009274 -8.170379621804457)
2024,CORTE SELETIVO,C51L41,POINT (-61.215391672078 -8.249148954358507)
2024,CORTE SELETIVO,C51L41,POINT (-61.21046263628435 -8.232242239614953)
2024,CORTE SELETIVO,C51L41,POINT (-61.21593604022116 -8.228873473625658)
2024,CORTE SELETIVO,C51L41,POINT (-61.21546298952928 -8.228899836213632)
2024,CORTE SELETIVO,C51L41,POINT (-61.20670422834726 -8.23431342117341)
2024,CORTE SELETIVO,C51L41,POINT (-61.207291622046206 -8.23371631675353)
2024,CORTE SELETIVO,C51L41,POINT (-61.2056597985232 -8.232951406430143)
2024,CORTE SELETIVO,C51L41,POINT (-61.20852630507428 -8.230258173316788)
2024,CORTE SELETIVO,C51L41,POINT (-61.19085801145303 -8.187976733137525)
2024,CORTE SELETIVO,C51L41,POINT (-61.19570922602467 -8.187851226631672)
2024,CORTE SELETIVO,C51L41,POINT (-61.1907635333442 -8.187776768498303)
2024,CORTE SELETIVO,C51L41,POINT (-61.19546335933913 -8.186981874153885)
2024,CORTE SELETIVO,C51L41,POINT (-61.19627511496307 -8.186648869530613)
2024,CORTE SELETIVO,C51L41,POINT (-61.19536766381025 -8.186604876905747)
2024,CORTE SELETIVO,C51L41,POINT (-61.19428442635096 -8.186638208535701)
2024,CORTE SELETIVO,C51L41,POINT (-61.19319446173974 -8.186479218702322)
2024,CORTE SELETIVO,C51L41,POINT (-61.19288057003656 -8.186468099874679)
2024,CORTE SELETIVO,C51L41,POINT (-61.19604142096807 -8.186305661324615)
2024,CORTE SELETIVO,C51L41,POINT (-61.194938595350415 -8.186384556202254)
2024,CORTE SELETIVO,C51L41,POINT (-61.193988422479464 -8.18631921321585)
2024,CORTE SELETIVO,C51L41,POINT (-61.19304665472481 -8.186129733507313)
2024,CORTE SELETIVO,C51L41,POINT (-61.19425785875659 -8.18586510207289)
2024,CORTE SELETIVO,C51L41,POINT (-61.19508454895344 -8.186079631130982)
2024,CORTE SELETIVO,C51L41,POINT (-61.19461364372746 -8.18584670670758)
2024,CORTE SELETIVO,C51L41,POINT (-61.19317058531987 -8.185830062220587)
2024,CORTE SELETIVO,C51L41,POINT (-61.19511346688217 -8.185679883413227)
2024,CORTE SELETIVO,C51L41,POINT (-61.195235420626126 -8.185559705316864)
2024,CORTE SELETIVO,C51L41,POINT (-61.19519665544522 -8.185043521650792)
2024,CORTE SELETIVO,C51L41,POINT (-61.1952130158325 -8.184981905045563)
2024,CORTE SELETIVO,C51L41,POINT (-61.19485763078449 -8.184902881647854)
2024,CORTE SELETIVO,C51L41,POINT (-61.19498303621238 -8.184728473670685)
2024,CORTE SELETIVO,C51L41,POINT (-61.189419179803245 -8.187761426250876)
2024,CORTE SELETIVO,C51L41,POINT (-61.18687618506009 -8.170712268541521)
2024,CORTE SELETIVO,C51L41,POINT (-61.18691095780317 -8.170677729647691)
2024,CORTE SELETIVO,C51L41,POINT (-61.1803424224353 -8.170190799168523)
2024,CORTE SELETIVO,C51L41,POINT (-61.172874539584654 -8.199782854515497)
2024,CORTE SELETIVO,C51L41,POINT (-61.215423790736914 -8.248727106421374)
2024,CORTE SELETIVO,C51L41,POINT (-61.19621293439259 -8.186580234274757)
2024,CORTE SELETIVO,C51L41,POINT (-61.196208197246186 -8.186355781978476)
2024,CORTE SELETIVO,C51L41,POINT (-61.19599529147269 -8.186190655770087)
2024,CORTE SELETIVO,C51L41,POINT (-61.17274112138942 -8.199805442270494)
2024,CORTE SELETIVO,C51L41,POINT (-61.210379402473514 -8.232241546355716)
2024,CORTE SELETIVO,C51L41,POINT (-61.210384084731785 -8.231961911589963)
2024,CORTE SELETIVO,C51L41,POINT (-61.18874153155806 -8.187024823356833)
2024,CORTE SELETIVO,C51L41,POINT (-61.19272489454968 -8.186494662600637)
2024,CORTE SELETIVO,C51L41,POINT (-61.18682097236656 -8.17794370013807)
2024,CORTE SELETIVO,C51L41,POINT (-61.18691986948583 -8.170465087622535)
2024,CORTE SELETIVO,C51L41,POINT (-61.17419654925117 -8.178158033625792)
2024,CORTE SELETIVO,C51L41,POINT (-61.19627636956439 -8.187938437110269)
2024,CORTE SELETIVO,C51L41,POINT (-61.18698535859423 -8.170528593229179)
2024,CORTE SELETIVO,C51L41,POINT (-61.21505504171443 -8.248806872828533)
2024,CORTE SELETIVO,C51L41,POINT (-61.2155065756605 -8.248758755488822)
2024,CORTE SELETIVO,C51L41,POINT (-61.210657351724755 -8.241422740431462)
2024,CORTE SELETIVO,C51L41,POINT (-61.213729096592246 -8.234806102637572)
2024,CORTE SELETIVO,C51L41,POINT (-61.21014361069618 -8.234867975779178)
2024,CORTE SELETIVO,C51L41,POINT (-61.21384271103511 -8.234294196862619)
2024,CORTE SELETIVO,C51L41,POINT (-61.213612531848284 -8.234140788804764)
2024,CORTE SELETIVO,C51L41,POINT (-61.21338335952046 -8.232795704329662)
2024,CORTE SELETIVO,C51L41,POINT (-61.210161977129374 -8.232198369185369)
2024,CORTE SELETIVO,C51L41,POINT (-61.21094454101741 -8.232182366032879)
2024,CORTE SELETIVO,C51L41,POINT (-61.21418620888354 -8.232143874763828)
2024,CORTE SELETIVO,C51L41,POINT (-61.20181255356559 -8.238351984790356)
2024,CORTE SELETIVO,C51L41,POINT (-61.206865473444395 -8.2343855245225)
2024,CORTE SELETIVO,C51L41,POINT (-61.20737023701687 -8.23401197492812)
2024,CORTE SELETIVO,C51L41,POINT (-61.20718869731457 -8.23371618953611)
2024,CORTE SELETIVO,C51L41,POINT (-61.19046900431271 -8.187961566890417)
2024,CORTE SELETIVO,C51L41,POINT (-61.19534630703478 -8.186922511586317)
2024,CORTE SELETIVO,C51L41,POINT (-61.19518593203066 -8.18654796461508)
2024,CORTE SELETIVO,C51L41,POINT (-61.18537059399925 -8.177092934752958)
2024,CORTE SELETIVO,C51L41,POINT (-61.17141238922497 -8.198117779456789)
2024,CORTE SELETIVO,C51L41,POINT (-61.17280146927635 -8.19969702460713)
2024,CORTE SELETIVO,C51L41,POINT (-61.20198730773065 -8.238070552145674)
2024,CORTE SELETIVO,C51L41,POINT (-61.20736130209231 -8.233747368365062)
2024,CORTE SELETIVO,C51L41,POINT (-61.20559931059406 -8.23295997748152)
2024,CORTE SELETIVO,C51L41,POINT (-61.205207383211054 -8.232814989783972)
2024,CORTE SELETIVO,C51L41,POINT (-61.20581070942332 -8.23282083211981)
2024,CORTE SELETIVO,C51L41,POINT (-61.20997458334053 -8.232170922550983)
2024,CORTE SELETIVO,C51L41,POINT (-61.210272484195926 -8.232154125783612)
2024,CORTE SELETIVO,C51L41,POINT (-61.20724721672967 -8.232100714758486)
2024,CORTE SELETIVO,C51L41,POINT (-61.20878734083196 -8.2302619321395)
2024,CORTE SELETIVO,C51L41,POINT (-61.1956328394907 -8.187986440974035)
2024,CORTE SELETIVO,C51L41,POINT (-61.195278934202165 -8.186619958259488)
2024,CORTE SELETIVO,C51L41,POINT (-61.16012872396092 -8.245279891012252)
2024,CORTE SELETIVO,C51L41,POINT (-61.1598604887364 -8.24512021737443)
2024,CORTE SELETIVO,C51L41,POINT (-61.17176520164864 -8.198231857283552)
2024,CORTE SELETIVO,C51L41,POINT (-61.18676170918836 -8.170740371195121)
2024,CORTE SELETIVO,C51L41,POINT (-61.215652070563515 -8.249138195285587)
2024,CORTE SELETIVO,C51L41,POINT (-61.21484829312522 -8.248791193449787)
2024,CORTE SELETIVO,C51L41,POINT (-61.212656777771535 -8.246250093550666)
2024,CORTE SELETIVO,C51L41,POINT (-61.22050457127663 -8.236171345866685)
2024,CORTE SELETIVO,C51L41,POINT (-61.227461084537154 -8.235263950509246)
2024,CORTE SELETIVO,C51L41,POINT (-61.213757016851346 -8.23503909064682)
2024,CORTE SELETIVO,C51L41,POINT (-61.22760520567596 -8.234684057514325)
2024,CORTE SELETIVO,C51L41,POINT (-61.22765702917669 -8.234403104706619)
2024,CORTE SELETIVO,C51L41,POINT (-61.22756767366822 -8.234318880721304)
2024,CORTE SELETIVO,C51L41,POINT (-61.22751540138701 -8.234068953443701)
2024,CORTE SELETIVO,C51L41,POINT (-61.22769260137959 -8.23312210479603)
2024,CORTE SELETIVO,C51L41,POINT (-61.21338922199235 -8.232951353661635)
2024,CORTE SELETIVO,C51L41,POINT (-61.208550774189646 -8.23042679439135)
2024,CORTE SELETIVO,C51L41,POINT (-61.21104518042912 -8.228968685664167)
2024,CORTE SELETIVO,C51L41,POINT (-61.211286589286246 -8.228827522090487)
2024,CORTE SELETIVO,C51L41,POINT (-61.201824049702765 -8.238282703028988)
2024,CORTE SELETIVO,C51L41,POINT (-61.20209350364964 -8.238005728559774)
2024,CORTE SELETIVO,C51L41,POINT (-61.198473364407285 -8.235140424351455)
2024,CORTE SELETIVO,C51L41,POINT (-61.20757041092438 -8.234578540851905)
2024,CORTE SELETIVO,C51L41,POINT (-61.20676883972394 -8.234499458574026)
2024,CORTE SELETIVO,C51L41,POINT (-61.20738276213479 -8.233990892583526)
2024,CORTE SELETIVO,C51L41,POINT (-61.2070400043282 -8.233781556464088)
2024,CORTE SELETIVO,C51L41,POINT (-61.20207711148319 -8.232624289148577)
2024,CORTE SELETIVO,C51L41,POINT (-61.19059524280761 -8.18793617483519)
2024,CORTE SELETIVO,C51L41,POINT (-61.163880875810555 -8.24895816917302)
2024,CORTE SELETIVO,C51L41,POINT (-61.15974208254281 -8.245130895442193)
2024,CORTE SELETIVO,C51L41,POINT (-61.159978096145885 -8.245045663594542)
2024,CORTE SELETIVO,C51L41,POINT (-61.16317492382908 -8.241363623787198)
2024,CORTE SELETIVO,C51L41,POINT (-61.227586970774595 -8.234426194680875)
2024,CORTE SELETIVO,C51L41,POINT (-61.227829089732325 -8.23423778349625)
2024,CORTE SELETIVO,C51L41,POINT (-61.20746658691814 -8.233570909049595)
2024,CORTE SELETIVO,C51L41,POINT (-61.213403763316265 -8.232953604597355)
2024,CORTE SELETIVO,C51L41,POINT (-61.20552642414262 -8.232857247506812)
2024,CORTE SELETIVO,C51L41,POINT (-61.20597543384017 -8.232883459793918)
2024,CORTE SELETIVO,C51L41,POINT (-61.19069366898574 -8.18797554092991)
2024,CORTE SELETIVO,C51L41,POINT (-61.160112361558255 -8.247581505325906)
2024,CORTE SELETIVO,C51L41,POINT (-61.18709276127955 -8.17044400269859)
2024,CORTE SELETIVO,C51L41,POINT (-61.212635461369636 -8.246179006671131)
2024,CORTE SELETIVO,C51L41,POINT (-61.22893284329843 -8.23670985842828)
2024,CORTE SELETIVO,C51L41,POINT (-61.2032822968705 -8.236110134560537)
2024,CORTE SELETIVO,C51L41,POINT (-61.2056037709396 -8.23544286721426)
2024,CORTE SELETIVO,C51L41,POINT (-61.20549755377791 -8.235360980240179)
2024,CORTE SELETIVO,C51L41,POINT (-61.20589229065764 -8.235268781642642)
2024,CORTE SELETIVO,C51L41,POINT (-61.21410379807721 -8.234924177759334)
2024,CORTE SELETIVO,C51L41,POINT (-61.21360880714668 -8.234874430205096)
2024,CORTE SELETIVO,C51L41,POINT (-61.210236150910575 -8.234803642386167)
2024,CORTE SELETIVO,C51L41,POINT (-61.219417885356194 -8.234573802422275)
2024,CORTE SELETIVO,C51L41,POINT (-61.20502621350756 -8.232877153343143)
2024,CORTE SELETIVO,C51L41,POINT (-61.20840213681012 -8.232309155464362)
2024,CORTE SELETIVO,C51L41,POINT (-61.22308560774534 -8.23203847227354)
2024,CORTE SELETIVO,C51L41,POINT (-61.20871456078194 -8.229915255268606)
2024,CORTE SELETIVO,C51L41,POINT (-61.19094080583409 -8.178621978374869)
2024,CORTE SELETIVO,C51L41,POINT (-61.19127332077763 -8.1785025792178)
2024,CORTE SELETIVO,C51L41,POINT (-61.1823634873061 -8.182683930789572)
2024,CORTE SELETIVO,C51L41,POINT (-61.180499937603926 -8.172363533623427)
2024,CORTE SELETIVO,C51L41,POINT (-61.18038080303806 -8.170330324810347)
2024,CORTE SELETIVO,C51L41,POINT (-61.16160071239396 -8.24987715432321)
2024,CORTE SELETIVO,C51L41,POINT (-61.165485759727765 -8.249106915999851)
2024,CORTE SELETIVO,C51L41,POINT (-61.163983754251184 -8.24890235572562)
2024,CORTE SELETIVO,C51L41,POINT (-61.16024987087876 -8.247951827465426)
2024,CORTE SELETIVO,C51L41,POINT (-61.16029479492987 -8.24752852168626)
2024,CORTE SELETIVO,C51L41,POINT (-61.1658131139317 -8.247563519490743)
2024,CORTE SELETIVO,C51L41,POINT (-61.16009842187932 -8.247468740941628)
2024,CORTE SELETIVO,C51L41,POINT (-61.16645964843819 -8.246495621179081)
2024,CORTE SELETIVO,C51L41,POINT (-61.164859968779446 -8.245213268604894)
2024,CORTE SELETIVO,C51L41,POINT (-61.16008470738207 -8.245153667971765)
2024,CORTE SELETIVO,C51L41,POINT (-61.16634211103063 -8.242610254640658)
2024,CORTE SELETIVO,C51L41,POINT (-61.160342252157584 -8.24209720974374)
2024,CORTE SELETIVO,C51L41,POINT (-61.16033370528286 -8.241839679684366)
2024,CORTE SELETIVO,C51L41,POINT (-61.20580683317358 -8.235304879024284)
2024,CORTE SELETIVO,C51L41,POINT (-61.20584614108006 -8.235126744487513)
2024,CORTE SELETIVO,C51L41,POINT (-61.19877368649648 -8.23442337321972)
2024,CORTE SELETIVO,C51L41,POINT (-61.22757151921467 -8.234136659046875)
2024,CORTE SELETIVO,C51L41,POINT (-61.19851550493244 -8.234102348399905)
2024,CORTE SELETIVO,C51L41,POINT (-61.19813019118084 -8.234111718054422)
2024,CORTE SELETIVO,C51L41,POINT (-61.20538522882186 -8.232891232697693)
2024,CORTE SELETIVO,C51L41,POINT (-61.20908212716331 -8.23236436824256)
2024,CORTE SELETIVO,C51L41,POINT (-61.22319954658999 -8.229338485891832)
2024,CORTE SELETIVO,C51L41,POINT (-61.20953930559087 -8.228931285266265)
2024,CORTE SELETIVO,C51L41,POINT (-61.195391504592195 -8.186882504860547)
2024,CORTE SELETIVO,C51L41,POINT (-61.190540685105276 -8.1877347425515)
2024,CORTE SELETIVO,C51L41,POINT (-61.184357771725615 -8.17626500484904)
2024,CORTE SELETIVO,C51L41,POINT (-61.16184111136329 -8.249938619413971)
2024,CORTE SELETIVO,C51L41,POINT (-61.16210854897212 -8.249830811166893)
2024,CORTE SELETIVO,C51L41,POINT (-61.16175695010248 -8.249764382444226)
2024,CORTE SELETIVO,C51L41,POINT (-61.16165621031592 -8.249678374442526)
2024,CORTE SELETIVO,C51L41,POINT (-61.160402044648066 -8.24751699445058)
2024,CORTE SELETIVO,C51L41,POINT (-61.16043760844018 -8.242258411402984)
2024,CORTE SELETIVO,C51L41,POINT (-61.1604443135957 -8.241077196036658)
2024,CORTE SELETIVO,C51L41,POINT (-61.160534928107424 -8.240432759823573)
2024,CORTE SELETIVO,C51L41,POINT (-61.160438264827334 -8.239312973442196)
2024,CORTE SELETIVO,C51L41,POINT (-61.16017522819437 -8.249339248731731)
2024,CORTE SELETIVO,C51L41,POINT (-61.16003253370383 -8.245292095072644)
2024,CORTE SELETIVO,C51L41,POINT (-61.16015130728107 -8.245062763299844)
2024,CORTE SELETIVO,C51L41,POINT (-61.22779490870872 -8.241647250168194)
2024,CORTE SELETIVO,C51L41,POINT (-61.22918613928834 -8.236718097594531)
2024,CORTE SELETIVO,C51L41,POINT (-61.22544918572505 -8.235581789328892)
2024,CORTE SELETIVO,C51L41,POINT (-61.214073623952515 -8.234981193233152)
2024,CORTE SELETIVO,C51L41,POINT (-61.212592111053404 -8.234733586479853)
2024,CORTE SELETIVO,C51L41,POINT (-61.21277608138747 -8.234739235571318)
2024,CORTE SELETIVO,C51L41,POINT (-61.21366891051843 -8.234739077840473)
2024,CORTE SELETIVO,C51L41,POINT (-61.227679922185565 -8.234398062850058)
2024,CORTE SELETIVO,C51L41,POINT (-61.213637296668466 -8.233950713331103)
2024,CORTE SELETIVO,C51L41,POINT (-61.21328580924603 -8.232891859419018)
2024,CORTE SELETIVO,C51L41,POINT (-61.22789246008408 -8.23256074318298)
2024,CORTE SELETIVO,C51L41,POINT (-61.22804999436838 -8.232207676212857)
2024,CORTE SELETIVO,C51L41,POINT (-61.20700842209524 -8.232185429280733)
2024,CORTE SELETIVO,C51L41,POINT (-61.22308002498154 -8.229379611076721)
2024,CORTE SELETIVO,C51L41,POINT (-61.22283096142711 -8.229163000889091)
2024,CORTE SELETIVO,C51L41,POINT (-61.20948227400814 -8.228947205533846)
2024,CORTE SELETIVO,C51L41,POINT (-61.20342989108498 -8.244418909084844)
2024,CORTE SELETIVO,C51L41,POINT (-61.20560747670976 -8.235220760039399)
2024,CORTE SELETIVO,C51L41,POINT (-61.20514904801694 -8.23281346901033)
2024,CORTE SELETIVO,C51L41,POINT (-61.18423701619685 -8.176180596820684)
2024,CORTE SELETIVO,C51L41,POINT (-61.186879215749705 -8.170601005404942)
2024,CORTE SELETIVO,C51L41,POINT (-61.16716776431698 -8.247538462674415)
2024,CORTE SELETIVO,C51L41,POINT (-61.161143037557096 -8.242080310814801)
2024,CORTE SELETIVO,C51L41,POINT (-61.16048145617384 -8.241547963951296)
2024,CORTE SELETIVO,C51L41,POINT (-61.16057594226772 -8.241132406354494)
2024,CORTE SELETIVO,C51L41,POINT (-61.160453576549685 -8.240726666114632)
2024,CORTE SELETIVO,C51L41,POINT (-61.16068612965349 -8.24066552653774)
2024,CORTE SELETIVO,C51L41,POINT (-61.160499833423835 -8.240552532522527)
2024,CORTE SELETIVO,C51L41,POINT (-61.16068581941348 -8.240481701088466)
2024,CORTE SELETIVO,C51L41,POINT (-61.1754765051085 -8.178676963187186)
2024,CORTE SELETIVO,C51L41,POINT (-61.16006138587518 -8.245837511734656)
2024,CORTE SELETIVO,C51L41,POINT (-61.16028010899326 -8.243655490553769)
2024,CORTE SELETIVO,C51L41,POINT (-61.16040612471695 -8.243632643822824)
2024,CORTE SELETIVO,C51L41,POINT (-61.16028391441871 -8.242139430084462)
2024,CORTE SELETIVO,C51L41,POINT (-61.160362729623856 -8.24197745125543)
2024,CORTE SELETIVO,C51L41,POINT (-61.1603219366415 -8.241736332105662)
2024,CORTE SELETIVO,C51L41,POINT (-61.16020190151094 -8.2415540216744)
2024,CORTE SELETIVO,C51L41,POINT (-61.160334522285 -8.239108788441397)
2024,CORTE SELETIVO,C51L41,POINT (-61.18889571640805 -8.177886264657639)
2024,CORTE SELETIVO,C51L41,POINT (-61.21008265148923 -8.244023340371854)
2024,CORTE SELETIVO,C51L41,POINT (-61.231296387051565 -8.240206613025347)
2024,CORTE SELETIVO,C51L41,POINT (-61.222906763849956 -8.236893430968387)
2024,CORTE SELETIVO,C51L41,POINT (-61.21382369038841 -8.23509970119825)
2024,CORTE SELETIVO,C51L41,POINT (-61.22562939341133 -8.232366085622479)
2024,CORTE SELETIVO,C51L41,POINT (-61.21017669025165 -8.232257427025978)
2024,CORTE SELETIVO,C51L41,POINT (-61.2229965229797 -8.229277083459282)
2024,CORTE SELETIVO,C51L41,POINT (-61.214666234876645 -8.2291412584682)
2024,CORTE SELETIVO,C51L41,POINT (-61.222440393558855 -8.228953515715386)
2024,CORTE SELETIVO,C51L41,POINT (-61.20697016088929 -8.245573077941346)
2024,CORTE SELETIVO,C51L41,POINT (-61.20676124821305 -8.243779402604126)
2024,CORTE SELETIVO,C51L41,POINT (-61.19836061190175 -8.23407590760282)
2024,CORTE SELETIVO,C51L41,POINT (-61.207286397592945 -8.233420379614584)
2024,CORTE SELETIVO,C51L41,POINT (-61.20237714427558 -8.233439162301368)
2024,CORTE SELETIVO,C51L41,POINT (-61.20253549592217 -8.23346317069222)
2024,CORTE SELETIVO,C51L41,POINT (-61.20345223084008 -8.230411959387864)
2024,CORTE SELETIVO,C51L41,POINT (-61.203714274654345 -8.228649914466539)
2024,CORTE SELETIVO,C51L41,POINT (-61.18448508501919 -8.184172543631313)
2024,CORTE SELETIVO,C51L41,POINT (-61.18527205414363 -8.184077103627446)
2024,CORTE SELETIVO,C51L41,POINT (-61.18656459631262 -8.183856266092741)
2024,CORTE SELETIVO,C51L41,POINT (-61.18476395936174 -8.183332247077768)
2024,CORTE SELETIVO,C51L41,POINT (-61.188679202610615 -8.178024631514921)
2024,CORTE SELETIVO,C51L41,POINT (-61.183661931162106 -8.173678619744662)
2024,CORTE SELETIVO,C51L41,POINT (-61.17666063032018 -8.214641181949691)
2024,CORTE SELETIVO,C51L41,POINT (-61.17561215878055 -8.21308697487261)
2024,CORTE SELETIVO,C51L41,POINT (-61.181234269044026 -8.182623749911382)
2024,CORTE SELETIVO,C51L41,POINT (-61.18103481482588 -8.182524322871268)
2024,CORTE SELETIVO,C51L41,POINT (-61.18143732320226 -8.182316098226824)
2024,CORTE SELETIVO,C51L41,POINT (-61.17590350981363 -8.173172092470478)
2024,CORTE SELETIVO,C51L41,POINT (-61.16019302944034 -8.249022478712957)
2024,CORTE SELETIVO,C51L41,POINT (-61.16541924622335 -8.248762336647602)
2024,CORTE SELETIVO,C51L41,POINT (-61.1603736962252 -8.245550433172543)
2024,CORTE SELETIVO,C51L41,POINT (-61.16009668234585 -8.245052386506565)
2024,CORTE SELETIVO,C51L41,POINT (-61.159812147376925 -8.244684557196836)
2024,CORTE SELETIVO,C51L41,POINT (-61.16033596260058 -8.243610956063781)
2024,CORTE SELETIVO,C51L41,POINT (-61.16040261335418 -8.241336313280339)
2024,CORTE SELETIVO,C51L41,POINT (-61.16061680116901 -8.239784099147556)
2024,CORTE SELETIVO,C51L41,POINT (-61.17292688695049 -8.220520392670196)
2024,CORTE SELETIVO,C51L41,POINT (-61.17399352435065 -8.175659296262113)
2024,CORTE SELETIVO,C51L41,POINT (-61.11121181577938 -8.242851268801918)
2024,CORTE SELETIVO,C51L41,POINT (-61.10750185878771 -8.242032572345552)
2024,CORTE SELETIVO,C51L41,POINT (-61.1097796601192 -8.239381080594924)
2024,CORTE SELETIVO,C51L41,POINT (-61.110976531733236 -8.237961023620679)
2024,CORTE SELETIVO,C51L41,POINT (-61.22930438312843 -8.249118647624677)
2024,CORTE SELETIVO,C51L41,POINT (-61.22914618839442 -8.248986853739314)
2024,CORTE SELETIVO,C51L41,POINT (-61.2294855399971 -8.248849489830372)
2024,CORTE SELETIVO,C51L41,POINT (-61.220650275420304 -8.23614109752234)
2024,CORTE SELETIVO,C51L41,POINT (-61.221089677586505 -8.235744023605294)
2024,CORTE SELETIVO,C51L41,POINT (-61.215014950227015 -8.2345666886998)
2024,CORTE SELETIVO,C51L41,POINT (-61.22467126725334 -8.234238808106717)
2024,CORTE SELETIVO,C51L41,POINT (-61.225635708996464 -8.22988820660133)
2024,CORTE SELETIVO,C51L41,POINT (-61.22319974580571 -8.229488475649092)
2024,CORTE SELETIVO,C51L41,POINT (-61.214474368367284 -8.229183471421473)
2024,CORTE SELETIVO,C51L41,POINT (-61.18981320002209 -8.178138407737997)
2024,CORTE SELETIVO,C51L41,POINT (-61.18901293763896 -8.17815632466282)
2024,CORTE SELETIVO,C51L41,POINT (-61.16041258222233 -8.247708669000186)
2024,CORTE SELETIVO,C51L41,POINT (-61.15983438486181 -8.245582250696122)
2024,CORTE SELETIVO,C51L41,POINT (-61.160499026776726 -8.243586347220532)
2024,CORTE SELETIVO,C51L41,POINT (-61.16047852836465 -8.242333325735926)
2024,CORTE SELETIVO,C51L41,POINT (-61.16045271116481 -8.2421048688137)
2024,CORTE SELETIVO,C51L41,POINT (-61.16048457497801 -8.24144400740278)
2024,CORTE SELETIVO,C51L41,POINT (-61.16059895154898 -8.241259552157477)
2024,CORTE SELETIVO,C51L41,POINT (-61.160602259424564 -8.241020527655191)
2024,CORTE SELETIVO,C51L41,POINT (-61.10744187958844 -8.242442419977523)
2024,CORTE SELETIVO,C51L41,POINT (-61.112830584865335 -8.237542357970199)
2024,CORTE SELETIVO,C51L41,POINT (-61.11308598959717 -8.237443019684106)
2024,CORTE SELETIVO,C51L41,POINT (-61.15963106302518 -8.245397303078692)
2024,CORTE SELETIVO,C51L41,POINT (-61.22941706086623 -8.249014252157707)
2024,CORTE SELETIVO,C51L41,POINT (-61.21579315483164 -8.24894817742074)
2024,CORTE SELETIVO,C51L41,POINT (-61.22924825337804 -8.2488783820813)
2024,CORTE SELETIVO,C51L41,POINT (-61.21018949116184 -8.246985550841963)
2024,CORTE SELETIVO,C51L41,POINT (-61.23017897797773 -8.24508791010803)
2024,CORTE SELETIVO,C51L41,POINT (-61.22780118541453 -8.241654658534395)
2024,CORTE SELETIVO,C51L41,POINT (-61.23139190110744 -8.240272960980173)
2024,CORTE SELETIVO,C51L41,POINT (-61.23108116184226 -8.24013531068298)
2024,CORTE SELETIVO,C51L41,POINT (-61.2226652856227 -8.23703611343114)
2024,CORTE SELETIVO,C51L41,POINT (-61.22278978837065 -8.236728209308799)
2024,CORTE SELETIVO,C51L41,POINT (-61.22112365009847 -8.235679899206207)
2024,CORTE SELETIVO,C51L41,POINT (-61.22173448432368 -8.235544489044992)
2024,CORTE SELETIVO,C51L41,POINT (-61.20992306587635 -8.235401080023362)
2024,CORTE SELETIVO,C51L41,POINT (-61.20585691101863 -8.234968788073926)
2024,CORTE SELETIVO,C51L41,POINT (-61.213781459557595 -8.23476089068626)
2024,CORTE SELETIVO,C51L41,POINT (-61.21931547283756 -8.234610888652924)
2024,CORTE SELETIVO,C51L41,POINT (-61.21361639882501 -8.234017525452645)
2024,CORTE SELETIVO,C51L41,POINT (-61.2255879996076 -8.229864392221836)
2024,CORTE SELETIVO,C51L41,POINT (-61.161460155183164 -8.249731216256361)
2024,CORTE SELETIVO,C51L41,POINT (-61.160011018138114 -8.249331961965677)
2024,CORTE SELETIVO,C51L41,POINT (-61.16025746199387 -8.246228900730566)
2024,CORTE SELETIVO,C51L41,POINT (-61.16024961074191 -8.245761095127232)
2024,CORTE SELETIVO,C51L41,POINT (-61.15985635605665 -8.24591324295839)
2024,CORTE SELETIVO,C51L41,POINT (-61.159638221020344 -8.245174145127786)
2024,CORTE SELETIVO,C51L41,POINT (-61.16027145206904 -8.243554126118935)
2024,CORTE SELETIVO,C51L41,POINT (-61.160378000793436 -8.242120181931261)
2024,CORTE SELETIVO,C51L41,POINT (-61.16029546583612 -8.241765071151654)
2024,CORTE SELETIVO,C51L41,POINT (-61.16037198113458 -8.241484236905956)
2024,CORTE SELETIVO,C51L41,POINT (-61.16025300263156 -8.241327520402137)
2024,CORTE SELETIVO,C51L41,POINT (-61.16049398602974 -8.240906319986582)
2024,CORTE SELETIVO,C51L41,POINT (-61.111071581793475 -8.243103431375841)
2024,CORTE SELETIVO,C51L41,POINT (-61.11120591292861 -8.243007962918947)
2024,CORTE SELETIVO,C51L41,POINT (-61.10732200675796 -8.238154550794913)
2024,CORTE SELETIVO,C51L41,POINT (-61.107278076106 -8.237910767725186)
2024,CORTE SELETIVO,C51L41,POINT (-61.105670323647196 -8.237590483684238)
2024,CORTE SELETIVO,C51L41,POINT (-61.10562574226256 -8.237257202711268)
2024,CORTE SELETIVO,C51L41,POINT (-61.231052865171705 -8.240468084253097)
2024,CORTE SELETIVO,C51L41,POINT (-61.187403055937004 -8.186222238196622)
2024,CORTE SELETIVO,C51L41,POINT (-61.23099131692043 -8.240352309513456)
2024,CORTE SELETIVO,C51L41,POINT (-61.22092288065617 -8.23564532509172)
2024,CORTE SELETIVO,C51L41,POINT (-61.191018920757735 -8.178538546272408)
2024,CORTE SELETIVO,C51L41,POINT (-61.229174521485895 -8.2488060852422)
2024,CORTE SELETIVO,C51L41,POINT (-61.231424139136465 -8.240405193064204)
2024,CORTE SELETIVO,C51L41,POINT (-61.230925698799325 -8.240132409087334)
2024,CORTE SELETIVO,C51L41,POINT (-61.23072571486939 -8.237295320947243)
2024,CORTE SELETIVO,C51L41,POINT (-61.2306395753405 -8.236964798040173)
2024,CORTE SELETIVO,C51L41,POINT (-61.22914640108905 -8.2368524240614)
2024,CORTE SELETIVO,C51L41,POINT (-61.2058667584642 -8.235035150998794)
2024,CORTE SELETIVO,C51L41,POINT (-61.21941499099673 -8.234601738646235)
2024,CORTE SELETIVO,C51L41,POINT (-61.219591708037306 -8.23453763636303)
2024,CORTE SELETIVO,C51L41,POINT (-61.19862256593709 -8.234191285841753)
2024,CORTE SELETIVO,C51L41,POINT (-61.20524491604636 -8.232979171390083)
2024,CORTE SELETIVO,C51L41,POINT (-61.16018399958593 -8.246138024921079)
2024,CORTE SELETIVO,C51L41,POINT (-61.15977327935792 -8.24599287929481)
2024,CORTE SELETIVO,C51L41,POINT (-61.15998520212909 -8.245972767589022)
2024,CORTE SELETIVO,C51L41,POINT (-61.16047045635579 -8.245635125429168)
2024,CORTE SELETIVO,C51L41,POINT (-61.15966217494935 -8.245730808015704)
2024,CORTE SELETIVO,C51L41,POINT (-61.15958974284962 -8.245337920898379)
2024,CORTE SELETIVO,C51L41,POINT (-61.16059259416389 -8.241467643635369)
2024,CORTE SELETIVO,C51L41,POINT (-61.160664975077204 -8.241225521783239)
2024,CORTE SELETIVO,C51L41,POINT (-61.16057006844197 -8.240956666884045)
2024,CORTE SELETIVO,C51L41,POINT (-61.16049564662249 -8.239932262209646)
2024,CORTE SELETIVO,C51L41,POINT (-61.1129000548976 -8.237584159875595)
2024,CORTE SELETIVO,C51L41,POINT (-61.11290008941965 -8.237479033756154)
2024,CORTE SELETIVO,C51L41,POINT (-61.17625418410967 -8.214763896131352)
2024,CORTE SELETIVO,C51L41,POINT (-61.22993240964852 -8.24507155903563)
2024,CORTE SELETIVO,C51L41,POINT (-61.23110182496364 -8.240434359042526)
2024,CORTE SELETIVO,C51L41,POINT (-61.230916901239176 -8.24042784830981)
2024,CORTE SELETIVO,C51L41,POINT (-61.23124178350518 -8.240368817107846)
2024,CORTE SELETIVO,C51L41,POINT (-61.22862367036325 -8.240389437667005)
2024,CORTE SELETIVO,C51L41,POINT (-61.230681174182436 -8.23708643704711)
2024,CORTE SELETIVO,C51L41,POINT (-61.219327179971074 -8.234572597259419)
2024,CORTE SELETIVO,C51L41,POINT (-61.20587532909956 -8.234459094416273)
2024,CORTE SELETIVO,C51L41,POINT (-61.21702114044243 -8.232330916400773)
2024,CORTE SELETIVO,C51L41,POINT (-61.22300709902572 -8.230435264522875)
2024,CORTE SELETIVO,C51L41,POINT (-61.18943142785308 -8.187906719806607)
2024,CORTE SELETIVO,C51L41,POINT (-61.182600321624335 -8.19095542234927)
2024,CORTE SELETIVO,C51L41,POINT (-61.18428518170881 -8.17451067465327)
2024,CORTE SELETIVO,C51L41,POINT (-61.182068583221195 -8.183489587235513)
2024,CORTE SELETIVO,C51L41,POINT (-61.18177328753005 -8.183162209280201)
2024,CORTE SELETIVO,C51L41,POINT (-61.18131525399474 -8.1829447213728)
2024,CORTE SELETIVO,C51L41,POINT (-61.18154678817665 -8.182862004095949)
2024,CORTE SELETIVO,C51L41,POINT (-61.1820362709139 -8.18250582346902)
2024,CORTE SELETIVO,C51L41,POINT (-61.18166315232172 -8.182130072406359)
2024,CORTE SELETIVO,C51L41,POINT (-61.160088273424435 -8.24614886454254)
2024,CORTE SELETIVO,C51L41,POINT (-61.16013626447985 -8.246030276692588)
2024,CORTE SELETIVO,C51L41,POINT (-61.15943037960473 -8.245483719471034)
2024,CORTE SELETIVO,C51L41,POINT (-61.1655780785441 -8.244187566412775)
2024,CORTE SELETIVO,C51L41,POINT (-61.160535826456226 -8.240641081023746)
2024,CORTE SELETIVO,C51L41,POINT (-61.10723558779753 -8.242356499549844)
2024,CORTE SELETIVO,C51L41,POINT (-61.18876035833438 -8.177800293663152)
2024,CORTE SELETIVO,C51L41,POINT (-61.23104965759236 -8.240588085451963)
2024,CORTE SELETIVO,C51L41,POINT (-61.22862759366143 -8.240488054004686)
2024,CORTE SELETIVO,C51L41,POINT (-61.23129777658632 -8.240446255897922)
2024,CORTE SELETIVO,C51L41,POINT (-61.22871554215698 -8.240369849884564)
2024,CORTE SELETIVO,C51L41,POINT (-61.204822130444235 -8.240233329160482)
2024,CORTE SELETIVO,C51L41,POINT (-61.22173530629319 -8.235725347186897)
2024,CORTE SELETIVO,C51L41,POINT (-61.22121097411363 -8.23563848815869)
2024,CORTE SELETIVO,C51L41,POINT (-61.2195528648379 -8.234611724829678)
2024,CORTE SELETIVO,C51L41,POINT (-61.19887716741836 -8.234520405076495)
2024,CORTE SELETIVO,C51L41,POINT (-61.19891857879467 -8.234342636588378)
2024,CORTE SELETIVO,C51L41,POINT (-61.1988384936258 -8.234210069622147)
2024,CORTE SELETIVO,C51L41,POINT (-61.198796130453246 -8.23417275762958)
2024,CORTE SELETIVO,C51L41,POINT (-61.20731777040037 -8.232171107259765)
2024,CORTE SELETIVO,C51L41,POINT (-61.22306000094823 -8.229450451983505)
2024,CORTE SELETIVO,C51L41,POINT (-61.195559444370424 -8.18777773455796)
2024,CORTE SELETIVO,C51L41,POINT (-61.19617334685704 -8.184950468372094)
2024,CORTE SELETIVO,C51L41,POINT (-61.18266632766785 -8.1910952406077)
2024,CORTE SELETIVO,C51L41,POINT (-61.18278990218522 -8.19093565968234)
2024,CORTE SELETIVO,C51L41,POINT (-61.18192771499151 -8.183639599326247)
2024,CORTE SELETIVO,C51L41,POINT (-61.18170127133815 -8.183480481803329)
2024,CORTE SELETIVO,C51L41,POINT (-61.18209080058933 -8.18335781252888)
2024,CORTE SELETIVO,C51L41,POINT (-61.18158897839922 -8.183212592071499)
2024,CORTE SELETIVO,C51L41,POINT (-61.18217261645489 -8.183100001616161)
2024,CORTE SELETIVO,C51L41,POINT (-61.18183871042489 -8.18310387080644)
2024,CORTE SELETIVO,C51L41,POINT (-61.18153501276788 -8.183043405234947)
2024,CORTE SELETIVO,C51L41,POINT (-61.18174269873277 -8.182951164086184)
2024,CORTE SELETIVO,C51L41,POINT (-61.18208005158863 -8.182655007587384)
2024,CORTE SELETIVO,C51L41,POINT (-61.18212362663128 -8.18259632337053)
2024,CORTE SELETIVO,C51L41,POINT (-61.18191086845877 -8.182477155116448)
2024,CORTE SELETIVO,C51L41,POINT (-61.18213815316321 -8.182122291405712)
2024,CORTE SELETIVO,C51L41,POINT (-61.18234484207742 -8.1821067532425)
2024,CORTE SELETIVO,C51L41,POINT (-61.18229182929385 -8.182032070618849)
2024,CORTE SELETIVO,C51L41,POINT (-61.18141471601888 -8.183409045981893)
2024,CORTE SELETIVO,C51L41,POINT (-61.181386739869964 -8.183046859426236)
2024,CORTE SELETIVO,C51L41,POINT (-61.16023981717769 -8.247859676264195)
2024,CORTE SELETIVO,C51L41,POINT (-61.16040558606164 -8.247654125161366)
2024,CORTE SELETIVO,C51L41,POINT (-61.160448737698715 -8.245733232481639)
2024,CORTE SELETIVO,C51L41,POINT (-61.15968436803707 -8.245846270937964)
2024,CORTE SELETIVO,C51L41,POINT (-61.165608987099176 -8.244140349867138)
2024,CORTE SELETIVO,C51L41,POINT (-61.165907524025236 -8.243874616932253)
2024,CORTE SELETIVO,C51L41,POINT (-61.160260029725215 -8.242290511608893)
2024,CORTE SELETIVO,C51L41,POINT (-61.160598102191344 -8.241379676928057)
2024,CORTE SELETIVO,C51L41,POINT (-61.1146991867999 -8.235053084789048)
2024,CORTE SELETIVO,C51L41,POINT (-61.16894263304857 -8.21937824979743)
2024,CORTE SELETIVO,C51L41,POINT (-61.206674429382716 -8.245914692961076)
2024,CORTE SELETIVO,C51L41,POINT (-61.20675437633922 -8.245831198663181)
2024,CORTE SELETIVO,C51L41,POINT (-61.20682608545979 -8.245686881482857)
2024,CORTE SELETIVO,C51L41,POINT (-61.2070330533456 -8.24379663037203)
2024,CORTE SELETIVO,C51L41,POINT (-61.23106570295024 -8.240030551130609)
2024,CORTE SELETIVO,C51L41,POINT (-61.22396039749325 -8.239976312260035)
2024,CORTE SELETIVO,C51L41,POINT (-61.22722415115541 -8.237504754521359)
2024,CORTE SELETIVO,C51L41,POINT (-61.222810806256824 -8.236765502816414)
2024,CORTE SELETIVO,C51L41,POINT (-61.21417263733866 -8.235014203607797)
2024,CORTE SELETIVO,C51L41,POINT (-61.21945578990967 -8.234726668811701)
2024,CORTE SELETIVO,C51L41,POINT (-61.227830520438765 -8.234404868005397)
2024,CORTE SELETIVO,C51L41,POINT (-61.213778981418145 -8.233978217217656)
2024,CORTE SELETIVO,C51L41,POINT (-61.20737222287494 -8.233650781552756)
2024,CORTE SELETIVO,C51L41,POINT (-61.207117261921866 -8.233551457675114)
2024,CORTE SELETIVO,C51L41,POINT (-61.207330341002894 -8.233434865783602)
2024,CORTE SELETIVO,C51L41,POINT (-61.22313551082892 -8.229529201874646)
2024,CORTE SELETIVO,C51L41,POINT (-61.22266903643329 -8.229173681532359)
2024,CORTE SELETIVO,C51L41,POINT (-61.214764047053954 -8.229029716537191)
2024,CORTE SELETIVO,C51L41,POINT (-61.210568263093926 -8.228987138760582)
2024,CORTE SELETIVO,C51L41,POINT (-61.20431959128439 -8.24748407310413)
2024,CORTE SELETIVO,C51L41,POINT (-61.20402751844748 -8.247231832467302)
2024,CORTE SELETIVO,C51L41,POINT (-61.20084921006233 -8.24413408331859)
2024,CORTE SELETIVO,C51L41,POINT (-61.19888705585181 -8.234394909431666)
2024,CORTE SELETIVO,C51L41,POINT (-61.19780777414913 -8.232827717763417)
2024,CORTE SELETIVO,C51L41,POINT (-61.20357046207302 -8.230434756125408)
2024,CORTE SELETIVO,C51L41,POINT (-61.20356869446361 -8.2302240160025)
2024,CORTE SELETIVO,C51L41,POINT (-61.20429289372976 -8.228331798460687)
2024,CORTE SELETIVO,C51L41,POINT (-61.19553388053259 -8.187999470654992)
2024,CORTE SELETIVO,C51L41,POINT (-61.195499862891026 -8.18787516750732)
2024,CORTE SELETIVO,C51L41,POINT (-61.19598469228403 -8.187722012196037)
2024,CORTE SELETIVO,C51L41,POINT (-61.196268189459374 -8.186436526735038)
2024,CORTE SELETIVO,C51L41,POINT (-61.19484498725778 -8.183541850696951)
2024,CORTE SELETIVO,C51L41,POINT (-61.19201773897202 -8.178240124589067)
2024,CORTE SELETIVO,C51L41,POINT (-61.19234626826841 -8.178225427086481)
2024,CORTE SELETIVO,C51L41,POINT (-61.19037525345095 -8.187941253588841)
2024,CORTE SELETIVO,C51L41,POINT (-61.18571795494158 -8.184237303933564)
2024,CORTE SELETIVO,C51L41,POINT (-61.18636870396214 -8.18392241162693)
2024,CORTE SELETIVO,C51L41,POINT (-61.18372515423176 -8.18398719815599)
2024,CORTE SELETIVO,C51L41,POINT (-61.18640851696044 -8.183833718703891)
2024,CORTE SELETIVO,C51L41,POINT (-61.18421665377527 -8.183492089275507)
2024,CORTE SELETIVO,C51L41,POINT (-61.18373824704403 -8.183333568827694)
2024,CORTE SELETIVO,C51L41,POINT (-61.188274625878215 -8.176936630957968)
2024,CORTE SELETIVO,C51L41,POINT (-61.18405863313246 -8.174539337687404)
2024,CORTE SELETIVO,C51L41,POINT (-61.1843801670422 -8.17400002034779)
2024,CORTE SELETIVO,C51L41,POINT (-61.18393278211795 -8.173220752312663)
2024,CORTE SELETIVO,C51L41,POINT (-61.17652227014405 -8.214473326163658)
2024,CORTE SELETIVO,C51L41,POINT (-61.18156482342842 -8.18349626512493)
2024,CORTE SELETIVO,C51L41,POINT (-61.181466068208046 -8.18281817482482)
2024,CORTE SELETIVO,C51L41,POINT (-61.18175089918631 -8.182873161125844)
2024,CORTE SELETIVO,C51L41,POINT (-61.181120385753566 -8.182874965547493)
2024,CORTE SELETIVO,C51L41,POINT (-61.181495685020764 -8.18173499897978)
2024,CORTE SELETIVO,C51L41,POINT (-61.176018043104236 -8.179146593412929)
2024,CORTE SELETIVO,C51L41,POINT (-61.175840360110804 -8.17907567006326)
2024,CORTE SELETIVO,C51L41,POINT (-61.17598122483143 -8.178875316877432)
2024,CORTE SELETIVO,C51L41,POINT (-61.18029833651312 -8.173674643652825)
2024,CORTE SELETIVO,C51L41,POINT (-61.17584574390622 -8.173033191277318)
2024,CORTE SELETIVO,C51L41,POINT (-61.161892225760255 -8.249765726209159)
2024,CORTE SELETIVO,C51L41,POINT (-61.16016864745206 -8.249223713407373)
2024,CORTE SELETIVO,C51L41,POINT (-61.16008796218666 -8.249072869150279)
2024,CORTE SELETIVO,C51L41,POINT (-61.1602694952806 -8.247344347398062)
2024,CORTE SELETIVO,C51L41,POINT (-61.16025610335541 -8.246191938329714)
2024,CORTE SELETIVO,C51L41,POINT (-61.160096644596884 -8.246019986350435)
2024,CORTE SELETIVO,C51L41,POINT (-61.159587937445515 -8.245676620995761)
2024,CORTE SELETIVO,C51L41,POINT (-61.15952789740168 -8.245478363244093)
2024,CORTE SELETIVO,C51L41,POINT (-61.16502822772315 -8.245321069658175)
2024,CORTE SELETIVO,C51L41,POINT (-61.15953785221856 -8.24526794314813)
2024,CORTE SELETIVO,C51L41,POINT (-61.16477164068122 -8.245280913209045)
2024,CORTE SELETIVO,C51L41,POINT (-61.164664880485425 -8.245162379426233)
2024,CORTE SELETIVO,C51L41,POINT (-61.16030693894144 -8.245004512992386)
2024,CORTE SELETIVO,C51L41,POINT (-61.159675562431964 -8.245099405010798)
2024,CORTE SELETIVO,C51L41,POINT (-61.164797586795196 -8.24489678332214)
2024,CORTE SELETIVO,C51L41,POINT (-61.159987748251964 -8.244744705031264)
2024,CORTE SELETIVO,C51L41,POINT (-61.15275553688138 -8.243491726946832)
2024,CORTE SELETIVO,C51L41,POINT (-61.15497185312892 -8.241345053614303)
2024,CORTE SELETIVO,C51L41,POINT (-61.160342947117314 -8.241190762460285)
2024,CORTE SELETIVO,C51L41,POINT (-61.16046176117387 -8.239710009568604)
2024,CORTE SELETIVO,C51L41,POINT (-61.169936028890994 -8.222177938356248)
2024,CORTE SELETIVO,C51L41,POINT (-61.16806862184385 -8.221196084619224)
2024,CORTE SELETIVO,C51L41,POINT (-61.17151758505423 -8.198059922916077)
2024,CORTE SELETIVO,C51L41,POINT (-61.1703582881933 -8.172069147646875)
2024,CORTE SELETIVO,C51L41,POINT (-61.17029203158305 -8.171904786143784)
2024,CORTE SELETIVO,C51L41,POINT (-61.111122168110185 -8.242853399700511)
2024,CORTE SELETIVO,C51L41,POINT (-61.113069665375185 -8.237583290895618)
2024,CORTE SELETIVO,C51L41,POINT (-61.11312277389548 -8.237408516941748)
2024,CORTE SELETIVO,C51L41,POINT (-61.11639259577148 -8.232620032996806)
2024,CORTE SELETIVO,C51L41,POINT (-61.22436056398654 -8.243953654310145)
2024,CORTE SELETIVO,C51L41,POINT (-61.231117932689834 -8.240505129790444)
2024,CORTE SELETIVO,C51L41,POINT (-61.23070719264057 -8.237077853422992)
2024,CORTE SELETIVO,C51L41,POINT (-61.230462182118494 -8.236957377670393)
2024,CORTE SELETIVO,C51L41,POINT (-61.228804710069646 -8.236845453413425)
2024,CORTE SELETIVO,C51L41,POINT (-61.22178905140765 -8.235668158223673)
2024,CORTE SELETIVO,C51L41,POINT (-61.21127598176831 -8.235470680577206)
2024,CORTE SELETIVO,C51L41,POINT (-61.22172901594725 -8.235406698762235)
2024,CORTE SELETIVO,C51L41,POINT (-61.22557074922487 -8.235495129714737)
2024,CORTE SELETIVO,C51L41,POINT (-61.224131375746154 -8.235461746563534)
2024,CORTE SELETIVO,C51L41,POINT (-61.23080122844953 -8.235342425619224)
2024,CORTE SELETIVO,C51L41,POINT (-61.213426450597325 -8.234710399057418)
2024,CORTE SELETIVO,C51L41,POINT (-61.21927120756902 -8.23476767545387)
2024,CORTE SELETIVO,C51L41,POINT (-61.20713755271332 -8.233684087802155)
2024,CORTE SELETIVO,C51L41,POINT (-61.21377568818114 -8.232799876600593)
2024,CORTE SELETIVO,C51L41,POINT (-61.22797896805784 -8.23257344192491)
2024,CORTE SELETIVO,C51L41,POINT (-61.214179574532736 -8.232299919151373)
2024,CORTE SELETIVO,C51L41,POINT (-61.219934059843375 -8.231660421273466)
2024,CORTE SELETIVO,C51L41,POINT (-61.22179396598932 -8.230930498298203)
2024,CORTE SELETIVO,C51L41,POINT (-61.20881254990401 -8.230117803491735)
2024,CORTE SELETIVO,C51L41,POINT (-61.208734681635036 -8.230085083053108)
2024,CORTE SELETIVO,C51L41,POINT (-61.22567490557651 -8.229973750230412)
2024,CORTE SELETIVO,C51L41,POINT (-61.22149615736352 -8.229866388844137)
2024,CORTE SELETIVO,C51L41,POINT (-61.22573750473081 -8.229813534275488)
2024,CORTE SELETIVO,C51L41,POINT (-61.21507314825277 -8.22925466219919)
2024,CORTE SELETIVO,C51L41,POINT (-61.20487604188673 -8.235966168447227)
2024,CORTE SELETIVO,C51L41,POINT (-61.205745651362335 -8.235359944863408)
2024,CORTE SELETIVO,C51L41,POINT (-61.20570330637581 -8.235181964399048)
2024,CORTE SELETIVO,C51L41,POINT (-61.19552566737332 -8.187855847651432)
2024,CORTE SELETIVO,C51L41,POINT (-61.18363476848848 -8.183241424356874)
2024,CORTE SELETIVO,C51L41,POINT (-61.183352386438415 -8.18293161441116)
2024,CORTE SELETIVO,C51L41,POINT (-61.18368661912097 -8.182783245996)
2024,CORTE SELETIVO,C51L41,POINT (-61.18360664467605 -8.182373699246059)
2024,CORTE SELETIVO,C51L41,POINT (-61.18355883205219 -8.18218234731124)
2024,CORTE SELETIVO,C51L41,POINT (-61.18179578185295 -8.183607113762243)
2024,CORTE SELETIVO,C51L41,POINT (-61.181383649342266 -8.183281930269986)
2024,CORTE SELETIVO,C51L41,POINT (-61.18208846648566 -8.183182696064083)
2024,CORTE SELETIVO,C51L41,POINT (-61.183137525058726 -8.182874212853095)
2024,CORTE SELETIVO,C51L41,POINT (-61.18189194285124 -8.182758970417598)
2024,CORTE SELETIVO,C51L41,POINT (-61.1833226644083 -8.182670045059295)
2024,CORTE SELETIVO,C51L41,POINT (-61.181844872138235 -8.1824164009718)
2024,CORTE SELETIVO,C51L41,POINT (-61.18276025982297 -8.182073065780605)
2024,CORTE SELETIVO,C51L41,POINT (-61.162992408675876 -8.247519835336856)
2024,CORTE SELETIVO,C51L41,POINT (-61.166172766813325 -8.246706974759116)
2024,CORTE SELETIVO,C51L41,POINT (-61.16617874733613 -8.246414795062432)
2024,CORTE SELETIVO,C51L41,POINT (-61.16620336633424 -8.244923214949928)
2024,CORTE SELETIVO,C51L41,POINT (-61.16540526863884 -8.244191509769799)
2024,CORTE SELETIVO,C51L41,POINT (-61.16585352345038 -8.243968186881002)
2024,CORTE SELETIVO,C51L41,POINT (-61.165509189346935 -8.243872606505704)
2024,CORTE SELETIVO,C51L41,POINT (-61.16753953685893 -8.243097796343381)
2024,CORTE SELETIVO,C51L41,POINT (-61.16647775086307 -8.24268112982761)
2024,CORTE SELETIVO,C51L41,POINT (-61.163098840419046 -8.241306400094736)
2024,CORTE SELETIVO,C51L41,POINT (-61.16578437138505 -8.241136607528595)
2024,CORTE SELETIVO,C51L41,POINT (-61.16144703316074 -8.249810544246381)
2024,CORTE SELETIVO,C51L41,POINT (-61.160290975970355 -8.24634502997532)
2024,CORTE SELETIVO,C51L41,POINT (-61.16125972195642 -8.244669893253468)
2024,CORTE SELETIVO,C51L41,POINT (-61.1612328577964 -8.241838598823206)
2024,CORTE SELETIVO,C51L41,POINT (-61.16020533719214 -8.241227343013144)
2024,CORTE SELETIVO,C51L41,POINT (-61.16068856220741 -8.240560198937095)
2024,CORTE SELETIVO,C51L41,POINT (-61.10724875214513 -8.2381124268095)
2024,CORTE SELETIVO,C51L41,POINT (-61.113076828772336 -8.237730694165739)
2024,CORTE SELETIVO,C51L41,POINT (-61.107285755535386 -8.237726360807608)
2024,CORTE SELETIVO,C51L41,POINT (-61.105787483906774 -8.237705691723088)
2024,CORTE SELETIVO,C51L41,POINT (-61.11315115812954 -8.237537682718191)
2024,CORTE SELETIVO,C51L41,POINT (-61.113032236079796 -8.237344415913856)
2024,CORTE SELETIVO,C51L41,POINT (-61.11466068638677 -8.235235430286338)
2024,CORTE SELETIVO,C51L41,POINT (-61.11477374562042 -8.234991407060335)
2024,CORTE SELETIVO,C51L41,POINT (-61.204301378550795 -8.228396274999987)
2024,CORTE SELETIVO,C51L41,POINT (-61.183639535805916 -8.18501405442739)
2024,CORTE SELETIVO,C51L41,POINT (-61.20353513164286 -8.228564661385938)
2024,CORTE SELETIVO,C51L41,POINT (-61.18387360008984 -8.17450012373734)
2024,CORTE SELETIVO,C51L41,POINT (-61.230384847347956 -8.246526240217412)
2024,CORTE SELETIVO,C51L41,POINT (-61.22640661074341 -8.24244792180302)
2024,CORTE SELETIVO,C51L41,POINT (-61.205000838058695 -8.240296952925345)
2024,CORTE SELETIVO,C51L41,POINT (-61.2277782402842 -8.236428369274122)
2024,CORTE SELETIVO,C51L41,POINT (-61.19752372242319 -8.235340700638815)
2024,CORTE SELETIVO,C51L41,POINT (-61.20753334138614 -8.234493429644743)
2024,CORTE SELETIVO,C51L41,POINT (-61.2248155452832 -8.234066323652781)
2024,CORTE SELETIVO,C51L41,POINT (-61.19880792934334 -8.234093360238145)
2024,CORTE SELETIVO,C51L41,POINT (-61.1979525841979 -8.232729652929534)
2024,CORTE SELETIVO,C51L41,POINT (-61.22309942513816 -8.232133770224287)
2024,CORTE SELETIVO,C51L41,POINT (-61.21014683496881 -8.23204957610945)
2024,CORTE SELETIVO,C51L41,POINT (-61.22311007419559 -8.229207535342066)
2024,CORTE SELETIVO,C51L41,POINT (-61.18416907887387 -8.185424919950117)
2024,CORTE SELETIVO,C51L41,POINT (-61.18436905597101 -8.185247922945468)
2024,CORTE SELETIVO,C51L41,POINT (-61.18597914389859 -8.185129585293923)
2024,CORTE SELETIVO,C51L41,POINT (-61.18375027638791 -8.184993097078028)
2024,CORTE SELETIVO,C51L41,POINT (-61.18533375461366 -8.184506179203689)
2024,CORTE SELETIVO,C51L41,POINT (-61.18522968845884 -8.184104306769726)
2024,CORTE SELETIVO,C51L41,POINT (-61.18498378200131 -8.184206337660285)
2024,CORTE SELETIVO,C51L41,POINT (-61.183921330242946 -8.183971295992778)
2024,CORTE SELETIVO,C51L41,POINT (-61.18523610553692 -8.183898037224639)
2024,CORTE SELETIVO,C51L41,POINT (-61.18441465470652 -8.183610886012756)
2024,CORTE SELETIVO,C51L41,POINT (-61.18326481033463 -8.182968209620318)
2024,CORTE SELETIVO,C51L41,POINT (-61.18413346263469 -8.18310702836006)
2024,CORTE SELETIVO,C51L41,POINT (-61.18339168337698 -8.182777837823288)
2024,CORTE SELETIVO,C51L41,POINT (-61.184299721780256 -8.182586493196824)
2024,CORTE SELETIVO,C51L41,POINT (-61.183593312563495 -8.182271812959954)
2024,CORTE SELETIVO,C51L41,POINT (-61.1832080822745 -8.182232671038776)
2024,CORTE SELETIVO,C51L41,POINT (-61.183793716627434 -8.182108023462744)
2024,CORTE SELETIVO,C51L41,POINT (-61.183675323083314 -8.182089702295938)
2024,CORTE SELETIVO,C51L41,POINT (-61.1833994423816 -8.181940334548015)
2024,CORTE SELETIVO,C51L41,POINT (-61.182524323192375 -8.184408966544733)
2024,CORTE SELETIVO,C51L41,POINT (-61.182852275610735 -8.184301901492685)
2024,CORTE SELETIVO,C51L41,POINT (-61.18144327501781 -8.183004631890658)
2024,CORTE SELETIVO,C51L41,POINT (-61.18210430486988 -8.183032629504586)
2024,CORTE SELETIVO,C51L41,POINT (-61.183007048488875 -8.182843497743393)
2024,CORTE SELETIVO,C51L41,POINT (-61.18195846725652 -8.182879740809478)
2024,CORTE SELETIVO,C51L41,POINT (-61.1817329697334 -8.182442245666431)
2024,CORTE SELETIVO,C51L41,POINT (-61.183034076270694 -8.182124175082006)
2024,CORTE SELETIVO,C51L41,POINT (-61.1825503802748 -8.182098210565377)
2024,CORTE SELETIVO,C51L41,POINT (-61.183039453481314 -8.181971451945879)
2024,CORTE SELETIVO,C51L41,POINT (-61.16604628592561 -8.247507293701803)
2024,CORTE SELETIVO,C51L41,POINT (-61.166236873367595 -8.247503089661908)
2024,CORTE SELETIVO,C51L41,POINT (-61.165871872201095 -8.244019275708633)
2024,CORTE SELETIVO,C51L41,POINT (-61.16593155509957 -8.243733200269425)
2024,CORTE SELETIVO,C51L41,POINT (-61.1656676448104 -8.24107853672987)
2024,CORTE SELETIVO,C51L41,POINT (-61.16563792514313 -8.240869825795771)
2024,CORTE SELETIVO,C51L41,POINT (-61.16046513450019 -8.249906215633324)
2024,CORTE SELETIVO,C51L41,POINT (-61.161775620609774 -8.249697975615634)
2024,CORTE SELETIVO,C51L41,POINT (-61.16053613023381 -8.249287946477832)
2024,CORTE SELETIVO,C51L41,POINT (-61.16008279811227 -8.24914298967461)
2024,CORTE SELETIVO,C51L41,POINT (-61.16276720468434 -8.245851827456901)
2024,CORTE SELETIVO,C51L41,POINT (-61.16046345987398 -8.245596871340988)
2024,CORTE SELETIVO,C51L41,POINT (-61.159417538365055 -8.245386533720206)
2024,CORTE SELETIVO,C51L41,POINT (-61.16047475578967 -8.243788829405467)
2024,CORTE SELETIVO,C51L41,POINT (-61.16029041363679 -8.242952510581748)
2024,CORTE SELETIVO,C51L41,POINT (-61.160650950910394 -8.241413125576301)
2024,CORTE SELETIVO,C51L41,POINT (-61.16053165155243 -8.240764738840728)
2024,CORTE SELETIVO,C51L41,POINT (-61.16065684202746 -8.239176258410604)
2024,CORTE SELETIVO,C51L41,POINT (-61.11285542805068 -8.237436643571959)
2024,CORTE SELETIVO,C51L41,POINT (-61.11461632506515 -8.234671624989907)
2024,CORTE SELETIVO,C51L41,POINT (-61.22095249232672 -8.23523510920573)
2024,CORTE SELETIVO,C51L41,POINT (-61.20292658300323 -8.228344543496101)
2024,CORTE SELETIVO,C51L41,POINT (-61.22918308483484 -8.249143883364125)
2024,CORTE SELETIVO,C51L41,POINT (-61.22938977191919 -8.248856360805167)
2024,CORTE SELETIVO,C51L41,POINT (-61.21485386387112 -8.248609501159002)
2024,CORTE SELETIVO,C51L41,POINT (-61.224581481068704 -8.247016392986442)
2024,CORTE SELETIVO,C51L41,POINT (-61.22850149662371 -8.240355362096954)
2024,CORTE SELETIVO,C51L41,POINT (-61.22738201076034 -8.237433468214979)
2024,CORTE SELETIVO,C51L41,POINT (-61.22291440594017 -8.237076686734307)
2024,CORTE SELETIVO,C51L41,POINT (-61.22895711876547 -8.2368262747994)
2024,CORTE SELETIVO,C51L41,POINT (-61.22268124687101 -8.236809524904576)
2024,CORTE SELETIVO,C51L41,POINT (-61.22464617213254 -8.235753225249761)
2024,CORTE SELETIVO,C51L41,POINT (-61.207922498946004 -8.235616921622679)
2024,CORTE SELETIVO,C51L41,POINT (-61.221837832697545 -8.23556879865909)
2024,CORTE SELETIVO,C51L41,POINT (-61.22551778678113 -8.235315186797697)
2024,CORTE SELETIVO,C51L41,POINT (-61.22744124308406 -8.234423376430893)
2024,CORTE SELETIVO,C51L41,POINT (-61.22779408375684 -8.234395791823289)
2024,CORTE SELETIVO,C51L41,POINT (-61.224598809484874 -8.234291650509904)
2024,CORTE SELETIVO,C51L41,POINT (-61.22491693736059 -8.234089735446357)
2024,CORTE SELETIVO,C51L41,POINT (-61.21378821022485 -8.234069937964216)
2024,CORTE SELETIVO,C51L41,POINT (-61.22750826647539 -8.233429100442315)
2024,CORTE SELETIVO,C51L41,POINT (-61.22811721471348 -8.233172823962303)
2024,CORTE SELETIVO,C51L41,POINT (-61.21423325197348 -8.233048805942651)
2024,CORTE SELETIVO,C51L41,POINT (-61.21386712521014 -8.232870461408364)
2024,CORTE SELETIVO,C51L41,POINT (-61.22164850621311 -8.232776485622674)
2024,CORTE SELETIVO,C51L41,POINT (-61.22808963394497 -8.232543926994193)
2024,CORTE SELETIVO,C51L41,POINT (-61.222297602736646 -8.232418521421335)
2024,CORTE SELETIVO,C51L41,POINT (-61.21702839668238 -8.232490398249336)
2024,CORTE SELETIVO,C51L41,POINT (-61.222593858209365 -8.232421340954012)
2024,CORTE SELETIVO,C51L41,POINT (-61.222695936101566 -8.232332688245142)
2024,CORTE SELETIVO,C51L41,POINT (-61.20853693615167 -8.232341900092553)
2024,CORTE SELETIVO,C51L41,POINT (-61.23067111807105 -8.232099402158077)
2024,CORTE SELETIVO,C51L41,POINT (-61.221764524917845 -8.230173895596042)
2024,CORTE SELETIVO,C51L41,POINT (-61.20342242641582 -8.243519480905892)
2024,CORTE SELETIVO,C51L41,POINT (-61.203525045966515 -8.236122715877269)
2024,CORTE SELETIVO,C51L41,POINT (-61.2068601692191 -8.234406318426771)
2024,CORTE SELETIVO,C51L41,POINT (-61.20434133160308 -8.228401265960764)
2024,CORTE SELETIVO,C51L41,POINT (-61.184021592597254 -8.185517682980594)
2024,CORTE SELETIVO,C51L41,POINT (-61.18382646610602 -8.185524951824545)
2024,CORTE SELETIVO,C51L41,POINT (-61.185718027533326 -8.185312370185079)
2024,CORTE SELETIVO,C51L41,POINT (-61.18375025749171 -8.185281707914415)
2024,CORTE SELETIVO,C51L41,POINT (-61.18518809533177 -8.184035897826229)
2024,CORTE SELETIVO,C51L41,POINT (-61.184964230394606 -8.18391707781427)
2024,CORTE SELETIVO,C51L41,POINT (-61.184786169386946 -8.183958842364614)
2024,CORTE SELETIVO,C51L41,POINT (-61.18528223295352 -8.183943125672235)
2024,CORTE SELETIVO,C51L41,POINT (-61.18512456149611 -8.183829414227278)
2024,CORTE SELETIVO,C51L41,POINT (-61.184194412954135 -8.183506448429007)
2024,CORTE SELETIVO,C51L41,POINT (-61.18381768536121 -8.182766376225212)
2024,CORTE SELETIVO,C51L41,POINT (-61.18431926292888 -8.182423333125032)
2024,CORTE SELETIVO,C51L41,POINT (-61.1834869994358 -8.182314190148517)
2024,CORTE SELETIVO,C51L41,POINT (-61.18371265782087 -8.174506262139662)
2024,CORTE SELETIVO,C51L41,POINT (-61.1833400389708 -8.18495863259461)
2024,CORTE SELETIVO,C51L41,POINT (-61.18330437891788 -8.184798765906217)
2024,CORTE SELETIVO,C51L41,POINT (-61.18318200361155 -8.184797126023776)
2024,CORTE SELETIVO,C51L41,POINT (-61.18244886347458 -8.184468453947765)
2024,CORTE SELETIVO,C51L41,POINT (-61.18247357053636 -8.184103649894336)
2024,CORTE SELETIVO,C51L41,POINT (-61.18200350937486 -8.18388607537354)
2024,CORTE SELETIVO,C51L41,POINT (-61.1822109523451 -8.183799194466019)
2024,CORTE SELETIVO,C51L41,POINT (-61.18146982610029 -8.183245643777328)
2024,CORTE SELETIVO,C51L41,POINT (-61.182064402354094 -8.183081215497543)
2024,CORTE SELETIVO,C51L41,POINT (-61.18305859085741 -8.182955276846986)
2024,CORTE SELETIVO,C51L41,POINT (-61.183462564441975 -8.182774816780068)
2024,CORTE SELETIVO,C51L41,POINT (-61.18330497272872 -8.182496031247412)
2024,CORTE SELETIVO,C51L41,POINT (-61.18188811018834 -8.18238643597523)
2024,CORTE SELETIVO,C51L41,POINT (-61.18313515345247 -8.182128470993858)
2024,CORTE SELETIVO,C51L41,POINT (-61.18188086908913 -8.181877093358727)
2024,CORTE SELETIVO,C51L41,POINT (-61.16544887702522 -8.24935682653774)
2024,CORTE SELETIVO,C51L41,POINT (-61.16379948626748 -8.248920612504232)
2024,CORTE SELETIVO,C51L41,POINT (-61.16624640437728 -8.246580792638044)
2024,CORTE SELETIVO,C51L41,POINT (-61.162716519856986 -8.245975198365196)
2024,CORTE SELETIVO,C51L41,POINT (-61.1652911287217 -8.244425016699553)
2024,CORTE SELETIVO,C51L41,POINT (-61.165421507717 -8.244388130117226)
2024,CORTE SELETIVO,C51L41,POINT (-61.16553710863137 -8.244051705136577)
2024,CORTE SELETIVO,C51L41,POINT (-61.16471243059253 -8.241799286459168)
2024,CORTE SELETIVO,C51L41,POINT (-61.16470013274862 -8.241547920550232)
2024,CORTE SELETIVO,C51L41,POINT (-61.165749135811026 -8.24129005177618)
2024,CORTE SELETIVO,C51L41,POINT (-61.16050105271632 -8.249528388848372)
2024,CORTE SELETIVO,C51L41,POINT (-61.16008750883304 -8.249462834886023)
2024,CORTE SELETIVO,C51L41,POINT (-61.160058501204325 -8.248991228736408)
2024,CORTE SELETIVO,C51L41,POINT (-61.160181482933474 -8.248808362974495)
2024,CORTE SELETIVO,C51L41,POINT (-61.15943467551338 -8.248775715629455)
2024,CORTE SELETIVO,C51L41,POINT (-61.160129589235886 -8.248057637311033)
2024,CORTE SELETIVO,C51L41,POINT (-61.1604218807513 -8.247853384190973)
2024,CORTE SELETIVO,C51L41,POINT (-61.159833981866946 -8.2461250144517)
2024,CORTE SELETIVO,C51L41,POINT (-61.15947312188282 -8.245757093639874)
2024,CORTE SELETIVO,C51L41,POINT (-61.15967263877232 -8.244926408568402)
2024,CORTE SELETIVO,C51L41,POINT (-61.16004212315556 -8.243838559132842)
2024,CORTE SELETIVO,C51L41,POINT (-61.1613604256327 -8.242204607894024)
2024,CORTE SELETIVO,C51L41,POINT (-61.160211709390495 -8.241608100915876)
2024,CORTE SELETIVO,C51L41,POINT (-61.16068287495089 -8.241675738577365)
2024,CORTE SELETIVO,C51L41,POINT (-61.1603315236107 -8.24151025098488)
2024,CORTE SELETIVO,C51L41,POINT (-61.16020562397025 -8.241106256857776)
2024,CORTE SELETIVO,C51L41,POINT (-61.111301052994584 -8.242930495265183)
2024,CORTE SELETIVO,C51L41,POINT (-61.112584699201044 -8.23862915530376)
2024,CORTE SELETIVO,C51L41,POINT (-61.11304029483435 -8.23768929662206)
2024,CORTE SELETIVO,C51L41,POINT (-61.11473949201436 -8.234886287293746)
2024,CORTE SELETIVO,C51L41,POINT (-61.116380532276786 -8.232890584289231)
2024,CORTE SELETIVO,C51L41,POINT (-61.11523341460442 -8.232697272912388)
2024,CORTE SELETIVO,C51L41,POINT (-61.115654479392674 -8.23210114121984)
2024,CORTE SELETIVO,C51L41,POINT (-61.11657369202657 -8.229943207363464)
2024,CORTE SELETIVO,C51L41,POINT (-61.212718809129264 -8.230275888580403)
2024,CORTE SELETIVO,C51L41,POINT (-61.20448600003591 -8.228427909550192)
2024,CORTE SELETIVO,C51L41,POINT (-61.19128600856024 -8.178635483008645)
2024,CORTE SELETIVO,C51L41,POINT (-61.17096707045021 -8.173251676266668)
2024,CORTE SELETIVO,C51L41,POINT (-61.19537073041341 -8.18791133163972)
2024,CORTE SELETIVO,C51L41,POINT (-61.187319435954905 -8.185465945728842)
2024,CORTE SELETIVO,C51L41,POINT (-61.18700531999237 -8.184009213815532)
2024,CORTE SELETIVO,C51L41,POINT (-61.18535441484309 -8.184039067275908)
2024,CORTE SELETIVO,C51L41,POINT (-61.18529193916772 -8.183704702202316)
2024,CORTE SELETIVO,C51L41,POINT (-61.18234826114276 -8.183912375024805)
2024,CORTE SELETIVO,C51L41,POINT (-61.1810504963728 -8.182986180302622)
2024,CORTE SELETIVO,C51L41,POINT (-61.18304701653355 -8.1827867602892)
2024,CORTE SELETIVO,C51L41,POINT (-61.18322200795047 -8.182797272216702)
2024,CORTE SELETIVO,C51L41,POINT (-61.182103352951174 -8.182656464504065)
2024,CORTE SELETIVO,C51L41,POINT (-61.18427687203098 -8.182390664383929)
2024,CORTE SELETIVO,C51L41,POINT (-61.183852454675964 -8.182221791718801)
2024,CORTE SELETIVO,C51L41,POINT (-61.1823986475041 -8.182045683716483)
2024,CORTE SELETIVO,C51L41,POINT (-61.16003424545411 -8.247575666518129)
2024,CORTE SELETIVO,C51L41,POINT (-61.113223906369875 -8.237369429004156)
2024,CORTE SELETIVO,C51L41,POINT (-61.23038316054627 -8.246657201528874)
2024,CORTE SELETIVO,C51L41,POINT (-61.219049095826634 -8.2425765575022)
2024,CORTE SELETIVO,C51L41,POINT (-61.223329448961124 -8.24071157471176)
2024,CORTE SELETIVO,C51L41,POINT (-61.2102529040836 -8.232297340407284)
2024,CORTE SELETIVO,C51L41,POINT (-61.21014332317104 -8.23193484053157)
2024,CORTE SELETIVO,C51L41,POINT (-61.20448541150596 -8.228351021101558)
2024,CORTE SELETIVO,C51L41,POINT (-61.18891193283942 -8.18297500419597)
2024,CORTE SELETIVO,C51L41,POINT (-61.18691757672223 -8.18526892089777)
2024,CORTE SELETIVO,C51L41,POINT (-61.185753749721805 -8.185298158505969)
2024,CORTE SELETIVO,C51L41,POINT (-61.18748393392144 -8.184448447948931)
2024,CORTE SELETIVO,C51L41,POINT (-61.187138361880955 -8.184311708652604)
2024,CORTE SELETIVO,C51L41,POINT (-61.18667286851759 -8.184161427750691)
2024,CORTE SELETIVO,C51L41,POINT (-61.18592565184441 -8.184126102076698)
2024,CORTE SELETIVO,C51L41,POINT (-61.18644500970952 -8.184022343599153)
2024,CORTE SELETIVO,C51L41,POINT (-61.18548365029906 -8.183745137853458)
2024,CORTE SELETIVO,C51L41,POINT (-61.18562781589788 -8.183086167779198)
2024,CORTE SELETIVO,C51L41,POINT (-61.18223205716706 -8.184019687668934)
2024,CORTE SELETIVO,C51L41,POINT (-61.18453679524788 -8.183516772790023)
2024,CORTE SELETIVO,C51L41,POINT (-61.18113565016801 -8.183211001403711)
2024,CORTE SELETIVO,C51L41,POINT (-61.18122906796255 -8.18313326135141)
2024,CORTE SELETIVO,C51L41,POINT (-61.1841488231794 -8.182873795366392)
2024,CORTE SELETIVO,C51L41,POINT (-61.18204597499421 -8.182758964371493)
2024,CORTE SELETIVO,C51L41,POINT (-61.183479161503406 -8.182258194216757)
2024,CORTE SELETIVO,C51L41,POINT (-61.16054290752779 -8.24939171459745)
2024,CORTE SELETIVO,C51L41,POINT (-61.16004132529691 -8.249243138557858)
2024,CORTE SELETIVO,C51L41,POINT (-61.16048852675673 -8.247345219644163)
2024,CORTE SELETIVO,C51L41,POINT (-61.16657830277246 -8.246578900696708)
2024,CORTE SELETIVO,C51L41,POINT (-61.16562196480897 -8.24438952438179)
2024,CORTE SELETIVO,C51L41,POINT (-61.166092116856206 -8.24383562508983)
2024,CORTE SELETIVO,C51L41,POINT (-61.111492972011945 -8.242912410133089)
2024,CORTE SELETIVO,C51L41,POINT (-61.16069000087657 -8.241336906690767)
2024,CORTE SELETIVO,C51L41,POINT (-61.200707318747185 -8.244197187702822)
2024,CORTE SELETIVO,C51L41,POINT (-61.22101983478571 -8.235226952441355)
2024,CORTE SELETIVO,C51L41,POINT (-61.17275587144544 -8.19976396580657)
2024,CORTE SELETIVO,C51L41,POINT (-61.183359891985 -8.184679726717187)
2024,CORTE SELETIVO,C51L41,POINT (-61.224355199646624 -8.247022887508383)
2024,CORTE SELETIVO,C51L41,POINT (-61.23020786541852 -8.246657903912645)
2024,CORTE SELETIVO,C51L41,POINT (-61.21052752455391 -8.241712569460747)
2024,CORTE SELETIVO,C51L41,POINT (-61.222105421912936 -8.240208974532688)
2024,CORTE SELETIVO,C51L41,POINT (-61.23135126966404 -8.240013053141432)
2024,CORTE SELETIVO,C51L41,POINT (-61.23029089542321 -8.237697327586055)
2024,CORTE SELETIVO,C51L41,POINT (-61.21908035587564 -8.237681203908561)
2024,CORTE SELETIVO,C51L41,POINT (-61.222620012526086 -8.236946714822087)
2024,CORTE SELETIVO,C51L41,POINT (-61.221676115296134 -8.23579200123161)
2024,CORTE SELETIVO,C51L41,POINT (-61.20579552122605 -8.235428235177972)
2024,CORTE SELETIVO,C51L41,POINT (-61.22416366927119 -8.235342956134373)
2024,CORTE SELETIVO,C51L41,POINT (-61.21944051833888 -8.235009736160032)
2024,CORTE SELETIVO,C51L41,POINT (-61.210162592443595 -8.234904508080929)
2024,CORTE SELETIVO,C51L41,POINT (-61.199096438585606 -8.234574491225995)
2024,CORTE SELETIVO,C51L41,POINT (-61.214826593066796 -8.234564357152196)
2024,CORTE SELETIVO,C51L41,POINT (-61.219261465364625 -8.234591296251729)
2024,CORTE SELETIVO,C51L41,POINT (-61.21636742105911 -8.234355849150948)
2024,CORTE SELETIVO,C51L41,POINT (-61.199116451551426 -8.234253986642608)
2024,CORTE SELETIVO,C51L41,POINT (-61.205615213614834 -8.234176037583586)
2024,CORTE SELETIVO,C51L41,POINT (-61.20729137820275 -8.234002545231506)
2024,CORTE SELETIVO,C51L41,POINT (-61.206177238946495 -8.23392097923578)
2024,CORTE SELETIVO,C51L41,POINT (-61.20720322193224 -8.233813161186832)
2024,CORTE SELETIVO,C51L41,POINT (-61.21348250064278 -8.233626976225716)
2024,CORTE SELETIVO,C51L41,POINT (-61.223324375993094 -8.233499935892265)
2024,CORTE SELETIVO,C51L41,POINT (-61.20561291307999 -8.233138116508893)
2024,CORTE SELETIVO,C51L41,POINT (-61.20545301276057 -8.232980576441575)
2024,CORTE SELETIVO,C51L41,POINT (-61.22252835570786 -8.232342597110584)
2024,CORTE SELETIVO,C51L41,POINT (-61.221987880409706 -8.232203870309153)
2024,CORTE SELETIVO,C51L41,POINT (-61.222140290371726 -8.232227615870856)
2024,CORTE SELETIVO,C51L41,POINT (-61.22263575947341 -8.232213993208884)
2024,CORTE SELETIVO,C51L41,POINT (-61.225580395452155 -8.232291594965513)
2024,CORTE SELETIVO,C51L41,POINT (-61.20873514741302 -8.232131735894907)
2024,CORTE SELETIVO,C51L41,POINT (-61.22540668834431 -8.229823489275853)
2024,CORTE SELETIVO,C51L41,POINT (-61.19512253486548 -8.239826001274826)
2024,CORTE SELETIVO,C51L41,POINT (-61.18931018140403 -8.187943095545506)
2024,CORTE SELETIVO,C51L41,POINT (-61.18733673417083 -8.184484542360408)
2024,CORTE SELETIVO,C51L41,POINT (-61.187309654416495 -8.184241164136385)
2024,CORTE SELETIVO,C51L41,POINT (-61.18452802328009 -8.185976606414027)
2024,CORTE SELETIVO,C51L41,POINT (-61.18355243877448 -8.185134196150994)
2024,CORTE SELETIVO,C51L41,POINT (-61.18276843069995 -8.184346526662654)
2024,CORTE SELETIVO,C51L41,POINT (-61.182432256782874 -8.184282909348832)
2024,CORTE SELETIVO,C51L41,POINT (-61.185828379371785 -8.18429676542516)
2024,CORTE SELETIVO,C51L41,POINT (-61.186860040464424 -8.184101925772827)
2024,CORTE SELETIVO,C51L41,POINT (-61.18235342624133 -8.184092106805666)
2024,CORTE SELETIVO,C51L41,POINT (-61.186344227824456 -8.18404716925224)
2024,CORTE SELETIVO,C51L41,POINT (-61.18618659557271 -8.1840126458555)
2024,CORTE SELETIVO,C51L41,POINT (-61.182280033571445 -8.18394036165791)
2024,CORTE SELETIVO,C51L41,POINT (-61.18522098006472 -8.183527284108987)
2024,CORTE SELETIVO,C51L41,POINT (-61.18541288080272 -8.1831712674833)
2024,CORTE SELETIVO,C51L41,POINT (-61.18088270441631 -8.182872150463353)
2024,CORTE SELETIVO,C51L41,POINT (-61.18219149713289 -8.182765475373326)
2024,CORTE SELETIVO,C51L41,POINT (-61.18457394795497 -8.18259312647626)
2024,CORTE SELETIVO,C51L41,POINT (-61.183157326974616 -8.182356392778354)
2024,CORTE SELETIVO,C51L41,POINT (-61.18112488730014 -8.182244688405403)
2024,CORTE SELETIVO,C51L41,POINT (-61.16369505249609 -8.248962223527707)
2024,CORTE SELETIVO,C51L41,POINT (-61.15940369196885 -8.248867991426906)
2024,CORTE SELETIVO,C51L41,POINT (-61.16300992665255 -8.248777260296906)
2024,CORTE SELETIVO,C51L41,POINT (-61.16014016264737 -8.248390369359376)
2024,CORTE SELETIVO,C51L41,POINT (-61.160108572596414 -8.247807378094212)
2024,CORTE SELETIVO,C51L41,POINT (-61.16454975053701 -8.247601849230705)
2024,CORTE SELETIVO,C51L41,POINT (-61.16576141365934 -8.24431724166969)
2024,CORTE SELETIVO,C51L41,POINT (-61.15538218994382 -8.244267114037513)
2024,CORTE SELETIVO,C51L41,POINT (-61.165582801657244 -8.243793035606027)
2024,CORTE SELETIVO,C51L41,POINT (-61.15765843083986 -8.243660696130036)
2024,CORTE SELETIVO,C51L41,POINT (-61.16757272999932 -8.243109983186367)
2024,CORTE SELETIVO,C51L41,POINT (-61.161272925049225 -8.242303144976196)
2024,CORTE SELETIVO,C51L41,POINT (-61.16114989621682 -8.242181026189098)
2024,CORTE SELETIVO,C51L41,POINT (-61.160259572056596 -8.241969944616894)
2024,CORTE SELETIVO,C51L41,POINT (-61.160744958374046 -8.241176565118474)
2024,CORTE SELETIVO,C51L41,POINT (-61.171349381235984 -8.1981501444796)
2024,CORTE SELETIVO,C51L41,POINT (-61.105822208495795 -8.23751738349578)
2024,CORTE SELETIVO,C51L41,POINT (-61.11293424991466 -8.237374433822627)
2024,CORTE SELETIVO,C51L41,POINT (-61.114796288447295 -8.235049974274212)
2024,CORTE SELETIVO,C51L41,POINT (-61.116702269778095 -8.230665585008076)
2024,CORTE SELETIVO,C51L41,POINT (-61.11812648436352 -8.227272917989362)
2024,CORTE SELETIVO,C51L41,POINT (-61.11911722407997 -8.222758087232702)
2024,CORTE SELETIVO,C51L41,POINT (-61.11921110645404 -8.221949119626748)
2024,CORTE SELETIVO,C51L41,POINT (-61.210384343364424 -8.244653539175337)
2024,CORTE SELETIVO,C51L41,POINT (-61.21606245861199 -8.24225484321848)
2024,CORTE SELETIVO,C51L41,POINT (-61.22222079904263 -8.240059467164143)
2024,CORTE SELETIVO,C51L41,POINT (-61.222992026757126 -8.23671979889038)
2024,CORTE SELETIVO,C51L41,POINT (-61.220942894441926 -8.235536601362186)
2024,CORTE SELETIVO,C51L41,POINT (-61.219565778448526 -8.234730510952724)
2024,CORTE SELETIVO,C51L41,POINT (-61.21969639728061 -8.234636924776533)
2024,CORTE SELETIVO,C51L41,POINT (-61.227897548707624 -8.234547325724115)
2024,CORTE SELETIVO,C51L41,POINT (-61.22117682121639 -8.232616138702875)
2024,CORTE SELETIVO,C51L41,POINT (-61.210238532782256 -8.232081789397744)
2024,CORTE SELETIVO,C51L41,POINT (-61.2216645383868 -8.231077666763719)
2024,CORTE SELETIVO,C51L41,POINT (-61.21429239339807 -8.22987910670371)
2024,CORTE SELETIVO,C51L41,POINT (-61.223019717513836 -8.229216469944905)
2024,CORTE SELETIVO,C51L41,POINT (-61.22281895036996 -8.22902428444258)
2024,CORTE SELETIVO,C51L41,POINT (-61.20705484275647 -8.245772319727175)
2024,CORTE SELETIVO,C51L41,POINT (-61.20103130873024 -8.244500338571852)
2024,CORTE SELETIVO,C51L41,POINT (-61.20070293770696 -8.244384135649423)
2024,CORTE SELETIVO,C51L41,POINT (-61.2006676319976 -8.24428115917756)
2024,CORTE SELETIVO,C51L41,POINT (-61.2010121724783 -8.244075299541548)
2024,CORTE SELETIVO,C51L41,POINT (-61.20462861227837 -8.235233937076833)
2024,CORTE SELETIVO,C51L41,POINT (-61.1992848420984 -8.234173464259309)
2024,CORTE SELETIVO,C51L41,POINT (-61.207444785021806 -8.233691055166018)
2024,CORTE SELETIVO,C51L41,POINT (-61.20749583103226 -8.233338375875519)
2024,CORTE SELETIVO,C51L41,POINT (-61.20346061934958 -8.230351568216358)
2024,CORTE SELETIVO,C51L41,POINT (-61.203630810357 -8.230200169794593)
2024,CORTE SELETIVO,C51L41,POINT (-61.19421816866223 -8.180939019994552)
2024,CORTE SELETIVO,C51L41,POINT (-61.18489778332584 -8.186163209537781)
2024,CORTE SELETIVO,C51L41,POINT (-61.181064276402104 -8.182894348986792)
2024,CORTE SELETIVO,C51L41,POINT (-61.180815114153134 -8.182511624290779)
2024,CORTE SELETIVO,C51L41,POINT (-61.182722136442074 -8.181752400981175)
2024,CORTE SELETIVO,C51L41,POINT (-61.18545025500682 -8.177171175915193)
2024,CORTE SELETIVO,C51L41,POINT (-61.187901487307535 -8.176890544668137)
2024,CORTE SELETIVO,C51L41,POINT (-61.183835620349846 -8.174632015010658)
2024,CORTE SELETIVO,C51L41,POINT (-61.17860482621075 -8.170911167610424)
2024,CORTE SELETIVO,C51L41,POINT (-61.16454015549143 -8.245302953333072)
2024,CORTE SELETIVO,C51L41,POINT (-61.164548083239616 -8.245104568134675)
2024,CORTE SELETIVO,C51L41,POINT (-61.1647053115093 -8.245141335511914)
2024,CORTE SELETIVO,C51L41,POINT (-61.160304323467386 -8.243592666562595)
2024,CORTE SELETIVO,C51L41,POINT (-61.16052482236447 -8.242568055275125)
2024,CORTE SELETIVO,C51L41,POINT (-61.16074800772101 -8.24242522697581)
2024,CORTE SELETIVO,C51L41,POINT (-61.16044772821649 -8.242424691152342)
2024,CORTE SELETIVO,C51L41,POINT (-61.16072199836972 -8.241086157658234)
2024,CORTE SELETIVO,C51L41,POINT (-61.16063636789389 -8.24085235262132)
2024,CORTE SELETIVO,C51L41,POINT (-61.16055646338255 -8.239994515908132)
2024,CORTE SELETIVO,C51L41,POINT (-61.176136902858815 -8.21434666596713)
2024,CORTE SELETIVO,C51L41,POINT (-61.17627965740104 -8.213665861969998)
2024,CORTE SELETIVO,C51L41,POINT (-61.17386265672362 -8.175922009212332)
2024,CORTE SELETIVO,C51L41,POINT (-61.17363047846917 -8.174018480569163)
2024,CORTE SELETIVO,C51L41,POINT (-61.17175130131374 -8.171542362147305)
2024,CORTE SELETIVO,C51L41,POINT (-61.16010106753871 -8.249533444512098)
2024,CORTE SELETIVO,C51L41,POINT (-61.16039472873069 -8.249131321401045)
2024,CORTE SELETIVO,C51L41,POINT (-61.160364922224275 -8.245311952782112)
2024,CORTE SELETIVO,C51L41,POINT (-61.14860958863937 -8.242724150727991)
2024,CORTE SELETIVO,C51L41,POINT (-61.10821385230551 -8.238158381180552)
2024,CORTE SELETIVO,C51L41,POINT (-61.10576335114896 -8.237579395451224)
2024,CORTE SELETIVO,C51L41,POINT (-61.11311425194217 -8.23702890943721)
2024,CORTE SELETIVO,C51L41,POINT (-61.114861128099285 -8.234598787238786)
2024,CORTE SELETIVO,C51L41,POINT (-61.117582032878786 -8.23343791679427)
2024,CORTE SELETIVO,C51L41,POINT (-61.10638448589866 -8.233155792695788)
2024,CORTE SELETIVO,C51L41,POINT (-61.11726541864777 -8.233102795101626)
2024,CORTE SELETIVO,C51L41,POINT (-61.11640981144016 -8.232312077231201)
2024,CORTE SELETIVO,C51L41,POINT (-61.11644379600362 -8.231078291296706)
2024,CORTE SELETIVO,C51L41,POINT (-61.19948221929748 -8.234250201213424)
2024,CORTE SELETIVO,C51L41,POINT (-61.212510784376505 -8.23025048484266)
2024,CORTE SELETIVO,C51L41,POINT (-61.20280421092582 -8.228441369681509)
2024,CORTE SELETIVO,C51L41,POINT (-61.18392787348994 -8.1855625870542)
2024,CORTE SELETIVO,C51L41,POINT (-61.18550025166887 -8.177146683209141)
2024,CORTE SELETIVO,C51L41,POINT (-61.18484059725491 -8.17695043618525)
2024,CORTE SELETIVO,C51L41,POINT (-61.183815497620834 -8.174712165582568)
2024,CORTE SELETIVO,C51L41,POINT (-61.16013962407353 -8.249642096895176)
2024,CORTE SELETIVO,C51L41,POINT (-61.16012577018063 -8.249444704433545)
2024,CORTE SELETIVO,C51L41,POINT (-61.14598892809927 -8.248735263054364)
2024,CORTE SELETIVO,C51L41,POINT (-61.159224967172776 -8.245489493811416)
2024,CORTE SELETIVO,C51L41,POINT (-61.10969887256769 -8.239877333419416)
2024,CORTE SELETIVO,C51L41,POINT (-61.113083084983664 -8.23670868057251)
2024,CORTE SELETIVO,C51L41,POINT (-61.10590135941682 -8.23606976260839)
2024,CORTE SELETIVO,C51L41,POINT (-61.11461309732114 -8.234543968454888)
2024,CORTE SELETIVO,C51L41,POINT (-61.172421809789356 -8.199217794389545)
2024,CORTE SELETIVO,C51L41,POINT (-61.22919435367092 -8.249099730867458)
2024,CORTE SELETIVO,C51L41,POINT (-61.23045921165663 -8.246754664143257)
2024,CORTE SELETIVO,C51L41,POINT (-61.22753620200565 -8.24656390348064)
2024,CORTE SELETIVO,C51L41,POINT (-61.23006581977036 -8.245121870600979)
2024,CORTE SELETIVO,C51L41,POINT (-61.226445291574706 -8.242599456830067)
2024,CORTE SELETIVO,C51L41,POINT (-61.23116720707238 -8.240672786230439)
2024,CORTE SELETIVO,C51L41,POINT (-61.22762286298858 -8.236265463213947)
2024,CORTE SELETIVO,C51L41,POINT (-61.21449660651572 -8.235404631464625)
2024,CORTE SELETIVO,C51L41,POINT (-61.219716373693316 -8.235083735084391)
2024,CORTE SELETIVO,C51L41,POINT (-61.21364538304777 -8.234924424852485)
2024,CORTE SELETIVO,C51L41,POINT (-61.22768978007959 -8.233584744448786)
2024,CORTE SELETIVO,C51L41,POINT (-61.22242531845033 -8.232561103205342)
2024,CORTE SELETIVO,C51L41,POINT (-61.21739646622341 -8.23240298483682)
2024,CORTE SELETIVO,C51L41,POINT (-61.22576907782002 -8.232281772544022)
2024,CORTE SELETIVO,C51L41,POINT (-61.21423704390084 -8.232137554972061)
2024,CORTE SELETIVO,C51L41,POINT (-61.210816625698776 -8.232106325842041)
2024,CORTE SELETIVO,C51L41,POINT (-61.230669036209456 -8.231997111935481)
2024,CORTE SELETIVO,C51L41,POINT (-61.20819767370883 -8.23191470858907)
2024,CORTE SELETIVO,C51L41,POINT (-61.22441307549306 -8.228834142779455)
2024,CORTE SELETIVO,C51L41,POINT (-61.224634016969446 -8.228600964946397)
2024,CORTE SELETIVO,C51L41,POINT (-61.202310064198905 -8.248316536661939)
2024,CORTE SELETIVO,C51L41,POINT (-61.199836410067405 -8.242223570516801)
2024,CORTE SELETIVO,C51L41,POINT (-61.20518603248679 -8.240487433274996)
2024,CORTE SELETIVO,C51L41,POINT (-61.19915714660597 -8.234745809149256)
2024,CORTE SELETIVO,C51L41,POINT (-61.199327220613846 -8.234574139387552)
2024,CORTE SELETIVO,C51L41,POINT (-61.2051781769932 -8.232917904168161)
2024,CORTE SELETIVO,C51L41,POINT (-61.20214234868025 -8.232877642453314)
2024,CORTE SELETIVO,C51L41,POINT (-61.201895592680195 -8.232715594099986)
2024,CORTE SELETIVO,C51L41,POINT (-61.20476650936383 -8.22868163569581)
2024,CORTE SELETIVO,C51L41,POINT (-61.18877556950804 -8.178123545378188)
2024,CORTE SELETIVO,C51L41,POINT (-61.18441779983017 -8.185920856882356)
2024,CORTE SELETIVO,C51L41,POINT (-61.18464795343847 -8.18588508282469)
2024,CORTE SELETIVO,C51L41,POINT (-61.18586695489023 -8.185492605654915)
2024,CORTE SELETIVO,C51L41,POINT (-61.183708540003884 -8.185325243722794)
2024,CORTE SELETIVO,C51L41,POINT (-61.182699006296076 -8.184598017552908)
2024,CORTE SELETIVO,C51L41,POINT (-61.18738989884771 -8.184321698910919)
2024,CORTE SELETIVO,C51L41,POINT (-61.18207536171784 -8.183965798836)
2024,CORTE SELETIVO,C51L41,POINT (-61.181689541618006 -8.183535154472947)
2024,CORTE SELETIVO,C51L41,POINT (-61.18187528331403 -8.18355790941648)
2024,CORTE SELETIVO,C51L41,POINT (-61.181230764331936 -8.183294471845896)
2024,CORTE SELETIVO,C51L41,POINT (-61.18181141304613 -8.182548157185728)
2024,CORTE SELETIVO,C51L41,POINT (-61.16152299017382 -8.249986593568376)
2024,CORTE SELETIVO,C51L41,POINT (-61.1646411533949 -8.24760015524086)
2024,CORTE SELETIVO,C51L41,POINT (-61.15490343978916 -8.247041792074619)
2024,CORTE SELETIVO,C51L41,POINT (-61.166447521684624 -8.246654632447733)
2024,CORTE SELETIVO,C51L41,POINT (-61.15992577807475 -8.246173616697767)
2024,CORTE SELETIVO,C51L41,POINT (-61.15960417934797 -8.246054456185)
2024,CORTE SELETIVO,C51L41,POINT (-61.16252880057435 -8.24609776515578)
2024,CORTE SELETIVO,C51L41,POINT (-61.15980964470534 -8.246044121347344)
2024,CORTE SELETIVO,C51L41,POINT (-61.159545049493154 -8.2457956431679)
2024,CORTE SELETIVO,C51L41,POINT (-61.16555253596847 -8.24424747297954)
2024,CORTE SELETIVO,C51L41,POINT (-61.160244508346956 -8.243807427577028)
2024,CORTE SELETIVO,C51L41,POINT (-61.16744065589334 -8.243188434258467)
2024,CORTE SELETIVO,C51L41,POINT (-61.16027400863225 -8.242319254133468)
2024,CORTE SELETIVO,C51L41,POINT (-61.1603898576801 -8.242249489283955)
2024,CORTE SELETIVO,C51L41,POINT (-61.16043236629503 -8.239663625265365)
2024,CORTE SELETIVO,C51L41,POINT (-61.160301518685294 -8.239305324858972)
2024,CORTE SELETIVO,C51L41,POINT (-61.14855729043102 -8.24318899648041)
2024,CORTE SELETIVO,C51L41,POINT (-61.185692549478375 -8.177280566713215)
2024,CORTE SELETIVO,C51L41,POINT (-61.10965060934247 -8.239931217105791)
2024,CORTE SELETIVO,C51L41,POINT (-61.18474832130415 -8.176842968676509)
2024,CORTE SELETIVO,C51L41,POINT (-61.21499712032344 -8.248700119436705)
2024,CORTE SELETIVO,C51L41,POINT (-61.23024259993631 -8.246749707817196)
2024,CORTE SELETIVO,C51L41,POINT (-61.216128966506005 -8.242555412987919)
2024,CORTE SELETIVO,C51L41,POINT (-61.21449410772414 -8.241234719618097)
2024,CORTE SELETIVO,C51L41,POINT (-61.21599800122622 -8.24080601973306)
2024,CORTE SELETIVO,C51L41,POINT (-61.22353948967449 -8.236790536549421)
2024,CORTE SELETIVO,C51L41,POINT (-61.22754486875851 -8.23640977859544)
2024,CORTE SELETIVO,C51L41,POINT (-61.22080820350489 -8.235664018547633)
2024,CORTE SELETIVO,C51L41,POINT (-61.21958682206158 -8.235093150475155)
2024,CORTE SELETIVO,C51L41,POINT (-61.22747131349633 -8.233186437167797)
2024,CORTE SELETIVO,C51L41,POINT (-61.20716137075477 -8.232174127289358)
2024,CORTE SELETIVO,C51L41,POINT (-61.219931194434864 -8.231709380015566)
2024,CORTE SELETIVO,C51L41,POINT (-61.199069733626175 -8.234716728339503)
2024,CORTE SELETIVO,C51L41,POINT (-61.199322159271745 -8.234708130651807)
2024,CORTE SELETIVO,C51L41,POINT (-61.199224677100055 -8.23425623866805)
2024,CORTE SELETIVO,C51L41,POINT (-61.20506799386984 -8.23299770404459)
2024,CORTE SELETIVO,C51L41,POINT (-61.18604564435435 -8.183440764212357)
2024,CORTE SELETIVO,C51L41,POINT (-61.18413688475025 -8.182908667745926)
2024,CORTE SELETIVO,C51L41,POINT (-61.18374601705655 -8.182282286199067)
2024,CORTE SELETIVO,C51L41,POINT (-61.183506130611754 -8.182021215928417)
2024,CORTE SELETIVO,C51L41,POINT (-61.1831638809695 -8.174256960728632)
2024,CORTE SELETIVO,C51L41,POINT (-61.16066804678475 -8.249910956792698)
2024,CORTE SELETIVO,C51L41,POINT (-61.15616623046456 -8.245405739642285)
2024,CORTE SELETIVO,C51L41,POINT (-61.160098625043936 -8.243767307314572)
2024,CORTE SELETIVO,C51L41,POINT (-61.160143197780805 -8.24368102775678)
2024,CORTE SELETIVO,C51L41,POINT (-61.16625725098599 -8.242627516606996)
2024,CORTE SELETIVO,C51L41,POINT (-61.16457037951617 -8.241715009057252)
2024,CORTE SELETIVO,C51L41,POINT (-61.16048527947161 -8.241683668268314)
2024,CORTE SELETIVO,C51L41,POINT (-61.160208081256606 -8.239315870040938)
2024,CORTE SELETIVO,C51L41,POINT (-61.18212283684285 -8.182954148724328)
2024,CORTE SELETIVO,C51L41,POINT (-61.18102758441801 -8.182733206809422)
2024,CORTE SELETIVO,C51L41,POINT (-61.18190176925601 -8.182670699687105)
2024,CORTE SELETIVO,C51L41,POINT (-61.107235778636344 -8.238064067036191)
2024,CORTE SELETIVO,C51L41,POINT (-61.10603518899731 -8.236269149489749)
2024,CORTE SELETIVO,C51L41,POINT (-61.114596209073184 -8.234835729034314)
2024,CORTE SELETIVO,C51L41,POINT (-61.220829447903206 -8.235572678261189)
2024,CORTE SELETIVO,C51L41,POINT (-61.22096913750157 -8.235462624510017)
2024,CORTE SELETIVO,C51L41,POINT (-61.21430991072866 -8.229835045685988)
2024,CORTE SELETIVO,C51L41,POINT (-61.203124800019694 -8.228478046044549)
2024,CORTE SELETIVO,C51L41,POINT (-61.14571159062555 -8.248864764676926)
2024,CORTE SELETIVO,C51L41,POINT (-61.15933229108267 -8.245429252764438)
2024,CORTE SELETIVO,C51L41,POINT (-61.10954994132449 -8.239717015990728)
2024,CORTE SELETIVO,C51L41,POINT (-61.10619848591848 -8.23625034562527)
2024,CORTE SELETIVO,C51L41,POINT (-61.21437913220025 -8.229989833586714)
2024,CORTE SELETIVO,C51L41,POINT (-61.22091506358012 -8.235374799861068)
2024,CORTE SELETIVO,C51L41,POINT (-61.199277982701034 -8.234663130430423)
2024,CORTE SELETIVO,C51L41,POINT (-61.19452383717363 -8.182676190769886)
2024,CORTE SELETIVO,C51L41,POINT (-61.15971635708405 -8.245899124172356)
2024,CORTE SELETIVO,C51L41,POINT (-61.10615811396328 -8.236346320817432)
2024,CORTE SELETIVO,C51L41,POINT (-61.185201869164366 -8.176917229173213)
2024,CORTE SELETIVO,C51L41,POINT (-61.21270050828097 -8.230304782233624)
2024,CORTE SELETIVO,C51L41,POINT (-61.19213904022673 -8.17865133715973)
2024,CORTE SELETIVO,C51L41,POINT (-61.159344735234754 -8.24527284125967)
2024,CORTE SELETIVO,C51L41,POINT (-61.221726208335966 -8.240730937468603)
2024,CORTE SELETIVO,C51L41,POINT (-61.22052671248021 -8.239946346801892)
2024,CORTE SELETIVO,C51L41,POINT (-61.21634251329411 -8.239738048645142)
2024,CORTE SELETIVO,C51L41,POINT (-61.20963829227931 -8.239101879815793)
2024,CORTE SELETIVO,C51L41,POINT (-61.2101128884363 -8.239048477577175)
2024,CORTE SELETIVO,C51L41,POINT (-61.22761712148318 -8.236495121171588)
2024,CORTE SELETIVO,C51L41,POINT (-61.22757799037214 -8.233562949105877)
2024,CORTE SELETIVO,C51L41,POINT (-61.22776616334272 -8.232568792284761)
2024,CORTE SELETIVO,C51L41,POINT (-61.21716405546839 -8.23242059993521)
2024,CORTE SELETIVO,C51L41,POINT (-61.21695464205774 -8.232338173495426)
2024,CORTE SELETIVO,C51L41,POINT (-61.20571200866487 -8.232968658532853)
2024,CORTE SELETIVO,C51L41,POINT (-61.20530062021634 -8.232922895950104)
2024,CORTE SELETIVO,C51L41,POINT (-61.201927432573626 -8.232728630959581)
2024,CORTE SELETIVO,C51L41,POINT (-61.19922871711014 -8.234773168308697)
2024,CORTE SELETIVO,C51L41,POINT (-61.199075023560034 -8.234692819226334)
2024,CORTE SELETIVO,C51L41,POINT (-61.19953291828163 -8.234540224247784)
2024,CORTE SELETIVO,C51L41,POINT (-61.18114751901639 -8.182918141465965)
2024,CORTE SELETIVO,C51L41,POINT (-61.183370673151636 -8.174565113231832)
2024,CORTE SELETIVO,C51L41,POINT (-61.16008034125643 -8.249562192162259)
2024,CORTE SELETIVO,C51L41,POINT (-61.160065669023474 -8.247766505086613)
2024,CORTE SELETIVO,C51L41,POINT (-61.160128225806204 -8.24637763845726)
2024,CORTE SELETIVO,C51L41,POINT (-61.15471054355889 -8.246398144536105)
2024,CORTE SELETIVO,C51L41,POINT (-61.153257255620545 -8.246364819060574)
2024,CORTE SELETIVO,C51L41,POINT (-61.164869089631246 -8.24539399702768)
2024,CORTE SELETIVO,C51L41,POINT (-61.16022480309755 -8.24428181982399)
2024,CORTE SELETIVO,C51L41,POINT (-61.16009514071442 -8.244129095584777)
2024,CORTE SELETIVO,C51L41,POINT (-61.16004438822579 -8.24396243841705)
2024,CORTE SELETIVO,C51L41,POINT (-61.157647633596525 -8.243720522900466)
2024,CORTE SELETIVO,C51L41,POINT (-61.16035393065133 -8.242346801886338)
2024,CORTE SELETIVO,C51L41,POINT (-61.16032625454223 -8.24165626546115)
2024,CORTE SELETIVO,C51L41,POINT (-61.1178990522865 -8.230642580818762)
2024,CORTE SELETIVO,C51L41,POINT (-61.111667148786985 -8.241653388104353)
2024,CORTE SELETIVO,C51L41,POINT (-61.112457599961246 -8.238845166900388)
2024,CORTE SELETIVO,C51L41,POINT (-61.112549941228956 -8.238786475972303)
2024,CORTE SELETIVO,C51L41,POINT (-61.11310487524999 -8.237682020763893)
2024,CORTE SELETIVO,C51L41,POINT (-61.10584573350321 -8.237430751951841)
2024,CORTE SELETIVO,C51L41,POINT (-61.113157686256436 -8.23716138607421)
2024,CORTE SELETIVO,C51L41,POINT (-61.11475373744572 -8.235132933123637)
2024,CORTE SELETIVO,C51L41,POINT (-61.114548755625975 -8.234903321500312)
2024,CORTE SELETIVO,C51L41,POINT (-61.10411323197329 -8.232734341172208)
2024,CORTE SELETIVO,C51L41,POINT (-61.116728463860646 -8.230768610206693)
2024,CORTE SELETIVO,C51L41,POINT (-61.11573684000526 -8.230260458853612)
2024,CORTE SELETIVO,C51L41,POINT (-61.11670802083378 -8.229977933062491)
2024,CORTE SELETIVO,C51L41,POINT (-61.20712106854142 -8.23387511731189)
2024,CORTE SELETIVO,C51L41,POINT (-61.20332269850594 -8.229553076766736)
2024,CORTE SELETIVO,C51L41,POINT (-61.10967741885148 -8.239754341003367)
2024,CORTE SELETIVO,C51L41,POINT (-61.19524927956101 -8.187997897507838)
2024,CORTE SELETIVO,C51L41,POINT (-61.10603767010319 -8.236142512418196)
2024,CORTE SELETIVO,C51L41,POINT (-61.17588359458061 -8.179101679209543)
2024,CORTE SELETIVO,C51L41,POINT (-61.21976189139467 -8.244578772436567)
2024,CORTE SELETIVO,C51L41,POINT (-61.224298059820484 -8.24412405456037)
2024,CORTE SELETIVO,C51L41,POINT (-61.21616782130227 -8.24289299747003)
2024,CORTE SELETIVO,C51L41,POINT (-61.2162781271239 -8.24222138259424)
2024,CORTE SELETIVO,C51L41,POINT (-61.21661556941372 -8.24159269562523)
2024,CORTE SELETIVO,C51L41,POINT (-61.222326949678816 -8.24015332842541)
2024,CORTE SELETIVO,C51L41,POINT (-61.224042839932174 -8.24006969026762)
2024,CORTE SELETIVO,C51L41,POINT (-61.21037816606167 -8.23912034523051)
2024,CORTE SELETIVO,C51L41,POINT (-61.22309804505894 -8.23693163448577)
2024,CORTE SELETIVO,C51L41,POINT (-61.22781146527098 -8.236276889441847)
2024,CORTE SELETIVO,C51L41,POINT (-61.21570549536459 -8.236050915453164)
2024,CORTE SELETIVO,C51L41,POINT (-61.21956637157416 -8.235179176300493)
2024,CORTE SELETIVO,C51L41,POINT (-61.22037019763153 -8.235009519356863)
2024,CORTE SELETIVO,C51L41,POINT (-61.212913137537996 -8.234984955296136)
2024,CORTE SELETIVO,C51L41,POINT (-61.219629776860415 -8.234727554927916)
2024,CORTE SELETIVO,C51L41,POINT (-61.2137940836266 -8.234183112538968)
2024,CORTE SELETIVO,C51L41,POINT (-61.213675775217915 -8.233738999547036)
2024,CORTE SELETIVO,C51L41,POINT (-61.21728287679898 -8.232473647426382)
2024,CORTE SELETIVO,C51L41,POINT (-61.215699422191584 -8.232360721735096)
2024,CORTE SELETIVO,C51L41,POINT (-61.22218620672578 -8.23236433989459)
2024,CORTE SELETIVO,C51L41,POINT (-61.21733241884786 -8.232319143195907)
2024,CORTE SELETIVO,C51L41,POINT (-61.21688280876959 -8.231904315133137)
2024,CORTE SELETIVO,C51L41,POINT (-61.22143837079971 -8.230903945640122)
2024,CORTE SELETIVO,C51L41,POINT (-61.22348901108821 -8.230600409745174)
2024,CORTE SELETIVO,C51L41,POINT (-61.21260650653 -8.230399116279814)
2024,CORTE SELETIVO,C51L41,POINT (-61.22322779536806 -8.229548931539835)
2024,CORTE SELETIVO,C51L41,POINT (-61.21636719683355 -8.229032165908217)
2024,CORTE SELETIVO,C51L41,POINT (-61.21008936541164 -8.232062912860787)
2024,CORTE SELETIVO,C51L41,POINT (-61.20970164214113 -8.228924230436588)
2024,CORTE SELETIVO,C51L41,POINT (-61.20455676045499 -8.247384058256333)
2024,CORTE SELETIVO,C51L41,POINT (-61.2040309834907 -8.247428341286)
2024,CORTE SELETIVO,C51L41,POINT (-61.207045582193444 -8.24566394792872)
2024,CORTE SELETIVO,C51L41,POINT (-61.20354347646745 -8.244501235172553)
2024,CORTE SELETIVO,C51L41,POINT (-61.2050707723937 -8.240593003757857)
2024,CORTE SELETIVO,C51L41,POINT (-61.201957516725166 -8.238360517193957)
2024,CORTE SELETIVO,C51L41,POINT (-61.20472454609118 -8.235031704297429)
2024,CORTE SELETIVO,C51L41,POINT (-61.19958689628818 -8.234703235286664)
2024,CORTE SELETIVO,C51L41,POINT (-61.20590434163426 -8.232964475995033)
2024,CORTE SELETIVO,C51L41,POINT (-61.201187421289724 -8.232783009643029)
2024,CORTE SELETIVO,C51L41,POINT (-61.20465523106876 -8.228611659864127)
2024,CORTE SELETIVO,C51L41,POINT (-61.19511056111175 -8.239923031251257)
2024,CORTE SELETIVO,C51L41,POINT (-61.19941853560027 -8.234539745515786)
2024,CORTE SELETIVO,C51L41,POINT (-61.19915608222809 -8.234105509082196)
2024,CORTE SELETIVO,C51L41,POINT (-61.19899607121993 -8.234112141336809)
2024,CORTE SELETIVO,C51L41,POINT (-61.18890599714092 -8.176532980238372)
2024,CORTE SELETIVO,C51L41,POINT (-61.17659356546287 -8.214365854364958)
2024,CORTE SELETIVO,C51L41,POINT (-61.176434445082826 -8.214195785462014)
2024,CORTE SELETIVO,C51L41,POINT (-61.18101370970995 -8.182281284601263)
2024,CORTE SELETIVO,C51L41,POINT (-61.18306265375928 -8.182075891134096)
2024,CORTE SELETIVO,C51L41,POINT (-61.18176743154818 -8.181852022921646)
2024,CORTE SELETIVO,C51L41,POINT (-61.18191706890331 -8.181847336109177)
2024,CORTE SELETIVO,C51L41,POINT (-61.183096587663364 -8.181753842153924)
2024,CORTE SELETIVO,C51L41,POINT (-61.181955167562705 -8.181597962604554)
2024,CORTE SELETIVO,C51L41,POINT (-61.18274817211248 -8.18152116642181)
2024,CORTE SELETIVO,C51L41,POINT (-61.17797519229724 -8.179083634978529)
2024,CORTE SELETIVO,C51L41,POINT (-61.183518413832644 -8.175652834554628)
2024,CORTE SELETIVO,C51L41,POINT (-61.185514772199525 -8.175384824755811)
2024,CORTE SELETIVO,C51L41,POINT (-61.17509321886684 -8.175336551859075)
2024,CORTE SELETIVO,C51L41,POINT (-61.185605762274456 -8.17520270986925)
2024,CORTE SELETIVO,C51L41,POINT (-61.18442581093199 -8.173994896013706)
2024,CORTE SELETIVO,C51L41,POINT (-61.176072119242846 -8.173190476422358)
2024,CORTE SELETIVO,C51L41,POINT (-61.18688636695374 -8.170389181554423)
2024,CORTE SELETIVO,C51L41,POINT (-61.187096545472336 -8.170290759685937)
2024,CORTE SELETIVO,C51L41,POINT (-61.16053643789117 -8.249715325590909)
2024,CORTE SELETIVO,C51L41,POINT (-61.16018268165124 -8.248911185704761)
2024,CORTE SELETIVO,C51L41,POINT (-61.16019552683587 -8.248484983154256)
2024,CORTE SELETIVO,C51L41,POINT (-61.160477188428565 -8.24747429083486)
2024,CORTE SELETIVO,C51L41,POINT (-61.144225561348414 -8.247247748081463)
2024,CORTE SELETIVO,C51L41,POINT (-61.15515827738709 -8.24696896124031)
2024,CORTE SELETIVO,C51L41,POINT (-61.16030093419393 -8.245907012559849)
2024,CORTE SELETIVO,C51L41,POINT (-61.16515007165096 -8.2453668671659)
2024,CORTE SELETIVO,C51L41,POINT (-61.159434084224095 -8.245275351976947)
2024,CORTE SELETIVO,C51L41,POINT (-61.16455101531 -8.245082127639973)
2024,CORTE SELETIVO,C51L41,POINT (-61.15428747817503 -8.244629511503842)
2024,CORTE SELETIVO,C51L41,POINT (-61.14887297188068 -8.242817790357856)
2024,CORTE SELETIVO,C51L41,POINT (-61.159314559455005 -8.24161681714801)
2024,CORTE SELETIVO,C51L41,POINT (-61.15634737566376 -8.241475196178765)
2024,CORTE SELETIVO,C51L41,POINT (-61.16084515174969 -8.241191073378033)
2024,CORTE SELETIVO,C51L41,POINT (-61.16042434501819 -8.24068553641073)
2024,CORTE SELETIVO,C51L41,POINT (-61.160528883935505 -8.240368453864292)
2024,CORTE SELETIVO,C51L41,POINT (-61.160421327051985 -8.240075415100163)
2024,CORTE SELETIVO,C51L41,POINT (-61.160418155665525 -8.239534648761454)
2024,CORTE SELETIVO,C51L41,POINT (-61.17167370000131 -8.198235680818772)
2024,CORTE SELETIVO,C51L41,POINT (-61.1739006595847 -8.17595803027956)
2024,CORTE SELETIVO,C51L41,POINT (-61.17388182430632 -8.17581919196882)
2024,CORTE SELETIVO,C51L41,POINT (-61.17033656956029 -8.174033209410757)
2024,CORTE SELETIVO,C51L41,POINT (-61.17051520074405 -8.173882960826754)
2024,CORTE SELETIVO,C51L41,POINT (-61.17069161224243 -8.173622334100886)
2024,CORTE SELETIVO,C51L41,POINT (-61.13962782008571 -8.240683237822404)
2024,CORTE SELETIVO,C51L41,POINT (-61.117216640312606 -8.233025691357867)
2024,CORTE SELETIVO,C51L41,POINT (-61.11655823663745 -8.23107161253483)
2024,CORTE SELETIVO,C51L41,POINT (-61.11886151318181 -8.22201630545801)
2024,CORTE SELETIVO,C51L41,POINT (-61.10959241564015 -8.239836662888212)
2024,CORTE SELETIVO,C51L41,POINT (-61.1096511221932 -8.239259453460578)
2024,CORTE SELETIVO,C51L41,POINT (-61.11274990124937 -8.238244848404115)
2024,CORTE SELETIVO,C51L41,POINT (-61.11091885433759 -8.238183067231098)
2024,CORTE SELETIVO,C51L41,POINT (-61.11103936448398 -8.237781823618636)
2024,CORTE SELETIVO,C51L41,POINT (-61.10610639897336 -8.236114728036362)
2024,CORTE SELETIVO,C51L41,POINT (-61.11457079774028 -8.234631820863568)
2024,CORTE SELETIVO,C51L41,POINT (-61.1062155712238 -8.233161967085865)
2024,CORTE SELETIVO,C51L41,POINT (-61.11640858523302 -8.231119817033766)
2024,CORTE SELETIVO,C51L41,POINT (-61.11347700741302 -8.229706993857874)
2024,CORTE SELETIVO,C51L41,POINT (-61.20410723765031 -8.247476339505264)
2024,CORTE SELETIVO,C51L41,POINT (-61.21576292892068 -8.236176832816762)
2024,CORTE SELETIVO,C51L41,POINT (-61.21585968920791 -8.236057116035656)
2024,CORTE SELETIVO,C51L41,POINT (-61.22072398234804 -8.235631473676708)
2024,CORTE SELETIVO,C51L41,POINT (-61.22083145696907 -8.235389981543916)
2024,CORTE SELETIVO,C51L41,POINT (-61.22105853921558 -8.235171042558664)
2024,CORTE SELETIVO,C51L41,POINT (-61.22477817091411 -8.234220952101396)
2024,CORTE SELETIVO,C51L41,POINT (-61.224427531102 -8.2342775468449)
2024,CORTE SELETIVO,C51L41,POINT (-61.22295592649503 -8.230472281391826)
2024,CORTE SELETIVO,C51L41,POINT (-61.2231571196599 -8.230350746801031)
2024,CORTE SELETIVO,C51L41,POINT (-61.213672191786934 -8.228916672258503)
2024,CORTE SELETIVO,C51L41,POINT (-61.203075619650896 -8.22842010030623)
2024,CORTE SELETIVO,C51L41,POINT (-61.17606822382967 -8.214316830845748)
2024,CORTE SELETIVO,C51L41,POINT (-61.173552997313514 -8.193808663624663)
2024,CORTE SELETIVO,C51L41,POINT (-61.19428033925601 -8.182404115725655)
2024,CORTE SELETIVO,C51L41,POINT (-61.17578312973197 -8.179072310294655)
2024,CORTE SELETIVO,C51L41,POINT (-61.18377828468624 -8.174688910313934)
2024,CORTE SELETIVO,C51L41,POINT (-61.10949250095636 -8.239693386654471)
2024,CORTE SELETIVO,C51L41,POINT (-61.11280183726696 -8.2373654081016)
2024,CORTE SELETIVO,C51L41,POINT (-61.096831331639855 -8.232144945036394)
2024,CORTE SELETIVO,C51L41,POINT (-61.097009289542335 -8.23182714914263)
2024,CORTE SELETIVO,C51L41,POINT (-61.17132034621255 -8.198234039444412)
2024,CORTE SELETIVO,C51L41,POINT (-61.22071886694762 -8.23558078086364)
2024,CORTE SELETIVO,C51L41,POINT (-61.20379334741919 -8.241793904724213)
2024,CORTE SELETIVO,C51L41,POINT (-61.19612472073999 -8.240073680723702)
2024,CORTE SELETIVO,C51L41,POINT (-61.224824136262804 -8.234282462849214)
2024,CORTE SELETIVO,C51L41,POINT (-61.17592467314733 -8.214306343407088)
2024,CORTE SELETIVO,C51L41,POINT (-61.19599062827504 -8.187872902141235)
2024,CORTE SELETIVO,C51L41,POINT (-61.18480824786812 -8.176891291812026)
2024,CORTE SELETIVO,C51L41,POINT (-61.10943082347668 -8.239543221609706)
2024,CORTE SELETIVO,C51L41,POINT (-61.17138752201122 -8.198347850674114)
2024,CORTE SELETIVO,C51L41,POINT (-61.17047290991006 -8.175986820930792)
2024,CORTE SELETIVO,C51L41,POINT (-61.2208157460841 -8.235490563093299)
2024,CORTE SELETIVO,C51L41,POINT (-61.18552375230603 -8.177029404777866)
2024,CORTE SELETIVO,C51L41,POINT (-61.18463605299102 -8.175272278256543)
2024,CORTE SELETIVO,C51L41,POINT (-61.22486246728629 -8.234181184824672)
2024,CORTE SELETIVO,C51L41,POINT (-61.20348041495717 -8.228515154059476)
2024,CORTE SELETIVO,C51L41,POINT (-61.19655253889193 -8.186862350767443)
2024,CORTE SELETIVO,C51L41,POINT (-61.186579561912005 -8.171448160180306)
2024,CORTE SELETIVO,C51L41,POINT (-61.10615048273889 -8.236457062308748)
2024,CORTE SELETIVO,C51L41,POINT (-61.18379369570111 -8.174743144784541)
2024,CORTE SELETIVO,C51L41,POINT (-61.20376431526308 -8.241831026410683)
2024,CORTE SELETIVO,C51L41,POINT (-61.22493419041511 -8.234283063115107)
2024,CORTE SELETIVO,C51L41,POINT (-61.18095873189699 -8.182712811389228)
2024,CORTE SELETIVO,C51L41,POINT (-61.185448347416354 -8.17708751117847)
2024,CORTE SELETIVO,C51L41,POINT (-61.16026966451459 -8.249389464181103)
2024,CORTE SELETIVO,C51L41,POINT (-61.10956148171927 -8.239394139541764)
2024,CORTE SELETIVO,C51L41,POINT (-61.105917546120224 -8.236396407489824)
2024,CORTE SELETIVO,C51L41,POINT (-61.17144308963107 -8.198376889764514)
2024,CORTE SELETIVO,C51L41,POINT (-61.20361202618346 -8.24182819770958)
2024,CORTE SELETIVO,C51L41,POINT (-61.18862152471806 -8.178178388407991)
2024,CORTE SELETIVO,C51L41,POINT (-61.18567134126692 -8.177136500011562)
2024,CORTE SELETIVO,C51L41,POINT (-61.17249314345538 -8.199173906072664)
2024,CORTE SELETIVO,C51L41,POINT (-61.164384110840814 -8.24975620280488)
2024,CORTE SELETIVO,C51L41,POINT (-61.16085778483379 -8.24948466028098)
2024,CORTE SELETIVO,C51L41,POINT (-61.159673595443465 -8.248900860558056)
2024,CORTE SELETIVO,C51L41,POINT (-61.16021938901409 -8.248245174049313)
2024,CORTE SELETIVO,C51L41,POINT (-61.16046581915547 -8.247946532942816)
2024,CORTE SELETIVO,C51L41,POINT (-61.15983238756767 -8.247559878964339)
2024,CORTE SELETIVO,C51L41,POINT (-61.160394428505136 -8.247446028250485)
2024,CORTE SELETIVO,C51L41,POINT (-61.15976070597696 -8.246108622723547)
2024,CORTE SELETIVO,C51L41,POINT (-61.154073036214 -8.244712633071922)
2024,CORTE SELETIVO,C51L41,POINT (-61.160227529380606 -8.244392071129798)
2024,CORTE SELETIVO,C51L41,POINT (-61.16029242853777 -8.244190385198522)
2024,CORTE SELETIVO,C51L41,POINT (-61.16009734470575 -8.244088348467388)
2024,CORTE SELETIVO,C51L41,POINT (-61.155136225749324 -8.24390440863631)
2024,CORTE SELETIVO,C51L41,POINT (-61.16013400290356 -8.243878361235236)
2024,CORTE SELETIVO,C51L41,POINT (-61.14864265131237 -8.242052276725417)
2024,CORTE SELETIVO,C51L41,POINT (-61.16035771294057 -8.241300542191304)
2024,CORTE SELETIVO,C51L41,POINT (-61.116380267002164 -8.23291989430268)
2024,CORTE SELETIVO,C51L41,POINT (-61.116628254071564 -8.229956030166695)
2024,CORTE SELETIVO,C51L41,POINT (-61.11819496750384 -8.227445941779608)
2024,CORTE SELETIVO,C51L41,POINT (-61.11108338892442 -8.24338413425997)
2024,CORTE SELETIVO,C51L41,POINT (-61.10940062781522 -8.239383966306516)
2024,CORTE SELETIVO,C51L41,POINT (-61.11185101296152 -8.23878318211889)
2024,CORTE SELETIVO,C51L41,POINT (-61.112670988840875 -8.238433324065708)
2024,CORTE SELETIVO,C51L41,POINT (-61.10728082010512 -8.238218536097808)
2024,CORTE SELETIVO,C51L41,POINT (-61.11299430895069 -8.237706062779859)
2024,CORTE SELETIVO,C51L41,POINT (-61.113176947402074 -8.23771524685215)
2024,CORTE SELETIVO,C51L41,POINT (-61.10580729610575 -8.237625541737804)
2024,CORTE SELETIVO,C51L41,POINT (-61.11286731012669 -8.237654102970499)
2024,CORTE SELETIVO,C51L41,POINT (-61.11326314502658 -8.237110645079092)
2024,CORTE SELETIVO,C51L41,POINT (-61.10813195855979 -8.236769056725992)
2024,CORTE SELETIVO,C51L41,POINT (-61.113661197479004 -8.23464073905768)
2024,CORTE SELETIVO,C51L41,POINT (-61.1134690351443 -8.234410106698805)
2024,CORTE SELETIVO,C51L41,POINT (-61.110607049840866 -8.234038214721645)
2024,CORTE SELETIVO,C51L41,POINT (-61.11022121681073 -8.233825563062616)
2024,CORTE SELETIVO,C51L41,POINT (-61.21581673560369 -8.236174466502494)
2024,CORTE SELETIVO,C51L41,POINT (-61.197875965343 -8.23275648152781)
2024,CORTE SELETIVO,C51L41,POINT (-61.19570053993821 -8.185208181836728)
2024,CORTE SELETIVO,C51L41,POINT (-61.195581550046526 -8.185261989230064)
2024,CORTE SELETIVO,C51L41,POINT (-61.182792253746626 -8.18440388431383)
2024,CORTE SELETIVO,C51L41,POINT (-61.18253611101231 -8.184387287610555)
2024,CORTE SELETIVO,C51L41,POINT (-61.18203618502074 -8.182847640991694)
2024,CORTE SELETIVO,C51L41,POINT (-61.18086528649992 -8.18272740941857)
2024,CORTE SELETIVO,C51L41,POINT (-61.18699121935948 -8.170264853687733)
2024,CORTE SELETIVO,C51L41,POINT (-61.160108775681884 -8.244737309365183)
2024,CORTE SELETIVO,C51L41,POINT (-61.097009837130926 -8.23178738748511)
2024,CORTE SELETIVO,C51L41,POINT (-61.215647366304644 -8.236173063044419)
2024,CORTE SELETIVO,C51L41,POINT (-61.21263954968323 -8.23045476727547)
2024,CORTE SELETIVO,C51L41,POINT (-61.18109287792868 -8.183018383700366)
2024,CORTE SELETIVO,C51L41,POINT (-61.164493745776404 -8.245363281880818)
2024,CORTE SELETIVO,C51L41,POINT (-61.212390261271594 -8.248685108761663)
2024,CORTE SELETIVO,C51L41,POINT (-61.22627713997111 -8.247457552737792)
2024,CORTE SELETIVO,C51L41,POINT (-61.2105186274318 -8.24711094629804)
2024,CORTE SELETIVO,C51L41,POINT (-61.23039171609136 -8.246886917176989)
2024,CORTE SELETIVO,C51L41,POINT (-61.23052860324629 -8.246732231429633)
2024,CORTE SELETIVO,C51L41,POINT (-61.23003734649024 -8.246789196024162)
2024,CORTE SELETIVO,C51L41,POINT (-61.23003467880761 -8.24527689041872)
2024,CORTE SELETIVO,C51L41,POINT (-61.22994084624735 -8.24515356290069)
2024,CORTE SELETIVO,C51L41,POINT (-61.224295651274616 -8.244231715400861)
2024,CORTE SELETIVO,C51L41,POINT (-61.223258649058586 -8.240939957175014)
2024,CORTE SELETIVO,C51L41,POINT (-61.22864732624168 -8.240590769680253)
2024,CORTE SELETIVO,C51L41,POINT (-61.21635414717115 -8.239902293086441)
2024,CORTE SELETIVO,C51L41,POINT (-61.211710999941026 -8.237928775841148)
2024,CORTE SELETIVO,C51L41,POINT (-61.23065844807583 -8.237125674133999)
2024,CORTE SELETIVO,C51L41,POINT (-61.230611357339576 -8.236767353995738)
2024,CORTE SELETIVO,C51L41,POINT (-61.22768602562566 -8.236366462149192)
2024,CORTE SELETIVO,C51L41,POINT (-61.22758189916141 -8.236282198666402)
2024,CORTE SELETIVO,C51L41,POINT (-61.22544010384567 -8.235624030108129)
2024,CORTE SELETIVO,C51L41,POINT (-61.225518841764845 -8.23557228680771)
2024,CORTE SELETIVO,C51L41,POINT (-61.21952158044463 -8.235202092612353)
2024,CORTE SELETIVO,C51L41,POINT (-61.22021932334734 -8.2351940036355)
2024,CORTE SELETIVO,C51L41,POINT (-61.21388113726211 -8.23518794785857)
2024,CORTE SELETIVO,C51L41,POINT (-61.228174039314965 -8.233388691009251)
2024,CORTE SELETIVO,C51L41,POINT (-61.22774928136281 -8.23240922294684)
2024,CORTE SELETIVO,C51L41,POINT (-61.228061601631 -8.232433395973603)
2024,CORTE SELETIVO,C51L41,POINT (-61.23076623868889 -8.232099409055861)
2024,CORTE SELETIVO,C51L41,POINT (-61.210497700235784 -8.23202323743631)
2024,CORTE SELETIVO,C51L41,POINT (-61.22568202364242 -8.23009358089815)
2024,CORTE SELETIVO,C51L41,POINT (-61.22145284080242 -8.230092360084706)
2024,CORTE SELETIVO,C51L41,POINT (-61.224336869703436 -8.228847125730843)
2024,CORTE SELETIVO,C51L41,POINT (-61.22444517711481 -8.228736695855503)
2024,CORTE SELETIVO,C51L41,POINT (-61.20403716001729 -8.247300270859832)
2024,CORTE SELETIVO,C51L41,POINT (-61.207066682123425 -8.241183746722008)
2024,CORTE SELETIVO,C51L41,POINT (-61.2057216657346 -8.23553932227668)
2024,CORTE SELETIVO,C51L41,POINT (-61.207049546540546 -8.233976068542566)
2024,CORTE SELETIVO,C51L41,POINT (-61.20552690104835 -8.233036425022284)
2024,CORTE SELETIVO,C51L41,POINT (-61.20520032496442 -8.233011286869017)
2024,CORTE SELETIVO,C51L41,POINT (-61.20419050805012 -8.23279395824169)
2024,CORTE SELETIVO,C51L41,POINT (-61.204709201396454 -8.228554373647496)
2024,CORTE SELETIVO,C51L41,POINT (-61.19526896980886 -8.239953631295121)
2024,CORTE SELETIVO,C51L41,POINT (-61.1994685013466 -8.234740992303438)
2024,CORTE SELETIVO,C51L41,POINT (-61.19885592639352 -8.23476418324057)
2024,CORTE SELETIVO,C51L41,POINT (-61.199170258170334 -8.234614683228584)
2024,CORTE SELETIVO,C51L41,POINT (-61.19957067953673 -8.234443749010449)
2024,CORTE SELETIVO,C51L41,POINT (-61.18324531111843 -8.182352168698358)
2024,CORTE SELETIVO,C51L41,POINT (-61.159424377872845 -8.2489066941104)
2024,CORTE SELETIVO,C51L41,POINT (-61.16472696769607 -8.247694508171916)
2024,CORTE SELETIVO,C51L41,POINT (-61.158323012170044 -8.246201770889739)
2024,CORTE SELETIVO,C51L41,POINT (-61.159766979328715 -8.246008899334917)
2024,CORTE SELETIVO,C51L41,POINT (-61.15531064751477 -8.244375208298399)
2024,CORTE SELETIVO,C51L41,POINT (-61.1604107113014 -8.244285894458914)
2024,CORTE SELETIVO,C51L41,POINT (-61.16042955967312 -8.243866933946165)
2024,CORTE SELETIVO,C51L41,POINT (-61.15986852566266 -8.24259314255021)
2024,CORTE SELETIVO,C51L41,POINT (-61.16674539270847 -8.242068709996026)
2024,CORTE SELETIVO,C51L41,POINT (-61.159319826472924 -8.241899433552698)
2024,CORTE SELETIVO,C51L41,POINT (-61.164218268648774 -8.24151385333465)
2024,CORTE SELETIVO,C51L41,POINT (-61.16069779915054 -8.239966259031194)
2024,CORTE SELETIVO,C51L41,POINT (-61.2009496900792 -8.244525565490129)
2024,CORTE SELETIVO,C51L41,POINT (-61.220742050893094 -8.235448381906803)
2024,CORTE SELETIVO,C51L41,POINT (-61.20354955107435 -8.228623020433508)
2024,CORTE SELETIVO,C51L41,POINT (-61.181129601408934 -8.183008237612619)
2024,CORTE SELETIVO,C51L41,POINT (-61.18127192786781 -8.18293340914641)
2024,CORTE SELETIVO,C51L41,POINT (-61.184781329771404 -8.17503629087649)
2024,CORTE SELETIVO,C51L41,POINT (-61.230197509724775 -8.246826213387239)
2024,CORTE SELETIVO,C51L41,POINT (-61.22761570262703 -8.246529960616872)
2024,CORTE SELETIVO,C51L41,POINT (-61.21961801197059 -8.244457841720319)
2024,CORTE SELETIVO,C51L41,POINT (-61.21617018362406 -8.242613319504095)
2024,CORTE SELETIVO,C51L41,POINT (-61.216033487345896 -8.242372237502401)
2024,CORTE SELETIVO,C51L41,POINT (-61.22217488995275 -8.240304151541597)
2024,CORTE SELETIVO,C51L41,POINT (-61.22208457405741 -8.240191723437288)
2024,CORTE SELETIVO,C51L41,POINT (-61.21626773842456 -8.240044884359486)
2024,CORTE SELETIVO,C51L41,POINT (-61.211692692446334 -8.238291182690014)
2024,CORTE SELETIVO,C51L41,POINT (-61.211752859543395 -8.238057895245367)
2024,CORTE SELETIVO,C51L41,POINT (-61.2118648452079 -8.237968067654458)
2024,CORTE SELETIVO,C51L41,POINT (-61.21013220339249 -8.237839123556077)
2024,CORTE SELETIVO,C51L41,POINT (-61.22274166145627 -8.236929716437091)
2024,CORTE SELETIVO,C51L41,POINT (-61.215528936877014 -8.236263415195335)
2024,CORTE SELETIVO,C51L41,POINT (-61.213584776668775 -8.234977574815698)
2024,CORTE SELETIVO,C51L41,POINT (-61.21261024391272 -8.234830425690237)
2024,CORTE SELETIVO,C51L41,POINT (-61.21920310415796 -8.23436212578323)
2024,CORTE SELETIVO,C51L41,POINT (-61.221170406573734 -8.232789705630822)
2024,CORTE SELETIVO,C51L41,POINT (-61.22161733640028 -8.231269915969799)
2024,CORTE SELETIVO,C51L41,POINT (-61.22328850916922 -8.229412211181723)
2024,CORTE SELETIVO,C51L41,POINT (-61.204255290342175 -8.247561890431252)
2024,CORTE SELETIVO,C51L41,POINT (-61.20455761024472 -8.246921132847936)
2024,CORTE SELETIVO,C51L41,POINT (-61.207542570290116 -8.241994588204681)
2024,CORTE SELETIVO,C51L41,POINT (-61.204565083000695 -8.235365836808876)
2024,CORTE SELETIVO,C51L41,POINT (-61.206728019479606 -8.234613226576924)
2024,CORTE SELETIVO,C51L41,POINT (-61.20725113129143 -8.233929370492662)
2024,CORTE SELETIVO,C51L41,POINT (-61.20576706538392 -8.233145976970864)
2024,CORTE SELETIVO,C51L41,POINT (-61.20226520943449 -8.232991009312045)
2024,CORTE SELETIVO,C51L41,POINT (-61.20251591082035 -8.232953761296033)
2024,CORTE SELETIVO,C51L41,POINT (-61.20206203088536 -8.232846310654962)
2024,CORTE SELETIVO,C51L41,POINT (-61.20353226820679 -8.229486410551587)
2024,CORTE SELETIVO,C51L41,POINT (-61.195380135473826 -8.239903271516704)
2024,CORTE SELETIVO,C51L41,POINT (-61.19581157913729 -8.239874355177454)
2024,CORTE SELETIVO,C51L41,POINT (-61.196042313190425 -8.188059352490178)
2024,CORTE SELETIVO,C51L41,POINT (-61.19021904466812 -8.187957093022247)
2024,CORTE SELETIVO,C51L41,POINT (-61.19712040563495 -8.187466526914674)
2024,CORTE SELETIVO,C51L41,POINT (-61.19607256249865 -8.184836563290926)
2024,CORTE SELETIVO,C51L41,POINT (-61.19202906437836 -8.178675821317974)
2024,CORTE SELETIVO,C51L41,POINT (-61.18545682668208 -8.18660317534054)
2024,CORTE SELETIVO,C51L41,POINT (-61.184340757652336 -8.185934637308165)
2024,CORTE SELETIVO,C51L41,POINT (-61.18363680877168 -8.185267973936494)
2024,CORTE SELETIVO,C51L41,POINT (-61.184341298342325 -8.183028033824417)
2024,CORTE SELETIVO,C51L41,POINT (-61.18597690735081 -8.177322326966479)
2024,CORTE SELETIVO,C51L41,POINT (-61.18574608018995 -8.177292410693132)
2024,CORTE SELETIVO,C51L41,POINT (-61.188767814030534 -8.176662833686446)
2024,CORTE SELETIVO,C51L41,POINT (-61.187595667905306 -8.17628903778227)
2024,CORTE SELETIVO,C51L41,POINT (-61.184336789854314 -8.173949073497528)
2024,CORTE SELETIVO,C51L41,POINT (-61.17592244168248 -8.214435287197423)
2024,CORTE SELETIVO,C51L41,POINT (-61.18111165090149 -8.183386977736088)
2024,CORTE SELETIVO,C51L41,POINT (-61.1808869311553 -8.18298526125941)
2024,CORTE SELETIVO,C51L41,POINT (-61.18094726306963 -8.182112211035633)
2024,CORTE SELETIVO,C51L41,POINT (-61.18287470704825 -8.181702635441638)
2024,CORTE SELETIVO,C51L41,POINT (-61.18227764938135 -8.181804462662384)
2024,CORTE SELETIVO,C51L41,POINT (-61.17793187709941 -8.180230987909107)
2024,CORTE SELETIVO,C51L41,POINT (-61.176594454311974 -8.17920880324688)
2024,CORTE SELETIVO,C51L41,POINT (-61.160312671420826 -8.247385139396949)
2024,CORTE SELETIVO,C51L41,POINT (-61.16438906199359 -8.245353286032485)
2024,CORTE SELETIVO,C51L41,POINT (-61.160175756699466 -8.244135632312323)
2024,CORTE SELETIVO,C51L41,POINT (-61.16018279616106 -8.243937517347074)
2024,CORTE SELETIVO,C51L41,POINT (-61.16036518960498 -8.243830855839112)
2024,CORTE SELETIVO,C51L41,POINT (-61.160193581813374 -8.243775961929568)
2024,CORTE SELETIVO,C51L41,POINT (-61.160575976107765 -8.243763609454161)
2024,CORTE SELETIVO,C51L41,POINT (-61.16016700668936 -8.241595822861354)
2024,CORTE SELETIVO,C51L41,POINT (-61.16434571866624 -8.241551682275189)
2024,CORTE SELETIVO,C51L41,POINT (-61.16038380768085 -8.239272172782838)
2024,CORTE SELETIVO,C51L41,POINT (-61.172427227819064 -8.221300482672806)
2024,CORTE SELETIVO,C51L41,POINT (-61.17274016494755 -8.22138674916431)
2024,CORTE SELETIVO,C51L41,POINT (-61.1705246362882 -8.219520668822913)
2024,CORTE SELETIVO,C51L41,POINT (-61.173885270992415 -8.214837654430955)
2024,CORTE SELETIVO,C51L41,POINT (-61.17120849309606 -8.198273405453875)
2024,CORTE SELETIVO,C51L41,POINT (-61.174079505271415 -8.176375696821239)
2024,CORTE SELETIVO,C51L41,POINT (-61.17026513355169 -8.17400717419985)
2024,CORTE SELETIVO,C51L41,POINT (-61.17036403598472 -8.173994925680686)
2024,CORTE SELETIVO,C51L41,POINT (-61.170484042350886 -8.173854742290029)
2024,CORTE SELETIVO,C51L41,POINT (-61.144087050535354 -8.247315443995028)
2024,CORTE SELETIVO,C51L41,POINT (-61.159514664972136 -8.245142406278854)
2024,CORTE SELETIVO,C51L41,POINT (-61.148761449705226 -8.24294266674654)
2024,CORTE SELETIVO,C51L41,POINT (-61.14892159194874 -8.242854659520011)
2024,CORTE SELETIVO,C51L41,POINT (-61.1596301555333 -8.241992107689345)
2024,CORTE SELETIVO,C51L41,POINT (-61.11856265014889 -8.222029290444773)
2024,CORTE SELETIVO,C51L41,POINT (-61.11885764652096 -8.221665675170664)
2024,CORTE SELETIVO,C51L41,POINT (-61.10941153592144 -8.239769019404559)
2024,CORTE SELETIVO,C51L41,POINT (-61.10925642517456 -8.239304548787343)
2024,CORTE SELETIVO,C51L41,POINT (-61.10957860966891 -8.239211785445667)
2024,CORTE SELETIVO,C51L41,POINT (-61.111755621010246 -8.238790364094125)
2024,CORTE SELETIVO,C51L41,POINT (-61.11171213691124 -8.238425034054911)
2024,CORTE SELETIVO,C51L41,POINT (-61.11262441826414 -8.238279752196485)
2024,CORTE SELETIVO,C51L41,POINT (-61.112879747880385 -8.238216669083526)
2024,CORTE SELETIVO,C51L41,POINT (-61.105264041170386 -8.235763877073962)
2024,CORTE SELETIVO,C51L41,POINT (-61.09381465385105 -8.23491662896064)
2024,CORTE SELETIVO,C51L41,POINT (-61.10702832725687 -8.234958720625025)
2024,CORTE SELETIVO,C51L41,POINT (-61.11352687077475 -8.234461360584838)
2024,CORTE SELETIVO,C51L41,POINT (-61.11019229387303 -8.233896709312846)
2024,CORTE SELETIVO,C51L41,POINT (-61.10614383296541 -8.233256371462582)
2024,CORTE SELETIVO,C51L41,POINT (-61.10604375381731 -8.233127099001234)
2024,CORTE SELETIVO,C51L41,POINT (-61.10575647988343 -8.233158816797367)
2024,CORTE SELETIVO,C51L41,POINT (-61.10848918948626 -8.231663445531867)
2024,CORTE SELETIVO,C51L41,POINT (-61.10897639874668 -8.231489204318333)
2024,CORTE SELETIVO,C51L41,POINT (-61.11630157447062 -8.231299196493675)
2024,CORTE SELETIVO,C51L41,POINT (-61.113519269621015 -8.229773742294604)
2024,CORTE SELETIVO,C51L41,POINT (-61.224916293617866 -8.23413484208148)
2024,CORTE SELETIVO,C51L41,POINT (-61.19446597567727 -8.182649583436213)
2024,CORTE SELETIVO,C51L41,POINT (-61.19318696228791 -8.179723007465759)
2024,CORTE SELETIVO,C51L41,POINT (-61.192107981451976 -8.178843058900268)
2024,CORTE SELETIVO,C51L41,POINT (-61.18112023553391 -8.183136088930969)
2024,CORTE SELETIVO,C51L41,POINT (-61.18454742906328 -8.177274955133713)
2024,CORTE SELETIVO,C51L41,POINT (-61.185291217819156 -8.177234380059941)
2024,CORTE SELETIVO,C51L41,POINT (-61.18430725673328 -8.177122645380614)
2024,CORTE SELETIVO,C51L41,POINT (-61.18562840435646 -8.177040765141655)
2024,CORTE SELETIVO,C51L41,POINT (-61.18397086379872 -8.175852835716443)
2024,CORTE SELETIVO,C51L41,POINT (-61.18474258752193 -8.175220647719378)
2024,CORTE SELETIVO,C51L41,POINT (-61.18421342406324 -8.175155909375839)
2024,CORTE SELETIVO,C51L41,POINT (-61.1086240725468 -8.231681696160617)
2024,CORTE SELETIVO,C51L41,POINT (-61.118423398147634 -8.221902504141287)
2024,CORTE SELETIVO,C51L41,POINT (-61.196270277562164 -8.187824188804651)
2024,CORTE SELETIVO,C51L41,POINT (-61.19206565374323 -8.178768302819956)
2024,CORTE SELETIVO,C51L41,POINT (-61.18461291901361 -8.177445402907102)
2024,CORTE SELETIVO,C51L41,POINT (-61.1845370392126 -8.177381225270494)
2024,CORTE SELETIVO,C51L41,POINT (-61.185793293898215 -8.177003417931482)
2024,CORTE SELETIVO,C51L41,POINT (-61.185319981104435 -8.17693561251202)
2024,CORTE SELETIVO,C51L41,POINT (-61.14863671301689 -8.243271822541931)
2024,CORTE SELETIVO,C51L41,POINT (-61.1130270345892 -8.238391307632421)
2024,CORTE SELETIVO,C51L41,POINT (-61.106009507661206 -8.236390701717996)
2024,CORTE SELETIVO,C51L41,POINT (-61.10836703354895 -8.231862520533216)
2024,CORTE SELETIVO,C51L41,POINT (-61.10876784660083 -8.231400982092122)
2024,CORTE SELETIVO,C51L41,POINT (-61.22307503358058 -8.245861181832952)
2024,CORTE SELETIVO,C51L41,POINT (-61.222880395353705 -8.245860478464742)
2024,CORTE SELETIVO,C51L41,POINT (-61.230935380618625 -8.241069714028482)
2024,CORTE SELETIVO,C51L41,POINT (-61.219563118050914 -8.240067838583364)
2024,CORTE SELETIVO,C51L41,POINT (-61.213383124671054 -8.239982921051267)
2024,CORTE SELETIVO,C51L41,POINT (-61.22048026397156 -8.239921730821207)
2024,CORTE SELETIVO,C51L41,POINT (-61.21940980149312 -8.239819562456214)
2024,CORTE SELETIVO,C51L41,POINT (-61.213387419703075 -8.239732568795104)
2024,CORTE SELETIVO,C51L41,POINT (-61.21927368068834 -8.239747341999575)
2024,CORTE SELETIVO,C51L41,POINT (-61.20972064073005 -8.239033227747916)
2024,CORTE SELETIVO,C51L41,POINT (-61.206557067418636 -8.238151686565974)
2024,CORTE SELETIVO,C51L41,POINT (-61.21899721011681 -8.237770251697645)
2024,CORTE SELETIVO,C51L41,POINT (-61.2188099146822 -8.237649255452753)
2024,CORTE SELETIVO,C51L41,POINT (-61.219224264468885 -8.23563185651097)
2024,CORTE SELETIVO,C51L41,POINT (-61.220092648442495 -8.235189339216824)
2024,CORTE SELETIVO,C51L41,POINT (-61.22023523707935 -8.234954471534659)
2024,CORTE SELETIVO,C51L41,POINT (-61.204198772285466 -8.232692528399475)
2024,CORTE SELETIVO,C51L41,POINT (-61.20716893017867 -8.232478818172748)
2024,CORTE SELETIVO,C51L41,POINT (-61.217237233876205 -8.232343797612188)
2024,CORTE SELETIVO,C51L41,POINT (-61.21353732406586 -8.232288794941766)
2024,CORTE SELETIVO,C51L41,POINT (-61.20790500232796 -8.232091304127394)
2024,CORTE SELETIVO,C51L41,POINT (-61.20822645427517 -8.231905772512842)
2024,CORTE SELETIVO,C51L41,POINT (-61.20462350169094 -8.228535913185716)
2024,CORTE SELETIVO,C51L41,POINT (-61.199378839590736 -8.234616037264841)
2024,CORTE SELETIVO,C51L41,POINT (-61.1926586821816 -8.178659199010633)
2024,CORTE SELETIVO,C51L41,POINT (-61.187686114040915 -8.17762508382228)
2024,CORTE SELETIVO,C51L41,POINT (-61.18530357265011 -8.173011400145635)
2024,CORTE SELETIVO,C51L41,POINT (-61.16158510291995 -8.24973980827786)
2024,CORTE SELETIVO,C51L41,POINT (-61.153634088626156 -8.24923436893422)
2024,CORTE SELETIVO,C51L41,POINT (-61.160304444771576 -8.24762768115505)
2024,CORTE SELETIVO,C51L41,POINT (-61.163442467411876 -8.245832515506333)
2024,CORTE SELETIVO,C51L41,POINT (-61.164557677402335 -8.245274955125923)
2024,CORTE SELETIVO,C51L41,POINT (-61.15400710453195 -8.244883090940482)
2024,CORTE SELETIVO,C51L41,POINT (-61.15425561951537 -8.244554076536053)
2024,CORTE SELETIVO,C51L41,POINT (-61.151376527896524 -8.244419437992)
2024,CORTE SELETIVO,C51L41,POINT (-61.160453872678595 -8.244146034862428)
2024,CORTE SELETIVO,C51L41,POINT (-61.15295443591018 -8.243804418058888)
2024,CORTE SELETIVO,C51L41,POINT (-61.14878235048612 -8.243070970072665)
2024,CORTE SELETIVO,C51L41,POINT (-61.14862863581328 -8.241827536723754)
2024,CORTE SELETIVO,C51L41,POINT (-61.15309237974403 -8.241386051833361)
2024,CORTE SELETIVO,C51L41,POINT (-61.111893896677046 -8.23854089502836)
2024,CORTE SELETIVO,C51L41,POINT (-61.113603998844646 -8.23445430556246)
2024,CORTE SELETIVO,C51L41,POINT (-61.11289022970719 -8.234333865396254)
2024,CORTE SELETIVO,C51L41,POINT (-61.1054274125757 -8.233073976156405)
2024,CORTE SELETIVO,C51L41,POINT (-61.10871309519633 -8.231373958094983)
2024,CORTE SELETIVO,C51L41,POINT (-61.198727513359884 -8.234943661158608)
2024,CORTE SELETIVO,C51L41,POINT (-61.20706784091801 -8.233679489047441)
2024,CORTE SELETIVO,C51L41,POINT (-61.19613991731869 -8.187893798542481)
2024,CORTE SELETIVO,C51L41,POINT (-61.191916879245305 -8.178656679060548)
2024,CORTE SELETIVO,C51L41,POINT (-61.18530981208161 -8.177262188273435)
2024,CORTE SELETIVO,C51L41,POINT (-61.14872414477675 -8.243111682143171)
2024,CORTE SELETIVO,C51L41,POINT (-61.148471426896364 -8.241886025473974)
2024,CORTE SELETIVO,C51L41,POINT (-61.11573089582714 -8.231919385633788)
2024,CORTE SELETIVO,C51L41,POINT (-61.17142864108178 -8.198447513124092)
2024,CORTE SELETIVO,C51L41,POINT (-61.171214576236984 -8.198178161222724)
2024,CORTE SELETIVO,C51L41,POINT (-61.2231356889488 -8.23047578589144)
2024,CORTE SELETIVO,C51L41,POINT (-61.19562841136955 -8.239898891010762)
2024,CORTE SELETIVO,C51L41,POINT (-61.1911996372791 -8.178523656921001)
2024,CORTE SELETIVO,C51L41,POINT (-61.1847986205908 -8.175341276246987)
2024,CORTE SELETIVO,C51L41,POINT (-61.16059471181718 -8.249943235186533)
2024,CORTE SELETIVO,C51L41,POINT (-61.16214663003093 -8.249961866973935)
2024,CORTE SELETIVO,C51L41,POINT (-61.16076059403124 -8.249862398268268)
2024,CORTE SELETIVO,C51L41,POINT (-61.16074894689635 -8.249695757969967)
2024,CORTE SELETIVO,C51L41,POINT (-61.1615478014272 -8.249612501642721)
2024,CORTE SELETIVO,C51L41,POINT (-61.161930824100175 -8.24968376297302)
2024,CORTE SELETIVO,C51L41,POINT (-61.15385083942351 -8.249412829226532)
2024,CORTE SELETIVO,C51L41,POINT (-61.153813235197966 -8.249219463964174)
2024,CORTE SELETIVO,C51L41,POINT (-61.159627006848126 -8.248739151048927)
2024,CORTE SELETIVO,C51L41,POINT (-61.160202008041 -8.24810293123342)
2024,CORTE SELETIVO,C51L41,POINT (-61.157289668089014 -8.247359336965593)
2024,CORTE SELETIVO,C51L41,POINT (-61.159377321507 -8.246912855883494)
2024,CORTE SELETIVO,C51L41,POINT (-61.15511538648867 -8.24684774212488)
2024,CORTE SELETIVO,C51L41,POINT (-61.15505961241342 -8.246768171685982)
2024,CORTE SELETIVO,C51L41,POINT (-61.16632936169719 -8.246383486947938)
2024,CORTE SELETIVO,C51L41,POINT (-61.154701388869505 -8.246120768203747)
2024,CORTE SELETIVO,C51L41,POINT (-61.15633252318936 -8.246102576192209)
2024,CORTE SELETIVO,C51L41,POINT (-61.15921171764342 -8.24555379233515)
2024,CORTE SELETIVO,C51L41,POINT (-61.15418444656897 -8.244625811429897)
2024,CORTE SELETIVO,C51L41,POINT (-61.15433688716093 -8.244559524770633)
2024,CORTE SELETIVO,C51L41,POINT (-61.15783809480124 -8.244454568816867)
2024,CORTE SELETIVO,C51L41,POINT (-61.15449188521499 -8.24432661940593)
2024,CORTE SELETIVO,C51L41,POINT (-61.15782540168245 -8.244220460800102)
2024,CORTE SELETIVO,C51L41,POINT (-61.15560963653967 -8.24425680154306)
2024,CORTE SELETIVO,C51L41,POINT (-61.15730575989486 -8.244203788271795)
2024,CORTE SELETIVO,C51L41,POINT (-61.160354740483676 -8.24416599062519)
2024,CORTE SELETIVO,C51L41,POINT (-61.15524475589792 -8.243952343201185)
2024,CORTE SELETIVO,C51L41,POINT (-61.15776700818742 -8.243704074076296)
2024,CORTE SELETIVO,C51L41,POINT (-61.157967939762166 -8.243517585661104)
2024,CORTE SELETIVO,C51L41,POINT (-61.15760866140128 -8.24342121969502)
2024,CORTE SELETIVO,C51L41,POINT (-61.15685419217442 -8.243471737452035)
2024,CORTE SELETIVO,C51L41,POINT (-61.158076398600976 -8.243345224868056)
2024,CORTE SELETIVO,C51L41,POINT (-61.159758524703555 -8.242082462492672)
2024,CORTE SELETIVO,C51L41,POINT (-61.15959841301128 -8.241962632047462)
2024,CORTE SELETIVO,C51L41,POINT (-61.159249061826436 -8.241612732905576)
2024,CORTE SELETIVO,C51L41,POINT (-61.16018513291615 -8.24115985430295)
2024,CORTE SELETIVO,C51L41,POINT (-61.16023921699458 -8.240793484362447)
2024,CORTE SELETIVO,C51L41,POINT (-61.15365913585593 -8.24934890680141)
2024,CORTE SELETIVO,C51L41,POINT (-61.14578579939082 -8.249062336464593)
2024,CORTE SELETIVO,C51L41,POINT (-61.15213238486366 -8.247468856234242)
2024,CORTE SELETIVO,C51L41,POINT (-61.13553451217674 -8.244474778602495)
2024,CORTE SELETIVO,C51L41,POINT (-61.15130054222676 -8.244348583029426)
2024,CORTE SELETIVO,C51L41,POINT (-61.15152528456803 -8.24429225870102)
2024,CORTE SELETIVO,C51L41,POINT (-61.15110968549982 -8.244162153660568)
2024,CORTE SELETIVO,C51L41,POINT (-61.15360422573348 -8.244189486873609)
2024,CORTE SELETIVO,C51L41,POINT (-61.15147440099353 -8.243987688786511)
2024,CORTE SELETIVO,C51L41,POINT (-61.15293915342606 -8.243919770191527)
2024,CORTE SELETIVO,C51L41,POINT (-61.153750273552966 -8.243899096249908)
2024,CORTE SELETIVO,C51L41,POINT (-61.151557002314185 -8.24235140078624)
2024,CORTE SELETIVO,C51L41,POINT (-61.151168509685164 -8.242396933930763)
2024,CORTE SELETIVO,C51L41,POINT (-61.151335066702 -8.24238640469958)
2024,CORTE SELETIVO,C51L41,POINT (-61.15129689309131 -8.242219512262151)
2024,CORTE SELETIVO,C51L41,POINT (-61.1488589779087 -8.24205384290658)
2024,CORTE SELETIVO,C51L41,POINT (-61.14867392715607 -8.241596232599703)
2024,CORTE SELETIVO,C51L41,POINT (-61.14863090086846 -8.241250781838497)
2024,CORTE SELETIVO,C51L41,POINT (-61.11608351166754 -8.23483518557043)
2024,CORTE SELETIVO,C51L41,POINT (-61.116912735138996 -8.23461317304352)
2024,CORTE SELETIVO,C51L41,POINT (-61.11515858978563 -8.233562453953489)
2024,CORTE SELETIVO,C51L41,POINT (-61.11795563198037 -8.23068222424092)
2024,CORTE SELETIVO,C51L41,POINT (-61.11674491487139 -8.230411154201999)
2024,CORTE SELETIVO,C51L41,POINT (-61.11657402258142 -8.23005248890509)
2024,CORTE SELETIVO,C51L41,POINT (-61.11725293436752 -8.229500254859934)
2024,CORTE SELETIVO,C51L41,POINT (-61.118223178936674 -8.227224576251471)
2024,CORTE SELETIVO,C51L41,POINT (-61.11920191248533 -8.221883329769533)
2024,CORTE SELETIVO,C51L41,POINT (-61.108297230563224 -8.242743802339477)
2024,CORTE SELETIVO,C51L41,POINT (-61.11132621230475 -8.24170229328523)
2024,CORTE SELETIVO,C51L41,POINT (-61.112081305055796 -8.238542201545858)
2024,CORTE SELETIVO,C51L41,POINT (-61.11290755494133 -8.238414101058115)
2024,CORTE SELETIVO,C51L41,POINT (-61.107310243527735 -8.238217028334589)
2024,CORTE SELETIVO,C51L41,POINT (-61.1073180661092 -8.238004033707673)
2024,CORTE SELETIVO,C51L41,POINT (-61.11113598888264 -8.237640263262502)
2024,CORTE SELETIVO,C51L41,POINT (-61.10593463780872 -8.23749660182764)
2024,CORTE SELETIVO,C51L41,POINT (-61.10568837948029 -8.237365826357182)
2024,CORTE SELETIVO,C51L41,POINT (-61.11304994504877 -8.237039677318679)
2024,CORTE SELETIVO,C51L41,POINT (-61.113224057004565 -8.23706215186549)
2024,CORTE SELETIVO,C51L41,POINT (-61.10820328203158 -8.236661347542409)
2024,CORTE SELETIVO,C51L41,POINT (-61.10815345336817 -8.236515498287497)
2024,CORTE SELETIVO,C51L41,POINT (-61.10638308070534 -8.236447516578519)
2024,CORTE SELETIVO,C51L41,POINT (-61.11315899959627 -8.236416380116928)
2024,CORTE SELETIVO,C51L41,POINT (-61.11038311687538 -8.236115749891034)
2024,CORTE SELETIVO,C51L41,POINT (-61.110508028276776 -8.236029012611453)
2024,CORTE SELETIVO,C51L41,POINT (-61.10535714478213 -8.236000953202442)
2024,CORTE SELETIVO,C51L41,POINT (-61.11292748696014 -8.235409386007053)
2024,CORTE SELETIVO,C51L41,POINT (-61.11450818692745 -8.235097908272891)
2024,CORTE SELETIVO,C51L41,POINT (-61.11463748636581 -8.234812294015274)
2024,CORTE SELETIVO,C51L41,POINT (-61.10453734061769 -8.23477333460694)
2024,CORTE SELETIVO,C51L41,POINT (-61.10477433548738 -8.23479728870288)
2024,CORTE SELETIVO,C51L41,POINT (-61.11289798368613 -8.234562118574118)
2024,CORTE SELETIVO,C51L41,POINT (-61.11369400041614 -8.234589384682575)
2024,CORTE SELETIVO,C51L41,POINT (-61.11358923884382 -8.234363963912672)
2024,CORTE SELETIVO,C51L41,POINT (-61.11274858244667 -8.234261446848551)
2024,CORTE SELETIVO,C51L41,POINT (-61.10508547592098 -8.23421074447442)
2024,CORTE SELETIVO,C51L41,POINT (-61.11042762115984 -8.23389582265488)
2024,CORTE SELETIVO,C51L41,POINT (-61.110602524330325 -8.233878504370818)
2024,CORTE SELETIVO,C51L41,POINT (-61.11145745348476 -8.233850942126214)
2024,CORTE SELETIVO,C51L41,POINT (-61.11012878411453 -8.233712077845722)
2024,CORTE SELETIVO,C51L41,POINT (-61.113626135463726 -8.233512728919825)
2024,CORTE SELETIVO,C51L41,POINT (-61.10592842966975 -8.23315190817896)
2024,CORTE SELETIVO,C51L41,POINT (-61.10572335576474 -8.233038598041693)
2024,CORTE SELETIVO,C51L41,POINT (-61.11313560589158 -8.232983787711783)
2024,CORTE SELETIVO,C51L41,POINT (-61.1055724483666 -8.232900747112929)
2024,CORTE SELETIVO,C51L41,POINT (-61.10538780780942 -8.232919252801441)
2024,CORTE SELETIVO,C51L41,POINT (-61.096370154859514 -8.231133986557031)
2024,CORTE SELETIVO,C51L41,POINT (-61.10533567594889 -8.230718901749293)
2024,CORTE SELETIVO,C51L41,POINT (-61.113600677609355 -8.230075953573264)
2024,CORTE SELETIVO,C51L41,POINT (-61.11356564500974 -8.229957410023294)
2024,CORTE SELETIVO,C51L41,POINT (-61.11301963656541 -8.229563047184168)
2024,CORTE SELETIVO,C51L41,POINT (-61.10499023008808 -8.2282957011174)
2024,CORTE SELETIVO,C51L41,POINT (-61.196086244194746 -8.18797310091224)
2024,CORTE SELETIVO,C51L41,POINT (-61.186751895002736 -8.177829114898582)
2024,CORTE SELETIVO,C51L41,POINT (-61.10836748373954 -8.231931313462372)
2024,CORTE SELETIVO,C51L41,POINT (-61.118618193788336 -8.22203823222892)
2024,CORTE SELETIVO,C51L41,POINT (-61.118307744364316 -8.221998661702235)
2024,CORTE SELETIVO,C51L41,POINT (-61.17124870655699 -8.198051897444095)
2024,CORTE SELETIVO,C51L41,POINT (-61.18073084954475 -8.18256322001391)
2024,CORTE SELETIVO,C51L41,POINT (-61.192702634300204 -8.17877596200331)
2024,CORTE SELETIVO,C51L41,POINT (-61.18599875599589 -8.177254789345094)
2024,CORTE SELETIVO,C51L41,POINT (-61.11857489491366 -8.221899165729912)
2024,CORTE SELETIVO,C51L41,POINT (-61.171426942316515 -8.198544253322442)
2024,CORTE SELETIVO,C51L41,POINT (-61.21329116010611 -8.23982474023545)
2024,CORTE SELETIVO,C51L41,POINT (-61.20978235571232 -8.239103770161263)
2024,CORTE SELETIVO,C51L41,POINT (-61.2105536811702 -8.239116035624788)
2024,CORTE SELETIVO,C51L41,POINT (-61.209812627557596 -8.23908753298253)
2024,CORTE SELETIVO,C51L41,POINT (-61.20700000644087 -8.237892664838904)
2024,CORTE SELETIVO,C51L41,POINT (-61.20799793312634 -8.231945033029614)
2024,CORTE SELETIVO,C51L41,POINT (-61.223201307878846 -8.230414559523071)
2024,CORTE SELETIVO,C51L41,POINT (-61.20369629634458 -8.24444948031258)
2024,CORTE SELETIVO,C51L41,POINT (-61.2050854620926 -8.240358164094925)
2024,CORTE SELETIVO,C51L41,POINT (-61.20594440435014 -8.234364417470033)
2024,CORTE SELETIVO,C51L41,POINT (-61.202320240735666 -8.234277068090146)
2024,CORTE SELETIVO,C51L41,POINT (-61.197202211731216 -8.240738469837959)
2024,CORTE SELETIVO,C51L41,POINT (-61.19950144714495 -8.234383033271916)
2024,CORTE SELETIVO,C51L41,POINT (-61.198759095877186 -8.233876299536563)
2024,CORTE SELETIVO,C51L41,POINT (-61.19952441898996 -8.232728066600462)
2024,CORTE SELETIVO,C51L41,POINT (-61.19609166650948 -8.187818747226055)
2024,CORTE SELETIVO,C51L41,POINT (-61.19455207392003 -8.182719343026099)
2024,CORTE SELETIVO,C51L41,POINT (-61.19206685680463 -8.17880663344453)
2024,CORTE SELETIVO,C51L41,POINT (-61.18873213644226 -8.178292694804982)
2024,CORTE SELETIVO,C51L41,POINT (-61.18648946886164 -8.18062896334085)
2024,CORTE SELETIVO,C51L41,POINT (-61.18584537216759 -8.1770627392308)
2024,CORTE SELETIVO,C51L41,POINT (-61.18542897650241 -8.176947646820258)
2024,CORTE SELETIVO,C51L41,POINT (-61.18496097368535 -8.175136581763402)
2024,CORTE SELETIVO,C51L41,POINT (-61.183092069150284 -8.174136061242583)
2024,CORTE SELETIVO,C51L41,POINT (-61.1812976703246 -8.183306708374754)
2024,CORTE SELETIVO,C51L41,POINT (-61.162213195154635 -8.249934362058797)
2024,CORTE SELETIVO,C51L41,POINT (-61.160512829098465 -8.249828650441406)
2024,CORTE SELETIVO,C51L41,POINT (-61.16430467170983 -8.249601968538547)
2024,CORTE SELETIVO,C51L41,POINT (-61.15388742072406 -8.249330084865786)
2024,CORTE SELETIVO,C51L41,POINT (-61.16083140978924 -8.24924055358224)
2024,CORTE SELETIVO,C51L41,POINT (-61.145853060643766 -8.24906720418657)
2024,CORTE SELETIVO,C51L41,POINT (-61.14573416141682 -8.248965025365955)
2024,CORTE SELETIVO,C51L41,POINT (-61.145579429188054 -8.248964962278086)
2024,CORTE SELETIVO,C51L41,POINT (-61.159788739215486 -8.248893204887993)
2024,CORTE SELETIVO,C51L41,POINT (-61.160361243599425 -8.247789500151061)
2024,CORTE SELETIVO,C51L41,POINT (-61.15980066685968 -8.247326796180845)
2024,CORTE SELETIVO,C51L41,POINT (-61.160456453038016 -8.247262407002763)
2024,CORTE SELETIVO,C51L41,POINT (-61.16018297587308 -8.247148400167388)
2024,CORTE SELETIVO,C51L41,POINT (-61.16661323782879 -8.246505285479163)
2024,CORTE SELETIVO,C51L41,POINT (-61.16056052645111 -8.246421959963763)
2024,CORTE SELETIVO,C51L41,POINT (-61.166374771911364 -8.24625709567909)
2024,CORTE SELETIVO,C51L41,POINT (-61.158340805548136 -8.246088882013652)
2024,CORTE SELETIVO,C51L41,POINT (-61.163007519171416 -8.245959257485646)
2024,CORTE SELETIVO,C51L41,POINT (-61.1654447893402 -8.24478115327931)
2024,CORTE SELETIVO,C51L41,POINT (-61.15900489366236 -8.24443084429939)
2024,CORTE SELETIVO,C51L41,POINT (-61.15710659537161 -8.24434877444574)
2024,CORTE SELETIVO,C51L41,POINT (-61.16037708886115 -8.244390194566197)
2024,CORTE SELETIVO,C51L41,POINT (-61.1568264153606 -8.244281733167261)
2024,CORTE SELETIVO,C51L41,POINT (-61.15659616906165 -8.244203615270191)
2024,CORTE SELETIVO,C51L41,POINT (-61.16049449143242 -8.244031911036448)
2024,CORTE SELETIVO,C51L41,POINT (-61.15153368765349 -8.243943357024273)
2024,CORTE SELETIVO,C51L41,POINT (-61.147747166100416 -8.243865869202315)
2024,CORTE SELETIVO,C51L41,POINT (-61.15785410738324 -8.243585520094092)
2024,CORTE SELETIVO,C51L41,POINT (-61.159892997384475 -8.242222264217913)
2024,CORTE SELETIVO,C51L41,POINT (-61.16162948107083 -8.242065771337684)
2024,CORTE SELETIVO,C51L41,POINT (-61.16674345874227 -8.241998590959843)
2024,CORTE SELETIVO,C51L41,POINT (-61.14876490904668 -8.241883408774655)
2024,CORTE SELETIVO,C51L41,POINT (-61.14862937757377 -8.241728308608533)
2024,CORTE SELETIVO,C51L41,POINT (-61.15304250247912 -8.241285678154817)
2024,CORTE SELETIVO,C51L41,POINT (-61.11132560222912 -8.24308204916964)
2024,CORTE SELETIVO,C51L41,POINT (-61.10831512945772 -8.242859342668767)
2024,CORTE SELETIVO,C51L41,POINT (-61.11172397489101 -8.23863560710591)
2024,CORTE SELETIVO,C51L41,POINT (-61.112888301131434 -8.23851949753474)
2024,CORTE SELETIVO,C51L41,POINT (-61.11287868773743 -8.238018980510533)
2024,CORTE SELETIVO,C51L41,POINT (-61.1072980505196 -8.237826190291534)
2024,CORTE SELETIVO,C51L41,POINT (-61.105715376072155 -8.237389126500394)
2024,CORTE SELETIVO,C51L41,POINT (-61.10814005674336 -8.236633646076239)
2024,CORTE SELETIVO,C51L41,POINT (-61.107053756332824 -8.235485419346304)
2024,CORTE SELETIVO,C51L41,POINT (-61.11456769925664 -8.234740652447424)
2024,CORTE SELETIVO,C51L41,POINT (-61.11363191463693 -8.234337872200445)
2024,CORTE SELETIVO,C51L41,POINT (-61.110683052748435 -8.233923381758956)
2024,CORTE SELETIVO,C51L41,POINT (-61.11155119367018 -8.23382304541271)
2024,CORTE SELETIVO,C51L41,POINT (-61.11079712634984 -8.233859709516185)
2024,CORTE SELETIVO,C51L41,POINT (-61.106116453135 -8.233088133390979)
2024,CORTE SELETIVO,C51L41,POINT (-61.105682998698995 -8.233054827381563)
2024,CORTE SELETIVO,C51L41,POINT (-61.10791469784583 -8.23291109626505)
2024,CORTE SELETIVO,C51L41,POINT (-61.10543504804801 -8.232858083986903)
2024,CORTE SELETIVO,C51L41,POINT (-61.10880635144471 -8.231394903278098)
2024,CORTE SELETIVO,C51L41,POINT (-61.11362645189808 -8.229952489348495)
2024,CORTE SELETIVO,C51L41,POINT (-61.11340067607152 -8.229973033020793)
2024,CORTE SELETIVO,C51L41,POINT (-61.11432415378169 -8.228878656021998)
2024,CORTE SELETIVO,C51L41,POINT (-61.215897067913204 -8.236294759365169)
2024,CORTE SELETIVO,C51L41,POINT (-61.1900335823457 -8.18798908086293)
2024,CORTE SELETIVO,C51L41,POINT (-61.19319019966267 -8.179878111483587)
2024,CORTE SELETIVO,C51L41,POINT (-61.19265629153973 -8.178767858856315)
2024,CORTE SELETIVO,C51L41,POINT (-61.188908544708816 -8.17822984700858)
2024,CORTE SELETIVO,C51L41,POINT (-61.15317094911061 -8.241293804317856)
2024,CORTE SELETIVO,C51L41,POINT (-61.11492740251045 -8.23443269387552)
2024,CORTE SELETIVO,C51L41,POINT (-61.118482246903326 -8.221877907654788)
2024,CORTE SELETIVO,C51L41,POINT (-61.18358627003672 -8.18506480643226)
2024,CORTE SELETIVO,C51L41,POINT (-61.18090949487811 -8.183055741052636)
2024,CORTE SELETIVO,C51L41,POINT (-61.188861769553235 -8.178136644972978)
2024,CORTE SELETIVO,C51L41,POINT (-61.188791803560235 -8.178025835215374)
2024,CORTE SELETIVO,C51L41,POINT (-61.1487071608525 -8.243265429940038)
2024,CORTE SELETIVO,C51L41,POINT (-61.112986591680496 -8.236576924130787)
2024,CORTE SELETIVO,C51L41,POINT (-61.18680948078696 -8.170574787633823)
2024,CORTE SELETIVO,C51L41,POINT (-61.20703086379546 -8.233537944857618)
2024,CORTE SELETIVO,C51L41,POINT (-61.19619215258965 -8.187918697986897)
2024,CORTE SELETIVO,C51L41,POINT (-61.18923762398233 -8.178256459762338)
2024,CORTE SELETIVO,C51L41,POINT (-61.10936405958029 -8.239224876016008)
2024,CORTE SELETIVO,C51L41,POINT (-61.10593177334832 -8.236492438003019)
2024,CORTE SELETIVO,C51L41,POINT (-61.181018881599655 -8.183118758428131)
2024,CORTE SELETIVO,C51L41,POINT (-61.18540142458663 -8.177201920755303)
2024,CORTE SELETIVO,C51L41,POINT (-61.18519872808902 -8.177288927225328)
2024,CORTE SELETIVO,C51L41,POINT (-61.185423759441456 -8.176875584651144)
2024,CORTE SELETIVO,C51L41,POINT (-61.20679863978482 -8.246150654563461)
2024,CORTE SELETIVO,C51L41,POINT (-61.21984169594909 -8.244443734328717)
2024,CORTE SELETIVO,C51L41,POINT (-61.21171871701017 -8.237808991278435)
2024,CORTE SELETIVO,C51L41,POINT (-61.22736876692146 -8.237728558854773)
2024,CORTE SELETIVO,C51L41,POINT (-61.219439248974965 -8.23518390524599)
2024,CORTE SELETIVO,C51L41,POINT (-61.21940451234757 -8.234850780965589)
2024,CORTE SELETIVO,C51L41,POINT (-61.21933179441264 -8.23479942026763)
2024,CORTE SELETIVO,C51L41,POINT (-61.21698451500619 -8.232292631125766)
2024,CORTE SELETIVO,C51L41,POINT (-61.2168795620032 -8.23200299294017)
2024,CORTE SELETIVO,C51L41,POINT (-61.195706496980364 -8.239880091878987)
2024,CORTE SELETIVO,C51L41,POINT (-61.20311808638319 -8.228651442694451)
2024,CORTE SELETIVO,C51L41,POINT (-61.19649455765001 -8.1866989232382)
2024,CORTE SELETIVO,C51L41,POINT (-61.195118535272364 -8.183744776769792)
2024,CORTE SELETIVO,C51L41,POINT (-61.194984141904925 -8.183532314556954)
2024,CORTE SELETIVO,C51L41,POINT (-61.18909410341517 -8.182657178185986)
2024,CORTE SELETIVO,C51L41,POINT (-61.19285979989444 -8.179081706484622)
2024,CORTE SELETIVO,C51L41,POINT (-61.1927395287381 -8.17896467328365)
2024,CORTE SELETIVO,C51L41,POINT (-61.18484300780641 -8.183970293342629)
2024,CORTE SELETIVO,C51L41,POINT (-61.18447933509739 -8.183328337103609)
2024,CORTE SELETIVO,C51L41,POINT (-61.184320472487194 -8.18235205564615)
2024,CORTE SELETIVO,C51L41,POINT (-61.18389555979444 -8.182172959866579)
2024,CORTE SELETIVO,C51L41,POINT (-61.18535299014617 -8.181521120073423)
2024,CORTE SELETIVO,C51L41,POINT (-61.18752425044423 -8.177651394759668)
2024,CORTE SELETIVO,C51L41,POINT (-61.18520102547097 -8.177313502338059)
2024,CORTE SELETIVO,C51L41,POINT (-61.185294497506405 -8.176714555275835)
2024,CORTE SELETIVO,C51L41,POINT (-61.184847943580436 -8.176799239278768)
2024,CORTE SELETIVO,C51L41,POINT (-61.187787176951026 -8.176618564687566)
2024,CORTE SELETIVO,C51L41,POINT (-61.185816679546626 -8.175989827417288)
2024,CORTE SELETIVO,C51L41,POINT (-61.18465511730015 -8.175492059889455)
2024,CORTE SELETIVO,C51L41,POINT (-61.18196193090598 -8.183726818246848)
2024,CORTE SELETIVO,C51L41,POINT (-61.182925028798664 -8.182616744598112)
2024,CORTE SELETIVO,C51L41,POINT (-61.18326004856859 -8.182032377281901)
2024,CORTE SELETIVO,C51L41,POINT (-61.18341057311726 -8.181927791214823)
2024,CORTE SELETIVO,C51L41,POINT (-61.182948580369576 -8.181743105095174)
2024,CORTE SELETIVO,C51L41,POINT (-61.18216096736546 -8.18164956563392)
2024,CORTE SELETIVO,C51L41,POINT (-61.182095136473706 -8.181583924287088)
2024,CORTE SELETIVO,C51L41,POINT (-61.18176043241399 -8.176879191804138)
2024,CORTE SELETIVO,C51L41,POINT (-61.181562253777436 -8.17472425996676)
2024,CORTE SELETIVO,C51L41,POINT (-61.166531165984075 -8.24488840911231)
2024,CORTE SELETIVO,C51L41,POINT (-61.160570157485125 -8.243505566932678)
2024,CORTE SELETIVO,C51L41,POINT (-61.16049344352698 -8.243435521816668)
2024,CORTE SELETIVO,C51L41,POINT (-61.17161245698962 -8.198461040689415)
2024,CORTE SELETIVO,C51L41,POINT (-61.17123613034496 -8.197970633618121)
2024,CORTE SELETIVO,C51L41,POINT (-61.17486288953216 -8.17430245628829)
2024,CORTE SELETIVO,C51L41,POINT (-61.170363475705635 -8.172208120512026)
2024,CORTE SELETIVO,C51L41,POINT (-61.17026741256657 -8.172150556583953)
2024,CORTE SELETIVO,C51L41,POINT (-61.1704420180829 -8.17193512135166)
2024,CORTE SELETIVO,C51L41,POINT (-61.17025936633228 -8.17183251955281)
2024,CORTE SELETIVO,C51L41,POINT (-61.170631391911044 -8.17189756264946)
2024,CORTE SELETIVO,C51L41,POINT (-61.17071248361576 -8.171248906576228)
2024,CORTE SELETIVO,C51L41,POINT (-61.170956897410605 -8.171249057903808)
2024,CORTE SELETIVO,C51L41,POINT (-61.142635822364035 -8.248484998064484)
2024,CORTE SELETIVO,C51L41,POINT (-61.151136281605105 -8.24486211208979)
2024,CORTE SELETIVO,C51L41,POINT (-61.15299817899888 -8.243780185816915)
2024,CORTE SELETIVO,C51L41,POINT (-61.153062305884006 -8.243649787385372)
2024,CORTE SELETIVO,C51L41,POINT (-61.14884115828218 -8.243174628812119)
2024,CORTE SELETIVO,C51L41,POINT (-61.117919647240235 -8.223287911638732)
2024,CORTE SELETIVO,C51L41,POINT (-61.109525309159935 -8.239931909918921)
2024,CORTE SELETIVO,C51L41,POINT (-61.10606080689239 -8.236472373825238)
2024,CORTE SELETIVO,C51L41,POINT (-61.09775063542492 -8.23636836123546)
2024,CORTE SELETIVO,C51L41,POINT (-61.10522105750513 -8.235915258702079)
2024,CORTE SELETIVO,C51L41,POINT (-61.105301603354924 -8.23511024757546)
2024,CORTE SELETIVO,C51L41,POINT (-61.117470847048466 -8.235137485163422)
2024,CORTE SELETIVO,C51L41,POINT (-61.10698573151713 -8.23491098982276)
2024,CORTE SELETIVO,C51L41,POINT (-61.107106639482865 -8.234820155899875)
2024,CORTE SELETIVO,C51L41,POINT (-61.108325675102925 -8.234200020668005)
2024,CORTE SELETIVO,C51L41,POINT (-61.09597947467069 -8.234054710119068)
2024,CORTE SELETIVO,C51L41,POINT (-61.10569922018301 -8.23259653647535)
2024,CORTE SELETIVO,C51L41,POINT (-61.113578194140736 -8.23001682090494)
2024,CORTE SELETIVO,C51L41,POINT (-61.11364085948202 -8.223774311510054)
2024,CORTE SELETIVO,C51L41,POINT (-61.22424937065297 -8.247309350249592)
2024,CORTE SELETIVO,C51L41,POINT (-61.22169504571655 -8.242286221589543)
2024,CORTE SELETIVO,C51L41,POINT (-61.221256105481324 -8.23502863260436)
2024,CORTE SELETIVO,C51L41,POINT (-61.22329401154378 -8.230724885411497)
2024,CORTE SELETIVO,C51L41,POINT (-61.19638779508542 -8.240053278114463)
2024,CORTE SELETIVO,C51L41,POINT (-61.19482789997065 -8.18882710157682)
2024,CORTE SELETIVO,C51L41,POINT (-61.19611255082723 -8.188087441354215)
2024,CORTE SELETIVO,C51L41,POINT (-61.19717915423008 -8.187556555563141)
2024,CORTE SELETIVO,C51L41,POINT (-61.196964447740825 -8.187451514918015)
2024,CORTE SELETIVO,C51L41,POINT (-61.197014102983715 -8.187389892345633)
2024,CORTE SELETIVO,C51L41,POINT (-61.19696112815852 -8.187222530490635)
2024,CORTE SELETIVO,C51L41,POINT (-61.196749410423536 -8.187147435146413)
2024,CORTE SELETIVO,C51L41,POINT (-61.19648762110491 -8.18651075572943)
2024,CORTE SELETIVO,C51L41,POINT (-61.19639694281817 -8.186435859481467)
2024,CORTE SELETIVO,C51L41,POINT (-61.194082626775966 -8.181567294170264)
2024,CORTE SELETIVO,C51L41,POINT (-61.193370325541345 -8.180210554419544)
2024,CORTE SELETIVO,C51L41,POINT (-61.19279810329784 -8.178891621828399)
2024,CORTE SELETIVO,C51L41,POINT (-61.19243781467225 -8.17870111616903)
2024,CORTE SELETIVO,C51L41,POINT (-61.19176271346626 -8.178668118124397)
2024,CORTE SELETIVO,C51L41,POINT (-61.19114350350045 -8.17862316813647)
2024,CORTE SELETIVO,C51L41,POINT (-61.1892857001092 -8.178393850442463)
2024,CORTE SELETIVO,C51L41,POINT (-61.18904761962168 -8.178397920093728)
2024,CORTE SELETIVO,C51L41,POINT (-61.18077127544844 -8.182631791957574)
2024,CORTE SELETIVO,C51L41,POINT (-61.18870751260218 -8.178381831453795)
2024,CORTE SELETIVO,C51L41,POINT (-61.18887044270469 -8.178290425468647)
2024,CORTE SELETIVO,C51L41,POINT (-61.18673798472671 -8.177967799011764)
2024,CORTE SELETIVO,C51L41,POINT (-61.186329716682096 -8.177555949834828)
2024,CORTE SELETIVO,C51L41,POINT (-61.18554828389505 -8.177424724136454)
2024,CORTE SELETIVO,C51L41,POINT (-61.18502863333533 -8.177101042313273)
2024,CORTE SELETIVO,C51L41,POINT (-61.18491689753889 -8.177082358954701)
2024,CORTE SELETIVO,C51L41,POINT (-61.18376247873991 -8.176858835552705)
2024,CORTE SELETIVO,C51L41,POINT (-61.183775997813704 -8.176419131185375)
2024,CORTE SELETIVO,C51L41,POINT (-61.184356255223186 -8.17592045615207)
2024,CORTE SELETIVO,C51L41,POINT (-61.18448033631123 -8.175410969711994)
2024,CORTE SELETIVO,C51L41,POINT (-61.1442090206861 -8.247366427886528)
2024,CORTE SELETIVO,C51L41,POINT (-61.1442207420429 -8.247184005131526)
2024,CORTE SELETIVO,C51L41,POINT (-61.14410876616337 -8.247040171596879)
2024,CORTE SELETIVO,C51L41,POINT (-61.144199791160624 -8.246795556000494)
2024,CORTE SELETIVO,C51L41,POINT (-61.11285373898771 -8.236483604067747)
2024,CORTE SELETIVO,C51L41,POINT (-61.09729538777589 -8.231583607788979)
2024,CORTE SELETIVO,C51L41,POINT (-61.11349732846051 -8.230039137332748)
2024,CORTE SELETIVO,C51L41,POINT (-61.09625218347257 -8.229576398160019)
2024,CORTE SELETIVO,C51L41,POINT (-61.17168040196249 -8.198856868011672)
2024,CORTE SELETIVO,C51L41,POINT (-61.17152907756596 -8.198559089701305)
2024,CORTE SELETIVO,C51L41,POINT (-61.22137325916821 -8.231306013321095)
2024,CORTE SELETIVO,C51L41,POINT (-61.194563559957906 -8.182905312609504)
2024,CORTE SELETIVO,C51L41,POINT (-61.18602539596163 -8.177649780158328)
2024,CORTE SELETIVO,C51L41,POINT (-61.18672428593694 -8.170428469277434)
2024,CORTE SELETIVO,C51L41,POINT (-61.11251888052913 -8.238403892691414)
2024,CORTE SELETIVO,C51L41,POINT (-61.1821040573057 -8.183941603323962)
2024,CORTE SELETIVO,C51L41,POINT (-61.18184295236831 -8.183666493759825)
2024,CORTE SELETIVO,C51L41,POINT (-61.18595461274156 -8.177553090340501)
2024,CORTE SELETIVO,C51L41,POINT (-61.18518285361662 -8.17715514546778)
2024,CORTE SELETIVO,C51L41,POINT (-61.18505879584137 -8.177066782335075)
2024,CORTE SELETIVO,C51L41,POINT (-61.177923913194135 -8.171178839735854)
2024,CORTE SELETIVO,C51L41,POINT (-61.22153683680968 -8.2422544069914)
2024,CORTE SELETIVO,C51L41,POINT (-61.21974449257554 -8.241324747145265)
2024,CORTE SELETIVO,C51L41,POINT (-61.20700913256998 -8.233438375706477)
2024,CORTE SELETIVO,C51L41,POINT (-61.22135064815483 -8.23127637992769)
2024,CORTE SELETIVO,C51L41,POINT (-61.18587974991507 -8.177520228063406)
2024,CORTE SELETIVO,C51L41,POINT (-61.11340485972192 -8.230214315631175)
2024,CORTE SELETIVO,C51L41,POINT (-61.11352326828395 -8.230155275859639)
2024,CORTE SELETIVO,C51L41,POINT (-61.18099741175551 -8.183189926943921)
2024,CORTE SELETIVO,C51L41,POINT (-61.17791382433174 -8.171038462046441)
2024,CORTE SELETIVO,C51L41,POINT (-61.19747403703114 -8.240952104394824)
2024,CORTE SELETIVO,C51L41,POINT (-61.223377099709744 -8.230600243514182)
2024,CORTE SELETIVO,C51L41,POINT (-61.18670156776965 -8.180521926822287)
2024,CORTE SELETIVO,C51L41,POINT (-61.186183997374066 -8.177756304156553)
2024,CORTE SELETIVO,C51L41,POINT (-61.11297762929708 -8.236414514252864)
2024,CORTE SELETIVO,C51L41,POINT (-61.097162938210325 -8.231653545762295)
2024,CORTE SELETIVO,C51L41,POINT (-61.113446146847295 -8.230308048610958)
2024,CORTE SELETIVO,C51L41,POINT (-61.09640906619561 -8.229787182034777)
2024,CORTE SELETIVO,C51L41,POINT (-61.182330640691355 -8.184122089780145)
2024,CORTE SELETIVO,C51L41,POINT (-61.1807408496381 -8.182425346949929)
2024,CORTE SELETIVO,C51L41,POINT (-61.18180593236993 -8.180188677072353)
2024,CORTE SELETIVO,C51L41,POINT (-61.194866976976485 -8.188320835222608)
2024,CORTE SELETIVO,C51L41,POINT (-61.1834118967368 -8.184908571055578)
2024,CORTE SELETIVO,C51L41,POINT (-61.19422364577758 -8.181779685253218)
2024,CORTE SELETIVO,C51L41,POINT (-61.18633217482486 -8.177647512476755)
2024,CORTE SELETIVO,C51L41,POINT (-61.184325516298294 -8.175886845379644)
2024,CORTE SELETIVO,C51L41,POINT (-61.159344193658896 -8.245561187165805)
2024,CORTE SELETIVO,C51L41,POINT (-61.14858381064812 -8.241890703616342)
2024,CORTE SELETIVO,C51L41,POINT (-61.112589210789906 -8.238591862388896)
2024,CORTE SELETIVO,C51L41,POINT (-61.09719519599862 -8.231540040545166)
2024,CORTE SELETIVO,C51L41,POINT (-61.09650472147511 -8.229659099987206)
2024,CORTE SELETIVO,C51L41,POINT (-61.171686746573215 -8.198744559043751)
2024,CORTE SELETIVO,C51L41,POINT (-61.2216718678333 -8.242165469119241)
2024,CORTE SELETIVO,C51L41,POINT (-61.18468209399565 -8.18596330080536)
2024,CORTE SELETIVO,C51L41,POINT (-61.18683382064891 -8.170427601890662)
2024,CORTE SELETIVO,C51L41,POINT (-61.17152915444541 -8.198429902937473)
2024,CORTE SELETIVO,C51L41,POINT (-61.181744708372435 -8.180278223865098)
2024,CORTE SELETIVO,C51L41,POINT (-61.224315437373356 -8.247176145125886)
2024,CORTE SELETIVO,C51L41,POINT (-61.194572715356905 -8.18286341544143)
2024,CORTE SELETIVO,C51L41,POINT (-61.185646554975364 -8.177556307036427)
2024,CORTE SELETIVO,C51L41,POINT (-61.18567729293696 -8.177339338966128)
2024,CORTE SELETIVO,C51L41,POINT (-61.09712697300567 -8.231487474357369)
2024,CORTE SELETIVO,C51L41,POINT (-61.171732865168515 -8.198790628379816)
2024,CORTE SELETIVO,C51L41,POINT (-61.22323519916866 -8.230680564336756)
2024,CORTE SELETIVO,C51L41,POINT (-61.20338336952076 -8.228553701114063)
2024,CORTE SELETIVO,C51L41,POINT (-61.18676687660296 -8.170511076443638)
2024,CORTE SELETIVO,C51L41,POINT (-61.11369326591637 -8.230128426077878)
2024,CORTE SELETIVO,C51L41,POINT (-61.09637807458528 -8.229672119298137)
2024,CORTE SELETIVO,C51L41,POINT (-61.16889046938427 -8.219338169860123)
2024,CORTE SELETIVO,C51L41,POINT (-61.181918926764766 -8.183833762709172)
2024,CORTE SELETIVO,C51L41,POINT (-61.17077823487358 -8.171144766952537)
2024,CORTE SELETIVO,C51L41,POINT (-61.18625518904792 -8.17756791275497)
2024,CORTE SELETIVO,C51L41,POINT (-61.18567862342722 -8.177495559414611)
2024,CORTE SELETIVO,C51L41,POINT (-61.18541376813187 -8.176718784289314)
2024,CORTE SELETIVO,C51L41,POINT (-61.09649714629788 -8.229461444404086)
2024,CORTE SELETIVO,C51L41,POINT (-61.1713286549456 -8.19799933409384)
2024,CORTE SELETIVO,C51L41,POINT (-61.17422028512753 -8.17743604718723)
2024,CORTE SELETIVO,C51L41,POINT (-61.221707484552574 -8.242199268098974)
2024,CORTE SELETIVO,C51L41,POINT (-61.18625928829494 -8.177672573497587)
2024,CORTE SELETIVO,C51L41,POINT (-61.18603643487259 -8.177539334563656)
2024,CORTE SELETIVO,C51L41,POINT (-61.18571366758837 -8.177589075344835)
2024,CORTE SELETIVO,C51L41,POINT (-61.144092138168844 -8.246795009221247)
2024,CORTE SELETIVO,C51L41,POINT (-61.18086345701931 -8.183025472434908)
2024,CORTE SELETIVO,C51L41,POINT (-61.181750242114816 -8.180199695636803)
2024,CORTE SELETIVO,C51L41,POINT (-61.185199868505805 -8.17705667562748)
2024,CORTE SELETIVO,C51L41,POINT (-61.18443135489565 -8.175845326454604)
2024,CORTE SELETIVO,C51L41,POINT (-61.22151771843047 -8.231351199665811)
2024,CORTE SELETIVO,C51L41,POINT (-61.18321891059334 -8.184864877424946)
2024,CORTE SELETIVO,C51L41,POINT (-61.18598890337696 -8.177453432139526)
2024,CORTE SELETIVO,C51L41,POINT (-61.18678919954985 -8.170627105851349)
2024,CORTE SELETIVO,C51L41,POINT (-61.14418397730695 -8.24692450599595)
2024,CORTE SELETIVO,C51L41,POINT (-61.10945803650876 -8.23987837461984)
2024,CORTE SELETIVO,C51L41,POINT (-61.11275008767462 -8.237502204712138)
2024,CORTE SELETIVO,C51L41,POINT (-61.11301965985576 -8.2365086520592)
2024,CORTE SELETIVO,C51L41,POINT (-61.17069453819688 -8.171110703414081)
2024,CORTE SELETIVO,C51L41,POINT (-61.221568519432935 -8.242014748290359)
2024,CORTE SELETIVO,C51L41,POINT (-61.2217791698864 -8.241885448434575)
2024,CORTE SELETIVO,C51L41,POINT (-61.21996198446933 -8.241227725853719)
2024,CORTE SELETIVO,C51L41,POINT (-61.22409752670354 -8.240121814872541)
2024,CORTE SELETIVO,C51L41,POINT (-61.21921243495422 -8.239996819031308)
2024,CORTE SELETIVO,C51L41,POINT (-61.22379858802408 -8.239776835232714)
2024,CORTE SELETIVO,C51L41,POINT (-61.22358325252307 -8.239630635407897)
2024,CORTE SELETIVO,C51L41,POINT (-61.2117541904398 -8.2384325238063)
2024,CORTE SELETIVO,C51L41,POINT (-61.22720327595481 -8.237647738686917)
2024,CORTE SELETIVO,C51L41,POINT (-61.210163667289386 -8.237593598623109)
2024,CORTE SELETIVO,C51L41,POINT (-61.219272296666205 -8.23487003682536)
2024,CORTE SELETIVO,C51L41,POINT (-61.21350773272076 -8.233793459393707)
2024,CORTE SELETIVO,C51L41,POINT (-61.22179094711196 -8.231127942379201)
2024,CORTE SELETIVO,C51L41,POINT (-61.22303754865579 -8.230500013522823)
2024,CORTE SELETIVO,C51L41,POINT (-61.222353737707294 -8.228990880783371)
2024,CORTE SELETIVO,C51L41,POINT (-61.20588915530448 -8.24887140389768)
2024,CORTE SELETIVO,C51L41,POINT (-61.20618955261125 -8.248536055339502)
2024,CORTE SELETIVO,C51L41,POINT (-61.2065439448989 -8.243815041570901)
2024,CORTE SELETIVO,C51L41,POINT (-61.197442260427366 -8.241044680848445)
2024,CORTE SELETIVO,C51L41,POINT (-61.205073153628604 -8.234673372761687)
2024,CORTE SELETIVO,C51L41,POINT (-61.1834297705607 -8.185010931167616)
2024,CORTE SELETIVO,C51L41,POINT (-61.18272821279072 -8.184560689543918)
2024,CORTE SELETIVO,C51L41,POINT (-61.1832602917803 -8.181862275826552)
2024,CORTE SELETIVO,C51L41,POINT (-61.18287311478115 -8.181636912981242)
2024,CORTE SELETIVO,C51L41,POINT (-61.18457052921407 -8.179609492562134)
2024,CORTE SELETIVO,C51L41,POINT (-61.18570425993233 -8.177349517217491)
2024,CORTE SELETIVO,C51L41,POINT (-61.18703547300553 -8.177103389601465)
2024,CORTE SELETIVO,C51L41,POINT (-61.18688355091395 -8.176849508208903)
2024,CORTE SELETIVO,C51L41,POINT (-61.18590183807483 -8.176140146482949)
2024,CORTE SELETIVO,C51L41,POINT (-61.18592859217381 -8.175411109341795)
2024,CORTE SELETIVO,C51L41,POINT (-61.1843734494261 -8.173869683620257)
2024,CORTE SELETIVO,C51L41,POINT (-61.18400915691938 -8.173137185939565)
2024,CORTE SELETIVO,C51L41,POINT (-61.18242113800975 -8.184352452818283)
2024,CORTE SELETIVO,C51L41,POINT (-61.180747038972065 -8.182705944405742)
2024,CORTE SELETIVO,C51L41,POINT (-61.180547295844526 -8.181933703295043)
2024,CORTE SELETIVO,C51L41,POINT (-61.180727305646926 -8.181768784418745)
2024,CORTE SELETIVO,C51L41,POINT (-61.18057330243744 -8.18017329835619)
2024,CORTE SELETIVO,C51L41,POINT (-61.18154374630574 -8.174433405360764)
2024,CORTE SELETIVO,C51L41,POINT (-61.18257889530699 -8.174118015857655)
2024,CORTE SELETIVO,C51L41,POINT (-61.180468688053715 -8.172156212583516)
2024,CORTE SELETIVO,C51L41,POINT (-61.1803161646357 -8.171701579131042)
2024,CORTE SELETIVO,C51L41,POINT (-61.180504581922044 -8.171725746049855)
2024,CORTE SELETIVO,C51L41,POINT (-61.18067874101712 -8.171221143332883)
2024,CORTE SELETIVO,C51L41,POINT (-61.18037746799907 -8.171105251655915)
2024,CORTE SELETIVO,C51L41,POINT (-61.18021900262288 -8.171014467706032)
2024,CORTE SELETIVO,C51L41,POINT (-61.18030580049284 -8.170991078190504)
2024,CORTE SELETIVO,C51L41,POINT (-61.17939784970895 -8.168661213086354)
2024,CORTE SELETIVO,C51L41,POINT (-61.171809168495116 -8.198463547264703)
2024,CORTE SELETIVO,C51L41,POINT (-61.173419132727865 -8.176572366780743)
2024,CORTE SELETIVO,C51L41,POINT (-61.1729315931522 -8.176386034330081)
2024,CORTE SELETIVO,C51L41,POINT (-61.17348115945419 -8.176338090693836)
2024,CORTE SELETIVO,C51L41,POINT (-61.17410015594865 -8.175739476581928)
2024,CORTE SELETIVO,C51L41,POINT (-61.17432834642695 -8.174589645196598)
2024,CORTE SELETIVO,C51L41,POINT (-61.17503311285082 -8.174476547414061)
2024,CORTE SELETIVO,C51L41,POINT (-61.17462755954092 -8.174343277001126)
2024,CORTE SELETIVO,C51L41,POINT (-61.172589058767564 -8.174115318934136)
2024,CORTE SELETIVO,C51L41,POINT (-61.17188814479998 -8.17149740440001)
2024,CORTE SELETIVO,C51L41,POINT (-61.176889067128506 -8.169908065436896)
2024,CORTE SELETIVO,C51L41,POINT (-61.14260506570664 -8.24862343940765)
2024,CORTE SELETIVO,C51L41,POINT (-61.14246682977469 -8.248488813481126)
2024,CORTE SELETIVO,C51L41,POINT (-61.142664724058854 -8.248306465082372)
2024,CORTE SELETIVO,C51L41,POINT (-61.14434542600011 -8.247143835357289)
2024,CORTE SELETIVO,C51L41,POINT (-61.14390115224504 -8.246717346518764)
2024,CORTE SELETIVO,C51L41,POINT (-61.14584552815233 -8.246354005573481)
2024,CORTE SELETIVO,C51L41,POINT (-61.14239747359896 -8.245419279830545)
2024,CORTE SELETIVO,C51L41,POINT (-61.1604679545798 -8.245403516382426)
2024,CORTE SELETIVO,C51L41,POINT (-61.15118113716702 -8.24527566774916)
2024,CORTE SELETIVO,C51L41,POINT (-61.151125977726544 -8.244963264598638)
2024,CORTE SELETIVO,C51L41,POINT (-61.16007753667154 -8.244601713863075)
2024,CORTE SELETIVO,C51L41,POINT (-61.16050606857952 -8.243877678210103)
2024,CORTE SELETIVO,C51L41,POINT (-61.16060306876458 -8.243726580687866)
2024,CORTE SELETIVO,C51L41,POINT (-61.1600248187384 -8.243681178668663)
2024,CORTE SELETIVO,C51L41,POINT (-61.14407233286812 -8.243663151934635)
2024,CORTE SELETIVO,C51L41,POINT (-61.14372298682693 -8.24327206186569)
2024,CORTE SELETIVO,C51L41,POINT (-61.14855583020216 -8.241955326442683)
2024,CORTE SELETIVO,C51L41,POINT (-61.14832597856849 -8.241802167357724)
2024,CORTE SELETIVO,C51L41,POINT (-61.13981449643739 -8.240777024574033)
2024,CORTE SELETIVO,C51L41,POINT (-61.10946646616024 -8.238983884943181)
2024,CORTE SELETIVO,C51L41,POINT (-61.11195069878119 -8.238626923264423)
2024,CORTE SELETIVO,C51L41,POINT (-61.11290776273735 -8.238532976733385)
2024,CORTE SELETIVO,C51L41,POINT (-61.11090280822797 -8.238252789283436)
2024,CORTE SELETIVO,C51L41,POINT (-61.11285475742998 -8.23784974535058)
2024,CORTE SELETIVO,C51L41,POINT (-61.10829656462008 -8.237907702964629)
2024,CORTE SELETIVO,C51L41,POINT (-61.097574575627696 -8.236092855216915)
2024,CORTE SELETIVO,C51L41,POINT (-61.110427367719716 -8.235891647755235)
2024,CORTE SELETIVO,C51L41,POINT (-61.105465928831755 -8.235777517723758)
2024,CORTE SELETIVO,C51L41,POINT (-61.10548363914173 -8.235466345079818)
2024,CORTE SELETIVO,C51L41,POINT (-61.09365093931027 -8.23523631986479)
2024,CORTE SELETIVO,C51L41,POINT (-61.09340424777683 -8.23511466748143)
2024,CORTE SELETIVO,C51L41,POINT (-61.107263408048176 -8.234802308799049)
2024,CORTE SELETIVO,C51L41,POINT (-61.093990598597784 -8.23471648311691)
2024,CORTE SELETIVO,C51L41,POINT (-61.11755567559422 -8.233535602952019)
2024,CORTE SELETIVO,C51L41,POINT (-61.117384581820204 -8.233149303642167)
2024,CORTE SELETIVO,C51L41,POINT (-61.10849082767085 -8.231490818782168)
2024,CORTE SELETIVO,C51L41,POINT (-61.10890006309243 -8.231219782892397)
2024,CORTE SELETIVO,C51L41,POINT (-61.11350644279168 -8.230262894962573)
2024,CORTE SELETIVO,C51L41,POINT (-61.113539036944715 -8.229608918258585)
2024,CORTE SELETIVO,C51L41,POINT (-61.09648181029403 -8.229567176920417)
2024,CORTE SELETIVO,C51L41,POINT (-61.10612910151431 -8.22895372806508)
2024,CORTE SELETIVO,C51L41,POINT (-61.09577665472889 -8.228753710208942)
2024,CORTE SELETIVO,C51L41,POINT (-61.10647358368565 -8.228573599739288)
2024,CORTE SELETIVO,C51L41,POINT (-61.10479380432646 -8.2284796165171)
2024,CORTE SELETIVO,C51L41,POINT (-61.113320262923146 -8.227926132235849)
2024,CORTE SELETIVO,C51L41,POINT (-61.113954106396406 -8.22402548726935)
2024,CORTE SELETIVO,C51L41,POINT (-61.1183008843046 -8.221814016550404)
2024,CORTE SELETIVO,C51L41,POINT (-61.11857331351882 -8.22171686975882)
2024,CORTE SELETIVO,C51L41,POINT (-61.118702212823855 -8.221667409123325)
2024,CORTE SELETIVO,C51L41,POINT (-61.224435385117744 -8.24707555970326)
2024,CORTE SELETIVO,C51L41,POINT (-61.194812304112226 -8.183482760542836)
2024,CORTE SELETIVO,C51L41,POINT (-61.19422366131719 -8.181699067634346)
2024,CORTE SELETIVO,C51L41,POINT (-61.18626642199284 -8.17773289068928)
2024,CORTE SELETIVO,C51L41,POINT (-61.18616954253494 -8.177561189089051)
2024,CORTE SELETIVO,C51L41,POINT (-61.18604458079525 -8.177491883622917)
2024,CORTE SELETIVO,C51L41,POINT (-61.185734002381345 -8.177456371693424)
2024,CORTE SELETIVO,C51L41,POINT (-61.1846666781844 -8.176801947988068)
2024,CORTE SELETIVO,C51L41,POINT (-61.18379826418594 -8.176157918007897)
2024,CORTE SELETIVO,C51L41,POINT (-61.18536661789637 -8.173145072394929)
2024,CORTE SELETIVO,C51L41,POINT (-61.185473054561676 -8.172993683198815)
2024,CORTE SELETIVO,C51L41,POINT (-61.18597638830327 -8.172584295506512)
2024,CORTE SELETIVO,C51L41,POINT (-61.14567041843705 -8.249335833855636)
2024,CORTE SELETIVO,C51L41,POINT (-61.14586507268151 -8.249133952186986)
2024,CORTE SELETIVO,C51L41,POINT (-61.15382251144962 -8.249181254214)
2024,CORTE SELETIVO,C51L41,POINT (-61.14557668575367 -8.249038773653371)
2024,CORTE SELETIVO,C51L41,POINT (-61.106279305379125 -8.236498251984255)
2024,CORTE SELETIVO,C51L41,POINT (-61.096522681461195 -8.229581591825617)
2024,CORTE SELETIVO,C51L41,POINT (-61.09352009910008 -8.23501141981289)
2024,CORTE SELETIVO,C51L41,POINT (-61.097056739084046 -8.23167676162761)
2024,CORTE SELETIVO,C51L41,POINT (-61.17169563848634 -8.198673753142648)
2024,CORTE SELETIVO,C51L41,POINT (-61.20983317265535 -8.232346325430967)
2024,CORTE SELETIVO,C51L41,POINT (-61.22295471363355 -8.230578462397064)
2024,CORTE SELETIVO,C51L41,POINT (-61.16872059497183 -8.219312611659104)
2024,CORTE SELETIVO,C51L41,POINT (-61.22447502338992 -8.247185457014423)
2024,CORTE SELETIVO,C51L41,POINT (-61.19642593403432 -8.240114666643462)
2024,CORTE SELETIVO,C51L41,POINT (-61.21948734136094 -8.23490258069525)
2024,CORTE SELETIVO,C51L41,POINT (-61.1852698609795 -8.186598886736366)
2024,CORTE SELETIVO,C51L41,POINT (-61.09333983437172 -8.235083702794052)
2024,CORTE SELETIVO,C51L41,POINT (-61.09692411922853 -8.231649719830427)
2024,CORTE SELETIVO,C51L41,POINT (-61.174284554435786 -8.177556665096748)
2024,CORTE SELETIVO,C51L41,POINT (-61.223171014748786 -8.230519534020308)
2024,CORTE SELETIVO,C51L41,POINT (-61.11720150444022 -8.235373435805528)
2024,CORTE SELETIVO,C51L41,POINT (-61.22425721798714 -8.247082467668408)
2024,CORTE SELETIVO,C51L41,POINT (-61.14559197496228 -8.249193086408951)
2024,CORTE SELETIVO,C51L41,POINT (-61.09345100015687 -8.235071083743316)
2024,CORTE SELETIVO,C51L41,POINT (-61.185059984885314 -8.186408391808097)
2024,CORTE SELETIVO,C51L41,POINT (-61.17034568519155 -8.176769427302672)
2024,CORTE SELETIVO,C51L41,POINT (-61.22446596315721 -8.247298028018365)
2024,CORTE SELETIVO,C51L41,POINT (-61.223278384483415 -8.230556279418712)
2024,CORTE SELETIVO,C51L41,POINT (-61.0970951752671 -8.231559929233713)
2024,CORTE SELETIVO,C51L41,POINT (-61.185340630367335 -8.186684217533957)
2024,CORTE SELETIVO,C51L41,POINT (-61.1173195842128 -8.235330386352258)
2024,CORTE SELETIVO,C51L41,POINT (-61.09353676351083 -8.234925991179127)
2024,CORTE SELETIVO,C51L41,POINT (-61.20971378624542 -8.23237641171982)
2024,CORTE SELETIVO,C51L41,POINT (-61.18510415487303 -8.186522825722825)
2024,CORTE SELETIVO,C51L41,POINT (-61.18481714146393 -8.186302888035433)
2024,CORTE SELETIVO,C51L41,POINT (-61.17789619340756 -8.179128378201755)
2024,CORTE SELETIVO,C51L41,POINT (-61.22458715630034 -8.247159415629286)
2024,CORTE SELETIVO,C51L41,POINT (-61.22180540363257 -8.241972900776453)
2024,CORTE SELETIVO,C51L41,POINT (-61.21951059202331 -8.234971211294141)
2024,CORTE SELETIVO,C51L41,POINT (-61.21350794648895 -8.233859001110478)
2024,CORTE SELETIVO,C51L41,POINT (-61.221303741731 -8.232910175713423)
2024,CORTE SELETIVO,C51L41,POINT (-61.20987023014972 -8.23245750066874)
2024,CORTE SELETIVO,C51L41,POINT (-61.22171722124888 -8.231298490910783)
2024,CORTE SELETIVO,C51L41,POINT (-61.22179937273646 -8.231077351677223)
2024,CORTE SELETIVO,C51L41,POINT (-61.223257631115885 -8.230839322876994)
2024,CORTE SELETIVO,C51L41,POINT (-61.1973761553021 -8.240797908500774)
2024,CORTE SELETIVO,C51L41,POINT (-61.19653965243253 -8.240197308420484)
2024,CORTE SELETIVO,C51L41,POINT (-61.20693543730125 -8.233517150084404)
2024,CORTE SELETIVO,C51L41,POINT (-61.20330864695504 -8.229491693068619)
2024,CORTE SELETIVO,C51L41,POINT (-61.203372264861095 -8.229288146464263)
2024,CORTE SELETIVO,C51L41,POINT (-61.20453300887191 -8.228628262304921)
2024,CORTE SELETIVO,C51L41,POINT (-61.18344941205042 -8.181836173873677)
2024,CORTE SELETIVO,C51L41,POINT (-61.18270574497407 -8.181311856430614)
2024,CORTE SELETIVO,C51L41,POINT (-61.175280852967035 -8.174583205779758)
2024,CORTE SELETIVO,C51L41,POINT (-61.17492505942568 -8.174334540805319)
2024,CORTE SELETIVO,C51L41,POINT (-61.184488116332986 -8.173718550203265)
2024,CORTE SELETIVO,C51L41,POINT (-61.184175453467745 -8.173153227223205)
2024,CORTE SELETIVO,C51L41,POINT (-61.17591851937061 -8.17290821492802)
2024,CORTE SELETIVO,C51L41,POINT (-61.18101578301018 -8.17295401260221)
2024,CORTE SELETIVO,C51L41,POINT (-61.18049659097137 -8.171773889399812)
2024,CORTE SELETIVO,C51L41,POINT (-61.17928109767234 -8.168462351467802)
2024,CORTE SELETIVO,C51L41,POINT (-61.160149464817735 -8.2446376459297)
2024,CORTE SELETIVO,C51L41,POINT (-61.16010567352009 -8.24401015196364)
2024,CORTE SELETIVO,C51L41,POINT (-61.171784217537585 -8.198685929396653)
2024,CORTE SELETIVO,C51L41,POINT (-61.17238780490643 -8.174007378996215)
2024,CORTE SELETIVO,C51L41,POINT (-61.17013632698775 -8.171848773520038)
2024,CORTE SELETIVO,C51L41,POINT (-61.14558085418728 -8.249327501620897)
2024,CORTE SELETIVO,C51L41,POINT (-61.142354927048004 -8.248658384710414)
2024,CORTE SELETIVO,C51L41,POINT (-61.14270097923019 -8.248406592880464)
2024,CORTE SELETIVO,C51L41,POINT (-61.142733281523 -8.248260984429637)
2024,CORTE SELETIVO,C51L41,POINT (-61.132630598647445 -8.247575250574732)
2024,CORTE SELETIVO,C51L41,POINT (-61.1439500133009 -8.247094289526725)
2024,CORTE SELETIVO,C51L41,POINT (-61.14384339912957 -8.246786933357477)
2024,CORTE SELETIVO,C51L41,POINT (-61.14394752418026 -8.24657209104854)
2024,CORTE SELETIVO,C51L41,POINT (-61.1424389170296 -8.245444756862083)
2024,CORTE SELETIVO,C51L41,POINT (-61.15119260394575 -8.245395790094799)
2024,CORTE SELETIVO,C51L41,POINT (-61.14234130741366 -8.24514790606773)
2024,CORTE SELETIVO,C51L41,POINT (-61.144450880832444 -8.244317320853218)
2024,CORTE SELETIVO,C51L41,POINT (-61.14361975382138 -8.24343267854808)
2024,CORTE SELETIVO,C51L41,POINT (-61.14366735800058 -8.243046994736611)
2024,CORTE SELETIVO,C51L41,POINT (-61.13419123309432 -8.242017188491005)
2024,CORTE SELETIVO,C51L41,POINT (-61.1174801435018 -8.23537081024435)
2024,CORTE SELETIVO,C51L41,POINT (-61.11735834478697 -8.233049792458642)
2024,CORTE SELETIVO,C51L41,POINT (-61.116686469365 -8.231020201926823)
2024,CORTE SELETIVO,C51L41,POINT (-61.107640405123966 -8.242410154748587)
2024,CORTE SELETIVO,C51L41,POINT (-61.1076783104053 -8.242181370568447)
2024,CORTE SELETIVO,C51L41,POINT (-61.10931662828822 -8.239012589660833)
2024,CORTE SELETIVO,C51L41,POINT (-61.10837980589241 -8.237210019737669)
2024,CORTE SELETIVO,C51L41,POINT (-61.09743054905032 -8.236155379103558)
2024,CORTE SELETIVO,C51L41,POINT (-61.11039494468283 -8.235754883839082)
2024,CORTE SELETIVO,C51L41,POINT (-61.10520421387662 -8.235398983950741)
2024,CORTE SELETIVO,C51L41,POINT (-61.093344174597604 -8.234901159251011)
2024,CORTE SELETIVO,C51L41,POINT (-61.10696191204557 -8.234703256436783)
2024,CORTE SELETIVO,C51L41,POINT (-61.094097230637864 -8.23470956628679)
2024,CORTE SELETIVO,C51L41,POINT (-61.091617580524954 -8.234642949172919)
2024,CORTE SELETIVO,C51L41,POINT (-61.0918707713099 -8.234567350062758)
2024,CORTE SELETIVO,C51L41,POINT (-61.1060418275658 -8.233435949576274)
2024,CORTE SELETIVO,C51L41,POINT (-61.10598829374601 -8.233380342748914)
2024,CORTE SELETIVO,C51L41,POINT (-61.09437963504334 -8.232440843689368)
2024,CORTE SELETIVO,C51L41,POINT (-61.10908599042499 -8.231310461626384)
2024,CORTE SELETIVO,C51L41,POINT (-61.10876651528871 -8.231233040151709)
2024,CORTE SELETIVO,C51L41,POINT (-61.10891717659925 -8.231141467291453)
2024,CORTE SELETIVO,C51L41,POINT (-61.1134021425414 -8.229656233259368)
2024,CORTE SELETIVO,C51L41,POINT (-61.11355292501143 -8.229567015516967)
2024,CORTE SELETIVO,C51L41,POINT (-61.09618634847174 -8.229496238408084)
2024,CORTE SELETIVO,C51L41,POINT (-61.09635316382253 -8.229374371472893)
2024,CORTE SELETIVO,C51L41,POINT (-61.10613308807661 -8.229150988386492)
2024,CORTE SELETIVO,C51L41,POINT (-61.10635843419249 -8.228989448112985)
2024,CORTE SELETIVO,C51L41,POINT (-61.09593228310856 -8.228762687027404)
2024,CORTE SELETIVO,C51L41,POINT (-61.092756624444554 -8.228466372623977)
2024,CORTE SELETIVO,C51L41,POINT (-61.11333309267091 -8.227855741610366)
2024,CORTE SELETIVO,C51L41,POINT (-61.113670631497214 -8.223984036308316)
2024,CORTE SELETIVO,C51L41,POINT (-61.09964521820968 -8.223260417561756)
2024,CORTE SELETIVO,C51L41,POINT (-61.22453319145684 -8.247231310739416)
2024,CORTE SELETIVO,C51L41,POINT (-61.20689395463275 -8.23343896604296)
2024,CORTE SELETIVO,C51L41,POINT (-61.20698449112841 -8.233336726504103)
2024,CORTE SELETIVO,C51L41,POINT (-61.14558009412345 -8.249249607578447)
2024,CORTE SELETIVO,C51L41,POINT (-61.11294938582882 -8.236395639731473)
2024,CORTE SELETIVO,C51L41,POINT (-61.11717945736335 -8.23532241205537)
2024,CORTE SELETIVO,C51L41,POINT (-61.09695491617446 -8.231488521843978)
2024,CORTE SELETIVO,C51L41,POINT (-61.1135917191314 -8.230321650627614)
2024,CORTE SELETIVO,C51L41,POINT (-61.097677306751756 -8.22934683175327)
2024,CORTE SELETIVO,C51L41,POINT (-61.17085025739031 -8.173282672781705)
2024,CORTE SELETIVO,C51L41,POINT (-61.09181043940804 -8.234614159464028)
2024,CORTE SELETIVO,C51L41,POINT (-61.09648953897444 -8.230100036022195)
2024,CORTE SELETIVO,C51L41,POINT (-61.170358731039656 -8.176468046521006)
2024,CORTE SELETIVO,C51L41,POINT (-61.17616693371196 -8.172551552017199)
2024,CORTE SELETIVO,C51L41,POINT (-61.14381847214022 -8.246990493180654)
2024,CORTE SELETIVO,C51L41,POINT (-61.13360685530935 -8.245997841970876)
2024,CORTE SELETIVO,C51L41,POINT (-61.09648931379102 -8.230323709542038)
2024,CORTE SELETIVO,C51L41,POINT (-61.18086085827699 -8.18219118022814)
2024,CORTE SELETIVO,C51L41,POINT (-61.09165810804563 -8.234775923598106)
2024,CORTE SELETIVO,C51L41,POINT (-61.09174103993514 -8.234629124370372)
2024,CORTE SELETIVO,C51L41,POINT (-61.180664255150376 -8.182332926429105)
2024,CORTE SELETIVO,C51L41,POINT (-61.117214458698015 -8.235242877939033)
2024,CORTE SELETIVO,C51L41,POINT (-61.0934795666421 -8.234999674768417)
2024,CORTE SELETIVO,C51L41,POINT (-61.113643670158496 -8.230293343420636)
2024,CORTE SELETIVO,C51L41,POINT (-61.18072998511743 -8.18220479384663)
2024,CORTE SELETIVO,C51L41,POINT (-61.22444430999946 -8.247312618074751)
2024,CORTE SELETIVO,C51L41,POINT (-61.17083479208235 -8.173367586457514)
2024,CORTE SELETIVO,C51L41,POINT (-61.22438879241564 -8.247484050442003)
2024,CORTE SELETIVO,C51L41,POINT (-61.113168957279264 -8.236887159404375)
2024,CORTE SELETIVO,C51L41,POINT (-61.097180759716124 -8.231762549901212)
2024,CORTE SELETIVO,C51L41,POINT (-61.184637602244635 -8.186045146754852)
2024,CORTE SELETIVO,C51L41,POINT (-61.1703668976622 -8.176633400358442)
2024,CORTE SELETIVO,C51L41,POINT (-61.22662270993349 -8.248245102098442)
2024,CORTE SELETIVO,C51L41,POINT (-61.2267500772531 -8.248116526259949)
2024,CORTE SELETIVO,C51L41,POINT (-61.22658753571642 -8.247685897389536)
2024,CORTE SELETIVO,C51L41,POINT (-61.22621048575776 -8.247336232467294)
2024,CORTE SELETIVO,C51L41,POINT (-61.22974771534971 -8.246941274854132)
2024,CORTE SELETIVO,C51L41,POINT (-61.23008335189788 -8.246612665447675)
2024,CORTE SELETIVO,C51L41,POINT (-61.229927883525555 -8.245228168842768)
2024,CORTE SELETIVO,C51L41,POINT (-61.231317084694716 -8.24374817325274)
2024,CORTE SELETIVO,C51L41,POINT (-61.23140027001222 -8.243488487713416)
2024,CORTE SELETIVO,C51L41,POINT (-61.2273123070345 -8.24217144132853)
2024,CORTE SELETIVO,C51L41,POINT (-61.227840369122205 -8.241778444313443)
2024,CORTE SELETIVO,C51L41,POINT (-61.22736208144386 -8.237923794238636)
2024,CORTE SELETIVO,C51L41,POINT (-61.22900846003388 -8.237967696768706)
2024,CORTE SELETIVO,C51L41,POINT (-61.23029262633741 -8.237868714081724)
2024,CORTE SELETIVO,C51L41,POINT (-61.227304121843765 -8.237654719706759)
2024,CORTE SELETIVO,C51L41,POINT (-61.22924369748503 -8.237298730484724)
2024,CORTE SELETIVO,C51L41,POINT (-61.2305150225126 -8.237104090541807)
2024,CORTE SELETIVO,C51L41,POINT (-61.22892142091101 -8.237070290086862)
2024,CORTE SELETIVO,C51L41,POINT (-61.23032081994034 -8.235157124866616)
2024,CORTE SELETIVO,C51L41,POINT (-61.22959862576428 -8.234577075497366)
2024,CORTE SELETIVO,C51L41,POINT (-61.22772449381696 -8.23231964044689)
2024,CORTE SELETIVO,C51L41,POINT (-61.22834033495981 -8.232299751390315)
2024,CORTE SELETIVO,C51L41,POINT (-61.22810127290181 -8.232265359439511)
2024,CORTE SELETIVO,C51L41,POINT (-61.22446234080611 -8.247468335555013)
2024,CORTE SELETIVO,C51L41,POINT (-61.224700462181715 -8.247194888726861)
2024,CORTE SELETIVO,C51L41,POINT (-61.22435246324348 -8.246922880741506)
2024,CORTE SELETIVO,C51L41,POINT (-61.22244114461685 -8.246025643549917)
2024,CORTE SELETIVO,C51L41,POINT (-61.22347730979878 -8.245890492128082)
2024,CORTE SELETIVO,C51L41,POINT (-61.2224020376869 -8.245746630870276)
2024,CORTE SELETIVO,C51L41,POINT (-61.22305969916785 -8.245615112089165)
2024,CORTE SELETIVO,C51L41,POINT (-61.22358373072819 -8.24567682989521)
2024,CORTE SELETIVO,C51L41,POINT (-61.22374086205121 -8.245588641340987)
2024,CORTE SELETIVO,C51L41,POINT (-61.224177751317114 -8.244948686759184)
2024,CORTE SELETIVO,C51L41,POINT (-61.22253797102979 -8.244976344446716)
2024,CORTE SELETIVO,C51L41,POINT (-61.222231071625465 -8.24462788535387)
2024,CORTE SELETIVO,C51L41,POINT (-61.22248305509623 -8.244639912593486)
2024,CORTE SELETIVO,C51L41,POINT (-61.22465788806912 -8.244567575630743)
2024,CORTE SELETIVO,C51L41,POINT (-61.22432983866898 -8.244270122109064)
2024,CORTE SELETIVO,C51L41,POINT (-61.22432625165074 -8.244063939643988)
2024,CORTE SELETIVO,C51L41,POINT (-61.22428137975307 -8.243870284653726)
2024,CORTE SELETIVO,C51L41,POINT (-61.22311926074333 -8.241040204973606)
2024,CORTE SELETIVO,C51L41,POINT (-61.22331042559982 -8.240836474829308)
2024,CORTE SELETIVO,C51L41,POINT (-61.22239032225945 -8.240265240287364)
2024,CORTE SELETIVO,C51L41,POINT (-61.22288378228169 -8.239101829955857)
2024,CORTE SELETIVO,C51L41,POINT (-61.22561078964338 -8.23865141357531)
2024,CORTE SELETIVO,C51L41,POINT (-61.22218989552465 -8.232028515479877)
2024,CORTE SELETIVO,C51L41,POINT (-61.22312021900845 -8.230660255401817)
2024,CORTE SELETIVO,C51L41,POINT (-61.22342320704387 -8.230490900000035)
2024,CORTE SELETIVO,C51L41,POINT (-61.22279879087436 -8.229182336286348)
2024,CORTE SELETIVO,C51L41,POINT (-61.218158876272994 -8.249338451764519)
2024,CORTE SELETIVO,C51L41,POINT (-61.22111047124705 -8.249056267489316)
2024,CORTE SELETIVO,C51L41,POINT (-61.2177542157518 -8.247073331594004)
2024,CORTE SELETIVO,C51L41,POINT (-61.2175404272604 -8.24687158375133)
2024,CORTE SELETIVO,C51L41,POINT (-61.21779645500187 -8.246899665869664)
2024,CORTE SELETIVO,C51L41,POINT (-61.21705926434513 -8.245676373427733)
2024,CORTE SELETIVO,C51L41,POINT (-61.21741655665117 -8.24550342160581)
2024,CORTE SELETIVO,C51L41,POINT (-61.22159973672963 -8.244881673674586)
2024,CORTE SELETIVO,C51L41,POINT (-61.219810835615284 -8.244736174946972)
2024,CORTE SELETIVO,C51L41,POINT (-61.22197523630147 -8.244613355559254)
2024,CORTE SELETIVO,C51L41,POINT (-61.217718668613216 -8.244270555980929)
2024,CORTE SELETIVO,C51L41,POINT (-61.22194011604372 -8.24191307167746)
2024,CORTE SELETIVO,C51L41,POINT (-61.22038284440058 -8.24008129614444)
2024,CORTE SELETIVO,C51L41,POINT (-61.21927918732508 -8.239847709935564)
2024,CORTE SELETIVO,C51L41,POINT (-61.21841507330674 -8.2378050421817)
2024,CORTE SELETIVO,C51L41,POINT (-61.219031581922366 -8.237886195600437)
2024,CORTE SELETIVO,C51L41,POINT (-61.21861563230485 -8.237668869081512)
2024,CORTE SELETIVO,C51L41,POINT (-61.218474912479664 -8.23757392672916)
2024,CORTE SELETIVO,C51L41,POINT (-61.21881991280251 -8.237503012537621)
2024,CORTE SELETIVO,C51L41,POINT (-61.218923776162164 -8.237426819616127)
2024,CORTE SELETIVO,C51L41,POINT (-61.21675931171503 -8.233513790206631)
2024,CORTE SELETIVO,C51L41,POINT (-61.22205549009497 -8.232299636853929)
2024,CORTE SELETIVO,C51L41,POINT (-61.22181990204797 -8.231057963027851)
2024,CORTE SELETIVO,C51L41,POINT (-61.21448414654158 -8.241354217608672)
2024,CORTE SELETIVO,C51L41,POINT (-61.21315674482778 -8.240010977813276)
2024,CORTE SELETIVO,C51L41,POINT (-61.216197027967084 -8.239734484460612)
2024,CORTE SELETIVO,C51L41,POINT (-61.20994663288078 -8.239499750788207)
2024,CORTE SELETIVO,C51L41,POINT (-61.21088192585677 -8.239253581450406)
2024,CORTE SELETIVO,C51L41,POINT (-61.21412881204943 -8.238835433681242)
2024,CORTE SELETIVO,C51L41,POINT (-61.21377082749384 -8.238752553589693)
2024,CORTE SELETIVO,C51L41,POINT (-61.21367773581283 -8.23768019334285)
2024,CORTE SELETIVO,C51L41,POINT (-61.21320984127624 -8.23764358740793)
2024,CORTE SELETIVO,C51L41,POINT (-61.21368993732591 -8.237412701870761)
2024,CORTE SELETIVO,C51L41,POINT (-61.213369329014135 -8.237494087269544)
2024,CORTE SELETIVO,C51L41,POINT (-61.21411087149939 -8.237037325267755)
2024,CORTE SELETIVO,C51L41,POINT (-61.21544333852302 -8.236703828635862)
2024,CORTE SELETIVO,C51L41,POINT (-61.2152320806883 -8.236659841450553)
2024,CORTE SELETIVO,C51L41,POINT (-61.21569397453514 -8.236507906334035)
2024,CORTE SELETIVO,C51L41,POINT (-61.212813998767295 -8.23566524753989)
2024,CORTE SELETIVO,C51L41,POINT (-61.21502732329875 -8.234623849683045)
2024,CORTE SELETIVO,C51L41,POINT (-61.21632544170275 -8.234494113978648)
2024,CORTE SELETIVO,C51L41,POINT (-61.21413939966109 -8.233214828973711)
2024,CORTE SELETIVO,C51L41,POINT (-61.213446179655094 -8.232831690648627)
2024,CORTE SELETIVO,C51L41,POINT (-61.21350998699585 -8.232317837063867)
2024,CORTE SELETIVO,C51L41,POINT (-61.21553392037037 -8.232260639846364)
2024,CORTE SELETIVO,C51L41,POINT (-61.21445368596692 -8.229984603123164)
2024,CORTE SELETIVO,C51L41,POINT (-61.21652597434995 -8.229382564410397)
2024,CORTE SELETIVO,C51L41,POINT (-61.18465108959789 -8.186124864304663)
2024,CORTE SELETIVO,C51L41,POINT (-61.18369430860122 -8.174726684703653)
2024,CORTE SELETIVO,C51L41,POINT (-61.18433111420734 -8.173388350296657)
2024,CORTE SELETIVO,C51L41,POINT (-61.18127783930571 -8.183455472919594)
2024,CORTE SELETIVO,C51L41,POINT (-61.180642420521515 -8.1821578345813)
2024,CORTE SELETIVO,C51L41,POINT (-61.17757073963811 -8.180216899714639)
2024,CORTE SELETIVO,C51L41,POINT (-61.177812118930824 -8.18029480545506)
2024,CORTE SELETIVO,C51L41,POINT (-61.173951562344364 -8.178281504563484)
2024,CORTE SELETIVO,C51L41,POINT (-61.17287540602101 -8.176421691745793)
2024,CORTE SELETIVO,C51L41,POINT (-61.17495368282845 -8.174288244407963)
2024,CORTE SELETIVO,C51L41,POINT (-61.170558351445514 -8.171387695850255)
2024,CORTE SELETIVO,C51L41,POINT (-61.17142096568039 -8.171316915797787)
2024,CORTE SELETIVO,C51L41,POINT (-61.17041256371478 -8.171276469964951)
2024,CORTE SELETIVO,C51L41,POINT (-61.18076434119408 -8.171083207464232)
2024,CORTE SELETIVO,C51L41,POINT (-61.1785556083938 -8.170799417112802)
2024,CORTE SELETIVO,C51L41,POINT (-61.14279405686762 -8.249040738838644)
2024,CORTE SELETIVO,C51L41,POINT (-61.14418901593656 -8.247599908540474)
2024,CORTE SELETIVO,C51L41,POINT (-61.14436029614929 -8.247075642996345)
2024,CORTE SELETIVO,C51L41,POINT (-61.14592256809399 -8.246052088085284)
2024,CORTE SELETIVO,C51L41,POINT (-61.14219473510978 -8.245699149183045)
2024,CORTE SELETIVO,C51L41,POINT (-61.164878744820015 -8.245491590763654)
2024,CORTE SELETIVO,C51L41,POINT (-61.160404906985505 -8.245204480997248)
2024,CORTE SELETIVO,C51L41,POINT (-61.16556635970923 -8.244675040453584)
2024,CORTE SELETIVO,C51L41,POINT (-61.16023031289576 -8.244484962035934)
2024,CORTE SELETIVO,C51L41,POINT (-61.15308020716734 -8.243780100269495)
2024,CORTE SELETIVO,C51L41,POINT (-61.16778083733602 -8.243769281451184)
2024,CORTE SELETIVO,C51L41,POINT (-61.152924370173146 -8.24350485544242)
2024,CORTE SELETIVO,C51L41,POINT (-61.14357175286281 -8.243006882209519)
2024,CORTE SELETIVO,C51L41,POINT (-61.168925078890254 -8.218596829477283)
2024,CORTE SELETIVO,C51L41,POINT (-61.10760334508429 -8.24206740135631)
2024,CORTE SELETIVO,C51L41,POINT (-61.1050183706164 -8.236237315944159)
2024,CORTE SELETIVO,C51L41,POINT (-61.10516004783726 -8.23609705116784)
2024,CORTE SELETIVO,C51L41,POINT (-61.10537397235875 -8.235925394647214)
2024,CORTE SELETIVO,C51L41,POINT (-61.110172150958775 -8.235716388851039)
2024,CORTE SELETIVO,C51L41,POINT (-61.11710051831314 -8.23526756173259)
2024,CORTE SELETIVO,C51L41,POINT (-61.114533653588495 -8.23513530146384)
2024,CORTE SELETIVO,C51L41,POINT (-61.091649571969924 -8.234875772619)
2024,CORTE SELETIVO,C51L41,POINT (-61.109908280333016 -8.233327465875046)
2024,CORTE SELETIVO,C51L41,POINT (-61.11633214348963 -8.23103392535276)
2024,CORTE SELETIVO,C51L41,POINT (-61.10636385627763 -8.22924962411122)
2024,CORTE SELETIVO,C51L41,POINT (-61.106350972994576 -8.229093711758738)
2024,CORTE SELETIVO,C51L41,POINT (-61.09269098960703 -8.228400627510526)
2024,CORTE SELETIVO,C51L41,POINT (-61.09274098289091 -8.228291317129992)
2024,CORTE SELETIVO,C51L41,POINT (-61.11333037289914 -8.22566263295328)
2024,CORTE SELETIVO,C51L41,POINT (-61.115860106543096 -8.225158716138473)
2024,CORTE SELETIVO,C51L41,POINT (-61.138460094417034 -8.243156795506351)
2024,CORTE SELETIVO,C51L41,POINT (-61.104921927058484 -8.236272510618068)
2024,CORTE SELETIVO,C51L41,POINT (-61.096583826977 -8.230200297076951)
2024,CORTE SELETIVO,C51L41,POINT (-61.22400453714614 -8.246844131012764)
2024,CORTE SELETIVO,C51L41,POINT (-61.13377544171951 -8.24595100157988)
2024,CORTE SELETIVO,C51L41,POINT (-61.09654586644901 -8.229486727850544)
2024,CORTE SELETIVO,C51L41,POINT (-61.13834784362988 -8.243115991225627)
2024,CORTE SELETIVO,C51L41,POINT (-61.09720352100638 -8.231640734802149)
2024,CORTE SELETIVO,C51L41,POINT (-61.096554170650904 -8.23014169471884)
2024,CORTE SELETIVO,C51L41,POINT (-61.15375123681791 -8.249326643038419)
2024,CORTE SELETIVO,C51L41,POINT (-61.091731243402734 -8.234776253803519)
2024,CORTE SELETIVO,C51L41,POINT (-61.2192203244775 -8.243893870577049)
2024,CORTE SELETIVO,C51L41,POINT (-61.208673524387294 -8.240370458711826)
2024,CORTE SELETIVO,C51L41,POINT (-61.21399090034501 -8.24033546076714)
2024,CORTE SELETIVO,C51L41,POINT (-61.2237887288794 -8.239947609546505)
2024,CORTE SELETIVO,C51L41,POINT (-61.21306841273963 -8.239926680813527)
2024,CORTE SELETIVO,C51L41,POINT (-61.21326271248788 -8.23969423967462)
2024,CORTE SELETIVO,C51L41,POINT (-61.209941703519426 -8.239560927100312)
2024,CORTE SELETIVO,C51L41,POINT (-61.21375744786315 -8.239568067110458)
2024,CORTE SELETIVO,C51L41,POINT (-61.20983585643522 -8.239432091261062)
2024,CORTE SELETIVO,C51L41,POINT (-61.210286479173945 -8.239367252148396)
2024,CORTE SELETIVO,C51L41,POINT (-61.21994377882981 -8.234939360649308)
2024,CORTE SELETIVO,C51L41,POINT (-61.21711379693711 -8.232382897672558)
2024,CORTE SELETIVO,C51L41,POINT (-61.221539912053764 -8.230192378172688)
2024,CORTE SELETIVO,C51L41,POINT (-61.21438082162847 -8.230083949732371)
2024,CORTE SELETIVO,C51L41,POINT (-61.18350623795012 -8.174956009782802)
2024,CORTE SELETIVO,C51L41,POINT (-61.1839878272153 -8.173744973119707)
2024,CORTE SELETIVO,C51L41,POINT (-61.18457686947469 -8.17389398525497)
2024,CORTE SELETIVO,C51L41,POINT (-61.184172617216866 -8.173656651923679)
2024,CORTE SELETIVO,C51L41,POINT (-61.18450604258789 -8.173348026015498)
2024,CORTE SELETIVO,C51L41,POINT (-61.1843081057835 -8.173223721178358)
2024,CORTE SELETIVO,C51L41,POINT (-61.18474230758375 -8.172947579906264)
2024,CORTE SELETIVO,C51L41,POINT (-61.18533944548977 -8.17298088887584)
2024,CORTE SELETIVO,C51L41,POINT (-61.18512090282595 -8.172925920799182)
2024,CORTE SELETIVO,C51L41,POINT (-61.18481151029745 -8.17277182445637)
2024,CORTE SELETIVO,C51L41,POINT (-61.18506587080902 -8.17237783188794)
2024,CORTE SELETIVO,C51L41,POINT (-61.18528800519974 -8.172159145539917)
2024,CORTE SELETIVO,C51L41,POINT (-61.18565828152118 -8.171908547870439)
2024,CORTE SELETIVO,C51L41,POINT (-61.18220405615765 -8.184194540594566)
2024,CORTE SELETIVO,C51L41,POINT (-61.181615936931145 -8.183758376155307)
2024,CORTE SELETIVO,C51L41,POINT (-61.180569774334515 -8.182244948187094)
2024,CORTE SELETIVO,C51L41,POINT (-61.18355127198518 -8.181846521967008)
2024,CORTE SELETIVO,C51L41,POINT (-61.18040830869286 -8.18187090250412)
2024,CORTE SELETIVO,C51L41,POINT (-61.18330874949314 -8.181759667833584)
2024,CORTE SELETIVO,C51L41,POINT (-61.180113248820724 -8.18168348016839)
2024,CORTE SELETIVO,C51L41,POINT (-61.18030089246365 -8.181576213531757)
2024,CORTE SELETIVO,C51L41,POINT (-61.183115888718454 -8.181422327940373)
2024,CORTE SELETIVO,C51L41,POINT (-61.18222439535993 -8.181424652909893)
2024,CORTE SELETIVO,C51L41,POINT (-61.1828661490603 -8.181261432455935)
2024,CORTE SELETIVO,C51L41,POINT (-61.181942566874866 -8.181132334314361)
2024,CORTE SELETIVO,C51L41,POINT (-61.181199250146314 -8.180250407072336)
2024,CORTE SELETIVO,C51L41,POINT (-61.18013962564746 -8.180106815830872)
2024,CORTE SELETIVO,C51L41,POINT (-61.18118824289856 -8.179880608846913)
2024,CORTE SELETIVO,C51L41,POINT (-61.18102030660651 -8.179716878917965)
2024,CORTE SELETIVO,C51L41,POINT (-61.182002949988174 -8.179786514609384)
2024,CORTE SELETIVO,C51L41,POINT (-61.181280754209745 -8.179756376679327)
2024,CORTE SELETIVO,C51L41,POINT (-61.18321264549439 -8.175258078802944)
2024,CORTE SELETIVO,C51L41,POINT (-61.182927345766544 -8.175086588343381)
2024,CORTE SELETIVO,C51L41,POINT (-61.18280175590223 -8.17488404278094)
2024,CORTE SELETIVO,C51L41,POINT (-61.1818976447494 -8.17456326849896)
2024,CORTE SELETIVO,C51L41,POINT (-61.18168676497957 -8.174545312971924)
2024,CORTE SELETIVO,C51L41,POINT (-61.18315350476881 -8.174114793864389)
2024,CORTE SELETIVO,C51L41,POINT (-61.182932156845645 -8.174057163128117)
2024,CORTE SELETIVO,C51L41,POINT (-61.18225528190403 -8.173880443049725)
2024,CORTE SELETIVO,C51L41,POINT (-61.18207413079102 -8.173791114367935)
2024,CORTE SELETIVO,C51L41,POINT (-61.18308242703758 -8.173578943415682)
2024,CORTE SELETIVO,C51L41,POINT (-61.18202210048291 -8.173300759713385)
2024,CORTE SELETIVO,C51L41,POINT (-61.18307584007289 -8.17335176256093)
2024,CORTE SELETIVO,C51L41,POINT (-61.18076575941402 -8.172563121731157)
2024,CORTE SELETIVO,C51L41,POINT (-61.18043230440357 -8.171931440067251)
2024,CORTE SELETIVO,C51L41,POINT (-61.18043035018731 -8.171547480201085)
2024,CORTE SELETIVO,C51L41,POINT (-61.18064656994161 -8.171367408385946)
2024,CORTE SELETIVO,C51L41,POINT (-61.1807918676661 -8.171122959522071)
2024,CORTE SELETIVO,C51L41,POINT (-61.18060882080763 -8.170861752406841)
2024,CORTE SELETIVO,C51L41,POINT (-61.180324771643434 -8.170426256839315)
2024,CORTE SELETIVO,C51L41,POINT (-61.18067452238493 -8.170260123346756)
2024,CORTE SELETIVO,C51L41,POINT (-61.17988169154284 -8.170143338381619)
2024,CORTE SELETIVO,C51L41,POINT (-61.18003017824362 -8.169912209165027)
2024,CORTE SELETIVO,C51L41,POINT (-61.180135812708606 -8.169673310539093)
2024,CORTE SELETIVO,C51L41,POINT (-61.179694957761626 -8.168901975403971)
2024,CORTE SELETIVO,C51L41,POINT (-61.17930724917555 -8.181568825700856)
2024,CORTE SELETIVO,C51L41,POINT (-61.17902622308605 -8.181281932714755)
2024,CORTE SELETIVO,C51L41,POINT (-61.1785435436749 -8.181069448193831)
2024,CORTE SELETIVO,C51L41,POINT (-61.177530189129534 -8.180666444306663)
2024,CORTE SELETIVO,C51L41,POINT (-61.177401653804004 -8.180589517922012)
2024,CORTE SELETIVO,C51L41,POINT (-61.17812999099922 -8.179757031356969)
2024,CORTE SELETIVO,C51L41,POINT (-61.17717379243316 -8.179508895465688)
2024,CORTE SELETIVO,C51L41,POINT (-61.17780348908337 -8.179636582164047)
2024,CORTE SELETIVO,C51L41,POINT (-61.176753102894224 -8.179492348731246)
2024,CORTE SELETIVO,C51L41,POINT (-61.177835194286246 -8.179284292953996)
2024,CORTE SELETIVO,C51L41,POINT (-61.17706387000379 -8.179175303391478)
2024,CORTE SELETIVO,C51L41,POINT (-61.177423855711226 -8.178999644655772)
2024,CORTE SELETIVO,C51L41,POINT (-61.17710276093773 -8.178579220896149)
2024,CORTE SELETIVO,C51L41,POINT (-61.17803897616314 -8.171071892106767)
2024,CORTE SELETIVO,C51L41,POINT (-61.17713981387906 -8.170425746606337)
2024,CORTE SELETIVO,C51L41,POINT (-61.17698207358573 -8.17033333039017)
2024,CORTE SELETIVO,C51L41,POINT (-61.17714609519226 -8.170205404706326)
2024,CORTE SELETIVO,C51L41,POINT (-61.17694920692313 -8.17010727044511)
2024,CORTE SELETIVO,C51L41,POINT (-61.17685289876697 -8.170024605778728)
2024,CORTE SELETIVO,C51L41,POINT (-61.17482555583562 -8.19126703342569)
2024,CORTE SELETIVO,C51L41,POINT (-61.175341259958884 -8.179568609158794)
2024,CORTE SELETIVO,C51L41,POINT (-61.17563901983051 -8.179560444576545)
2024,CORTE SELETIVO,C51L41,POINT (-61.17463347710083 -8.17847523153384)
2024,CORTE SELETIVO,C51L41,POINT (-61.17519111207372 -8.178213378889142)
2024,CORTE SELETIVO,C51L41,POINT (-61.17457148882766 -8.175258273998466)
2024,CORTE SELETIVO,C51L41,POINT (-61.175217959468796 -8.174438153238539)
2024,CORTE SELETIVO,C51L41,POINT (-61.174766853408734 -8.174218129941925)
2024,CORTE SELETIVO,C51L41,POINT (-61.1748145685635 -8.174127635373592)
2024,CORTE SELETIVO,C51L41,POINT (-61.175351976036126 -8.173972205415874)
2024,CORTE SELETIVO,C51L41,POINT (-61.17500144117624 -8.173851650170523)
2024,CORTE SELETIVO,C51L41,POINT (-61.17625469957698 -8.173002594266608)
2024,CORTE SELETIVO,C51L41,POINT (-61.175030391033324 -8.178367594172572)
2024,CORTE SELETIVO,C51L41,POINT (-61.17341266853003 -8.178247646458756)
2024,CORTE SELETIVO,C51L41,POINT (-61.174144515254945 -8.177921912198952)
2024,CORTE SELETIVO,C51L41,POINT (-61.1739269560567 -8.177549980067093)
2024,CORTE SELETIVO,C51L41,POINT (-61.17347289328787 -8.177298473113925)
2024,CORTE SELETIVO,C51L41,POINT (-61.17345919238516 -8.175857865562898)
2024,CORTE SELETIVO,C51L41,POINT (-61.17400524212631 -8.175742505460011)
2024,CORTE SELETIVO,C51L41,POINT (-61.17349927931665 -8.175540507890023)
2024,CORTE SELETIVO,C51L41,POINT (-61.173528121393105 -8.175314842793588)
2024,CORTE SELETIVO,C51L41,POINT (-61.173376069654225 -8.175245440317964)
2024,CORTE SELETIVO,C51L41,POINT (-61.17341682869395 -8.175091020520567)
2024,CORTE SELETIVO,C51L41,POINT (-61.173717221687106 -8.174996812144352)
2024,CORTE SELETIVO,C51L41,POINT (-61.17442707025276 -8.174891976983092)
2024,CORTE SELETIVO,C51L41,POINT (-61.17326910463435 -8.17484824802794)
2024,CORTE SELETIVO,C51L41,POINT (-61.17363841540557 -8.174638289173641)
2024,CORTE SELETIVO,C51L41,POINT (-61.17348344112976 -8.174347333238899)
2024,CORTE SELETIVO,C51L41,POINT (-61.173163775366305 -8.1782277236712)
2024,CORTE SELETIVO,C51L41,POINT (-61.17288695303163 -8.176590073239726)
2024,CORTE SELETIVO,C51L41,POINT (-61.17302684854653 -8.176402764541509)
2024,CORTE SELETIVO,C51L41,POINT (-61.17228532585263 -8.17389091008682)
2024,CORTE SELETIVO,C51L41,POINT (-61.17294604378156 -8.173876584993025)
2024,CORTE SELETIVO,C51L41,POINT (-61.17200731526834 -8.173619992149385)
2024,CORTE SELETIVO,C51L41,POINT (-61.172869334005924 -8.173641450759957)
2024,CORTE SELETIVO,C51L41,POINT (-61.17278599046204 -8.17357793722495)
2024,CORTE SELETIVO,C51L41,POINT (-61.172477800099294 -8.173420233701032)
2024,CORTE SELETIVO,C51L41,POINT (-61.17309518205341 -8.173331689011937)
2024,CORTE SELETIVO,C51L41,POINT (-61.17206695556472 -8.173254561021345)
2024,CORTE SELETIVO,C51L41,POINT (-61.17222961439317 -8.172994716523322)
2024,CORTE SELETIVO,C51L41,POINT (-61.17247183742355 -8.172846923488326)
2024,CORTE SELETIVO,C51L41,POINT (-61.17274103845995 -8.17276963652185)
2024,CORTE SELETIVO,C51L41,POINT (-61.172179838308146 -8.17245882332202)
2024,CORTE SELETIVO,C51L41,POINT (-61.17245251633548 -8.17133605760959)
2024,CORTE SELETIVO,C51L41,POINT (-61.17035063549489 -8.176527565169975)
2024,CORTE SELETIVO,C51L41,POINT (-61.17033825640328 -8.175905744496783)
2024,CORTE SELETIVO,C51L41,POINT (-61.170813852632115 -8.175217949123562)
2024,CORTE SELETIVO,C51L41,POINT (-61.17100594699817 -8.175163748565367)
2024,CORTE SELETIVO,C51L41,POINT (-61.1709837809177 -8.175004005004022)
2024,CORTE SELETIVO,C51L41,POINT (-61.17058376467319 -8.174866450665329)
2024,CORTE SELETIVO,C51L41,POINT (-61.16992623770924 -8.17460399484942)
2024,CORTE SELETIVO,C51L41,POINT (-61.17010313388574 -8.173973758126003)
2024,CORTE SELETIVO,C51L41,POINT (-61.17086576594913 -8.173640069996974)
2024,CORTE SELETIVO,C51L41,POINT (-61.17077603835753 -8.173298377111017)
2024,CORTE SELETIVO,C51L41,POINT (-61.17050518853253 -8.1732885867223)
2024,CORTE SELETIVO,C51L41,POINT (-61.170359724310146 -8.17324003962323)
2024,CORTE SELETIVO,C51L41,POINT (-61.17065388700884 -8.173136907913708)
2024,CORTE SELETIVO,C51L41,POINT (-61.170240783259786 -8.172533643080861)
2024,CORTE SELETIVO,C51L41,POINT (-61.17139276841215 -8.172399741643043)
2024,CORTE SELETIVO,C51L41,POINT (-61.17014708550302 -8.172200219978771)
2024,CORTE SELETIVO,C51L41,POINT (-61.170430674797025 -8.171860039424178)
2024,CORTE SELETIVO,C51L41,POINT (-61.17051227586659 -8.171518254987015)
2024,CORTE SELETIVO,C51L41,POINT (-61.17075014489742 -8.171326592750848)
2024,CORTE SELETIVO,C51L41,POINT (-61.17052188169942 -8.171262801402063)
2024,CORTE SELETIVO,C51L41,POINT (-61.17161601118116 -8.171102689636646)
2024,CORTE SELETIVO,C51L41,POINT (-61.154183118255716 -8.244860861753896)
2024,CORTE SELETIVO,C51L41,POINT (-61.15439486278436 -8.244775939139759)
2024,CORTE SELETIVO,C51L41,POINT (-61.15401198944186 -8.244570686016244)
2024,CORTE SELETIVO,C51L41,POINT (-61.15424885855126 -8.244460240579796)
2024,CORTE SELETIVO,C51L41,POINT (-61.15436070454144 -8.244361791221785)
2024,CORTE SELETIVO,C51L41,POINT (-61.14050087089241 -8.24928910380792)
2024,CORTE SELETIVO,C51L41,POINT (-61.14595630790179 -8.249121647192087)
2024,CORTE SELETIVO,C51L41,POINT (-61.139329228834825 -8.24876862881892)
2024,CORTE SELETIVO,C51L41,POINT (-61.14422946807755 -8.247792765745725)
2024,CORTE SELETIVO,C51L41,POINT (-61.14279579094395 -8.247334262312314)
2024,CORTE SELETIVO,C51L41,POINT (-61.14233632565731 -8.247334237960468)
2024,CORTE SELETIVO,C51L41,POINT (-61.14434261193709 -8.2469774422665)
2024,CORTE SELETIVO,C51L41,POINT (-61.144023014795984 -8.246455213514956)
2024,CORTE SELETIVO,C51L41,POINT (-61.142368193100495 -8.2464178251332)
2024,CORTE SELETIVO,C51L41,POINT (-61.14431608413294 -8.246409748132868)
2024,CORTE SELETIVO,C51L41,POINT (-61.14224960863487 -8.246346087216578)
2024,CORTE SELETIVO,C51L41,POINT (-61.14436289729181 -8.246170724128882)
2024,CORTE SELETIVO,C51L41,POINT (-61.143363006954004 -8.24600900901122)
2024,CORTE SELETIVO,C51L41,POINT (-61.14267565168706 -8.245840092115742)
2024,CORTE SELETIVO,C51L41,POINT (-61.14552191957364 -8.245843310261684)
2024,CORTE SELETIVO,C51L41,POINT (-61.14589677419689 -8.245815601126425)
2024,CORTE SELETIVO,C51L41,POINT (-61.144723624462934 -8.245874176250553)
2024,CORTE SELETIVO,C51L41,POINT (-61.1422581560719 -8.24570869777219)
2024,CORTE SELETIVO,C51L41,POINT (-61.14530956267639 -8.245830491746341)
2024,CORTE SELETIVO,C51L41,POINT (-61.14240577983792 -8.24552116391156)
2024,CORTE SELETIVO,C51L41,POINT (-61.14221705164009 -8.245337279149153)
2024,CORTE SELETIVO,C51L41,POINT (-61.142418959731614 -8.245070447503416)
2024,CORTE SELETIVO,C51L41,POINT (-61.14340604602723 -8.244917402236366)
2024,CORTE SELETIVO,C51L41,POINT (-61.14251894043105 -8.244836765629406)
2024,CORTE SELETIVO,C51L41,POINT (-61.13375422908395 -8.244685654551583)
2024,CORTE SELETIVO,C51L41,POINT (-61.14303556370694 -8.24466605086453)
2024,CORTE SELETIVO,C51L41,POINT (-61.137597696298826 -8.244605553699005)
2024,CORTE SELETIVO,C51L41,POINT (-61.136741826434246 -8.24468305622465)
2024,CORTE SELETIVO,C51L41,POINT (-61.133932709896364 -8.244546599818497)
2024,CORTE SELETIVO,C51L41,POINT (-61.14472179343736 -8.24456707538727)
2024,CORTE SELETIVO,C51L41,POINT (-61.1354402835199 -8.244505378049073)
2024,CORTE SELETIVO,C51L41,POINT (-61.13809936272894 -8.244617347043029)
2024,CORTE SELETIVO,C51L41,POINT (-61.14128005319865 -8.244790475093062)
2024,CORTE SELETIVO,C51L41,POINT (-61.139366315109385 -8.244476846224059)
2024,CORTE SELETIVO,C51L41,POINT (-61.14455819820628 -8.244393037355985)
2024,CORTE SELETIVO,C51L41,POINT (-61.13387019216727 -8.24438405690571)
2024,CORTE SELETIVO,C51L41,POINT (-61.14409844995125 -8.243918825308539)
2024,CORTE SELETIVO,C51L41,POINT (-61.144572435069016 -8.244190588185004)
2024,CORTE SELETIVO,C51L41,POINT (-61.1476981200877 -8.24399520406123)
2024,CORTE SELETIVO,C51L41,POINT (-61.14797253778916 -8.24403589600593)
2024,CORTE SELETIVO,C51L41,POINT (-61.14361794295089 -8.2438719414984)
2024,CORTE SELETIVO,C51L41,POINT (-61.14769093496692 -8.243742180018838)
2024,CORTE SELETIVO,C51L41,POINT (-61.14801170704595 -8.24388004773275)
2024,CORTE SELETIVO,C51L41,POINT (-61.15049569540966 -8.24363208041866)
2024,CORTE SELETIVO,C51L41,POINT (-61.144031431387866 -8.243577583881923)
2024,CORTE SELETIVO,C51L41,POINT (-61.14022749902997 -8.243585875738345)
2024,CORTE SELETIVO,C51L41,POINT (-61.14859099930633 -8.24332811922905)
2024,CORTE SELETIVO,C51L41,POINT (-61.14402646347144 -8.243007979810077)
2024,CORTE SELETIVO,C51L41,POINT (-61.141628860704486 -8.242964239306778)
2024,CORTE SELETIVO,C51L41,POINT (-61.14667094158949 -8.242587483695505)
2024,CORTE SELETIVO,C51L41,POINT (-61.14165931418705 -8.242525976034234)
2024,CORTE SELETIVO,C51L41,POINT (-61.14320333487276 -8.242461689740319)
2024,CORTE SELETIVO,C51L41,POINT (-61.14709775521598 -8.242302284099399)
2024,CORTE SELETIVO,C51L41,POINT (-61.143110373868716 -8.242328878468914)
2024,CORTE SELETIVO,C51L41,POINT (-61.148817463059515 -8.241816611099633)
2024,CORTE SELETIVO,C51L41,POINT (-61.147898694420654 -8.241268555177996)
2024,CORTE SELETIVO,C51L41,POINT (-61.11805009099532 -8.230756699007737)
2024,CORTE SELETIVO,C51L41,POINT (-61.1168760438947 -8.230511456642635)
2024,CORTE SELETIVO,C51L41,POINT (-61.11791978583331 -8.230436429614642)
2024,CORTE SELETIVO,C51L41,POINT (-61.114341584488784 -8.228733374078635)
2024,CORTE SELETIVO,C51L41,POINT (-61.11477794884976 -8.22741011477952)
2024,CORTE SELETIVO,C51L41,POINT (-61.113964464026104 -8.225441831601254)
2024,CORTE SELETIVO,C51L41,POINT (-61.227627666048775 -8.249708024791396)
2024,CORTE SELETIVO,C51L41,POINT (-61.22954785988379 -8.249202411380397)
2024,CORTE SELETIVO,C51L41,POINT (-61.22676971074509 -8.248225101102921)
2024,CORTE SELETIVO,C51L41,POINT (-61.226498486949204 -8.248232098520345)
2024,CORTE SELETIVO,C51L41,POINT (-61.226646031200566 -8.24817358032223)
2024,CORTE SELETIVO,C51L41,POINT (-61.22687147028346 -8.248083743399858)
2024,CORTE SELETIVO,C51L41,POINT (-61.22603524506578 -8.247552387144987)
2024,CORTE SELETIVO,C51L41,POINT (-61.2264120858088 -8.247467290243376)
2024,CORTE SELETIVO,C51L41,POINT (-61.22457891575605 -8.247321359192977)
2024,CORTE SELETIVO,C51L41,POINT (-61.22616882227336 -8.247380867955359)
2024,CORTE SELETIVO,C51L41,POINT (-61.230446012141144 -8.246800827397768)
2024,CORTE SELETIVO,C51L41,POINT (-61.2300723909478 -8.246807062311504)
2024,CORTE SELETIVO,C51L41,POINT (-61.22977954284019 -8.246755971293728)
2024,CORTE SELETIVO,C51L41,POINT (-61.23061196780146 -8.246761561189398)
2024,CORTE SELETIVO,C51L41,POINT (-61.22939492317942 -8.246766066910327)
2024,CORTE SELETIVO,C51L41,POINT (-61.22762706709317 -8.246668838790278)
2024,CORTE SELETIVO,C51L41,POINT (-61.23025200516908 -8.246518281596959)
2024,CORTE SELETIVO,C51L41,POINT (-61.23044494039195 -8.24660960088256)
2024,CORTE SELETIVO,C51L41,POINT (-61.227818476584524 -8.246583490433066)
2024,CORTE SELETIVO,C51L41,POINT (-61.22514575935796 -8.245921583890604)
2024,CORTE SELETIVO,C51L41,POINT (-61.22985168488959 -8.245264522733525)
2024,CORTE SELETIVO,C51L41,POINT (-61.23010444504359 -8.245139119814478)
2024,CORTE SELETIVO,C51L41,POINT (-61.23112568882475 -8.244644187539922)
2024,CORTE SELETIVO,C51L41,POINT (-61.224991132577166 -8.244550103251232)
2024,CORTE SELETIVO,C51L41,POINT (-61.23120023701498 -8.243716666078157)
2024,CORTE SELETIVO,C51L41,POINT (-61.23134207202705 -8.24345560514945)
2024,CORTE SELETIVO,C51L41,POINT (-61.23026408252364 -8.242249433369539)
2024,CORTE SELETIVO,C51L41,POINT (-61.22969487684186 -8.24218221799366)
2024,CORTE SELETIVO,C51L41,POINT (-61.23101652868637 -8.241937543645912)
2024,CORTE SELETIVO,C51L41,POINT (-61.22962738788684 -8.24193891465389)
2024,CORTE SELETIVO,C51L41,POINT (-61.230762229964974 -8.240936339118823)
2024,CORTE SELETIVO,C51L41,POINT (-61.23137019793867 -8.24059234062985)
2024,CORTE SELETIVO,C51L41,POINT (-61.230800624851916 -8.24040725777529)
2024,CORTE SELETIVO,C51L41,POINT (-61.23145107669334 -8.240034214263238)
2024,CORTE SELETIVO,C51L41,POINT (-61.227755955804476 -8.23836035441007)
2024,CORTE SELETIVO,C51L41,POINT (-61.23026555462822 -8.237968533044512)
2024,CORTE SELETIVO,C51L41,POINT (-61.22937579936828 -8.2343809029961)
2024,CORTE SELETIVO,C51L41,POINT (-61.22895940771424 -8.232897737147988)
2024,CORTE SELETIVO,C51L41,POINT (-61.231427002176694 -8.2316633324211)
2024,CORTE SELETIVO,C51L41,POINT (-61.22989107969961 -8.230173887790514)
2024,CORTE SELETIVO,C51L41,POINT (-61.220724945452396 -8.24994674750339)
2024,CORTE SELETIVO,C51L41,POINT (-61.22109544387961 -8.249099560140351)
2024,CORTE SELETIVO,C51L41,POINT (-61.22113805867681 -8.24880763305808)
2024,CORTE SELETIVO,C51L41,POINT (-61.224406427083714 -8.246927078742035)
2024,CORTE SELETIVO,C51L41,POINT (-61.22411925823694 -8.246992407959452)
2024,CORTE SELETIVO,C51L41,POINT (-61.22248248618476 -8.246229279459948)
2024,CORTE SELETIVO,C51L41,POINT (-61.22359314487629 -8.24585431874337)
2024,CORTE SELETIVO,C51L41,POINT (-61.22312627072719 -8.245873094462231)
2024,CORTE SELETIVO,C51L41,POINT (-61.22292364866162 -8.245870041908766)
2024,CORTE SELETIVO,C51L41,POINT (-61.22335456721499 -8.245873766226287)
2024,CORTE SELETIVO,C51L41,POINT (-61.22270015662021 -8.245789575353278)
2024,CORTE SELETIVO,C51L41,POINT (-61.223414585268365 -8.245794188729684)
2024,CORTE SELETIVO,C51L41,POINT (-61.223817404954055 -8.245662228355892)
2024,CORTE SELETIVO,C51L41,POINT (-61.22243575929624 -8.245655963399233)
2024,CORTE SELETIVO,C51L41,POINT (-61.22322097130931 -8.245504609642996)
2024,CORTE SELETIVO,C51L41,POINT (-61.22361343464089 -8.245670314728832)
2024,CORTE SELETIVO,C51L41,POINT (-61.222818751514204 -8.245526295249585)
2024,CORTE SELETIVO,C51L41,POINT (-61.223066064831215 -8.245429473673546)
2024,CORTE SELETIVO,C51L41,POINT (-61.222803592164745 -8.245228891129429)
2024,CORTE SELETIVO,C51L41,POINT (-61.21996774251067 -8.244946531842228)
2024,CORTE SELETIVO,C51L41,POINT (-61.22147103999868 -8.244896290241035)
2024,CORTE SELETIVO,C51L41,POINT (-61.22222099516129 -8.244874030088065)
2024,CORTE SELETIVO,C51L41,POINT (-61.2217194962748 -8.244628726693023)
2024,CORTE SELETIVO,C51L41,POINT (-61.22423933012338 -8.244746977286395)
2024,CORTE SELETIVO,C51L41,POINT (-61.219908693739946 -8.244739946800578)
2024,CORTE SELETIVO,C51L41,POINT (-61.222346764761184 -8.244788179051207)
2024,CORTE SELETIVO,C51L41,POINT (-61.224014946658436 -8.244553211005575)
2024,CORTE SELETIVO,C51L41,POINT (-61.21950813604373 -8.244503391997283)
2024,CORTE SELETIVO,C51L41,POINT (-61.22247363428559 -8.244539877691876)
2024,CORTE SELETIVO,C51L41,POINT (-61.222241944237425 -8.244465521573337)
2024,CORTE SELETIVO,C51L41,POINT (-61.224324060435464 -8.244161041549042)
2024,CORTE SELETIVO,C51L41,POINT (-61.21920860255629 -8.2439364529656)
2024,CORTE SELETIVO,C51L41,POINT (-61.22417749055767 -8.244050129436076)
2024,CORTE SELETIVO,C51L41,POINT (-61.22042803842509 -8.244055181508417)
2024,CORTE SELETIVO,C51L41,POINT (-61.219206167533876 -8.24374213754746)
2024,CORTE SELETIVO,C51L41,POINT (-61.22427301158913 -8.243609105590775)
2024,CORTE SELETIVO,C51L41,POINT (-61.22153342482227 -8.242466165196667)
2024,CORTE SELETIVO,C51L41,POINT (-61.22183741008862 -8.242138220957901)
2024,CORTE SELETIVO,C51L41,POINT (-61.220240967453265 -8.24170606141567)
2024,CORTE SELETIVO,C51L41,POINT (-61.21988431233529 -8.241426539036919)
2024,CORTE SELETIVO,C51L41,POINT (-61.220052468185614 -8.241209307181093)
2024,CORTE SELETIVO,C51L41,POINT (-61.22296239199607 -8.241014296168578)
2024,CORTE SELETIVO,C51L41,POINT (-61.221966106767475 -8.241001741230376)
2024,CORTE SELETIVO,C51L41,POINT (-61.22175883668307 -8.240962202123873)
2024,CORTE SELETIVO,C51L41,POINT (-61.22255971853822 -8.240776062542448)
2024,CORTE SELETIVO,C51L41,POINT (-61.222203787237895 -8.240548762076608)
2024,CORTE SELETIVO,C51L41,POINT (-61.22252202971479 -8.24022511594765)
2024,CORTE SELETIVO,C51L41,POINT (-61.220369804206115 -8.240111752921626)
2024,CORTE SELETIVO,C51L41,POINT (-61.21941241840614 -8.239940042705223)
2024,CORTE SELETIVO,C51L41,POINT (-61.22009876370256 -8.239812637803574)
2024,CORTE SELETIVO,C51L41,POINT (-61.22022133618569 -8.239838435250409)
2024,CORTE SELETIVO,C51L41,POINT (-61.21967418478535 -8.239639625350929)
2024,CORTE SELETIVO,C51L41,POINT (-61.219058352872885 -8.23949543024451)
2024,CORTE SELETIVO,C51L41,POINT (-61.22303604922375 -8.239518594247917)
2024,CORTE SELETIVO,C51L41,POINT (-61.21943589987415 -8.237794595770778)
2024,CORTE SELETIVO,C51L41,POINT (-61.22036556196684 -8.236294237699488)
2024,CORTE SELETIVO,C51L41,POINT (-61.22168462147347 -8.235407544687565)
2024,CORTE SELETIVO,C51L41,POINT (-61.2195328795156 -8.23541731786091)
2024,CORTE SELETIVO,C51L41,POINT (-61.21971378811387 -8.234959701079108)
2024,CORTE SELETIVO,C51L41,POINT (-61.22031844833711 -8.234950345577504)
2024,CORTE SELETIVO,C51L41,POINT (-61.220139165882706 -8.23498736116664)
2024,CORTE SELETIVO,C51L41,POINT (-61.219924780956404 -8.234614053247673)
2024,CORTE SELETIVO,C51L41,POINT (-61.2195189605794 -8.231625953405285)
2024,CORTE SELETIVO,C51L41,POINT (-61.22120668343712 -8.231045893906453)
2024,CORTE SELETIVO,C51L41,POINT (-61.221404796354044 -8.230216755441125)
2024,CORTE SELETIVO,C51L41,POINT (-61.22143156070838 -8.229684836048637)
2024,CORTE SELETIVO,C51L41,POINT (-61.22106261389298 -8.229301249439093)
2024,CORTE SELETIVO,C51L41,POINT (-61.22019354351492 -8.229281967666862)
2024,CORTE SELETIVO,C51L41,POINT (-61.21509761472523 -8.249415375476097)
2024,CORTE SELETIVO,C51L41,POINT (-61.21802613223077 -8.24919544694489)
2024,CORTE SELETIVO,C51L41,POINT (-61.214944190819416 -8.248974535112701)
2024,CORTE SELETIVO,C51L41,POINT (-61.21546944858783 -8.24862778948329)
2024,CORTE SELETIVO,C51L41,POINT (-61.21495070689857 -8.248555741102816)
2024,CORTE SELETIVO,C51L41,POINT (-61.21475749171454 -8.248560347436701)
2024,CORTE SELETIVO,C51L41,POINT (-61.2164934026332 -8.248446395507314)
2024,CORTE SELETIVO,C51L41,POINT (-61.21912554576768 -8.248252508986818)
2024,CORTE SELETIVO,C51L41,POINT (-61.21749564732914 -8.246933940012086)
2024,CORTE SELETIVO,C51L41,POINT (-61.21474159045549 -8.246835959646399)
2024,CORTE SELETIVO,C51L41,POINT (-61.21796437680166 -8.246892102931344)
2024,CORTE SELETIVO,C51L41,POINT (-61.21574001339951 -8.246223535463459)
2024,CORTE SELETIVO,C51L41,POINT (-61.21586096120199 -8.245966971204714)
2024,CORTE SELETIVO,C51L41,POINT (-61.21628421472852 -8.24576805990922)
2024,CORTE SELETIVO,C51L41,POINT (-61.21711132323787 -8.245758470494334)
2024,CORTE SELETIVO,C51L41,POINT (-61.21449059212679 -8.245857696062421)
2024,CORTE SELETIVO,C51L41,POINT (-61.21496428660229 -8.245775655038516)
2024,CORTE SELETIVO,C51L41,POINT (-61.21421708237529 -8.245489576858954)
2024,CORTE SELETIVO,C51L41,POINT (-61.2170057102575 -8.24520797969851)
2024,CORTE SELETIVO,C51L41,POINT (-61.213990772174355 -8.245416243634393)
2024,CORTE SELETIVO,C51L41,POINT (-61.21433954159026 -8.245305616789866)
2024,CORTE SELETIVO,C51L41,POINT (-61.21410818630697 -8.245294496220751)
2024,CORTE SELETIVO,C51L41,POINT (-61.21707919639723 -8.244466334249054)
2024,CORTE SELETIVO,C51L41,POINT (-61.21741215448963 -8.244383386974057)
2024,CORTE SELETIVO,C51L41,POINT (-61.219089792854135 -8.243856897355563)
2024,CORTE SELETIVO,C51L41,POINT (-61.21831045478009 -8.243366924639345)
2024,CORTE SELETIVO,C51L41,POINT (-61.217500431661584 -8.243397021136628)
2024,CORTE SELETIVO,C51L41,POINT (-61.21644825394078 -8.243407792177218)
2024,CORTE SELETIVO,C51L41,POINT (-61.21871341188112 -8.243105302486928)
2024,CORTE SELETIVO,C51L41,POINT (-61.21907489127779 -8.242659486103152)
2024,CORTE SELETIVO,C51L41,POINT (-61.21519962324662 -8.242978067307725)
2024,CORTE SELETIVO,C51L41,POINT (-61.218029304405924 -8.242530011911189)
2024,CORTE SELETIVO,C51L41,POINT (-61.216346666836564 -8.242521045527125)
2024,CORTE SELETIVO,C51L41,POINT (-61.21606398489311 -8.242445505816923)
2024,CORTE SELETIVO,C51L41,POINT (-61.21396498057893 -8.242048310056667)
2024,CORTE SELETIVO,C51L41,POINT (-61.215785420160074 -8.241756399703771)
2024,CORTE SELETIVO,C51L41,POINT (-61.21312085325092 -8.24191324283994)
2024,CORTE SELETIVO,C51L41,POINT (-61.21663500969152 -8.241462510190454)
2024,CORTE SELETIVO,C51L41,POINT (-61.2188865672035 -8.241382659358074)
2024,CORTE SELETIVO,C51L41,POINT (-61.21505235172564 -8.24126005126413)
2024,CORTE SELETIVO,C51L41,POINT (-61.21539278258042 -8.241085934959084)
2024,CORTE SELETIVO,C51L41,POINT (-61.215792475966396 -8.240938320605066)
2024,CORTE SELETIVO,C51L41,POINT (-61.215986018346356 -8.240795389620454)
2024,CORTE SELETIVO,C51L41,POINT (-61.21427835115321 -8.240392248467423)
2024,CORTE SELETIVO,C51L41,POINT (-61.21536103448395 -8.240326669982291)
2024,CORTE SELETIVO,C51L41,POINT (-61.21486597778231 -8.240240865314268)
2024,CORTE SELETIVO,C51L41,POINT (-61.21620659218353 -8.240155201569824)
2024,CORTE SELETIVO,C51L41,POINT (-61.214443888726045 -8.240101214437388)
2024,CORTE SELETIVO,C51L41,POINT (-61.21306310798795 -8.240173737998354)
2024,CORTE SELETIVO,C51L41,POINT (-61.21617439169639 -8.240072928716222)
2024,CORTE SELETIVO,C51L41,POINT (-61.21348365813504 -8.239936167991587)
2024,CORTE SELETIVO,C51L41,POINT (-61.2151150551229 -8.239992834415983)
2024,CORTE SELETIVO,C51L41,POINT (-61.2158316890104 -8.239707381302557)
2024,CORTE SELETIVO,C51L41,POINT (-61.21497560516995 -8.239870900165966)
2024,CORTE SELETIVO,C51L41,POINT (-61.214171174200075 -8.239573965838451)
2024,CORTE SELETIVO,C51L41,POINT (-61.212999745280264 -8.239688221080264)
2024,CORTE SELETIVO,C51L41,POINT (-61.216540489586485 -8.239509229042614)
2024,CORTE SELETIVO,C51L41,POINT (-61.213072705752964 -8.239291435377924)
2024,CORTE SELETIVO,C51L41,POINT (-61.216450725022945 -8.239050081238373)
2024,CORTE SELETIVO,C51L41,POINT (-61.216434125303856 -8.238759783841054)
2024,CORTE SELETIVO,C51L41,POINT (-61.21422731930978 -8.238730828277554)
2024,CORTE SELETIVO,C51L41,POINT (-61.21888769015548 -8.23833317089417)
2024,CORTE SELETIVO,C51L41,POINT (-61.212936871897284 -8.238312170212051)
2024,CORTE SELETIVO,C51L41,POINT (-61.214296333178204 -8.238143506507532)
2024,CORTE SELETIVO,C51L41,POINT (-61.21349582422401 -8.238199937279798)
2024,CORTE SELETIVO,C51L41,POINT (-61.2184589657313 -8.238035084003625)
2024,CORTE SELETIVO,C51L41,POINT (-61.21910615324514 -8.23787171264429)
2024,CORTE SELETIVO,C51L41,POINT (-61.21745826109729 -8.23787135676241)
2024,CORTE SELETIVO,C51L41,POINT (-61.218807738070694 -8.237788549642087)
2024,CORTE SELETIVO,C51L41,POINT (-61.21897087920924 -8.237524611677719)
2024,CORTE SELETIVO,C51L41,POINT (-61.21717513835821 -8.237649425578237)
2024,CORTE SELETIVO,C51L41,POINT (-61.218731588667005 -8.23741573649086)
2024,CORTE SELETIVO,C51L41,POINT (-61.21320319507389 -8.237280614633757)
2024,CORTE SELETIVO,C51L41,POINT (-61.21736959891105 -8.237261457373595)
2024,CORTE SELETIVO,C51L41,POINT (-61.21445414394989 -8.237210613096314)
2024,CORTE SELETIVO,C51L41,POINT (-61.212968945288544 -8.236851328328331)
2024,CORTE SELETIVO,C51L41,POINT (-61.21413177155875 -8.236996213600257)
2024,CORTE SELETIVO,C51L41,POINT (-61.218131103522666 -8.236992778826997)
2024,CORTE SELETIVO,C51L41,POINT (-61.21576026613036 -8.236610889368611)
2024,CORTE SELETIVO,C51L41,POINT (-61.21561603065841 -8.236441947419133)
2024,CORTE SELETIVO,C51L41,POINT (-61.219335847754294 -8.235570187525228)
2024,CORTE SELETIVO,C51L41,POINT (-61.212938261596825 -8.235699381440199)
2024,CORTE SELETIVO,C51L41,POINT (-61.21282968901553 -8.235566862122479)
2024,CORTE SELETIVO,C51L41,POINT (-61.21420346541299 -8.235238566961984)
2024,CORTE SELETIVO,C51L41,POINT (-61.21315260220048 -8.23497428474136)
2024,CORTE SELETIVO,C51L41,POINT (-61.21343102596006 -8.235004443515374)
2024,CORTE SELETIVO,C51L41,POINT (-61.2192282499284 -8.23506434630287)
2024,CORTE SELETIVO,C51L41,POINT (-61.214201714708565 -8.234898400352032)
2024,CORTE SELETIVO,C51L41,POINT (-61.21474368052446 -8.234900018058482)
2024,CORTE SELETIVO,C51L41,POINT (-61.21929228551451 -8.234623192063275)
2024,CORTE SELETIVO,C51L41,POINT (-61.21416426000422 -8.234750680347634)
2024,CORTE SELETIVO,C51L41,POINT (-61.215127362198444 -8.23460993124179)
2024,CORTE SELETIVO,C51L41,POINT (-61.213538704813125 -8.234640459586803)
2024,CORTE SELETIVO,C51L41,POINT (-61.214224855534425 -8.234543377458905)
2024,CORTE SELETIVO,C51L41,POINT (-61.21513872587271 -8.234453907178809)
2024,CORTE SELETIVO,C51L41,POINT (-61.21391087268623 -8.234388401750602)
2024,CORTE SELETIVO,C51L41,POINT (-61.21363479456095 -8.23424602266174)
2024,CORTE SELETIVO,C51L41,POINT (-61.2138896478582 -8.23401401615392)
2024,CORTE SELETIVO,C51L41,POINT (-61.21349127328709 -8.233759787547168)
2024,CORTE SELETIVO,C51L41,POINT (-61.21430637607461 -8.233483738360176)
2024,CORTE SELETIVO,C51L41,POINT (-61.21370716445921 -8.232828737303826)
2024,CORTE SELETIVO,C51L41,POINT (-61.21434013076067 -8.23307050638547)
2024,CORTE SELETIVO,C51L41,POINT (-61.21398205285364 -8.23305739236037)
2024,CORTE SELETIVO,C51L41,POINT (-61.213347391748776 -8.232825940295717)
2024,CORTE SELETIVO,C51L41,POINT (-61.21372734341142 -8.23261930270907)
2024,CORTE SELETIVO,C51L41,POINT (-61.2172597077841 -8.232693947116395)
2024,CORTE SELETIVO,C51L41,POINT (-61.21418733476467 -8.232483324308593)
2024,CORTE SELETIVO,C51L41,POINT (-61.21572009374432 -8.232353618125321)
2024,CORTE SELETIVO,C51L41,POINT (-61.21792323295648 -8.232326553585423)
2024,CORTE SELETIVO,C51L41,POINT (-61.216788825275074 -8.232124406176235)
2024,CORTE SELETIVO,C51L41,POINT (-61.21456845552442 -8.232256092893794)
2024,CORTE SELETIVO,C51L41,POINT (-61.21341424299878 -8.232221984521104)
2024,CORTE SELETIVO,C51L41,POINT (-61.21715069566883 -8.232268618063523)
2024,CORTE SELETIVO,C51L41,POINT (-61.21544399696828 -8.232285847621386)
2024,CORTE SELETIVO,C51L41,POINT (-61.2140180685021 -8.232136752709199)
2024,CORTE SELETIVO,C51L41,POINT (-61.21326438004127 -8.232212794105049)
2024,CORTE SELETIVO,C51L41,POINT (-61.21734217101175 -8.232107368967906)
2024,CORTE SELETIVO,C51L41,POINT (-61.21375672010756 -8.23222309636578)
2024,CORTE SELETIVO,C51L41,POINT (-61.21482920988867 -8.23210350935763)
2024,CORTE SELETIVO,C51L41,POINT (-61.214634111075185 -8.232193825411795)
2024,CORTE SELETIVO,C51L41,POINT (-61.21353056717992 -8.23073297515113)
2024,CORTE SELETIVO,C51L41,POINT (-61.214736471298984 -8.230881797525234)
2024,CORTE SELETIVO,C51L41,POINT (-61.21343652267269 -8.23060674012565)
2024,CORTE SELETIVO,C51L41,POINT (-61.21288768036465 -8.230304920488187)
2024,CORTE SELETIVO,C51L41,POINT (-61.21456961843752 -8.229996613965882)
2024,CORTE SELETIVO,C51L41,POINT (-61.214400677518704 -8.229792238142082)
2024,CORTE SELETIVO,C51L41,POINT (-61.214132961462965 -8.22967654158526)
2024,CORTE SELETIVO,C51L41,POINT (-61.21680275643672 -8.229141065754659)
2024,CORTE SELETIVO,C51L41,POINT (-61.209707223649154 -8.249779624412659)
2024,CORTE SELETIVO,C51L41,POINT (-61.209632192297875 -8.249596431556352)
2024,CORTE SELETIVO,C51L41,POINT (-61.20987931124073 -8.24940169265929)
2024,CORTE SELETIVO,C51L41,POINT (-61.212205692917955 -8.248752761730847)
2024,CORTE SELETIVO,C51L41,POINT (-61.21215629721171 -8.24857206204816)
2024,CORTE SELETIVO,C51L41,POINT (-61.21238182205795 -8.248528522772911)
2024,CORTE SELETIVO,C51L41,POINT (-61.212402301654606 -8.248202919585777)
2024,CORTE SELETIVO,C51L41,POINT (-61.21042550831449 -8.247279585854912)
2024,CORTE SELETIVO,C51L41,POINT (-61.21051869928992 -8.247060662822408)
2024,CORTE SELETIVO,C51L41,POINT (-61.2101183410186 -8.2470599031632)
2024,CORTE SELETIVO,C51L41,POINT (-61.21277679813641 -8.246231984027078)
2024,CORTE SELETIVO,C51L41,POINT (-61.21096926106431 -8.246060342580217)
2024,CORTE SELETIVO,C51L41,POINT (-61.20941631949375 -8.24602850190077)
2024,CORTE SELETIVO,C51L41,POINT (-61.21024903055875 -8.24421482416566)
2024,CORTE SELETIVO,C51L41,POINT (-61.21137981201402 -8.2438607409247)
2024,CORTE SELETIVO,C51L41,POINT (-61.21141898359847 -8.243609272725328)
2024,CORTE SELETIVO,C51L41,POINT (-61.2116765116751 -8.243637840078414)
2024,CORTE SELETIVO,C51L41,POINT (-61.21121877034479 -8.243578213080282)
2024,CORTE SELETIVO,C51L41,POINT (-61.20952978953781 -8.243104742554356)
2024,CORTE SELETIVO,C51L41,POINT (-61.21284257397849 -8.24288748263853)
2024,CORTE SELETIVO,C51L41,POINT (-61.2100114131272 -8.242443693363311)
2024,CORTE SELETIVO,C51L41,POINT (-61.209879986022315 -8.242344205662421)
2024,CORTE SELETIVO,C51L41,POINT (-61.210002543995564 -8.242293038275715)
2024,CORTE SELETIVO,C51L41,POINT (-61.210145514489625 -8.242193232274937)
2024,CORTE SELETIVO,C51L41,POINT (-61.21025876061706 -8.242088832228506)
2024,CORTE SELETIVO,C51L41,POINT (-61.21002092869522 -8.241930477611627)
2024,CORTE SELETIVO,C51L41,POINT (-61.20980224440163 -8.241829258407366)
2024,CORTE SELETIVO,C51L41,POINT (-61.20975569441743 -8.241655025639544)
2024,CORTE SELETIVO,C51L41,POINT (-61.2109460274548 -8.241583112765694)
2024,CORTE SELETIVO,C51L41,POINT (-61.21076017954469 -8.241493889255882)
2024,CORTE SELETIVO,C51L41,POINT (-61.20841799490266 -8.240468362754326)
2024,CORTE SELETIVO,C51L41,POINT (-61.21212891961779 -8.2408308470165)
2024,CORTE SELETIVO,C51L41,POINT (-61.20921872978405 -8.240726902979887)
2024,CORTE SELETIVO,C51L41,POINT (-61.21029749311408 -8.239537434433116)
2024,CORTE SELETIVO,C51L41,POINT (-61.20862020932652 -8.239471515233587)
2024,CORTE SELETIVO,C51L41,POINT (-61.210501985630756 -8.239433208037278)
2024,CORTE SELETIVO,C51L41,POINT (-61.210172833528105 -8.239356192652382)
2024,CORTE SELETIVO,C51L41,POINT (-61.21093556298162 -8.239277991126388)
2024,CORTE SELETIVO,C51L41,POINT (-61.21063921018491 -8.239185085026431)
2024,CORTE SELETIVO,C51L41,POINT (-61.20947091305107 -8.23881694103811)
2024,CORTE SELETIVO,C51L41,POINT (-61.212551242740645 -8.239087199923556)
2024,CORTE SELETIVO,C51L41,POINT (-61.21182590316959 -8.238915474759676)
2024,CORTE SELETIVO,C51L41,POINT (-61.211786312724534 -8.238711347888183)
2024,CORTE SELETIVO,C51L41,POINT (-61.21239621725041 -8.238880982373214)
2024,CORTE SELETIVO,C51L41,POINT (-61.21038039587283 -8.238696561166686)
2024,CORTE SELETIVO,C51L41,POINT (-61.21209819898743 -8.237751301416786)
2024,CORTE SELETIVO,C51L41,POINT (-61.2116540291591 -8.237976021415585)
2024,CORTE SELETIVO,C51L41,POINT (-61.209070425496094 -8.237655509024897)
2024,CORTE SELETIVO,C51L41,POINT (-61.21015114730553 -8.237422421909773)
2024,CORTE SELETIVO,C51L41,POINT (-61.20979444910186 -8.235825626581976)
2024,CORTE SELETIVO,C51L41,POINT (-61.208838311912096 -8.235778390070262)
2024,CORTE SELETIVO,C51L41,POINT (-61.208691566536835 -8.235566496932476)
2024,CORTE SELETIVO,C51L41,POINT (-61.20988251504776 -8.235636541733514)
2024,CORTE SELETIVO,C51L41,POINT (-61.211652567979655 -8.235474269350954)
2024,CORTE SELETIVO,C51L41,POINT (-61.209484025526365 -8.235472091044565)
2024,CORTE SELETIVO,C51L41,POINT (-61.2113404612835 -8.235350865701253)
2024,CORTE SELETIVO,C51L41,POINT (-61.21182239854922 -8.23527719524669)
2024,CORTE SELETIVO,C51L41,POINT (-61.210255705054145 -8.235118778465564)
2024,CORTE SELETIVO,C51L41,POINT (-61.21207225749471 -8.235087704554315)
2024,CORTE SELETIVO,C51L41,POINT (-61.21270636827133 -8.234863044118843)
2024,CORTE SELETIVO,C51L41,POINT (-61.2125337082091 -8.234893364007197)
2024,CORTE SELETIVO,C51L41,POINT (-61.21026320484064 -8.234790320043983)
2024,CORTE SELETIVO,C51L41,POINT (-61.21265104073758 -8.234713716300604)
2024,CORTE SELETIVO,C51L41,POINT (-61.20964031718044 -8.2349262389089)
2024,CORTE SELETIVO,C51L41,POINT (-61.209628356581405 -8.233847859691185)
2024,CORTE SELETIVO,C51L41,POINT (-61.210063430329456 -8.233711272790773)
2024,CORTE SELETIVO,C51L41,POINT (-61.21048373629949 -8.233597848762074)
2024,CORTE SELETIVO,C51L41,POINT (-61.211605992949266 -8.233504490119689)
2024,CORTE SELETIVO,C51L41,POINT (-61.20934371137369 -8.23234450264423)
2024,CORTE SELETIVO,C51L41,POINT (-61.20903848275105 -8.232175876309007)
2024,CORTE SELETIVO,C51L41,POINT (-61.209876136573115 -8.232167558478766)
2024,CORTE SELETIVO,C51L41,POINT (-61.21030638758565 -8.232146901432168)
2024,CORTE SELETIVO,C51L41,POINT (-61.21108390154163 -8.232153156585968)
2024,CORTE SELETIVO,C51L41,POINT (-61.20998792723141 -8.232058283702798)
2024,CORTE SELETIVO,C51L41,POINT (-61.21078479016532 -8.231994719744709)
2024,CORTE SELETIVO,C51L41,POINT (-61.21005544854162 -8.231906049121038)
2024,CORTE SELETIVO,C51L41,POINT (-61.21090521900602 -8.23156903965635)
2024,CORTE SELETIVO,C51L41,POINT (-61.212533898956494 -8.230494318493864)
2024,CORTE SELETIVO,C51L41,POINT (-61.209082305892 -8.229997464605962)
2024,CORTE SELETIVO,C51L41,POINT (-61.2093291793199 -8.229118352636728)
2024,CORTE SELETIVO,C51L41,POINT (-61.20974187347706 -8.229161849218466)
2024,CORTE SELETIVO,C51L41,POINT (-61.21116286643349 -8.228906397399868)
2024,CORTE SELETIVO,C51L41,POINT (-61.210946281187866 -8.228937531073495)
2024,CORTE SELETIVO,C51L41,POINT (-61.20602232356925 -8.24919473547011)
2024,CORTE SELETIVO,C51L41,POINT (-61.20627517913451 -8.249056087612813)
2024,CORTE SELETIVO,C51L41,POINT (-61.205943504570946 -8.248344505985786)
2024,CORTE SELETIVO,C51L41,POINT (-61.20597352098157 -8.24810775867462)
2024,CORTE SELETIVO,C51L41,POINT (-61.20604746214073 -8.248022483896944)
2024,CORTE SELETIVO,C51L41,POINT (-61.205582528022624 -8.247626905358311)
2024,CORTE SELETIVO,C51L41,POINT (-61.20879957006418 -8.247598955741411)
2024,CORTE SELETIVO,C51L41,POINT (-61.208222763525654 -8.246868068089375)
2024,CORTE SELETIVO,C51L41,POINT (-61.206556657910056 -8.246120102404156)
2024,CORTE SELETIVO,C51L41,POINT (-61.20802906280996 -8.24573050154558)
2024,CORTE SELETIVO,C51L41,POINT (-61.20747211274643 -8.243554612208106)
2024,CORTE SELETIVO,C51L41,POINT (-61.20740189064724 -8.241967243508789)
2024,CORTE SELETIVO,C51L41,POINT (-61.205153085138654 -8.241927543355883)
2024,CORTE SELETIVO,C51L41,POINT (-61.206415780728896 -8.241887733532522)
2024,CORTE SELETIVO,C51L41,POINT (-61.20598677048014 -8.24166749947087)
2024,CORTE SELETIVO,C51L41,POINT (-61.206585743452486 -8.24167856758395)
2024,CORTE SELETIVO,C51L41,POINT (-61.206202243562906 -8.241636649834005)
2024,CORTE SELETIVO,C51L41,POINT (-61.20634021571922 -8.241585608742595)
2024,CORTE SELETIVO,C51L41,POINT (-61.20602821994437 -8.241486503657564)
2024,CORTE SELETIVO,C51L41,POINT (-61.205773277792495 -8.240785576695151)
2024,CORTE SELETIVO,C51L41,POINT (-61.20789649001261 -8.239998492901991)
2024,CORTE SELETIVO,C51L41,POINT (-61.20529265922993 -8.240885319645166)
2024,CORTE SELETIVO,C51L41,POINT (-61.2052525987551 -8.240445088211079)
2024,CORTE SELETIVO,C51L41,POINT (-61.204669010551754 -8.24036866462336)
2024,CORTE SELETIVO,C51L41,POINT (-61.204576613273716 -8.240200135140048)
2024,CORTE SELETIVO,C51L41,POINT (-61.207560915996105 -8.240251101176229)
2024,CORTE SELETIVO,C51L41,POINT (-61.20517485682182 -8.24017698407801)
2024,CORTE SELETIVO,C51L41,POINT (-61.20695895340047 -8.240118316064873)
2024,CORTE SELETIVO,C51L41,POINT (-61.20467700497521 -8.240163151953992)
2024,CORTE SELETIVO,C51L41,POINT (-61.204939146122356 -8.240089155470633)
2024,CORTE SELETIVO,C51L41,POINT (-61.20649240679229 -8.240209795251673)
2024,CORTE SELETIVO,C51L41,POINT (-61.204700477696996 -8.239729030095784)
2024,CORTE SELETIVO,C51L41,POINT (-61.20745187839155 -8.239835324796019)
2024,CORTE SELETIVO,C51L41,POINT (-61.20856203535624 -8.239863191186224)
2024,CORTE SELETIVO,C51L41,POINT (-61.20643875705561 -8.239520788756764)
2024,CORTE SELETIVO,C51L41,POINT (-61.20400493140184 -8.239730943879838)
2024,CORTE SELETIVO,C51L41,POINT (-61.20733201402812 -8.239670952990688)
2024,CORTE SELETIVO,C51L41,POINT (-61.20682983757458 -8.239501632488658)
2024,CORTE SELETIVO,C51L41,POINT (-61.20364010992408 -8.239566818761517)
2024,CORTE SELETIVO,C51L41,POINT (-61.20543349133944 -8.239561463535592)
2024,CORTE SELETIVO,C51L41,POINT (-61.204181322231 -8.239269345721155)
2024,CORTE SELETIVO,C51L41,POINT (-61.20858071022364 -8.239131343715073)
2024,CORTE SELETIVO,C51L41,POINT (-61.20433050065633 -8.239160845344703)
2024,CORTE SELETIVO,C51L41,POINT (-61.206232207647545 -8.238845024032617)
2024,CORTE SELETIVO,C51L41,POINT (-61.20406227740097 -8.238974911499353)
2024,CORTE SELETIVO,C51L41,POINT (-61.20520746761756 -8.238884793557888)
2024,CORTE SELETIVO,C51L41,POINT (-61.20385935865269 -8.238757683345595)
2024,CORTE SELETIVO,C51L41,POINT (-61.20404514852568 -8.238660446750448)
2024,CORTE SELETIVO,C51L41,POINT (-61.205281530780624 -8.238393608807746)
2024,CORTE SELETIVO,C51L41,POINT (-61.20674906296842 -8.23784234085866)
2024,CORTE SELETIVO,C51L41,POINT (-61.2039722108257 -8.237328876948537)
2024,CORTE SELETIVO,C51L41,POINT (-61.20373480065342 -8.236652185912506)
2024,CORTE SELETIVO,C51L41,POINT (-61.20373364879484 -8.236234887103425)
2024,CORTE SELETIVO,C51L41,POINT (-61.20563043648512 -8.235909836260177)
2024,CORTE SELETIVO,C51L41,POINT (-61.206319300268994 -8.235850358713494)
2024,CORTE SELETIVO,C51L41,POINT (-61.204731700592376 -8.236080078171721)
2024,CORTE SELETIVO,C51L41,POINT (-61.20797350499699 -8.235715289375134)
2024,CORTE SELETIVO,C51L41,POINT (-61.20631469428669 -8.235643795553962)
2024,CORTE SELETIVO,C51L41,POINT (-61.20567382125423 -8.235603648210171)
2024,CORTE SELETIVO,C51L41,POINT (-61.207026728474695 -8.235619806445555)
2024,CORTE SELETIVO,C51L41,POINT (-61.208307877459035 -8.235804078641001)
2024,CORTE SELETIVO,C51L41,POINT (-61.20754136807027 -8.235261228319978)
2024,CORTE SELETIVO,C51L41,POINT (-61.20592789796658 -8.235332819144059)
2024,CORTE SELETIVO,C51L41,POINT (-61.207090530107855 -8.234795550091043)
2024,CORTE SELETIVO,C51L41,POINT (-61.207416050494075 -8.234708807135261)
2024,CORTE SELETIVO,C51L41,POINT (-61.206889901716984 -8.234546231576612)
2024,CORTE SELETIVO,C51L41,POINT (-61.2059111066001 -8.234490609131479)
2024,CORTE SELETIVO,C51L41,POINT (-61.20560576974641 -8.234416560380918)
2024,CORTE SELETIVO,C51L41,POINT (-61.20690382723512 -8.234485633675927)
2024,CORTE SELETIVO,C51L41,POINT (-61.207088941627326 -8.234001079590563)
2024,CORTE SELETIVO,C51L41,POINT (-61.20675731878583 -8.234290884391463)
2024,CORTE SELETIVO,C51L41,POINT (-61.20750243215269 -8.234332292285998)
2024,CORTE SELETIVO,C51L41,POINT (-61.20688847906093 -8.234140375616834)
2024,CORTE SELETIVO,C51L41,POINT (-61.207523463227375 -8.233654751059298)
2024,CORTE SELETIVO,C51L41,POINT (-61.20591589887273 -8.233142140278362)
2024,CORTE SELETIVO,C51L41,POINT (-61.20543931347488 -8.233062238403356)
2024,CORTE SELETIVO,C51L41,POINT (-61.2051723971635 -8.233024023194657)
2024,CORTE SELETIVO,C51L41,POINT (-61.20369756120332 -8.232989003897082)
2024,CORTE SELETIVO,C51L41,POINT (-61.206022349600886 -8.232679578204332)
2024,CORTE SELETIVO,C51L41,POINT (-61.20505610478521 -8.232641280092093)
2024,CORTE SELETIVO,C51L41,POINT (-61.20549751349158 -8.232665447958324)
2024,CORTE SELETIVO,C51L41,POINT (-61.20726550257525 -8.23241359180478)
2024,CORTE SELETIVO,C51L41,POINT (-61.20706407085413 -8.232362151518222)
2024,CORTE SELETIVO,C51L41,POINT (-61.207645506981194 -8.23227093582668)
2024,CORTE SELETIVO,C51L41,POINT (-61.20781688850147 -8.232125101124893)
2024,CORTE SELETIVO,C51L41,POINT (-61.20748085485397 -8.232169813326754)
2024,CORTE SELETIVO,C51L41,POINT (-61.20831284035029 -8.23211612908765)
2024,CORTE SELETIVO,C51L41,POINT (-61.20822552329941 -8.232013636357314)
2024,CORTE SELETIVO,C51L41,POINT (-61.20591878021972 -8.231160915441526)
2024,CORTE SELETIVO,C51L41,POINT (-61.20576590326725 -8.231081482582963)
2024,CORTE SELETIVO,C51L41,POINT (-61.2038915983436 -8.22903676874108)
2024,CORTE SELETIVO,C51L41,POINT (-61.20365928581575 -8.228863647769899)
2024,CORTE SELETIVO,C51L41,POINT (-61.20395414366462 -8.22899917524494)
2024,CORTE SELETIVO,C51L41,POINT (-61.20463862524238 -8.22878911854301)
2024,CORTE SELETIVO,C51L41,POINT (-61.20142293694937 -8.241966602052019)
2024,CORTE SELETIVO,C51L41,POINT (-61.19979212946688 -8.242290063141896)
2024,CORTE SELETIVO,C51L41,POINT (-61.201139322857145 -8.241596042866956)
2024,CORTE SELETIVO,C51L41,POINT (-61.2017871472328 -8.241693528175238)
2024,CORTE SELETIVO,C51L41,POINT (-61.20199979059477 -8.241616218490114)
2024,CORTE SELETIVO,C51L41,POINT (-61.20285696148471 -8.241643246447248)
2024,CORTE SELETIVO,C51L41,POINT (-61.20153778011791 -8.241590808236433)
2024,CORTE SELETIVO,C51L41,POINT (-61.20279092799328 -8.241321605972395)
2024,CORTE SELETIVO,C51L41,POINT (-61.2031517376364 -8.241396719146051)
2024,CORTE SELETIVO,C51L41,POINT (-61.20060135126399 -8.241302610624365)
2024,CORTE SELETIVO,C51L41,POINT (-61.199024664862954 -8.241411823920519)
2024,CORTE SELETIVO,C51L41,POINT (-61.202056917417444 -8.241224217118813)
2024,CORTE SELETIVO,C51L41,POINT (-61.20148512363287 -8.24120292496212)
2024,CORTE SELETIVO,C51L41,POINT (-61.19951163013539 -8.241347611724331)
2024,CORTE SELETIVO,C51L41,POINT (-61.2007612710513 -8.241120037333115)
2024,CORTE SELETIVO,C51L41,POINT (-61.201861101981784 -8.241020563636715)
2024,CORTE SELETIVO,C51L41,POINT (-61.20100593519859 -8.24118277523638)
2024,CORTE SELETIVO,C51L41,POINT (-61.20036921859513 -8.241021343247414)
2024,CORTE SELETIVO,C51L41,POINT (-61.20130428433626 -8.240928764318117)
2024,CORTE SELETIVO,C51L41,POINT (-61.20058041174843 -8.240850611116453)
2024,CORTE SELETIVO,C51L41,POINT (-61.200736854556034 -8.240859927626323)
2024,CORTE SELETIVO,C51L41,POINT (-61.200149677377915 -8.240274503860345)
2024,CORTE SELETIVO,C51L41,POINT (-61.200382474189546 -8.240153374292458)
2024,CORTE SELETIVO,C51L41,POINT (-61.202422812049726 -8.23985794262679)
2024,CORTE SELETIVO,C51L41,POINT (-61.20271158685177 -8.239818722059315)
2024,CORTE SELETIVO,C51L41,POINT (-61.19961140505377 -8.239714536814411)
2024,CORTE SELETIVO,C51L41,POINT (-61.20077529291746 -8.239750807594955)
2024,CORTE SELETIVO,C51L41,POINT (-61.198828807995 -8.239621242622961)
2024,CORTE SELETIVO,C51L41,POINT (-61.199501185926 -8.239669393246446)
2024,CORTE SELETIVO,C51L41,POINT (-61.19985274132367 -8.239687771119321)
2024,CORTE SELETIVO,C51L41,POINT (-61.19931138454618 -8.239610880367884)
2024,CORTE SELETIVO,C51L41,POINT (-61.202597951530656 -8.239226586951819)
2024,CORTE SELETIVO,C51L41,POINT (-61.20086749730861 -8.239501390851215)
2024,CORTE SELETIVO,C51L41,POINT (-61.19955419086678 -8.239421053149895)
2024,CORTE SELETIVO,C51L41,POINT (-61.19982077691262 -8.239344469168309)
2024,CORTE SELETIVO,C51L41,POINT (-61.19947789339989 -8.239336065311246)
2024,CORTE SELETIVO,C51L41,POINT (-61.203396900811875 -8.239266792212831)
2024,CORTE SELETIVO,C51L41,POINT (-61.2026776227093 -8.239153995151757)
2024,CORTE SELETIVO,C51L41,POINT (-61.203560309389964 -8.23919990976262)
2024,CORTE SELETIVO,C51L41,POINT (-61.20326458177503 -8.238948134848247)
2024,CORTE SELETIVO,C51L41,POINT (-61.20115216720441 -8.23908441705922)
2024,CORTE SELETIVO,C51L41,POINT (-61.202434455430186 -8.239082214783846)
2024,CORTE SELETIVO,C51L41,POINT (-61.20271076694722 -8.239058883623503)
2024,CORTE SELETIVO,C51L41,POINT (-61.201329798148244 -8.238853438741419)
2024,CORTE SELETIVO,C51L41,POINT (-61.20049712644225 -8.23843502346034)
2024,CORTE SELETIVO,C51L41,POINT (-61.20067672124976 -8.2384948743604)
2024,CORTE SELETIVO,C51L41,POINT (-61.202170992627984 -8.238428914805574)
2024,CORTE SELETIVO,C51L41,POINT (-61.20094019121165 -8.238511867351093)
2024,CORTE SELETIVO,C51L41,POINT (-61.20204796249393 -8.238271088410302)
2024,CORTE SELETIVO,C51L41,POINT (-61.201630784940924 -8.23824313800869)
2024,CORTE SELETIVO,C51L41,POINT (-61.20058140819425 -8.238232758335306)
2024,CORTE SELETIVO,C51L41,POINT (-61.20179655267203 -8.238053223867318)
2024,CORTE SELETIVO,C51L41,POINT (-61.2012218277872 -8.237979353357638)
2024,CORTE SELETIVO,C51L41,POINT (-61.20114556419803 -8.237885280159286)
2024,CORTE SELETIVO,C51L41,POINT (-61.20094261241428 -8.237780339447008)
2024,CORTE SELETIVO,C51L41,POINT (-61.203056480311034 -8.236707500043751)
2024,CORTE SELETIVO,C51L41,POINT (-61.203013644680375 -8.236492015184586)
2024,CORTE SELETIVO,C51L41,POINT (-61.20028508831835 -8.236371486026904)
2024,CORTE SELETIVO,C51L41,POINT (-61.1997971316935 -8.236335200972622)
2024,CORTE SELETIVO,C51L41,POINT (-61.20354732931754 -8.236354380612896)
2024,CORTE SELETIVO,C51L41,POINT (-61.19938852886255 -8.236057160327299)
2024,CORTE SELETIVO,C51L41,POINT (-61.19987064376871 -8.236053127584453)
2024,CORTE SELETIVO,C51L41,POINT (-61.20000535361386 -8.23603905073392)
2024,CORTE SELETIVO,C51L41,POINT (-61.201077602279646 -8.235977684895532)
2024,CORTE SELETIVO,C51L41,POINT (-61.19925758666888 -8.235916863184476)
2024,CORTE SELETIVO,C51L41,POINT (-61.200942603041234 -8.235761227352043)
2024,CORTE SELETIVO,C51L41,POINT (-61.20147719945449 -8.235325983641527)
2024,CORTE SELETIVO,C51L41,POINT (-61.20128874411942 -8.235229053549105)
2024,CORTE SELETIVO,C51L41,POINT (-61.19874304743087 -8.235068998453176)
2024,CORTE SELETIVO,C51L41,POINT (-61.1990958417092 -8.234923939880703)
2024,CORTE SELETIVO,C51L41,POINT (-61.20252747702595 -8.23462860951964)
2024,CORTE SELETIVO,C51L41,POINT (-61.20246668487579 -8.234506040940836)
2024,CORTE SELETIVO,C51L41,POINT (-61.199757092818686 -8.23470061382587)
2024,CORTE SELETIVO,C51L41,POINT (-61.20208646389718 -8.23443980088748)
2024,CORTE SELETIVO,C51L41,POINT (-61.20230557588448 -8.23436253544334)
2024,CORTE SELETIVO,C51L41,POINT (-61.20162228788992 -8.234132110395675)
2024,CORTE SELETIVO,C51L41,POINT (-61.20237169988697 -8.234186125382118)
2024,CORTE SELETIVO,C51L41,POINT (-61.19951971209835 -8.233972638627458)
2024,CORTE SELETIVO,C51L41,POINT (-61.19875163323805 -8.233941061637069)
2024,CORTE SELETIVO,C51L41,POINT (-61.20149104253166 -8.233916064816674)
2024,CORTE SELETIVO,C51L41,POINT (-61.20097518533519 -8.234053780248841)
2024,CORTE SELETIVO,C51L41,POINT (-61.20066053927509 -8.233708878388958)
2024,CORTE SELETIVO,C51L41,POINT (-61.20242744058932 -8.23373921065206)
2024,CORTE SELETIVO,C51L41,POINT (-61.19879877753476 -8.233710883151788)
2024,CORTE SELETIVO,C51L41,POINT (-61.20211031954464 -8.233629907212062)
2024,CORTE SELETIVO,C51L41,POINT (-61.198450843303775 -8.233513552761753)
2024,CORTE SELETIVO,C51L41,POINT (-61.20201334940439 -8.233441464366175)
2024,CORTE SELETIVO,C51L41,POINT (-61.20305437496287 -8.233444896751694)
2024,CORTE SELETIVO,C51L41,POINT (-61.19990163135223 -8.233212044396984)
2024,CORTE SELETIVO,C51L41,POINT (-61.2014855853495 -8.233255394742347)
2024,CORTE SELETIVO,C51L41,POINT (-61.2035452672261 -8.23313390175283)
2024,CORTE SELETIVO,C51L41,POINT (-61.19969901836102 -8.233190299911033)
2024,CORTE SELETIVO,C51L41,POINT (-61.201958914539986 -8.23302927416039)
2024,CORTE SELETIVO,C51L41,POINT (-61.20229650473228 -8.233161496604405)
2024,CORTE SELETIVO,C51L41,POINT (-61.201650588454235 -8.232959553619771)
2024,CORTE SELETIVO,C51L41,POINT (-61.19847775990542 -8.233030018044385)
2024,CORTE SELETIVO,C51L41,POINT (-61.20243858146059 -8.23302665162039)
2024,CORTE SELETIVO,C51L41,POINT (-61.203096057910244 -8.232961203571302)
2024,CORTE SELETIVO,C51L41,POINT (-61.19952140224139 -8.232950333881297)
2024,CORTE SELETIVO,C51L41,POINT (-61.19983045739266 -8.232721993719526)
2024,CORTE SELETIVO,C51L41,POINT (-61.19886594989937 -8.232842750967656)
2024,CORTE SELETIVO,C51L41,POINT (-61.19915050572001 -8.232832952065342)
2024,CORTE SELETIVO,C51L41,POINT (-61.20174656147064 -8.232871705467499)
2024,CORTE SELETIVO,C51L41,POINT (-61.203123377541615 -8.232751031798015)
2024,CORTE SELETIVO,C51L41,POINT (-61.20027661213171 -8.232671982969611)
2024,CORTE SELETIVO,C51L41,POINT (-61.199603226414496 -8.232696678549564)
2024,CORTE SELETIVO,C51L41,POINT (-61.199063797244555 -8.232775683051441)
2024,CORTE SELETIVO,C51L41,POINT (-61.203742814451395 -8.23249766928048)
2024,CORTE SELETIVO,C51L41,POINT (-61.20192505025325 -8.232621843708671)
2024,CORTE SELETIVO,C51L41,POINT (-61.203190663418575 -8.232107206672648)
2024,CORTE SELETIVO,C51L41,POINT (-61.20344277692466 -8.23053076638442)
2024,CORTE SELETIVO,C51L41,POINT (-61.2032860257066 -8.229221008220712)
2024,CORTE SELETIVO,C51L41,POINT (-61.20317127391502 -8.228700979436114)
2024,CORTE SELETIVO,C51L41,POINT (-61.20348535344419 -8.228729547685603)
2024,CORTE SELETIVO,C51L41,POINT (-61.198391499001545 -8.241561899241633)
2024,CORTE SELETIVO,C51L41,POINT (-61.19812955752514 -8.241048770808346)
2024,CORTE SELETIVO,C51L41,POINT (-61.197938275337684 -8.240778183104224)
2024,CORTE SELETIVO,C51L41,POINT (-61.19701294988515 -8.240709614973659)
2024,CORTE SELETIVO,C51L41,POINT (-61.19661595826374 -8.24058304268262)
2024,CORTE SELETIVO,C51L41,POINT (-61.19714718222717 -8.240528840569121)
2024,CORTE SELETIVO,C51L41,POINT (-61.196205897836705 -8.240507708581367)
2024,CORTE SELETIVO,C51L41,POINT (-61.19681652372008 -8.24051888696727)
2024,CORTE SELETIVO,C51L41,POINT (-61.19605631424351 -8.240374693604084)
2024,CORTE SELETIVO,C51L41,POINT (-61.19631118118889 -8.240177902084053)
2024,CORTE SELETIVO,C51L41,POINT (-61.19587634923762 -8.240195433029744)
2024,CORTE SELETIVO,C51L41,POINT (-61.19765206815865 -8.238109582840517)
2024,CORTE SELETIVO,C51L41,POINT (-61.19788209967747 -8.236959235977212)
2024,CORTE SELETIVO,C51L41,POINT (-61.197799278717255 -8.236131152914782)
2024,CORTE SELETIVO,C51L41,POINT (-61.19744739213734 -8.235821355739093)
2024,CORTE SELETIVO,C51L41,POINT (-61.19828169919249 -8.235497535778915)
2024,CORTE SELETIVO,C51L41,POINT (-61.19777501446503 -8.235227112542859)
2024,CORTE SELETIVO,C51L41,POINT (-61.19825533106079 -8.233950030191766)
2024,CORTE SELETIVO,C51L41,POINT (-61.19831498806523 -8.232833703988064)
2024,CORTE SELETIVO,C51L41,POINT (-61.19499599169776 -8.188692850048787)
2024,CORTE SELETIVO,C51L41,POINT (-61.194952197743206 -8.188031234450252)
2024,CORTE SELETIVO,C51L41,POINT (-61.197098624702484 -8.187278034449337)
2024,CORTE SELETIVO,C51L41,POINT (-61.196813909153214 -8.18710066836196)
2024,CORTE SELETIVO,C51L41,POINT (-61.19665011457392 -8.186860570343503)
2024,CORTE SELETIVO,C51L41,POINT (-61.19650393256535 -8.186525889541096)
2024,CORTE SELETIVO,C51L41,POINT (-61.1961185457852 -8.186100168588371)
2024,CORTE SELETIVO,C51L41,POINT (-61.19553954334308 -8.184985117036746)
2024,CORTE SELETIVO,C51L41,POINT (-61.1954483798736 -8.184232944591376)
2024,CORTE SELETIVO,C51L41,POINT (-61.19506825643247 -8.183566760781604)
2024,CORTE SELETIVO,C51L41,POINT (-61.19191104754743 -8.177258386052047)
2024,CORTE SELETIVO,C51L41,POINT (-61.191679021735666 -8.177211037964442)
2024,CORTE SELETIVO,C51L41,POINT (-61.18652848845767 -8.180512037117774)
2024,CORTE SELETIVO,C51L41,POINT (-61.187706320412424 -8.177197747068902)
2024,CORTE SELETIVO,C51L41,POINT (-61.18693449528061 -8.17689453643764)
2024,CORTE SELETIVO,C51L41,POINT (-61.18886480373398 -8.176589993983209)
2024,CORTE SELETIVO,C51L41,POINT (-61.188175148574715 -8.176752018305853)
2024,CORTE SELETIVO,C51L41,POINT (-61.188938402977236 -8.176459343784447)
2024,CORTE SELETIVO,C51L41,POINT (-61.18827590129383 -8.176191305296083)
2024,CORTE SELETIVO,C51L41,POINT (-61.18608441441128 -8.176049552810525)
2024,CORTE SELETIVO,C51L41,POINT (-61.18781311915021 -8.176030985418679)
2024,CORTE SELETIVO,C51L41,POINT (-61.18717228241058 -8.175901836611333)
2024,CORTE SELETIVO,C51L41,POINT (-61.18667042507875 -8.175893188074745)
2024,CORTE SELETIVO,C51L41,POINT (-61.185488708237465 -8.17311535316593)
2024,CORTE SELETIVO,C51L41,POINT (-61.185759567869574 -8.17264466690282)
2024,CORTE SELETIVO,C51L41,POINT (-61.18586363507932 -8.172480483153715)
2024,CORTE SELETIVO,C51L41,POINT (-61.18588553833488 -8.172159233723432)
2024,CORTE SELETIVO,C51L41,POINT (-61.18551888801718 -8.171581784494752)
2024,CORTE SELETIVO,C51L41,POINT (-61.186248727753615 -8.17112142736452)
2024,CORTE SELETIVO,C51L41,POINT (-61.18622422179463 -8.170802731492083)
2024,CORTE SELETIVO,C51L41,POINT (-61.1862281087539 -8.170562595128908)
2024,CORTE SELETIVO,C51L41,POINT (-61.18691793474377 -8.169827125465437)
2024,CORTE SELETIVO,C51L41,POINT (-61.18206248718979 -8.184009112401654)
2024,CORTE SELETIVO,C51L41,POINT (-61.180222112237814 -8.18226195817942)
2024,CORTE SELETIVO,C51L41,POINT (-61.180606024765765 -8.182208069859927)
2024,CORTE SELETIVO,C51L41,POINT (-61.18045807992401 -8.181733603309377)
2024,CORTE SELETIVO,C51L41,POINT (-61.17941246980225 -8.181736883407865)
2024,CORTE SELETIVO,C51L41,POINT (-61.18029094555321 -8.181562414128829)
2024,CORTE SELETIVO,C51L41,POINT (-61.18435983782375 -8.181523827505238)
2024,CORTE SELETIVO,C51L41,POINT (-61.18340557830897 -8.181746292643462)
2024,CORTE SELETIVO,C51L41,POINT (-61.179282012239696 -8.1815691004361)
2024,CORTE SELETIVO,C51L41,POINT (-61.18193791399212 -8.181455686178886)
2024,CORTE SELETIVO,C51L41,POINT (-61.17867902063742 -8.181174955421717)
2024,CORTE SELETIVO,C51L41,POINT (-61.18128485314666 -8.181023024074948)
2024,CORTE SELETIVO,C51L41,POINT (-61.18347374016191 -8.181072901945944)
2024,CORTE SELETIVO,C51L41,POINT (-61.181831660957485 -8.180235703301644)
2024,CORTE SELETIVO,C51L41,POINT (-61.18048438515965 -8.180219626027966)
2024,CORTE SELETIVO,C51L41,POINT (-61.18108445394323 -8.179950338073215)
2024,CORTE SELETIVO,C51L41,POINT (-61.181261412463165 -8.179893288029946)
2024,CORTE SELETIVO,C51L41,POINT (-61.1816722721881 -8.17969927614219)
2024,CORTE SELETIVO,C51L41,POINT (-61.185341143929215 -8.178824948659932)
2024,CORTE SELETIVO,C51L41,POINT (-61.181892820351 -8.17868981970649)
2024,CORTE SELETIVO,C51L41,POINT (-61.18316132610181 -8.17493410796616)
2024,CORTE SELETIVO,C51L41,POINT (-61.182834029262544 -8.174929698905398)
2024,CORTE SELETIVO,C51L41,POINT (-61.183605425000124 -8.174885494163627)
2024,CORTE SELETIVO,C51L41,POINT (-61.183930458692586 -8.174693792387396)
2024,CORTE SELETIVO,C51L41,POINT (-61.18280743919455 -8.17458291146428)
2024,CORTE SELETIVO,C51L41,POINT (-61.1818843448779 -8.174407886788645)
2024,CORTE SELETIVO,C51L41,POINT (-61.18268282154368 -8.174069514531276)
2024,CORTE SELETIVO,C51L41,POINT (-61.184116327055555 -8.173986815420735)
2024,CORTE SELETIVO,C51L41,POINT (-61.18372883988257 -8.17396549097221)
2024,CORTE SELETIVO,C51L41,POINT (-61.182348795645765 -8.173817339315958)
2024,CORTE SELETIVO,C51L41,POINT (-61.1841051245309 -8.173757651488312)
2024,CORTE SELETIVO,C51L41,POINT (-61.184067175743 -8.173531950591201)
2024,CORTE SELETIVO,C51L41,POINT (-61.18534684968495 -8.173281201033944)
2024,CORTE SELETIVO,C51L41,POINT (-61.18527611723041 -8.173181377487035)
2024,CORTE SELETIVO,C51L41,POINT (-61.18038000002898 -8.172061943370622)
2024,CORTE SELETIVO,C51L41,POINT (-61.18050346358645 -8.171457051068527)
2024,CORTE SELETIVO,C51L41,POINT (-61.18067063566359 -8.17116711136387)
2024,CORTE SELETIVO,C51L41,POINT (-61.178668129739414 -8.170878480955558)
2024,CORTE SELETIVO,C51L41,POINT (-61.17985352130593 -8.170528612303716)
2024,CORTE SELETIVO,C51L41,POINT (-61.17489463665264 -8.191429776388464)
2024,CORTE SELETIVO,C51L41,POINT (-61.177265120646084 -8.1803767947188)
2024,CORTE SELETIVO,C51L41,POINT (-61.17745823435818 -8.179967829111066)
2024,CORTE SELETIVO,C51L41,POINT (-61.17668091945702 -8.179872514335674)
2024,CORTE SELETIVO,C51L41,POINT (-61.178031700875714 -8.179826964673175)
2024,CORTE SELETIVO,C51L41,POINT (-61.17773581851965 -8.17980247155074)
2024,CORTE SELETIVO,C51L41,POINT (-61.177038526016865 -8.179924777878293)
2024,CORTE SELETIVO,C51L41,POINT (-61.1779874837667 -8.179712599398586)
2024,CORTE SELETIVO,C51L41,POINT (-61.176876649486125 -8.179794288846006)
2024,CORTE SELETIVO,C51L41,POINT (-61.17778973734458 -8.179664417827201)
2024,CORTE SELETIVO,C51L41,POINT (-61.17678417011916 -8.179520933290197)
2024,CORTE SELETIVO,C51L41,POINT (-61.178231929963616 -8.179406952055944)
2024,CORTE SELETIVO,C51L41,POINT (-61.175668091466676 -8.179465264744962)
2024,CORTE SELETIVO,C51L41,POINT (-61.17720914433455 -8.17934314140591)
2024,CORTE SELETIVO,C51L41,POINT (-61.17773858958048 -8.179232447312684)
2024,CORTE SELETIVO,C51L41,POINT (-61.17474113000132 -8.1793934811302)
2024,CORTE SELETIVO,C51L41,POINT (-61.17760771425002 -8.17904049345831)
2024,CORTE SELETIVO,C51L41,POINT (-61.177415201248586 -8.179037013910328)
2024,CORTE SELETIVO,C51L41,POINT (-61.17457980431855 -8.178722589998493)
2024,CORTE SELETIVO,C51L41,POINT (-61.17732368039102 -8.178731678214284)
2024,CORTE SELETIVO,C51L41,POINT (-61.17484638728627 -8.178686806875845)
2024,CORTE SELETIVO,C51L41,POINT (-61.177295897875325 -8.178565505838137)
2024,CORTE SELETIVO,C51L41,POINT (-61.17465807059615 -8.178548943721164)
2024,CORTE SELETIVO,C51L41,POINT (-61.177453506078336 -8.178529433225224)
2024,CORTE SELETIVO,C51L41,POINT (-61.174420909089186 -8.178428612560042)
2024,CORTE SELETIVO,C51L41,POINT (-61.174680008316344 -8.178354029127451)
2024,CORTE SELETIVO,C51L41,POINT (-61.17734422574003 -8.178202023262925)
2024,CORTE SELETIVO,C51L41,POINT (-61.17476580859654 -8.174821760532902)
2024,CORTE SELETIVO,C51L41,POINT (-61.17518951151621 -8.174341037761018)
2024,CORTE SELETIVO,C51L41,POINT (-61.17456290754722 -8.174294230095603)
2024,CORTE SELETIVO,C51L41,POINT (-61.17499732282299 -8.1740600027477)
2024,CORTE SELETIVO,C51L41,POINT (-61.17807463008687 -8.171166581578944)
2024,CORTE SELETIVO,C51L41,POINT (-61.17698671025076 -8.170576158938088)
2024,CORTE SELETIVO,C51L41,POINT (-61.17682340201548 -8.170355515783731)
2024,CORTE SELETIVO,C51L41,POINT (-61.17715609710483 -8.170118971739496)
2024,CORTE SELETIVO,C51L41,POINT (-61.17249918873426 -8.222355695191906)
2024,CORTE SELETIVO,C51L41,POINT (-61.17250338908639 -8.219884161786412)
2024,CORTE SELETIVO,C51L41,POINT (-61.172274083919454 -8.219683209482055)
2024,CORTE SELETIVO,C51L41,POINT (-61.17272498947323 -8.218896993080737)
2024,CORTE SELETIVO,C51L41,POINT (-61.17214531816425 -8.21590183439)
2024,CORTE SELETIVO,C51L41,POINT (-61.17274315364397 -8.19959469503218)
2024,CORTE SELETIVO,C51L41,POINT (-61.17229586370854 -8.19483980100549)
2024,CORTE SELETIVO,C51L41,POINT (-61.17322319885758 -8.19418527537995)
2024,CORTE SELETIVO,C51L41,POINT (-61.173190260783464 -8.193751453620186)
2024,CORTE SELETIVO,C51L41,POINT (-61.17318105384227 -8.193459443993707)
2024,CORTE SELETIVO,C51L41,POINT (-61.174355065492776 -8.179048941943936)
2024,CORTE SELETIVO,C51L41,POINT (-61.17421860439376 -8.178851319859634)
2024,CORTE SELETIVO,C51L41,POINT (-61.17391131067607 -8.178431388348066)
2024,CORTE SELETIVO,C51L41,POINT (-61.173447616793055 -8.178573041306946)
2024,CORTE SELETIVO,C51L41,POINT (-61.174261190004295 -8.178227707257644)
2024,CORTE SELETIVO,C51L41,POINT (-61.173214004380746 -8.178305039291097)
2024,CORTE SELETIVO,C51L41,POINT (-61.17349667685194 -8.178129799043306)
2024,CORTE SELETIVO,C51L41,POINT (-61.17380577516149 -8.178017925517022)
2024,CORTE SELETIVO,C51L41,POINT (-61.174028301248 -8.177802565360432)
2024,CORTE SELETIVO,C51L41,POINT (-61.173411975625164 -8.17775193926233)
2024,CORTE SELETIVO,C51L41,POINT (-61.17374829677661 -8.177715123586644)
2024,CORTE SELETIVO,C51L41,POINT (-61.17408011107533 -8.177561465006969)
2024,CORTE SELETIVO,C51L41,POINT (-61.17344027379079 -8.177596755811665)
2024,CORTE SELETIVO,C51L41,POINT (-61.17377646387444 -8.175852853375453)
2024,CORTE SELETIVO,C51L41,POINT (-61.173925755303166 -8.175700639901713)
2024,CORTE SELETIVO,C51L41,POINT (-61.17354552733309 -8.175770434535261)
2024,CORTE SELETIVO,C51L41,POINT (-61.17337404545243 -8.175517675189784)
2024,CORTE SELETIVO,C51L41,POINT (-61.173527201709575 -8.175107693020903)
2024,CORTE SELETIVO,C51L41,POINT (-61.17392042611638 -8.174865457084453)
2024,CORTE SELETIVO,C51L41,POINT (-61.17351262974662 -8.174907372030335)
2024,CORTE SELETIVO,C51L41,POINT (-61.17422905197422 -8.174875729142812)
2024,CORTE SELETIVO,C51L41,POINT (-61.17343499036989 -8.174412837184617)
2024,CORTE SELETIVO,C51L41,POINT (-61.17325292590188 -8.174215791018517)
2024,CORTE SELETIVO,C51L41,POINT (-61.171977404553125 -8.173249591407076)
2024,CORTE SELETIVO,C51L41,POINT (-61.17220918742667 -8.172224976430497)
2024,CORTE SELETIVO,C51L41,POINT (-61.17209260465215 -8.171686712740533)
2024,CORTE SELETIVO,C51L41,POINT (-61.16693737811759 -8.247596041217806)
2024,CORTE SELETIVO,C51L41,POINT (-61.167198026960996 -8.247446723554107)
2024,CORTE SELETIVO,C51L41,POINT (-61.16764258078632 -8.247108011330774)
2024,CORTE SELETIVO,C51L41,POINT (-61.167159363613514 -8.245570677974873)
2024,CORTE SELETIVO,C51L41,POINT (-61.167997215475125 -8.245244135310791)
2024,CORTE SELETIVO,C51L41,POINT (-61.167318074254396 -8.24307382644395)
2024,CORTE SELETIVO,C51L41,POINT (-61.16734092316792 -8.238647239687777)
2024,CORTE SELETIVO,C51L41,POINT (-61.16792917852565 -8.238503535732802)
2024,CORTE SELETIVO,C51L41,POINT (-61.16753102723865 -8.23841600260444)
2024,CORTE SELETIVO,C51L41,POINT (-61.170943054611286 -8.222749600048667)
2024,CORTE SELETIVO,C51L41,POINT (-61.169152412780406 -8.222182157950389)
2024,CORTE SELETIVO,C51L41,POINT (-61.169534150844704 -8.221115133094141)
2024,CORTE SELETIVO,C51L41,POINT (-61.170364253759864 -8.220525194109891)
2024,CORTE SELETIVO,C51L41,POINT (-61.17027287463229 -8.220388528246701)
2024,CORTE SELETIVO,C51L41,POINT (-61.17174456235952 -8.219649093950046)
2024,CORTE SELETIVO,C51L41,POINT (-61.17026014273048 -8.218377771981828)
2024,CORTE SELETIVO,C51L41,POINT (-61.171407539780034 -8.198635862798094)
2024,CORTE SELETIVO,C51L41,POINT (-61.170243097808765 -8.172697524371141)
2024,CORTE SELETIVO,C51L41,POINT (-61.17020709387114 -8.172254758825941)
2024,CORTE SELETIVO,C51L41,POINT (-61.17030007909257 -8.172110605849044)
2024,CORTE SELETIVO,C51L41,POINT (-61.17016589951491 -8.17217765359266)
2024,CORTE SELETIVO,C51L41,POINT (-61.17022634535451 -8.172053054455713)
2024,CORTE SELETIVO,C51L41,POINT (-61.170197052875785 -8.171974042573574)
2024,CORTE SELETIVO,C51L41,POINT (-61.170322779978875 -8.171778427457188)
2024,CORTE SELETIVO,C51L41,POINT (-61.170198331906676 -8.171547435577047)
2024,CORTE SELETIVO,C51L41,POINT (-61.17067353908726 -8.171273744936077)
2024,CORTE SELETIVO,C51L41,POINT (-61.170376175978504 -8.171252395975872)
2024,CORTE SELETIVO,C51L41,POINT (-61.17058293231337 -8.171162079950607)
2024,CORTE SELETIVO,C51L41,POINT (-61.17081634120874 -8.171140799832875)
2024,CORTE SELETIVO,C51L41,POINT (-61.17069444857606 -8.171026431589198)
2024,CORTE SELETIVO,C51L41,POINT (-61.170164138468095 -8.171050682274817)
2024,CORTE SELETIVO,C51L41,POINT (-61.16251313120159 -8.249931586020551)
2024,CORTE SELETIVO,C51L41,POINT (-61.1631982411507 -8.249892116764494)
2024,CORTE SELETIVO,C51L41,POINT (-61.163778917212476 -8.249868302722412)
2024,CORTE SELETIVO,C51L41,POINT (-61.16558101439129 -8.249825112445247)
2024,CORTE SELETIVO,C51L41,POINT (-61.16424562062037 -8.249779333891773)
2024,CORTE SELETIVO,C51L41,POINT (-61.16445252072391 -8.249302853361131)
2024,CORTE SELETIVO,C51L41,POINT (-61.16565437571364 -8.249177989384034)
2024,CORTE SELETIVO,C51L41,POINT (-61.163744734806365 -8.249103537695927)
2024,CORTE SELETIVO,C51L41,POINT (-61.16362661093551 -8.24907537621511)
2024,CORTE SELETIVO,C51L41,POINT (-61.16318918157386 -8.248950223458538)
2024,CORTE SELETIVO,C51L41,POINT (-61.16339101317508 -8.249071268384107)
2024,CORTE SELETIVO,C51L41,POINT (-61.16498521364089 -8.248416091434315)
2024,CORTE SELETIVO,C51L41,POINT (-61.16603977586679 -8.247976334807317)
2024,CORTE SELETIVO,C51L41,POINT (-61.163116185868994 -8.24770384873282)
2024,CORTE SELETIVO,C51L41,POINT (-61.162921798224154 -8.247415815278924)
2024,CORTE SELETIVO,C51L41,POINT (-61.16461176836996 -8.247761632727338)
2024,CORTE SELETIVO,C51L41,POINT (-61.16638993055268 -8.247566849514516)
2024,CORTE SELETIVO,C51L41,POINT (-61.16508296087594 -8.246767652187275)
2024,CORTE SELETIVO,C51L41,POINT (-61.166147194675155 -8.246825473142911)
2024,CORTE SELETIVO,C51L41,POINT (-61.16553451601281 -8.246580528234361)
2024,CORTE SELETIVO,C51L41,POINT (-61.166253158749726 -8.24623396320271)
2024,CORTE SELETIVO,C51L41,POINT (-61.166401606407824 -8.245964885342659)
2024,CORTE SELETIVO,C51L41,POINT (-61.16302040423655 -8.24612714632906)
2024,CORTE SELETIVO,C51L41,POINT (-61.1636863300681 -8.245843412292418)
2024,CORTE SELETIVO,C51L41,POINT (-61.16492645417214 -8.245656337396026)
2024,CORTE SELETIVO,C51L41,POINT (-61.16598266745157 -8.245511031842202)
2024,CORTE SELETIVO,C51L41,POINT (-61.16683142121565 -8.24557805987234)
2024,CORTE SELETIVO,C51L41,POINT (-61.16436982473279 -8.24549094523262)
2024,CORTE SELETIVO,C51L41,POINT (-61.16465809574577 -8.245214241697068)
2024,CORTE SELETIVO,C51L41,POINT (-61.1670220312203 -8.245315613148849)
2024,CORTE SELETIVO,C51L41,POINT (-61.162437091284325 -8.245149513323078)
2024,CORTE SELETIVO,C51L41,POINT (-61.16444446472785 -8.244901499404087)
2024,CORTE SELETIVO,C51L41,POINT (-61.165104829627204 -8.245170547311488)
2024,CORTE SELETIVO,C51L41,POINT (-61.16351172734801 -8.245166351377506)
2024,CORTE SELETIVO,C51L41,POINT (-61.16495981944263 -8.244924010642487)
2024,CORTE SELETIVO,C51L41,POINT (-61.16641507454137 -8.244840727282297)
2024,CORTE SELETIVO,C51L41,POINT (-61.16666471805938 -8.244918564202212)
2024,CORTE SELETIVO,C51L41,POINT (-61.164869393930225 -8.244843380597073)
2024,CORTE SELETIVO,C51L41,POINT (-61.16605820759666 -8.244860183540203)
2024,CORTE SELETIVO,C51L41,POINT (-61.163698392747804 -8.244717462159096)
2024,CORTE SELETIVO,C51L41,POINT (-61.16550380192096 -8.244745142470187)
2024,CORTE SELETIVO,C51L41,POINT (-61.16455728379648 -8.244651307456817)
2024,CORTE SELETIVO,C51L41,POINT (-61.16573838470999 -8.244583084531698)
2024,CORTE SELETIVO,C51L41,POINT (-61.16526041885153 -8.244562242728364)
2024,CORTE SELETIVO,C51L41,POINT (-61.16469901644341 -8.244500155419068)
2024,CORTE SELETIVO,C51L41,POINT (-61.165129913015505 -8.244413296996441)
2024,CORTE SELETIVO,C51L41,POINT (-61.164454775790375 -8.244071492465624)
2024,CORTE SELETIVO,C51L41,POINT (-61.1659529603204 -8.244241867027212)
2024,CORTE SELETIVO,C51L41,POINT (-61.16714205140036 -8.244122791333401)
2024,CORTE SELETIVO,C51L41,POINT (-61.16340753677207 -8.24392745056884)
2024,CORTE SELETIVO,C51L41,POINT (-61.16260469230881 -8.243882275230513)
2024,CORTE SELETIVO,C51L41,POINT (-61.16569613402179 -8.243963927650892)
2024,CORTE SELETIVO,C51L41,POINT (-61.164767216937136 -8.24384483525973)
2024,CORTE SELETIVO,C51L41,POINT (-61.16612626602908 -8.24388695177066)
2024,CORTE SELETIVO,C51L41,POINT (-61.16546504649327 -8.24373962705965)
2024,CORTE SELETIVO,C51L41,POINT (-61.16495178871334 -8.243377786806382)
2024,CORTE SELETIVO,C51L41,POINT (-61.16305868314271 -8.2435815620608)
2024,CORTE SELETIVO,C51L41,POINT (-61.16590092256021 -8.24306930417218)
2024,CORTE SELETIVO,C51L41,POINT (-61.163998720263194 -8.243170114463098)
2024,CORTE SELETIVO,C51L41,POINT (-61.16533334090245 -8.242766829336599)
2024,CORTE SELETIVO,C51L41,POINT (-61.16666561174138 -8.242698448162882)
2024,CORTE SELETIVO,C51L41,POINT (-61.16526417164548 -8.242445712135103)
2024,CORTE SELETIVO,C51L41,POINT (-61.16538623621843 -8.24224423996305)
2024,CORTE SELETIVO,C51L41,POINT (-61.16584153148548 -8.242251302765988)
2024,CORTE SELETIVO,C51L41,POINT (-61.1665583930018 -8.242098563999019)
2024,CORTE SELETIVO,C51L41,POINT (-61.16246353198855 -8.241925159520092)
2024,CORTE SELETIVO,C51L41,POINT (-61.16683930204248 -8.242142149293363)
2024,CORTE SELETIVO,C51L41,POINT (-61.16357956016138 -8.241837881294789)
2024,CORTE SELETIVO,C51L41,POINT (-61.164076697300644 -8.241850492931047)
2024,CORTE SELETIVO,C51L41,POINT (-61.16509779934097 -8.241686532924986)
2024,CORTE SELETIVO,C51L41,POINT (-61.163264031220265 -8.241251320082593)
2024,CORTE SELETIVO,C51L41,POINT (-61.16473640147776 -8.241423259726869)
2024,CORTE SELETIVO,C51L41,POINT (-61.16570977744581 -8.241398874497563)
2024,CORTE SELETIVO,C51L41,POINT (-61.162962178089565 -8.241299000121714)
2024,CORTE SELETIVO,C51L41,POINT (-61.16694396283347 -8.24112182614994)
2024,CORTE SELETIVO,C51L41,POINT (-61.16264512574149 -8.24117594002579)
2024,CORTE SELETIVO,C51L41,POINT (-61.16276197484224 -8.240972714936664)
2024,CORTE SELETIVO,C51L41,POINT (-61.16567794848162 -8.240697397312005)
2024,CORTE SELETIVO,C51L41,POINT (-61.163858969196696 -8.240843111147644)
2024,CORTE SELETIVO,C51L41,POINT (-61.1670448203323 -8.240372293711005)
2024,CORTE SELETIVO,C51L41,POINT (-61.16674479935509 -8.240217035226426)
2024,CORTE SELETIVO,C51L41,POINT (-61.16569368783988 -8.239534614885871)
2024,CORTE SELETIVO,C51L41,POINT (-61.16632154307689 -8.239364636249741)
2024,CORTE SELETIVO,C51L41,POINT (-61.16662710817206 -8.238924840213397)
2024,CORTE SELETIVO,C51L41,POINT (-61.166329531203246 -8.238827316646123)
2024,CORTE SELETIVO,C51L41,POINT (-61.166966048781184 -8.238758983525248)
2024,CORTE SELETIVO,C51L41,POINT (-61.16645376918137 -8.238584079375727)
2024,CORTE SELETIVO,C51L41,POINT (-61.16602917570422 -8.238554391805467)
2024,CORTE SELETIVO,C51L41,POINT (-61.16655912863521 -8.238336841165415)
2024,CORTE SELETIVO,C51L41,POINT (-61.162310942613786 -8.24996545380289)
2024,CORTE SELETIVO,C51L41,POINT (-61.160394378964114 -8.24998183691862)
2024,CORTE SELETIVO,C51L41,POINT (-61.1585906641728 -8.249816676517371)
2024,CORTE SELETIVO,C51L41,POINT (-61.16124676058001 -8.249872382816786)
2024,CORTE SELETIVO,C51L41,POINT (-61.16009906217927 -8.24961522174179)
2024,CORTE SELETIVO,C51L41,POINT (-61.159422674672875 -8.24963731346472)
2024,CORTE SELETIVO,C51L41,POINT (-61.15990404618774 -8.249490811428036)
2024,CORTE SELETIVO,C51L41,POINT (-61.16064793917533 -8.249805679056662)
2024,CORTE SELETIVO,C51L41,POINT (-61.161834286460376 -8.249241134849386)
2024,CORTE SELETIVO,C51L41,POINT (-61.15983876448045 -8.24897802749071)
2024,CORTE SELETIVO,C51L41,POINT (-61.15934092444917 -8.248966333464043)
2024,CORTE SELETIVO,C51L41,POINT (-61.159621851633865 -8.248670990873988)
2024,CORTE SELETIVO,C51L41,POINT (-61.16009469601286 -8.248445037495346)
2024,CORTE SELETIVO,C51L41,POINT (-61.16021339025087 -8.248477149908439)
2024,CORTE SELETIVO,C51L41,POINT (-61.15892153648974 -8.248412415964713)
2024,CORTE SELETIVO,C51L41,POINT (-61.159700425295775 -8.248355182674747)
2024,CORTE SELETIVO,C51L41,POINT (-61.16108891409555 -8.248240475181156)
2024,CORTE SELETIVO,C51L41,POINT (-61.161387125697985 -8.248076747769074)
2024,CORTE SELETIVO,C51L41,POINT (-61.160830125474575 -8.248294937825186)
2024,CORTE SELETIVO,C51L41,POINT (-61.16002276738098 -8.24804416635641)
2024,CORTE SELETIVO,C51L41,POINT (-61.162390633056184 -8.247508075263983)
2024,CORTE SELETIVO,C51L41,POINT (-61.16074587307466 -8.247514238671148)
2024,CORTE SELETIVO,C51L41,POINT (-61.15990179059119 -8.247304994911815)
2024,CORTE SELETIVO,C51L41,POINT (-61.16067980981105 -8.247468285773474)
2024,CORTE SELETIVO,C51L41,POINT (-61.16003633097117 -8.247176882554228)
2024,CORTE SELETIVO,C51L41,POINT (-61.16039272630098 -8.24713581039507)
2024,CORTE SELETIVO,C51L41,POINT (-61.15979229433454 -8.24784436700973)
2024,CORTE SELETIVO,C51L41,POINT (-61.16129161901324 -8.247097410280391)
2024,CORTE SELETIVO,C51L41,POINT (-61.16098185850832 -8.246797927259015)
2024,CORTE SELETIVO,C51L41,POINT (-61.16163782013705 -8.246574741928463)
2024,CORTE SELETIVO,C51L41,POINT (-61.16069973354752 -8.246549789839055)
2024,CORTE SELETIVO,C51L41,POINT (-61.159709034853314 -8.246361070109517)
2024,CORTE SELETIVO,C51L41,POINT (-61.15959210610728 -8.24630862410136)
2024,CORTE SELETIVO,C51L41,POINT (-61.15844596585975 -8.246018923386618)
2024,CORTE SELETIVO,C51L41,POINT (-61.15994678330606 -8.246066457571851)
2024,CORTE SELETIVO,C51L41,POINT (-61.15947699910388 -8.245837780199814)
2024,CORTE SELETIVO,C51L41,POINT (-61.1620813157462 -8.245873468466224)
2024,CORTE SELETIVO,C51L41,POINT (-61.16180575117946 -8.245616553253404)
2024,CORTE SELETIVO,C51L41,POINT (-61.159283969266646 -8.245696871082286)
2024,CORTE SELETIVO,C51L41,POINT (-61.160708978580544 -8.245712439050441)
2024,CORTE SELETIVO,C51L41,POINT (-61.15917825785601 -8.245472474583908)
2024,CORTE SELETIVO,C51L41,POINT (-61.161204889686694 -8.245101776422056)
2024,CORTE SELETIVO,C51L41,POINT (-61.16211322723601 -8.24477970688982)
2024,CORTE SELETIVO,C51L41,POINT (-61.16138749701409 -8.244862856980106)
2024,CORTE SELETIVO,C51L41,POINT (-61.15945718511161 -8.244519596107628)
2024,CORTE SELETIVO,C51L41,POINT (-61.16162592445701 -8.244637059975586)
2024,CORTE SELETIVO,C51L41,POINT (-61.161117850158554 -8.244676351042227)
2024,CORTE SELETIVO,C51L41,POINT (-61.15868398554469 -8.244378448706952)
2024,CORTE SELETIVO,C51L41,POINT (-61.160330851015964 -8.24441852172833)
2024,CORTE SELETIVO,C51L41,POINT (-61.159984116898706 -8.244135016449542)
2024,CORTE SELETIVO,C51L41,POINT (-61.161795766329554 -8.243886664049036)
2024,CORTE SELETIVO,C51L41,POINT (-61.159932623804124 -8.243849088106087)
2024,CORTE SELETIVO,C51L41,POINT (-61.16226227521163 -8.243817955564065)
2024,CORTE SELETIVO,C51L41,POINT (-61.160729836666754 -8.243814300549994)
2024,CORTE SELETIVO,C51L41,POINT (-61.16219859490408 -8.243610096107751)
2024,CORTE SELETIVO,C51L41,POINT (-61.160015405841115 -8.243522557127044)
2024,CORTE SELETIVO,C51L41,POINT (-61.16022309405625 -8.243329307784963)
2024,CORTE SELETIVO,C51L41,POINT (-61.16172532960547 -8.243271153870394)
2024,CORTE SELETIVO,C51L41,POINT (-61.16022504999482 -8.24259557429552)
2024,CORTE SELETIVO,C51L41,POINT (-61.159931731058236 -8.242573095436521)
2024,CORTE SELETIVO,C51L41,POINT (-61.16037695443166 -8.24248714049209)
2024,CORTE SELETIVO,C51L41,POINT (-61.160800190108496 -8.242474685141115)
2024,CORTE SELETIVO,C51L41,POINT (-61.159706843831536 -8.242672133997946)
2024,CORTE SELETIVO,C51L41,POINT (-61.16249141427391 -8.242264040076792)
2024,CORTE SELETIVO,C51L41,POINT (-61.160161653768185 -8.24215466772568)
2024,CORTE SELETIVO,C51L41,POINT (-61.16152994133702 -8.242186570657084)
2024,CORTE SELETIVO,C51L41,POINT (-61.1597315755528 -8.24181466890607)
2024,CORTE SELETIVO,C51L41,POINT (-61.15938773063321 -8.241795621451569)
2024,CORTE SELETIVO,C51L41,POINT (-61.16080070653311 -8.24169025959866)
2024,CORTE SELETIVO,C51L41,POINT (-61.162282923684515 -8.241634061943634)
2024,CORTE SELETIVO,C51L41,POINT (-61.1591745140147 -8.241612350552382)
2024,CORTE SELETIVO,C51L41,POINT (-61.16002722330991 -8.241287819028326)
2024,CORTE SELETIVO,C51L41,POINT (-61.16246474084158 -8.24127070838302)
2024,CORTE SELETIVO,C51L41,POINT (-61.160933669051595 -8.240973446235785)
2024,CORTE SELETIVO,C51L41,POINT (-61.16021867810649 -8.240908092469793)
2024,CORTE SELETIVO,C51L41,POINT (-61.16041024389189 -8.240277682506195)
2024,CORTE SELETIVO,C51L41,POINT (-61.16067642368102 -8.240173200996791)
2024,CORTE SELETIVO,C51L41,POINT (-61.16023717965465 -8.239489343431265)
2024,CORTE SELETIVO,C51L41,POINT (-61.16067383542129 -8.239351375551589)
2024,CORTE SELETIVO,C51L41,POINT (-61.15798508530935 -8.24997419042953)
2024,CORTE SELETIVO,C51L41,POINT (-61.15373675652499 -8.249404921426338)
2024,CORTE SELETIVO,C51L41,POINT (-61.15391722419791 -8.249099674126649)
2024,CORTE SELETIVO,C51L41,POINT (-61.15815205862688 -8.249000833784113)
2024,CORTE SELETIVO,C51L41,POINT (-61.157421315577125 -8.248301314632888)
2024,CORTE SELETIVO,C51L41,POINT (-61.15658880813285 -8.248438156994593)
2024,CORTE SELETIVO,C51L41,POINT (-61.15643780018065 -8.248133435216413)
2024,CORTE SELETIVO,C51L41,POINT (-61.15716343076676 -8.248155571673095)
2024,CORTE SELETIVO,C51L41,POINT (-61.15667677790619 -8.247876594929606)
2024,CORTE SELETIVO,C51L41,POINT (-61.15732466220617 -8.247497197581776)
2024,CORTE SELETIVO,C51L41,POINT (-61.15554303689517 -8.247217759111146)
2024,CORTE SELETIVO,C51L41,POINT (-61.15723425640885 -8.247133529584369)
2024,CORTE SELETIVO,C51L41,POINT (-61.15547687187319 -8.247163984229053)
2024,CORTE SELETIVO,C51L41,POINT (-61.15604718589386 -8.247136006406183)
2024,CORTE SELETIVO,C51L41,POINT (-61.15462699504998 -8.247317109201342)
2024,CORTE SELETIVO,C51L41,POINT (-61.157626573069464 -8.246975486891571)
2024,CORTE SELETIVO,C51L41,POINT (-61.155113104366464 -8.246799023723863)
2024,CORTE SELETIVO,C51L41,POINT (-61.157279636693914 -8.246631484554676)
2024,CORTE SELETIVO,C51L41,POINT (-61.15615212231152 -8.246532769687535)
2024,CORTE SELETIVO,C51L41,POINT (-61.15481900127256 -8.246213773925108)
2024,CORTE SELETIVO,C51L41,POINT (-61.156253317336684 -8.246467809501082)
2024,CORTE SELETIVO,C51L41,POINT (-61.15715826682082 -8.246297210963279)
2024,CORTE SELETIVO,C51L41,POINT (-61.15462770091472 -8.246234019320124)
2024,CORTE SELETIVO,C51L41,POINT (-61.153053881442304 -8.2462591112025)
2024,CORTE SELETIVO,C51L41,POINT (-61.15565839460092 -8.246248427609455)
2024,CORTE SELETIVO,C51L41,POINT (-61.15450079823062 -8.246063706579863)
2024,CORTE SELETIVO,C51L41,POINT (-61.1560508167924 -8.246041699677374)
2024,CORTE SELETIVO,C51L41,POINT (-61.15579566717565 -8.246029483735175)
2024,CORTE SELETIVO,C51L41,POINT (-61.15545815815304 -8.246087979322771)
2024,CORTE SELETIVO,C51L41,POINT (-61.158003968461934 -8.245872528617921)
2024,CORTE SELETIVO,C51L41,POINT (-61.15637559591839 -8.245648301185554)
2024,CORTE SELETIVO,C51L41,POINT (-61.15602981098166 -8.245422382202971)
2024,CORTE SELETIVO,C51L41,POINT (-61.153344955346064 -8.244753029242894)
2024,CORTE SELETIVO,C51L41,POINT (-61.154182791010854 -8.244754004112886)
2024,CORTE SELETIVO,C51L41,POINT (-61.15458504030629 -8.24467992835573)
2024,CORTE SELETIVO,C51L41,POINT (-61.154200210768124 -8.244306364895488)
2024,CORTE SELETIVO,C51L41,POINT (-61.156790222074115 -8.24420736455531)
2024,CORTE SELETIVO,C51L41,POINT (-61.15761213486989 -8.244223852512203)
2024,CORTE SELETIVO,C51L41,POINT (-61.15584904421744 -8.244223843314083)
2024,CORTE SELETIVO,C51L41,POINT (-61.15698801432208 -8.244346908516302)
2024,CORTE SELETIVO,C51L41,POINT (-61.153511505509364 -8.24428563107726)
2024,CORTE SELETIVO,C51L41,POINT (-61.15579020585261 -8.244014823968328)
2024,CORTE SELETIVO,C51L41,POINT (-61.15494703416884 -8.244241001837043)
2024,CORTE SELETIVO,C51L41,POINT (-61.15538885513626 -8.244002662674449)
2024,CORTE SELETIVO,C51L41,POINT (-61.15725655669692 -8.244122817386087)
2024,CORTE SELETIVO,C51L41,POINT (-61.157320691157466 -8.244035197375347)
2024,CORTE SELETIVO,C51L41,POINT (-61.153641674872674 -8.244036067376676)
2024,CORTE SELETIVO,C51L41,POINT (-61.15328378986953 -8.24391934958188)
2024,CORTE SELETIVO,C51L41,POINT (-61.15304507329027 -8.24391497712594)
2024,CORTE SELETIVO,C51L41,POINT (-61.15507255227949 -8.243626897035861)
2024,CORTE SELETIVO,C51L41,POINT (-61.15345953550735 -8.243758389693172)
2024,CORTE SELETIVO,C51L41,POINT (-61.153867398078795 -8.243698957631553)
2024,CORTE SELETIVO,C51L41,POINT (-61.157742133689176 -8.243866254624209)
2024,CORTE SELETIVO,C51L41,POINT (-61.157871672243296 -8.243711222573113)
2024,CORTE SELETIVO,C51L41,POINT (-61.15677705250917 -8.243358338529365)
2024,CORTE SELETIVO,C51L41,POINT (-61.15289669015153 -8.243438699624337)
2024,CORTE SELETIVO,C51L41,POINT (-61.15616723848251 -8.243369933296098)
2024,CORTE SELETIVO,C51L41,POINT (-61.15799261148338 -8.243361820836354)
2024,CORTE SELETIVO,C51L41,POINT (-61.155303077703216 -8.243161998820975)
2024,CORTE SELETIVO,C51L41,POINT (-61.1570050338943 -8.242995895497696)
2024,CORTE SELETIVO,C51L41,POINT (-61.15396923052154 -8.2424206884869)
2024,CORTE SELETIVO,C51L41,POINT (-61.15598803320294 -8.242204870752673)
2024,CORTE SELETIVO,C51L41,POINT (-61.15622601725466 -8.241664186627306)
2024,CORTE SELETIVO,C51L41,POINT (-61.15594159888174 -8.241538401552479)
2024,CORTE SELETIVO,C51L41,POINT (-61.15367692749871 -8.24144788250421)
2024,CORTE SELETIVO,C51L41,POINT (-61.157832365838985 -8.24185534043893)
2024,CORTE SELETIVO,C51L41,POINT (-61.153112550120305 -8.241383812599228)
2024,CORTE SELETIVO,C51L41,POINT (-61.14783272851497 -8.249046463814652)
2024,CORTE SELETIVO,C51L41,POINT (-61.1486250375426 -8.24773159139732)
2024,CORTE SELETIVO,C51L41,POINT (-61.152169549563226 -8.247569492778661)
2024,CORTE SELETIVO,C51L41,POINT (-61.15246852772904 -8.247696489235238)
2024,CORTE SELETIVO,C51L41,POINT (-61.15179725357016 -8.247716306885419)
2024,CORTE SELETIVO,C51L41,POINT (-61.15224512860382 -8.247461174910814)
2024,CORTE SELETIVO,C51L41,POINT (-61.151520223392325 -8.247477141085891)
2024,CORTE SELETIVO,C51L41,POINT (-61.151906556954565 -8.246995627809536)
2024,CORTE SELETIVO,C51L41,POINT (-61.14831896155876 -8.247069901737609)
2024,CORTE SELETIVO,C51L41,POINT (-61.1517349287645 -8.246882532572574)
2024,CORTE SELETIVO,C51L41,POINT (-61.15256607965352 -8.246557143238489)
2024,CORTE SELETIVO,C51L41,POINT (-61.15278592652793 -8.246479990093064)
2024,CORTE SELETIVO,C51L41,POINT (-61.15163689637693 -8.246621717018627)
2024,CORTE SELETIVO,C51L41,POINT (-61.15174391406166 -8.246170242371875)
2024,CORTE SELETIVO,C51L41,POINT (-61.14837037928396 -8.245884079607428)
2024,CORTE SELETIVO,C51L41,POINT (-61.152757222885796 -8.245818655612268)
2024,CORTE SELETIVO,C51L41,POINT (-61.15189366144845 -8.245816837495164)
2024,CORTE SELETIVO,C51L41,POINT (-61.15250236730196 -8.24565089794755)
2024,CORTE SELETIVO,C51L41,POINT (-61.15273603961937 -8.245082768997644)
2024,CORTE SELETIVO,C51L41,POINT (-61.151962502512 -8.244819428682968)
2024,CORTE SELETIVO,C51L41,POINT (-61.152771259589606 -8.24478387340353)
2024,CORTE SELETIVO,C51L41,POINT (-61.151197079630585 -8.24455072723825)
2024,CORTE SELETIVO,C51L41,POINT (-61.15229343458852 -8.244510490664565)
2024,CORTE SELETIVO,C51L41,POINT (-61.15280445257066 -8.244118164108308)
2024,CORTE SELETIVO,C51L41,POINT (-61.14849703666107 -8.243909984951038)
2024,CORTE SELETIVO,C51L41,POINT (-61.15165668593738 -8.243869344263992)
2024,CORTE SELETIVO,C51L41,POINT (-61.147749968508414 -8.24391418531282)
2024,CORTE SELETIVO,C51L41,POINT (-61.148301582778466 -8.243843439173592)
2024,CORTE SELETIVO,C51L41,POINT (-61.14779678295472 -8.243790076880412)
2024,CORTE SELETIVO,C51L41,POINT (-61.1478700905467 -8.243656215164801)
2024,CORTE SELETIVO,C51L41,POINT (-61.1476716304319 -8.243612893770987)
2024,CORTE SELETIVO,C51L41,POINT (-61.14865562571077 -8.24355738593792)
2024,CORTE SELETIVO,C51L41,POINT (-61.151624403587476 -8.24340649472311)
2024,CORTE SELETIVO,C51L41,POINT (-61.15246303415164 -8.243236071721165)
2024,CORTE SELETIVO,C51L41,POINT (-61.149584320254284 -8.243386325240435)
2024,CORTE SELETIVO,C51L41,POINT (-61.148642731005886 -8.243334383456604)
2024,CORTE SELETIVO,C51L41,POINT (-61.14928177812965 -8.243112052631531)
2024,CORTE SELETIVO,C51L41,POINT (-61.148278537061664 -8.24328620687565)
2024,CORTE SELETIVO,C51L41,POINT (-61.150851454532834 -8.243222983879383)
2024,CORTE SELETIVO,C51L41,POINT (-61.14953208387222 -8.242582067294373)
2024,CORTE SELETIVO,C51L41,POINT (-61.14761593443127 -8.242405672642045)
2024,CORTE SELETIVO,C51L41,POINT (-61.151202202242416 -8.242480472874151)
2024,CORTE SELETIVO,C51L41,POINT (-61.15107432860015 -8.2423041398042)
2024,CORTE SELETIVO,C51L41,POINT (-61.14862948861812 -8.242225677378856)
2024,CORTE SELETIVO,C51L41,POINT (-61.15128961322341 -8.24211186133692)
2024,CORTE SELETIVO,C51L41,POINT (-61.14942048409092 -8.242206818890567)
2024,CORTE SELETIVO,C51L41,POINT (-61.14890332260434 -8.241960015772376)
2024,CORTE SELETIVO,C51L41,POINT (-61.15117958857304 -8.242098033314136)
2024,CORTE SELETIVO,C51L41,POINT (-61.15131588179644 -8.241991888739054)
2024,CORTE SELETIVO,C51L41,POINT (-61.14843342520365 -8.241952571084411)
2024,CORTE SELETIVO,C51L41,POINT (-61.14772621137359 -8.24129059056755)
2024,CORTE SELETIVO,C51L41,POINT (-61.14886706286169 -8.240796524369577)
2024,CORTE SELETIVO,C51L41,POINT (-61.14824143483143 -8.241387186959555)
2024,CORTE SELETIVO,C51L41,POINT (-61.14391335636024 -8.249810022311413)
2024,CORTE SELETIVO,C51L41,POINT (-61.14672125091478 -8.249547860478954)
2024,CORTE SELETIVO,C51L41,POINT (-61.145798808967854 -8.249396555754243)
2024,CORTE SELETIVO,C51L41,POINT (-61.145903867481536 -8.249397977687753)
2024,CORTE SELETIVO,C51L41,POINT (-61.145426576250124 -8.24928566996879)
2024,CORTE SELETIVO,C51L41,POINT (-61.14316247761532 -8.249287614510536)
2024,CORTE SELETIVO,C51L41,POINT (-61.142892754052035 -8.249016479729358)
2024,CORTE SELETIVO,C51L41,POINT (-61.144967310364315 -8.24923366759131)
2024,CORTE SELETIVO,C51L41,POINT (-61.14586035079842 -8.248982881214364)
2024,CORTE SELETIVO,C51L41,POINT (-61.14615290300309 -8.248972248184037)
2024,CORTE SELETIVO,C51L41,POINT (-61.14460276137833 -8.248891936168436)
2024,CORTE SELETIVO,C51L41,POINT (-61.14372331235725 -8.248845624341246)
2024,CORTE SELETIVO,C51L41,POINT (-61.147095448348225 -8.248551648573413)
2024,CORTE SELETIVO,C51L41,POINT (-61.14403165655085 -8.248534042717866)
2024,CORTE SELETIVO,C51L41,POINT (-61.143975730887256 -8.248415155941045)
2024,CORTE SELETIVO,C51L41,POINT (-61.1450630036484 -8.247753876866748)
2024,CORTE SELETIVO,C51L41,POINT (-61.14673793821221 -8.247620118443148)
2024,CORTE SELETIVO,C51L41,POINT (-61.14641357618314 -8.247585948524302)
2024,CORTE SELETIVO,C51L41,POINT (-61.145161175654536 -8.247545735880056)
2024,CORTE SELETIVO,C51L41,POINT (-61.14391492447833 -8.247451555712416)
2024,CORTE SELETIVO,C51L41,POINT (-61.145256403977776 -8.246824309245529)
2024,CORTE SELETIVO,C51L41,POINT (-61.14636212728606 -8.24711756127128)
2024,CORTE SELETIVO,C51L41,POINT (-61.14632462008576 -8.246840970916992)
2024,CORTE SELETIVO,C51L41,POINT (-61.143646920317316 -8.246833052502407)
2024,CORTE SELETIVO,C51L41,POINT (-61.144463593356186 -8.246971120761147)
2024,CORTE SELETIVO,C51L41,POINT (-61.14389502230232 -8.246608373340385)
2024,CORTE SELETIVO,C51L41,POINT (-61.14335201001991 -8.24677638361468)
2024,CORTE SELETIVO,C51L41,POINT (-61.142615396582514 -8.246524542187899)
2024,CORTE SELETIVO,C51L41,POINT (-61.14604349939925 -8.246254310885224)
2024,CORTE SELETIVO,C51L41,POINT (-61.14434408582073 -8.24622026844265)
2024,CORTE SELETIVO,C51L41,POINT (-61.14553920497206 -8.245627524283712)
2024,CORTE SELETIVO,C51L41,POINT (-61.14341047951139 -8.246047927815974)
2024,CORTE SELETIVO,C51L41,POINT (-61.14537935971065 -8.245928999720647)
2024,CORTE SELETIVO,C51L41,POINT (-61.14491366999219 -8.245572119293548)
2024,CORTE SELETIVO,C51L41,POINT (-61.147327093077116 -8.245839874208732)
2024,CORTE SELETIVO,C51L41,POINT (-61.14603635191691 -8.24583946417444)
2024,CORTE SELETIVO,C51L41,POINT (-61.14661224960293 -8.24572378860006)
2024,CORTE SELETIVO,C51L41,POINT (-61.142740184113244 -8.245874634690843)
2024,CORTE SELETIVO,C51L41,POINT (-61.1433484156147 -8.245735964068679)
2024,CORTE SELETIVO,C51L41,POINT (-61.14264174190361 -8.245411244431425)
2024,CORTE SELETIVO,C51L41,POINT (-61.143505556887774 -8.245393686778336)
2024,CORTE SELETIVO,C51L41,POINT (-61.146445162061525 -8.24508488543396)
2024,CORTE SELETIVO,C51L41,POINT (-61.1477244406699 -8.245051232614768)
2024,CORTE SELETIVO,C51L41,POINT (-61.145958400557625 -8.245181620284763)
2024,CORTE SELETIVO,C51L41,POINT (-61.14493182097936 -8.244930337044583)
2024,CORTE SELETIVO,C51L41,POINT (-61.14647945480078 -8.244872994885924)
2024,CORTE SELETIVO,C51L41,POINT (-61.14617650163204 -8.24485075168877)
2024,CORTE SELETIVO,C51L41,POINT (-61.143568594862245 -8.244693214863995)
2024,CORTE SELETIVO,C51L41,POINT (-61.14501295920326 -8.24460787026867)
2024,CORTE SELETIVO,C51L41,POINT (-61.14350247316253 -8.244274650429206)
2024,CORTE SELETIVO,C51L41,POINT (-61.147356011364124 -8.244222596824256)
2024,CORTE SELETIVO,C51L41,POINT (-61.145798395166395 -8.24422729191907)
2024,CORTE SELETIVO,C51L41,POINT (-61.145530557167554 -8.24424071846439)
2024,CORTE SELETIVO,C51L41,POINT (-61.14350109578172 -8.243861757012171)
2024,CORTE SELETIVO,C51L41,POINT (-61.14416796806051 -8.244193076757407)
2024,CORTE SELETIVO,C51L41,POINT (-61.14436784717129 -8.244026146057934)
2024,CORTE SELETIVO,C51L41,POINT (-61.143819240118056 -8.243704606895877)
2024,CORTE SELETIVO,C51L41,POINT (-61.144360282688005 -8.243733805714916)
2024,CORTE SELETIVO,C51L41,POINT (-61.14614777168933 -8.24373456563364)
2024,CORTE SELETIVO,C51L41,POINT (-61.14578098714663 -8.243777676858288)
2024,CORTE SELETIVO,C51L41,POINT (-61.14358989876034 -8.243211799771851)
2024,CORTE SELETIVO,C51L41,POINT (-61.14387051716842 -8.242878878987145)
2024,CORTE SELETIVO,C51L41,POINT (-61.14470810683025 -8.243251066708659)
2024,CORTE SELETIVO,C51L41,POINT (-61.143667281992684 -8.24318239022204)
2024,CORTE SELETIVO,C51L41,POINT (-61.143420828730214 -8.242819445946587)
2024,CORTE SELETIVO,C51L41,POINT (-61.14527760713591 -8.242832216466814)
2024,CORTE SELETIVO,C51L41,POINT (-61.14366542248904 -8.242743225891127)
2024,CORTE SELETIVO,C51L41,POINT (-61.14586217385242 -8.24263436191385)
2024,CORTE SELETIVO,C51L41,POINT (-61.147027875259646 -8.242647021829255)
2024,CORTE SELETIVO,C51L41,POINT (-61.1463431359852 -8.24246351985537)
2024,CORTE SELETIVO,C51L41,POINT (-61.14321207884515 -8.24210299665972)
2024,CORTE SELETIVO,C51L41,POINT (-61.147209132864226 -8.24236190808632)
2024,CORTE SELETIVO,C51L41,POINT (-61.14266374110961 -8.241565416359235)
2024,CORTE SELETIVO,C51L41,POINT (-61.14392883393861 -8.24145205128076)
2024,CORTE SELETIVO,C51L41,POINT (-61.147527599935984 -8.24142549364475)
2024,CORTE SELETIVO,C51L41,POINT (-61.145170893256946 -8.241444953136051)
2024,CORTE SELETIVO,C51L41,POINT (-61.143439737547865 -8.241384382786368)
2024,CORTE SELETIVO,C51L41,POINT (-61.14520103799125 -8.241229214148607)
2024,CORTE SELETIVO,C51L41,POINT (-61.145406687397326 -8.24121639738272)
2024,CORTE SELETIVO,C51L41,POINT (-61.1431529242386 -8.241250434535106)
2024,CORTE SELETIVO,C51L41,POINT (-61.14558763312526 -8.24074221619866)
2024,CORTE SELETIVO,C51L41,POINT (-61.14167056461995 -8.249993726407052)
2024,CORTE SELETIVO,C51L41,POINT (-61.13870884841843 -8.249949104384232)
2024,CORTE SELETIVO,C51L41,POINT (-61.13892895327778 -8.249947158799205)
2024,CORTE SELETIVO,C51L41,POINT (-61.14127158864495 -8.249801948501899)
2024,CORTE SELETIVO,C51L41,POINT (-61.14100126884829 -8.249479689837326)
2024,CORTE SELETIVO,C51L41,POINT (-61.14060875642214 -8.24908160025483)
2024,CORTE SELETIVO,C51L41,POINT (-61.14241951256807 -8.248815898369262)
2024,CORTE SELETIVO,C51L41,POINT (-61.13944051021265 -8.24917807540118)
2024,CORTE SELETIVO,C51L41,POINT (-61.141467769992836 -8.248681373048084)
2024,CORTE SELETIVO,C51L41,POINT (-61.1396685835333 -8.248268849056647)
2024,CORTE SELETIVO,C51L41,POINT (-61.13684426474664 -8.248099726055353)
2024,CORTE SELETIVO,C51L41,POINT (-61.14022814775555 -8.247669158307083)
2024,CORTE SELETIVO,C51L41,POINT (-61.13959735602535 -8.24767218535744)
2024,CORTE SELETIVO,C51L41,POINT (-61.14012139295633 -8.24752668802934)
2024,CORTE SELETIVO,C51L41,POINT (-61.1403996553667 -8.24753948812529)
2024,CORTE SELETIVO,C51L41,POINT (-61.13826434552768 -8.24737541688269)
2024,CORTE SELETIVO,C51L41,POINT (-61.13308543436779 -8.247247107077197)
2024,CORTE SELETIVO,C51L41,POINT (-61.14051461736624 -8.247245923015768)
2024,CORTE SELETIVO,C51L41,POINT (-61.138781197310514 -8.24729739823439)
2024,CORTE SELETIVO,C51L41,POINT (-61.1383249859592 -8.247141843730995)
2024,CORTE SELETIVO,C51L41,POINT (-61.14044884218831 -8.247022845174753)
2024,CORTE SELETIVO,C51L41,POINT (-61.13934096801812 -8.246824015383723)
2024,CORTE SELETIVO,C51L41,POINT (-61.13999124407413 -8.247172731842765)
2024,CORTE SELETIVO,C51L41,POINT (-61.13280817202593 -8.246751332509502)
2024,CORTE SELETIVO,C51L41,POINT (-61.14218845865276 -8.246531111754638)
2024,CORTE SELETIVO,C51L41,POINT (-61.13594830407395 -8.246659959941379)
2024,CORTE SELETIVO,C51L41,POINT (-61.135114245512284 -8.24644324978685)
2024,CORTE SELETIVO,C51L41,POINT (-61.134170809477816 -8.246288960040213)
2024,CORTE SELETIVO,C51L41,POINT (-61.133852858247714 -8.246355746687378)
2024,CORTE SELETIVO,C51L41,POINT (-61.13400678032467 -8.246126317890194)
2024,CORTE SELETIVO,C51L41,POINT (-61.13573261313752 -8.245864800481481)
2024,CORTE SELETIVO,C51L41,POINT (-61.139096185115704 -8.245804059181818)
2024,CORTE SELETIVO,C51L41,POINT (-61.14253177937874 -8.245726577107677)
2024,CORTE SELETIVO,C51L41,POINT (-61.13651625313888 -8.245343074128062)
2024,CORTE SELETIVO,C51L41,POINT (-61.13460766823681 -8.245895841236281)
2024,CORTE SELETIVO,C51L41,POINT (-61.14237943484158 -8.245737860476332)
2024,CORTE SELETIVO,C51L41,POINT (-61.13719218518759 -8.245563812251222)
2024,CORTE SELETIVO,C51L41,POINT (-61.142571887937386 -8.245550691422773)
2024,CORTE SELETIVO,C51L41,POINT (-61.14132122436081 -8.245457610538024)
2024,CORTE SELETIVO,C51L41,POINT (-61.141678325314714 -8.245156605040073)
2024,CORTE SELETIVO,C51L41,POINT (-61.14088269988831 -8.245034075975983)
2024,CORTE SELETIVO,C51L41,POINT (-61.133773415395765 -8.244939948283657)
2024,CORTE SELETIVO,C51L41,POINT (-61.14106242941604 -8.244910866520511)
2024,CORTE SELETIVO,C51L41,POINT (-61.13721866715828 -8.24481683283658)
2024,CORTE SELETIVO,C51L41,POINT (-61.13571013526698 -8.245154868418531)
2024,CORTE SELETIVO,C51L41,POINT (-61.138003760007564 -8.244865444804084)
2024,CORTE SELETIVO,C51L41,POINT (-61.13925523555343 -8.244680266989919)
2024,CORTE SELETIVO,C51L41,POINT (-61.133732269157015 -8.244753803234959)
2024,CORTE SELETIVO,C51L41,POINT (-61.13975362589139 -8.24472620912905)
2024,CORTE SELETIVO,C51L41,POINT (-61.14339694326485 -8.244666696289167)
2024,CORTE SELETIVO,C51L41,POINT (-61.14149906759366 -8.244721163085332)
2024,CORTE SELETIVO,C51L41,POINT (-61.140577640119815 -8.24442153904202)
2024,CORTE SELETIVO,C51L41,POINT (-61.13458149361334 -8.244232328915023)
2024,CORTE SELETIVO,C51L41,POINT (-61.13726905708178 -8.24441731074678)
2024,CORTE SELETIVO,C51L41,POINT (-61.140978747348846 -8.24395066361198)
2024,CORTE SELETIVO,C51L41,POINT (-61.137169731919876 -8.244238833251599)
2024,CORTE SELETIVO,C51L41,POINT (-61.134262222810094 -8.244288891757034)
2024,CORTE SELETIVO,C51L41,POINT (-61.14114928802798 -8.243641879610498)
2024,CORTE SELETIVO,C51L41,POINT (-61.1393860529669 -8.243317558599193)
2024,CORTE SELETIVO,C51L41,POINT (-61.14050615043694 -8.243585148376948)
2024,CORTE SELETIVO,C51L41,POINT (-61.137642986535546 -8.243038871341394)
2024,CORTE SELETIVO,C51L41,POINT (-61.13967593361855 -8.24327686292732)
2024,CORTE SELETIVO,C51L41,POINT (-61.138274846605384 -8.243081492924325)
2024,CORTE SELETIVO,C51L41,POINT (-61.14233282161863 -8.242755035480029)
2024,CORTE SELETIVO,C51L41,POINT (-61.13710791914189 -8.24266150541302)
2024,CORTE SELETIVO,C51L41,POINT (-61.14039053595342 -8.242860883934556)
2024,CORTE SELETIVO,C51L41,POINT (-61.14046397427877 -8.242663356841058)
2024,CORTE SELETIVO,C51L41,POINT (-61.14178720714922 -8.242587629532846)
2024,CORTE SELETIVO,C51L41,POINT (-61.14068681138837 -8.242468077811893)
2024,CORTE SELETIVO,C51L41,POINT (-61.14045611951848 -8.241695485930336)
2024,CORTE SELETIVO,C51L41,POINT (-61.1347367565918 -8.241634370663341)
2024,CORTE SELETIVO,C51L41,POINT (-61.13562486665072 -8.24129137837677)
2024,CORTE SELETIVO,C51L41,POINT (-61.137802127292815 -8.24138897835852)
2024,CORTE SELETIVO,C51L41,POINT (-61.13588307250189 -8.241269869554761)
2024,CORTE SELETIVO,C51L41,POINT (-61.14213496149338 -8.240975889030084)
2024,CORTE SELETIVO,C51L41,POINT (-61.13979878293543 -8.241367394361935)
2024,CORTE SELETIVO,C51L41,POINT (-61.11774945638876 -8.232833842155971)
2024,CORTE SELETIVO,C51L41,POINT (-61.11760744591712 -8.23263949330766)
2024,CORTE SELETIVO,C51L41,POINT (-61.118016882719424 -8.230586491565946)
2024,CORTE SELETIVO,C51L41,POINT (-61.117926835803694 -8.23037274627361)
2024,CORTE SELETIVO,C51L41,POINT (-61.11805230554139 -8.23023229455252)
2024,CORTE SELETIVO,C51L41,POINT (-61.1176435746919 -8.23020812355069)
2024,CORTE SELETIVO,C51L41,POINT (-61.11757377281701 -8.226877474896973)
2024,CORTE SELETIVO,C51L41,POINT (-61.1184196894817 -8.226004695271621)
2024,CORTE SELETIVO,C51L41,POINT (-61.11911211883417 -8.22449959531988)
2024,CORTE SELETIVO,C51L41,POINT (-61.11912221328117 -8.222861113496604)
2024,CORTE SELETIVO,C51L41,POINT (-61.11929659042721 -8.222739646036123)
2024,CORTE SELETIVO,C51L41,POINT (-61.119144651832706 -8.22260664512238)
2024,CORTE SELETIVO,C51L41,POINT (-61.11867368789533 -8.22218819380615)
2024,CORTE SELETIVO,C51L41,POINT (-61.11926472023807 -8.222159214536887)
2024,CORTE SELETIVO,C51L41,POINT (-61.11893864261853 -8.221803105438832)
2024,CORTE SELETIVO,C51L41,POINT (-61.119203783527794 -8.221718501866782)
2024,CORTE SELETIVO,C51L41,POINT (-61.11947790720648 -8.219291021380318)
2024,CORTE SELETIVO,C51L41,POINT (-61.112405689067046 -8.239551996906643)
2024,CORTE SELETIVO,C51L41,POINT (-61.11255673436966 -8.238266586064036)
2024,CORTE SELETIVO,C51L41,POINT (-61.11261254694907 -8.238113953895876)
2024,CORTE SELETIVO,C51L41,POINT (-61.113065888771914 -8.237953576752767)
2024,CORTE SELETIVO,C51L41,POINT (-61.11245971122646 -8.235852320278914)
2024,CORTE SELETIVO,C51L41,POINT (-61.11242270556814 -8.235032501106577)
2024,CORTE SELETIVO,C51L41,POINT (-61.115828402711486 -8.235090039518461)
2024,CORTE SELETIVO,C51L41,POINT (-61.1122085776068 -8.234861542372695)
2024,CORTE SELETIVO,C51L41,POINT (-61.11695643207474 -8.234922290525569)
2024,CORTE SELETIVO,C51L41,POINT (-61.116203239866294 -8.234859008076704)
2024,CORTE SELETIVO,C51L41,POINT (-61.11365678089396 -8.234834408883271)
2024,CORTE SELETIVO,C51L41,POINT (-61.11340904912696 -8.234657452702955)
2024,CORTE SELETIVO,C51L41,POINT (-61.11602145244332 -8.234618794490428)
2024,CORTE SELETIVO,C51L41,POINT (-61.11253452584382 -8.234380887404821)
2024,CORTE SELETIVO,C51L41,POINT (-61.11507916231478 -8.234400517855223)
2024,CORTE SELETIVO,C51L41,POINT (-61.11491946519805 -8.234311006979643)
2024,CORTE SELETIVO,C51L41,POINT (-61.113486062946535 -8.234370769358234)
2024,CORTE SELETIVO,C51L41,POINT (-61.1135871756133 -8.234271026252213)
2024,CORTE SELETIVO,C51L41,POINT (-61.1155971702464 -8.234080585255711)
2024,CORTE SELETIVO,C51L41,POINT (-61.112881987444595 -8.23400792590946)
2024,CORTE SELETIVO,C51L41,POINT (-61.11353794579142 -8.233739563090365)
2024,CORTE SELETIVO,C51L41,POINT (-61.11486953822553 -8.23378065444124)
2024,CORTE SELETIVO,C51L41,POINT (-61.11384223919475 -8.233662225555353)
2024,CORTE SELETIVO,C51L41,POINT (-61.11231767254062 -8.233602118270053)
2024,CORTE SELETIVO,C51L41,POINT (-61.11722732334222 -8.233526446755182)
2024,CORTE SELETIVO,C51L41,POINT (-61.11739524071606 -8.233403323446842)
2024,CORTE SELETIVO,C51L41,POINT (-61.11335585731645 -8.233419784543576)
2024,CORTE SELETIVO,C51L41,POINT (-61.11568868720167 -8.233352886300384)
2024,CORTE SELETIVO,C51L41,POINT (-61.113661714073686 -8.233399622427225)
2024,CORTE SELETIVO,C51L41,POINT (-61.11615254636328 -8.233256451930208)
2024,CORTE SELETIVO,C51L41,POINT (-61.11733592678203 -8.233293451853298)
2024,CORTE SELETIVO,C51L41,POINT (-61.11704919593127 -8.23323993363182)
2024,CORTE SELETIVO,C51L41,POINT (-61.11580187617097 -8.233158526930515)
2024,CORTE SELETIVO,C51L41,POINT (-61.113588128243244 -8.233180549400906)
2024,CORTE SELETIVO,C51L41,POINT (-61.11712230628359 -8.233014902437542)
2024,CORTE SELETIVO,C51L41,POINT (-61.11271041601868 -8.232852371059485)
2024,CORTE SELETIVO,C51L41,POINT (-61.1159524257782 -8.233077907409188)
2024,CORTE SELETIVO,C51L41,POINT (-61.11629328799875 -8.233088134169286)
2024,CORTE SELETIVO,C51L41,POINT (-61.11748648355233 -8.232855855508271)
2024,CORTE SELETIVO,C51L41,POINT (-61.115338671283865 -8.232718544961644)
2024,CORTE SELETIVO,C51L41,POINT (-61.116686442298764 -8.232741048951906)
2024,CORTE SELETIVO,C51L41,POINT (-61.11283818568677 -8.232668373100871)
2024,CORTE SELETIVO,C51L41,POINT (-61.116565326205794 -8.232424193110138)
2024,CORTE SELETIVO,C51L41,POINT (-61.11271185867093 -8.232318394234797)
2024,CORTE SELETIVO,C51L41,POINT (-61.11622610274667 -8.232396573354956)
2024,CORTE SELETIVO,C51L41,POINT (-61.11715720318297 -8.232203393188021)
2024,CORTE SELETIVO,C51L41,POINT (-61.11610361382234 -8.231808583656115)
2024,CORTE SELETIVO,C51L41,POINT (-61.11554594314148 -8.231729900910818)
2024,CORTE SELETIVO,C51L41,POINT (-61.11332086471867 -8.23167832270309)
2024,CORTE SELETIVO,C51L41,POINT (-61.11695002782871 -8.231625782719323)
2024,CORTE SELETIVO,C51L41,POINT (-61.11655099379623 -8.231314279421914)
2024,CORTE SELETIVO,C51L41,POINT (-61.114029100249255 -8.231092010527467)
2024,CORTE SELETIVO,C51L41,POINT (-61.11618669580853 -8.231047581689314)
2024,CORTE SELETIVO,C51L41,POINT (-61.11584542146779 -8.231053905704073)
2024,CORTE SELETIVO,C51L41,POINT (-61.1138299620813 -8.230881316392214)
2024,CORTE SELETIVO,C51L41,POINT (-61.11583345106629 -8.230548701254708)
2024,CORTE SELETIVO,C51L41,POINT (-61.116777116760375 -8.229779665392291)
2024,CORTE SELETIVO,C51L41,POINT (-61.117453968472816 -8.230488948415495)
2024,CORTE SELETIVO,C51L41,POINT (-61.11725813407314 -8.230168064157507)
2024,CORTE SELETIVO,C51L41,POINT (-61.11437851330122 -8.230156186593666)
2024,CORTE SELETIVO,C51L41,POINT (-61.11337858735349 -8.229933926046835)
2024,CORTE SELETIVO,C51L41,POINT (-61.116077994296255 -8.229933603163778)
2024,CORTE SELETIVO,C51L41,POINT (-61.11370622729849 -8.229577933944693)
2024,CORTE SELETIVO,C51L41,POINT (-61.11317411328734 -8.229621556906787)
2024,CORTE SELETIVO,C51L41,POINT (-61.1160342787217 -8.229674415982073)
2024,CORTE SELETIVO,C51L41,POINT (-61.11733496136168 -8.229529049793667)
2024,CORTE SELETIVO,C51L41,POINT (-61.11631699853236 -8.228768714684174)
2024,CORTE SELETIVO,C51L41,POINT (-61.11406780578868 -8.22754678302535)
2024,CORTE SELETIVO,C51L41,POINT (-61.114982225009506 -8.227351742705364)
2024,CORTE SELETIVO,C51L41,POINT (-61.11741124691332 -8.227544804323557)
2024,CORTE SELETIVO,C51L41,POINT (-61.11339063966321 -8.227558126676)
2024,CORTE SELETIVO,C51L41,POINT (-61.11286454109822 -8.227151495725394)
2024,CORTE SELETIVO,C51L41,POINT (-61.112623266162366 -8.22715874157525)
2024,CORTE SELETIVO,C51L41,POINT (-61.113826479959165 -8.227017687086269)
2024,CORTE SELETIVO,C51L41,POINT (-61.114526295292585 -8.226914179288125)
2024,CORTE SELETIVO,C51L41,POINT (-61.11379779001719 -8.22641175286176)
2024,CORTE SELETIVO,C51L41,POINT (-61.11746607909758 -8.225753167113588)
2024,CORTE SELETIVO,C51L41,POINT (-61.11407898333384 -8.225897367133099)
2024,CORTE SELETIVO,C51L41,POINT (-61.115765209414135 -8.225108350671476)
2024,CORTE SELETIVO,C51L41,POINT (-61.11576486980359 -8.224300657308321)
2024,CORTE SELETIVO,C51L41,POINT (-61.11544633476209 -8.224188943275196)
2024,CORTE SELETIVO,C51L41,POINT (-61.113639815626414 -8.224018344916816)
2024,CORTE SELETIVO,C51L41,POINT (-61.11408149516095 -8.224266301885397)
2024,CORTE SELETIVO,C51L41,POINT (-61.11400483021143 -8.223998056359543)
2024,CORTE SELETIVO,C51L41,POINT (-61.11481548618528 -8.22395256271445)
2024,CORTE SELETIVO,C51L41,POINT (-61.114867716391274 -8.223668514733555)
2024,CORTE SELETIVO,C51L41,POINT (-61.11506300281728 -8.223652297246133)
2024,CORTE SELETIVO,C51L41,POINT (-61.11371748645529 -8.223720785397354)
2024,CORTE SELETIVO,C51L41,POINT (-61.11121320238081 -8.243199052020469)
2024,CORTE SELETIVO,C51L41,POINT (-61.10921449511796 -8.243035263513873)
2024,CORTE SELETIVO,C51L41,POINT (-61.10850420475602 -8.242711249028664)
2024,CORTE SELETIVO,C51L41,POINT (-61.10833045178747 -8.242785090035518)
2024,CORTE SELETIVO,C51L41,POINT (-61.108577542982246 -8.242562105952373)
2024,CORTE SELETIVO,C51L41,POINT (-61.107747727888054 -8.242394725298594)
2024,CORTE SELETIVO,C51L41,POINT (-61.11171848517077 -8.241943307797824)
2024,CORTE SELETIVO,C51L41,POINT (-61.10611424430285 -8.241639612278052)
2024,CORTE SELETIVO,C51L41,POINT (-61.11148291515564 -8.241774335743925)
2024,CORTE SELETIVO,C51L41,POINT (-61.10854059364208 -8.240089074420673)
2024,CORTE SELETIVO,C51L41,POINT (-61.105119841446 -8.239854542069097)
2024,CORTE SELETIVO,C51L41,POINT (-61.109865043598724 -8.239485604020505)
2024,CORTE SELETIVO,C51L41,POINT (-61.10554102407172 -8.238751275951687)
2024,CORTE SELETIVO,C51L41,POINT (-61.11147822016553 -8.23858504214044)
2024,CORTE SELETIVO,C51L41,POINT (-61.111917895711485 -8.238483836333785)
2024,CORTE SELETIVO,C51L41,POINT (-61.11100156058329 -8.238321575134318)
2024,CORTE SELETIVO,C51L41,POINT (-61.107563609666734 -8.23807282740702)
2024,CORTE SELETIVO,C51L41,POINT (-61.10651093222231 -8.237942939266116)
2024,CORTE SELETIVO,C51L41,POINT (-61.10700573477312 -8.238214605909636)
2024,CORTE SELETIVO,C51L41,POINT (-61.10585554319829 -8.237868043218567)
2024,CORTE SELETIVO,C51L41,POINT (-61.10911962901091 -8.237526098615424)
2024,CORTE SELETIVO,C51L41,POINT (-61.10562017926202 -8.237629667243194)
2024,CORTE SELETIVO,C51L41,POINT (-61.10856259178579 -8.23753424143768)
2024,CORTE SELETIVO,C51L41,POINT (-61.108117464129585 -8.23731670767926)
2024,CORTE SELETIVO,C51L41,POINT (-61.108496370957106 -8.237367160135936)
2024,CORTE SELETIVO,C51L41,POINT (-61.10608795643292 -8.23736575228334)
2024,CORTE SELETIVO,C51L41,POINT (-61.106489913803955 -8.236325937246274)
2024,CORTE SELETIVO,C51L41,POINT (-61.09756444932062 -8.23646340057552)
2024,CORTE SELETIVO,C51L41,POINT (-61.106240602130065 -8.236200786268965)
2024,CORTE SELETIVO,C51L41,POINT (-61.09774367403704 -8.236122882483537)
2024,CORTE SELETIVO,C51L41,POINT (-61.10527031067032 -8.236439495198027)
2024,CORTE SELETIVO,C51L41,POINT (-61.10616675830366 -8.236024463968551)
2024,CORTE SELETIVO,C51L41,POINT (-61.106090610227156 -8.235669064954926)
2024,CORTE SELETIVO,C51L41,POINT (-61.112373125988135 -8.235937408840186)
2024,CORTE SELETIVO,C51L41,POINT (-61.104942219661176 -8.23557347272496)
2024,CORTE SELETIVO,C51L41,POINT (-61.10045954289669 -8.235430336310165)
2024,CORTE SELETIVO,C51L41,POINT (-61.09990548048639 -8.235682436292631)
2024,CORTE SELETIVO,C51L41,POINT (-61.1071015880572 -8.235123147071926)
2024,CORTE SELETIVO,C51L41,POINT (-61.10508094326431 -8.235180716399817)
2024,CORTE SELETIVO,C51L41,POINT (-61.104958207406035 -8.235027113627003)
2024,CORTE SELETIVO,C51L41,POINT (-61.09853240944722 -8.23487808724084)
2024,CORTE SELETIVO,C51L41,POINT (-61.10439399679229 -8.235154210962731)
2024,CORTE SELETIVO,C51L41,POINT (-61.10709096428373 -8.234737847723272)
2024,CORTE SELETIVO,C51L41,POINT (-61.105310903610444 -8.234674267948176)
2024,CORTE SELETIVO,C51L41,POINT (-61.098684731019716 -8.234544064935388)
2024,CORTE SELETIVO,C51L41,POINT (-61.10671834364226 -8.234367015895423)
2024,CORTE SELETIVO,C51L41,POINT (-61.10692720185561 -8.234310891552818)
2024,CORTE SELETIVO,C51L41,POINT (-61.108496415650734 -8.23426814366893)
2024,CORTE SELETIVO,C51L41,POINT (-61.10486883981809 -8.234200794466473)
2024,CORTE SELETIVO,C51L41,POINT (-61.11143156671344 -8.234057261884898)
2024,CORTE SELETIVO,C51L41,POINT (-61.1065962723053 -8.234290300478879)
2024,CORTE SELETIVO,C51L41,POINT (-61.10552737366318 -8.234131187164992)
2024,CORTE SELETIVO,C51L41,POINT (-61.10684126403099 -8.234165613002803)
2024,CORTE SELETIVO,C51L41,POINT (-61.106678563969126 -8.234086512058106)
2024,CORTE SELETIVO,C51L41,POINT (-61.10853226886115 -8.23375614042148)
2024,CORTE SELETIVO,C51L41,POINT (-61.107469762526016 -8.233905085092543)
2024,CORTE SELETIVO,C51L41,POINT (-61.11087776824626 -8.233814610929764)
2024,CORTE SELETIVO,C51L41,POINT (-61.10726322778594 -8.233703860323818)
2024,CORTE SELETIVO,C51L41,POINT (-61.11051511336028 -8.233235215953576)
2024,CORTE SELETIVO,C51L41,POINT (-61.11179523715738 -8.233235663208093)
2024,CORTE SELETIVO,C51L41,POINT (-61.10180441518748 -8.233438713266887)
2024,CORTE SELETIVO,C51L41,POINT (-61.10989160411983 -8.23343935458558)
2024,CORTE SELETIVO,C51L41,POINT (-61.106933065244235 -8.233492497420826)
2024,CORTE SELETIVO,C51L41,POINT (-61.10809216794165 -8.2334740284526)
2024,CORTE SELETIVO,C51L41,POINT (-61.103906079706725 -8.233341952603716)
2024,CORTE SELETIVO,C51L41,POINT (-61.10996782386244 -8.233292083791255)
2024,CORTE SELETIVO,C51L41,POINT (-61.10677558660723 -8.233292063758897)
2024,CORTE SELETIVO,C51L41,POINT (-61.10560792465722 -8.23327190254069)
2024,CORTE SELETIVO,C51L41,POINT (-61.107040967495024 -8.23313305947488)
2024,CORTE SELETIVO,C51L41,POINT (-61.1078483054446 -8.233208514741504)
2024,CORTE SELETIVO,C51L41,POINT (-61.11120470117579 -8.232948273674536)
2024,CORTE SELETIVO,C51L41,POINT (-61.10213110232604 -8.233004470220992)
2024,CORTE SELETIVO,C51L41,POINT (-61.11207716131158 -8.233172409792633)
2024,CORTE SELETIVO,C51L41,POINT (-61.112013020619486 -8.232982911655563)
2024,CORTE SELETIVO,C51L41,POINT (-61.10578837712629 -8.23291815504749)
2024,CORTE SELETIVO,C51L41,POINT (-61.10411806875681 -8.232902308491928)
2024,CORTE SELETIVO,C51L41,POINT (-61.105387666160965 -8.233245044173808)
2024,CORTE SELETIVO,C51L41,POINT (-61.10854386254476 -8.232627759757106)
2024,CORTE SELETIVO,C51L41,POINT (-61.100222809921966 -8.232765868801735)
2024,CORTE SELETIVO,C51L41,POINT (-61.111890940219475 -8.23277122772043)
2024,CORTE SELETIVO,C51L41,POINT (-61.111494967293325 -8.232564969968466)
2024,CORTE SELETIVO,C51L41,POINT (-61.10295142910965 -8.232645122745156)
2024,CORTE SELETIVO,C51L41,POINT (-61.109168943239155 -8.23253261599512)
2024,CORTE SELETIVO,C51L41,POINT (-61.108558517728646 -8.232315999332956)
2024,CORTE SELETIVO,C51L41,POINT (-61.10108919639758 -8.23244656867149)
2024,CORTE SELETIVO,C51L41,POINT (-61.1038284922674 -8.232273507640016)
2024,CORTE SELETIVO,C51L41,POINT (-61.10289850916092 -8.23223037076267)
2024,CORTE SELETIVO,C51L41,POINT (-61.10088894289645 -8.232294947450645)
2024,CORTE SELETIVO,C51L41,POINT (-61.10599914130112 -8.232244529864266)
2024,CORTE SELETIVO,C51L41,POINT (-61.10033491762423 -8.232058560308923)
2024,CORTE SELETIVO,C51L41,POINT (-61.09962316239061 -8.232066215942714)
2024,CORTE SELETIVO,C51L41,POINT (-61.10837548585326 -8.232044575984872)
2024,CORTE SELETIVO,C51L41,POINT (-61.099069736014 -8.23192182700695)
2024,CORTE SELETIVO,C51L41,POINT (-61.10790477985576 -8.231951028557507)
2024,CORTE SELETIVO,C51L41,POINT (-61.09835589342746 -8.231936104617555)
2024,CORTE SELETIVO,C51L41,POINT (-61.10076148382668 -8.231979769333813)
2024,CORTE SELETIVO,C51L41,POINT (-61.10869635746074 -8.231744949119962)
2024,CORTE SELETIVO,C51L41,POINT (-61.10813885527056 -8.231786366109473)
2024,CORTE SELETIVO,C51L41,POINT (-61.097988992945425 -8.231460440017218)
2024,CORTE SELETIVO,C51L41,POINT (-61.10909524758477 -8.231607174709909)
2024,CORTE SELETIVO,C51L41,POINT (-61.10831225718601 -8.231488123831866)
2024,CORTE SELETIVO,C51L41,POINT (-61.10796287450776 -8.231313851491095)
2024,CORTE SELETIVO,C51L41,POINT (-61.09780736915928 -8.23091970733182)
2024,CORTE SELETIVO,C51L41,POINT (-61.10540215583896 -8.23074666016722)
2024,CORTE SELETIVO,C51L41,POINT (-61.099506230131425 -8.231015944059475)
2024,CORTE SELETIVO,C51L41,POINT (-61.099399163646446 -8.230814662472998)
2024,CORTE SELETIVO,C51L41,POINT (-61.10118255628225 -8.230770739660237)
2024,CORTE SELETIVO,C51L41,POINT (-61.106379170759695 -8.230558659778332)
2024,CORTE SELETIVO,C51L41,POINT (-61.10085121750301 -8.230370018921276)
2024,CORTE SELETIVO,C51L41,POINT (-61.10799188330477 -8.230336976741274)
2024,CORTE SELETIVO,C51L41,POINT (-61.100661783383615 -8.230154341963045)
2024,CORTE SELETIVO,C51L41,POINT (-61.109906338352495 -8.229839491850473)
2024,CORTE SELETIVO,C51L41,POINT (-61.10781407501744 -8.230054907945016)
2024,CORTE SELETIVO,C51L41,POINT (-61.10946130850447 -8.229840886000593)
2024,CORTE SELETIVO,C51L41,POINT (-61.099807817144246 -8.229875838350384)
2024,CORTE SELETIVO,C51L41,POINT (-61.101135117527065 -8.229766817031143)
2024,CORTE SELETIVO,C51L41,POINT (-61.1047265711649 -8.229619427982417)
2024,CORTE SELETIVO,C51L41,POINT (-61.10152988515562 -8.229574198804332)
2024,CORTE SELETIVO,C51L41,POINT (-61.107434844472316 -8.229634347770673)
2024,CORTE SELETIVO,C51L41,POINT (-61.10090383566895 -8.229399631885103)
2024,CORTE SELETIVO,C51L41,POINT (-61.11040045605604 -8.229381911298788)
2024,CORTE SELETIVO,C51L41,POINT (-61.11066839578205 -8.229375941243775)
2024,CORTE SELETIVO,C51L41,POINT (-61.10529715873073 -8.2291272122698)
2024,CORTE SELETIVO,C51L41,POINT (-61.112050881410816 -8.229222479140649)
2024,CORTE SELETIVO,C51L41,POINT (-61.10809427871375 -8.229108188071896)
2024,CORTE SELETIVO,C51L41,POINT (-61.108201728087536 -8.229143038471552)
2024,CORTE SELETIVO,C51L41,POINT (-61.099256853331234 -8.228658283037289)
2024,CORTE SELETIVO,C51L41,POINT (-61.10656002002833 -8.228849567951485)
2024,CORTE SELETIVO,C51L41,POINT (-61.09764873540885 -8.228662856248267)
2024,CORTE SELETIVO,C51L41,POINT (-61.10638773656912 -8.228556594526347)
2024,CORTE SELETIVO,C51L41,POINT (-61.10763793360025 -8.228490334497222)
2024,CORTE SELETIVO,C51L41,POINT (-61.10727237110431 -8.228459034021132)
2024,CORTE SELETIVO,C51L41,POINT (-61.10821818196958 -8.2281190776724)
2024,CORTE SELETIVO,C51L41,POINT (-61.100915249784045 -8.228334875508839)
2024,CORTE SELETIVO,C51L41,POINT (-61.104724728622415 -8.22787006105234)
2024,CORTE SELETIVO,C51L41,POINT (-61.10621417823006 -8.227856222714026)
2024,CORTE SELETIVO,C51L41,POINT (-61.10849419994172 -8.227986149343618)
2024,CORTE SELETIVO,C51L41,POINT (-61.098176188485574 -8.22760435232497)
2024,CORTE SELETIVO,C51L41,POINT (-61.108376474651095 -8.227845802861019)
2024,CORTE SELETIVO,C51L41,POINT (-61.103519733340896 -8.227730672509795)
2024,CORTE SELETIVO,C51L41,POINT (-61.09978648155299 -8.227724174917729)
2024,CORTE SELETIVO,C51L41,POINT (-61.10272853832523 -8.227778876365035)
2024,CORTE SELETIVO,C51L41,POINT (-61.112344133017274 -8.227444967423876)
2024,CORTE SELETIVO,C51L41,POINT (-61.10453741314323 -8.22768575954286)
2024,CORTE SELETIVO,C51L41,POINT (-61.09783246809563 -8.227460087981116)
2024,CORTE SELETIVO,C51L41,POINT (-61.09982906685647 -8.22742033827939)
2024,CORTE SELETIVO,C51L41,POINT (-61.09788501141758 -8.227238769309489)
2024,CORTE SELETIVO,C51L41,POINT (-61.09844580059966 -8.226955736079285)
2024,CORTE SELETIVO,C51L41,POINT (-61.11231202805564 -8.227165918841044)
2024,CORTE SELETIVO,C51L41,POINT (-61.10017273593845 -8.226777487187059)
2024,CORTE SELETIVO,C51L41,POINT (-61.09843744414859 -8.226532665776773)
2024,CORTE SELETIVO,C51L41,POINT (-61.09822201114631 -8.226500530879369)
2024,CORTE SELETIVO,C51L41,POINT (-61.09814989174547 -8.22581353537777)
2024,CORTE SELETIVO,C51L41,POINT (-61.09822145077561 -8.225667294437924)
2024,CORTE SELETIVO,C51L41,POINT (-61.09949420247625 -8.224833008633446)
2024,CORTE SELETIVO,C51L41,POINT (-61.09832783690144 -8.224827830845548)
2024,CORTE SELETIVO,C51L41,POINT (-61.09966241410667 -8.224582542694764)
2024,CORTE SELETIVO,C51L41,POINT (-61.099237632657356 -8.223790817249121)
2024,CORTE SELETIVO,C51L41,POINT (-61.09933789873303 -8.22352343470315)
2024,CORTE SELETIVO,C51L41,POINT (-61.09953532280981 -8.223711975581908)
2024,CORTE SELETIVO,C51L41,POINT (-61.09820288911387 -8.223232236510508)
2024,CORTE SELETIVO,C51L41,POINT (-61.099497891997565 -8.22284044399115)
2024,CORTE SELETIVO,C51L41,POINT (-61.09942369643512 -8.222456553382228)
2024,CORTE SELETIVO,C51L41,POINT (-61.099598805185515 -8.222250433974503)
2024,CORTE SELETIVO,C51L41,POINT (-61.09947703097702 -8.221916222823875)
2024,CORTE SELETIVO,C51L41,POINT (-61.098519287847985 -8.221603652842264)
2024,CORTE SELETIVO,C51L41,POINT (-61.09914876620775 -8.220864276637748)
2024,CORTE SELETIVO,C51L41,POINT (-61.0990602618989 -8.219336364353587)
2024,CORTE SELETIVO,C51L41,POINT (-61.09888944947549 -8.218421429118367)
2024,CORTE SELETIVO,C51L41,POINT (-61.09861189532766 -8.218104627222111)
2024,CORTE SELETIVO,C51L41,POINT (-61.09592889345296 -8.23697090822345)
2024,CORTE SELETIVO,C51L41,POINT (-61.09583843147534 -8.236538491528217)
2024,CORTE SELETIVO,C51L41,POINT (-61.09426785501086 -8.236272615110943)
2024,CORTE SELETIVO,C51L41,POINT (-61.09700349628638 -8.235785939266997)
2024,CORTE SELETIVO,C51L41,POINT (-61.091312055662186 -8.235977776281777)
2024,CORTE SELETIVO,C51L41,POINT (-61.093162942220914 -8.235823117339528)
2024,CORTE SELETIVO,C51L41,POINT (-61.09202657265071 -8.235689715307354)
2024,CORTE SELETIVO,C51L41,POINT (-61.0920197826971 -8.235347830567335)
2024,CORTE SELETIVO,C51L41,POINT (-61.0964501211436 -8.235215514272115)
2024,CORTE SELETIVO,C51L41,POINT (-61.09234945153468 -8.235491850565996)
2024,CORTE SELETIVO,C51L41,POINT (-61.092680130040954 -8.235294332939349)
2024,CORTE SELETIVO,C51L41,POINT (-61.095032327623464 -8.235202626087462)
2024,CORTE SELETIVO,C51L41,POINT (-61.093492569493854 -8.235204356650353)
2024,CORTE SELETIVO,C51L41,POINT (-61.093879912197316 -8.235103713904424)
2024,CORTE SELETIVO,C51L41,POINT (-61.09076877956081 -8.234966057066227)
2024,CORTE SELETIVO,C51L41,POINT (-61.094661106216975 -8.235195877594593)
2024,CORTE SELETIVO,C51L41,POINT (-61.09241783724922 -8.234748032035533)
2024,CORTE SELETIVO,C51L41,POINT (-61.09171710882282 -8.234917398551826)
2024,CORTE SELETIVO,C51L41,POINT (-61.093508383843556 -8.234890513493188)
2024,CORTE SELETIVO,C51L41,POINT (-61.09403590241264 -8.234810834270405)
2024,CORTE SELETIVO,C51L41,POINT (-61.09148221180686 -8.234626514098728)
2024,CORTE SELETIVO,C51L41,POINT (-61.09209733656436 -8.234505870747588)
2024,CORTE SELETIVO,C51L41,POINT (-61.09361099236338 -8.234754760147911)
2024,CORTE SELETIVO,C51L41,POINT (-61.094246078670196 -8.234575629237504)
2024,CORTE SELETIVO,C51L41,POINT (-61.092527637257234 -8.23422485668911)
2024,CORTE SELETIVO,C51L41,POINT (-61.0961934423571 -8.234200470756674)
2024,CORTE SELETIVO,C51L41,POINT (-61.09744110850276 -8.234020207081844)
2024,CORTE SELETIVO,C51L41,POINT (-61.09308334044987 -8.233834909652183)
2024,CORTE SELETIVO,C51L41,POINT (-61.09629309976627 -8.234072875986547)
2024,CORTE SELETIVO,C51L41,POINT (-61.09325261828735 -8.23335268124056)
2024,CORTE SELETIVO,C51L41,POINT (-61.09456840034149 -8.233649915730549)
2024,CORTE SELETIVO,C51L41,POINT (-61.09385337610428 -8.23302427892034)
2024,CORTE SELETIVO,C51L41,POINT (-61.09361957202169 -8.232807286021968)
2024,CORTE SELETIVO,C51L41,POINT (-61.09702101035669 -8.232596312587596)
2024,CORTE SELETIVO,C51L41,POINT (-61.096513018396855 -8.232824732939633)
2024,CORTE SELETIVO,C51L41,POINT (-61.09128648169154 -8.232281337999288)
2024,CORTE SELETIVO,C51L41,POINT (-61.09434870510155 -8.232171596977032)
2024,CORTE SELETIVO,C51L41,POINT (-61.09698118446654 -8.231768582003898)
2024,CORTE SELETIVO,C51L41,POINT (-61.097326170234346 -8.231735308796269)
2024,CORTE SELETIVO,C51L41,POINT (-61.09674150001977 -8.231505301030307)
2024,CORTE SELETIVO,C51L41,POINT (-61.09383354076861 -8.231377546871023)
2024,CORTE SELETIVO,C51L41,POINT (-61.09264294139518 -8.231396388036575)
2024,CORTE SELETIVO,C51L41,POINT (-61.09605546071616 -8.231284558024523)
2024,CORTE SELETIVO,C51L41,POINT (-61.09231199042164 -8.231219891598501)
2024,CORTE SELETIVO,C51L41,POINT (-61.093859014142026 -8.231129936015884)
2024,CORTE SELETIVO,C51L41,POINT (-61.09261106031484 -8.230956762976845)
2024,CORTE SELETIVO,C51L41,POINT (-61.09217818040443 -8.230603572633655)
2024,CORTE SELETIVO,C51L41,POINT (-61.09268928630134 -8.230773288886045)
2024,CORTE SELETIVO,C51L41,POINT (-61.09637250484777 -8.230344919970376)
2024,CORTE SELETIVO,C51L41,POINT (-61.09661622579131 -8.230495752871821)
2024,CORTE SELETIVO,C51L41,POINT (-61.09582310197896 -8.230390125122272)
2024,CORTE SELETIVO,C51L41,POINT (-61.09476534873609 -8.230172029116686)
2024,CORTE SELETIVO,C51L41,POINT (-61.096632456974795 -8.230121039828312)
2024,CORTE SELETIVO,C51L41,POINT (-61.09168080472673 -8.230244837371641)
2024,CORTE SELETIVO,C51L41,POINT (-61.09053390436627 -8.230091980760514)
2024,CORTE SELETIVO,C51L41,POINT (-61.095785223887404 -8.230042048521629)
2024,CORTE SELETIVO,C51L41,POINT (-61.09569467483039 -8.229994386412164)
2024,CORTE SELETIVO,C51L41,POINT (-61.096460088972115 -8.229915429247418)
2024,CORTE SELETIVO,C51L41,POINT (-61.09570935091344 -8.22983638426369)
2024,CORTE SELETIVO,C51L41,POINT (-61.094333356013664 -8.229721131946773)
2024,CORTE SELETIVO,C51L41,POINT (-61.09660387262419 -8.22957173397007)
2024,CORTE SELETIVO,C51L41,POINT (-61.09460028211579 -8.22942618540331)
2024,CORTE SELETIVO,C51L41,POINT (-61.096841371949374 -8.22945584009346)
2024,CORTE SELETIVO,C51L41,POINT (-61.09332400684085 -8.229674223144185)
2024,CORTE SELETIVO,C51L41,POINT (-61.09658091850539 -8.22928180849955)
2024,CORTE SELETIVO,C51L41,POINT (-61.09569907491201 -8.229035539262142)
2024,CORTE SELETIVO,C51L41,POINT (-61.095884092957725 -8.228990289438944)
2024,CORTE SELETIVO,C51L41,POINT (-61.092571437077645 -8.228441785783966)
2024,CORTE SELETIVO,C51L41,POINT (-61.092798041207715 -8.228577692896883)
2024,CORTE SELETIVO,C51L41,POINT (-61.09745788066196 -8.22835545631827)
2024,CORTE SELETIVO,C51L41,POINT (-61.09466458907035 -8.227834300082725)
2024,CORTE SELETIVO,C51L41,POINT (-61.094021911137304 -8.227858112089738)
2024,CORTE SELETIVO,C51L41,POINT (-61.09608405569007 -8.228858599606724)
2024,CORTE SELETIVO,C51L41,POINT (-61.09335027030231 -8.227491335298575)
2024,CORTE SELETIVO,C51L41,POINT (-61.09565053254182 -8.227231282893264)
2024,CORTE SELETIVO,C51L41,POINT (-61.09536956462891 -8.227370606350151)
2024,CORTE SELETIVO,C51L41,POINT (-61.095108449206414 -8.22721881808923)
2024,CORTE SELETIVO,C51L41,POINT (-61.097585894928166 -8.227184123913574)
2024,CORTE SELETIVO,C51L41,POINT (-61.092889758918645 -8.227113504731673)
2024,CORTE SELETIVO,C51L41,POINT (-61.09549080086751 -8.227029922481794)
2024,CORTE SELETIVO,C51L41,POINT (-61.096842284384756 -8.226694700257829)
2024,CORTE SELETIVO,C51L41,POINT (-61.0946660043411 -8.226468836040288)
2024,CORTE SELETIVO,C51L41,POINT (-61.09651244398082 -8.226559101317896)
2024,CORTE SELETIVO,C51L41,POINT (-61.093483632652095 -8.226308091708177)
2024,CORTE SELETIVO,C51L41,POINT (-61.09669814799199 -8.22635760216472)
2024,CORTE SELETIVO,C51L41,POINT (-61.09775383014363 -8.226314118212429)
2024,CORTE SELETIVO,C51L41,POINT (-61.09737502852656 -8.225825298982079)
2024,CORTE SELETIVO,C51L41,POINT (-61.0953724466017 -8.225387692415982)
2024,CORTE SELETIVO,C51L41,POINT (-61.09302399065931 -8.225299251829934)
2024,CORTE SELETIVO,C51L41,POINT (-61.09557658738855 -8.225257014442935)
2024,CORTE SELETIVO,C51L41,POINT (-61.096337964744556 -8.225048746854121)
2024,CORTE SELETIVO,C51L41,POINT (-61.096150320685375 -8.224965033767818)
2024,CORTE SELETIVO,C51L41,POINT (-61.09577075427072 -8.224600490716865)
2024,CORTE SELETIVO,C51L41,POINT (-61.096247057012185 -8.224305507547207)
2024,CORTE SELETIVO,C51L41,POINT (-61.095750794976624 -8.22411175170314)
2024,CORTE SELETIVO,C51L41,POINT (-61.09713667597871 -8.223293214585738)
2024,CORTE SELETIVO,C51L41,POINT (-61.09675877145875 -8.223138166025453)
2024,CORTE SELETIVO,C51L41,POINT (-61.09488684483469 -8.2227291059326)
2024,CORTE SELETIVO,C51L41,POINT (-61.09475124023885 -8.222531187352967)
2024,CORTE SELETIVO,C51L41,POINT (-61.09750939699256 -8.222411809843553)
2024,CORTE SELETIVO,C51L41,POINT (-61.0968221518134 -8.222514490871642)
2024,CORTE SELETIVO,C51L41,POINT (-61.09650532577235 -8.222352722810397)
2024,CORTE SELETIVO,C51L41,POINT (-61.09521631526158 -8.222266826574318)
2024,CORTE SELETIVO,C51L41,POINT (-61.09664176745431 -8.222237038414773)
2024,CORTE SELETIVO,C51L41,POINT (-61.09500154516734 -8.222218363473848)
2024,CORTE SELETIVO,C51L41,POINT (-61.09533350467534 -8.222190886519282)
2024,CORTE SELETIVO,C51L41,POINT (-61.0956741712089 -8.222170375155207)
2024,CORTE SELETIVO,C51L41,POINT (-61.09587449537493 -8.222221181334513)
2024,CORTE SELETIVO,C51L41,POINT (-61.09542409059648 -8.221887254881224)
2024,CORTE SELETIVO,C51L41,POINT (-61.097031475510825 -8.21906005063531)
2024,CORTE SELETIVO,C51L41,POINT (-61.096555429322756 -8.230087143400304)
2024,CORTE SELETIVO,C51L41,POINT (-61.23137752864979 -8.247525797637348)
2024,CORTE SELETIVO,C51L41,POINT (-61.23073132159074 -8.247062327557941)
2024,CORTE SELETIVO,C51L41,POINT (-61.23136948925742 -8.24350563883468)
2024,CORTE SELETIVO,C51L41,POINT (-61.231551301763254 -8.243251501124883)
2024,CORTE SELETIVO,C51L41,POINT (-61.230359225541335 -8.242681547343004)
2024,CORTE SELETIVO,C51L41,POINT (-61.22637937527771 -8.242482978884984)
2024,CORTE SELETIVO,C51L41,POINT (-61.22665898038034 -8.24268439519876)
2024,CORTE SELETIVO,C51L41,POINT (-61.230307312712256 -8.242208355560901)
2024,CORTE SELETIVO,C51L41,POINT (-61.230279951760465 -8.242107938652818)
2024,CORTE SELETIVO,C51L41,POINT (-61.22762964635398 -8.24171343604697)
2024,CORTE SELETIVO,C51L41,POINT (-61.22598633492641 -8.241775776046381)
2024,CORTE SELETIVO,C51L41,POINT (-61.23055595867163 -8.240821623071971)
2024,CORTE SELETIVO,C51L41,POINT (-61.22824609019313 -8.240219507620235)
2024,CORTE SELETIVO,C51L41,POINT (-61.22860246396462 -8.240297485264103)
2024,CORTE SELETIVO,C51L41,POINT (-61.22955910095502 -8.23976935257789)
2024,CORTE SELETIVO,C51L41,POINT (-61.22987266767889 -8.239541442709156)
2024,CORTE SELETIVO,C51L41,POINT (-61.22990409636377 -8.23930425927394)
2024,CORTE SELETIVO,C51L41,POINT (-61.22532849961549 -8.238617515041726)
2024,CORTE SELETIVO,C51L41,POINT (-61.22565118259487 -8.238563945573357)
2024,CORTE SELETIVO,C51L41,POINT (-61.22559815902975 -8.238351530313032)
2024,CORTE SELETIVO,C51L41,POINT (-61.22903448010124 -8.23761687195471)
2024,CORTE SELETIVO,C51L41,POINT (-61.23011167076326 -8.237652686330037)
2024,CORTE SELETIVO,C51L41,POINT (-61.23030402909629 -8.237556628019709)
2024,CORTE SELETIVO,C51L41,POINT (-61.227335871565025 -8.237523868282738)
2024,CORTE SELETIVO,C51L41,POINT (-61.22742849219769 -8.237408869865224)
2024,CORTE SELETIVO,C51L41,POINT (-61.227211228555646 -8.237475334384209)
2024,CORTE SELETIVO,C51L41,POINT (-61.227339203900925 -8.237377597454618)
2024,CORTE SELETIVO,C51L41,POINT (-61.23050458837633 -8.237227482916586)
2024,CORTE SELETIVO,C51L41,POINT (-61.22535262681342 -8.237440941134606)
2024,CORTE SELETIVO,C51L41,POINT (-61.23093953879881 -8.237096632437755)
2024,CORTE SELETIVO,C51L41,POINT (-61.230576954546336 -8.236922210316415)
2024,CORTE SELETIVO,C51L41,POINT (-61.229298343348965 -8.237054069784932)
2024,CORTE SELETIVO,C51L41,POINT (-61.22908910864352 -8.236975023925153)
2024,CORTE SELETIVO,C51L41,POINT (-61.230571352959544 -8.236766290397876)
2024,CORTE SELETIVO,C51L41,POINT (-61.23071834412088 -8.23675699840095)
2024,CORTE SELETIVO,C51L41,POINT (-61.229026314130195 -8.23673718487615)
2024,CORTE SELETIVO,C51L41,POINT (-61.22871862169865 -8.236658664512698)
2024,CORTE SELETIVO,C51L41,POINT (-61.22544469285521 -8.235759570888721)
2024,CORTE SELETIVO,C51L41,POINT (-61.22561296311035 -8.23553783651659)
2024,CORTE SELETIVO,C51L41,POINT (-61.225402976630626 -8.235395850965373)
2024,CORTE SELETIVO,C51L41,POINT (-61.22579316298819 -8.235237338126847)
2024,CORTE SELETIVO,C51L41,POINT (-61.230492943317174 -8.234934867672706)
2024,CORTE SELETIVO,C51L41,POINT (-61.2275046916753 -8.23472870459987)
2024,CORTE SELETIVO,C51L41,POINT (-61.22961656266473 -8.234538993621964)
2024,CORTE SELETIVO,C51L41,POINT (-61.22957827136908 -8.234354847096284)
2024,CORTE SELETIVO,C51L41,POINT (-61.22571779213667 -8.234322145336499)
2024,CORTE SELETIVO,C51L41,POINT (-61.229274004484644 -8.234151155645094)
2024,CORTE SELETIVO,C51L41,POINT (-61.229657279941215 -8.233996492822012)
2024,CORTE SELETIVO,C51L41,POINT (-61.22754984503251 -8.233840486033811)
2024,CORTE SELETIVO,C51L41,POINT (-61.229446801329345 -8.233778932545473)
2024,CORTE SELETIVO,C51L41,POINT (-61.22748871550215 -8.233525128120833)
2024,CORTE SELETIVO,C51L41,POINT (-61.228089836173304 -8.233445725091029)
2024,CORTE SELETIVO,C51L41,POINT (-61.22823837351889 -8.23349712205503)
2024,CORTE SELETIVO,C51L41,POINT (-61.22754314320516 -8.233218911471415)
2024,CORTE SELETIVO,C51L41,POINT (-61.227820855402896 -8.233210207575024)
2024,CORTE SELETIVO,C51L41,POINT (-61.22828831119425 -8.233191670255938)
2024,CORTE SELETIVO,C51L41,POINT (-61.227694520233754 -8.232997111784018)
2024,CORTE SELETIVO,C51L41,POINT (-61.228802408509495 -8.232768660535639)
2024,CORTE SELETIVO,C51L41,POINT (-61.22844903101113 -8.23248721028563)
2024,CORTE SELETIVO,C51L41,POINT (-61.22762521760467 -8.232466387014481)
2024,CORTE SELETIVO,C51L41,POINT (-61.22801341421142 -8.232386001862112)
2024,CORTE SELETIVO,C51L41,POINT (-61.22538506459581 -8.23223844540938)
2024,CORTE SELETIVO,C51L41,POINT (-61.2285567556106 -8.232277894278322)
2024,CORTE SELETIVO,C51L41,POINT (-61.2283311745028 -8.232174188657664)
2024,CORTE SELETIVO,C51L41,POINT (-61.2252390130058 -8.232045265755565)
2024,CORTE SELETIVO,C51L41,POINT (-61.23042232260081 -8.231932382480732)
2024,CORTE SELETIVO,C51L41,POINT (-61.23072458522912 -8.231904507831677)
2024,CORTE SELETIVO,C51L41,POINT (-61.23093554985319 -8.23192707881781)
2024,CORTE SELETIVO,C51L41,POINT (-61.22747221114285 -8.230657512277524)
2024,CORTE SELETIVO,C51L41,POINT (-61.22528701385822 -8.230112206709116)
2024,CORTE SELETIVO,C51L41,POINT (-61.22548204564513 -8.230015947072769)
2024,CORTE SELETIVO,C51L41,POINT (-61.22579496384744 -8.229906984475877)
2024,CORTE SELETIVO,C51L41,POINT (-61.22540471345175 -8.229727072873416)
2024,CORTE SELETIVO,C51L41,POINT (-61.220859002568545 -8.249975953627473)
2024,CORTE SELETIVO,C51L41,POINT (-61.224521004916255 -8.246933603499546)
2024,CORTE SELETIVO,C51L41,POINT (-61.22288391026753 -8.245446058090781)
2024,CORTE SELETIVO,C51L41,POINT (-61.22371651747393 -8.24533304479445)
2024,CORTE SELETIVO,C51L41,POINT (-61.22461540362607 -8.244387184753291)
2024,CORTE SELETIVO,C51L41,POINT (-61.22000985315791 -8.243814595018337)
2024,CORTE SELETIVO,C51L41,POINT (-61.2231577440212 -8.24117047959273)
2024,CORTE SELETIVO,C51L41,POINT (-61.22320310841972 -8.240868369928474)
2024,CORTE SELETIVO,C51L41,POINT (-61.22186701051004 -8.240744962621323)
2024,CORTE SELETIVO,C51L41,POINT (-61.22174129248368 -8.240611692581437)
2024,CORTE SELETIVO,C51L41,POINT (-61.22260235455136 -8.240475423466968)
2024,CORTE SELETIVO,C51L41,POINT (-61.22232386076009 -8.240351622465795)
2024,CORTE SELETIVO,C51L41,POINT (-61.22215576601725 -8.239937706790386)
2024,CORTE SELETIVO,C51L41,POINT (-61.22386244051835 -8.23999141030656)
2024,CORTE SELETIVO,C51L41,POINT (-61.223507969674316 -8.23984519462033)
2024,CORTE SELETIVO,C51L41,POINT (-61.22360686496781 -8.239615716109064)
2024,CORTE SELETIVO,C51L41,POINT (-61.22302133235133 -8.239450850364861)
2024,CORTE SELETIVO,C51L41,POINT (-61.22306207741666 -8.239010835583588)
2024,CORTE SELETIVO,C51L41,POINT (-61.222986951134295 -8.237195457679949)
2024,CORTE SELETIVO,C51L41,POINT (-61.22280672443317 -8.237045494697039)
2024,CORTE SELETIVO,C51L41,POINT (-61.222901038708386 -8.236963025623096)
2024,CORTE SELETIVO,C51L41,POINT (-61.22289407331838 -8.236856012699755)
2024,CORTE SELETIVO,C51L41,POINT (-61.22345978723646 -8.236773301120866)
2024,CORTE SELETIVO,C51L41,POINT (-61.22354174322507 -8.236535558659268)
2024,CORTE SELETIVO,C51L41,POINT (-61.22041945589715 -8.236155554789258)
2024,CORTE SELETIVO,C51L41,POINT (-61.22079421532916 -8.236128870428573)
2024,CORTE SELETIVO,C51L41,POINT (-61.223877272795946 -8.236098879094136)
2024,CORTE SELETIVO,C51L41,POINT (-61.22452702143506 -8.23571875568019)
2024,CORTE SELETIVO,C51L41,POINT (-61.22473436202122 -8.235796243921602)
2024,CORTE SELETIVO,C51L41,POINT (-61.22461668897141 -8.235685342001313)
2024,CORTE SELETIVO,C51L41,POINT (-61.22424897085423 -8.23530345991918)
2024,CORTE SELETIVO,C51L41,POINT (-61.224763737050054 -8.235465783296075)
2024,CORTE SELETIVO,C51L41,POINT (-61.223070890805296 -8.235534545238824)
2024,CORTE SELETIVO,C51L41,POINT (-61.22047440593285 -8.235084425888822)
2024,CORTE SELETIVO,C51L41,POINT (-61.220011869336275 -8.2349312166066)
2024,CORTE SELETIVO,C51L41,POINT (-61.22006999215083 -8.23456744338443)
2024,CORTE SELETIVO,C51L41,POINT (-61.22404997800339 -8.234058259034898)
2024,CORTE SELETIVO,C51L41,POINT (-61.22464516981459 -8.2341109125298)
2024,CORTE SELETIVO,C51L41,POINT (-61.22355719990619 -8.233509864147427)
2024,CORTE SELETIVO,C51L41,POINT (-61.22162824284984 -8.232915947972309)
2024,CORTE SELETIVO,C51L41,POINT (-61.22170729982189 -8.232791302144626)
2024,CORTE SELETIVO,C51L41,POINT (-61.22168498990765 -8.232628442971585)
2024,CORTE SELETIVO,C51L41,POINT (-61.222548223675936 -8.232591656157565)
2024,CORTE SELETIVO,C51L41,POINT (-61.22108666554388 -8.232500171831372)
2024,CORTE SELETIVO,C51L41,POINT (-61.220707256342074 -8.232554967648634)
2024,CORTE SELETIVO,C51L41,POINT (-61.221931235598824 -8.232412063775953)
2024,CORTE SELETIVO,C51L41,POINT (-61.22262567949861 -8.232459334099884)
2024,CORTE SELETIVO,C51L41,POINT (-61.22219996779199 -8.23243288769437)
2024,CORTE SELETIVO,C51L41,POINT (-61.2224327856908 -8.232350741951649)
2024,CORTE SELETIVO,C51L41,POINT (-61.222053892467486 -8.232346322005057)
2024,CORTE SELETIVO,C51L41,POINT (-61.21992477466986 -8.23237538253699)
2024,CORTE SELETIVO,C51L41,POINT (-61.22359874537578 -8.232276998418548)
2024,CORTE SELETIVO,C51L41,POINT (-61.22185482732427 -8.232254020994628)
2024,CORTE SELETIVO,C51L41,POINT (-61.222549746382185 -8.23227478633947)
2024,CORTE SELETIVO,C51L41,POINT (-61.22295617566094 -8.232156463777196)
2024,CORTE SELETIVO,C51L41,POINT (-61.223198722563566 -8.232000266120348)
2024,CORTE SELETIVO,C51L41,POINT (-61.221985765005144 -8.23206864323622)
2024,CORTE SELETIVO,C51L41,POINT (-61.22281532448207 -8.232011468847844)
2024,CORTE SELETIVO,C51L41,POINT (-61.222929509861565 -8.231824260503048)
2024,CORTE SELETIVO,C51L41,POINT (-61.2197224457671 -8.231481498859988)
2024,CORTE SELETIVO,C51L41,POINT (-61.221806610483 -8.231371321060386)
2024,CORTE SELETIVO,C51L41,POINT (-61.223533604916405 -8.231282446804373)
2024,CORTE SELETIVO,C51L41,POINT (-61.222051317462395 -8.231267422824947)
2024,CORTE SELETIVO,C51L41,POINT (-61.221946393610715 -8.231150183510454)
2024,CORTE SELETIVO,C51L41,POINT (-61.221275717816596 -8.231198457707054)
2024,CORTE SELETIVO,C51L41,POINT (-61.22352000799116 -8.2310550467817)
2024,CORTE SELETIVO,C51L41,POINT (-61.22136997008602 -8.231069415199691)
2024,CORTE SELETIVO,C51L41,POINT (-61.221210674209935 -8.230890601967385)
2024,CORTE SELETIVO,C51L41,POINT (-61.22166692391208 -8.230880785392982)
2024,CORTE SELETIVO,C51L41,POINT (-61.22338942001748 -8.230548245629041)
2024,CORTE SELETIVO,C51L41,POINT (-61.22182178121401 -8.230187554176062)
2024,CORTE SELETIVO,C51L41,POINT (-61.223498802381066 -8.22995682658486)
2024,CORTE SELETIVO,C51L41,POINT (-61.22161585364389 -8.229967238165877)
2024,CORTE SELETIVO,C51L41,POINT (-61.22154523334457 -8.229741153833984)
2024,CORTE SELETIVO,C51L41,POINT (-61.22286683574341 -8.229491113058502)
2024,CORTE SELETIVO,C51L41,POINT (-61.22263455845525 -8.229226053226954)
2024,CORTE SELETIVO,C51L41,POINT (-61.214482089261125 -8.245638979117878)
2024,CORTE SELETIVO,C51L41,POINT (-61.21741137053957 -8.24536503276988)
2024,CORTE SELETIVO,C51L41,POINT (-61.21855161829586 -8.243632866117334)
2024,CORTE SELETIVO,C51L41,POINT (-61.219245289868624 -8.243666753290743)
2024,CORTE SELETIVO,C51L41,POINT (-61.2191059255956 -8.243510331162039)
2024,CORTE SELETIVO,C51L41,POINT (-61.21633568897153 -8.24220691530756)
2024,CORTE SELETIVO,C51L41,POINT (-61.21472077325547 -8.241595655441946)
2024,CORTE SELETIVO,C51L41,POINT (-61.2168287486966 -8.241428648823911)
2024,CORTE SELETIVO,C51L41,POINT (-61.21513230985723 -8.241177451939356)
2024,CORTE SELETIVO,C51L41,POINT (-61.21422980103939 -8.240208689490853)
2024,CORTE SELETIVO,C51L41,POINT (-61.214456290135736 -8.240250061486265)
2024,CORTE SELETIVO,C51L41,POINT (-61.21276033307977 -8.239911422941422)
2024,CORTE SELETIVO,C51L41,POINT (-61.21949414694739 -8.239732980773438)
2024,CORTE SELETIVO,C51L41,POINT (-61.215705717521516 -8.23966715640336)
2024,CORTE SELETIVO,C51L41,POINT (-61.21310599419924 -8.239675688016952)
2024,CORTE SELETIVO,C51L41,POINT (-61.2141696960737 -8.239689700753681)
2024,CORTE SELETIVO,C51L41,POINT (-61.21400615350273 -8.239558993157727)
2024,CORTE SELETIVO,C51L41,POINT (-61.21642763224551 -8.239101917532814)
2024,CORTE SELETIVO,C51L41,POINT (-61.214442122295445 -8.238766321303318)
2024,CORTE SELETIVO,C51L41,POINT (-61.216246300359835 -8.238420088251553)
2024,CORTE SELETIVO,C51L41,POINT (-61.213056405068265 -8.238484128346764)
2024,CORTE SELETIVO,C51L41,POINT (-61.212754120910674 -8.238230090200387)
2024,CORTE SELETIVO,C51L41,POINT (-61.213554138140545 -8.238154402925183)
2024,CORTE SELETIVO,C51L41,POINT (-61.21395014854703 -8.23743382723354)
2024,CORTE SELETIVO,C51L41,POINT (-61.216098357469704 -8.236136683426556)
2024,CORTE SELETIVO,C51L41,POINT (-61.21906675706383 -8.235377289371488)
2024,CORTE SELETIVO,C51L41,POINT (-61.21449197002184 -8.235292998863107)
2024,CORTE SELETIVO,C51L41,POINT (-61.21319533905253 -8.235257165630715)
2024,CORTE SELETIVO,C51L41,POINT (-61.21353832458657 -8.23451646509827)
2024,CORTE SELETIVO,C51L41,POINT (-61.2195125944077 -8.234433975292093)
2024,CORTE SELETIVO,C51L41,POINT (-61.21936084308889 -8.234476967025405)
2024,CORTE SELETIVO,C51L41,POINT (-61.21905156027384 -8.234331785110301)
2024,CORTE SELETIVO,C51L41,POINT (-61.217672407177986 -8.232246019051841)
2024,CORTE SELETIVO,C51L41,POINT (-61.21569698005254 -8.23225328686481)
2024,CORTE SELETIVO,C51L41,POINT (-61.214829113983846 -8.232220292701964)
2024,CORTE SELETIVO,C51L41,POINT (-61.21886471976106 -8.232215791538405)
2024,CORTE SELETIVO,C51L41,POINT (-61.212724817145066 -8.230049569763402)
2024,CORTE SELETIVO,C51L41,POINT (-61.214692759523516 -8.229914675051521)
2024,CORTE SELETIVO,C51L41,POINT (-61.20953645125442 -8.240037072441739)
2024,CORTE SELETIVO,C51L41,POINT (-61.20919792954362 -8.239946174541043)
2024,CORTE SELETIVO,C51L41,POINT (-61.21084549505267 -8.239050084050023)
2024,CORTE SELETIVO,C51L41,POINT (-61.21224269662965 -8.238986218777963)
2024,CORTE SELETIVO,C51L41,POINT (-61.20989391196101 -8.238875970607168)
2024,CORTE SELETIVO,C51L41,POINT (-61.207947886195754 -8.238089424172859)
2024,CORTE SELETIVO,C51L41,POINT (-61.20978358033618 -8.237913321919578)
2024,CORTE SELETIVO,C51L41,POINT (-61.207697267473556 -8.237809386332374)
2024,CORTE SELETIVO,C51L41,POINT (-61.207351553477885 -8.23734854264382)
2024,CORTE SELETIVO,C51L41,POINT (-61.20976891234064 -8.235744216866548)
2024,CORTE SELETIVO,C51L41,POINT (-61.209921527430275 -8.235310414857318)
2024,CORTE SELETIVO,C51L41,POINT (-61.20754904843195 -8.235040431737973)
2024,CORTE SELETIVO,C51L41,POINT (-61.21026234632093 -8.234939349342119)
2024,CORTE SELETIVO,C51L41,POINT (-61.21036779734056 -8.23363451850247)
2024,CORTE SELETIVO,C51L41,POINT (-61.21010843896973 -8.233657702730564)
2024,CORTE SELETIVO,C51L41,POINT (-61.211751634992346 -8.233329109429773)
2024,CORTE SELETIVO,C51L41,POINT (-61.208960126890304 -8.232368388891452)
2024,CORTE SELETIVO,C51L41,POINT (-61.20845532978346 -8.23215886898695)
2024,CORTE SELETIVO,C51L41,POINT (-61.21102400328031 -8.232011468310017)
2024,CORTE SELETIVO,C51L41,POINT (-61.20808423409415 -8.231823197948383)
2024,CORTE SELETIVO,C51L41,POINT (-61.21143919629075 -8.231019348943862)
2024,CORTE SELETIVO,C51L41,POINT (-61.208621170272465 -8.230090719704283)
2024,CORTE SELETIVO,C51L41,POINT (-61.20191009621274 -8.248659006438483)
2024,CORTE SELETIVO,C51L41,POINT (-61.201835956897334 -8.248599772378869)
2024,CORTE SELETIVO,C51L41,POINT (-61.202181688227576 -8.248312786983039)
2024,CORTE SELETIVO,C51L41,POINT (-61.201837124957834 -8.246653812878682)
2024,CORTE SELETIVO,C51L41,POINT (-61.20197849329719 -8.246584930962532)
2024,CORTE SELETIVO,C51L41,POINT (-61.203333603494414 -8.244556011620851)
2024,CORTE SELETIVO,C51L41,POINT (-61.20369754391644 -8.244568886943311)
2024,CORTE SELETIVO,C51L41,POINT (-61.2026524174613 -8.244128599717603)
2024,CORTE SELETIVO,C51L41,POINT (-61.20313702512901 -8.243785942974167)
2024,CORTE SELETIVO,C51L41,POINT (-61.202660692288774 -8.243702777755283)
2024,CORTE SELETIVO,C51L41,POINT (-61.20327341281993 -8.243589967707662)
2024,CORTE SELETIVO,C51L41,POINT (-61.20334351056447 -8.243404359178099)
2024,CORTE SELETIVO,C51L41,POINT (-61.20452211054954 -8.242735489937196)
2024,CORTE SELETIVO,C51L41,POINT (-61.206309758873985 -8.241750723671394)
2024,CORTE SELETIVO,C51L41,POINT (-61.20573818047854 -8.241744225517612)
2024,CORTE SELETIVO,C51L41,POINT (-61.20619809331073 -8.241512191019284)
2024,CORTE SELETIVO,C51L41,POINT (-61.20144049210083 -8.241567742059411)
2024,CORTE SELETIVO,C51L41,POINT (-61.20188300853444 -8.241563008643508)
2024,CORTE SELETIVO,C51L41,POINT (-61.202183843044196 -8.241279404060103)
2024,CORTE SELETIVO,C51L41,POINT (-61.20696504013753 -8.240892077453932)
2024,CORTE SELETIVO,C51L41,POINT (-61.20557238561387 -8.239527808115852)
2024,CORTE SELETIVO,C51L41,POINT (-61.20090400225906 -8.239529476124279)
2024,CORTE SELETIVO,C51L41,POINT (-61.2054550366607 -8.239437224437655)
2024,CORTE SELETIVO,C51L41,POINT (-61.20478664865791 -8.239290540474743)
2024,CORTE SELETIVO,C51L41,POINT (-61.20336650174932 -8.238887047720867)
2024,CORTE SELETIVO,C51L41,POINT (-61.205014277431715 -8.238860483919977)
2024,CORTE SELETIVO,C51L41,POINT (-61.20493197040525 -8.23828097774038)
2024,CORTE SELETIVO,C51L41,POINT (-61.20627382640093 -8.23743372323671)
2024,CORTE SELETIVO,C51L41,POINT (-61.20665744758674 -8.23744983252198)
2024,CORTE SELETIVO,C51L41,POINT (-61.20618566401222 -8.237397029040018)
2024,CORTE SELETIVO,C51L41,POINT (-61.20406360159473 -8.236727229829842)
2024,CORTE SELETIVO,C51L41,POINT (-61.20313753023491 -8.23653350664897)
2024,CORTE SELETIVO,C51L41,POINT (-61.20391694589404 -8.236451496570615)
2024,CORTE SELETIVO,C51L41,POINT (-61.204242479063375 -8.235800914686232)
2024,CORTE SELETIVO,C51L41,POINT (-61.20632145537929 -8.235706933813304)
2024,CORTE SELETIVO,C51L41,POINT (-61.20165798342731 -8.235426274839226)
2024,CORTE SELETIVO,C51L41,POINT (-61.2068280635978 -8.234204829400005)
2024,CORTE SELETIVO,C51L41,POINT (-61.20517101980841 -8.232753679123475)
2024,CORTE SELETIVO,C51L41,POINT (-61.20533686617415 -8.23260627528595)
2024,CORTE SELETIVO,C51L41,POINT (-61.20583719433193 -8.231086321832281)
2024,CORTE SELETIVO,C51L41,POINT (-61.20377410393569 -8.228972897400615)
2024,CORTE SELETIVO,C51L41,POINT (-61.20323891717047 -8.228708323190265)
2024,CORTE SELETIVO,C51L41,POINT (-61.20027398442233 -8.246414321568174)
2024,CORTE SELETIVO,C51L41,POINT (-61.199760010584605 -8.246244449531675)
2024,CORTE SELETIVO,C51L41,POINT (-61.19910563728757 -8.241519109121185)
2024,CORTE SELETIVO,C51L41,POINT (-61.19887852570048 -8.241411523780217)
2024,CORTE SELETIVO,C51L41,POINT (-61.195950644819874 -8.24058744814441)
2024,CORTE SELETIVO,C51L41,POINT (-61.19642987208971 -8.240658112028491)
2024,CORTE SELETIVO,C51L41,POINT (-61.196616247544526 -8.240423352917622)
2024,CORTE SELETIVO,C51L41,POINT (-61.19584845330469 -8.240487890209877)
2024,CORTE SELETIVO,C51L41,POINT (-61.196200546298485 -8.240396187870076)
2024,CORTE SELETIVO,C51L41,POINT (-61.19680009628112 -8.240338959148662)
2024,CORTE SELETIVO,C51L41,POINT (-61.196094259531414 -8.240239550377074)
2024,CORTE SELETIVO,C51L41,POINT (-61.19759456015322 -8.236915671731406)
2024,CORTE SELETIVO,C51L41,POINT (-61.197678459507564 -8.236847718862078)
2024,CORTE SELETIVO,C51L41,POINT (-61.19776054292664 -8.23554838990642)
2024,CORTE SELETIVO,C51L41,POINT (-61.198300392214804 -8.235474999478003)
2024,CORTE SELETIVO,C51L41,POINT (-61.19930003200558 -8.233919340887041)
2024,CORTE SELETIVO,C51L41,POINT (-61.1985507655453 -8.233694845724163)
2024,CORTE SELETIVO,C51L41,POINT (-61.19911408167479 -8.232732969095858)
2024,CORTE SELETIVO,C51L41,POINT (-61.18257956862059 -8.172935752488314)
2024,CORTE SELETIVO,C51L41,POINT (-61.18075204818925 -8.170675276220493)
2024,CORTE SELETIVO,C51L41,POINT (-61.17399896618349 -8.214823298692615)
2024,CORTE SELETIVO,C51L41,POINT (-61.172615067983784 -8.195160588618345)
2024,CORTE SELETIVO,C51L41,POINT (-61.17331462765635 -8.194171558354235)
2024,CORTE SELETIVO,C51L41,POINT (-61.17293484917099 -8.193761899833735)
2024,CORTE SELETIVO,C51L41,POINT (-61.173768916268045 -8.193461507620325)
2024,CORTE SELETIVO,C51L41,POINT (-61.173291962328925 -8.19334813070949)
2024,CORTE SELETIVO,C51L41,POINT (-61.17352002326785 -8.19327741407325)
2024,CORTE SELETIVO,C51L41,POINT (-61.17401389675351 -8.19248494900239)
2024,CORTE SELETIVO,C51L41,POINT (-61.174191441652 -8.192272357374636)
2024,CORTE SELETIVO,C51L41,POINT (-61.17710773965109 -8.17930177841601)
2024,CORTE SELETIVO,C51L41,POINT (-61.167725698839995 -8.247043280090468)
2024,CORTE SELETIVO,C51L41,POINT (-61.16785491725118 -8.243649421481456)
2024,CORTE SELETIVO,C51L41,POINT (-61.1676922097236 -8.238919739322606)
2024,CORTE SELETIVO,C51L41,POINT (-61.16773836909445 -8.23849442275736)
2024,CORTE SELETIVO,C51L41,POINT (-61.16877827333274 -8.218578894417336)
2024,CORTE SELETIVO,C51L41,POINT (-61.17144490202374 -8.197879438074146)
2024,CORTE SELETIVO,C51L41,POINT (-61.158569126273655 -8.249941203404108)
2024,CORTE SELETIVO,C51L41,POINT (-61.165366296632754 -8.249908425513713)
2024,CORTE SELETIVO,C51L41,POINT (-61.16246576277692 -8.24993844241152)
2024,CORTE SELETIVO,C51L41,POINT (-61.16087693580566 -8.249833477477141)
2024,CORTE SELETIVO,C51L41,POINT (-61.16124399705641 -8.249730216144393)
2024,CORTE SELETIVO,C51L41,POINT (-61.15958215408487 -8.24977141568877)
2024,CORTE SELETIVO,C51L41,POINT (-61.164525579504776 -8.249768837848377)
2024,CORTE SELETIVO,C51L41,POINT (-61.16327055599271 -8.249060348844397)
2024,CORTE SELETIVO,C51L41,POINT (-61.16532783775089 -8.249054168591083)
2024,CORTE SELETIVO,C51L41,POINT (-61.16379468884144 -8.248844635545652)
2024,CORTE SELETIVO,C51L41,POINT (-61.16010452699384 -8.24865936634903)
2024,CORTE SELETIVO,C51L41,POINT (-61.163097518153464 -8.248672374252939)
2024,CORTE SELETIVO,C51L41,POINT (-61.165106443891766 -8.248443449780888)
2024,CORTE SELETIVO,C51L41,POINT (-61.15959046500876 -8.248422892383944)
2024,CORTE SELETIVO,C51L41,POINT (-61.16618798901753 -8.247432714994313)
2024,CORTE SELETIVO,C51L41,POINT (-61.166933608500756 -8.247497177703991)
2024,CORTE SELETIVO,C51L41,POINT (-61.1672327187126 -8.24746389450951)
2024,CORTE SELETIVO,C51L41,POINT (-61.16719035830218 -8.247301448788505)
2024,CORTE SELETIVO,C51L41,POINT (-61.164578951749704 -8.247190508546911)
2024,CORTE SELETIVO,C51L41,POINT (-61.16060179578601 -8.24722945855227)
2024,CORTE SELETIVO,C51L41,POINT (-61.15989304445945 -8.247108289600279)
2024,CORTE SELETIVO,C51L41,POINT (-61.159380056831885 -8.246872042508894)
2024,CORTE SELETIVO,C51L41,POINT (-61.16102825139344 -8.246878165558595)
2024,CORTE SELETIVO,C51L41,POINT (-61.16153624723534 -8.246770361856523)
2024,CORTE SELETIVO,C51L41,POINT (-61.16096913500768 -8.24666529270565)
2024,CORTE SELETIVO,C51L41,POINT (-61.16071226524593 -8.246635967256731)
2024,CORTE SELETIVO,C51L41,POINT (-61.165651637840796 -8.246542715061876)
2024,CORTE SELETIVO,C51L41,POINT (-61.159465068819166 -8.24658652916469)
2024,CORTE SELETIVO,C51L41,POINT (-61.159971406945495 -8.246392764062687)
2024,CORTE SELETIVO,C51L41,POINT (-61.166191118011454 -8.246268932766379)
2024,CORTE SELETIVO,C51L41,POINT (-61.158373438219165 -8.246142108981799)
2024,CORTE SELETIVO,C51L41,POINT (-61.15956828353607 -8.246190587112407)
2024,CORTE SELETIVO,C51L41,POINT (-61.15942569450579 -8.246097152261298)
2024,CORTE SELETIVO,C51L41,POINT (-61.16190120252065 -8.24594011633443)
2024,CORTE SELETIVO,C51L41,POINT (-61.16340076864694 -8.24572884959878)
2024,CORTE SELETIVO,C51L41,POINT (-61.16654628900005 -8.245629968433253)
2024,CORTE SELETIVO,C51L41,POINT (-61.16109835386883 -8.245353181697247)
2024,CORTE SELETIVO,C51L41,POINT (-61.16085391317986 -8.245212618863325)
2024,CORTE SELETIVO,C51L41,POINT (-61.15919818280247 -8.245214398437989)
2024,CORTE SELETIVO,C51L41,POINT (-61.16713097354209 -8.24514408991206)
2024,CORTE SELETIVO,C51L41,POINT (-61.16258146002457 -8.245069318421958)
2024,CORTE SELETIVO,C51L41,POINT (-61.16365889314688 -8.244945040517482)
2024,CORTE SELETIVO,C51L41,POINT (-61.166317645376125 -8.2448677161358)
2024,CORTE SELETIVO,C51L41,POINT (-61.159491599699415 -8.244749164261286)
2024,CORTE SELETIVO,C51L41,POINT (-61.16171797778709 -8.244786414704134)
2024,CORTE SELETIVO,C51L41,POINT (-61.16140617933107 -8.244782570219677)
2024,CORTE SELETIVO,C51L41,POINT (-61.16530235086499 -8.244781224908683)
2024,CORTE SELETIVO,C51L41,POINT (-61.15977458153786 -8.244640036130006)
2024,CORTE SELETIVO,C51L41,POINT (-61.15873093153753 -8.244697288617704)
2024,CORTE SELETIVO,C51L41,POINT (-61.164275170585086 -8.243999246267014)
2024,CORTE SELETIVO,C51L41,POINT (-61.16556769793511 -8.243969331263695)
2024,CORTE SELETIVO,C51L41,POINT (-61.16168666375447 -8.24372385659921)
2024,CORTE SELETIVO,C51L41,POINT (-61.16318791162436 -8.243671303814025)
2024,CORTE SELETIVO,C51L41,POINT (-61.16185817192022 -8.243552331232666)
2024,CORTE SELETIVO,C51L41,POINT (-61.16361274660883 -8.243283934803737)
2024,CORTE SELETIVO,C51L41,POINT (-61.161826122146195 -8.243180442598234)
2024,CORTE SELETIVO,C51L41,POINT (-61.160763442747864 -8.242922078536782)
2024,CORTE SELETIVO,C51L41,POINT (-61.16748507447845 -8.242815170625676)
2024,CORTE SELETIVO,C51L41,POINT (-61.16517522491388 -8.24287291391351)
2024,CORTE SELETIVO,C51L41,POINT (-61.160756220896346 -8.242573684503597)
2024,CORTE SELETIVO,C51L41,POINT (-61.16593132431615 -8.242303084456601)
2024,CORTE SELETIVO,C51L41,POINT (-61.16431798920865 -8.24217868168462)
2024,CORTE SELETIVO,C51L41,POINT (-61.1599595797118 -8.242008049692558)
2024,CORTE SELETIVO,C51L41,POINT (-61.1654911111492 -8.24192754383967)
2024,CORTE SELETIVO,C51L41,POINT (-61.16692976483543 -8.241851250601945)
2024,CORTE SELETIVO,C51L41,POINT (-61.15946946061098 -8.241875999883124)
2024,CORTE SELETIVO,C51L41,POINT (-61.16393929751 -8.24179387867784)
2024,CORTE SELETIVO,C51L41,POINT (-61.1653578607267 -8.241729339727529)
2024,CORTE SELETIVO,C51L41,POINT (-61.16134877627954 -8.241602523334965)
2024,CORTE SELETIVO,C51L41,POINT (-61.16415484380851 -8.241352658348093)
2024,CORTE SELETIVO,C51L41,POINT (-61.16492685970134 -8.241131144106962)
2024,CORTE SELETIVO,C51L41,POINT (-61.163396038821666 -8.241209178277805)
2024,CORTE SELETIVO,C51L41,POINT (-61.1601363030159 -8.240774239715307)
2024,CORTE SELETIVO,C51L41,POINT (-61.16068183801422 -8.240209941284897)
2024,CORTE SELETIVO,C51L41,POINT (-61.16658800151431 -8.239995046357592)
2024,CORTE SELETIVO,C51L41,POINT (-61.16654047133553 -8.239018423036876)
2024,CORTE SELETIVO,C51L41,POINT (-61.16635259663289 -8.23823172198424)
2024,CORTE SELETIVO,C51L41,POINT (-61.166785158937905 -8.23821560761998)
2024,CORTE SELETIVO,C51L41,POINT (-61.15813062195445 -8.249918764854915)
2024,CORTE SELETIVO,C51L41,POINT (-61.15012362650123 -8.249905636809986)
2024,CORTE SELETIVO,C51L41,POINT (-61.14901372413833 -8.2499999612812)
2024,CORTE SELETIVO,C51L41,POINT (-61.14715342641991 -8.249841701913775)
2024,CORTE SELETIVO,C51L41,POINT (-61.14997955624399 -8.249878073042376)
2024,CORTE SELETIVO,C51L41,POINT (-61.14419113137301 -8.249861521463588)
2024,CORTE SELETIVO,C51L41,POINT (-61.146862484308635 -8.24977279589669)
2024,CORTE SELETIVO,C51L41,POINT (-61.150937605547234 -8.249638042444747)
2024,CORTE SELETIVO,C51L41,POINT (-61.14712319229919 -8.249506083959567)
2024,CORTE SELETIVO,C51L41,POINT (-61.153722622769514 -8.249504803645628)
2024,CORTE SELETIVO,C51L41,POINT (-61.153667328499765 -8.249469424897413)
2024,CORTE SELETIVO,C51L41,POINT (-61.14569303676719 -8.249423201429577)
2024,CORTE SELETIVO,C51L41,POINT (-61.14761469364759 -8.2493785054635)
2024,CORTE SELETIVO,C51L41,POINT (-61.147813980465045 -8.249350994025638)
2024,CORTE SELETIVO,C51L41,POINT (-61.14131910605511 -8.24922646262867)
2024,CORTE SELETIVO,C51L41,POINT (-61.15354547022884 -8.249122222919688)
2024,CORTE SELETIVO,C51L41,POINT (-61.147760205602474 -8.249196569551225)
2024,CORTE SELETIVO,C51L41,POINT (-61.14095606812982 -8.249036857091896)
2024,CORTE SELETIVO,C51L41,POINT (-61.15788005152512 -8.249058707875445)
2024,CORTE SELETIVO,C51L41,POINT (-61.146006094395545 -8.24892802165758)
2024,CORTE SELETIVO,C51L41,POINT (-61.14280293946078 -8.248862219863103)
2024,CORTE SELETIVO,C51L41,POINT (-61.14450306578275 -8.248802439131191)
2024,CORTE SELETIVO,C51L41,POINT (-61.15831902830142 -8.248778348181567)
2024,CORTE SELETIVO,C51L41,POINT (-61.15779815131419 -8.248615536980827)
2024,CORTE SELETIVO,C51L41,POINT (-61.13958006383229 -8.248594877842383)
2024,CORTE SELETIVO,C51L41,POINT (-61.14365145076804 -8.248537302496148)
2024,CORTE SELETIVO,C51L41,POINT (-61.144000270690704 -8.248462130317838)
2024,CORTE SELETIVO,C51L41,POINT (-61.15658923949448 -8.248315429704718)
2024,CORTE SELETIVO,C51L41,POINT (-61.15720741240274 -8.248277736607303)
2024,CORTE SELETIVO,C51L41,POINT (-61.15714632093531 -8.248084689709453)
2024,CORTE SELETIVO,C51L41,POINT (-61.14857473746538 -8.247797184275218)
2024,CORTE SELETIVO,C51L41,POINT (-61.151567276339094 -8.24761589484102)
2024,CORTE SELETIVO,C51L41,POINT (-61.14538352987854 -8.24755220134241)
2024,CORTE SELETIVO,C51L41,POINT (-61.14527470793651 -8.24743255423962)
2024,CORTE SELETIVO,C51L41,POINT (-61.15162803001893 -8.247412252607509)
2024,CORTE SELETIVO,C51L41,POINT (-61.14248288066195 -8.247190055385657)
2024,CORTE SELETIVO,C51L41,POINT (-61.15551087359888 -8.247170282866835)
2024,CORTE SELETIVO,C51L41,POINT (-61.13969655504256 -8.246808392646306)
2024,CORTE SELETIVO,C51L41,POINT (-61.146017036589434 -8.246700747487381)
2024,CORTE SELETIVO,C51L41,POINT (-61.14372706248506 -8.246798661134545)
2024,CORTE SELETIVO,C51L41,POINT (-61.14475653588271 -8.246796889977325)
2024,CORTE SELETIVO,C51L41,POINT (-61.14521274947686 -8.246652833686923)
2024,CORTE SELETIVO,C51L41,POINT (-61.15146678084213 -8.246717585128668)
2024,CORTE SELETIVO,C51L41,POINT (-61.1552455186925 -8.246656096034405)
2024,CORTE SELETIVO,C51L41,POINT (-61.14474903142384 -8.246554678558033)
2024,CORTE SELETIVO,C51L41,POINT (-61.142746930735846 -8.246599253189975)
2024,CORTE SELETIVO,C51L41,POINT (-61.15251333100183 -8.246465372360447)
2024,CORTE SELETIVO,C51L41,POINT (-61.14635802593726 -8.24621551812688)
2024,CORTE SELETIVO,C51L41,POINT (-61.144175308067766 -8.246268964549898)
2024,CORTE SELETIVO,C51L41,POINT (-61.15166652408485 -8.246275731936556)
2024,CORTE SELETIVO,C51L41,POINT (-61.145911746945664 -8.24619275386368)
2024,CORTE SELETIVO,C51L41,POINT (-61.14604959850253 -8.246038152763957)
2024,CORTE SELETIVO,C51L41,POINT (-61.151738906618576 -8.246098617742565)
2024,CORTE SELETIVO,C51L41,POINT (-61.14410532462646 -8.24591537517515)
2024,CORTE SELETIVO,C51L41,POINT (-61.15607570963949 -8.245942435440389)
2024,CORTE SELETIVO,C51L41,POINT (-61.14197986036912 -8.245961858905734)
2024,CORTE SELETIVO,C51L41,POINT (-61.14425906521653 -8.245872645793625)
2024,CORTE SELETIVO,C51L41,POINT (-61.14841193728148 -8.245757541391969)
2024,CORTE SELETIVO,C51L41,POINT (-61.15261557595668 -8.245723904809076)
2024,CORTE SELETIVO,C51L41,POINT (-61.14344255501238 -8.245712972750317)
2024,CORTE SELETIVO,C51L41,POINT (-61.14338375526158 -8.245615804012441)
2024,CORTE SELETIVO,C51L41,POINT (-61.14254887259353 -8.245486823468003)
2024,CORTE SELETIVO,C51L41,POINT (-61.15616836061716 -8.245314738481968)
2024,CORTE SELETIVO,C51L41,POINT (-61.14079716124233 -8.244771082524109)
2024,CORTE SELETIVO,C51L41,POINT (-61.14653080254927 -8.244700372824088)
2024,CORTE SELETIVO,C51L41,POINT (-61.14267646008159 -8.244730764648804)
2024,CORTE SELETIVO,C51L41,POINT (-61.1520282782038 -8.244696763276187)
2024,CORTE SELETIVO,C51L41,POINT (-61.141957280496115 -8.24465659514275)
2024,CORTE SELETIVO,C51L41,POINT (-61.14027085192097 -8.244332995537178)
2024,CORTE SELETIVO,C51L41,POINT (-61.14436367642631 -8.24421789334706)
2024,CORTE SELETIVO,C51L41,POINT (-61.152677112854136 -8.244170763600389)
2024,CORTE SELETIVO,C51L41,POINT (-61.15461844952494 -8.244155598396059)
2024,CORTE SELETIVO,C51L41,POINT (-61.15713642065784 -8.244194608316564)
2024,CORTE SELETIVO,C51L41,POINT (-61.15776193905666 -8.244180796339728)
2024,CORTE SELETIVO,C51L41,POINT (-61.14454271868243 -8.243975043230654)
2024,CORTE SELETIVO,C51L41,POINT (-61.15090949155721 -8.24394432417775)
2024,CORTE SELETIVO,C51L41,POINT (-61.151158726084056 -8.243929626590214)
2024,CORTE SELETIVO,C51L41,POINT (-61.15070843032725 -8.24383253892653)
2024,CORTE SELETIVO,C51L41,POINT (-61.140913729870185 -8.24389086518928)
2024,CORTE SELETIVO,C51L41,POINT (-61.15393479898528 -8.243728939951502)
2024,CORTE SELETIVO,C51L41,POINT (-61.151528491255604 -8.243776958816813)
2024,CORTE SELETIVO,C51L41,POINT (-61.147797888480056 -8.243677077496093)
2024,CORTE SELETIVO,C51L41,POINT (-61.15518740269203 -8.24362697446806)
2024,CORTE SELETIVO,C51L41,POINT (-61.14936097676451 -8.243504335168463)
2024,CORTE SELETIVO,C51L41,POINT (-61.15641412799644 -8.243574605599147)
2024,CORTE SELETIVO,C51L41,POINT (-61.152785543890325 -8.243583315993506)
2024,CORTE SELETIVO,C51L41,POINT (-61.152175642848924 -8.243482107818808)
2024,CORTE SELETIVO,C51L41,POINT (-61.15153185530623 -8.243446839977985)
2024,CORTE SELETIVO,C51L41,POINT (-61.15706239312351 -8.243401793494021)
2024,CORTE SELETIVO,C51L41,POINT (-61.15666280127969 -8.243473809867842)
2024,CORTE SELETIVO,C51L41,POINT (-61.14146856174654 -8.24345335081148)
2024,CORTE SELETIVO,C51L41,POINT (-61.14361671658897 -8.243338121539026)
2024,CORTE SELETIVO,C51L41,POINT (-61.14033291299763 -8.24324702187545)
2024,CORTE SELETIVO,C51L41,POINT (-61.14972793521992 -8.242975234499882)
2024,CORTE SELETIVO,C51L41,POINT (-61.15527217836827 -8.24293150718918)
2024,CORTE SELETIVO,C51L41,POINT (-61.143688228113554 -8.242650714243801)
2024,CORTE SELETIVO,C51L41,POINT (-61.146668048811705 -8.242455125371249)
2024,CORTE SELETIVO,C51L41,POINT (-61.14161096349883 -8.242479327428644)
2024,CORTE SELETIVO,C51L41,POINT (-61.14597951349185 -8.242482118072656)
2024,CORTE SELETIVO,C51L41,POINT (-61.14722078430311 -8.242494400168363)
2024,CORTE SELETIVO,C51L41,POINT (-61.14065474602582 -8.242374548337368)
2024,CORTE SELETIVO,C51L41,POINT (-61.1403014133677 -8.242201112352586)
2024,CORTE SELETIVO,C51L41,POINT (-61.15604084293916 -8.241985701555603)
2024,CORTE SELETIVO,C51L41,POINT (-61.15111453326812 -8.241748875843442)
2024,CORTE SELETIVO,C51L41,POINT (-61.143101794348 -8.24167289362434)
2024,CORTE SELETIVO,C51L41,POINT (-61.15606728711011 -8.24144624801747)
2024,CORTE SELETIVO,C51L41,POINT (-61.148186158962936 -8.241236294241496)
2024,CORTE SELETIVO,C51L41,POINT (-61.142097376075235 -8.241109200920583)
2024,CORTE SELETIVO,C51L41,POINT (-61.14852296327623 -8.24118461522597)
2024,CORTE SELETIVO,C51L41,POINT (-61.147724581794506 -8.241163806090984)
2024,CORTE SELETIVO,C51L41,POINT (-61.143008830814416 -8.240963917481139)
2024,CORTE SELETIVO,C51L41,POINT (-61.14174947105666 -8.240982453619486)
2024,CORTE SELETIVO,C51L41,POINT (-61.142009983785904 -8.240855220605766)
2024,CORTE SELETIVO,C51L41,POINT (-61.138824489728805 -8.249967685940296)
2024,CORTE SELETIVO,C51L41,POINT (-61.139421378983485 -8.248482314893957)
2024,CORTE SELETIVO,C51L41,POINT (-61.139057155108404 -8.248039231547285)
2024,CORTE SELETIVO,C51L41,POINT (-61.139142374582754 -8.247891616579091)
2024,CORTE SELETIVO,C51L41,POINT (-61.13719683924996 -8.24776088251497)
2024,CORTE SELETIVO,C51L41,POINT (-61.13910600912625 -8.24740648981529)
2024,CORTE SELETIVO,C51L41,POINT (-61.139452347086866 -8.247306702604241)
2024,CORTE SELETIVO,C51L41,POINT (-61.1326489762898 -8.247399112925208)
2024,CORTE SELETIVO,C51L41,POINT (-61.13863387569062 -8.24729370443502)
2024,CORTE SELETIVO,C51L41,POINT (-61.13597089266078 -8.24605755462818)
2024,CORTE SELETIVO,C51L41,POINT (-61.13917327344908 -8.245931282396437)
2024,CORTE SELETIVO,C51L41,POINT (-61.13577886566573 -8.245731704948238)
2024,CORTE SELETIVO,C51L41,POINT (-61.13895692253532 -8.245655839800097)
2024,CORTE SELETIVO,C51L41,POINT (-61.13397832552726 -8.245699648857792)
2024,CORTE SELETIVO,C51L41,POINT (-61.134250001238556 -8.245595028401695)
2024,CORTE SELETIVO,C51L41,POINT (-61.13355211419985 -8.245471326694423)
2024,CORTE SELETIVO,C51L41,POINT (-61.13693355556909 -8.245321415997035)
2024,CORTE SELETIVO,C51L41,POINT (-61.13398970791878 -8.24542101214471)
2024,CORTE SELETIVO,C51L41,POINT (-61.13422635080504 -8.24527088464792)
2024,CORTE SELETIVO,C51L41,POINT (-61.13735557884741 -8.245041279780217)
2024,CORTE SELETIVO,C51L41,POINT (-61.13711814989506 -8.244987542871357)
2024,CORTE SELETIVO,C51L41,POINT (-61.13367229889551 -8.244790256227892)
2024,CORTE SELETIVO,C51L41,POINT (-61.13389767233618 -8.244616063388861)
2024,CORTE SELETIVO,C51L41,POINT (-61.13699839163064 -8.244505952991979)
2024,CORTE SELETIVO,C51L41,POINT (-61.13923336411044 -8.244488493697203)
2024,CORTE SELETIVO,C51L41,POINT (-61.1340743526845 -8.244399971479462)
2024,CORTE SELETIVO,C51L41,POINT (-61.13428114800571 -8.244395804661194)
2024,CORTE SELETIVO,C51L41,POINT (-61.138016543709455 -8.24426905372477)
2024,CORTE SELETIVO,C51L41,POINT (-61.134002366245895 -8.244017662555185)
2024,CORTE SELETIVO,C51L41,POINT (-61.139149055386625 -8.243902425953898)
2024,CORTE SELETIVO,C51L41,POINT (-61.13391296093706 -8.243830496432762)
2024,CORTE SELETIVO,C51L41,POINT (-61.13382444668406 -8.24361831452426)
2024,CORTE SELETIVO,C51L41,POINT (-61.13363977509367 -8.243402598488522)
2024,CORTE SELETIVO,C51L41,POINT (-61.134063146618146 -8.24331172630302)
2024,CORTE SELETIVO,C51L41,POINT (-61.138712889260105 -8.243133035890901)
2024,CORTE SELETIVO,C51L41,POINT (-61.13857947653531 -8.242964654903554)
2024,CORTE SELETIVO,C51L41,POINT (-61.13469291183504 -8.24228839694075)
2024,CORTE SELETIVO,C51L41,POINT (-61.13452032850148 -8.24217970421462)
2024,CORTE SELETIVO,C51L41,POINT (-61.134855743125854 -8.241913498210318)
2024,CORTE SELETIVO,C51L41,POINT (-61.1376543228219 -8.241162382786802)
2024,CORTE SELETIVO,C51L41,POINT (-61.11747053570942 -8.234961897177522)
2024,CORTE SELETIVO,C51L41,POINT (-61.11751678718483 -8.230478814314372)
2024,CORTE SELETIVO,C51L41,POINT (-61.117862870423046 -8.230224133287116)
2024,CORTE SELETIVO,C51L41,POINT (-61.117580494725374 -8.229540767865986)
2024,CORTE SELETIVO,C51L41,POINT (-61.11769571142388 -8.226726449949853)
2024,CORTE SELETIVO,C51L41,POINT (-61.11822148923535 -8.22599208626663)
2024,CORTE SELETIVO,C51L41,POINT (-61.118717893455425 -8.225708310456113)
2024,CORTE SELETIVO,C51L41,POINT (-61.11919272557587 -8.221483724390074)
2024,CORTE SELETIVO,C51L41,POINT (-61.112721415729354 -8.23765441841019)
2024,CORTE SELETIVO,C51L41,POINT (-61.11272203321044 -8.237242388210392)
2024,CORTE SELETIVO,C51L41,POINT (-61.112951634150825 -8.23717288805349)
2024,CORTE SELETIVO,C51L41,POINT (-61.11337267159171 -8.236462279436747)
2024,CORTE SELETIVO,C51L41,POINT (-61.11281480602318 -8.23633240389692)
2024,CORTE SELETIVO,C51L41,POINT (-61.113116977239535 -8.23632200807546)
2024,CORTE SELETIVO,C51L41,POINT (-61.1130764239725 -8.236285328206394)
2024,CORTE SELETIVO,C51L41,POINT (-61.1167592894452 -8.235932322965592)
2024,CORTE SELETIVO,C51L41,POINT (-61.11572919729516 -8.234781816329601)
2024,CORTE SELETIVO,C51L41,POINT (-61.1160286328034 -8.234757145165776)
2024,CORTE SELETIVO,C51L41,POINT (-61.11288785078588 -8.234764715919153)
2024,CORTE SELETIVO,C51L41,POINT (-61.116415025076755 -8.234735723435074)
2024,CORTE SELETIVO,C51L41,POINT (-61.11531024538789 -8.234669847683666)
2024,CORTE SELETIVO,C51L41,POINT (-61.11516785746544 -8.234458912343598)
2024,CORTE SELETIVO,C51L41,POINT (-61.114957240253595 -8.234280361311543)
2024,CORTE SELETIVO,C51L41,POINT (-61.113487652320714 -8.234236597181344)
2024,CORTE SELETIVO,C51L41,POINT (-61.11286978921674 -8.23418131641205)
2024,CORTE SELETIVO,C51L41,POINT (-61.115558388726804 -8.234139672958534)
2024,CORTE SELETIVO,C51L41,POINT (-61.11475143540414 -8.233664537857182)
2024,CORTE SELETIVO,C51L41,POINT (-61.117203942236564 -8.233452914275475)
2024,CORTE SELETIVO,C51L41,POINT (-61.11622627979805 -8.233384565000938)
2024,CORTE SELETIVO,C51L41,POINT (-61.11334038115737 -8.233370653590644)
2024,CORTE SELETIVO,C51L41,POINT (-61.11516875600529 -8.233310115483196)
2024,CORTE SELETIVO,C51L41,POINT (-61.117343922708024 -8.233370048225053)
2024,CORTE SELETIVO,C51L41,POINT (-61.113674090423935 -8.233151456613369)
2024,CORTE SELETIVO,C51L41,POINT (-61.11583868017913 -8.233003391682605)
2024,CORTE SELETIVO,C51L41,POINT (-61.11549943921504 -8.232919809079581)
2024,CORTE SELETIVO,C51L41,POINT (-61.11737042711787 -8.232903115120795)
2024,CORTE SELETIVO,C51L41,POINT (-61.11339724724534 -8.232750129757706)
2024,CORTE SELETIVO,C51L41,POINT (-61.11290580205095 -8.232607628019945)
2024,CORTE SELETIVO,C51L41,POINT (-61.11511120131447 -8.232613688707463)
2024,CORTE SELETIVO,C51L41,POINT (-61.11664467411103 -8.232544940522214)
2024,CORTE SELETIVO,C51L41,POINT (-61.11592957311763 -8.231986039843187)
2024,CORTE SELETIVO,C51L41,POINT (-61.11622016533998 -8.231788849176601)
2024,CORTE SELETIVO,C51L41,POINT (-61.115693428265764 -8.231780700080062)
2024,CORTE SELETIVO,C51L41,POINT (-61.1136219915674 -8.231536007065628)
2024,CORTE SELETIVO,C51L41,POINT (-61.11680725828427 -8.231212525492328)
2024,CORTE SELETIVO,C51L41,POINT (-61.11716578864539 -8.231205624833173)
2024,CORTE SELETIVO,C51L41,POINT (-61.116359397513065 -8.231171368317764)
2024,CORTE SELETIVO,C51L41,POINT (-61.11707554550823 -8.231003471958891)
2024,CORTE SELETIVO,C51L41,POINT (-61.11382728042054 -8.230705269701009)
2024,CORTE SELETIVO,C51L41,POINT (-61.11580381397585 -8.230712491922977)
2024,CORTE SELETIVO,C51L41,POINT (-61.11394406712377 -8.230624515058297)
2024,CORTE SELETIVO,C51L41,POINT (-61.116325957015945 -8.230433918294953)
2024,CORTE SELETIVO,C51L41,POINT (-61.11675237570704 -8.230321264536531)
2024,CORTE SELETIVO,C51L41,POINT (-61.11693317710461 -8.230297186983384)
2024,CORTE SELETIVO,C51L41,POINT (-61.11600828953124 -8.23028229150388)
2024,CORTE SELETIVO,C51L41,POINT (-61.11630841079479 -8.230050510488688)
2024,CORTE SELETIVO,C51L41,POINT (-61.116463136294676 -8.229947985642175)
2024,CORTE SELETIVO,C51L41,POINT (-61.11336169338608 -8.22989400980223)
2024,CORTE SELETIVO,C51L41,POINT (-61.116640555196724 -8.229840820809697)
2024,CORTE SELETIVO,C51L41,POINT (-61.11696934408097 -8.229603655362304)
2024,CORTE SELETIVO,C51L41,POINT (-61.11732340272745 -8.22964170830909)
2024,CORTE SELETIVO,C51L41,POINT (-61.11682675390485 -8.229573834422538)
2024,CORTE SELETIVO,C51L41,POINT (-61.112958914498556 -8.229427830140796)
2024,CORTE SELETIVO,C51L41,POINT (-61.11616279379091 -8.229411931190064)
2024,CORTE SELETIVO,C51L41,POINT (-61.114731695196575 -8.228728697240495)
2024,CORTE SELETIVO,C51L41,POINT (-61.11461122326297 -8.2286514892355)
2024,CORTE SELETIVO,C51L41,POINT (-61.11426446023253 -8.228495776582493)
2024,CORTE SELETIVO,C51L41,POINT (-61.114304174774496 -8.227805139279408)
2024,CORTE SELETIVO,C51L41,POINT (-61.11396233841741 -8.227266833557165)
2024,CORTE SELETIVO,C51L41,POINT (-61.11302253733947 -8.22723198159512)
2024,CORTE SELETIVO,C51L41,POINT (-61.11386564129714 -8.227146386807522)
2024,CORTE SELETIVO,C51L41,POINT (-61.11439520699513 -8.226780868491083)
2024,CORTE SELETIVO,C51L41,POINT (-61.11507613328584 -8.226703330865838)
2024,CORTE SELETIVO,C51L41,POINT (-61.11465952018436 -8.226678543499947)
2024,CORTE SELETIVO,C51L41,POINT (-61.11382882290464 -8.22635554442999)
2024,CORTE SELETIVO,C51L41,POINT (-61.11721069778785 -8.225700789975233)
2024,CORTE SELETIVO,C51L41,POINT (-61.11401198570934 -8.22524322804758)
2024,CORTE SELETIVO,C51L41,POINT (-61.11351829378575 -8.225261394758522)
2024,CORTE SELETIVO,C51L41,POINT (-61.11586836520574 -8.225235563292005)
2024,CORTE SELETIVO,C51L41,POINT (-61.11466728082014 -8.224917007885363)
2024,CORTE SELETIVO,C51L41,POINT (-61.115621883429746 -8.22434958128382)
2024,CORTE SELETIVO,C51L41,POINT (-61.11409537804117 -8.224013505534437)
2024,CORTE SELETIVO,C51L41,POINT (-61.11451906640605 -8.224043466942787)
2024,CORTE SELETIVO,C51L41,POINT (-61.11371818765191 -8.223953333435643)
2024,CORTE SELETIVO,C51L41,POINT (-61.11498647063083 -8.223505185997046)
2024,CORTE SELETIVO,C51L41,POINT (-61.108441363974784 -8.242785225149989)
2024,CORTE SELETIVO,C51L41,POINT (-61.108141673453076 -8.24257929575453)
2024,CORTE SELETIVO,C51L41,POINT (-61.11151008206513 -8.241737653090663)
2024,CORTE SELETIVO,C51L41,POINT (-61.111734361281805 -8.24171133311604)
2024,CORTE SELETIVO,C51L41,POINT (-61.11181736818251 -8.241699092753052)
2024,CORTE SELETIVO,C51L41,POINT (-61.11140539971743 -8.241539413146889)
2024,CORTE SELETIVO,C51L41,POINT (-61.10536746926718 -8.239809180664222)
2024,CORTE SELETIVO,C51L41,POINT (-61.1050048117951 -8.239662098084528)
2024,CORTE SELETIVO,C51L41,POINT (-61.11230620933606 -8.238552181456225)
2024,CORTE SELETIVO,C51L41,POINT (-61.111143809396275 -8.238410888233577)
2024,CORTE SELETIVO,C51L41,POINT (-61.11236659701275 -8.238205938304203)
2024,CORTE SELETIVO,C51L41,POINT (-61.107853091174825 -8.238191618201252)
2024,CORTE SELETIVO,C51L41,POINT (-61.10758927852356 -8.238103390089098)
2024,CORTE SELETIVO,C51L41,POINT (-61.10772934404296 -8.238017965396704)
2024,CORTE SELETIVO,C51L41,POINT (-61.11265563401452 -8.238092955810655)
2024,CORTE SELETIVO,C51L41,POINT (-61.11107695570848 -8.237990026405342)
2024,CORTE SELETIVO,C51L41,POINT (-61.108956143477755 -8.237872459191355)
2024,CORTE SELETIVO,C51L41,POINT (-61.10719106178576 -8.237743250986119)
2024,CORTE SELETIVO,C51L41,POINT (-61.111012910868986 -8.237604236903389)
2024,CORTE SELETIVO,C51L41,POINT (-61.11110288982925 -8.237500330212715)
2024,CORTE SELETIVO,C51L41,POINT (-61.10858618703442 -8.237359701521562)
2024,CORTE SELETIVO,C51L41,POINT (-61.10813537894168 -8.236867503459713)
2024,CORTE SELETIVO,C51L41,POINT (-61.108207754086436 -8.23671338296078)
2024,CORTE SELETIVO,C51L41,POINT (-61.11224673264792 -8.236747881469858)
2024,CORTE SELETIVO,C51L41,POINT (-61.107941565248446 -8.236659804388635)
2024,CORTE SELETIVO,C51L41,POINT (-61.108269134600924 -8.236577189243643)
2024,CORTE SELETIVO,C51L41,POINT (-61.110366660934076 -8.236381281803299)
2024,CORTE SELETIVO,C51L41,POINT (-61.10503791923548 -8.235947698322672)
2024,CORTE SELETIVO,C51L41,POINT (-61.11239632075887 -8.23581599546676)
2024,CORTE SELETIVO,C51L41,POINT (-61.10842732753969 -8.235633160639141)
2024,CORTE SELETIVO,C51L41,POINT (-61.112569815154956 -8.235706330525002)
2024,CORTE SELETIVO,C51L41,POINT (-61.11014553473408 -8.235619738777375)
2024,CORTE SELETIVO,C51L41,POINT (-61.10490162118788 -8.235664202768449)
2024,CORTE SELETIVO,C51L41,POINT (-61.10660854456985 -8.235454334025617)
2024,CORTE SELETIVO,C51L41,POINT (-61.11182644642141 -8.235492642788316)
2024,CORTE SELETIVO,C51L41,POINT (-61.111206113622565 -8.23507705945161)
2024,CORTE SELETIVO,C51L41,POINT (-61.11191105305206 -8.235190411029677)
2024,CORTE SELETIVO,C51L41,POINT (-61.10505966505003 -8.235082348596743)
2024,CORTE SELETIVO,C51L41,POINT (-61.111098314426556 -8.234718926084165)
2024,CORTE SELETIVO,C51L41,POINT (-61.109406040315264 -8.23500962831404)
2024,CORTE SELETIVO,C51L41,POINT (-61.10459910921684 -8.23467876365332)
2024,CORTE SELETIVO,C51L41,POINT (-61.11263965247433 -8.234698116593435)
2024,CORTE SELETIVO,C51L41,POINT (-61.10483188593569 -8.23466904027056)
2024,CORTE SELETIVO,C51L41,POINT (-61.11162453902849 -8.234521677329125)
2024,CORTE SELETIVO,C51L41,POINT (-61.110375817017804 -8.23453622554906)
2024,CORTE SELETIVO,C51L41,POINT (-61.10814282958772 -8.234302624086729)
2024,CORTE SELETIVO,C51L41,POINT (-61.11041419033346 -8.234299746923634)
2024,CORTE SELETIVO,C51L41,POINT (-61.11241155095147 -8.234236742844459)
2024,CORTE SELETIVO,C51L41,POINT (-61.10232799721013 -8.234203836323461)
2024,CORTE SELETIVO,C51L41,POINT (-61.10685053350319 -8.234031298431354)
2024,CORTE SELETIVO,C51L41,POINT (-61.11261705355438 -8.234049907945641)
2024,CORTE SELETIVO,C51L41,POINT (-61.10540430286237 -8.233947692700703)
2024,CORTE SELETIVO,C51L41,POINT (-61.112055903394676 -8.233939168460296)
2024,CORTE SELETIVO,C51L41,POINT (-61.11167945070829 -8.23398272834685)
2024,CORTE SELETIVO,C51L41,POINT (-61.11080725026291 -8.233938002953797)
2024,CORTE SELETIVO,C51L41,POINT (-61.10805991819068 -8.233838638989416)
2024,CORTE SELETIVO,C51L41,POINT (-61.10571840409433 -8.233846071389628)
2024,CORTE SELETIVO,C51L41,POINT (-61.11000128262805 -8.233813760267543)
2024,CORTE SELETIVO,C51L41,POINT (-61.10966607170073 -8.233738464640643)
2024,CORTE SELETIVO,C51L41,POINT (-61.107802357280406 -8.233754093601167)
2024,CORTE SELETIVO,C51L41,POINT (-61.10733307550875 -8.233772166946302)
2024,CORTE SELETIVO,C51L41,POINT (-61.10881569641472 -8.233658631527641)
2024,CORTE SELETIVO,C51L41,POINT (-61.10866963018711 -8.233559181894286)
2024,CORTE SELETIVO,C51L41,POINT (-61.10954342857012 -8.233516404088043)
2024,CORTE SELETIVO,C51L41,POINT (-61.11017949688852 -8.233535357225884)
2024,CORTE SELETIVO,C51L41,POINT (-61.10792830523395 -8.23348608392307)
2024,CORTE SELETIVO,C51L41,POINT (-61.11231936669809 -8.233411672518653)
2024,CORTE SELETIVO,C51L41,POINT (-61.10400473940873 -8.233301951629814)
2024,CORTE SELETIVO,C51L41,POINT (-61.108270474151745 -8.233230906782268)
2024,CORTE SELETIVO,C51L41,POINT (-61.106998957051495 -8.233263650771809)
2024,CORTE SELETIVO,C51L41,POINT (-61.11026377179165 -8.233145323408143)
2024,CORTE SELETIVO,C51L41,POINT (-61.11005959804753 -8.233143288006618)
2024,CORTE SELETIVO,C51L41,POINT (-61.10534104882126 -8.23310433280767)
2024,CORTE SELETIVO,C51L41,POINT (-61.11136344973924 -8.23306540949395)
2024,CORTE SELETIVO,C51L41,POINT (-61.10600263057083 -8.233080375050776)
2024,CORTE SELETIVO,C51L41,POINT (-61.112278745224216 -8.232905240611801)
2024,CORTE SELETIVO,C51L41,POINT (-61.10588346218623 -8.232970545517848)
2024,CORTE SELETIVO,C51L41,POINT (-61.10799017885221 -8.232816505771432)
2024,CORTE SELETIVO,C51L41,POINT (-61.11130323622545 -8.232895751335363)
2024,CORTE SELETIVO,C51L41,POINT (-61.112739095400876 -8.232715304138917)
2024,CORTE SELETIVO,C51L41,POINT (-61.110563636410916 -8.232756916750269)
2024,CORTE SELETIVO,C51L41,POINT (-61.108821532933376 -8.232710266637824)
2024,CORTE SELETIVO,C51L41,POINT (-61.10330278451356 -8.232619871599352)
2024,CORTE SELETIVO,C51L41,POINT (-61.104034962482196 -8.232603165914488)
2024,CORTE SELETIVO,C51L41,POINT (-61.10460647672026 -8.23255347726601)
2024,CORTE SELETIVO,C51L41,POINT (-61.10521087295325 -8.232567287218194)
2024,CORTE SELETIVO,C51L41,POINT (-61.111620505531484 -8.232410727188636)
2024,CORTE SELETIVO,C51L41,POINT (-61.1029985060093 -8.232432146664035)
2024,CORTE SELETIVO,C51L41,POINT (-61.11148756257734 -8.232357748013186)
2024,CORTE SELETIVO,C51L41,POINT (-61.10273636510939 -8.232228050109766)
2024,CORTE SELETIVO,C51L41,POINT (-61.10814587127655 -8.232114012522139)
2024,CORTE SELETIVO,C51L41,POINT (-61.10838898460553 -8.232148512863862)
2024,CORTE SELETIVO,C51L41,POINT (-61.108606729244244 -8.232068323922247)
2024,CORTE SELETIVO,C51L41,POINT (-61.1081451221595 -8.231853286467054)
2024,CORTE SELETIVO,C51L41,POINT (-61.10803890527528 -8.231510164688393)
2024,CORTE SELETIVO,C51L41,POINT (-61.10914333792386 -8.231202840914822)
2024,CORTE SELETIVO,C51L41,POINT (-61.1090801576352 -8.23113329136159)
2024,CORTE SELETIVO,C51L41,POINT (-61.10782907229514 -8.23032920851532)
2024,CORTE SELETIVO,C51L41,POINT (-61.106258684927056 -8.230371701751503)
2024,CORTE SELETIVO,C51L41,POINT (-61.107984426096706 -8.230098573219761)
2024,CORTE SELETIVO,C51L41,POINT (-61.10820739755607 -8.229718339409438)
2024,CORTE SELETIVO,C51L41,POINT (-61.107516782947634 -8.22948770753826)
2024,CORTE SELETIVO,C51L41,POINT (-61.110602511558504 -8.229244865880599)
2024,CORTE SELETIVO,C51L41,POINT (-61.11024310120723 -8.229297934087064)
2024,CORTE SELETIVO,C51L41,POINT (-61.10819215330463 -8.229103005782019)
2024,CORTE SELETIVO,C51L41,POINT (-61.11041514849101 -8.229139162212093)
2024,CORTE SELETIVO,C51L41,POINT (-61.10504456516568 -8.228823005900251)
2024,CORTE SELETIVO,C51L41,POINT (-61.10609360386139 -8.228690555275639)
2024,CORTE SELETIVO,C51L41,POINT (-61.10659932371265 -8.2286180293326)
2024,CORTE SELETIVO,C51L41,POINT (-61.10790614464683 -8.228612568005914)
2024,CORTE SELETIVO,C51L41,POINT (-61.10817645934369 -8.228631664213525)
2024,CORTE SELETIVO,C51L41,POINT (-61.10786922284296 -8.228504191959267)
2024,CORTE SELETIVO,C51L41,POINT (-61.10837287661506 -8.228396619434763)
2024,CORTE SELETIVO,C51L41,POINT (-61.10720984495745 -8.228363177790996)
2024,CORTE SELETIVO,C51L41,POINT (-61.10747377325109 -8.228163827177244)
2024,CORTE SELETIVO,C51L41,POINT (-61.10642109227471 -8.228098668066714)
2024,CORTE SELETIVO,C51L41,POINT (-61.10844454015534 -8.22801789429542)
2024,CORTE SELETIVO,C51L41,POINT (-61.10511416636194 -8.227900288511892)
2024,CORTE SELETIVO,C51L41,POINT (-61.10613308735326 -8.227892870762275)
2024,CORTE SELETIVO,C51L41,POINT (-61.10814462322439 -8.227790374422964)
2024,CORTE SELETIVO,C51L41,POINT (-61.11225618286309 -8.227352315825957)
2024,CORTE SELETIVO,C51L41,POINT (-61.09620173460453 -8.236995917868503)
2024,CORTE SELETIVO,C51L41,POINT (-61.09678673240221 -8.236900692418242)
2024,CORTE SELETIVO,C51L41,POINT (-61.09507825939991 -8.236648175042223)
2024,CORTE SELETIVO,C51L41,POINT (-61.09590617762335 -8.236481464033432)
2024,CORTE SELETIVO,C51L41,POINT (-61.096074321783014 -8.236380698460822)
2024,CORTE SELETIVO,C51L41,POINT (-61.092146357554036 -8.235675567317085)
2024,CORTE SELETIVO,C51L41,POINT (-61.097028277844736 -8.235556434697568)
2024,CORTE SELETIVO,C51L41,POINT (-61.0973124763518 -8.235580315054348)
2024,CORTE SELETIVO,C51L41,POINT (-61.09758033375264 -8.23557216152196)
2024,CORTE SELETIVO,C51L41,POINT (-61.097401359090426 -8.235467999825495)
2024,CORTE SELETIVO,C51L41,POINT (-61.0962309832708 -8.23547355054474)
2024,CORTE SELETIVO,C51L41,POINT (-61.09241499455754 -8.235376782742144)
2024,CORTE SELETIVO,C51L41,POINT (-61.09566300483248 -8.235355374877855)
2024,CORTE SELETIVO,C51L41,POINT (-61.0920196115768 -8.235233402028374)
2024,CORTE SELETIVO,C51L41,POINT (-61.10070155417169 -8.235120225827037)
2024,CORTE SELETIVO,C51L41,POINT (-61.09594018572004 -8.23511458963976)
2024,CORTE SELETIVO,C51L41,POINT (-61.09412833762357 -8.23493161999821)
2024,CORTE SELETIVO,C51L41,POINT (-61.09153077059871 -8.234948567157439)
2024,CORTE SELETIVO,C51L41,POINT (-61.09467590329334 -8.23497959700001)
2024,CORTE SELETIVO,C51L41,POINT (-61.09425381056086 -8.234836342847355)
2024,CORTE SELETIVO,C51L41,POINT (-61.092794945795255 -8.234751395335676)
2024,CORTE SELETIVO,C51L41,POINT (-61.091478247751276 -8.234576184863915)
2024,CORTE SELETIVO,C51L41,POINT (-61.09341019345403 -8.233694459133357)
2024,CORTE SELETIVO,C51L41,POINT (-61.09320266053291 -8.233285863653249)
2024,CORTE SELETIVO,C51L41,POINT (-61.10049118540287 -8.23294928148745)
2024,CORTE SELETIVO,C51L41,POINT (-61.10057935648254 -8.232564408266342)
2024,CORTE SELETIVO,C51L41,POINT (-61.100299687473736 -8.232402137718376)
2024,CORTE SELETIVO,C51L41,POINT (-61.10073704929014 -8.232234731109608)
2024,CORTE SELETIVO,C51L41,POINT (-61.096397681118354 -8.232152581713384)
2024,CORTE SELETIVO,C51L41,POINT (-61.1005420981276 -8.232019371962872)
2024,CORTE SELETIVO,C51L41,POINT (-61.096119154026454 -8.232048843233953)
2024,CORTE SELETIVO,C51L41,POINT (-61.0987007484964 -8.231975397675804)
2024,CORTE SELETIVO,C51L41,POINT (-61.0988342967511 -8.231692798025835)
2024,CORTE SELETIVO,C51L41,POINT (-61.098091790938916 -8.231533484279112)
2024,CORTE SELETIVO,C51L41,POINT (-61.096538736340854 -8.231542606593395)
2024,CORTE SELETIVO,C51L41,POINT (-61.09847478085468 -8.231583934805634)
2024,CORTE SELETIVO,C51L41,POINT (-61.09261961007138 -8.231001784734291)
2024,CORTE SELETIVO,C51L41,POINT (-61.09586914455359 -8.230947572880957)
2024,CORTE SELETIVO,C51L41,POINT (-61.09193576370758 -8.23082576060555)
2024,CORTE SELETIVO,C51L41,POINT (-61.09949032234342 -8.230885706892499)
2024,CORTE SELETIVO,C51L41,POINT (-61.09229118894945 -8.230859014486768)
2024,CORTE SELETIVO,C51L41,POINT (-61.09928486933889 -8.2307628336753)
2024,CORTE SELETIVO,C51L41,POINT (-61.09253358531566 -8.230661210199656)
2024,CORTE SELETIVO,C51L41,POINT (-61.1013170639162 -8.230535790383701)
2024,CORTE SELETIVO,C51L41,POINT (-61.09224342291851 -8.230682962644313)
2024,CORTE SELETIVO,C51L41,POINT (-61.09201602800053 -8.230540579718356)
2024,CORTE SELETIVO,C51L41,POINT (-61.096395219321046 -8.230540522711498)
2024,CORTE SELETIVO,C51L41,POINT (-61.096223567327726 -8.23027212686881)
2024,CORTE SELETIVO,C51L41,POINT (-61.09587769271967 -8.23014046048752)
2024,CORTE SELETIVO,C51L41,POINT (-61.100796766720805 -8.230103165658747)
2024,CORTE SELETIVO,C51L41,POINT (-61.09580802495904 -8.229878589196158)
2024,CORTE SELETIVO,C51L41,POINT (-61.09996377368431 -8.22971320422871)
2024,CORTE SELETIVO,C51L41,POINT (-61.09440157931652 -8.229471579638355)
2024,CORTE SELETIVO,C51L41,POINT (-61.098855548917456 -8.229208299141293)
2024,CORTE SELETIVO,C51L41,POINT (-61.09440598702139 -8.22921421879931)
2024,CORTE SELETIVO,C51L41,POINT (-61.09571207109922 -8.229149808222704)
2024,CORTE SELETIVO,C51L41,POINT (-61.09927294499613 -8.22896617944384)
2024,CORTE SELETIVO,C51L41,POINT (-61.09928188749044 -8.228597889484178)
2024,CORTE SELETIVO,C51L41,POINT (-61.09767836869117 -8.2285504788233)
2024,CORTE SELETIVO,C51L41,POINT (-61.09710639180448 -8.228480476201376)
2024,CORTE SELETIVO,C51L41,POINT (-61.0975266635561 -8.228144860802773)
2024,CORTE SELETIVO,C51L41,POINT (-61.10114525901911 -8.22815366669572)
2024,CORTE SELETIVO,C51L41,POINT (-61.098107377476495 -8.227700699694562)
2024,CORTE SELETIVO,C51L41,POINT (-61.09479948685588 -8.227627325106136)
2024,CORTE SELETIVO,C51L41,POINT (-61.09815642794454 -8.227588477794384)
2024,CORTE SELETIVO,C51L41,POINT (-61.093390171447204 -8.227341638173765)
2024,CORTE SELETIVO,C51L41,POINT (-61.099661896353965 -8.227303173234878)
2024,CORTE SELETIVO,C51L41,POINT (-61.09520578627141 -8.227330296128562)
2024,CORTE SELETIVO,C51L41,POINT (-61.097917986813655 -8.22739303769861)
2024,CORTE SELETIVO,C51L41,POINT (-61.097443087111664 -8.22726476218256)
2024,CORTE SELETIVO,C51L41,POINT (-61.09624277829338 -8.227269637090831)
2024,CORTE SELETIVO,C51L41,POINT (-61.096544713368864 -8.227234525309608)
2024,CORTE SELETIVO,C51L41,POINT (-61.09760644052246 -8.227170398105478)
2024,CORTE SELETIVO,C51L41,POINT (-61.097226035879316 -8.22684296937453)
2024,CORTE SELETIVO,C51L41,POINT (-61.09550106960404 -8.22682127351341)
2024,CORTE SELETIVO,C51L41,POINT (-61.09840447864798 -8.226797804669163)
2024,CORTE SELETIVO,C51L41,POINT (-61.09699775558829 -8.226617566277165)
2024,CORTE SELETIVO,C51L41,POINT (-61.09671538566388 -8.226581442184301)
2024,CORTE SELETIVO,C51L41,POINT (-61.092862701461556 -8.226482152520187)
2024,CORTE SELETIVO,C51L41,POINT (-61.09841071862685 -8.226461791403235)
2024,CORTE SELETIVO,C51L41,POINT (-61.098618845473176 -8.226460394383958)
2024,CORTE SELETIVO,C51L41,POINT (-61.09730304605819 -8.226206148673562)
2024,CORTE SELETIVO,C51L41,POINT (-61.09323086643358 -8.226213498956131)
2024,CORTE SELETIVO,C51L41,POINT (-61.09456323073813 -8.226205100049778)
2024,CORTE SELETIVO,C51L41,POINT (-61.09713038375442 -8.226256705837113)
2024,CORTE SELETIVO,C51L41,POINT (-61.09243119986547 -8.22591279009171)
2024,CORTE SELETIVO,C51L41,POINT (-61.0963300874431 -8.224831529852848)
2024,CORTE SELETIVO,C51L41,POINT (-61.0994349183 -8.224738145177492)
2024,CORTE SELETIVO,C51L41,POINT (-61.09619695009045 -8.22470166638501)
2024,CORTE SELETIVO,C51L41,POINT (-61.09596520471379 -8.224761220367647)
2024,CORTE SELETIVO,C51L41,POINT (-61.09580414727436 -8.224690888908583)
2024,CORTE SELETIVO,C51L41,POINT (-61.09926728976439 -8.22451518093431)
2024,CORTE SELETIVO,C51L41,POINT (-61.09577317277229 -8.224458447374829)
2024,CORTE SELETIVO,C51L41,POINT (-61.09957790685433 -8.22446447794851)
2024,CORTE SELETIVO,C51L41,POINT (-61.099857618333175 -8.22441384847644)
2024,CORTE SELETIVO,C51L41,POINT (-61.09626670677086 -8.224163169617245)
2024,CORTE SELETIVO,C51L41,POINT (-61.095877355134526 -8.223764665369238)
2024,CORTE SELETIVO,C51L41,POINT (-61.0993782786837 -8.223678411687759)
2024,CORTE SELETIVO,C51L41,POINT (-61.09975027546019 -8.223356151619292)
2024,CORTE SELETIVO,C51L41,POINT (-61.09722557897244 -8.223350907447994)
2024,CORTE SELETIVO,C51L41,POINT (-61.09826234655221 -8.223185475894017)
2024,CORTE SELETIVO,C51L41,POINT (-61.09487234771695 -8.22297002029775)
2024,CORTE SELETIVO,C51L41,POINT (-61.099765978934535 -8.222742609502744)
2024,CORTE SELETIVO,C51L41,POINT (-61.09824342224506 -8.222855756141174)
2024,CORTE SELETIVO,C51L41,POINT (-61.09477882337627 -8.22241333149562)
2024,CORTE SELETIVO,C51L41,POINT (-61.09467329243602 -8.222550842742713)
2024,CORTE SELETIVO,C51L41,POINT (-61.0973186059354 -8.222533063129505)
2024,CORTE SELETIVO,C51L41,POINT (-61.09656618112728 -8.222570531935258)
2024,CORTE SELETIVO,C51L41,POINT (-61.09427284013834 -8.222690576644485)
2024,CORTE SELETIVO,C51L41,POINT (-61.09920412282707 -8.22251637442395)
2024,CORTE SELETIVO,C51L41,POINT (-61.09954455866712 -8.222489398809572)
2024,CORTE SELETIVO,C51L41,POINT (-61.09761956103355 -8.222452761209261)
2024,CORTE SELETIVO,C51L41,POINT (-61.09448023603068 -8.22244217262683)
2024,CORTE SELETIVO,C51L41,POINT (-61.096618914944536 -8.222390816781157)
2024,CORTE SELETIVO,C51L41,POINT (-61.09672440914981 -8.222290561910107)
2024,CORTE SELETIVO,C51L41,POINT (-61.09540013046132 -8.2221729942029)
2024,CORTE SELETIVO,C51L41,POINT (-61.095160642631484 -8.22211232444184)
2024,CORTE SELETIVO,C51L41,POINT (-61.09474244517366 -8.221920153353244)
2024,CORTE SELETIVO,C51L41,POINT (-61.09621383685217 -8.22206601804133)
2024,CORTE SELETIVO,C51L41,POINT (-61.099564971004476 -8.22200343492331)
2024,CORTE SELETIVO,C51L41,POINT (-61.09570996201494 -8.22188136387887)
2024,CORTE SELETIVO,C51L41,POINT (-61.09550628314348 -8.221772049951454)
2024,CORTE SELETIVO,C51L41,POINT (-61.09850360094952 -8.221274036899846)
2024,CORTE SELETIVO,C51L41,POINT (-61.09608022129553 -8.220453609766569)
2024,CORTE SELETIVO,C51L41,POINT (-61.09897046811581 -8.21919682508864)
2024,CORTE SELETIVO,C51L41,POINT (-61.09719829345421 -8.21902528086311)
2024,CORTE SELETIVO,C51L41,POINT (-61.09699461726208 -8.218895226456926)
2024,CORTE SELETIVO,C51L41,POINT (-61.10214423624758 -8.232066612127129)
2024,CORTE SELETIVO,C51L41,POINT (-61.22784972002075 -8.249904237297423)
2024,CORTE SELETIVO,C51L41,POINT (-61.22653680344413 -8.24815473195656)
2024,CORTE SELETIVO,C51L41,POINT (-61.226400270560156 -8.248097090383094)
2024,CORTE SELETIVO,C51L41,POINT (-61.22671973261092 -8.242650809520176)
2024,CORTE SELETIVO,C51L41,POINT (-61.22977059424628 -8.24190731428312)
2024,CORTE SELETIVO,C51L41,POINT (-61.22585008436094 -8.24155009936853)
2024,CORTE SELETIVO,C51L41,POINT (-61.22806459645795 -8.241476773311517)
2024,CORTE SELETIVO,C51L41,POINT (-61.22573295451861 -8.241469205188789)
2024,CORTE SELETIVO,C51L41,POINT (-61.228861501549886 -8.240439378376303)
2024,CORTE SELETIVO,C51L41,POINT (-61.22776933930242 -8.238441846799997)
2024,CORTE SELETIVO,C51L41,POINT (-61.2280323277787 -8.238471604726708)
2024,CORTE SELETIVO,C51L41,POINT (-61.22797497819096 -8.238255148587324)
2024,CORTE SELETIVO,C51L41,POINT (-61.2292668245014 -8.237996080682414)
2024,CORTE SELETIVO,C51L41,POINT (-61.23033054167721 -8.237782906543176)
2024,CORTE SELETIVO,C51L41,POINT (-61.22932245760307 -8.23778158814715)
2024,CORTE SELETIVO,C51L41,POINT (-61.22946429828144 -8.237695118971379)
2024,CORTE SELETIVO,C51L41,POINT (-61.23035780316955 -8.23746009480922)
2024,CORTE SELETIVO,C51L41,POINT (-61.22926698392226 -8.237128441608524)
2024,CORTE SELETIVO,C51L41,POINT (-61.23084574899146 -8.236911116755861)
2024,CORTE SELETIVO,C51L41,POINT (-61.2290347184204 -8.23686829958821)
2024,CORTE SELETIVO,C51L41,POINT (-61.22922794760084 -8.236741184764135)
2024,CORTE SELETIVO,C51L41,POINT (-61.22781115770311 -8.236496719625311)
2024,CORTE SELETIVO,C51L41,POINT (-61.22772330936279 -8.236364070268666)
2024,CORTE SELETIVO,C51L41,POINT (-61.22743459655873 -8.236378565578812)
2024,CORTE SELETIVO,C51L41,POINT (-61.22782786235692 -8.234827922459102)
2024,CORTE SELETIVO,C51L41,POINT (-61.22758492607373 -8.234609736839538)
2024,CORTE SELETIVO,C51L41,POINT (-61.22925726145733 -8.234330188613127)
2024,CORTE SELETIVO,C51L41,POINT (-61.2276876708313 -8.234250385470242)
2024,CORTE SELETIVO,C51L41,POINT (-61.227848280565006 -8.234141972734122)
2024,CORTE SELETIVO,C51L41,POINT (-61.22752440457376 -8.233710767124084)
2024,CORTE SELETIVO,C51L41,POINT (-61.23007867540076 -8.23353329863038)
2024,CORTE SELETIVO,C51L41,POINT (-61.227255745945456 -8.233523155862908)
2024,CORTE SELETIVO,C51L41,POINT (-61.229046077613745 -8.232842056240415)
2024,CORTE SELETIVO,C51L41,POINT (-61.227806052362595 -8.232600271609419)
2024,CORTE SELETIVO,C51L41,POINT (-61.225874290719425 -8.232472106462295)
2024,CORTE SELETIVO,C51L41,POINT (-61.22855552972928 -8.23236641403384)
2024,CORTE SELETIVO,C51L41,POINT (-61.230325046142774 -8.232021489891519)
2024,CORTE SELETIVO,C51L41,POINT (-61.22337825098421 -8.245642989177846)
2024,CORTE SELETIVO,C51L41,POINT (-61.22296127826547 -8.245432810104086)
2024,CORTE SELETIVO,C51L41,POINT (-61.22289267268533 -8.245310972345596)
2024,CORTE SELETIVO,C51L41,POINT (-61.22465015317737 -8.244416710299072)
2024,CORTE SELETIVO,C51L41,POINT (-61.22552624311747 -8.238411664033162)
2024,CORTE SELETIVO,C51L41,POINT (-61.225617876341296 -8.238357332115426)
2024,CORTE SELETIVO,C51L41,POINT (-61.22538629378274 -8.237167925144472)
2024,CORTE SELETIVO,C51L41,POINT (-61.22414957565539 -8.23570994471043)
2024,CORTE SELETIVO,C51L41,POINT (-61.22569911146366 -8.235133813780545)
2024,CORTE SELETIVO,C51L41,POINT (-61.22386248187247 -8.23436280616211)
2024,CORTE SELETIVO,C51L41,POINT (-61.22406983283303 -8.234394011701813)
2024,CORTE SELETIVO,C51L41,POINT (-61.22415538841662 -8.234265381081597)
2024,CORTE SELETIVO,C51L41,POINT (-61.22428518401914 -8.234189369606517)
2024,CORTE SELETIVO,C51L41,POINT (-61.22398092252542 -8.234083330074533)
2024,CORTE SELETIVO,C51L41,POINT (-61.22453107663937 -8.233943235594605)
2024,CORTE SELETIVO,C51L41,POINT (-61.223510864294944 -8.23365667809137)
2024,CORTE SELETIVO,C51L41,POINT (-61.22358002338492 -8.23340671779027)
2024,CORTE SELETIVO,C51L41,POINT (-61.22341489567032 -8.23337769441916)
2024,CORTE SELETIVO,C51L41,POINT (-61.22555617429186 -8.232327068984356)
2024,CORTE SELETIVO,C51L41,POINT (-61.22378010978213 -8.232331262068758)
2024,CORTE SELETIVO,C51L41,POINT (-61.22278189903099 -8.23222279113591)
2024,CORTE SELETIVO,C51L41,POINT (-61.22338346843718 -8.232265957920267)
2024,CORTE SELETIVO,C51L41,POINT (-61.22527096240932 -8.232195275177098)
2024,CORTE SELETIVO,C51L41,POINT (-61.222827670693334 -8.232143017064075)
2024,CORTE SELETIVO,C51L41,POINT (-61.225340345996436 -8.232035868125124)
2024,CORTE SELETIVO,C51L41,POINT (-61.22221229855179 -8.232053497967195)
2024,CORTE SELETIVO,C51L41,POINT (-61.222972166120954 -8.232043943112512)
2024,CORTE SELETIVO,C51L41,POINT (-61.22205924355435 -8.231389786164)
2024,CORTE SELETIVO,C51L41,POINT (-61.221969675024866 -8.231299913306032)
2024,CORTE SELETIVO,C51L41,POINT (-61.22202608966208 -8.231151896599835)
2024,CORTE SELETIVO,C51L41,POINT (-61.2235165165244 -8.231143546346267)
2024,CORTE SELETIVO,C51L41,POINT (-61.221915968459314 -8.23104555401038)
2024,CORTE SELETIVO,C51L41,POINT (-61.22339702991121 -8.230859985141015)
2024,CORTE SELETIVO,C51L41,POINT (-61.22559318454508 -8.230319570017745)
2024,CORTE SELETIVO,C51L41,POINT (-61.225320879239305 -8.230001150357074)
2024,CORTE SELETIVO,C51L41,POINT (-61.22174436552356 -8.229921618856357)
2024,CORTE SELETIVO,C51L41,POINT (-61.22556103267205 -8.229392051908016)
2024,CORTE SELETIVO,C51L41,POINT (-61.2225709690387 -8.229187198858071)
2024,CORTE SELETIVO,C51L41,POINT (-61.219912611017286 -8.244533509643494)
2024,CORTE SELETIVO,C51L41,POINT (-61.21734865787941 -8.244011174793823)
2024,CORTE SELETIVO,C51L41,POINT (-61.22042133304383 -8.243717245290245)
2024,CORTE SELETIVO,C51L41,POINT (-61.21920394720344 -8.235843617490458)
2024,CORTE SELETIVO,C51L41,POINT (-61.21987580198687 -8.23231532102262)
2024,CORTE SELETIVO,C51L41,POINT (-61.21731975283997 -8.232293636858673)
2024,CORTE SELETIVO,C51L41,POINT (-61.21922581687336 -8.23168421367416)
2024,CORTE SELETIVO,C51L41,POINT (-61.21977992336971 -8.231575574356999)
2024,CORTE SELETIVO,C51L41,POINT (-61.22168885275441 -8.231394356047202)
2024,CORTE SELETIVO,C51L41,POINT (-61.21994089808732 -8.231229314550857)
2024,CORTE SELETIVO,C51L41,POINT (-61.22134795006586 -8.230800978381321)
2024,CORTE SELETIVO,C51L41,POINT (-61.22124888599383 -8.230747080331072)
2024,CORTE SELETIVO,C51L41,POINT (-61.221126348738025 -8.230033415008366)
2024,CORTE SELETIVO,C51L41,POINT (-61.214739802206196 -8.245682187656639)
2024,CORTE SELETIVO,C51L41,POINT (-61.21491793047264 -8.242539755806334)
2024,CORTE SELETIVO,C51L41,POINT (-61.21505004780809 -8.242439354861427)
2024,CORTE SELETIVO,C51L41,POINT (-61.215147444425256 -8.242399648564863)
2024,CORTE SELETIVO,C51L41,POINT (-61.215994695758006 -8.241936545566906)
2024,CORTE SELETIVO,C51L41,POINT (-61.21484185626061 -8.241512026724749)
2024,CORTE SELETIVO,C51L41,POINT (-61.21495015092799 -8.239544708705104)
2024,CORTE SELETIVO,C51L41,POINT (-61.21654882206139 -8.239026474351139)
2024,CORTE SELETIVO,C51L41,POINT (-61.21342626101889 -8.237243246013977)
2024,CORTE SELETIVO,C51L41,POINT (-61.21573673773507 -8.236503975533621)
2024,CORTE SELETIVO,C51L41,POINT (-61.21327903829041 -8.235195819374125)
2024,CORTE SELETIVO,C51L41,POINT (-61.21436408935602 -8.235177193866702)
2024,CORTE SELETIVO,C51L41,POINT (-61.21285746932664 -8.234547071730281)
2024,CORTE SELETIVO,C51L41,POINT (-61.21345151327966 -8.230506079157431)
2024,CORTE SELETIVO,C51L41,POINT (-61.2128984071512 -8.230026183759701)
2024,CORTE SELETIVO,C51L41,POINT (-61.2127241243272 -8.229953168158636)
2024,CORTE SELETIVO,C51L41,POINT (-61.210555496730805 -8.246870557977106)
2024,CORTE SELETIVO,C51L41,POINT (-61.209709741752924 -8.241431863183896)
2024,CORTE SELETIVO,C51L41,POINT (-61.210902300912956 -8.239059154044273)
2024,CORTE SELETIVO,C51L41,POINT (-61.210551891848596 -8.23888042427208)
2024,CORTE SELETIVO,C51L41,POINT (-61.209855256259495 -8.23589051466665)
2024,CORTE SELETIVO,C51L41,POINT (-61.211410377351044 -8.235238140804501)
2024,CORTE SELETIVO,C51L41,POINT (-61.21199197257611 -8.235166433338403)
2024,CORTE SELETIVO,C51L41,POINT (-61.210549802720486 -8.233947892656975)
2024,CORTE SELETIVO,C51L41,POINT (-61.21038702468926 -8.233823723723003)
2024,CORTE SELETIVO,C51L41,POINT (-61.21008686397935 -8.233681717266574)
2024,CORTE SELETIVO,C51L41,POINT (-61.208678605599495 -8.247410623024724)
2024,CORTE SELETIVO,C51L41,POINT (-61.20323333945361 -8.244454306064279)
2024,CORTE SELETIVO,C51L41,POINT (-61.203548113142155 -8.243281904806466)
2024,CORTE SELETIVO,C51L41,POINT (-61.20352848749744 -8.242935405552219)
2024,CORTE SELETIVO,C51L41,POINT (-61.20604163363256 -8.24174055757097)
2024,CORTE SELETIVO,C51L41,POINT (-61.205913558771925 -8.24158940236431)
2024,CORTE SELETIVO,C51L41,POINT (-61.206220524974654 -8.241354574795906)
2024,CORTE SELETIVO,C51L41,POINT (-61.20801695184819 -8.241197625824396)
2024,CORTE SELETIVO,C51L41,POINT (-61.209012243488914 -8.240918275752122)
2024,CORTE SELETIVO,C51L41,POINT (-61.20567673457096 -8.240684221323443)
2024,CORTE SELETIVO,C51L41,POINT (-61.2053777667874 -8.240243004174104)
2024,CORTE SELETIVO,C51L41,POINT (-61.20857060707486 -8.23997853748074)
2024,CORTE SELETIVO,C51L41,POINT (-61.203920456162436 -8.239713163846575)
2024,CORTE SELETIVO,C51L41,POINT (-61.20904893600198 -8.239204374415433)
2024,CORTE SELETIVO,C51L41,POINT (-61.2034354344295 -8.239176655423387)
2024,CORTE SELETIVO,C51L41,POINT (-61.20405996467872 -8.239006809738868)
2024,CORTE SELETIVO,C51L41,POINT (-61.20368934406171 -8.239009197242007)
2024,CORTE SELETIVO,C51L41,POINT (-61.20698037599873 -8.238234289386483)
2024,CORTE SELETIVO,C51L41,POINT (-61.20697122262259 -8.237523172520245)
2024,CORTE SELETIVO,C51L41,POINT (-61.20641050153924 -8.237333409186645)
2024,CORTE SELETIVO,C51L41,POINT (-61.204012880165784 -8.23668666713804)
2024,CORTE SELETIVO,C51L41,POINT (-61.20459213237621 -8.235754230180708)
2024,CORTE SELETIVO,C51L41,POINT (-61.20589687914379 -8.235537279884356)
2024,CORTE SELETIVO,C51L41,POINT (-61.206845474743595 -8.23536147864041)
2024,CORTE SELETIVO,C51L41,POINT (-61.20761881499466 -8.235080266961901)
2024,CORTE SELETIVO,C51L41,POINT (-61.20606735604133 -8.234905964256793)
2024,CORTE SELETIVO,C51L41,POINT (-61.20708974930092 -8.234942448148296)
2024,CORTE SELETIVO,C51L41,POINT (-61.20702054960484 -8.234613406049048)
2024,CORTE SELETIVO,C51L41,POINT (-61.207384167206214 -8.234458095025456)
2024,CORTE SELETIVO,C51L41,POINT (-61.20962245211946 -8.234378791216928)
2024,CORTE SELETIVO,C51L41,POINT (-61.209692353909496 -8.234174938063072)
2024,CORTE SELETIVO,C51L41,POINT (-61.20580011813349 -8.233955089133392)
2024,CORTE SELETIVO,C51L41,POINT (-61.203169932493104 -8.232989547445188)
2024,CORTE SELETIVO,C51L41,POINT (-61.20591393420669 -8.232634019254862)
2024,CORTE SELETIVO,C51L41,POINT (-61.20553285526011 -8.23239567444323)
2024,CORTE SELETIVO,C51L41,POINT (-61.20915961035832 -8.232126466372742)
2024,CORTE SELETIVO,C51L41,POINT (-61.206152087918106 -8.231312095999515)
2024,CORTE SELETIVO,C51L41,POINT (-61.2038227987803 -8.230736897329955)
2024,CORTE SELETIVO,C51L41,POINT (-61.209032796571414 -8.230042497599856)
2024,CORTE SELETIVO,C51L41,POINT (-61.209630649651494 -8.229192689286775)
2024,CORTE SELETIVO,C51L41,POINT (-61.209246335312855 -8.229033271229236)
2024,CORTE SELETIVO,C51L41,POINT (-61.20229267731329 -8.248328706671174)
2024,CORTE SELETIVO,C51L41,POINT (-61.202593834274786 -8.244273061066819)
2024,CORTE SELETIVO,C51L41,POINT (-61.20273548792967 -8.243891532113999)
2024,CORTE SELETIVO,C51L41,POINT (-61.20139916111125 -8.241683765936735)
2024,CORTE SELETIVO,C51L41,POINT (-61.19981131549115 -8.241604963848923)
2024,CORTE SELETIVO,C51L41,POINT (-61.20223397668862 -8.24103845940581)
2024,CORTE SELETIVO,C51L41,POINT (-61.201748311383625 -8.241077546187972)
2024,CORTE SELETIVO,C51L41,POINT (-61.20194902132813 -8.241071267040248)
2024,CORTE SELETIVO,C51L41,POINT (-61.19863104581653 -8.240903235629018)
2024,CORTE SELETIVO,C51L41,POINT (-61.20188967546081 -8.240930457734638)
2024,CORTE SELETIVO,C51L41,POINT (-61.201295039804634 -8.24081971530252)
2024,CORTE SELETIVO,C51L41,POINT (-61.20086622529178 -8.240830139502348)
2024,CORTE SELETIVO,C51L41,POINT (-61.19653591383835 -8.240751848675618)
2024,CORTE SELETIVO,C51L41,POINT (-61.196393427003855 -8.240671543611866)
2024,CORTE SELETIVO,C51L41,POINT (-61.19675075068438 -8.240569223431251)
2024,CORTE SELETIVO,C51L41,POINT (-61.19653112960894 -8.240454279972216)
2024,CORTE SELETIVO,C51L41,POINT (-61.19621744730896 -8.240461012792705)
2024,CORTE SELETIVO,C51L41,POINT (-61.195946166667795 -8.24036777123726)
2024,CORTE SELETIVO,C51L41,POINT (-61.197504568631 -8.240369880285735)
2024,CORTE SELETIVO,C51L41,POINT (-61.19547189753718 -8.240338473288864)
2024,CORTE SELETIVO,C51L41,POINT (-61.195681451359334 -8.240255602298232)
2024,CORTE SELETIVO,C51L41,POINT (-61.19610642303775 -8.240261202188172)
2024,CORTE SELETIVO,C51L41,POINT (-61.20123510050917 -8.239657733514614)
2024,CORTE SELETIVO,C51L41,POINT (-61.20117120275154 -8.238819128012244)
2024,CORTE SELETIVO,C51L41,POINT (-61.20017191449005 -8.23877946871514)
2024,CORTE SELETIVO,C51L41,POINT (-61.197730486913656 -8.23853619551708)
2024,CORTE SELETIVO,C51L41,POINT (-61.20118233337218 -8.23764814856851)
2024,CORTE SELETIVO,C51L41,POINT (-61.1976528340334 -8.236916984124365)
2024,CORTE SELETIVO,C51L41,POINT (-61.197703032749665 -8.236858504165438)
2024,CORTE SELETIVO,C51L41,POINT (-61.19769187296405 -8.236380297126848)
2024,CORTE SELETIVO,C51L41,POINT (-61.19795376778903 -8.235926743720647)
2024,CORTE SELETIVO,C51L41,POINT (-61.19787721612929 -8.235755113206537)
2024,CORTE SELETIVO,C51L41,POINT (-61.19781201530388 -8.235541739197394)
2024,CORTE SELETIVO,C51L41,POINT (-61.19774343205698 -8.23544023334544)
2024,CORTE SELETIVO,C51L41,POINT (-61.19839065946045 -8.235341857960089)
2024,CORTE SELETIVO,C51L41,POINT (-61.199756970448554 -8.234263965455797)
2024,CORTE SELETIVO,C51L41,POINT (-61.19916674887138 -8.23391441653619)
2024,CORTE SELETIVO,C51L41,POINT (-61.198926997760225 -8.233978785515893)
2024,CORTE SELETIVO,C51L41,POINT (-61.19889966853832 -8.233712781851075)
2024,CORTE SELETIVO,C51L41,POINT (-61.202062879263266 -8.233753796720771)
2024,CORTE SELETIVO,C51L41,POINT (-61.19874676366431 -8.23353021162584)
2024,CORTE SELETIVO,C51L41,POINT (-61.18524626001622 -8.17195766723472)
2024,CORTE SELETIVO,C51L41,POINT (-61.17254599402148 -8.199690450601754)
2024,CORTE SELETIVO,C51L41,POINT (-61.17213973437021 -8.196328651339254)
2024,CORTE SELETIVO,C51L41,POINT (-61.17131433614989 -8.196276040796374)
2024,CORTE SELETIVO,C51L41,POINT (-61.17147414808586 -8.196196267052274)
2024,CORTE SELETIVO,C51L41,POINT (-61.17169502289507 -8.195454357602753)
2024,CORTE SELETIVO,C51L41,POINT (-61.17276111105845 -8.195159545302399)
2024,CORTE SELETIVO,C51L41,POINT (-61.17273796397567 -8.19470487753598)
2024,CORTE SELETIVO,C51L41,POINT (-61.173166440170974 -8.194134921148247)
2024,CORTE SELETIVO,C51L41,POINT (-61.173173298099016 -8.193316015246575)
2024,CORTE SELETIVO,C51L41,POINT (-61.17351951303902 -8.193132409391414)
2024,CORTE SELETIVO,C51L41,POINT (-61.173887624527424 -8.192317320977914)
2024,CORTE SELETIVO,C51L41,POINT (-61.16553218132548 -8.249043625616782)
2024,CORTE SELETIVO,C51L41,POINT (-61.16601877029818 -8.247332509674898)
2024,CORTE SELETIVO,C51L41,POINT (-61.16629020367316 -8.247379350938338)
2024,CORTE SELETIVO,C51L41,POINT (-61.16774325128394 -8.246991607884377)
2024,CORTE SELETIVO,C51L41,POINT (-61.16555502322416 -8.246474322457926)
2024,CORTE SELETIVO,C51L41,POINT (-61.16664314496602 -8.246164621175765)
2024,CORTE SELETIVO,C51L41,POINT (-61.16689503039648 -8.241833784923701)
2024,CORTE SELETIVO,C51L41,POINT (-61.16653516304751 -8.241202654267527)
2024,CORTE SELETIVO,C51L41,POINT (-61.16697998160054 -8.240547453337497)
2024,CORTE SELETIVO,C51L41,POINT (-61.166592485716535 -8.240505650031327)
2024,CORTE SELETIVO,C51L41,POINT (-61.166713605561846 -8.240387896357031)
2024,CORTE SELETIVO,C51L41,POINT (-61.1671232703306 -8.24010793694115)
2024,CORTE SELETIVO,C51L41,POINT (-61.166855224696356 -8.240131866405775)
2024,CORTE SELETIVO,C51L41,POINT (-61.16644281364214 -8.240071249713466)
2024,CORTE SELETIVO,C51L41,POINT (-61.167077876994355 -8.240024056075052)
2024,CORTE SELETIVO,C51L41,POINT (-61.16676800353692 -8.239852024038749)
2024,CORTE SELETIVO,C51L41,POINT (-61.166213154773 -8.239690059216978)
2024,CORTE SELETIVO,C51L41,POINT (-61.16742196894103 -8.239598122331092)
2024,CORTE SELETIVO,C51L41,POINT (-61.16576077239917 -8.239542323880908)
2024,CORTE SELETIVO,C51L41,POINT (-61.16562165752319 -8.239410577272869)
2024,CORTE SELETIVO,C51L41,POINT (-61.16651453134503 -8.239123440651769)
2024,CORTE SELETIVO,C51L41,POINT (-61.16681559232098 -8.239134528444938)
2024,CORTE SELETIVO,C51L41,POINT (-61.16728473308017 -8.238993854227024)
2024,CORTE SELETIVO,C51L41,POINT (-61.1662079222511 -8.238704741456052)
2024,CORTE SELETIVO,C51L41,POINT (-61.16787025617967 -8.238594549190285)
2024,CORTE SELETIVO,C51L41,POINT (-61.16502323517562 -8.2499110956543)
2024,CORTE SELETIVO,C51L41,POINT (-61.16526122085393 -8.24984411414667)
2024,CORTE SELETIVO,C51L41,POINT (-61.164683696257974 -8.249127764459349)
2024,CORTE SELETIVO,C51L41,POINT (-61.16499348141563 -8.248204501276122)
2024,CORTE SELETIVO,C51L41,POINT (-61.16305474720917 -8.246009864093233)
2024,CORTE SELETIVO,C51L41,POINT (-61.164917033944135 -8.245086695765012)
2024,CORTE SELETIVO,C51L41,POINT (-61.163767237735286 -8.243109051323357)
2024,CORTE SELETIVO,C51L41,POINT (-61.16515334064953 -8.241673432152638)
2024,CORTE SELETIVO,C51L41,POINT (-61.16492871608473 -8.241559012886167)
2024,CORTE SELETIVO,C51L41,POINT (-61.16479838784263 -8.24138870684334)
2024,CORTE SELETIVO,C51L41,POINT (-61.16500404567734 -8.241105358283907)
2024,CORTE SELETIVO,C51L41,POINT (-61.16332171968009 -8.241113084189696)
2024,CORTE SELETIVO,C51L41,POINT (-61.16078545712683 -8.249935863486398)
2024,CORTE SELETIVO,C51L41,POINT (-61.16202882380985 -8.249776278992217)
2024,CORTE SELETIVO,C51L41,POINT (-61.15820874634033 -8.249123417987239)
2024,CORTE SELETIVO,C51L41,POINT (-61.159827164652576 -8.247941607742238)
2024,CORTE SELETIVO,C51L41,POINT (-61.16044215492707 -8.24713121597248)
2024,CORTE SELETIVO,C51L41,POINT (-61.16066234907431 -8.247115427905353)
2024,CORTE SELETIVO,C51L41,POINT (-61.15788906777838 -8.246783652769238)
2024,CORTE SELETIVO,C51L41,POINT (-61.16130578462823 -8.246799013144278)
2024,CORTE SELETIVO,C51L41,POINT (-61.16090671861474 -8.246517772118814)
2024,CORTE SELETIVO,C51L41,POINT (-61.16193771501125 -8.246474438168656)
2024,CORTE SELETIVO,C51L41,POINT (-61.15662745380499 -8.246207117020676)
2024,CORTE SELETIVO,C51L41,POINT (-61.15923148891002 -8.246024884337888)
2024,CORTE SELETIVO,C51L41,POINT (-61.1595802784785 -8.246078322745152)
2024,CORTE SELETIVO,C51L41,POINT (-61.161819030802576 -8.2455416082181)
2024,CORTE SELETIVO,C51L41,POINT (-61.16263553815373 -8.245084248638559)
2024,CORTE SELETIVO,C51L41,POINT (-61.160652153518285 -8.24503300347009)
2024,CORTE SELETIVO,C51L41,POINT (-61.15356734015132 -8.244898718827995)
2024,CORTE SELETIVO,C51L41,POINT (-61.16044581458468 -8.244723150950717)
2024,CORTE SELETIVO,C51L41,POINT (-61.16140809527717 -8.244273138136792)
2024,CORTE SELETIVO,C51L41,POINT (-61.161908554357915 -8.243728931069716)
2024,CORTE SELETIVO,C51L41,POINT (-61.15516946108053 -8.243720084041747)
2024,CORTE SELETIVO,C51L41,POINT (-61.16228944635231 -8.243765286411204)
2024,CORTE SELETIVO,C51L41,POINT (-61.16183304206366 -8.24368579528929)
2024,CORTE SELETIVO,C51L41,POINT (-61.15972914746492 -8.241950162837579)
2024,CORTE SELETIVO,C51L41,POINT (-61.15838021230342 -8.241609550425322)
2024,CORTE SELETIVO,C51L41,POINT (-61.160555260584516 -8.240272768399828)
2024,CORTE SELETIVO,C51L41,POINT (-61.16059468578982 -8.240097199015299)
2024,CORTE SELETIVO,C51L41,POINT (-61.1606246473034 -8.239237333629326)
2024,CORTE SELETIVO,C51L41,POINT (-61.1509638464587 -8.249561600874115)
2024,CORTE SELETIVO,C51L41,POINT (-61.15103015508574 -8.24941128361071)
2024,CORTE SELETIVO,C51L41,POINT (-61.13959984962014 -8.248414647320928)
2024,CORTE SELETIVO,C51L41,POINT (-61.13721983413585 -8.247794375361405)
2024,CORTE SELETIVO,C51L41,POINT (-61.14664336101578 -8.247569048989199)
2024,CORTE SELETIVO,C51L41,POINT (-61.151553808787526 -8.247536575174838)
2024,CORTE SELETIVO,C51L41,POINT (-61.14443032593299 -8.247412889147393)
2024,CORTE SELETIVO,C51L41,POINT (-61.151483632171804 -8.247457531218233)
2024,CORTE SELETIVO,C51L41,POINT (-61.138949407053865 -8.247345658689385)
2024,CORTE SELETIVO,C51L41,POINT (-61.14445590611989 -8.247065884470318)
2024,CORTE SELETIVO,C51L41,POINT (-61.142473720117074 -8.246826068471739)
2024,CORTE SELETIVO,C51L41,POINT (-61.13949764846633 -8.246755381017458)
2024,CORTE SELETIVO,C51L41,POINT (-61.153309183569334 -8.246275097000632)
2024,CORTE SELETIVO,C51L41,POINT (-61.14588159633104 -8.24569726890147)
2024,CORTE SELETIVO,C51L41,POINT (-61.1450256156271 -8.245605995661881)
2024,CORTE SELETIVO,C51L41,POINT (-61.14287515550439 -8.24566960780074)
2024,CORTE SELETIVO,C51L41,POINT (-61.14266505863138 -8.245506314501613)
2024,CORTE SELETIVO,C51L41,POINT (-61.14562178397785 -8.245457605664614)
2024,CORTE SELETIVO,C51L41,POINT (-61.13662015819643 -8.245276239043495)
2024,CORTE SELETIVO,C51L41,POINT (-61.13951249104235 -8.245124816109945)
2024,CORTE SELETIVO,C51L41,POINT (-61.143404921442176 -8.244507021705681)
2024,CORTE SELETIVO,C51L41,POINT (-61.138130672988225 -8.24430577789897)
2024,CORTE SELETIVO,C51L41,POINT (-61.14427953918215 -8.244223447049658)
2024,CORTE SELETIVO,C51L41,POINT (-61.13402348423429 -8.244296751276554)
2024,CORTE SELETIVO,C51L41,POINT (-61.14438590184843 -8.244160729890956)
2024,CORTE SELETIVO,C51L41,POINT (-61.144370852087484 -8.243895760643898)
2024,CORTE SELETIVO,C51L41,POINT (-61.14168289863257 -8.243736438677331)
2024,CORTE SELETIVO,C51L41,POINT (-61.15040523357241 -8.24359863041836)
2024,CORTE SELETIVO,C51L41,POINT (-61.13956376486214 -8.243374728874333)
2024,CORTE SELETIVO,C51L41,POINT (-61.14034604637269 -8.24248207114589)
2024,CORTE SELETIVO,C51L41,POINT (-61.134792010892035 -8.242239880028414)
2024,CORTE SELETIVO,C51L41,POINT (-61.148998063959034 -8.241834227308003)
2024,CORTE SELETIVO,C51L41,POINT (-61.13398927644929 -8.246341310891664)
2024,CORTE SELETIVO,C51L41,POINT (-61.13395691073013 -8.245526249176805)
2024,CORTE SELETIVO,C51L41,POINT (-61.133976588288604 -8.24499099151141)
2024,CORTE SELETIVO,C51L41,POINT (-61.13381963879131 -8.24385790997244)
2024,CORTE SELETIVO,C51L41,POINT (-61.13360683241629 -8.243547964968021)
2024,CORTE SELETIVO,C51L41,POINT (-61.108890602029845 -8.238211192802561)
2024,CORTE SELETIVO,C51L41,POINT (-61.10598739876015 -8.237735192948087)
2024,CORTE SELETIVO,C51L41,POINT (-61.11208509523024 -8.236866749967504)
2024,CORTE SELETIVO,C51L41,POINT (-61.09501037233016 -8.235327984450148)
2024,CORTE SELETIVO,C51L41,POINT (-61.09615268828259 -8.235191939952351)
2024,CORTE SELETIVO,C51L41,POINT (-61.11273073644722 -8.234914283672946)
2024,CORTE SELETIVO,C51L41,POINT (-61.11059610704885 -8.23457112947404)
2024,CORTE SELETIVO,C51L41,POINT (-61.094303312615295 -8.23269008173302)
2024,CORTE SELETIVO,C51L41,POINT (-61.10026623712978 -8.23238835330592)
2024,CORTE SELETIVO,C51L41,POINT (-61.09433375438978 -8.232335099467532)
2024,CORTE SELETIVO,C51L41,POINT (-61.11641081248127 -8.231879421467507)
2024,CORTE SELETIVO,C51L41,POINT (-61.09381696009888 -8.231254172942771)
2024,CORTE SELETIVO,C51L41,POINT (-61.116281177725256 -8.231166502405292)
2024,CORTE SELETIVO,C51L41,POINT (-61.09261174489987 -8.231125443269633)
2024,CORTE SELETIVO,C51L41,POINT (-61.094044850628485 -8.23115961901085)
2024,CORTE SELETIVO,C51L41,POINT (-61.09393176737217 -8.231004731266028)
2024,CORTE SELETIVO,C51L41,POINT (-61.09384015855752 -8.230962241772248)
2024,CORTE SELETIVO,C51L41,POINT (-61.09637601007283 -8.230767068120242)
2024,CORTE SELETIVO,C51L41,POINT (-61.092549227358056 -8.230713629441713)
2024,CORTE SELETIVO,C51L41,POINT (-61.09631076611585 -8.230294531949218)
2024,CORTE SELETIVO,C51L41,POINT (-61.09680388200098 -8.23019151778595)
2024,CORTE SELETIVO,C51L41,POINT (-61.091474232439445 -8.229925740022138)
2024,CORTE SELETIVO,C51L41,POINT (-61.11740379647295 -8.229657783066875)
2024,CORTE SELETIVO,C51L41,POINT (-61.09430938985033 -8.229274448858973)
2024,CORTE SELETIVO,C51L41,POINT (-61.093323872283705 -8.229226297799515)
2024,CORTE SELETIVO,C51L41,POINT (-61.093599818671095 -8.229149318661662)
2024,CORTE SELETIVO,C51L41,POINT (-61.09596188019238 -8.228924769077278)
2024,CORTE SELETIVO,C51L41,POINT (-61.09773498064242 -8.228461032718284)
2024,CORTE SELETIVO,C51L41,POINT (-61.09762992308909 -8.228269961544699)
2024,CORTE SELETIVO,C51L41,POINT (-61.093108078087674 -8.22822874202784)
2024,CORTE SELETIVO,C51L41,POINT (-61.09302504186797 -8.228022106864394)
2024,CORTE SELETIVO,C51L41,POINT (-61.09744434066165 -8.228054627336421)
2024,CORTE SELETIVO,C51L41,POINT (-61.092787754287926 -8.228034418722402)
2024,CORTE SELETIVO,C51L41,POINT (-61.09487182135325 -8.227608389078839)
2024,CORTE SELETIVO,C51L41,POINT (-61.09437576687003 -8.22744437010014)
2024,CORTE SELETIVO,C51L41,POINT (-61.09408406181034 -8.227418438214869)
2024,CORTE SELETIVO,C51L41,POINT (-61.094272224661914 -8.227319266845903)
2024,CORTE SELETIVO,C51L41,POINT (-61.11786841312507 -8.2271069980054)
2024,CORTE SELETIVO,C51L41,POINT (-61.117902499384705 -8.227069130925647)
2024,CORTE SELETIVO,C51L41,POINT (-61.09851407342443 -8.226444800081707)
2024,CORTE SELETIVO,C51L41,POINT (-61.09272053631899 -8.226475173942502)
2024,CORTE SELETIVO,C51L41,POINT (-61.09476447580757 -8.226353361421955)
2024,CORTE SELETIVO,C51L41,POINT (-61.09469905406195 -8.226269538909927)
2024,CORTE SELETIVO,C51L41,POINT (-61.09263618454071 -8.226192348192534)
2024,CORTE SELETIVO,C51L41,POINT (-61.09736820887496 -8.226142886487256)
2024,CORTE SELETIVO,C51L41,POINT (-61.097077095662506 -8.226003644207431)
2024,CORTE SELETIVO,C51L41,POINT (-61.095427213419384 -8.225305211602075)
2024,CORTE SELETIVO,C51L41,POINT (-61.0960511784273 -8.224921621844532)
2024,CORTE SELETIVO,C51L41,POINT (-61.0955219314416 -8.224937475044237)
2024,CORTE SELETIVO,C51L41,POINT (-61.09623382298143 -8.224752963420773)
2024,CORTE SELETIVO,C51L41,POINT (-61.09959071839565 -8.224543694773287)
2024,CORTE SELETIVO,C51L41,POINT (-61.09619335465634 -8.224382605878365)
2024,CORTE SELETIVO,C51L41,POINT (-61.09670672630678 -8.223298222573977)
2024,CORTE SELETIVO,C51L41,POINT (-61.09820175978172 -8.222745961355308)
2024,CORTE SELETIVO,C51L41,POINT (-61.09534822608052 -8.222312781024392)
2024,CORTE SELETIVO,C51L41,POINT (-61.09627552955394 -8.22232413970694)
2024,CORTE SELETIVO,C51L41,POINT (-61.09630927624594 -8.222184423007139)
2024,CORTE SELETIVO,C51L41,POINT (-61.096174771439976 -8.221856690902271)
2024,CORTE SELETIVO,C51L41,POINT (-61.09847914990263 -8.221173837913582)
2024,CORTE SELETIVO,C51L41,POINT (-61.22236740017775 -8.240405395854383)
2024,CORTE SELETIVO,C51L41,POINT (-61.22284104287145 -8.239382773002728)
2024,CORTE SELETIVO,C51L41,POINT (-61.223080408037134 -8.23912185377732)
2024,CORTE SELETIVO,C51L41,POINT (-61.22939693394643 -8.2378595508656)
2024,CORTE SELETIVO,C51L41,POINT (-61.2259710981611 -8.234273035806767)
2024,CORTE SELETIVO,C51L41,POINT (-61.22764024515978 -8.233266326229899)
2024,CORTE SELETIVO,C51L41,POINT (-61.208305253317114 -8.246602416763913)
2024,CORTE SELETIVO,C51L41,POINT (-61.2195104157337 -8.239895044178652)
2024,CORTE SELETIVO,C51L41,POINT (-61.219597596831896 -8.239630800674494)
2024,CORTE SELETIVO,C51L41,POINT (-61.20952314379804 -8.239351171578512)
2024,CORTE SELETIVO,C51L41,POINT (-61.209801956528956 -8.238728186721701)
2024,CORTE SELETIVO,C51L41,POINT (-61.211583637585264 -8.231022807964893)
2024,CORTE SELETIVO,C51L41,POINT (-61.19571583511612 -8.240272449953482)
2024,CORTE SELETIVO,C51L41,POINT (-61.1977553448684 -8.236677330731712)
2024,CORTE SELETIVO,C51L41,POINT (-61.19948015822425 -8.234635595061784)
2024,CORTE SELETIVO,C51L41,POINT (-61.17900128320427 -8.181418040727964)
2024,CORTE SELETIVO,C51L41,POINT (-61.18541576095667 -8.172806327956977)
2024,CORTE SELETIVO,C51L41,POINT (-61.182244945516544 -8.172826277489381)
2024,CORTE SELETIVO,C51L41,POINT (-61.1735548569763 -8.193912993470914)
2024,CORTE SELETIVO,C51L41,POINT (-61.17351351589832 -8.193739976891681)
2024,CORTE SELETIVO,C51L41,POINT (-61.17292167336247 -8.172647218492962)
2024,CORTE SELETIVO,C51L41,POINT (-61.165775056718864 -8.239432937826827)
2024,CORTE SELETIVO,C51L41,POINT (-61.16740997581822 -8.238367518069351)
2024,CORTE SELETIVO,C51L41,POINT (-61.15987712799499 -8.247295911042032)
2024,CORTE SELETIVO,C51L41,POINT (-61.145472656094704 -8.245996391118124)
2024,CORTE SELETIVO,C51L41,POINT (-61.15958337544372 -8.245971921015254)
2024,CORTE SELETIVO,C51L41,POINT (-61.14486531694991 -8.245535449071758)
2024,CORTE SELETIVO,C51L41,POINT (-61.14282532638234 -8.24461619915163)
2024,CORTE SELETIVO,C51L41,POINT (-61.14423538508776 -8.24372893234014)
2024,CORTE SELETIVO,C51L41,POINT (-61.14872195948906 -8.24178296061761)
2024,CORTE SELETIVO,C51L41,POINT (-61.11213813812896 -8.238609459172476)
2024,CORTE SELETIVO,C51L41,POINT (-61.10558036629756 -8.23725016434122)
2024,CORTE SELETIVO,C51L41,POINT (-61.105981313598804 -8.237270733611378)
2024,CORTE SELETIVO,C51L41,POINT (-61.10728110763734 -8.234795856104112)
2024,CORTE SELETIVO,C51L41,POINT (-61.1137140175445 -8.234272905512478)
2024,CORTE SELETIVO,C51L41,POINT (-61.09615574734034 -8.231372330710993)
2024,CORTE SELETIVO,C51L41,POINT (-61.09673670021335 -8.23122033534482)
2024,CORTE SELETIVO,C51L41,POINT (-61.10927743362105 -8.231253515649827)
2024,CORTE SELETIVO,C51L41,POINT (-61.09601284386514 -8.22472144268418)
2024,CORTE SELETIVO,C51L41,POINT (-61.230774067071316 -8.247104318931529)
2024,CORTE SELETIVO,C51L41,POINT (-61.23042987417562 -8.246971081841814)
2024,CORTE SELETIVO,C51L41,POINT (-61.229595497423325 -8.242247762778792)
2024,CORTE SELETIVO,C51L41,POINT (-61.22751651232706 -8.2306673961041)
2024,CORTE SELETIVO,C51L41,POINT (-61.22736462947506 -8.230484775890897)
2024,CORTE SELETIVO,C51L41,POINT (-61.225437406291114 -8.230483157683414)
2024,CORTE SELETIVO,C51L41,POINT (-61.22286471958882 -8.229525204259284)
2024,CORTE SELETIVO,C51L41,POINT (-61.22546493911118 -8.229424347587107)
2024,CORTE SELETIVO,C51L41,POINT (-61.222638745800396 -8.229412046104251)
2024,CORTE SELETIVO,C51L41,POINT (-61.22141689699148 -8.230357902463288)
2024,CORTE SELETIVO,C51L41,POINT (-61.22179768338193 -8.23031808530098)
2024,CORTE SELETIVO,C51L41,POINT (-61.22132153757434 -8.23026819966658)
2024,CORTE SELETIVO,C51L41,POINT (-61.221100753031756 -8.230115021815514)
2024,CORTE SELETIVO,C51L41,POINT (-61.22123428304178 -8.230054968673404)
2024,CORTE SELETIVO,C51L41,POINT (-61.220178404861706 -8.229394777059316)
2024,CORTE SELETIVO,C51L41,POINT (-61.20912458273394 -8.232566762501637)
2024,CORTE SELETIVO,C51L41,POINT (-61.2017181725009 -8.248939575137854)
2024,CORTE SELETIVO,C51L41,POINT (-61.20385702610503 -8.248354876714618)
2024,CORTE SELETIVO,C51L41,POINT (-61.202008868000895 -8.248063396193473)
2024,CORTE SELETIVO,C51L41,POINT (-61.20363582479119 -8.24794160843585)
2024,CORTE SELETIVO,C51L41,POINT (-61.20486501550506 -8.247098041074059)
2024,CORTE SELETIVO,C51L41,POINT (-61.20191664680331 -8.24676695757872)
2024,CORTE SELETIVO,C51L41,POINT (-61.206630908920935 -8.244262398493099)
2024,CORTE SELETIVO,C51L41,POINT (-61.203288704230665 -8.243618048840354)
2024,CORTE SELETIVO,C51L41,POINT (-61.20174456224596 -8.241719069252335)
2024,CORTE SELETIVO,C51L41,POINT (-61.202978013208806 -8.24167761962182)
2024,CORTE SELETIVO,C51L41,POINT (-61.20681684879541 -8.24131546639256)
2024,CORTE SELETIVO,C51L41,POINT (-61.20089377019536 -8.241333424634272)
2024,CORTE SELETIVO,C51L41,POINT (-61.201258815786055 -8.241207854312606)
2024,CORTE SELETIVO,C51L41,POINT (-61.204924496021874 -8.240594428153981)
2024,CORTE SELETIVO,C51L41,POINT (-61.20521348539583 -8.24034392906794)
2024,CORTE SELETIVO,C51L41,POINT (-61.205159398261955 -8.24006454510836)
2024,CORTE SELETIVO,C51L41,POINT (-61.20265307390398 -8.239932828122921)
2024,CORTE SELETIVO,C51L41,POINT (-61.201250065407194 -8.23976362970949)
2024,CORTE SELETIVO,C51L41,POINT (-61.2027689520819 -8.239363107157839)
2024,CORTE SELETIVO,C51L41,POINT (-61.20261935662076 -8.239287585135703)
2024,CORTE SELETIVO,C51L41,POINT (-61.20251822740052 -8.239147892031346)
2024,CORTE SELETIVO,C51L41,POINT (-61.200820375616814 -8.239134313795995)
2024,CORTE SELETIVO,C51L41,POINT (-61.2020592486163 -8.238533261792574)
2024,CORTE SELETIVO,C51L41,POINT (-61.20185354578638 -8.238414434249867)
2024,CORTE SELETIVO,C51L41,POINT (-61.20071122201321 -8.238369868881053)
2024,CORTE SELETIVO,C51L41,POINT (-61.20179956816713 -8.2382574408403)
2024,CORTE SELETIVO,C51L41,POINT (-61.202872182731824 -8.236795480061083)
2024,CORTE SELETIVO,C51L41,POINT (-61.20313737621243 -8.236640951057728)
2024,CORTE SELETIVO,C51L41,POINT (-61.203992435055106 -8.23668572167281)
2024,CORTE SELETIVO,C51L41,POINT (-61.203729120104384 -8.236320302095299)
2024,CORTE SELETIVO,C51L41,POINT (-61.20417867523903 -8.236274809049878)
2024,CORTE SELETIVO,C51L41,POINT (-61.20420585030704 -8.236194703409847)
2024,CORTE SELETIVO,C51L41,POINT (-61.20578073988421 -8.235913221505147)
2024,CORTE SELETIVO,C51L41,POINT (-61.20652025241179 -8.235825896217301)
2024,CORTE SELETIVO,C51L41,POINT (-61.205658756708594 -8.235737758173864)
2024,CORTE SELETIVO,C51L41,POINT (-61.20161992375226 -8.235796357927676)
2024,CORTE SELETIVO,C51L41,POINT (-61.205446848083746 -8.235662243190145)
2024,CORTE SELETIVO,C51L41,POINT (-61.201560557186674 -8.235633434567898)
2024,CORTE SELETIVO,C51L41,POINT (-61.204661585250406 -8.235452170425852)
2024,CORTE SELETIVO,C51L41,POINT (-61.2073280927079 -8.23476104276101)
2024,CORTE SELETIVO,C51L41,POINT (-61.20515484068263 -8.234501096108398)
2024,CORTE SELETIVO,C51L41,POINT (-61.20245655078358 -8.234483692049476)
2024,CORTE SELETIVO,C51L41,POINT (-61.20700980706293 -8.234249833292854)
2024,CORTE SELETIVO,C51L41,POINT (-61.20734658621523 -8.234198752065652)
2024,CORTE SELETIVO,C51L41,POINT (-61.20718208297125 -8.233905393275727)
2024,CORTE SELETIVO,C51L41,POINT (-61.20594359639123 -8.233061466703687)
2024,CORTE SELETIVO,C51L41,POINT (-61.20491554591173 -8.232847036420104)
2024,CORTE SELETIVO,C51L41,POINT (-61.20551278063063 -8.232288625541788)
2024,CORTE SELETIVO,C51L41,POINT (-61.1968569792504 -8.240775872284997)
2024,CORTE SELETIVO,C51L41,POINT (-61.19636404851567 -8.240599272206317)
2024,CORTE SELETIVO,C51L41,POINT (-61.19578860338745 -8.24034388853283)
2024,CORTE SELETIVO,C51L41,POINT (-61.19552336784487 -8.240216926286317)
2024,CORTE SELETIVO,C51L41,POINT (-61.19644229301667 -8.240234263194221)
2024,CORTE SELETIVO,C51L41,POINT (-61.19534392889455 -8.24006142508186)
2024,CORTE SELETIVO,C51L41,POINT (-61.1994380857746 -8.239627423047713)
2024,CORTE SELETIVO,C51L41,POINT (-61.20062645162351 -8.23862084249414)
2024,CORTE SELETIVO,C51L41,POINT (-61.19770762343586 -8.23823111587467)
2024,CORTE SELETIVO,C51L41,POINT (-61.19759859772824 -8.237073058057314)
2024,CORTE SELETIVO,C51L41,POINT (-61.198063845988855 -8.236346702508255)
2024,CORTE SELETIVO,C51L41,POINT (-61.19927533392702 -8.236134911331213)
2024,CORTE SELETIVO,C51L41,POINT (-61.197917651930325 -8.23548123335208)
2024,CORTE SELETIVO,C51L41,POINT (-61.19830647719173 -8.233148496985548)
2024,CORTE SELETIVO,C51L41,POINT (-61.19973462703808 -8.233071776875633)
2024,CORTE SELETIVO,C51L41,POINT (-61.19876063836243 -8.232928983585479)
2024,CORTE SELETIVO,C51L41,POINT (-61.19577048324888 -8.185167011351163)
2024,CORTE SELETIVO,C51L41,POINT (-61.193965058819224 -8.18109883261167)
2024,CORTE SELETIVO,C51L41,POINT (-61.19186714091318 -8.177153387138619)
2024,CORTE SELETIVO,C51L41,POINT (-61.18542493050186 -8.171785104761108)
2024,CORTE SELETIVO,C51L41,POINT (-61.18614253434194 -8.17092121960694)
2024,CORTE SELETIVO,C51L41,POINT (-61.18608066279097 -8.170867762557787)
2024,CORTE SELETIVO,C51L41,POINT (-61.17256757584597 -8.19990263390885)
2024,CORTE SELETIVO,C51L41,POINT (-61.17232964195146 -8.199490594291726)
2024,CORTE SELETIVO,C51L41,POINT (-61.17221121235006 -8.199056746730342)
2024,CORTE SELETIVO,C51L41,POINT (-61.17134645020082 -8.198423094282054)
2024,CORTE SELETIVO,C51L41,POINT (-61.17148407787996 -8.19623943058601)
2024,CORTE SELETIVO,C51L41,POINT (-61.171856949560784 -8.195643469237055)
2024,CORTE SELETIVO,C51L41,POINT (-61.17191215985569 -8.195242087614613)
2024,CORTE SELETIVO,C51L41,POINT (-61.172710628470554 -8.194910365840451)
2024,CORTE SELETIVO,C51L41,POINT (-61.17228791365592 -8.194910438006337)
2024,CORTE SELETIVO,C51L41,POINT (-61.1725435153548 -8.194870618842268)
2024,CORTE SELETIVO,C51L41,POINT (-61.17290301945382 -8.194352853621858)
2024,CORTE SELETIVO,C51L41,POINT (-61.17289682043285 -8.194192171670934)
2024,CORTE SELETIVO,C51L41,POINT (-61.172890844752544 -8.193883360873322)
2024,CORTE SELETIVO,C51L41,POINT (-61.17314112721311 -8.193574245254062)
2024,CORTE SELETIVO,C51L41,POINT (-61.173359381984454 -8.193411646810976)
2024,CORTE SELETIVO,C51L41,POINT (-61.17305329521957 -8.193422185341559)
2024,CORTE SELETIVO,C51L41,POINT (-61.17319846892935 -8.193105889680647)
2024,CORTE SELETIVO,C51L41,POINT (-61.17320358511151 -8.193010780439435)
2024,CORTE SELETIVO,C51L41,POINT (-61.17350285948252 -8.192815696219085)
2024,CORTE SELETIVO,C51L41,POINT (-61.17415375512083 -8.192385337006993)
2024,CORTE SELETIVO,C51L41,POINT (-61.1749044799426 -8.179335004895705)
2024,CORTE SELETIVO,C51L41,POINT (-61.167285977549284 -8.24349979552574)
2024,CORTE SELETIVO,C51L41,POINT (-61.16666992089829 -8.242194268384628)
2024,CORTE SELETIVO,C51L41,POINT (-61.16722407978466 -8.241450662309424)
2024,CORTE SELETIVO,C51L41,POINT (-61.16697961636879 -8.241318566697828)
2024,CORTE SELETIVO,C51L41,POINT (-61.16686546688526 -8.240687503246)
2024,CORTE SELETIVO,C51L41,POINT (-61.16667321151547 -8.240453569923408)
2024,CORTE SELETIVO,C51L41,POINT (-61.166835012548376 -8.239999743291396)
2024,CORTE SELETIVO,C51L41,POINT (-61.16702360956147 -8.239872996883012)
2024,CORTE SELETIVO,C51L41,POINT (-61.16745032152446 -8.239603960477426)
2024,CORTE SELETIVO,C51L41,POINT (-61.16764168913226 -8.239339411103696)
2024,CORTE SELETIVO,C51L41,POINT (-61.16672560042948 -8.239260617452743)
2024,CORTE SELETIVO,C51L41,POINT (-61.16663982228829 -8.239107932002884)
2024,CORTE SELETIVO,C51L41,POINT (-61.16714248974455 -8.239130931957328)
2024,CORTE SELETIVO,C51L41,POINT (-61.16747674598723 -8.23900390884545)
2024,CORTE SELETIVO,C51L41,POINT (-61.167621513806075 -8.238716606602948)
2024,CORTE SELETIVO,C51L41,POINT (-61.1679492193772 -8.23874883661123)
2024,CORTE SELETIVO,C51L41,POINT (-61.169218169031815 -8.22218950352049)
2024,CORTE SELETIVO,C51L41,POINT (-61.16888308112596 -8.219456055740768)
2024,CORTE SELETIVO,C51L41,POINT (-61.165346621338976 -8.24456029111681)
2024,CORTE SELETIVO,C51L41,POINT (-61.164230995684 -8.244370375389915)
2024,CORTE SELETIVO,C51L41,POINT (-61.16360932057094 -8.243404318062193)
2024,CORTE SELETIVO,C51L41,POINT (-61.166161342352844 -8.242899839922906)
2024,CORTE SELETIVO,C51L41,POINT (-61.16393790883838 -8.241803369616969)
2024,CORTE SELETIVO,C51L41,POINT (-61.16335636367163 -8.241465886139567)
2024,CORTE SELETIVO,C51L41,POINT (-61.165718617744744 -8.241412021370731)
2024,CORTE SELETIVO,C51L41,POINT (-61.16543520271135 -8.241296812347699)
2024,CORTE SELETIVO,C51L41,POINT (-61.166427325473826 -8.240527925931469)
2024,CORTE SELETIVO,C51L41,POINT (-61.16650334310977 -8.240041354960393)
2024,CORTE SELETIVO,C51L41,POINT (-61.16643167207841 -8.239817418885485)
2024,CORTE SELETIVO,C51L41,POINT (-61.16625688595005 -8.239749032518585)
2024,CORTE SELETIVO,C51L41,POINT (-61.16592084724908 -8.239695102970401)
2024,CORTE SELETIVO,C51L41,POINT (-61.165507179950545 -8.239519982233597)
2024,CORTE SELETIVO,C51L41,POINT (-61.165847069060476 -8.239598587192777)
2024,CORTE SELETIVO,C51L41,POINT (-61.14376133998726 -8.24991565751951)
2024,CORTE SELETIVO,C51L41,POINT (-61.14671472675345 -8.249988825617768)
2024,CORTE SELETIVO,C51L41,POINT (-61.14661623333177 -8.249843276304565)
2024,CORTE SELETIVO,C51L41,POINT (-61.15108218509919 -8.24974553206838)
2024,CORTE SELETIVO,C51L41,POINT (-61.14702935147314 -8.249789306050683)
2024,CORTE SELETIVO,C51L41,POINT (-61.14127458457328 -8.249404436739955)
2024,CORTE SELETIVO,C51L41,POINT (-61.143146632619484 -8.249319408855765)
2024,CORTE SELETIVO,C51L41,POINT (-61.14583338076405 -8.249315213629934)
2024,CORTE SELETIVO,C51L41,POINT (-61.14471756295744 -8.249151176899177)
2024,CORTE SELETIVO,C51L41,POINT (-61.14463561677442 -8.249040609402915)
2024,CORTE SELETIVO,C51L41,POINT (-61.14361875837576 -8.248865234115616)
2024,CORTE SELETIVO,C51L41,POINT (-61.143566259145906 -8.248739509048189)
2024,CORTE SELETIVO,C51L41,POINT (-61.143948552724005 -8.248573128053192)
2024,CORTE SELETIVO,C51L41,POINT (-61.14438079313729 -8.248135938003093)
2024,CORTE SELETIVO,C51L41,POINT (-61.14663883677032 -8.2476764407279)
2024,CORTE SELETIVO,C51L41,POINT (-61.135803310143125 -8.246727119163461)
2024,CORTE SELETIVO,C51L41,POINT (-61.14554558628077 -8.246009475552917)
2024,CORTE SELETIVO,C51L41,POINT (-61.14837550654017 -8.246029519885171)
2024,CORTE SELETIVO,C51L41,POINT (-61.14534287520803 -8.246019763772946)
2024,CORTE SELETIVO,C51L41,POINT (-61.134230670621776 -8.245971264689844)
2024,CORTE SELETIVO,C51L41,POINT (-61.14822062264403 -8.245936933621637)
2024,CORTE SELETIVO,C51L41,POINT (-61.1452514582747 -8.245922084418783)
2024,CORTE SELETIVO,C51L41,POINT (-61.135450863602074 -8.24591475026726)
2024,CORTE SELETIVO,C51L41,POINT (-61.14645882602469 -8.245860506397877)
2024,CORTE SELETIVO,C51L41,POINT (-61.14645133185067 -8.245624120865726)
2024,CORTE SELETIVO,C51L41,POINT (-61.13629039837955 -8.245621527029808)
2024,CORTE SELETIVO,C51L41,POINT (-61.137148306006935 -8.245236449059599)
2024,CORTE SELETIVO,C51L41,POINT (-61.13675213466392 -8.245238781883943)
2024,CORTE SELETIVO,C51L41,POINT (-61.133780785703536 -8.245073729224703)
2024,CORTE SELETIVO,C51L41,POINT (-61.15393895621432 -8.245087802197911)
2024,CORTE SELETIVO,C51L41,POINT (-61.135484782368344 -8.24477931601034)
2024,CORTE SELETIVO,C51L41,POINT (-61.142728929814005 -8.244529070348444)
2024,CORTE SELETIVO,C51L41,POINT (-61.15138712544957 -8.244599741661045)
2024,CORTE SELETIVO,C51L41,POINT (-61.15158105847187 -8.244567641936674)
2024,CORTE SELETIVO,C51L41,POINT (-61.135050135006246 -8.244585726566656)
2024,CORTE SELETIVO,C51L41,POINT (-61.13490907191671 -8.24441799216625)
2024,CORTE SELETIVO,C51L41,POINT (-61.137082242730756 -8.244310330340511)
2024,CORTE SELETIVO,C51L41,POINT (-61.148465937743985 -8.244343677873418)
2024,CORTE SELETIVO,C51L41,POINT (-61.15089773028087 -8.244215609290904)
2024,CORTE SELETIVO,C51L41,POINT (-61.139288918324446 -8.244224335224233)
2024,CORTE SELETIVO,C51L41,POINT (-61.14777300737381 -8.244181602114967)
2024,CORTE SELETIVO,C51L41,POINT (-61.15352482269554 -8.243959160551254)
2024,CORTE SELETIVO,C51L41,POINT (-61.14024710462438 -8.243811581631936)
2024,CORTE SELETIVO,C51L41,POINT (-61.1393691556179 -8.243434454006582)
2024,CORTE SELETIVO,C51L41,POINT (-61.15137361372108 -8.243395772396042)
2024,CORTE SELETIVO,C51L41,POINT (-61.14193578313455 -8.243310007666354)
2024,CORTE SELETIVO,C51L41,POINT (-61.15070601673741 -8.243348746908243)
2024,CORTE SELETIVO,C51L41,POINT (-61.149525630538314 -8.24329706432142)
2024,CORTE SELETIVO,C51L41,POINT (-61.141479834364446 -8.243265526840835)
2024,CORTE SELETIVO,C51L41,POINT (-61.14496650720314 -8.24279032272218)
2024,CORTE SELETIVO,C51L41,POINT (-61.14589056549842 -8.242786459178738)
2024,CORTE SELETIVO,C51L41,POINT (-61.14039717807435 -8.242782195403663)
2024,CORTE SELETIVO,C51L41,POINT (-61.14523579092072 -8.242746113692297)
2024,CORTE SELETIVO,C51L41,POINT (-61.151446525419495 -8.242674094835984)
2024,CORTE SELETIVO,C51L41,POINT (-61.14720053795028 -8.242607466199566)
2024,CORTE SELETIVO,C51L41,POINT (-61.14066014693385 -8.24258886887199)
2024,CORTE SELETIVO,C51L41,POINT (-61.146975889739146 -8.242522572429838)
2024,CORTE SELETIVO,C51L41,POINT (-61.153913489652794 -8.242585450849464)
2024,CORTE SELETIVO,C51L41,POINT (-61.14301512156259 -8.242564829081577)
2024,CORTE SELETIVO,C51L41,POINT (-61.14851525821981 -8.242014052609633)
2024,CORTE SELETIVO,C51L41,POINT (-61.13460604580427 -8.242029251554557)
2024,CORTE SELETIVO,C51L41,POINT (-61.15928844530498 -8.241939366234918)
2024,CORTE SELETIVO,C51L41,POINT (-61.151233487804305 -8.241912214816459)
2024,CORTE SELETIVO,C51L41,POINT (-61.14373049154787 -8.241861539775273)
2024,CORTE SELETIVO,C51L41,POINT (-61.14285200542532 -8.241712722540948)
2024,CORTE SELETIVO,C51L41,POINT (-61.14044541862979 -8.241718150589252)
2024,CORTE SELETIVO,C51L41,POINT (-61.145310696293016 -8.241797420621744)
2024,CORTE SELETIVO,C51L41,POINT (-61.1427740006893 -8.241657139631734)
2024,CORTE SELETIVO,C51L41,POINT (-61.156397934109314 -8.241614142376372)
2024,CORTE SELETIVO,C51L41,POINT (-61.1571980730759 -8.241569405601501)
2024,CORTE SELETIVO,C51L41,POINT (-61.142113190281606 -8.241447982226227)
2024,CORTE SELETIVO,C51L41,POINT (-61.145579410518536 -8.241252669133303)
2024,CORTE SELETIVO,C51L41,POINT (-61.1502989324709 -8.241105164568761)
2024,CORTE SELETIVO,C51L41,POINT (-61.1489529768568 -8.2410915592327)
2024,CORTE SELETIVO,C51L41,POINT (-61.11180643122199 -8.23688985965248)
2024,CORTE SELETIVO,C51L41,POINT (-61.10805484867903 -8.236762731352847)
2024,CORTE SELETIVO,C51L41,POINT (-61.165411295430744 -8.24896381034123)
2024,CORTE SELETIVO,C51L41,POINT (-61.1739713450729 -8.214740359338206)
2024,CORTE SELETIVO,C51L41,POINT (-61.1337975102432 -8.246010110395613)
2024,CORTE SELETIVO,C51L41,POINT (-61.13365870552733 -8.245846570281257)
2024,CORTE SELETIVO,C51L41,POINT (-61.134286315797 -8.242044476029571)
2024,CORTE SELETIVO,C51L41,POINT (-61.092619846238236 -8.228268285175655)
2024,CORTE SELETIVO,C51L41,POINT (-61.21584109471448 -8.246380496055194)
2024,CORTE SELETIVO,C51L41,POINT (-61.20209643835662 -8.241048758719549)
2024,CORTE SELETIVO,C51L41,POINT (-61.20170216136791 -8.240962567614938)
2024,CORTE SELETIVO,C51L41,POINT (-61.2019606286971 -8.24092016787908)
2024,CORTE SELETIVO,C51L41,POINT (-61.20217018128358 -8.240906197259191)
2024,CORTE SELETIVO,C51L41,POINT (-61.196710289339045 -8.240886673317352)
2024,CORTE SELETIVO,C51L41,POINT (-61.222907191978145 -8.239472833123536)
2024,CORTE SELETIVO,C51L41,POINT (-61.20019103198381 -8.238810181633106)
2024,CORTE SELETIVO,C51L41,POINT (-61.22276120893304 -8.237204844606516)
2024,CORTE SELETIVO,C51L41,POINT (-61.138315176940125 -8.243489323713586)
2024,CORTE SELETIVO,C51L41,POINT (-61.22650668648329 -8.248377815604858)
2024,CORTE SELETIVO,C51L41,POINT (-61.226789866662976 -8.248316558394544)
2024,CORTE SELETIVO,C51L41,POINT (-61.22647470190291 -8.24762714509323)
2024,CORTE SELETIVO,C51L41,POINT (-61.22757967020478 -8.246718534150093)
2024,CORTE SELETIVO,C51L41,POINT (-61.22517385195887 -8.246133642681874)
2024,CORTE SELETIVO,C51L41,POINT (-61.22524287733395 -8.24601486118603)
2024,CORTE SELETIVO,C51L41,POINT (-61.20062157725586 -8.244552316967864)
2024,CORTE SELETIVO,C51L41,POINT (-61.2260170224504 -8.241569351653094)
2024,CORTE SELETIVO,C51L41,POINT (-61.225902014814636 -8.241479832448954)
2024,CORTE SELETIVO,C51L41,POINT (-61.201920346149905 -8.241114165498944)
2024,CORTE SELETIVO,C51L41,POINT (-61.22855122635808 -8.240568327637508)
2024,CORTE SELETIVO,C51L41,POINT (-61.222706141804295 -8.237196121730978)
2024,CORTE SELETIVO,C51L41,POINT (-61.224346532762425 -8.23549946763063)
2024,CORTE SELETIVO,C51L41,POINT (-61.21903444592343 -8.232324934284433)
2024,CORTE SELETIVO,C51L41,POINT (-61.22113077509557 -8.231015488752924)
2024,CORTE SELETIVO,C51L41,POINT (-61.221883133897116 -8.230389824504357)
2024,CORTE SELETIVO,C51L41,POINT (-61.173045514345795 -8.193556760064169)
2024,CORTE SELETIVO,C51L41,POINT (-61.174015781536184 -8.19220113697498)
2024,CORTE SELETIVO,C51L41,POINT (-61.18045233656372 -8.182527362713675)
2024,CORTE SELETIVO,C51L41,POINT (-61.179489456266396 -8.18180903107785)
2024,CORTE SELETIVO,C51L41,POINT (-61.179348113585355 -8.18173481863653)
2024,CORTE SELETIVO,C51L41,POINT (-61.17302445097528 -8.172232562692159)
2024,CORTE SELETIVO,C51L41,POINT (-61.17240432412455 -8.19985612173979)
2024,CORTE SELETIVO,C51L41,POINT (-61.17191419683322 -8.195675455503672)
2024,CORTE SELETIVO,C51L41,POINT (-61.17213301586299 -8.195300746837892)
2024,CORTE SELETIVO,C51L41,POINT (-61.17233945894858 -8.17223457920319)
2024,CORTE SELETIVO,C51L41,POINT (-61.1725458632687 -8.171752900324213)
2024,CORTE SELETIVO,C51L41,POINT (-61.1669511971029 -8.241427186197932)
2024,CORTE SELETIVO,C51L41,POINT (-61.167171624141154 -8.241356300561327)
2024,CORTE SELETIVO,C51L41,POINT (-61.16670887291748 -8.241098424473428)
2024,CORTE SELETIVO,C51L41,POINT (-61.16666809386517 -8.240548654048883)
2024,CORTE SELETIVO,C51L41,POINT (-61.16702899656243 -8.240484254092385)
2024,CORTE SELETIVO,C51L41,POINT (-61.16720395202492 -8.240307432901899)
2024,CORTE SELETIVO,C51L41,POINT (-61.166954192015915 -8.24030331120351)
2024,CORTE SELETIVO,C51L41,POINT (-61.16413323410404 -8.241945069828768)
2024,CORTE SELETIVO,C51L41,POINT (-61.165188097662345 -8.241379874992116)
2024,CORTE SELETIVO,C51L41,POINT (-61.16536506233718 -8.241146037143372)
2024,CORTE SELETIVO,C51L41,POINT (-61.16595427620455 -8.239582791464576)
2024,CORTE SELETIVO,C51L41,POINT (-61.163513146189715 -8.241993583466117)
2024,CORTE SELETIVO,C51L41,POINT (-61.16336670264763 -8.241938226945878)
2024,CORTE SELETIVO,C51L41,POINT (-61.16398409017869 -8.241609839295421)
2024,CORTE SELETIVO,C51L41,POINT (-61.163638097331464 -8.241574241247413)
2024,CORTE SELETIVO,C51L41,POINT (-61.16340693761802 -8.241495480388021)
2024,CORTE SELETIVO,C51L41,POINT (-61.162916022286915 -8.24144652714828)
2024,CORTE SELETIVO,C51L41,POINT (-61.157825283524666 -8.249450443394059)
2024,CORTE SELETIVO,C51L41,POINT (-61.15354178605286 -8.249421167305734)
2024,CORTE SELETIVO,C51L41,POINT (-61.15813553265114 -8.249314726468858)
2024,CORTE SELETIVO,C51L41,POINT (-61.15777123425593 -8.249383273026583)
2024,CORTE SELETIVO,C51L41,POINT (-61.15794793546143 -8.249253816880339)
2024,CORTE SELETIVO,C51L41,POINT (-61.15944911351378 -8.249031869958307)
2024,CORTE SELETIVO,C51L41,POINT (-61.158329007434574 -8.24882597255319)
2024,CORTE SELETIVO,C51L41,POINT (-61.157693249620536 -8.248860184177126)
2024,CORTE SELETIVO,C51L41,POINT (-61.15743961720507 -8.248732372601372)
2024,CORTE SELETIVO,C51L41,POINT (-61.1592062524504 -8.248721382160955)
2024,CORTE SELETIVO,C51L41,POINT (-61.15898607718289 -8.248530574339076)
2024,CORTE SELETIVO,C51L41,POINT (-61.159003965640196 -8.24833521071989)
2024,CORTE SELETIVO,C51L41,POINT (-61.15503457620199 -8.244025704658997)
2024,CORTE SELETIVO,C51L41,POINT (-61.15709650342592 -8.24399953434615)
2024,CORTE SELETIVO,C51L41,POINT (-61.15686269492332 -8.243764367517938)
2024,CORTE SELETIVO,C51L41,POINT (-61.15696112065836 -8.243098594629542)
2024,CORTE SELETIVO,C51L41,POINT (-61.14589602737883 -8.246850504523996)
2024,CORTE SELETIVO,C51L41,POINT (-61.13385100389987 -8.24646601681528)
2024,CORTE SELETIVO,C51L41,POINT (-61.148244422392814 -8.246046280577838)
2024,CORTE SELETIVO,C51L41,POINT (-61.133958154458085 -8.245901341004194)
2024,CORTE SELETIVO,C51L41,POINT (-61.11582502492183 -8.234951285278235)
2024,CORTE SELETIVO,C51L41,POINT (-61.11574904242774 -8.23052069157712)
2024,CORTE SELETIVO,C51L41,POINT (-61.11923419393261 -8.22284695163985)
2024,CORTE SELETIVO,C51L41,POINT (-61.118637478534694 -8.222287109248978)
2024,CORTE SELETIVO,C51L41,POINT (-61.11150489407301 -8.23880206712599)
2024,CORTE SELETIVO,C51L41,POINT (-61.10754308154274 -8.238329489782048)
2024,CORTE SELETIVO,C51L41,POINT (-61.107190449234416 -8.238390859872334)
2024,CORTE SELETIVO,C51L41,POINT (-61.10907944757549 -8.238272878293595)
2024,CORTE SELETIVO,C51L41,POINT (-61.106500661900476 -8.238065665111844)
2024,CORTE SELETIVO,C51L41,POINT (-61.10579776357715 -8.237905056218496)
2024,CORTE SELETIVO,C51L41,POINT (-61.10533175878102 -8.237889514178217)
2024,CORTE SELETIVO,C51L41,POINT (-61.10826671901244 -8.237522303475062)
2024,CORTE SELETIVO,C51L41,POINT (-61.10451439751759 -8.237048084202872)
2024,CORTE SELETIVO,C51L41,POINT (-61.10822170367494 -8.236810395281166)
2024,CORTE SELETIVO,C51L41,POINT (-61.10807004109483 -8.236824799023648)
2024,CORTE SELETIVO,C51L41,POINT (-61.10791961285679 -8.23678616094988)
2024,CORTE SELETIVO,C51L41,POINT (-61.10656487058534 -8.236521380268726)
2024,CORTE SELETIVO,C51L41,POINT (-61.10515093264467 -8.236411287144884)
2024,CORTE SELETIVO,C51L41,POINT (-61.11054616760352 -8.236327097412056)
2024,CORTE SELETIVO,C51L41,POINT (-61.10503722457317 -8.236309623771481)
2024,CORTE SELETIVO,C51L41,POINT (-61.11258536748119 -8.23613650560794)
2024,CORTE SELETIVO,C51L41,POINT (-61.10436695610632 -8.235337027214934)
2024,CORTE SELETIVO,C51L41,POINT (-61.10931935518107 -8.235084889596099)
2024,CORTE SELETIVO,C51L41,POINT (-61.10848099195804 -8.234822555572565)
2024,CORTE SELETIVO,C51L41,POINT (-61.110494748810936 -8.234609258650954)
2024,CORTE SELETIVO,C51L41,POINT (-61.110672931360554 -8.234545727330701)
2024,CORTE SELETIVO,C51L41,POINT (-61.10492874367547 -8.234356347575002)
2024,CORTE SELETIVO,C51L41,POINT (-61.11075558959844 -8.234322314033387)
2024,CORTE SELETIVO,C51L41,POINT (-61.10549476973839 -8.234244676296745)
2024,CORTE SELETIVO,C51L41,POINT (-61.10743185893037 -8.23408835342709)
2024,CORTE SELETIVO,C51L41,POINT (-61.10785646395445 -8.233880086637196)
2024,CORTE SELETIVO,C51L41,POINT (-61.11384420808327 -8.23354402376556)
2024,CORTE SELETIVO,C51L41,POINT (-61.10839967987644 -8.23341679046208)
2024,CORTE SELETIVO,C51L41,POINT (-61.113074992192914 -8.23312849155947)
2024,CORTE SELETIVO,C51L41,POINT (-61.1085826240286 -8.23281848145295)
2024,CORTE SELETIVO,C51L41,POINT (-61.10050024500307 -8.232377860427865)
2024,CORTE SELETIVO,C51L41,POINT (-61.10526334537468 -8.231042837147688)
2024,CORTE SELETIVO,C51L41,POINT (-61.09690225312825 -8.22970213946648)
2024,CORTE SELETIVO,C51L41,POINT (-61.09267767021728 -8.228674442612201)
2024,CORTE SELETIVO,C51L41,POINT (-61.10621445678821 -8.228357658657336)
2024,CORTE SELETIVO,C51L41,POINT (-61.11390388394469 -8.228292542548584)
2024,CORTE SELETIVO,C51L41,POINT (-61.10455168669329 -8.228088314911236)
2024,CORTE SELETIVO,C51L41,POINT (-61.11230146676389 -8.227872407414704)
2024,CORTE SELETIVO,C51L41,POINT (-61.11445757953692 -8.226990332164346)
2024,CORTE SELETIVO,C51L41,POINT (-61.11384278845707 -8.226293729341473)
2024,CORTE SELETIVO,C51L41,POINT (-61.11398602783313 -8.225931069520367)
2024,CORTE SELETIVO,C51L41,POINT (-61.11343100694341 -8.225362639418687)
2024,CORTE SELETIVO,C51L41,POINT (-61.11373349039561 -8.224282141090132)
2024,CORTE SELETIVO,C51L41,POINT (-61.11452007006113 -8.224231411389795)
2024,CORTE SELETIVO,C51L41,POINT (-61.114323166393405 -8.224072192494637)
2024,CORTE SELETIVO,C51L41,POINT (-61.096395426118676 -8.22223087088179)
2024,CORTE SELETIVO,C51L41,POINT (-61.09512482008142 -8.2222720621989)
2024,CORTE SELETIVO,C51L41,POINT (-61.09556425801275 -8.222173693708163)
2024,CORTE SELETIVO,C51L41,POINT (-61.09603463685345 -8.220576761699125)
2024,CORTE SELETIVO,C51L41,POINT (-61.09619483561338 -8.220492781518619)
2024,CORTE SELETIVO,C51L41,POINT (-61.224124501863756 -8.247095251011899)
2024,CORTE SELETIVO,C51L41,POINT (-61.144428267989696 -8.24424442286939)
2024,CORTE SELETIVO,C51L41,POINT (-61.17204576220538 -8.196245365484982)
2024,CORTE SELETIVO,C51L41,POINT (-61.10226040398212 -8.23203639288242)
2024,CORTE SELETIVO,C51L41,POINT (-61.22306488334212 -8.241017754246707)
2024,CORTE SELETIVO,C51L41,POINT (-61.220516573046055 -8.23986449497256)
2024,CORTE SELETIVO,C51L41,POINT (-61.223942125993396 -8.234515558765207)
2024,CORTE SELETIVO,C51L41,POINT (-61.224294428036174 -8.234233811655312)
2024,CORTE SELETIVO,C51L41,POINT (-61.21381129240887 -8.232252319235585)
2024,CORTE SELETIVO,C51L41,POINT (-61.18695250357901 -8.169910033022054)
2024,CORTE SELETIVO,C51L41,POINT (-61.17506626139963 -8.17910846861711)
2024,CORTE SELETIVO,C51L41,POINT (-61.172294878937564 -8.196167176370931)
2024,CORTE SELETIVO,C51L41,POINT (-61.172937695367324 -8.172405566229648)
2024,CORTE SELETIVO,C51L41,POINT (-61.17241438862355 -8.17235487989071)
2024,CORTE SELETIVO,C51L41,POINT (-61.17239450040341 -8.171955363247585)
2024,CORTE SELETIVO,C51L41,POINT (-61.17279479364756 -8.171447006132695)
2024,CORTE SELETIVO,C51L41,POINT (-61.1679231152484 -8.238866394632817)
2024,CORTE SELETIVO,C51L41,POINT (-61.15962349519908 -8.249882084142914)
2024,CORTE SELETIVO,C51L41,POINT (-61.155025199729664 -8.245122290606533)
2024,CORTE SELETIVO,C51L41,POINT (-61.1547671818101 -8.245109332707571)
2024,CORTE SELETIVO,C51L41,POINT (-61.138416159704136 -8.243446178876475)
2024,CORTE SELETIVO,C51L41,POINT (-61.204642062971956 -8.235082176315593)
2024,CORTE SELETIVO,C51L41,POINT (-61.207977196339336 -8.229901231705156)
2024,CORTE SELETIVO,C51L41,POINT (-61.17135795731983 -8.197851911407676)
2024,CORTE SELETIVO,C51L41,POINT (-61.1596412314345 -8.247147707450528)
2024,CORTE SELETIVO,C51L41,POINT (-61.14440993188365 -8.24411855813468)
2024,CORTE SELETIVO,C51L41,POINT (-61.224079077364266 -8.247118779032581)
2024,CORTE SELETIVO,C51L41,POINT (-61.14575424783579 -8.249413431492064)
2024,CORTE SELETIVO,C51L41,POINT (-61.21596136877079 -8.242120686669681)
2024,CORTE SELETIVO,C51L41,POINT (-61.226183842327025 -8.24144872150662)
2024,CORTE SELETIVO,C51L41,POINT (-61.22291436255052 -8.23916792731936)
2024,CORTE SELETIVO,C51L41,POINT (-61.227860790283756 -8.23849961880755)
2024,CORTE SELETIVO,C51L41,POINT (-61.229154998131314 -8.23789196030283)
2024,CORTE SELETIVO,C51L41,POINT (-61.220779855833186 -8.236398865999746)
2024,CORTE SELETIVO,C51L41,POINT (-61.22372753728975 -8.23604690397156)
2024,CORTE SELETIVO,C51L41,POINT (-61.197828787838084 -8.2356663068917)
2024,CORTE SELETIVO,C51L41,POINT (-61.224275989357054 -8.234477629212885)
2024,CORTE SELETIVO,C51L41,POINT (-61.21321437795981 -8.23319119790923)
2024,CORTE SELETIVO,C51L41,POINT (-61.221540839519946 -8.232977766265956)
2024,CORTE SELETIVO,C51L41,POINT (-61.22103662710931 -8.232603639009433)
2024,CORTE SELETIVO,C51L41,POINT (-61.222513404582436 -8.232600790971016)
2024,CORTE SELETIVO,C51L41,POINT (-61.222222073539655 -8.232518126241668)
2024,CORTE SELETIVO,C51L41,POINT (-61.22402327083551 -8.232449773510591)
2024,CORTE SELETIVO,C51L41,POINT (-61.219622790797835 -8.23170888145856)
2024,CORTE SELETIVO,C51L41,POINT (-61.18605822284626 -8.17094142328196)
2024,CORTE SELETIVO,C51L41,POINT (-61.18628935137852 -8.170979771593117)
2024,CORTE SELETIVO,C51L41,POINT (-61.17278263994391 -8.194869371439903)
2024,CORTE SELETIVO,C51L41,POINT (-61.173013567661485 -8.193966198136625)
2024,CORTE SELETIVO,C51L41,POINT (-61.17328004197946 -8.19389647421124)
2024,CORTE SELETIVO,C51L41,POINT (-61.17422422626482 -8.192394018600197)
2024,CORTE SELETIVO,C51L41,POINT (-61.17498108535248 -8.179590673800108)
2024,CORTE SELETIVO,C51L41,POINT (-61.17309453890306 -8.172917416658574)
2024,CORTE SELETIVO,C51L41,POINT (-61.172918645171514 -8.172762511561915)
2024,CORTE SELETIVO,C51L41,POINT (-61.172349186094486 -8.172380558549612)
2024,CORTE SELETIVO,C51L41,POINT (-61.17293571247394 -8.172387186008475)
2024,CORTE SELETIVO,C51L41,POINT (-61.17234253012382 -8.17206226642433)
2024,CORTE SELETIVO,C51L41,POINT (-61.17262906565335 -8.17195109716345)
2024,CORTE SELETIVO,C51L41,POINT (-61.17266516702019 -8.171282845965932)
2024,CORTE SELETIVO,C51L41,POINT (-61.171856394607296 -8.196510159051588)
2024,CORTE SELETIVO,C51L41,POINT (-61.171237566473785 -8.196447133062476)
2024,CORTE SELETIVO,C51L41,POINT (-61.17137521498723 -8.196319177525169)
2024,CORTE SELETIVO,C51L41,POINT (-61.171573159224344 -8.196285481823857)
2024,CORTE SELETIVO,C51L41,POINT (-61.17184030815777 -8.19570790658127)
2024,CORTE SELETIVO,C51L41,POINT (-61.17216306563648 -8.195574238008685)
2024,CORTE SELETIVO,C51L41,POINT (-61.17201605815252 -8.195380914769506)
2024,CORTE SELETIVO,C51L41,POINT (-61.17204783749489 -8.194950458602502)
2024,CORTE SELETIVO,C51L41,POINT (-61.17219108036014 -8.173533813270808)
2024,CORTE SELETIVO,C51L41,POINT (-61.16798964055442 -8.248063861995064)
2024,CORTE SELETIVO,C51L41,POINT (-61.16778260257688 -8.239381165508425)
2024,CORTE SELETIVO,C51L41,POINT (-61.16786036423617 -8.239282990213622)
2024,CORTE SELETIVO,C51L41,POINT (-61.16709544202767 -8.246673788605984)
2024,CORTE SELETIVO,C51L41,POINT (-61.167171598257404 -8.239954760739463)
2024,CORTE SELETIVO,C51L41,POINT (-61.1666099078486 -8.239608920734371)
2024,CORTE SELETIVO,C51L41,POINT (-61.166489632897886 -8.239322419088955)
2024,CORTE SELETIVO,C51L41,POINT (-61.16657069127171 -8.239219328952073)
2024,CORTE SELETIVO,C51L41,POINT (-61.167394972715584 -8.239038881727057)
2024,CORTE SELETIVO,C51L41,POINT (-61.15961534229563 -8.249955011954384)
2024,CORTE SELETIVO,C51L41,POINT (-61.15945483999521 -8.24972602928897)
2024,CORTE SELETIVO,C51L41,POINT (-61.15741098676742 -8.248184993962262)
2024,CORTE SELETIVO,C51L41,POINT (-61.14670472561917 -8.247782286948837)
2024,CORTE SELETIVO,C51L41,POINT (-61.14652962302069 -8.247522798130781)
2024,CORTE SELETIVO,C51L41,POINT (-61.14663199963388 -8.247492374599865)
2024,CORTE SELETIVO,C51L41,POINT (-61.15617004358605 -8.247178964345652)
2024,CORTE SELETIVO,C51L41,POINT (-61.154954628532096 -8.245165522839525)
2024,CORTE SELETIVO,C51L41,POINT (-61.15515390285419 -8.243354348167607)
2024,CORTE SELETIVO,C51L41,POINT (-61.146566756977265 -8.243041049696002)
2024,CORTE SELETIVO,C51L41,POINT (-61.14815201441742 -8.242748999401396)
2024,CORTE SELETIVO,C51L41,POINT (-61.151430124567504 -8.242348346497517)
2024,CORTE SELETIVO,C51L41,POINT (-61.147558432266074 -8.242364828327213)
2024,CORTE SELETIVO,C51L41,POINT (-61.16217965796374 -8.241563835564643)
2024,CORTE SELETIVO,C51L41,POINT (-61.163138258443766 -8.241510313631094)
2024,CORTE SELETIVO,C51L41,POINT (-61.16308204895368 -8.241492648032297)
2024,CORTE SELETIVO,C51L41,POINT (-61.16366411045918 -8.241184103535392)
2024,CORTE SELETIVO,C51L41,POINT (-61.142582134668764 -8.249034319353072)
2024,CORTE SELETIVO,C51L41,POINT (-61.14120427780838 -8.245367677452059)
2024,CORTE SELETIVO,C51L41,POINT (-61.142807630765645 -8.245379158260208)
2024,CORTE SELETIVO,C51L41,POINT (-61.14113579523505 -8.245205902000434)
2024,CORTE SELETIVO,C51L41,POINT (-61.14150449668245 -8.244348480355356)
2024,CORTE SELETIVO,C51L41,POINT (-61.14162597588105 -8.244156932629814)
2024,CORTE SELETIVO,C51L41,POINT (-61.14167239573551 -8.24368610286786)
2024,CORTE SELETIVO,C51L41,POINT (-61.107710133164325 -8.242419328765067)
2024,CORTE SELETIVO,C51L41,POINT (-61.10789075968889 -8.24219620970158)
2024,CORTE SELETIVO,C51L41,POINT (-61.142259773899696 -8.241559175109622)
2024,CORTE SELETIVO,C51L41,POINT (-61.11117623264198 -8.238336962999814)
2024,CORTE SELETIVO,C51L41,POINT (-61.10731920607453 -8.238376169737395)
2024,CORTE SELETIVO,C51L41,POINT (-61.11297727309156 -8.237296706117649)
2024,CORTE SELETIVO,C51L41,POINT (-61.10705383726571 -8.235527854053878)
2024,CORTE SELETIVO,C51L41,POINT (-61.11312459375286 -8.23527366035734)
2024,CORTE SELETIVO,C51L41,POINT (-61.10728794400134 -8.235178319758694)
2024,CORTE SELETIVO,C51L41,POINT (-61.1051367984991 -8.234892651284074)
2024,CORTE SELETIVO,C51L41,POINT (-61.10824062758976 -8.233919218028268)
2024,CORTE SELETIVO,C51L41,POINT (-61.108498782867755 -8.233817525252054)
2024,CORTE SELETIVO,C51L41,POINT (-61.104077114019084 -8.233525078163519)
2024,CORTE SELETIVO,C51L41,POINT (-61.11366542007356 -8.23324822859104)
2024,CORTE SELETIVO,C51L41,POINT (-61.11593741363469 -8.2331054105659)
2024,CORTE SELETIVO,C51L41,POINT (-61.11358154738575 -8.233040667039791)
2024,CORTE SELETIVO,C51L41,POINT (-61.113305675396745 -8.232847071163699)
2024,CORTE SELETIVO,C51L41,POINT (-61.1089126304663 -8.232727481429949)
2024,CORTE SELETIVO,C51L41,POINT (-61.10251519112343 -8.23228134684892)
2024,CORTE SELETIVO,C51L41,POINT (-61.11389049555114 -8.231986185806267)
2024,CORTE SELETIVO,C51L41,POINT (-61.11353272443338 -8.231858782262583)
2024,CORTE SELETIVO,C51L41,POINT (-61.10816972357799 -8.231128614675008)
2024,CORTE SELETIVO,C51L41,POINT (-61.114098019960096 -8.230152556090523)
2024,CORTE SELETIVO,C51L41,POINT (-61.09711529278559 -8.229772134369806)
2024,CORTE SELETIVO,C51L41,POINT (-61.09681924341142 -8.22978520850392)
2024,CORTE SELETIVO,C51L41,POINT (-61.101034639470555 -8.229754039292136)
2024,CORTE SELETIVO,C51L41,POINT (-61.105074155611966 -8.22965473650824)
2024,CORTE SELETIVO,C51L41,POINT (-61.11617304356392 -8.229512178320523)
2024,CORTE SELETIVO,C51L41,POINT (-61.10089786588726 -8.229484729758612)
2024,CORTE SELETIVO,C51L41,POINT (-61.09662790482003 -8.229424316903465)
2024,CORTE SELETIVO,C51L41,POINT (-61.098910721079335 -8.22929549045789)
2024,CORTE SELETIVO,C51L41,POINT (-61.09921128110345 -8.229256392055687)
2024,CORTE SELETIVO,C51L41,POINT (-61.11434876695464 -8.229048032733798)
2024,CORTE SELETIVO,C51L41,POINT (-61.10645052824195 -8.228801150727225)
2024,CORTE SELETIVO,C51L41,POINT (-61.10620730572344 -8.228790994667568)
2024,CORTE SELETIVO,C51L41,POINT (-61.10105819229818 -8.228327492134063)
2024,CORTE SELETIVO,C51L41,POINT (-61.11393656294107 -8.228113175909792)
2024,CORTE SELETIVO,C51L41,POINT (-61.114366592905974 -8.227935256214064)
2024,CORTE SELETIVO,C51L41,POINT (-61.11352481880363 -8.227809573875687)
2024,CORTE SELETIVO,C51L41,POINT (-61.113097678620896 -8.227774171039513)
2024,CORTE SELETIVO,C51L41,POINT (-61.11330362470282 -8.227711107876848)
2024,CORTE SELETIVO,C51L41,POINT (-61.112150045507164 -8.22758132882323)
2024,CORTE SELETIVO,C51L41,POINT (-61.113170097363664 -8.22754796512862)
2024,CORTE SELETIVO,C51L41,POINT (-61.11347338448568 -8.227550173387106)
2024,CORTE SELETIVO,C51L41,POINT (-61.09629325195056 -8.2274734406698)
2024,CORTE SELETIVO,C51L41,POINT (-61.097980145661516 -8.227222197742657)
2024,CORTE SELETIVO,C51L41,POINT (-61.09779962741628 -8.227207488002971)
2024,CORTE SELETIVO,C51L41,POINT (-61.112723386746 -8.227171574220462)
2024,CORTE SELETIVO,C51L41,POINT (-61.09783221991899 -8.227047722001421)
2024,CORTE SELETIVO,C51L41,POINT (-61.09838416693696 -8.226818750057465)
2024,CORTE SELETIVO,C51L41,POINT (-61.09821564225114 -8.226626947891958)
2024,CORTE SELETIVO,C51L41,POINT (-61.09838955931209 -8.226544294455822)
2024,CORTE SELETIVO,C51L41,POINT (-61.098270986158084 -8.226475931647688)
2024,CORTE SELETIVO,C51L41,POINT (-61.09739597426748 -8.225969053875112)
2024,CORTE SELETIVO,C51L41,POINT (-61.11563454969398 -8.224443851631067)
2024,CORTE SELETIVO,C51L41,POINT (-61.11579645089833 -8.224211830979225)
2024,CORTE SELETIVO,C51L41,POINT (-61.117947236638045 -8.223439962053751)
2024,CORTE SELETIVO,C51L41,POINT (-61.099335513792205 -8.220747636259775)
2024,CORTE SELETIVO,C51L41,POINT (-61.10228265287057 -8.231898400756274)
2024,CORTE SELETIVO,C51L41,POINT (-61.111897486701345 -8.238417525948154)
2024,CORTE SELETIVO,C51L41,POINT (-61.10244520188137 -8.231757395129762)
2024,CORTE SELETIVO,C51L41,POINT (-61.20949085873428 -8.237415962010546)
2024,CORTE SELETIVO,C51L41,POINT (-61.10232155802764 -8.231852825181694)
2024,CORTE SELETIVO,C51L41,POINT (-61.173095921056166 -8.193740151066983)
2024,CORTE SELETIVO,C51L41,POINT (-61.10230706354387 -8.231985358054997)
2024,CORTE SELETIVO,C51L41,POINT (-61.10238450042869 -8.23205260359554)
2024,CORTE SELETIVO,C51L41,POINT (-61.226740819592145 -8.239170074196307)
2024,CORTE SELETIVO,C51L41,POINT (-61.21583993937422 -8.235900750587554)
2024,CORTE SELETIVO,C51L41,POINT (-61.22322878269296 -8.230326314683246)
2024,CORTE SELETIVO,C51L41,POINT (-61.208069058052985 -8.22987202898011)
2024,CORTE SELETIVO,C51L41,POINT (-61.16532925374515 -8.248911038058809)
2024,CORTE SELETIVO,C51L41,POINT (-61.096472123463975 -8.22937400836819)
2024,CORTE SELETIVO,C51L41,POINT (-61.096161946017105 -8.225699196211869)
2024,CORTE SELETIVO,C51L41,POINT (-61.10251887321588 -8.23210083171836)
2024,CORTE SELETIVO,C51L41,POINT (-61.21433517157121 -8.245562323031027)
2024,CORTE SELETIVO,C51L41,POINT (-61.222029398879116 -8.24189401031257)
2024,CORTE SELETIVO,C51L41,POINT (-61.223521983577896 -8.241109548965586)
2024,CORTE SELETIVO,C51L41,POINT (-61.22070904753747 -8.236269155172105)
2024,CORTE SELETIVO,C51L41,POINT (-61.21140963003074 -8.235393003466335)
2024,CORTE SELETIVO,C51L41,POINT (-61.21140158081323 -8.231196046004676)
2024,CORTE SELETIVO,C51L41,POINT (-61.17214851510176 -8.19573214304463)
2024,CORTE SELETIVO,C51L41,POINT (-61.172382536021765 -8.195551775348893)
2024,CORTE SELETIVO,C51L41,POINT (-61.22384906614641 -8.24005558947932)
2024,CORTE SELETIVO,C51L41,POINT (-61.207717263848735 -8.230389788777371)
2024,CORTE SELETIVO,C51L41,POINT (-61.207991411227795 -8.230125256206053)
2024,CORTE SELETIVO,C51L41,POINT (-61.14271976583199 -8.249249064647184)
2024,CORTE SELETIVO,C51L41,POINT (-61.096026074603415 -8.225969336855117)
2024,CORTE SELETIVO,C51L41,POINT (-61.09594205021004 -8.225610459501072)
2024,CORTE SELETIVO,C51L41,POINT (-61.09609969968503 -8.22554204288361)
2024,CORTE SELETIVO,C51L41,POINT (-61.14384484475591 -8.246585875252428)
2024,CORTE SELETIVO,C51L41,POINT (-61.22204882911342 -8.241980864653279)
2024,CORTE SELETIVO,C51L41,POINT (-61.17690981647576 -8.18056927952117)
2024,CORTE SELETIVO,C51L41,POINT (-61.16645433275659 -8.247318630811408)
2024,CORTE SELETIVO,C51L41,POINT (-61.167176703013816 -8.246662235532845)
2024,CORTE SELETIVO,C51L41,POINT (-61.16708707278735 -8.24649660888414)
2024,CORTE SELETIVO,C51L41,POINT (-61.172967191518914 -8.172253129827151)
2024,CORTE SELETIVO,C51L41,POINT (-61.14657801346798 -8.247379705799753)
2024,CORTE SELETIVO,C51L41,POINT (-61.156338482913405 -8.246997988553288)
2024,CORTE SELETIVO,C51L41,POINT (-61.157490883665844 -8.246530621239952)
2024,CORTE SELETIVO,C51L41,POINT (-61.14120119211781 -8.245051300202812)
2024,CORTE SELETIVO,C51L41,POINT (-61.155024169536354 -8.245053800520282)
2024,CORTE SELETIVO,C51L41,POINT (-61.14184294032643 -8.243619468937494)
2024,CORTE SELETIVO,C51L41,POINT (-61.13486125491446 -8.242361076365396)
2024,CORTE SELETIVO,C51L41,POINT (-61.14090079614892 -8.242149868275368)
2024,CORTE SELETIVO,C51L41,POINT (-61.13474594865212 -8.241758948144076)
2024,CORTE SELETIVO,C51L41,POINT (-61.21989846695843 -8.24437758163041)
2024,CORTE SELETIVO,C51L41,POINT (-61.22363284626097 -8.239867790635389)
2024,CORTE SELETIVO,C51L41,POINT (-61.21175666525771 -8.238121675354648)
2024,CORTE SELETIVO,C51L41,POINT (-61.20799630755828 -8.230391653010608)
2024,CORTE SELETIVO,C51L41,POINT (-61.20789882146785 -8.23013686714332)
2024,CORTE SELETIVO,C51L41,POINT (-61.20807463075268 -8.230131886368422)
2024,CORTE SELETIVO,C51L41,POINT (-61.203800936947204 -8.229574832006067)
2024,CORTE SELETIVO,C51L41,POINT (-61.201821856273405 -8.248617546766466)
2024,CORTE SELETIVO,C51L41,POINT (-61.20173480029938 -8.248573152501141)
2024,CORTE SELETIVO,C51L41,POINT (-61.201919718783735 -8.248481188287862)
2024,CORTE SELETIVO,C51L41,POINT (-61.09755091364914 -8.235906227740022)
2024,CORTE SELETIVO,C51L41,POINT (-61.11582988425053 -8.231901271279051)
2024,CORTE SELETIVO,C51L41,POINT (-61.09614493096489 -8.229343159212732)
2024,CORTE SELETIVO,C51L41,POINT (-61.09596474065063 -8.229098023474558)
2024,CORTE SELETIVO,C51L41,POINT (-61.095924910182205 -8.22885135719006)
2024,CORTE SELETIVO,C51L41,POINT (-61.0961849806671 -8.225508402692858)
2024,CORTE SELETIVO,C51L41,POINT (-61.143748680113056 -8.246598633883563)
2024,VEGETACAO NATURAL FLORESTAL PRIMARIA,C51L41,POINT (-61.13788715899995 -8.040654166999966)
2024,VEGETACAO NATURAL FLORESTAL PRIMARIA,C51L41,POINT (-61.117007158999954 -8.161614166999966)
2024,VEGETACAO NATURAL FLORESTAL PRIMARIA,C51L41,POINT (-61.245527158999955 -8.021124166999966)
2024,VEGETACAO NATURAL FLORESTAL PRIMARIA,C51L41,POINT (-61.09855715899995 -8.222094166999966)
2024,VEGETACAO NATURAL FLORESTAL PRIMARIA,C51L41,POINT (-61.09702715899995 -8.061804166999966)
2024,VEGETACAO NATURAL FLORESTAL PRIMARIA,C51L41,POINT (-61.02439715899995 -8.249184166999965)
2024,VEGETACAO NATURAL FLORESTAL PRIMARIA,C51L41,POINT (-61.16929715899995 -8.081244166999966)
2024,VEGETACAO NATURAL FLORESTAL PRIMARIA,C51L41,POINT (-61.10269715899995 -8.051184166999967)
2024,VEGETACAO NATURAL FLORESTAL PRIMARIA,C51L41,POINT (-61.08559715899995 -8.149644166999966)
2024,VEGETACAO NATURAL FLORESTAL PRIMARIA,C51L41,POINT (-61.20790715899995 -8.206344166999965)
2024,VEGETACAO NATURAL FLORESTAL PRIMARIA,C51L41,POINT (-61.11151715899995 -8.242614166999966)
2024,VEGETACAO NATURAL FLORESTAL PRIMARIA,C51L41,POINT (-61.219157158999955 -8.029584166999966)
2024,VEGETACAO NATURAL FLORESTAL PRIMARIA,C51L41,POINT (-61.170197158999954 -8.108424166999967)
2024,VEGETACAO NATURAL FLORESTAL PRIMARIA,C51L41,POINT (-61.047347158999955 -8.097534166999965)
2024,VEGETACAO NATURAL FLORESTAL PRIMARIA,C51L41,POINT (-61.223207158999955 -8.023734166999967)
2024,VEGETACAO NATURAL FLORESTAL PRIMARIA,C51L41,POINT (-61.065347158999955 -8.183304166999966)
2024,VEGETACAO NATURAL FLORESTAL PRIMARIA,C51L41,POINT (-61.21708715899995 -8.017524166999966)
2024,VEGETACAO NATURAL FLORESTAL PRIMARIA,C51L41,POINT (-61.21195715899995 -8.005464166999966)
2024,VEGETACAO NATURAL FLORESTAL PRIMARIA,C51L41,POINT (-61.03960715899996 -8.089794166999967)
2024,VEGETACAO NATURAL FLORESTAL PRIMARIA,C51L41,POINT (-61.05247715899995 -8.061174166999967)
2024,VEGETACAO NATURAL FLORESTAL PRIMARIA,C51L41,POINT (-61.179287158999955 -8.142804166999966)
2024,VEGETACAO NATURAL FLORESTAL PRIMARIA,C51L41,POINT (-61.08865715899995 -8.118414166999965)
2024,VEGETACAO NATURAL FLORESTAL PRIMARIA,C51L41,POINT (-61.007927158999955 -8.105274166999966)
2024,VEGETACAO NATURAL FLORESTAL PRIMARIA,C51L41,POINT (-61.08379715899996 -8.053704166999966)
2024,VEGETACAO NATURAL FLORESTAL PRIMARIA,C51L41,POINT (-61.105037158999956 -8.105184166999967)
2024,VEGETACAO NATURAL FLORESTAL PRIMARIA,C51L41,POINT (-61.00162715899995 -8.052894166999966)
2024,VEGETACAO NATURAL FLORESTAL PRIMARIA,C51L41,POINT (-61.02259715899996 -8.199144166999966)
2024,VEGETACAO NATURAL FLORESTAL PRIMARIA,C51L41,POINT (-61.10521715899995 -8.202564166999966)
2024,VEGETACAO NATURAL FLORESTAL PRIMARIA,C51L41,POINT (-61.157507158999955 -8.165214166999966)
2024,VEGETACAO NATURAL FLORESTAL PRIMARIA,C51L41,POINT (-61.24606715899995 -8.155134166999966)
2024,VEGETACAO NATURAL FLORESTAL PRIMARIA,C51L41,POINT (-61.188377158999955 -8.158284166999966)
2024,VEGETACAO NATURAL FLORESTAL PRIMARIA,C51L41,POINT (-61.06264715899995 -8.046954166999967)
2024,VEGETACAO NATURAL FLORESTAL PRIMARIA,C51L41,POINT (-61.15534715899995 -8.146944166999965)
2024,VEGETACAO NATURAL FLORESTAL PRIMARIA,C51L41,POINT (-61.135727158999956 -8.013114166999966)
2024,VEGETACAO NATURAL FLORESTAL PRIMARIA,C51L41,POINT (-61.197377158999956 -8.018514166999966)
2024,VEGETACAO NATURAL FLORESTAL PRIMARIA,C51L41,POINT (-61.016927158999955 -8.150184166999967)
2024,VEGETACAO NATURAL FLORESTAL PRIMARIA,C51L41,POINT (-61.030067158999955 -8.102844166999967)
2024,VEGETACAO NATURAL FLORESTAL PRIMARIA,C51L41,POINT (-61.007477158999954 -8.069544166999966)
2024,VEGETACAO NATURAL FLORESTAL PRIMARIA,C51L41,POINT (-61.16812715899995 -8.050914166999966)
2024,VEGETACAO NATURAL FLORESTAL PRIMARIA,C51L41,POINT (-61.05904715899995 -8.108514166999965)
2024,VEGETACAO NATURAL FLORESTAL PRIMARIA,C51L41,POINT (-61.19539715899995 -8.194014166999967)
2024,VEGETACAO NATURAL FLORESTAL PRIMARIA,C51L41,POINT (-61.17721715899995 -8.091684166999967)
2024,VEGETACAO NATURAL FLORESTAL PRIMARIA,C51L41,POINT (-61.16920715899995 -8.247024166999966)
2024,VEGETACAO NATURAL FLORESTAL PRIMARIA,C51L41,POINT (-61.15840715899995 -8.162244166999967)
2024,VEGETACAO NATURAL FLORESTAL PRIMARIA,C51L41,POINT (-61.113317158999955 -8.158104166999966)
2024,VEGETACAO NATURAL FLORESTAL PRIMARIA,C51L41,POINT (-61.04005715899996 -8.004114166999965)
2024,VEGETACAO NATURAL FLORESTAL PRIMARIA,C51L41,POINT (-61.00135715899995 -8.107524166999966)
2024,VEGETACAO NATURAL FLORESTAL PRIMARIA,C51L41,POINT (-61.23328715899996 -8.095194166999967)
2024,VEGETACAO NATURAL FLORESTAL PRIMARIA,C51L41,POINT (-61.00099715899995 -8.191224166999966)
2024,VEGETACAO NATURAL FLORESTAL PRIMARIA,C51L41,POINT (-61.20340715899995 -8.065224166999966)
2024,VEGETACAO NATURAL FLORESTAL PRIMARIA,C51L41,POINT (-61.10332715899995 -8.219844166999966)
2024,VEGETACAO NATURAL FLORESTAL PRIMARIA,C51L41,POINT (-61.14040715899995 -8.177904166999966)
2024,VEGETACAO NATURAL FLORESTAL PRIMARIA,C51L41,POINT (-61.064357158999954 -8.000784166999967)
2024,VEGETACAO NATURAL FLORESTAL PRIMARIA,C51L41,POINT (-61.15426715899996 -8.103024166999965)
2024,VEGETACAO NATURAL FLORESTAL PRIMARIA,C51L41,POINT (-61.122587158999956 -8.136774166999967)
2024,VEGETACAO NATURAL FLORESTAL PRIMARIA,C51L41,POINT (-61.06759715899995 -8.105454166999966)
2024,VEGETACAO NATURAL FLORESTAL PRIMARIA,C51L41,POINT (-61.148237158999954 -8.138754166999966)
2024,VEGETACAO NATURAL FLORESTAL PRIMARIA,C51L41,POINT (-61.222847158999954 -8.178984166999966)
2024,VEGETACAO NATURAL FLORESTAL PRIMARIA,C51L41,POINT (-61.068947158999954 -8.216514166999966)
2024,VEGETACAO NATURAL FLORESTAL PRIMARIA,C51L41,POINT (-61.248857158999954 -8.010234166999966)
2024,VEGETACAO NATURAL FLORESTAL PRIMARIA,C51L41,POINT (-61.083257158999956 -8.163684166999966)
2024,VEGETACAO NATURAL FLORESTAL PRIMARIA,C51L41,POINT (-61.086497158999954 -8.232174166999966)
2024,VEGETACAO NATURAL FLORESTAL PRIMARIA,C51L41,POINT (-61.09684715899995 -8.171784166999966)
2024,VEGETACAO NATURAL FLORESTAL PRIMARIA,C51L41,POINT (-61.07038715899995 -8.126334166999966)
2024,VEGETACAO NATURAL FLORESTAL PRIMARIA,C51L41,POINT (-61.12096715899995 -8.052714166999966)
2024,VEGETACAO NATURAL FLORESTAL PRIMARIA,C51L41,POINT (-61.104677158999955 -8.071794166999966)
2024,VEGETACAO NATURAL FLORESTAL PRIMARIA,C51L41,POINT (-61.232297158999955 -8.195814166999966)
2024,VEGETACAO NATURAL FLORESTAL PRIMARIA,C51L41,POINT (-61.20682715899996 -8.085654166999966)
2024,VEGETACAO NATURAL FLORESTAL PRIMARIA,C51L41,POINT (-61.056077158999955 -8.249364166999966)
2024,VEGETACAO NATURAL FLORESTAL PRIMARIA,C51L41,POINT (-61.22077715899995 -8.221104166999966)
2024,VEGETACAO NATURAL FLORESTAL PRIMARIA,C51L41,POINT (-61.14076715899995 -8.220114166999966)
2024,VEGETACAO NATURAL FLORESTAL PRIMARIA,C51L41,POINT (-61.09828715899995 -8.118774166999966)
2024,VEGETACAO NATURAL FLORESTAL PRIMARIA,C51L41,POINT (-61.06156715899995 -8.238294166999966)
2024,VEGETACAO NATURAL FLORESTAL PRIMARIA,C51L41,POINT (-61.073537158999954 -8.081604166999966)
2024,VEGETACAO NATURAL FLORESTAL PRIMARIA,C51L41,POINT (-61.01386715899996 -8.240004166999967)
2024,VEGETACAO NATURAL FLORESTAL PRIMARIA,C51L41,POINT (-61.06309715899995 -8.098884166999966)
2024,VEGETACAO NATURAL FLORESTAL PRIMARIA,C51L41,POINT (-61.008017158999955 -8.068824166999967)
2024,VEGETACAO NATURAL FLORESTAL PRIMARIA,C51L41,POINT (-61.00981715899995 -8.114724166999967)
2024,VEGETACAO NATURAL FLORESTAL PRIMARIA,C51L41,POINT (-61.091447158999955 -8.236494166999966)
2024,VEGETACAO NATURAL FLORESTAL PRIMARIA,C51L41,POINT (-61.074617158999956 -8.223804166999967)
2024,VEGETACAO NATURAL FLORESTAL PRIMARIA,C51L41,POINT (-61.18054715899996 -8.009874166999966)
2024,VEGETACAO NATURAL FLORESTAL PRIMARIA,C51L41,POINT (-61.232387158999956 -8.017884166999966)
2024,VEGETACAO NATURAL FLORESTAL PRIMARIA,C51L41,POINT (-61.15489715899995 -8.052984166999966)
2024,VEGETACAO NATURAL FLORESTAL PRIMARIA,C51L41,POINT (-61.166057158999955 -8.028054166999967)
2024,VEGETACAO NATURAL FLORESTAL PRIMARIA,C51L41,POINT (-61.099547158999954 -8.094204166999967)
2024,VEGETACAO NATURAL FLORESTAL PRIMARIA,C51L41,POINT (-61.170737158999955 -8.134704166999967)
2024,VEGETACAO NATURAL FLORESTAL PRIMARIA,C51L41,POINT (-61.18486715899995 -8.004834166999967)
2024,VEGETACAO NATURAL FLORESTAL PRIMARIA,C51L41,POINT (-61.21267715899995 -8.180514166999966)
2024,VEGETACAO NATURAL FLORESTAL PRIMARIA,C51L41,POINT (-61.12375715899995 -8.184474166999966)
2024,VEGETACAO NATURAL FLORESTAL PRIMARIA,C51L41,POINT (-61.060127158999954 -8.186814166999966)
2024,VEGETACAO NATURAL FLORESTAL PRIMARIA,C51L41,POINT (-61.02853715899995 -8.247924166999967)
2024,VEGETACAO NATURAL FLORESTAL PRIMARIA,C51L41,POINT (-61.182887158999954 -8.118144166999967)
2024,VEGETACAO NATURAL FLORESTAL PRIMARIA,C51L41,POINT (-61.09360715899995 -8.111484166999967)
2024,VEGETACAO NATURAL FLORESTAL PRIMARIA,C51L41,POINT (-61.020527158999954 -8.160894166999967)
2024,VEGETACAO NATURAL FLORESTAL PRIMARIA,C51L41,POINT (-61.148417158999955 -8.143794166999966)
2024,VEGETACAO NATURAL FLORESTAL PRIMARIA,C51L41,POINT (-61.183427158999955 -8.107614166999966)
2024,VEGETACAO NATURAL FLORESTAL PRIMARIA,C51L41,POINT (-61.23490715899995 -8.049204166999965)
2024,VEGETACAO NATURAL FLORESTAL PRIMARIA,C51L41,POINT (-61.029887158999955 -8.169624166999967)
2024,VEGETACAO NATURAL FLORESTAL PRIMARIA,C51L41,POINT (-61.08595715899995 -8.235864166999967)
2024,VEGETACAO NATURAL FLORESTAL PRIMARIA,C51L41,POINT (-61.10782715899995 -8.120034166999966)
2024,VEGETACAO NATURAL FLORESTAL PRIMARIA,C51L41,POINT (-61.021247158999955 -8.094114166999967)
2024,VEGETACAO NATURAL FLORESTAL PRIMARIA,C51L41,POINT (-61.13284715899995 -8.213994166999965)
2024,VEGETACAO NATURAL FLORESTAL PRIMARIA,C51L41,POINT (-61.15498715899995 -8.138484166999966)
2024,VEGETACAO NATURAL FLORESTAL PRIMARIA,C51L41,POINT (-61.04995715899995 -8.129574166999966)
2024,VEGETACAO NATURAL FLORESTAL PRIMARIA,C51L41,POINT (-61.219157158999955 -8.027604166999966)
2024,VEGETACAO NATURAL FLORESTAL PRIMARIA,C51L41,POINT (-61.00162715899995 -8.146944166999965)
2024,VEGETACAO NATURAL FLORESTAL PRIMARIA,C51L41,POINT (-61.169837158999954 -8.128494166999966)
2024,VEGETACAO NATURAL FLORESTAL PRIMARIA,C51L41,POINT (-61.03510715899995 -8.236944166999967)
2024,VEGETACAO NATURAL FLORESTAL PRIMARIA,C51L41,POINT (-61.179377158999955 -8.139384166999966)
2024,VEGETACAO NATURAL FLORESTAL PRIMARIA,C51L41,POINT (-61.04419715899995 -8.233794166999965)
2024,VEGETACAO NATURAL FLORESTAL PRIMARIA,C51L41,POINT (-61.04203715899995 -8.088174166999966)
2024,VEGETACAO NATURAL FLORESTAL PRIMARIA,C51L41,POINT (-61.13707715899995 -8.025624166999966)
2024,VEGETACAO NATURAL FLORESTAL PRIMARIA,C51L41,POINT (-61.18081715899996 -8.079714166999967)
2024,VEGETACAO NATURAL FLORESTAL PRIMARIA,C51L41,POINT (-61.020527158999954 -8.243154166999966)
2024,VEGETACAO NATURAL FLORESTAL PRIMARIA,C51L41,POINT (-61.178837158999954 -8.157294166999966)
2024,VEGETACAO NATURAL FLORESTAL PRIMARIA,C51L41,POINT (-61.13797715899995 -8.049204166999965)
2024,VEGETACAO NATURAL FLORESTAL PRIMARIA,C51L41,POINT (-61.08163715899995 -8.214444166999966)
2024,VEGETACAO NATURAL FLORESTAL PRIMARIA,C51L41,POINT (-61.002887158999954 -8.214174166999966)
2024,VEGETACAO NATURAL FLORESTAL PRIMARIA,C51L41,POINT (-61.22104715899995 -8.222904166999966)
2024,VEGETACAO NATURAL FLORESTAL PRIMARIA,C51L41,POINT (-61.021337158999955 -8.176644166999965)
2024,VEGETACAO NATURAL FLORESTAL PRIMARIA,C51L41,POINT (-61.08127715899995 -8.236134166999966)
2024,VEGETACAO NATURAL FLORESTAL PRIMARIA,C51L41,POINT (-61.10323715899995 -8.072514166999966)
2024,VEGETACAO NATURAL FLORESTAL PRIMARIA,C51L41,POINT (-61.082537158999955 -8.178354166999966)
2024,VEGETACAO NATURAL FLORESTAL PRIMARIA,C51L41,POINT (-61.04401715899995 -8.057484166999966)
2024,VEGETACAO NATURAL FLORESTAL PRIMARIA,C51L41,POINT (-61.113047158999954 -8.152254166999967)
2024,VEGETACAO NATURAL FLORESTAL PRIMARIA,C51L41,POINT (-61.091357158999955 -8.241984166999966)
2024,VEGETACAO NATURAL FLORESTAL PRIMARIA,C51L41,POINT (-61.20016715899995 -8.085834166999966)
2024,VEGETACAO NATURAL FLORESTAL PRIMARIA,C51L41,POINT (-61.06741715899995 -8.151534166999966)
2024,VEGETACAO NATURAL FLORESTAL PRIMARIA,C51L41,POINT (-61.214297158999955 -8.199864166999966)
2024,VEGETACAO NATURAL FLORESTAL PRIMARIA,C51L41,POINT (-61.034297158999955 -8.042364166999967)
2024,VEGETACAO NATURAL FLORESTAL PRIMARIA,C51L41,POINT (-61.092167158999956 -8.117244166999967)
2024,VEGETACAO NATURAL FLORESTAL PRIMARIA,C51L41,POINT (-61.144727158999956 -8.225154166999966)
2024,VEGETACAO NATURAL FLORESTAL PRIMARIA,C51L41,POINT (-61.00261715899995 -8.091234166999966)
2024,VEGETACAO NATURAL FLORESTAL PRIMARIA,C51L41,POINT (-61.14670715899995 -8.200764166999967)
2024,VEGETACAO NATURAL FLORESTAL PRIMARIA,C51L41,POINT (-61.01368715899996 -8.024724166999967)
2024,VEGETACAO NATURAL FLORESTAL PRIMARIA,C51L41,POINT (-61.086677158999954 -8.176734166999966)
2024,VEGETACAO NATURAL FLORESTAL PRIMARIA,C51L41,POINT (-61.15525715899995 -8.190324166999966)
2024,VEGETACAO NATURAL FLORESTAL PRIMARIA,C51L41,POINT (-61.118357158999956 -8.146134166999966)
2024,VEGETACAO NATURAL FLORESTAL PRIMARIA,C51L41,POINT (-61.08064715899995 -8.235144166999966)
2024,VEGETACAO NATURAL FLORESTAL PRIMARIA,C51L41,POINT (-61.07029715899995 -8.171694166999966)
2024,VEGETACAO NATURAL FLORESTAL PRIMARIA,C51L41,POINT (-61.025747158999955 -8.090424166999966)
2024,VEGETACAO NATURAL FLORESTAL PRIMARIA,C51L41,POINT (-61.042937158999955 -8.178714166999967)
2024,VEGETACAO NATURAL FLORESTAL PRIMARIA,C51L41,POINT (-61.24741715899995 -8.024904166999967)
2024,VEGETACAO NATURAL FLORESTAL PRIMARIA,C51L41,POINT (-61.03609715899995 -8.155854166999966)
2024,VEGETACAO NATURAL FLORESTAL PRIMARIA,C51L41,POINT (-61.10665715899995 -8.212284166999966)
2024,VEGETACAO NATURAL FLORESTAL PRIMARIA,C51L41,POINT (-61.19341715899995 -8.168094166999966)
2024,VEGETACAO NATURAL FLORESTAL PRIMARIA,C51L41,POINT (-61.196387158999954 -8.014464166999966)
2024,VEGETACAO NATURAL FLORESTAL PRIMARIA,C51L41,POINT (-61.16506715899995 -8.113464166999966)
2024,VEGETACAO NATURAL FLORESTAL PRIMARIA,C51L41,POINT (-61.03555715899995 -8.190324166999966)
2024,VEGETACAO NATURAL FLORESTAL PRIMARIA,C51L41,POINT (-61.00000715899995 -8.157924166999967)
2024,VEGETACAO NATURAL FLORESTAL PRIMARIA,C51L41,POINT (-61.08793715899995 -8.121924166999966)
2024,VEGETACAO NATURAL FLORESTAL PRIMARIA,C51L41,POINT (-61.02826715899995 -8.231544166999965)
2024,VEGETACAO NATURAL FLORESTAL PRIMARIA,C51L41,POINT (-61.007207158999954 -8.033454166999967)
2024,VEGETACAO NATURAL FLORESTAL PRIMARIA,C51L41,POINT (-61.060487158999955 -8.234514166999967)
2024,VEGETACAO NATURAL FLORESTAL PRIMARIA,C51L41,POINT (-61.170287158999955 -8.013384166999966)
2024,VEGETACAO NATURAL FLORESTAL PRIMARIA,C51L41,POINT (-61.14067715899995 -8.040474166999966)
2024,VEGETACAO NATURAL FLORESTAL PRIMARIA,C51L41,POINT (-61.069937158999956 -8.192214166999966)
2024,VEGETACAO NATURAL FLORESTAL PRIMARIA,C51L41,POINT (-61.19971715899995 -8.092854166999967)
2024,VEGETACAO NATURAL FLORESTAL PRIMARIA,C51L41,POINT (-61.00702715899995 -8.212014166999966)
2024,VEGETACAO NATURAL FLORESTAL PRIMARIA,C51L41,POINT (-61.08523715899995 -8.021574166999967)
2024,VEGETACAO NATURAL FLORESTAL PRIMARIA,C51L41,POINT (-61.060847158999955 -8.136774166999967)
2024,VEGETACAO NATURAL FLORESTAL PRIMARIA,C51L41,POINT (-61.20304715899995 -8.007624166999966)
2024,VEGETACAO NATURAL FLORESTAL PRIMARIA,C51L41,POINT (-61.10566715899995 -8.182224166999966)
2024,VEGETACAO NATURAL FLORESTAL PRIMARIA,C51L41,POINT (-61.04842715899996 -8.077644166999967)
2024,VEGETACAO NATURAL FLORESTAL PRIMARIA,C51L41,POINT (-61.00117715899995 -8.083584166999966)
2024,VEGETACAO NATURAL FLORESTAL PRIMARIA,C51L41,POINT (-61.18450715899995 -8.106264166999967)
2024,VEGETACAO NATURAL FLORESTAL PRIMARIA,C51L41,POINT (-61.09468715899995 -8.150004166999967)
2024,VEGETACAO NATURAL FLORESTAL PRIMARIA,C51L41,POINT (-61.034297158999955 -8.237574166999966)
2024,VEGETACAO NATURAL FLORESTAL PRIMARIA,C51L41,POINT (-61.012427158999955 -8.002764166999967)
2024,VEGETACAO NATURAL FLORESTAL PRIMARIA,C51L41,POINT (-61.161557158999955 -8.210214166999966)
2024,VEGETACAO NATURAL FLORESTAL PRIMARIA,C51L41,POINT (-61.091267158999955 -8.161704166999966)
2024,VEGETACAO NATURAL FLORESTAL PRIMARIA,C51L41,POINT (-61.161827158999955 -8.071164166999965)
2024,VEGETACAO NATURAL FLORESTAL PRIMARIA,C51L41,POINT (-61.07236715899995 -8.127234166999965)
2024,VEGETACAO NATURAL FLORESTAL PRIMARIA,C51L41,POINT (-61.02304715899995 -8.171604166999966)
2024,VEGETACAO NATURAL FLORESTAL PRIMARIA,C51L41,POINT (-61.09423715899995 -8.124534166999966)
2024,VEGETACAO NATURAL FLORESTAL PRIMARIA,C51L41,POINT (-61.016207158999954 -8.099244166999966)
2024,VEGETACAO NATURAL FLORESTAL PRIMARIA,C51L41,POINT (-61.16326715899996 -8.189604166999967)
2024,VEGETACAO NATURAL FLORESTAL PRIMARIA,C51L41,POINT (-61.223657158999956 -8.142264166999967)
2024,VEGETACAO NATURAL FLORESTAL PRIMARIA,C51L41,POINT (-61.10116715899996 -8.033904166999966)
2024,VEGETACAO NATURAL FLORESTAL PRIMARIA,C51L41,POINT (-61.01044715899995 -8.214174166999966)
2024,VEGETACAO NATURAL FLORESTAL PRIMARIA,C51L41,POINT (-61.08550715899995 -8.118774166999966)
2024,VEGETACAO NATURAL FLORESTAL PRIMARIA,C51L41,POINT (-61.10557715899995 -8.156304166999966)
2024,VEGETACAO NATURAL FLORESTAL PRIMARIA,C51L41,POINT (-61.22122715899995 -8.145234166999966)
2024,VEGETACAO NATURAL FLORESTAL PRIMARIA,C51L41,POINT (-61.152647158999955 -8.180334166999966)
2024,VEGETACAO NATURAL FLORESTAL PRIMARIA,C51L41,POINT (-61.03717715899995 -8.215614166999966)
2024,VEGETACAO NATURAL FLORESTAL PRIMARIA,C51L41,POINT (-61.068947158999954 -8.112024166999966)
2024,VEGETACAO NATURAL FLORESTAL PRIMARIA,C51L41,POINT (-61.10755715899995 -8.233344166999967)
2024,VEGETACAO NATURAL FLORESTAL PRIMARIA,C51L41,POINT (-61.10125715899996 -8.210844166999966)
2024,VEGETACAO NATURAL FLORESTAL PRIMARIA,C51L41,POINT (-61.02754715899995 -8.072154166999967)
2024,VEGETACAO NATURAL FLORESTAL PRIMARIA,C51L41,POINT (-61.01530715899995 -8.235324166999966)
2024,VEGETACAO NATURAL FLORESTAL PRIMARIA,C51L41,POINT (-61.12501715899995 -8.024544166999966)
2024,VEGETACAO NATURAL FLORESTAL PRIMARIA,C51L41,POINT (-61.10170715899996 -8.036514166999966)
2024,VEGETACAO NATURAL FLORESTAL PRIMARIA,C51L41,POINT (-61.148327158999955 -8.092764166999967)
2024,VEGETACAO NATURAL FLORESTAL PRIMARIA,C51L41,POINT (-61.17325715899995 -8.222004166999966)
2024,VEGETACAO NATURAL FLORESTAL PRIMARIA,C51L41,POINT (-61.08982715899995 -8.168634166999967)
2024,VEGETACAO NATURAL FLORESTAL PRIMARIA,C51L41,POINT (-61.14634715899995 -8.114634166999966)
2024,VEGETACAO NATURAL FLORESTAL PRIMARIA,C51L41,POINT (-61.15057715899995 -8.244054166999966)
2024,VEGETACAO NATURAL FLORESTAL PRIMARIA,C51L41,POINT (-61.22950715899995 -8.103834166999967)
2024,VEGETACAO NATURAL FLORESTAL PRIMARIA,C51L41,POINT (-61.18945715899996 -8.089254166999966)
2024,VEGETACAO NATURAL FLORESTAL PRIMARIA,C51L41,POINT (-61.09774715899995 -8.134794166999967)
2024,VEGETACAO NATURAL FLORESTAL PRIMARIA,C51L41,POINT (-61.03708715899995 -8.217414166999966)
2024,VEGETACAO NATURAL FLORESTAL PRIMARIA,C51L41,POINT (-61.153367158999956 -8.180784166999967)
2024,VEGETACAO NATURAL FLORESTAL PRIMARIA,C51L41,POINT (-61.18189715899995 -8.158734166999967)
2024,VEGETACAO NATURAL FLORESTAL PRIMARIA,C51L41,POINT (-61.13257715899995 -8.156664166999967)
2024,VEGETACAO NATURAL FLORESTAL PRIMARIA,C51L41,POINT (-61.14976715899995 -8.214354166999966)
2024,VEGETACAO NATURAL FLORESTAL PRIMARIA,C51L41,POINT (-61.15435715899996 -8.166474166999967)
2024,VEGETACAO NATURAL FLORESTAL PRIMARIA,C51L41,POINT (-61.05400715899995 -8.064864166999966)
2024,VEGETACAO NATURAL FLORESTAL PRIMARIA,C51L41,POINT (-61.10161715899996 -8.234244166999966)
2024,VEGETACAO NATURAL FLORESTAL PRIMARIA,C51L41,POINT (-61.131227158999955 -8.201664166999967)
2024,VEGETACAO NATURAL FLORESTAL PRIMARIA,C51L41,POINT (-61.19944715899995 -8.178084166999966)
2024,VEGETACAO NATURAL FLORESTAL PRIMARIA,C51L41,POINT (-61.020617158999954 -8.002674166999967)
2024,VEGETACAO NATURAL FLORESTAL PRIMARIA,C51L41,POINT (-61.07704715899995 -8.066124166999966)
2024,VEGETACAO NATURAL FLORESTAL PRIMARIA,C51L41,POINT (-61.23886715899995 -8.064504166999967)
2024,VEGETACAO NATURAL FLORESTAL PRIMARIA,C51L41,POINT (-61.00459715899996 -8.020404166999967)
2024,VEGETACAO NATURAL FLORESTAL PRIMARIA,C51L41,POINT (-61.04374715899995 -8.127954166999967)
2024,VEGETACAO NATURAL FLORESTAL PRIMARIA,C51L41,POINT (-61.20790715899995 -8.161884166999966)
2024,VEGETACAO NATURAL FLORESTAL PRIMARIA,C51L41,POINT (-61.033937158999954 -8.036064166999966)
2024,VEGETACAO NATURAL FLORESTAL PRIMARIA,C51L41,POINT (-61.05814715899995 -8.059734166999966)
2024,VEGETACAO NATURAL FLORESTAL PRIMARIA,C51L41,POINT (-61.22203715899995 -8.182044166999967)
2024,VEGETACAO NATURAL FLORESTAL PRIMARIA,C51L41,POINT (-61.13365715899995 -8.121564166999967)
2024,VEGETACAO NATURAL FLORESTAL PRIMARIA,C51L41,POINT (-61.04086715899995 -8.020134166999966)
2024,VEGETACAO NATURAL FLORESTAL PRIMARIA,C51L41,POINT (-61.07191715899995 -8.065224166999966)
2024,VEGETACAO NATURAL FLORESTAL PRIMARIA,C51L41,POINT (-61.065707158999956 -8.242434166999967)
2024,VEGETACAO NATURAL FLORESTAL PRIMARIA,C51L41,POINT (-61.21276715899995 -8.023914166999965)
2024,VEGETACAO NATURAL FLORESTAL PRIMARIA,C51L41,POINT (-61.01872715899995 -8.010774166999965)
2024,VEGETACAO NATURAL FLORESTAL PRIMARIA,C51L41,POINT (-61.04185715899995 -8.100774166999967)
2024,VEGETACAO NATURAL FLORESTAL PRIMARIA,C51L41,POINT (-61.12438715899995 -8.045604166999967)
2024,VEGETACAO NATURAL FLORESTAL PRIMARIA,C51L41,POINT (-61.14220715899995 -8.174034166999967)
2024,VEGETACAO NATURAL FLORESTAL PRIMARIA,C51L41,POINT (-61.22491715899995 -8.223174166999966)
2024,VEGETACAO NATURAL FLORESTAL PRIMARIA,C51L41,POINT (-61.10197715899995 -8.106984166999966)
2024,VEGETACAO NATURAL FLORESTAL PRIMARIA,C51L41,POINT (-61.10242715899995 -8.120844166999966)
2024,VEGETACAO NATURAL FLORESTAL PRIMARIA,C51L41,POINT (-61.16362715899995 -8.028954166999966)
2024,VEGETACAO NATURAL FLORESTAL PRIMARIA,C51L41,POINT (-61.24399715899995 -8.122284166999966)
2024,VEGETACAO NATURAL FLORESTAL PRIMARIA,C51L41,POINT (-61.161017158999954 -8.062794166999966)
2024,VEGETACAO NATURAL FLORESTAL PRIMARIA,C51L41,POINT (-61.244717158999954 -8.071074166999967)
2024,VEGETACAO NATURAL FLORESTAL PRIMARIA,C51L41,POINT (-61.22437715899996 -8.029674166999966)
2024,VEGETACAO NATURAL FLORESTAL PRIMARIA,C51L41,POINT (-61.17181715899996 -8.190594166999967)
2024,VEGETACAO NATURAL FLORESTAL PRIMARIA,C51L41,POINT (-61.24696715899995 -8.129664166999966)
2024,VEGETACAO NATURAL FLORESTAL PRIMARIA,C51L41,POINT (-61.069847158999956 -8.191314166999966)
2024,VEGETACAO NATURAL FLORESTAL PRIMARIA,C51L41,POINT (-61.047347158999955 -8.150004166999967)
2024,VEGETACAO NATURAL FLORESTAL PRIMARIA,C51L41,POINT (-61.10719715899995 -8.178174166999966)
2024,VEGETACAO NATURAL FLORESTAL PRIMARIA,C51L41,POINT (-61.047347158999955 -8.090244166999966)
2024,VEGETACAO NATURAL FLORESTAL PRIMARIA,C51L41,POINT (-61.15516715899995 -8.236404166999966)
2024,VEGETACAO NATURAL FLORESTAL PRIMARIA,C51L41,POINT (-61.07668715899995 -8.222454166999967)
2024,VEGETACAO NATURAL FLORESTAL PRIMARIA,C51L41,POINT (-61.14571715899996 -8.219934166999966)
2024,VEGETACAO NATURAL FLORESTAL PRIMARIA,C51L41,POINT (-61.042757158999954 -8.014734166999967)
2024,VEGETACAO NATURAL FLORESTAL PRIMARIA,C51L41,POINT (-61.09819715899995 -8.102124166999966)
2024,VEGETACAO NATURAL FLORESTAL PRIMARIA,C51L41,POINT (-61.240397158999954 -8.030484166999965)
2024,VEGETACAO NATURAL FLORESTAL PRIMARIA,C51L41,POINT (-61.01863715899995 -8.064144166999967)
2024,VEGETACAO NATURAL FLORESTAL PRIMARIA,C51L41,POINT (-61.14535715899996 -8.069634166999966)
2024,VEGETACAO NATURAL FLORESTAL PRIMARIA,C51L41,POINT (-61.11106715899995 -8.032914166999966)
2024,VEGETACAO NATURAL FLORESTAL PRIMARIA,C51L41,POINT (-61.109897158999956 -8.034714166999967)
2024,VEGETACAO NATURAL FLORESTAL PRIMARIA,C51L41,POINT (-61.10161715899996 -8.058114166999966)
2024,VEGETACAO NATURAL FLORESTAL PRIMARIA,C51L41,POINT (-61.03564715899995 -8.174394166999967)
2024,VEGETACAO NATURAL FLORESTAL PRIMARIA,C51L41,POINT (-61.05328715899995 -8.236494166999966)
2024,VEGETACAO NATURAL FLORESTAL PRIMARIA,C51L41,POINT (-61.11547715899995 -8.211204166999966)
2024,VEGETACAO NATURAL FLORESTAL PRIMARIA,C51L41,POINT (-61.248947158999954 -8.059374166999966)
2024,VEGETACAO NATURAL FLORESTAL PRIMARIA,C51L41,POINT (-61.11673715899995 -8.092314166999966)
2024,VEGETACAO NATURAL FLORESTAL PRIMARIA,C51L41,POINT (-61.143287158999954 -8.175024166999966)
2024,VEGETACAO NATURAL FLORESTAL PRIMARIA,C51L41,POINT (-61.113587158999955 -8.216694166999966)
2024,VEGETACAO NATURAL FLORESTAL PRIMARIA,C51L41,POINT (-61.117187158999954 -8.240994166999966)
2024,VEGETACAO NATURAL FLORESTAL PRIMARIA,C51L41,POINT (-61.07047715899995 -8.106264166999967)
2024,VEGETACAO NATURAL FLORESTAL PRIMARIA,C51L41,POINT (-61.12501715899995 -8.093754166999966)
2024,VEGETACAO NATURAL FLORESTAL PRIMARIA,C51L41,POINT (-61.13437715899995 -8.174754166999966)
2024,VEGETACAO NATURAL FLORESTAL PRIMARIA,C51L41,POINT (-61.19998715899995 -8.143974166999966)
2024,VEGETACAO NATURAL FLORESTAL PRIMARIA,C51L41,POINT (-61.232927158999956 -8.056314166999966)
2024,VEGETACAO NATURAL FLORESTAL PRIMARIA,C51L41,POINT (-61.12771715899996 -8.024184166999966)
2024,VEGETACAO NATURAL FLORESTAL PRIMARIA,C51L41,POINT (-61.04419715899995 -8.245224166999966)
2024,VEGETACAO NATURAL FLORESTAL PRIMARIA,C51L41,POINT (-61.00036715899995 -8.031924166999966)
2024,VEGETACAO NATURAL FLORESTAL PRIMARIA,C51L41,POINT (-61.07965715899995 -8.191764166999967)
2024,VEGETACAO NATURAL FLORESTAL PRIMARIA,C51L41,POINT (-61.046807158999954 -8.008974166999966)
2024,VEGETACAO NATURAL FLORESTAL PRIMARIA,C51L41,POINT (-61.00234715899995 -8.123364166999966)
2024,VEGETACAO NATURAL FLORESTAL PRIMARIA,C51L41,POINT (-61.18234715899995 -8.049294166999966)
2024,VEGETACAO NATURAL FLORESTAL PRIMARIA,C51L41,POINT (-61.08100715899995 -8.047944166999967)
2024,VEGETACAO NATURAL FLORESTAL PRIMARIA,C51L41,POINT (-61.06138715899995 -8.220474166999967)
2024,VEGETACAO NATURAL FLORESTAL PRIMARIA,C51L41,POINT (-61.14643715899995 -8.196804166999966)
2024,VEGETACAO NATURAL FLORESTAL PRIMARIA,C51L41,POINT (-61.13383715899995 -8.129034166999967)
2024,VEGETACAO NATURAL FLORESTAL PRIMARIA,C51L41,POINT (-61.22149715899995 -8.105454166999966)
2024,VEGETACAO NATURAL FLORESTAL PRIMARIA,C51L41,POINT (-61.03114715899996 -8.150274166999965)
2024,VEGETACAO NATURAL FLORESTAL PRIMARIA,C51L41,POINT (-61.03186715899995 -8.037504166999966)
2024,VEGETACAO NATURAL FLORESTAL PRIMARIA,C51L41,POINT (-61.139327158999954 -8.147934166999967)
2024,VEGETACAO NATURAL FLORESTAL PRIMARIA,C51L41,POINT (-61.13815715899995 -8.111214166999966)
2024,VEGETACAO NATURAL FLORESTAL PRIMARIA,C51L41,POINT (-61.14202715899995 -8.180334166999966)
2024,VEGETACAO NATURAL FLORESTAL PRIMARIA,C51L41,POINT (-61.043387158999955 -8.046144166999966)
2024,VEGETACAO NATURAL FLORESTAL PRIMARIA,C51L41,POINT (-61.21222715899995 -8.193474166999966)
2024,VEGETACAO NATURAL FLORESTAL PRIMARIA,C51L41,POINT (-61.117457158999954 -8.164134166999967)
2024,VEGETACAO NATURAL FLORESTAL PRIMARIA,C51L41,POINT (-61.15039715899995 -8.123274166999966)
2024,VEGETACAO NATURAL FLORESTAL PRIMARIA,C51L41,POINT (-61.086947158999955 -8.166924166999966)
2024,VEGETACAO NATURAL FLORESTAL PRIMARIA,C51L41,POINT (-61.025027158999954 -8.166114166999966)
2024,VEGETACAO NATURAL FLORESTAL PRIMARIA,C51L41,POINT (-61.13320715899995 -8.083314166999966)
2024,VEGETACAO NATURAL FLORESTAL PRIMARIA,C51L41,POINT (-61.205837158999955 -8.035164166999966)
2024,VEGETACAO NATURAL FLORESTAL PRIMARIA,C51L41,POINT (-61.07254715899995 -8.051724166999966)
2024,VEGETACAO NATURAL FLORESTAL PRIMARIA,C51L41,POINT (-61.14193715899995 -8.145774166999967)
2024,VEGETACAO NATURAL FLORESTAL PRIMARIA,C51L41,POINT (-61.020527158999954 -8.034984166999966)
2024,VEGETACAO NATURAL FLORESTAL PRIMARIA,C51L41,POINT (-61.143827158999954 -8.108064166999966)
2024,VEGETACAO NATURAL FLORESTAL PRIMARIA,C51L41,POINT (-61.20853715899995 -8.063964166999966)
2024,VEGETACAO NATURAL FLORESTAL PRIMARIA,C51L41,POINT (-61.148957158999956 -8.116344166999966)
2024,VEGETACAO NATURAL FLORESTAL PRIMARIA,C51L41,POINT (-61.052207158999956 -8.135964166999965)
2024,VEGETACAO NATURAL FLORESTAL PRIMARIA,C51L41,POINT (-61.039247158999956 -8.132454166999967)
2024,VEGETACAO NATURAL FLORESTAL PRIMARIA,C51L41,POINT (-61.016027158999954 -8.216154166999967)
2024,VEGETACAO NATURAL FLORESTAL PRIMARIA,C51L41,POINT (-61.09918715899995 -8.234424166999966)
2024,VEGETACAO NATURAL FLORESTAL PRIMARIA,C51L41,POINT (-61.10359715899995 -8.053434166999967)
2024,VEGETACAO NATURAL FLORESTAL PRIMARIA,C51L41,POINT (-61.07632715899995 -8.060994166999967)
2024,VEGETACAO NATURAL FLORESTAL PRIMARIA,C51L41,POINT (-61.206197158999956 -8.140914166999966)
2024,VEGETACAO NATURAL FLORESTAL PRIMARIA,C51L41,POINT (-61.074077158999955 -8.125344166999966)
2024,VEGETACAO NATURAL FLORESTAL PRIMARIA,C51L41,POINT (-61.051667158999955 -8.205624166999966)
2024,VEGETACAO NATURAL FLORESTAL PRIMARIA,C51L41,POINT (-61.15084715899995 -8.249274166999966)
2024,VEGETACAO NATURAL FLORESTAL PRIMARIA,C51L41,POINT (-61.12897715899995 -8.166114166999966)
2024,VEGETACAO NATURAL FLORESTAL PRIMARIA,C51L41,POINT (-61.01773715899995 -8.152254166999967)
2024,VEGETACAO NATURAL FLORESTAL PRIMARIA,C51L41,POINT (-61.15183715899995 -8.204994166999967)
2024,VEGETACAO NATURAL FLORESTAL PRIMARIA,C51L41,POINT (-61.125917158999954 -8.125074166999966)
2024,VEGETACAO NATURAL FLORESTAL PRIMARIA,C51L41,POINT (-61.07173715899995 -8.220474166999967)
2024,VEGETACAO NATURAL FLORESTAL PRIMARIA,C51L41,POINT (-61.11430715899995 -8.113914166999967)
2024,VEGETACAO NATURAL FLORESTAL PRIMARIA,C51L41,POINT (-61.087307158999955 -8.126334166999966)
2024,VEGETACAO NATURAL FLORESTAL PRIMARIA,C51L41,POINT (-61.04644715899995 -8.177004166999966)
2024,VEGETACAO NATURAL FLORESTAL PRIMARIA,C51L41,POINT (-61.206467158999956 -8.173854166999966)
2024,VEGETACAO NATURAL FLORESTAL PRIMARIA,C51L41,POINT (-61.109447158999956 -8.219124166999967)
2024,VEGETACAO NATURAL FLORESTAL PRIMARIA,C51L41,POINT (-61.144007158999955 -8.013114166999966)
2024,VEGETACAO NATURAL FLORESTAL PRIMARIA,C51L41,POINT (-61.127177158999956 -8.125704166999967)
2024,VEGETACAO NATURAL FLORESTAL PRIMARIA,C51L41,POINT (-61.19953715899995 -8.043354166999967)
2024,VEGETACAO NATURAL FLORESTAL PRIMARIA,C51L41,POINT (-61.22446715899996 -8.037594166999966)
2024,VEGETACAO NATURAL FLORESTAL PRIMARIA,C51L41,POINT (-61.15138715899995 -8.232714166999965)
2024,VEGETACAO NATURAL FLORESTAL PRIMARIA,C51L41,POINT (-61.06606715899996 -8.152614166999966)
2024,VEGETACAO NATURAL FLORESTAL PRIMARIA,C51L41,POINT (-61.064897158999955 -8.131284166999967)
2024,VEGETACAO NATURAL FLORESTAL PRIMARIA,C51L41,POINT (-61.17577715899995 -8.093394166999966)
2024,VEGETACAO NATURAL FLORESTAL PRIMARIA,C51L41,POINT (-61.24282715899995 -8.237214166999966)
2024,VEGETACAO NATURAL FLORESTAL PRIMARIA,C51L41,POINT (-61.091177158999955 -8.234154166999966)
2024,VEGETACAO NATURAL FLORESTAL PRIMARIA,C51L41,POINT (-61.090907158999954 -8.166384166999967)
2024,VEGETACAO NATURAL FLORESTAL PRIMARIA,C51L41,POINT (-61.025387158999955 -8.102484166999966)
2024,VEGETACAO NATURAL FLORESTAL PRIMARIA,C51L41,POINT (-61.00648715899995 -8.093484166999966)
2024,VEGETACAO NATURAL FLORESTAL PRIMARIA,C51L41,POINT (-61.14229715899995 -8.060184166999965)
2024,VEGETACAO NATURAL FLORESTAL PRIMARIA,C51L41,POINT (-61.161917158999955 -8.154144166999966)
2024,VEGETACAO NATURAL FLORESTAL PRIMARIA,C51L41,POINT (-61.12771715899996 -8.157384166999966)
2024,VEGETACAO NATURAL FLORESTAL PRIMARIA,C51L41,POINT (-61.22131715899995 -8.186004166999966)
2024,VEGETACAO NATURAL FLORESTAL PRIMARIA,C51L41,POINT (-61.069217158999955 -8.154684166999965)
2024,VEGETACAO NATURAL FLORESTAL PRIMARIA,C51L41,POINT (-61.104227158999954 -8.180604166999967)
2024,VEGETACAO NATURAL FLORESTAL PRIMARIA,C51L41,POINT (-61.016117158999954 -8.002944166999967)
2024,VEGETACAO NATURAL FLORESTAL PRIMARIA,C51L41,POINT (-61.248947158999954 -8.156124166999966)
2024,VEGETACAO NATURAL FLORESTAL PRIMARIA,C51L41,POINT (-61.069757158999955 -8.200854166999965)
2024,VEGETACAO NATURAL FLORESTAL PRIMARIA,C51L41,POINT (-61.170647158999955 -8.159364166999966)
2024,VEGETACAO NATURAL FLORESTAL PRIMARIA,C51L41,POINT (-61.165697158999954 -8.240454166999966)
2024,VEGETACAO NATURAL FLORESTAL PRIMARIA,C51L41,POINT (-61.21636715899995 -8.026344166999966)
2024,VEGETACAO NATURAL FLORESTAL PRIMARIA,C51L41,POINT (-61.05445715899995 -8.018874166999966)
2024,VEGETACAO NATURAL FLORESTAL PRIMARIA,C51L41,POINT (-61.10521715899995 -8.166744166999965)
2024,VEGETACAO NATURAL FLORESTAL PRIMARIA,C51L41,POINT (-61.13158715899995 -8.241894166999966)
2024,VEGETACAO NATURAL FLORESTAL PRIMARIA,C51L41,POINT (-61.222847158999954 -8.222004166999966)
2024,VEGETACAO NATURAL FLORESTAL PRIMARIA,C51L41,POINT (-61.11097715899995 -8.197164166999967)
2024,VEGETACAO NATURAL FLORESTAL PRIMARIA,C51L41,POINT (-61.188467158999956 -8.027154166999967)
2024,VEGETACAO NATURAL FLORESTAL PRIMARIA,C51L41,POINT (-61.22869715899995 -8.073054166999967)
2024,VEGETACAO NATURAL FLORESTAL PRIMARIA,C51L41,POINT (-61.113227158999955 -8.048394166999966)
2024,VEGETACAO NATURAL FLORESTAL PRIMARIA,C51L41,POINT (-61.08910715899995 -8.169174166999966)
2024,VEGETACAO NATURAL FLORESTAL PRIMARIA,C51L41,POINT (-61.12879715899995 -8.054874166999966)
2024,VEGETACAO NATURAL FLORESTAL PRIMARIA,C51L41,POINT (-61.23535715899995 -8.246394166999966)
2024,VEGETACAO NATURAL FLORESTAL PRIMARIA,C51L41,POINT (-61.23976715899995 -8.044974166999966)
2024,VEGETACAO NATURAL FLORESTAL PRIMARIA,C51L41,POINT (-61.16299715899996 -8.107974166999966)
2024,VEGETACAO NATURAL FLORESTAL PRIMARIA,C51L41,POINT (-61.218527158999954 -8.193744166999966)
2024,VEGETACAO NATURAL FLORESTAL PRIMARIA,C51L41,POINT (-61.21177715899995 -8.090784166999967)
2024,VEGETACAO NATURAL FLORESTAL PRIMARIA,C51L41,POINT (-61.16353715899995 -8.124714166999967)
2024,VEGETACAO NATURAL FLORESTAL PRIMARIA,C51L41,POINT (-61.09837715899995 -8.088624166999967)
2024,VEGETACAO NATURAL FLORESTAL PRIMARIA,C51L41,POINT (-61.12384715899995 -8.225154166999966)
2024,VEGETACAO NATURAL FLORESTAL PRIMARIA,C51L41,POINT (-61.15858715899995 -8.025084166999966)
2024,VEGETACAO NATURAL FLORESTAL PRIMARIA,C51L41,POINT (-61.152107158999954 -8.163504166999966)
2024,VEGETACAO NATURAL FLORESTAL PRIMARIA,C51L41,POINT (-61.16002715899995 -8.229204166999967)
2024,VEGETACAO NATURAL FLORESTAL PRIMARIA,C51L41,POINT (-61.03231715899995 -8.107884166999966)
2024,VEGETACAO NATURAL FLORESTAL PRIMARIA,C51L41,POINT (-61.09900715899995 -8.191404166999966)
2024,VEGETACAO NATURAL FLORESTAL PRIMARIA,C51L41,POINT (-61.24390715899995 -8.067294166999966)
2024,VEGETACAO NATURAL FLORESTAL PRIMARIA,C51L41,POINT (-61.13815715899995 -8.092674166999966)
2024,VEGETACAO NATURAL FLORESTAL PRIMARIA,C51L41,POINT (-61.20259715899995 -8.150364166999966)
2024,VEGETACAO NATURAL FLORESTAL PRIMARIA,C51L41,POINT (-61.101077158999956 -8.203284166999966)
2024,VEGETACAO NATURAL FLORESTAL PRIMARIA,C51L41,POINT (-61.18162715899995 -8.151444166999966)
2024,VEGETACAO NATURAL FLORESTAL PRIMARIA,C51L41,POINT (-61.24300715899995 -8.021754166999965)
2024,VEGETACAO NATURAL FLORESTAL PRIMARIA,C51L41,POINT (-61.078307158999955 -8.212914166999965)
2024,VEGETACAO NATURAL FLORESTAL PRIMARIA,C51L41,POINT (-61.23337715899996 -8.093034166999967)
2024,VEGETACAO NATURAL FLORESTAL PRIMARIA,C51L41,POINT (-61.07695715899995 -8.123904166999965)
2024,VEGETACAO NATURAL FLORESTAL PRIMARIA,C51L41,POINT (-61.02358715899995 -8.087544166999967)
2024,VEGETACAO NATURAL FLORESTAL PRIMARIA,C51L41,POINT (-61.134917158999954 -8.213994166999965)
2024,VEGETACAO NATURAL FLORESTAL PRIMARIA,C51L41,POINT (-61.22005715899995 -8.102484166999966)
2024,VEGETACAO NATURAL FLORESTAL PRIMARIA,C51L41,POINT (-61.21582715899996 -8.222634166999967)
2024,VEGETACAO NATURAL FLORESTAL PRIMARIA,C51L41,POINT (-61.23940715899995 -8.056854166999965)
2024,VEGETACAO NATURAL FLORESTAL PRIMARIA,C51L41,POINT (-61.13662715899996 -8.015904166999967)
2024,VEGETACAO NATURAL FLORESTAL PRIMARIA,C51L41,POINT (-61.196117158999954 -8.062974166999966)
2024,VEGETACAO NATURAL FLORESTAL PRIMARIA,C51L41,POINT (-61.06615715899996 -8.005644166999966)
2024,VEGETACAO NATURAL FLORESTAL PRIMARIA,C51L41,POINT (-61.13869715899995 -8.231454166999967)
2024,VEGETACAO NATURAL FLORESTAL PRIMARIA,C51L41,POINT (-61.188107158999955 -8.249184166999965)
2024,VEGETACAO NATURAL FLORESTAL PRIMARIA,C51L41,POINT (-61.09486715899995 -8.236494166999966)
2024,VEGETACAO NATURAL FLORESTAL PRIMARIA,C51L41,POINT (-61.20412715899995 -8.104734166999966)
2024,VEGETACAO NATURAL FLORESTAL PRIMARIA,C51L41,POINT (-61.02007715899995 -8.044614166999967)
2024,VEGETACAO NATURAL FLORESTAL PRIMARIA,C51L41,POINT (-61.19584715899995 -8.074404166999967)
2024,VEGETACAO NATURAL FLORESTAL PRIMARIA,C51L41,POINT (-61.140047158999955 -8.019234166999967)
2024,VEGETACAO NATURAL FLORESTAL PRIMARIA,C51L41,POINT (-61.14958715899995 -8.143524166999967)
2024,VEGETACAO NATURAL FLORESTAL PRIMARIA,C51L41,POINT (-61.13707715899995 -8.174034166999967)
2024,VEGETACAO NATURAL FLORESTAL PRIMARIA,C51L41,POINT (-61.19341715899995 -8.244684166999967)
2024,VEGETACAO NATURAL FLORESTAL PRIMARIA,C51L41,POINT (-61.210157158999955 -8.182944166999967)
2024,VEGETACAO NATURAL FLORESTAL PRIMARIA,C51L41,POINT (-61.21942715899995 -8.209134166999966)
2024,VEGETACAO NATURAL FLORESTAL PRIMARIA,C51L41,POINT (-61.11223715899995 -8.209224166999967)
2024,VEGETACAO NATURAL FLORESTAL PRIMARIA,C51L41,POINT (-61.078577158999956 -8.198064166999966)
2024,VEGETACAO NATURAL FLORESTAL PRIMARIA,C51L41,POINT (-61.078667158999956 -8.203464166999966)
2024,VEGETACAO NATURAL FLORESTAL PRIMARIA,C51L41,POINT (-61.04140715899995 -8.001684166999967)
2024,VEGETACAO NATURAL FLORESTAL PRIMARIA,C51L41,POINT (-61.06804715899995 -8.172504166999966)
2024,VEGETACAO NATURAL FLORESTAL PRIMARIA,C51L41,POINT (-61.113677158999955 -8.229384166999965)
2024,VEGETACAO NATURAL FLORESTAL PRIMARIA,C51L41,POINT (-61.118537158999956 -8.037954166999967)
2024,VEGETACAO NATURAL FLORESTAL PRIMARIA,C51L41,POINT (-61.02358715899995 -8.136324166999966)
2024,VEGETACAO NATURAL FLORESTAL PRIMARIA,C51L41,POINT (-61.143827158999954 -8.023734166999967)
2024,VEGETACAO NATURAL FLORESTAL PRIMARIA,C51L41,POINT (-61.021877158999956 -8.175744166999966)
2024,VEGETACAO NATURAL FLORESTAL PRIMARIA,C51L41,POINT (-61.236887158999956 -8.100684166999967)
2024,VEGETACAO NATURAL FLORESTAL PRIMARIA,C51L41,POINT (-61.016387158999954 -8.053344166999967)
2024,VEGETACAO NATURAL FLORESTAL PRIMARIA,C51L41,POINT (-61.18495715899995 -8.096994166999966)
2024,VEGETACAO NATURAL FLORESTAL PRIMARIA,C51L41,POINT (-61.17154715899996 -8.103564166999966)
2024,VEGETACAO NATURAL FLORESTAL PRIMARIA,C51L41,POINT (-61.05022715899995 -8.160084166999967)
2024,VEGETACAO NATURAL FLORESTAL PRIMARIA,C51L41,POINT (-61.051847158999955 -8.065134166999966)
2024,VEGETACAO NATURAL FLORESTAL PRIMARIA,C51L41,POINT (-61.06732715899995 -8.001144166999966)
2024,VEGETACAO NATURAL FLORESTAL PRIMARIA,C51L41,POINT (-61.05895715899995 -8.209854166999966)
2024,VEGETACAO NATURAL FLORESTAL PRIMARIA,C51L41,POINT (-61.187657158999954 -8.079714166999967)
2024,VEGETACAO NATURAL FLORESTAL PRIMARIA,C51L41,POINT (-61.007477158999954 -8.180784166999967)
2024,VEGETACAO NATURAL FLORESTAL PRIMARIA,C51L41,POINT (-61.030157158999955 -8.234064166999966)
2024,VEGETACAO NATURAL FLORESTAL PRIMARIA,C51L41,POINT (-61.038527158999955 -8.244594166999967)
2024,VEGETACAO NATURAL FLORESTAL PRIMARIA,C51L41,POINT (-61.05265715899995 -8.105454166999966)
2024,VEGETACAO NATURAL FLORESTAL PRIMARIA,C51L41,POINT (-61.06255715899995 -8.240814166999966)
2024,VEGETACAO NATURAL FLORESTAL PRIMARIA,C51L41,POINT (-61.15795715899995 -8.069094166999966)
2024,VEGETACAO NATURAL FLORESTAL PRIMARIA,C51L41,POINT (-61.112597158999954 -8.229834166999966)
2024,VEGETACAO NATURAL FLORESTAL PRIMARIA,C51L41,POINT (-61.092077158999956 -8.155494166999967)
2024,VEGETACAO NATURAL FLORESTAL PRIMARIA,C51L41,POINT (-61.161737158999955 -8.104104166999965)
2024,VEGETACAO NATURAL FLORESTAL PRIMARIA,C51L41,POINT (-61.19800715899996 -8.161974166999967)
2024,VEGETACAO NATURAL FLORESTAL PRIMARIA,C51L41,POINT (-61.17253715899995 -8.135424166999966)
2024,VEGETACAO NATURAL FLORESTAL PRIMARIA,C51L41,POINT (-61.03321715899995 -8.207244166999967)
2024,VEGETACAO NATURAL FLORESTAL PRIMARIA,C51L41,POINT (-61.08982715899995 -8.188074166999966)
2024,VEGETACAO NATURAL FLORESTAL PRIMARIA,C51L41,POINT (-61.11547715899995 -8.112384166999966)
2024,VEGETACAO NATURAL FLORESTAL PRIMARIA,C51L41,POINT (-61.07992715899995 -8.205894166999967)
2024,VEGETACAO NATURAL FLORESTAL PRIMARIA,C51L41,POINT (-61.209617158999954 -8.068824166999967)
2024,VEGETACAO NATURAL FLORESTAL PRIMARIA,C51L41,POINT (-61.12276715899995 -8.207604166999966)
2024,VEGETACAO NATURAL FLORESTAL PRIMARIA,C51L41,POINT (-61.22419715899996 -8.198874166999966)
2024,VEGETACAO NATURAL FLORESTAL PRIMARIA,C51L41,POINT (-61.122677158999956 -8.051274166999967)
2024,VEGETACAO NATURAL FLORESTAL PRIMARIA,C51L41,POINT (-61.240397158999954 -8.093574166999966)
2024,VEGETACAO NATURAL FLORESTAL PRIMARIA,C51L41,POINT (-61.06363715899995 -8.026794166999967)
2024,VEGETACAO NATURAL FLORESTAL PRIMARIA,C51L41,POINT (-61.19809715899996 -8.129034166999967)
2024,VEGETACAO NATURAL FLORESTAL PRIMARIA,C51L41,POINT (-61.12429715899995 -8.249724166999966)
2024,VEGETACAO NATURAL FLORESTAL PRIMARIA,C51L41,POINT (-61.16893715899995 -8.071884166999967)
2024,VEGETACAO NATURAL FLORESTAL PRIMARIA,C51L41,POINT (-61.109177158999955 -8.029044166999967)
2024,VEGETACAO NATURAL FLORESTAL PRIMARIA,C51L41,POINT (-61.08487715899995 -8.188794166999966)
2024,VEGETACAO NATURAL FLORESTAL PRIMARIA,C51L41,POINT (-61.090907158999954 -8.233704166999967)
2024,VEGETACAO NATURAL FLORESTAL PRIMARIA,C51L41,POINT (-61.06750715899995 -8.001054166999966)
2024,VEGETACAO NATURAL FLORESTAL PRIMARIA,C51L41,POINT (-61.174427158999954 -8.017254166999967)
2024,VEGETACAO NATURAL FLORESTAL PRIMARIA,C51L41,POINT (-61.15408715899996 -8.159544166999966)
2024,VEGETACAO NATURAL FLORESTAL PRIMARIA,C51L41,POINT (-61.23967715899995 -8.207694166999966)
2024,VEGETACAO NATURAL FLORESTAL PRIMARIA,C51L41,POINT (-61.24336715899995 -8.138124166999967)
2024,VEGETACAO NATURAL FLORESTAL PRIMARIA,C51L41,POINT (-61.082627158999955 -8.102034166999966)
2024,VEGETACAO NATURAL FLORESTAL PRIMARIA,C51L41,POINT (-61.11457715899995 -8.128494166999966)
2024,VEGETACAO NATURAL FLORESTAL PRIMARIA,C51L41,POINT (-61.07281715899995 -8.240184166999967)
2024,VEGETACAO NATURAL FLORESTAL PRIMARIA,C51L41,POINT (-61.07119715899995 -8.089884166999965)
2024,VEGETACAO NATURAL FLORESTAL PRIMARIA,C51L41,POINT (-61.10800715899995 -8.162784166999966)
2024,VEGETACAO NATURAL FLORESTAL PRIMARIA,C51L41,POINT (-61.100627158999956 -8.067294166999966)
2024,VEGETACAO NATURAL FLORESTAL PRIMARIA,C51L41,POINT (-61.196927158999955 -8.061084166999967)
2024,VEGETACAO NATURAL FLORESTAL PRIMARIA,C51L41,POINT (-61.19449715899995 -8.084304166999967)
2024,VEGETACAO NATURAL FLORESTAL PRIMARIA,C51L41,POINT (-61.17244715899995 -8.155224166999966)
2024,VEGETACAO NATURAL FLORESTAL PRIMARIA,C51L41,POINT (-61.048067158999956 -8.236944166999967)
2024,VEGETACAO NATURAL FLORESTAL PRIMARIA,C51L41,POINT (-61.025477158999955 -8.147934166999967)
2024,VEGETACAO NATURAL FLORESTAL PRIMARIA,C51L41,POINT (-61.08433715899995 -8.179614166999967)
2024,VEGETACAO NATURAL FLORESTAL PRIMARIA,C51L41,POINT (-61.08955715899995 -8.078184166999966)
2024,VEGETACAO NATURAL FLORESTAL PRIMARIA,C51L41,POINT (-61.073267158999954 -8.249724166999966)
2024,VEGETACAO NATURAL FLORESTAL PRIMARIA,C51L41,POINT (-61.12789715899996 -8.037594166999966)
2024,VEGETACAO NATURAL FLORESTAL PRIMARIA,C51L41,POINT (-61.09846715899995 -8.102574166999966)
2024,VEGETACAO NATURAL FLORESTAL PRIMARIA,C51L41,POINT (-61.179917158999956 -8.160444166999966)
2024,VEGETACAO NATURAL FLORESTAL PRIMARIA,C51L41,POINT (-61.056077158999955 -8.011584166999967)
2024,VEGETACAO NATURAL FLORESTAL PRIMARIA,C51L41,POINT (-61.17730715899995 -8.085204166999967)
2024,VEGETACAO NATURAL FLORESTAL PRIMARIA,C51L41,POINT (-61.170647158999955 -8.192844166999967)
2024,VEGETACAO NATURAL FLORESTAL PRIMARIA,C51L41,POINT (-61.00108715899995 -8.191494166999966)
2024,VEGETACAO NATURAL FLORESTAL PRIMARIA,C51L41,POINT (-61.21231715899995 -8.030394166999967)
2024,VEGETACAO NATURAL FLORESTAL PRIMARIA,C51L41,POINT (-61.24399715899995 -8.147754166999967)
2024,VEGETACAO NATURAL FLORESTAL PRIMARIA,C51L41,POINT (-61.030697158999956 -8.028864166999966)
2024,VEGETACAO NATURAL FLORESTAL PRIMARIA,C51L41,POINT (-61.08910715899995 -8.225154166999966)
2024,VEGETACAO NATURAL FLORESTAL PRIMARIA,C51L41,POINT (-61.029797158999955 -8.162064166999967)
2024,VEGETACAO NATURAL FLORESTAL PRIMARIA,C51L41,POINT (-61.174067158999954 -8.191044166999966)
2024,VEGETACAO NATURAL FLORESTAL PRIMARIA,C51L41,POINT (-61.065617158999956 -8.143794166999966)
2024,VEGETACAO NATURAL FLORESTAL PRIMARIA,C51L41,POINT (-61.091267158999955 -8.169444166999966)
2024,VEGETACAO NATURAL FLORESTAL PRIMARIA,C51L41,POINT (-61.16812715899995 -8.204814166999967)
2024,VEGETACAO NATURAL FLORESTAL PRIMARIA,C51L41,POINT (-61.00954715899995 -8.110134166999966)
2024,VEGETACAO NATURAL FLORESTAL PRIMARIA,C51L41,POINT (-61.04437715899995 -8.016354166999966)
2024,VEGETACAO NATURAL FLORESTAL PRIMARIA,C51L41,POINT (-61.214747158999955 -8.103294166999966)
2024,VEGETACAO NATURAL FLORESTAL PRIMARIA,C51L41,POINT (-61.166327158999955 -8.156574166999967)
2024,VEGETACAO NATURAL FLORESTAL PRIMARIA,C51L41,POINT (-61.060487158999955 -8.024724166999967)
2024,VEGETACAO NATURAL FLORESTAL PRIMARIA,C51L41,POINT (-61.025477158999955 -8.054334166999967)
2024,VEGETACAO NATURAL FLORESTAL PRIMARIA,C51L41,POINT (-61.05031715899995 -8.075304166999967)
2024,VEGETACAO NATURAL FLORESTAL PRIMARIA,C51L41,POINT (-61.249217158999954 -8.053434166999967)
2024,VEGETACAO NATURAL FLORESTAL PRIMARIA,C51L41,POINT (-61.22140715899995 -8.023824166999967)
2024,VEGETACAO NATURAL FLORESTAL PRIMARIA,C51L41,POINT (-61.126637158999955 -8.200764166999967)
2024,VEGETACAO NATURAL FLORESTAL PRIMARIA,C51L41,POINT (-61.16326715899996 -8.114454166999966)
2024,VEGETACAO NATURAL FLORESTAL PRIMARIA,C51L41,POINT (-61.02880715899995 -8.120484166999967)
2024,VEGETACAO NATURAL FLORESTAL PRIMARIA,C51L41,POINT (-61.021067158999955 -8.200584166999967)
2024,VEGETACAO NATURAL FLORESTAL PRIMARIA,C51L41,POINT (-61.13689715899996 -8.169714166999967)
2024,VEGETACAO NATURAL FLORESTAL PRIMARIA,C51L41,POINT (-61.10125715899996 -8.083224166999965)
2024,VEGETACAO NATURAL FLORESTAL PRIMARIA,C51L41,POINT (-61.12762715899996 -8.103384166999966)
2024,VEGETACAO NATURAL FLORESTAL PRIMARIA,C51L41,POINT (-61.23904715899995 -8.169624166999967)
2024,VEGETACAO NATURAL FLORESTAL PRIMARIA,C51L41,POINT (-61.07893715899995 -8.074494166999965)
2024,VEGETACAO NATURAL FLORESTAL PRIMARIA,C51L41,POINT (-61.12366715899995 -8.147124166999966)
2024,VEGETACAO NATURAL FLORESTAL PRIMARIA,C51L41,POINT (-61.241567158999956 -8.122644166999967)
2024,VEGETACAO NATURAL FLORESTAL PRIMARIA,C51L41,POINT (-61.112867158999954 -8.188254166999966)
2024,VEGETACAO NATURAL FLORESTAL PRIMARIA,C51L41,POINT (-61.16479715899995 -8.150364166999966)
2024,VEGETACAO NATURAL FLORESTAL PRIMARIA,C51L41,POINT (-61.01566715899995 -8.102214166999966)
2024,VEGETACAO NATURAL FLORESTAL PRIMARIA,C51L41,POINT (-61.025387158999955 -8.137584166999966)
2024,VEGETACAO NATURAL FLORESTAL PRIMARIA,C51L41,POINT (-61.22617715899995 -8.204634166999966)
2024,VEGETACAO NATURAL FLORESTAL PRIMARIA,C51L41,POINT (-61.074257158999956 -8.095104166999967)
2024,VEGETACAO NATURAL FLORESTAL PRIMARIA,C51L41,POINT (-61.218887158999955 -8.087364166999967)
2024,VEGETACAO NATURAL FLORESTAL PRIMARIA,C51L41,POINT (-61.073087158999954 -8.162154166999967)
2024,VEGETACAO NATURAL FLORESTAL PRIMARIA,C51L41,POINT (-61.104677158999955 -8.036784166999967)
2024,VEGETACAO NATURAL FLORESTAL PRIMARIA,C51L41,POINT (-61.03519715899995 -8.137764166999967)
2024,VEGETACAO NATURAL FLORESTAL PRIMARIA,C51L41,POINT (-61.05850715899995 -8.080254166999966)
2024,VEGETACAO NATURAL FLORESTAL PRIMARIA,C51L41,POINT (-61.03996715899996 -8.233254166999966)
2024,VEGETACAO NATURAL FLORESTAL PRIMARIA,C51L41,POINT (-61.00261715899995 -8.076204166999966)
2024,VEGETACAO NATURAL FLORESTAL PRIMARIA,C51L41,POINT (-61.11007715899996 -8.115984166999967)
2024,VEGETACAO NATURAL FLORESTAL PRIMARIA,C51L41,POINT (-61.16848715899995 -8.131194166999967)
2024,VEGETACAO NATURAL FLORESTAL PRIMARIA,C51L41,POINT (-61.051127158999954 -8.202294166999966)
2024,VEGETACAO NATURAL FLORESTAL PRIMARIA,C51L41,POINT (-61.22194715899995 -8.140104166999967)
2024,VEGETACAO NATURAL FLORESTAL PRIMARIA,C51L41,POINT (-61.046897158999954 -8.085654166999966)
2024,VEGETACAO NATURAL FLORESTAL PRIMARIA,C51L41,POINT (-61.03285715899995 -8.217234166999967)
2024,VEGETACAO NATURAL FLORESTAL PRIMARIA,C51L41,POINT (-61.07632715899995 -8.135784166999967)
2024,VEGETACAO NATURAL FLORESTAL PRIMARIA,C51L41,POINT (-61.162547158999956 -8.204274166999966)
2024,VEGETACAO NATURAL FLORESTAL PRIMARIA,C51L41,POINT (-61.16839715899995 -8.061714166999966)
2024,VEGETACAO NATURAL FLORESTAL PRIMARIA,C51L41,POINT (-61.245527158999955 -8.032374166999967)
2024,VEGETACAO NATURAL FLORESTAL PRIMARIA,C51L41,POINT (-61.24687715899995 -8.128764166999966)
2024,VEGETACAO NATURAL FLORESTAL PRIMARIA,C51L41,POINT (-61.17658715899995 -8.026164166999965)
2024,VEGETACAO NATURAL FLORESTAL PRIMARIA,C51L41,POINT (-61.22644715899995 -8.173494166999966)
2024,VEGETACAO NATURAL FLORESTAL PRIMARIA,C51L41,POINT (-61.16065715899995 -8.091954166999967)
2024,VEGETACAO NATURAL FLORESTAL PRIMARIA,C51L41,POINT (-61.01440715899995 -8.244684166999967)
2024,VEGETACAO NATURAL FLORESTAL PRIMARIA,C51L41,POINT (-61.13662715899996 -8.059014166999967)
2024,VEGETACAO NATURAL FLORESTAL PRIMARIA,C51L41,POINT (-61.12393715899995 -8.108064166999966)
2024,VEGETACAO NATURAL FLORESTAL PRIMARIA,C51L41,POINT (-61.24318715899995 -8.205624166999966)
2024,VEGETACAO NATURAL FLORESTAL PRIMARIA,C51L41,POINT (-61.08541715899995 -8.069274166999966)
2024,VEGETACAO NATURAL FLORESTAL PRIMARIA,C51L41,POINT (-61.056887158999956 -8.016534166999966)
2024,VEGETACAO NATURAL FLORESTAL PRIMARIA,C51L41,POINT (-61.222577158999954 -8.057394166999966)
2024,VEGETACAO NATURAL FLORESTAL PRIMARIA,C51L41,POINT (-61.08928715899995 -8.237394166999966)
2024,VEGETACAO NATURAL FLORESTAL PRIMARIA,C51L41,POINT (-61.04563715899995 -8.070354166999966)
2024,VEGETACAO NATURAL FLORESTAL PRIMARIA,C51L41,POINT (-61.20772715899995 -8.077284166999966)
2024,VEGETACAO NATURAL FLORESTAL PRIMARIA,C51L41,POINT (-61.086407158999954 -8.159454166999966)
2024,VEGETACAO NATURAL FLORESTAL PRIMARIA,C51L41,POINT (-61.030157158999955 -8.209854166999966)
2024,VEGETACAO NATURAL FLORESTAL PRIMARIA,C51L41,POINT (-61.10269715899995 -8.145864166999965)
2024,VEGETACAO NATURAL FLORESTAL PRIMARIA,C51L41,POINT (-61.218167158999954 -8.171424166999966)
2024,VEGETACAO NATURAL FLORESTAL PRIMARIA,C51L41,POINT (-61.104677158999955 -8.032914166999966)
2024,VEGETACAO NATURAL FLORESTAL PRIMARIA,C51L41,POINT (-61.09774715899995 -8.118504166999966)
2024,VEGETACAO NATURAL FLORESTAL PRIMARIA,C51L41,POINT (-61.22005715899995 -8.229114166999967)
2024,VEGETACAO NATURAL FLORESTAL PRIMARIA,C51L41,POINT (-61.23004715899995 -8.092764166999967)
2024,VEGETACAO NATURAL FLORESTAL PRIMARIA,C51L41,POINT (-61.17154715899996 -8.243334166999967)
2024,VEGETACAO NATURAL FLORESTAL PRIMARIA,C51L41,POINT (-61.21951715899995 -8.033724166999967)
2024,VEGETACAO NATURAL FLORESTAL PRIMARIA,C51L41,POINT (-61.188377158999955 -8.172144166999967)
2024,VEGETACAO NATURAL FLORESTAL PRIMARIA,C51L41,POINT (-61.15858715899995 -8.039934166999966)
2024,VEGETACAO NATURAL FLORESTAL PRIMARIA,C51L41,POINT (-61.15498715899995 -8.012664166999967)
2024,VEGETACAO NATURAL FLORESTAL PRIMARIA,C51L41,POINT (-61.144367158999955 -8.097174166999967)
2024,VEGETACAO NATURAL FLORESTAL PRIMARIA,C51L41,POINT (-61.11592715899995 -8.242344166999967)
2024,VEGETACAO NATURAL FLORESTAL PRIMARIA,C51L41,POINT (-61.17208715899996 -8.069364166999966)
2024,VEGETACAO NATURAL FLORESTAL PRIMARIA,C51L41,POINT (-61.03978715899996 -8.219574166999966)
2024,VEGETACAO NATURAL FLORESTAL PRIMARIA,C51L41,POINT (-61.081907158999954 -8.105004166999967)
2024,VEGETACAO NATURAL FLORESTAL PRIMARIA,C51L41,POINT (-61.162097158999956 -8.094654166999966)
2024,VEGETACAO NATURAL FLORESTAL PRIMARIA,C51L41,POINT (-61.06264715899995 -8.212104166999966)
2024,VEGETACAO NATURAL FLORESTAL PRIMARIA,C51L41,POINT (-61.13752715899995 -8.055054166999966)
2024,VEGETACAO NATURAL FLORESTAL PRIMARIA,C51L41,POINT (-61.030427158999956 -8.106444166999966)
2024,VEGETACAO NATURAL FLORESTAL PRIMARIA,C51L41,POINT (-61.05508715899995 -8.027064166999967)
2024,VEGETACAO NATURAL FLORESTAL PRIMARIA,C51L41,POINT (-61.09693715899995 -8.172684166999966)
2024,VEGETACAO NATURAL FLORESTAL PRIMARIA,C51L41,POINT (-61.10161715899996 -8.072874166999966)
2024,VEGETACAO NATURAL FLORESTAL PRIMARIA,C51L41,POINT (-61.004327158999956 -8.126514166999966)
2024,VEGETACAO NATURAL FLORESTAL PRIMARIA,C51L41,POINT (-61.24615715899995 -8.183394166999966)
2024,VEGETACAO NATURAL FLORESTAL PRIMARIA,C51L41,POINT (-61.197737158999956 -8.078634166999967)
2024,VEGETACAO NATURAL FLORESTAL PRIMARIA,C51L41,POINT (-61.065707158999956 -8.230914166999966)
2024,VEGETACAO NATURAL FLORESTAL PRIMARIA,C51L41,POINT (-61.19575715899995 -8.062164166999967)
2024,VEGETACAO NATURAL FLORESTAL PRIMARIA,C51L41,POINT (-61.00531715899995 -8.205264166999966)
2024,VEGETACAO NATURAL FLORESTAL PRIMARIA,C51L41,POINT (-61.00450715899996 -8.186904166999966)
2024,VEGETACAO NATURAL FLORESTAL PRIMARIA,C51L41,POINT (-61.007207158999954 -8.077374166999967)
2024,VEGETACAO NATURAL FLORESTAL PRIMARIA,C51L41,POINT (-61.22887715899995 -8.086464166999967)
2024,VEGETACAO NATURAL FLORESTAL PRIMARIA,C51L41,POINT (-61.135367158999955 -8.077104166999966)
2024,VEGETACAO NATURAL FLORESTAL PRIMARIA,C51L41,POINT (-61.206197158999956 -8.096274166999967)
2024,VEGETACAO NATURAL FLORESTAL PRIMARIA,C51L41,POINT (-61.07506715899996 -8.092314166999966)
2024,VEGETACAO NATURAL FLORESTAL PRIMARIA,C51L41,POINT (-61.24615715899995 -8.015454166999966)
2024,VEGETACAO NATURAL FLORESTAL PRIMARIA,C51L41,POINT (-61.180097158999956 -8.133444166999967)
2024,VEGETACAO NATURAL FLORESTAL PRIMARIA,C51L41,POINT (-61.047347158999955 -8.219844166999966)
2024,VEGETACAO NATURAL FLORESTAL PRIMARIA,C51L41,POINT (-61.134827158999954 -8.176374166999967)
2024,VEGETACAO NATURAL FLORESTAL PRIMARIA,C51L41,POINT (-61.04914715899995 -8.090874166999967)
2024,VEGETACAO NATURAL FLORESTAL PRIMARIA,C51L41,POINT (-61.16326715899996 -8.078454166999967)
2024,VEGETACAO NATURAL FLORESTAL PRIMARIA,C51L41,POINT (-61.227707158999955 -8.143434166999967)
2024,VEGETACAO NATURAL FLORESTAL PRIMARIA,C51L41,POINT (-61.10584715899995 -8.211384166999967)
2024,VEGETACAO NATURAL FLORESTAL PRIMARIA,C51L41,POINT (-61.01035715899995 -8.008974166999966)
2024,VEGETACAO NATURAL FLORESTAL PRIMARIA,C51L41,POINT (-61.22041715899995 -8.183214166999965)
2024,VEGETACAO NATURAL FLORESTAL PRIMARIA,C51L41,POINT (-61.03627715899995 -8.208954166999966)
2024,VEGETACAO NATURAL FLORESTAL PRIMARIA,C51L41,POINT (-61.104407158999955 -8.172054166999967)
2024,VEGETACAO NATURAL FLORESTAL PRIMARIA,C51L41,POINT (-61.033667158999954 -8.008344166999967)
2024,VEGETACAO NATURAL FLORESTAL PRIMARIA,C51L41,POINT (-61.007747158999955 -8.094474166999966)
2024,VEGETACAO NATURAL FLORESTAL PRIMARIA,C51L41,POINT (-61.19917715899995 -8.053614166999965)
2024,VEGETACAO NATURAL FLORESTAL PRIMARIA,C51L41,POINT (-61.09882715899995 -8.249454166999966)
2024,VEGETACAO NATURAL FLORESTAL PRIMARIA,C51L41,POINT (-61.24606715899995 -8.065584166999967)
2024,VEGETACAO NATURAL FLORESTAL PRIMARIA,C51L41,POINT (-61.21780715899995 -8.243154166999966)
2024,VEGETACAO NATURAL FLORESTAL PRIMARIA,C51L41,POINT (-61.09387715899995 -8.068554166999967)
2024,VEGETACAO NATURAL FLORESTAL PRIMARIA,C51L41,POINT (-61.24372715899995 -8.058834166999967)
2024,VEGETACAO NATURAL FLORESTAL PRIMARIA,C51L41,POINT (-61.23526715899995 -8.033184166999966)
2024,VEGETACAO NATURAL FLORESTAL PRIMARIA,C51L41,POINT (-61.23067715899995 -8.085384166999967)
2024,VEGETACAO NATURAL FLORESTAL PRIMARIA,C51L41,POINT (-61.20025715899995 -8.000964166999966)
2024,VEGETACAO NATURAL FLORESTAL PRIMARIA,C51L41,POINT (-61.214567158999955 -8.075304166999967)
2024,VEGETACAO NATURAL FLORESTAL PRIMARIA,C51L41,POINT (-61.170467158999955 -8.113734166999967)
2024,VEGETACAO NATURAL FLORESTAL PRIMARIA,C51L41,POINT (-61.033847158999954 -8.069004166999965)
2024,VEGETACAO NATURAL FLORESTAL PRIMARIA,C51L41,POINT (-61.10998715899996 -8.041824166999966)
2024,VEGETACAO NATURAL FLORESTAL PRIMARIA,C51L41,POINT (-61.22491715899995 -8.070714166999966)
2024,VEGETACAO NATURAL FLORESTAL PRIMARIA,C51L41,POINT (-61.139327158999954 -8.069994166999967)
2024,VEGETACAO NATURAL FLORESTAL PRIMARIA,C51L41,POINT (-61.14562715899996 -8.003844166999967)
2024,VEGETACAO NATURAL FLORESTAL PRIMARIA,C51L41,POINT (-61.13293715899995 -8.025984166999967)
2024,VEGETACAO NATURAL FLORESTAL PRIMARIA,C51L41,POINT (-61.250027158999956 -8.203554166999966)
2024,VEGETACAO NATURAL FLORESTAL PRIMARIA,C51L41,POINT (-61.227437158999955 -8.211294166999966)
2024,VEGETACAO NATURAL FLORESTAL PRIMARIA,C51L41,POINT (-61.04086715899995 -8.125974166999967)
2024,VEGETACAO NATURAL FLORESTAL PRIMARIA,C51L41,POINT (-61.09279715899996 -8.188794166999966)
2024,VEGETACAO NATURAL FLORESTAL PRIMARIA,C51L41,POINT (-61.15957715899995 -8.201034166999966)
2024,VEGETACAO NATURAL FLORESTAL PRIMARIA,C51L41,POINT (-61.22203715899995 -8.204994166999967)
2024,VEGETACAO NATURAL FLORESTAL PRIMARIA,C51L41,POINT (-61.051757158999955 -8.239914166999966)
2024,VEGETACAO NATURAL FLORESTAL PRIMARIA,C51L41,POINT (-61.14994715899995 -8.097264166999967)
2024,VEGETACAO NATURAL FLORESTAL PRIMARIA,C51L41,POINT (-61.00684715899995 -8.101044166999966)
2024,VEGETACAO NATURAL FLORESTAL PRIMARIA,C51L41,POINT (-61.12429715899995 -8.216154166999967)
2024,VEGETACAO NATURAL FLORESTAL PRIMARIA,C51L41,POINT (-61.03960715899996 -8.152074166999967)
2024,VEGETACAO NATURAL FLORESTAL PRIMARIA,C51L41,POINT (-61.021877158999956 -8.027154166999967)
2024,VEGETACAO NATURAL FLORESTAL PRIMARIA,C51L41,POINT (-61.201607158999956 -8.137584166999966)
2024,VEGETACAO NATURAL FLORESTAL PRIMARIA,C51L41,POINT (-61.10683715899995 -8.113374166999966)
2024,VEGETACAO NATURAL FLORESTAL PRIMARIA,C51L41,POINT (-61.14724715899995 -8.005284166999965)
2024,VEGETACAO NATURAL FLORESTAL PRIMARIA,C51L41,POINT (-61.100087158999955 -8.246484166999966)
2024,VEGETACAO NATURAL FLORESTAL PRIMARIA,C51L41,POINT (-61.240307158999954 -8.017074166999967)
2024,VEGETACAO NATURAL FLORESTAL PRIMARIA,C51L41,POINT (-61.144367158999955 -8.107434166999965)
2024,VEGETACAO NATURAL FLORESTAL PRIMARIA,C51L41,POINT (-61.091177158999955 -8.246124166999966)
2024,VEGETACAO NATURAL FLORESTAL PRIMARIA,C51L41,POINT (-61.02016715899995 -8.204004166999967)
2024,VEGETACAO NATURAL FLORESTAL PRIMARIA,C51L41,POINT (-61.117907158999955 -8.024274166999966)
2024,VEGETACAO NATURAL FLORESTAL PRIMARIA,C51L41,POINT (-61.24192715899996 -8.009874166999966)
2024,VEGETACAO NATURAL FLORESTAL PRIMARIA,C51L41,POINT (-61.03195715899995 -8.040024166999967)
2024,VEGETACAO NATURAL FLORESTAL PRIMARIA,C51L41,POINT (-61.06795715899995 -8.040384166999965)
2024,VEGETACAO NATURAL FLORESTAL PRIMARIA,C51L41,POINT (-61.23409715899995 -8.142984166999966)
2024,VEGETACAO NATURAL FLORESTAL PRIMARIA,C51L41,POINT (-61.04599715899995 -8.234604166999967)
2024,VEGETACAO NATURAL FLORESTAL PRIMARIA,C51L41,POINT (-61.00594715899995 -8.105724166999966)
2024,VEGETACAO NATURAL FLORESTAL PRIMARIA,C51L41,POINT (-61.02457715899995 -8.067744166999967)
2024,VEGETACAO NATURAL FLORESTAL PRIMARIA,C51L41,POINT (-61.038077158999954 -8.055144166999966)
2024,VEGETACAO NATURAL FLORESTAL PRIMARIA,C51L41,POINT (-61.056887158999956 -8.093394166999966)
2024,VEGETACAO NATURAL FLORESTAL PRIMARIA,C51L41,POINT (-61.08505715899995 -8.056134166999966)
2024,VEGETACAO NATURAL FLORESTAL PRIMARIA,C51L41,POINT (-61.16893715899995 -8.219124166999967)
2024,VEGETACAO NATURAL FLORESTAL PRIMARIA,C51L41,POINT (-61.00198715899995 -8.061444166999966)
2024,VEGETACAO NATURAL FLORESTAL PRIMARIA,C51L41,POINT (-61.083077158999956 -8.134254166999966)
2024,VEGETACAO NATURAL FLORESTAL PRIMARIA,C51L41,POINT (-61.061027158999956 -8.038314166999966)
2024,VEGETACAO NATURAL FLORESTAL PRIMARIA,C51L41,POINT (-61.09801715899995 -8.112654166999967)
2024,VEGETACAO NATURAL FLORESTAL PRIMARIA,C51L41,POINT (-61.201157158999955 -8.030214166999967)
2024,VEGETACAO NATURAL FLORESTAL PRIMARIA,C51L41,POINT (-61.21582715899996 -8.086374166999967)
2024,VEGETACAO NATURAL FLORESTAL PRIMARIA,C51L41,POINT (-61.09684715899995 -8.147844166999967)
2024,VEGETACAO NATURAL FLORESTAL PRIMARIA,C51L41,POINT (-61.09459715899995 -8.053884166999966)
2024,VEGETACAO NATURAL FLORESTAL PRIMARIA,C51L41,POINT (-61.139777158999955 -8.224074166999966)
2024,VEGETACAO NATURAL FLORESTAL PRIMARIA,C51L41,POINT (-61.18522715899995 -8.161344166999966)
2024,VEGETACAO NATURAL FLORESTAL PRIMARIA,C51L41,POINT (-61.192157158999954 -8.096094166999967)
2024,VEGETACAO NATURAL FLORESTAL PRIMARIA,C51L41,POINT (-61.03096715899996 -8.168004166999966)
2024,VEGETACAO NATURAL FLORESTAL PRIMARIA,C51L41,POINT (-61.117457158999954 -8.156484166999967)
2024,VEGETACAO NATURAL FLORESTAL PRIMARIA,C51L41,POINT (-61.01530715899995 -8.164944166999966)
2024,VEGETACAO NATURAL FLORESTAL PRIMARIA,C51L41,POINT (-61.00261715899995 -8.209854166999966)
2024,VEGETACAO NATURAL FLORESTAL PRIMARIA,C51L41,POINT (-61.09288715899996 -8.058294166999966)
2024,VEGETACAO NATURAL FLORESTAL PRIMARIA,C51L41,POINT (-61.20304715899995 -8.074314166999967)
2024,VEGETACAO NATURAL FLORESTAL PRIMARIA,C51L41,POINT (-61.08433715899995 -8.154774166999966)
2024,VEGETACAO NATURAL FLORESTAL PRIMARIA,C51L41,POINT (-61.20907715899995 -8.029764166999966)
2024,VEGETACAO NATURAL FLORESTAL PRIMARIA,C51L41,POINT (-61.06786715899995 -8.015184166999965)
2024,VEGETACAO NATURAL FLORESTAL PRIMARIA,C51L41,POINT (-61.16857715899995 -8.199324166999967)
2024,VEGETACAO NATURAL FLORESTAL PRIMARIA,C51L41,POINT (-61.04419715899995 -8.096634166999966)
2024,VEGETACAO NATURAL FLORESTAL PRIMARIA,C51L41,POINT (-61.23013715899995 -8.031474166999967)
2024,VEGETACAO NATURAL FLORESTAL PRIMARIA,C51L41,POINT (-61.19845715899996 -8.231634166999966)
2024,VEGETACAO NATURAL FLORESTAL PRIMARIA,C51L41,POINT (-61.06183715899995 -8.022654166999967)
2024,VEGETACAO NATURAL FLORESTAL PRIMARIA,C51L41,POINT (-61.00504715899996 -8.115354166999966)
2024,VEGETACAO NATURAL FLORESTAL PRIMARIA,C51L41,POINT (-61.01332715899996 -8.111394166999967)
2024,VEGETACAO NATURAL FLORESTAL PRIMARIA,C51L41,POINT (-61.232387158999956 -8.200764166999967)
2024,VEGETACAO NATURAL FLORESTAL PRIMARIA,C51L41,POINT (-61.135817158999956 -8.083134166999967)
2024,VEGETACAO NATURAL FLORESTAL PRIMARIA,C51L41,POINT (-61.07047715899995 -8.068194166999966)
2024,VEGETACAO NATURAL FLORESTAL PRIMARIA,C51L41,POINT (-61.18576715899995 -8.249004166999967)
2024,VEGETACAO NATURAL FLORESTAL PRIMARIA,C51L41,POINT (-61.22149715899995 -8.040564166999966)
2024,VEGETACAO NATURAL FLORESTAL PRIMARIA,C51L41,POINT (-61.10746715899995 -8.054694166999965)
2024,VEGETACAO NATURAL FLORESTAL PRIMARIA,C51L41,POINT (-61.21717715899995 -8.015004166999967)
2024,VEGETACAO NATURAL FLORESTAL PRIMARIA,C51L41,POINT (-61.11916715899996 -8.024274166999966)
2024,VEGETACAO NATURAL FLORESTAL PRIMARIA,C51L41,POINT (-61.09792715899995 -8.093844166999967)
2024,VEGETACAO NATURAL FLORESTAL PRIMARIA,C51L41,POINT (-61.042847158999955 -8.066214166999966)
2024,VEGETACAO NATURAL FLORESTAL PRIMARIA,C51L41,POINT (-61.01809715899995 -8.061624166999966)
2024,VEGETACAO NATURAL FLORESTAL PRIMARIA,C51L41,POINT (-61.130957158999955 -8.123364166999966)
2024,VEGETACAO NATURAL FLORESTAL PRIMARIA,C51L41,POINT (-61.039427158999956 -8.186904166999966)
2024,VEGETACAO NATURAL FLORESTAL PRIMARIA,C51L41,POINT (-61.21312715899995 -8.018424166999965)
2024,VEGETACAO NATURAL FLORESTAL PRIMARIA,C51L41,POINT (-61.22104715899995 -8.147844166999967)
2024,VEGETACAO NATURAL FLORESTAL PRIMARIA,C51L41,POINT (-61.03744715899995 -8.128404166999966)
2024,VEGETACAO NATURAL FLORESTAL PRIMARIA,C51L41,POINT (-61.24804715899995 -8.083584166999966)
2024,VEGETACAO NATURAL FLORESTAL PRIMARIA,C51L41,POINT (-61.012787158999956 -8.124174166999966)
2024,VEGETACAO NATURAL FLORESTAL PRIMARIA,C51L41,POINT (-61.04446715899995 -8.210304166999967)
2024,VEGETACAO NATURAL FLORESTAL PRIMARIA,C51L41,POINT (-61.02304715899995 -8.090334166999966)
2024,VEGETACAO NATURAL FLORESTAL PRIMARIA,C51L41,POINT (-61.04365715899995 -8.220204166999967)
2024,VEGETACAO NATURAL FLORESTAL PRIMARIA,C51L41,POINT (-61.104947158999956 -8.236764166999967)
2024,VEGETACAO NATURAL FLORESTAL PRIMARIA,C51L41,POINT (-61.07191715899995 -8.193834166999967)
2024,VEGETACAO NATURAL FLORESTAL PRIMARIA,C51L41,POINT (-61.01485715899995 -8.065404166999967)
2024,VEGETACAO NATURAL FLORESTAL PRIMARIA,C51L41,POINT (-61.18144715899995 -8.147934166999967)
2024,VEGETACAO NATURAL FLORESTAL PRIMARIA,C51L41,POINT (-61.222577158999954 -8.072604166999966)
2024,VEGETACAO NATURAL FLORESTAL PRIMARIA,C51L41,POINT (-61.21159715899995 -8.032824166999966)
2024,VEGETACAO NATURAL FLORESTAL PRIMARIA,C51L41,POINT (-61.06606715899996 -8.136234166999966)
2024,VEGETACAO NATURAL FLORESTAL PRIMARIA,C51L41,POINT (-61.232117158999955 -8.147664166999967)
2024,VEGETACAO NATURAL FLORESTAL PRIMARIA,C51L41,POINT (-61.10701715899995 -8.200224166999966)
2024,VEGETACAO NATURAL FLORESTAL PRIMARIA,C51L41,POINT (-61.021787158999956 -8.138214166999965)
2024,VEGETACAO NATURAL FLORESTAL PRIMARIA,C51L41,POINT (-61.11673715899995 -8.171874166999967)
2024,VEGETACAO NATURAL FLORESTAL PRIMARIA,C51L41,POINT (-61.22959715899995 -8.146944166999965)
2024,VEGETACAO NATURAL FLORESTAL PRIMARIA,C51L41,POINT (-61.139507158999955 -8.100774166999967)
2024,VEGETACAO NATURAL FLORESTAL PRIMARIA,C51L41,POINT (-61.15930715899995 -8.039934166999966)
2024,VEGETACAO NATURAL FLORESTAL PRIMARIA,C51L41,POINT (-61.10809715899995 -8.033364166999966)
2024,VEGETACAO NATURAL FLORESTAL PRIMARIA,C51L41,POINT (-61.23823715899995 -8.087814166999966)
2024,VEGETACAO NATURAL FLORESTAL PRIMARIA,C51L41,POINT (-61.139327158999954 -8.195454166999966)
2024,VEGETACAO NATURAL FLORESTAL PRIMARIA,C51L41,POINT (-61.19854715899995 -8.146314166999966)
2024,VEGETACAO NATURAL FLORESTAL PRIMARIA,C51L41,POINT (-61.121597158999954 -8.246124166999966)
2024,VEGETACAO NATURAL FLORESTAL PRIMARIA,C51L41,POINT (-61.18693715899995 -8.085474166999965)
2024,VEGETACAO NATURAL FLORESTAL PRIMARIA,C51L41,POINT (-61.22977715899995 -8.023284166999966)
2024,VEGETACAO NATURAL FLORESTAL PRIMARIA,C51L41,POINT (-61.24318715899995 -8.083134166999967)
2024,VEGETACAO NATURAL FLORESTAL PRIMARIA,C51L41,POINT (-61.14607715899995 -8.232084166999966)
2024,VEGETACAO NATURAL FLORESTAL PRIMARIA,C51L41,POINT (-61.23949715899995 -8.042094166999966)
2024,VEGETACAO NATURAL FLORESTAL PRIMARIA,C51L41,POINT (-61.05967715899995 -8.163954166999966)
2024,VEGETACAO NATURAL FLORESTAL PRIMARIA,C51L41,POINT (-61.07641715899995 -8.196174166999967)
2024,VEGETACAO NATURAL FLORESTAL PRIMARIA,C51L41,POINT (-61.020527158999954 -8.191764166999967)
2024,VEGETACAO NATURAL FLORESTAL PRIMARIA,C51L41,POINT (-61.07902715899995 -8.050464166999966)
2024,VEGETACAO NATURAL FLORESTAL PRIMARIA,C51L41,POINT (-61.04959715899995 -8.139024166999967)
2024,VEGETACAO NATURAL FLORESTAL PRIMARIA,C51L41,POINT (-61.06129715899995 -8.083314166999966)
2024,VEGETACAO NATURAL FLORESTAL PRIMARIA,C51L41,POINT (-61.078217158999955 -8.142264166999967)
2024,VEGETACAO NATURAL FLORESTAL PRIMARIA,C51L41,POINT (-61.19008715899995 -8.011314166999966)
2024,VEGETACAO NATURAL FLORESTAL PRIMARIA,C51L41,POINT (-61.24588715899995 -8.079894166999967)
2024,VEGETACAO NATURAL FLORESTAL PRIMARIA,C51L41,POINT (-61.064627158999954 -8.183844166999966)
2024,VEGETACAO NATURAL FLORESTAL PRIMARIA,C51L41,POINT (-61.12051715899995 -8.210844166999966)
2024,VEGETACAO NATURAL FLORESTAL PRIMARIA,C51L41,POINT (-61.07191715899995 -8.135244166999966)
2024,VEGETACAO NATURAL FLORESTAL PRIMARIA,C51L41,POINT (-61.03672715899995 -8.115174166999966)
2024,VEGETACAO NATURAL FLORESTAL PRIMARIA,C51L41,POINT (-61.09720715899995 -8.128764166999966)
2024,VEGETACAO NATURAL FLORESTAL PRIMARIA,C51L41,POINT (-61.00567715899995 -8.065404166999967)
2024,VEGETACAO NATURAL FLORESTAL PRIMARIA,C51L41,POINT (-61.03663715899995 -8.246844166999967)
2024,VEGETACAO NATURAL FLORESTAL PRIMARIA,C51L41,POINT (-61.22626715899995 -8.192484166999966)
2024,VEGETACAO NATURAL FLORESTAL PRIMARIA,C51L41,POINT (-61.08100715899995 -8.123724166999967)
2024,VEGETACAO NATURAL FLORESTAL PRIMARIA,C51L41,POINT (-61.10512715899995 -8.115534166999966)
2024,VEGETACAO NATURAL FLORESTAL PRIMARIA,C51L41,POINT (-61.07011715899995 -8.122824166999965)
2024,VEGETACAO NATURAL FLORESTAL PRIMARIA,C51L41,POINT (-61.156877158999954 -8.149824166999966)
2024,VEGETACAO NATURAL FLORESTAL PRIMARIA,C51L41,POINT (-61.22941715899995 -8.064414166999967)
2024,VEGETACAO NATURAL FLORESTAL PRIMARIA,C51L41,POINT (-61.15903715899995 -8.132544166999967)
2024,VEGETACAO NATURAL FLORESTAL PRIMARIA,C51L41,POINT (-61.17352715899995 -8.175114166999967)
2024,VEGETACAO NATURAL FLORESTAL PRIMARIA,C51L41,POINT (-61.09441715899995 -8.210214166999966)
2024,VEGETACAO NATURAL FLORESTAL PRIMARIA,C51L41,POINT (-61.06381715899995 -8.155224166999966)
2024,VEGETACAO NATURAL FLORESTAL PRIMARIA,C51L41,POINT (-61.08982715899995 -8.126604166999966)
2024,VEGETACAO NATURAL FLORESTAL PRIMARIA,C51L41,POINT (-61.21951715899995 -8.166294166999966)
2024,VEGETACAO NATURAL FLORESTAL PRIMARIA,C51L41,POINT (-61.201427158999955 -8.148294166999966)
2024,VEGETACAO NATURAL FLORESTAL PRIMARIA,C51L41,POINT (-61.108457158999954 -8.184744166999966)
2024,VEGETACAO NATURAL FLORESTAL PRIMARIA,C51L41,POINT (-61.00135715899995 -8.092404166999966)
2024,VEGETACAO NATURAL FLORESTAL PRIMARIA,C51L41,POINT (-61.22860715899995 -8.107074166999967)
2024,VEGETACAO NATURAL FLORESTAL PRIMARIA,C51L41,POINT (-61.016567158999955 -8.072514166999966)
2024,VEGETACAO NATURAL FLORESTAL PRIMARIA,C51L41,POINT (-61.04536715899995 -8.085834166999966)
2024,VEGETACAO NATURAL FLORESTAL PRIMARIA,C51L41,POINT (-61.23103715899995 -8.148384166999966)
2024,VEGETACAO NATURAL FLORESTAL PRIMARIA,C51L41,POINT (-61.21285715899995 -8.083854166999966)
2024,VEGETACAO NATURAL FLORESTAL PRIMARIA,C51L41,POINT (-61.007387158999954 -8.132274166999967)
2024,VEGETACAO NATURAL FLORESTAL PRIMARIA,C51L41,POINT (-61.21996715899995 -8.026794166999967)
2024,VEGETACAO NATURAL FLORESTAL PRIMARIA,C51L41,POINT (-61.096307158999956 -8.133174166999966)
2024,VEGETACAO NATURAL FLORESTAL PRIMARIA,C51L41,POINT (-61.051937158999955 -8.139924166999966)
2024,VEGETACAO NATURAL FLORESTAL PRIMARIA,C51L41,POINT (-61.122407158999955 -8.107524166999966)
2024,VEGETACAO NATURAL FLORESTAL PRIMARIA,C51L41,POINT (-61.034477158999955 -8.045424166999966)
2024,VEGETACAO NATURAL FLORESTAL PRIMARIA,C51L41,POINT (-61.046807158999954 -8.127774166999966)
2024,VEGETACAO NATURAL FLORESTAL PRIMARIA,C51L41,POINT (-61.020347158999954 -8.089704166999967)
2024,VEGETACAO NATURAL FLORESTAL PRIMARIA,C51L41,POINT (-61.02610715899995 -8.144964166999966)
2024,VEGETACAO NATURAL FLORESTAL PRIMARIA,C51L41,POINT (-61.074077158999955 -8.082504166999966)
2024,VEGETACAO NATURAL FLORESTAL PRIMARIA,C51L41,POINT (-61.143917158999955 -8.067114166999966)
2024,VEGETACAO NATURAL FLORESTAL PRIMARIA,C51L41,POINT (-61.05436715899995 -8.229384166999965)
2024,VEGETACAO NATURAL FLORESTAL PRIMARIA,C51L41,POINT (-61.20457715899995 -8.070624166999966)
2024,VEGETACAO NATURAL FLORESTAL PRIMARIA,C51L41,POINT (-61.21762715899995 -8.041194166999967)
2024,VEGETACAO NATURAL FLORESTAL PRIMARIA,C51L41,POINT (-61.083077158999956 -8.053434166999967)
2024,VEGETACAO NATURAL FLORESTAL PRIMARIA,C51L41,POINT (-61.025207158999955 -8.020674166999965)
2024,VEGETACAO NATURAL FLORESTAL PRIMARIA,C51L41,POINT (-61.24318715899995 -8.058384166999966)
2024,VEGETACAO NATURAL FLORESTAL PRIMARIA,C51L41,POINT (-61.201337158999955 -8.163414166999967)
2024,VEGETACAO NATURAL FLORESTAL PRIMARIA,C51L41,POINT (-61.04203715899995 -8.042814166999966)
2024,VEGETACAO NATURAL FLORESTAL PRIMARIA,C51L41,POINT (-61.08757715899995 -8.235144166999966)
2024,VEGETACAO NATURAL FLORESTAL PRIMARIA,C51L41,POINT (-61.095227158999954 -8.068284166999966)
2024,VEGETACAO NATURAL FLORESTAL PRIMARIA,C51L41,POINT (-61.03123715899996 -8.030304166999967)
2024,VEGETACAO NATURAL FLORESTAL PRIMARIA,C51L41,POINT (-61.148417158999955 -8.236494166999966)
2024,VEGETACAO NATURAL FLORESTAL PRIMARIA,C51L41,POINT (-61.11187715899995 -8.162154166999967)
2024,VEGETACAO NATURAL FLORESTAL PRIMARIA,C51L41,POINT (-61.17262715899995 -8.084934166999966)
2024,VEGETACAO NATURAL FLORESTAL PRIMARIA,C51L41,POINT (-61.051577158999955 -8.162334166999965)
2024,VEGETACAO NATURAL FLORESTAL PRIMARIA,C51L41,POINT (-61.04167715899995 -8.179884166999967)
2024,VEGETACAO NATURAL FLORESTAL PRIMARIA,C51L41,POINT (-61.07488715899996 -8.216334166999966)
2024,VEGETACAO NATURAL FLORESTAL PRIMARIA,C51L41,POINT (-61.00684715899995 -8.215614166999966)
2024,VEGETACAO NATURAL FLORESTAL PRIMARIA,C51L41,POINT (-61.10143715899996 -8.188974166999966)
2024,VEGETACAO NATURAL FLORESTAL PRIMARIA,C51L41,POINT (-61.043567158999956 -8.129754166999966)
2024,VEGETACAO NATURAL FLORESTAL PRIMARIA,C51L41,POINT (-61.12897715899995 -8.122194166999966)
2024,VEGETACAO NATURAL FLORESTAL PRIMARIA,C51L41,POINT (-61.06120715899995 -8.082144166999965)
2024,VEGETACAO NATURAL FLORESTAL PRIMARIA,C51L41,POINT (-61.18216715899995 -8.241894166999966)
2024,VEGETACAO NATURAL FLORESTAL PRIMARIA,C51L41,POINT (-61.20430715899995 -8.071794166999966)
2024,VEGETACAO NATURAL FLORESTAL PRIMARIA,C51L41,POINT (-61.05958715899995 -8.006904166999966)
2024,VEGETACAO NATURAL FLORESTAL PRIMARIA,C51L41,POINT (-61.178477158999954 -8.217054166999967)
2024,VEGETACAO NATURAL FLORESTAL PRIMARIA,C51L41,POINT (-61.20367715899995 -8.138214166999965)
2024,VEGETACAO NATURAL FLORESTAL PRIMARIA,C51L41,POINT (-61.121597158999954 -8.215524166999966)
2024,VEGETACAO NATURAL FLORESTAL PRIMARIA,C51L41,POINT (-61.140137158999956 -8.236404166999966)
2024,VEGETACAO NATURAL FLORESTAL PRIMARIA,C51L41,POINT (-61.135997158999956 -8.076654166999965)
2024,VEGETACAO NATURAL FLORESTAL PRIMARIA,C51L41,POINT (-61.090907158999954 -8.040744166999966)
2024,VEGETACAO NATURAL FLORESTAL PRIMARIA,C51L41,POINT (-61.19998715899995 -8.051454166999966)
2024,VEGETACAO NATURAL FLORESTAL PRIMARIA,C51L41,POINT (-61.20466715899995 -8.117874166999966)
2024,VEGETACAO NATURAL FLORESTAL PRIMARIA,C51L41,POINT (-61.13734715899995 -8.177184166999966)
2024,VEGETACAO NATURAL FLORESTAL PRIMARIA,C51L41,POINT (-61.231667158999954 -8.088534166999967)
2024,VEGETACAO NATURAL FLORESTAL PRIMARIA,C51L41,POINT (-61.21762715899995 -8.062794166999966)
2024,VEGETACAO NATURAL FLORESTAL PRIMARIA,C51L41,POINT (-61.00207715899995 -8.058204166999966)
2024,VEGETACAO NATURAL FLORESTAL PRIMARIA,C51L41,POINT (-61.016657158999955 -8.140374166999965)
2024,VEGETACAO NATURAL FLORESTAL PRIMARIA,C51L41,POINT (-61.187567158999954 -8.151894166999966)
2024,VEGETACAO NATURAL FLORESTAL PRIMARIA,C51L41,POINT (-61.24300715899995 -8.208594166999966)
2024,VEGETACAO NATURAL FLORESTAL PRIMARIA,C51L41,POINT (-61.235627158999954 -8.220924166999966)
2024,VEGETACAO NATURAL FLORESTAL PRIMARIA,C51L41,POINT (-61.15606715899995 -8.182764166999966)
2024,VEGETACAO NATURAL FLORESTAL PRIMARIA,C51L41,POINT (-61.140227158999956 -8.141094166999967)
2024,VEGETACAO NATURAL FLORESTAL PRIMARIA,C51L41,POINT (-61.14040715899995 -8.033004166999966)
2024,VEGETACAO NATURAL FLORESTAL PRIMARIA,C51L41,POINT (-61.05742715899996 -8.118144166999967)
2024,VEGETACAO NATURAL FLORESTAL PRIMARIA,C51L41,POINT (-61.16677715899995 -8.087454166999967)
2024,VEGETACAO NATURAL FLORESTAL PRIMARIA,C51L41,POINT (-61.073357158999954 -8.242344166999967)
2024,VEGETACAO NATURAL FLORESTAL PRIMARIA,C51L41,POINT (-61.016477158999955 -8.136864166999967)
2024,VEGETACAO NATURAL FLORESTAL PRIMARIA,C51L41,POINT (-61.030427158999956 -8.182224166999966)
2024,VEGETACAO NATURAL FLORESTAL PRIMARIA,C51L41,POINT (-61.218887158999955 -8.091324166999966)
2024,VEGETACAO NATURAL FLORESTAL PRIMARIA,C51L41,POINT (-61.01089715899995 -8.211024166999966)
2024,VEGETACAO NATURAL FLORESTAL PRIMARIA,C51L41,POINT (-61.21681715899995 -8.219124166999967)
2024,VEGETACAO NATURAL FLORESTAL PRIMARIA,C51L41,POINT (-61.126547158999955 -8.030574166999966)
2024,VEGETACAO NATURAL FLORESTAL PRIMARIA,C51L41,POINT (-61.02241715899996 -8.172324166999966)
2024,VEGETACAO NATURAL FLORESTAL PRIMARIA,C51L41,POINT (-61.17595715899995 -8.044434166999967)
2024,VEGETACAO NATURAL FLORESTAL PRIMARIA,C51L41,POINT (-61.196117158999954 -8.163774166999966)
2024,VEGETACAO NATURAL FLORESTAL PRIMARIA,C51L41,POINT (-61.16389715899995 -8.003664166999966)
2024,VEGETACAO NATURAL FLORESTAL PRIMARIA,C51L41,POINT (-61.14616715899995 -8.098344166999967)
2024,VEGETACAO NATURAL FLORESTAL PRIMARIA,C51L41,POINT (-61.126367158999955 -8.036154166999966)
2024,VEGETACAO NATURAL FLORESTAL PRIMARIA,C51L41,POINT (-61.15615715899995 -8.007624166999966)
2024,VEGETACAO NATURAL FLORESTAL PRIMARIA,C51L41,POINT (-61.05949715899995 -8.115804166999967)
2024,VEGETACAO NATURAL FLORESTAL PRIMARIA,C51L41,POINT (-61.12879715899995 -8.132364166999967)
2024,VEGETACAO NATURAL FLORESTAL PRIMARIA,C51L41,POINT (-61.038617158999955 -8.071434166999966)
2024,VEGETACAO NATURAL FLORESTAL PRIMARIA,C51L41,POINT (-61.021157158999955 -8.141094166999967)
2024,VEGETACAO NATURAL FLORESTAL PRIMARIA,C51L41,POINT (-61.18693715899995 -8.146854166999967)
2024,VEGETACAO NATURAL FLORESTAL PRIMARIA,C51L41,POINT (-61.069667158999955 -8.085924166999966)
2024,VEGETACAO NATURAL FLORESTAL PRIMARIA,C51L41,POINT (-61.01944715899995 -8.090694166999967)
2024,VEGETACAO NATURAL FLORESTAL PRIMARIA,C51L41,POINT (-61.10773715899995 -8.035164166999966)
2024,VEGETACAO NATURAL FLORESTAL PRIMARIA,C51L41,POINT (-61.13743715899995 -8.172324166999966)
2024,VEGETACAO NATURAL FLORESTAL PRIMARIA,C51L41,POINT (-61.12294715899995 -8.165214166999966)
2024,VEGETACAO NATURAL FLORESTAL PRIMARIA,C51L41,POINT (-61.06129715899995 -8.146314166999966)
2024,VEGETACAO NATURAL FLORESTAL PRIMARIA,C51L41,POINT (-61.174697158999955 -8.013744166999967)
2024,VEGETACAO NATURAL FLORESTAL PRIMARIA,C51L41,POINT (-61.11178715899995 -8.082954166999967)
2024,VEGETACAO NATURAL FLORESTAL PRIMARIA,C51L41,POINT (-61.240667158999955 -8.242794166999966)
2024,VEGETACAO NATURAL FLORESTAL PRIMARIA,C51L41,POINT (-61.073627158999955 -8.069364166999966)
2024,VEGETACAO NATURAL FLORESTAL PRIMARIA,C51L41,POINT (-61.13644715899996 -8.214264166999966)
2024,VEGETACAO NATURAL FLORESTAL PRIMARIA,C51L41,POINT (-61.223477158999955 -8.075124166999966)
2024,VEGETACAO NATURAL FLORESTAL PRIMARIA,C51L41,POINT (-61.206107158999956 -8.136954166999967)
2024,VEGETACAO NATURAL FLORESTAL PRIMARIA,C51L41,POINT (-61.12384715899995 -8.034354166999966)
2024,VEGETACAO NATURAL FLORESTAL PRIMARIA,C51L41,POINT (-61.08478715899995 -8.235594166999967)
2024,VEGETACAO NATURAL FLORESTAL PRIMARIA,C51L41,POINT (-61.05904715899995 -8.216784166999966)
2024,VEGETACAO NATURAL FLORESTAL PRIMARIA,C51L41,POINT (-61.020347158999954 -8.055054166999966)
2024,VEGETACAO NATURAL FLORESTAL PRIMARIA,C51L41,POINT (-61.10323715899995 -8.063334166999967)
2024,VEGETACAO NATURAL FLORESTAL PRIMARIA,C51L41,POINT (-61.077677158999954 -8.099784166999966)
2024,VEGETACAO NATURAL FLORESTAL PRIMARIA,C51L41,POINT (-61.104407158999955 -8.024904166999967)
2024,VEGETACAO NATURAL FLORESTAL PRIMARIA,C51L41,POINT (-61.003427158999955 -8.075844166999966)
2024,VEGETACAO NATURAL FLORESTAL PRIMARIA,C51L41,POINT (-61.12996715899995 -8.047314166999966)
2024,VEGETACAO NATURAL FLORESTAL PRIMARIA,C51L41,POINT (-61.117907158999955 -8.244954166999966)
2024,VEGETACAO NATURAL FLORESTAL PRIMARIA,C51L41,POINT (-61.00864715899995 -8.043804166999966)
2024,VEGETACAO NATURAL FLORESTAL PRIMARIA,C51L41,POINT (-61.03717715899995 -8.136504166999966)
2024,VEGETACAO NATURAL FLORESTAL PRIMARIA,C51L41,POINT (-61.14598715899995 -8.179884166999967)
2024,VEGETACAO NATURAL FLORESTAL PRIMARIA,C51L41,POINT (-61.034207158999955 -8.009154166999966)
2024,VEGETACAO NATURAL FLORESTAL PRIMARIA,C51L41,POINT (-61.19845715899996 -8.035614166999967)
2024,VEGETACAO NATURAL FLORESTAL PRIMARIA,C51L41,POINT (-61.12906715899995 -8.154504166999967)
2024,VEGETACAO NATURAL FLORESTAL PRIMARIA,C51L41,POINT (-61.11016715899996 -8.244144166999966)
2024,VEGETACAO NATURAL FLORESTAL PRIMARIA,C51L41,POINT (-61.07011715899995 -8.133354166999966)
2024,VEGETACAO NATURAL FLORESTAL PRIMARIA,C51L41,POINT (-61.165607158999954 -8.089164166999966)
2024,VEGETACAO NATURAL FLORESTAL PRIMARIA,C51L41,POINT (-61.09414715899995 -8.174934166999966)
2024,VEGETACAO NATURAL FLORESTAL PRIMARIA,C51L41,POINT (-61.236527158999955 -8.181414166999966)
2024,VEGETACAO NATURAL FLORESTAL PRIMARIA,C51L41,POINT (-61.139957158999955 -8.237484166999966)
2024,VEGETACAO NATURAL FLORESTAL PRIMARIA,C51L41,POINT (-61.01503715899995 -8.117334166999965)
2024,VEGETACAO NATURAL FLORESTAL PRIMARIA,C51L41,POINT (-61.16479715899995 -8.115534166999966)
2024,VEGETACAO NATURAL FLORESTAL PRIMARIA,C51L41,POINT (-61.12771715899996 -8.021214166999966)
2024,VEGETACAO NATURAL FLORESTAL PRIMARIA,C51L41,POINT (-61.10647715899995 -8.108154166999967)
2024,VEGETACAO NATURAL FLORESTAL PRIMARIA,C51L41,POINT (-61.18270715899995 -8.097624166999966)
2024,VEGETACAO NATURAL FLORESTAL PRIMARIA,C51L41,POINT (-61.21294715899995 -8.102124166999966)
2024,VEGETACAO NATURAL FLORESTAL PRIMARIA,C51L41,POINT (-61.24318715899995 -8.071074166999967)
2024,VEGETACAO NATURAL FLORESTAL PRIMARIA,C51L41,POINT (-61.07047715899995 -8.231814166999966)
2024,VEGETACAO NATURAL FLORESTAL PRIMARIA,C51L41,POINT (-61.12978715899995 -8.226054166999965)
2024,VEGETACAO NATURAL FLORESTAL PRIMARIA,C51L41,POINT (-61.057067158999956 -8.013024166999966)
2024,VEGETACAO NATURAL FLORESTAL PRIMARIA,C51L41,POINT (-61.18594715899995 -8.157834166999967)
2024,VEGETACAO NATURAL FLORESTAL PRIMARIA,C51L41,POINT (-61.01917715899995 -8.104824166999967)
2024,VEGETACAO NATURAL FLORESTAL PRIMARIA,C51L41,POINT (-61.16803715899995 -8.104464166999966)
2024,VEGETACAO NATURAL FLORESTAL PRIMARIA,C51L41,POINT (-61.23841715899995 -8.112654166999967)
2024,VEGETACAO NATURAL FLORESTAL PRIMARIA,C51L41,POINT (-61.05859715899995 -8.234064166999966)
2024,VEGETACAO NATURAL FLORESTAL PRIMARIA,C51L41,POINT (-61.073537158999954 -8.144964166999966)
2024,VEGETACAO NATURAL FLORESTAL PRIMARIA,C51L41,POINT (-61.16785715899995 -8.237304166999966)
2024,VEGETACAO NATURAL FLORESTAL PRIMARIA,C51L41,POINT (-61.12483715899995 -8.120214166999967)
2024,VEGETACAO NATURAL FLORESTAL PRIMARIA,C51L41,POINT (-61.09333715899995 -8.089974166999966)
2024,VEGETACAO NATURAL FLORESTAL PRIMARIA,C51L41,POINT (-61.12483715899995 -8.104554166999966)
2024,VEGETACAO NATURAL FLORESTAL PRIMARIA,C51L41,POINT (-61.00081715899995 -8.053704166999966)
2024,VEGETACAO NATURAL FLORESTAL PRIMARIA,C51L41,POINT (-61.179737158999956 -8.165214166999966)
2024,VEGETACAO NATURAL FLORESTAL PRIMARIA,C51L41,POINT (-61.21573715899996 -8.090244166999966)
2024,VEGETACAO NATURAL FLORESTAL PRIMARIA,C51L41,POINT (-61.23391715899995 -8.222904166999966)
2024,VEGETACAO NATURAL FLORESTAL PRIMARIA,C51L41,POINT (-61.083347158999956 -8.164314166999967)
2024,VEGETACAO NATURAL FLORESTAL PRIMARIA,C51L41,POINT (-61.11124715899995 -8.183484166999966)
2024,VEGETACAO NATURAL FLORESTAL PRIMARIA,C51L41,POINT (-61.042487158999954 -8.098254166999967)
2024,VEGETACAO NATURAL FLORESTAL PRIMARIA,C51L41,POINT (-61.11007715899996 -8.191404166999966)
2024,VEGETACAO NATURAL FLORESTAL PRIMARIA,C51L41,POINT (-61.201427158999955 -8.125704166999967)
2024,VEGETACAO NATURAL FLORESTAL PRIMARIA,C51L41,POINT (-61.05976715899995 -8.028234166999967)
2024,VEGETACAO NATURAL FLORESTAL PRIMARIA,C51L41,POINT (-61.179557158999955 -8.025354166999966)
2024,VEGETACAO NATURAL FLORESTAL PRIMARIA,C51L41,POINT (-61.03699715899995 -8.001144166999966)
2024,VEGETACAO NATURAL FLORESTAL PRIMARIA,C51L41,POINT (-61.24273715899995 -8.069544166999966)
2024,VEGETACAO NATURAL FLORESTAL PRIMARIA,C51L41,POINT (-61.05751715899996 -8.165664166999965)
2024,VEGETACAO NATURAL FLORESTAL PRIMARIA,C51L41,POINT (-61.01440715899995 -8.121564166999967)
2024,VEGETACAO NATURAL FLORESTAL PRIMARIA,C51L41,POINT (-61.14103715899995 -8.142624166999965)
2024,VEGETACAO NATURAL FLORESTAL PRIMARIA,C51L41,POINT (-61.227797158999955 -8.245314166999966)
2024,VEGETACAO NATURAL FLORESTAL PRIMARIA,C51L41,POINT (-61.24408715899995 -8.193474166999966)
2024,VEGETACAO NATURAL FLORESTAL PRIMARIA,C51L41,POINT (-61.073717158999955 -8.224524166999966)
2024,VEGETACAO NATURAL FLORESTAL PRIMARIA,C51L41,POINT (-61.23976715899995 -8.152884166999966)
2024,VEGETACAO NATURAL FLORESTAL PRIMARIA,C51L41,POINT (-61.22023715899995 -8.084844166999966)
2024,VEGETACAO NATURAL FLORESTAL PRIMARIA,C51L41,POINT (-61.051937158999955 -8.052444166999967)
2024,VEGETACAO NATURAL FLORESTAL PRIMARIA,C51L41,POINT (-61.17343715899995 -8.241894166999966)
2024,VEGETACAO NATURAL FLORESTAL PRIMARIA,C51L41,POINT (-61.016657158999955 -8.117784166999966)
2024,VEGETACAO NATURAL FLORESTAL PRIMARIA,C51L41,POINT (-61.18585715899995 -8.084034166999967)
2024,VEGETACAO NATURAL FLORESTAL PRIMARIA,C51L41,POINT (-61.14220715899995 -8.053884166999966)
2024,VEGETACAO NATURAL FLORESTAL PRIMARIA,C51L41,POINT (-61.122317158999955 -8.124984166999965)
2024,VEGETACAO NATURAL FLORESTAL PRIMARIA,C51L41,POINT (-61.23535715899995 -8.085024166999967)
2024,VEGETACAO NATURAL FLORESTAL PRIMARIA,C51L41,POINT (-61.126097158999954 -8.103474166999966)
2024,VEGETACAO NATURAL FLORESTAL PRIMARIA,C51L41,POINT (-61.021697158999956 -8.169714166999967)
2024,VEGETACAO NATURAL FLORESTAL PRIMARIA,C51L41,POINT (-61.004147158999956 -8.177544166999967)
2024,VEGETACAO NATURAL FLORESTAL PRIMARIA,C51L41,POINT (-61.081997158999954 -8.104374166999966)
2024,VEGETACAO NATURAL FLORESTAL PRIMARIA,C51L41,POINT (-61.183877158999955 -8.060094166999967)
2024,VEGETACAO NATURAL FLORESTAL PRIMARIA,C51L41,POINT (-61.136087158999956 -8.155134166999966)
2024,VEGETACAO NATURAL FLORESTAL PRIMARIA,C51L41,POINT (-61.099727158999954 -8.122914166999966)
2024,VEGETACAO NATURAL FLORESTAL PRIMARIA,C51L41,POINT (-61.051487158999954 -8.132634166999967)
2024,VEGETACAO NATURAL FLORESTAL PRIMARIA,C51L41,POINT (-61.17829715899995 -8.015994166999967)
2024,VEGETACAO NATURAL FLORESTAL PRIMARIA,C51L41,POINT (-61.125737158999954 -8.112474166999966)
2024,VEGETACAO NATURAL FLORESTAL PRIMARIA,C51L41,POINT (-61.00612715899995 -8.213994166999965)
2024,VEGETACAO NATURAL FLORESTAL PRIMARIA,C51L41,POINT (-61.01512715899995 -8.076834166999966)
2024,VEGETACAO NATURAL FLORESTAL PRIMARIA,C51L41,POINT (-61.01503715899995 -8.052984166999966)
2024,VEGETACAO NATURAL FLORESTAL PRIMARIA,C51L41,POINT (-61.05382715899995 -8.236044166999966)
2024,VEGETACAO NATURAL FLORESTAL PRIMARIA,C51L41,POINT (-61.06300715899995 -8.046864166999967)
2024,VEGETACAO NATURAL FLORESTAL PRIMARIA,C51L41,POINT (-61.20700715899996 -8.060634166999966)
2024,VEGETACAO NATURAL FLORESTAL PRIMARIA,C51L41,POINT (-61.00891715899995 -8.076564166999967)
2024,VEGETACAO NATURAL FLORESTAL PRIMARIA,C51L41,POINT (-61.156877158999954 -8.120844166999966)
2024,VEGETACAO NATURAL FLORESTAL PRIMARIA,C51L41,POINT (-61.08046715899995 -8.161254166999965)
2024,VEGETACAO NATURAL FLORESTAL PRIMARIA,C51L41,POINT (-61.144547158999956 -8.080434166999966)
2024,VEGETACAO NATURAL FLORESTAL PRIMARIA,C51L41,POINT (-61.24678715899995 -8.201754166999967)
2024,VEGETACAO NATURAL FLORESTAL PRIMARIA,C51L41,POINT (-61.095137158999954 -8.145054166999966)
2024,VEGETACAO NATURAL FLORESTAL PRIMARIA,C51L41,POINT (-61.16461715899995 -8.116794166999966)
2024,VEGETACAO NATURAL FLORESTAL PRIMARIA,C51L41,POINT (-61.03546715899995 -8.194464166999966)
2024,VEGETACAO NATURAL FLORESTAL PRIMARIA,C51L41,POINT (-61.034387158999955 -8.166474166999967)
2024,VEGETACAO NATURAL FLORESTAL PRIMARIA,C51L41,POINT (-61.03087715899996 -8.179344166999966)
2024,VEGETACAO NATURAL FLORESTAL PRIMARIA,C51L41,POINT (-61.21951715899995 -8.132274166999967)
2024,VEGETACAO NATURAL FLORESTAL PRIMARIA,C51L41,POINT (-61.18522715899995 -8.135604166999967)
2024,VEGETACAO NATURAL FLORESTAL PRIMARIA,C51L41,POINT (-61.18117715899995 -8.134254166999966)
2024,VEGETACAO NATURAL FLORESTAL PRIMARIA,C51L41,POINT (-61.121417158999954 -8.217864166999966)
2024,VEGETACAO NATURAL FLORESTAL PRIMARIA,C51L41,POINT (-61.10350715899995 -8.236224166999966)
2024,VEGETACAO NATURAL FLORESTAL PRIMARIA,C51L41,POINT (-61.039427158999956 -8.034894166999965)
2024,VEGETACAO NATURAL FLORESTAL PRIMARIA,C51L41,POINT (-61.20889715899995 -8.150724166999966)
2024,VEGETACAO NATURAL FLORESTAL PRIMARIA,C51L41,POINT (-61.15984715899995 -8.197704166999966)
2024,VEGETACAO NATURAL FLORESTAL PRIMARIA,C51L41,POINT (-61.13221715899995 -8.227584166999966)
2024,VEGETACAO NATURAL FLORESTAL PRIMARIA,C51L41,POINT (-61.13806715899995 -8.115804166999967)
2024,VEGETACAO NATURAL FLORESTAL PRIMARIA,C51L41,POINT (-61.166507158999956 -8.057034166999966)
2024,VEGETACAO NATURAL FLORESTAL PRIMARIA,C51L41,POINT (-61.04914715899995 -8.037324166999966)
2024,VEGETACAO NATURAL FLORESTAL PRIMARIA,C51L41,POINT (-61.12294715899995 -8.186454166999967)
2024,VEGETACAO NATURAL FLORESTAL PRIMARIA,C51L41,POINT (-61.236347158999955 -8.096364166999967)
2024,VEGETACAO NATURAL FLORESTAL PRIMARIA,C51L41,POINT (-61.01323715899996 -8.014464166999966)
2024,VEGETACAO NATURAL FLORESTAL PRIMARIA,C51L41,POINT (-61.23751715899995 -8.106624166999966)
2024,VEGETACAO NATURAL FLORESTAL PRIMARIA,C51L41,POINT (-61.19071715899995 -8.139834166999966)
2024,VEGETACAO NATURAL FLORESTAL PRIMARIA,C51L41,POINT (-61.214387158999955 -8.186184166999967)
2024,VEGETACAO NATURAL FLORESTAL PRIMARIA,C51L41,POINT (-61.22230715899995 -8.094744166999966)
2024,VEGETACAO NATURAL FLORESTAL PRIMARIA,C51L41,POINT (-61.148507158999955 -8.069274166999966)
2024,VEGETACAO NATURAL FLORESTAL PRIMARIA,C51L41,POINT (-61.08478715899995 -8.179164166999966)
2024,VEGETACAO NATURAL FLORESTAL PRIMARIA,C51L41,POINT (-61.15417715899996 -8.007894166999966)
2024,VEGETACAO NATURAL FLORESTAL PRIMARIA,C51L41,POINT (-61.025567158999955 -8.091684166999967)
2024,VEGETACAO NATURAL FLORESTAL PRIMARIA,C51L41,POINT (-61.08406715899996 -8.204184166999966)
2024,VEGETACAO NATURAL FLORESTAL PRIMARIA,C51L41,POINT (-61.222397158999954 -8.184384166999966)
2024,VEGETACAO NATURAL FLORESTAL PRIMARIA,C51L41,POINT (-61.250027158999956 -8.046504166999966)
2024,VEGETACAO NATURAL FLORESTAL PRIMARIA,C51L41,POINT (-61.24210715899996 -8.002404166999966)
2024,VEGETACAO NATURAL FLORESTAL PRIMARIA,C51L41,POINT (-61.13320715899995 -8.242344166999967)
2024,VEGETACAO NATURAL FLORESTAL PRIMARIA,C51L41,POINT (-61.02601715899995 -8.018694166999966)
2024,VEGETACAO NATURAL FLORESTAL PRIMARIA,C51L41,POINT (-61.00018715899995 -8.194734166999966)
2024,VEGETACAO NATURAL FLORESTAL PRIMARIA,C51L41,POINT (-61.090997158999954 -8.168814166999967)
2024,VEGETACAO NATURAL FLORESTAL PRIMARIA,C51L41,POINT (-61.14598715899995 -8.105634166999966)
2024,VEGETACAO NATURAL FLORESTAL PRIMARIA,C51L41,POINT (-61.223117158999955 -8.175654166999966)
2024,VEGETACAO NATURAL FLORESTAL PRIMARIA,C51L41,POINT (-61.113587158999955 -8.098074166999966)
2024,VEGETACAO NATURAL FLORESTAL PRIMARIA,C51L41,POINT (-61.112777158999954 -8.225154166999966)
2024,VEGETACAO NATURAL FLORESTAL PRIMARIA,C51L41,POINT (-61.23859715899995 -8.072064166999967)
2024,VEGETACAO NATURAL FLORESTAL PRIMARIA,C51L41,POINT (-61.15444715899996 -8.062974166999966)
2024,VEGETACAO NATURAL FLORESTAL PRIMARIA,C51L41,POINT (-61.00981715899995 -8.186904166999966)
2024,VEGETACAO NATURAL FLORESTAL PRIMARIA,C51L41,POINT (-61.024757158999954 -8.180964166999967)
2024,VEGETACAO NATURAL FLORESTAL PRIMARIA,C51L41,POINT (-61.10584715899995 -8.242974166999966)
2024,VEGETACAO NATURAL FLORESTAL PRIMARIA,C51L41,POINT (-61.100177158999955 -8.180604166999967)
2024,VEGETACAO NATURAL FLORESTAL PRIMARIA,C51L41,POINT (-61.209617158999954 -8.246484166999966)
2024,VEGETACAO NATURAL FLORESTAL PRIMARIA,C51L41,POINT (-61.14652715899995 -8.147124166999966)
2024,VEGETACAO NATURAL FLORESTAL PRIMARIA,C51L41,POINT (-61.073717158999955 -8.148384166999966)
2024,VEGETACAO NATURAL FLORESTAL PRIMARIA,C51L41,POINT (-61.23094715899995 -8.246844166999967)
2024,VEGETACAO NATURAL FLORESTAL PRIMARIA,C51L41,POINT (-61.219067158999955 -8.012124166999966)
2024,VEGETACAO NATURAL FLORESTAL PRIMARIA,C51L41,POINT (-61.02736715899995 -8.125344166999966)
2024,VEGETACAO NATURAL FLORESTAL PRIMARIA,C51L41,POINT (-61.153457158999956 -8.137224166999966)
2024,VEGETACAO NATURAL FLORESTAL PRIMARIA,C51L41,POINT (-61.12951715899995 -8.053344166999967)
2024,VEGETACAO NATURAL FLORESTAL PRIMARIA,C51L41,POINT (-61.136177158999956 -8.233974166999966)
2024,VEGETACAO NATURAL FLORESTAL PRIMARIA,C51L41,POINT (-61.09486715899995 -8.171784166999966)
2024,VEGETACAO NATURAL FLORESTAL PRIMARIA,C51L41,POINT (-61.00603715899995 -8.109054166999966)
2024,VEGETACAO NATURAL FLORESTAL PRIMARIA,C51L41,POINT (-61.161287158999954 -8.163954166999966)
2024,VEGETACAO NATURAL FLORESTAL PRIMARIA,C51L41,POINT (-61.218257158999954 -8.135424166999966)
2024,VEGETACAO NATURAL FLORESTAL PRIMARIA,C51L41,POINT (-61.22500715899995 -8.014734166999967)
2024,VEGETACAO NATURAL FLORESTAL PRIMARIA,C51L41,POINT (-61.240757158999955 -8.108064166999966)
2024,VEGETACAO NATURAL FLORESTAL PRIMARIA,C51L41,POINT (-61.218437158999954 -8.029134166999967)
2024,VEGETACAO NATURAL FLORESTAL PRIMARIA,C51L41,POINT (-61.11448715899995 -8.146134166999966)
2024,VEGETACAO NATURAL FLORESTAL PRIMARIA,C51L41,POINT (-61.19377715899995 -8.034894166999965)
2024,VEGETACAO NATURAL FLORESTAL PRIMARIA,C51L41,POINT (-61.07146715899995 -8.086014166999966)
2024,VEGETACAO NATURAL FLORESTAL PRIMARIA,C51L41,POINT (-61.01908715899995 -8.007354166999967)
2024,VEGETACAO NATURAL FLORESTAL PRIMARIA,C51L41,POINT (-61.17154715899996 -8.000154166999966)
2024,VEGETACAO NATURAL FLORESTAL PRIMARIA,C51L41,POINT (-61.13797715899995 -8.141904166999966)
2024,VEGETACAO NATURAL FLORESTAL PRIMARIA,C51L41,POINT (-61.16893715899995 -8.039754166999966)
2024,VEGETACAO NATURAL FLORESTAL PRIMARIA,C51L41,POINT (-61.117547158999955 -8.200134166999966)
2024,VEGETACAO NATURAL FLORESTAL PRIMARIA,C51L41,POINT (-61.01935715899995 -8.224974166999965)
2024,VEGETACAO NATURAL FLORESTAL PRIMARIA,C51L41,POINT (-61.04608715899995 -8.236944166999967)
2024,VEGETACAO NATURAL FLORESTAL PRIMARIA,C51L41,POINT (-61.117997158999955 -8.097714166999966)
2024,VEGETACAO NATURAL FLORESTAL PRIMARIA,C51L41,POINT (-61.025477158999955 -8.215614166999966)
2024,VEGETACAO NATURAL FLORESTAL PRIMARIA,C51L41,POINT (-61.10647715899995 -8.095284166999967)
2024,VEGETACAO NATURAL FLORESTAL PRIMARIA,C51L41,POINT (-61.153547158999956 -8.198604166999965)
2024,VEGETACAO NATURAL FLORESTAL PRIMARIA,C51L41,POINT (-61.003607158999955 -8.179074166999966)
2024,VEGETACAO NATURAL FLORESTAL PRIMARIA,C51L41,POINT (-61.16056715899995 -8.078724166999967)
2024,VEGETACAO NATURAL FLORESTAL PRIMARIA,C51L41,POINT (-61.07704715899995 -8.142444166999967)
2024,VEGETACAO NATURAL FLORESTAL PRIMARIA,C51L41,POINT (-61.01728715899995 -8.201664166999967)
