year,label,tile,geometry
2022,CORTE SELETIVO,C60L63,POINT (-58.81524906750932 -2.5400488918123876)
2022,CORTE SELETIVO,C60L63,POINT (-58.81924829979356 -2.5323460621171034)
2022,CORTE SELETIVO,C60L63,POINT (-58.84385016305438 -2.734348638274838)
2022,CORTE SELETIVO,C60L63,POINT (-58.84404833760669 -2.734249485551983)
2022,CORTE SELETIVO,C60L63,POINT (-58.96574585754688 -2.728947852949498)
2022,CORTE SELETIVO,C60L63,POINT (-58.965454089485334 -2.728851291581176)
2022,CORTE SELETIVO,C60L63,POINT (-58.88555078565426 -2.6905463768158953)
2022,CORTE SELETIVO,C60L63,POINT (-58.88573850129537 -2.690328591090098)
2022,CORTE SELETIVO,C60L63,POINT (-58.8855519956488 -2.6902482951030526)
2022,CORTE SELETIVO,C60L63,POINT (-58.885646639914356 -2.6901459592481185)
2022,CORTE SELETIVO,C60L63,POINT (-58.83604763700182 -2.58115450412939)
2022,CORTE SELETIVO,C60L63,POINT (-58.84344804838654 -2.5711537754820033)
2022,CORTE SELETIVO,C60L63,POINT (-58.84934675966956 -2.569246857476031)
2022,CORTE SELETIVO,C60L63,POINT (-58.84925381950965 -2.5690471706234836)
2022,CORTE SELETIVO,C60L63,POINT (-58.84544724196963 -2.555651359531789)
2022,CORTE SELETIVO,C60L63,POINT (-58.94565132059858 -2.5491520033939765)
2022,CORTE SELETIVO,C60L63,POINT (-58.85334553856206 -2.533953328244915)
2022,CORTE SELETIVO,C60L63,POINT (-58.88024693251392 -2.5241188470007323)
2022,CORTE SELETIVO,C60L63,POINT (-58.88015369038391 -2.523942183399468)
2022,CORTE SELETIVO,C60L63,POINT (-58.83515230985572 -2.508350974132496)
2022,CORTE SELETIVO,C60L63,POINT (-58.82974954363709 -2.5069458578752393)
2022,CORTE SELETIVO,C60L63,POINT (-58.86503393119974 -2.5037480224980793)
2022,CORTE SELETIVO,C60L63,POINT (-58.81924993454163 -2.5693512167443977)
2022,CORTE SELETIVO,C60L63,POINT (-58.819446723811225 -2.569147928248809)
2022,CORTE SELETIVO,C60L63,POINT (-58.81935100638376 -2.5690503061688075)
2022,CORTE SELETIVO,C60L63,POINT (-58.80624635849741 -2.5471213000550197)
2022,CORTE SELETIVO,C60L63,POINT (-58.80625495082306 -2.546853924955574)
2022,CORTE SELETIVO,C60L63,POINT (-58.81833929364336 -2.544051769862751)
2022,CORTE SELETIVO,C60L63,POINT (-58.82045458833381 -2.5344477772541065)
2022,CORTE SELETIVO,C60L63,POINT (-58.81484626496993 -2.5287475348019712)
2022,CORTE SELETIVO,C60L63,POINT (-58.791647770383136 -2.528747700775464)
2022,CORTE SELETIVO,C60L63,POINT (-58.79824655131172 -2.515166834377916)
2022,CORTE SELETIVO,C60L63,POINT (-58.7981455809338 -2.515046398984093)
2022,CORTE SELETIVO,C60L63,POINT (-58.827053285073426 -2.5118529760871615)
2022,CORTE SELETIVO,C60L63,POINT (-58.80974645797912 -2.5116455421353487)
2022,CORTE SELETIVO,C60L63,POINT (-58.81694812033397 -2.5079530929893985)
2022,CORTE SELETIVO,C60L63,POINT (-58.807845744963345 -2.504447522308599)
2022,CORTE SELETIVO,C60L63,POINT (-58.8077502988851 -2.5041454168893216)
2022,CORTE SELETIVO,C60L63,POINT (-58.80265235826361 -2.5011475494119173)
2022,CORTE SELETIVO,C60L63,POINT (-58.77434673235505 -2.50075329999763)
2022,CORTE SELETIVO,C60L63,POINT (-58.788546149491154 -2.5006541352768417)
2022,CORTE SELETIVO,C60L63,POINT (-58.8542395568898 -2.5689482358211246)
2022,CORTE SELETIVO,C60L63,POINT (-58.85413811820617 -2.5687485976822777)
2022,CORTE SELETIVO,C60L63,POINT (-58.881553234383254 -2.5344541501187425)
2022,CORTE SELETIVO,C60L63,POINT (-58.85985126116559 -2.5246478447059464)
2022,CORTE SELETIVO,C60L63,POINT (-58.95914978258178 -2.656703770705427)
2022,CORTE SELETIVO,C60L63,POINT (-58.844950474824635 -2.56765145476005)
2022,CORTE SELETIVO,C60L63,POINT (-58.848261695682574 -2.567150789356192)
2022,CORTE SELETIVO,C60L63,POINT (-58.85144866825354 -2.5522531563186552)
2022,CORTE SELETIVO,C60L63,POINT (-58.87458038519131 -2.5499508850842916)
2022,CORTE SELETIVO,C60L63,POINT (-58.94564673926076 -2.5490532959136845)
2022,CORTE SELETIVO,C60L63,POINT (-58.87614557611751 -2.543552524416114)
2022,CORTE SELETIVO,C60L63,POINT (-58.867149132114875 -2.542447037080558)
2022,CORTE SELETIVO,C60L63,POINT (-58.88904553048954 -2.5417454167854525)
2022,CORTE SELETIVO,C60L63,POINT (-58.84690409297664 -2.53550222022036)
2022,CORTE SELETIVO,C60L63,POINT (-58.88185379265798 -2.5344248081719285)
2022,CORTE SELETIVO,C60L63,POINT (-58.85364798360021 -2.5338455794812975)
2022,CORTE SELETIVO,C60L63,POINT (-58.8545469906921 -2.5308919152694345)
2022,CORTE SELETIVO,C60L63,POINT (-58.88464744446998 -2.529745945446953)
2022,CORTE SELETIVO,C60L63,POINT (-58.85344972188335 -2.5255462038728886)
2022,CORTE SELETIVO,C60L63,POINT (-58.883448145987174 -2.52414677746608)
2022,CORTE SELETIVO,C60L63,POINT (-58.99525205722585 -2.518949761939831)
2022,CORTE SELETIVO,C60L63,POINT (-58.99534749465899 -2.518845754819447)
2022,CORTE SELETIVO,C60L63,POINT (-58.995545344406885 -2.518545537754628)
2022,CORTE SELETIVO,C60L63,POINT (-58.995651270712685 -2.5183542853822236)
2022,CORTE SELETIVO,C60L63,POINT (-58.86497213436082 -2.503649188751404)
2022,CORTE SELETIVO,C60L63,POINT (-58.8211472744981 -2.5748470164010775)
2022,CORTE SELETIVO,C60L63,POINT (-58.843648918364885 -2.5711539836962065)
2022,CORTE SELETIVO,C60L63,POINT (-58.822349877298535 -2.558648972184374)
2022,CORTE SELETIVO,C60L63,POINT (-58.81574712797897 -2.555346492326918)
2022,CORTE SELETIVO,C60L63,POINT (-58.84275023258561 -2.552148215883636)
2022,CORTE SELETIVO,C60L63,POINT (-58.842849718381295 -2.551988228937998)
2022,CORTE SELETIVO,C60L63,POINT (-58.84294492398762 -2.551748456735114)
2022,CORTE SELETIVO,C60L63,POINT (-58.840449350057305 -2.551252993923686)
2022,CORTE SELETIVO,C60L63,POINT (-58.830445598862326 -2.5482548148199013)
2022,CORTE SELETIVO,C60L63,POINT (-58.82195264435124 -2.547146845092581)
2022,CORTE SELETIVO,C60L63,POINT (-58.838112938029155 -2.5463545361407025)
2022,CORTE SELETIVO,C60L63,POINT (-58.824649905930514 -2.5434539778751137)
2022,CORTE SELETIVO,C60L63,POINT (-58.84135341794086 -2.543002567887892)
2022,CORTE SELETIVO,C60L63,POINT (-58.825960649444184 -2.538432278861902)
2022,CORTE SELETIVO,C60L63,POINT (-58.82043553746584 -2.5345488855930443)
2022,CORTE SELETIVO,C60L63,POINT (-58.828353664266906 -2.520063160975413)
2022,CORTE SELETIVO,C60L63,POINT (-58.835547120412635 -2.5190530056200875)
2022,CORTE SELETIVO,C60L63,POINT (-58.816154667762305 -2.5155496285163914)
2022,CORTE SELETIVO,C60L63,POINT (-58.83635375689065 -2.5141526464414508)
2022,CORTE SELETIVO,C60L63,POINT (-58.81434599089741 -2.5053452842511934)
2022,CORTE SELETIVO,C60L63,POINT (-58.81485066451411 -2.5047193519002824)
2022,CORTE SELETIVO,C60L63,POINT (-58.812350228789406 -2.5619485832954836)
2022,CORTE SELETIVO,C60L63,POINT (-58.80445413330248 -2.5479502283178324)
2022,CORTE SELETIVO,C60L63,POINT (-58.80455484547743 -2.5478461655203057)
2022,CORTE SELETIVO,C60L63,POINT (-58.806346647480716 -2.546952287201444)
2022,CORTE SELETIVO,C60L63,POINT (-58.80615348556448 -2.5468463991152577)
2022,CORTE SELETIVO,C60L63,POINT (-58.794647401724184 -2.544645185472439)
2022,CORTE SELETIVO,C60L63,POINT (-58.81314621144166 -2.5441469442329008)
2022,CORTE SELETIVO,C60L63,POINT (-58.81235072415865 -2.5438473104159685)
2022,CORTE SELETIVO,C60L63,POINT (-58.80874700459223 -2.538949743840264)
2022,CORTE SELETIVO,C60L63,POINT (-58.812548212987195 -2.5381513549571872)
2022,CORTE SELETIVO,C60L63,POINT (-58.813752734661676 -2.5356487437403388)
2022,CORTE SELETIVO,C60L63,POINT (-58.81235007789429 -2.5333962299649158)
2022,CORTE SELETIVO,C60L63,POINT (-58.79175131207749 -2.5288477979607364)
2022,CORTE SELETIVO,C60L63,POINT (-58.80785477281389 -2.525850652164918)
2022,CORTE SELETIVO,C60L63,POINT (-58.798148326066524 -2.514902557273911)
2022,CORTE SELETIVO,C60L63,POINT (-58.80774818694222 -2.504048528114522)
2022,CORTE SELETIVO,C60L63,POINT (-58.80765360891988 -2.503845902669908)
2022,CORTE SELETIVO,C60L63,POINT (-58.78557264320168 -2.5028519008294823)
2022,CORTE SELETIVO,C60L63,POINT (-58.78274553739751 -2.501349976705643)
2022,CORTE SELETIVO,C60L63,POINT (-58.78864940114706 -2.500752247771481)
2022,CORTE SELETIVO,C60L63,POINT (-58.809745337259905 -2.500108143120299)
2022,CORTE SELETIVO,C60L63,POINT (-58.7928499976218 -2.5409503559013524)
2022,CORTE SELETIVO,C60L63,POINT (-58.88255002660782 -2.5187524768342175)
2022,CORTE SELETIVO,C60L63,POINT (-58.8131482561684 -2.5442546366102716)
2022,CORTE SELETIVO,C60L63,POINT (-58.81515033016669 -2.540053316043921)
2022,CORTE SELETIVO,C60L63,POINT (-58.87164487765329 -2.532848567480457)
2022,CORTE SELETIVO,C60L63,POINT (-58.866750942928846 -2.540347509152448)
2022,CORTE SELETIVO,C60L63,POINT (-58.812552812440984 -2.543350681252558)
2022,CORTE SELETIVO,C60L63,POINT (-58.897048750061884 -2.53615308599126)
2022,CORTE SELETIVO,C60L63,POINT (-58.881554461228966 -2.534848576525859)
2022,CORTE SELETIVO,C60L63,POINT (-58.818248502702936 -2.523151287478745)
2022,CORTE SELETIVO,C60L63,POINT (-58.865852440001866 -2.5334466838393848)
2022,CORTE SELETIVO,C60L63,POINT (-58.85964757052691 -2.5244451708942957)
2022,CORTE SELETIVO,C60L63,POINT (-58.83764559431204 -2.5748545108845593)
2022,CORTE SELETIVO,C60L63,POINT (-58.844645555706464 -2.5702504872734497)
2022,CORTE SELETIVO,C60L63,POINT (-58.85024569235647 -2.5673503369844957)
2022,CORTE SELETIVO,C60L63,POINT (-58.842451996054336 -2.5518539885134146)
2022,CORTE SELETIVO,C60L63,POINT (-58.865753908770785 -2.546547936646986)
2022,CORTE SELETIVO,C60L63,POINT (-58.87624939220708 -2.543698875822628)
2022,CORTE SELETIVO,C60L63,POINT (-58.87605256477729 -2.543401179145018)
2022,CORTE SELETIVO,C60L63,POINT (-58.84445413211323 -2.543151415254744)
2022,CORTE SELETIVO,C60L63,POINT (-58.89014546469506 -2.5414503129566497)
2022,CORTE SELETIVO,C60L63,POINT (-58.86684547667265 -2.5401522434084756)
2022,CORTE SELETIVO,C60L63,POINT (-58.84674960969339 -2.535946454626566)
2022,CORTE SELETIVO,C60L63,POINT (-58.98005201162506 -2.5357472736014435)
2022,CORTE SELETIVO,C60L63,POINT (-58.881745838229136 -2.5339509787126353)
2022,CORTE SELETIVO,C60L63,POINT (-58.860653261376754 -2.526154467741998)
2022,CORTE SELETIVO,C60L63,POINT (-58.853545317001455 -2.525347019279306)
2022,CORTE SELETIVO,C60L63,POINT (-58.88345036775463 -2.5243534612379204)
2022,CORTE SELETIVO,C60L63,POINT (-58.83694645460805 -2.510951002871118)
2022,CORTE SELETIVO,C60L63,POINT (-58.83264815138432 -2.5607498648233857)
2022,CORTE SELETIVO,C60L63,POINT (-58.80445316175841 -2.5481535163412063)
2022,CORTE SELETIVO,C60L63,POINT (-58.83054495606752 -2.5480472826798937)
2022,CORTE SELETIVO,C60L63,POINT (-58.80475160094567 -2.547850076945198)
2022,CORTE SELETIVO,C60L63,POINT (-58.81155105433509 -2.544347472074661)
2022,CORTE SELETIVO,C60L63,POINT (-58.81715361954831 -2.5423483788756505)
2022,CORTE SELETIVO,C60L63,POINT (-58.81764543404609 -2.536247932661645)
2022,CORTE SELETIVO,C60L63,POINT (-58.828548448900115 -2.524450134449898)
2022,CORTE SELETIVO,C60L63,POINT (-58.81885144522093 -2.5232503585345456)
2022,CORTE SELETIVO,C60L63,POINT (-58.813554580736536 -2.517253178223505)
2022,CORTE SELETIVO,C60L63,POINT (-58.82534703480691 -2.5138745307025356)
2022,CORTE SELETIVO,C60L63,POINT (-58.80965187232697 -2.5117541363929585)
2022,CORTE SELETIVO,C60L63,POINT (-58.83684495893724 -2.511052640382002)
2022,CORTE SELETIVO,C60L63,POINT (-58.81214714195377 -2.504148046146665)
2022,CORTE SELETIVO,C60L63,POINT (-58.78265484652556 -2.5014500727760214)
2022,CORTE SELETIVO,C60L63,POINT (-58.782935736988534 -2.5012469570321083)
2022,CORTE SELETIVO,C60L63,POINT (-58.80995012381585 -2.5000523337851153)
2022,CORTE SELETIVO,C60L63,POINT (-58.837550370270506 -2.5519525728068997)
2022,CORTE SELETIVO,C60L63,POINT (-58.78275042358046 -2.50145437021239)
2022,CORTE SELETIVO,C60L63,POINT (-58.81824525999636 -2.5232529426946764)
2022,CORTE SELETIVO,C60L63,POINT (-58.84654576908118 -2.6284527811359957)
2022,CORTE SELETIVO,C60L63,POINT (-58.770546885267784 -2.510353549102926)
2022,CORTE SELETIVO,C60L63,POINT (-58.865550919134925 -2.5058461874913838)
2022,CORTE SELETIVO,C60L63,POINT (-58.84474864194991 -2.5701534801136243)
2022,CORTE SELETIVO,C60L63,POINT (-58.83604833142803 -2.5810507175008293)
2022,CORTE SELETIVO,C60L63,POINT (-58.84354596567015 -2.5714547396109406)
2022,CORTE SELETIVO,C60L63,POINT (-58.84495324633261 -2.570152385900059)
2022,CORTE SELETIVO,C60L63,POINT (-58.844845968180515 -2.5700538744938264)
2022,CORTE SELETIVO,C60L63,POINT (-58.85014870013824 -2.563652239588496)
2022,CORTE SELETIVO,C60L63,POINT (-58.840249684194966 -2.554748775033827)
2022,CORTE SELETIVO,C60L63,POINT (-58.945550361522336 -2.5492322133123047)
2022,CORTE SELETIVO,C60L63,POINT (-58.88254758803149 -2.5197518720720704)
2022,CORTE SELETIVO,C60L63,POINT (-58.83574959797941 -2.5190505531087535)
2022,CORTE SELETIVO,C60L63,POINT (-58.882503192123046 -2.5174119954790464)
2022,CORTE SELETIVO,C60L63,POINT (-58.85084750996897 -2.503049749964313)
2022,CORTE SELETIVO,C60L63,POINT (-58.88130004356739 -2.5022529642347697)
2022,CORTE SELETIVO,C60L63,POINT (-58.82855294405969 -2.547451005844267)
2022,CORTE SELETIVO,C60L63,POINT (-58.81730101247278 -2.5424467182646318)
2022,CORTE SELETIVO,C60L63,POINT (-58.81025236898102 -2.53104926897248)
2022,CORTE SELETIVO,C60L63,POINT (-58.81015249806632 -2.5308485359489303)
2022,CORTE SELETIVO,C60L63,POINT (-58.82864702038223 -2.524550937545063)
2022,CORTE SELETIVO,C60L63,POINT (-58.81878684989981 -2.5233517308081144)
2022,CORTE SELETIVO,C60L63,POINT (-58.805953144914746 -2.523145552074722)
2022,CORTE SELETIVO,C60L63,POINT (-58.835387791940455 -2.522150926877308)
2022,CORTE SELETIVO,C60L63,POINT (-58.802153450448294 -2.516047595568352)
2022,CORTE SELETIVO,C60L63,POINT (-58.8160550723347 -2.5155495554464804)
2022,CORTE SELETIVO,C60L63,POINT (-58.81975513457804 -2.5043544681412833)
2022,CORTE SELETIVO,C60L63,POINT (-58.896447150810275 -2.5274532211002145)
2022,CORTE SELETIVO,C60L63,POINT (-58.882414602288094 -2.5175491081988377)
2022,CORTE SELETIVO,C60L63,POINT (-58.88265313505192 -2.520251193213136)
2022,CORTE SELETIVO,C60L63,POINT (-58.88225472809896 -2.5196508965156945)
2022,CORTE SELETIVO,C60L63,POINT (-58.882545043479 -2.5201486066508823)
2022,CORTE SELETIVO,C60L63,POINT (-58.8192540761837 -2.5324535177749037)
2022,CORTE SELETIVO,C60L63,POINT (-58.882545626994094 -2.5200523367652594)
2022,CORTE SELETIVO,C60L63,POINT (-58.84464820604171 -2.570045250479013)
2022,CORTE SELETIVO,C60L63,POINT (-58.88214967252428 -2.520503889969751)
2022,CORTE SELETIVO,C60L63,POINT (-58.86555355836027 -2.505954476749745)
2022,CORTE SELETIVO,C60L63,POINT (-58.885147516984134 -2.6853458495491274)
2022,CORTE SELETIVO,C60L63,POINT (-58.81244857309573 -2.543352923349495)
2022,CORTE SELETIVO,C60L63,POINT (-58.88215160676999 -2.52035217994308)
2022,CORTE SELETIVO,C60L63,POINT (-58.882354357392565 -2.5196500471419876)
2022,CORTE SELETIVO,C60L63,POINT (-58.88254728001458 -2.520245208420316)
2022,CORTE SELETIVO,C60L63,POINT (-58.882354883816426 -2.519547468186642)
2022,CORTE SELETIVO,C60L63,POINT (-58.882250452962566 -2.5195513923743627)
2022,CORTE SELETIVO,C60L63,POINT (-58.8175482850421 -2.5673524871837166)
2022,CORTE SELETIVO,C60L63,POINT (-58.843454524821915 -2.5714544653558145)
2022,CORTE SELETIVO,C60L63,POINT (-58.961346043048884 -2.5682500796792453)
2022,CORTE SELETIVO,C60L63,POINT (-58.96124879295118 -2.568152219094147)
2022,CORTE SELETIVO,C60L63,POINT (-58.83054734444295 -2.547951972867429)
2022,CORTE SELETIVO,C60L63,POINT (-58.82860714317528 -2.5475519533274267)
2022,CORTE SELETIVO,C60L63,POINT (-58.84435009992742 -2.543046770674869)
2022,CORTE SELETIVO,C60L63,POINT (-58.89194751634178 -2.5400462854808477)
2022,CORTE SELETIVO,C60L63,POINT (-58.876984581692035 -2.529537839467398)
2022,CORTE SELETIVO,C60L63,POINT (-58.83535510319403 -2.522253909971048)
2022,CORTE SELETIVO,C60L63,POINT (-58.882454775881634 -2.5202468674591176)
2022,CORTE SELETIVO,C60L63,POINT (-58.88265508928249 -2.5200537757313075)
2022,CORTE SELETIVO,C60L63,POINT (-58.882351722776185 -2.519239877556355)
2022,CORTE SELETIVO,C60L63,POINT (-58.882650011622786 -2.518251089706687)
2022,CORTE SELETIVO,C60L63,POINT (-58.99554573455036 -2.518145694414183)
2022,CORTE SELETIVO,C60L63,POINT (-58.88254882974052 -2.5176509158906284)
2022,CORTE SELETIVO,C60L63,POINT (-58.88225156923367 -2.5173458837044302)
2022,CORTE SELETIVO,C60L63,POINT (-58.83403206135602 -2.5159343686781983)
2022,CORTE SELETIVO,C60L63,POINT (-58.83804631696297 -2.5124496129226666)
2022,CORTE SELETIVO,C60L63,POINT (-58.77175419870935 -2.5957548618530657)
2022,CORTE SELETIVO,C60L63,POINT (-58.78765469922438 -2.5796481873006343)
2022,CORTE SELETIVO,C60L63,POINT (-58.827071486242346 -2.560766984438368)
2022,CORTE SELETIVO,C60L63,POINT (-58.815453077639646 -2.55375324032122)
2022,CORTE SELETIVO,C60L63,POINT (-58.81535170033765 -2.5536542529908974)
2022,CORTE SELETIVO,C60L63,POINT (-58.815446393499904 -2.553550839838954)
2022,CORTE SELETIVO,C60L63,POINT (-58.79814487201169 -2.55335486679578)
2022,CORTE SELETIVO,C60L63,POINT (-58.794553093453494 -2.54453307590493)
2022,CORTE SELETIVO,C60L63,POINT (-58.81294899416826 -2.5439500846276397)
2022,CORTE SELETIVO,C60L63,POINT (-58.8128532924354 -2.54364967960574)
2022,CORTE SELETIVO,C60L63,POINT (-58.81015458440616 -2.5310462967782033)
2022,CORTE SELETIVO,C60L63,POINT (-58.8021849076012 -2.5164489346930217)
2022,CORTE SELETIVO,C60L63,POINT (-58.79814882629036 -2.5147461534573448)
2022,CORTE SELETIVO,C60L63,POINT (-58.80985458720546 -2.5026479098121914)
2022,CORTE SELETIVO,C60L63,POINT (-58.815453515005224 -2.501650814159749)
2022,CORTE SELETIVO,C60L63,POINT (-58.816852699661055 -2.501348904058684)
2022,CORTE SELETIVO,C60L63,POINT (-58.78634765342256 -2.5010492086017857)
2022,CORTE SELETIVO,C60L63,POINT (-58.812348825673396 -2.5435467292392504)
2022,CORTE SELETIVO,C60L63,POINT (-58.88238331921519 -2.5203531519458693)
2022,CORTE SELETIVO,C60L63,POINT (-58.88244945060431 -2.519550044496449)
2022,CORTE SELETIVO,C60L63,POINT (-58.88245416480576 -2.519248429510834)
2022,CORTE SELETIVO,C60L63,POINT (-58.882553137590435 -2.5185455725960515)
2022,CORTE SELETIVO,C60L63,POINT (-58.81305040698008 -2.5443452202693826)
2022,CORTE SELETIVO,C60L63,POINT (-58.99505213140843 -2.5186465105717004)
2022,CORTE SELETIVO,C60L63,POINT (-58.85434824025202 -2.5309501530310543)
2022,CORTE SELETIVO,C60L63,POINT (-58.88234956931314 -2.520251677143077)
2022,CORTE SELETIVO,C60L63,POINT (-58.99524774182138 -2.518753360616361)
2022,CORTE SELETIVO,C60L63,POINT (-58.88264691456783 -2.5201512164519246)
2022,CORTE SELETIVO,C60L63,POINT (-58.88234616421966 -2.5201459147808585)
2022,CORTE SELETIVO,C60L63,POINT (-58.882445791981525 -2.5197511758510327)
2022,CORTE SELETIVO,C60L63,POINT (-58.88165359210458 -2.5345493857287646)
2022,CORTE SELETIVO,C60L63,POINT (-58.88234494918939 -2.5190456520620264)
2022,CORTE SELETIVO,C60L63,POINT (-58.88254708279595 -2.516548951103557)
2022,CORTE SELETIVO,C60L63,POINT (-58.81244525788655 -2.5438460818046718)
2022,CORTE SELETIVO,C60L63,POINT (-58.882550633192864 -2.520353354977064)
2022,CORTE SELETIVO,C60L63,POINT (-58.89184541076138 -2.53994763701503)
2022,CORTE SELETIVO,C60L63,POINT (-58.87684644450469 -2.5297546830157485)
2022,CORTE SELETIVO,C60L63,POINT (-58.87704708004365 -2.529652772889559)
2022,CORTE SELETIVO,C60L63,POINT (-58.883446894276 -2.5242464183582487)
2022,CORTE SELETIVO,C60L63,POINT (-58.88244784002941 -2.5201531434565583)
2022,CORTE SELETIVO,C60L63,POINT (-58.88234606632889 -2.51984743724942)
2022,CORTE SELETIVO,C60L63,POINT (-58.88215078121451 -2.519452912639741)
2022,CORTE SELETIVO,C60L63,POINT (-58.88236728199641 -2.518446319601871)
2022,CORTE SELETIVO,C60L63,POINT (-58.88275266706551 -2.516553381951587)
2022,CORTE SELETIVO,C60L63,POINT (-58.88255014221345 -2.516449918344296)
2022,CORTE SELETIVO,C60L63,POINT (-58.839853963625536 -2.5707501185750212)
2022,CORTE SELETIVO,C60L63,POINT (-58.8431523988307 -2.554651076820113)
2022,CORTE SELETIVO,C60L63,POINT (-58.84054528538804 -2.5511470359216517)
2022,CORTE SELETIVO,C60L63,POINT (-58.828552104851745 -2.5476520652474606)
2022,CORTE SELETIVO,C60L63,POINT (-58.81275015933475 -2.543853062807868)
2022,CORTE SELETIVO,C60L63,POINT (-58.80764902141643 -2.540953386055497)
2022,CORTE SELETIVO,C60L63,POINT (-58.83404802443482 -2.5160520551172314)
2022,CORTE SELETIVO,C60L63,POINT (-58.8155449897428 -2.509545863332088)
2022,CORTE SELETIVO,C60L63,POINT (-58.817547447677356 -2.5094458934845627)
2022,CORTE SELETIVO,C60L63,POINT (-58.792854118352835 -2.5089010105557983)
2022,CORTE SELETIVO,C60L63,POINT (-58.81235432756078 -2.543448787369235)
2022,CORTE SELETIVO,C60L63,POINT (-58.88244799601209 -2.5198457470352893)
2022,CORTE SELETIVO,C60L63,POINT (-58.88234732715128 -2.5176521480787866)
2022,CORTE SELETIVO,C60L63,POINT (-58.882352021338434 -2.519746866617733)
2022,CORTE SELETIVO,C60L63,POINT (-58.882346331713805 -2.5205468260262194)
2022,CORTE SELETIVO,C60L63,POINT (-58.88245055151772 -2.516751863335837)
2022,CORTE SELETIVO,C60L63,POINT (-58.88244791512524 -2.5204461229830883)
2022,CORTE SELETIVO,C60L63,POINT (-58.88244848340476 -2.516850466497765)
2022,CORTE SELETIVO,C60L63,POINT (-58.812950076390074 -2.5448503344210596)
2022,CORTE SELETIVO,C60L63,POINT (-58.882346529064094 -2.520045192116267)
2022,CORTE SELETIVO,C60L63,POINT (-58.88124682653688 -2.5026502674912368)
2022,CORTE SELETIVO,C60L63,POINT (-58.83025173405715 -2.5481456700407805)
2022,CORTE SELETIVO,C60L63,POINT (-58.882550744730935 -2.5175521409770982)
2022,CORTE SELETIVO,C60L63,POINT (-58.92667912603381 -2.6732537375124554)
2022,CORTE SELETIVO,C60L63,POINT (-58.89185305816901 -2.5398466729281575)
2022,CORTE SELETIVO,C60L63,POINT (-58.84484759216135 -2.520648108113516)
2022,CORTE SELETIVO,C60L63,POINT (-58.995352112681836 -2.51894552839307)
2022,CORTE SELETIVO,C60L63,POINT (-58.99524779845234 -2.5188538554895574)
2022,CORTE SELETIVO,C60L63,POINT (-58.85975396023427 -2.509848588532625)
2022,CORTE SELETIVO,C60L63,POINT (-58.801649665473754 -2.5572459360551396)
2022,CORTE SELETIVO,C60L63,POINT (-58.82605945456867 -2.5486514772017124)
2022,CORTE SELETIVO,C60L63,POINT (-58.82505204396466 -2.5244861833175563)
2022,CORTE SELETIVO,C60L63,POINT (-58.81475083885567 -2.5200521077488047)
2022,CORTE SELETIVO,C60L63,POINT (-58.813946808115595 -2.513549967207446)
2022,CORTE SELETIVO,C60L63,POINT (-58.88244712748537 -2.5169499001710713)
2022,CORTE SELETIVO,C60L63,POINT (-58.88250642291864 -2.516646783822439)
2022,CORTE SELETIVO,C60L63,POINT (-58.81234879407848 -2.543750911523349)
2022,CORTE SELETIVO,C60L63,POINT (-58.88264734334762 -2.5199507658841207)
2022,CORTE SELETIVO,C60L63,POINT (-58.804451149954694 -2.5482504411579168)
2022,CORTE SELETIVO,C60L63,POINT (-58.813044975811664 -2.5440498136886207)
2022,CORTE SELETIVO,C60L63,POINT (-58.85974502838196 -2.524653985112456)
2022,CORTE SELETIVO,C60L63,POINT (-58.90574917289807 -2.600748800836435)
2022,CORTE SELETIVO,C60L63,POINT (-58.88254887958173 -2.5184524933129255)
2022,CORTE SELETIVO,C60L63,POINT (-58.99495397975394 -2.5183487993789315)
2022,CORTE SELETIVO,C60L63,POINT (-58.81305086665055 -2.5450451733888833)
2022,CORTE SELETIVO,C60L63,POINT (-58.8825543457446 -2.516746587887423)
2022,CORTE SELETIVO,C60L63,POINT (-58.9269474413861 -2.636527087409821)
2022,CORTE SELETIVO,C60L63,POINT (-58.90585115654936 -2.6008541523729236)
2022,CORTE SELETIVO,C60L63,POINT (-58.90565098883854 -2.6006534245416546)
2022,CORTE SELETIVO,C60L63,POINT (-58.98994940642705 -2.5252462755329774)
2022,CORTE SELETIVO,C60L63,POINT (-58.990049018191336 -2.525148750774526)
2022,CORTE SELETIVO,C60L63,POINT (-58.88265100651345 -2.519845582446706)
2022,CORTE SELETIVO,C60L63,POINT (-58.84054552516367 -2.5510467512868464)
2022,CORTE SELETIVO,C60L63,POINT (-58.81285155601183 -2.543548649892067)
2022,CORTE SELETIVO,C60L63,POINT (-58.84494461245309 -2.520765929629283)
2022,CORTE SELETIVO,C60L63,POINT (-58.79294642254301 -2.509051304033135)
2022,CORTE SELETIVO,C60L63,POINT (-58.79274820216435 -2.5087545168973286)
2022,CORTE SELETIVO,C60L63,POINT (-58.88144741395487 -2.502048462363244)
2022,CORTE SELETIVO,C60L63,POINT (-58.83015384639389 -2.5481502257061996)
2022,CORTE SELETIVO,C60L63,POINT (-58.90584684810386 -2.600746701025768)
2022,CORTE SELETIVO,C60L63,POINT (-58.98204680227897 -2.5041528856103397)
2022,CORTE SELETIVO,C60L63,POINT (-58.88224956044569 -2.5176507040985165)
2022,CORTE SELETIVO,C60L63,POINT (-58.81314923175249 -2.5440469163093162)
2022,CORTE SELETIVO,C60L63,POINT (-58.8399504771721 -2.5190487598031868)
2022,CORTE SELETIVO,C60L63,POINT (-58.882455088384944 -2.5171536929654708)
2022,CORTE SELETIVO,C60L63,POINT (-58.83474871211663 -2.5084465244973724)
2022,CORTE SELETIVO,C60L63,POINT (-58.981944885215576 -2.504254723087647)
2022,CORTE SELETIVO,C60L63,POINT (-58.90575013182301 -2.600653662089235)
2022,CORTE SELETIVO,C60L63,POINT (-58.865646332538006 -2.505950795614108)
2022,CORTE SELETIVO,C60L63,POINT (-58.981251645856034 -2.503954749775917)
2022,CORTE SELETIVO,C60L63,POINT (-58.90084680835742 -2.5823471514652514)
2022,CORTE SELETIVO,C60L63,POINT (-58.81935507204159 -2.56894949885054)
2022,CORTE SELETIVO,C60L63,POINT (-58.81294505149558 -2.5447469808191663)
2022,CORTE SELETIVO,C60L63,POINT (-58.81805004773765 -2.539445975849819)
2022,CORTE SELETIVO,C60L63,POINT (-58.88164589333489 -2.5379528622013177)
2022,CORTE SELETIVO,C60L63,POINT (-58.84854999811012 -2.511852128544567)
2022,CORTE SELETIVO,C60L63,POINT (-58.86594994437391 -2.53345453314204)
2022,CORTE SELETIVO,C60L63,POINT (-58.882354075251946 -2.516953970250299)
2022,CORTE SELETIVO,C60L63,POINT (-58.866652525269835 -2.531549054245185)
2022,CORTE SELETIVO,C60L63,POINT (-58.8363522989887 -2.514349607153081)
2022,CORTE SELETIVO,C60L63,POINT (-58.88244554908049 -2.5170526574607806)
2022,CORTE SELETIVO,C60L63,POINT (-58.882245087786835 -2.5174522286320924)
2022,CORTE SELETIVO,C60L63,POINT (-58.81315088325844 -2.5450485794448294)
2022,CORTE SELETIVO,C60L63,POINT (-58.88255387318055 -2.51685015740759)
2022,CORTE SELETIVO,C60L63,POINT (-58.88235117083278 -2.5170541310683037)
2022,CORTE SELETIVO,C60L63,POINT (-58.88235055138702 -2.5168488439876975)
2022,CORTE SELETIVO,C60L63,POINT (-58.88064683885791 -2.676854560351358)
2022,CORTE SELETIVO,C60L63,POINT (-58.90584868541749 -2.6006452203371686)
2022,CORTE SELETIVO,C60L63,POINT (-58.84444693200027 -2.5432502458743818)
2022,CORTE SELETIVO,C60L63,POINT (-58.87474667553924 -2.5218528321665548)
2022,CORTE SELETIVO,C60L63,POINT (-58.83984639449824 -2.5183491081722162)
2022,CORTE SELETIVO,C60L63,POINT (-58.839753040335125 -2.5182473435041146)
2022,CORTE SELETIVO,C60L63,POINT (-58.81285224224136 -2.553548866856527)
2022,CORTE SELETIVO,C60L63,POINT (-58.82605168372946 -2.5487486291490336)
2022,CORTE SELETIVO,C60L63,POINT (-58.81635311568185 -2.5415482070911954)
2022,CORTE SELETIVO,C60L63,POINT (-58.83535096421168 -2.519753208772793)
2022,CORTE SELETIVO,C60L63,POINT (-58.80965477154473 -2.5118452241535953)
2022,CORTE SELETIVO,C60L63,POINT (-58.80965382947391 -2.5026466082264904)
2022,CORTE SELETIVO,C60L63,POINT (-58.94359093379767 -2.5433073869470784)
2022,CORTE SELETIVO,C60L63,POINT (-58.81445465409425 -2.5206536696275452)
2022,CORTE SELETIVO,C60L63,POINT (-58.77104993450819 -2.595246961558518)
2022,CORTE SELETIVO,C60L63,POINT (-58.88235105451893 -2.5171464751619457)
2022,CORTE SELETIVO,C60L63,POINT (-58.88225513234667 -2.517251035256874)
2022,CORTE SELETIVO,C60L63,POINT (-58.82585200633746 -2.5385513413801344)
2022,CORTE SELETIVO,C60L63,POINT (-58.871554696295554 -2.5329473530347655)
2022,CORTE SELETIVO,C60L63,POINT (-58.77055300434311 -2.5104490007261098)
2022,CORTE SELETIVO,C60L63,POINT (-58.81305375256293 -2.5448494020459234)
2022,CORTE SELETIVO,C60L63,POINT (-58.836251905549645 -2.513946074044077)
2022,CORTE SELETIVO,C60L63,POINT (-58.88234917225316 -2.516748937145686)
2022,CORTE SELETIVO,C60L63,POINT (-58.88224528035846 -2.5197498337423383)
2022,CORTE SELETIVO,C60L63,POINT (-58.88074631978182 -2.676847202116166)
2022,CORTE SELETIVO,C60L63,POINT (-58.90515427409838 -2.601154523765186)
2022,CORTE SELETIVO,C60L63,POINT (-58.90505120941066 -2.6009603770559306)
2022,CORTE SELETIVO,C60L63,POINT (-58.81995276956631 -2.5804453635931193)
2022,CORTE SELETIVO,C60L63,POINT (-58.84036536051564 -2.5544764109233036)
2022,CORTE SELETIVO,C60L63,POINT (-58.81265029679846 -2.5533464847368412)
2022,CORTE SELETIVO,C60L63,POINT (-58.88155083932782 -2.5377469224712135)
2022,CORTE SELETIVO,C60L63,POINT (-58.86595095285722 -2.5336493629145496)
2022,CORTE SELETIVO,C60L63,POINT (-58.84084534261547 -2.5014515274716573)
2022,CORTE SELETIVO,C60L63,POINT (-58.881753666425936 -2.571849958219289)
2022,CORTE SELETIVO,C60L63,POINT (-58.84981164976766 -2.5697871728879447)
2022,CORTE SELETIVO,C60L63,POINT (-58.849848190177134 -2.569554622539583)
2022,CORTE SELETIVO,C60L63,POINT (-58.84985090998079 -2.569350642253129)
2022,CORTE SELETIVO,C60L63,POINT (-58.8825499862433 -2.5399485771397545)
2022,CORTE SELETIVO,C60L63,POINT (-58.89175192831121 -2.5396461196019016)
2022,CORTE SELETIVO,C60L63,POINT (-58.8824630211465 -2.539646906269526)
2022,CORTE SELETIVO,C60L63,POINT (-58.89345221742559 -2.538052571418058)
2022,CORTE SELETIVO,C60L63,POINT (-58.86225246985229 -2.5292524387961413)
2022,CORTE SELETIVO,C60L63,POINT (-58.85855180583566 -2.525954830852987)
2022,CORTE SELETIVO,C60L63,POINT (-58.88265506840322 -2.520353751503563)
2022,CORTE SELETIVO,C60L63,POINT (-58.8776542793766 -2.5181524943441387)
2022,CORTE SELETIVO,C60L63,POINT (-58.88224773374267 -2.5175520765651127)
2022,CORTE SELETIVO,C60L63,POINT (-58.86265214555267 -2.510146978330845)
2022,CORTE SELETIVO,C60L63,POINT (-58.8644470742876 -2.510046449395947)
2022,CORTE SELETIVO,C60L63,POINT (-58.99084628361768 -2.507951902548516)
2022,CORTE SELETIVO,C60L63,POINT (-58.865651739829 -2.5070537551719636)
2022,CORTE SELETIVO,C60L63,POINT (-58.86566291807927 -2.5068458176574695)
2022,CORTE SELETIVO,C60L63,POINT (-58.86614999785254 -2.506551846294097)
2022,CORTE SELETIVO,C60L63,POINT (-58.86625360675861 -2.506250763264694)
2022,CORTE SELETIVO,C60L63,POINT (-58.86594895157155 -2.506148789730501)
2022,CORTE SELETIVO,C60L63,POINT (-58.865845207259724 -2.506045799242349)
2022,CORTE SELETIVO,C60L63,POINT (-58.881346477851544 -2.502554050002995)
2022,CORTE SELETIVO,C60L63,POINT (-58.86634840051323 -2.5022476396047657)
2022,CORTE SELETIVO,C60L63,POINT (-58.84255028614215 -2.575248757679004)
2022,CORTE SELETIVO,C60L63,POINT (-58.837854092492165 -2.574846728201677)
2022,CORTE SELETIVO,C60L63,POINT (-58.84475432184993 -2.5693513275089495)
2022,CORTE SELETIVO,C60L63,POINT (-58.849544929776606 -2.5693517724733415)
2022,CORTE SELETIVO,C60L63,POINT (-58.84535030153673 -2.5658544199051057)
2022,CORTE SELETIVO,C60L63,POINT (-58.845545279878976 -2.5655480449387498)
2022,CORTE SELETIVO,C60L63,POINT (-58.84525229932071 -2.5655499129636103)
2022,CORTE SELETIVO,C60L63,POINT (-58.84505249303434 -2.565548925549728)
2022,CORTE SELETIVO,C60L63,POINT (-58.84565371871937 -2.5654490896069757)
2022,CORTE SELETIVO,C60L63,POINT (-58.83655171821579 -2.564748630642815)
2022,CORTE SELETIVO,C60L63,POINT (-58.83644708312413 -2.5645464734509296)
2022,CORTE SELETIVO,C60L63,POINT (-58.84333800932672 -2.56315280560065)
2022,CORTE SELETIVO,C60L63,POINT (-58.84304769778621 -2.5621526193777475)
2022,CORTE SELETIVO,C60L63,POINT (-58.84034608403187 -2.5547493203128413)
2022,CORTE SELETIVO,C60L63,POINT (-58.83715006793528 -2.5458490491162538)
2022,CORTE SELETIVO,C60L63,POINT (-58.836951789439325 -2.5458510194483495)
2022,CORTE SELETIVO,C60L63,POINT (-58.83875304669933 -2.525548401414948)
2022,CORTE SELETIVO,C60L63,POINT (-58.83895451222602 -2.5252543447204974)
2022,CORTE SELETIVO,C60L63,POINT (-58.83874559821378 -2.5238520481224276)
2022,CORTE SELETIVO,C60L63,POINT (-58.83834799156109 -2.523648813613384)
2022,CORTE SELETIVO,C60L63,POINT (-58.838252375766736 -2.5235511860968542)
2022,CORTE SELETIVO,C60L63,POINT (-58.83614776846767 -2.519853504870977)
2022,CORTE SELETIVO,C60L63,POINT (-58.833954052959584 -2.5132513979338467)
2022,CORTE SELETIVO,C60L63,POINT (-58.83374534630052 -2.512947441122923)
2022,CORTE SELETIVO,C60L63,POINT (-58.826352582670616 -2.5788508480748082)
2022,CORTE SELETIVO,C60L63,POINT (-58.817248750919525 -2.575851254191637)
2022,CORTE SELETIVO,C60L63,POINT (-58.81864688372555 -2.575552150725425)
2022,CORTE SELETIVO,C60L63,POINT (-58.818951843132446 -2.5710800696860936)
2022,CORTE SELETIVO,C60L63,POINT (-58.81875241151929 -2.570950674072852)
2022,CORTE SELETIVO,C60L63,POINT (-58.81895229202465 -2.5708521590522206)
2022,CORTE SELETIVO,C60L63,POINT (-58.82664533996819 -2.5707481873327906)
2022,CORTE SELETIVO,C60L63,POINT (-58.822785088221664 -2.569952979152178)
2022,CORTE SELETIVO,C60L63,POINT (-58.8208466761085 -2.5699513826464693)
2022,CORTE SELETIVO,C60L63,POINT (-58.820953117820615 -2.5698490043553095)
2022,CORTE SELETIVO,C60L63,POINT (-58.819150007757564 -2.5694538967917246)
2022,CORTE SELETIVO,C60L63,POINT (-58.82324992509776 -2.568345218110628)
2022,CORTE SELETIVO,C60L63,POINT (-58.818747634522985 -2.5677528271593064)
2022,CORTE SELETIVO,C60L63,POINT (-58.81885222152176 -2.5676528906357197)
2022,CORTE SELETIVO,C60L63,POINT (-58.817549128252566 -2.5672466940705063)
2022,CORTE SELETIVO,C60L63,POINT (-58.82315233357347 -2.5645502000240676)
2022,CORTE SELETIVO,C60L63,POINT (-58.81604773531331 -2.5556518585987966)
2022,CORTE SELETIVO,C60L63,POINT (-58.815645973724195 -2.555462400355431)
2022,CORTE SELETIVO,C60L63,POINT (-58.83035486004685 -2.553846003725975)
2022,CORTE SELETIVO,C60L63,POINT (-58.81684563061888 -2.544453521679679)
2022,CORTE SELETIVO,C60L63,POINT (-58.81644855704677 -2.5410513186199353)
2022,CORTE SELETIVO,C60L63,POINT (-58.815754737965385 -2.5410504360943698)
2022,CORTE SELETIVO,C60L63,POINT (-58.82684631342909 -2.534246205430611)
2022,CORTE SELETIVO,C60L63,POINT (-58.816449735794684 -2.506523554815441)
2022,CORTE SELETIVO,C60L63,POINT (-58.80844636990388 -2.5485480636792044)
2022,CORTE SELETIVO,C60L63,POINT (-58.807954828427306 -2.5484515422107883)
2022,CORTE SELETIVO,C60L63,POINT (-58.808145739243294 -2.5479460318935323)
2022,CORTE SELETIVO,C60L63,POINT (-58.806948022416485 -2.547251796654902)
2022,CORTE SELETIVO,C60L63,POINT (-58.8128483338619 -2.5449150481970353)
2022,CORTE SELETIVO,C60L63,POINT (-58.79294836920522 -2.5409466477585587)
2022,CORTE SELETIVO,C60L63,POINT (-58.79274596468747 -2.540811194913829)
2022,CORTE SELETIVO,C60L63,POINT (-58.80680593367761 -2.539349447429227)
2022,CORTE SELETIVO,C60L63,POINT (-58.809549409063536 -2.5383502655133254)
2022,CORTE SELETIVO,C60L63,POINT (-58.809352755492675 -2.5382218259004694)
2022,CORTE SELETIVO,C60L63,POINT (-58.79835021651624 -2.535745502603812)
2022,CORTE SELETIVO,C60L63,POINT (-58.79855265035137 -2.535549288381303)
2022,CORTE SELETIVO,C60L63,POINT (-58.8107503448374 -2.532149337604941)
2022,CORTE SELETIVO,C60L63,POINT (-58.81465217342733 -2.505953639524388)
2022,CORTE SELETIVO,C60L63,POINT (-58.814252384155154 -2.5054529677600037)
2022,CORTE SELETIVO,C60L63,POINT (-58.80794972446845 -2.5046221672286024)
2022,CORTE SELETIVO,C60L63,POINT (-58.8063469311307 -2.5045538047037366)
2022,CORTE SELETIVO,C60L63,POINT (-58.813450421537645 -2.5033120584765376)
2022,CORTE SELETIVO,C60L63,POINT (-58.80236748858339 -2.501945316552496)
2022,CORTE SELETIVO,C60L63,POINT (-58.800654640976646 -2.501551352197744)
2022,CORTE SELETIVO,C60L63,POINT (-58.80524597583009 -2.5006547914906117)
2022,CORTE SELETIVO,C60L63,POINT (-58.80532621610713 -2.500354814861007)
2022,CORTE SELETIVO,C60L63,POINT (-58.855653214671314 -2.5351481669118794)
2022,CORTE SELETIVO,C60L63,POINT (-58.847851690440706 -2.5720453127090415)
2022,CORTE SELETIVO,C60L63,POINT (-58.81305240442408 -2.5447502326962588)
2022,CORTE SELETIVO,C60L63,POINT (-58.97084626036291 -2.737411125331028)
2022,CORTE SELETIVO,C60L63,POINT (-58.880647872579935 -2.6767525158852936)
2022,CORTE SELETIVO,C60L63,POINT (-58.905293114028844 -2.6012515258222613)
2022,CORTE SELETIVO,C60L63,POINT (-58.840270098739076 -2.5546474776478836)
2022,CORTE SELETIVO,C60L63,POINT (-58.84444648024489 -2.5435508279895194)
2022,CORTE SELETIVO,C60L63,POINT (-58.83406284928864 -2.536845378083774)
2022,CORTE SELETIVO,C60L63,POINT (-58.877054183879906 -2.5291453450280974)
2022,CORTE SELETIVO,C60L63,POINT (-58.88264644851936 -2.517448997406991)
2022,CORTE SELETIVO,C60L63,POINT (-58.88265383316018 -2.517053187981688)
2022,CORTE SELETIVO,C60L63,POINT (-58.85984905098806 -2.509545677030566)
2022,CORTE SELETIVO,C60L63,POINT (-58.84095276033549 -2.5064485444448787)
2022,CORTE SELETIVO,C60L63,POINT (-58.83795329485705 -2.5064493218529065)
2022,CORTE SELETIVO,C60L63,POINT (-58.881452905302375 -2.502156143694378)
2022,CORTE SELETIVO,C60L63,POINT (-58.76524963182317 -2.666780637143759)
2022,CORTE SELETIVO,C60L63,POINT (-58.77144740478429 -2.59564629720705)
2022,CORTE SELETIVO,C60L63,POINT (-58.82904945947509 -2.5827467990435053)
2022,CORTE SELETIVO,C60L63,POINT (-58.82005039764127 -2.5804498119143933)
2022,CORTE SELETIVO,C60L63,POINT (-58.819946787027845 -2.5803463484150604)
2022,CORTE SELETIVO,C60L63,POINT (-58.81285015373802 -2.5534545023342776)
2022,CORTE SELETIVO,C60L63,POINT (-58.812753636565986 -2.55334694890321)
2022,CORTE SELETIVO,C60L63,POINT (-58.827252292789005 -2.5476459287506845)
2022,CORTE SELETIVO,C60L63,POINT (-58.81624492100621 -2.5415552800925028)
2022,CORTE SELETIVO,C60L63,POINT (-58.82707475584563 -2.5368457087232366)
2022,CORTE SELETIVO,C60L63,POINT (-58.80962179698134 -2.511949332547728)
2022,CORTE SELETIVO,C60L63,POINT (-58.793252897664644 -2.504149587567285)
2022,CORTE SELETIVO,C60L63,POINT (-58.90545110348076 -2.601247173645632)
2022,CORTE SELETIVO,C60L63,POINT (-58.882250282085955 -2.5170474582286317)
2022,CORTE SELETIVO,C60L63,POINT (-58.813149078166 -2.544346903039766)
2022,CORTE SELETIVO,C60L63,POINT (-58.81305471595903 -2.5449507145798966)
2022,CORTE SELETIVO,C60L63,POINT (-58.846753642784314 -2.6174548086493203)
2022,CORTE SELETIVO,C60L63,POINT (-58.84694685558834 -2.617245860642116)
2022,CORTE SELETIVO,C60L63,POINT (-58.8539481284687 -2.5689490386385314)
2022,CORTE SELETIVO,C60L63,POINT (-58.845050736054944 -2.5656481972732497)
2022,CORTE SELETIVO,C60L63,POINT (-58.845547181344344 -2.5654516747739153)
2022,CORTE SELETIVO,C60L63,POINT (-58.84534958665509 -2.565448366013857)
2022,CORTE SELETIVO,C60L63,POINT (-58.85244769087794 -2.564651030225653)
2022,CORTE SELETIVO,C60L63,POINT (-58.836319183107435 -2.5645528885213547)
2022,CORTE SELETIVO,C60L63,POINT (-58.84535325530315 -2.556146698466273)
2022,CORTE SELETIVO,C60L63,POINT (-58.840446922043135 -2.5547467921839218)
2022,CORTE SELETIVO,C60L63,POINT (-58.842851763731154 -2.5543495612789036)
2022,CORTE SELETIVO,C60L63,POINT (-58.8301449069584 -2.553853595305033)
2022,CORTE SELETIVO,C60L63,POINT (-58.834949963510056 -2.5429462050523237)
2022,CORTE SELETIVO,C60L63,POINT (-58.83234932555633 -2.5395513815932174)
2022,CORTE SELETIVO,C60L63,POINT (-58.82942176041343 -2.5395466384573027)
2022,CORTE SELETIVO,C60L63,POINT (-58.82685284166503 -2.5340897801922213)
2022,CORTE SELETIVO,C60L63,POINT (-58.839848972625376 -2.531554027052842)
2022,CORTE SELETIVO,C60L63,POINT (-58.8192491492397 -2.568248758988033)
2022,CORTE SELETIVO,C60L63,POINT (-58.81974679691373 -2.566145565516201)
2022,CORTE SELETIVO,C60L63,POINT (-58.8198551349787 -2.565995024046092)
2022,CORTE SELETIVO,C60L63,POINT (-58.823246093277874 -2.564547177133733)
2022,CORTE SELETIVO,C60L63,POINT (-58.82298475212743 -2.564552173942497)
2022,CORTE SELETIVO,C60L63,POINT (-58.82214477403542 -2.5587499924586194)
2022,CORTE SELETIVO,C60L63,POINT (-58.82225194251357 -2.5586502569680603)
2022,CORTE SELETIVO,C60L63,POINT (-58.81575384323589 -2.555448487441008)
2022,CORTE SELETIVO,C60L63,POINT (-58.81584695539633 -2.555354496630717)
2022,CORTE SELETIVO,C60L63,POINT (-58.80814863482808 -2.5490466321154184)
2022,CORTE SELETIVO,C60L63,POINT (-58.808054256881896 -2.5485527122076355)
2022,CORTE SELETIVO,C60L63,POINT (-58.812750152620076 -2.5439537249168525)
2022,CORTE SELETIVO,C60L63,POINT (-58.79315290497973 -2.5233497588311007)
2022,CORTE SELETIVO,C60L63,POINT (-58.823959428862274 -2.521049616146141)
2022,CORTE SELETIVO,C60L63,POINT (-58.80604987579229 -2.502847045010088)
2022,CORTE SELETIVO,C60L63,POINT (-58.805654295337256 -2.5027454531508306)
2022,CORTE SELETIVO,C60L63,POINT (-58.81304892264713 -2.5451541619479157)
2022,CORTE SELETIVO,C60L63,POINT (-58.90554962071566 -2.6012519658747704)
2022,CORTE SELETIVO,C60L63,POINT (-58.85035308349997 -2.5672622875202826)
2022,CORTE SELETIVO,C60L63,POINT (-58.84684338412186 -2.557850556761106)
2022,CORTE SELETIVO,C60L63,POINT (-58.85705472894988 -2.543851473288699)
2022,CORTE SELETIVO,C60L63,POINT (-58.88474670937614 -2.5301469222633273)
2022,CORTE SELETIVO,C60L63,POINT (-58.85354529247093 -2.525552077456574)
2022,CORTE SELETIVO,C60L63,POINT (-58.88274582891553 -2.516220623043833)
2022,CORTE SELETIVO,C60L63,POINT (-58.84862694758967 -2.5119507848813845)
2022,CORTE SELETIVO,C60L63,POINT (-58.85985300728552 -2.5096651923498126)
2022,CORTE SELETIVO,C60L63,POINT (-58.76514731710844 -2.666765460681252)
2022,CORTE SELETIVO,C60L63,POINT (-58.7533482501562 -2.6272478380473037)
2022,CORTE SELETIVO,C60L63,POINT (-58.829150075453704 -2.5827541698162806)
2022,CORTE SELETIVO,C60L63,POINT (-58.81575277780105 -2.5677547518717807)
2022,CORTE SELETIVO,C60L63,POINT (-58.81545422205512 -2.567301977351188)
2022,CORTE SELETIVO,C60L63,POINT (-58.84024717968662 -2.5548506573629925)
2022,CORTE SELETIVO,C60L63,POINT (-58.826949972592224 -2.536845576340447)
2022,CORTE SELETIVO,C60L63,POINT (-58.82712145187148 -2.536754346705676)
2022,CORTE SELETIVO,C60L63,POINT (-58.77855283233155 -2.5073522754779884)
2022,CORTE SELETIVO,C60L63,POINT (-58.771254413251 -2.5950531646733768)
2022,CORTE SELETIVO,C60L63,POINT (-58.83634589490171 -2.514046834880165)
2022,CORTE SELETIVO,C60L63,POINT (-58.81315416554765 -2.544854166575747)
2022,CORTE SELETIVO,C60L63,POINT (-58.88145224540809 -2.534548781760853)
2022,CORTE SELETIVO,C60L63,POINT (-58.88275329787028 -2.5163475125401082)
2022,CORTE SELETIVO,C60L63,POINT (-58.88235422801452 -2.520648478268627)
2022,CORTE SELETIVO,C60L63,POINT (-58.8824465579797 -2.516549862234616)
2022,CORTE SELETIVO,C60L63,POINT (-58.88255131078432 -2.5194474061285237)
2022,CORTE SELETIVO,C60L63,POINT (-58.98164648581323 -2.504346425719026)
2022,CORTE SELETIVO,C60L63,POINT (-58.87174638735112 -2.532953205643851)
2022,CORTE SELETIVO,C60L63,POINT (-58.837745152816424 -2.5069461659374386)
2022,CORTE SELETIVO,C60L63,POINT (-58.97074898146884 -2.737547622996459)
2022,CORTE SELETIVO,C60L63,POINT (-58.85034719950294 -2.5674543074550296)
2022,CORTE SELETIVO,C60L63,POINT (-58.87484635015317 -2.549945578871939)
2022,CORTE SELETIVO,C60L63,POINT (-58.87445351473585 -2.549735197187448)
2022,CORTE SELETIVO,C60L63,POINT (-58.874549820277956 -2.5495490937566103)
2022,CORTE SELETIVO,C60L63,POINT (-58.8445499669323 -2.543460251813001)
2022,CORTE SELETIVO,C60L63,POINT (-58.84095264340296 -2.532746196039815)
2022,CORTE SELETIVO,C60L63,POINT (-58.87685402829219 -2.529852089939174)
2022,CORTE SELETIVO,C60L63,POINT (-58.877246217503 -2.5293479136878108)
2022,CORTE SELETIVO,C60L63,POINT (-58.88265145307041 -2.517188424206714)
2022,CORTE SELETIVO,C60L63,POINT (-58.84865441444328 -2.511652425825893)
2022,CORTE SELETIVO,C60L63,POINT (-58.865746191674155 -2.5056516880695394)
2022,CORTE SELETIVO,C60L63,POINT (-58.824148043449895 -2.582147998903097)
2022,CORTE SELETIVO,C60L63,POINT (-58.82188245728161 -2.571153052740729)
2022,CORTE SELETIVO,C60L63,POINT (-58.82384746770348 -2.5691464021281654)
2022,CORTE SELETIVO,C60L63,POINT (-58.83544627300057 -2.5442547350820446)
2022,CORTE SELETIVO,C60L63,POINT (-58.83524829491774 -2.5440473875867236)
2022,CORTE SELETIVO,C60L63,POINT (-58.81795400127794 -2.539453838934885)
2022,CORTE SELETIVO,C60L63,POINT (-58.76934572258027 -2.5060519009170563)
2022,CORTE SELETIVO,C60L63,POINT (-58.76915124418815 -2.506053032769381)
2022,CORTE SELETIVO,C60L63,POINT (-58.77955471241807 -2.50315347568835)
2022,CORTE SELETIVO,C60L63,POINT (-58.81157052763864 -2.502048779508885)
2022,CORTE SELETIVO,C60L63,POINT (-58.813651971705625 -2.5014486205744855)
2022,CORTE SELETIVO,C60L63,POINT (-58.881150085029645 -2.502647636625505)
2022,CORTE SELETIVO,C60L63,POINT (-58.895646339639775 -2.6786527186715823)
2022,CORTE SELETIVO,C60L63,POINT (-58.85385234471322 -2.568952419041774)
2022,CORTE SELETIVO,C60L63,POINT (-58.83625187657644 -2.5646475409180036)
2022,CORTE SELETIVO,C60L63,POINT (-58.84025430781107 -2.5513466375733227)
2022,CORTE SELETIVO,C60L63,POINT (-58.79844490587594 -2.5356532444064426)
2022,CORTE SELETIVO,C60L63,POINT (-58.827050084408796 -2.5345402455715567)
2022,CORTE SELETIVO,C60L63,POINT (-58.990847655905995 -2.5078470528610377)
2022,CORTE SELETIVO,C60L63,POINT (-58.86554791308898 -2.506751499206686)
2022,CORTE SELETIVO,C60L63,POINT (-58.843354342884616 -2.571452863481946)
2022,CORTE SELETIVO,C60L63,POINT (-58.88255443324747 -2.5204518018864004)
2022,CORTE SELETIVO,C60L63,POINT (-58.88234660976648 -2.5177517970667993)
2022,CORTE SELETIVO,C60L63,POINT (-58.77975243626747 -2.5200532489812084)
2022,CORTE SELETIVO,C60L63,POINT (-58.88254924235409 -2.5169457275919256)
2022,CORTE SELETIVO,C60L63,POINT (-58.98174805492608 -2.5043525344931195)
2022,CORTE SELETIVO,C60L63,POINT (-58.833950159024745 -2.582750074881445)
2022,CORTE SELETIVO,C60L63,POINT (-58.81225087875292 -2.5436484037739575)
2022,CORTE SELETIVO,C60L63,POINT (-58.79565290893317 -2.5434519949467678)
2022,CORTE SELETIVO,C60L63,POINT (-58.83834566990565 -2.542047149925114)
2022,CORTE SELETIVO,C60L63,POINT (-58.836847526322344 -2.5390516479829723)
2022,CORTE SELETIVO,C60L63,POINT (-58.88244989586992 -2.520547666985095)
2022,CORTE SELETIVO,C60L63,POINT (-58.83585319338685 -2.5198507157029635)
2022,CORTE SELETIVO,C60L63,POINT (-58.83334717001714 -2.5116455182241597)
2022,CORTE SELETIVO,C60L63,POINT (-58.81744939994191 -2.567353377721074)
2022,CORTE SELETIVO,C60L63,POINT (-58.83474928328471 -2.5085482862438675)
2022,CORTE SELETIVO,C60L63,POINT (-58.885549968512926 -2.705370773531353)
2022,CORTE SELETIVO,C60L63,POINT (-58.88625444525703 -2.683252778087386)
2022,CORTE SELETIVO,C60L63,POINT (-58.847946284774295 -2.571947563085172)
2022,CORTE SELETIVO,C60L63,POINT (-58.846790246517756 -2.55795448933202)
2022,CORTE SELETIVO,C60L63,POINT (-58.8453542890253 -2.5560489540115783)
2022,CORTE SELETIVO,C60L63,POINT (-58.882244923587095 -2.5428488482357023)
2022,CORTE SELETIVO,C60L63,POINT (-58.88204493409342 -2.5428452635000913)
2022,CORTE SELETIVO,C60L63,POINT (-58.86714588954228 -2.5425520562351864)
2022,CORTE SELETIVO,C60L63,POINT (-58.86705084406189 -2.542454135886344)
2022,CORTE SELETIVO,C60L63,POINT (-58.86674907590569 -2.540645306150366)
2022,CORTE SELETIVO,C60L63,POINT (-58.86613147501893 -2.5388454580250968)
2022,CORTE SELETIVO,C60L63,POINT (-58.87115431831057 -2.5351538465591648)
2022,CORTE SELETIVO,C60L63,POINT (-58.88194769363299 -2.534353872455338)
2022,CORTE SELETIVO,C60L63,POINT (-58.881854400739066 -2.534251210540086)
2022,CORTE SELETIVO,C60L63,POINT (-58.84094891494148 -2.532651030508225)
2022,CORTE SELETIVO,C60L63,POINT (-58.87715174912191 -2.529305128685294)
2022,CORTE SELETIVO,C60L63,POINT (-58.860250125824265 -2.5260471893188976)
2022,CORTE SELETIVO,C60L63,POINT (-58.8599493934406 -2.524651622735372)
2022,CORTE SELETIVO,C60L63,POINT (-58.88256030443062 -2.5195705617682407)
2022,CORTE SELETIVO,C60L63,POINT (-58.81784613225072 -2.7372464858765095)
2022,CORTE SELETIVO,C60L63,POINT (-58.821248869719504 -2.582049849992936)
2022,CORTE SELETIVO,C60L63,POINT (-58.81984739735578 -2.580246198227054)
2022,CORTE SELETIVO,C60L63,POINT (-58.81975130507206 -2.5801518740621954)
2022,CORTE SELETIVO,C60L63,POINT (-58.81915279045098 -2.578045816857719)
2022,CORTE SELETIVO,C60L63,POINT (-58.81925028188629 -2.577948938877102)
2022,CORTE SELETIVO,C60L63,POINT (-58.81854790161182 -2.575801519530454)
2022,CORTE SELETIVO,C60L63,POINT (-58.8218496285881 -2.571046236034984)
2022,CORTE SELETIVO,C60L63,POINT (-58.84040133273749 -2.5548474923120836)
2022,CORTE SELETIVO,C60L63,POINT (-58.82525204814751 -2.5474299164342247)
2022,CORTE SELETIVO,C60L63,POINT (-58.82165003459996 -2.5468467951040257)
2022,CORTE SELETIVO,C60L63,POINT (-58.82152799195398 -2.5466507805070973)
2022,CORTE SELETIVO,C60L63,POINT (-58.83545459169317 -2.544352349601125)
2022,CORTE SELETIVO,C60L63,POINT (-58.81834688325201 -2.5442451202153675)
2022,CORTE SELETIVO,C60L63,POINT (-58.83535305904354 -2.5440543522899532)
2022,CORTE SELETIVO,C60L63,POINT (-58.82465291907073 -2.5433489457877214)
2022,CORTE SELETIVO,C60L63,POINT (-58.82665414511915 -2.537647703915436)
2022,CORTE SELETIVO,C60L63,POINT (-58.81834868563195 -2.5226484727165506)
2022,CORTE SELETIVO,C60L63,POINT (-58.82614538688975 -2.5121697239456293)
2022,CORTE SELETIVO,C60L63,POINT (-58.817546842697425 -2.565853003098689)
2022,CORTE SELETIVO,C60L63,POINT (-58.81654544435341 -2.5604470668074253)
2022,CORTE SELETIVO,C60L63,POINT (-58.812947848817636 -2.5534206757433577)
2022,CORTE SELETIVO,C60L63,POINT (-58.81254818054176 -2.553349024896041)
2022,CORTE SELETIVO,C60L63,POINT (-58.801383663300165 -2.5526454631736746)
2022,CORTE SELETIVO,C60L63,POINT (-58.801549079524754 -2.552549886125318)
2022,CORTE SELETIVO,C60L63,POINT (-58.81024482556071 -2.5372466177196236)
2022,CORTE SELETIVO,C60L63,POINT (-58.815446517457076 -2.5367400388577903)
2022,CORTE SELETIVO,C60L63,POINT (-58.80594964910026 -2.523251159945839)
2022,CORTE SELETIVO,C60L63,POINT (-58.80585364971092 -2.5231543573427344)
2022,CORTE SELETIVO,C60L63,POINT (-58.80594838416105 -2.5230505082309183)
2022,CORTE SELETIVO,C60L63,POINT (-58.80784997521288 -2.5201695290033834)
2022,CORTE SELETIVO,C60L63,POINT (-58.81385444418986 -2.5169476911855138)
2022,CORTE SELETIVO,C60L63,POINT (-58.798446600625454 -2.5145922782674552)
2022,CORTE SELETIVO,C60L63,POINT (-58.78564690825906 -2.511089228752658)
2022,CORTE SELETIVO,C60L63,POINT (-58.76901772096782 -2.5060292089059195)
2022,CORTE SELETIVO,C60L63,POINT (-58.78635410105952 -2.5012505253888766)
2022,CORTE SELETIVO,C60L63,POINT (-58.77165830597062 -2.5961506295974557)
2022,CORTE SELETIVO,C60L63,POINT (-58.812950252319155 -2.5449548553268295)
2022,CORTE SELETIVO,C60L63,POINT (-58.994947171582595 -2.5184500624813873)
2022,CORTE SELETIVO,C60L63,POINT (-58.882348502453915 -2.5166540545643272)
2022,CORTE SELETIVO,C60L63,POINT (-58.86675304037313 -2.5402534833636743)
2022,CORTE SELETIVO,C60L63,POINT (-58.826847049922726 -2.540050853612808)
2022,CORTE SELETIVO,C60L63,POINT (-58.88224931006036 -2.5198464056531247)
2022,CORTE SELETIVO,C60L63,POINT (-58.88225295398818 -2.5171484141502756)
2022,CORTE SELETIVO,C60L63,POINT (-58.8957502214964 -2.6788290262286325)
2022,CORTE SELETIVO,C60L63,POINT (-58.83645299257034 -2.5647499678883623)
2022,CORTE SELETIVO,C60L63,POINT (-58.85104494959406 -2.5618515485242908)
2022,CORTE SELETIVO,C60L63,POINT (-58.85095473484798 -2.5617542455967883)
2022,CORTE SELETIVO,C60L63,POINT (-58.860953435796425 -2.5385486578920853)
2022,CORTE SELETIVO,C60L63,POINT (-58.867049174245324 -2.5318529531035017)
2022,CORTE SELETIVO,C60L63,POINT (-58.86244614701146 -2.531548024725712)
2022,CORTE SELETIVO,C60L63,POINT (-58.877348945511834 -2.5286467544218545)
2022,CORTE SELETIVO,C60L63,POINT (-58.86271265837697 -2.527688547537058)
2022,CORTE SELETIVO,C60L63,POINT (-58.86274796509428 -2.527446029536813)
2022,CORTE SELETIVO,C60L63,POINT (-58.86704763852607 -2.526147555992313)
2022,CORTE SELETIVO,C60L63,POINT (-58.83895141589432 -2.5253536595991988)
2022,CORTE SELETIVO,C60L63,POINT (-58.88264657911202 -2.520449549371786)
2022,CORTE SELETIVO,C60L63,POINT (-58.88155240568907 -2.5083501799363677)
2022,CORTE SELETIVO,C60L63,POINT (-58.82634644824497 -2.57905030909462)
2022,CORTE SELETIVO,C60L63,POINT (-58.826648712853476 -2.5709517597475946)
2022,CORTE SELETIVO,C60L63,POINT (-58.82634966351347 -2.5709504162131687)
2022,CORTE SELETIVO,C60L63,POINT (-58.821245031791975 -2.5699548821320737)
2022,CORTE SELETIVO,C60L63,POINT (-58.83295243921517 -2.5617476729036808)
2022,CORTE SELETIVO,C60L63,POINT (-58.83285265148449 -2.5614519643386453)
2022,CORTE SELETIVO,C60L63,POINT (-58.8128490065037 -2.5440495256846036)
2022,CORTE SELETIVO,C60L63,POINT (-58.813609102567916 -2.5433501834437076)
2022,CORTE SELETIVO,C60L63,POINT (-58.832152788044866 -2.5396476310069316)
2022,CORTE SELETIVO,C60L63,POINT (-58.82635399758054 -2.5380457418914015)
2022,CORTE SELETIVO,C60L63,POINT (-58.835845975697985 -2.520048063502222)
2022,CORTE SELETIVO,C60L63,POINT (-58.77065226216006 -2.509954003584519)
2022,CORTE SELETIVO,C60L63,POINT (-58.81545035097604 -2.5063470058794537)
2022,CORTE SELETIVO,C60L63,POINT (-58.81294894609835 -2.545050066915596)
2022,CORTE SELETIVO,C60L63,POINT (-58.88274706259133 -2.516053472176605)
2022,CORTE SELETIVO,C60L63,POINT (-58.834749002554425 -2.5083536018749184)
2022,CORTE SELETIVO,C60L63,POINT (-58.84835916343977 -2.6170927333601544)
2022,CORTE SELETIVO,C60L63,POINT (-58.823124149283444 -2.5646477053733294)
2022,CORTE SELETIVO,C60L63,POINT (-58.850850094596105 -2.561898927605808)
2022,CORTE SELETIVO,C60L63,POINT (-58.81357098565564 -2.5436248176249117)
2022,CORTE SELETIVO,C60L63,POINT (-58.85434889373979 -2.5689466009041046)
2022,CORTE SELETIVO,C60L63,POINT (-58.853946528806176 -2.568849453352724)
2022,CORTE SELETIVO,C60L63,POINT (-58.84664859962167 -2.563745367570751)
2022,CORTE SELETIVO,C60L63,POINT (-58.84524787321518 -2.5564542097265934)
2022,CORTE SELETIVO,C60L63,POINT (-58.84065135877047 -2.551350417388038)
2022,CORTE SELETIVO,C60L63,POINT (-58.86155009505724 -2.5350519491044348)
2022,CORTE SELETIVO,C60L63,POINT (-58.8627506548736 -2.5098545979984657)
2022,CORTE SELETIVO,C60L63,POINT (-58.85564702829727 -2.507354830500977)
2022,CORTE SELETIVO,C60L63,POINT (-58.86565425613833 -2.506953251070713)
2022,CORTE SELETIVO,C60L63,POINT (-58.771545838291274 -2.596148388731635)
2022,CORTE SELETIVO,C60L63,POINT (-58.77164689669536 -2.5960521454498817)
2022,CORTE SELETIVO,C60L63,POINT (-58.83405181443429 -2.583050059925833)
2022,CORTE SELETIVO,C60L63,POINT (-58.83378016463225 -2.5827538286579355)
2022,CORTE SELETIVO,C60L63,POINT (-58.833154975056324 -2.579548980297719)
2022,CORTE SELETIVO,C60L63,POINT (-58.83274805217254 -2.5614547152904033)
2022,CORTE SELETIVO,C60L63,POINT (-58.806648874293565 -2.5393514272438873)
2022,CORTE SELETIVO,C60L63,POINT (-58.80682763379122 -2.539252947005474)
2022,CORTE SELETIVO,C60L63,POINT (-58.83234852475865 -2.5092511916334876)
2022,CORTE SELETIVO,C60L63,POINT (-58.843948484377314 -2.7342469539870042)
2022,CORTE SELETIVO,C60L63,POINT (-58.83455268061002 -2.5774503934002535)
2022,CORTE SELETIVO,C60L63,POINT (-58.837713592967965 -2.5730464897912224)
2022,CORTE SELETIVO,C60L63,POINT (-58.849252492386526 -2.569252580175804)
2022,CORTE SELETIVO,C60L63,POINT (-58.84484961014333 -2.565753539429847)
2022,CORTE SELETIVO,C60L63,POINT (-58.84015303906497 -2.5548537365971224)
2022,CORTE SELETIVO,C60L63,POINT (-58.82695368299313 -2.547845928501117)
2022,CORTE SELETIVO,C60L63,POINT (-58.8264537871507 -2.541053710600197)
2022,CORTE SELETIVO,C60L63,POINT (-58.86595414467231 -2.538646376408006)
2022,CORTE SELETIVO,C60L63,POINT (-58.867154907230024 -2.5307544750062254)
2022,CORTE SELETIVO,C60L63,POINT (-58.87714489085456 -2.5295493475686284)
2022,CORTE SELETIVO,C60L63,POINT (-58.860355053908755 -2.5259541880691536)
2022,CORTE SELETIVO,C60L63,POINT (-58.88025296789716 -2.524248984957101)
2022,CORTE SELETIVO,C60L63,POINT (-58.8802515300845 -2.5237545747992676)
2022,CORTE SELETIVO,C60L63,POINT (-58.88264540016343 -2.519450382149977)
2022,CORTE SELETIVO,C60L63,POINT (-58.99545085323345 -2.5179535081130417)
2022,CORTE SELETIVO,C60L63,POINT (-58.82525414692672 -2.513950730532329)
2022,CORTE SELETIVO,C60L63,POINT (-58.82615436443523 -2.512354141302162)
2022,CORTE SELETIVO,C60L63,POINT (-58.86564684906922 -2.5056523755361138)
2022,CORTE SELETIVO,C60L63,POINT (-58.8659499689127 -2.5056534988196963)
2022,CORTE SELETIVO,C60L63,POINT (-58.88135100352959 -2.5020482735583074)
2022,CORTE SELETIVO,C60L63,POINT (-58.81795130721884 -2.737251718779814)
2022,CORTE SELETIVO,C60L63,POINT (-58.81775498588773 -2.737158697524658)
2022,CORTE SELETIVO,C60L63,POINT (-58.82005165794804 -2.585850689655662)
2022,CORTE SELETIVO,C60L63,POINT (-58.81919115057738 -2.5782270061544663)
2022,CORTE SELETIVO,C60L63,POINT (-58.81925352068205 -2.5774463291765137)
2022,CORTE SELETIVO,C60L63,POINT (-58.81865408095382 -2.5758683399912483)
2022,CORTE SELETIVO,C60L63,POINT (-58.81844565545894 -2.57584793483871)
2022,CORTE SELETIVO,C60L63,POINT (-58.818754487616424 -2.5734463256264712)
2022,CORTE SELETIVO,C60L63,POINT (-58.81884978674984 -2.573352045101524)
2022,CORTE SELETIVO,C60L63,POINT (-58.81884928328508 -2.5731500733356096)
2022,CORTE SELETIVO,C60L63,POINT (-58.81884505958637 -2.572883122527821)
2022,CORTE SELETIVO,C60L63,POINT (-58.82274700352071 -2.572351896666353)
2022,CORTE SELETIVO,C60L63,POINT (-58.82275398277556 -2.572149864148136)
2022,CORTE SELETIVO,C60L63,POINT (-58.82195482787127 -2.570848786715545)
2022,CORTE SELETIVO,C60L63,POINT (-58.815846373576456 -2.567751391148739)
2022,CORTE SELETIVO,C60L63,POINT (-58.817548439582396 -2.565745430475157)
2022,CORTE SELETIVO,C60L63,POINT (-58.817453004630934 -2.5651297025013813)
2022,CORTE SELETIVO,C60L63,POINT (-58.825092143910354 -2.547477174999947)
2022,CORTE SELETIVO,C60L63,POINT (-58.821547416606435 -2.5468502795711117)
2022,CORTE SELETIVO,C60L63,POINT (-58.820348485384905 -2.5341485785788556)
2022,CORTE SELETIVO,C60L63,POINT (-58.81854783835325 -2.5225536959364288)
2022,CORTE SELETIVO,C60L63,POINT (-58.753508991469225 -2.627343616747702)
2022,CORTE SELETIVO,C60L63,POINT (-58.77085030852302 -2.595951130247593)
2022,CORTE SELETIVO,C60L63,POINT (-58.77094986161035 -2.59576893471801)
2022,CORTE SELETIVO,C60L63,POINT (-58.81564744630461 -2.5673535630267037)
2022,CORTE SELETIVO,C60L63,POINT (-58.79468938251133 -2.551154714085438)
2022,CORTE SELETIVO,C60L63,POINT (-58.814052454900825 -2.5355538862154803)
2022,CORTE SELETIVO,C60L63,POINT (-58.81374683775866 -2.5355465400031805)
2022,CORTE SELETIVO,C60L63,POINT (-58.805954667460185 -2.5227515815807102)
2022,CORTE SELETIVO,C60L63,POINT (-58.81405324204946 -2.5189525366223524)
2022,CORTE SELETIVO,C60L63,POINT (-58.81374823078479 -2.518548542494491)
2022,CORTE SELETIVO,C60L63,POINT (-58.81344876610045 -2.5184535995096917)
2022,CORTE SELETIVO,C60L63,POINT (-58.81382179952489 -2.5168537545213594)
2022,CORTE SELETIVO,C60L63,POINT (-58.7983548520797 -2.5145562163002)
2022,CORTE SELETIVO,C60L63,POINT (-58.785745377152566 -2.5109451859317202)
2022,CORTE SELETIVO,C60L63,POINT (-58.79275230923746 -2.5085498515028)
2022,CORTE SELETIVO,C60L63,POINT (-58.78105017561315 -2.5085542938341363)
2022,CORTE SELETIVO,C60L63,POINT (-58.80734536062675 -2.50735330504216)
2022,CORTE SELETIVO,C60L63,POINT (-58.808948058936195 -2.504148061929686)
2022,CORTE SELETIVO,C60L63,POINT (-58.80974593149229 -2.5027454150565043)
2022,CORTE SELETIVO,C60L63,POINT (-58.802654535319505 -2.50125170980921)
2022,CORTE SELETIVO,C60L63,POINT (-58.78625274503324 -2.501146557085939)
2022,CORTE SELETIVO,C60L63,POINT (-58.77164728072817 -2.5959466937924)
2022,CORTE SELETIVO,C60L63,POINT (-58.811749369544515 -2.544552348522803)
2022,CORTE SELETIVO,C60L63,POINT (-58.88224603785971 -2.5202480133319103)
2022,CORTE SELETIVO,C60L63,POINT (-58.89554965319523 -2.678953384781928)
2022,CORTE SELETIVO,C60L63,POINT (-58.895649478039 -2.678753543623669)
2022,CORTE SELETIVO,C60L63,POINT (-58.848049220639695 -2.616849698496941)
2022,CORTE SELETIVO,C60L63,POINT (-58.84794920000492 -2.6167464931191553)
2022,CORTE SELETIVO,C60L63,POINT (-58.833752561338414 -2.582954158956206)
2022,CORTE SELETIVO,C60L63,POINT (-58.839546713467996 -2.5757480193094957)
2022,CORTE SELETIVO,C60L63,POINT (-58.84955144623936 -2.569449469461917)
2022,CORTE SELETIVO,C60L63,POINT (-58.85385072442424 -2.5690520917958177)
2022,CORTE SELETIVO,C60L63,POINT (-58.84685277498797 -2.5638496989020667)
2022,CORTE SELETIVO,C60L63,POINT (-58.846650698183836 -2.5638465969424176)
2022,CORTE SELETIVO,C60L63,POINT (-58.851245676643686 -2.561948774034538)
2022,CORTE SELETIVO,C60L63,POINT (-58.845354159993555 -2.5564483515272385)
2022,CORTE SELETIVO,C60L63,POINT (-58.82748582021453 -2.5419465408028183)
2022,CORTE SELETIVO,C60L63,POINT (-58.88244741061249 -2.539748061445251)
2022,CORTE SELETIVO,C60L63,POINT (-58.8669462671587 -2.526150166940343)
2022,CORTE SELETIVO,C60L63,POINT (-58.8812477656126 -2.502551332239908)
2022,CORTE SELETIVO,C60L63,POINT (-58.818748679608724 -2.57115128840448)
2022,CORTE SELETIVO,C60L63,POINT (-58.82664949970848 -2.5708459370617165)
2022,CORTE SELETIVO,C60L63,POINT (-58.82624530773826 -2.5707543246250815)
2022,CORTE SELETIVO,C60L63,POINT (-58.82294944745827 -2.5647538552207796)
2022,CORTE SELETIVO,C60L63,POINT (-58.81361788142934 -2.545649112806243)
2022,CORTE SELETIVO,C60L63,POINT (-58.813854496000964 -2.545451326798893)
2022,CORTE SELETIVO,C60L63,POINT (-58.81365070847948 -2.5453533432363318)
2022,CORTE SELETIVO,C60L63,POINT (-58.81324527297536 -2.545417874194958)
2022,CORTE SELETIVO,C60L63,POINT (-58.8130539812644 -2.5452517829191943)
2022,CORTE SELETIVO,C60L63,POINT (-58.812850008521245 -2.544747755593488)
2022,CORTE SELETIVO,C60L63,POINT (-58.8168550820807 -2.5445478470985923)
2022,CORTE SELETIVO,C60L63,POINT (-58.81284784296868 -2.5441668277518894)
2022,CORTE SELETIVO,C60L63,POINT (-58.79575472062816 -2.5435505260924156)
2022,CORTE SELETIVO,C60L63,POINT (-58.80675416697796 -2.539452188561795)
2022,CORTE SELETIVO,C60L63,POINT (-58.81405298265954 -2.505553061138756)
2022,CORTE SELETIVO,C60L63,POINT (-58.772154892956806 -2.595149265296176)
2022,CORTE SELETIVO,C60L63,POINT (-58.81744830568563 -2.5674473179798256)
2022,CORTE SELETIVO,C60L63,POINT (-58.89555474480633 -2.6783522412449927)
2022,CORTE SELETIVO,C60L63,POINT (-58.849847690079244 -2.569452336066862)
2022,CORTE SELETIVO,C60L63,POINT (-58.84975232651091 -2.5693545636969004)
2022,CORTE SELETIVO,C60L63,POINT (-58.844763619371065 -2.567745415940017)
2022,CORTE SELETIVO,C60L63,POINT (-58.84534583335083 -2.5655531439219827)
2022,CORTE SELETIVO,C60L63,POINT (-58.83724877650063 -2.546104092563207)
2022,CORTE SELETIVO,C60L63,POINT (-58.83715098068007 -2.5459541006861737)
2022,CORTE SELETIVO,C60L63,POINT (-58.83525065981573 -2.5430499085632547)
2022,CORTE SELETIVO,C60L63,POINT (-58.862150238206695 -2.5291478701505175)
2022,CORTE SELETIVO,C60L63,POINT (-58.86264651147142 -2.527451043610069)
2022,CORTE SELETIVO,C60L63,POINT (-58.858550386688904 -2.5258506340801072)
2022,CORTE SELETIVO,C60L63,POINT (-58.83614699973114 -2.5201482362217984)
2022,CORTE SELETIVO,C60L63,POINT (-58.83604556198106 -2.5198527074610957)
2022,CORTE SELETIVO,C60L63,POINT (-58.83584778145162 -2.5196535486317826)
2022,CORTE SELETIVO,C60L63,POINT (-58.8626539048839 -2.5098464806533616)
2022,CORTE SELETIVO,C60L63,POINT (-58.81994627252166 -2.5662486912136346)
2022,CORTE SELETIVO,C60L63,POINT (-58.83278642494346 -2.5617466279983594)
2022,CORTE SELETIVO,C60L63,POINT (-58.83504971250191 -2.542848404557367)
2022,CORTE SELETIVO,C60L63,POINT (-58.82754773044479 -2.54204707452228)
2022,CORTE SELETIVO,C60L63,POINT (-58.827653106286824 -2.5419525835949726)
2022,CORTE SELETIVO,C60L63,POINT (-58.827534286188495 -2.5417533519246103)
2022,CORTE SELETIVO,C60L63,POINT (-58.82264637296096 -2.5398213307667143)
2022,CORTE SELETIVO,C60L63,POINT (-58.82149196324078 -2.539749540437721)
2022,CORTE SELETIVO,C60L63,POINT (-58.829345210627956 -2.5396486460825387)
2022,CORTE SELETIVO,C60L63,POINT (-58.831948750485715 -2.5395531787146486)
2022,CORTE SELETIVO,C60L63,POINT (-58.8177498010959 -2.534548381667906)
2022,CORTE SELETIVO,C60L63,POINT (-58.81764724865931 -2.5344543557455372)
2022,CORTE SELETIVO,C60L63,POINT (-58.83385201436371 -2.5129504123380806)
2022,CORTE SELETIVO,C60L63,POINT (-58.833753297973495 -2.51285335644891)
2022,CORTE SELETIVO,C60L63,POINT (-58.83334603369854 -2.5115508621146816)
2022,CORTE SELETIVO,C60L63,POINT (-58.77114487155261 -2.595052332258339)
2022,CORTE SELETIVO,C60L63,POINT (-58.79585382316744 -2.5536546424468782)
2022,CORTE SELETIVO,C60L63,POINT (-58.79595199838735 -2.5533546928474053)
2022,CORTE SELETIVO,C60L63,POINT (-58.79774893095413 -2.5464453426438043)
2022,CORTE SELETIVO,C60L63,POINT (-58.813654237276786 -2.545451322521361)
2022,CORTE SELETIVO,C60L63,POINT (-58.81364820279287 -2.543452153576749)
2022,CORTE SELETIVO,C60L63,POINT (-58.79564683853155 -2.5432465503095028)
2022,CORTE SELETIVO,C60L63,POINT (-58.79284511292301 -2.540747262342871)
2022,CORTE SELETIVO,C60L63,POINT (-58.806551009828276 -2.5394523641410998)
2022,CORTE SELETIVO,C60L63,POINT (-58.80665323493207 -2.539252880887522)
2022,CORTE SELETIVO,C60L63,POINT (-58.79865420333243 -2.535748021515951)
2022,CORTE SELETIVO,C60L63,POINT (-58.81704749206988 -2.507953100646973)
2022,CORTE SELETIVO,C60L63,POINT (-58.81634563332126 -2.506450581624744)
2022,CORTE SELETIVO,C60L63,POINT (-58.81485364637798 -2.5062530659392728)
2022,CORTE SELETIVO,C60L63,POINT (-58.81504665416781 -2.506148339530412)
2022,CORTE SELETIVO,C60L63,POINT (-58.83625477023664 -2.508450334714228)
2022,CORTE SELETIVO,C60L63,POINT (-58.88554775066257 -2.6907500968734412)
2022,CORTE SELETIVO,C60L63,POINT (-58.885746797475676 -2.6906498591802888)
2022,CORTE SELETIVO,C60L63,POINT (-58.99144509346493 -2.6789479006413206)
2022,CORTE SELETIVO,C60L63,POINT (-58.8690498742802 -2.545348245102004)
2022,CORTE SELETIVO,C60L63,POINT (-58.86685075931331 -2.5407544142916594)
2022,CORTE SELETIVO,C60L63,POINT (-58.86695242848017 -2.5406516064350493)
2022,CORTE SELETIVO,C60L63,POINT (-58.8936491341651 -2.537746232077553)
2022,CORTE SELETIVO,C60L63,POINT (-58.88165247824838 -2.5377458637754104)
2022,CORTE SELETIVO,C60L63,POINT (-58.98004913267916 -2.535850376759886)
2022,CORTE SELETIVO,C60L63,POINT (-58.87984546500647 -2.5349514348434288)
2022,CORTE SELETIVO,C60L63,POINT (-58.88003471047486 -2.5347452442580782)
2022,CORTE SELETIVO,C60L63,POINT (-58.88174721734893 -2.534651630505383)
2022,CORTE SELETIVO,C60L63,POINT (-58.87775847423533 -2.5345769693992417)
2022,CORTE SELETIVO,C60L63,POINT (-58.881947042889834 -2.5344495656298256)
2022,CORTE SELETIVO,C60L63,POINT (-58.88205481401855 -2.534345355792026)
2022,CORTE SELETIVO,C60L63,POINT (-58.866106265232254 -2.5330483860955564)
2022,CORTE SELETIVO,C60L63,POINT (-58.873975519393646 -2.532556655883221)
2022,CORTE SELETIVO,C60L63,POINT (-58.87385008256254 -2.532282891317373)
2022,CORTE SELETIVO,C60L63,POINT (-58.867048850838884 -2.53068013785483)
2022,CORTE SELETIVO,C60L63,POINT (-58.87694737833968 -2.5293474757347076)
2022,CORTE SELETIVO,C60L63,POINT (-58.87695034845307 -2.529045353957811)
2022,CORTE SELETIVO,C60L63,POINT (-58.87734748108295 -2.5276467096154067)
2022,CORTE SELETIVO,C60L63,POINT (-58.882451138452915 -2.51915482809502)
2022,CORTE SELETIVO,C60L63,POINT (-58.88265189927516 -2.518679261109986)
2022,CORTE SELETIVO,C60L63,POINT (-58.882553108973774 -2.518248626148947)
2022,CORTE SELETIVO,C60L63,POINT (-58.882671598653346 -2.517953180571854)
2022,CORTE SELETIVO,C60L63,POINT (-58.882147820733415 -2.517247111910631)
2022,CORTE SELETIVO,C60L63,POINT (-58.88280046458198 -2.5164478902542284)
2022,CORTE SELETIVO,C60L63,POINT (-58.87600111928583 -2.5142475768355115)
2022,CORTE SELETIVO,C60L63,POINT (-58.9794534871057 -2.5111498027835886)
2022,CORTE SELETIVO,C60L63,POINT (-58.97941498473878 -2.5109526214980726)
2022,CORTE SELETIVO,C60L63,POINT (-58.98204762438186 -2.5042461597882384)
2022,CORTE SELETIVO,C60L63,POINT (-58.8811466107623 -2.502548612167011)
2022,CORTE SELETIVO,C60L63,POINT (-58.837450634117275 -2.573052702859363)
2022,CORTE SELETIVO,C60L63,POINT (-58.84364708552128 -2.571048200504087)
2022,CORTE SELETIVO,C60L63,POINT (-58.85495402108657 -2.5680466124065466)
2022,CORTE SELETIVO,C60L63,POINT (-58.8448523979466 -2.567547089602072)
2022,CORTE SELETIVO,C60L63,POINT (-58.855252517906926 -2.5673497981417435)
2022,CORTE SELETIVO,C60L63,POINT (-58.84484513007418 -2.5673494652831472)
2022,CORTE SELETIVO,C60L63,POINT (-58.84514624480251 -2.565585714076892)
2022,CORTE SELETIVO,C60L63,POINT (-58.83636701955365 -2.5643942814954697)
2022,CORTE SELETIVO,C60L63,POINT (-58.85070888449687 -2.561649178254342)
2022,CORTE SELETIVO,C60L63,POINT (-58.84665084102457 -2.5579469640019172)
2022,CORTE SELETIVO,C60L63,POINT (-58.84542251045911 -2.555878688009709)
2022,CORTE SELETIVO,C60L63,POINT (-58.840250711759104 -2.554952405101629)
2022,CORTE SELETIVO,C60L63,POINT (-58.837853024365174 -2.5514496930264046)
2022,CORTE SELETIVO,C60L63,POINT (-58.840645803786316 -2.551048468398936)
2022,CORTE SELETIVO,C60L63,POINT (-58.835356147298576 -2.5444704493462886)
2022,CORTE SELETIVO,C60L63,POINT (-58.85725347621736 -2.5439527072791113)
2022,CORTE SELETIVO,C60L63,POINT (-58.853046184860595 -2.532551492774737)
2022,CORTE SELETIVO,C60L63,POINT (-58.85965407666975 -2.5241332078300793)
2022,CORTE SELETIVO,C60L63,POINT (-58.859766362983585 -2.523952324367715)
2022,CORTE SELETIVO,C60L63,POINT (-58.835446724499086 -2.5222539542447038)
2022,CORTE SELETIVO,C60L63,POINT (-58.83531807350904 -2.5218507961913934)
2022,CORTE SELETIVO,C60L63,POINT (-58.848651861942216 -2.511518491214196)
2022,CORTE SELETIVO,C60L63,POINT (-58.85987295744405 -2.5094494341582014)
2022,CORTE SELETIVO,C60L63,POINT (-58.84515493447032 -2.5092530794513346)
2022,CORTE SELETIVO,C60L63,POINT (-58.83634705908533 -2.5082527739139238)
2022,CORTE SELETIVO,C60L63,POINT (-58.83554978498709 -2.506949127993743)
2022,CORTE SELETIVO,C60L63,POINT (-58.86595094734558 -2.5069531784894075)
2022,CORTE SELETIVO,C60L63,POINT (-58.865851201879536 -2.5068545982082715)
2022,CORTE SELETIVO,C60L63,POINT (-58.865954308461006 -2.5067529652892144)
2022,CORTE SELETIVO,C60L63,POINT (-58.860651419656016 -2.5061300152290955)
2022,CORTE SELETIVO,C60L63,POINT (-58.8639546582042 -2.5049491432566455)
2022,CORTE SELETIVO,C60L63,POINT (-58.86514970952995 -2.503748083547734)
2022,CORTE SELETIVO,C60L63,POINT (-58.84065313381212 -2.5015542834204534)
2022,CORTE SELETIVO,C60L63,POINT (-58.820151120325875 -2.5858490333332607)
2022,CORTE SELETIVO,C60L63,POINT (-58.82884957909627 -2.5828467255002745)
2022,CORTE SELETIVO,C60L63,POINT (-58.81995075317963 -2.580653584739133)
2022,CORTE SELETIVO,C60L63,POINT (-58.819254648328965 -2.5780545848379317)
2022,CORTE SELETIVO,C60L63,POINT (-58.819229298309345 -2.577778482723229)
2022,CORTE SELETIVO,C60L63,POINT (-58.822854005419885 -2.572261668033856)
2022,CORTE SELETIVO,C60L63,POINT (-58.82205109161161 -2.5710462865008648)
2022,CORTE SELETIVO,C60L63,POINT (-58.82247253940006 -2.570646265862795)
2022,CORTE SELETIVO,C60L63,POINT (-58.82235339146179 -2.570549371265934)
2022,CORTE SELETIVO,C60L63,POINT (-58.81955378477891 -2.569151326994955)
2022,CORTE SELETIVO,C60L63,POINT (-58.81944953635498 -2.5690479039250618)
2022,CORTE SELETIVO,C60L63,POINT (-58.83265427506003 -2.5610538037007906)
2022,CORTE SELETIVO,C60L63,POINT (-58.82635814343824 -2.5602456717814768)
2022,CORTE SELETIVO,C60L63,POINT (-58.81925373552709 -2.5570525515566906)
2022,CORTE SELETIVO,C60L63,POINT (-58.830252139577986 -2.5482487625507546)
2022,CORTE SELETIVO,C60L63,POINT (-58.83004594729738 -2.54814759995646)
2022,CORTE SELETIVO,C60L63,POINT (-58.82694553761174 -2.5476469163725506)
2022,CORTE SELETIVO,C60L63,POINT (-58.82714421802109 -2.5475504815068533)
2022,CORTE SELETIVO,C60L63,POINT (-58.82184827356095 -2.5470462838169947)
2022,CORTE SELETIVO,C60L63,POINT (-58.821652424387466 -2.5469496430677294)
2022,CORTE SELETIVO,C60L63,POINT (-58.82144825313752 -2.5449522146443493)
2022,CORTE SELETIVO,C60L63,POINT (-58.81824667493734 -2.544158451204216)
2022,CORTE SELETIVO,C60L63,POINT (-58.835345431459615 -2.544254296932334)
2022,CORTE SELETIVO,C60L63,POINT (-58.82465267807897 -2.5435495777381063)
2022,CORTE SELETIVO,C60L63,POINT (-58.82131382955999 -2.54306136311176)
2022,CORTE SELETIVO,C60L63,POINT (-58.82615137480267 -2.53844957985776)
2022,CORTE SELETIVO,C60L63,POINT (-58.83414986274575 -2.536951672515632)
2022,CORTE SELETIVO,C60L63,POINT (-58.81774772723085 -2.536248599414755)
2022,CORTE SELETIVO,C60L63,POINT (-58.81765231862008 -2.5360628159197636)
2022,CORTE SELETIVO,C60L63,POINT (-58.82274571240427 -2.5189305755210136)
2022,CORTE SELETIVO,C60L63,POINT (-58.82544778189737 -2.513748703962055)
2022,CORTE SELETIVO,C60L63,POINT (-58.83405007080952 -2.51264601247588)
2022,CORTE SELETIVO,C60L63,POINT (-58.83524617787072 -2.5068509712432823)
2022,CORTE SELETIVO,C60L63,POINT (-58.77644850442805 -2.704549157625035)
2022,CORTE SELETIVO,C60L63,POINT (-58.765353350847256 -2.6665478985308817)
2022,CORTE SELETIVO,C60L63,POINT (-58.815712066056896 -2.567636981386554)
2022,CORTE SELETIVO,C60L63,POINT (-58.81564503414385 -2.567250326141053)
2022,CORTE SELETIVO,C60L63,POINT (-58.817549460742676 -2.5660458504226127)
2022,CORTE SELETIVO,C60L63,POINT (-58.81234518694489 -2.562147974359658)
2022,CORTE SELETIVO,C60L63,POINT (-58.80104583579955 -2.552947344464914)
2022,CORTE SELETIVO,C60L63,POINT (-58.80144506568243 -2.5524078557017185)
2022,CORTE SELETIVO,C60L63,POINT (-58.79704837404398 -2.549827949104273)
2022,CORTE SELETIVO,C60L63,POINT (-58.80815338635858 -2.5497472539563213)
2022,CORTE SELETIVO,C60L63,POINT (-58.79695490065862 -2.5496023520019504)
2022,CORTE SELETIVO,C60L63,POINT (-58.807765006807266 -2.54735084488672)
2022,CORTE SELETIVO,C60L63,POINT (-58.794646036418186 -2.544550401018902)
2022,CORTE SELETIVO,C60L63,POINT (-58.817151866189015 -2.5422114197800796)
2022,CORTE SELETIVO,C60L63,POINT (-58.81654745005064 -2.541473759801912)
2022,CORTE SELETIVO,C60L63,POINT (-58.80772803333671 -2.5407106646681927)
2022,CORTE SELETIVO,C60L63,POINT (-58.809549311269976 -2.5380476515239296)
2022,CORTE SELETIVO,C60L63,POINT (-58.81724851640571 -2.5375494252737885)
2022,CORTE SELETIVO,C60L63,POINT (-58.81414704438715 -2.535851752877616)
2022,CORTE SELETIVO,C60L63,POINT (-58.81700438794198 -2.534165612915898)
2022,CORTE SELETIVO,C60L63,POINT (-58.79175252082427 -2.523551239633219)
2022,CORTE SELETIVO,C60L63,POINT (-58.77408840673899 -2.522753974628285)
2022,CORTE SELETIVO,C60L63,POINT (-58.81455503240208 -2.520285524045822)
2022,CORTE SELETIVO,C60L63,POINT (-58.81463498673761 -2.5200484728333787)
2022,CORTE SELETIVO,C60L63,POINT (-58.8078062808793 -2.5200458511639208)
2022,CORTE SELETIVO,C60L63,POINT (-58.81415228167021 -2.518953361177415)
2022,CORTE SELETIVO,C60L63,POINT (-58.81387918940328 -2.518632286090029)
2022,CORTE SELETIVO,C60L63,POINT (-58.790951372559505 -2.5184727343495807)
2022,CORTE SELETIVO,C60L63,POINT (-58.79825310407839 -2.514654658755526)
2022,CORTE SELETIVO,C60L63,POINT (-58.80265189207614 -2.5018456047265767)
2022,CORTE SELETIVO,C60L63,POINT (-58.80274821224548 -2.5013417238628053)
2022,CORTE SELETIVO,C60L63,POINT (-58.80264839030371 -2.5008454129277977)
2022,CORTE SELETIVO,C60L63,POINT (-58.83624661344202 -2.508353032150236)
2022,CORTE SELETIVO,C60L63,POINT (-58.86564533796169 -2.5060453148288326)
2022,CORTE SELETIVO,C60L63,POINT (-58.98184843049482 -2.504349420908524)
2022,CORTE SELETIVO,C60L63,POINT (-58.81377152581721 -2.545247084605973)
2022,CORTE SELETIVO,C60L63,POINT (-58.81175056737563 -2.5446464091547587)
2022,CORTE SELETIVO,C60L63,POINT (-58.88235270985935 -2.5178531795912504)
2022,CORTE SELETIVO,C60L63,POINT (-58.885752078613756 -2.685052896474574)
2022,CORTE SELETIVO,C60L63,POINT (-58.89555313775864 -2.6786507184038406)
2022,CORTE SELETIVO,C60L63,POINT (-58.877645703487225 -2.5464514668992106)
2022,CORTE SELETIVO,C60L63,POINT (-58.88244717336843 -2.5399495198784265)
2022,CORTE SELETIVO,C60L63,POINT (-58.89154505986005 -2.539852502372596)
2022,CORTE SELETIVO,C60L63,POINT (-58.860852720189 -2.538752532787487)
2022,CORTE SELETIVO,C60L63,POINT (-58.85574587109558 -2.5371473760310232)
2022,CORTE SELETIVO,C60L63,POINT (-58.85544816463267 -2.5370523121987136)
2022,CORTE SELETIVO,C60L63,POINT (-58.862545099693165 -2.5315538705751703)
2022,CORTE SELETIVO,C60L63,POINT (-58.877574674340394 -2.5286581043249474)
2022,CORTE SELETIVO,C60L63,POINT (-58.86735461790338 -2.5284541835528747)
2022,CORTE SELETIVO,C60L63,POINT (-58.85865065847673 -2.52574759862987)
2022,CORTE SELETIVO,C60L63,POINT (-58.8821508835468 -2.519551513627081)
2022,CORTE SELETIVO,C60L63,POINT (-58.862646491450526 -2.5100490052290176)
2022,CORTE SELETIVO,C60L63,POINT (-58.85554712824338 -2.507153451715605)
2022,CORTE SELETIVO,C60L63,POINT (-58.85115396431615 -2.5620516176021364)
2022,CORTE SELETIVO,C60L63,POINT (-58.85145313748339 -2.5619469174332115)
2022,CORTE SELETIVO,C60L63,POINT (-58.85115196851243 -2.561751843097281)
2022,CORTE SELETIVO,C60L63,POINT (-58.84044497767463 -2.5550539169979847)
2022,CORTE SELETIVO,C60L63,POINT (-58.83725187454778 -2.5458484883032146)
2022,CORTE SELETIVO,C60L63,POINT (-58.83525313402669 -2.542909360884265)
2022,CORTE SELETIVO,C60L63,POINT (-58.82965044912182 -2.539650125615981)
2022,CORTE SELETIVO,C60L63,POINT (-58.83221522402091 -2.539550359345129)
2022,CORTE SELETIVO,C60L63,POINT (-58.83985458623345 -2.5311541399281117)
2022,CORTE SELETIVO,C60L63,POINT (-58.83845186082042 -2.52374555809108)
2022,CORTE SELETIVO,C60L63,POINT (-58.83685170994708 -2.5216467170222856)
2022,CORTE SELETIVO,C60L63,POINT (-58.835650908577435 -2.5189536086424886)
2022,CORTE SELETIVO,C60L63,POINT (-58.83385168298855 -2.513047124936706)
2022,CORTE SELETIVO,C60L63,POINT (-58.833346231614954 -2.5114518211426837)
2022,CORTE SELETIVO,C60L63,POINT (-58.85354544200652 -2.5062461257191098)
2022,CORTE SELETIVO,C60L63,POINT (-58.813152027861726 -2.544952576760253)
2022,CORTE SELETIVO,C60L63,POINT (-58.82414891195904 -2.5209469990287565)
2022,CORTE SELETIVO,C60L63,POINT (-58.817052994970325 -2.515147371125806)
2022,CORTE SELETIVO,C60L63,POINT (-58.816248363333976 -2.506550737027026)
2022,CORTE SELETIVO,C60L63,POINT (-58.81544799374154 -2.506547474492021)
2022,CORTE SELETIVO,C60L63,POINT (-58.815354697923574 -2.5063466731502437)
2022,CORTE SELETIVO,C60L63,POINT (-58.81494789703417 -2.5061534121715585)
2022,CORTE SELETIVO,C60L63,POINT (-58.81435502612323 -2.505445765108476)
2022,CORTE SELETIVO,C60L63,POINT (-58.814146193406934 -2.5054503581298624)
2022,CORTE SELETIVO,C60L63,POINT (-58.80825412517832 -2.504546304182897)
2022,CORTE SELETIVO,C60L63,POINT (-58.80644634875656 -2.503054507802054)
2022,CORTE SELETIVO,C60L63,POINT (-58.80574596133625 -2.502945909605776)
2022,CORTE SELETIVO,C60L63,POINT (-58.80575000266554 -2.502748525418291)
2022,CORTE SELETIVO,C60L63,POINT (-58.882454533979136 -2.517847943009761)
2022,CORTE SELETIVO,C60L63,POINT (-58.85004559096885 -2.5674493533750993)
2022,CORTE SELETIVO,C60L63,POINT (-58.86545168314915 -2.5058524874165564)
2022,CORTE SELETIVO,C60L63,POINT (-58.88135215325741 -2.5026505886559156)
2022,CORTE SELETIVO,C60L63,POINT (-58.89574681236374 -2.678953125698634)
2022,CORTE SELETIVO,C60L63,POINT (-58.8146467767599 -2.5424501687237764)
2022,CORTE SELETIVO,C60L63,POINT (-58.770447813156586 -2.5103470082855908)
2022,CORTE SELETIVO,C60L63,POINT (-58.844545353972926 -2.570048386868036)
2022,CORTE SELETIVO,C60L63,POINT (-58.84455055345215 -2.5701519660178698)
2022,CORTE SELETIVO,C60L63,POINT (-58.83375120987818 -2.582845794235981)
2022,CORTE SELETIVO,C60L63,POINT (-58.83325024677379 -2.579349692109097)
2022,CORTE SELETIVO,C60L63,POINT (-58.819353995101665 -2.569547013764516)
2022,CORTE SELETIVO,C60L63,POINT (-58.81914933046622 -2.5692522830405307)
2022,CORTE SELETIVO,C60L63,POINT (-58.854058356027686 -2.5691453851633983)
2022,CORTE SELETIVO,C60L63,POINT (-58.818646251640025 -2.567750654740167)
2022,CORTE SELETIVO,C60L63,POINT (-58.8454510630229 -2.565446286608702)
2022,CORTE SELETIVO,C60L63,POINT (-58.85134662712688 -2.5622477488561133)
2022,CORTE SELETIVO,C60L63,POINT (-58.85145238402029 -2.562050704248393)
2022,CORTE SELETIVO,C60L63,POINT (-58.845054992956804 -2.5562526111183925)
2022,CORTE SELETIVO,C60L63,POINT (-58.82744973988839 -2.542046466364494)
2022,CORTE SELETIVO,C60L63,POINT (-58.82144768988016 -2.5398536779033867)
2022,CORTE SELETIVO,C60L63,POINT (-58.82084817457432 -2.539848372063161)
2022,CORTE SELETIVO,C60L63,POINT (-58.82704874351959 -2.534946976963501)
2022,CORTE SELETIVO,C60L63,POINT (-58.827050676635025 -2.5346543537320274)
2022,CORTE SELETIVO,C60L63,POINT (-58.79585107182966 -2.5533535871626656)
2022,CORTE SELETIVO,C60L63,POINT (-58.80764546799056 -2.5504451807795605)
2022,CORTE SELETIVO,C60L63,POINT (-58.8111541148431 -2.5463453830614604)
2022,CORTE SELETIVO,C60L63,POINT (-58.81384858651069 -2.5453482289630913)
2022,CORTE SELETIVO,C60L63,POINT (-58.816847001111164 -2.544754613317084)
2022,CORTE SELETIVO,C60L63,POINT (-58.81664946949152 -2.5445544901105355)
2022,CORTE SELETIVO,C60L63,POINT (-58.81674862834535 -2.5444475418231627)
2022,CORTE SELETIVO,C60L63,POINT (-58.81354723853263 -2.5434476324022253)
2022,CORTE SELETIVO,C60L63,POINT (-58.81474767054802 -2.542449441891585)
2022,CORTE SELETIVO,C60L63,POINT (-58.81645172217419 -2.54095173292054)
2022,CORTE SELETIVO,C60L63,POINT (-58.806842123656224 -2.5395526460711277)
2022,CORTE SELETIVO,C60L63,POINT (-58.77074869567135 -2.509952427957376)
2022,CORTE SELETIVO,C60L63,POINT (-58.77884824034898 -2.507447452105175)
2022,CORTE SELETIVO,C60L63,POINT (-58.808251283738926 -2.5047513434864466)
2022,CORTE SELETIVO,C60L63,POINT (-58.8003500010946 -2.5015471084497904)
2022,CORTE SELETIVO,C60L63,POINT (-58.84841060294634 -2.617321971132188)
2022,CORTE SELETIVO,C60L63,POINT (-58.84693365780301 -2.6173904411798907)
2022,CORTE SELETIVO,C60L63,POINT (-58.848488363290784 -2.6165793534978428)
2022,CORTE SELETIVO,C60L63,POINT (-58.84038538917879 -2.554953888952253)
2022,CORTE SELETIVO,C60L63,POINT (-58.85791828947848 -2.543117027887332)
2022,CORTE SELETIVO,C60L63,POINT (-58.98417069412341 -2.519748906348725)
2022,CORTE SELETIVO,C60L63,POINT (-58.81590787317538 -2.5676378950201904)
2022,CORTE SELETIVO,C60L63,POINT (-58.797702219555475 -2.5465819271394308)
2022,CORTE SELETIVO,C60L63,POINT (-58.81375293546451 -2.5454517386861735)
2022,CORTE SELETIVO,C60L63,POINT (-58.8135477142119 -2.5452533148536047)
2022,CORTE SELETIVO,C60L63,POINT (-58.82735106963482 -2.5417851867624592)
2022,CORTE SELETIVO,C60L63,POINT (-58.854347931576825 -2.5306460334694973)
2022,CORTE SELETIVO,C60L63,POINT (-58.80445254955292 -2.5483539575728877)
2022,CORTE SELETIVO,C60L63,POINT (-58.8337563590435 -2.5830534572680572)
2022,CORTE SELETIVO,C60L63,POINT (-58.83404777037758 -2.5829129406937708)
2022,CORTE SELETIVO,C60L63,POINT (-58.83325289405413 -2.5795454717688995)
2022,CORTE SELETIVO,C60L63,POINT (-58.81895007439433 -2.5757546266200944)
2022,CORTE SELETIVO,C60L63,POINT (-58.81865000307847 -2.571065681045816)
2022,CORTE SELETIVO,C60L63,POINT (-58.81924945493105 -2.569450689676686)
2022,CORTE SELETIVO,C60L63,POINT (-58.84995483399823 -2.567448803748039)
2022,CORTE SELETIVO,C60L63,POINT (-58.822245503158776 -2.558951325120853)
2022,CORTE SELETIVO,C60L63,POINT (-58.82205129627822 -2.5588493643028185)
2022,CORTE SELETIVO,C60L63,POINT (-58.845245201084964 -2.5563477787849678)
2022,CORTE SELETIVO,C60L63,POINT (-58.837691462830996 -2.546451122382556)
2022,CORTE SELETIVO,C60L63,POINT (-58.82764987674301 -2.5420547963719304)
2022,CORTE SELETIVO,C60L63,POINT (-58.855751608477384 -2.5351508669507528)
2022,CORTE SELETIVO,C60L63,POINT (-58.87785130708303 -2.5284469993682235)
2022,CORTE SELETIVO,C60L63,POINT (-58.83754845386198 -2.506751120631721)
2022,CORTE SELETIVO,C60L63,POINT (-58.816051609279484 -2.5557470057390477)
2022,CORTE SELETIVO,C60L63,POINT (-58.80595089734092 -2.550051610175789)
2022,CORTE SELETIVO,C60L63,POINT (-58.80825345733995 -2.54925349787765)
2022,CORTE SELETIVO,C60L63,POINT (-58.808052783261274 -2.549145551982105)
2022,CORTE SELETIVO,C60L63,POINT (-58.80825398855138 -2.548648259806574)
2022,CORTE SELETIVO,C60L63,POINT (-58.8108477889102 -2.5467517617607367)
2022,CORTE SELETIVO,C60L63,POINT (-58.810946856040765 -2.546451115914732)
2022,CORTE SELETIVO,C60L63,POINT (-58.797549386559005 -2.5464469608301816)
2022,CORTE SELETIVO,C60L63,POINT (-58.81345317639972 -2.545646307233521)
2022,CORTE SELETIVO,C60L63,POINT (-58.81335240354084 -2.545449978994008)
2022,CORTE SELETIVO,C60L63,POINT (-58.81285480745719 -2.545085340107902)
2022,CORTE SELETIVO,C60L63,POINT (-58.816853240312156 -2.5446544536591156)
2022,CORTE SELETIVO,C60L63,POINT (-58.8128532876849 -2.5445653688536884)
2022,CORTE SELETIVO,C60L63,POINT (-58.79265076471869 -2.540848719192901)
2022,CORTE SELETIVO,C60L63,POINT (-58.77074900263086 -2.595454313169736)
2022,CORTE SELETIVO,C60L63,POINT (-58.99515491831831 -2.5188521601878855)
2022,CORTE SELETIVO,C60L63,POINT (-58.84335082759199 -2.5715530911937563)
2022,CORTE SELETIVO,C60L63,POINT (-58.88641844219656 -2.6861543706977984)
2022,CORTE SELETIVO,C60L63,POINT (-58.8862454685795 -2.685945286437272)
2022,CORTE SELETIVO,C60L63,POINT (-58.887549875867116 -2.681749103885535)
2022,CORTE SELETIVO,C60L63,POINT (-58.99144716604446 -2.6790502127503166)
2022,CORTE SELETIVO,C60L63,POINT (-58.99144720114801 -2.6788456663854867)
2022,CORTE SELETIVO,C60L63,POINT (-58.89295448085631 -2.6784842681762897)
2022,CORTE SELETIVO,C60L63,POINT (-58.96644766596342 -2.658928803312042)
2022,CORTE SELETIVO,C60L63,POINT (-58.95925216722989 -2.656359054351583)
2022,CORTE SELETIVO,C60L63,POINT (-58.9240484538378 -2.639251201661407)
2022,CORTE SELETIVO,C60L63,POINT (-58.92665054186035 -2.6370493890476725)
2022,CORTE SELETIVO,C60L63,POINT (-58.96904949746244 -2.570149523922936)
2022,CORTE SELETIVO,C60L63,POINT (-58.96123665361108 -2.5682463443573686)
2022,CORTE SELETIVO,C60L63,POINT (-58.96134864160038 -2.5680935621841665)
2022,CORTE SELETIVO,C60L63,POINT (-58.87475467993063 -2.549953781332262)
2022,CORTE SELETIVO,C60L63,POINT (-58.86905488541053 -2.54525316458687)
2022,CORTE SELETIVO,C60L63,POINT (-58.86894574897903 -2.5451521830154746)
2022,CORTE SELETIVO,C60L63,POINT (-58.8689535208817 -2.5449490543928355)
2022,CORTE SELETIVO,C60L63,POINT (-58.905103271557465 -2.5447576719394798)
2022,CORTE SELETIVO,C60L63,POINT (-58.875848300054315 -2.543853608202304)
2022,CORTE SELETIVO,C60L63,POINT (-58.8826486992055 -2.543452753687449)
2022,CORTE SELETIVO,C60L63,POINT (-58.888759197813165 -2.5416497208038358)
2022,CORTE SELETIVO,C60L63,POINT (-58.86724602972376 -2.5400469870575875)
2022,CORTE SELETIVO,C60L63,POINT (-58.980149973402426 -2.536113385661229)
2022,CORTE SELETIVO,C60L63,POINT (-58.879954656780136 -2.535048013303494)
2022,CORTE SELETIVO,C60L63,POINT (-58.87770445597764 -2.5348672261977145)
2022,CORTE SELETIVO,C60L63,POINT (-58.8800454933413 -2.5346502513598037)
2022,CORTE SELETIVO,C60L63,POINT (-58.877847783789775 -2.534645414177761)
2022,CORTE SELETIVO,C60L63,POINT (-58.87794919603179 -2.534417404184887)
2022,CORTE SELETIVO,C60L63,POINT (-58.874052378061855 -2.53239998928271)
2022,CORTE SELETIVO,C60L63,POINT (-58.87354637854469 -2.5322495241920215)
2022,CORTE SELETIVO,C60L63,POINT (-58.87384686975418 -2.531976553438842)
2022,CORTE SELETIVO,C60L63,POINT (-58.87187741265947 -2.530541206742451)
2022,CORTE SELETIVO,C60L63,POINT (-58.884749142641596 -2.530248459651138)
2022,CORTE SELETIVO,C60L63,POINT (-58.88484984915019 -2.5301461241231666)
2022,CORTE SELETIVO,C60L63,POINT (-58.8773451224682 -2.529350050245783)
2022,CORTE SELETIVO,C60L63,POINT (-58.87744837067563 -2.527461441589636)
2022,CORTE SELETIVO,C60L63,POINT (-58.989850402845775 -2.5251770214533593)
2022,CORTE SELETIVO,C60L63,POINT (-58.87675458445462 -2.5249510474450485)
2022,CORTE SELETIVO,C60L63,POINT (-58.8832458813146 -2.524251056040438)
2022,CORTE SELETIVO,C60L63,POINT (-58.88335158904079 -2.524149614130747)
2022,CORTE SELETIVO,C60L63,POINT (-58.88018575889472 -2.523649310352773)
2022,CORTE SELETIVO,C60L63,POINT (-58.882753700357505 -2.518314890881424)
2022,CORTE SELETIVO,C60L63,POINT (-58.882647885760726 -2.517651778873619)
2022,CORTE SELETIVO,C60L63,POINT (-58.882648732525354 -2.5164746916258545)
2022,CORTE SELETIVO,C60L63,POINT (-58.98224780812977 -2.504145632793299)
2022,CORTE SELETIVO,C60L63,POINT (-58.845347833653726 -2.5705490664881134)
2022,CORTE SELETIVO,C60L63,POINT (-58.8452536640276 -2.5704340518345763)
2022,CORTE SELETIVO,C60L63,POINT (-58.84944593940669 -2.569452804414827)
2022,CORTE SELETIVO,C60L63,POINT (-58.854851538073504 -2.568045685097614)
2022,CORTE SELETIVO,C60L63,POINT (-58.84514611268835 -2.567650617650414)
2022,CORTE SELETIVO,C60L63,POINT (-58.850048502891 -2.5675565774837774)
2022,CORTE SELETIVO,C60L63,POINT (-58.84515459485005 -2.5674463129938085)
2022,CORTE SELETIVO,C60L63,POINT (-58.85004836746886 -2.5673546537329437)
2022,CORTE SELETIVO,C60L63,POINT (-58.84505332787623 -2.565448763579825)
2022,CORTE SELETIVO,C60L63,POINT (-58.85084649748148 -2.561652973760393)
2022,CORTE SELETIVO,C60L63,POINT (-58.8452478222315 -2.5558317543324307)
2022,CORTE SELETIVO,C60L63,POINT (-58.84544800184838 -2.555754331205766)
2022,CORTE SELETIVO,C60L63,POINT (-58.855949405399905 -2.548854260527025)
2022,CORTE SELETIVO,C60L63,POINT (-58.85584877245937 -2.548754463263929)
2022,CORTE SELETIVO,C60L63,POINT (-58.85604709122483 -2.5487532755625324)
2022,CORTE SELETIVO,C60L63,POINT (-58.85605463522314 -2.548476835608279)
2022,CORTE SELETIVO,C60L63,POINT (-58.85813727205331 -2.542948441747765)
2022,CORTE SELETIVO,C60L63,POINT (-58.858246588946315 -2.542745631641282)
2022,CORTE SELETIVO,C60L63,POINT (-58.85814935091989 -2.542654073295696)
2022,CORTE SELETIVO,C60L63,POINT (-58.86664929415168 -2.540500034978171)
2022,CORTE SELETIVO,C60L63,POINT (-58.86706769337962 -2.539654189782305)
2022,CORTE SELETIVO,C60L63,POINT (-58.84506528463064 -2.529469634989974)
2022,CORTE SELETIVO,C60L63,POINT (-58.86242664549533 -2.529391880894065)
2022,CORTE SELETIVO,C60L63,POINT (-58.860952378699295 -2.526660020118859)
2022,CORTE SELETIVO,C60L63,POINT (-58.86025126079718 -2.525949847792704)
2022,CORTE SELETIVO,C60L63,POINT (-58.86004970987802 -2.524348355914575)
2022,CORTE SELETIVO,C60L63,POINT (-58.86274295349926 -2.5126499548183756)
2022,CORTE SELETIVO,C60L63,POINT (-58.86535486010827 -2.512050928946234)
2022,CORTE SELETIVO,C60L63,POINT (-58.84864498937691 -2.5117458535176027)
2022,CORTE SELETIVO,C60L63,POINT (-58.85975127597291 -2.509447674861803)
2022,CORTE SELETIVO,C60L63,POINT (-58.86428191432586 -2.509345414876311)
2022,CORTE SELETIVO,C60L63,POINT (-58.8660456656112 -2.5069469244124583)
2022,CORTE SELETIVO,C60L63,POINT (-58.86605020728136 -2.5063532323695004)
2022,CORTE SELETIVO,C60L63,POINT (-58.860651772686786 -2.5062492915553536)
2022,CORTE SELETIVO,C60L63,POINT (-58.8657459772556 -2.5060472533921874)
2022,CORTE SELETIVO,C60L63,POINT (-58.86605372206158 -2.5060489427501085)
2022,CORTE SELETIVO,C60L63,POINT (-58.86605457179449 -2.505749435841931)
2022,CORTE SELETIVO,C60L63,POINT (-58.865850844788206 -2.5055468528562126)
2022,CORTE SELETIVO,C60L63,POINT (-58.85394818875753 -2.505251403812551)
2022,CORTE SELETIVO,C60L63,POINT (-58.864049384061985 -2.5048486911962975)
2022,CORTE SELETIVO,C60L63,POINT (-58.865152818779805 -2.503954665295551)
2022,CORTE SELETIVO,C60L63,POINT (-58.86490813054395 -2.5038548259648095)
2022,CORTE SELETIVO,C60L63,POINT (-58.86525088269318 -2.5038457351988037)
2022,CORTE SELETIVO,C60L63,POINT (-58.85104878427386 -2.502849657839559)
2022,CORTE SELETIVO,C60L63,POINT (-58.85036382641672 -2.502348443638125)
2022,CORTE SELETIVO,C60L63,POINT (-58.82952186764404 -2.5833710157331846)
2022,CORTE SELETIVO,C60L63,POINT (-58.82915511486101 -2.583153194763033)
2022,CORTE SELETIVO,C60L63,POINT (-58.82920694047634 -2.582947715566991)
2022,CORTE SELETIVO,C60L63,POINT (-58.829050269951004 -2.582854724881905)
2022,CORTE SELETIVO,C60L63,POINT (-58.82884932052468 -2.5824515276238165)
2022,CORTE SELETIVO,C60L63,POINT (-58.831646681690344 -2.5806932699346197)
2022,CORTE SELETIVO,C60L63,POINT (-58.83473167096459 -2.5796260526023893)
2022,CORTE SELETIVO,C60L63,POINT (-58.83464927980535 -2.5778457216838073)
2022,CORTE SELETIVO,C60L63,POINT (-58.83464960424162 -2.577546810970404)
2022,CORTE SELETIVO,C60L63,POINT (-58.8436476632247 -2.5714046724636086)
2022,CORTE SELETIVO,C60L63,POINT (-58.83984536648249 -2.570845587430997)
2022,CORTE SELETIVO,C60L63,POINT (-58.83974981351599 -2.570706783496447)
2022,CORTE SELETIVO,C60L63,POINT (-58.84485413615339 -2.569948852753437)
2022,CORTE SELETIVO,C60L63,POINT (-58.83835086628319 -2.5694462261892066)
2022,CORTE SELETIVO,C60L63,POINT (-58.843450335480895 -2.569450259658734)
2022,CORTE SELETIVO,C60L63,POINT (-58.83844767244933 -2.569352712629817)
2022,CORTE SELETIVO,C60L63,POINT (-58.84494758898592 -2.5677502327986854)
2022,CORTE SELETIVO,C60L63,POINT (-58.840555045789145 -2.565568351877634)
2022,CORTE SELETIVO,C60L63,POINT (-58.83634740146098 -2.564645748274728)
2022,CORTE SELETIVO,C60L63,POINT (-58.83625268575463 -2.5644459893745863)
2022,CORTE SELETIVO,C60L63,POINT (-58.83264770760162 -2.5639843398327287)
2022,CORTE SELETIVO,C60L63,POINT (-58.84274704990208 -2.5617831090793395)
2022,CORTE SELETIVO,C60L63,POINT (-58.832743035966814 -2.5611544474166177)
2022,CORTE SELETIVO,C60L63,POINT (-58.84045092186987 -2.5506217150183694)
2022,CORTE SELETIVO,C60L63,POINT (-58.83054967451028 -2.5482522480530303)
2022,CORTE SELETIVO,C60L63,POINT (-58.82902127821103 -2.547948011288618)
2022,CORTE SELETIVO,C60L63,POINT (-58.82865357689893 -2.547447356563444)
2022,CORTE SELETIVO,C60L63,POINT (-58.837948020639274 -2.5463541449094524)
2022,CORTE SELETIVO,C60L63,POINT (-58.835649712339205 -2.54483392501022)
2022,CORTE SELETIVO,C60L63,POINT (-58.833015927819766 -2.5412726965772157)
2022,CORTE SELETIVO,C60L63,POINT (-58.84058506949314 -2.5407032702042573)
2022,CORTE SELETIVO,C60L63,POINT (-58.835413107589204 -2.5226525734808303)
2022,CORTE SELETIVO,C60L63,POINT (-58.82870943349901 -2.5199463730251654)
2022,CORTE SELETIVO,C60L63,POINT (-58.83957040211816 -2.5179807021735874)
2022,CORTE SELETIVO,C60L63,POINT (-58.83944985442672 -2.5177485052423254)
2022,CORTE SELETIVO,C60L63,POINT (-58.84305304359352 -2.516950026796452)
2022,CORTE SELETIVO,C60L63,POINT (-58.84295159046128 -2.516853921625541)
2022,CORTE SELETIVO,C60L63,POINT (-58.834953839286904 -2.516451721096964)
2022,CORTE SELETIVO,C60L63,POINT (-58.8343502143506 -2.514052789246658)
2022,CORTE SELETIVO,C60L63,POINT (-58.844944913447925 -2.5092472295981203)
2022,CORTE SELETIVO,C60L63,POINT (-58.83665255608505 -2.5091532444235463)
2022,CORTE SELETIVO,C60L63,POINT (-58.84495054464795 -2.5088493266355067)
2022,CORTE SELETIVO,C60L63,POINT (-58.83494605766287 -2.508548031801288)
2022,CORTE SELETIVO,C60L63,POINT (-58.83515150320655 -2.508449960968153)
2022,CORTE SELETIVO,C60L63,POINT (-58.84075416250989 -2.501552001790183)
2022,CORTE SELETIVO,C60L63,POINT (-58.82064795668844 -2.5866468811588157)
2022,CORTE SELETIVO,C60L63,POINT (-58.82037848857531 -2.586248130979978)
2022,CORTE SELETIVO,C60L63,POINT (-58.82005475326368 -2.5859469009262472)
2022,CORTE SELETIVO,C60L63,POINT (-58.820156859039 -2.584347223919684)
2022,CORTE SELETIVO,C60L63,POINT (-58.821408839642096 -2.5823503041700233)
2022,CORTE SELETIVO,C60L63,POINT (-58.82054661857521 -2.5812042781203632)
2022,CORTE SELETIVO,C60L63,POINT (-58.81985464761943 -2.580745471473231)
2022,CORTE SELETIVO,C60L63,POINT (-58.81984062443943 -2.5804377989287346)
2022,CORTE SELETIVO,C60L63,POINT (-58.818966954600626 -2.5782054769667613)
2022,CORTE SELETIVO,C60L63,POINT (-58.81934660539807 -2.5779496532643407)
2022,CORTE SELETIVO,C60L63,POINT (-58.818760762111246 -2.575931743717877)
2022,CORTE SELETIVO,C60L63,POINT (-58.82275295773912 -2.5724520963407818)
2022,CORTE SELETIVO,C60L63,POINT (-58.822754648423924 -2.572245636197235)
2022,CORTE SELETIVO,C60L63,POINT (-58.82269164439057 -2.5720079655515593)
2022,CORTE SELETIVO,C60L63,POINT (-58.82234909801081 -2.5703527188424764)
2022,CORTE SELETIVO,C60L63,POINT (-58.823854101969324 -2.569001684611007)
2022,CORTE SELETIVO,C60L63,POINT (-58.818445266688556 -2.5679121741955497)
2022,CORTE SELETIVO,C60L63,POINT (-58.81757147773886 -2.567548767800354)
2022,CORTE SELETIVO,C60L63,POINT (-58.8176683985765 -2.5666414932779986)
2022,CORTE SELETIVO,C60L63,POINT (-58.82393175387377 -2.5665192022973446)
2022,CORTE SELETIVO,C60L63,POINT (-58.81752452623402 -2.565349054665152)
2022,CORTE SELETIVO,C60L63,POINT (-58.82715346911204 -2.561131261712744)
2022,CORTE SELETIVO,C60L63,POINT (-58.82865386562748 -2.547753102866213)
2022,CORTE SELETIVO,C60L63,POINT (-58.824946885400934 -2.547653361109777)
2022,CORTE SELETIVO,C60L63,POINT (-58.82543996923882 -2.547649427033523)
2022,CORTE SELETIVO,C60L63,POINT (-58.82465443167052 -2.543649423773318)
2022,CORTE SELETIVO,C60L63,POINT (-58.824754303227635 -2.5435547418415845)
2022,CORTE SELETIVO,C60L63,POINT (-58.82145248313723 -2.543253977894405)
2022,CORTE SELETIVO,C60L63,POINT (-58.82634997804179 -2.5406540130400823)
2022,CORTE SELETIVO,C60L63,POINT (-58.81774548892649 -2.53952457232676)
2022,CORTE SELETIVO,C60L63,POINT (-58.8270583218776 -2.5394529434306934)
2022,CORTE SELETIVO,C60L63,POINT (-58.825851848134675 -2.538346052094804)
2022,CORTE SELETIVO,C60L63,POINT (-58.825948732175966 -2.538254278918928)
2022,CORTE SELETIVO,C60L63,POINT (-58.817452108117635 -2.5375519630547347)
2022,CORTE SELETIVO,C60L63,POINT (-58.82675251584328 -2.537440130675972)
2022,CORTE SELETIVO,C60L63,POINT (-58.8177201187254 -2.5363506543951644)
2022,CORTE SELETIVO,C60L63,POINT (-58.81774702363744 -2.536148164796148)
2022,CORTE SELETIVO,C60L63,POINT (-58.82045065419429 -2.5342527113526607)
2022,CORTE SELETIVO,C60L63,POINT (-58.819617136996456 -2.5321206399719163)
2022,CORTE SELETIVO,C60L63,POINT (-58.8224477632523 -2.5188520590462784)
2022,CORTE SELETIVO,C60L63,POINT (-58.818947111281034 -2.5143372202186374)
2022,CORTE SELETIVO,C60L63,POINT (-58.82769437859431 -2.5131670525962972)
2022,CORTE SELETIVO,C60L63,POINT (-58.819049379229554 -2.5067461922778755)
2022,CORTE SELETIVO,C60L63,POINT (-58.821818962250006 -2.5060279565213266)
2022,CORTE SELETIVO,C60L63,POINT (-58.82854712797566 -2.5051554981959576)
2022,CORTE SELETIVO,C60L63,POINT (-58.815749847678205 -2.567252716779821)
2022,CORTE SELETIVO,C60L63,POINT (-58.817348159400346 -2.56524879371895)
2022,CORTE SELETIVO,C60L63,POINT (-58.812246754236746 -2.5619996294579592)
2022,CORTE SELETIVO,C60L63,POINT (-58.81234741593061 -2.5617646687430238)
2022,CORTE SELETIVO,C60L63,POINT (-58.80824827826963 -2.549849790777282)
2022,CORTE SELETIVO,C60L63,POINT (-58.812352338392934 -2.543354782074657)
2022,CORTE SELETIVO,C60L63,POINT (-58.81250016211354 -2.5432009294502267)
2022,CORTE SELETIVO,C60L63,POINT (-58.81595307041549 -2.542853305601743)
2022,CORTE SELETIVO,C60L63,POINT (-58.816547426674404 -2.541654011247264)
2022,CORTE SELETIVO,C60L63,POINT (-58.81645410671923 -2.5415463138883814)
2022,CORTE SELETIVO,C60L63,POINT (-58.81685475836658 -2.540751797625678)
2022,CORTE SELETIVO,C60L63,POINT (-58.8167495703624 -2.5406468270773264)
2022,CORTE SELETIVO,C60L63,POINT (-58.81499425722378 -2.5398777096722136)
2022,CORTE SELETIVO,C60L63,POINT (-58.81535435858916 -2.539850846281261)
2022,CORTE SELETIVO,C60L63,POINT (-58.81494611047492 -2.5395542378989657)
2022,CORTE SELETIVO,C60L63,POINT (-58.81034624573019 -2.5369483497082577)
2022,CORTE SELETIVO,C60L63,POINT (-58.81570440873718 -2.5344024165082906)
2022,CORTE SELETIVO,C60L63,POINT (-58.81534631585927 -2.5343481031742776)
2022,CORTE SELETIVO,C60L63,POINT (-58.81245236035884 -2.533446331009466)
2022,CORTE SELETIVO,C60L63,POINT (-58.81485168433753 -2.5201523038573663)
2022,CORTE SELETIVO,C60L63,POINT (-58.813646933109624 -2.5168520319102026)
2022,CORTE SELETIVO,C60L63,POINT (-58.81105042550444 -2.5165547942042377)
2022,CORTE SELETIVO,C60L63,POINT (-58.80944492303363 -2.5159348236439363)
2022,CORTE SELETIVO,C60L63,POINT (-58.80945990105509 -2.515653747448073)
2022,CORTE SELETIVO,C60L63,POINT (-58.809552908802374 -2.515448994298851)
2022,CORTE SELETIVO,C60L63,POINT (-58.81555264818165 -2.5151519124681965)
2022,CORTE SELETIVO,C60L63,POINT (-58.81564594568096 -2.515050333955723)
2022,CORTE SELETIVO,C60L63,POINT (-58.815328252515656 -2.514844429266053)
2022,CORTE SELETIVO,C60L63,POINT (-58.81515424022917 -2.5145889760724187)
2022,CORTE SELETIVO,C60L63,POINT (-58.81404581209658 -2.513347094043112)
2022,CORTE SELETIVO,C60L63,POINT (-58.81304881908397 -2.5102474305106033)
2022,CORTE SELETIVO,C60L63,POINT (-58.8131538663088 -2.5100497074446553)
2022,CORTE SELETIVO,C60L63,POINT (-58.815645083699884 -2.509645357393584)
2022,CORTE SELETIVO,C60L63,POINT (-58.81705434569864 -2.507650302117379)
2022,CORTE SELETIVO,C60L63,POINT (-58.81694611891994 -2.5074486818043895)
2022,CORTE SELETIVO,C60L63,POINT (-58.812149405783074 -2.504245998321203)
2022,CORTE SELETIVO,C60L63,POINT (-58.81314692651221 -2.5037530286145304)
2022,CORTE SELETIVO,C60L63,POINT (-58.8133508180312 -2.503151724598284)
2022,CORTE SELETIVO,C60L63,POINT (-58.814662205298916 -2.502945932879653)
2022,CORTE SELETIVO,C60L63,POINT (-58.8096477100664 -2.5027468748441883)
2022,CORTE SELETIVO,C60L63,POINT (-58.8096506079448 -2.502554425650812)
2022,CORTE SELETIVO,C60L63,POINT (-58.81338678878515 -2.5024541255502055)
2022,CORTE SELETIVO,C60L63,POINT (-58.81371178197032 -2.5024467289058583)
2022,CORTE SELETIVO,C60L63,POINT (-58.81564805907491 -2.502345782466513)
2022,CORTE SELETIVO,C60L63,POINT (-58.811477392443905 -2.5017508027157325)
2022,CORTE SELETIVO,C60L63,POINT (-58.776174033933266 -2.7045463749093246)
2022,CORTE SELETIVO,C60L63,POINT (-58.771347364612225 -2.5956524062981465)
2022,CORTE SELETIVO,C60L63,POINT (-58.787738651984036 -2.57956872003574)
2022,CORTE SELETIVO,C60L63,POINT (-58.80184979133235 -2.5574513423511154)
2022,CORTE SELETIVO,C60L63,POINT (-58.80165114688584 -2.55743474246325)
2022,CORTE SELETIVO,C60L63,POINT (-58.801747456304646 -2.55725364772211)
2022,CORTE SELETIVO,C60L63,POINT (-58.8016614806282 -2.5523738375267664)
2022,CORTE SELETIVO,C60L63,POINT (-58.80734601912084 -2.5512454176440613)
2022,CORTE SELETIVO,C60L63,POINT (-58.794918296432364 -2.5511121087993462)
2022,CORTE SELETIVO,C60L63,POINT (-58.80805019520515 -2.5498488898229206)
2022,CORTE SELETIVO,C60L63,POINT (-58.79694750654242 -2.5492507286375785)
2022,CORTE SELETIVO,C60L63,POINT (-58.796748479348835 -2.5487517017815606)
2022,CORTE SELETIVO,C60L63,POINT (-58.796788459188846 -2.548549961655756)
2022,CORTE SELETIVO,C60L63,POINT (-58.804347305836956 -2.5480088952488567)
2022,CORTE SELETIVO,C60L63,POINT (-58.80444860538867 -2.5478546847102463)
2022,CORTE SELETIVO,C60L63,POINT (-58.80794541041139 -2.547597852525838)
2022,CORTE SELETIVO,C60L63,POINT (-58.79472350113464 -2.5447741261073054)
2022,CORTE SELETIVO,C60L63,POINT (-58.80524703966792 -2.5412595698987435)
2022,CORTE SELETIVO,C60L63,POINT (-58.807854106830156 -2.540645910266392)
2022,CORTE SELETIVO,C60L63,POINT (-58.80775319493885 -2.540552837251665)
2022,CORTE SELETIVO,C60L63,POINT (-58.7901937812959 -2.5321171328885566)
2022,CORTE SELETIVO,C60L63,POINT (-58.79165009268112 -2.528649886185226)
2022,CORTE SELETIVO,C60L63,POINT (-58.807450687390215 -2.5229457532601947)
2022,CORTE SELETIVO,C60L63,POINT (-58.774247364918224 -2.522747418652095)
2022,CORTE SELETIVO,C60L63,POINT (-58.78044977962165 -2.520640818747862)
2022,CORTE SELETIVO,C60L63,POINT (-58.780493903089464 -2.520258281646595)
2022,CORTE SELETIVO,C60L63,POINT (-58.80744756216318 -2.519748336263061)
2022,CORTE SELETIVO,C60L63,POINT (-58.807351573099915 -2.5196451690078994)
2022,CORTE SELETIVO,C60L63,POINT (-58.769346906839104 -2.516747381051216)
2022,CORTE SELETIVO,C60L63,POINT (-58.807897435144405 -2.514634534729356)
2022,CORTE SELETIVO,C60L63,POINT (-58.79845789811093 -2.514018172287808)
2022,CORTE SELETIVO,C60L63,POINT (-58.77065171072621 -2.510349717237144)
2022,CORTE SELETIVO,C60L63,POINT (-58.770449071150146 -2.5102518539181364)
2022,CORTE SELETIVO,C60L63,POINT (-58.793150724568875 -2.509145742351882)
2022,CORTE SELETIVO,C60L63,POINT (-58.79305195988947 -2.509051662484312)
2022,CORTE SELETIVO,C60L63,POINT (-58.78104485719371 -2.5086499990420017)
2022,CORTE SELETIVO,C60L63,POINT (-58.78114873348997 -2.5085507705217687)
2022,CORTE SELETIVO,C60L63,POINT (-58.7694489519562 -2.5060493614475425)
2022,CORTE SELETIVO,C60L63,POINT (-58.785651183979276 -2.5036087838058596)
2022,CORTE SELETIVO,C60L63,POINT (-58.80265721708762 -2.5019587743869316)
2022,CORTE SELETIVO,C60L63,POINT (-58.80284996774183 -2.501851312168686)
2022,CORTE SELETIVO,C60L63,POINT (-58.80254655346871 -2.5018490534121085)
2022,CORTE SELETIVO,C60L63,POINT (-58.786250956345164 -2.501450799550652)
2022,CORTE SELETIVO,C60L63,POINT (-58.7861494006254 -2.501301586734251)
2022,CORTE SELETIVO,C60L63,POINT (-58.78634963229942 -2.500748855592925)
2022,CORTE SELETIVO,C60L63,POINT (-58.81385468266369 -2.54555275492981)
2022,CORTE SELETIVO,C60L63,POINT (-58.84795410027286 -2.616596862854226)
2022,CORTE SELETIVO,C60L63,POINT (-58.8544531246472 -2.5689505351636255)
2022,CORTE SELETIVO,C60L63,POINT (-58.85384603620886 -2.568845405376458)
2022,CORTE SELETIVO,C60L63,POINT (-58.84995330582005 -2.567552831616421)
2022,CORTE SELETIVO,C60L63,POINT (-58.84685474381002 -2.5637508579338637)
2022,CORTE SELETIVO,C60L63,POINT (-58.85125323027615 -2.5620468326500787)
2022,CORTE SELETIVO,C60L63,POINT (-58.85035505672451 -2.5619464454231444)
2022,CORTE SELETIVO,C60L63,POINT (-58.85135164721486 -2.5619470253841703)
2022,CORTE SELETIVO,C60L63,POINT (-58.8428490280504 -2.5544528472458237)
2022,CORTE SELETIVO,C60L63,POINT (-58.84474769283129 -2.5516490845115865)
2022,CORTE SELETIVO,C60L63,POINT (-58.89155259644375 -2.5399482851522497)
2022,CORTE SELETIVO,C60L63,POINT (-58.89164971688614 -2.539849587983096)
2022,CORTE SELETIVO,C60L63,POINT (-58.85565069617896 -2.5374508113050025)
2022,CORTE SELETIVO,C60L63,POINT (-58.855448445366946 -2.5371466301066747)
2022,CORTE SELETIVO,C60L63,POINT (-58.902389242633745 -2.533547332926879)
2022,CORTE SELETIVO,C60L63,POINT (-58.90221171784368 -2.533445649067079)
2022,CORTE SELETIVO,C60L63,POINT (-58.86714768862333 -2.526450783770709)
2022,CORTE SELETIVO,C60L63,POINT (-58.85864888597102 -2.526049791124066)
2022,CORTE SELETIVO,C60L63,POINT (-58.858647271700725 -2.5258527906556827)
2022,CORTE SELETIVO,C60L63,POINT (-58.98410076520023 -2.5200522283083364)
2022,CORTE SELETIVO,C60L63,POINT (-58.983946159185386 -2.5199458499468754)
2022,CORTE SELETIVO,C60L63,POINT (-58.856554335762105 -2.5168492077216906)
2022,CORTE SELETIVO,C60L63,POINT (-58.85885063814339 -2.504548375844644)
2022,CORTE SELETIVO,C60L63,POINT (-58.83394990376788 -2.5829077407696843)
2022,CORTE SELETIVO,C60L63,POINT (-58.83405475484961 -2.5827520182068886)
2022,CORTE SELETIVO,C60L63,POINT (-58.82635005956408 -2.5789537911289635)
2022,CORTE SELETIVO,C60L63,POINT (-58.81874858245681 -2.5755487478185684)
2022,CORTE SELETIVO,C60L63,POINT (-58.84254940954068 -2.5749499600239414)
2022,CORTE SELETIVO,C60L63,POINT (-58.823052786867535 -2.5683454083639305)
2022,CORTE SELETIVO,C60L63,POINT (-58.819751988391566 -2.5659501285806696)
2022,CORTE SELETIVO,C60L63,POINT (-58.822951303054126 -2.564654126207123)
2022,CORTE SELETIVO,C60L63,POINT (-58.83294915927277 -2.5616305594976474)
2022,CORTE SELETIVO,C60L63,POINT (-58.815834092974185 -2.5556468969371653)
2022,CORTE SELETIVO,C60L63,POINT (-58.8160508196878 -2.5555518541329576)
2022,CORTE SELETIVO,C60L63,POINT (-58.840250008361664 -2.555054591798127)
2022,CORTE SELETIVO,C60L63,POINT (-58.84274657956071 -2.5543546161590784)
2022,CORTE SELETIVO,C60L63,POINT (-58.83775471661671 -2.5465510299338288)
2022,CORTE SELETIVO,C60L63,POINT (-58.8376872818731 -2.546252780655577)
2022,CORTE SELETIVO,C60L63,POINT (-58.82764678949168 -2.541848581220208)
2022,CORTE SELETIVO,C60L63,POINT (-58.821551785641326 -2.5398526930282563)
2022,CORTE SELETIVO,C60L63,POINT (-58.8222972957489 -2.539751210132139)
2022,CORTE SELETIVO,C60L63,POINT (-58.817746599436916 -2.534345266501648)
2022,CORTE SELETIVO,C60L63,POINT (-58.827154294954106 -2.534243861781128)
2022,CORTE SELETIVO,C60L63,POINT (-58.82687356430355 -2.508747670063821)
2022,CORTE SELETIVO,C60L63,POINT (-58.81405395312251 -2.505654470950816)
2022,CORTE SELETIVO,C60L63,POINT (-58.814048690381576 -2.505448640628655)
2022,CORTE SELETIVO,C60L63,POINT (-58.79584644185665 -2.5534548152055736)
2022,CORTE SELETIVO,C60L63,POINT (-58.80595024733844 -2.550147253682114)
2022,CORTE SELETIVO,C60L63,POINT (-58.80574023679164 -2.549954566741881)
2022,CORTE SELETIVO,C60L63,POINT (-58.80844784775404 -2.5484508044478558)
2022,CORTE SELETIVO,C60L63,POINT (-58.80854756171623 -2.548046319587496)
2022,CORTE SELETIVO,C60L63,POINT (-58.80863664184715 -2.5477623096893787)
2022,CORTE SELETIVO,C60L63,POINT (-58.81084515926251 -2.546647796537602)
2022,CORTE SELETIVO,C60L63,POINT (-58.81105250157642 -2.546550664989749)
2022,CORTE SELETIVO,C60L63,POINT (-58.797645222006324 -2.546352544983237)
2022,CORTE SELETIVO,C60L63,POINT (-58.81088919566967 -2.5462483702506913)
2022,CORTE SELETIVO,C60L63,POINT (-58.806553220472544 -2.5392531294587095)
2022,CORTE SELETIVO,C60L63,POINT (-58.79164814480091 -2.529247710483036)
2022,CORTE SELETIVO,C60L63,POINT (-58.80744572111738 -2.5233490369838982)
2022,CORTE SELETIVO,C60L63,POINT (-58.77875100467173 -2.507745660607457)
2022,CORTE SELETIVO,C60L63,POINT (-58.77874736849595 -2.5074483144123274)
2022,CORTE SELETIVO,C60L63,POINT (-58.80805071079988 -2.504651298142645)
2022,CORTE SELETIVO,C60L63,POINT (-58.80835220998527 -2.504609120120208)
2022,CORTE SELETIVO,C60L63,POINT (-58.81334634531531 -2.503353092503551)
2022,CORTE SELETIVO,C60L63,POINT (-58.80214517187916 -2.502054845780941)
2022,CORTE SELETIVO,C60L63,POINT (-58.800654681899736 -2.501447329304662)
2022,CORTE SELETIVO,C60L63,POINT (-58.80045463706894 -2.5011510159243677)
2022,CORTE SELETIVO,C60L63,POINT (-58.856248113081165 -2.5451521144308487)
2022,CORTE SELETIVO,C60L63,POINT (-58.77194724214971 -2.5950531409296738)
2022,CORTE SELETIVO,C60L63,POINT (-58.81774546091027 -2.5398474154134525)
2022,CORTE SELETIVO,C60L63,POINT (-58.882752268001276 -2.520049081319221)
2022,CORTE SELETIVO,C60L63,POINT (-58.85565393582425 -2.5350487046905337)
2022,CORTE SELETIVO,C60L63,POINT (-58.84004956082885 -2.516449656547228)
2022,CORTE SELETIVO,C60L63,POINT (-58.98145146313424 -2.5043491298345346)
2022,CORTE SELETIVO,C60L63,POINT (-58.88124745684556 -2.5019502521953396)
2022,CORTE SELETIVO,C60L63,POINT (-58.84014651466109 -2.5506523246446253)
2022,CORTE SELETIVO,C60L63,POINT (-58.882146912221174 -2.517445723232976)
2022,CORTE SELETIVO,C60L63,POINT (-58.77044762931737 -2.510454295110744)
2022,CORTE SELETIVO,C60L63,POINT (-58.98214709170623 -2.504248798317844)
2022,CORTE SELETIVO,C60L63,POINT (-58.885848895659706 -2.6861509503128826)
2022,CORTE SELETIVO,C60L63,POINT (-58.78355306192663 -2.584447105707134)
2022,CORTE SELETIVO,C60L63,POINT (-58.981349261762205 -2.5043544975000147)
2022,CORTE SELETIVO,C60L63,POINT (-58.882747663316586 -2.5201460288079542)
2022,CORTE SELETIVO,C60L63,POINT (-58.88115088107878 -2.5019466331155327)
2022,CORTE SELETIVO,C60L63,POINT (-58.8348499097441 -2.5083462056271775)
2022,CORTE SELETIVO,C60L63,POINT (-58.92405465704636 -2.6391473169224122)
2022,CORTE SELETIVO,C60L63,POINT (-58.882755129550056 -2.520247204185916)
2022,CORTE SELETIVO,C60L63,POINT (-58.88495080289135 -2.684946549026856)
2022,CORTE SELETIVO,C60L63,POINT (-58.99154937097444 -2.6788451634554615)
2022,CORTE SELETIVO,C60L63,POINT (-58.893153637341605 -2.6787461160816575)
2022,CORTE SELETIVO,C60L63,POINT (-58.96505298389888 -2.6630518304034902)
2022,CORTE SELETIVO,C60L63,POINT (-58.92474838243763 -2.6628508901728916)
2022,CORTE SELETIVO,C60L63,POINT (-58.938152471999686 -2.6600542367936857)
2022,CORTE SELETIVO,C60L63,POINT (-58.966652545816785 -2.658784765497737)
2022,CORTE SELETIVO,C60L63,POINT (-58.96895176436825 -2.570145562288726)
2022,CORTE SELETIVO,C60L63,POINT (-58.87442337967864 -2.549953613693204)
2022,CORTE SELETIVO,C60L63,POINT (-58.882128928019554 -2.54304873489632)
2022,CORTE SELETIVO,C60L63,POINT (-58.89104815080647 -2.5384491798230315)
2022,CORTE SELETIVO,C60L63,POINT (-58.87564958786352 -2.5346500549432345)
2022,CORTE SELETIVO,C60L63,POINT (-58.88645338303641 -2.5332916129295104)
2022,CORTE SELETIVO,C60L63,POINT (-58.886453160375865 -2.5330529154422474)
2022,CORTE SELETIVO,C60L63,POINT (-58.873539775118985 -2.5320479266816154)
2022,CORTE SELETIVO,C60L63,POINT (-58.87665034449332 -2.530298735529274)
2022,CORTE SELETIVO,C60L63,POINT (-58.87695026455799 -2.529954589556768)
2022,CORTE SELETIVO,C60L63,POINT (-58.88465169334469 -2.529647315415852)
2022,CORTE SELETIVO,C60L63,POINT (-58.88344512385044 -2.529252332974672)
2022,CORTE SELETIVO,C60L63,POINT (-58.87725481348404 -2.529051580840655)
2022,CORTE SELETIVO,C60L63,POINT (-58.87714567458687 -2.528952045359687)
2022,CORTE SELETIVO,C60L63,POINT (-58.87773713544383 -2.5285450344327822)
2022,CORTE SELETIVO,C60L63,POINT (-58.87745244614418 -2.527736799826792)
2022,CORTE SELETIVO,C60L63,POINT (-58.984552373683016 -2.527346542950868)
2022,CORTE SELETIVO,C60L63,POINT (-58.87745084355399 -2.527347137448402)
2022,CORTE SELETIVO,C60L63,POINT (-58.87714924398802 -2.5271507886976425)
2022,CORTE SELETIVO,C60L63,POINT (-58.87734832201779 -2.5272068531902048)
2022,CORTE SELETIVO,C60L63,POINT (-58.88205204636942 -2.526253117118971)
2022,CORTE SELETIVO,C60L63,POINT (-58.90684572779121 -2.526152235726179)
2022,CORTE SELETIVO,C60L63,POINT (-58.876705803879 -2.5247646863857915)
2022,CORTE SELETIVO,C60L63,POINT (-58.88014979786061 -2.5242400383781347)
2022,CORTE SELETIVO,C60L63,POINT (-58.8832509364396 -2.5240513476541557)
2022,CORTE SELETIVO,C60L63,POINT (-58.88274697548595 -2.5186510721771724)
2022,CORTE SELETIVO,C60L63,POINT (-58.88255156503297 -2.5180502510257265)
2022,CORTE SELETIVO,C60L63,POINT (-58.8823503600326 -2.517951259349301)
2022,CORTE SELETIVO,C60L63,POINT (-58.88265502625505 -2.5163531207160488)
2022,CORTE SELETIVO,C60L63,POINT (-58.882849597911836 -2.516252652733479)
2022,CORTE SELETIVO,C60L63,POINT (-58.88265435682137 -2.5160489277448277)
2022,CORTE SELETIVO,C60L63,POINT (-58.88144513896966 -2.502384337420784)
2022,CORTE SELETIVO,C60L63,POINT (-58.8812512232576 -2.5023470551865827)
2022,CORTE SELETIVO,C60L63,POINT (-58.88135437827099 -2.5021485354499697)
2022,CORTE SELETIVO,C60L63,POINT (-58.88144810048641 -2.5003475420101244)
2022,CORTE SELETIVO,C60L63,POINT (-58.88165129070049 -2.5001471393015215)
2022,CORTE SELETIVO,C60L63,POINT (-58.843747856488655 -2.7345814140783324)
2022,CORTE SELETIVO,C60L63,POINT (-58.84831313019711 -2.6164469737920615)
2022,CORTE SELETIVO,C60L63,POINT (-58.848151633378755 -2.572352294273521)
2022,CORTE SELETIVO,C60L63,POINT (-58.84544841436846 -2.570547822102026)
2022,CORTE SELETIVO,C60L63,POINT (-58.84327330269446 -2.5694218791389924)
2022,CORTE SELETIVO,C60L63,POINT (-58.8552561378445 -2.5672486101741554)
2022,CORTE SELETIVO,C60L63,POINT (-58.85545099912012 -2.567148331582659)
2022,CORTE SELETIVO,C60L63,POINT (-58.848448015235796 -2.5671464190797724)
2022,CORTE SELETIVO,C60L63,POINT (-58.8503455861959 -2.567147409010921)
2022,CORTE SELETIVO,C60L63,POINT (-58.844954756876994 -2.5656203140588727)
2022,CORTE SELETIVO,C60L63,POINT (-58.84265223272305 -2.5618695292922857)
2022,CORTE SELETIVO,C60L63,POINT (-58.851154079248 -2.561849292435508)
2022,CORTE SELETIVO,C60L63,POINT (-58.8428481126401 -2.561826647429381)
2022,CORTE SELETIVO,C60L63,POINT (-58.84656345767355 -2.557863739209208)
2022,CORTE SELETIVO,C60L63,POINT (-58.845447099623904 -2.5561537870809596)
2022,CORTE SELETIVO,C60L63,POINT (-58.851545082463815 -2.5522498712018895)
2022,CORTE SELETIVO,C60L63,POINT (-58.845548229419535 -2.5500789209960715)
2022,CORTE SELETIVO,C60L63,POINT (-58.85583213048551 -2.548452215868909)
2022,CORTE SELETIVO,C60L63,POINT (-58.86872332044439 -2.544946880812315)
2022,CORTE SELETIVO,C60L63,POINT (-58.858353540401524 -2.5428381365993196)
2022,CORTE SELETIVO,C60L63,POINT (-58.858045024760614 -2.5427473586503844)
2022,CORTE SELETIVO,C60L63,POINT (-58.85815033575728 -2.5425467622584583)
2022,CORTE SELETIVO,C60L63,POINT (-58.84008028436557 -2.541154704424038)
2022,CORTE SELETIVO,C60L63,POINT (-58.840451536301295 -2.5410503960750437)
2022,CORTE SELETIVO,C60L63,POINT (-58.84764761722153 -2.5381453204159317)
2022,CORTE SELETIVO,C60L63,POINT (-58.87084503861292 -2.535251748435144)
2022,CORTE SELETIVO,C60L63,POINT (-58.87118137572792 -2.5352664208673534)
2022,CORTE SELETIVO,C60L63,POINT (-58.853125742721026 -2.5326473534436698)
2022,CORTE SELETIVO,C60L63,POINT (-58.873550190782574 -2.5323546209271814)
2022,CORTE SELETIVO,C60L63,POINT (-58.845245340529054 -2.5296452781311944)
2022,CORTE SELETIVO,C60L63,POINT (-58.86089054126986 -2.529479003948547)
2022,CORTE SELETIVO,C60L63,POINT (-58.8621826439044 -2.5294890239789964)
2022,CORTE SELETIVO,C60L63,POINT (-58.8535702781941 -2.5252491231110263)
2022,CORTE SELETIVO,C60L63,POINT (-58.860055026207775 -2.524214380254488)
2022,CORTE SELETIVO,C60L63,POINT (-58.85994644798314 -2.5239520427268443)
2022,CORTE SELETIVO,C60L63,POINT (-58.839851408924474 -2.5190458352140865)
2022,CORTE SELETIVO,C60L63,POINT (-58.83944138112761 -2.517854533935818)
2022,CORTE SELETIVO,C60L63,POINT (-58.83855048918201 -2.5134483086680444)
2022,CORTE SELETIVO,C60L63,POINT (-58.83988815145877 -2.51258169056212)
2022,CORTE SELETIVO,C60L63,POINT (-58.84225494009067 -2.5115541486973108)
2022,CORTE SELETIVO,C60L63,POINT (-58.84024877136199 -2.509550932641462)
2022,CORTE SELETIVO,C60L63,POINT (-58.840142936762774 -2.5094226154005717)
2022,CORTE SELETIVO,C60L63,POINT (-58.8654467057412 -2.505945139877982)
2022,CORTE SELETIVO,C60L63,POINT (-58.82544840120239 -2.5880656193416893)
2022,CORTE SELETIVO,C60L63,POINT (-58.825335361417466 -2.5877489703890837)
2022,CORTE SELETIVO,C60L63,POINT (-58.8363497453604 -2.580641525154202)
2022,CORTE SELETIVO,C60L63,POINT (-58.83470496598451 -2.579753768685306)
2022,CORTE SELETIVO,C60L63,POINT (-58.83783589863044 -2.5686522147637905)
2022,CORTE SELETIVO,C60L63,POINT (-58.836654751834175 -2.564725378684142)
2022,CORTE SELETIVO,C60L63,POINT (-58.83275294789932 -2.562249461725089)
2022,CORTE SELETIVO,C60L63,POINT (-58.82694788304473 -2.560866962951325)
2022,CORTE SELETIVO,C60L63,POINT (-58.82724760767581 -2.560846469822862)
2022,CORTE SELETIVO,C60L63,POINT (-58.83455477362545 -2.5577271476623094)
2022,CORTE SELETIVO,C60L63,POINT (-58.82614815826051 -2.5487452110946855)
2022,CORTE SELETIVO,C60L63,POINT (-58.82905076341589 -2.5481471932310646)
2022,CORTE SELETIVO,C60L63,POINT (-58.828645659142126 -2.547852166960007)
2022,CORTE SELETIVO,C60L63,POINT (-58.82844497352547 -2.547551673639359)
2022,CORTE SELETIVO,C60L63,POINT (-58.83546346302838 -2.5446469120761157)
2022,CORTE SELETIVO,C60L63,POINT (-58.8352480129847 -2.5442500823749117)
2022,CORTE SELETIVO,C60L63,POINT (-58.83545377052918 -2.5441505268651836)
2022,CORTE SELETIVO,C60L63,POINT (-58.82725275801558 -2.539924864917728)
2022,CORTE SELETIVO,C60L63,POINT (-58.828448648125836 -2.539753662960717)
2022,CORTE SELETIVO,C60L63,POINT (-58.83364485149863 -2.539680688550586)
2022,CORTE SELETIVO,C60L63,POINT (-58.82772306313406 -2.537950087167189)
2022,CORTE SELETIVO,C60L63,POINT (-58.837449927428835 -2.5323542683914346)
2022,CORTE SELETIVO,C60L63,POINT (-58.82835295919925 -2.5321519252252527)
2022,CORTE SELETIVO,C60L63,POINT (-58.837346992865264 -2.5319545572987474)
2022,CORTE SELETIVO,C60L63,POINT (-58.82854753261413 -2.5203510805133646)
2022,CORTE SELETIVO,C60L63,POINT (-58.835453789363214 -2.519436668632605)
2022,CORTE SELETIVO,C60L63,POINT (-58.83591393487334 -2.519051491823618)
2022,CORTE SELETIVO,C60L63,POINT (-58.83085004593387 -2.517980624954944)
2022,CORTE SELETIVO,C60L63,POINT (-58.83084760495016 -2.517649355806912)
2022,CORTE SELETIVO,C60L63,POINT (-58.83434999478143 -2.515939952322774)
2022,CORTE SELETIVO,C60L63,POINT (-58.836953349726826 -2.5150536120454343)
2022,CORTE SELETIVO,C60L63,POINT (-58.83424782924821 -2.514654285617513)
2022,CORTE SELETIVO,C60L63,POINT (-58.834145938478336 -2.5142506921274066)
2022,CORTE SELETIVO,C60L63,POINT (-58.825418644207474 -2.5140706997175735)
2022,CORTE SELETIVO,C60L63,POINT (-58.82514540856467 -2.513850315337158)
2022,CORTE SELETIVO,C60L63,POINT (-58.82514778101777 -2.5134510884738694)
2022,CORTE SELETIVO,C60L63,POINT (-58.83414653737383 -2.512708218989565)
2022,CORTE SELETIVO,C60L63,POINT (-58.83395471470432 -2.512653007400888)
2022,CORTE SELETIVO,C60L63,POINT (-58.83835168604483 -2.51247224331858)
2022,CORTE SELETIVO,C60L63,POINT (-58.83414980943746 -2.5118472502581217)
2022,CORTE SELETIVO,C60L63,POINT (-58.83704891494988 -2.5111488748843263)
2022,CORTE SELETIVO,C60L63,POINT (-58.83662385151234 -2.509052682710748)
2022,CORTE SELETIVO,C60L63,POINT (-58.83504794576919 -2.5081452444591905)
2022,CORTE SELETIVO,C60L63,POINT (-58.8206512974949 -2.586750126387584)
2022,CORTE SELETIVO,C60L63,POINT (-58.82060932833008 -2.586343512522679)
2022,CORTE SELETIVO,C60L63,POINT (-58.820140559004415 -2.585754619398524)
2022,CORTE SELETIVO,C60L63,POINT (-58.82014527924768 -2.583848042523108)
2022,CORTE SELETIVO,C60L63,POINT (-58.824533072568876 -2.582284829449263)
2022,CORTE SELETIVO,C60L63,POINT (-58.824249406482586 -2.582154342941426)
2022,CORTE SELETIVO,C60L63,POINT (-58.82038595371271 -2.5814033857159155)
2022,CORTE SELETIVO,C60L63,POINT (-58.81985447462832 -2.580145877292566)
2022,CORTE SELETIVO,C60L63,POINT (-58.81934702302366 -2.5778457385588953)
2022,CORTE SELETIVO,C60L63,POINT (-58.822540323124905 -2.571978627209655)
2022,CORTE SELETIVO,C60L63,POINT (-58.822653040839164 -2.5718531273266314)
2022,CORTE SELETIVO,C60L63,POINT (-58.8188448886135 -2.571489524030539)
2022,CORTE SELETIVO,C60L63,POINT (-58.8166457624108 -2.571349250476204)
2022,CORTE SELETIVO,C60L63,POINT (-58.81944666056934 -2.5680534112892706)
2022,CORTE SELETIVO,C60L63,POINT (-58.81554693219798 -2.567248318338969)
2022,CORTE SELETIVO,C60L63,POINT (-58.817650745004975 -2.56593224693443)
2022,CORTE SELETIVO,C60L63,POINT (-58.81989710329039 -2.5657483629033537)
2022,CORTE SELETIVO,C60L63,POINT (-58.8173536771421 -2.565153471660621)
2022,CORTE SELETIVO,C60L63,POINT (-58.819445889108614 -2.557347917349179)
2022,CORTE SELETIVO,C60L63,POINT (-58.81934665468389 -2.5571519208937565)
2022,CORTE SELETIVO,C60L63,POINT (-58.821848259635026 -2.5468548132851176)
2022,CORTE SELETIVO,C60L63,POINT (-58.818443896995 -2.5445451541441133)
2022,CORTE SELETIVO,C60L63,POINT (-58.82445299584039 -2.543551438048735)
2022,CORTE SELETIVO,C60L63,POINT (-58.821455858991534 -2.5430751731662014)
2022,CORTE SELETIVO,C60L63,POINT (-58.81684913870617 -2.5406395207929644)
2022,CORTE SELETIVO,C60L63,POINT (-58.81774720399137 -2.5391569578275406)
2022,CORTE SELETIVO,C60L63,POINT (-58.82439730409015 -2.537946270532876)
2022,CORTE SELETIVO,C60L63,POINT (-58.81527745358083 -2.5345138590809206)
2022,CORTE SELETIVO,C60L63,POINT (-58.82054896002328 -2.5344496093779534)
2022,CORTE SELETIVO,C60L63,POINT (-58.81558168525682 -2.534253830594717)
2022,CORTE SELETIVO,C60L63,POINT (-58.81515357283834 -2.534146649164307)
2022,CORTE SELETIVO,C60L63,POINT (-58.81979966570539 -2.532245657344456)
2022,CORTE SELETIVO,C60L63,POINT (-58.81975201526369 -2.5320546406131528)
2022,CORTE SELETIVO,C60L63,POINT (-58.82447100157296 -2.5214495277031657)
2022,CORTE SELETIVO,C60L63,POINT (-58.82505169591621 -2.513646864268894)
2022,CORTE SELETIVO,C60L63,POINT (-58.82195325133531 -2.5100893398264885)
2022,CORTE SELETIVO,C60L63,POINT (-58.8223501342163 -2.510072489480426)
2022,CORTE SELETIVO,C60L63,POINT (-58.81716683671115 -2.508868172378325)
2022,CORTE SELETIVO,C60L63,POINT (-58.816751284302384 -2.50687120613141)
2022,CORTE SELETIVO,C60L63,POINT (-58.81625218285759 -2.503950122171252)
2022,CORTE SELETIVO,C60L63,POINT (-58.81614536509287 -2.5038510395726066)
2022,CORTE SELETIVO,C60L63,POINT (-58.81555119459807 -2.502451959668945)
2022,CORTE SELETIVO,C60L63,POINT (-58.815548443708266 -2.501554333953421)
2022,CORTE SELETIVO,C60L63,POINT (-58.7995872810616 -2.556051837076709)
2022,CORTE SELETIVO,C60L63,POINT (-58.80159429810064 -2.552652598359767)
2022,CORTE SELETIVO,C60L63,POINT (-58.80784493349953 -2.549852132454562)
2022,CORTE SELETIVO,C60L63,POINT (-58.80794555287547 -2.549750915836575)
2022,CORTE SELETIVO,C60L63,POINT (-58.8080524390046 -2.549646220906029)
2022,CORTE SELETIVO,C60L63,POINT (-58.80434588002537 -2.547847395649878)
2022,CORTE SELETIVO,C60L63,POINT (-58.81315095134349 -2.54474589700645)
2022,CORTE SELETIVO,C60L63,POINT (-58.81275004529204 -2.543186886017182)
2022,CORTE SELETIVO,C60L63,POINT (-58.80524627673804 -2.541454466626085)
2022,CORTE SELETIVO,C60L63,POINT (-58.80745173762348 -2.540548179968011)
2022,CORTE SELETIVO,C60L63,POINT (-58.81494517944545 -2.5396499567952824)
2022,CORTE SELETIVO,C60L63,POINT (-58.80864544910463 -2.538949409068716)
2022,CORTE SELETIVO,C60L63,POINT (-58.80934593978606 -2.5380511668110755)
2022,CORTE SELETIVO,C60L63,POINT (-58.81364973027371 -2.535945476922615)
2022,CORTE SELETIVO,C60L63,POINT (-58.80615438205899 -2.5347492445753823)
2022,CORTE SELETIVO,C60L63,POINT (-58.81504709323626 -2.5343082180368715)
2022,CORTE SELETIVO,C60L63,POINT (-58.81235028090314 -2.5337475045005187)
2022,CORTE SELETIVO,C60L63,POINT (-58.7900647779453 -2.5323325014892712)
2022,CORTE SELETIVO,C60L63,POINT (-58.8009488628988 -2.531950676044119)
2022,CORTE SELETIVO,C60L63,POINT (-58.81304978538587 -2.5314517381074304)
2022,CORTE SELETIVO,C60L63,POINT (-58.81454783697007 -2.529151003137043)
2022,CORTE SELETIVO,C60L63,POINT (-58.79184801504874 -2.5232510591553576)
2022,CORTE SELETIVO,C60L63,POINT (-58.77327111668266 -2.522254195331581)
2022,CORTE SELETIVO,C60L63,POINT (-58.7806537611467 -2.5206457942481166)
2022,CORTE SELETIVO,C60L63,POINT (-58.78051130225673 -2.520445958688957)
2022,CORTE SELETIVO,C60L63,POINT (-58.780551705576855 -2.5201475543867047)
2022,CORTE SELETIVO,C60L63,POINT (-58.77984763098747 -2.5198466508867186)
2022,CORTE SELETIVO,C60L63,POINT (-58.78014924021558 -2.5194487733838744)
2022,CORTE SELETIVO,C60L63,POINT (-58.81364525750323 -2.518654603112539)
2022,CORTE SELETIVO,C60L63,POINT (-58.79085643834352 -2.5186454734180836)
2022,CORTE SELETIVO,C60L63,POINT (-58.79104893342561 -2.5185534588960605)
2022,CORTE SELETIVO,C60L63,POINT (-58.79094284529485 -2.51835019689029)
2022,CORTE SELETIVO,C60L63,POINT (-58.80245162879976 -2.516552323839151)
2022,CORTE SELETIVO,C60L63,POINT (-58.814050173410614 -2.5159502953618893)
2022,CORTE SELETIVO,C60L63,POINT (-58.79814485639172 -2.5146538744896785)
2022,CORTE SELETIVO,C60L63,POINT (-58.7982521138753 -2.5145506986106203)
2022,CORTE SELETIVO,C60L63,POINT (-58.814054434704644 -2.5132544641194117)
2022,CORTE SELETIVO,C60L63,POINT (-58.81291405162816 -2.5101469555560114)
2022,CORTE SELETIVO,C60L63,POINT (-58.78115253444109 -2.5086846289221842)
2022,CORTE SELETIVO,C60L63,POINT (-58.80271715299002 -2.50174621226654)
2022,CORTE SELETIVO,C60L63,POINT (-58.775446787061334 -2.5014503475376744)
2022,CORTE SELETIVO,C60L63,POINT (-58.814854919393106 -2.5014534197043274)
2022,CORTE SELETIVO,C60L63,POINT (-58.88265289927469 -2.519349877858204)
2022,CORTE SELETIVO,C60L63,POINT (-58.84005137511547 -2.5163479812958713)
2022,CORTE SELETIVO,C60L63,POINT (-58.81675215982153 -2.5080495233482996)
2022,CORTE SELETIVO,C60L63,POINT (-58.881649133794696 -2.5000548180236626)
2022,CORTE SELETIVO,C60L63,POINT (-58.81394930305826 -2.545253148706238)
2022,CORTE SELETIVO,C60L63,POINT (-58.87664582433737 -2.5300545931220775)
2022,CORTE SELETIVO,C60L63,POINT (-58.84514721131053 -2.556352736267484)
2022,CORTE SELETIVO,C60L63,POINT (-58.80434660769715 -2.5481523786409386)
2022,CORTE SELETIVO,C60L63,POINT (-58.92174805972003 -2.518248171208714)
2022,CORTE SELETIVO,C60L63,POINT (-58.847954546708706 -2.616948023599777)
2022,CORTE SELETIVO,C60L63,POINT (-58.844851940096966 -2.5680506284568)
2022,CORTE SELETIVO,C60L63,POINT (-58.84504736617787 -2.5563543675759726)
2022,CORTE SELETIVO,C60L63,POINT (-58.85545489386999 -2.537253858010429)
2022,CORTE SELETIVO,C60L63,POINT (-58.90225334801 -2.5335470317261213)
2022,CORTE SELETIVO,C60L63,POINT (-58.90224741853466 -2.533347968026369)
2022,CORTE SELETIVO,C60L63,POINT (-58.86224708387141 -2.5315472911203325)
2022,CORTE SELETIVO,C60L63,POINT (-58.85195451681546 -2.5310938262977345)
2022,CORTE SELETIVO,C60L63,POINT (-58.87725449911993 -2.528948411548323)
2022,CORTE SELETIVO,C60L63,POINT (-58.877849077019185 -2.528347699766667)
2022,CORTE SELETIVO,C60L63,POINT (-58.90684597542019 -2.5263476724416467)
2022,CORTE SELETIVO,C60L63,POINT (-58.867049033743115 -2.5262534238059495)
2022,CORTE SELETIVO,C60L63,POINT (-58.8359491778246 -2.5200548211386335)
2022,CORTE SELETIVO,C60L63,POINT (-58.83585466231875 -2.519749322954386)
2022,CORTE SELETIVO,C60L63,POINT (-58.8826465626349 -2.519048948606062)
2022,CORTE SELETIVO,C60L63,POINT (-58.86279130323213 -2.509950679807559)
2022,CORTE SELETIVO,C60L63,POINT (-58.819952556454524 -2.566151101506783)
2022,CORTE SELETIVO,C60L63,POINT (-58.81975318011142 -2.5660478646902134)
2022,CORTE SELETIVO,C60L63,POINT (-58.81995506498562 -2.5656506585820424)
2022,CORTE SELETIVO,C60L63,POINT (-58.82175882427968 -2.5397476087361013)
2022,CORTE SELETIVO,C60L63,POINT (-58.82087282109009 -2.539754251385822)
2022,CORTE SELETIVO,C60L63,POINT (-58.83185305355911 -2.5395476149902145)
2022,CORTE SELETIVO,C60L63,POINT (-58.82654733451111 -2.5380539826141937)
2022,CORTE SELETIVO,C60L63,POINT (-58.82715478434181 -2.5351548518244207)
2022,CORTE SELETIVO,C60L63,POINT (-58.82704939066758 -2.534769865357098)
2022,CORTE SELETIVO,C60L63,POINT (-58.82694702276848 -2.534451995045939)
2022,CORTE SELETIVO,C60L63,POINT (-58.82684636706136 -2.534347375290524)
2022,CORTE SELETIVO,C60L63,POINT (-58.83545506673726 -2.5192543259804547)
2022,CORTE SELETIVO,C60L63,POINT (-58.83554823481683 -2.518947264684108)
2022,CORTE SELETIVO,C60L63,POINT (-58.83365423305611 -2.512353707793786)
2022,CORTE SELETIVO,C60L63,POINT (-58.832550603092784 -2.5095509734022863)
2022,CORTE SELETIVO,C60L63,POINT (-58.832447663014904 -2.5093528075085505)
2022,CORTE SELETIVO,C60L63,POINT (-58.81924569570205 -2.5681535963321136)
2022,CORTE SELETIVO,C60L63,POINT (-58.819650262714234 -2.5679454991328474)
2022,CORTE SELETIVO,C60L63,POINT (-58.81885189787406 -2.5678496695970336)
2022,CORTE SELETIVO,C60L63,POINT (-58.81895442524108 -2.5676466179239146)
2022,CORTE SELETIVO,C60L63,POINT (-58.819748496335315 -2.5663467472421213)
2022,CORTE SELETIVO,C60L63,POINT (-58.81635202168076 -2.5409543649605997)
2022,CORTE SELETIVO,C60L63,POINT (-58.79304616632169 -2.540845900288076)
2022,CORTE SELETIVO,C60L63,POINT (-58.80654496675984 -2.53934797998551)
2022,CORTE SELETIVO,C60L63,POINT (-58.817755027683646 -2.534447293878134)
2022,CORTE SELETIVO,C60L63,POINT (-58.791746223599866 -2.5289476506391835)
2022,CORTE SELETIVO,C60L63,POINT (-58.781750669932265 -2.518707924426675)
2022,CORTE SELETIVO,C60L63,POINT (-58.78154626299129 -2.5186469274610936)
2022,CORTE SELETIVO,C60L63,POINT (-58.81684644351535 -2.508053579605012)
2022,CORTE SELETIVO,C60L63,POINT (-58.80815402094336 -2.5047493426733465)
2022,CORTE SELETIVO,C60L63,POINT (-58.84475079776837 -2.567947302880421)
2022,CORTE SELETIVO,C60L63,POINT (-58.85114534519099 -2.561949770335425)
2022,CORTE SELETIVO,C60L63,POINT (-58.85124575976572 -2.561811237548815)
2022,CORTE SELETIVO,C60L63,POINT (-58.82855395663665 -2.5397452731031627)
2022,CORTE SELETIVO,C60L63,POINT (-58.876753189922916 -2.5301538995308466)
2022,CORTE SELETIVO,C60L63,POINT (-58.921651769505026 -2.518253843874084)
2022,CORTE SELETIVO,C60L63,POINT (-58.8767498095993 -2.530053235916806)
2022,CORTE SELETIVO,C60L63,POINT (-58.86194956544999 -2.529545750188274)
2022,CORTE SELETIVO,C60L63,POINT (-58.98124807430028 -2.5043533558141884)
2022,CORTE SELETIVO,C60L63,POINT (-58.82395149347716 -2.5823466493211953)
2022,CORTE SELETIVO,C60L63,POINT (-58.85804781350161 -2.542648922628778)
2022,CORTE SELETIVO,C60L63,POINT (-58.9845472118087 -2.5274489349503124)
2022,CORTE SELETIVO,C60L63,POINT (-58.8821538493187 -2.517352770189725)
2022,CORTE SELETIVO,C60L63,POINT (-58.8815457029348 -2.5002519600599853)
2022,CORTE SELETIVO,C60L63,POINT (-58.87655013623472 -2.5301455029721542)
2022,CORTE SELETIVO,C60L63,POINT (-58.86555296287622 -2.506052957409229)
2022,CORTE SELETIVO,C60L63,POINT (-58.94254869242383 -2.66604744014051)
2022,CORTE SELETIVO,C60L63,POINT (-58.84795087099257 -2.6168461317731357)
2022,CORTE SELETIVO,C60L63,POINT (-58.84234784356204 -2.575047747888982)
2022,CORTE SELETIVO,C60L63,POINT (-58.844546030269136 -2.5702456364002426)
2022,CORTE SELETIVO,C60L63,POINT (-58.853848748791414 -2.5691531557747944)
2022,CORTE SELETIVO,C60L63,POINT (-58.816647893840226 -2.5446544869175884)
2022,CORTE SELETIVO,C60L63,POINT (-58.86195299361046 -2.529451224880774)
2022,CORTE SELETIVO,C60L63,POINT (-58.882445761404995 -2.517988520498529)
2022,CORTE SELETIVO,C60L63,POINT (-58.882854863865546 -2.5155463873268262)
2022,CORTE SELETIVO,C60L63,POINT (-58.82845132352413 -2.53984965509232)
2022,CORTE SELETIVO,C60L63,POINT (-58.88554702957611 -2.6908458774081976)
2022,CORTE SELETIVO,C60L63,POINT (-58.88435148581242 -2.6882494811959448)
2022,CORTE SELETIVO,C60L63,POINT (-58.886295030277005 -2.685846471421879)
2022,CORTE SELETIVO,C60L63,POINT (-58.88745456460233 -2.6816486422005457)
2022,CORTE SELETIVO,C60L63,POINT (-58.991553815208675 -2.6790499877562195)
2022,CORTE SELETIVO,C60L63,POINT (-58.9404822902198 -2.663504821283062)
2022,CORTE SELETIVO,C60L63,POINT (-58.94033357869323 -2.6627617995097674)
2022,CORTE SELETIVO,C60L63,POINT (-58.93877673644223 -2.6607488315684296)
2022,CORTE SELETIVO,C60L63,POINT (-58.938047708893855 -2.660053613955474)
2022,CORTE SELETIVO,C60L63,POINT (-58.91065364378303 -2.5759462360794774)
2022,CORTE SELETIVO,C60L63,POINT (-58.895251918802494 -2.573152295746769)
2022,CORTE SELETIVO,C60L63,POINT (-58.88245753217612 -2.543452106758383)
2022,CORTE SELETIVO,C60L63,POINT (-58.88894873444771 -2.5414494474201703)
2022,CORTE SELETIVO,C60L63,POINT (-58.89345443225193 -2.53814852730357)
2022,CORTE SELETIVO,C60L63,POINT (-58.88163670289433 -2.538047011704455)
2022,CORTE SELETIVO,C60L63,POINT (-58.8935502788816 -2.537949244127284)
2022,CORTE SELETIVO,C60L63,POINT (-58.87772874904488 -2.535047066163462)
2022,CORTE SELETIVO,C60L63,POINT (-58.88140636784542 -2.5337368698454097)
2022,CORTE SELETIVO,C60L63,POINT (-58.8862871909815 -2.5335527452088655)
2022,CORTE SELETIVO,C60L63,POINT (-58.88662644239413 -2.533191002022105)
2022,CORTE SELETIVO,C60L63,POINT (-58.87956468247731 -2.5310434047890875)
2022,CORTE SELETIVO,C60L63,POINT (-58.88365404516971 -2.529518075386278)
2022,CORTE SELETIVO,C60L63,POINT (-58.88327197852134 -2.529160069276683)
2022,CORTE SELETIVO,C60L63,POINT (-58.877047320405914 -2.5290537877385377)
2022,CORTE SELETIVO,C60L63,POINT (-58.88344921566153 -2.5290456375079597)
2022,CORTE SELETIVO,C60L63,POINT (-58.88364918641754 -2.5290477192134837)
2022,CORTE SELETIVO,C60L63,POINT (-58.87784623141023 -2.5285527251474558)
2022,CORTE SELETIVO,C60L63,POINT (-58.88155111243924 -2.528146086455602)
2022,CORTE SELETIVO,C60L63,POINT (-58.881847136967984 -2.5263528016370906)
2022,CORTE SELETIVO,C60L63,POINT (-58.96005498600226 -2.525046016971811)
2022,CORTE SELETIVO,C60L63,POINT (-58.990149464404176 -2.5249529641468946)
2022,CORTE SELETIVO,C60L63,POINT (-58.96025418205385 -2.5248511485506318)
2022,CORTE SELETIVO,C60L63,POINT (-58.96024728949998 -2.524459557416202)
2022,CORTE SELETIVO,C60L63,POINT (-58.88325382420075 -2.5243542874499463)
2022,CORTE SELETIVO,C60L63,POINT (-58.8836208161005 -2.5242465269130325)
2022,CORTE SELETIVO,C60L63,POINT (-58.88325282298417 -2.524154423498016)
2022,CORTE SELETIVO,C60L63,POINT (-58.8833499590727 -2.5240522193268915)
2022,CORTE SELETIVO,C60L63,POINT (-58.8802374063254 -2.523547577063222)
2022,CORTE SELETIVO,C60L63,POINT (-58.882752532045345 -2.519813953481331)
2022,CORTE SELETIVO,C60L63,POINT (-58.88215417380771 -2.519754184900815)
2022,CORTE SELETIVO,C60L63,POINT (-58.882654637516104 -2.517553744122427)
2022,CORTE SELETIVO,C60L63,POINT (-58.88274082668257 -2.5168966955560146)
2022,CORTE SELETIVO,C60L63,POINT (-58.88284818102742 -2.515653030946089)
2022,CORTE SELETIVO,C60L63,POINT (-58.88155388089236 -2.502049033220433)
2022,CORTE SELETIVO,C60L63,POINT (-58.88125513686002 -2.5021495871591557)
2022,CORTE SELETIVO,C60L63,POINT (-58.881391922057375 -2.5018885479733664)
2022,CORTE SELETIVO,C60L63,POINT (-58.848646708190735 -2.6164542575089507)
2022,CORTE SELETIVO,C60L63,POINT (-58.852591682689656 -2.6012464899349097)
2022,CORTE SELETIVO,C60L63,POINT (-58.87434809716052 -2.5896532831143317)
2022,CORTE SELETIVO,C60L63,POINT (-58.874149909415564 -2.5895724591780414)
2022,CORTE SELETIVO,C60L63,POINT (-58.8493158212137 -2.5694504072755118)
2022,CORTE SELETIVO,C60L63,POINT (-58.849452761745 -2.569347634740274)
2022,CORTE SELETIVO,C60L63,POINT (-58.850254201447136 -2.5634376691412357)
2022,CORTE SELETIVO,C60L63,POINT (-58.851648635769365 -2.5533952142312026)
2022,CORTE SELETIVO,C60L63,POINT (-58.85165032819672 -2.552452857663035)
2022,CORTE SELETIVO,C60L63,POINT (-58.87485292260777 -2.549647799612612)
2022,CORTE SELETIVO,C60L63,POINT (-58.87464849255284 -2.549547306913178)
2022,CORTE SELETIVO,C60L63,POINT (-58.856145698063486 -2.5485679794797975)
2022,CORTE SELETIVO,C60L63,POINT (-58.85355507324421 -2.5486301480528146)
2022,CORTE SELETIVO,C60L63,POINT (-58.86705328020298 -2.5421453169100547)
2022,CORTE SELETIVO,C60L63,POINT (-58.867247928111915 -2.5401505410580185)
2022,CORTE SELETIVO,C60L63,POINT (-58.871089755471615 -2.535652376945607)
2022,CORTE SELETIVO,C60L63,POINT (-58.87074721149303 -2.5352126202179646)
2022,CORTE SELETIVO,C60L63,POINT (-58.871353353899224 -2.5351493488091754)
2022,CORTE SELETIVO,C60L63,POINT (-58.85815245571341 -2.534048009171647)
2022,CORTE SELETIVO,C60L63,POINT (-58.86615030495239 -2.5333462323737344)
2022,CORTE SELETIVO,C60L63,POINT (-58.86610689013308 -2.5331490643139816)
2022,CORTE SELETIVO,C60L63,POINT (-58.874150651928915 -2.5329535107047625)
2022,CORTE SELETIVO,C60L63,POINT (-58.87395032053935 -2.532453842529958)
2022,CORTE SELETIVO,C60L63,POINT (-58.86676706359013 -2.531850424485754)
2022,CORTE SELETIVO,C60L63,POINT (-58.866649664689994 -2.5316540808457377)
2022,CORTE SELETIVO,C60L63,POINT (-58.87674809787016 -2.5299537769110714)
2022,CORTE SELETIVO,C60L63,POINT (-58.876949164627064 -2.529850080559672)
2022,CORTE SELETIVO,C60L63,POINT (-58.87684942678409 -2.5294534614678352)
2022,CORTE SELETIVO,C60L63,POINT (-58.86195471832776 -2.529352452916981)
2022,CORTE SELETIVO,C60L63,POINT (-58.87694538842334 -2.529187656755508)
2022,CORTE SELETIVO,C60L63,POINT (-58.86225004049996 -2.5290901872196367)
2022,CORTE SELETIVO,C60L63,POINT (-58.87544212840934 -2.52836903712884)
2022,CORTE SELETIVO,C60L63,POINT (-58.8609502940137 -2.5269484034504606)
2022,CORTE SELETIVO,C60L63,POINT (-58.86076304822214 -2.5264061201253494)
2022,CORTE SELETIVO,C60L63,POINT (-58.86054740193659 -2.526351885152139)
2022,CORTE SELETIVO,C60L63,POINT (-58.853648776885684 -2.5254476024753667)
2022,CORTE SELETIVO,C60L63,POINT (-58.87584624704082 -2.5143466126797267)
2022,CORTE SELETIVO,C60L63,POINT (-58.86254696804817 -2.5126543066962177)
2022,CORTE SELETIVO,C60L63,POINT (-58.86559826074238 -2.51184740497099)
2022,CORTE SELETIVO,C60L63,POINT (-58.8486512552135 -2.511348909423863)
2022,CORTE SELETIVO,C60L63,POINT (-58.85976357926086 -2.509354536371469)
2022,CORTE SELETIVO,C60L63,POINT (-58.865947747898915 -2.5070536997952675)
2022,CORTE SELETIVO,C60L63,POINT (-58.86085233411036 -2.5063694918102124)
2022,CORTE SELETIVO,C60L63,POINT (-58.86074889942651 -2.506153363255425)
2022,CORTE SELETIVO,C60L63,POINT (-58.86054866259177 -2.5060486018155177)
2022,CORTE SELETIVO,C60L63,POINT (-58.85044534545698 -2.502546078801174)
2022,CORTE SELETIVO,C60L63,POINT (-58.83645059379905 -2.580552773248301)
2022,CORTE SELETIVO,C60L63,POINT (-58.84242353008743 -2.572498425378169)
2022,CORTE SELETIVO,C60L63,POINT (-58.84344972434792 -2.5715537967645568)
2022,CORTE SELETIVO,C60L63,POINT (-58.8450451617221 -2.5706139774409267)
2022,CORTE SELETIVO,C60L63,POINT (-58.84434702220309 -2.570047048962884)
2022,CORTE SELETIVO,C60L63,POINT (-58.84474835618696 -2.5697532755812396)
2022,CORTE SELETIVO,C60L63,POINT (-58.84328224029273 -2.5695507948035408)
2022,CORTE SELETIVO,C60L63,POINT (-58.838449345154956 -2.5694514185031223)
2022,CORTE SELETIVO,C60L63,POINT (-58.83825232042322 -2.5693459153883804)
2022,CORTE SELETIVO,C60L63,POINT (-58.83784815372789 -2.568746249846333)
2022,CORTE SELETIVO,C60L63,POINT (-58.848254324516724 -2.5672539692738083)
2022,CORTE SELETIVO,C60L63,POINT (-58.8469006178991 -2.5664546049866486)
2022,CORTE SELETIVO,C60L63,POINT (-58.840647722173294 -2.565976513599058)
2022,CORTE SELETIVO,C60L63,POINT (-58.836352204018624 -2.564750852333798)
2022,CORTE SELETIVO,C60L63,POINT (-58.8428539585826 -2.5616507885770927)
2022,CORTE SELETIVO,C60L63,POINT (-58.837752433845516 -2.5518491290869063)
2022,CORTE SELETIVO,C60L63,POINT (-58.840447534266445 -2.5501486924314625)
2022,CORTE SELETIVO,C60L63,POINT (-58.83794611284235 -2.546452562699747)
2022,CORTE SELETIVO,C60L63,POINT (-58.83795387838594 -2.5462469783882935)
2022,CORTE SELETIVO,C60L63,POINT (-58.84774854473591 -2.538280060111612)
2022,CORTE SELETIVO,C60L63,POINT (-58.837329578909504 -2.5320544993308802)
2022,CORTE SELETIVO,C60L63,POINT (-58.845254315305475 -2.5294058866205122)
2022,CORTE SELETIVO,C60L63,POINT (-58.831653954095444 -2.5226029868179527)
2022,CORTE SELETIVO,C60L63,POINT (-58.835452883465 -2.52235265000509)
2022,CORTE SELETIVO,C60L63,POINT (-58.83925436431303 -2.5175676189053644)
2022,CORTE SELETIVO,C60L63,POINT (-58.83115316308458 -2.5175997292947825)
2022,CORTE SELETIVO,C60L63,POINT (-58.83094868747033 -2.5175472610214276)
2022,CORTE SELETIVO,C60L63,POINT (-58.84324518304792 -2.5169528091652)
2022,CORTE SELETIVO,C60L63,POINT (-58.83381637717802 -2.515945437175812)
2022,CORTE SELETIVO,C60L63,POINT (-58.8379797677706 -2.51590587684791)
2022,CORTE SELETIVO,C60L63,POINT (-58.837053635506585 -2.5152469663939545)
2022,CORTE SELETIVO,C60L63,POINT (-58.83434787189696 -2.5139456496653696)
2022,CORTE SELETIVO,C60L63,POINT (-58.83664903427391 -2.5138479730490193)
2022,CORTE SELETIVO,C60L63,POINT (-58.83875135083595 -2.513246127517527)
2022,CORTE SELETIVO,C60L63,POINT (-58.83865000639244 -2.513150640815743)
2022,CORTE SELETIVO,C60L63,POINT (-58.83384706372694 -2.512447069233161)
2022,CORTE SELETIVO,C60L63,POINT (-58.83754607261946 -2.511552495170624)
2022,CORTE SELETIVO,C60L63,POINT (-58.83774584408969 -2.511453834224593)
2022,CORTE SELETIVO,C60L63,POINT (-58.83695501476731 -2.5112525837719737)
2022,CORTE SELETIVO,C60L63,POINT (-58.837121947741856 -2.5096693153350853)
2022,CORTE SELETIVO,C60L63,POINT (-58.8400239103739 -2.509545124106561)
2022,CORTE SELETIVO,C60L63,POINT (-58.83644706923968 -2.509188873877697)
2022,CORTE SELETIVO,C60L63,POINT (-58.83464981255787 -2.508451898152461)
2022,CORTE SELETIVO,C60L63,POINT (-58.834945228939716 -2.5082944010440396)
2022,CORTE SELETIVO,C60L63,POINT (-58.83755055472176 -2.506549673182455)
2022,CORTE SELETIVO,C60L63,POINT (-58.83774726878256 -2.506445995520394)
2022,CORTE SELETIVO,C60L63,POINT (-58.82524662925792 -2.5880885118579533)
2022,CORTE SELETIVO,C60L63,POINT (-58.820193642468666 -2.585464208353468)
2022,CORTE SELETIVO,C60L63,POINT (-58.82004530854344 -2.583853597030976)
2022,CORTE SELETIVO,C60L63,POINT (-58.829253454113235 -2.583163578692901)
2022,CORTE SELETIVO,C60L63,POINT (-58.82903138772846 -2.5830720594407186)
2022,CORTE SELETIVO,C60L63,POINT (-58.82914871430137 -2.582854605129746)
2022,CORTE SELETIVO,C60L63,POINT (-58.823851577737116 -2.5824516929887005)
2022,CORTE SELETIVO,C60L63,POINT (-58.82115293540798 -2.582052872638397)
2022,CORTE SELETIVO,C60L63,POINT (-58.8203527627823 -2.5811847889133666)
2022,CORTE SELETIVO,C60L63,POINT (-58.8199485667433 -2.5808497628640263)
2022,CORTE SELETIVO,C60L63,POINT (-58.818951210999174 -2.571248427616462)
2022,CORTE SELETIVO,C60L63,POINT (-58.81795048524578 -2.566790493103098)
2022,CORTE SELETIVO,C60L63,POINT (-58.82405030313615 -2.566520921826384)
2022,CORTE SELETIVO,C60L63,POINT (-58.82385212406497 -2.566348909933868)
2022,CORTE SELETIVO,C60L63,POINT (-58.82635015824851 -2.56015379147)
2022,CORTE SELETIVO,C60L63,POINT (-58.819448662403474 -2.557448548665313)
2022,CORTE SELETIVO,C60L63,POINT (-58.81925218028502 -2.557325544209626)
2022,CORTE SELETIVO,C60L63,POINT (-58.82625402625927 -2.548848066358317)
2022,CORTE SELETIVO,C60L63,POINT (-58.82114796822121 -2.5487540757119285)
2022,CORTE SELETIVO,C60L63,POINT (-58.82844571116609 -2.5476487901270795)
2022,CORTE SELETIVO,C60L63,POINT (-58.820291524510154 -2.5415475181946956)
2022,CORTE SELETIVO,C60L63,POINT (-58.8263529930756 -2.5407504690883913)
2022,CORTE SELETIVO,C60L63,POINT (-58.826248993407035 -2.5406455552018)
2022,CORTE SELETIVO,C60L63,POINT (-58.82864604801286 -2.5397497359813763)
2022,CORTE SELETIVO,C60L63,POINT (-58.82608983865913 -2.5383507131999123)
2022,CORTE SELETIVO,C60L63,POINT (-58.82594642023961 -2.5381534746433094)
2022,CORTE SELETIVO,C60L63,POINT (-58.826754877826154 -2.5376008375945016)
2022,CORTE SELETIVO,C60L63,POINT (-58.82025249928133 -2.5344486264645245)
2022,CORTE SELETIVO,C60L63,POINT (-58.82065390788507 -2.5343502812425185)
2022,CORTE SELETIVO,C60L63,POINT (-58.819759440667625 -2.532152640959155)
2022,CORTE SELETIVO,C60L63,POINT (-58.82864539728403 -2.532054814357652)
2022,CORTE SELETIVO,C60L63,POINT (-58.82855261358627 -2.524652807876636)
2022,CORTE SELETIVO,C60L63,POINT (-58.82875206967293 -2.5245531479261896)
2022,CORTE SELETIVO,C60L63,POINT (-58.828654516143864 -2.524346998280796)
2022,CORTE SELETIVO,C60L63,POINT (-58.82814747087717 -2.5189520423009033)
2022,CORTE SELETIVO,C60L63,POINT (-58.82447380957433 -2.515674876680052)
2022,CORTE SELETIVO,C60L63,POINT (-58.81905219958347 -2.514653973901469)
2022,CORTE SELETIVO,C60L63,POINT (-58.827744861846256 -2.5133469523597296)
2022,CORTE SELETIVO,C60L63,POINT (-58.82794730789439 -2.5131453256733502)
2022,CORTE SELETIVO,C60L63,POINT (-58.81895067707598 -2.511554595142994)
2022,CORTE SELETIVO,C60L63,POINT (-58.82655036499832 -2.5111475767067275)
2022,CORTE SELETIVO,C60L63,POINT (-58.82194847005905 -2.509951528590071)
2022,CORTE SELETIVO,C60L63,POINT (-58.822264034148766 -2.509922942685313)
2022,CORTE SELETIVO,C60L63,POINT (-58.819454038298865 -2.506853845133604)
2022,CORTE SELETIVO,C60L63,POINT (-58.81945107938634 -2.505449588281002)
2022,CORTE SELETIVO,C60L63,POINT (-58.82844693585342 -2.505246810043861)
2022,CORTE SELETIVO,C60L63,POINT (-58.81647334916288 -2.571518015784985)
2022,CORTE SELETIVO,C60L63,POINT (-58.81725432508605 -2.5652522335829446)
2022,CORTE SELETIVO,C60L63,POINT (-58.81644594102847 -2.560453015904383)
2022,CORTE SELETIVO,C60L63,POINT (-58.816554000872905 -2.56034985997018)
2022,CORTE SELETIVO,C60L63,POINT (-58.816646701827864 -2.5601649716054116)
2022,CORTE SELETIVO,C60L63,POINT (-58.81595931869639 -2.5553462809286844)
2022,CORTE SELETIVO,C60L63,POINT (-58.81535455171132 -2.553553234554972)
2022,CORTE SELETIVO,C60L63,POINT (-58.813902164767235 -2.552251786603551)
2022,CORTE SELETIVO,C60L63,POINT (-58.816351713193285 -2.541451299577835)
2022,CORTE SELETIVO,C60L63,POINT (-58.817951007370574 -2.539847473727583)
2022,CORTE SELETIVO,C60L63,POINT (-58.81777872321702 -2.5393474193058174)
2022,CORTE SELETIVO,C60L63,POINT (-58.812962525423615 -2.5385871166399543)
2022,CORTE SELETIVO,C60L63,POINT (-58.8127466060799 -2.538450147741358)
2022,CORTE SELETIVO,C60L63,POINT (-58.812650052683615 -2.5381543866383973)
2022,CORTE SELETIVO,C60L63,POINT (-58.812354278182994 -2.538151631390948)
2022,CORTE SELETIVO,C60L63,POINT (-58.81424632015509 -2.5362488143085873)
2022,CORTE SELETIVO,C60L63,POINT (-58.81388703832363 -2.536149288371268)
2022,CORTE SELETIVO,C60L63,POINT (-58.814148385635086 -2.536154543379133)
2022,CORTE SELETIVO,C60L63,POINT (-58.81692889821692 -2.5343474207998185)
2022,CORTE SELETIVO,C60L63,POINT (-58.815310758856135 -2.5341685997617796)
2022,CORTE SELETIVO,C60L63,POINT (-58.81675139669974 -2.5342504443122866)
2022,CORTE SELETIVO,C60L63,POINT (-58.815047087700705 -2.5341503959013223)
2022,CORTE SELETIVO,C60L63,POINT (-58.8156522312349 -2.5341522726469616)
2022,CORTE SELETIVO,C60L63,POINT (-58.816854042190016 -2.534148505491231)
2022,CORTE SELETIVO,C60L63,POINT (-58.81515380743542 -2.534054503862778)
2022,CORTE SELETIVO,C60L63,POINT (-58.81651885165928 -2.5208950880074816)
2022,CORTE SELETIVO,C60L63,POINT (-58.8145516717539 -2.5201532556568824)
2022,CORTE SELETIVO,C60L63,POINT (-58.813756504934986 -2.518796684995422)
2022,CORTE SELETIVO,C60L63,POINT (-58.81344870240524 -2.518551677457276)
2022,CORTE SELETIVO,C60L63,POINT (-58.809549102234875 -2.5158502168940915)
2022,CORTE SELETIVO,C60L63,POINT (-58.80955484260184 -2.5155514973263897)
2022,CORTE SELETIVO,C60L63,POINT (-58.81572627596123 -2.5140478042139005)
2022,CORTE SELETIVO,C60L63,POINT (-58.81544513779693 -2.5138754513691817)
2022,CORTE SELETIVO,C60L63,POINT (-58.813546214217055 -2.513348102523906)
2022,CORTE SELETIVO,C60L63,POINT (-58.813946710157616 -2.5133502399868095)
2022,CORTE SELETIVO,C60L63,POINT (-58.80974535556233 -2.5118526033215103)
2022,CORTE SELETIVO,C60L63,POINT (-58.81684923613137 -2.5069485604116104)
2022,CORTE SELETIVO,C60L63,POINT (-58.81215147279921 -2.504348467241757)
2022,CORTE SELETIVO,C60L63,POINT (-58.8116531400375 -2.504328742750478)
2022,CORTE SELETIVO,C60L63,POINT (-58.81225248070703 -2.50414920320811)
2022,CORTE SELETIVO,C60L63,POINT (-58.8117528606598 -2.5040544474166433)
2022,CORTE SELETIVO,C60L63,POINT (-58.81624489593555 -2.5038527231932615)
2022,CORTE SELETIVO,C60L63,POINT (-58.816051635262426 -2.5038515784444297)
2022,CORTE SELETIVO,C60L63,POINT (-58.81614499673992 -2.5037463020924027)
2022,CORTE SELETIVO,C60L63,POINT (-58.811453583825326 -2.501947860614873)
2022,CORTE SELETIVO,C60L63,POINT (-58.81156243200669 -2.5016373996825982)
2022,CORTE SELETIVO,C60L63,POINT (-58.75464538158531 -2.736027752058198)
2022,CORTE SELETIVO,C60L63,POINT (-58.795648197116655 -2.7131541882705092)
2022,CORTE SELETIVO,C60L63,POINT (-58.770746567972104 -2.595847962013863)
2022,CORTE SELETIVO,C60L63,POINT (-58.78345157131297 -2.583646471823948)
2022,CORTE SELETIVO,C60L63,POINT (-58.801557372602076 -2.5571712583344053)
2022,CORTE SELETIVO,C60L63,POINT (-58.79492230429721 -2.551341643605686)
2022,CORTE SELETIVO,C60L63,POINT (-58.79675282116262 -2.548652086897272)
2022,CORTE SELETIVO,C60L63,POINT (-58.796949001628704 -2.5485456452431117)
2022,CORTE SELETIVO,C60L63,POINT (-58.804748912180976 -2.5477457715082568)
2022,CORTE SELETIVO,C60L63,POINT (-58.79415486142911 -2.545552760821495)
2022,CORTE SELETIVO,C60L63,POINT (-58.79474676661303 -2.544953318836669)
2022,CORTE SELETIVO,C60L63,POINT (-58.808749335224185 -2.539048211066608)
2022,CORTE SELETIVO,C60L63,POINT (-58.80595893437843 -2.5327432877306757)
2022,CORTE SELETIVO,C60L63,POINT (-58.80605086411883 -2.5324556816515384)
2022,CORTE SELETIVO,C60L63,POINT (-58.79004693616557 -2.53215303382898)
2022,CORTE SELETIVO,C60L63,POINT (-58.79174820753887 -2.529053339333699)
2022,CORTE SELETIVO,C60L63,POINT (-58.79145243332625 -2.5289025170074506)
2022,CORTE SELETIVO,C60L63,POINT (-58.79155213711881 -2.5286503073815347)
2022,CORTE SELETIVO,C60L63,POINT (-58.780550786605275 -2.5205526990686544)
2022,CORTE SELETIVO,C60L63,POINT (-58.80755244998061 -2.519887639517797)
2022,CORTE SELETIVO,C60L63,POINT (-58.790748715484796 -2.518442129652934)
2022,CORTE SELETIVO,C60L63,POINT (-58.80232316880885 -2.516742018870733)
2022,CORTE SELETIVO,C60L63,POINT (-58.809347600711305 -2.5158457485061376)
2022,CORTE SELETIVO,C60L63,POINT (-58.80775131656806 -2.5145224110484934)
2022,CORTE SELETIVO,C60L63,POINT (-58.79854542388983 -2.5143563211121025)
2022,CORTE SELETIVO,C60L63,POINT (-58.7840509649976 -2.50985111487257)
2022,CORTE SELETIVO,C60L63,POINT (-58.7859514101439 -2.5092531265186198)
2022,CORTE SELETIVO,C60L63,POINT (-58.79302748993192 -2.5091539685061766)
2022,CORTE SELETIVO,C60L63,POINT (-58.7928497948916 -2.5090524794274915)
2022,CORTE SELETIVO,C60L63,POINT (-58.7810539192933 -2.508851367860924)
2022,CORTE SELETIVO,C60L63,POINT (-58.780949617628195 -2.5087483776683377)
2022,CORTE SELETIVO,C60L63,POINT (-58.77835273780617 -2.5073546907821607)
2022,CORTE SELETIVO,C60L63,POINT (-58.76884790218673 -2.506253012336158)
2022,CORTE SELETIVO,C60L63,POINT (-58.76913362306334 -2.505634059797785)
2022,CORTE SELETIVO,C60L63,POINT (-58.80246628660464 -2.5047350990052193)
2022,CORTE SELETIVO,C60L63,POINT (-58.77544590942637 -2.5015478455408657)
2022,CORTE SELETIVO,C60L63,POINT (-58.77535330323622 -2.501448618025444)
2022,CORTE SELETIVO,C60L63,POINT (-58.78604729171311 -2.5013525255925213)
2022,CORTE SELETIVO,C60L63,POINT (-58.77455020071778 -2.5008467730669763)
2022,CORTE SELETIVO,C60L63,POINT (-58.77495410550445 -2.500853797428158)
2022,CORTE SELETIVO,C60L63,POINT (-58.77465121071592 -2.500045710345998)
2022,CORTE SELETIVO,C60L63,POINT (-58.9427548780699 -2.6660541115967145)
2022,CORTE SELETIVO,C60L63,POINT (-58.93615511016807 -2.656247538843864)
2022,CORTE SELETIVO,C60L63,POINT (-58.93605236386802 -2.656152980344541)
2022,CORTE SELETIVO,C60L63,POINT (-58.8479241098026 -2.6176159774739265)
2022,CORTE SELETIVO,C60L63,POINT (-58.848170927483984 -2.617248554696024)
2022,CORTE SELETIVO,C60L63,POINT (-58.85174244046505 -2.5530670021760096)
2022,CORTE SELETIVO,C60L63,POINT (-58.86574592939297 -2.5424455446763665)
2022,CORTE SELETIVO,C60L63,POINT (-58.882553005716034 -2.520554360982565)
2022,CORTE SELETIVO,C60L63,POINT (-58.82414506291419 -2.582552110010511)
2022,CORTE SELETIVO,C60L63,POINT (-58.842734696903335 -2.5703362285178577)
2022,CORTE SELETIVO,C60L63,POINT (-58.81745122192225 -2.5672543255168687)
2022,CORTE SELETIVO,C60L63,POINT (-58.81995143203115 -2.5660490741085997)
2022,CORTE SELETIVO,C60L63,POINT (-58.83674138822483 -2.56455710541702)
2022,CORTE SELETIVO,C60L63,POINT (-58.80189641588744 -2.5496405945386145)
2022,CORTE SELETIVO,C60L63,POINT (-58.809951979905215 -2.5317500869943785)
2022,CORTE SELETIVO,C60L63,POINT (-58.828649768120414 -2.539648285979439)
2022,CORTE SELETIVO,C60L63,POINT (-58.984653696480635 -2.5273527320470563)
2022,CORTE SELETIVO,C60L63,POINT (-58.942552908826315 -2.6661470943594465)
2022,CORTE SELETIVO,C60L63,POINT (-58.94254968550535 -2.665949149318186)
2022,CORTE SELETIVO,C60L63,POINT (-58.942345949932125 -2.6658464096474344)
2022,CORTE SELETIVO,C60L63,POINT (-58.94214782370524 -2.665153064144387)
2022,CORTE SELETIVO,C60L63,POINT (-58.94194863189481 -2.6649538313266077)
2022,CORTE SELETIVO,C60L63,POINT (-58.94164667906096 -2.664747802617642)
2022,CORTE SELETIVO,C60L63,POINT (-58.94124506763914 -2.6645487216925376)
2022,CORTE SELETIVO,C60L63,POINT (-58.94037010436322 -2.663939124066028)
2022,CORTE SELETIVO,C60L63,POINT (-58.940444912989236 -2.663752900173983)
2022,CORTE SELETIVO,C60L63,POINT (-58.94035052953674 -2.663648816055927)
2022,CORTE SELETIVO,C60L63,POINT (-58.94034953898833 -2.663446190440892)
2022,CORTE SELETIVO,C60L63,POINT (-58.940148565683735 -2.6634514127051454)
2022,CORTE SELETIVO,C60L63,POINT (-58.94045445015583 -2.66264741990377)
2022,CORTE SELETIVO,C60L63,POINT (-58.94035423655221 -2.6625543208895)
2022,CORTE SELETIVO,C60L63,POINT (-58.940045604628075 -2.6620486406822255)
2022,CORTE SELETIVO,C60L63,POINT (-58.9385544109654 -2.660847064454842)
2022,CORTE SELETIVO,C60L63,POINT (-58.98195412716847 -2.504347641575021)
2022,CORTE SELETIVO,C60L63,POINT (-58.85405068452227 -2.5690512887851904)
2022,CORTE SELETIVO,C60L63,POINT (-58.84694747996853 -2.563746655180413)
2022,CORTE SELETIVO,C60L63,POINT (-58.79584927841857 -2.5535492506756152)
2022,CORTE SELETIVO,C60L63,POINT (-58.840453024012334 -2.5526452572503358)
2022,CORTE SELETIVO,C60L63,POINT (-58.813805776941436 -2.5456451786842234)
2022,CORTE SELETIVO,C60L63,POINT (-58.81314781932879 -2.5452486497498557)
2022,CORTE SELETIVO,C60L63,POINT (-58.81385200857276 -2.545150255748247)
2022,CORTE SELETIVO,C60L63,POINT (-58.792849581848266 -2.5408515199355097)
2022,CORTE SELETIVO,C60L63,POINT (-58.8388534653246 -2.525248539378465)
2022,CORTE SELETIVO,C60L63,POINT (-58.838254809901684 -2.5236483345680787)
2022,CORTE SELETIVO,C60L63,POINT (-58.82394675728554 -2.521248544499156)
2022,CORTE SELETIVO,C60L63,POINT (-58.83555310679495 -2.5192531775372973)
2022,CORTE SELETIVO,C60L63,POINT (-58.83574642582543 -2.5191463436635955)
2022,CORTE SELETIVO,C60L63,POINT (-58.78414991672668 -2.509852371330368)
2022,CORTE SELETIVO,C60L63,POINT (-58.77865001502807 -2.5078534755386945)
2022,CORTE SELETIVO,C60L63,POINT (-58.7784462318614 -2.507846796572209)
2022,CORTE SELETIVO,C60L63,POINT (-58.85594621714078 -2.507146423489564)
2022,CORTE SELETIVO,C60L63,POINT (-58.85615233706461 -2.5451516508865644)
2022,CORTE SELETIVO,C60L63,POINT (-58.86605328700836 -2.5335481364442973)
2022,CORTE SELETIVO,C60L63,POINT (-58.86195277181879 -2.5292505836849304)
2022,CORTE SELETIVO,C60L63,POINT (-58.98464666833145 -2.527445795562336)
2022,CORTE SELETIVO,C60L63,POINT (-58.898447444161896 -2.518648323340596)
2022,CORTE SELETIVO,C60L63,POINT (-58.88244561422185 -2.51645438591963)
2022,CORTE SELETIVO,C60L63,POINT (-58.83484554758598 -2.5085508021199203)
2022,CORTE SELETIVO,C60L63,POINT (-58.90685372108968 -2.5041458553394986)
2022,CORTE SELETIVO,C60L63,POINT (-58.84005428187314 -2.550651791651922)
2022,CORTE SELETIVO,C60L63,POINT (-58.81375198379531 -2.5455473196504887)
2022,CORTE SELETIVO,C60L63,POINT (-58.83994720677553 -2.550646153515864)
2022,CORTE SELETIVO,C60L63,POINT (-58.81375236352732 -2.545148441256983)
2022,CORTE SELETIVO,C60L63,POINT (-58.8148480952853 -2.5398478459766256)
2022,CORTE SELETIVO,C60L63,POINT (-58.7672528707034 -2.5171532396763614)
2022,CORTE SELETIVO,C60L63,POINT (-58.881553498504424 -2.5001484808682224)
2022,CORTE SELETIVO,C60L63,POINT (-58.93614508991476 -2.6561471918713697)
2022,CORTE SELETIVO,C60L63,POINT (-58.84454824042838 -2.5699485949723675)
2022,CORTE SELETIVO,C60L63,POINT (-58.844755138460464 -2.5678537624633835)
2022,CORTE SELETIVO,C60L63,POINT (-58.84044569366982 -2.5527451912483228)
2022,CORTE SELETIVO,C60L63,POINT (-58.87545451413249 -2.528254867622708)
2022,CORTE SELETIVO,C60L63,POINT (-58.882452824720666 -2.516353134930942)
2022,CORTE SELETIVO,C60L63,POINT (-58.84014901393738 -2.550750448421745)
2022,CORTE SELETIVO,C60L63,POINT (-58.840153982990216 -2.5505495030265846)
2022,CORTE SELETIVO,C60L63,POINT (-58.795449991176945 -2.543346110500762)
2022,CORTE SELETIVO,C60L63,POINT (-58.79145092378687 -2.5290531940243897)
2022,CORTE SELETIVO,C60L63,POINT (-58.76734972203274 -2.5171526456293174)
2022,CORTE SELETIVO,C60L63,POINT (-58.98224508065171 -2.504251388723414)
2022,CORTE SELETIVO,C60L63,POINT (-58.844455008379235 -2.569952463008668)
2022,CORTE SELETIVO,C60L63,POINT (-58.81144624678599 -2.544348365948318)
2022,CORTE SELETIVO,C60L63,POINT (-58.89645397278279 -2.5275540143504864)
2022,CORTE SELETIVO,C60L63,POINT (-58.882154658922836 -2.5175501988000746)
2022,CORTE SELETIVO,C60L63,POINT (-58.98105057306945 -2.5042470729058404)
2022,CORTE SELETIVO,C60L63,POINT (-58.88125141265395 -2.5027502858640274)
2022,CORTE SELETIVO,C60L63,POINT (-58.84445136308063 -2.5700529446805827)
2022,CORTE SELETIVO,C60L63,POINT (-58.81365379644884 -2.5455537962892025)
2022,CORTE SELETIVO,C60L63,POINT (-58.76734671583133 -2.517052856750623)
2022,CORTE SELETIVO,C60L63,POINT (-58.98204742288199 -2.504352456240114)
2022,CORTE SELETIVO,C60L63,POINT (-58.884073364541706 -2.688452432092027)
2022,CORTE SELETIVO,C60L63,POINT (-58.88425042497307 -2.6883505210095575)
2022,CORTE SELETIVO,C60L63,POINT (-58.88434621164792 -2.6881472803320166)
2022,CORTE SELETIVO,C60L63,POINT (-58.9531537947948 -2.681130035672839)
2022,CORTE SELETIVO,C60L63,POINT (-58.95384527138593 -2.6747445240392356)
2022,CORTE SELETIVO,C60L63,POINT (-58.95572868708529 -2.674157147078502)
2022,CORTE SELETIVO,C60L63,POINT (-58.9448433157573 -2.6703494115284103)
2022,CORTE SELETIVO,C60L63,POINT (-58.94044681860408 -2.663846569748006)
2022,CORTE SELETIVO,C60L63,POINT (-58.94035386057064 -2.6637502034978358)
2022,CORTE SELETIVO,C60L63,POINT (-58.94025160897964 -2.663654482417719)
2022,CORTE SELETIVO,C60L63,POINT (-58.94025189478201 -2.6634525277198797)
2022,CORTE SELETIVO,C60L63,POINT (-58.940346130442336 -2.6629697187201202)
2022,CORTE SELETIVO,C60L63,POINT (-58.940251414862 -2.6628507187262156)
2022,CORTE SELETIVO,C60L63,POINT (-58.93885434302291 -2.662152984916426)
2022,CORTE SELETIVO,C60L63,POINT (-58.960451354750404 -2.6612486411007885)
2022,CORTE SELETIVO,C60L63,POINT (-58.96064698006298 -2.6612542151628444)
2022,CORTE SELETIVO,C60L63,POINT (-58.939277474065584 -2.661179115619994)
2022,CORTE SELETIVO,C60L63,POINT (-58.966643663550435 -2.658955835366591)
2022,CORTE SELETIVO,C60L63,POINT (-58.966373461343764 -2.6587534683701217)
2022,CORTE SELETIVO,C60L63,POINT (-58.936252809416686 -2.656153113398609)
2022,CORTE SELETIVO,C60L63,POINT (-58.96854851543297 -2.650485269244236)
2022,CORTE SELETIVO,C60L63,POINT (-58.96170298927983 -2.6429535868135425)
2022,CORTE SELETIVO,C60L63,POINT (-58.96325193080121 -2.580046569695009)
2022,CORTE SELETIVO,C60L63,POINT (-58.98701960145602 -2.552452415597023)
2022,CORTE SELETIVO,C60L63,POINT (-58.8885459671423 -2.536850533408325)
2022,CORTE SELETIVO,C60L63,POINT (-58.88644716881147 -2.533448919137093)
2022,CORTE SELETIVO,C60L63,POINT (-58.88635184328531 -2.533349338311711)
2022,CORTE SELETIVO,C60L63,POINT (-58.88675407034919 -2.5332464770272876)
2022,CORTE SELETIVO,C60L63,POINT (-58.883547238344875 -2.5297483510824748)
2022,CORTE SELETIVO,C60L63,POINT (-58.88365132876108 -2.5296475759135464)
2022,CORTE SELETIVO,C60L63,POINT (-58.8833500609135 -2.529508362750264)
2022,CORTE SELETIVO,C60L63,POINT (-58.989846763960514 -2.5248515677185006)
2022,CORTE SELETIVO,C60L63,POINT (-58.96014548130456 -2.5245508722583176)
2022,CORTE SELETIVO,C60L63,POINT (-58.9819468977403 -2.520751234001609)
2022,CORTE SELETIVO,C60L63,POINT (-58.89855218111842 -2.5186478627873434)
2022,CORTE SELETIVO,C60L63,POINT (-58.8827513114261 -2.517275823489237)
2022,CORTE SELETIVO,C60L63,POINT (-58.88284727722058 -2.5167174511226538)
2022,CORTE SELETIVO,C60L63,POINT (-58.88235022259305 -2.5165519563621297)
2022,CORTE SELETIVO,C60L63,POINT (-58.88284571532896 -2.5163452945639513)
2022,CORTE SELETIVO,C60L63,POINT (-58.88255101678362 -2.5161545725449233)
2022,CORTE SELETIVO,C60L63,POINT (-58.88285076257447 -2.516076591099767)
2022,CORTE SELETIVO,C60L63,POINT (-58.97634718456425 -2.510853364850615)
2022,CORTE SELETIVO,C60L63,POINT (-58.988951107268434 -2.5073067765247328)
2022,CORTE SELETIVO,C60L63,POINT (-58.981949528544185 -2.50444798511811)
2022,CORTE SELETIVO,C60L63,POINT (-58.84874937671126 -2.6164522617243744)
2022,CORTE SELETIVO,C60L63,POINT (-58.84835370520554 -2.6163505066743467)
2022,CORTE SELETIVO,C60L63,POINT (-58.87434494437078 -2.5894996673291524)
2022,CORTE SELETIVO,C60L63,POINT (-58.87421610460763 -2.5893453681512755)
2022,CORTE SELETIVO,C60L63,POINT (-58.84855097830723 -2.567245863384858)
2022,CORTE SELETIVO,C60L63,POINT (-58.84694949015947 -2.5666525728168224)
2022,CORTE SELETIVO,C60L63,POINT (-58.84675028034165 -2.566185344184497)
2022,CORTE SELETIVO,C60L63,POINT (-58.84574724290333 -2.5499533668581833)
2022,CORTE SELETIVO,C60L63,POINT (-58.856054898802206 -2.5488455285334624)
2022,CORTE SELETIVO,C60L63,POINT (-58.873349829072275 -2.547463279157609)
2022,CORTE SELETIVO,C60L63,POINT (-58.86585389237028 -2.5464496247527735)
2022,CORTE SELETIVO,C60L63,POINT (-58.88218391453264 -2.5433519470342727)
2022,CORTE SELETIVO,C60L63,POINT (-58.87594703073569 -2.543148701111547)
2022,CORTE SELETIVO,C60L63,POINT (-58.87585411460117 -2.5430484489679723)
2022,CORTE SELETIVO,C60L63,POINT (-58.84795669092992 -2.5383715221617233)
2022,CORTE SELETIVO,C60L63,POINT (-58.87135138919188 -2.535349764905889)
2022,CORTE SELETIVO,C60L63,POINT (-58.875546858529106 -2.534554320236117)
2022,CORTE SELETIVO,C60L63,POINT (-58.866247867263255 -2.53305368175778)
2022,CORTE SELETIVO,C60L63,POINT (-58.87405316876145 -2.5329525789640144)
2022,CORTE SELETIVO,C60L63,POINT (-58.8669483233367 -2.5318452170712655)
2022,CORTE SELETIVO,C60L63,POINT (-58.87695508072315 -2.530047316096981)
2022,CORTE SELETIVO,C60L63,POINT (-58.86185134329956 -2.5295518823197187)
2022,CORTE SELETIVO,C60L63,POINT (-58.86185277483827 -2.52925417706896)
2022,CORTE SELETIVO,C60L63,POINT (-58.87725262311416 -2.529249025577515)
2022,CORTE SELETIVO,C60L63,POINT (-58.860781402016784 -2.5292982769942203)
2022,CORTE SELETIVO,C60L63,POINT (-58.86194626472774 -2.52915327405967)
2022,CORTE SELETIVO,C60L63,POINT (-58.86234897640007 -2.5290464275298574)
2022,CORTE SELETIVO,C60L63,POINT (-58.87714666786912 -2.5290457566477067)
2022,CORTE SELETIVO,C60L63,POINT (-58.86225056734973 -2.52888231535591)
2022,CORTE SELETIVO,C60L63,POINT (-58.88004715023996 -2.524448747548315)
2022,CORTE SELETIVO,C60L63,POINT (-58.880252035603235 -2.5243485765700866)
2022,CORTE SELETIVO,C60L63,POINT (-58.88215264993391 -2.5171481775170172)
2022,CORTE SELETIVO,C60L63,POINT (-58.88224864432586 -2.5166518678988106)
2022,CORTE SELETIVO,C60L63,POINT (-58.862568534890386 -2.5128451623798087)
2022,CORTE SELETIVO,C60L63,POINT (-58.86254561454777 -2.5125452912407145)
2022,CORTE SELETIVO,C60L63,POINT (-58.865245797175696 -2.512068389623484)
2022,CORTE SELETIVO,C60L63,POINT (-58.86052325720236 -2.5063139424353067)
2022,CORTE SELETIVO,C60L63,POINT (-58.86075512080127 -2.506254716089805)
2022,CORTE SELETIVO,C60L63,POINT (-58.86065321060506 -2.5059544756987684)
2022,CORTE SELETIVO,C60L63,POINT (-58.85095042143691 -2.502852584545301)
2022,CORTE SELETIVO,C60L63,POINT (-58.85054993951916 -2.502572808475211)
2022,CORTE SELETIVO,C60L63,POINT (-58.85035035433643 -2.5024713386525077)
2022,CORTE SELETIVO,C60L63,POINT (-58.88125318139796 -2.502448993849704)
2022,CORTE SELETIVO,C60L63,POINT (-58.88154555825912 -2.502252049148841)
2022,CORTE SELETIVO,C60L63,POINT (-58.84385174836794 -2.734472081094932)
2022,CORTE SELETIVO,C60L63,POINT (-58.83836052870664 -2.6360295398718114)
2022,CORTE SELETIVO,C60L63,POINT (-58.82945294048684 -2.5835473360002625)
2022,CORTE SELETIVO,C60L63,POINT (-58.82935337253169 -2.5834543293990753)
2022,CORTE SELETIVO,C60L63,POINT (-58.82925385673903 -2.5833536918199904)
2022,CORTE SELETIVO,C60L63,POINT (-58.828948914049626 -2.5828515045048337)
2022,CORTE SELETIVO,C60L63,POINT (-58.8361526458528 -2.5807483645172415)
2022,CORTE SELETIVO,C60L63,POINT (-58.834448453696744 -2.5778457000486434)
2022,CORTE SELETIVO,C60L63,POINT (-58.84242605555277 -2.5727464946412)
2022,CORTE SELETIVO,C60L63,POINT (-58.84514777360533 -2.571145723194892)
2022,CORTE SELETIVO,C60L63,POINT (-58.845251876434084 -2.570954467671461)
2022,CORTE SELETIVO,C60L63,POINT (-58.83819102275327 -2.5691194608798726)
2022,CORTE SELETIVO,C60L63,POINT (-58.840549338553096 -2.5666719093996786)
2022,CORTE SELETIVO,C60L63,POINT (-58.840621221724625 -2.5662405659585734)
2022,CORTE SELETIVO,C60L63,POINT (-58.84524556535658 -2.5656513804873136)
2022,CORTE SELETIVO,C60L63,POINT (-58.832951935287376 -2.561152082584291)
2022,CORTE SELETIVO,C60L63,POINT (-58.843147706164146 -2.5547532659511303)
2022,CORTE SELETIVO,C60L63,POINT (-58.843150309303454 -2.554469085833451)
2022,CORTE SELETIVO,C60L63,POINT (-58.83744903282659 -2.5519506268436944)
2022,CORTE SELETIVO,C60L63,POINT (-58.840249599926715 -2.5508362758741248)
2022,CORTE SELETIVO,C60L63,POINT (-58.84035049983268 -2.5501460536654017)
2022,CORTE SELETIVO,C60L63,POINT (-58.840450924571385 -2.5500525946139883)
2022,CORTE SELETIVO,C60L63,POINT (-58.83614803352367 -2.547950569517339)
2022,CORTE SELETIVO,C60L63,POINT (-58.828763074346824 -2.5477538214132016)
2022,CORTE SELETIVO,C60L63,POINT (-58.82865374525092 -2.5476490392000737)
2022,CORTE SELETIVO,C60L63,POINT (-58.83295178505189 -2.541449204215011)
2022,CORTE SELETIVO,C60L63,POINT (-58.828254684178276 -2.5332453294635737)
2022,CORTE SELETIVO,C60L63,POINT (-58.837946195758775 -2.524913361204091)
2022,CORTE SELETIVO,C60L63,POINT (-58.83804731626393 -2.522849220431336)
2022,CORTE SELETIVO,C60L63,POINT (-58.837949747804686 -2.522753526093424)
2022,CORTE SELETIVO,C60L63,POINT (-58.83155440909525 -2.5226504327697357)
2022,CORTE SELETIVO,C60L63,POINT (-58.8316522971908 -2.5223535678416176)
2022,CORTE SELETIVO,C60L63,POINT (-58.8359523463737 -2.5189461345600397)
2022,CORTE SELETIVO,C60L63,POINT (-58.83567462418968 -2.5186913642785163)
2022,CORTE SELETIVO,C60L63,POINT (-58.83944646966321 -2.5175326304092165)
2022,CORTE SELETIVO,C60L63,POINT (-58.837154472120226 -2.517348380205193)
2022,CORTE SELETIVO,C60L63,POINT (-58.842789874283085 -2.5160375760813087)
2022,CORTE SELETIVO,C60L63,POINT (-58.83421857863115 -2.515852136668172)
2022,CORTE SELETIVO,C60L63,POINT (-58.83705269309673 -2.5153496259679176)
2022,CORTE SELETIVO,C60L63,POINT (-58.836145764405124 -2.5140502724405507)
2022,CORTE SELETIVO,C60L63,POINT (-58.83974606371383 -2.5125479889212867)
2022,CORTE SELETIVO,C60L63,POINT (-58.84003229521938 -2.5099528896674177)
2022,CORTE SELETIVO,C60L63,POINT (-58.83765313646654 -2.506509114121367)
2022,CORTE SELETIVO,C60L63,POINT (-58.83782418903955 -2.5063503751767313)
2022,CORTE SELETIVO,C60L63,POINT (-58.82535371211317 -2.588254245464422)
2022,CORTE SELETIVO,C60L63,POINT (-58.82517544113583 -2.587643144956776)
2022,CORTE SELETIVO,C60L63,POINT (-58.82053601516057 -2.586152048788007)
2022,CORTE SELETIVO,C60L63,POINT (-58.820152441876594 -2.5859502131302636)
2022,CORTE SELETIVO,C60L63,POINT (-58.81993309156656 -2.585557126129923)
2022,CORTE SELETIVO,C60L63,POINT (-58.82425338582541 -2.5825456792848915)
2022,CORTE SELETIVO,C60L63,POINT (-58.82034922252659 -2.5810526286653945)
2022,CORTE SELETIVO,C60L63,POINT (-58.82004591397107 -2.5806187929576625)
2022,CORTE SELETIVO,C60L63,POINT (-58.818929888989736 -2.571643311313965)
2022,CORTE SELETIVO,C60L63,POINT (-58.821849502697575 -2.570948375653153)
2022,CORTE SELETIVO,C60L63,POINT (-58.818449804749 -2.56804842660281)
2022,CORTE SELETIVO,C60L63,POINT (-58.81945289335611 -2.5679538135673794)
2022,CORTE SELETIVO,C60L63,POINT (-58.818346056914656 -2.5678521902634643)
2022,CORTE SELETIVO,C60L63,POINT (-58.818047792148434 -2.5674915301491494)
2022,CORTE SELETIVO,C60L63,POINT (-58.82005302413434 -2.565845525907968)
2022,CORTE SELETIVO,C60L63,POINT (-58.81665043781015 -2.560545417289909)
2022,CORTE SELETIVO,C60L63,POINT (-58.826447173346 -2.5601506626957744)
2022,CORTE SELETIVO,C60L63,POINT (-58.82635295061019 -2.5600505072251187)
2022,CORTE SELETIVO,C60L63,POINT (-58.815520096498716 -2.5538542604511845)
2022,CORTE SELETIVO,C60L63,POINT (-58.815450555913586 -2.553652503187884)
2022,CORTE SELETIVO,C60L63,POINT (-58.81395381328793 -2.552447695934258)
2022,CORTE SELETIVO,C60L63,POINT (-58.813753276912934 -2.552353876418929)
2022,CORTE SELETIVO,C60L63,POINT (-58.82144891517524 -2.5450898669354247)
2022,CORTE SELETIVO,C60L63,POINT (-58.82644828488815 -2.5406262228920884)
2022,CORTE SELETIVO,C60L63,POINT (-58.81505219217554 -2.540051379697207)
2022,CORTE SELETIVO,C60L63,POINT (-58.8260939235778 -2.538101001328566)
2022,CORTE SELETIVO,C60L63,POINT (-58.8275524424384 -2.537947659879199)
2022,CORTE SELETIVO,C60L63,POINT (-58.8242106807736 -2.5376468614256384)
2022,CORTE SELETIVO,C60L63,POINT (-58.81535270157807 -2.5363465731056203)
2022,CORTE SELETIVO,C60L63,POINT (-58.81865279822198 -2.522546559553518)
2022,CORTE SELETIVO,C60L63,POINT (-58.828146288553 -2.5188461277740326)
2022,CORTE SELETIVO,C60L63,POINT (-58.81535457717851 -2.5139503713207634)
2022,CORTE SELETIVO,C60L63,POINT (-58.82765073162464 -2.513439531290959)
2022,CORTE SELETIVO,C60L63,POINT (-58.82784826529899 -2.5133494810679227)
2022,CORTE SELETIVO,C60L63,POINT (-58.81394914409567 -2.5132480661586136)
2022,CORTE SELETIVO,C60L63,POINT (-58.81405296229871 -2.5131537647063418)
2022,CORTE SELETIVO,C60L63,POINT (-58.8137520910952 -2.5131528291118395)
2022,CORTE SELETIVO,C60L63,POINT (-58.81886498179572 -2.5113453880574212)
2022,CORTE SELETIVO,C60L63,POINT (-58.81723497275678 -2.5086958783058946)
2022,CORTE SELETIVO,C60L63,POINT (-58.81935475978572 -2.5067547926051454)
2022,CORTE SELETIVO,C60L63,POINT (-58.81634992241524 -2.5038467686804404)
2022,CORTE SELETIVO,C60L63,POINT (-58.81595507377464 -2.5018319634950306)
2022,CORTE SELETIVO,C60L63,POINT (-58.81554672967221 -2.50164782219718)
2022,CORTE SELETIVO,C60L63,POINT (-58.816747637751526 -2.5014546974950784)
2022,CORTE SELETIVO,C60L63,POINT (-58.75474942592975 -2.735545929780147)
2022,CORTE SELETIVO,C60L63,POINT (-58.78739288894898 -2.6455469275258356)
2022,CORTE SELETIVO,C60L63,POINT (-58.781652146699116 -2.566050503190625)
2022,CORTE SELETIVO,C60L63,POINT (-58.80273185194344 -2.5500527720620134)
2022,CORTE SELETIVO,C60L63,POINT (-58.8057540000694 -2.5497689060511943)
2022,CORTE SELETIVO,C60L63,POINT (-58.808153473145275 -2.549650074147577)
2022,CORTE SELETIVO,C60L63,POINT (-58.811450460013546 -2.544850953027581)
2022,CORTE SELETIVO,C60L63,POINT (-58.81295493456689 -2.544546965196521)
2022,CORTE SELETIVO,C60L63,POINT (-58.81299641646957 -2.5435532461549917)
2022,CORTE SELETIVO,C60L63,POINT (-58.81270228627178 -2.53855432840202)
2022,CORTE SELETIVO,C60L63,POINT (-58.81254813236642 -2.538439494035602)
2022,CORTE SELETIVO,C60L63,POINT (-58.8061821141104 -2.5348456587315455)
2022,CORTE SELETIVO,C60L63,POINT (-58.806148931705 -2.5324545740163096)
2022,CORTE SELETIVO,C60L63,POINT (-58.7900456520764 -2.5320506099828552)
2022,CORTE SELETIVO,C60L63,POINT (-58.790149576092915 -2.5319506898715853)
2022,CORTE SELETIVO,C60L63,POINT (-58.81294630407764 -2.5311458621317167)
2022,CORTE SELETIVO,C60L63,POINT (-58.78934850924287 -2.5259499008194277)
2022,CORTE SELETIVO,C60L63,POINT (-58.80605295341242 -2.5233962000331593)
2022,CORTE SELETIVO,C60L63,POINT (-58.780646298510256 -2.520491061170721)
2022,CORTE SELETIVO,C60L63,POINT (-58.80753976759754 -2.519192919744087)
2022,CORTE SELETIVO,C60L63,POINT (-58.81355427619419 -2.5185930193323123)
2022,CORTE SELETIVO,C60L63,POINT (-58.767254964697834 -2.5172510213522927)
2022,CORTE SELETIVO,C60L63,POINT (-58.80805155626092 -2.5146526625334436)
2022,CORTE SELETIVO,C60L63,POINT (-58.807653765724034 -2.514542712500001)
2022,CORTE SELETIVO,C60L63,POINT (-58.798754515927165 -2.514253195367868)
2022,CORTE SELETIVO,C60L63,POINT (-58.812553481176 -2.5135222895211218)
2022,CORTE SELETIVO,C60L63,POINT (-58.81355243924727 -2.5132499574672145)
2022,CORTE SELETIVO,C60L63,POINT (-58.77054902524062 -2.509950645811475)
2022,CORTE SELETIVO,C60L63,POINT (-58.78115151628998 -2.5088470823564193)
2022,CORTE SELETIVO,C60L63,POINT (-58.78095222726172 -2.508853105162242)
2022,CORTE SELETIVO,C60L63,POINT (-58.77775410772471 -2.508150538810396)
2022,CORTE SELETIVO,C60L63,POINT (-58.77825215870462 -2.5074475721545517)
2022,CORTE SELETIVO,C60L63,POINT (-58.7784735531165 -2.5071513730084187)
2022,CORTE SELETIVO,C60L63,POINT (-58.80224722680795 -2.5047171493288585)
2022,CORTE SELETIVO,C60L63,POINT (-58.77964651936455 -2.5031501548455624)
2022,CORTE SELETIVO,C60L63,POINT (-58.77975177123743 -2.5028086222943773)
2022,CORTE SELETIVO,C60L63,POINT (-58.779844860716274 -2.502649395813198)
2022,CORTE SELETIVO,C60L63,POINT (-58.78643869222547 -2.501445532219154)
2022,CORTE SELETIVO,C60L63,POINT (-58.775448619961274 -2.5013524255380357)
2022,CORTE SELETIVO,C60L63,POINT (-58.7751509596692 -2.501248096669554)
2022,CORTE SELETIVO,C60L63,POINT (-58.77494755759989 -2.5007486085959094)
2022,CORTE SELETIVO,C60L63,POINT (-58.77465205141067 -2.5007540909467303)
2022,CORTE SELETIVO,C60L63,POINT (-58.774652504095165 -2.5005515743744793)
2022,CORTE SELETIVO,C60L63,POINT (-58.96594877036011 -2.670347552663689)
2022,CORTE SELETIVO,C60L63,POINT (-58.94445228653822 -2.667953021137411)
2022,CORTE SELETIVO,C60L63,POINT (-58.942654764843006 -2.6660455257725753)
2022,CORTE SELETIVO,C60L63,POINT (-58.981550411943246 -2.65804656087308)
2022,CORTE SELETIVO,C60L63,POINT (-58.9363506458328 -2.656052959321799)
2022,CORTE SELETIVO,C60L63,POINT (-58.968253079188095 -2.6522475625408863)
2022,CORTE SELETIVO,C60L63,POINT (-58.88273644855454 -2.5205850845929243)
2022,CORTE SELETIVO,C60L63,POINT (-58.817448866735745 -2.5675516626271584)
2022,CORTE SELETIVO,C60L63,POINT (-58.81395468544101 -2.5451479991935644)
2022,CORTE SELETIVO,C60L63,POINT (-58.813854708083454 -2.5450539136346677)
2022,CORTE SELETIVO,C60L63,POINT (-58.814845858249974 -2.5399489148464953)
2022,CORTE SELETIVO,C60L63,POINT (-58.86404553261522 -2.535654634014203)
2022,CORTE SELETIVO,C60L63,POINT (-58.881154997760675 -2.5021528487995193)
2022,CORTE SELETIVO,C60L63,POINT (-58.936250200661696 -2.6560471800857095)
2022,CORTE SELETIVO,C60L63,POINT (-58.8641468222104 -2.5356488316717565)
2022,CORTE SELETIVO,C60L63,POINT (-58.94025195579916 -2.6635474518351607)
2022,CORTE SELETIVO,C60L63,POINT (-58.847946640671445 -2.61734891984735)
2022,CORTE SELETIVO,C60L63,POINT (-58.82424919872658 -2.582454412446624)
2022,CORTE SELETIVO,C60L63,POINT (-58.82404568676475 -2.5824518599132738)
2022,CORTE SELETIVO,C60L63,POINT (-58.881651755857476 -2.5346524696218977)
2022,CORTE SELETIVO,C60L63,POINT (-58.82835219850888 -2.533249759309031)
2022,CORTE SELETIVO,C60L63,POINT (-58.876553008624555 -2.5302547192340312)
2022,CORTE SELETIVO,C60L63,POINT (-58.87554520239038 -2.528148754179207)
2022,CORTE SELETIVO,C60L63,POINT (-58.88224936301295 -2.5206461150614214)
2022,CORTE SELETIVO,C60L63,POINT (-58.88144611090553 -2.5002526253731197)
2022,CORTE SELETIVO,C60L63,POINT (-58.84044530253775 -2.5525517290550406)
2022,CORTE SELETIVO,C60L63,POINT (-58.81674543377562 -2.534149488235651)
2022,CORTE SELETIVO,C60L63,POINT (-58.963750156391235 -2.6870474609202306)
2022,CORTE SELETIVO,C60L63,POINT (-58.970448447036475 -2.6846471289166858)
2022,CORTE SELETIVO,C60L63,POINT (-58.96110558433741 -2.6826527754377048)
2022,CORTE SELETIVO,C60L63,POINT (-58.96444619161061 -2.6822866617016725)
2022,CORTE SELETIVO,C60L63,POINT (-58.96475456433717 -2.682154023402209)
2022,CORTE SELETIVO,C60L63,POINT (-58.964648806906666 -2.682046787769826)
2022,CORTE SELETIVO,C60L63,POINT (-58.97254809046992 -2.6796478329905358)
2022,CORTE SELETIVO,C60L63,POINT (-58.954551037457115 -2.6790526973094444)
2022,CORTE SELETIVO,C60L63,POINT (-58.95475210971248 -2.678946016989926)
2022,CORTE SELETIVO,C60L63,POINT (-58.954045463254594 -2.6788487519790634)
2022,CORTE SELETIVO,C60L63,POINT (-58.95455326702428 -2.6788490102936553)
2022,CORTE SELETIVO,C60L63,POINT (-58.95425307054131 -2.6786546488310603)
2022,CORTE SELETIVO,C60L63,POINT (-58.965345191677244 -2.670381607944157)
2022,CORTE SELETIVO,C60L63,POINT (-58.965682633370506 -2.6705156726236368)
2022,CORTE SELETIVO,C60L63,POINT (-58.95315152196629 -2.6686567499545606)
2022,CORTE SELETIVO,C60L63,POINT (-58.96885420369888 -2.6664527150433686)
2022,CORTE SELETIVO,C60L63,POINT (-58.95527179873902 -2.666449599364465)
2022,CORTE SELETIVO,C60L63,POINT (-58.95515445365945 -2.6662546792099104)
2022,CORTE SELETIVO,C60L63,POINT (-58.955346258275256 -2.6661581169668196)
2022,CORTE SELETIVO,C60L63,POINT (-58.955151355742935 -2.665948256621569)
2022,CORTE SELETIVO,C60L63,POINT (-58.978919723104774 -2.6647394185029474)
2022,CORTE SELETIVO,C60L63,POINT (-58.97865294043831 -2.664470791073456)
2022,CORTE SELETIVO,C60L63,POINT (-58.95544674811589 -2.6642692594239503)
2022,CORTE SELETIVO,C60L63,POINT (-58.96125478209708 -2.6638493015429687)
2022,CORTE SELETIVO,C60L63,POINT (-58.96145496793745 -2.663762007423559)
2022,CORTE SELETIVO,C60L63,POINT (-58.96882152053579 -2.663546999915784)
2022,CORTE SELETIVO,C60L63,POINT (-58.961150382406345 -2.663448602893778)
2022,CORTE SELETIVO,C60L63,POINT (-58.95534147107691 -2.6635335107273725)
2022,CORTE SELETIVO,C60L63,POINT (-58.96858883516736 -2.6633497792474903)
2022,CORTE SELETIVO,C60L63,POINT (-58.96664988721219 -2.662751091499059)
2022,CORTE SELETIVO,C60L63,POINT (-58.96134819971724 -2.6626541542834103)
2022,CORTE SELETIVO,C60L63,POINT (-58.96697155456404 -2.6627539883036015)
2022,CORTE SELETIVO,C60L63,POINT (-58.966745128083815 -2.662606223374648)
2022,CORTE SELETIVO,C60L63,POINT (-58.96125126781396 -2.6624476952463025)
2022,CORTE SELETIVO,C60L63,POINT (-58.961452538898186 -2.662346448008694)
2022,CORTE SELETIVO,C60L63,POINT (-58.95634652288304 -2.6622512016012556)
2022,CORTE SELETIVO,C60L63,POINT (-58.96125280217332 -2.662150818961306)
2022,CORTE SELETIVO,C60L63,POINT (-58.961052992790016 -2.662053749943537)
2022,CORTE SELETIVO,C60L63,POINT (-58.955970543671604 -2.6619452468286275)
2022,CORTE SELETIVO,C60L63,POINT (-58.9603068072349 -2.661553786833101)
2022,CORTE SELETIVO,C60L63,POINT (-58.96016305654947 -2.661260226131079)
2022,CORTE SELETIVO,C60L63,POINT (-58.96855162157218 -2.6528457286842473)
2022,CORTE SELETIVO,C60L63,POINT (-58.96504820075401 -2.6473854084598223)
2022,CORTE SELETIVO,C60L63,POINT (-58.96924544880839 -2.6416468572493694)
2022,CORTE SELETIVO,C60L63,POINT (-58.98395460185767 -2.5200518183759173)
2022,CORTE SELETIVO,C60L63,POINT (-58.98389171713983 -2.5198544817004533)
2022,CORTE SELETIVO,C60L63,POINT (-58.98405227393213 -2.5196470045694848)
2022,CORTE SELETIVO,C60L63,POINT (-58.953050766217274 -2.686653711512965)
2022,CORTE SELETIVO,C60L63,POINT (-58.952771827222996 -2.6866513937882885)
2022,CORTE SELETIVO,C60L63,POINT (-58.95302489215972 -2.6864525586763963)
2022,CORTE SELETIVO,C60L63,POINT (-58.946646294397055 -2.6803138869833316)
2022,CORTE SELETIVO,C60L63,POINT (-58.94504314097752 -2.672950230594728)
2022,CORTE SELETIVO,C60L63,POINT (-58.945554500609894 -2.6728677566654904)
2022,CORTE SELETIVO,C60L63,POINT (-58.94585064886131 -2.6727492446712726)
2022,CORTE SELETIVO,C60L63,POINT (-58.94485059119261 -2.6726455550146104)
2022,CORTE SELETIVO,C60L63,POINT (-58.94474604364851 -2.672553968954684)
2022,CORTE SELETIVO,C60L63,POINT (-58.9469495244799 -2.67205350015656)
2022,CORTE SELETIVO,C60L63,POINT (-58.94434912250276 -2.671951956150672)
2022,CORTE SELETIVO,C60L63,POINT (-58.94664635470779 -2.671948488546575)
2022,CORTE SELETIVO,C60L63,POINT (-58.94705274433629 -2.6717519892100143)
2022,CORTE SELETIVO,C60L63,POINT (-58.94448768664547 -2.6707501529493514)
2022,CORTE SELETIVO,C60L63,POINT (-58.94455098874954 -2.669855400027652)
2022,CORTE SELETIVO,C60L63,POINT (-58.94494930148783 -2.6687486930845403)
2022,CORTE SELETIVO,C60L63,POINT (-58.944954710737875 -2.668549618150271)
2022,CORTE SELETIVO,C60L63,POINT (-58.95122752304881 -2.668448727103126)
2022,CORTE SELETIVO,C60L63,POINT (-58.94465414160826 -2.6684575034655915)
2022,CORTE SELETIVO,C60L63,POINT (-58.95075360260117 -2.668452946510774)
2022,CORTE SELETIVO,C60L63,POINT (-58.95105055988803 -2.668345506652358)
2022,CORTE SELETIVO,C60L63,POINT (-58.950859718696464 -2.668151550747267)
2022,CORTE SELETIVO,C60L63,POINT (-58.9518632868767 -2.6681464072603167)
2022,CORTE SELETIVO,C60L63,POINT (-58.94448336990673 -2.6680490912963073)
2022,CORTE SELETIVO,C60L63,POINT (-58.94442745428698 -2.667847246150511)
2022,CORTE SELETIVO,C60L63,POINT (-58.944145558430186 -2.667552326781854)
2022,CORTE SELETIVO,C60L63,POINT (-58.9442459777168 -2.667270015668269)
2022,CORTE SELETIVO,C60L63,POINT (-58.9426917266706 -2.666246914221523)
2022,CORTE SELETIVO,C60L63,POINT (-58.94255228149924 -2.6658500716609637)
2022,CORTE SELETIVO,C60L63,POINT (-58.94236612052818 -2.665750474593386)
2022,CORTE SELETIVO,C60L63,POINT (-58.94216312385839 -2.6648611165987113)
2022,CORTE SELETIVO,C60L63,POINT (-58.94180252985283 -2.6645491094350024)
2022,CORTE SELETIVO,C60L63,POINT (-58.94153697076848 -2.6646369031836814)
2022,CORTE SELETIVO,C60L63,POINT (-58.94125341142413 -2.6644006028415115)
2022,CORTE SELETIVO,C60L63,POINT (-58.94114721489804 -2.664248381368183)
2022,CORTE SELETIVO,C60L63,POINT (-58.94092922951155 -2.6640489672208685)
2022,CORTE SELETIVO,C60L63,POINT (-58.94075064081169 -2.66381474657763)
2022,CORTE SELETIVO,C60L63,POINT (-58.94034869669225 -2.663552709758757)
2022,CORTE SELETIVO,C60L63,POINT (-58.9404486127374 -2.6628485541424376)
2022,CORTE SELETIVO,C60L63,POINT (-58.940155102386036 -2.6628548531275054)
2022,CORTE SELETIVO,C60L63,POINT (-58.94058315578339 -2.6625896090854484)
2022,CORTE SELETIVO,C60L63,POINT (-58.94035147728186 -2.6623055807083036)
2022,CORTE SELETIVO,C60L63,POINT (-58.93974977771437 -2.661717121706893)
2022,CORTE SELETIVO,C60L63,POINT (-58.939446421794855 -2.6615011599980885)
2022,CORTE SELETIVO,C60L63,POINT (-58.93975245558133 -2.661448684097622)
2022,CORTE SELETIVO,C60L63,POINT (-58.9395462135115 -2.661351443633513)
2022,CORTE SELETIVO,C60L63,POINT (-58.93918018627932 -2.6613483868948413)
2022,CORTE SELETIVO,C60L63,POINT (-58.895750731096115 -2.6786525666541667)
2022,CORTE SELETIVO,C60L63,POINT (-58.939050379630935 -2.66125204812652)
2022,CORTE SELETIVO,C60L63,POINT (-58.938547919871844 -2.6606014103590123)
2022,CORTE SELETIVO,C60L63,POINT (-58.93885064805033 -2.6605530967583473)
2022,CORTE SELETIVO,C60L63,POINT (-58.93844616768647 -2.66024612772166)
2022,CORTE SELETIVO,C60L63,POINT (-58.93804934462299 -2.6601508158025107)
2022,CORTE SELETIVO,C60L63,POINT (-58.93825147933975 -2.6600499842519274)
2022,CORTE SELETIVO,C60L63,POINT (-58.90184814393869 -2.6581523830014175)
2022,CORTE SELETIVO,C60L63,POINT (-58.902048388096674 -2.657990764005778)
2022,CORTE SELETIVO,C60L63,POINT (-58.902248508218065 -2.657951574366981)
2022,CORTE SELETIVO,C60L63,POINT (-58.9362498213097 -2.6566535474892237)
2022,CORTE SELETIVO,C60L63,POINT (-58.936446405839796 -2.6564545511897104)
2022,CORTE SELETIVO,C60L63,POINT (-58.936252455098014 -2.6563503693662223)
2022,CORTE SELETIVO,C60L63,POINT (-58.93565350427989 -2.655251271516762)
2022,CORTE SELETIVO,C60L63,POINT (-58.88795253097735 -2.6413472655321577)
2022,CORTE SELETIVO,C60L63,POINT (-58.887847236049 -2.6407112304136793)
2022,CORTE SELETIVO,C60L63,POINT (-58.887649662495996 -2.6406532243320404)
2022,CORTE SELETIVO,C60L63,POINT (-58.87767336736911 -2.5466539666745542)
2022,CORTE SELETIVO,C60L63,POINT (-58.877848684854875 -2.5463474015964325)
2022,CORTE SELETIVO,C60L63,POINT (-58.86715235957729 -2.5405461115868984)
2022,CORTE SELETIVO,C60L63,POINT (-58.88235439817795 -2.539951951677584)
2022,CORTE SELETIVO,C60L63,POINT (-58.88254995129309 -2.5397768587144363)
2022,CORTE SELETIVO,C60L63,POINT (-58.8822457769363 -2.5398482838937144)
2022,CORTE SELETIVO,C60L63,POINT (-58.89165140780434 -2.539702535538718)
2022,CORTE SELETIVO,C60L63,POINT (-58.89185131013495 -2.5396537332886826)
2022,CORTE SELETIVO,C60L63,POINT (-58.86086459236887 -2.5388455339489875)
2022,CORTE SELETIVO,C60L63,POINT (-58.89378318984806 -2.5381504285050633)
2022,CORTE SELETIVO,C60L63,POINT (-58.855653866546426 -2.537249863782465)
2022,CORTE SELETIVO,C60L63,POINT (-58.86185103374443 -2.5349529007668914)
2022,CORTE SELETIVO,C60L63,POINT (-58.90243538034158 -2.5337502743409215)
2022,CORTE SELETIVO,C60L63,POINT (-58.86254503111742 -2.5314109263541513)
2022,CORTE SELETIVO,C60L63,POINT (-58.86225391389344 -2.53120845630188)
2022,CORTE SELETIVO,C60L63,POINT (-58.86255091131084 -2.5294452375682868)
2022,CORTE SELETIVO,C60L63,POINT (-58.87734921741622 -2.5284688586211117)
2022,CORTE SELETIVO,C60L63,POINT (-58.877547802833405 -2.5284538108399595)
2022,CORTE SELETIVO,C60L63,POINT (-58.8778517215064 -2.528245307434414)
2022,CORTE SELETIVO,C60L63,POINT (-58.867248722709 -2.5264539967087805)
2022,CORTE SELETIVO,C60L63,POINT (-58.86694767669944 -2.5263850452041647)
2022,CORTE SELETIVO,C60L63,POINT (-58.85903484132911 -2.5260543961774107)
2022,CORTE SELETIVO,C60L63,POINT (-58.8669534471212 -2.525949200248632)
2022,CORTE SELETIVO,C60L63,POINT (-58.85865152562805 -2.5200527985594157)
2022,CORTE SELETIVO,C60L63,POINT (-58.882646428816024 -2.519150427871909)
2022,CORTE SELETIVO,C60L63,POINT (-58.85564628328933 -2.50745120017202)
2022,CORTE SELETIVO,C60L63,POINT (-58.85565092657368 -2.5072514827528254)
2022,CORTE SELETIVO,C60L63,POINT (-58.86574765485277 -2.507053569701333)
2022,CORTE SELETIVO,C60L63,POINT (-58.865450408718544 -2.506851495457763)
2022,CORTE SELETIVO,C60L63,POINT (-58.865647504878254 -2.5067502830683526)
2022,CORTE SELETIVO,C60L63,POINT (-58.83305446199169 -2.5796558984045275)
2022,CORTE SELETIVO,C60L63,POINT (-58.83332332075489 -2.579643089764337)
2022,CORTE SELETIVO,C60L63,POINT (-58.83315353897362 -2.5793481763855968)
2022,CORTE SELETIVO,C60L63,POINT (-58.83334661902102 -2.5793540673281368)
2022,CORTE SELETIVO,C60L63,POINT (-58.84260876728463 -2.5751200127458205)
2022,CORTE SELETIVO,C60L63,POINT (-58.84224777208266 -2.5748579833810936)
2022,CORTE SELETIVO,C60L63,POINT (-58.85394713793006 -2.569154611056363)
2022,CORTE SELETIVO,C60L63,POINT (-58.85415378800955 -2.5690453984582238)
2022,CORTE SELETIVO,C60L63,POINT (-58.844954229526444 -2.5679529412738438)
2022,CORTE SELETIVO,C60L63,POINT (-58.84465303461466 -2.567851360376302)
2022,CORTE SELETIVO,C60L63,POINT (-58.85254713528596 -2.5647453993371365)
2022,CORTE SELETIVO,C60L63,POINT (-58.852452169256544 -2.564450835041293)
2022,CORTE SELETIVO,C60L63,POINT (-58.851450662445494 -2.5622453009160324)
2022,CORTE SELETIVO,C60L63,POINT (-58.85099817561497 -2.562050123196513)
2022,CORTE SELETIVO,C60L63,POINT (-58.85055119115626 -2.5620542536645017)
2022,CORTE SELETIVO,C60L63,POINT (-58.85044997620513 -2.5617496454058886)
2022,CORTE SELETIVO,C60L63,POINT (-58.85095255080419 -2.561649179279286)
2022,CORTE SELETIVO,C60L63,POINT (-58.84065146939262 -2.554551143619943)
2022,CORTE SELETIVO,C60L63,POINT (-58.84055439253511 -2.5544508631892664)
2022,CORTE SELETIVO,C60L63,POINT (-58.84294626495184 -2.5543509142760463)
2022,CORTE SELETIVO,C60L63,POINT (-58.83035421218645 -2.554148890360487)
2022,CORTE SELETIVO,C60L63,POINT (-58.830150303656524 -2.553951914128923)
2022,CORTE SELETIVO,C60L63,POINT (-58.830352075021665 -2.553664827063524)
2022,CORTE SELETIVO,C60L63,POINT (-58.84462437519059 -2.551852571696154)
2022,CORTE SELETIVO,C60L63,POINT (-58.8496497250078 -2.550552421416665)
2022,CORTE SELETIVO,C60L63,POINT (-58.83784679658525 -2.5462536012036407)
2022,CORTE SELETIVO,C60L63,POINT (-58.83545085780218 -2.54304838839813)
2022,CORTE SELETIVO,C60L63,POINT (-58.835111636996196 -2.5430548132465542)
2022,CORTE SELETIVO,C60L63,POINT (-58.82965307807316 -2.5398471964037226)
2022,CORTE SELETIVO,C60L63,POINT (-58.83193559154488 -2.5398514647701007)
2022,CORTE SELETIVO,C60L63,POINT (-58.82944884368709 -2.539652877852454)
2022,CORTE SELETIVO,C60L63,POINT (-58.82960814329649 -2.5395461642310435)
2022,CORTE SELETIVO,C60L63,POINT (-58.83117988367901 -2.5395521620181234)
2022,CORTE SELETIVO,C60L63,POINT (-58.85195295807687 -2.5312487310555136)
2022,CORTE SELETIVO,C60L63,POINT (-58.85184874106257 -2.531153525501802)
2022,CORTE SELETIVO,C60L63,POINT (-58.839748992679056 -2.530952919604095)
2022,CORTE SELETIVO,C60L63,POINT (-58.85404937869381 -2.5258488325735797)
2022,CORTE SELETIVO,C60L63,POINT (-58.854047983236455 -2.525649855404331)
2022,CORTE SELETIVO,C60L63,POINT (-58.83875392680993 -2.525654012888452)
2022,CORTE SELETIVO,C60L63,POINT (-58.838748870025164 -2.525445118653171)
2022,CORTE SELETIVO,C60L63,POINT (-58.83674759946983 -2.5214512839230148)
2022,CORTE SELETIVO,C60L63,POINT (-58.83575346028391 -2.519248780940408)
2022,CORTE SELETIVO,C60L63,POINT (-58.835448495560335 -2.5191458976266534)
2022,CORTE SELETIVO,C60L63,POINT (-58.84374669791901 -2.5117523479880193)
2022,CORTE SELETIVO,C60L63,POINT (-58.84715399728416 -2.5092539227614177)
2022,CORTE SELETIVO,C60L63,POINT (-58.855449624061336 -2.507246922661961)
2022,CORTE SELETIVO,C60L63,POINT (-58.85345477247892 -2.5065484589383624)
2022,CORTE SELETIVO,C60L63,POINT (-58.82644651009321 -2.578956239335308)
2022,CORTE SELETIVO,C60L63,POINT (-58.826251949077275 -2.5788638584846155)
2022,CORTE SELETIVO,C60L63,POINT (-58.82634785923659 -2.5786568783480974)
2022,CORTE SELETIVO,C60L63,POINT (-58.81895005078815 -2.5756488888460862)
2022,CORTE SELETIVO,C60L63,POINT (-58.818954336846915 -2.5709490362383707)
2022,CORTE SELETIVO,C60L63,POINT (-58.82644968089295 -2.5709544146101115)
2022,CORTE SELETIVO,C60L63,POINT (-58.826350762266394 -2.5708531156571865)
2022,CORTE SELETIVO,C60L63,POINT (-58.81894860081747 -2.570753509745417)
2022,CORTE SELETIVO,C60L63,POINT (-58.82654628394264 -2.5707512683647034)
2022,CORTE SELETIVO,C60L63,POINT (-58.82644738629726 -2.5706464898091457)
2022,CORTE SELETIVO,C60L63,POINT (-58.81884533637091 -2.5704503844404183)
2022,CORTE SELETIVO,C60L63,POINT (-58.8222869867442 -2.570252776287045)
2022,CORTE SELETIVO,C60L63,POINT (-58.821053615911346 -2.5701519268374264)
2022,CORTE SELETIVO,C60L63,POINT (-58.82084935052107 -2.5700543828483795)
2022,CORTE SELETIVO,C60L63,POINT (-58.82115388000295 -2.570052062630613)
2022,CORTE SELETIVO,C60L63,POINT (-58.820646831544714 -2.5699521568611634)
2022,CORTE SELETIVO,C60L63,POINT (-58.8209801921538 -2.569751921958599)
2022,CORTE SELETIVO,C60L63,POINT (-58.82324722617766 -2.5684480045167017)
2022,CORTE SELETIVO,C60L63,POINT (-58.82314883796575 -2.5682451223843468)
2022,CORTE SELETIVO,C60L63,POINT (-58.8199495649349 -2.56584857874276)
2022,CORTE SELETIVO,C60L63,POINT (-58.81974575300555 -2.56575283260759)
2022,CORTE SELETIVO,C60L63,POINT (-58.81984788214587 -2.5656484246254654)
2022,CORTE SELETIVO,C60L63,POINT (-58.82244812736251 -2.5589510247210034)
2022,CORTE SELETIVO,C60L63,POINT (-58.8223775691854 -2.5585509604939674)
2022,CORTE SELETIVO,C60L63,POINT (-58.81594813522817 -2.555748001250623)
2022,CORTE SELETIVO,C60L63,POINT (-58.81565219637084 -2.555353852771012)
2022,CORTE SELETIVO,C60L63,POINT (-58.82704666667116 -2.5483083103102473)
2022,CORTE SELETIVO,C60L63,POINT (-58.816654479013295 -2.544449431900354)
2022,CORTE SELETIVO,C60L63,POINT (-58.81674572477747 -2.544350032837853)
2022,CORTE SELETIVO,C60L63,POINT (-58.816495515032614 -2.54114899445296)
2022,CORTE SELETIVO,C60L63,POINT (-58.81624938379194 -2.5409496353227468)
2022,CORTE SELETIVO,C60L63,POINT (-58.816393308182626 -2.540846927072647)
2022,CORTE SELETIVO,C60L63,POINT (-58.81654825649725 -2.540646041714943)
2022,CORTE SELETIVO,C60L63,POINT (-58.82164800706782 -2.5397542000071156)
2022,CORTE SELETIVO,C60L63,POINT (-58.81878290998752 -2.539753103427984)
2022,CORTE SELETIVO,C60L63,POINT (-58.81953123886778 -2.5397494855261282)
2022,CORTE SELETIVO,C60L63,POINT (-58.82124711344813 -2.5397479398612486)
2022,CORTE SELETIVO,C60L63,POINT (-58.8292468550046 -2.539551547051715)
2022,CORTE SELETIVO,C60L63,POINT (-58.82644556194103 -2.5380540022888)
2022,CORTE SELETIVO,C60L63,POINT (-58.82725145818526 -2.535150690513214)
2022,CORTE SELETIVO,C60L63,POINT (-58.82715255674164 -2.535047842897231)
2022,CORTE SELETIVO,C60L63,POINT (-58.81764635197202 -2.5343508534468944)
2022,CORTE SELETIVO,C60L63,POINT (-58.826948256485245 -2.5342518398640412)
2022,CORTE SELETIVO,C60L63,POINT (-58.82698845795595 -2.5339540909034635)
2022,CORTE SELETIVO,C60L63,POINT (-58.82394720940553 -2.5209525104669805)
2022,CORTE SELETIVO,C60L63,POINT (-58.815753784723185 -2.5065533130119175)
2022,CORTE SELETIVO,C60L63,POINT (-58.81555425028653 -2.5065522294486984)
2022,CORTE SELETIVO,C60L63,POINT (-58.79594571538387 -2.5534490236659364)
2022,CORTE SELETIVO,C60L63,POINT (-58.80582945088102 -2.550152681908114)
2022,CORTE SELETIVO,C60L63,POINT (-58.80595319863411 -2.5499531919216873)
2022,CORTE SELETIVO,C60L63,POINT (-58.80804527297724 -2.5492541666940314)
2022,CORTE SELETIVO,C60L63,POINT (-58.80805388538873 -2.549052901830867)
2022,CORTE SELETIVO,C60L63,POINT (-58.808147423668196 -2.5488486498697425)
2022,CORTE SELETIVO,C60L63,POINT (-58.80864582121135 -2.54874884688454)
2022,CORTE SELETIVO,C60L63,POINT (-58.80815194008711 -2.548551774100096)
2022,CORTE SELETIVO,C60L63,POINT (-58.808210539063616 -2.5481520657520518)
2022,CORTE SELETIVO,C60L63,POINT (-58.80894766585989 -2.5481487749776797)
2022,CORTE SELETIVO,C60L63,POINT (-58.808750298836905 -2.5481155785303597)
2022,CORTE SELETIVO,C60L63,POINT (-58.808151731977276 -2.5477516845762778)
2022,CORTE SELETIVO,C60L63,POINT (-58.810946819656884 -2.546745141565192)
2022,CORTE SELETIVO,C60L63,POINT (-58.81086407940457 -2.546547526378036)
2022,CORTE SELETIVO,C60L63,POINT (-58.811147453313744 -2.546489156346973)
2022,CORTE SELETIVO,C60L63,POINT (-58.81404975663503 -2.545450683201564)
2022,CORTE SELETIVO,C60L63,POINT (-58.813251358350776 -2.5452516126500844)
2022,CORTE SELETIVO,C60L63,POINT (-58.814045325898874 -2.545208665865628)
2022,CORTE SELETIVO,C60L63,POINT (-58.81285338016121 -2.5444531743267227)
2022,CORTE SELETIVO,C60L63,POINT (-58.8129503349312 -2.544248928411685)
2022,CORTE SELETIVO,C60L63,POINT (-58.81259766477596 -2.5438544148464026)
2022,CORTE SELETIVO,C60L63,POINT (-58.8131541766792 -2.543754405967723)
2022,CORTE SELETIVO,C60L63,POINT (-58.81385251191125 -2.5436454126084853)
2022,CORTE SELETIVO,C60L63,POINT (-58.79555076980691 -2.5435497334916395)
2022,CORTE SELETIVO,C60L63,POINT (-58.81359077948687 -2.5432452823509357)
2022,CORTE SELETIVO,C60L63,POINT (-58.81473781040864 -2.5425490139226845)
2022,CORTE SELETIVO,C60L63,POINT (-58.81484678243613 -2.542346399475074)
2022,CORTE SELETIVO,C60L63,POINT (-58.80684742438539 -2.539450987033456)
2022,CORTE SELETIVO,C60L63,POINT (-58.81424957455689 -2.5360466439071616)
2022,CORTE SELETIVO,C60L63,POINT (-58.79844752583876 -2.53575222395022)
2022,CORTE SELETIVO,C60L63,POINT (-58.791750156217596 -2.5292458315282462)
2022,CORTE SELETIVO,C60L63,POINT (-58.81354981909863 -2.518751093893262)
2022,CORTE SELETIVO,C60L63,POINT (-58.78163329841127 -2.518546657801827)
2022,CORTE SELETIVO,C60L63,POINT (-58.78424533483737 -2.5098470086581237)
2022,CORTE SELETIVO,C60L63,POINT (-58.81475416506313 -2.506254257260295)
2022,CORTE SELETIVO,C60L63,POINT (-58.806154001074866 -2.503150516167239)
2022,CORTE SELETIVO,C60L63,POINT (-58.783754041751436 -2.503151468931037)
2022,CORTE SELETIVO,C60L63,POINT (-58.80634579735719 -2.50315336873366)
2022,CORTE SELETIVO,C60L63,POINT (-58.784148021017025 -2.503050026843027)
2022,CORTE SELETIVO,C60L63,POINT (-58.80604706963413 -2.502947871708704)
2022,CORTE SELETIVO,C60L63,POINT (-58.78409289352046 -2.5028508605642408)
2022,CORTE SELETIVO,C60L63,POINT (-58.80585304118062 -2.5028387181179768)
2022,CORTE SELETIVO,C60L63,POINT (-58.80064270584581 -2.5017489663277725)
2022,CORTE SELETIVO,C60L63,POINT (-58.800545729298555 -2.5014470978416243)
2022,CORTE SELETIVO,C60L63,POINT (-58.805401049345726 -2.50064690748594)
2022,CORTE SELETIVO,C60L63,POINT (-58.76894844210276 -2.50064767457566)
2022,CORTE SELETIVO,C60L63,POINT (-58.963245173533245 -2.687552846000804)
2022,CORTE SELETIVO,C60L63,POINT (-58.856150611117855 -2.5450466805427525)
2022,CORTE SELETIVO,C60L63,POINT (-58.88154615852884 -2.53425250220541)
2022,CORTE SELETIVO,C60L63,POINT (-58.880053949369255 -2.5243463199179343)
2022,CORTE SELETIVO,C60L63,POINT (-58.811449017781115 -2.544951805120761)
2022,CORTE SELETIVO,C60L63,POINT (-58.81154955814714 -2.5448463188437707)
2022,CORTE SELETIVO,C60L63,POINT (-58.867449650351496 -2.5277463656305033)
2022,CORTE SELETIVO,C60L63,POINT (-58.86555232386943 -2.5057525013173727)
2022,CORTE SELETIVO,C60L63,POINT (-58.88115404538519 -2.5024472023814153)
2022,CORTE SELETIVO,C60L63,POINT (-58.981645523661065 -2.6580541250958296)
2022,CORTE SELETIVO,C60L63,POINT (-58.77144850657652 -2.5957500160790765)
2022,CORTE SELETIVO,C60L63,POINT (-58.8557355828444 -2.5352468369746335)
2022,CORTE SELETIVO,C60L63,POINT (-58.88254833042891 -2.5160526445199682)
2022,CORTE SELETIVO,C60L63,POINT (-58.93614570881559 -2.6560517395801986)
2022,CORTE SELETIVO,C60L63,POINT (-58.84464892210283 -2.567948402206377)
2022,CORTE SELETIVO,C60L63,POINT (-58.84025081923261 -2.5505457267504457)
2022,CORTE SELETIVO,C60L63,POINT (-58.85625407276836 -2.5452465589239717)
2022,CORTE SELETIVO,C60L63,POINT (-58.828353625780856 -2.5333539231969637)
2022,CORTE SELETIVO,C60L63,POINT (-58.81654586380096 -2.520749939419961)
2022,CORTE SELETIVO,C60L63,POINT (-58.84005202846336 -2.5162461578297686)
2022,CORTE SELETIVO,C60L63,POINT (-58.981475352381125 -2.5044527933758953)
2022,CORTE SELETIVO,C60L63,POINT (-58.96495201756797 -2.6821526546318526)
2022,CORTE SELETIVO,C60L63,POINT (-58.97144941654988 -2.681953409585343)
2022,CORTE SELETIVO,C60L63,POINT (-58.964948618040836 -2.681848424602299)
2022,CORTE SELETIVO,C60L63,POINT (-58.966148205805254 -2.670548551510768)
2022,CORTE SELETIVO,C60L63,POINT (-58.96585325546786 -2.670451543047734)
2022,CORTE SELETIVO,C60L63,POINT (-58.965548381898536 -2.670354633915807)
2022,CORTE SELETIVO,C60L63,POINT (-58.9760504892637 -2.669151485083266)
2022,CORTE SELETIVO,C60L63,POINT (-58.97595121286133 -2.669046260027985)
2022,CORTE SELETIVO,C60L63,POINT (-58.974351773706005 -2.6678506299741884)
2022,CORTE SELETIVO,C60L63,POINT (-58.96895127882555 -2.6669499379863786)
2022,CORTE SELETIVO,C60L63,POINT (-58.968749919642704 -2.6661545663996247)
2022,CORTE SELETIVO,C60L63,POINT (-58.96875502574459 -2.663447956133451)
2022,CORTE SELETIVO,C60L63,POINT (-58.965447961538835 -2.6627527248206952)
2022,CORTE SELETIVO,C60L63,POINT (-58.96525330371271 -2.662751066035078)
2022,CORTE SELETIVO,C60L63,POINT (-58.96515342995284 -2.6626472047926777)
2022,CORTE SELETIVO,C60L63,POINT (-58.98154696582033 -2.657949789501471)
2022,CORTE SELETIVO,C60L63,POINT (-58.96935008201557 -2.6418109174884807)
2022,CORTE SELETIVO,C60L63,POINT (-58.969252482699325 -2.6415536684559457)
2022,CORTE SELETIVO,C60L63,POINT (-58.969551510881765 -2.6415454594803998)
2022,CORTE SELETIVO,C60L63,POINT (-58.9818519853874 -2.5044498103518635)
2022,CORTE SELETIVO,C60L63,POINT (-58.952952556610434 -2.686649683169347)
2022,CORTE SELETIVO,C60L63,POINT (-58.952849273609075 -2.686547899288282)
2022,CORTE SELETIVO,C60L63,POINT (-58.96464621534996 -2.6821513342214467)
2022,CORTE SELETIVO,C60L63,POINT (-58.96465206697153 -2.6819416379679732)
2022,CORTE SELETIVO,C60L63,POINT (-58.94645090213774 -2.680052694908564)
2022,CORTE SELETIVO,C60L63,POINT (-58.94465425439993 -2.66999353363687)
2022,CORTE SELETIVO,C60L63,POINT (-58.95034688091015 -2.668545726315114)
2022,CORTE SELETIVO,C60L63,POINT (-58.950854093039126 -2.6684479289986127)
2022,CORTE SELETIVO,C60L63,POINT (-58.951053265137894 -2.668447380436451)
2022,CORTE SELETIVO,C60L63,POINT (-58.942647242008896 -2.66615074754364)
2022,CORTE SELETIVO,C60L63,POINT (-58.958646978130105 -2.6656463698247372)
2022,CORTE SELETIVO,C60L63,POINT (-58.95865172796835 -2.6654531962945853)
2022,CORTE SELETIVO,C60L63,POINT (-58.93837301722133 -2.6646467886895326)
2022,CORTE SELETIVO,C60L63,POINT (-58.94055027655564 -2.663753616758944)
2022,CORTE SELETIVO,C60L63,POINT (-58.961250673321445 -2.663649414479747)
2022,CORTE SELETIVO,C60L63,POINT (-58.94045182400912 -2.662751416094224)
2022,CORTE SELETIVO,C60L63,POINT (-58.9614492272408 -2.662649240333793)
2022,CORTE SELETIVO,C60L63,POINT (-58.93984537481678 -2.6619475556048666)
2022,CORTE SELETIVO,C60L63,POINT (-58.939551390760535 -2.6615548326701637)
2022,CORTE SELETIVO,C60L63,POINT (-58.95514909823064 -2.658132211643907)
2022,CORTE SELETIVO,C60L63,POINT (-58.91195052359122 -2.5885483693170204)
2022,CORTE SELETIVO,C60L63,POINT (-58.91185034480435 -2.5884501993778395)
2022,CORTE SELETIVO,C60L63,POINT (-58.84495070587627 -2.5678531536558644)
2022,CORTE SELETIVO,C60L63,POINT (-58.845247487779254 -2.5657514897313343)
2022,CORTE SELETIVO,C60L63,POINT (-58.84034822119131 -2.555046494644886)
2022,CORTE SELETIVO,C60L63,POINT (-58.80805051759724 -2.549354289039807)
2022,CORTE SELETIVO,C60L63,POINT (-58.81355409334727 -2.545553049506997)
2022,CORTE SELETIVO,C60L63,POINT (-58.8115504748056 -2.544954383772869)
2022,CORTE SELETIVO,C60L63,POINT (-58.82854938953586 -2.5396479173735638)
2022,CORTE SELETIVO,C60L63,POINT (-58.82705344234569 -2.534349757374214)
2022,CORTE SELETIVO,C60L63,POINT (-58.79155445615909 -2.5292501299150967)
2022,CORTE SELETIVO,C60L63,POINT (-58.88265242864264 -2.519247291151146)
2022,CORTE SELETIVO,C60L63,POINT (-58.882452552729326 -2.519051044535158)
2022,CORTE SELETIVO,C60L63,POINT (-58.88265336052984 -2.5189519810805363)
2022,CORTE SELETIVO,C60L63,POINT (-58.89835260120988 -2.5186544715972428)
2022,CORTE SELETIVO,C60L63,POINT (-58.78415507748895 -2.509751084911355)
2022,CORTE SELETIVO,C60L63,POINT (-58.77874870776254 -2.5075544321201377)
2022,CORTE SELETIVO,C60L63,POINT (-58.78384566033476 -2.5028539144482576)
2022,CORTE SELETIVO,C60L63,POINT (-58.99114654583501 -2.729946973684594)
2022,CORTE SELETIVO,C60L63,POINT (-58.9230495901962 -2.6977272224344295)
2022,CORTE SELETIVO,C60L63,POINT (-58.96316023916387 -2.687447538967248)
2022,CORTE SELETIVO,C60L63,POINT (-58.96304544660022 -2.6871479407411742)
2022,CORTE SELETIVO,C60L63,POINT (-58.95904977751979 -2.68234940871156)
2022,CORTE SELETIVO,C60L63,POINT (-58.9533108118091 -2.6810537991520618)
2022,CORTE SELETIVO,C60L63,POINT (-58.97264566528028 -2.679745339168297)
2022,CORTE SELETIVO,C60L63,POINT (-58.954647180333914 -2.6792510107803293)
2022,CORTE SELETIVO,C60L63,POINT (-58.991351795772815 -2.678853318330194)
2022,CORTE SELETIVO,C60L63,POINT (-58.95559552204023 -2.6744496336879746)
2022,CORTE SELETIVO,C60L63,POINT (-58.95545319971871 -2.674349292526791)
2022,CORTE SELETIVO,C60L63,POINT (-58.9513537616163 -2.6685537442717813)
2022,CORTE SELETIVO,C60L63,POINT (-58.944853500606406 -2.668446006928274)
2022,CORTE SELETIVO,C60L63,POINT (-58.97355042269649 -2.6669078609778936)
2022,CORTE SELETIVO,C60L63,POINT (-58.942546490452884 -2.665745364259389)
2022,CORTE SELETIVO,C60L63,POINT (-58.96135119031476 -2.6638957942655934)
2022,CORTE SELETIVO,C60L63,POINT (-58.96115312597423 -2.6635517744554575)
2022,CORTE SELETIVO,C60L63,POINT (-58.96704864207458 -2.6633480628483452)
2022,CORTE SELETIVO,C60L63,POINT (-58.96885182665608 -2.6633522765822426)
2022,CORTE SELETIVO,C60L63,POINT (-58.93865380413103 -2.66238315044366)
2022,CORTE SELETIVO,C60L63,POINT (-58.939447870716904 -2.6612486836631293)
2022,CORTE SELETIVO,C60L63,POINT (-58.96035326642276 -2.6611532040117765)
2022,CORTE SELETIVO,C60L63,POINT (-58.95907671831287 -2.6585137318001815)
2022,CORTE SELETIVO,C60L63,POINT (-58.981651559523485 -2.6579478224147794)
2022,CORTE SELETIVO,C60L63,POINT (-58.96104883573005 -2.6574560621471837)
2022,CORTE SELETIVO,C60L63,POINT (-58.93545264824735 -2.6547476746279974)
2022,CORTE SELETIVO,C60L63,POINT (-58.969349141657034 -2.6436529145726464)
2022,CORTE SELETIVO,C60L63,POINT (-58.969249091630346 -2.643549484904776)
2022,CORTE SELETIVO,C60L63,POINT (-58.96228780260098 -2.643354932264883)
2022,CORTE SELETIVO,C60L63,POINT (-58.92555318690303 -2.600593557629896)
2022,CORTE SELETIVO,C60L63,POINT (-58.92515310206525 -2.599254145352506)
2022,CORTE SELETIVO,C60L63,POINT (-58.92224693238787 -2.5975533755468705)
2022,CORTE SELETIVO,C60L63,POINT (-58.95365473752009 -2.5864509433015677)
2022,CORTE SELETIVO,C60L63,POINT (-58.94544902273885 -2.5837507073396906)
2022,CORTE SELETIVO,C60L63,POINT (-58.8952503933217 -2.573246811229227)
2022,CORTE SELETIVO,C60L63,POINT (-58.961152978107734 -2.5680526266434653)
2022,CORTE SELETIVO,C60L63,POINT (-58.96124644579652 -2.5679229576449383)
2022,CORTE SELETIVO,C60L63,POINT (-58.88355260532317 -2.529853709267581)
2022,CORTE SELETIVO,C60L63,POINT (-58.89644843176702 -2.527354853917059)
2022,CORTE SELETIVO,C60L63,POINT (-58.99014579679661 -2.5248492384412393)
2022,CORTE SELETIVO,C60L63,POINT (-58.96035088214886 -2.52465161325733)
2022,CORTE SELETIVO,C60L63,POINT (-58.96015052702065 -2.524448714307952)
2022,CORTE SELETIVO,C60L63,POINT (-58.88355404749967 -2.5243535404308277)
2022,CORTE SELETIVO,C60L63,POINT (-58.91915095517808 -2.501646715805137)
2022,CORTE SELETIVO,C60L63,POINT (-58.8742535602258 -2.589648106940305)
2022,CORTE SELETIVO,C60L63,POINT (-58.8547483378446 -2.568253295095415)
2022,CORTE SELETIVO,C60L63,POINT (-58.85492726504502 -2.568148353048817)
2022,CORTE SELETIVO,C60L63,POINT (-58.854751918568326 -2.5680481245228375)
2022,CORTE SELETIVO,C60L63,POINT (-58.85515098473446 -2.5677795385891913)
2022,CORTE SELETIVO,C60L63,POINT (-58.850251795380395 -2.5636510589828676)
2022,CORTE SELETIVO,C60L63,POINT (-58.85134689842882 -2.5621474736949494)
2022,CORTE SELETIVO,C60L63,POINT (-58.85115221027477 -2.5522515740604024)
2022,CORTE SELETIVO,C60L63,POINT (-58.86584733778921 -2.546548521196756)
2022,CORTE SELETIVO,C60L63,POINT (-58.8822528656763 -2.5427459708273505)
2022,CORTE SELETIVO,C60L63,POINT (-58.86794629387089 -2.539353135091956)
2022,CORTE SELETIVO,C60L63,POINT (-58.864154262721044 -2.535748175411378)
2022,CORTE SELETIVO,C60L63,POINT (-58.8533457656713 -2.533853502721543)
2022,CORTE SELETIVO,C60L63,POINT (-58.86624728991135 -2.5331467715048768)
2022,CORTE SELETIVO,C60L63,POINT (-58.87385016296356 -2.5324465968486733)
2022,CORTE SELETIVO,C60L63,POINT (-58.853245495644906 -2.5324472204793325)
2022,CORTE SELETIVO,C60L63,POINT (-58.85325452687529 -2.532245253405286)
2022,CORTE SELETIVO,C60L63,POINT (-58.88245013482166 -2.531653125008032)
2022,CORTE SELETIVO,C60L63,POINT (-58.866548812096944 -2.531653100617504)
2022,CORTE SELETIVO,C60L63,POINT (-58.88344517301946 -2.529698755104)
2022,CORTE SELETIVO,C60L63,POINT (-58.88325019920356 -2.5294022209730667)
2022,CORTE SELETIVO,C60L63,POINT (-58.87684486923308 -2.529304622864298)
2022,CORTE SELETIVO,C60L63,POINT (-58.87735213000631 -2.529194031572345)
2022,CORTE SELETIVO,C60L63,POINT (-58.87795501000887 -2.52854911401862)
2022,CORTE SELETIVO,C60L63,POINT (-58.87765510541622 -2.5284535437720757)
2022,CORTE SELETIVO,C60L63,POINT (-58.87775000202658 -2.5282623636774453)
2022,CORTE SELETIVO,C60L63,POINT (-58.87554500891305 -2.5280495535069525)
2022,CORTE SELETIVO,C60L63,POINT (-58.876546268410415 -2.52454612372738)
2022,CORTE SELETIVO,C60L63,POINT (-58.876447316312 -2.5244452208805406)
2022,CORTE SELETIVO,C60L63,POINT (-58.88015037937379 -2.5243451189906914)
2022,CORTE SELETIVO,C60L63,POINT (-58.88004754419682 -2.5241481563438812)
2022,CORTE SELETIVO,C60L63,POINT (-58.879945736148784 -2.524052966076842)
2022,CORTE SELETIVO,C60L63,POINT (-58.88224789976381 -2.5207536268024286)
2022,CORTE SELETIVO,C60L63,POINT (-58.882752508852725 -2.518749605844027)
2022,CORTE SELETIVO,C60L63,POINT (-58.87584555567679 -2.5142488040363675)
2022,CORTE SELETIVO,C60L63,POINT (-58.858954226292546 -2.5112409212942377)
2022,CORTE SELETIVO,C60L63,POINT (-58.86614699014502 -2.5063473656783573)
2022,CORTE SELETIVO,C60L63,POINT (-58.866049123600874 -2.506251798324436)
2022,CORTE SELETIVO,C60L63,POINT (-58.86054755140138 -2.505853665304555)
2022,CORTE SELETIVO,C60L63,POINT (-58.8606549553223 -2.5057528049156055)
2022,CORTE SELETIVO,C60L63,POINT (-58.850818696667574 -2.502748878031429)
2022,CORTE SELETIVO,C60L63,POINT (-58.8814537297751 -2.5025491498615375)
2022,CORTE SELETIVO,C60L63,POINT (-58.881050041070864 -2.5022392687080415)
2022,CORTE SELETIVO,C60L63,POINT (-58.881554298609785 -2.5019496313018226)
2022,CORTE SELETIVO,C60L63,POINT (-58.83815615693531 -2.636016493270463)
2022,CORTE SELETIVO,C60L63,POINT (-58.83824935181911 -2.635850119709516)
2022,CORTE SELETIVO,C60L63,POINT (-58.847945003011574 -2.6172481546179163)
2022,CORTE SELETIVO,C60L63,POINT (-58.84844732304476 -2.616346370181552)
2022,CORTE SELETIVO,C60L63,POINT (-58.828951710617254 -2.5824464230647286)
2022,CORTE SELETIVO,C60L63,POINT (-58.83654710428235 -2.580553112225249)
2022,CORTE SELETIVO,C60L63,POINT (-58.839949364967026 -2.5708317580020634)
2022,CORTE SELETIVO,C60L63,POINT (-58.84504625196312 -2.570751423584817)
2022,CORTE SELETIVO,C60L63,POINT (-58.839849384049245 -2.5706247788540284)
2022,CORTE SELETIVO,C60L63,POINT (-58.84314685782186 -2.569552658577016)
2022,CORTE SELETIVO,C60L63,POINT (-58.83804799903242 -2.569147930056255)
2022,CORTE SELETIVO,C60L63,POINT (-58.8383457930803 -2.5690541668705147)
2022,CORTE SELETIVO,C60L63,POINT (-58.840251543153784 -2.5670536126174976)
2022,CORTE SELETIVO,C60L63,POINT (-58.84044844838203 -2.5666329696123023)
2022,CORTE SELETIVO,C60L63,POINT (-58.840546049292605 -2.5661545524822653)
2022,CORTE SELETIVO,C60L63,POINT (-58.84505267843512 -2.5659540581201834)
2022,CORTE SELETIVO,C60L63,POINT (-58.844948328885096 -2.565453717254681)
2022,CORTE SELETIVO,C60L63,POINT (-58.849952399074226 -2.563352801614653)
2022,CORTE SELETIVO,C60L63,POINT (-58.84275299005204 -2.5544535852395627)
2022,CORTE SELETIVO,C60L63,POINT (-58.840452750182074 -2.5528522199599224)
2022,CORTE SELETIVO,C60L63,POINT (-58.840347008890184 -2.550649703139777)
2022,CORTE SELETIVO,C60L63,POINT (-58.84555390482033 -2.5503465487590877)
2022,CORTE SELETIVO,C60L63,POINT (-58.83055377685972 -2.548151751115268)
2022,CORTE SELETIVO,C60L63,POINT (-58.828480571478515 -2.5477499288108025)
2022,CORTE SELETIVO,C60L63,POINT (-58.82883262000212 -2.5475795044256313)
2022,CORTE SELETIVO,C60L63,POINT (-58.82854795095039 -2.5473460971799624)
2022,CORTE SELETIVO,C60L63,POINT (-58.83805496998916 -2.5460469096603964)
2022,CORTE SELETIVO,C60L63,POINT (-58.83164686744105 -2.540445411131247)
2022,CORTE SELETIVO,C60L63,POINT (-58.84845504055219 -2.5392539533458502)
2022,CORTE SELETIVO,C60L63,POINT (-58.84925397539025 -2.538353609796852)
2022,CORTE SELETIVO,C60L63,POINT (-58.84065405592327 -2.5334484882864783)
2022,CORTE SELETIVO,C60L63,POINT (-58.83755441266698 -2.532345125432893)
2022,CORTE SELETIVO,C60L63,POINT (-58.828745196825906 -2.5321460580523105)
2022,CORTE SELETIVO,C60L63,POINT (-58.83154528070088 -2.5223205872748946)
2022,CORTE SELETIVO,C60L63,POINT (-58.83534506721695 -2.5196247668995255)
2022,CORTE SELETIVO,C60L63,POINT (-58.843057927501164 -2.5167730141877525)
2022,CORTE SELETIVO,C60L63,POINT (-58.834025731939185 -2.5157480201109457)
2022,CORTE SELETIVO,C60L63,POINT (-58.83704889359653 -2.51554515201831)
2022,CORTE SELETIVO,C60L63,POINT (-58.83694640266885 -2.515345515611714)
2022,CORTE SELETIVO,C60L63,POINT (-58.83645425886614 -2.51455168932513)
2022,CORTE SELETIVO,C60L63,POINT (-58.83875478930048 -2.5131545956245716)
2022,CORTE SELETIVO,C60L63,POINT (-58.844749300151875 -2.50895247186983)
2022,CORTE SELETIVO,C60L63,POINT (-58.836251946244126 -2.5081509799129336)
2022,CORTE SELETIVO,C60L63,POINT (-58.82845094586499 -2.5053467969877494)
2022,CORTE SELETIVO,C60L63,POINT (-58.8254463633754 -2.5882522837334507)
2022,CORTE SELETIVO,C60L63,POINT (-58.82515452838448 -2.587880523105565)
2022,CORTE SELETIVO,C60L63,POINT (-58.82505288670545 -2.587652511685389)
2022,CORTE SELETIVO,C60L63,POINT (-58.81995365199063 -2.5859541528112957)
2022,CORTE SELETIVO,C60L63,POINT (-58.82013814768196 -2.584146978389422)
2022,CORTE SELETIVO,C60L63,POINT (-58.82034528489459 -2.5815735610377213)
2022,CORTE SELETIVO,C60L63,POINT (-58.820447649754655 -2.581253473995618)
2022,CORTE SELETIVO,C60L63,POINT (-58.82023546776893 -2.5808713925831523)
2022,CORTE SELETIVO,C60L63,POINT (-58.819951411649946 -2.5807525560945126)
2022,CORTE SELETIVO,C60L63,POINT (-58.819817803563964 -2.5806505558527904)
2022,CORTE SELETIVO,C60L63,POINT (-58.81974778113173 -2.5802452803293225)
2022,CORTE SELETIVO,C60L63,POINT (-58.821046035735755 -2.5750563295058146)
2022,CORTE SELETIVO,C60L63,POINT (-58.81884632388552 -2.5732493485312817)
2022,CORTE SELETIVO,C60L63,POINT (-58.82253259082903 -2.572146382750111)
2022,CORTE SELETIVO,C60L63,POINT (-58.81954923937968 -2.568050358999817)
2022,CORTE SELETIVO,C60L63,POINT (-58.81944588409151 -2.5678468764496656)
2022,CORTE SELETIVO,C60L63,POINT (-58.8193449472543 -2.5677538954995165)
2022,CORTE SELETIVO,C60L63,POINT (-58.818045752969525 -2.5677121611761167)
2022,CORTE SELETIVO,C60L63,POINT (-58.81744635581286 -2.5670457708138876)
2022,CORTE SELETIVO,C60L63,POINT (-58.81954964852512 -2.557354359607832)
2022,CORTE SELETIVO,C60L63,POINT (-58.821348934616225 -2.548947750407352)
2022,CORTE SELETIVO,C60L63,POINT (-58.82124663642983 -2.5487189869670273)
2022,CORTE SELETIVO,C60L63,POINT (-58.82614522841729 -2.5485489567698902)
2022,CORTE SELETIVO,C60L63,POINT (-58.82604664175987 -2.5484528987689323)
2022,CORTE SELETIVO,C60L63,POINT (-58.82025081281979 -2.544415941156718)
2022,CORTE SELETIVO,C60L63,POINT (-58.82765084064736 -2.541750027386015)
2022,CORTE SELETIVO,C60L63,POINT (-58.81514665187223 -2.54114963140811)
2022,CORTE SELETIVO,C60L63,POINT (-58.826349110873444 -2.5409842257157664)
2022,CORTE SELETIVO,C60L63,POINT (-58.82635435395063 -2.5405539538911404)
2022,CORTE SELETIVO,C60L63,POINT (-58.814980006057866 -2.5401525107795733)
2022,CORTE SELETIVO,C60L63,POINT (-58.815448445430775 -2.5400261771526744)
2022,CORTE SELETIVO,C60L63,POINT (-58.826045352655846 -2.537948958424415)
2022,CORTE SELETIVO,C60L63,POINT (-58.82714798221879 -2.5369528368001597)
2022,CORTE SELETIVO,C60L63,POINT (-58.81675455348541 -2.534351639391715)
2022,CORTE SELETIVO,C60L63,POINT (-58.820632093126655 -2.5341722820023316)
2022,CORTE SELETIVO,C60L63,POINT (-58.81835430502969 -2.517248707784803)
2022,CORTE SELETIVO,C60L63,POINT (-58.82194623151092 -2.5164524429691073)
2022,CORTE SELETIVO,C60L63,POINT (-58.81554352898036 -2.5140484964450196)
2022,CORTE SELETIVO,C60L63,POINT (-58.81534926673647 -2.5138454429907817)
2022,CORTE SELETIVO,C60L63,POINT (-58.827847820579 -2.513249830534501)
2022,CORTE SELETIVO,C60L63,POINT (-58.82672410345304 -2.5111520799352274)
2022,CORTE SELETIVO,C60L63,POINT (-58.826845097557786 -2.5109535315917277)
2022,CORTE SELETIVO,C60L63,POINT (-58.81572718345955 -2.5017530260656247)
2022,CORTE SELETIVO,C60L63,POINT (-58.81495185053073 -2.5011939390719187)
2022,CORTE SELETIVO,C60L63,POINT (-58.75485154862261 -2.735646722701421)
2022,CORTE SELETIVO,C60L63,POINT (-58.77415301793766 -2.6631499490792363)
2022,CORTE SELETIVO,C60L63,POINT (-58.787050579878105 -2.645018482886553)
2022,CORTE SELETIVO,C60L63,POINT (-58.7818477020323 -2.5661474304106537)
2022,CORTE SELETIVO,C60L63,POINT (-58.80164297624862 -2.552746255694979)
2022,CORTE SELETIVO,C60L63,POINT (-58.81364831757335 -2.552350005900377)
2022,CORTE SELETIVO,C60L63,POINT (-58.80728992232528 -2.551148229278392)
2022,CORTE SELETIVO,C60L63,POINT (-58.80464936839877 -2.5483511772023824)
2022,CORTE SELETIVO,C60L63,POINT (-58.80484950746508 -2.5479484642905907)
2022,CORTE SELETIVO,C60L63,POINT (-58.81164526013781 -2.544745789108719)
2022,CORTE SELETIVO,C60L63,POINT (-58.81305484750557 -2.5439476673015267)
2022,CORTE SELETIVO,C60L63,POINT (-58.81235118457287 -2.543245211117373)
2022,CORTE SELETIVO,C60L63,POINT (-58.81394396224686 -2.5410606461365175)
2022,CORTE SELETIVO,C60L63,POINT (-58.81424635732647 -2.536352072309154)
2022,CORTE SELETIVO,C60L63,POINT (-58.81415355085031 -2.5362503405301426)
2022,CORTE SELETIVO,C60L63,POINT (-58.814050914512805 -2.5361504887572957)
2022,CORTE SELETIVO,C60L63,POINT (-58.81425275627004 -2.5361525642760867)
2022,CORTE SELETIVO,C60L63,POINT (-58.80615597523923 -2.534611543809543)
2022,CORTE SELETIVO,C60L63,POINT (-58.81314741828796 -2.5315156023049687)
2022,CORTE SELETIVO,C60L63,POINT (-58.8128449161193 -2.5312520301409847)
2022,CORTE SELETIVO,C60L63,POINT (-58.80605043924176 -2.523247323406013)
2022,CORTE SELETIVO,C60L63,POINT (-58.81445053909721 -2.5204027610427673)
2022,CORTE SELETIVO,C60L63,POINT (-58.81364950281017 -2.5169510142322387)
2022,CORTE SELETIVO,C60L63,POINT (-58.802288120582304 -2.5168537547036336)
2022,CORTE SELETIVO,C60L63,POINT (-58.76945292145791 -2.5167748330253645)
2022,CORTE SELETIVO,C60L63,POINT (-58.81125266209691 -2.516750551408753)
2022,CORTE SELETIVO,C60L63,POINT (-58.8138534663415 -2.516749662421769)
2022,CORTE SELETIVO,C60L63,POINT (-58.81104831539728 -2.5164512307537947)
2022,CORTE SELETIVO,C60L63,POINT (-58.80775202203938 -2.5146463164427293)
2022,CORTE SELETIVO,C60L63,POINT (-58.79854840326211 -2.514551116785487)
2022,CORTE SELETIVO,C60L63,POINT (-58.79845501462682 -2.514453811181159)
2022,CORTE SELETIVO,C60L63,POINT (-58.79864857452423 -2.5143497694141366)
2022,CORTE SELETIVO,C60L63,POINT (-58.81245130706256 -2.5135337394566624)
2022,CORTE SELETIVO,C60L63,POINT (-58.81286550958353 -2.5100525944060994)
2022,CORTE SELETIVO,C60L63,POINT (-58.78414500583606 -2.50994880356279)
2022,CORTE SELETIVO,C60L63,POINT (-58.78425126486648 -2.5097457472091595)
2022,CORTE SELETIVO,C60L63,POINT (-58.777852512592965 -2.5081481370115157)
2022,CORTE SELETIVO,C60L63,POINT (-58.81445035612467 -2.5052536548344357)
2022,CORTE SELETIVO,C60L63,POINT (-58.802248649824 -2.5049459905284106)
2022,CORTE SELETIVO,C60L63,POINT (-58.77975003042388 -2.5029665319714716)
2022,CORTE SELETIVO,C60L63,POINT (-58.77525382012757 -2.501254806987119)
2022,CORTE SELETIVO,C60L63,POINT (-58.7863521250494 -2.5011473657997305)
2022,CORTE SELETIVO,C60L63,POINT (-58.77510392298138 -2.501080246662752)
2022,CORTE SELETIVO,C60L63,POINT (-58.78864789169546 -2.5006542813824377)
2022,CORTE SELETIVO,C60L63,POINT (-58.96334924674034 -2.6876536699332405)
2022,CORTE SELETIVO,C60L63,POINT (-58.96304917394972 -2.6874522440878015)
2022,CORTE SELETIVO,C60L63,POINT (-58.970333307638846 -2.6846444707127377)
2022,CORTE SELETIVO,C60L63,POINT (-58.953441927738595 -2.6800276831311014)
2022,CORTE SELETIVO,C60L63,POINT (-58.98178104200399 -2.65790500137062)
2022,CORTE SELETIVO,C60L63,POINT (-58.9360472684663 -2.6560507544114658)
2022,CORTE SELETIVO,C60L63,POINT (-58.93605329427365 -2.6558494936087294)
2022,CORTE SELETIVO,C60L63,POINT (-58.81985005271296 -2.5858494172763944)
2022,CORTE SELETIVO,C60L63,POINT (-58.88284997342861 -2.515449898365347)
2022,CORTE SELETIVO,C60L63,POINT (-58.98155002068725 -2.6578465056052702)
2022,CORTE SELETIVO,C60L63,POINT (-58.93614756995487 -2.655948338496065)
2022,CORTE SELETIVO,C60L63,POINT (-58.772247367559146 -2.595150098534839)
2022,CORTE SELETIVO,C60L63,POINT (-58.84464765513294 -2.567749131333408)
2022,CORTE SELETIVO,C60L63,POINT (-58.813947729353785 -2.5450547209302714)
2022,CORTE SELETIVO,C60L63,POINT (-58.811853093620584 -2.5443460405548604)
2022,CORTE SELETIVO,C60L63,POINT (-58.9591531598745 -2.522549871326604)
2022,CORTE SELETIVO,C60L63,POINT (-58.88114661977779 -2.502745842278609)
2022,CORTE SELETIVO,C60L63,POINT (-58.963047986303046 -2.687246262445475)
2022,CORTE SELETIVO,C60L63,POINT (-58.80664586974377 -2.5487510258014208)
2022,CORTE SELETIVO,C60L63,POINT (-58.96305473146848 -2.6873531938793724)
2022,CORTE SELETIVO,C60L63,POINT (-58.953248440343486 -2.6800471881392336)
2022,CORTE SELETIVO,C60L63,POINT (-58.80434976625565 -2.548250130475147)
2022,CORTE SELETIVO,C60L63,POINT (-58.981645563491114 -2.6577546650859256)
2022,CORTE SELETIVO,C60L63,POINT (-58.93605292423741 -2.655949776330492)
2022,CORTE SELETIVO,C60L63,POINT (-58.8139491106048 -2.540948051010089)
2022,CORTE SELETIVO,C60L63,POINT (-58.8447487813881 -2.5702464607994586)
2022,CORTE SELETIVO,C60L63,POINT (-58.88234660305957 -2.518049685726702)
2022,CORTE SELETIVO,C60L63,POINT (-58.88104980978429 -2.501951208488547)
2022,CORTE SELETIVO,C60L63,POINT (-58.99114799253322 -2.729852986623907)
2022,CORTE SELETIVO,C60L63,POINT (-58.97025031051677 -2.684850954556391)
2022,CORTE SELETIVO,C60L63,POINT (-58.95325309676428 -2.680153977768528)
2022,CORTE SELETIVO,C60L63,POINT (-58.953546112719785 -2.6799493064120616)
2022,CORTE SELETIVO,C60L63,POINT (-58.953349481642945 -2.6799545089806442)
2022,CORTE SELETIVO,C60L63,POINT (-58.942452621361014 -2.6661471104339465)
2022,CORTE SELETIVO,C60L63,POINT (-58.94245489186523 -2.6658538794409057)
2022,CORTE SELETIVO,C60L63,POINT (-58.80674786171858 -2.5487464368290156)
2022,CORTE SELETIVO,C60L63,POINT (-58.882845557050636 -2.520250547189163)
2022,CORTE SELETIVO,C60L63,POINT (-58.981148793090206 -2.5038462144254408)
2022,CORTE SELETIVO,C60L63,POINT (-58.88225238670843 -2.517751664853177)
2022,CORTE SELETIVO,C60L63,POINT (-58.953552283932225 -2.6800473970364216)
2022,CORTE SELETIVO,C60L63,POINT (-58.976847164183184 -2.670052116119644)
2022,CORTE SELETIVO,C60L63,POINT (-58.961247649981146 -2.663450868286087)
2022,CORTE SELETIVO,C60L63,POINT (-58.965348865624534 -2.6628057257605295)
2022,CORTE SELETIVO,C60L63,POINT (-58.97285392410537 -2.6571476282743656)
2022,CORTE SELETIVO,C60L63,POINT (-58.982349453025535 -2.5042492358748323)
2022,CORTE SELETIVO,C60L63,POINT (-58.92714668086255 -2.608949018121745)
2022,CORTE SELETIVO,C60L63,POINT (-58.923953996677426 -2.607245194869245)
2022,CORTE SELETIVO,C60L63,POINT (-58.819849942292116 -2.5857543615111807)
2022,CORTE SELETIVO,C60L63,POINT (-58.82444579459581 -2.543648391612432)
2022,CORTE SELETIVO,C60L63,POINT (-58.86574514994906 -2.54255280978703)
2022,CORTE SELETIVO,C60L63,POINT (-58.96315252939073 -2.687253841544093)
2022,CORTE SELETIVO,C60L63,POINT (-58.95315187066341 -2.6800527752918177)
2022,CORTE SELETIVO,C60L63,POINT (-58.9362544649266 -2.655948910515681)
2022,CORTE SELETIVO,C60L63,POINT (-58.9361458415974 -2.655850470897601)
2022,CORTE SELETIVO,C60L63,POINT (-58.80664909690681 -2.548849433991172)
2022,CORTE SELETIVO,C60L63,POINT (-58.9191515274995 -2.50154779035801)
2022,CORTE SELETIVO,C60L63,POINT (-58.963148016006436 -2.687353748083073)
2022,CORTE SELETIVO,C60L63,POINT (-58.93634881784336 -2.655953179479479)
2022,CORTE SELETIVO,C60L63,POINT (-58.81975394185114 -2.585853812702911)
2022,CORTE SELETIVO,C60L63,POINT (-58.865654148526566 -2.5424492941423433)
2022,CORTE SELETIVO,C60L63,POINT (-58.99925053855198 -2.702949760745496)
2022,CORTE SELETIVO,C60L63,POINT (-58.96314703768578 -2.687076758340682)
2022,CORTE SELETIVO,C60L63,POINT (-58.95956551568751 -2.6821989149247445)
2022,CORTE SELETIVO,C60L63,POINT (-58.97264857108082 -2.6798542711384883)
2022,CORTE SELETIVO,C60L63,POINT (-58.95475067427012 -2.679077062037141)
2022,CORTE SELETIVO,C60L63,POINT (-58.99154747574321 -2.6789456102394653)
2022,CORTE SELETIVO,C60L63,POINT (-58.94654910678439 -2.6788543737660127)
2022,CORTE SELETIVO,C60L63,POINT (-58.95534580978565 -2.6742263869004823)
2022,CORTE SELETIVO,C60L63,POINT (-58.969637146672625 -2.6676520298962956)
2022,CORTE SELETIVO,C60L63,POINT (-58.9689358409369 -2.66654684361657)
2022,CORTE SELETIVO,C60L63,POINT (-58.961506199624125 -2.6639477691869495)
2022,CORTE SELETIVO,C60L63,POINT (-58.96896258797651 -2.663729542877827)
2022,CORTE SELETIVO,C60L63,POINT (-58.96471704758444 -2.6630003960026247)
2022,CORTE SELETIVO,C60L63,POINT (-58.94045395339598 -2.6621536483311896)
2022,CORTE SELETIVO,C60L63,POINT (-58.96053288126954 -2.661148605035415)
2022,CORTE SELETIVO,C60L63,POINT (-58.96017807777077 -2.66114564792191)
2022,CORTE SELETIVO,C60L63,POINT (-58.93785745714789 -2.660940499219088)
2022,CORTE SELETIVO,C60L63,POINT (-58.938647212618406 -2.6604453116424516)
2022,CORTE SELETIVO,C60L63,POINT (-58.95425443044931 -2.6537619394064675)
2022,CORTE SELETIVO,C60L63,POINT (-58.968549494485046 -2.652049436854421)
2022,CORTE SELETIVO,C60L63,POINT (-58.97140308322646 -2.6511066671664327)
2022,CORTE SELETIVO,C60L63,POINT (-58.96935298394976 -2.6443254838462775)
2022,CORTE SELETIVO,C60L63,POINT (-58.9691470449711 -2.6436465628849337)
2022,CORTE SELETIVO,C60L63,POINT (-58.96905494287174 -2.6434775859369593)
2022,CORTE SELETIVO,C60L63,POINT (-58.961867702482685 -2.642946649310306)
2022,CORTE SELETIVO,C60L63,POINT (-58.931854077778176 -2.6084473118349436)
2022,CORTE SELETIVO,C60L63,POINT (-58.931624310079584 -2.6083471668180107)
2022,CORTE SELETIVO,C60L63,POINT (-58.92505383099289 -2.6028671245534976)
2022,CORTE SELETIVO,C60L63,POINT (-58.925148712847516 -2.599114684330151)
2022,CORTE SELETIVO,C60L63,POINT (-58.911867563584316 -2.5880527700009464)
2022,CORTE SELETIVO,C60L63,POINT (-58.945546412288515 -2.583685985516748)
2022,CORTE SELETIVO,C60L63,POINT (-58.888949084024446 -2.541353443665297)
2022,CORTE SELETIVO,C60L63,POINT (-58.99005430319115 -2.5245509897472553)
2022,CORTE SELETIVO,C60L63,POINT (-58.88434691511058 -2.6880543763295077)
2022,CORTE SELETIVO,C60L63,POINT (-58.887354891634345 -2.6816463938228527)
2022,CORTE SELETIVO,C60L63,POINT (-58.854853223244895 -2.568251188639436)
2022,CORTE SELETIVO,C60L63,POINT (-58.85474960914301 -2.56794232958814)
2022,CORTE SELETIVO,C60L63,POINT (-58.87605489948938 -2.5432524587007204)
2022,CORTE SELETIVO,C60L63,POINT (-58.86565303351105 -2.5423471528105903)
2022,CORTE SELETIVO,C60L63,POINT (-58.867172620852344 -2.5423430683969817)
2022,CORTE SELETIVO,C60L63,POINT (-58.86694980688621 -2.5421797087654734)
2022,CORTE SELETIVO,C60L63,POINT (-58.866053229286806 -2.538751191081958)
2022,CORTE SELETIVO,C60L63,POINT (-58.86585365070045 -2.5386278872435994)
2022,CORTE SELETIVO,C60L63,POINT (-58.86604788415489 -2.538351325073237)
2022,CORTE SELETIVO,C60L63,POINT (-58.88155177814492 -2.5379519349560513)
2022,CORTE SELETIVO,C60L63,POINT (-58.881446563479365 -2.537761592213035)
2022,CORTE SELETIVO,C60L63,POINT (-58.88634847443618 -2.533654833543337)
2022,CORTE SELETIVO,C60L63,POINT (-58.87425373034764 -2.5328000227162737)
2022,CORTE SELETIVO,C60L63,POINT (-58.8666521322332 -2.5318511221049906)
2022,CORTE SELETIVO,C60L63,POINT (-58.86655423761882 -2.5317512742147836)
2022,CORTE SELETIVO,C60L63,POINT (-58.87685315345527 -2.5295507025307886)
2022,CORTE SELETIVO,C60L63,POINT (-58.87745192036838 -2.529277556557591)
2022,CORTE SELETIVO,C60L63,POINT (-58.88326844988321 -2.529051444258709)
2022,CORTE SELETIVO,C60L63,POINT (-58.87734904284266 -2.5290511941822764)
2022,CORTE SELETIVO,C60L63,POINT (-58.88024018765754 -2.5261462199727043)
2022,CORTE SELETIVO,C60L63,POINT (-58.860453191837 -2.5260517102084714)
2022,CORTE SELETIVO,C60L63,POINT (-58.87655355909216 -2.5246486474619)
2022,CORTE SELETIVO,C60L63,POINT (-58.87654763097483 -2.5244532285746195)
2022,CORTE SELETIVO,C60L63,POINT (-58.88452592272038 -2.5191634174991524)
2022,CORTE SELETIVO,C60L63,POINT (-58.88335085234394 -2.5144464445617185)
2022,CORTE SELETIVO,C60L63,POINT (-58.883252960950905 -2.5142513012513885)
2022,CORTE SELETIVO,C60L63,POINT (-58.88315444795429 -2.5129467245683226)
2022,CORTE SELETIVO,C60L63,POINT (-58.86065024314603 -2.5058481879141494)
2022,CORTE SELETIVO,C60L63,POINT (-58.86554648947095 -2.5056536270224083)
2022,CORTE SELETIVO,C60L63,POINT (-58.864250048639576 -2.504751872996224)
2022,CORTE SELETIVO,C60L63,POINT (-58.863845928308166 -2.5046466807026317)
2022,CORTE SELETIVO,C60L63,POINT (-58.838449667368614 -2.63580696512697)
2022,CORTE SELETIVO,C60L63,POINT (-58.83824661780045 -2.6357500256401125)
2022,CORTE SELETIVO,C60L63,POINT (-58.83835190715475 -2.6356499547281076)
2022,CORTE SELETIVO,C60L63,POINT (-58.829148334207694 -2.5833505025512524)
2022,CORTE SELETIVO,C60L63,POINT (-58.83665198178963 -2.580648955953257)
2022,CORTE SELETIVO,C60L63,POINT (-58.844752020589375 -2.5699150805777333)
2022,CORTE SELETIVO,C60L63,POINT (-58.83804515286964 -2.5692463016724254)
2022,CORTE SELETIVO,C60L63,POINT (-58.838468452148724 -2.569037913331881)
2022,CORTE SELETIVO,C60L63,POINT (-58.838050697125176 -2.569032058903452)
2022,CORTE SELETIVO,C60L63,POINT (-58.8547476753786 -2.5683672942469755)
2022,CORTE SELETIVO,C60L63,POINT (-58.85474609798377 -2.568153948204969)
2022,CORTE SELETIVO,C60L63,POINT (-58.84479223290689 -2.565849511734264)
2022,CORTE SELETIVO,C60L63,POINT (-58.85204952963738 -2.563846499158315)
2022,CORTE SELETIVO,C60L63,POINT (-58.83274873251538 -2.562346146976417)
2022,CORTE SELETIVO,C60L63,POINT (-58.843025977957595 -2.554749576281546)
2022,CORTE SELETIVO,C60L63,POINT (-58.84285087543753 -2.5546543006564586)
2022,CORTE SELETIVO,C60L63,POINT (-58.85124846929246 -2.5521542800230477)
2022,CORTE SELETIVO,C60L63,POINT (-58.837562790539394 -2.5518474884428577)
2022,CORTE SELETIVO,C60L63,POINT (-58.83754926845211 -2.5515534957181756)
2022,CORTE SELETIVO,C60L63,POINT (-58.82895439797144 -2.5476544977121365)
2022,CORTE SELETIVO,C60L63,POINT (-58.837849610279385 -2.546448729483671)
2022,CORTE SELETIVO,C60L63,POINT (-58.83805283428599 -2.5464511836584856)
2022,CORTE SELETIVO,C60L63,POINT (-58.83805458791825 -2.5461548005661667)
2022,CORTE SELETIVO,C60L63,POINT (-58.85365175460951 -2.5341467005018457)
2022,CORTE SELETIVO,C60L63,POINT (-58.84054628563148 -2.53332507544177)
2022,CORTE SELETIVO,C60L63,POINT (-58.837451509442445 -2.532650925649484)
2022,CORTE SELETIVO,C60L63,POINT (-58.85325112877488 -2.5325505663902548)
2022,CORTE SELETIVO,C60L63,POINT (-58.83745128883617 -2.531950808181969)
2022,CORTE SELETIVO,C60L63,POINT (-58.853349496863544 -2.525051419658527)
2022,CORTE SELETIVO,C60L63,POINT (-58.83415010071266 -2.513983485892264)
2022,CORTE SELETIVO,C60L63,POINT (-58.836774686287924 -2.5094536719545144)
2022,CORTE SELETIVO,C60L63,POINT (-58.84484497801056 -2.509054801470789)
2022,CORTE SELETIVO,C60L63,POINT (-58.850942667630896 -2.5026644400775644)
2022,CORTE SELETIVO,C60L63,POINT (-58.825054625894275 -2.5878457063886606)
2022,CORTE SELETIVO,C60L63,POINT (-58.82525130475535 -2.587548042082779)
2022,CORTE SELETIVO,C60L63,POINT (-58.8201866864994 -2.584524201453159)
2022,CORTE SELETIVO,C60L63,POINT (-58.820252307354885 -2.584254573195834)
2022,CORTE SELETIVO,C60L63,POINT (-58.82014109093616 -2.58402828084482)
2022,CORTE SELETIVO,C60L63,POINT (-58.82424565402902 -2.5826505676550906)
2022,CORTE SELETIVO,C60L63,POINT (-58.81995336101097 -2.580246124273722)
2022,CORTE SELETIVO,C60L63,POINT (-58.8188757314217 -2.5730487771621906)
2022,CORTE SELETIVO,C60L63,POINT (-58.81884882751473 -2.572750720409459)
2022,CORTE SELETIVO,C60L63,POINT (-58.82375503596424 -2.569046635059224)
2022,CORTE SELETIVO,C60L63,POINT (-58.81543993612723 -2.5674502775455608)
2022,CORTE SELETIVO,C60L63,POINT (-58.816051322775465 -2.557551514994038)
2022,CORTE SELETIVO,C60L63,POINT (-58.819348147614186 -2.5573939979411584)
2022,CORTE SELETIVO,C60L63,POINT (-58.82884533432513 -2.547453600759586)
2022,CORTE SELETIVO,C60L63,POINT (-58.8284493118905 -2.5473502206472145)
2022,CORTE SELETIVO,C60L63,POINT (-58.82144866972093 -2.546753955353974)
2022,CORTE SELETIVO,C60L63,POINT (-58.8246179355314 -2.5437512579135113)
2022,CORTE SELETIVO,C60L63,POINT (-58.824749783262064 -2.543647704750884)
2022,CORTE SELETIVO,C60L63,POINT (-58.818249109244256 -2.5396510689476637)
2022,CORTE SELETIVO,C60L63,POINT (-58.82615318615178 -2.5382544950992707)
2022,CORTE SELETIVO,C60L63,POINT (-58.82624698983835 -2.538150178752271)
2022,CORTE SELETIVO,C60L63,POINT (-58.824301728866956 -2.537747336094367)
2022,CORTE SELETIVO,C60L63,POINT (-58.817049989162506 -2.5377473794843097)
2022,CORTE SELETIVO,C60L63,POINT (-58.81694978853144 -2.537654703616644)
2022,CORTE SELETIVO,C60L63,POINT (-58.82717198023992 -2.5365687408171236)
2022,CORTE SELETIVO,C60L63,POINT (-58.81546133244294 -2.536550081124642)
2022,CORTE SELETIVO,C60L63,POINT (-58.81884803673156 -2.522848021092435)
2022,CORTE SELETIVO,C60L63,POINT (-58.82855026907441 -2.520452108996787)
2022,CORTE SELETIVO,C60L63,POINT (-58.828446310891806 -2.52024881767974)
2022,CORTE SELETIVO,C60L63,POINT (-58.82195173048186 -2.51634776947408)
2022,CORTE SELETIVO,C60L63,POINT (-58.822052832100766 -2.5162474917636986)
2022,CORTE SELETIVO,C60L63,POINT (-58.826648965404964 -2.508246617536722)
2022,CORTE SELETIVO,C60L63,POINT (-58.8156472925809 -2.502149016076473)
2022,CORTE SELETIVO,C60L63,POINT (-58.7868498313189 -2.6444746536804433)
2022,CORTE SELETIVO,C60L63,POINT (-58.794349001058734 -2.5712475429299904)
2022,CORTE SELETIVO,C60L63,POINT (-58.781749854725255 -2.566147905906887)
2022,CORTE SELETIVO,C60L63,POINT (-58.781951319756985 -2.5661508335739898)
2022,CORTE SELETIVO,C60L63,POINT (-58.81314955504153 -2.5654458189699874)
2022,CORTE SELETIVO,C60L63,POINT (-58.79935041083434 -2.5563548091450996)
2022,CORTE SELETIVO,C60L63,POINT (-58.79798171293904 -2.5530743844231916)
2022,CORTE SELETIVO,C60L63,POINT (-58.804653852178795 -2.5477508786604313)
2022,CORTE SELETIVO,C60L63,POINT (-58.81504829965352 -2.541253323089366)
2022,CORTE SELETIVO,C60L63,POINT (-58.81525491589155 -2.5411472552512446)
2022,CORTE SELETIVO,C60L63,POINT (-58.812752079834276 -2.540749832035481)
2022,CORTE SELETIVO,C60L63,POINT (-58.808747670735904 -2.5386486959111556)
2022,CORTE SELETIVO,C60L63,POINT (-58.815349785160834 -2.5364539744373964)
2022,CORTE SELETIVO,C60L63,POINT (-58.813748694242115 -2.535453770362584)
2022,CORTE SELETIVO,C60L63,POINT (-58.81394977165317 -2.535148167655571)
2022,CORTE SELETIVO,C60L63,POINT (-58.780550438675746 -2.520647320440919)
2022,CORTE SELETIVO,C60L63,POINT (-58.80735454709 -2.5193541924908014)
2022,CORTE SELETIVO,C60L63,POINT (-58.81355263455587 -2.5188542398692926)
2022,CORTE SELETIVO,C60L63,POINT (-58.81344793221591 -2.5187499692631503)
2022,CORTE SELETIVO,C60L63,POINT (-58.81355154820443 -2.5181512999546034)
2022,CORTE SELETIVO,C60L63,POINT (-58.81395332744303 -2.5168458148936024)
2022,CORTE SELETIVO,C60L63,POINT (-58.81405258993807 -2.513448226482575)
2022,CORTE SELETIVO,C60L63,POINT (-58.78605211584847 -2.5096530777387778)
2022,CORTE SELETIVO,C60L63,POINT (-58.781114180456235 -2.5089679256032205)
2022,CORTE SELETIVO,C60L63,POINT (-58.77844599479002 -2.507247724453448)
2022,CORTE SELETIVO,C60L63,POINT (-58.814554783470385 -2.5053542513626046)
2022,CORTE SELETIVO,C60L63,POINT (-58.802348105914334 -2.5046534459271306)
2022,CORTE SELETIVO,C60L63,POINT (-58.80225390071355 -2.504552836949674)
2022,CORTE SELETIVO,C60L63,POINT (-58.809046265217525 -2.5041486464668132)
2022,CORTE SELETIVO,C60L63,POINT (-58.78595291925597 -2.503553362499644)
2022,CORTE SELETIVO,C60L63,POINT (-58.78584997748738 -2.503449690272854)
2022,CORTE SELETIVO,C60L63,POINT (-58.77474705456159 -2.5006526624576546)
2022,CORTE SELETIVO,C60L63,POINT (-58.963246601201305 -2.6873379015609293)
2022,CORTE SELETIVO,C60L63,POINT (-58.97024893696488 -2.684746760361874)
2022,CORTE SELETIVO,C60L63,POINT (-58.942393238503776 -2.6660229164513267)
2022,CORTE SELETIVO,C60L63,POINT (-58.978450617253365 -2.6596243892060105)
2022,CORTE SELETIVO,C60L63,POINT (-58.98154890397422 -2.657751827357323)
2022,CORTE SELETIVO,C60L63,POINT (-58.93594607010429 -2.6560391880995997)
2022,CORTE SELETIVO,C60L63,POINT (-58.93624823498159 -2.655845127448463)
2022,CORTE SELETIVO,C60L63,POINT (-58.95769570298184 -2.6499154248140924)
2022,CORTE SELETIVO,C60L63,POINT (-58.811741426577505 -2.5442486510918925)
2022,CORTE SELETIVO,C60L63,POINT (-58.97864566470076 -2.6596505798286034)
2022,CORTE SELETIVO,C60L63,POINT (-58.86584583539412 -2.533345949602881)
2022,CORTE SELETIVO,C60L63,POINT (-58.99114722385908 -2.729747420572008)
2022,CORTE SELETIVO,C60L63,POINT (-58.82615084849827 -2.53784948003846)
2022,CORTE SELETIVO,C60L63,POINT (-58.88205285740951 -2.5205526894143726)
2022,CORTE SELETIVO,C60L63,POINT (-58.88225185101525 -2.518853379159643)
2022,CORTE SELETIVO,C60L63,POINT (-58.90684951183698 -2.5040476470702067)
2022,CORTE SELETIVO,C60L63,POINT (-58.84325085461082 -2.5715490029811896)
2022,CORTE SELETIVO,C60L63,POINT (-58.83014687491488 -2.5482515030042006)
2022,CORTE SELETIVO,C60L63,POINT (-58.85344750476116 -2.548648552833204)
2022,CORTE SELETIVO,C60L63,POINT (-58.94735186769251 -2.6540493421121925)
2022,CORTE SELETIVO,C60L63,POINT (-58.963347381918474 -2.687746813372293)
2022,CORTE SELETIVO,C60L63,POINT (-58.95324880441219 -2.6799494008198366)
2022,CORTE SELETIVO,C60L63,POINT (-58.97864744268601 -2.6594551141709872)
2022,CORTE SELETIVO,C60L63,POINT (-58.84014521225627 -2.550854667338134)
2022,CORTE SELETIVO,C60L63,POINT (-58.88164535516416 -2.5347541066293084)
2022,CORTE SELETIVO,C60L63,POINT (-58.865946136674225 -2.5333528913741534)
2022,CORTE SELETIVO,C60L63,POINT (-58.968349496686535 -2.6522469972713267)
2022,CORTE SELETIVO,C60L63,POINT (-58.85635103178129 -2.5451488106787)
2022,CORTE SELETIVO,C60L63,POINT (-58.865753428732795 -2.542346944351818)
2022,CORTE SELETIVO,C60L63,POINT (-58.99924622513918 -2.7034521743204065)
2022,CORTE SELETIVO,C60L63,POINT (-58.99944185356039 -2.703078373537965)
2022,CORTE SELETIVO,C60L63,POINT (-58.959152829337306 -2.6828525647572845)
2022,CORTE SELETIVO,C60L63,POINT (-58.9590451264223 -2.682540125049247)
2022,CORTE SELETIVO,C60L63,POINT (-58.991348498131394 -2.678950079997418)
2022,CORTE SELETIVO,C60L63,POINT (-58.978149796889696 -2.6717509378767543)
2022,CORTE SELETIVO,C60L63,POINT (-58.944749446690835 -2.6693468292718547)
2022,CORTE SELETIVO,C60L63,POINT (-58.95125134521459 -2.6685459323489304)
2022,CORTE SELETIVO,C60L63,POINT (-58.969599124111845 -2.667552858475433)
2022,CORTE SELETIVO,C60L63,POINT (-58.96154741183231 -2.663749919684291)
2022,CORTE SELETIVO,C60L63,POINT (-58.96144888106396 -2.663648261680696)
2022,CORTE SELETIVO,C60L63,POINT (-58.9691105144008 -2.6634267015395254)
2022,CORTE SELETIVO,C60L63,POINT (-58.97959386681703 -2.659964916295158)
2022,CORTE SELETIVO,C60L63,POINT (-58.9580455970436 -2.6597502413773912)
2022,CORTE SELETIVO,C60L63,POINT (-58.958399689989406 -2.6596409408685977)
2022,CORTE SELETIVO,C60L63,POINT (-58.95305148326784 -2.656751595021876)
2022,CORTE SELETIVO,C60L63,POINT (-58.947351315596826 -2.6541494880254124)
2022,CORTE SELETIVO,C60L63,POINT (-58.954150086365274 -2.6538466334205304)
2022,CORTE SELETIVO,C60L63,POINT (-58.95410612917497 -2.6535735335207034)
2022,CORTE SELETIVO,C60L63,POINT (-58.968653855844394 -2.6508503607837586)
2022,CORTE SELETIVO,C60L63,POINT (-58.96837532914252 -2.650096240979652)
2022,CORTE SELETIVO,C60L63,POINT (-58.96924868889912 -2.6436537273325595)
2022,CORTE SELETIVO,C60L63,POINT (-58.96914812597634 -2.6435515392699296)
2022,CORTE SELETIVO,C60L63,POINT (-58.96934925999895 -2.6435453076916717)
2022,CORTE SELETIVO,C60L63,POINT (-58.96204489301492 -2.6429708136059276)
2022,CORTE SELETIVO,C60L63,POINT (-58.96414601264628 -2.6385516943724707)
2022,CORTE SELETIVO,C60L63,POINT (-58.9727379078493 -2.6053369233090384)
2022,CORTE SELETIVO,C60L63,POINT (-58.96755421326756 -2.604848002106377)
2022,CORTE SELETIVO,C60L63,POINT (-58.963583011892794 -2.601349516714335)
2022,CORTE SELETIVO,C60L63,POINT (-58.94894927101021 -2.5909455842072817)
2022,CORTE SELETIVO,C60L63,POINT (-58.94063718749599 -2.5906484782536565)
2022,CORTE SELETIVO,C60L63,POINT (-58.94264637176882 -2.5890486447550516)
2022,CORTE SELETIVO,C60L63,POINT (-58.948329405519075 -2.588057958302292)
2022,CORTE SELETIVO,C60L63,POINT (-58.94405356422761 -2.5866458406463)
2022,CORTE SELETIVO,C60L63,POINT (-58.95365233312215 -2.586548875985388)
2022,CORTE SELETIVO,C60L63,POINT (-58.953631675055306 -2.5863004931612457)
2022,CORTE SELETIVO,C60L63,POINT (-58.95424539558863 -2.585246599415842)
2022,CORTE SELETIVO,C60L63,POINT (-58.99004898292724 -2.5244548048808357)
2022,CORTE SELETIVO,C60L63,POINT (-58.979552602151266 -2.5111390757025456)
2022,CORTE SELETIVO,C60L63,POINT (-58.937952423199995 -2.661248765388689)
2022,CORTE SELETIVO,C60L63,POINT (-58.93784918029945 -2.6611193939901354)
2022,CORTE SELETIVO,C60L63,POINT (-58.93774948592114 -2.6609424618298174)
2022,CORTE SELETIVO,C60L63,POINT (-58.91789775945313 -2.656354606414669)
2022,CORTE SELETIVO,C60L63,POINT (-58.93684528507668 -2.611854456400054)
2022,CORTE SELETIVO,C60L63,POINT (-58.93425286690441 -2.611448013065397)
2022,CORTE SELETIVO,C60L63,POINT (-58.93235170750389 -2.608851278571056)
2022,CORTE SELETIVO,C60L63,POINT (-58.940450913785035 -2.5907535450876513)
2022,CORTE SELETIVO,C60L63,POINT (-58.84344949255594 -2.570952001657982)
2022,CORTE SELETIVO,C60L63,POINT (-58.844748101305576 -2.5700546560194475)
2022,CORTE SELETIVO,C60L63,POINT (-58.85495268187197 -2.567947552430038)
2022,CORTE SELETIVO,C60L63,POINT (-58.852145779197386 -2.563852619379825)
2022,CORTE SELETIVO,C60L63,POINT (-58.85234097075378 -2.5636013232348693)
2022,CORTE SELETIVO,C60L63,POINT (-58.843150560967985 -2.5543490859209617)
2022,CORTE SELETIVO,C60L63,POINT (-58.87455180251358 -2.550152582171084)
2022,CORTE SELETIVO,C60L63,POINT (-58.88234680722524 -2.5434528204926963)
2022,CORTE SELETIVO,C60L63,POINT (-58.86704558278687 -2.5422868504941616)
2022,CORTE SELETIVO,C60L63,POINT (-58.886267335449155 -2.5337415417309113)
2022,CORTE SELETIVO,C60L63,POINT (-58.88632000500504 -2.533447103391281)
2022,CORTE SELETIVO,C60L63,POINT (-58.877053941053234 -2.528950875852351)
2022,CORTE SELETIVO,C60L63,POINT (-58.87775389444238 -2.5281473111353563)
2022,CORTE SELETIVO,C60L63,POINT (-58.88194822167649 -2.5262454560440095)
2022,CORTE SELETIVO,C60L63,POINT (-58.85364946281771 -2.525151961239753)
2022,CORTE SELETIVO,C60L63,POINT (-58.853453667757 -2.5250482829492955)
2022,CORTE SELETIVO,C60L63,POINT (-58.883045627935786 -2.524206168058792)
2022,CORTE SELETIVO,C60L63,POINT (-58.88014922706978 -2.524050038804126)
2022,CORTE SELETIVO,C60L63,POINT (-58.88025046657358 -2.5238748114915213)
2022,CORTE SELETIVO,C60L63,POINT (-58.87994555045817 -2.523938461620904)
2022,CORTE SELETIVO,C60L63,POINT (-58.87464856241552 -2.521850669102778)
2022,CORTE SELETIVO,C60L63,POINT (-58.88244553538194 -2.518948179422615)
2022,CORTE SELETIVO,C60L63,POINT (-58.88254600519455 -2.518347242995691)
2022,CORTE SELETIVO,C60L63,POINT (-58.88254900251651 -2.517882233253349)
2022,CORTE SELETIVO,C60L63,POINT (-58.92084509424101 -2.5167536657623937)
2022,CORTE SELETIVO,C60L63,POINT (-58.849449653119706 -2.514948667833055)
2022,CORTE SELETIVO,C60L63,POINT (-58.86264504117834 -2.5127522984159425)
2022,CORTE SELETIVO,C60L63,POINT (-58.85974971626323 -2.5096542616830195)
2022,CORTE SELETIVO,C60L63,POINT (-58.864249036145246 -2.5046471491164946)
2022,CORTE SELETIVO,C60L63,POINT (-58.86374488723243 -2.5045893838797837)
2022,CORTE SELETIVO,C60L63,POINT (-58.85035213688529 -2.5021664006301085)
2022,CORTE SELETIVO,C60L63,POINT (-58.83845423344987 -2.6361531382864234)
2022,CORTE SELETIVO,C60L63,POINT (-58.82035226160161 -2.584347950489152)
2022,CORTE SELETIVO,C60L63,POINT (-58.820248776404036 -2.5841474456461873)
2022,CORTE SELETIVO,C60L63,POINT (-58.82014979860555 -2.583746746918568)
2022,CORTE SELETIVO,C60L63,POINT (-58.82905417222507 -2.583280112028888)
2022,CORTE SELETIVO,C60L63,POINT (-58.84216201089997 -2.5726475283140533)
2022,CORTE SELETIVO,C60L63,POINT (-58.83985368233906 -2.5704469433691406)
2022,CORTE SELETIVO,C60L63,POINT (-58.83812264993773 -2.569382174846243)
2022,CORTE SELETIVO,C60L63,POINT (-58.83854811136459 -2.5693547052142343)
2022,CORTE SELETIVO,C60L63,POINT (-58.83734661473743 -2.55184847416322)
2022,CORTE SELETIVO,C60L63,POINT (-58.826145147224175 -2.5484485743632335)
2022,CORTE SELETIVO,C60L63,POINT (-58.83064909902495 -2.5479179312345486)
2022,CORTE SELETIVO,C60L63,POINT (-58.837844965937904 -2.5463473319127297)
2022,CORTE SELETIVO,C60L63,POINT (-58.83775078064104 -2.5461487949733894)
2022,CORTE SELETIVO,C60L63,POINT (-58.82145220548633 -2.545254129777725)
2022,CORTE SELETIVO,C60L63,POINT (-58.82025372751424 -2.544254652457789)
2022,CORTE SELETIVO,C60L63,POINT (-58.82474706383747 -2.543754884680016)
2022,CORTE SELETIVO,C60L63,POINT (-58.8413464304756 -2.5432496463201457)
2022,CORTE SELETIVO,C60L63,POINT (-58.82781138942615 -2.54185698132482)
2022,CORTE SELETIVO,C60L63,POINT (-58.828356253544484 -2.5386008578809465)
2022,CORTE SELETIVO,C60L63,POINT (-58.82635489747451 -2.5381544872300776)
2022,CORTE SELETIVO,C60L63,POINT (-58.824254164672446 -2.5378538418035235)
2022,CORTE SELETIVO,C60L63,POINT (-58.826647043132816 -2.537254229585929)
2022,CORTE SELETIVO,C60L63,POINT (-58.82385076895741 -2.537152747125217)
2022,CORTE SELETIVO,C60L63,POINT (-58.8372487025452 -2.5327835261834912)
2022,CORTE SELETIVO,C60L63,POINT (-58.83754619833579 -2.532747885619884)
2022,CORTE SELETIVO,C60L63,POINT (-58.83805121507039 -2.5226506867129146)
2022,CORTE SELETIVO,C60L63,POINT (-58.837952056966785 -2.522498800177484)
2022,CORTE SELETIVO,C60L63,POINT (-58.82844642598383 -2.520351264047354)
2022,CORTE SELETIVO,C60L63,POINT (-58.828350306435944 -2.520253724177294)
2022,CORTE SELETIVO,C60L63,POINT (-58.828446392511594 -2.5199468348951943)
2022,CORTE SELETIVO,C60L63,POINT (-58.82204797054749 -2.516354742044524)
2022,CORTE SELETIVO,C60L63,POINT (-58.824250786682214 -2.515554769436356)
2022,CORTE SELETIVO,C60L63,POINT (-58.83704868105092 -2.515454201982605)
2022,CORTE SELETIVO,C60L63,POINT (-58.83435178829966 -2.5146511405020906)
2022,CORTE SELETIVO,C60L63,POINT (-58.83424934794801 -2.514551999641298)
2022,CORTE SELETIVO,C60L63,POINT (-58.83444949883343 -2.5143544017421795)
2022,CORTE SELETIVO,C60L63,POINT (-58.83514492105813 -2.506847641406297)
2022,CORTE SELETIVO,C60L63,POINT (-58.84084835499061 -2.5016462867686093)
2022,CORTE SELETIVO,C60L63,POINT (-58.78676184095001 -2.6443543645127243)
2022,CORTE SELETIVO,C60L63,POINT (-58.819644884857674 -2.5803470721001314)
2022,CORTE SELETIVO,C60L63,POINT (-58.82004607451542 -2.5802541327396384)
2022,CORTE SELETIVO,C60L63,POINT (-58.81994520867357 -2.5801475260200535)
2022,CORTE SELETIVO,C60L63,POINT (-58.809936198332906 -2.5726864693380067)
2022,CORTE SELETIVO,C60L63,POINT (-58.79424707151442 -2.571349875444808)
2022,CORTE SELETIVO,C60L63,POINT (-58.81944832661163 -2.5689527353768282)
2022,CORTE SELETIVO,C60L63,POINT (-58.818346210079156 -2.567652483047499)
2022,CORTE SELETIVO,C60L63,POINT (-58.81556629261859 -2.567153172446767)
2022,CORTE SELETIVO,C60L63,POINT (-58.819334755945086 -2.5575501106381164)
2022,CORTE SELETIVO,C60L63,POINT (-58.816149996100705 -2.5575542408861365)
2022,CORTE SELETIVO,C60L63,POINT (-58.81245250471042 -2.5537547936452305)
2022,CORTE SELETIVO,C60L63,POINT (-58.7980480659331 -2.553447592126446)
2022,CORTE SELETIVO,C60L63,POINT (-58.8028514398662 -2.5500473257404286)
2022,CORTE SELETIVO,C60L63,POINT (-58.806649785889746 -2.548950312497999)
2022,CORTE SELETIVO,C60L63,POINT (-58.79695070302693 -2.5483965136307267)
2022,CORTE SELETIVO,C60L63,POINT (-58.820150907879615 -2.544450259192524)
2022,CORTE SELETIVO,C60L63,POINT (-58.81484857265148 -2.5422546118091915)
2022,CORTE SELETIVO,C60L63,POINT (-58.81529947236523 -2.541251784921618)
2022,CORTE SELETIVO,C60L63,POINT (-58.8154547230167 -2.539654511970403)
2022,CORTE SELETIVO,C60L63,POINT (-58.81044499827357 -2.536851671388145)
2022,CORTE SELETIVO,C60L63,POINT (-58.81415141761175 -2.535751036801597)
2022,CORTE SELETIVO,C60L63,POINT (-58.8123482469 -2.5336058732477413)
2022,CORTE SELETIVO,C60L63,POINT (-58.81055340233067 -2.530845941455773)
2022,CORTE SELETIVO,C60L63,POINT (-58.81564857517886 -2.527678608729691)
2022,CORTE SELETIVO,C60L63,POINT (-58.81395164785643 -2.513743894642769)
2022,CORTE SELETIVO,C60L63,POINT (-58.79314571717994 -2.5090462615627827)
2022,CORTE SELETIVO,C60L63,POINT (-58.81744671603566 -2.5088644669967413)
2022,CORTE SELETIVO,C60L63,POINT (-58.80725182206085 -2.5072596989896057)
2022,CORTE SELETIVO,C60L63,POINT (-58.81845003263498 -2.5061481234496834)
2022,CORTE SELETIVO,C60L63,POINT (-58.81976267741806 -2.5044476598899625)
2022,CORTE SELETIVO,C60L63,POINT (-58.79291863257919 -2.5043441185569475)
2022,CORTE SELETIVO,C60L63,POINT (-58.81547813172204 -2.5017453058106636)
2022,CORTE SELETIVO,C60L63,POINT (-58.786350085124226 -2.5016410153161988)
2022,CORTE SELETIVO,C60L63,POINT (-58.814848925670994 -2.5013466136964313)
2022,CORTE SELETIVO,C60L63,POINT (-58.78875073237171 -2.5007134627299554)
2022,CORTE SELETIVO,C60L63,POINT (-58.80993982107082 -2.500345615297868)
2022,CORTE SELETIVO,C60L63,POINT (-58.81004527075312 -2.5000541186030687)
2022,CORTE SELETIVO,C60L63,POINT (-58.97275448214041 -2.67995348090493)
2022,CORTE SELETIVO,C60L63,POINT (-58.97264808157442 -2.679651124537689)
2022,CORTE SELETIVO,C60L63,POINT (-58.9686493998705 -2.650448249108759)
2022,CORTE SELETIVO,C60L63,POINT (-58.82764779598664 -2.598754711645722)
2022,CORTE SELETIVO,C60L63,POINT (-58.96545471154462 -2.5946167624574583)
2022,CORTE SELETIVO,C60L63,POINT (-58.95348940486599 -2.5866288724552144)
2022,CORTE SELETIVO,C60L63,POINT (-58.847851211133175 -2.572146621825244)
2022,CORTE SELETIVO,C60L63,POINT (-58.81335394282499 -2.54564714644365)
2022,CORTE SELETIVO,C60L63,POINT (-58.88224723148089 -2.519947256825531)
2022,CORTE SELETIVO,C60L63,POINT (-58.82495080908923 -2.5137478135431666)
2022,CORTE SELETIVO,C60L63,POINT (-58.96865244204223 -2.6503456301517456)
2022,CORTE SELETIVO,C60L63,POINT (-58.80434993521931 -2.548350410361097)
2022,CORTE SELETIVO,C60L63,POINT (-58.81514560527072 -2.540149522708615)
2022,CORTE SELETIVO,C60L63,POINT (-58.963347749636384 -2.687846464339521)
2022,CORTE SELETIVO,C60L63,POINT (-58.844350739730714 -2.5699463841745893)
2022,CORTE SELETIVO,C60L63,POINT (-58.824350645531226 -2.543747647983865)
2022,CORTE SELETIVO,C60L63,POINT (-58.968650548006735 -2.6502466670331923)
2022,CORTE SELETIVO,C60L63,POINT (-58.85464692561207 -2.5342543482161117)
2022,CORTE SELETIVO,C60L63,POINT (-58.874548392390764 -2.5500508447936223)
2022,CORTE SELETIVO,C60L63,POINT (-58.85625107943346 -2.545049578570591)
2022,CORTE SELETIVO,C60L63,POINT (-58.82435127607441 -2.5436494820190343)
2022,CORTE SELETIVO,C60L63,POINT (-58.92095100271984 -2.5167212599659106)
2022,CORTE SELETIVO,C60L63,POINT (-58.9726475102461 -2.679945817786137)
2022,CORTE SELETIVO,C60L63,POINT (-58.96814971762632 -2.652245695966852)
2022,CORTE SELETIVO,C60L63,POINT (-58.96515422559087 -2.5944503489677633)
2022,CORTE SELETIVO,C60L63,POINT (-58.96524824928502 -2.5943533961003524)
2022,CORTE SELETIVO,C60L63,POINT (-58.85345406155532 -2.548453589067716)
2022,CORTE SELETIVO,C60L63,POINT (-58.99505405268858 -2.5187452003211592)
2022,CORTE SELETIVO,C60L63,POINT (-58.88124907084033 -2.5028509071219127)
2022,CORTE SELETIVO,C60L63,POINT (-58.80655181081997 -2.5487454979297053)
2022,CORTE SELETIVO,C60L63,POINT (-58.843249470938574 -2.5714460205945335)
2022,CORTE SELETIVO,C60L63,POINT (-58.84445135331325 -2.569846060069679)
2022,CORTE SELETIVO,C60L63,POINT (-58.8136525490184 -2.5457540510810337)
2022,CORTE SELETIVO,C60L63,POINT (-58.91955300354991 -2.5151535599144)
2022,CORTE SELETIVO,C60L63,POINT (-58.84955243882053 -2.5149454907928046)
2022,CORTE SELETIVO,C60L63,POINT (-58.883254052752065 -2.5143486235236954)
2022,CORTE SELETIVO,C60L63,POINT (-58.84445508137193 -2.5701479511415997)
2022,CORTE SELETIVO,C60L63,POINT (-58.80664772868511 -2.5486531132518864)
2022,CORTE SELETIVO,C60L63,POINT (-58.81225468117961 -2.5437515223896607)
2022,CORTE SELETIVO,C60L63,POINT (-58.859650706336595 -2.509654725606019)
2022,CORTE SELETIVO,C60L63,POINT (-58.96535307742439 -2.594650237822738)
2022,CORTE SELETIVO,C60L63,POINT (-58.806551428253194 -2.5489525224847362)
2022,CORTE SELETIVO,C60L63,POINT (-58.806752613890446 -2.5486451771083507)
2022,CORTE SELETIVO,C60L63,POINT (-58.87145375422012 -2.5327483857546884)
2022,CORTE SELETIVO,C60L63,POINT (-58.97134709836559 -2.681893053314253)
2022,CORTE SELETIVO,C60L63,POINT (-58.95955318230134 -2.6807515560115096)
2022,CORTE SELETIVO,C60L63,POINT (-58.96445231256787 -2.6639520917245036)
2022,CORTE SELETIVO,C60L63,POINT (-58.96130048841668 -2.6635519500366946)
2022,CORTE SELETIVO,C60L63,POINT (-58.9612490337616 -2.663348816646365)
2022,CORTE SELETIVO,C60L63,POINT (-58.96864519101468 -2.663152785001379)
2022,CORTE SELETIVO,C60L63,POINT (-58.97957485007857 -2.6602488938467252)
2022,CORTE SELETIVO,C60L63,POINT (-58.97969827297267 -2.659851262492411)
2022,CORTE SELETIVO,C60L63,POINT (-58.96102889115397 -2.65767864089454)
2022,CORTE SELETIVO,C60L63,POINT (-58.967249162455246 -2.6553882500274764)
2022,CORTE SELETIVO,C60L63,POINT (-58.96834528849686 -2.6523580530339714)
2022,CORTE SELETIVO,C60L63,POINT (-58.96861715823281 -2.65074643930107)
2022,CORTE SELETIVO,C60L63,POINT (-58.968266306958256 -2.6506350475184335)
2022,CORTE SELETIVO,C60L63,POINT (-58.968349116501194 -2.650346096220494)
2022,CORTE SELETIVO,C60L63,POINT (-58.96852372670734 -2.647852789922329)
2022,CORTE SELETIVO,C60L63,POINT (-58.96205221844788 -2.643446747682128)
2022,CORTE SELETIVO,C60L63,POINT (-58.96203456527746 -2.643233526520964)
2022,CORTE SELETIVO,C60L63,POINT (-58.96804787824498 -2.6047244424506824)
2022,CORTE SELETIVO,C60L63,POINT (-58.967718874944914 -2.604617556575145)
2022,CORTE SELETIVO,C60L63,POINT (-58.964968738991125 -2.604549260302202)
2022,CORTE SELETIVO,C60L63,POINT (-58.962053242547114 -2.599705334339429)
2022,CORTE SELETIVO,C60L63,POINT (-58.981947893097576 -2.5992977042517795)
2022,CORTE SELETIVO,C60L63,POINT (-58.96234583777984 -2.597070533563437)
2022,CORTE SELETIVO,C60L63,POINT (-58.965347539078095 -2.5942501645819993)
2022,CORTE SELETIVO,C60L63,POINT (-58.98250957738924 -2.5913505539877133)
2022,CORTE SELETIVO,C60L63,POINT (-58.96354652070561 -2.576846052435179)
2022,CORTE SELETIVO,C60L63,POINT (-58.96924702249863 -2.5702250004868326)
2022,CORTE SELETIVO,C60L63,POINT (-58.98205179890336 -2.520852027427604)
2022,CORTE SELETIVO,C60L63,POINT (-58.95924741142668 -2.682748943371889)
2022,CORTE SELETIVO,C60L63,POINT (-58.95925482245547 -2.682453536690602)
2022,CORTE SELETIVO,C60L63,POINT (-58.95914783411759 -2.6823344173360364)
2022,CORTE SELETIVO,C60L63,POINT (-58.95934873250308 -2.682242122229798)
2022,CORTE SELETIVO,C60L63,POINT (-58.953448545299146 -2.6810539510663074)
2022,CORTE SELETIVO,C60L63,POINT (-58.95334566202121 -2.68094915378194)
2022,CORTE SELETIVO,C60L63,POINT (-58.95325473914683 -2.6808527294743283)
2022,CORTE SELETIVO,C60L63,POINT (-58.95127629801969 -2.6686533790948244)
2022,CORTE SELETIVO,C60L63,POINT (-58.942848452649876 -2.6683507201801455)
2022,CORTE SELETIVO,C60L63,POINT (-58.958247386087635 -2.6594521784283165)
2022,CORTE SELETIVO,C60L63,POINT (-58.95879812427563 -2.659052933631005)
2022,CORTE SELETIVO,C60L63,POINT (-58.95405240896215 -2.653751493133817)
2022,CORTE SELETIVO,C60L63,POINT (-58.95395030873921 -2.6536478790072264)
2022,CORTE SELETIVO,C60L63,POINT (-58.933974301865824 -2.610032561764056)
2022,CORTE SELETIVO,C60L63,POINT (-58.9319547031593 -2.608557991813687)
2022,CORTE SELETIVO,C60L63,POINT (-58.93165185889734 -2.6084545067582137)
2022,CORTE SELETIVO,C60L63,POINT (-58.92505352428531 -2.6032524152056267)
2022,CORTE SELETIVO,C60L63,POINT (-58.92545066298863 -2.600472231413164)
2022,CORTE SELETIVO,C60L63,POINT (-58.94074499189271 -2.5905390122874863)
2022,CORTE SELETIVO,C60L63,POINT (-58.95295309222888 -2.5885730874086885)
2022,CORTE SELETIVO,C60L63,POINT (-58.94824809492525 -2.5859525220930895)
2022,CORTE SELETIVO,C60L63,POINT (-58.957853624673575 -2.5857516554195135)
2022,CORTE SELETIVO,C60L63,POINT (-58.882353346072115 -2.542649563440821)
2022,CORTE SELETIVO,C60L63,POINT (-58.881554582584734 -2.5346514269629536)
2022,CORTE SELETIVO,C60L63,POINT (-58.8820531936991 -2.534483285397047)
2022,CORTE SELETIVO,C60L63,POINT (-58.88205202055403 -2.520654091222961)
2022,CORTE SELETIVO,C60L63,POINT (-58.9210495909723 -2.5167547396493273)
2022,CORTE SELETIVO,C60L63,POINT (-58.921874562134676 -2.5129475849837735)
2022,CORTE SELETIVO,C60L63,POINT (-58.84694979505908 -2.628153342395643)
2022,CORTE SELETIVO,C60L63,POINT (-58.820045578578195 -2.5803457862146026)
2022,CORTE SELETIVO,C60L63,POINT (-58.83794595448859 -2.5694522467327774)
2022,CORTE SELETIVO,C60L63,POINT (-58.84065774667606 -2.5689164370817856)
2022,CORTE SELETIVO,C60L63,POINT (-58.85524706294131 -2.5678536287284213)
2022,CORTE SELETIVO,C60L63,POINT (-58.81745408942612 -2.5659485430177416)
2022,CORTE SELETIVO,C60L63,POINT (-58.81744864603526 -2.565745362338859)
2022,CORTE SELETIVO,C60L63,POINT (-58.851648506987736 -2.5522699932412034)
2022,CORTE SELETIVO,C60L63,POINT (-58.85154844829438 -2.55215119093511)
2022,CORTE SELETIVO,C60L63,POINT (-58.82135456622872 -2.5451525985290613)
2022,CORTE SELETIVO,C60L63,POINT (-58.82134960885516 -2.5449542191079177)
2022,CORTE SELETIVO,C60L63,POINT (-58.827849617666544 -2.542053951054489)
2022,CORTE SELETIVO,C60L63,POINT (-58.83794902830794 -2.5398492412361775)
2022,CORTE SELETIVO,C60L63,POINT (-58.848284963329355 -2.5391777788108376)
2022,CORTE SELETIVO,C60L63,POINT (-58.86594871176504 -2.538749056592658)
2022,CORTE SELETIVO,C60L63,POINT (-58.82825394801374 -2.538347541536)
2022,CORTE SELETIVO,C60L63,POINT (-58.82424901528067 -2.5379534963087664)
2022,CORTE SELETIVO,C60L63,POINT (-58.86584988817428 -2.5332507857175295)
2022,CORTE SELETIVO,C60L63,POINT (-58.83695135768482 -2.515654140694566)
2022,CORTE SELETIVO,C60L63,POINT (-58.84947319816962 -2.5147505344271646)
2022,CORTE SELETIVO,C60L63,POINT (-58.83415200992848 -2.514431448599783)
2022,CORTE SELETIVO,C60L63,POINT (-58.83404704633089 -2.5142496817649342)
2022,CORTE SELETIVO,C60L63,POINT (-58.83404721193489 -2.5140457181948066)
2022,CORTE SELETIVO,C60L63,POINT (-58.8261503790993 -2.5125498144416274)
2022,CORTE SELETIVO,C60L63,POINT (-58.8595526527789 -2.5095024340637577)
2022,CORTE SELETIVO,C60L63,POINT (-58.84074760925739 -2.5016473663459062)
2022,CORTE SELETIVO,C60L63,POINT (-58.8409453423724 -2.5013802908897014)
2022,CORTE SELETIVO,C60L63,POINT (-58.84055445621254 -2.5011807430518695)
2022,CORTE SELETIVO,C60L63,POINT (-58.78685186196257 -2.64425322672657)
2022,CORTE SELETIVO,C60L63,POINT (-58.79035028914287 -2.580753410357225)
2022,CORTE SELETIVO,C60L63,POINT (-58.80976403995877 -2.5729198428075364)
2022,CORTE SELETIVO,C60L63,POINT (-58.80955279624075 -2.551445714032836)
2022,CORTE SELETIVO,C60L63,POINT (-58.80282737158021 -2.549947548939579)
2022,CORTE SELETIVO,C60L63,POINT (-58.805854745868835 -2.549910514955732)
2022,CORTE SELETIVO,C60L63,POINT (-58.806748585546664 -2.5488505506421624)
2022,CORTE SELETIVO,C60L63,POINT (-58.80684583756971 -2.548653330459977)
2022,CORTE SELETIVO,C60L63,POINT (-58.796846820884014 -2.548420210780828)
2022,CORTE SELETIVO,C60L63,POINT (-58.793953975272146 -2.545651862578986)
2022,CORTE SELETIVO,C60L63,POINT (-58.816454532039046 -2.5361468841034793)
2022,CORTE SELETIVO,C60L63,POINT (-58.81375279431195 -2.535148363674194)
2022,CORTE SELETIVO,C60L63,POINT (-58.81388457642015 -2.535052124165661)
2022,CORTE SELETIVO,C60L63,POINT (-58.81444546811407 -2.5289168887109787)
2022,CORTE SELETIVO,C60L63,POINT (-58.80565452389627 -2.522853428815882)
2022,CORTE SELETIVO,C60L63,POINT (-58.80564729665575 -2.522645977234733)
2022,CORTE SELETIVO,C60L63,POINT (-58.779655093389195 -2.5200453244456025)
2022,CORTE SELETIVO,C60L63,POINT (-58.81234675773447 -2.513551107965659)
2022,CORTE SELETIVO,C60L63,POINT (-58.785951050436324 -2.5097530226965095)
2022,CORTE SELETIVO,C60L63,POINT (-58.777749766564824 -2.508250467463599)
2022,CORTE SELETIVO,C60L63,POINT (-58.80724892064117 -2.50745219607519)
2022,CORTE SELETIVO,C60L63,POINT (-58.792854993750474 -2.5044530189666965)
2022,CORTE SELETIVO,C60L63,POINT (-58.81634769596092 -2.5039539419381636)
2022,CORTE SELETIVO,C60L63,POINT (-58.816252266180705 -2.503754104785305)
2022,CORTE SELETIVO,C60L63,POINT (-58.815847135713554 -2.501951912665113)
2022,CORTE SELETIVO,C60L63,POINT (-58.963248578578394 -2.687850213408022)
2022,CORTE SELETIVO,C60L63,POINT (-58.9787452089541 -2.6595101423023246)
2022,CORTE SELETIVO,C60L63,POINT (-58.968654387219686 -2.6501518873111083)
2022,CORTE SELETIVO,C60L63,POINT (-58.98222021796243 -2.5993527006245354)
2022,CORTE SELETIVO,C60L63,POINT (-58.96515326514764 -2.5945519966311616)
2022,CORTE SELETIVO,C60L63,POINT (-58.9652706881464 -2.594448623626534)
2022,CORTE SELETIVO,C60L63,POINT (-58.81325297428592 -2.5456487873327793)
2022,CORTE SELETIVO,C60L63,POINT (-58.837949418918015 -2.539746180847168)
2022,CORTE SELETIVO,C60L63,POINT (-58.962854756693 -2.6874498682684904)
2022,CORTE SELETIVO,C60L63,POINT (-58.91914524083478 -2.501746267305797)
2022,CORTE SELETIVO,C60L63,POINT (-58.87654496934059 -2.53034759989938)
2022,CORTE SELETIVO,C60L63,POINT (-58.88155489619209 -2.500050959029108)
2022,CORTE SELETIVO,C60L63,POINT (-58.95344893524871 -2.679854421634373)
2022,CORTE SELETIVO,C60L63,POINT (-58.82764665333359 -2.5988475948412675)
2022,CORTE SELETIVO,C60L63,POINT (-58.96534829744446 -2.594546963187047)
2022,CORTE SELETIVO,C60L63,POINT (-58.83804663343743 -2.5396517161580796)
2022,CORTE SELETIVO,C60L63,POINT (-58.854551643531344 -2.534151405081637)
2022,CORTE SELETIVO,C60L63,POINT (-58.88574927502572 -2.6861461144537904)
2022,CORTE SELETIVO,C60L63,POINT (-58.77104789033812 -2.595351226988647)
2022,CORTE SELETIVO,C60L63,POINT (-58.96525432007221 -2.5945531656365013)
2022,CORTE SELETIVO,C60L63,POINT (-58.859645050335786 -2.509747247147301)
2022,CORTE SELETIVO,C60L63,POINT (-58.83795485850237 -2.539654440227932)
2022,CORTE SELETIVO,C60L63,POINT (-58.96344586916583 -2.6877508271651958)
2022,CORTE SELETIVO,C60L63,POINT (-58.81185346428674 -2.5442487042943416)
2022,CORTE SELETIVO,C60L63,POINT (-58.8813493650996 -2.5038480669729224)
2022,CORTE SELETIVO,C60L63,POINT (-58.82775103457938 -2.5988472097095507)
2022,CORTE SELETIVO,C60L63,POINT (-58.96535432401449 -2.5947533599491384)
2022,CORTE SELETIVO,C60L63,POINT (-58.96525140323929 -2.594651517153481)
2022,CORTE SELETIVO,C60L63,POINT (-58.982045625522936 -2.5993498463422697)
2022,CORTE SELETIVO,C60L63,POINT (-58.81438236954893 -2.529154650372992)
2022,CORTE SELETIVO,C60L63,POINT (-58.98215779759836 -2.599252193672375)
2022,CORTE SELETIVO,C60L63,POINT (-58.95961546495478 -2.6805656944377514)
2022,CORTE SELETIVO,C60L63,POINT (-58.960952947635626 -2.663750809877608)
2022,CORTE SELETIVO,C60L63,POINT (-58.961051312553344 -2.66364569841072)
2022,CORTE SELETIVO,C60L63,POINT (-58.9614465732967 -2.6633566598715417)
2022,CORTE SELETIVO,C60L63,POINT (-58.96924922306817 -2.663353854327513)
2022,CORTE SELETIVO,C60L63,POINT (-58.96454656664109 -2.663253906648414)
2022,CORTE SELETIVO,C60L63,POINT (-58.959254717915655 -2.6584513111961092)
2022,CORTE SELETIVO,C60L63,POINT (-58.96094545843715 -2.6575495322730833)
2022,CORTE SELETIVO,C60L63,POINT (-58.969045725912714 -2.653751057982237)
2022,CORTE SELETIVO,C60L63,POINT (-58.96872728375866 -2.6535465264365525)
2022,CORTE SELETIVO,C60L63,POINT (-58.96854544586095 -2.6523797440834955)
2022,CORTE SELETIVO,C60L63,POINT (-58.9682482388818 -2.652351150254215)
2022,CORTE SELETIVO,C60L63,POINT (-58.96825200104586 -2.6521402488860404)
2022,CORTE SELETIVO,C60L63,POINT (-58.96855102681988 -2.649947094572982)
2022,CORTE SELETIVO,C60L63,POINT (-58.96934795229581 -2.6447376678033265)
2022,CORTE SELETIVO,C60L63,POINT (-58.96933105625973 -2.6414526063009296)
2022,CORTE SELETIVO,C60L63,POINT (-58.97254809631281 -2.6073460231030685)
2022,CORTE SELETIVO,C60L63,POINT (-58.967935633658904 -2.604732705201678)
2022,CORTE SELETIVO,C60L63,POINT (-58.96197949730621 -2.5994487969239675)
2022,CORTE SELETIVO,C60L63,POINT (-58.9823537972402 -2.5911509346827692)
2022,CORTE SELETIVO,C60L63,POINT (-58.96216050136684 -2.5790444488819193)
2022,CORTE SELETIVO,C60L63,POINT (-58.96364807490493 -2.5767018484873456)
2022,CORTE SELETIVO,C60L63,POINT (-58.969241697179456 -2.570416075904228)
2022,CORTE SELETIVO,C60L63,POINT (-58.97995331176221 -2.5356052449371838)
2022,CORTE SELETIVO,C60L63,POINT (-58.98184582527391 -2.520845211124704)
2022,CORTE SELETIVO,C60L63,POINT (-58.979752697045654 -2.5111547828535405)
2022,CORTE SELETIVO,C60L63,POINT (-58.955346295924954 -2.6739517233267325)
2022,CORTE SELETIVO,C60L63,POINT (-58.94750536883972 -2.666409321909253)
2022,CORTE SELETIVO,C60L63,POINT (-58.94024991967501 -2.662649831292157)
2022,CORTE SELETIVO,C60L63,POINT (-58.958546902745546 -2.6594921114374688)
2022,CORTE SELETIVO,C60L63,POINT (-58.95845323318935 -2.65934807791965)
2022,CORTE SELETIVO,C60L63,POINT (-58.955052194565454 -2.6542501532502967)
2022,CORTE SELETIVO,C60L63,POINT (-58.93405321807467 -2.609849938442923)
2022,CORTE SELETIVO,C60L63,POINT (-58.95527992168862 -2.609501468349105)
2022,CORTE SELETIVO,C60L63,POINT (-58.84744787203588 -2.5972490716954506)
2022,CORTE SELETIVO,C60L63,POINT (-58.95165128892694 -2.5970475231787686)
2022,CORTE SELETIVO,C60L63,POINT (-58.94895296874851 -2.5908523279030624)
2022,CORTE SELETIVO,C60L63,POINT (-58.9528055967371 -2.5887729613190342)
2022,CORTE SELETIVO,C60L63,POINT (-58.94825004429803 -2.5881522189394666)
2022,CORTE SELETIVO,C60L63,POINT (-58.9482529464095 -2.585749450869985)
2022,CORTE SELETIVO,C60L63,POINT (-58.90066540175142 -2.5825461442504234)
2022,CORTE SELETIVO,C60L63,POINT (-58.90064715143079 -2.5823174621099456)
2022,CORTE SELETIVO,C60L63,POINT (-58.84935250489785 -2.5693490565404633)
2022,CORTE SELETIVO,C60L63,POINT (-58.85514674620693 -2.5676478205160573)
2022,CORTE SELETIVO,C60L63,POINT (-58.84695174170428 -2.5663459866627947)
2022,CORTE SELETIVO,C60L63,POINT (-58.85223359590327 -2.5637491582192986)
2022,CORTE SELETIVO,C60L63,POINT (-58.85135382447674 -2.5620454245415503)
2022,CORTE SELETIVO,C60L63,POINT (-58.85873717800297 -2.53845328010738)
2022,CORTE SELETIVO,C60L63,POINT (-58.91952498877137 -2.514965800522434)
2022,CORTE SELETIVO,C60L63,POINT (-58.86525262525892 -2.507945628773325)
2022,CORTE SELETIVO,C60L63,POINT (-58.86447004061159 -2.506650861642554)
2022,CORTE SELETIVO,C60L63,POINT (-58.865947616863565 -2.5066487175964)
2022,CORTE SELETIVO,C60L63,POINT (-58.82815487665128 -2.5988486146758203)
2022,CORTE SELETIVO,C60L63,POINT (-58.82935099156043 -2.583349998794521)
2022,CORTE SELETIVO,C60L63,POINT (-58.820847996970485 -2.5812535872491)
2022,CORTE SELETIVO,C60L63,POINT (-58.821051486239355 -2.574954611900892)
2022,CORTE SELETIVO,C60L63,POINT (-58.8423459413206 -2.572849749226853)
2022,CORTE SELETIVO,C60L63,POINT (-58.84219321270416 -2.572749929798914)
2022,CORTE SELETIVO,C60L63,POINT (-58.83964643546117 -2.5701471256176234)
2022,CORTE SELETIVO,C60L63,POINT (-58.81756424011346 -2.5676540455101065)
2022,CORTE SELETIVO,C60L63,POINT (-58.81755051211766 -2.56557211193672)
2022,CORTE SELETIVO,C60L63,POINT (-58.832849095151 -2.5611826011978778)
2022,CORTE SELETIVO,C60L63,POINT (-58.82114921883038 -2.5489459251137845)
2022,CORTE SELETIVO,C60L63,POINT (-58.82114845838248 -2.5485600884442414)
2022,CORTE SELETIVO,C60L63,POINT (-58.82141150356286 -2.5448478078607613)
2022,CORTE SELETIVO,C60L63,POINT (-58.82284810583521 -2.5441530812156175)
2022,CORTE SELETIVO,C60L63,POINT (-58.82264927819287 -2.5439542755450537)
2022,CORTE SELETIVO,C60L63,POINT (-58.837146994689334 -2.5326489347921273)
2022,CORTE SELETIVO,C60L63,POINT (-58.82385466307581 -2.5270534623342553)
2022,CORTE SELETIVO,C60L63,POINT (-58.824752813229615 -2.524246080310477)
2022,CORTE SELETIVO,C60L63,POINT (-58.83805216375875 -2.5225471826603942)
2022,CORTE SELETIVO,C60L63,POINT (-58.82824668044059 -2.518949164741173)
2022,CORTE SELETIVO,C60L63,POINT (-58.840551463602914 -2.5158778843905587)
2022,CORTE SELETIVO,C60L63,POINT (-58.82434542252383 -2.515452595736223)
2022,CORTE SELETIVO,C60L63,POINT (-58.834054484545796 -2.5145504232590508)
2022,CORTE SELETIVO,C60L63,POINT (-58.83625020357159 -2.5137306140878777)
2022,CORTE SELETIVO,C60L63,POINT (-58.83637104994757 -2.5135481843311753)
2022,CORTE SELETIVO,C60L63,POINT (-58.81745048751937 -2.5087475756102116)
2022,CORTE SELETIVO,C60L63,POINT (-58.77625210560303 -2.704653750508724)
2022,CORTE SELETIVO,C60L63,POINT (-58.78674959021668 -2.644254141984835)
2022,CORTE SELETIVO,C60L63,POINT (-58.78685102224472 -2.644146521249273)
2022,CORTE SELETIVO,C60L63,POINT (-58.783547054041094 -2.584254045405434)
2022,CORTE SELETIVO,C60L63,POINT (-58.794433303023865 -2.5715541927876266)
2022,CORTE SELETIVO,C60L63,POINT (-58.817355056208434 -2.5653500234929245)
2022,CORTE SELETIVO,C60L63,POINT (-58.81614840715746 -2.5574480291043455)
2022,CORTE SELETIVO,C60L63,POINT (-58.81234513908348 -2.553751458742581)
2022,CORTE SELETIVO,C60L63,POINT (-58.809551819451336 -2.5515629742177866)
2022,CORTE SELETIVO,C60L63,POINT (-58.80285934787614 -2.5498500989792627)
2022,CORTE SELETIVO,C60L63,POINT (-58.805653437127084 -2.549750706721082)
2022,CORTE SELETIVO,C60L63,POINT (-58.79368823307842 -2.545714522643454)
2022,CORTE SELETIVO,C60L63,POINT (-58.79395392375709 -2.5455471081660628)
2022,CORTE SELETIVO,C60L63,POINT (-58.81475440106363 -2.5291458990020996)
2022,CORTE SELETIVO,C60L63,POINT (-58.81445489243159 -2.5290467424526533)
2022,CORTE SELETIVO,C60L63,POINT (-58.80563458321187 -2.522752424558331)
2022,CORTE SELETIVO,C60L63,POINT (-58.77785390835106 -2.508247094813471)
2022,CORTE SELETIVO,C60L63,POINT (-58.80214626602453 -2.5049546501941182)
2022,CORTE SELETIVO,C60L63,POINT (-58.80224967840283 -2.5048475863096393)
2022,CORTE SELETIVO,C60L63,POINT (-58.816348092995746 -2.503746566440111)
2022,CORTE SELETIVO,C60L63,POINT (-58.81624525092691 -2.5036544121582756)
2022,CORTE SELETIVO,C60L63,POINT (-58.814948112669065 -2.5033453574923974)
2022,CORTE SELETIVO,C60L63,POINT (-58.81575150895539 -2.502003806708025)
2022,CORTE SELETIVO,C60L63,POINT (-58.81685450080879 -2.5014468983516585)
2022,CORTE SELETIVO,C60L63,POINT (-58.81383244149677 -2.501245323742436)
2022,CORTE SELETIVO,C60L63,POINT (-58.970044975850385 -2.684940682229296)
2022,CORTE SELETIVO,C60L63,POINT (-58.97014814997793 -2.68474588141186)
2022,CORTE SELETIVO,C60L63,POINT (-58.97264593164331 -2.6800515786137677)
2022,CORTE SELETIVO,C60L63,POINT (-58.9680449265028 -2.6523575184910935)
2022,CORTE SELETIVO,C60L63,POINT (-58.969226367529124 -2.6448875781797203)
2022,CORTE SELETIVO,C60L63,POINT (-58.787145557647776 -2.6381046458587893)
2022,CORTE SELETIVO,C60L63,POINT (-58.82394741221771 -2.5824518316518024)
2022,CORTE SELETIVO,C60L63,POINT (-58.882945611983295 -2.520253993043807)
2022,CORTE SELETIVO,C60L63,POINT (-58.84005468526021 -2.516150603625657)
2022,CORTE SELETIVO,C60L63,POINT (-58.787149169214715 -2.6378527901900624)
2022,CORTE SELETIVO,C60L63,POINT (-58.82244518172471 -2.5725486320770123)
2022,CORTE SELETIVO,C60L63,POINT (-58.94234977078351 -2.666152917782644)
2022,CORTE SELETIVO,C60L63,POINT (-58.96815196730775 -2.6523515177544876)
2022,CORTE SELETIVO,C60L63,POINT (-58.78704798672724 -2.6379475275696334)
2022,CORTE SELETIVO,C60L63,POINT (-58.97004847651485 -2.684754544676025)
2022,CORTE SELETIVO,C60L63,POINT (-58.771747723931774 -2.595054074300905)
2022,CORTE SELETIVO,C60L63,POINT (-58.82505071020748 -2.5138484735189066)
2022,CORTE SELETIVO,C60L63,POINT (-58.96824711663823 -2.652648247158489)
2022,CORTE SELETIVO,C60L63,POINT (-58.883347348504564 -2.5131522918675295)
2022,CORTE SELETIVO,C60L63,POINT (-58.96935358999757 -2.6449461530306113)
2022,CORTE SELETIVO,C60L63,POINT (-58.964649276326035 -2.6632474665777432)
2022,CORTE SELETIVO,C60L63,POINT (-58.958150397858276 -2.659849627509601)
2022,CORTE SELETIVO,C60L63,POINT (-58.984547273712614 -2.527552907764597)
2022,CORTE SELETIVO,C60L63,POINT (-58.96815062132439 -2.6524529011026634)
2022,CORTE SELETIVO,C60L63,POINT (-58.81365342948141 -2.5458512958278345)
2022,CORTE SELETIVO,C60L63,POINT (-58.81345227027223 -2.545547931983904)
2022,CORTE SELETIVO,C60L63,POINT (-58.90224799425397 -2.533647108153062)
2022,CORTE SELETIVO,C60L63,POINT (-58.882253810776625 -2.5190547541438617)
2022,CORTE SELETIVO,C60L63,POINT (-58.97177008752335 -2.50826870239993)
2022,CORTE SELETIVO,C60L63,POINT (-58.98085446587069 -2.5042542168571553)
2022,CORTE SELETIVO,C60L63,POINT (-58.96155054235276 -2.663350185124785)
2022,CORTE SELETIVO,C60L63,POINT (-58.96137763975301 -2.6632462371754846)
2022,CORTE SELETIVO,C60L63,POINT (-58.967256464582945 -2.6557528679451634)
2022,CORTE SELETIVO,C60L63,POINT (-58.96846771332025 -2.6535323798963137)
2022,CORTE SELETIVO,C60L63,POINT (-58.96894647034788 -2.653248313667392)
2022,CORTE SELETIVO,C60L63,POINT (-58.97445086218685 -2.6499468637417354)
2022,CORTE SELETIVO,C60L63,POINT (-58.96835031526921 -2.6477487441566248)
2022,CORTE SELETIVO,C60L63,POINT (-58.969250713509815 -2.644552307963988)
2022,CORTE SELETIVO,C60L63,POINT (-58.963856593386254 -2.6386284910925473)
2022,CORTE SELETIVO,C60L63,POINT (-58.96500911398114 -2.604645675656028)
2022,CORTE SELETIVO,C60L63,POINT (-58.96485448280185 -2.604551989149381)
2022,CORTE SELETIVO,C60L63,POINT (-58.981854347529094 -2.599350213357487)
2022,CORTE SELETIVO,C60L63,POINT (-58.96395237291566 -2.5809480406474745)
2022,CORTE SELETIVO,C60L63,POINT (-58.96365463276034 -2.580850264713651)
2022,CORTE SELETIVO,C60L63,POINT (-58.96905341709577 -2.5703513194499905)
2022,CORTE SELETIVO,C60L63,POINT (-58.98014884275812 -2.535775101651014)
2022,CORTE SELETIVO,C60L63,POINT (-58.98004500555397 -2.535447174974727)
2022,CORTE SELETIVO,C60L63,POINT (-58.9899529051647 -2.5245233884474048)
2022,CORTE SELETIVO,C60L63,POINT (-58.97965174671861 -2.511119334128593)
2022,CORTE SELETIVO,C60L63,POINT (-58.88614874871684 -2.686254080976787)
2022,CORTE SELETIVO,C60L63,POINT (-58.95914753360366 -2.682945834244798)
2022,CORTE SELETIVO,C60L63,POINT (-58.959152285752765 -2.6825484186140596)
2022,CORTE SELETIVO,C60L63,POINT (-58.95604643945283 -2.673147041851239)
2022,CORTE SELETIVO,C60L63,POINT (-58.9403514153044 -2.6708508537136875)
2022,CORTE SELETIVO,C60L63,POINT (-58.958551880848596 -2.659885532577579)
2022,CORTE SELETIVO,C60L63,POINT (-58.958849862462245 -2.658952910809838)
2022,CORTE SELETIVO,C60L63,POINT (-58.902867970974604 -2.6574482542760003)
2022,CORTE SELETIVO,C60L63,POINT (-58.954948421675596 -2.6543527507176563)
2022,CORTE SELETIVO,C60L63,POINT (-58.90692665155127 -2.651377957038475)
2022,CORTE SELETIVO,C60L63,POINT (-58.95640760890086 -2.6126448297636182)
2022,CORTE SELETIVO,C60L63,POINT (-58.934352456099546 -2.6114473215234946)
2022,CORTE SELETIVO,C60L63,POINT (-58.951553598045024 -2.5971275921385413)
2022,CORTE SELETIVO,C60L63,POINT (-58.95314891954006 -2.588852498547919)
2022,CORTE SELETIVO,C60L63,POINT (-58.95864596979062 -2.5840501078462306)
2022,CORTE SELETIVO,C60L63,POINT (-58.852949969969536 -2.552848229307631)
2022,CORTE SELETIVO,C60L63,POINT (-58.85164678245991 -2.5526519409111184)
2022,CORTE SELETIVO,C60L63,POINT (-58.88135432795852 -2.5377524560245126)
2022,CORTE SELETIVO,C60L63,POINT (-58.933052488869265 -2.5070659462239493)
2022,CORTE SELETIVO,C60L63,POINT (-58.834551478918776 -2.577946248113745)
2022,CORTE SELETIVO,C60L63,POINT (-58.8224527056911 -2.5720496898339804)
2022,CORTE SELETIVO,C60L63,POINT (-58.826850832349216 -2.571846799932716)
2022,CORTE SELETIVO,C60L63,POINT (-58.84315070070365 -2.569451293974498)
2022,CORTE SELETIVO,C60L63,POINT (-58.83294674858208 -2.561245600680889)
2022,CORTE SELETIVO,C60L63,POINT (-58.81594532284522 -2.555653656457737)
2022,CORTE SELETIVO,C60L63,POINT (-58.80955297279349 -2.551349843892805)
2022,CORTE SELETIVO,C60L63,POINT (-58.84575408380204 -2.550289412165839)
2022,CORTE SELETIVO,C60L63,POINT (-58.82154966105854 -2.5449545780177365)
2022,CORTE SELETIVO,C60L63,POINT (-58.79455876954715 -2.5443529414357178)
2022,CORTE SELETIVO,C60L63,POINT (-58.83713226052206 -2.5324619636913503)
2022,CORTE SELETIVO,C60L63,POINT (-58.83784655792155 -2.522646987354584)
2022,CORTE SELETIVO,C60L63,POINT (-58.82514779780344 -2.5139479113373477)
2022,CORTE SELETIVO,C60L63,POINT (-58.802355069333544 -2.5049521220638695)
2022,CORTE SELETIVO,C60L63,POINT (-58.816163366800964 -2.5040376710060133)
2022,CORTE SELETIVO,C60L63,POINT (-58.81675012644117 -2.5015455302099756)
2022,CORTE SELETIVO,C60L63,POINT (-58.815454812943344 -2.5015477997766897)
2022,CORTE SELETIVO,C60L63,POINT (-58.84094749531965 -2.5012543054848275)
2022,CORTE SELETIVO,C60L63,POINT (-58.84084661790795 -2.5011483745242504)
2022,CORTE SELETIVO,C60L63,POINT (-58.97004869038215 -2.6846539993427374)
2022,CORTE SELETIVO,C60L63,POINT (-58.98194567382048 -2.658086069537118)
2022,CORTE SELETIVO,C60L63,POINT (-58.78705316266894 -2.6378483360270235)
2022,CORTE SELETIVO,C60L63,POINT (-58.98220239971173 -2.5991468711517283)
2022,CORTE SELETIVO,C60L63,POINT (-58.77154935553875 -2.5957476158546178)
2022,CORTE SELETIVO,C60L63,POINT (-58.771053485230816 -2.5950479531670836)
2022,CORTE SELETIVO,C60L63,POINT (-58.856145253746334 -2.5452457760509613)
2022,CORTE SELETIVO,C60L63,POINT (-58.856146369017345 -2.544949430247133)
2022,CORTE SELETIVO,C60L63,POINT (-58.89845482868985 -2.518550411819489)
2022,CORTE SELETIVO,C60L63,POINT (-58.99105118981609 -2.7297509925693553)
2022,CORTE SELETIVO,C60L63,POINT (-58.968650844444625 -2.663552276503636)
2022,CORTE SELETIVO,C60L63,POINT (-58.882349447320614 -2.518146245524142)
2022,CORTE SELETIVO,C60L63,POINT (-58.82325491216601 -2.5857524950306114)
2022,CORTE SELETIVO,C60L63,POINT (-58.96295432918032 -2.687451232198891)
2022,CORTE SELETIVO,C60L63,POINT (-58.969452567527384 -2.6448525419954176)
2022,CORTE SELETIVO,C60L63,POINT (-58.9248546001104 -2.66284994190012)
2022,CORTE SELETIVO,C60L63,POINT (-58.875352311075225 -2.528247675962881)
2022,CORTE SELETIVO,C60L63,POINT (-58.96854565449656 -2.6488752131646986)
2022,CORTE SELETIVO,C60L63,POINT (-58.968553989974005 -2.6486455697667255)
2022,CORTE SELETIVO,C60L63,POINT (-58.96774785833729 -2.6048592835434805)
2022,CORTE SELETIVO,C60L63,POINT (-58.968047058680135 -2.6048490766063908)
2022,CORTE SELETIVO,C60L63,POINT (-58.96484612752632 -2.604754624438753)
2022,CORTE SELETIVO,C60L63,POINT (-58.96754642462416 -2.6046200654591027)
2022,CORTE SELETIVO,C60L63,POINT (-58.96784656920791 -2.604453441074359)
2022,CORTE SELETIVO,C60L63,POINT (-58.96995410178428 -2.6026466771569754)
2022,CORTE SELETIVO,C60L63,POINT (-58.95224984646475 -2.6025522325739834)
2022,CORTE SELETIVO,C60L63,POINT (-58.98664913508495 -2.593153561634687)
2022,CORTE SELETIVO,C60L63,POINT (-58.97864919094834 -2.5891527991241103)
2022,CORTE SELETIVO,C60L63,POINT (-58.95914588075672 -2.581953858410549)
2022,CORTE SELETIVO,C60L63,POINT (-58.98078787599364 -2.5041065703536205)
2022,CORTE SELETIVO,C60L63,POINT (-58.94024324210891 -2.670950421920356)
2022,CORTE SELETIVO,C60L63,POINT (-58.940246687529196 -2.6707494273292567)
2022,CORTE SELETIVO,C60L63,POINT (-58.94044765028121 -2.6706527425814723)
2022,CORTE SELETIVO,C60L63,POINT (-58.94144559287342 -2.6701468925446794)
2022,CORTE SELETIVO,C60L63,POINT (-58.944947647007304 -2.668653431015092)
2022,CORTE SELETIVO,C60L63,POINT (-58.94485353038597 -2.6685458915529705)
2022,CORTE SELETIVO,C60L63,POINT (-58.942954660145595 -2.668454524596175)
2022,CORTE SELETIVO,C60L63,POINT (-58.77164576094174 -2.5957489971325796)
2022,CORTE SELETIVO,C60L63,POINT (-58.94834754500432 -2.5865506728324106)
2022,CORTE SELETIVO,C60L63,POINT (-58.947350906722875 -2.5850507532362927)
2022,CORTE SELETIVO,C60L63,POINT (-58.94659558903066 -2.584753354955543)
2022,CORTE SELETIVO,C60L63,POINT (-58.946548401431585 -2.584045712634079)
2022,CORTE SELETIVO,C60L63,POINT (-58.93394493279432 -2.5062548030386633)
2022,CORTE SELETIVO,C60L63,POINT (-58.99105394360344 -2.729850013961942)
2022,CORTE SELETIVO,C60L63,POINT (-58.875652633642 -2.523153886913671)
2022,CORTE SELETIVO,C60L63,POINT (-58.9910189631069 -2.7295083901068242)
2022,CORTE SELETIVO,C60L63,POINT (-58.99115137384553 -2.7296451920676836)
2022,CORTE SELETIVO,C60L63,POINT (-58.95941692994745 -2.68045785045845)
2022,CORTE SELETIVO,C60L63,POINT (-58.95831138910646 -2.6600534647251823)
2022,CORTE SELETIVO,C60L63,POINT (-58.958551020334106 -2.659747239963118)
2022,CORTE SELETIVO,C60L63,POINT (-58.95865252549513 -2.6590452007492673)
2022,CORTE SELETIVO,C60L63,POINT (-58.96893005996168 -2.6536453914357683)
2022,CORTE SELETIVO,C60L63,POINT (-58.959349085587704 -2.650263199205504)
2022,CORTE SELETIVO,C60L63,POINT (-58.97424710538723 -2.6498538217053724)
2022,CORTE SELETIVO,C60L63,POINT (-58.97256074610301 -2.6484369657271336)
2022,CORTE SELETIVO,C60L63,POINT (-58.96915499753563 -2.6445467067332964)
2022,CORTE SELETIVO,C60L63,POINT (-58.96384886957221 -2.6382542064707355)
2022,CORTE SELETIVO,C60L63,POINT (-58.967652915077664 -2.6048505574011283)
2022,CORTE SELETIVO,C60L63,POINT (-58.96498867011159 -2.604749285915101)
2022,CORTE SELETIVO,C60L63,POINT (-58.96215442133429 -2.597147956895773)
2022,CORTE SELETIVO,C60L63,POINT (-58.963954902563366 -2.5810513837372486)
2022,CORTE SELETIVO,C60L63,POINT (-58.96374797090922 -2.5809269110382718)
2022,CORTE SELETIVO,C60L63,POINT (-58.96245180050182 -2.57784651762207)
2022,CORTE SELETIVO,C60L63,POINT (-58.968948404490064 -2.5705527323563504)
2022,CORTE SELETIVO,C60L63,POINT (-58.979947673999476 -2.5358453448178744)
2022,CORTE SELETIVO,C60L63,POINT (-58.98984687724088 -2.5246456818529928)
2022,CORTE SELETIVO,C60L63,POINT (-58.98180716330693 -2.5206775255603358)
2022,CORTE SELETIVO,C60L63,POINT (-58.97947910471944 -2.5112500827644073)
2022,CORTE SELETIVO,C60L63,POINT (-58.95735676607178 -2.6743660170359793)
2022,CORTE SELETIVO,C60L63,POINT (-58.94025477022452 -2.670852157569037)
2022,CORTE SELETIVO,C60L63,POINT (-58.94675320951309 -2.665650984978281)
2022,CORTE SELETIVO,C60L63,POINT (-58.958145311124085 -2.659747488837804)
2022,CORTE SELETIVO,C60L63,POINT (-58.9363521862349 -2.656145592903598)
2022,CORTE SELETIVO,C60L63,POINT (-58.9070482057051 -2.651446153041071)
2022,CORTE SELETIVO,C60L63,POINT (-58.906845737794995 -2.6512523067961773)
2022,CORTE SELETIVO,C60L63,POINT (-58.93242252930792 -2.608954778417198)
2022,CORTE SELETIVO,C60L63,POINT (-58.948953992333486 -2.5906887669320313)
2022,CORTE SELETIVO,C60L63,POINT (-58.95435387995107 -2.58535432627642)
2022,CORTE SELETIVO,C60L63,POINT (-58.84324618049474 -2.5713512827805665)
2022,CORTE SELETIVO,C60L63,POINT (-58.848254273684574 -2.567050351381304)
2022,CORTE SELETIVO,C60L63,POINT (-58.84824881367227 -2.566853235871602)
2022,CORTE SELETIVO,C60L63,POINT (-58.84694651558293 -2.5665512633315157)
2022,CORTE SELETIVO,C60L63,POINT (-58.87575369566315 -2.54364866406323)
2022,CORTE SELETIVO,C60L63,POINT (-58.86604998337657 -2.538449756091313)
2022,CORTE SELETIVO,C60L63,POINT (-58.86614584110573 -2.5383278319560554)
2022,CORTE SELETIVO,C60L63,POINT (-58.83865019481495 -2.5130534974420278)
2022,CORTE SELETIVO,C60L63,POINT (-58.93305200900544 -2.5073168699193986)
2022,CORTE SELETIVO,C60L63,POINT (-58.93315264431374 -2.50705173544491)
2022,CORTE SELETIVO,C60L63,POINT (-58.86524878520981 -2.5037470229045886)
2022,CORTE SELETIVO,C60L63,POINT (-58.840553760006124 -2.501047892004714)
2022,CORTE SELETIVO,C60L63,POINT (-58.840750275680726 -2.5010015783071915)
2022,CORTE SELETIVO,C60L63,POINT (-58.78675397818443 -2.6441506006808977)
2022,CORTE SELETIVO,C60L63,POINT (-58.823546295695984 -2.585151939314626)
2022,CORTE SELETIVO,C60L63,POINT (-58.82692102506289 -2.571945620921843)
2022,CORTE SELETIVO,C60L63,POINT (-58.79445274742112 -2.5714479175533103)
2022,CORTE SELETIVO,C60L63,POINT (-58.8157535313827 -2.5679374392625345)
2022,CORTE SELETIVO,C60L63,POINT (-58.83274786141792 -2.5615475218186883)
2022,CORTE SELETIVO,C60L63,POINT (-58.81594747879932 -2.555547668733205)
2022,CORTE SELETIVO,C60L63,POINT (-58.80734974598062 -2.551549443053638)
2022,CORTE SELETIVO,C60L63,POINT (-58.80554836682734 -2.5497522807980477)
2022,CORTE SELETIVO,C60L63,POINT (-58.82615123636803 -2.5488501100473493)
2022,CORTE SELETIVO,C60L63,POINT (-58.82597780193814 -2.5485466040863)
2022,CORTE SELETIVO,C60L63,POINT (-58.82114762670335 -2.543146580393605)
2022,CORTE SELETIVO,C60L63,POINT (-58.82485031258085 -2.5241548177116293)
2022,CORTE SELETIVO,C60L63,POINT (-58.805952991989095 -2.522647629020037)
2022,CORTE SELETIVO,C60L63,POINT (-58.82434924409402 -2.5156455272616762)
2022,CORTE SELETIVO,C60L63,POINT (-58.83634723594344 -2.5139455385996525)
2022,CORTE SELETIVO,C60L63,POINT (-58.83635144723141 -2.5136487476655716)
2022,CORTE SELETIVO,C60L63,POINT (-58.81544687522743 -2.509609466733394)
2022,CORTE SELETIVO,C60L63,POINT (-58.81844642516965 -2.5060531294512556)
2022,CORTE SELETIVO,C60L63,POINT (-58.8163475086819 -2.504046928869681)
2022,CORTE SELETIVO,C60L63,POINT (-58.78305210686172 -2.5012519162133993)
2022,CORTE SELETIVO,C60L63,POINT (-58.97265014519326 -2.680153780140639)
2022,CORTE SELETIVO,C60L63,POINT (-58.968411111815016 -2.6526476944274675)
2022,CORTE SELETIVO,C60L63,POINT (-58.968248770406575 -2.652549275560617)
2022,CORTE SELETIVO,C60L63,POINT (-58.817306722690404 -2.59565605616144)
2022,CORTE SELETIVO,C60L63,POINT (-58.824049858181915 -2.5825514822311195)
2022,CORTE SELETIVO,C60L63,POINT (-58.84035015984221 -2.5671536884801527)
2022,CORTE SELETIVO,C60L63,POINT (-58.83994907466427 -2.5507461065108123)
2022,CORTE SELETIVO,C60L63,POINT (-58.83785252228169 -2.539751391326566)
2022,CORTE SELETIVO,C60L63,POINT (-58.871550519223156 -2.5327500899088102)
2022,CORTE SELETIVO,C60L63,POINT (-58.96114754977769 -2.6636510514879417)
2022,CORTE SELETIVO,C60L63,POINT (-58.882248043688044 -2.5200459632144283)
2022,CORTE SELETIVO,C60L63,POINT (-58.898550915259726 -2.518545464660174)
2022,CORTE SELETIVO,C60L63,POINT (-58.96834613279052 -2.65255283306955)
2022,CORTE SELETIVO,C60L63,POINT (-58.96904739566239 -2.6447454507974513)
2022,CORTE SELETIVO,C60L63,POINT (-58.96194958211904 -2.5791462771962412)
2022,CORTE SELETIVO,C60L63,POINT (-58.881448281321084 -2.50015403252369)
2022,CORTE SELETIVO,C60L63,POINT (-58.96825090124436 -2.6524531721801123)
2022,CORTE SELETIVO,C60L63,POINT (-58.96905160997037 -2.6450489764120535)
2022,CORTE SELETIVO,C60L63,POINT (-58.95735478299691 -2.6745515928140313)
2022,CORTE SELETIVO,C60L63,POINT (-58.95745477270046 -2.6744513984009117)
2022,CORTE SELETIVO,C60L63,POINT (-58.95865282980225 -2.665745463830023)
2022,CORTE SELETIVO,C60L63,POINT (-58.964550508925754 -2.662852958050034)
2022,CORTE SELETIVO,C60L63,POINT (-58.97984896326299 -2.6602487967573314)
2022,CORTE SELETIVO,C60L63,POINT (-58.97284695283561 -2.6572482261466024)
2022,CORTE SELETIVO,C60L63,POINT (-58.97304936576267 -2.657153044482688)
2022,CORTE SELETIVO,C60L63,POINT (-58.968469764416646 -2.6525476189227417)
2022,CORTE SELETIVO,C60L63,POINT (-58.962051248154424 -2.643352114382927)
2022,CORTE SELETIVO,C60L63,POINT (-58.967748314629866 -2.604446214764559)
2022,CORTE SELETIVO,C60L63,POINT (-58.98051384435741 -2.60057725604748)
2022,CORTE SELETIVO,C60L63,POINT (-58.98184601356223 -2.5995563019339314)
2022,CORTE SELETIVO,C60L63,POINT (-58.96224901156366 -2.597090347520472)
2022,CORTE SELETIVO,C60L63,POINT (-58.96365455154858 -2.580947826463045)
2022,CORTE SELETIVO,C60L63,POINT (-58.98984831150335 -2.5247536272355324)
2022,CORTE SELETIVO,C60L63,POINT (-58.98985136935961 -2.5244990768549838)
2022,CORTE SELETIVO,C60L63,POINT (-58.94025465381894 -2.671048404633699)
2022,CORTE SELETIVO,C60L63,POINT (-58.94035119837472 -2.6706531986759248)
2022,CORTE SELETIVO,C60L63,POINT (-58.94014687865098 -2.670649968975079)
2022,CORTE SELETIVO,C60L63,POINT (-58.91775592239708 -2.656046910821082)
2022,CORTE SELETIVO,C60L63,POINT (-58.95504530413124 -2.6543522880941546)
2022,CORTE SELETIVO,C60L63,POINT (-58.84374931737663 -2.599052952395256)
2022,CORTE SELETIVO,C60L63,POINT (-58.847547628678235 -2.597254733890205)
2022,CORTE SELETIVO,C60L63,POINT (-58.95444506427771 -2.5853473337198305)
2022,CORTE SELETIVO,C60L63,POINT (-58.84705238312748 -2.5664508603489335)
2022,CORTE SELETIVO,C60L63,POINT (-58.839955000363744 -2.5508543810729147)
2022,CORTE SELETIVO,C60L63,POINT (-58.84035119801543 -2.5507530784355055)
2022,CORTE SELETIVO,C60L63,POINT (-58.825951344324686 -2.548746647440071)
2022,CORTE SELETIVO,C60L63,POINT (-58.847554974213175 -2.5378513337496735)
2022,CORTE SELETIVO,C60L63,POINT (-58.93294935955245 -2.5071270457311265)
2022,CORTE SELETIVO,C60L63,POINT (-58.93315057004168 -2.506908684248493)
2022,CORTE SELETIVO,C60L63,POINT (-58.81575000714093 -2.696949363300089)
2022,CORTE SELETIVO,C60L63,POINT (-58.82788597828969 -2.599289190757703)
2022,CORTE SELETIVO,C60L63,POINT (-58.98114612327589 -2.504351009943139)
2022,CORTE SELETIVO,C60L63,POINT (-58.86595242325865 -2.5332464638121377)
2022,CORTE SELETIVO,C60L63,POINT (-58.96905450956531 -2.6448465580014866)
2022,CORTE SELETIVO,C60L63,POINT (-58.82755281399311 -2.5990536771984254)
2022,CORTE SELETIVO,C60L63,POINT (-58.88224519045285 -2.520149788574725)
2022,CORTE SELETIVO,C60L63,POINT (-58.882646373310436 -2.515952064586801)
2022,CORTE SELETIVO,C60L63,POINT (-58.969047239487146 -2.6449457307499777)
2022,CORTE SELETIVO,C60L63,POINT (-58.827746386731896 -2.599449329644004)
2022,CORTE SELETIVO,C60L63,POINT (-58.82764651059374 -2.5992485428500953)
2022,CORTE SELETIVO,C60L63,POINT (-58.968655012866854 -2.6634457615169187)
2022,CORTE SELETIVO,C60L63,POINT (-58.82744766547552 -2.598950348805471)
2022,CORTE SELETIVO,C60L63,POINT (-58.77145021003431 -2.5949490857950934)
2022,CORTE SELETIVO,C60L63,POINT (-58.865950845268635 -2.533154412337636)
2022,VEGETAÇÃO,C60L63,POINT (-58.951247158999955 -2.5254541669999657)
2022,VEGETAÇÃO,C60L63,POINT (-58.877267158999956 -2.6406541669999655)
2022,VEGETAÇÃO,C60L63,POINT (-58.94035715899995 -2.682144166999966)
2022,VEGETAÇÃO,C60L63,POINT (-58.82254715899995 -2.620044166999966)
2022,VEGETAÇÃO,C60L63,POINT (-58.792577158999954 -2.695374166999966)
2022,VEGETAÇÃO,C60L63,POINT (-58.893917158999955 -2.7164341669999663)
2022,VEGETAÇÃO,C60L63,POINT (-58.951517158999955 -2.5055641669999655)
2022,VEGETAÇÃO,C60L63,POINT (-58.91452715899995 -2.6522641669999656)
2022,VEGETAÇÃO,C60L63,POINT (-58.78717715899995 -2.509254166999966)
2022,VEGETAÇÃO,C60L63,POINT (-58.79203715899995 -2.7269641669999656)
2022,VEGETAÇÃO,C60L63,POINT (-58.877087158999956 -2.5863841669999657)
2022,VEGETAÇÃO,C60L63,POINT (-58.982207158999955 -2.551464166999966)
2022,VEGETAÇÃO,C60L63,POINT (-58.87087715899995 -2.540934166999966)
2022,VEGETAÇÃO,C60L63,POINT (-58.995527158999955 -2.669544166999966)
2022,VEGETAÇÃO,C60L63,POINT (-58.924697158999955 -2.5007041669999657)
2022,VEGETAÇÃO,C60L63,POINT (-58.95214715899995 -2.675034166999966)
2022,VEGETAÇÃO,C60L63,POINT (-58.91803715899995 -2.584854166999966)
2022,VEGETAÇÃO,C60L63,POINT (-58.75675715899995 -2.691414166999966)
2022,VEGETAÇÃO,C60L63,POINT (-58.95781715899995 -2.5512841669999657)
2022,VEGETAÇÃO,C60L63,POINT (-58.810127158999954 -2.524644166999966)
2022,VEGETAÇÃO,C60L63,POINT (-58.78762715899995 -2.640564166999966)
2022,VEGETAÇÃO,C60L63,POINT (-58.92748715899995 -2.718414166999966)
2022,VEGETAÇÃO,C60L63,POINT (-58.76395715899996 -2.6340841669999655)
2022,VEGETAÇÃO,C60L63,POINT (-58.96726715899995 -2.501334166999966)
2022,VEGETAÇÃO,C60L63,POINT (-58.90867715899995 -2.661264166999966)
2022,VEGETAÇÃO,C60L63,POINT (-58.80751715899996 -2.503764166999966)
2022,VEGETAÇÃO,C60L63,POINT (-58.801667158999955 -2.550474166999966)
2022,VEGETAÇÃO,C60L63,POINT (-58.752797158999954 -2.700324166999966)
2022,VEGETAÇÃO,C60L63,POINT (-58.999307158999954 -2.6220241669999655)
2022,VEGETAÇÃO,C60L63,POINT (-58.94440715899995 -2.5746841669999663)
2022,VEGETAÇÃO,C60L63,POINT (-58.951067158999955 -2.7491041669999667)
2022,VEGETAÇÃO,C60L63,POINT (-58.88833715899995 -2.6495641669999657)
2022,VEGETAÇÃO,C60L63,POINT (-58.85800715899995 -2.693754166999966)
2022,VEGETAÇÃO,C60L63,POINT (-58.91929715899995 -2.7071641669999655)
2022,VEGETAÇÃO,C60L63,POINT (-58.951247158999955 -2.574594166999966)
2022,VEGETAÇÃO,C60L63,POINT (-58.83586715899995 -2.6109541669999663)
2022,VEGETAÇÃO,C60L63,POINT (-58.93657715899995 -2.710674166999966)
2022,VEGETAÇÃO,C60L63,POINT (-58.83595715899995 -2.6545141669999657)
2022,VEGETAÇÃO,C60L63,POINT (-58.964297158999955 -2.726064166999966)
2022,VEGETAÇÃO,C60L63,POINT (-58.75153715899995 -2.628954166999966)
2022,VEGETAÇÃO,C60L63,POINT (-58.898507158999955 -2.6644141669999657)
2022,VEGETAÇÃO,C60L63,POINT (-58.85584715899995 -2.667834166999966)
2022,VEGETAÇÃO,C60L63,POINT (-58.86889715899996 -2.522844166999966)
2022,VEGETAÇÃO,C60L63,POINT (-58.818947158999954 -2.578374166999966)
2022,VEGETAÇÃO,C60L63,POINT (-58.93270715899995 -2.507994166999966)
2022,VEGETAÇÃO,C60L63,POINT (-58.90039715899995 -2.556324166999966)
2022,VEGETAÇÃO,C60L63,POINT (-58.995077158999955 -2.590344166999966)
2022,VEGETAÇÃO,C60L63,POINT (-58.80391715899995 -2.6045641669999657)
2022,VEGETAÇÃO,C60L63,POINT (-58.97428715899996 -2.709594166999966)
2022,VEGETAÇÃO,C60L63,POINT (-58.85566715899995 -2.7392041669999667)
2022,VEGETAÇÃO,C60L63,POINT (-58.98391715899995 -2.687004166999966)
2022,VEGETAÇÃO,C60L63,POINT (-58.80022715899995 -2.6045641669999657)
2022,VEGETAÇÃO,C60L63,POINT (-58.85566715899995 -2.542104166999966)
2022,VEGETAÇÃO,C60L63,POINT (-58.96762715899995 -2.559024166999966)
2022,VEGETAÇÃO,C60L63,POINT (-58.929107158999955 -2.7095041669999658)
2022,VEGETAÇÃO,C60L63,POINT (-58.97005715899995 -2.7394741669999654)
2022,VEGETAÇÃO,C60L63,POINT (-58.83442715899995 -2.7104941669999656)
2022,VEGETAÇÃO,C60L63,POINT (-58.77430715899995 -2.565684166999966)
2022,VEGETAÇÃO,C60L63,POINT (-58.88230715899995 -2.5148341669999663)
2022,VEGETAÇÃO,C60L63,POINT (-58.83973715899995 -2.5122241669999656)
2022,VEGETAÇÃO,C60L63,POINT (-58.916687158999956 -2.747574166999966)
2022,VEGETAÇÃO,C60L63,POINT (-58.94836715899996 -2.6204941669999657)
2022,VEGETAÇÃO,C60L63,POINT (-58.77745715899995 -2.5825141669999656)
2022,VEGETAÇÃO,C60L63,POINT (-58.93531715899995 -2.5330141669999655)
2022,VEGETAÇÃO,C60L63,POINT (-58.775297158999955 -2.6199541669999658)
2022,VEGETAÇÃO,C60L63,POINT (-58.98472715899995 -2.6951941669999657)
2022,VEGETAÇÃO,C60L63,POINT (-58.80913715899995 -2.5917841669999655)
2022,VEGETAÇÃO,C60L63,POINT (-58.97581715899995 -2.527884166999966)
2022,VEGETAÇÃO,C60L63,POINT (-58.930187158999956 -2.5928641669999655)
2022,VEGETAÇÃO,C60L63,POINT (-58.85692715899995 -2.503764166999966)
2022,VEGETAÇÃO,C60L63,POINT (-58.94926715899995 -2.706984166999966)
2022,VEGETAÇÃO,C60L63,POINT (-58.81237715899995 -2.5803541669999657)
2022,VEGETAÇÃO,C60L63,POINT (-58.815617158999956 -2.615814166999966)
2022,VEGETAÇÃO,C60L63,POINT (-58.902557158999954 -2.6077141669999655)
2022,VEGETAÇÃO,C60L63,POINT (-58.77628715899995 -2.5748641669999657)
2022,VEGETAÇÃO,C60L63,POINT (-58.89148715899995 -2.5358941669999657)
2022,VEGETAÇÃO,C60L63,POINT (-58.90174715899995 -2.708424166999966)
2022,VEGETAÇÃO,C60L63,POINT (-58.946747158999955 -2.644164166999966)
2022,VEGETAÇÃO,C60L63,POINT (-58.906877158999954 -2.5512841669999657)
2022,VEGETAÇÃO,C60L63,POINT (-58.79950715899995 -2.6708041669999663)
2022,VEGETAÇÃO,C60L63,POINT (-58.93702715899995 -2.570634166999966)
2022,VEGETAÇÃO,C60L63,POINT (-58.84342715899995 -2.501424166999966)
2022,VEGETAÇÃO,C60L63,POINT (-58.86934715899996 -2.533824166999966)
2022,VEGETAÇÃO,C60L63,POINT (-58.928747158999954 -2.583234166999966)
2022,VEGETAÇÃO,C60L63,POINT (-58.90813715899995 -2.7473941669999657)
2022,VEGETAÇÃO,C60L63,POINT (-58.986887158999956 -2.5594741669999657)
2022,VEGETAÇÃO,C60L63,POINT (-58.876097158999954 -2.659734166999966)
2022,VEGETAÇÃO,C60L63,POINT (-58.81336715899995 -2.5935841669999657)
2022,VEGETAÇÃO,C60L63,POINT (-58.83019715899995 -2.693844166999966)
2022,VEGETAÇÃO,C60L63,POINT (-58.98940715899995 -2.616264166999966)
2022,VEGETAÇÃO,C60L63,POINT (-58.86439715899995 -2.6378641669999663)
2022,VEGETAÇÃO,C60L63,POINT (-58.894097158999955 -2.616354166999966)
2022,VEGETAÇÃO,C60L63,POINT (-58.93504715899995 -2.645334166999966)
2022,VEGETAÇÃO,C60L63,POINT (-58.942067158999954 -2.6923141669999655)
2022,VEGETAÇÃO,C60L63,POINT (-58.75873715899995 -2.709774166999966)
2022,VEGETAÇÃO,C60L63,POINT (-58.76935715899995 -2.673504166999966)
2022,VEGETAÇÃO,C60L63,POINT (-58.862597158999954 -2.5996141669999657)
2022,VEGETAÇÃO,C60L63,POINT (-58.79599715899995 -2.592144166999966)
2022,VEGETAÇÃO,C60L63,POINT (-58.93162715899995 -2.5149241669999656)
2022,VEGETAÇÃO,C60L63,POINT (-58.85278715899995 -2.731104166999966)
2022,VEGETAÇÃO,C60L63,POINT (-58.792307158999954 -2.525724166999966)
2022,VEGETAÇÃO,C60L63,POINT (-58.793387158999955 -2.5659541669999655)
2022,VEGETAÇÃO,C60L63,POINT (-58.859357158999956 -2.661264166999966)
2022,VEGETAÇÃO,C60L63,POINT (-58.96951715899995 -2.715084166999966)
2022,VEGETAÇÃO,C60L63,POINT (-58.925417158999956 -2.7126541669999655)
2022,VEGETAÇÃO,C60L63,POINT (-58.86115715899995 -2.5466941669999663)
2022,VEGETAÇÃO,C60L63,POINT (-58.938557158999956 -2.682684166999966)
2022,VEGETAÇÃO,C60L63,POINT (-58.81678715899995 -2.5604641669999655)
2022,VEGETAÇÃO,C60L63,POINT (-58.99777715899995 -2.7026641669999663)
2022,VEGETAÇÃO,C60L63,POINT (-58.93657715899995 -2.719494166999966)
2022,VEGETAÇÃO,C60L63,POINT (-58.76026715899995 -2.543274166999966)
2022,VEGETAÇÃO,C60L63,POINT (-58.92712715899995 -2.523294166999966)
2022,VEGETAÇÃO,C60L63,POINT (-58.88338715899995 -2.6182441669999656)
2022,VEGETAÇÃO,C60L63,POINT (-58.752707158999954 -2.5313941669999656)
2022,VEGETAÇÃO,C60L63,POINT (-58.82560715899995 -2.5907041669999655)
2022,VEGETAÇÃO,C60L63,POINT (-58.828667158999956 -2.6649541669999657)
2022,VEGETAÇÃO,C60L63,POINT (-58.90399715899996 -2.6418241669999656)
2022,VEGETAÇÃO,C60L63,POINT (-58.951067158999955 -2.7483841669999656)
2022,VEGETAÇÃO,C60L63,POINT (-58.787807158999954 -2.704194166999966)
2022,VEGETAÇÃO,C60L63,POINT (-58.762877158999956 -2.6373241669999663)
2022,VEGETAÇÃO,C60L63,POINT (-58.88005715899995 -2.7021241669999663)
2022,VEGETAÇÃO,C60L63,POINT (-58.82992715899995 -2.5790941669999663)
2022,VEGETAÇÃO,C60L63,POINT (-58.810217158999954 -2.724984166999966)
2022,VEGETAÇÃO,C60L63,POINT (-58.89310715899995 -2.708964166999966)
2022,VEGETAÇÃO,C60L63,POINT (-58.75081715899995 -2.7367741669999663)
2022,VEGETAÇÃO,C60L63,POINT (-58.97662715899995 -2.632734166999966)
2022,VEGETAÇÃO,C60L63,POINT (-58.938107158999955 -2.6715241669999656)
2022,VEGETAÇÃO,C60L63,POINT (-58.86007715899996 -2.622204166999966)
2022,VEGETAÇÃO,C60L63,POINT (-58.999307158999954 -2.608614166999966)
2022,VEGETAÇÃO,C60L63,POINT (-58.842167158999956 -2.572254166999966)
2022,VEGETAÇÃO,C60L63,POINT (-58.956377158999956 -2.5024141669999658)
2022,VEGETAÇÃO,C60L63,POINT (-58.88356715899995 -2.6336341669999657)
2022,VEGETAÇÃO,C60L63,POINT (-58.81228715899995 -2.6610841669999656)
2022,VEGETAÇÃO,C60L63,POINT (-58.92730715899995 -2.712294166999966)
2022,VEGETAÇÃO,C60L63,POINT (-58.827497158999954 -2.6199541669999658)
2022,VEGETAÇÃO,C60L63,POINT (-58.98931715899995 -2.5070941669999662)
2022,VEGETAÇÃO,C60L63,POINT (-58.947647158999956 -2.5049341669999663)
2022,VEGETAÇÃO,C60L63,POINT (-58.871597158999954 -2.6197741669999663)
2022,VEGETAÇÃO,C60L63,POINT (-58.82623715899995 -2.578824166999966)
2022,VEGETAÇÃO,C60L63,POINT (-58.99210715899996 -2.6374141669999656)
2022,VEGETAÇÃO,C60L63,POINT (-58.779977158999955 -2.5704541669999657)
2022,VEGETAÇÃO,C60L63,POINT (-58.82722715899995 -2.5447141669999658)
2022,VEGETAÇÃO,C60L63,POINT (-58.77808715899995 -2.5906141669999663)
2022,VEGETAÇÃO,C60L63,POINT (-58.88401715899995 -2.6555941669999656)
2022,VEGETAÇÃO,C60L63,POINT (-58.775477158999955 -2.6033041669999655)
2022,VEGETAÇÃO,C60L63,POINT (-58.81768715899995 -2.5237441669999656)
2022,VEGETAÇÃO,C60L63,POINT (-58.842167158999956 -2.7361441669999653)
2022,VEGETAÇÃO,C60L63,POINT (-58.84027715899995 -2.5825141669999656)
2022,VEGETAÇÃO,C60L63,POINT (-58.79113715899995 -2.520684166999966)
2022,VEGETAÇÃO,C60L63,POINT (-58.83928715899995 -2.5039441669999656)
2022,VEGETAÇÃO,C60L63,POINT (-58.954937158999954 -2.5507441669999658)
2022,VEGETAÇÃO,C60L63,POINT (-58.788167158999954 -2.591514166999966)
2022,VEGETAÇÃO,C60L63,POINT (-58.999937158999955 -2.550924166999966)
2022,VEGETAÇÃO,C60L63,POINT (-58.99174715899996 -2.6790841669999663)
2022,VEGETAÇÃO,C60L63,POINT (-58.80535715899995 -2.5242841669999656)
2022,VEGETAÇÃO,C60L63,POINT (-58.94449715899995 -2.5313941669999656)
2022,VEGETAÇÃO,C60L63,POINT (-58.775567158999955 -2.617884166999966)
2022,VEGETAÇÃO,C60L63,POINT (-58.77277715899996 -2.7412741669999665)
2022,VEGETAÇÃO,C60L63,POINT (-58.79509715899995 -2.636064166999966)
2022,VEGETAÇÃO,C60L63,POINT (-58.982117158999955 -2.503764166999966)
2022,VEGETAÇÃO,C60L63,POINT (-58.83010715899995 -2.559114166999966)
2022,VEGETAÇÃO,C60L63,POINT (-58.93495715899995 -2.600424166999966)
2022,VEGETAÇÃO,C60L63,POINT (-58.91479715899995 -2.7394741669999654)
2022,VEGETAÇÃO,C60L63,POINT (-58.850717158999956 -2.6385841669999657)
2022,VEGETAÇÃO,C60L63,POINT (-58.94989715899995 -2.5313941669999656)
2022,VEGETAÇÃO,C60L63,POINT (-58.75108715899995 -2.504214166999966)
2022,VEGETAÇÃO,C60L63,POINT (-58.79599715899995 -2.5979941669999658)
2022,VEGETAÇÃO,C60L63,POINT (-58.81408715899995 -2.6603641669999663)
2022,VEGETAÇÃO,C60L63,POINT (-58.97833715899995 -2.665584166999966)
2022,VEGETAÇÃO,C60L63,POINT (-58.88365715899995 -2.735334166999966)
2022,VEGETAÇÃO,C60L63,POINT (-58.82110715899995 -2.696544166999966)
2022,VEGETAÇÃO,C60L63,POINT (-58.976807158999954 -2.5582141669999663)
2022,VEGETAÇÃO,C60L63,POINT (-58.942787158999955 -2.501424166999966)
2022,VEGETAÇÃO,C60L63,POINT (-58.955027158999954 -2.533734166999966)
2022,VEGETAÇÃO,C60L63,POINT (-58.98886715899995 -2.5708141669999662)
2022,VEGETAÇÃO,C60L63,POINT (-58.85737715899995 -2.618514166999966)
2022,VEGETAÇÃO,C60L63,POINT (-58.84450715899995 -2.677104166999966)
2022,VEGETAÇÃO,C60L63,POINT (-58.770887158999955 -2.666844166999966)
2022,VEGETAÇÃO,C60L63,POINT (-58.912367158999956 -2.695374166999966)
2022,VEGETAÇÃO,C60L63,POINT (-58.81660715899996 -2.6803441669999657)
2022,VEGETAÇÃO,C60L63,POINT (-58.82650715899995 -2.627334166999966)
2022,VEGETAÇÃO,C60L63,POINT (-58.92280715899995 -2.6944741669999663)
2022,VEGETAÇÃO,C60L63,POINT (-58.828667158999956 -2.700414166999966)
2022,VEGETAÇÃO,C60L63,POINT (-58.75666715899995 -2.590434166999966)
2022,VEGETAÇÃO,C60L63,POINT (-58.86943715899996 -2.5077241669999655)
2022,VEGETAÇÃO,C60L63,POINT (-58.98472715899995 -2.717784166999966)
2022,VEGETAÇÃO,C60L63,POINT (-58.91317715899996 -2.7385741669999657)
2022,VEGETAÇÃO,C60L63,POINT (-58.79599715899995 -2.5005241669999663)
2022,VEGETAÇÃO,C60L63,POINT (-58.810307158999954 -2.5148341669999663)
2022,VEGETAÇÃO,C60L63,POINT (-58.82551715899996 -2.509164166999966)
2022,VEGETAÇÃO,C60L63,POINT (-58.819127158999954 -2.609694166999966)
2022,VEGETAÇÃO,C60L63,POINT (-58.87357715899995 -2.537244166999966)
2022,VEGETAÇÃO,C60L63,POINT (-58.814177158999954 -2.6231941669999657)
2022,VEGETAÇÃO,C60L63,POINT (-58.96591715899996 -2.6220241669999655)
2022,VEGETAÇÃO,C60L63,POINT (-58.82263715899995 -2.530584166999966)
2022,VEGETAÇÃO,C60L63,POINT (-58.95709715899996 -2.695824166999966)
2022,VEGETAÇÃO,C60L63,POINT (-58.79104715899995 -2.7224641669999663)
2022,VEGETAÇÃO,C60L63,POINT (-58.788167158999954 -2.7199441669999658)
2022,VEGETAÇÃO,C60L63,POINT (-58.84306715899996 -2.611224166999966)
2022,VEGETAÇÃO,C60L63,POINT (-58.801217158999954 -2.517444166999966)
2022,VEGETAÇÃO,C60L63,POINT (-58.863137158999955 -2.6983441669999655)
2022,VEGETAÇÃO,C60L63,POINT (-58.99732715899995 -2.683314166999966)
2022,VEGETAÇÃO,C60L63,POINT (-58.90399715899996 -2.6038441669999663)
2022,VEGETAÇÃO,C60L63,POINT (-58.77340715899995 -2.715264166999966)
2022,VEGETAÇÃO,C60L63,POINT (-58.947557158999956 -2.536524166999966)
2022,VEGETAÇÃO,C60L63,POINT (-58.991117158999955 -2.646054166999966)
2022,VEGETAÇÃO,C60L63,POINT (-58.95430715899995 -2.570544166999966)
2022,VEGETAÇÃO,C60L63,POINT (-58.98535715899995 -2.699154166999966)
2022,VEGETAÇÃO,C60L63,POINT (-58.85620715899995 -2.667384166999966)
2022,VEGETAÇÃO,C60L63,POINT (-58.941617158999954 -2.693754166999966)
2022,VEGETAÇÃO,C60L63,POINT (-58.989947158999954 -2.6044741669999656)
2022,VEGETAÇÃO,C60L63,POINT (-58.784477158999955 -2.6510941669999655)
2022,VEGETAÇÃO,C60L63,POINT (-58.871417158999954 -2.7215641669999657)
2022,VEGETAÇÃO,C60L63,POINT (-58.801307158999954 -2.671794166999966)
2022,VEGETAÇÃO,C60L63,POINT (-58.96726715899995 -2.629314166999966)
2022,VEGETAÇÃO,C60L63,POINT (-58.98049715899995 -2.7077041669999655)
2022,VEGETAÇÃO,C60L63,POINT (-58.75027715899995 -2.5060141669999663)
2022,VEGETAÇÃO,C60L63,POINT (-58.80364715899995 -2.663514166999966)
2022,VEGETAÇÃO,C60L63,POINT (-58.83523715899995 -2.7028441669999657)
2022,VEGETAÇÃO,C60L63,POINT (-58.950887158999954 -2.6961841669999655)
2022,VEGETAÇÃO,C60L63,POINT (-58.845407158999954 -2.6753041669999655)
2022,VEGETAÇÃO,C60L63,POINT (-58.88221715899995 -2.7005041669999663)
2022,VEGETAÇÃO,C60L63,POINT (-58.863497158999955 -2.5137541669999663)
2022,VEGETAÇÃO,C60L63,POINT (-58.757747158999955 -2.556324166999966)
2022,VEGETAÇÃO,C60L63,POINT (-58.75549715899995 -2.659554166999966)
2022,VEGETAÇÃO,C60L63,POINT (-58.90957715899995 -2.6825041669999656)
2022,VEGETAÇÃO,C60L63,POINT (-58.86682715899995 -2.664594166999966)
2022,VEGETAÇÃO,C60L63,POINT (-58.898507158999955 -2.605824166999966)
2022,VEGETAÇÃO,C60L63,POINT (-58.921277158999956 -2.6495641669999657)
2022,VEGETAÇÃO,C60L63,POINT (-58.956557158999956 -2.621664166999966)
2022,VEGETAÇÃO,C60L63,POINT (-58.80463715899995 -2.570184166999966)
2022,VEGETAÇÃO,C60L63,POINT (-58.89598715899995 -2.5803541669999657)
2022,VEGETAÇÃO,C60L63,POINT (-58.89076715899995 -2.616894166999966)
2022,VEGETAÇÃO,C60L63,POINT (-58.76836715899995 -2.611944166999966)
2022,VEGETAÇÃO,C60L63,POINT (-58.88716715899995 -2.6023141669999657)
2022,VEGETAÇÃO,C60L63,POINT (-58.97968715899995 -2.7433441669999663)
2022,VEGETAÇÃO,C60L63,POINT (-58.86961715899995 -2.6314741669999657)
2022,VEGETAÇÃO,C60L63,POINT (-58.81228715899995 -2.5105141669999655)
2022,VEGETAÇÃO,C60L63,POINT (-58.86511715899995 -2.5291441669999655)
2022,VEGETAÇÃO,C60L63,POINT (-58.95232715899995 -2.6879941669999656)
2022,VEGETAÇÃO,C60L63,POINT (-58.753337158999955 -2.731194166999966)
2022,VEGETAÇÃO,C60L63,POINT (-58.77655715899995 -2.553624166999966)
2022,VEGETAÇÃO,C60L63,POINT (-58.76089715899995 -2.640924166999966)
2022,VEGETAÇÃO,C60L63,POINT (-58.94485715899995 -2.6609041669999662)
2022,VEGETAÇÃO,C60L63,POINT (-58.963577158999954 -2.6978941669999656)
2022,VEGETAÇÃO,C60L63,POINT (-58.937297158999954 -2.527254166999966)
2022,VEGETAÇÃO,C60L63,POINT (-58.796717158999954 -2.677914166999966)
2022,VEGETAÇÃO,C60L63,POINT (-58.92181715899996 -2.5521841669999663)
2022,VEGETAÇÃO,C60L63,POINT (-58.92325715899995 -2.5082641669999655)
2022,VEGETAÇÃO,C60L63,POINT (-58.977527158999955 -2.705814166999966)
2022,VEGETAÇÃO,C60L63,POINT (-58.91074715899995 -2.620044166999966)
2022,VEGETAÇÃO,C60L63,POINT (-58.823447158999954 -2.6203141669999663)
2022,VEGETAÇÃO,C60L63,POINT (-58.88293715899995 -2.706984166999966)
2022,VEGETAÇÃO,C60L63,POINT (-58.990127158999954 -2.5829641669999663)
2022,VEGETAÇÃO,C60L63,POINT (-58.98418715899995 -2.722194166999966)
2022,VEGETAÇÃO,C60L63,POINT (-58.75630715899995 -2.7308341669999656)
2022,VEGETAÇÃO,C60L63,POINT (-58.95025715899995 -2.518974166999966)
2022,VEGETAÇÃO,C60L63,POINT (-58.885727158999956 -2.585934166999966)
2022,VEGETAÇÃO,C60L63,POINT (-58.82047715899995 -2.510334166999966)
2022,VEGETAÇÃO,C60L63,POINT (-58.849637158999954 -2.6006941669999657)
2022,VEGETAÇÃO,C60L63,POINT (-58.941617158999954 -2.6534341669999657)
2022,VEGETAÇÃO,C60L63,POINT (-58.84045715899995 -2.720754166999966)
2022,VEGETAÇÃO,C60L63,POINT (-58.91839715899995 -2.601954166999966)
2022,VEGETAÇÃO,C60L63,POINT (-58.88743715899995 -2.651904166999966)
2022,VEGETAÇÃO,C60L63,POINT (-58.80022715899995 -2.6819641669999656)
2022,VEGETAÇÃO,C60L63,POINT (-58.938827158999956 -2.710134166999966)
2022,VEGETAÇÃO,C60L63,POINT (-58.76044715899995 -2.6649541669999657)
2022,VEGETAÇÃO,C60L63,POINT (-58.92730715899995 -2.5417441669999663)
2022,VEGETAÇÃO,C60L63,POINT (-58.76089715899995 -2.5567741669999657)
2022,VEGETAÇÃO,C60L63,POINT (-58.868357158999956 -2.6435341669999657)
2022,VEGETAÇÃO,C60L63,POINT (-58.82713715899995 -2.683224166999966)
2022,VEGETAÇÃO,C60L63,POINT (-58.96789715899995 -2.523474166999966)
2022,VEGETAÇÃO,C60L63,POINT (-58.919837158999954 -2.699154166999966)
2022,VEGETAÇÃO,C60L63,POINT (-58.82191715899995 -2.549664166999966)
2022,VEGETAÇÃO,C60L63,POINT (-58.90858715899995 -2.718864166999966)
2022,VEGETAÇÃO,C60L63,POINT (-58.97167715899995 -2.652624166999966)
2022,VEGETAÇÃO,C60L63,POINT (-58.91515715899995 -2.562354166999966)
2022,VEGETAÇÃO,C60L63,POINT (-58.98778715899995 -2.6922241669999663)
2022,VEGETAÇÃO,C60L63,POINT (-58.83865715899995 -2.5077241669999655)
2022,VEGETAÇÃO,C60L63,POINT (-58.89634715899995 -2.624004166999966)
2022,VEGETAÇÃO,C60L63,POINT (-58.950797158999954 -2.675484166999966)
2022,VEGETAÇÃO,C60L63,POINT (-58.78699715899995 -2.6840341669999663)
2022,VEGETAÇÃO,C60L63,POINT (-58.98499715899995 -2.5906141669999663)
2022,VEGETAÇÃO,C60L63,POINT (-58.841087158999954 -2.697084166999966)
2022,VEGETAÇÃO,C60L63,POINT (-58.89625715899995 -2.545884166999966)
2022,VEGETAÇÃO,C60L63,POINT (-58.77403715899995 -2.6682841669999657)
2022,VEGETAÇÃO,C60L63,POINT (-58.88212715899995 -2.6763841669999655)
2022,VEGETAÇÃO,C60L63,POINT (-58.911467158999955 -2.5880041669999656)
2022,VEGETAÇÃO,C60L63,POINT (-58.80976715899995 -2.5885441669999656)
2022,VEGETAÇÃO,C60L63,POINT (-58.853867158999954 -2.696544166999966)
2022,VEGETAÇÃO,C60L63,POINT (-58.83991715899995 -2.5089841669999657)
2022,VEGETAÇÃO,C60L63,POINT (-58.999307158999954 -2.5447141669999658)
2022,VEGETAÇÃO,C60L63,POINT (-58.846127158999955 -2.711844166999966)
2022,VEGETAÇÃO,C60L63,POINT (-58.82074715899995 -2.6290441669999662)
2022,VEGETAÇÃO,C60L63,POINT (-58.94908715899995 -2.7477541669999663)
2022,VEGETAÇÃO,C60L63,POINT (-58.77844715899995 -2.6616241669999656)
2022,VEGETAÇÃO,C60L63,POINT (-58.88437715899995 -2.558664166999966)
2022,VEGETAÇÃO,C60L63,POINT (-58.956197158999956 -2.528424166999966)
2022,VEGETAÇÃO,C60L63,POINT (-58.889057158999954 -2.5924141669999656)
2022,VEGETAÇÃO,C60L63,POINT (-58.86142715899995 -2.686554166999966)
2022,VEGETAÇÃO,C60L63,POINT (-58.84450715899995 -2.7021241669999663)
2022,VEGETAÇÃO,C60L63,POINT (-58.90111715899995 -2.6362441669999663)
2022,VEGETAÇÃO,C60L63,POINT (-58.81354715899995 -2.6621641669999656)
2022,VEGETAÇÃO,C60L63,POINT (-58.762967158999956 -2.570094166999966)
2022,VEGETAÇÃO,C60L63,POINT (-58.937747158999954 -2.568024166999966)
2022,VEGETAÇÃO,C60L63,POINT (-58.96231715899995 -2.557584166999966)
2022,VEGETAÇÃO,C60L63,POINT (-58.83937715899995 -2.622744166999966)
2022,VEGETAÇÃO,C60L63,POINT (-58.805987158999955 -2.7493741669999654)
2022,VEGETAÇÃO,C60L63,POINT (-58.977707158999955 -2.7341641669999657)
2022,VEGETAÇÃO,C60L63,POINT (-58.89148715899995 -2.689254166999966)
2022,VEGETAÇÃO,C60L63,POINT (-58.89535715899996 -2.729304166999966)
2022,VEGETAÇÃO,C60L63,POINT (-58.920827158999955 -2.559024166999966)
2022,VEGETAÇÃO,C60L63,POINT (-58.87357715899995 -2.728944166999966)
2022,VEGETAÇÃO,C60L63,POINT (-58.82290715899995 -2.509704166999966)
2022,VEGETAÇÃO,C60L63,POINT (-58.98481715899995 -2.638314166999966)
2022,VEGETAÇÃO,C60L63,POINT (-58.933967158999955 -2.5253641669999656)
2022,VEGETAÇÃO,C60L63,POINT (-58.75126715899995 -2.537244166999966)
2022,VEGETAÇÃO,C60L63,POINT (-58.91776715899995 -2.6066341669999655)
2022,VEGETAÇÃO,C60L63,POINT (-58.98967715899995 -2.685474166999966)
2022,VEGETAÇÃO,C60L63,POINT (-58.946027158999954 -2.571804166999966)
2022,VEGETAÇÃO,C60L63,POINT (-58.87915715899995 -2.6336341669999657)
2022,VEGETAÇÃO,C60L63,POINT (-58.955387158999955 -2.7199441669999658)
2022,VEGETAÇÃO,C60L63,POINT (-58.915247158999954 -2.7450541669999655)
2022,VEGETAÇÃO,C60L63,POINT (-58.86493715899995 -2.558124166999966)
2022,VEGETAÇÃO,C60L63,POINT (-58.99399715899995 -2.6181541669999655)
2022,VEGETAÇÃO,C60L63,POINT (-58.859807158999956 -2.645514166999966)
2022,VEGETAÇÃO,C60L63,POINT (-58.83127715899995 -2.6578441669999657)
2022,VEGETAÇÃO,C60L63,POINT (-58.79482715899995 -2.6396641669999656)
2022,VEGETAÇÃO,C60L63,POINT (-58.82083715899995 -2.577294166999966)
2022,VEGETAÇÃO,C60L63,POINT (-58.898327158999955 -2.652624166999966)
2022,VEGETAÇÃO,C60L63,POINT (-58.815797158999956 -2.6747641669999656)
2022,VEGETAÇÃO,C60L63,POINT (-58.93234715899995 -2.7088741669999656)
2022,VEGETAÇÃO,C60L63,POINT (-58.88203715899995 -2.5671241669999656)
2022,VEGETAÇÃO,C60L63,POINT (-58.98517715899995 -2.717784166999966)
2022,VEGETAÇÃO,C60L63,POINT (-58.96249715899995 -2.711214166999966)
2022,VEGETAÇÃO,C60L63,POINT (-58.93468715899995 -2.549844166999966)
2022,VEGETAÇÃO,C60L63,POINT (-58.841537158999955 -2.5825141669999656)
2022,VEGETAÇÃO,C60L63,POINT (-58.89238715899995 -2.7330841669999657)
2022,VEGETAÇÃO,C60L63,POINT (-58.91830715899995 -2.635614166999966)
2022,VEGETAÇÃO,C60L63,POINT (-58.85359715899995 -2.526714166999966)
2022,VEGETAÇÃO,C60L63,POINT (-58.77763715899995 -2.583324166999966)
2022,VEGETAÇÃO,C60L63,POINT (-58.916057158999955 -2.6504641669999662)
2022,VEGETAÇÃO,C60L63,POINT (-58.86412715899995 -2.705814166999966)
2022,VEGETAÇÃO,C60L63,POINT (-58.880597158999954 -2.578464166999966)
2022,VEGETAÇÃO,C60L63,POINT (-58.828037158999955 -2.519064166999966)
2022,VEGETAÇÃO,C60L63,POINT (-58.827407158999954 -2.661894166999966)
2022,VEGETAÇÃO,C60L63,POINT (-58.903637158999956 -2.6324641669999655)
2022,VEGETAÇÃO,C60L63,POINT (-58.88788715899995 -2.654694166999966)
2022,VEGETAÇÃO,C60L63,POINT (-58.95709715899996 -2.5077241669999655)
2022,VEGETAÇÃO,C60L63,POINT (-58.78150715899996 -2.530044166999966)
2022,VEGETAÇÃO,C60L63,POINT (-58.832987158999956 -2.644344166999966)
2022,VEGETAÇÃO,C60L63,POINT (-58.779257158999954 -2.602944166999966)
2022,VEGETAÇÃO,C60L63,POINT (-58.986167158999955 -2.642004166999966)
2022,VEGETAÇÃO,C60L63,POINT (-58.94071715899995 -2.7242641669999657)
2022,VEGETAÇÃO,C60L63,POINT (-58.93441715899995 -2.532204166999966)
2022,VEGETAÇÃO,C60L63,POINT (-58.779887158999955 -2.7274141669999663)
2022,VEGETAÇÃO,C60L63,POINT (-58.960607158999956 -2.691954166999966)
2022,VEGETAÇÃO,C60L63,POINT (-58.933067158999954 -2.7043741669999664)
2022,VEGETAÇÃO,C60L63,POINT (-58.87024715899995 -2.595384166999966)
2022,VEGETAÇÃO,C60L63,POINT (-58.77898715899995 -2.5413841669999657)
2022,VEGETAÇÃO,C60L63,POINT (-58.872227158999955 -2.606994166999966)
2022,VEGETAÇÃO,C60L63,POINT (-58.78987715899996 -2.660814166999966)
2022,VEGETAÇÃO,C60L63,POINT (-58.92631715899995 -2.6594641669999657)
2022,VEGETAÇÃO,C60L63,POINT (-58.83847715899995 -2.505744166999966)
2022,VEGETAÇÃO,C60L63,POINT (-58.920287158999955 -2.6270641669999657)
2022,VEGETAÇÃO,C60L63,POINT (-58.919747158999954 -2.740914166999966)
2022,VEGETAÇÃO,C60L63,POINT (-58.84378715899995 -2.675664166999966)
2022,VEGETAÇÃO,C60L63,POINT (-58.91848715899995 -2.585574166999966)
2022,VEGETAÇÃO,C60L63,POINT (-58.84702715899995 -2.706354166999966)
2022,VEGETAÇÃO,C60L63,POINT (-58.889777158999955 -2.6939341669999664)
2022,VEGETAÇÃO,C60L63,POINT (-58.78177715899995 -2.541654166999966)
2022,VEGETAÇÃO,C60L63,POINT (-58.90912715899995 -2.7192241669999655)
2022,VEGETAÇÃO,C60L63,POINT (-58.90507715899995 -2.5198741669999656)
2022,VEGETAÇÃO,C60L63,POINT (-58.83118715899995 -2.5413841669999657)
2022,VEGETAÇÃO,C60L63,POINT (-58.771967158999956 -2.719044166999966)
2022,VEGETAÇÃO,C60L63,POINT (-58.82236715899995 -2.6204041669999656)
2022,VEGETAÇÃO,C60L63,POINT (-58.94440715899995 -2.646054166999966)
2022,VEGETAÇÃO,C60L63,POINT (-58.91884715899995 -2.5754041669999657)
2022,VEGETAÇÃO,C60L63,POINT (-58.937837158999955 -2.652444166999966)
2022,VEGETAÇÃO,C60L63,POINT (-58.94008715899995 -2.617344166999966)
2022,VEGETAÇÃO,C60L63,POINT (-58.83370715899996 -2.6143741669999656)
2022,VEGETAÇÃO,C60L63,POINT (-58.937477158999954 -2.5753141669999655)
2022,VEGETAÇÃO,C60L63,POINT (-58.836587158999954 -2.6203141669999663)
2022,VEGETAÇÃO,C60L63,POINT (-58.81264715899995 -2.5939441669999663)
2022,VEGETAÇÃO,C60L63,POINT (-58.898507158999955 -2.5089841669999657)
2022,VEGETAÇÃO,C60L63,POINT (-58.78204715899995 -2.705184166999966)
2022,VEGETAÇÃO,C60L63,POINT (-58.840997158999954 -2.735514166999966)
2022,VEGETAÇÃO,C60L63,POINT (-58.84810715899995 -2.7320041669999657)
2022,VEGETAÇÃO,C60L63,POINT (-58.845947158999955 -2.6456041669999655)
2022,VEGETAÇÃO,C60L63,POINT (-58.91362715899995 -2.533284166999966)
2022,VEGETAÇÃO,C60L63,POINT (-58.868627158999956 -2.703654166999966)
2022,VEGETAÇÃO,C60L63,POINT (-58.809947158999954 -2.520054166999966)
2022,VEGETAÇÃO,C60L63,POINT (-58.77817715899995 -2.5972741669999655)
2022,VEGETAÇÃO,C60L63,POINT (-58.83028715899995 -2.720124166999966)
2022,VEGETAÇÃO,C60L63,POINT (-58.76890715899995 -2.5165441669999655)
2022,VEGETAÇÃO,C60L63,POINT (-58.79869715899996 -2.7021241669999663)
2022,VEGETAÇÃO,C60L63,POINT (-58.98490715899995 -2.514024166999966)
2022,VEGETAÇÃO,C60L63,POINT (-58.771157158999955 -2.549124166999966)
2022,VEGETAÇÃO,C60L63,POINT (-58.83820715899995 -2.7380341669999666)
2022,VEGETAÇÃO,C60L63,POINT (-58.92262715899995 -2.5083541669999656)
2022,VEGETAÇÃO,C60L63,POINT (-58.80490715899995 -2.7197641669999655)
2022,VEGETAÇÃO,C60L63,POINT (-58.82938715899995 -2.5155541669999657)
2022,VEGETAÇÃO,C60L63,POINT (-58.80292715899995 -2.7143641669999656)
2022,VEGETAÇÃO,C60L63,POINT (-58.762697158999956 -2.672244166999966)
2022,VEGETAÇÃO,C60L63,POINT (-58.968797158999955 -2.665044166999966)
2022,VEGETAÇÃO,C60L63,POINT (-58.97878715899995 -2.731554166999967)
2022,VEGETAÇÃO,C60L63,POINT (-58.84675715899995 -2.695284166999966)
2022,VEGETAÇÃO,C60L63,POINT (-58.80481715899995 -2.514744166999966)
2022,VEGETAÇÃO,C60L63,POINT (-58.859177158999955 -2.723994166999966)
2022,VEGETAÇÃO,C60L63,POINT (-58.93513715899995 -2.708514166999966)
2022,VEGETAÇÃO,C60L63,POINT (-58.78582715899995 -2.703564166999966)
2022,VEGETAÇÃO,C60L63,POINT (-58.788077158999954 -2.7423541669999665)
2022,VEGETAÇÃO,C60L63,POINT (-58.84873715899995 -2.5176241669999655)
2022,VEGETAÇÃO,C60L63,POINT (-58.96654715899995 -2.6023141669999657)
2022,VEGETAÇÃO,C60L63,POINT (-58.815257158999955 -2.5067341669999657)
2022,VEGETAÇÃO,C60L63,POINT (-58.84486715899995 -2.5335541669999655)
2022,VEGETAÇÃO,C60L63,POINT (-58.915427158999954 -2.5978141669999655)
2022,VEGETAÇÃO,C60L63,POINT (-58.98427715899995 -2.618514166999966)
2022,VEGETAÇÃO,C60L63,POINT (-58.844957158999954 -2.571804166999966)
2022,VEGETAÇÃO,C60L63,POINT (-58.807067158999956 -2.670174166999966)
2022,VEGETAÇÃO,C60L63,POINT (-58.86403715899995 -2.647584166999966)
2022,VEGETAÇÃO,C60L63,POINT (-58.81336715899995 -2.7187741669999657)
2022,VEGETAÇÃO,C60L63,POINT (-58.96771715899995 -2.6449741669999662)
2022,VEGETAÇÃO,C60L63,POINT (-58.77214715899996 -2.6451541669999656)
2022,VEGETAÇÃO,C60L63,POINT (-58.80832715899995 -2.569554166999966)
2022,VEGETAÇÃO,C60L63,POINT (-58.863587158999955 -2.746584166999966)
2022,VEGETAÇÃO,C60L63,POINT (-58.77313715899995 -2.598714166999966)
2022,VEGETAÇÃO,C60L63,POINT (-58.885727158999956 -2.6149141669999656)
2022,VEGETAÇÃO,C60L63,POINT (-58.902557158999954 -2.529504166999966)
2022,VEGETAÇÃO,C60L63,POINT (-58.88329715899995 -2.5055641669999655)
2022,VEGETAÇÃO,C60L63,POINT (-58.84252715899996 -2.6906941669999656)
2022,VEGETAÇÃO,C60L63,POINT (-58.85611715899995 -2.603664166999966)
2022,VEGETAÇÃO,C60L63,POINT (-58.75999715899995 -2.5126741669999655)
2022,VEGETAÇÃO,C60L63,POINT (-58.84414715899995 -2.5320241669999657)
2022,VEGETAÇÃO,C60L63,POINT (-58.75576715899995 -2.539404166999966)
2022,VEGETAÇÃO,C60L63,POINT (-58.779797158999955 -2.617794166999966)
2022,VEGETAÇÃO,C60L63,POINT (-58.97995715899995 -2.712294166999966)
2022,VEGETAÇÃO,C60L63,POINT (-58.95763715899995 -2.705904166999966)
2022,VEGETAÇÃO,C60L63,POINT (-58.902557158999954 -2.716794166999966)
2022,VEGETAÇÃO,C60L63,POINT (-58.93648715899995 -2.5534441669999657)
2022,VEGETAÇÃO,C60L63,POINT (-58.902557158999954 -2.502054166999966)
2022,VEGETAÇÃO,C60L63,POINT (-58.99813715899995 -2.566944166999966)
2022,VEGETAÇÃO,C60L63,POINT (-58.88005715899995 -2.689254166999966)
2022,VEGETAÇÃO,C60L63,POINT (-58.78510715899995 -2.5466941669999663)
2022,VEGETAÇÃO,C60L63,POINT (-58.999937158999955 -2.5477741669999663)
2022,VEGETAÇÃO,C60L63,POINT (-58.771517158999956 -2.613564166999966)
2022,VEGETAÇÃO,C60L63,POINT (-58.789157158999956 -2.692134166999966)
2022,VEGETAÇÃO,C60L63,POINT (-58.95457715899995 -2.644344166999966)
2022,VEGETAÇÃO,C60L63,POINT (-58.96150715899995 -2.644704166999966)
2022,VEGETAÇÃO,C60L63,POINT (-58.86403715899995 -2.683764166999966)
2022,VEGETAÇÃO,C60L63,POINT (-58.991117158999955 -2.5050241669999656)
2022,VEGETAÇÃO,C60L63,POINT (-58.871957158999955 -2.585574166999966)
2022,VEGETAÇÃO,C60L63,POINT (-58.87420715899995 -2.6463241669999658)
2022,VEGETAÇÃO,C60L63,POINT (-58.87771715899996 -2.5396741669999656)
2022,VEGETAÇÃO,C60L63,POINT (-58.902467158999954 -2.5771141669999658)
2022,VEGETAÇÃO,C60L63,POINT (-58.90597715899995 -2.7329941669999656)
2022,VEGETAÇÃO,C60L63,POINT (-58.779347158999954 -2.645334166999966)
2022,VEGETAÇÃO,C60L63,POINT (-58.915967158999955 -2.6562241669999658)
2022,VEGETAÇÃO,C60L63,POINT (-58.968257158999954 -2.6792641669999657)
2022,VEGETAÇÃO,C60L63,POINT (-58.986527158999955 -2.573964166999966)
2022,VEGETAÇÃO,C60L63,POINT (-58.83793715899995 -2.520774166999966)
2022,VEGETAÇÃO,C60L63,POINT (-58.986527158999955 -2.696994166999966)
2022,VEGETAÇÃO,C60L63,POINT (-58.915967158999955 -2.695464166999966)
2022,VEGETAÇÃO,C60L63,POINT (-58.951517158999955 -2.7254341669999658)
2022,VEGETAÇÃO,C60L63,POINT (-58.95214715899995 -2.6682841669999657)
2022,VEGETAÇÃO,C60L63,POINT (-58.787897158999954 -2.6703541669999655)
2022,VEGETAÇÃO,C60L63,POINT (-58.868627158999956 -2.653614166999966)
2022,VEGETAÇÃO,C60L63,POINT (-58.93702715899995 -2.7050941669999657)
2022,VEGETAÇÃO,C60L63,POINT (-58.907507158999955 -2.623824166999966)
2022,VEGETAÇÃO,C60L63,POINT (-58.815887158999956 -2.5065541669999662)
2022,VEGETAÇÃO,C60L63,POINT (-58.98346715899996 -2.6762941669999663)
2022,VEGETAÇÃO,C60L63,POINT (-58.88851715899995 -2.728314166999966)
2022,VEGETAÇÃO,C60L63,POINT (-58.75936715899995 -2.662344166999966)
2022,VEGETAÇÃO,C60L63,POINT (-58.81165715899995 -2.602494166999966)
2022,VEGETAÇÃO,C60L63,POINT (-58.94584715899995 -2.635074166999966)
2022,VEGETAÇÃO,C60L63,POINT (-58.77790715899995 -2.730474166999965)
2022,VEGETAÇÃO,C60L63,POINT (-58.77736715899995 -2.7066241669999656)
2022,VEGETAÇÃO,C60L63,POINT (-58.819847158999956 -2.531664166999966)
2022,VEGETAÇÃO,C60L63,POINT (-58.97842715899995 -2.5187041669999655)
2022,VEGETAÇÃO,C60L63,POINT (-58.86097715899995 -2.7022141669999655)
2022,VEGETAÇÃO,C60L63,POINT (-58.92829715899995 -2.583774166999966)
2022,VEGETAÇÃO,C60L63,POINT (-58.77700715899995 -2.5538041669999663)
2022,VEGETAÇÃO,C60L63,POINT (-58.88284715899995 -2.515824166999966)
2022,VEGETAÇÃO,C60L63,POINT (-58.837217158999955 -2.6253541669999656)
2022,VEGETAÇÃO,C60L63,POINT (-58.757837158999955 -2.6774641669999655)
2022,VEGETAÇÃO,C60L63,POINT (-58.872317158999955 -2.621664166999966)
2022,VEGETAÇÃO,C60L63,POINT (-58.93252715899995 -2.5176241669999655)
2022,VEGETAÇÃO,C60L63,POINT (-58.90147715899995 -2.6269741669999656)
2022,VEGETAÇÃO,C60L63,POINT (-58.96249715899995 -2.693304166999966)
2022,VEGETAÇÃO,C60L63,POINT (-58.94890715899995 -2.5303141669999656)
2022,VEGETAÇÃO,C60L63,POINT (-58.897697158999954 -2.715264166999966)
2022,VEGETAÇÃO,C60L63,POINT (-58.93648715899995 -2.6500141669999655)
2022,VEGETAÇÃO,C60L63,POINT (-58.99210715899996 -2.742084166999966)
2022,VEGETAÇÃO,C60L63,POINT (-58.88779715899995 -2.585394166999966)
2022,VEGETAÇÃO,C60L63,POINT (-58.85674715899995 -2.589894166999966)
2022,VEGETAÇÃO,C60L63,POINT (-58.890047158999955 -2.5473241669999656)
2022,VEGETAÇÃO,C60L63,POINT (-58.86124715899995 -2.570634166999966)
2022,VEGETAÇÃO,C60L63,POINT (-58.98337715899996 -2.673954166999966)
2022,VEGETAÇÃO,C60L63,POINT (-58.92253715899995 -2.5615441669999663)
2022,VEGETAÇÃO,C60L63,POINT (-58.98913715899995 -2.6180641669999662)
2022,VEGETAÇÃO,C60L63,POINT (-58.79896715899996 -2.6797141669999656)
2022,VEGETAÇÃO,C60L63,POINT (-58.97671715899995 -2.560734166999966)
2022,VEGETAÇÃO,C60L63,POINT (-58.956287158999956 -2.7171541669999657)
2022,VEGETAÇÃO,C60L63,POINT (-58.82497715899996 -2.5236541669999655)
2022,VEGETAÇÃO,C60L63,POINT (-58.94539715899995 -2.561994166999966)
2022,VEGETAÇÃO,C60L63,POINT (-58.83010715899995 -2.629944166999966)
2022,VEGETAÇÃO,C60L63,POINT (-58.85251715899995 -2.5797241669999655)
2022,VEGETAÇÃO,C60L63,POINT (-58.95331715899995 -2.721744166999966)
2022,VEGETAÇÃO,C60L63,POINT (-58.76458715899995 -2.626254166999966)
2022,VEGETAÇÃO,C60L63,POINT (-58.80076715899995 -2.678814166999966)
2022,VEGETAÇÃO,C60L63,POINT (-58.78204715899995 -2.6369641669999657)
2022,VEGETAÇÃO,C60L63,POINT (-58.942517158999955 -2.6483041669999663)
2022,VEGETAÇÃO,C60L63,POINT (-58.79410715899995 -2.7070741669999663)
2022,VEGETAÇÃO,C60L63,POINT (-58.88329715899995 -2.606904166999966)
2022,VEGETAÇÃO,C60L63,POINT (-58.75684715899995 -2.508174166999966)
2022,VEGETAÇÃO,C60L63,POINT (-58.92316715899995 -2.5461541669999663)
2022,VEGETAÇÃO,C60L63,POINT (-58.90534715899995 -2.6770141669999656)
2022,VEGETAÇÃO,C60L63,POINT (-58.81642715899996 -2.570094166999966)
2022,VEGETAÇÃO,C60L63,POINT (-58.93675715899995 -2.746494166999966)
2022,VEGETAÇÃO,C60L63,POINT (-58.85242715899995 -2.644794166999966)
2022,VEGETAÇÃO,C60L63,POINT (-58.83766715899995 -2.561454166999966)
2022,VEGETAÇÃO,C60L63,POINT (-58.863227158999955 -2.5736041669999663)
2022,VEGETAÇÃO,C60L63,POINT (-58.959527158999954 -2.546604166999966)
2022,VEGETAÇÃO,C60L63,POINT (-58.80004715899995 -2.5666741669999658)
2022,VEGETAÇÃO,C60L63,POINT (-58.82893715899995 -2.5236541669999655)
2022,VEGETAÇÃO,C60L63,POINT (-58.761707158999954 -2.517354166999966)
2022,VEGETAÇÃO,C60L63,POINT (-58.822997158999954 -2.6175241669999663)
2022,VEGETAÇÃO,C60L63,POINT (-58.80040715899995 -2.550474166999966)
2022,VEGETAÇÃO,C60L63,POINT (-58.898867158999956 -2.7121141669999655)
2022,VEGETAÇÃO,C60L63,POINT (-58.87987715899995 -2.535084166999966)
2022,VEGETAÇÃO,C60L63,POINT (-58.75567715899995 -2.677104166999966)
2022,VEGETAÇÃO,C60L63,POINT (-58.95772715899995 -2.536704166999966)
2022,VEGETAÇÃO,C60L63,POINT (-58.974017158999956 -2.6610841669999656)
2022,VEGETAÇÃO,C60L63,POINT (-58.875827158999954 -2.505834166999966)
2022,VEGETAÇÃO,C60L63,POINT (-58.95448715899995 -2.7221041669999657)
2022,VEGETAÇÃO,C60L63,POINT (-58.850447158999955 -2.6539741669999657)
2022,VEGETAÇÃO,C60L63,POINT (-58.79032715899996 -2.5665841669999656)
2022,VEGETAÇÃO,C60L63,POINT (-58.78537715899995 -2.657934166999966)
2022,VEGETAÇÃO,C60L63,POINT (-58.762517158999955 -2.6269741669999656)
2022,VEGETAÇÃO,C60L63,POINT (-58.76989715899995 -2.649834166999966)
2022,VEGETAÇÃO,C60L63,POINT (-58.96717715899995 -2.7301141669999662)
2022,VEGETAÇÃO,C60L63,POINT (-58.89733715899995 -2.7356941669999664)
2022,VEGETAÇÃO,C60L63,POINT (-58.86547715899995 -2.5704541669999657)
2022,VEGETAÇÃO,C60L63,POINT (-58.86943715899996 -2.5373341669999663)
2022,VEGETAÇÃO,C60L63,POINT (-58.98760715899995 -2.7246241669999662)
2022,VEGETAÇÃO,C60L63,POINT (-58.87879715899995 -2.565684166999966)
2022,VEGETAÇÃO,C60L63,POINT (-58.95781715899995 -2.5429141669999655)
2022,VEGETAÇÃO,C60L63,POINT (-58.832447158999955 -2.7428941669999656)
2022,VEGETAÇÃO,C60L63,POINT (-58.758557158999956 -2.622834166999966)
2022,VEGETAÇÃO,C60L63,POINT (-58.86952715899995 -2.509254166999966)
2022,VEGETAÇÃO,C60L63,POINT (-58.93279715899995 -2.586114166999966)
2022,VEGETAÇÃO,C60L63,POINT (-58.91830715899995 -2.635074166999966)
2022,VEGETAÇÃO,C60L63,POINT (-58.819847158999956 -2.6600041669999657)
2022,VEGETAÇÃO,C60L63,POINT (-58.87339715899995 -2.706984166999966)
2022,VEGETAÇÃO,C60L63,POINT (-58.76827715899995 -2.696994166999966)
2022,VEGETAÇÃO,C60L63,POINT (-58.964027158999954 -2.560194166999966)
2022,VEGETAÇÃO,C60L63,POINT (-58.83973715899995 -2.661354166999966)
2022,VEGETAÇÃO,C60L63,POINT (-58.79590715899995 -2.538234166999966)
2022,VEGETAÇÃO,C60L63,POINT (-58.89535715899996 -2.6027641669999655)
2022,VEGETAÇÃO,C60L63,POINT (-58.897967158999954 -2.7011341669999656)
2022,VEGETAÇÃO,C60L63,POINT (-58.801757158999955 -2.7226441669999657)
2022,VEGETAÇÃO,C60L63,POINT (-58.947197158999955 -2.647044166999966)
2022,VEGETAÇÃO,C60L63,POINT (-58.986437158999955 -2.6114941669999663)
2022,VEGETAÇÃO,C60L63,POINT (-58.77295715899995 -2.7187741669999657)
2022,VEGETAÇÃO,C60L63,POINT (-58.82938715899995 -2.581524166999966)
2022,VEGETAÇÃO,C60L63,POINT (-58.92172715899996 -2.638854166999966)
2022,VEGETAÇÃO,C60L63,POINT (-58.836767158999955 -2.5979941669999658)
2022,VEGETAÇÃO,C60L63,POINT (-58.85548715899995 -2.5616341669999656)
2022,VEGETAÇÃO,C60L63,POINT (-58.91407715899995 -2.586114166999966)
2022,VEGETAÇÃO,C60L63,POINT (-58.937747158999954 -2.5688341669999657)
2022,VEGETAÇÃO,C60L63,POINT (-58.98805715899995 -2.5790941669999663)
2022,VEGETAÇÃO,C60L63,POINT (-58.819037158999954 -2.6077141669999655)
2022,VEGETAÇÃO,C60L63,POINT (-58.906967158999954 -2.7363241669999656)
2022,VEGETAÇÃO,C60L63,POINT (-58.86034715899996 -2.508084166999966)
2022,VEGETAÇÃO,C60L63,POINT (-58.881317158999956 -2.635614166999966)
2022,VEGETAÇÃO,C60L63,POINT (-58.798157158999956 -2.5231141669999655)
2022,VEGETAÇÃO,C60L63,POINT (-58.76512715899995 -2.6658541669999662)
2022,VEGETAÇÃO,C60L63,POINT (-58.97140715899995 -2.6187841669999656)
2022,VEGETAÇÃO,C60L63,POINT (-58.78645715899995 -2.6648641669999655)
2022,VEGETAÇÃO,C60L63,POINT (-58.91731715899995 -2.507364166999966)
2022,VEGETAÇÃO,C60L63,POINT (-58.977527158999955 -2.627334166999966)
2022,VEGETAÇÃO,C60L63,POINT (-58.79194715899995 -2.699244166999966)
2022,VEGETAÇÃO,C60L63,POINT (-58.99822715899995 -2.6762941669999663)
2022,VEGETAÇÃO,C60L63,POINT (-58.920827158999955 -2.727144166999966)
2022,VEGETAÇÃO,C60L63,POINT (-58.97446715899996 -2.699334166999966)
2022,VEGETAÇÃO,C60L63,POINT (-58.76890715899995 -2.703654166999966)
2022,VEGETAÇÃO,C60L63,POINT (-58.89580715899996 -2.6642341669999663)
2022,VEGETAÇÃO,C60L63,POINT (-58.79023715899996 -2.599794166999966)
2022,VEGETAÇÃO,C60L63,POINT (-58.906967158999954 -2.743074166999966)
2022,VEGETAÇÃO,C60L63,POINT (-58.98985715899995 -2.702034166999966)
2022,VEGETAÇÃO,C60L63,POINT (-58.77277715899996 -2.6006041669999655)
2022,VEGETAÇÃO,C60L63,POINT (-58.82911715899995 -2.575494166999966)
2022,VEGETAÇÃO,C60L63,POINT (-58.999217158999954 -2.7246241669999662)
2022,VEGETAÇÃO,C60L63,POINT (-58.94809715899996 -2.6449741669999662)
2022,VEGETAÇÃO,C60L63,POINT (-58.81669715899996 -2.5500241669999655)
2022,VEGETAÇÃO,C60L63,POINT (-58.894457158999955 -2.7148141669999664)
2022,VEGETAÇÃO,C60L63,POINT (-58.893287158999954 -2.6550541669999657)
2022,VEGETAÇÃO,C60L63,POINT (-58.951337158999955 -2.5484041669999655)
2022,VEGETAÇÃO,C60L63,POINT (-58.93999715899995 -2.649294166999966)
2022,VEGETAÇÃO,C60L63,POINT (-58.90543715899995 -2.7043741669999664)
2022,VEGETAÇÃO,C60L63,POINT (-58.92298715899995 -2.6675641669999663)
2022,VEGETAÇÃO,C60L63,POINT (-58.82506715899996 -2.521764166999966)
2022,VEGETAÇÃO,C60L63,POINT (-58.93459715899995 -2.7231841669999657)
2022,VEGETAÇÃO,C60L63,POINT (-58.845947158999955 -2.7471241669999653)
2022,VEGETAÇÃO,C60L63,POINT (-58.798157158999956 -2.676564166999966)
2022,VEGETAÇÃO,C60L63,POINT (-58.84036715899995 -2.7314641669999666)
2022,VEGETAÇÃO,C60L63,POINT (-58.94827715899996 -2.6125741669999663)
2022,VEGETAÇÃO,C60L63,POINT (-58.929467158999955 -2.643174166999966)
2022,VEGETAÇÃO,C60L63,POINT (-58.981217158999954 -2.5264441669999655)
2022,VEGETAÇÃO,C60L63,POINT (-58.946027158999954 -2.603034166999966)
2022,VEGETAÇÃO,C60L63,POINT (-58.98436715899995 -2.5236541669999655)
2022,VEGETAÇÃO,C60L63,POINT (-58.99669715899995 -2.608074166999966)
2022,VEGETAÇÃO,C60L63,POINT (-58.83064715899995 -2.7037441669999662)
2022,VEGETAÇÃO,C60L63,POINT (-58.80850715899995 -2.6836741669999657)
2022,VEGETAÇÃO,C60L63,POINT (-58.933607158999955 -2.7468541669999667)
2022,VEGETAÇÃO,C60L63,POINT (-58.95250715899995 -2.5714441669999655)
2022,VEGETAÇÃO,C60L63,POINT (-58.96969715899995 -2.644794166999966)
2022,VEGETAÇÃO,C60L63,POINT (-58.977977158999956 -2.6187841669999656)
2022,VEGETAÇÃO,C60L63,POINT (-58.89310715899995 -2.6100541669999657)
2022,VEGETAÇÃO,C60L63,POINT (-58.96627715899995 -2.649744166999966)
2022,VEGETAÇÃO,C60L63,POINT (-58.762967158999956 -2.720214166999966)
2022,VEGETAÇÃO,C60L63,POINT (-58.84711715899995 -2.554254166999966)
2022,VEGETAÇÃO,C60L63,POINT (-58.93063715899996 -2.7340741669999655)
2022,VEGETAÇÃO,C60L63,POINT (-58.999757158999955 -2.6154541669999656)
2022,VEGETAÇÃO,C60L63,POINT (-58.78258715899995 -2.6527141669999663)
2022,VEGETAÇÃO,C60L63,POINT (-58.92352715899995 -2.633814166999966)
2022,VEGETAÇÃO,C60L63,POINT (-58.827407158999954 -2.5413841669999657)
2022,VEGETAÇÃO,C60L63,POINT (-58.87330715899995 -2.663964166999966)
2022,VEGETAÇÃO,C60L63,POINT (-58.982297158999955 -2.6358841669999657)
2022,VEGETAÇÃO,C60L63,POINT (-58.906517158999954 -2.718414166999966)
2022,VEGETAÇÃO,C60L63,POINT (-58.937567158999954 -2.508084166999966)
2022,VEGETAÇÃO,C60L63,POINT (-58.94359715899995 -2.5677541669999657)
2022,VEGETAÇÃO,C60L63,POINT (-58.96303715899995 -2.6422741669999663)
2022,VEGETAÇÃO,C60L63,POINT (-58.968617158999955 -2.597544166999966)
2022,VEGETAÇÃO,C60L63,POINT (-58.998947158999954 -2.588274166999966)
2022,VEGETAÇÃO,C60L63,POINT (-58.94053715899995 -2.644704166999966)
2022,VEGETAÇÃO,C60L63,POINT (-58.85242715899995 -2.599704166999966)
2022,VEGETAÇÃO,C60L63,POINT (-58.99399715899995 -2.582874166999966)
2022,VEGETAÇÃO,C60L63,POINT (-58.90084715899995 -2.6125741669999663)
2022,VEGETAÇÃO,C60L63,POINT (-58.78600715899995 -2.7016741669999655)
2022,VEGETAÇÃO,C60L63,POINT (-58.95808715899995 -2.6671141669999656)
2022,VEGETAÇÃO,C60L63,POINT (-58.937927158999955 -2.6703541669999655)
2022,VEGETAÇÃO,C60L63,POINT (-58.973477158999955 -2.7400141669999662)
2022,VEGETAÇÃO,C60L63,POINT (-58.937297158999954 -2.700864166999966)
2022,VEGETAÇÃO,C60L63,POINT (-58.98895715899995 -2.5342741669999658)
2022,VEGETAÇÃO,C60L63,POINT (-58.84369715899995 -2.695464166999966)
2022,VEGETAÇÃO,C60L63,POINT (-58.827857158999954 -2.679444166999966)
2022,VEGETAÇÃO,C60L63,POINT (-58.83856715899995 -2.7437941669999653)
2022,VEGETAÇÃO,C60L63,POINT (-58.85809715899995 -2.5737841669999657)
2022,VEGETAÇÃO,C60L63,POINT (-58.897697158999954 -2.5544341669999655)
2022,VEGETAÇÃO,C60L63,POINT (-58.802117158999955 -2.5670341669999663)
2022,VEGETAÇÃO,C60L63,POINT (-58.91785715899995 -2.5109641669999663)
2022,VEGETAÇÃO,C60L63,POINT (-58.985987158999954 -2.743704166999965)
2022,VEGETAÇÃO,C60L63,POINT (-58.801217158999954 -2.6818741669999655)
2022,VEGETAÇÃO,C60L63,POINT (-58.97158715899995 -2.657034166999966)
2022,VEGETAÇÃO,C60L63,POINT (-58.95736715899996 -2.6743141669999657)
2022,VEGETAÇÃO,C60L63,POINT (-58.76008715899995 -2.598264166999966)
2022,VEGETAÇÃO,C60L63,POINT (-58.91956715899995 -2.617974166999966)
2022,VEGETAÇÃO,C60L63,POINT (-58.77754715899995 -2.6957341669999657)
2022,VEGETAÇÃO,C60L63,POINT (-58.836227158999954 -2.732724166999965)
2022,VEGETAÇÃO,C60L63,POINT (-58.845947158999955 -2.536704166999966)
2022,VEGETAÇÃO,C60L63,POINT (-58.98355715899996 -2.532114166999966)
2022,VEGETAÇÃO,C60L63,POINT (-58.84261715899996 -2.5221241669999657)
2022,VEGETAÇÃO,C60L63,POINT (-58.872677158999956 -2.537154166999966)
2022,VEGETAÇÃO,C60L63,POINT (-58.96105715899995 -2.5571341669999663)
2022,VEGETAÇÃO,C60L63,POINT (-58.981577158999954 -2.5038541669999663)
2022,VEGETAÇÃO,C60L63,POINT (-58.815167158999955 -2.740914166999966)
2022,VEGETAÇÃO,C60L63,POINT (-58.87114715899995 -2.645334166999966)
2022,VEGETAÇÃO,C60L63,POINT (-58.884647158999954 -2.701494166999966)
2022,VEGETAÇÃO,C60L63,POINT (-58.889237158999954 -2.7407341669999656)
2022,VEGETAÇÃO,C60L63,POINT (-58.79212715899995 -2.6562241669999658)
2022,VEGETAÇÃO,C60L63,POINT (-58.81273715899995 -2.620224166999966)
2022,VEGETAÇÃO,C60L63,POINT (-58.93666715899995 -2.651904166999966)
2022,VEGETAÇÃO,C60L63,POINT (-58.86637715899995 -2.6461441669999664)
2022,VEGETAÇÃO,C60L63,POINT (-58.832717158999955 -2.5764841669999656)
2022,VEGETAÇÃO,C60L63,POINT (-58.845767158999955 -2.674944166999966)
2022,VEGETAÇÃO,C60L63,POINT (-58.849637158999954 -2.6633341669999657)
2022,VEGETAÇÃO,C60L63,POINT (-58.83433715899996 -2.5879141669999663)
2022,VEGETAÇÃO,C60L63,POINT (-58.964027158999954 -2.5461541669999663)
2022,VEGETAÇÃO,C60L63,POINT (-58.92208715899996 -2.5994341669999663)
2022,VEGETAÇÃO,C60L63,POINT (-58.780247158999956 -2.6148241669999663)
2022,VEGETAÇÃO,C60L63,POINT (-58.75108715899995 -2.550474166999966)
2022,VEGETAÇÃO,C60L63,POINT (-58.758467158999956 -2.543274166999966)
2022,VEGETAÇÃO,C60L63,POINT (-58.93144715899995 -2.5494841669999655)
2022,VEGETAÇÃO,C60L63,POINT (-58.75612715899995 -2.579364166999966)
2022,VEGETAÇÃO,C60L63,POINT (-58.98715715899995 -2.510874166999966)
2022,VEGETAÇÃO,C60L63,POINT (-58.93180715899995 -2.519694166999966)
2022,VEGETAÇÃO,C60L63,POINT (-58.796807158999954 -2.7323641669999663)
2022,VEGETAÇÃO,C60L63,POINT (-58.76359715899996 -2.616714166999966)
2022,VEGETAÇÃO,C60L63,POINT (-58.88401715899995 -2.612394166999966)
2022,VEGETAÇÃO,C60L63,POINT (-58.82191715899995 -2.615634166999966)
2022,VEGETAÇÃO,C60L63,POINT (-58.96771715899995 -2.6395741669999655)
2022,VEGETAÇÃO,C60L63,POINT (-58.762787158999956 -2.585934166999966)
2022,VEGETAÇÃO,C60L63,POINT (-58.93576715899995 -2.619054166999966)
2022,VEGETAÇÃO,C60L63,POINT (-58.99606715899995 -2.7467641669999665)
2022,VEGETAÇÃO,C60L63,POINT (-58.841087158999954 -2.677914166999966)
2022,VEGETAÇÃO,C60L63,POINT (-58.77421715899995 -2.677194166999966)
2022,VEGETAÇÃO,C60L63,POINT (-58.99390715899995 -2.7422641669999663)
2022,VEGETAÇÃO,C60L63,POINT (-58.832357158999955 -2.646414166999966)
2022,VEGETAÇÃO,C60L63,POINT (-58.854317158999955 -2.5378741669999663)
2022,VEGETAÇÃO,C60L63,POINT (-58.76107715899995 -2.662884166999966)
2022,VEGETAÇÃO,C60L63,POINT (-58.97941715899995 -2.6060941669999655)
2022,VEGETAÇÃO,C60L63,POINT (-58.881137158999955 -2.692674166999966)
2022,VEGETAÇÃO,C60L63,POINT (-58.96582715899996 -2.7006841669999657)
2022,VEGETAÇÃO,C60L63,POINT (-58.99597715899995 -2.637144166999966)
2022,VEGETAÇÃO,C60L63,POINT (-58.82137715899995 -2.6098741669999663)
2022,VEGETAÇÃO,C60L63,POINT (-58.89571715899996 -2.7104941669999656)
2022,VEGETAÇÃO,C60L63,POINT (-58.94503715899995 -2.535624166999966)
2022,VEGETAÇÃO,C60L63,POINT (-58.867727158999955 -2.5466941669999663)
2022,VEGETAÇÃO,C60L63,POINT (-58.84432715899995 -2.6225641669999655)
2022,VEGETAÇÃO,C60L63,POINT (-58.94035715899995 -2.529504166999966)
2022,VEGETAÇÃO,C60L63,POINT (-58.85314715899995 -2.583324166999966)
2022,VEGETAÇÃO,C60L63,POINT (-58.81300715899995 -2.568474166999966)
2022,VEGETAÇÃO,C60L63,POINT (-58.841627158999955 -2.5418341669999656)
2022,VEGETAÇÃO,C60L63,POINT (-58.849457158999954 -2.602584166999966)
2022,VEGETAÇÃO,C60L63,POINT (-58.77205715899996 -2.648664166999966)
2022,VEGETAÇÃO,C60L63,POINT (-58.83460715899995 -2.6155441669999657)
2022,VEGETAÇÃO,C60L63,POINT (-58.86223715899995 -2.6109541669999663)
2022,VEGETAÇÃO,C60L63,POINT (-58.75234715899995 -2.6159041669999663)
2022,VEGETAÇÃO,C60L63,POINT (-58.89535715899996 -2.6758441669999655)
2022,VEGETAÇÃO,C60L63,POINT (-58.797707158999955 -2.5061041669999655)
2022,VEGETAÇÃO,C60L63,POINT (-58.87330715899995 -2.6010541669999663)
2022,VEGETAÇÃO,C60L63,POINT (-58.89625715899995 -2.6703541669999655)
2022,VEGETAÇÃO,C60L63,POINT (-58.956017158999956 -2.599164166999966)
2022,VEGETAÇÃO,C60L63,POINT (-58.91875715899995 -2.647044166999966)
2022,VEGETAÇÃO,C60L63,POINT (-58.977977158999956 -2.712924166999966)
2022,VEGETAÇÃO,C60L63,POINT (-58.80526715899995 -2.651004166999966)
2022,VEGETAÇÃO,C60L63,POINT (-58.898417158999955 -2.5862941669999655)
2022,VEGETAÇÃO,C60L63,POINT (-58.87294715899995 -2.623464166999966)
2022,VEGETAÇÃO,C60L63,POINT (-58.889237158999954 -2.625174166999966)
2022,VEGETAÇÃO,C60L63,POINT (-58.82533715899996 -2.540934166999966)
2022,VEGETAÇÃO,C60L63,POINT (-58.757657158999955 -2.5472341669999663)
2022,VEGETAÇÃO,C60L63,POINT (-58.950707158999954 -2.5897141669999657)
2022,VEGETAÇÃO,C60L63,POINT (-58.87096715899995 -2.647134166999966)
2022,VEGETAÇÃO,C60L63,POINT (-58.946657158999955 -2.538684166999966)
2022,VEGETAÇÃO,C60L63,POINT (-58.76035715899995 -2.6209441669999656)
2022,VEGETAÇÃO,C60L63,POINT (-58.947557158999956 -2.547054166999966)
2022,VEGETAÇÃO,C60L63,POINT (-58.806077158999955 -2.6681041669999663)
2022,VEGETAÇÃO,C60L63,POINT (-58.83856715899995 -2.7049141669999663)
2022,VEGETAÇÃO,C60L63,POINT (-58.965287158999956 -2.6363341669999656)
2022,VEGETAÇÃO,C60L63,POINT (-58.95664715899996 -2.682594166999966)
2022,VEGETAÇÃO,C60L63,POINT (-58.78339715899995 -2.699694166999966)
2022,VEGETAÇÃO,C60L63,POINT (-58.97185715899995 -2.7265141669999657)
2022,VEGETAÇÃO,C60L63,POINT (-58.87294715899995 -2.633814166999966)
2022,VEGETAÇÃO,C60L63,POINT (-58.76422715899995 -2.6180641669999662)
2022,VEGETAÇÃO,C60L63,POINT (-58.99777715899995 -2.691414166999966)
2022,VEGETAÇÃO,C60L63,POINT (-58.924157158999954 -2.7341641669999657)
2022,VEGETAÇÃO,C60L63,POINT (-58.83145715899995 -2.6439841669999655)
2022,VEGETAÇÃO,C60L63,POINT (-58.88734715899995 -2.7005041669999663)
2022,VEGETAÇÃO,C60L63,POINT (-58.78321715899995 -2.7131041669999663)
2022,VEGETAÇÃO,C60L63,POINT (-58.94368715899995 -2.6215741669999657)
2022,VEGETAÇÃO,C60L63,POINT (-58.82218715899995 -2.709234166999966)
2022,VEGETAÇÃO,C60L63,POINT (-58.84756715899995 -2.5446241669999656)
2022,VEGETAÇÃO,C60L63,POINT (-58.79050715899995 -2.692134166999966)
2022,VEGETAÇÃO,C60L63,POINT (-58.88401715899995 -2.7393841669999652)
2022,VEGETAÇÃO,C60L63,POINT (-58.753517158999955 -2.7186841669999655)
2022,VEGETAÇÃO,C60L63,POINT (-58.77754715899995 -2.6011441669999655)
2022,VEGETAÇÃO,C60L63,POINT (-58.97464715899996 -2.590434166999966)
2022,VEGETAÇÃO,C60L63,POINT (-58.76557715899995 -2.7043741669999664)
2022,VEGETAÇÃO,C60L63,POINT (-58.903187158999955 -2.5094341669999656)
2022,VEGETAÇÃO,C60L63,POINT (-58.85638715899995 -2.6281441669999657)
2022,VEGETAÇÃO,C60L63,POINT (-58.802117158999955 -2.695464166999966)
2022,VEGETAÇÃO,C60L63,POINT (-58.850627158999956 -2.5697341669999663)
2022,VEGETAÇÃO,C60L63,POINT (-58.99417715899995 -2.7070741669999663)
2022,VEGETAÇÃO,C60L63,POINT (-58.77655715899995 -2.597004166999966)
2022,VEGETAÇÃO,C60L63,POINT (-58.859807158999956 -2.693664166999966)
2022,VEGETAÇÃO,C60L63,POINT (-58.911287158999954 -2.611944166999966)
2022,VEGETAÇÃO,C60L63,POINT (-58.77430715899995 -2.7192241669999655)
2022,VEGETAÇÃO,C60L63,POINT (-58.88842715899995 -2.7473941669999657)
2022,VEGETAÇÃO,C60L63,POINT (-58.920107158999954 -2.5148341669999663)
2022,VEGETAÇÃO,C60L63,POINT (-58.75603715899995 -2.6391241669999657)
2022,VEGETAÇÃO,C60L63,POINT (-58.87888715899995 -2.6446141669999657)
2022,VEGETAÇÃO,C60L63,POINT (-58.89958715899995 -2.6494741669999655)
2022,VEGETAÇÃO,C60L63,POINT (-58.762067158999955 -2.7259741669999658)
2022,VEGETAÇÃO,C60L63,POINT (-58.92316715899995 -2.6084341669999658)
2022,VEGETAÇÃO,C60L63,POINT (-58.885637158999955 -2.703654166999966)
2022,VEGETAÇÃO,C60L63,POINT (-58.823357158999954 -2.685384166999966)
2022,VEGETAÇÃO,C60L63,POINT (-58.76980715899995 -2.5851241669999663)
2022,VEGETAÇÃO,C60L63,POINT (-58.97572715899995 -2.724444166999966)
2022,VEGETAÇÃO,C60L63,POINT (-58.75954715899995 -2.602044166999966)
2022,VEGETAÇÃO,C60L63,POINT (-58.995797158999956 -2.6589241669999657)
2022,VEGETAÇÃO,C60L63,POINT (-58.86133715899995 -2.504844166999966)
2022,VEGETAÇÃO,C60L63,POINT (-58.780517158999956 -2.649114166999966)
2022,VEGETAÇÃO,C60L63,POINT (-58.81237715899995 -2.553624166999966)
2022,VEGETAÇÃO,C60L63,POINT (-58.94395715899995 -2.534904166999966)
2022,VEGETAÇÃO,C60L63,POINT (-58.85197715899995 -2.5990741669999657)
2022,VEGETAÇÃO,C60L63,POINT (-58.77898715899995 -2.6182441669999656)
2022,VEGETAÇÃO,C60L63,POINT (-58.888877158999954 -2.516364166999966)
2022,VEGETAÇÃO,C60L63,POINT (-58.82965715899995 -2.6791741669999656)
2022,VEGETAÇÃO,C60L63,POINT (-58.84261715899996 -2.566764166999966)
2022,VEGETAÇÃO,C60L63,POINT (-58.946117158999954 -2.5616341669999656)
2022,VEGETAÇÃO,C60L63,POINT (-58.868087158999955 -2.626164166999966)
2022,VEGETAÇÃO,C60L63,POINT (-58.990217158999954 -2.6665741669999656)
2022,VEGETAÇÃO,C60L63,POINT (-58.974107158999956 -2.539404166999966)
2022,VEGETAÇÃO,C60L63,POINT (-58.925147158999955 -2.7061741669999657)
2022,VEGETAÇÃO,C60L63,POINT (-58.933157158999954 -2.696004166999966)
2022,VEGETAÇÃO,C60L63,POINT (-58.806617158999956 -2.7436141669999667)
2022,VEGETAÇÃO,C60L63,POINT (-58.97041715899995 -2.7274141669999663)
2022,VEGETAÇÃO,C60L63,POINT (-58.90993715899995 -2.723994166999966)
2022,VEGETAÇÃO,C60L63,POINT (-58.877087158999956 -2.7411841669999664)
2022,VEGETAÇÃO,C60L63,POINT (-58.93126715899995 -2.6852041669999656)
2022,VEGETAÇÃO,C60L63,POINT (-58.94935715899995 -2.546604166999966)
2022,VEGETAÇÃO,C60L63,POINT (-58.96330715899995 -2.6423641669999656)
2022,VEGETAÇÃO,C60L63,POINT (-58.779257158999954 -2.561904166999966)
2022,VEGETAÇÃO,C60L63,POINT (-58.92280715899995 -2.699694166999966)
2022,VEGETAÇÃO,C60L63,POINT (-58.780607158999956 -2.7099541669999656)
2022,VEGETAÇÃO,C60L63,POINT (-58.94557715899995 -2.511864166999966)
2022,VEGETAÇÃO,C60L63,POINT (-58.95268715899995 -2.6896141669999656)
2022,VEGETAÇÃO,C60L63,POINT (-58.77844715899995 -2.556414166999966)
2022,VEGETAÇÃO,C60L63,POINT (-58.885457158999955 -2.5281541669999656)
2022,VEGETAÇÃO,C60L63,POINT (-58.81201715899995 -2.6874541669999656)
2022,VEGETAÇÃO,C60L63,POINT (-58.93531715899995 -2.6309341669999657)
2022,VEGETAÇÃO,C60L63,POINT (-58.85674715899995 -2.690514166999966)
2022,VEGETAÇÃO,C60L63,POINT (-58.868537158999956 -2.687634166999966)
2022,VEGETAÇÃO,C60L63,POINT (-58.814447158999954 -2.550924166999966)
2022,VEGETAÇÃO,C60L63,POINT (-58.97086715899995 -2.7120241669999663)
2022,VEGETAÇÃO,C60L63,POINT (-58.93027715899996 -2.710134166999966)
2022,VEGETAÇÃO,C60L63,POINT (-58.78312715899995 -2.727144166999966)
2022,VEGETAÇÃO,C60L63,POINT (-58.802297158999956 -2.5241941669999663)
2022,VEGETAÇÃO,C60L63,POINT (-58.79050715899995 -2.7095041669999658)
2022,VEGETAÇÃO,C60L63,POINT (-58.819847158999956 -2.745864166999965)
2022,VEGETAÇÃO,C60L63,POINT (-58.91407715899995 -2.608704166999966)
2022,VEGETAÇÃO,C60L63,POINT (-58.83541715899995 -2.6120341669999663)
2022,VEGETAÇÃO,C60L63,POINT (-58.995347158999955 -2.731554166999967)
2022,VEGETAÇÃO,C60L63,POINT (-58.92280715899995 -2.529594166999966)
2022,VEGETAÇÃO,C60L63,POINT (-58.845407158999954 -2.5891741669999657)
2022,VEGETAÇÃO,C60L63,POINT (-58.86574715899995 -2.712384166999966)
2022,VEGETAÇÃO,C60L63,POINT (-58.86106715899995 -2.610144166999966)
2022,VEGETAÇÃO,C60L63,POINT (-58.886177158999956 -2.6474041669999657)
2022,VEGETAÇÃO,C60L63,POINT (-58.77673715899995 -2.563074166999966)
2022,VEGETAÇÃO,C60L63,POINT (-58.92577715899995 -2.6160841669999657)
2022,VEGETAÇÃO,C60L63,POINT (-58.98841715899995 -2.698074166999966)
2022,VEGETAÇÃO,C60L63,POINT (-58.79023715899996 -2.523564166999966)
2022,VEGETAÇÃO,C60L63,POINT (-58.85323715899995 -2.670534166999966)
2022,VEGETAÇÃO,C60L63,POINT (-58.85215715899995 -2.608524166999966)
2022,VEGETAÇÃO,C60L63,POINT (-58.802477158999956 -2.5209541669999656)
2022,VEGETAÇÃO,C60L63,POINT (-58.99804715899995 -2.6493841669999663)
2022,VEGETAÇÃO,C60L63,POINT (-58.97059715899995 -2.503584166999966)
2022,VEGETAÇÃO,C60L63,POINT (-58.75081715899995 -2.5374241669999655)
2022,VEGETAÇÃO,C60L63,POINT (-58.85602715899995 -2.591514166999966)
2022,VEGETAÇÃO,C60L63,POINT (-58.95799715899995 -2.573874166999966)
2022,VEGETAÇÃO,C60L63,POINT (-58.82560715899995 -2.5538941669999655)
2022,VEGETAÇÃO,C60L63,POINT (-58.77268715899996 -2.694294166999966)
2022,VEGETAÇÃO,C60L63,POINT (-58.956557158999956 -2.666664166999966)
2022,VEGETAÇÃO,C60L63,POINT (-58.849547158999954 -2.747484166999966)
2022,VEGETAÇÃO,C60L63,POINT (-58.982567158999956 -2.6089741669999658)
2022,VEGETAÇÃO,C60L63,POINT (-58.86547715899995 -2.6005141669999663)
2022,VEGETAÇÃO,C60L63,POINT (-58.982297158999955 -2.587104166999966)
2022,VEGETAÇÃO,C60L63,POINT (-58.77439715899995 -2.617344166999966)
2022,VEGETAÇÃO,C60L63,POINT (-58.94035715899995 -2.7484741669999657)
2022,VEGETAÇÃO,C60L63,POINT (-58.84900715899995 -2.6285941669999655)
2022,VEGETAÇÃO,C60L63,POINT (-58.78735715899995 -2.576754166999966)
2022,VEGETAÇÃO,C60L63,POINT (-58.93477715899995 -2.6610841669999656)
2022,VEGETAÇÃO,C60L63,POINT (-58.79167715899995 -2.536704166999966)
2022,VEGETAÇÃO,C60L63,POINT (-58.788347158999954 -2.6149141669999656)
2022,VEGETAÇÃO,C60L63,POINT (-58.990487158999954 -2.5647841669999663)
2022,VEGETAÇÃO,C60L63,POINT (-58.881137158999955 -2.653524166999966)
2022,VEGETAÇÃO,C60L63,POINT (-58.87375715899995 -2.5120441669999662)
2022,VEGETAÇÃO,C60L63,POINT (-58.91785715899995 -2.653164166999966)
2022,VEGETAÇÃO,C60L63,POINT (-58.783667158999954 -2.509794166999966)
2022,VEGETAÇÃO,C60L63,POINT (-58.871867158999954 -2.640474166999966)
2022,VEGETAÇÃO,C60L63,POINT (-58.75693715899995 -2.6863741669999657)
2022,VEGETAÇÃO,C60L63,POINT (-58.86592715899995 -2.6434441669999655)
2022,VEGETAÇÃO,C60L63,POINT (-58.93063715899996 -2.580984166999966)
2022,VEGETAÇÃO,C60L63,POINT (-58.779077158999954 -2.6325541669999657)
2022,VEGETAÇÃO,C60L63,POINT (-58.76962715899995 -2.5089841669999657)
2022,VEGETAÇÃO,C60L63,POINT (-58.80310715899995 -2.6072641669999657)
2022,VEGETAÇÃO,C60L63,POINT (-58.92595715899995 -2.666304166999966)
2022,VEGETAÇÃO,C60L63,POINT (-58.75477715899996 -2.618334166999966)
2022,VEGETAÇÃO,C60L63,POINT (-58.867997158999955 -2.5771141669999658)
2022,VEGETAÇÃO,C60L63,POINT (-58.82596715899995 -2.537244166999966)
2022,VEGETAÇÃO,C60L63,POINT (-58.876817158999955 -2.507994166999966)
2022,VEGETAÇÃO,C60L63,POINT (-58.977797158999955 -2.629584166999966)
2022,VEGETAÇÃO,C60L63,POINT (-58.84756715899995 -2.6973541669999657)
2022,VEGETAÇÃO,C60L63,POINT (-58.898057158999954 -2.5862941669999655)
2022,VEGETAÇÃO,C60L63,POINT (-58.95430715899995 -2.5061941669999657)
2022,VEGETAÇÃO,C60L63,POINT (-58.96951715899995 -2.577744166999966)
2022,VEGETAÇÃO,C60L63,POINT (-58.93612715899995 -2.730024166999966)
2022,VEGETAÇÃO,C60L63,POINT (-58.77817715899995 -2.551914166999966)
2022,VEGETAÇÃO,C60L63,POINT (-58.95691715899996 -2.740914166999966)
2022,VEGETAÇÃO,C60L63,POINT (-58.994717158999954 -2.6389441669999663)
2022,VEGETAÇÃO,C60L63,POINT (-58.78276715899995 -2.6444341669999663)
2022,VEGETAÇÃO,C60L63,POINT (-58.93720715899995 -2.5164541669999663)
2022,VEGETAÇÃO,C60L63,POINT (-58.79977715899995 -2.7176041669999655)
2022,VEGETAÇÃO,C60L63,POINT (-58.955207158999954 -2.5412941669999656)
2022,VEGETAÇÃO,C60L63,POINT (-58.94071715899995 -2.720034166999966)
2022,VEGETAÇÃO,C60L63,POINT (-58.960337158999955 -2.6253541669999656)
2022,VEGETAÇÃO,C60L63,POINT (-58.78978715899996 -2.5747741669999655)
2022,VEGETAÇÃO,C60L63,POINT (-58.840817158999954 -2.619684166999966)
2022,VEGETAÇÃO,C60L63,POINT (-58.83919715899995 -2.6912341669999655)
2022,VEGETAÇÃO,C60L63,POINT (-58.96735715899995 -2.7306541669999653)
2022,VEGETAÇÃO,C60L63,POINT (-58.827587158999954 -2.734344166999966)
2022,VEGETAÇÃO,C60L63,POINT (-58.83865715899995 -2.5175341669999662)
2022,VEGETAÇÃO,C60L63,POINT (-58.894547158999956 -2.544264166999966)
2022,VEGETAÇÃO,C60L63,POINT (-58.96654715899995 -2.667834166999966)
2022,VEGETAÇÃO,C60L63,POINT (-58.80931715899995 -2.6642341669999663)
2022,VEGETAÇÃO,C60L63,POINT (-58.968167158999954 -2.619054166999966)
2022,VEGETAÇÃO,C60L63,POINT (-58.93513715899995 -2.7395641669999655)
2022,VEGETAÇÃO,C60L63,POINT (-58.828127158999955 -2.613384166999966)
2022,VEGETAÇÃO,C60L63,POINT (-58.97131715899995 -2.5527241669999663)
2022,VEGETAÇÃO,C60L63,POINT (-58.81759715899995 -2.7314641669999666)
2022,VEGETAÇÃO,C60L63,POINT (-58.94404715899995 -2.5577641669999656)
2022,VEGETAÇÃO,C60L63,POINT (-58.774667158999954 -2.615724166999966)
2022,VEGETAÇÃO,C60L63,POINT (-58.93135715899995 -2.662524166999966)
2022,VEGETAÇÃO,C60L63,POINT (-58.97068715899995 -2.7164341669999663)
2022,VEGETAÇÃO,C60L63,POINT (-58.87330715899995 -2.6336341669999657)
2022,VEGETAÇÃO,C60L63,POINT (-58.86556715899995 -2.551554166999966)
2022,VEGETAÇÃO,C60L63,POINT (-58.990847158999955 -2.664684166999966)
2022,VEGETAÇÃO,C60L63,POINT (-58.79968715899995 -2.7015841669999663)
2022,VEGETAÇÃO,C60L63,POINT (-58.819397158999955 -2.742084166999966)
2022,VEGETAÇÃO,C60L63,POINT (-58.92334715899995 -2.504124166999966)
2022,VEGETAÇÃO,C60L63,POINT (-58.894187158999955 -2.6637841669999656)
2022,VEGETAÇÃO,C60L63,POINT (-58.754057158999956 -2.7374041669999656)
2022,VEGETAÇÃO,C60L63,POINT (-58.85701715899995 -2.749734166999966)
2022,VEGETAÇÃO,C60L63,POINT (-58.86673715899995 -2.690874166999966)
2022,VEGETAÇÃO,C60L63,POINT (-58.79131715899995 -2.6708041669999663)
2022,VEGETAÇÃO,C60L63,POINT (-58.902197158999954 -2.543634166999966)
2022,VEGETAÇÃO,C60L63,POINT (-58.863137158999955 -2.5803541669999657)
2022,VEGETAÇÃO,C60L63,POINT (-58.81822715899995 -2.6028541669999656)
2022,VEGETAÇÃO,C60L63,POINT (-58.87501715899995 -2.5231141669999655)
2022,VEGETAÇÃO,C60L63,POINT (-58.91821715899995 -2.6298541669999658)
2022,VEGETAÇÃO,C60L63,POINT (-58.82929715899995 -2.5346341669999655)
2022,VEGETAÇÃO,C60L63,POINT (-58.78321715899995 -2.6588341669999656)
2022,VEGETAÇÃO,C60L63,POINT (-58.98013715899995 -2.5637041669999663)
2022,VEGETAÇÃO,C60L63,POINT (-58.880237158999954 -2.6258041669999663)
2022,VEGETAÇÃO,C60L63,POINT (-58.955657158999955 -2.7141841669999662)
2022,VEGETAÇÃO,C60L63,POINT (-58.90849715899995 -2.6330941669999657)
2022,VEGETAÇÃO,C60L63,POINT (-58.92289715899995 -2.611404166999966)
2022,VEGETAÇÃO,C60L63,POINT (-58.827677158999954 -2.742624166999965)
2022,VEGETAÇÃO,C60L63,POINT (-58.88302715899995 -2.6879041669999655)
2022,VEGETAÇÃO,C60L63,POINT (-58.757387158999954 -2.7110341669999656)
2022,VEGETAÇÃO,C60L63,POINT (-58.766567158999955 -2.570004166999966)
2022,VEGETAÇÃO,C60L63,POINT (-58.95754715899995 -2.570184166999966)
2022,VEGETAÇÃO,C60L63,POINT (-58.75594715899995 -2.698524166999966)
2022,VEGETAÇÃO,C60L63,POINT (-58.886177158999956 -2.6890741669999656)
2022,VEGETAÇÃO,C60L63,POINT (-58.85629715899995 -2.7326341669999668)
2022,VEGETAÇÃO,C60L63,POINT (-58.94350715899995 -2.560194166999966)
2022,VEGETAÇÃO,C60L63,POINT (-58.88761715899995 -2.718954166999966)
2022,VEGETAÇÃO,C60L63,POINT (-58.930097158999956 -2.5622641669999657)
2022,VEGETAÇÃO,C60L63,POINT (-58.770707158999954 -2.5727041669999657)
2022,VEGETAÇÃO,C60L63,POINT (-58.76539715899995 -2.6533441669999656)
2022,VEGETAÇÃO,C60L63,POINT (-58.911557158999955 -2.6413741669999657)
2022,VEGETAÇÃO,C60L63,POINT (-58.90183715899995 -2.588724166999966)
2022,VEGETAÇÃO,C60L63,POINT (-58.798157158999956 -2.585394166999966)
2022,VEGETAÇÃO,C60L63,POINT (-58.87951715899995 -2.552454166999966)
2022,VEGETAÇÃO,C60L63,POINT (-58.76431715899995 -2.694834166999966)
2022,VEGETAÇÃO,C60L63,POINT (-58.97896715899995 -2.522754166999966)
2022,VEGETAÇÃO,C60L63,POINT (-58.89976715899995 -2.659194166999966)
2022,VEGETAÇÃO,C60L63,POINT (-58.986617158999955 -2.7071641669999655)
2022,VEGETAÇÃO,C60L63,POINT (-58.98067715899995 -2.521674166999966)
2022,VEGETAÇÃO,C60L63,POINT (-58.80436715899995 -2.6231941669999657)
2022,VEGETAÇÃO,C60L63,POINT (-58.877087158999956 -2.5736041669999663)
2022,VEGETAÇÃO,C60L63,POINT (-58.955927158999955 -2.649204166999966)
2022,VEGETAÇÃO,C60L63,POINT (-58.91038715899995 -2.704734166999966)
2022,VEGETAÇÃO,C60L63,POINT (-58.819847158999956 -2.651994166999966)
2022,VEGETAÇÃO,C60L63,POINT (-58.75603715899995 -2.5221241669999657)
2022,VEGETAÇÃO,C60L63,POINT (-58.83577715899995 -2.6917741669999655)
2022,VEGETAÇÃO,C60L63,POINT (-58.76863715899995 -2.5224841669999662)
2022,VEGETAÇÃO,C60L63,POINT (-58.97509715899995 -2.6616241669999656)
2022,VEGETAÇÃO,C60L63,POINT (-58.86673715899995 -2.6895241669999663)
2022,VEGETAÇÃO,C60L63,POINT (-58.90552715899995 -2.6901541669999656)
2022,VEGETAÇÃO,C60L63,POINT (-58.925417158999956 -2.540394166999966)
2022,VEGETAÇÃO,C60L63,POINT (-58.840727158999954 -2.559564166999966)
2022,VEGETAÇÃO,C60L63,POINT (-58.85728715899995 -2.691594166999966)
2022,VEGETAÇÃO,C60L63,POINT (-58.79050715899995 -2.734974166999965)
2022,VEGETAÇÃO,C60L63,POINT (-58.867997158999955 -2.6961841669999655)
2022,VEGETAÇÃO,C60L63,POINT (-58.84378715899995 -2.675574166999966)
2022,VEGETAÇÃO,C60L63,POINT (-58.79176715899995 -2.665584166999966)
2022,VEGETAÇÃO,C60L63,POINT (-58.946027158999954 -2.649294166999966)
2022,VEGETAÇÃO,C60L63,POINT (-58.89085715899995 -2.661894166999966)
2022,VEGETAÇÃO,C60L63,POINT (-58.930097158999956 -2.7280441669999655)
2022,VEGETAÇÃO,C60L63,POINT (-58.78258715899995 -2.548044166999966)
2022,VEGETAÇÃO,C60L63,POINT (-58.81246715899995 -2.595834166999966)
2022,VEGETAÇÃO,C60L63,POINT (-58.85656715899995 -2.7099541669999656)
2022,VEGETAÇÃO,C60L63,POINT (-58.822997158999954 -2.6770141669999656)
2022,VEGETAÇÃO,C60L63,POINT (-58.950977158999954 -2.655324166999966)
2022,VEGETAÇÃO,C60L63,POINT (-58.814447158999954 -2.7099541669999656)
2022,VEGETAÇÃO,C60L63,POINT (-58.94800715899996 -2.649114166999966)
2022,VEGETAÇÃO,C60L63,POINT (-58.80049715899995 -2.683314166999966)
2022,VEGETAÇÃO,C60L63,POINT (-58.98517715899995 -2.5802641669999655)
2022,VEGETAÇÃO,C60L63,POINT (-58.938197158999955 -2.580984166999966)
2022,VEGETAÇÃO,C60L63,POINT (-58.83370715899996 -2.7220141669999656)
2022,VEGETAÇÃO,C60L63,POINT (-58.89040715899995 -2.518434166999966)
2022,VEGETAÇÃO,C60L63,POINT (-58.99318715899995 -2.529414166999966)
2022,VEGETAÇÃO,C60L63,POINT (-58.84747715899995 -2.6177041669999657)
2022,VEGETAÇÃO,C60L63,POINT (-58.969247158999956 -2.6549641669999655)
2022,VEGETAÇÃO,C60L63,POINT (-58.78978715899996 -2.629494166999966)
2022,VEGETAÇÃO,C60L63,POINT (-58.82056715899995 -2.7210241669999657)
2022,VEGETAÇÃO,C60L63,POINT (-58.87060715899995 -2.721204166999966)
2022,VEGETAÇÃO,C60L63,POINT (-58.805987158999955 -2.709684166999966)
2022,VEGETAÇÃO,C60L63,POINT (-58.80508715899995 -2.548224166999966)
2022,VEGETAÇÃO,C60L63,POINT (-58.98076715899995 -2.5225741669999655)
2022,VEGETAÇÃO,C60L63,POINT (-58.951427158999955 -2.6078041669999656)
2022,VEGETAÇÃO,C60L63,POINT (-58.81264715899995 -2.6743141669999657)
2022,VEGETAÇÃO,C60L63,POINT (-58.77673715899995 -2.6660341669999656)
2022,VEGETAÇÃO,C60L63,POINT (-58.871507158999954 -2.6609941669999655)
2022,VEGETAÇÃO,C60L63,POINT (-58.79194715899995 -2.5776541669999657)
2022,VEGETAÇÃO,C60L63,POINT (-58.75936715899995 -2.503674166999966)
2022,VEGETAÇÃO,C60L63,POINT (-58.942067158999954 -2.640384166999966)
2022,VEGETAÇÃO,C60L63,POINT (-58.833437158999956 -2.7389341669999663)
2022,VEGETAÇÃO,C60L63,POINT (-58.907327158999955 -2.621664166999966)
2022,VEGETAÇÃO,C60L63,POINT (-58.78303715899995 -2.672424166999966)
2022,VEGETAÇÃO,C60L63,POINT (-58.96573715899996 -2.7390241669999664)
2022,VEGETAÇÃO,C60L63,POINT (-58.82560715899995 -2.5566841669999656)
2022,VEGETAÇÃO,C60L63,POINT (-58.770617158999954 -2.6473141669999656)
2022,VEGETAÇÃO,C60L63,POINT (-58.99768715899995 -2.543814166999966)
2022,VEGETAÇÃO,C60L63,POINT (-58.90561715899995 -2.702574166999966)
2022,VEGETAÇÃO,C60L63,POINT (-58.95358715899995 -2.594934166999966)
2022,VEGETAÇÃO,C60L63,POINT (-58.90408715899996 -2.5884541669999663)
2022,VEGETAÇÃO,C60L63,POINT (-58.941887158999954 -2.5776541669999657)
2022,VEGETAÇÃO,C60L63,POINT (-58.75531715899995 -2.604834166999966)
2022,VEGETAÇÃO,C60L63,POINT (-58.76377715899996 -2.517894166999966)
2022,VEGETAÇÃO,C60L63,POINT (-58.98409715899995 -2.7165241669999656)
2022,VEGETAÇÃO,C60L63,POINT (-58.76971715899995 -2.733354166999966)
2022,VEGETAÇÃO,C60L63,POINT (-58.792667158999954 -2.6747641669999656)
2022,VEGETAÇÃO,C60L63,POINT (-58.75081715899995 -2.7473941669999657)
2022,VEGETAÇÃO,C60L63,POINT (-58.75468715899996 -2.522304166999966)
2022,VEGETAÇÃO,C60L63,POINT (-58.82497715899996 -2.681064166999966)
2022,VEGETAÇÃO,C60L63,POINT (-58.994807158999954 -2.525094166999966)
2022,VEGETAÇÃO,C60L63,POINT (-58.90129715899995 -2.686104166999966)
2022,VEGETAÇÃO,C60L63,POINT (-58.75189715899995 -2.690874166999966)
2022,VEGETAÇÃO,C60L63,POINT (-58.75243715899995 -2.7237241669999657)
2022,VEGETAÇÃO,C60L63,POINT (-58.82677715899995 -2.7131041669999663)
2022,VEGETAÇÃO,C60L63,POINT (-58.91434715899995 -2.654604166999966)
2022,VEGETAÇÃO,C60L63,POINT (-58.898777158999955 -2.606274166999966)
2022,VEGETAÇÃO,C60L63,POINT (-58.903637158999956 -2.553534166999966)
2022,VEGETAÇÃO,C60L63,POINT (-58.96303715899995 -2.688354166999966)
2022,VEGETAÇÃO,C60L63,POINT (-58.76080715899995 -2.5565941669999663)
2022,VEGETAÇÃO,C60L63,POINT (-58.75468715899996 -2.5507441669999658)
2022,VEGETAÇÃO,C60L63,POINT (-58.98832715899995 -2.524464166999966)
2022,VEGETAÇÃO,C60L63,POINT (-58.90093715899995 -2.6258941669999656)
2022,VEGETAÇÃO,C60L63,POINT (-58.93540715899995 -2.657484166999966)
2022,VEGETAÇÃO,C60L63,POINT (-58.810397158999955 -2.527704166999966)
2022,VEGETAÇÃO,C60L63,POINT (-58.876547158999955 -2.5120441669999662)
2022,VEGETAÇÃO,C60L63,POINT (-58.75990715899995 -2.680524166999966)
2022,VEGETAÇÃO,C60L63,POINT (-58.79590715899995 -2.582784166999966)
2022,VEGETAÇÃO,C60L63,POINT (-58.99696715899995 -2.570634166999966)
2022,VEGETAÇÃO,C60L63,POINT (-58.93054715899996 -2.7049141669999663)
2022,VEGETAÇÃO,C60L63,POINT (-58.80319715899995 -2.6830441669999656)
2022,VEGETAÇÃO,C60L63,POINT (-58.99597715899995 -2.5188841669999658)
2022,VEGETAÇÃO,C60L63,POINT (-58.841627158999955 -2.684934166999966)
2022,VEGETAÇÃO,C60L63,POINT (-58.98103715899995 -2.618424166999966)
2022,VEGETAÇÃO,C60L63,POINT (-58.96249715899995 -2.6339941669999662)
2022,VEGETAÇÃO,C60L63,POINT (-58.885007158999954 -2.544264166999966)
2022,VEGETAÇÃO,C60L63,POINT (-58.842077158999956 -2.670624166999966)
2022,VEGETAÇÃO,C60L63,POINT (-58.788977158999955 -2.616174166999966)
2022,VEGETAÇÃO,C60L63,POINT (-58.87330715899995 -2.717874166999966)
2022,VEGETAÇÃO,C60L63,POINT (-58.753247158999955 -2.5941241669999657)
2022,VEGETAÇÃO,C60L63,POINT (-58.823717158999955 -2.614194166999966)
2022,VEGETAÇÃO,C60L63,POINT (-58.967987158999954 -2.6192341669999655)
2022,VEGETAÇÃO,C60L63,POINT (-58.915967158999955 -2.536614166999966)
2022,VEGETAÇÃO,C60L63,POINT (-58.86520715899995 -2.5276141669999657)
2022,VEGETAÇÃO,C60L63,POINT (-58.784387158999955 -2.618424166999966)
2022,VEGETAÇÃO,C60L63,POINT (-58.854227158999954 -2.561904166999966)
2022,VEGETAÇÃO,C60L63,POINT (-58.90399715899996 -2.5605541669999656)
2022,VEGETAÇÃO,C60L63,POINT (-58.88167715899995 -2.6852041669999656)
2022,VEGETAÇÃO,C60L63,POINT (-58.99192715899996 -2.606994166999966)
2022,VEGETAÇÃO,C60L63,POINT (-58.819937158999956 -2.632644166999966)
2022,VEGETAÇÃO,C60L63,POINT (-58.82965715899995 -2.576664166999966)
2022,VEGETAÇÃO,C60L63,POINT (-58.96960715899995 -2.639214166999966)
2022,VEGETAÇÃO,C60L63,POINT (-58.97482715899996 -2.5743241669999657)
2022,VEGETAÇÃO,C60L63,POINT (-58.951247158999955 -2.507454166999966)
2022,VEGETAÇÃO,C60L63,POINT (-58.846037158999955 -2.662524166999966)
2022,VEGETAÇÃO,C60L63,POINT (-58.797257158999955 -2.6902441669999657)
2022,VEGETAÇÃO,C60L63,POINT (-58.888967158999954 -2.573334166999966)
2022,VEGETAÇÃO,C60L63,POINT (-58.78726715899995 -2.6177041669999657)
2022,VEGETAÇÃO,C60L63,POINT (-58.86196715899995 -2.715174166999966)
2022,VEGETAÇÃO,C60L63,POINT (-58.82587715899995 -2.717964166999966)
2022,VEGETAÇÃO,C60L63,POINT (-58.97986715899995 -2.7055441669999656)
2022,VEGETAÇÃO,C60L63,POINT (-58.999667158999955 -2.5422841669999663)
2022,VEGETAÇÃO,C60L63,POINT (-58.83577715899995 -2.684934166999966)
2022,VEGETAÇÃO,C60L63,POINT (-58.855127158999956 -2.616894166999966)
2022,VEGETAÇÃO,C60L63,POINT (-58.761797158999954 -2.551374166999966)
2022,VEGETAÇÃO,C60L63,POINT (-58.788077158999954 -2.6313841669999656)
2022,VEGETAÇÃO,C60L63,POINT (-58.91389715899995 -2.5363441669999656)
2022,VEGETAÇÃO,C60L63,POINT (-58.96231715899995 -2.543634166999966)
2022,VEGETAÇÃO,C60L63,POINT (-58.94143715899995 -2.5702741669999662)
2022,VEGETAÇÃO,C60L63,POINT (-58.832807158999955 -2.5647841669999663)
2022,VEGETAÇÃO,C60L63,POINT (-58.94143715899995 -2.5610041669999655)
2022,VEGETAÇÃO,C60L63,POINT (-58.82200715899995 -2.7270541669999657)
2022,VEGETAÇÃO,C60L63,POINT (-58.91326715899996 -2.728944166999966)
2022,VEGETAÇÃO,C60L63,POINT (-58.92325715899995 -2.513574166999966)
2022,VEGETAÇÃO,C60L63,POINT (-58.85197715899995 -2.7072541669999657)
2022,VEGETAÇÃO,C60L63,POINT (-58.86646715899995 -2.5457941669999657)
2022,VEGETAÇÃO,C60L63,POINT (-58.78600715899995 -2.5389541669999662)
2022,VEGETAÇÃO,C60L63,POINT (-58.95259715899995 -2.5912441669999655)
2022,VEGETAÇÃO,C60L63,POINT (-58.86997715899995 -2.659194166999966)
2022,VEGETAÇÃO,C60L63,POINT (-58.995257158999955 -2.5281541669999656)
2022,VEGETAÇÃO,C60L63,POINT (-58.82245715899995 -2.6995141669999656)
2022,VEGETAÇÃO,C60L63,POINT (-58.87402715899995 -2.7105841669999657)
2022,VEGETAÇÃO,C60L63,POINT (-58.97203715899995 -2.551554166999966)
2022,VEGETAÇÃO,C60L63,POINT (-58.815527158999956 -2.6484841669999657)
2022,VEGETAÇÃO,C60L63,POINT (-58.79491715899995 -2.5446241669999656)
2022,VEGETAÇÃO,C60L63,POINT (-58.947017158999955 -2.514204166999966)
2022,VEGETAÇÃO,C60L63,POINT (-58.91902715899995 -2.5671241669999656)
2022,VEGETAÇÃO,C60L63,POINT (-58.82155715899995 -2.611764166999966)
2022,VEGETAÇÃO,C60L63,POINT (-58.97014715899995 -2.723994166999966)
2022,VEGETAÇÃO,C60L63,POINT (-58.87069715899995 -2.715084166999966)
2022,VEGETAÇÃO,C60L63,POINT (-58.86601715899995 -2.7254341669999658)
2022,VEGETAÇÃO,C60L63,POINT (-58.845947158999955 -2.720214166999966)
2022,VEGETAÇÃO,C60L63,POINT (-58.92262715899995 -2.622294166999966)
2022,VEGETAÇÃO,C60L63,POINT (-58.94854715899996 -2.5292341669999656)
2022,VEGETAÇÃO,C60L63,POINT (-58.90426715899996 -2.605374166999966)
2022,VEGETAÇÃO,C60L63,POINT (-58.78969715899996 -2.582694166999966)
2022,VEGETAÇÃO,C60L63,POINT (-58.784297158999955 -2.731554166999967)
2022,VEGETAÇÃO,C60L63,POINT (-58.916057158999955 -2.5329241669999663)
2022,VEGETAÇÃO,C60L63,POINT (-58.94584715899995 -2.6495641669999657)
2022,VEGETAÇÃO,C60L63,POINT (-58.784567158999955 -2.603574166999966)
2022,VEGETAÇÃO,C60L63,POINT (-58.916237158999955 -2.600964166999966)
2022,VEGETAÇÃO,C60L63,POINT (-58.84846715899995 -2.606994166999966)
2022,VEGETAÇÃO,C60L63,POINT (-58.97212715899995 -2.6429041669999656)
2022,VEGETAÇÃO,C60L63,POINT (-58.97014715899995 -2.625534166999966)
2022,VEGETAÇÃO,C60L63,POINT (-58.85332715899995 -2.5600141669999656)
2022,VEGETAÇÃO,C60L63,POINT (-58.82929715899995 -2.5946641669999657)
2022,VEGETAÇÃO,C60L63,POINT (-58.81237715899995 -2.749644166999966)
2022,VEGETAÇÃO,C60L63,POINT (-58.84711715899995 -2.6026741669999662)
2022,VEGETAÇÃO,C60L63,POINT (-58.94512715899995 -2.653704166999966)
2022,VEGETAÇÃO,C60L63,POINT (-58.767287158999956 -2.6231941669999657)
2022,VEGETAÇÃO,C60L63,POINT (-58.994357158999954 -2.605824166999966)
2022,VEGETAÇÃO,C60L63,POINT (-58.833437158999956 -2.7341641669999657)
2022,VEGETAÇÃO,C60L63,POINT (-58.93720715899995 -2.517264166999966)
2022,VEGETAÇÃO,C60L63,POINT (-58.845857158999955 -2.665674166999966)
2022,VEGETAÇÃO,C60L63,POINT (-58.955117158999954 -2.7356941669999664)
2022,VEGETAÇÃO,C60L63,POINT (-58.98382715899995 -2.5203241669999663)
2022,VEGETAÇÃO,C60L63,POINT (-58.93567715899995 -2.639214166999966)
2022,VEGETAÇÃO,C60L63,POINT (-58.90534715899995 -2.638764166999966)
2022,VEGETAÇÃO,C60L63,POINT (-58.98553715899995 -2.7440641669999657)
2022,VEGETAÇÃO,C60L63,POINT (-58.99840715899995 -2.5851241669999663)
2022,VEGETAÇÃO,C60L63,POINT (-58.937567158999954 -2.632194166999966)
2022,VEGETAÇÃO,C60L63,POINT (-58.83478715899995 -2.574504166999966)
2022,VEGETAÇÃO,C60L63,POINT (-58.757657158999955 -2.584314166999966)
2022,VEGETAÇÃO,C60L63,POINT (-58.89670715899995 -2.626254166999966)
2022,VEGETAÇÃO,C60L63,POINT (-58.89301715899995 -2.506374166999966)
2022,VEGETAÇÃO,C60L63,POINT (-58.780697158999956 -2.747484166999966)
2022,VEGETAÇÃO,C60L63,POINT (-58.818947158999954 -2.710674166999966)
2022,VEGETAÇÃO,C60L63,POINT (-58.978157158999956 -2.549304166999966)
2022,VEGETAÇÃO,C60L63,POINT (-58.924067158999954 -2.615094166999966)
2022,VEGETAÇÃO,C60L63,POINT (-58.99795715899995 -2.7149041669999656)
2022,VEGETAÇÃO,C60L63,POINT (-58.78105715899996 -2.5730641669999663)
2022,VEGETAÇÃO,C60L63,POINT (-58.91893715899995 -2.728944166999966)
2022,VEGETAÇÃO,C60L63,POINT (-58.898147158999954 -2.554074166999966)
2022,VEGETAÇÃO,C60L63,POINT (-58.819937158999956 -2.682774166999966)
2022,VEGETAÇÃO,C60L63,POINT (-58.818677158999954 -2.6869141669999657)
2022,VEGETAÇÃO,C60L63,POINT (-58.846217158999956 -2.716164166999966)
2022,VEGETAÇÃO,C60L63,POINT (-58.898957158999956 -2.5099741669999656)
2022,VEGETAÇÃO,C60L63,POINT (-58.955477158999955 -2.7339841669999654)
2022,VEGETAÇÃO,C60L63,POINT (-58.868177158999956 -2.6753041669999655)
2022,VEGETAÇÃO,C60L63,POINT (-58.75027715899995 -2.7049141669999663)
2022,VEGETAÇÃO,C60L63,POINT (-58.92172715899996 -2.6055541669999656)
2022,VEGETAÇÃO,C60L63,POINT (-58.761977158999954 -2.6923141669999655)
2022,VEGETAÇÃO,C60L63,POINT (-58.84702715899995 -2.587014166999966)
2022,VEGETAÇÃO,C60L63,POINT (-58.90930715899995 -2.5715341669999656)
2022,VEGETAÇÃO,C60L63,POINT (-58.84432715899995 -2.705724166999966)
2022,VEGETAÇÃO,C60L63,POINT (-58.920287158999955 -2.577834166999966)
2022,VEGETAÇÃO,C60L63,POINT (-58.78501715899995 -2.612304166999966)
2022,VEGETAÇÃO,C60L63,POINT (-58.93522715899995 -2.664684166999966)
2022,VEGETAÇÃO,C60L63,POINT (-58.963937158999954 -2.704734166999966)
2022,VEGETAÇÃO,C60L63,POINT (-58.91407715899995 -2.645964166999966)
2022,VEGETAÇÃO,C60L63,POINT (-58.819847158999956 -2.5944841669999663)
2022,VEGETAÇÃO,C60L63,POINT (-58.80526715899995 -2.5627141669999656)
2022,VEGETAÇÃO,C60L63,POINT (-58.96285715899995 -2.604834166999966)
2022,VEGETAÇÃO,C60L63,POINT (-58.98436715899995 -2.6148241669999663)
2022,VEGETAÇÃO,C60L63,POINT (-58.972577158999954 -2.5907941669999657)
2022,VEGETAÇÃO,C60L63,POINT (-58.75459715899996 -2.7384841669999656)
2022,VEGETAÇÃO,C60L63,POINT (-58.79374715899995 -2.6378641669999663)
2022,VEGETAÇÃO,C60L63,POINT (-58.91290715899996 -2.7010441669999663)
2022,VEGETAÇÃO,C60L63,POINT (-58.96708715899995 -2.559744166999966)
2022,VEGETAÇÃO,C60L63,POINT (-58.840907158999954 -2.6026741669999662)
2022,VEGETAÇÃO,C60L63,POINT (-58.998857158999954 -2.666124166999966)
2022,VEGETAÇÃO,C60L63,POINT (-58.78501715899995 -2.577834166999966)
2022,VEGETAÇÃO,C60L63,POINT (-58.80301715899995 -2.706264166999966)
2022,VEGETAÇÃO,C60L63,POINT (-58.86502715899995 -2.671164166999966)
2022,VEGETAÇÃO,C60L63,POINT (-58.76989715899995 -2.703114166999966)
2022,VEGETAÇÃO,C60L63,POINT (-58.80436715899995 -2.518974166999966)
2022,VEGETAÇÃO,C60L63,POINT (-58.906607158999954 -2.5820641669999658)
2022,VEGETAÇÃO,C60L63,POINT (-58.89040715899995 -2.6159041669999663)
2022,VEGETAÇÃO,C60L63,POINT (-58.82488715899996 -2.725524166999966)
2022,VEGETAÇÃO,C60L63,POINT (-58.82245715899995 -2.5924141669999656)
2022,VEGETAÇÃO,C60L63,POINT (-58.91722715899995 -2.571354166999966)
2022,VEGETAÇÃO,C60L63,POINT (-58.898057158999954 -2.5452541669999658)
2022,VEGETAÇÃO,C60L63,POINT (-58.867277158999954 -2.5447141669999658)
2022,VEGETAÇÃO,C60L63,POINT (-58.832717158999955 -2.592594166999966)
2022,VEGETAÇÃO,C60L63,POINT (-58.83451715899995 -2.6638741669999657)
2022,VEGETAÇÃO,C60L63,POINT (-58.867097158999954 -2.504664166999966)
2022,VEGETAÇÃO,C60L63,POINT (-58.96699715899995 -2.5880941669999658)
2022,VEGETAÇÃO,C60L63,POINT (-58.75225715899995 -2.555424166999966)
2022,VEGETAÇÃO,C60L63,POINT (-58.76359715899996 -2.641464166999966)
2022,VEGETAÇÃO,C60L63,POINT (-58.98724715899995 -2.6725141669999664)
2022,VEGETAÇÃO,C60L63,POINT (-58.94881715899995 -2.5753141669999655)
2022,VEGETAÇÃO,C60L63,POINT (-58.876457158999955 -2.7070741669999663)
2022,VEGETAÇÃO,C60L63,POINT (-58.775747158999955 -2.678904166999966)
2022,VEGETAÇÃO,C60L63,POINT (-58.877447158999956 -2.600424166999966)
2022,VEGETAÇÃO,C60L63,POINT (-58.82614715899995 -2.7428041669999654)
2022,VEGETAÇÃO,C60L63,POINT (-58.94332715899995 -2.538324166999966)
2022,VEGETAÇÃO,C60L63,POINT (-58.83946715899995 -2.603124166999966)
2022,VEGETAÇÃO,C60L63,POINT (-58.93702715899995 -2.6664841669999655)
2022,VEGETAÇÃO,C60L63,POINT (-58.97086715899995 -2.554704166999966)
2022,VEGETAÇÃO,C60L63,POINT (-58.93936715899996 -2.6978941669999656)
2022,VEGETAÇÃO,C60L63,POINT (-58.990757158999955 -2.5880941669999658)
2022,VEGETAÇÃO,C60L63,POINT (-58.86664715899995 -2.623284166999966)
2022,VEGETAÇÃO,C60L63,POINT (-58.80931715899995 -2.5709941669999656)
2022,VEGETAÇÃO,C60L63,POINT (-58.80256715899995 -2.5477741669999663)
2022,VEGETAÇÃO,C60L63,POINT (-58.824347158999956 -2.6369641669999657)
2022,VEGETAÇÃO,C60L63,POINT (-58.867907158999955 -2.590434166999966)
2022,VEGETAÇÃO,C60L63,POINT (-58.885277158999955 -2.5435441669999657)
2022,VEGETAÇÃO,C60L63,POINT (-58.77709715899995 -2.537244166999966)
2022,VEGETAÇÃO,C60L63,POINT (-58.95700715899996 -2.5857541669999655)
2022,VEGETAÇÃO,C60L63,POINT (-58.937477158999954 -2.666214166999966)
2022,VEGETAÇÃO,C60L63,POINT (-58.94593715899995 -2.7224641669999663)
2022,VEGETAÇÃO,C60L63,POINT (-58.960157158999955 -2.7176941669999657)
2022,VEGETAÇÃO,C60L63,POINT (-58.83838715899995 -2.531034166999966)
2022,VEGETAÇÃO,C60L63,POINT (-58.94053715899995 -2.533824166999966)
2022,VEGETAÇÃO,C60L63,POINT (-58.924157158999954 -2.7363241669999656)
2022,VEGETAÇÃO,C60L63,POINT (-58.836317158999954 -2.528244166999966)
2022,VEGETAÇÃO,C60L63,POINT (-58.849457158999954 -2.5637041669999663)
2022,VEGETAÇÃO,C60L63,POINT (-58.810667158999955 -2.584944166999966)
2022,VEGETAÇÃO,C60L63,POINT (-58.832267158999954 -2.6495641669999657)
2022,VEGETAÇÃO,C60L63,POINT (-58.93108715899995 -2.6153641669999663)
2022,VEGETAÇÃO,C60L63,POINT (-58.89229715899995 -2.5715341669999656)
2022,VEGETAÇÃO,C60L63,POINT (-58.872587158999956 -2.6489341669999655)
2022,VEGETAÇÃO,C60L63,POINT (-58.88752715899995 -2.6043841669999663)
2022,VEGETAÇÃO,C60L63,POINT (-58.82101715899995 -2.661894166999966)
2022,VEGETAÇÃO,C60L63,POINT (-58.80850715899995 -2.596464166999966)
2022,VEGETAÇÃO,C60L63,POINT (-58.93603715899995 -2.664144166999966)
2022,VEGETAÇÃO,C60L63,POINT (-58.92190715899996 -2.5293241669999658)
2022,VEGETAÇÃO,C60L63,POINT (-58.809947158999954 -2.6017741669999657)
2022,VEGETAÇÃO,C60L63,POINT (-58.942157158999954 -2.5396741669999656)
2022,VEGETAÇÃO,C60L63,POINT (-58.89697715899995 -2.7372241669999653)
2022,VEGETAÇÃO,C60L63,POINT (-58.943057158999956 -2.6946541669999657)
2022,VEGETAÇÃO,C60L63,POINT (-58.77772715899995 -2.7455941669999664)
2022,VEGETAÇÃO,C60L63,POINT (-58.85152715899996 -2.6664841669999655)
2022,VEGETAÇÃO,C60L63,POINT (-58.82605715899995 -2.524644166999966)
2022,VEGETAÇÃO,C60L63,POINT (-58.76512715899995 -2.7033841669999656)
2022,VEGETAÇÃO,C60L63,POINT (-58.93648715899995 -2.7197641669999655)
2022,VEGETAÇÃO,C60L63,POINT (-58.76764715899995 -2.647494166999966)
2022,VEGETAÇÃO,C60L63,POINT (-58.893737158999954 -2.572434166999966)
2022,VEGETAÇÃO,C60L63,POINT (-58.79005715899996 -2.5588441669999655)
2022,VEGETAÇÃO,C60L63,POINT (-58.90021715899995 -2.6429941669999657)
2022,VEGETAÇÃO,C60L63,POINT (-58.858277158999954 -2.607894166999966)
2022,VEGETAÇÃO,C60L63,POINT (-58.802297158999956 -2.583414166999966)
2022,VEGETAÇÃO,C60L63,POINT (-58.79509715899995 -2.709594166999966)
2022,VEGETAÇÃO,C60L63,POINT (-58.96276715899995 -2.6896141669999656)
2022,VEGETAÇÃO,C60L63,POINT (-58.83505715899995 -2.705724166999966)
2022,VEGETAÇÃO,C60L63,POINT (-58.810487158999955 -2.6671141669999656)
2022,VEGETAÇÃO,C60L63,POINT (-58.91380715899995 -2.745234166999966)
2022,VEGETAÇÃO,C60L63,POINT (-58.928927158999954 -2.6681041669999663)
2022,VEGETAÇÃO,C60L63,POINT (-58.97203715899995 -2.5329241669999663)
2022,VEGETAÇÃO,C60L63,POINT (-58.76080715899995 -2.677194166999966)
2022,VEGETAÇÃO,C60L63,POINT (-58.77205715899996 -2.530044166999966)
2022,VEGETAÇÃO,C60L63,POINT (-58.85647715899995 -2.6186941669999655)
2022,VEGETAÇÃO,C60L63,POINT (-58.91443715899995 -2.598714166999966)
2022,VEGETAÇÃO,C60L63,POINT (-58.915607158999954 -2.710854166999966)
2022,VEGETAÇÃO,C60L63,POINT (-58.884917158999954 -2.503134166999966)
2022,VEGETAÇÃO,C60L63,POINT (-58.968977158999955 -2.6798041669999657)
2022,VEGETAÇÃO,C60L63,POINT (-58.827497158999954 -2.674494166999966)
2022,VEGETAÇÃO,C60L63,POINT (-58.95673715899996 -2.7292141669999657)
2022,VEGETAÇÃO,C60L63,POINT (-58.83784715899995 -2.669994166999966)
2022,VEGETAÇÃO,C60L63,POINT (-58.88734715899995 -2.7005941669999656)
2022,VEGETAÇÃO,C60L63,POINT (-58.99300715899995 -2.559204166999966)
2022,VEGETAÇÃO,C60L63,POINT (-58.875737158999954 -2.719404166999966)
2022,VEGETAÇÃO,C60L63,POINT (-58.999847158999955 -2.588724166999966)
2022,VEGETAÇÃO,C60L63,POINT (-58.77862715899995 -2.5578541669999657)
2022,VEGETAÇÃO,C60L63,POINT (-58.753877158999956 -2.628234166999966)
2022,VEGETAÇÃO,C60L63,POINT (-58.79419715899995 -2.5259041669999656)
2022,VEGETAÇÃO,C60L63,POINT (-58.841087158999954 -2.5501141669999656)
2022,VEGETAÇÃO,C60L63,POINT (-58.775567158999955 -2.520774166999966)
2022,VEGETAÇÃO,C60L63,POINT (-58.90849715899995 -2.6364241669999657)
2022,VEGETAÇÃO,C60L63,POINT (-58.79842715899996 -2.694834166999966)
2022,VEGETAÇÃO,C60L63,POINT (-58.902377158999954 -2.646054166999966)
2022,VEGETAÇÃO,C60L63,POINT (-58.98517715899995 -2.7307441669999655)
2022,VEGETAÇÃO,C60L63,POINT (-58.96762715899995 -2.5702741669999662)
2022,VEGETAÇÃO,C60L63,POINT (-58.982387158999956 -2.576664166999966)
2022,VEGETAÇÃO,C60L63,POINT (-58.88401715899995 -2.716704166999966)
2022,VEGETAÇÃO,C60L63,POINT (-58.951607158999956 -2.739744166999966)
2022,VEGETAÇÃO,C60L63,POINT (-58.79140715899995 -2.7473041669999656)
2022,VEGETAÇÃO,C60L63,POINT (-58.753247158999955 -2.696904166999966)
2022,VEGETAÇÃO,C60L63,POINT (-58.981397158999954 -2.706984166999966)
2022,VEGETAÇÃO,C60L63,POINT (-58.78618715899995 -2.6990641669999658)
2022,VEGETAÇÃO,C60L63,POINT (-58.765847158999954 -2.570634166999966)
2022,VEGETAÇÃO,C60L63,POINT (-58.99588715899995 -2.5423741669999655)
2022,VEGETAÇÃO,C60L63,POINT (-58.897697158999954 -2.513484166999966)
2022,VEGETAÇÃO,C60L63,POINT (-58.82488715899996 -2.645874166999966)
2022,VEGETAÇÃO,C60L63,POINT (-58.976807158999954 -2.6819641669999656)
2022,VEGETAÇÃO,C60L63,POINT (-58.995167158999955 -2.724354166999966)
2022,VEGETAÇÃO,C60L63,POINT (-58.969067158999955 -2.682594166999966)
2022,VEGETAÇÃO,C60L63,POINT (-58.82587715899995 -2.738754166999966)
2022,VEGETAÇÃO,C60L63,POINT (-58.98823715899995 -2.6125741669999663)
2022,VEGETAÇÃO,C60L63,POINT (-58.82227715899995 -2.5594741669999657)
2022,VEGETAÇÃO,C60L63,POINT (-58.80472715899995 -2.6812441669999663)
2022,VEGETAÇÃO,C60L63,POINT (-58.91695715899995 -2.726694166999966)
2022,VEGETAÇÃO,C60L63,POINT (-58.91821715899995 -2.6846641669999656)
2022,VEGETAÇÃO,C60L63,POINT (-58.77403715899995 -2.6726941669999658)
2022,VEGETAÇÃO,C60L63,POINT (-58.76989715899995 -2.6400241669999662)
2022,VEGETAÇÃO,C60L63,POINT (-58.999397158999955 -2.5171741669999657)
2022,VEGETAÇÃO,C60L63,POINT (-58.86484715899995 -2.6620741669999664)
2022,VEGETAÇÃO,C60L63,POINT (-58.92667715899995 -2.6934841669999656)
2022,VEGETAÇÃO,C60L63,POINT (-58.82614715899995 -2.557584166999966)
2022,VEGETAÇÃO,C60L63,POINT (-58.78618715899995 -2.593674166999966)
2022,VEGETAÇÃO,C60L63,POINT (-58.771247158999955 -2.541024166999966)
2022,VEGETAÇÃO,C60L63,POINT (-58.76818715899995 -2.693844166999966)
2022,VEGETAÇÃO,C60L63,POINT (-58.80922715899995 -2.517264166999966)
2022,VEGETAÇÃO,C60L63,POINT (-58.75513715899996 -2.7406441669999655)
2022,VEGETAÇÃO,C60L63,POINT (-58.876457158999955 -2.561904166999966)
2022,VEGETAÇÃO,C60L63,POINT (-58.83406715899996 -2.661804166999966)
2022,VEGETAÇÃO,C60L63,POINT (-58.99336715899995 -2.6187841669999656)
2022,VEGETAÇÃO,C60L63,POINT (-58.911557158999955 -2.665134166999966)
2022,VEGETAÇÃO,C60L63,POINT (-58.99759715899995 -2.733354166999966)
2022,VEGETAÇÃO,C60L63,POINT (-58.94530715899995 -2.6709841669999657)
2022,VEGETAÇÃO,C60L63,POINT (-58.85296715899995 -2.517894166999966)
2022,VEGETAÇÃO,C60L63,POINT (-58.99651715899995 -2.6149141669999656)
2022,VEGETAÇÃO,C60L63,POINT (-58.76566715899995 -2.5137541669999663)
2022,VEGETAÇÃO,C60L63,POINT (-58.92658715899995 -2.601324166999966)
2022,VEGETAÇÃO,C60L63,POINT (-58.982297158999955 -2.526804166999966)
2022,VEGETAÇÃO,C60L63,POINT (-58.91911715899995 -2.5842241669999657)
2022,VEGETAÇÃO,C60L63,POINT (-58.90147715899995 -2.593764166999966)
2022,VEGETAÇÃO,C60L63,POINT (-58.787807158999954 -2.6038441669999663)
2022,VEGETAÇÃO,C60L63,POINT (-58.96096715899995 -2.7434341669999665)
2022,VEGETAÇÃO,C60L63,POINT (-58.859807158999956 -2.666664166999966)
2022,VEGETAÇÃO,C60L63,POINT (-58.972487158999954 -2.5138441669999656)
2022,VEGETAÇÃO,C60L63,POINT (-58.765937158999954 -2.7012241669999657)
2022,VEGETAÇÃO,C60L63,POINT (-58.78978715899996 -2.6681941669999656)
2022,VEGETAÇÃO,C60L63,POINT (-58.854587158999955 -2.587194166999966)
2022,VEGETAÇÃO,C60L63,POINT (-58.885727158999956 -2.645334166999966)
2022,VEGETAÇÃO,C60L63,POINT (-58.872587158999956 -2.573874166999966)
2022,VEGETAÇÃO,C60L63,POINT (-58.788617158999955 -2.523564166999966)
2022,VEGETAÇÃO,C60L63,POINT (-58.98310715899996 -2.7493741669999654)
2022,VEGETAÇÃO,C60L63,POINT (-58.79194715899995 -2.7083341669999657)
2022,VEGETAÇÃO,C60L63,POINT (-58.87492715899995 -2.6236441669999655)
2022,VEGETAÇÃO,C60L63,POINT (-58.99219715899996 -2.6622541669999658)
2022,VEGETAÇÃO,C60L63,POINT (-58.84333715899995 -2.5220341669999655)
2022,VEGETAÇÃO,C60L63,POINT (-58.999577158999955 -2.708604166999966)
2022,VEGETAÇÃO,C60L63,POINT (-58.903277158999956 -2.5661341669999658)
2022,VEGETAÇÃO,C60L63,POINT (-58.79887715899996 -2.687094166999966)
2022,VEGETAÇÃO,C60L63,POINT (-58.947377158999956 -2.6444341669999663)
2022,VEGETAÇÃO,C60L63,POINT (-58.78996715899996 -2.710134166999966)
2022,VEGETAÇÃO,C60L63,POINT (-58.981577158999954 -2.5072741669999656)
2022,VEGETAÇÃO,C60L63,POINT (-58.94899715899995 -2.5340041669999662)
2022,VEGETAÇÃO,C60L63,POINT (-58.75648715899995 -2.584404166999966)
2022,VEGETAÇÃO,C60L63,POINT (-58.84864715899995 -2.5038541669999663)
2022,VEGETAÇÃO,C60L63,POINT (-58.99300715899995 -2.603754166999966)
2022,VEGETAÇÃO,C60L63,POINT (-58.831907158999954 -2.7224641669999663)
2022,VEGETAÇÃO,C60L63,POINT (-58.75009715899995 -2.7329941669999656)
2022,VEGETAÇÃO,C60L63,POINT (-58.889957158999955 -2.5637941669999655)
2022,VEGETAÇÃO,C60L63,POINT (-58.88653715899996 -2.570004166999966)
2022,VEGETAÇÃO,C60L63,POINT (-58.76512715899995 -2.5951141669999656)
2022,VEGETAÇÃO,C60L63,POINT (-58.842257158999956 -2.7356041669999662)
2022,VEGETAÇÃO,C60L63,POINT (-58.876457158999955 -2.594934166999966)
2022,VEGETAÇÃO,C60L63,POINT (-58.90462715899996 -2.654604166999966)
2022,VEGETAÇÃO,C60L63,POINT (-58.87969715899995 -2.529954166999966)
2022,VEGETAÇÃO,C60L63,POINT (-58.924247158999954 -2.534994166999966)
2022,VEGETAÇÃO,C60L63,POINT (-58.766207158999954 -2.592684166999966)
2022,VEGETAÇÃO,C60L63,POINT (-58.916237158999955 -2.6249041669999658)
2022,VEGETAÇÃO,C60L63,POINT (-58.907417158999955 -2.6945641669999656)
2022,VEGETAÇÃO,C60L63,POINT (-58.972937158999954 -2.6698141669999655)
2022,VEGETAÇÃO,C60L63,POINT (-58.83370715899996 -2.695464166999966)
2022,VEGETAÇÃO,C60L63,POINT (-58.973297158999955 -2.512944166999966)
2022,VEGETAÇÃO,C60L63,POINT (-58.95358715899995 -2.718414166999966)
2022,VEGETAÇÃO,C60L63,POINT (-58.912277158999956 -2.587284166999966)
2022,VEGETAÇÃO,C60L63,POINT (-58.89319715899995 -2.5676641669999656)
2022,VEGETAÇÃO,C60L63,POINT (-58.88257715899995 -2.709234166999966)
2022,VEGETAÇÃO,C60L63,POINT (-58.858367158999954 -2.635524166999966)
2022,VEGETAÇÃO,C60L63,POINT (-58.863947158999956 -2.5852141669999655)
2022,VEGETAÇÃO,C60L63,POINT (-58.87816715899996 -2.7427141669999653)
2022,VEGETAÇÃO,C60L63,POINT (-58.80733715899996 -2.5084441669999658)
2022,VEGETAÇÃO,C60L63,POINT (-58.969247158999956 -2.707434166999966)
2022,VEGETAÇÃO,C60L63,POINT (-58.89112715899995 -2.625084166999966)
2022,VEGETAÇÃO,C60L63,POINT (-58.779887158999955 -2.6043841669999663)
2022,VEGETAÇÃO,C60L63,POINT (-58.85539715899995 -2.5153741669999663)
2022,VEGETAÇÃO,C60L63,POINT (-58.76026715899995 -2.508624166999966)
2022,VEGETAÇÃO,C60L63,POINT (-58.819127158999954 -2.699784166999966)
2022,VEGETAÇÃO,C60L63,POINT (-58.903817158999956 -2.699784166999966)
2022,VEGETAÇÃO,C60L63,POINT (-58.98526715899995 -2.6518141669999657)
2022,VEGETAÇÃO,C60L63,POINT (-58.87078715899995 -2.540934166999966)
2022,VEGETAÇÃO,C60L63,POINT (-58.81786715899995 -2.712834166999966)
2022,VEGETAÇÃO,C60L63,POINT (-58.95034715899995 -2.5286941669999656)
2022,VEGETAÇÃO,C60L63,POINT (-58.963847158999954 -2.6280541669999655)
2022,VEGETAÇÃO,C60L63,POINT (-58.77898715899995 -2.5984441669999656)
2022,VEGETAÇÃO,C60L63,POINT (-58.81228715899995 -2.6087941669999655)
2022,VEGETAÇÃO,C60L63,POINT (-58.97914715899995 -2.5268941669999663)
2022,VEGETAÇÃO,C60L63,POINT (-58.991117158999955 -2.7269641669999656)
2022,VEGETAÇÃO,C60L63,POINT (-58.75099715899995 -2.525634166999966)
2022,VEGETAÇÃO,C60L63,POINT (-58.82677715899995 -2.6226541669999657)
2022,VEGETAÇÃO,C60L63,POINT (-58.98418715899995 -2.7438841669999654)
2022,VEGETAÇÃO,C60L63,POINT (-58.93162715899995 -2.666844166999966)
2022,VEGETAÇÃO,C60L63,POINT (-58.845497158999954 -2.5362541669999663)
2022,VEGETAÇÃO,C60L63,POINT (-58.94368715899995 -2.6357941669999656)
2022,VEGETAÇÃO,C60L63,POINT (-58.98472715899995 -2.6148241669999663)
2022,VEGETAÇÃO,C60L63,POINT (-58.89958715899995 -2.727864166999966)
2022,VEGETAÇÃO,C60L63,POINT (-58.973297158999955 -2.6408341669999658)
2022,VEGETAÇÃO,C60L63,POINT (-58.93603715899995 -2.5021441669999662)
2022,VEGETAÇÃO,C60L63,POINT (-58.76800715899995 -2.666304166999966)
2022,VEGETAÇÃO,C60L63,POINT (-58.77340715899995 -2.6412841669999656)
2022,VEGETAÇÃO,C60L63,POINT (-58.95313715899995 -2.6682841669999657)
2022,VEGETAÇÃO,C60L63,POINT (-58.80274715899995 -2.604744166999966)
2022,VEGETAÇÃO,C60L63,POINT (-58.762517158999955 -2.586114166999966)
2022,VEGETAÇÃO,C60L63,POINT (-58.76440715899995 -2.586474166999966)
2022,VEGETAÇÃO,C60L63,POINT (-58.898507158999955 -2.6721541669999658)
2022,VEGETAÇÃO,C60L63,POINT (-58.946477158999954 -2.6813341669999655)
2022,VEGETAÇÃO,C60L63,POINT (-58.766657158999955 -2.6977141669999662)
2022,VEGETAÇÃO,C60L63,POINT (-58.77304715899995 -2.5934041669999663)
2022,VEGETAÇÃO,C60L63,POINT (-58.98958715899995 -2.6813341669999655)
2022,VEGETAÇÃO,C60L63,POINT (-58.90120715899995 -2.511864166999966)
2022,VEGETAÇÃO,C60L63,POINT (-58.83163715899995 -2.5626241669999663)
2022,VEGETAÇÃO,C60L63,POINT (-58.841807158999956 -2.686644166999966)
2022,VEGETAÇÃO,C60L63,POINT (-58.76854715899995 -2.6897041669999657)
2022,VEGETAÇÃO,C60L63,POINT (-58.80256715899995 -2.555244166999966)
2022,VEGETAÇÃO,C60L63,POINT (-58.889777158999955 -2.720754166999966)
2022,VEGETAÇÃO,C60L63,POINT (-58.976897158999954 -2.5791841669999656)
2022,VEGETAÇÃO,C60L63,POINT (-58.933787158999955 -2.617434166999966)
2022,VEGETAÇÃO,C60L63,POINT (-58.75477715899996 -2.530494166999966)
2022,VEGETAÇÃO,C60L63,POINT (-58.761707158999954 -2.724444166999966)
2022,VEGETAÇÃO,C60L63,POINT (-58.88428715899995 -2.540034166999966)
2022,VEGETAÇÃO,C60L63,POINT (-58.81381715899995 -2.659734166999966)
2022,VEGETAÇÃO,C60L63,POINT (-58.766747158999955 -2.6834941669999663)
2022,VEGETAÇÃO,C60L63,POINT (-58.90192715899995 -2.6419141669999657)
2022,VEGETAÇÃO,C60L63,POINT (-58.77790715899995 -2.732274166999966)
2022,VEGETAÇÃO,C60L63,POINT (-58.86934715899996 -2.5457941669999657)
2022,VEGETAÇÃO,C60L63,POINT (-58.76827715899995 -2.650284166999966)
2022,VEGETAÇÃO,C60L63,POINT (-58.96078715899995 -2.668374166999966)
2022,VEGETAÇÃO,C60L63,POINT (-58.89247715899995 -2.7121141669999655)
2022,VEGETAÇÃO,C60L63,POINT (-58.95808715899995 -2.684304166999966)
2022,VEGETAÇÃO,C60L63,POINT (-58.94422715899995 -2.7390241669999664)
2022,VEGETAÇÃO,C60L63,POINT (-58.92298715899995 -2.725524166999966)
2022,VEGETAÇÃO,C60L63,POINT (-58.912097158999956 -2.607894166999966)
2022,VEGETAÇÃO,C60L63,POINT (-58.854317158999955 -2.6599141669999655)
2022,VEGETAÇÃO,C60L63,POINT (-58.82569715899995 -2.644794166999966)
2022,VEGETAÇÃO,C60L63,POINT (-58.99381715899995 -2.6637841669999656)
2022,VEGETAÇÃO,C60L63,POINT (-58.86511715899995 -2.642004166999966)
2022,VEGETAÇÃO,C60L63,POINT (-58.981937158999955 -2.5862941669999655)
2022,VEGETAÇÃO,C60L63,POINT (-58.771787158999956 -2.710134166999966)
2022,VEGETAÇÃO,C60L63,POINT (-58.89292715899995 -2.683854166999966)
2022,VEGETAÇÃO,C60L63,POINT (-58.876727158999955 -2.5716241669999658)
2022,VEGETAÇÃO,C60L63,POINT (-58.928657158999954 -2.5171741669999657)
2022,VEGETAÇÃO,C60L63,POINT (-58.947467158999956 -2.632104166999966)
2022,VEGETAÇÃO,C60L63,POINT (-58.88833715899995 -2.5808941669999657)
2022,VEGETAÇÃO,C60L63,POINT (-58.97977715899995 -2.7451441669999657)
2022,VEGETAÇÃO,C60L63,POINT (-58.94575715899995 -2.637684166999966)
2022,VEGETAÇÃO,C60L63,POINT (-58.85575715899995 -2.5078141669999656)
2022,VEGETAÇÃO,C60L63,POINT (-58.863227158999955 -2.659014166999966)
2022,VEGETAÇÃO,C60L63,POINT (-58.92613715899995 -2.6693641669999657)
2022,VEGETAÇÃO,C60L63,POINT (-58.867367158999954 -2.7225541669999656)
2022,VEGETAÇÃO,C60L63,POINT (-58.88392715899995 -2.5813441669999655)
2022,VEGETAÇÃO,C60L63,POINT (-58.928567158999954 -2.5985341669999658)
2022,VEGETAÇÃO,C60L63,POINT (-58.87096715899995 -2.6532541669999663)
2022,VEGETAÇÃO,C60L63,POINT (-58.75234715899995 -2.5792741669999657)
2022,VEGETAÇÃO,C60L63,POINT (-58.981937158999955 -2.643804166999966)
2022,VEGETAÇÃO,C60L63,POINT (-58.941707158999954 -2.577204166999966)
2022,VEGETAÇÃO,C60L63,POINT (-58.84918715899995 -2.6973541669999657)
2022,VEGETAÇÃO,C60L63,POINT (-58.94998715899995 -2.725164166999966)
2022,VEGETAÇÃO,C60L63,POINT (-58.92775715899995 -2.671164166999966)
2022,VEGETAÇÃO,C60L63,POINT (-58.863947158999956 -2.6105041669999656)
2022,VEGETAÇÃO,C60L63,POINT (-58.859807158999956 -2.5160941669999657)
2022,VEGETAÇÃO,C60L63,POINT (-58.89958715899995 -2.672964166999966)
2022,VEGETAÇÃO,C60L63,POINT (-58.97230715899995 -2.6224741669999663)
2022,VEGETAÇÃO,C60L63,POINT (-58.78321715899995 -2.5621741669999656)
2022,VEGETAÇÃO,C60L63,POINT (-58.84261715899996 -2.690514166999966)
2022,VEGETAÇÃO,C60L63,POINT (-58.97212715899995 -2.6440741669999657)
2022,VEGETAÇÃO,C60L63,POINT (-58.824167158999956 -2.5369741669999657)
2022,VEGETAÇÃO,C60L63,POINT (-58.797257158999955 -2.730384166999966)
2022,VEGETAÇÃO,C60L63,POINT (-58.85341715899995 -2.5758541669999655)
2022,VEGETAÇÃO,C60L63,POINT (-58.916507158999956 -2.6768341669999662)
2022,VEGETAÇÃO,C60L63,POINT (-58.903727158999956 -2.5996141669999657)
2022,VEGETAÇÃO,C60L63,POINT (-58.933877158999955 -2.567844166999966)
2022,VEGETAÇÃO,C60L63,POINT (-58.96141715899995 -2.6555941669999656)
2022,VEGETAÇÃO,C60L63,POINT (-58.928477158999954 -2.630484166999966)
2022,VEGETAÇÃO,C60L63,POINT (-58.920287158999955 -2.664684166999966)
2022,VEGETAÇÃO,C60L63,POINT (-58.885637158999955 -2.695284166999966)
2022,VEGETAÇÃO,C60L63,POINT (-58.894097158999955 -2.6489341669999655)
2022,VEGETAÇÃO,C60L63,POINT (-58.92316715899995 -2.5138441669999656)
2022,VEGETAÇÃO,C60L63,POINT (-58.995257158999955 -2.6033041669999655)
2022,VEGETAÇÃO,C60L63,POINT (-58.832807158999955 -2.599884166999966)
2022,VEGETAÇÃO,C60L63,POINT (-58.880327158999954 -2.6878141669999662)
2022,VEGETAÇÃO,C60L63,POINT (-58.937567158999954 -2.5231141669999655)
2022,VEGETAÇÃO,C60L63,POINT (-58.76575715899995 -2.6741341669999663)
2022,VEGETAÇÃO,C60L63,POINT (-58.933067158999954 -2.696004166999966)
2022,VEGETAÇÃO,C60L63,POINT (-58.951517158999955 -2.7389341669999663)
2022,VEGETAÇÃO,C60L63,POINT (-58.93684715899995 -2.625174166999966)
2022,VEGETAÇÃO,C60L63,POINT (-58.854947158999956 -2.693304166999966)
2022,VEGETAÇÃO,C60L63,POINT (-58.99390715899995 -2.678454166999966)
2022,VEGETAÇÃO,C60L63,POINT (-58.95250715899995 -2.7264241669999656)
2022,VEGETAÇÃO,C60L63,POINT (-58.77682715899995 -2.7094141669999656)
2022,VEGETAÇÃO,C60L63,POINT (-58.90858715899995 -2.577294166999966)
2022,VEGETAÇÃO,C60L63,POINT (-58.82542715899996 -2.5818841669999655)
2022,VEGETAÇÃO,C60L63,POINT (-58.90831715899995 -2.596554166999966)
2022,VEGETAÇÃO,C60L63,POINT (-58.81408715899995 -2.6939341669999664)
2022,VEGETAÇÃO,C60L63,POINT (-58.82056715899995 -2.548044166999966)
2022,VEGETAÇÃO,C60L63,POINT (-58.906967158999954 -2.6259841669999657)
2022,VEGETAÇÃO,C60L63,POINT (-58.960517158999956 -2.723994166999966)
2022,VEGETAÇÃO,C60L63,POINT (-58.950887158999954 -2.600424166999966)
2022,VEGETAÇÃO,C60L63,POINT (-58.94341715899995 -2.601864166999966)
2022,VEGETAÇÃO,C60L63,POINT (-58.77754715899995 -2.624634166999966)
2022,VEGETAÇÃO,C60L63,POINT (-58.779437158999954 -2.5654141669999655)
2022,VEGETAÇÃO,C60L63,POINT (-58.81255715899995 -2.545524166999966)
2022,VEGETAÇÃO,C60L63,POINT (-58.903547158999956 -2.6483941669999655)
2022,VEGETAÇÃO,C60L63,POINT (-58.86133715899995 -2.5078141669999656)
2022,VEGETAÇÃO,C60L63,POINT (-58.87060715899995 -2.746584166999966)
2022,VEGETAÇÃO,C60L63,POINT (-58.924337158999954 -2.5395841669999655)
2022,VEGETAÇÃO,C60L63,POINT (-58.832717158999955 -2.5447141669999658)
2022,VEGETAÇÃO,C60L63,POINT (-58.977257158999954 -2.518524166999966)
2022,VEGETAÇÃO,C60L63,POINT (-58.89283715899995 -2.611314166999966)
2022,VEGETAÇÃO,C60L63,POINT (-58.955117158999954 -2.7098641669999664)
2022,VEGETAÇÃO,C60L63,POINT (-58.907957158999956 -2.722914166999966)
2022,VEGETAÇÃO,C60L63,POINT (-58.929467158999955 -2.737584166999966)
2022,VEGETAÇÃO,C60L63,POINT (-58.95727715899996 -2.7419041669999658)
2022,VEGETAÇÃO,C60L63,POINT (-58.78213715899995 -2.5885441669999656)
2022,VEGETAÇÃO,C60L63,POINT (-58.98751715899995 -2.6647741669999663)
2022,VEGETAÇÃO,C60L63,POINT (-58.88230715899995 -2.717424166999966)
2022,VEGETAÇÃO,C60L63,POINT (-58.83532715899995 -2.638674166999966)
2022,VEGETAÇÃO,C60L63,POINT (-58.899137158999956 -2.5444441669999662)
2022,VEGETAÇÃO,C60L63,POINT (-58.880507158999954 -2.7105841669999657)
2022,VEGETAÇÃO,C60L63,POINT (-58.96258715899995 -2.6603641669999663)
2022,VEGETAÇÃO,C60L63,POINT (-58.845857158999955 -2.6605441669999657)
2022,VEGETAÇÃO,C60L63,POINT (-58.82938715899995 -2.607444166999966)
2022,VEGETAÇÃO,C60L63,POINT (-58.87915715899995 -2.641464166999966)
2022,VEGETAÇÃO,C60L63,POINT (-58.93522715899995 -2.5714441669999655)
2022,VEGETAÇÃO,C60L63,POINT (-58.75666715899995 -2.5556941669999658)
2022,VEGETAÇÃO,C60L63,POINT (-58.94422715899995 -2.582694166999966)
2022,VEGETAÇÃO,C60L63,POINT (-58.814717158999954 -2.7309241669999658)
2022,VEGETAÇÃO,C60L63,POINT (-58.76332715899996 -2.5274341669999663)
2022,VEGETAÇÃO,C60L63,POINT (-58.981307158999954 -2.522394166999966)
2022,VEGETAÇÃO,C60L63,POINT (-58.854047158999954 -2.5066441669999655)
2022,VEGETAÇÃO,C60L63,POINT (-58.986347158999955 -2.504844166999966)
2022,VEGETAÇÃO,C60L63,POINT (-58.858367158999954 -2.544894166999966)
2022,VEGETAÇÃO,C60L63,POINT (-58.99345715899995 -2.620044166999966)
2022,VEGETAÇÃO,C60L63,POINT (-58.986707158999955 -2.726154166999966)
2022,VEGETAÇÃO,C60L63,POINT (-58.841537158999955 -2.7490141669999666)
2022,VEGETAÇÃO,C60L63,POINT (-58.942967158999956 -2.540034166999966)
2022,VEGETAÇÃO,C60L63,POINT (-58.872227158999955 -2.7000541669999656)
2022,VEGETAÇÃO,C60L63,POINT (-58.809857158999954 -2.5649641669999657)
2022,VEGETAÇÃO,C60L63,POINT (-58.92181715899996 -2.5450741669999655)
2022,VEGETAÇÃO,C60L63,POINT (-58.88797715899995 -2.5593841669999655)
2022,VEGETAÇÃO,C60L63,POINT (-58.828397158999955 -2.714454166999966)
2022,VEGETAÇÃO,C60L63,POINT (-58.941617158999954 -2.5043941669999663)
2022,VEGETAÇÃO,C60L63,POINT (-58.84900715899995 -2.6164441669999663)
2022,VEGETAÇÃO,C60L63,POINT (-58.80373715899995 -2.559024166999966)
2022,VEGETAÇÃO,C60L63,POINT (-58.94845715899996 -2.722194166999966)
2022,VEGETAÇÃO,C60L63,POINT (-58.95367715899995 -2.548764166999966)
2022,VEGETAÇÃO,C60L63,POINT (-58.79401715899995 -2.7374941669999657)
2022,VEGETAÇÃO,C60L63,POINT (-58.98805715899995 -2.654154166999966)
2022,VEGETAÇÃO,C60L63,POINT (-58.77232715899996 -2.6521741669999663)
2022,VEGETAÇÃO,C60L63,POINT (-58.83784715899995 -2.666214166999966)
2022,VEGETAÇÃO,C60L63,POINT (-58.83838715899995 -2.527794166999966)
2022,VEGETAÇÃO,C60L63,POINT (-58.871957158999955 -2.6735941669999663)
2022,VEGETAÇÃO,C60L63,POINT (-58.83469715899995 -2.6198641669999656)
2022,VEGETAÇÃO,C60L63,POINT (-58.87879715899995 -2.628864166999966)
2022,VEGETAÇÃO,C60L63,POINT (-58.80832715899995 -2.738214166999965)
2022,VEGETAÇÃO,C60L63,POINT (-58.92262715899995 -2.669454166999966)
2022,VEGETAÇÃO,C60L63,POINT (-58.88392715899995 -2.741994166999966)
2022,VEGETAÇÃO,C60L63,POINT (-58.87087715899995 -2.583414166999966)
2022,VEGETAÇÃO,C60L63,POINT (-58.858817158999955 -2.677374166999966)
2022,VEGETAÇÃO,C60L63,POINT (-58.911827158999955 -2.5445341669999655)
2022,VEGETAÇÃO,C60L63,POINT (-58.91821715899995 -2.749824166999966)
2022,VEGETAÇÃO,C60L63,POINT (-58.76134715899995 -2.7358741669999667)
2022,VEGETAÇÃO,C60L63,POINT (-58.990307158999954 -2.5627141669999656)
2022,VEGETAÇÃO,C60L63,POINT (-58.76521715899995 -2.6967241669999655)
2022,VEGETAÇÃO,C60L63,POINT (-58.83892715899995 -2.5110541669999655)
2022,VEGETAÇÃO,C60L63,POINT (-58.955927158999955 -2.7111241669999657)
2022,VEGETAÇÃO,C60L63,POINT (-58.86232715899995 -2.709774166999966)
2022,VEGETAÇÃO,C60L63,POINT (-58.868627158999956 -2.6290441669999662)
2022,VEGETAÇÃO,C60L63,POINT (-58.80058715899995 -2.5034041669999656)
2022,VEGETAÇÃO,C60L63,POINT (-58.76422715899995 -2.5385041669999655)
2022,VEGETAÇÃO,C60L63,POINT (-58.788167158999954 -2.658114166999966)
2022,VEGETAÇÃO,C60L63,POINT (-58.96681715899995 -2.696904166999966)
2022,VEGETAÇÃO,C60L63,POINT (-58.86223715899995 -2.515824166999966)
2022,VEGETAÇÃO,C60L63,POINT (-58.94791715899996 -2.708424166999966)
2022,VEGETAÇÃO,C60L63,POINT (-58.770617158999954 -2.679534166999966)
2022,VEGETAÇÃO,C60L63,POINT (-58.850897158999956 -2.7246241669999662)
2022,VEGETAÇÃO,C60L63,POINT (-58.97104715899995 -2.5259941669999657)
2022,VEGETAÇÃO,C60L63,POINT (-58.84378715899995 -2.6747641669999656)
2022,VEGETAÇÃO,C60L63,POINT (-58.81291715899995 -2.7203941669999656)
2022,VEGETAÇÃO,C60L63,POINT (-58.79095715899995 -2.687544166999966)
2022,VEGETAÇÃO,C60L63,POINT (-58.85728715899995 -2.702484166999966)
2022,VEGETAÇÃO,C60L63,POINT (-58.806077158999955 -2.662524166999966)
2022,VEGETAÇÃO,C60L63,POINT (-58.810217158999954 -2.5572241669999656)
2022,VEGETAÇÃO,C60L63,POINT (-58.999037158999954 -2.6006941669999657)
2022,VEGETAÇÃO,C60L63,POINT (-58.811117158999956 -2.691414166999966)
2022,VEGETAÇÃO,C60L63,POINT (-58.88383715899995 -2.6791741669999656)
2022,VEGETAÇÃO,C60L63,POINT (-58.93486715899995 -2.6061841669999657)
2022,VEGETAÇÃO,C60L63,POINT (-58.814357158999954 -2.679354166999966)
2022,VEGETAÇÃO,C60L63,POINT (-58.83424715899996 -2.5126741669999655)
2022,VEGETAÇÃO,C60L63,POINT (-58.84351715899995 -2.6298541669999658)
2022,VEGETAÇÃO,C60L63,POINT (-58.95304715899995 -2.609784166999966)
2022,VEGETAÇÃO,C60L63,POINT (-58.91497715899995 -2.6906941669999656)
2022,VEGETAÇÃO,C60L63,POINT (-58.964837158999956 -2.630664166999966)
2022,VEGETAÇÃO,C60L63,POINT (-58.80535715899995 -2.615274166999966)
2022,VEGETAÇÃO,C60L63,POINT (-58.854227158999954 -2.562444166999966)
2022,VEGETAÇÃO,C60L63,POINT (-58.76971715899995 -2.693754166999966)
2022,VEGETAÇÃO,C60L63,POINT (-58.75900715899995 -2.707884166999966)
2022,VEGETAÇÃO,C60L63,POINT (-58.91425715899995 -2.6011441669999655)
2022,VEGETAÇÃO,C60L63,POINT (-58.977257158999954 -2.505834166999966)
2022,VEGETAÇÃO,C60L63,POINT (-58.82713715899995 -2.654694166999966)
2022,VEGETAÇÃO,C60L63,POINT (-58.845317158999954 -2.5682041669999656)
2022,VEGETAÇÃO,C60L63,POINT (-58.765847158999954 -2.5550641669999656)
2022,VEGETAÇÃO,C60L63,POINT (-58.87294715899995 -2.573514166999966)
2022,VEGETAÇÃO,C60L63,POINT (-58.823177158999954 -2.6741341669999663)
2022,VEGETAÇÃO,C60L63,POINT (-58.83028715899995 -2.7374041669999656)
2022,VEGETAÇÃO,C60L63,POINT (-58.87474715899995 -2.5138441669999656)
2022,VEGETAÇÃO,C60L63,POINT (-58.79176715899995 -2.583234166999966)
2022,VEGETAÇÃO,C60L63,POINT (-58.981307158999954 -2.714724166999966)
2022,VEGETAÇÃO,C60L63,POINT (-58.95790715899995 -2.549124166999966)
2022,VEGETAÇÃO,C60L63,POINT (-58.754417158999956 -2.7095041669999658)
2022,VEGETAÇÃO,C60L63,POINT (-58.80265715899995 -2.587284166999966)
2022,VEGETAÇÃO,C60L63,POINT (-58.807067158999956 -2.715624166999966)
2022,VEGETAÇÃO,C60L63,POINT (-58.978157158999956 -2.500344166999966)
2022,VEGETAÇÃO,C60L63,POINT (-58.86574715899995 -2.593134166999966)
2022,VEGETAÇÃO,C60L63,POINT (-58.866917158999954 -2.630034166999966)
2022,VEGETAÇÃO,C60L63,POINT (-58.758197158999955 -2.572884166999966)
2022,VEGETAÇÃO,C60L63,POINT (-58.95754715899995 -2.5874641669999656)
2022,VEGETAÇÃO,C60L63,POINT (-58.991117158999955 -2.7224641669999663)
2022,VEGETAÇÃO,C60L63,POINT (-58.79932715899995 -2.7126541669999655)
2022,VEGETAÇÃO,C60L63,POINT (-58.925237158999956 -2.6770141669999656)
2022,VEGETAÇÃO,C60L63,POINT (-58.95691715899996 -2.654604166999966)
2022,VEGETAÇÃO,C60L63,POINT (-58.88743715899995 -2.5571341669999663)
2022,VEGETAÇÃO,C60L63,POINT (-58.79068715899995 -2.641554166999966)
2022,VEGETAÇÃO,C60L63,POINT (-58.82542715899996 -2.726694166999966)
2022,VEGETAÇÃO,C60L63,POINT (-58.98724715899995 -2.5291441669999655)
2022,VEGETAÇÃO,C60L63,POINT (-58.836407158999954 -2.664054166999966)
2022,VEGETAÇÃO,C60L63,POINT (-58.95205715899995 -2.524014166999966)
2022,VEGETAÇÃO,C60L63,POINT (-58.762877158999956 -2.6735941669999663)
2022,VEGETAÇÃO,C60L63,POINT (-58.85638715899995 -2.702574166999966)
2022,VEGETAÇÃO,C60L63,POINT (-58.75513715899996 -2.636064166999966)
2022,VEGETAÇÃO,C60L63,POINT (-58.840547158999954 -2.720664166999966)
2022,VEGETAÇÃO,C60L63,POINT (-58.752977158999954 -2.725704166999966)
2022,VEGETAÇÃO,C60L63,POINT (-58.899047158999956 -2.732274166999966)
2022,VEGETAÇÃO,C60L63,POINT (-58.99615715899995 -2.7022141669999655)
2022,VEGETAÇÃO,C60L63,POINT (-58.881317158999956 -2.6917741669999655)
2022,VEGETAÇÃO,C60L63,POINT (-58.959797158999955 -2.7422641669999663)
2022,VEGETAÇÃO,C60L63,POINT (-58.84279715899996 -2.667294166999966)
2022,VEGETAÇÃO,C60L63,POINT (-58.80364715899995 -2.7203041669999664)
2022,VEGETAÇÃO,C60L63,POINT (-58.947647158999956 -2.661444166999966)
2022,VEGETAÇÃO,C60L63,POINT (-58.91335715899996 -2.5061941669999657)
2022,VEGETAÇÃO,C60L63,POINT (-58.87879715899995 -2.604114166999966)
2022,VEGETAÇÃO,C60L63,POINT (-58.84360715899995 -2.629494166999966)
2022,VEGETAÇÃO,C60L63,POINT (-58.94458715899995 -2.5318441669999663)
2022,VEGETAÇÃO,C60L63,POINT (-58.75684715899995 -2.652624166999966)
2022,VEGETAÇÃO,C60L63,POINT (-58.884827158999954 -2.7017641669999657)
2022,VEGETAÇÃO,C60L63,POINT (-58.96663715899995 -2.707974166999966)
2022,VEGETAÇÃO,C60L63,POINT (-58.98382715899995 -2.5699141669999657)
2022,VEGETAÇÃO,C60L63,POINT (-58.969157158999955 -2.7237241669999657)
2022,VEGETAÇÃO,C60L63,POINT (-58.87105715899995 -2.7154441669999656)
2022,VEGETAÇÃO,C60L63,POINT (-58.912277158999956 -2.6022241669999655)
2022,VEGETAÇÃO,C60L63,POINT (-58.83172715899995 -2.626164166999966)
2022,VEGETAÇÃO,C60L63,POINT (-58.78141715899996 -2.578284166999966)
2022,VEGETAÇÃO,C60L63,POINT (-58.83496715899995 -2.664054166999966)
2022,VEGETAÇÃO,C60L63,POINT (-58.75612715899995 -2.6384041669999663)
2022,VEGETAÇÃO,C60L63,POINT (-58.79194715899995 -2.625624166999966)
2022,VEGETAÇÃO,C60L63,POINT (-58.97059715899995 -2.503674166999966)
2022,VEGETAÇÃO,C60L63,POINT (-58.89733715899995 -2.580984166999966)
2022,VEGETAÇÃO,C60L63,POINT (-58.89085715899995 -2.7032041669999662)
2022,VEGETAÇÃO,C60L63,POINT (-58.90075715899995 -2.549214166999966)
2022,VEGETAÇÃO,C60L63,POINT (-58.77790715899995 -2.576664166999966)
2022,VEGETAÇÃO,C60L63,POINT (-58.903007158999955 -2.5999741669999663)
2022,VEGETAÇÃO,C60L63,POINT (-58.80436715899995 -2.7450541669999655)
2022,VEGETAÇÃO,C60L63,POINT (-58.942607158999955 -2.648214166999966)
2022,VEGETAÇÃO,C60L63,POINT (-58.78303715899995 -2.532114166999966)
2022,VEGETAÇÃO,C60L63,POINT (-58.89301715899995 -2.699874166999966)
2022,VEGETAÇÃO,C60L63,POINT (-58.99336715899995 -2.694294166999966)
2022,VEGETAÇÃO,C60L63,POINT (-58.801037158999954 -2.6016841669999655)
2022,VEGETAÇÃO,C60L63,POINT (-58.88797715899995 -2.7457741669999667)
2022,VEGETAÇÃO,C60L63,POINT (-58.898417158999955 -2.554614166999966)
2022,VEGETAÇÃO,C60L63,POINT (-58.911377158999954 -2.7463141669999658)
2022,VEGETAÇÃO,C60L63,POINT (-58.87537715899995 -2.554794166999966)
2022,VEGETAÇÃO,C60L63,POINT (-58.911557158999955 -2.5593841669999655)
2022,VEGETAÇÃO,C60L63,POINT (-58.76935715899995 -2.7394741669999654)
2022,VEGETAÇÃO,C60L63,POINT (-58.79203715899995 -2.6296741669999655)
2022,VEGETAÇÃO,C60L63,POINT (-58.981937158999955 -2.7061741669999657)
2022,VEGETAÇÃO,C60L63,POINT (-58.89544715899996 -2.728224166999966)
2022,VEGETAÇÃO,C60L63,POINT (-58.832627158999955 -2.520234166999966)
2022,VEGETAÇÃO,C60L63,POINT (-58.97563715899995 -2.5007041669999657)
2022,VEGETAÇÃO,C60L63,POINT (-58.798157158999956 -2.594844166999966)
2022,VEGETAÇÃO,C60L63,POINT (-58.90516715899995 -2.683764166999966)
2022,VEGETAÇÃO,C60L63,POINT (-58.76089715899995 -2.717964166999966)
2022,VEGETAÇÃO,C60L63,POINT (-58.903277158999956 -2.525724166999966)
2022,VEGETAÇÃO,C60L63,POINT (-58.854317158999955 -2.573424166999966)
2022,VEGETAÇÃO,C60L63,POINT (-58.91425715899995 -2.720214166999966)
2022,VEGETAÇÃO,C60L63,POINT (-58.933697158999955 -2.711934166999966)
2022,VEGETAÇÃO,C60L63,POINT (-58.893737158999954 -2.671704166999966)
2022,VEGETAÇÃO,C60L63,POINT (-58.88392715899995 -2.6088841669999656)
2022,VEGETAÇÃO,C60L63,POINT (-58.93603715899995 -2.7170641669999656)
2022,VEGETAÇÃO,C60L63,POINT (-58.893467158999954 -2.527254166999966)
2022,VEGETAÇÃO,C60L63,POINT (-58.78123715899996 -2.6890741669999656)
2022,VEGETAÇÃO,C60L63,POINT (-58.836137158999954 -2.510154166999966)
2022,VEGETAÇÃO,C60L63,POINT (-58.84432715899995 -2.6149141669999656)
2022,VEGETAÇÃO,C60L63,POINT (-58.978247158999956 -2.5378741669999663)
2022,VEGETAÇÃO,C60L63,POINT (-58.938647158999956 -2.7269641669999656)
2022,VEGETAÇÃO,C60L63,POINT (-58.94530715899995 -2.5780141669999663)
2022,VEGETAÇÃO,C60L63,POINT (-58.86592715899995 -2.538324166999966)
2022,VEGETAÇÃO,C60L63,POINT (-58.99642715899995 -2.5422841669999663)
2022,VEGETAÇÃO,C60L63,POINT (-58.938377158999955 -2.506824166999966)
2022,VEGETAÇÃO,C60L63,POINT (-58.946747158999955 -2.655234166999966)
2022,VEGETAÇÃO,C60L63,POINT (-58.814717158999954 -2.547594166999966)
2022,VEGETAÇÃO,C60L63,POINT (-58.925417158999956 -2.6702641669999663)
2022,VEGETAÇÃO,C60L63,POINT (-58.93531715899995 -2.6419141669999657)
2022,VEGETAÇÃO,C60L63,POINT (-58.77889715899995 -2.577384166999966)
2022,VEGETAÇÃO,C60L63,POINT (-58.89976715899995 -2.5582141669999663)
2022,VEGETAÇÃO,C60L63,POINT (-58.86907715899996 -2.5923241669999655)
2022,VEGETAÇÃO,C60L63,POINT (-58.84702715899995 -2.5342741669999658)
2022,VEGETAÇÃO,C60L63,POINT (-58.89211715899995 -2.726154166999966)
2022,VEGETAÇÃO,C60L63,POINT (-58.963757158999954 -2.5005241669999663)
2022,VEGETAÇÃO,C60L63,POINT (-58.840727158999954 -2.5139341669999657)
2022,VEGETAÇÃO,C60L63,POINT (-58.850447158999955 -2.5576741669999663)
2022,VEGETAÇÃO,C60L63,POINT (-58.840637158999954 -2.676204166999966)
2022,VEGETAÇÃO,C60L63,POINT (-58.84711715899995 -2.683404166999966)
2022,VEGETAÇÃO,C60L63,POINT (-58.83775715899995 -2.557044166999966)
2022,VEGETAÇÃO,C60L63,POINT (-58.924247158999954 -2.678994166999966)
2022,VEGETAÇÃO,C60L63,POINT (-58.93558715899995 -2.610774166999966)
2022,VEGETAÇÃO,C60L63,POINT (-58.77619715899995 -2.584494166999966)
2022,VEGETAÇÃO,C60L63,POINT (-58.875737158999954 -2.6001541669999657)
2022,VEGETAÇÃO,C60L63,POINT (-58.898597158999955 -2.7127441669999657)
2022,VEGETAÇÃO,C60L63,POINT (-58.915607158999954 -2.676744166999966)
2022,VEGETAÇÃO,C60L63,POINT (-58.836857158999955 -2.674944166999966)
2022,VEGETAÇÃO,C60L63,POINT (-58.96096715899995 -2.7082441669999655)
2022,VEGETAÇÃO,C60L63,POINT (-58.96159715899995 -2.516814166999966)
2022,VEGETAÇÃO,C60L63,POINT (-58.814807158999955 -2.728224166999966)
2022,VEGETAÇÃO,C60L63,POINT (-58.76089715899995 -2.710314166999966)
2022,VEGETAÇÃO,C60L63,POINT (-59.000027158999956 -2.5817941669999662)
2022,VEGETAÇÃO,C60L63,POINT (-58.85260715899995 -2.5403041669999658)
2022,VEGETAÇÃO,C60L63,POINT (-58.894187158999955 -2.722914166999966)
2022,VEGETAÇÃO,C60L63,POINT (-58.753697158999955 -2.707974166999966)
2022,VEGETAÇÃO,C60L63,POINT (-58.832357158999955 -2.5682941669999657)
2022,VEGETAÇÃO,C60L63,POINT (-58.806077158999955 -2.5479541669999657)
2022,VEGETAÇÃO,C60L63,POINT (-58.90453715899996 -2.729934166999966)
2022,VEGETAÇÃO,C60L63,POINT (-58.797347158999955 -2.594214166999966)
2022,VEGETAÇÃO,C60L63,POINT (-58.96150715899995 -2.6477641669999663)
2022,VEGETAÇÃO,C60L63,POINT (-58.789067158999956 -2.5803541669999657)
2022,VEGETAÇÃO,C60L63,POINT (-58.920917158999956 -2.665044166999966)
2022,VEGETAÇÃO,C60L63,POINT (-58.86196715899995 -2.5121341669999655)
2022,VEGETAÇÃO,C60L63,POINT (-58.921007158999956 -2.5084441669999658)
2022,VEGETAÇÃO,C60L63,POINT (-58.911737158999955 -2.577384166999966)
2022,VEGETAÇÃO,C60L63,POINT (-58.79536715899995 -2.6198641669999656)
2022,VEGETAÇÃO,C60L63,POINT (-58.75675715899995 -2.576214166999966)
2022,VEGETAÇÃO,C60L63,POINT (-58.77871715899995 -2.650734166999966)
2022,VEGETAÇÃO,C60L63,POINT (-58.770347158999954 -2.710134166999966)
2022,VEGETAÇÃO,C60L63,POINT (-58.89553715899996 -2.6769241669999655)
2022,VEGETAÇÃO,C60L63,POINT (-58.94809715899996 -2.5340041669999662)
2022,VEGETAÇÃO,C60L63,POINT (-58.80859715899995 -2.5853041669999657)
2022,VEGETAÇÃO,C60L63,POINT (-58.859267158999955 -2.649834166999966)
2022,VEGETAÇÃO,C60L63,POINT (-58.854947158999956 -2.5539841669999657)
2022,VEGETAÇÃO,C60L63,POINT (-58.802387158999956 -2.699244166999966)
2022,VEGETAÇÃO,C60L63,POINT (-58.80337715899995 -2.727144166999966)
2022,VEGETAÇÃO,C60L63,POINT (-58.91074715899995 -2.6334541669999663)
2022,VEGETAÇÃO,C60L63,POINT (-58.753157158999954 -2.655774166999966)
2022,VEGETAÇÃO,C60L63,POINT (-58.93108715899995 -2.550294166999966)
2022,VEGETAÇÃO,C60L63,POINT (-58.85179715899996 -2.7263341669999663)
2022,VEGETAÇÃO,C60L63,POINT (-58.96141715899995 -2.702394166999966)
2022,VEGETAÇÃO,C60L63,POINT (-58.999397158999955 -2.590434166999966)
2022,VEGETAÇÃO,C60L63,POINT (-58.846037158999955 -2.6971741669999663)
2022,VEGETAÇÃO,C60L63,POINT (-58.84036715899995 -2.584494166999966)
2022,VEGETAÇÃO,C60L63,POINT (-58.762517158999955 -2.5088041669999663)
2022,VEGETAÇÃO,C60L63,POINT (-58.97887715899995 -2.7417241669999655)
2022,VEGETAÇÃO,C60L63,POINT (-58.81795715899995 -2.5127641669999656)
2022,VEGETAÇÃO,C60L63,POINT (-58.99768715899995 -2.6644141669999657)
2022,VEGETAÇÃO,C60L63,POINT (-58.806347158999955 -2.6555041669999655)
2022,VEGETAÇÃO,C60L63,POINT (-58.798067158999956 -2.693304166999966)
2022,VEGETAÇÃO,C60L63,POINT (-58.97194715899995 -2.5862041669999662)
2022,VEGETAÇÃO,C60L63,POINT (-58.87456715899995 -2.7006841669999657)
2022,VEGETAÇÃO,C60L63,POINT (-58.79005715899996 -2.679534166999966)
2022,VEGETAÇÃO,C60L63,POINT (-58.855037158999956 -2.635434166999966)
2022,VEGETAÇÃO,C60L63,POINT (-58.893377158999954 -2.7000541669999656)
2022,VEGETAÇÃO,C60L63,POINT (-58.920197158999954 -2.5534441669999657)
2022,VEGETAÇÃO,C60L63,POINT (-58.81399715899995 -2.712474166999966)
2022,VEGETAÇÃO,C60L63,POINT (-58.75009715899995 -2.619594166999966)
2022,VEGETAÇÃO,C60L63,POINT (-58.81840715899995 -2.6221141669999657)
2022,VEGETAÇÃO,C60L63,POINT (-58.942517158999955 -2.7446041669999666)
2022,VEGETAÇÃO,C60L63,POINT (-58.982387158999956 -2.5477741669999663)
2022,VEGETAÇÃO,C60L63,POINT (-58.858637158999954 -2.733174166999966)
2022,VEGETAÇÃO,C60L63,POINT (-58.919747158999954 -2.728314166999966)
2022,VEGETAÇÃO,C60L63,POINT (-58.78708715899995 -2.582784166999966)
2022,VEGETAÇÃO,C60L63,POINT (-58.97626715899995 -2.5385941669999657)
2022,VEGETAÇÃO,C60L63,POINT (-58.974017158999956 -2.592774166999966)
2022,VEGETAÇÃO,C60L63,POINT (-58.82623715899995 -2.582694166999966)
2022,VEGETAÇÃO,C60L63,POINT (-58.87510715899995 -2.5846741669999655)
2022,VEGETAÇÃO,C60L63,POINT (-58.75954715899995 -2.692674166999966)
2022,VEGETAÇÃO,C60L63,POINT (-58.924247158999954 -2.634804166999966)
2022,VEGETAÇÃO,C60L63,POINT (-58.780247158999956 -2.6384041669999663)
2022,VEGETAÇÃO,C60L63,POINT (-58.89544715899996 -2.6862841669999655)
2022,VEGETAÇÃO,C60L63,POINT (-58.98553715899995 -2.5955641669999663)
2022,VEGETAÇÃO,C60L63,POINT (-58.78996715899996 -2.501334166999966)
2022,VEGETAÇÃO,C60L63,POINT (-58.907957158999956 -2.7455941669999664)
2022,VEGETAÇÃO,C60L63,POINT (-58.75549715899995 -2.6654041669999655)
2022,VEGETAÇÃO,C60L63,POINT (-58.78321715899995 -2.6961841669999655)
2022,VEGETAÇÃO,C60L63,POINT (-58.929737158999956 -2.7291241669999655)
2022,VEGETAÇÃO,C60L63,POINT (-58.83127715899995 -2.7448741669999652)
2022,VEGETAÇÃO,C60L63,POINT (-58.78105715899996 -2.7165241669999656)
2022,VEGETAÇÃO,C60L63,POINT (-58.79104715899995 -2.6457841669999658)
2022,VEGETAÇÃO,C60L63,POINT (-58.94530715899995 -2.7095041669999658)
2022,VEGETAÇÃO,C60L63,POINT (-58.86655715899995 -2.6545141669999657)
2022,VEGETAÇÃO,C60L63,POINT (-58.90939715899995 -2.733174166999966)
2022,VEGETAÇÃO,C60L63,POINT (-58.833257158999956 -2.695284166999966)
2022,VEGETAÇÃO,C60L63,POINT (-58.827767158999954 -2.5632541669999656)
2022,VEGETAÇÃO,C60L63,POINT (-58.97869715899995 -2.649204166999966)
2022,VEGETAÇÃO,C60L63,POINT (-58.94431715899995 -2.6873641669999655)
2022,VEGETAÇÃO,C60L63,POINT (-58.77448715899995 -2.5757641669999662)
2022,VEGETAÇÃO,C60L63,POINT (-58.78195715899995 -2.712294166999966)
2022,VEGETAÇÃO,C60L63,POINT (-58.995257158999955 -2.506374166999966)
2022,VEGETAÇÃO,C60L63,POINT (-58.95322715899995 -2.6330041669999655)
2022,VEGETAÇÃO,C60L63,POINT (-58.885727158999956 -2.719044166999966)
2022,VEGETAÇÃO,C60L63,POINT (-58.871957158999955 -2.528244166999966)
2022,VEGETAÇÃO,C60L63,POINT (-58.854137158999954 -2.510874166999966)
2022,VEGETAÇÃO,C60L63,POINT (-58.75198715899995 -2.601864166999966)
2022,VEGETAÇÃO,C60L63,POINT (-58.831997158999954 -2.5704541669999657)
2022,VEGETAÇÃO,C60L63,POINT (-58.986707158999955 -2.5197841669999663)
2022,VEGETAÇÃO,C60L63,POINT (-58.94917715899995 -2.5159141669999663)
2022,VEGETAÇÃO,C60L63,POINT (-58.90093715899995 -2.6451541669999656)
2022,VEGETAÇÃO,C60L63,POINT (-58.933157158999954 -2.5507441669999658)
2022,VEGETAÇÃO,C60L63,POINT (-58.779437158999954 -2.708964166999966)
2022,VEGETAÇÃO,C60L63,POINT (-58.94485715899995 -2.6000641669999656)
2022,VEGETAÇÃO,C60L63,POINT (-58.757927158999955 -2.5254541669999657)
2022,VEGETAÇÃO,C60L63,POINT (-58.90399715899996 -2.6194141669999658)
2022,VEGETAÇÃO,C60L63,POINT (-58.981577158999954 -2.5029541669999658)
2022,VEGETAÇÃO,C60L63,POINT (-58.79032715899996 -2.6479441669999657)
2022,VEGETAÇÃO,C60L63,POINT (-58.84270715899996 -2.549124166999966)
2022,VEGETAÇÃO,C60L63,POINT (-58.982297158999955 -2.685924166999966)
2022,VEGETAÇÃO,C60L63,POINT (-58.89265715899995 -2.6330041669999655)
2022,VEGETAÇÃO,C60L63,POINT (-58.766657158999955 -2.645874166999966)
2022,VEGETAÇÃO,C60L63,POINT (-58.86241715899995 -2.5390441669999655)
2022,VEGETAÇÃO,C60L63,POINT (-58.78267715899995 -2.5527241669999663)
2022,VEGETAÇÃO,C60L63,POINT (-58.809947158999954 -2.664504166999966)
2022,VEGETAÇÃO,C60L63,POINT (-58.89688715899995 -2.503134166999966)
2022,VEGETAÇÃO,C60L63,POINT (-58.94521715899995 -2.729304166999966)
2022,VEGETAÇÃO,C60L63,POINT (-58.87564715899995 -2.653524166999966)
2022,VEGETAÇÃO,C60L63,POINT (-58.81831715899995 -2.6548741669999663)
2022,VEGETAÇÃO,C60L63,POINT (-58.850267158999955 -2.716254166999966)
2022,VEGETAÇÃO,C60L63,POINT (-58.76800715899995 -2.689254166999966)
2022,VEGETAÇÃO,C60L63,POINT (-58.98112715899995 -2.5249141669999657)
2022,VEGETAÇÃO,C60L63,POINT (-58.753247158999955 -2.5433641669999663)
2022,VEGETAÇÃO,C60L63,POINT (-58.87105715899995 -2.7393841669999652)
2022,VEGETAÇÃO,C60L63,POINT (-58.98319715899996 -2.6658541669999662)
2022,VEGETAÇÃO,C60L63,POINT (-58.767017158999955 -2.555154166999966)
2022,VEGETAÇÃO,C60L63,POINT (-58.977797158999955 -2.6743141669999657)
2022,VEGETAÇÃO,C60L63,POINT (-58.880597158999954 -2.5715341669999656)
2022,VEGETAÇÃO,C60L63,POINT (-58.83010715899995 -2.6320141669999657)
2022,VEGETAÇÃO,C60L63,POINT (-58.93081715899996 -2.6439841669999655)
2022,VEGETAÇÃO,C60L63,POINT (-58.94314715899995 -2.6374141669999656)
2022,VEGETAÇÃO,C60L63,POINT (-58.94062715899995 -2.665764166999966)
2022,VEGETAÇÃO,C60L63,POINT (-58.793207158999955 -2.7131041669999663)
2022,VEGETAÇÃO,C60L63,POINT (-58.956197158999956 -2.7086941669999662)
2022,VEGETAÇÃO,C60L63,POINT (-58.806887158999956 -2.552004166999966)
2022,VEGETAÇÃO,C60L63,POINT (-58.98481715899995 -2.5702741669999662)
2022,VEGETAÇÃO,C60L63,POINT (-58.94503715899995 -2.581614166999966)
2022,VEGETAÇÃO,C60L63,POINT (-58.841987158999956 -2.7411841669999664)
2022,VEGETAÇÃO,C60L63,POINT (-58.97896715899995 -2.510694166999966)
2022,VEGETAÇÃO,C60L63,POINT (-58.770887158999955 -2.597634166999966)
2022,VEGETAÇÃO,C60L63,POINT (-58.83505715899995 -2.5412041669999663)
2022,VEGETAÇÃO,C60L63,POINT (-58.91479715899995 -2.7208441669999663)
2022,VEGETAÇÃO,C60L63,POINT (-58.924787158999955 -2.528424166999966)
2022,VEGETAÇÃO,C60L63,POINT (-58.96303715899995 -2.576844166999966)
2022,VEGETAÇÃO,C60L63,POINT (-58.840997158999954 -2.596554166999966)
2022,VEGETAÇÃO,C60L63,POINT (-58.93531715899995 -2.6872741669999662)
2022,VEGETAÇÃO,C60L63,POINT (-58.969247158999956 -2.733804166999965)
2022,VEGETAÇÃO,C60L63,POINT (-58.93549715899995 -2.6856541669999663)
2022,VEGETAÇÃO,C60L63,POINT (-58.810937158999955 -2.6210341669999657)
2022,VEGETAÇÃO,C60L63,POINT (-58.929287158999955 -2.5279741669999662)
2022,VEGETAÇÃO,C60L63,POINT (-58.959797158999955 -2.587284166999966)
2022,VEGETAÇÃO,C60L63,POINT (-58.76341715899996 -2.577744166999966)
2022,VEGETAÇÃO,C60L63,POINT (-58.82488715899996 -2.6664841669999655)
2022,VEGETAÇÃO,C60L63,POINT (-58.79401715899995 -2.571894166999966)
2022,VEGETAÇÃO,C60L63,POINT (-58.911017158999954 -2.7352441669999656)
2022,VEGETAÇÃO,C60L63,POINT (-58.968437158999954 -2.5160041669999655)
2022,VEGETAÇÃO,C60L63,POINT (-58.93567715899995 -2.515734166999966)
2022,VEGETAÇÃO,C60L63,POINT (-58.982387158999956 -2.7446041669999666)
2022,VEGETAÇÃO,C60L63,POINT (-58.76404715899996 -2.519604166999966)
2022,VEGETAÇÃO,C60L63,POINT (-58.96348715899995 -2.5434541669999655)
2022,VEGETAÇÃO,C60L63,POINT (-58.80454715899995 -2.6764741669999657)
2022,VEGETAÇÃO,C60L63,POINT (-58.81804715899995 -2.6285941669999655)
2022,VEGETAÇÃO,C60L63,POINT (-58.89742715899995 -2.7330841669999657)
2022,VEGETAÇÃO,C60L63,POINT (-58.80337715899995 -2.5962841669999657)
2022,VEGETAÇÃO,C60L63,POINT (-58.90183715899995 -2.679534166999966)
2022,VEGETAÇÃO,C60L63,POINT (-58.956557158999956 -2.5450741669999655)
2022,VEGETAÇÃO,C60L63,POINT (-58.96636715899995 -2.588904166999966)
2022,VEGETAÇÃO,C60L63,POINT (-58.81840715899995 -2.5390441669999655)
2022,VEGETAÇÃO,C60L63,POINT (-58.90597715899995 -2.5402141669999656)
2022,VEGETAÇÃO,C60L63,POINT (-58.93936715899996 -2.656494166999966)
2022,VEGETAÇÃO,C60L63,POINT (-58.79455715899995 -2.501874166999966)
2022,VEGETAÇÃO,C60L63,POINT (-58.95799715899995 -2.5781041669999656)
2022,VEGETAÇÃO,C60L63,POINT (-58.94062715899995 -2.598174166999966)
2022,VEGETAÇÃO,C60L63,POINT (-58.79500715899995 -2.5249141669999657)
2022,VEGETAÇÃO,C60L63,POINT (-58.93171715899995 -2.590884166999966)
2022,VEGETAÇÃO,C60L63,POINT (-58.87771715899996 -2.6406541669999655)
2022,VEGETAÇÃO,C60L63,POINT (-58.81813715899995 -2.614194166999966)
2022,VEGETAÇÃO,C60L63,POINT (-58.78978715899996 -2.7400141669999662)
2022,VEGETAÇÃO,C60L63,POINT (-58.76026715899995 -2.582334166999966)
2022,VEGETAÇÃO,C60L63,POINT (-58.994717158999954 -2.740824166999966)
2022,VEGETAÇÃO,C60L63,POINT (-58.924697158999955 -2.5198741669999656)
2022,VEGETAÇÃO,C60L63,POINT (-58.902467158999954 -2.534454166999966)
2022,VEGETAÇÃO,C60L63,POINT (-58.76494715899995 -2.646414166999966)
2022,VEGETAÇÃO,C60L63,POINT (-58.875827158999954 -2.6719741669999655)
2022,VEGETAÇÃO,C60L63,POINT (-58.875737158999954 -2.574954166999966)
2022,VEGETAÇÃO,C60L63,POINT (-58.766747158999955 -2.567394166999966)
2022,VEGETAÇÃO,C60L63,POINT (-58.929917158999956 -2.6231941669999657)
2022,VEGETAÇÃO,C60L63,POINT (-58.75081715899995 -2.697444166999966)
2022,VEGETAÇÃO,C60L63,POINT (-58.84342715899995 -2.6748541669999657)
2022,VEGETAÇÃO,C60L63,POINT (-58.894367158999955 -2.5077241669999655)
2022,VEGETAÇÃO,C60L63,POINT (-58.91335715899996 -2.6922241669999663)
2022,VEGETAÇÃO,C60L63,POINT (-58.849547158999954 -2.5687441669999656)
2022,VEGETAÇÃO,C60L63,POINT (-58.87060715899995 -2.6682841669999657)
2022,VEGETAÇÃO,C60L63,POINT (-58.91353715899995 -2.636064166999966)
2022,VEGETAÇÃO,C60L63,POINT (-58.837397158999956 -2.7093241669999655)
2022,VEGETAÇÃO,C60L63,POINT (-58.942427158999955 -2.5709041669999655)
2022,VEGETAÇÃO,C60L63,POINT (-58.810667158999955 -2.597004166999966)
2022,VEGETAÇÃO,C60L63,POINT (-58.76332715899996 -2.703024166999966)
2022,VEGETAÇÃO,C60L63,POINT (-58.872047158999955 -2.6973541669999657)
2022,VEGETAÇÃO,C60L63,POINT (-58.850357158999955 -2.668374166999966)
2022,VEGETAÇÃO,C60L63,POINT (-58.942337158999955 -2.5461541669999663)
2022,VEGETAÇÃO,C60L63,POINT (-58.90435715899996 -2.606814166999966)
2022,VEGETAÇÃO,C60L63,POINT (-58.863947158999956 -2.5241941669999663)
2022,VEGETAÇÃO,C60L63,POINT (-58.868087158999955 -2.5143841669999656)
2022,VEGETAÇÃO,C60L63,POINT (-58.876637158999955 -2.6380441669999657)
2022,VEGETAÇÃO,C60L63,POINT (-58.93252715899995 -2.514744166999966)
2022,VEGETAÇÃO,C60L63,POINT (-58.937387158999954 -2.629494166999966)
2022,VEGETAÇÃO,C60L63,POINT (-58.90948715899995 -2.639844166999966)
2022,VEGETAÇÃO,C60L63,POINT (-58.81615715899996 -2.529414166999966)
2022,VEGETAÇÃO,C60L63,POINT (-58.947737158999956 -2.588364166999966)
2022,VEGETAÇÃO,C60L63,POINT (-58.77772715899995 -2.7401041669999664)
2022,VEGETAÇÃO,C60L63,POINT (-58.80256715899995 -2.7045541669999658)
2022,VEGETAÇÃO,C60L63,POINT (-58.86070715899996 -2.7435241669999666)
2022,VEGETAÇÃO,C60L63,POINT (-58.76512715899995 -2.653164166999966)
2022,VEGETAÇÃO,C60L63,POINT (-58.89940715899995 -2.667294166999966)
2022,VEGETAÇÃO,C60L63,POINT (-58.903727158999956 -2.7148141669999664)
2022,VEGETAÇÃO,C60L63,POINT (-58.83451715899995 -2.5737841669999657)
2022,VEGETAÇÃO,C60L63,POINT (-58.941887158999954 -2.625534166999966)
2022,VEGETAÇÃO,C60L63,POINT (-58.93081715899996 -2.6886241669999658)
2022,VEGETAÇÃO,C60L63,POINT (-58.828847158999956 -2.6528041669999656)
2022,VEGETAÇÃO,C60L63,POINT (-58.967987158999954 -2.5422841669999663)
2022,VEGETAÇÃO,C60L63,POINT (-58.824437158999956 -2.6957341669999657)
2022,VEGETAÇÃO,C60L63,POINT (-58.83379715899996 -2.707344166999966)
2022,VEGETAÇÃO,C60L63,POINT (-58.95691715899996 -2.556954166999966)
2022,VEGETAÇÃO,C60L63,POINT (-58.82209715899995 -2.5896241669999656)
2022,VEGETAÇÃO,C60L63,POINT (-58.83442715899995 -2.705274166999966)
2022,VEGETAÇÃO,C60L63,POINT (-58.88302715899995 -2.502054166999966)
2022,VEGETAÇÃO,C60L63,POINT (-58.889777158999955 -2.5183441669999658)
2022,VEGETAÇÃO,C60L63,POINT (-58.76458715899995 -2.5522741669999656)
2022,VEGETAÇÃO,C60L63,POINT (-58.858817158999955 -2.587104166999966)
2022,VEGETAÇÃO,C60L63,POINT (-58.92235715899995 -2.533374166999966)
2022,VEGETAÇÃO,C60L63,POINT (-58.854497158999955 -2.5268941669999663)
2022,VEGETAÇÃO,C60L63,POINT (-58.889057158999954 -2.6589241669999657)
2022,VEGETAÇÃO,C60L63,POINT (-58.90939715899995 -2.560824166999966)
2022,VEGETAÇÃO,C60L63,POINT (-58.82101715899995 -2.581614166999966)
2022,VEGETAÇÃO,C60L63,POINT (-58.91344715899996 -2.6896141669999656)
2022,VEGETAÇÃO,C60L63,POINT (-58.894547158999956 -2.6830441669999656)
2022,VEGETAÇÃO,C60L63,POINT (-58.85566715899995 -2.7094141669999656)
2022,VEGETAÇÃO,C60L63,POINT (-58.774937158999954 -2.5054741669999663)
2022,VEGETAÇÃO,C60L63,POINT (-58.981667158999954 -2.521224166999966)
2022,VEGETAÇÃO,C60L63,POINT (-58.903277158999956 -2.7391141669999666)
2022,VEGETAÇÃO,C60L63,POINT (-58.92172715899996 -2.5160941669999657)
2022,VEGETAÇÃO,C60L63,POINT (-58.946027158999954 -2.698074166999966)
2022,VEGETAÇÃO,C60L63,POINT (-58.88203715899995 -2.616894166999966)
2022,VEGETAÇÃO,C60L63,POINT (-58.79383715899995 -2.734974166999965)
2022,VEGETAÇÃO,C60L63,POINT (-58.80022715899995 -2.616714166999966)
2022,VEGETAÇÃO,C60L63,POINT (-58.88347715899995 -2.5011541669999655)
2022,VEGETAÇÃO,C60L63,POINT (-58.80805715899995 -2.510784166999966)
2022,VEGETAÇÃO,C60L63,POINT (-58.87501715899995 -2.721654166999966)
2022,VEGETAÇÃO,C60L63,POINT (-58.79536715899995 -2.634264166999966)
2022,VEGETAÇÃO,C60L63,POINT (-58.86556715899995 -2.626704166999966)
2022,VEGETAÇÃO,C60L63,POINT (-58.99219715899996 -2.709774166999966)
2022,VEGETAÇÃO,C60L63,POINT (-58.91416715899995 -2.6268841669999663)
2022,VEGETAÇÃO,C60L63,POINT (-58.81633715899996 -2.7076141669999663)
2022,VEGETAÇÃO,C60L63,POINT (-58.80076715899995 -2.5351741669999663)
2022,VEGETAÇÃO,C60L63,POINT (-58.789157158999956 -2.6208541669999663)
2022,VEGETAÇÃO,C60L63,POINT (-58.798247158999956 -2.7158941669999663)
2022,VEGETAÇÃO,C60L63,POINT (-58.90120715899995 -2.554794166999966)
2022,VEGETAÇÃO,C60L63,POINT (-58.977617158999955 -2.7306541669999653)
2022,VEGETAÇÃO,C60L63,POINT (-58.76926715899995 -2.5263541669999663)
2022,VEGETAÇÃO,C60L63,POINT (-58.86187715899995 -2.7141841669999662)
2022,VEGETAÇÃO,C60L63,POINT (-58.80391715899995 -2.6647741669999663)
2022,VEGETAÇÃO,C60L63,POINT (-58.94386715899995 -2.5831441669999657)
2022,VEGETAÇÃO,C60L63,POINT (-58.99660715899995 -2.677374166999966)
2022,VEGETAÇÃO,C60L63,POINT (-58.991297158999956 -2.650824166999966)
2022,VEGETAÇÃO,C60L63,POINT (-58.950527158999954 -2.568924166999966)
2022,VEGETAÇÃO,C60L63,POINT (-58.95232715899995 -2.6533441669999656)
2022,VEGETAÇÃO,C60L63,POINT (-58.81759715899995 -2.546964166999966)
2022,VEGETAÇÃO,C60L63,POINT (-58.788437158999955 -2.7473941669999657)
2022,VEGETAÇÃO,C60L63,POINT (-58.928657158999954 -2.5220341669999655)
2022,VEGETAÇÃO,C60L63,POINT (-58.942067158999954 -2.6968141669999657)
2022,VEGETAÇÃO,C60L63,POINT (-58.81273715899995 -2.6357941669999656)
2022,VEGETAÇÃO,C60L63,POINT (-58.99750715899995 -2.5961041669999663)
2022,VEGETAÇÃO,C60L63,POINT (-58.89058715899995 -2.680614166999966)
2022,VEGETAÇÃO,C60L63,POINT (-58.83469715899995 -2.734974166999965)
2022,VEGETAÇÃO,C60L63,POINT (-58.77259715899996 -2.622204166999966)
2022,VEGETAÇÃO,C60L63,POINT (-58.991027158999955 -2.621304166999966)
2022,VEGETAÇÃO,C60L63,POINT (-58.784117158999955 -2.7495541669999657)
2022,VEGETAÇÃO,C60L63,POINT (-58.80958715899995 -2.5395841669999655)
2022,VEGETAÇÃO,C60L63,POINT (-58.902287158999954 -2.7425341669999668)
2022,VEGETAÇÃO,C60L63,POINT (-58.89724715899995 -2.6841241669999656)
2022,VEGETAÇÃO,C60L63,POINT (-58.82263715899995 -2.6138341669999656)
2022,VEGETAÇÃO,C60L63,POINT (-58.805447158999954 -2.7081541669999663)
2022,VEGETAÇÃO,C60L63,POINT (-58.797437158999955 -2.701944166999966)
2022,VEGETAÇÃO,C60L63,POINT (-58.832807158999955 -2.630034166999966)
2022,VEGETAÇÃO,C60L63,POINT (-58.97158715899995 -2.671794166999966)
2022,VEGETAÇÃO,C60L63,POINT (-58.766297158999954 -2.6858341669999657)
2022,VEGETAÇÃO,C60L63,POINT (-58.955927158999955 -2.6312941669999663)
2022,VEGETAÇÃO,C60L63,POINT (-58.75549715899995 -2.609694166999966)
2022,VEGETAÇÃO,C60L63,POINT (-58.76881715899995 -2.6934841669999656)
2022,VEGETAÇÃO,C60L63,POINT (-58.77781715899995 -2.7153541669999663)
2022,VEGETAÇÃO,C60L63,POINT (-58.757567158999954 -2.674044166999966)
2022,VEGETAÇÃO,C60L63,POINT (-58.85233715899995 -2.6862841669999655)
2022,VEGETAÇÃO,C60L63,POINT (-58.90183715899995 -2.723454166999966)
2022,VEGETAÇÃO,C60L63,POINT (-58.87321715899995 -2.548134166999966)
2022,VEGETAÇÃO,C60L63,POINT (-58.93567715899995 -2.6977141669999662)
2022,VEGETAÇÃO,C60L63,POINT (-58.80850715899995 -2.7231841669999657)
2022,VEGETAÇÃO,C60L63,POINT (-58.89211715899995 -2.5940341669999656)
2022,VEGETAÇÃO,C60L63,POINT (-58.86574715899995 -2.631564166999966)
2022,VEGETAÇÃO,C60L63,POINT (-58.96132715899995 -2.6797141669999656)
2022,VEGETAÇÃO,C60L63,POINT (-58.84702715899995 -2.525634166999966)
2022,VEGETAÇÃO,C60L63,POINT (-58.90570715899995 -2.5714441669999655)
2022,VEGETAÇÃO,C60L63,POINT (-58.789157158999956 -2.741094166999966)
2022,VEGETAÇÃO,C60L63,POINT (-58.79176715899995 -2.6451541669999656)
2022,VEGETAÇÃO,C60L63,POINT (-58.942067158999954 -2.628954166999966)
2022,VEGETAÇÃO,C60L63,POINT (-58.80292715899995 -2.6675641669999663)
2022,VEGETAÇÃO,C60L63,POINT (-58.819217158999955 -2.530674166999966)
2022,VEGETAÇÃO,C60L63,POINT (-58.930097158999956 -2.6999641669999663)
2022,VEGETAÇÃO,C60L63,POINT (-58.93513715899995 -2.583954166999966)
2022,VEGETAÇÃO,C60L63,POINT (-58.90039715899995 -2.5313941669999656)
2022,VEGETAÇÃO,C60L63,POINT (-58.78645715899995 -2.637054166999966)
2022,VEGETAÇÃO,C60L63,POINT (-58.80337715899995 -2.7279541669999663)
2022,VEGETAÇÃO,C60L63,POINT (-58.84018715899995 -2.5907941669999657)
2022,VEGETAÇÃO,C60L63,POINT (-58.82218715899995 -2.701944166999966)
2022,VEGETAÇÃO,C60L63,POINT (-58.82137715899995 -2.6159041669999663)
2022,VEGETAÇÃO,C60L63,POINT (-58.947287158999956 -2.6736841669999656)
2022,VEGETAÇÃO,C60L63,POINT (-58.93675715899995 -2.7098641669999664)
2022,VEGETAÇÃO,C60L63,POINT (-58.91074715899995 -2.702574166999966)
2022,VEGETAÇÃO,C60L63,POINT (-58.937387158999954 -2.5511041669999663)
2022,VEGETAÇÃO,C60L63,POINT (-58.77790715899995 -2.675664166999966)
2022,VEGETAÇÃO,C60L63,POINT (-58.82227715899995 -2.508084166999966)
2022,VEGETAÇÃO,C60L63,POINT (-58.788617158999955 -2.6593741669999655)
2022,VEGETAÇÃO,C60L63,POINT (-58.79482715899995 -2.653164166999966)
2022,VEGETAÇÃO,C60L63,POINT (-58.94521715899995 -2.7440641669999657)
2022,VEGETAÇÃO,C60L63,POINT (-58.933787158999955 -2.6379541669999655)
2022,VEGETAÇÃO,C60L63,POINT (-58.788347158999954 -2.7494641669999655)
2022,VEGETAÇÃO,C60L63,POINT (-58.99417715899995 -2.543724166999966)
2022,VEGETAÇÃO,C60L63,POINT (-58.95826715899995 -2.539224166999966)
2022,VEGETAÇÃO,C60L63,POINT (-58.86484715899995 -2.588724166999966)
2022,VEGETAÇÃO,C60L63,POINT (-58.963757158999954 -2.639214166999966)
2022,VEGETAÇÃO,C60L63,POINT (-58.86628715899995 -2.5347241669999656)
2022,VEGETAÇÃO,C60L63,POINT (-58.94566715899995 -2.5737841669999657)
2022,VEGETAÇÃO,C60L63,POINT (-58.88770715899995 -2.7295741669999662)
2022,VEGETAÇÃO,C60L63,POINT (-58.85530715899995 -2.6885341669999656)
2022,VEGETAÇÃO,C60L63,POINT (-58.903817158999956 -2.721114166999966)
2022,VEGETAÇÃO,C60L63,POINT (-58.83838715899995 -2.5845841669999663)
2022,VEGETAÇÃO,C60L63,POINT (-58.78564715899995 -2.566314166999966)
2022,VEGETAÇÃO,C60L63,POINT (-58.823087158999954 -2.615184166999966)
2022,VEGETAÇÃO,C60L63,POINT (-58.788617158999955 -2.647044166999966)
2022,VEGETAÇÃO,C60L63,POINT (-58.93126715899995 -2.6309341669999657)
2022,VEGETAÇÃO,C60L63,POINT (-58.888967158999954 -2.6479441669999657)
2022,VEGETAÇÃO,C60L63,POINT (-58.78762715899995 -2.6198641669999656)
2022,VEGETAÇÃO,C60L63,POINT (-58.85647715899995 -2.6319241669999656)
2022,VEGETAÇÃO,C60L63,POINT (-58.75468715899996 -2.559204166999966)
2022,VEGETAÇÃO,C60L63,POINT (-58.88626715899996 -2.664594166999966)
2022,VEGETAÇÃO,C60L63,POINT (-58.87492715899995 -2.6941141669999658)
2022,VEGETAÇÃO,C60L63,POINT (-58.893467158999954 -2.550384166999966)
2022,VEGETAÇÃO,C60L63,POINT (-58.819577158999955 -2.674494166999966)
2022,VEGETAÇÃO,C60L63,POINT (-58.90102715899995 -2.5549741669999655)
2022,VEGETAÇÃO,C60L63,POINT (-58.76566715899995 -2.6054641669999663)
2022,VEGETAÇÃO,C60L63,POINT (-58.76080715899995 -2.575584166999966)
2022,VEGETAÇÃO,C60L63,POINT (-58.950977158999954 -2.7394741669999654)
2022,VEGETAÇÃO,C60L63,POINT (-58.80373715899995 -2.5023241669999656)
2022,VEGETAÇÃO,C60L63,POINT (-58.775747158999955 -2.653164166999966)
2022,VEGETAÇÃO,C60L63,POINT (-58.91785715899995 -2.738664166999966)
2022,VEGETAÇÃO,C60L63,POINT (-58.91686715899995 -2.5126741669999655)
2022,VEGETAÇÃO,C60L63,POINT (-58.792757158999954 -2.624004166999966)
2022,VEGETAÇÃO,C60L63,POINT (-58.766207158999954 -2.5094341669999656)
2022,VEGETAÇÃO,C60L63,POINT (-58.75054715899995 -2.5615441669999663)
2022,VEGETAÇÃO,C60L63,POINT (-58.76395715899996 -2.633184166999966)
2022,VEGETAÇÃO,C60L63,POINT (-58.84477715899995 -2.5962841669999657)
2022,VEGETAÇÃO,C60L63,POINT (-58.819847158999956 -2.7329941669999656)
2022,VEGETAÇÃO,C60L63,POINT (-58.88203715899995 -2.5232041669999656)
2022,VEGETAÇÃO,C60L63,POINT (-58.96222715899995 -2.596014166999966)
2022,VEGETAÇÃO,C60L63,POINT (-58.76962715899995 -2.657934166999966)
2022,VEGETAÇÃO,C60L63,POINT (-58.836677158999954 -2.5709041669999655)
2022,VEGETAÇÃO,C60L63,POINT (-58.77682715899995 -2.699784166999966)
2022,VEGETAÇÃO,C60L63,POINT (-58.85539715899995 -2.543814166999966)
2022,VEGETAÇÃO,C60L63,POINT (-58.97059715899995 -2.6051041669999657)
2022,VEGETAÇÃO,C60L63,POINT (-58.787897158999954 -2.5308541669999656)
2022,VEGETAÇÃO,C60L63,POINT (-58.789067158999956 -2.5988941669999663)
2022,VEGETAÇÃO,C60L63,POINT (-58.93126715899995 -2.7209341669999656)
2022,VEGETAÇÃO,C60L63,POINT (-58.94314715899995 -2.642094166999966)
2022,VEGETAÇÃO,C60L63,POINT (-58.79401715899995 -2.704734166999966)
2022,VEGETAÇÃO,C60L63,POINT (-58.90849715899995 -2.578284166999966)
2022,VEGETAÇÃO,C60L63,POINT (-58.824707158999956 -2.5304041669999657)
2022,VEGETAÇÃO,C60L63,POINT (-58.84783715899995 -2.6419141669999657)
2022,VEGETAÇÃO,C60L63,POINT (-58.849907158999955 -2.5578541669999657)
2022,VEGETAÇÃO,C60L63,POINT (-58.80976715899995 -2.5154641669999656)
2022,VEGETAÇÃO,C60L63,POINT (-58.942967158999956 -2.653074166999966)
2022,VEGETAÇÃO,C60L63,POINT (-58.999577158999955 -2.7045541669999658)
2022,VEGETAÇÃO,C60L63,POINT (-58.79941715899995 -2.6199541669999658)
2022,VEGETAÇÃO,C60L63,POINT (-58.99669715899995 -2.7061741669999657)
2022,VEGETAÇÃO,C60L63,POINT (-58.995077158999955 -2.674494166999966)
2022,VEGETAÇÃO,C60L63,POINT (-58.75486715899996 -2.6070841669999663)
2022,VEGETAÇÃO,C60L63,POINT (-58.793477158999956 -2.6951041669999656)
2022,VEGETAÇÃO,C60L63,POINT (-58.964207158999955 -2.5862941669999655)
2022,VEGETAÇÃO,C60L63,POINT (-58.867547158999955 -2.7040141669999658)
2022,VEGETAÇÃO,C60L63,POINT (-58.92226715899995 -2.5512841669999657)
2022,VEGETAÇÃO,C60L63,POINT (-58.93117715899995 -2.732724166999965)
2022,VEGETAÇÃO,C60L63,POINT (-58.82479715899996 -2.5647841669999663)
2022,VEGETAÇÃO,C60L63,POINT (-58.98328715899996 -2.724894166999966)
2022,VEGETAÇÃO,C60L63,POINT (-58.96240715899995 -2.6357941669999656)
2022,VEGETAÇÃO,C60L63,POINT (-58.959437158999954 -2.5120441669999662)
2022,VEGETAÇÃO,C60L63,POINT (-58.98364715899996 -2.590884166999966)
2022,VEGETAÇÃO,C60L63,POINT (-58.78240715899995 -2.638764166999966)
2022,VEGETAÇÃO,C60L63,POINT (-58.775657158999955 -2.6105941669999657)
2022,VEGETAÇÃO,C60L63,POINT (-58.942607158999955 -2.5725241669999663)
2022,VEGETAÇÃO,C60L63,POINT (-58.76818715899995 -2.599344166999966)
2022,VEGETAÇÃO,C60L63,POINT (-58.946747158999955 -2.542014166999966)
2022,VEGETAÇÃO,C60L63,POINT (-58.806617158999956 -2.7418141669999656)
2022,VEGETAÇÃO,C60L63,POINT (-58.784207158999955 -2.7175141669999663)
2022,VEGETAÇÃO,C60L63,POINT (-58.93126715899995 -2.691414166999966)
2022,VEGETAÇÃO,C60L63,POINT (-58.906967158999954 -2.6411941669999663)
2022,VEGETAÇÃO,C60L63,POINT (-58.96267715899995 -2.500434166999966)
2022,VEGETAÇÃO,C60L63,POINT (-58.828307158999955 -2.6817841669999662)
2022,VEGETAÇÃO,C60L63,POINT (-58.76062715899995 -2.659014166999966)
2022,VEGETAÇÃO,C60L63,POINT (-58.955207158999954 -2.5457941669999657)
2022,VEGETAÇÃO,C60L63,POINT (-58.79491715899995 -2.513574166999966)
2022,VEGETAÇÃO,C60L63,POINT (-58.934237158999956 -2.740374166999965)
2022,VEGETAÇÃO,C60L63,POINT (-58.81237715899995 -2.671704166999966)
2022,VEGETAÇÃO,C60L63,POINT (-58.78285715899995 -2.6364241669999657)
2022,VEGETAÇÃO,C60L63,POINT (-58.98742715899995 -2.6275141669999655)
2022,VEGETAÇÃO,C60L63,POINT (-58.93522715899995 -2.560194166999966)
2022,VEGETAÇÃO,C60L63,POINT (-58.766657158999955 -2.614104166999966)
2022,VEGETAÇÃO,C60L63,POINT (-58.86538715899995 -2.5727041669999657)
2022,VEGETAÇÃO,C60L63,POINT (-58.933517158999955 -2.5906141669999663)
2022,VEGETAÇÃO,C60L63,POINT (-58.75576715899995 -2.585934166999966)
2022,VEGETAÇÃO,C60L63,POINT (-58.783937158999954 -2.6417341669999663)
2022,VEGETAÇÃO,C60L63,POINT (-58.81156715899995 -2.5433641669999663)
2022,VEGETAÇÃO,C60L63,POINT (-58.91461715899995 -2.5286941669999656)
2022,VEGETAÇÃO,C60L63,POINT (-58.99372715899995 -2.595294166999966)
2022,VEGETAÇÃO,C60L63,POINT (-58.88311715899995 -2.7006841669999657)
2022,VEGETAÇÃO,C60L63,POINT (-58.76566715899995 -2.525184166999966)
2022,VEGETAÇÃO,C60L63,POINT (-58.788617158999955 -2.7033841669999656)
2022,VEGETAÇÃO,C60L63,POINT (-58.779077158999954 -2.5336441669999656)
2022,VEGETAÇÃO,C60L63,POINT (-58.823267158999954 -2.564154166999966)
2022,VEGETAÇÃO,C60L63,POINT (-58.859897158999956 -2.632644166999966)
2022,VEGETAÇÃO,C60L63,POINT (-58.92181715899996 -2.518524166999966)
2022,VEGETAÇÃO,C60L63,POINT (-58.920827158999955 -2.5225741669999655)
2022,VEGETAÇÃO,C60L63,POINT (-58.93513715899995 -2.5340941669999655)
2022,VEGETAÇÃO,C60L63,POINT (-58.92730715899995 -2.563614166999966)
2022,VEGETAÇÃO,C60L63,POINT (-58.90579715899995 -2.6763841669999655)
2022,VEGETAÇÃO,C60L63,POINT (-58.841987158999956 -2.6098741669999663)
2022,VEGETAÇÃO,C60L63,POINT (-58.89310715899995 -2.6298541669999658)
2022,VEGETAÇÃO,C60L63,POINT (-58.94827715899996 -2.552004166999966)
2022,VEGETAÇÃO,C60L63,POINT (-58.98022715899995 -2.5010641669999663)
2022,VEGETAÇÃO,C60L63,POINT (-58.85647715899995 -2.6055541669999656)
2022,VEGETAÇÃO,C60L63,POINT (-58.96537715899996 -2.726154166999966)
2022,VEGETAÇÃO,C60L63,POINT (-58.96699715899995 -2.596374166999966)
2022,VEGETAÇÃO,C60L63,POINT (-58.76971715899995 -2.6155441669999657)
2022,VEGETAÇÃO,C60L63,POINT (-58.98526715899995 -2.565144166999966)
2022,VEGETAÇÃO,C60L63,POINT (-58.885997158999956 -2.698074166999966)
2022,VEGETAÇÃO,C60L63,POINT (-58.999487158999955 -2.737584166999966)
2022,VEGETAÇÃO,C60L63,POINT (-58.82515715899996 -2.6072641669999657)
2022,VEGETAÇÃO,C60L63,POINT (-58.850717158999956 -2.7438841669999654)
2022,VEGETAÇÃO,C60L63,POINT (-58.82632715899995 -2.746494166999966)
2022,VEGETAÇÃO,C60L63,POINT (-58.90192715899995 -2.5352641669999656)
2022,VEGETAÇÃO,C60L63,POINT (-58.78276715899995 -2.5199641669999657)
2022,VEGETAÇÃO,C60L63,POINT (-58.845137158999954 -2.5456141669999663)
2022,VEGETAÇÃO,C60L63,POINT (-58.919837158999954 -2.6803441669999657)
2022,VEGETAÇÃO,C60L63,POINT (-58.99300715899995 -2.5467841669999656)
2022,VEGETAÇÃO,C60L63,POINT (-58.885547158999955 -2.5885441669999656)
2022,VEGETAÇÃO,C60L63,POINT (-58.93630715899995 -2.527254166999966)
2022,VEGETAÇÃO,C60L63,POINT (-58.83028715899995 -2.7114841669999663)
2022,VEGETAÇÃO,C60L63,POINT (-58.929647158999956 -2.673324166999966)
2022,VEGETAÇÃO,C60L63,POINT (-58.87456715899995 -2.6714341669999655)
2022,VEGETAÇÃO,C60L63,POINT (-58.77250715899996 -2.6537941669999663)
2022,VEGETAÇÃO,C60L63,POINT (-58.78654715899995 -2.594304166999966)
2022,VEGETAÇÃO,C60L63,POINT (-58.81327715899995 -2.5456141669999663)
2022,VEGETAÇÃO,C60L63,POINT (-58.83766715899995 -2.6478541669999656)
2022,VEGETAÇÃO,C60L63,POINT (-58.76782715899995 -2.683224166999966)
2022,VEGETAÇÃO,C60L63,POINT (-58.89751715899995 -2.5499341669999662)
2022,VEGETAÇÃO,C60L63,POINT (-58.806347158999955 -2.5851241669999663)
2022,VEGETAÇÃO,C60L63,POINT (-58.77349715899995 -2.595924166999966)
2022,VEGETAÇÃO,C60L63,POINT (-58.80085715899995 -2.597454166999966)
2022,VEGETAÇÃO,C60L63,POINT (-58.89229715899995 -2.700954166999966)
2022,VEGETAÇÃO,C60L63,POINT (-58.776017158999956 -2.5897141669999657)
2022,VEGETAÇÃO,C60L63,POINT (-58.89760715899995 -2.546064166999966)
2022,VEGETAÇÃO,C60L63,POINT (-58.81777715899995 -2.7246241669999662)
2022,VEGETAÇÃO,C60L63,POINT (-58.76575715899995 -2.693034166999966)
2022,VEGETAÇÃO,C60L63,POINT (-58.91740715899995 -2.6999641669999663)
2022,VEGETAÇÃO,C60L63,POINT (-58.81129715899995 -2.7054541669999663)
2022,VEGETAÇÃO,C60L63,POINT (-58.97464715899996 -2.681694166999966)
2022,VEGETAÇÃO,C60L63,POINT (-58.80850715899995 -2.7457741669999667)
2022,VEGETAÇÃO,C60L63,POINT (-58.942427158999955 -2.729484166999966)
2022,VEGETAÇÃO,C60L63,POINT (-58.86007715899996 -2.573424166999966)
2022,VEGETAÇÃO,C60L63,POINT (-58.91002715899995 -2.6402041669999656)
2022,VEGETAÇÃO,C60L63,POINT (-58.84000715899995 -2.7372241669999653)
2022,VEGETAÇÃO,C60L63,POINT (-58.99714715899995 -2.7141841669999662)
2022,VEGETAÇÃO,C60L63,POINT (-58.95385715899995 -2.6988841669999655)
2022,VEGETAÇÃO,C60L63,POINT (-58.91263715899996 -2.563974166999966)
2022,VEGETAÇÃO,C60L63,POINT (-58.86871715899996 -2.627334166999966)
2022,VEGETAÇÃO,C60L63,POINT (-58.78600715899995 -2.739924166999966)
2022,VEGETAÇÃO,C60L63,POINT (-58.982567158999956 -2.522754166999966)
2022,VEGETAÇÃO,C60L63,POINT (-58.766117158999954 -2.5807141669999663)
2022,VEGETAÇÃO,C60L63,POINT (-58.80814715899995 -2.6105941669999657)
2022,VEGETAÇÃO,C60L63,POINT (-58.90201715899995 -2.6714341669999655)
2022,VEGETAÇÃO,C60L63,POINT (-58.78537715899995 -2.549844166999966)
2022,VEGETAÇÃO,C60L63,POINT (-58.75045715899995 -2.6319241669999656)
2022,VEGETAÇÃO,C60L63,POINT (-58.88869715899995 -2.6916841669999663)
2022,VEGETAÇÃO,C60L63,POINT (-58.82011715899995 -2.672244166999966)
2022,VEGETAÇÃO,C60L63,POINT (-58.97086715899995 -2.5677541669999657)
2022,VEGETAÇÃO,C60L63,POINT (-58.766477158999955 -2.5753141669999655)
2022,VEGETAÇÃO,C60L63,POINT (-58.832807158999955 -2.7258841669999656)
2022,VEGETAÇÃO,C60L63,POINT (-58.832267158999954 -2.7199441669999658)
2022,VEGETAÇÃO,C60L63,POINT (-58.779617158999955 -2.654064166999966)
2022,VEGETAÇÃO,C60L63,POINT (-58.893647158999954 -2.6945641669999656)
2022,VEGETAÇÃO,C60L63,POINT (-58.79572715899995 -2.5507441669999658)
2022,VEGETAÇÃO,C60L63,POINT (-58.946567158999954 -2.6951041669999656)
2022,VEGETAÇÃO,C60L63,POINT (-58.82893715899995 -2.7416341669999653)
2022,VEGETAÇÃO,C60L63,POINT (-58.894547158999956 -2.589264166999966)
2022,VEGETAÇÃO,C60L63,POINT (-58.91038715899995 -2.686644166999966)
2022,VEGETAÇÃO,C60L63,POINT (-58.947197158999955 -2.5924141669999656)
2022,VEGETAÇÃO,C60L63,POINT (-58.79446715899995 -2.578284166999966)
2022,VEGETAÇÃO,C60L63,POINT (-58.932977158999954 -2.598804166999966)
2022,VEGETAÇÃO,C60L63,POINT (-58.80319715899995 -2.717424166999966)
2022,VEGETAÇÃO,C60L63,POINT (-58.93666715899995 -2.5682941669999657)
2022,VEGETAÇÃO,C60L63,POINT (-58.86070715899996 -2.5254541669999657)
2022,VEGETAÇÃO,C60L63,POINT (-58.83028715899995 -2.517984166999966)
2022,VEGETAÇÃO,C60L63,POINT (-58.82956715899995 -2.6214841669999656)
2022,VEGETAÇÃO,C60L63,POINT (-58.80877715899995 -2.6699041669999657)
2022,VEGETAÇÃO,C60L63,POINT (-58.775747158999955 -2.714634166999966)
2022,VEGETAÇÃO,C60L63,POINT (-58.871957158999955 -2.683944166999966)
2022,VEGETAÇÃO,C60L63,POINT (-58.84306715899996 -2.7484741669999657)
2022,VEGETAÇÃO,C60L63,POINT (-58.976897158999954 -2.5967341669999655)
2022,VEGETAÇÃO,C60L63,POINT (-58.75558715899995 -2.5817941669999662)
2022,VEGETAÇÃO,C60L63,POINT (-58.86241715899995 -2.652084166999966)
2022,VEGETAÇÃO,C60L63,POINT (-58.84369715899995 -2.5741441669999663)
2022,VEGETAÇÃO,C60L63,POINT (-58.767107158999956 -2.6374141669999656)
2022,VEGETAÇÃO,C60L63,POINT (-58.85188715899996 -2.6675641669999663)
2022,VEGETAÇÃO,C60L63,POINT (-58.93090715899996 -2.637234166999966)
2022,VEGETAÇÃO,C60L63,POINT (-58.758557158999956 -2.5128541669999658)
2022,VEGETAÇÃO,C60L63,POINT (-58.89949715899995 -2.560104166999966)
2022,VEGETAÇÃO,C60L63,POINT (-58.90525715899995 -2.612844166999966)
2022,VEGETAÇÃO,C60L63,POINT (-58.805807158999954 -2.6225641669999655)
2022,VEGETAÇÃO,C60L63,POINT (-58.920827158999955 -2.5115941669999655)
2022,VEGETAÇÃO,C60L63,POINT (-58.83514715899995 -2.6164441669999663)
2022,VEGETAÇÃO,C60L63,POINT (-58.94359715899995 -2.676204166999966)
2022,VEGETAÇÃO,C60L63,POINT (-58.906697158999954 -2.6671141669999656)
2022,VEGETAÇÃO,C60L63,POINT (-58.836497158999954 -2.5071841669999655)
2022,VEGETAÇÃO,C60L63,POINT (-58.94890715899995 -2.705724166999966)
2022,VEGETAÇÃO,C60L63,POINT (-58.90480715899995 -2.611404166999966)
2022,VEGETAÇÃO,C60L63,POINT (-58.94062715899995 -2.7302041669999655)
2022,VEGETAÇÃO,C60L63,POINT (-58.836227158999954 -2.5792741669999657)
2022,VEGETAÇÃO,C60L63,POINT (-58.77205715899996 -2.608074166999966)
2022,VEGETAÇÃO,C60L63,POINT (-58.90120715899995 -2.7422641669999663)
2022,VEGETAÇÃO,C60L63,POINT (-58.972397158999954 -2.642544166999966)
2022,VEGETAÇÃO,C60L63,POINT (-58.906697158999954 -2.5445341669999655)
2022,VEGETAÇÃO,C60L63,POINT (-58.98310715899996 -2.562534166999966)
2022,VEGETAÇÃO,C60L63,POINT (-58.937387158999954 -2.622834166999966)
2022,VEGETAÇÃO,C60L63,POINT (-58.916507158999956 -2.607894166999966)
2022,VEGETAÇÃO,C60L63,POINT (-58.99696715899995 -2.749194166999965)
2022,VEGETAÇÃO,C60L63,POINT (-58.95250715899995 -2.7495541669999657)
2022,VEGETAÇÃO,C60L63,POINT (-58.784027158999955 -2.5879141669999663)
2022,VEGETAÇÃO,C60L63,POINT (-58.88725715899995 -2.614104166999966)
2022,VEGETAÇÃO,C60L63,POINT (-58.819037158999954 -2.663514166999966)
2022,VEGETAÇÃO,C60L63,POINT (-58.76422715899995 -2.6753041669999655)
2022,VEGETAÇÃO,C60L63,POINT (-58.90507715899995 -2.7472141669999655)
2022,VEGETAÇÃO,C60L63,POINT (-58.96276715899995 -2.5142941669999663)
2022,VEGETAÇÃO,C60L63,POINT (-58.964477158999955 -2.720754166999966)
2022,VEGETAÇÃO,C60L63,POINT (-58.98886715899995 -2.7295741669999662)
2022,VEGETAÇÃO,C60L63,POINT (-58.872767158999956 -2.6933941669999655)
2022,VEGETAÇÃO,C60L63,POINT (-58.75891715899995 -2.5490341669999657)
2022,VEGETAÇÃO,C60L63,POINT (-58.80490715899995 -2.7088741669999656)
2022,VEGETAÇÃO,C60L63,POINT (-58.78681715899995 -2.621844166999966)
2022,VEGETAÇÃO,C60L63,POINT (-58.79392715899995 -2.5610041669999655)
2022,VEGETAÇÃO,C60L63,POINT (-58.93162715899995 -2.6735941669999663)
2022,VEGETAÇÃO,C60L63,POINT (-58.999127158999954 -2.5862941669999655)
2022,VEGETAÇÃO,C60L63,POINT (-58.83883715899995 -2.6834941669999663)
2022,VEGETAÇÃO,C60L63,POINT (-58.87447715899995 -2.719044166999966)
2022,VEGETAÇÃO,C60L63,POINT (-58.819577158999955 -2.6654041669999655)
2022,VEGETAÇÃO,C60L63,POINT (-58.76854715899995 -2.6142841669999664)
2022,VEGETAÇÃO,C60L63,POINT (-58.78726715899995 -2.558124166999966)
2022,VEGETAÇÃO,C60L63,POINT (-58.933067158999954 -2.5549741669999655)
2022,VEGETAÇÃO,C60L63,POINT (-58.85557715899995 -2.5139341669999657)
2022,VEGETAÇÃO,C60L63,POINT (-58.942877158999956 -2.5589341669999657)
2022,VEGETAÇÃO,C60L63,POINT (-58.963757158999954 -2.564064166999966)
2022,VEGETAÇÃO,C60L63,POINT (-58.845317158999954 -2.6638741669999657)
2022,VEGETAÇÃO,C60L63,POINT (-58.872047158999955 -2.6817841669999662)
2022,VEGETAÇÃO,C60L63,POINT (-58.75450715899996 -2.6654041669999655)
2022,VEGETAÇÃO,C60L63,POINT (-58.78546715899995 -2.7203941669999656)
2022,VEGETAÇÃO,C60L63,POINT (-58.99759715899995 -2.5230241669999662)
2022,VEGETAÇÃO,C60L63,POINT (-58.93954715899996 -2.5274341669999663)
2022,VEGETAÇÃO,C60L63,POINT (-58.889867158999955 -2.632194166999966)
2022,VEGETAÇÃO,C60L63,POINT (-58.91443715899995 -2.726694166999966)
2022,VEGETAÇÃO,C60L63,POINT (-58.968527158999954 -2.7170641669999656)
2022,VEGETAÇÃO,C60L63,POINT (-58.82569715899995 -2.660634166999966)
2022,VEGETAÇÃO,C60L63,POINT (-58.88752715899995 -2.694204166999966)
2022,VEGETAÇÃO,C60L63,POINT (-58.87411715899995 -2.583324166999966)
2022,VEGETAÇÃO,C60L63,POINT (-58.78573715899995 -2.6823241669999662)
2022,VEGETAÇÃO,C60L63,POINT (-58.968617158999955 -2.5922341669999662)
2022,VEGETAÇÃO,C60L63,POINT (-58.75693715899995 -2.5967341669999655)
2022,VEGETAÇÃO,C60L63,POINT (-58.98067715899995 -2.5248241669999656)
2022,VEGETAÇÃO,C60L63,POINT (-58.94026715899995 -2.538684166999966)
2022,VEGETAÇÃO,C60L63,POINT (-58.91515715899995 -2.607444166999966)
2022,VEGETAÇÃO,C60L63,POINT (-58.86628715899995 -2.5368841669999656)
2022,VEGETAÇÃO,C60L63,POINT (-58.87114715899995 -2.718864166999966)
2022,VEGETAÇÃO,C60L63,POINT (-58.819487158999955 -2.519694166999966)
2022,VEGETAÇÃO,C60L63,POINT (-58.86880715899996 -2.5880041669999656)
2022,VEGETAÇÃO,C60L63,POINT (-58.819757158999955 -2.645874166999966)
2022,VEGETAÇÃO,C60L63,POINT (-58.77835715899995 -2.7306541669999653)
2022,VEGETAÇÃO,C60L63,POINT (-58.93162715899995 -2.650914166999966)
2022,VEGETAÇÃO,C60L63,POINT (-58.75891715899995 -2.6780041669999664)
2022,VEGETAÇÃO,C60L63,POINT (-58.793027158999955 -2.526264166999966)
2022,VEGETAÇÃO,C60L63,POINT (-58.76368715899996 -2.6320141669999657)
2022,VEGETAÇÃO,C60L63,POINT (-58.911197158999954 -2.611764166999966)
2022,VEGETAÇÃO,C60L63,POINT (-58.956107158999956 -2.538774166999966)
2022,VEGETAÇÃO,C60L63,POINT (-58.846307158999956 -2.6440741669999657)
2022,VEGETAÇÃO,C60L63,POINT (-58.93720715899995 -2.5209541669999656)
2022,VEGETAÇÃO,C60L63,POINT (-58.951787158999956 -2.7109441669999663)
2022,VEGETAÇÃO,C60L63,POINT (-58.98517715899995 -2.5423741669999655)
2022,VEGETAÇÃO,C60L63,POINT (-58.95889715899995 -2.5592941669999663)
2022,VEGETAÇÃO,C60L63,POINT (-58.885187158999955 -2.5137541669999663)
2022,VEGETAÇÃO,C60L63,POINT (-58.85116715899996 -2.5939441669999663)
2022,VEGETAÇÃO,C60L63,POINT (-58.80967715899995 -2.629584166999966)
2022,VEGETAÇÃO,C60L63,POINT (-58.875917158999954 -2.6770141669999656)
2022,VEGETAÇÃO,C60L63,POINT (-58.79635715899995 -2.718954166999966)
2022,VEGETAÇÃO,C60L63,POINT (-58.972487158999954 -2.582874166999966)
2022,VEGETAÇÃO,C60L63,POINT (-58.87312715899995 -2.6693641669999657)
2022,VEGETAÇÃO,C60L63,POINT (-58.964657158999955 -2.6663941669999662)
2022,VEGETAÇÃO,C60L63,POINT (-58.937837158999955 -2.586024166999966)
2022,VEGETAÇÃO,C60L63,POINT (-58.95007715899995 -2.5502041669999658)
2022,VEGETAÇÃO,C60L63,POINT (-58.920467158999955 -2.570634166999966)
2022,VEGETAÇÃO,C60L63,POINT (-58.942427158999955 -2.7437941669999653)
2022,VEGETAÇÃO,C60L63,POINT (-58.951787158999956 -2.620674166999966)
2022,VEGETAÇÃO,C60L63,POINT (-58.851077158999956 -2.545974166999966)
2022,VEGETAÇÃO,C60L63,POINT (-58.796717158999954 -2.505384166999966)
2022,VEGETAÇÃO,C60L63,POINT (-58.85314715899995 -2.544984166999966)
2022,VEGETAÇÃO,C60L63,POINT (-58.832447158999955 -2.6845741669999663)
2022,VEGETAÇÃO,C60L63,POINT (-58.875827158999954 -2.708964166999966)
2022,VEGETAÇÃO,C60L63,POINT (-58.876997158999956 -2.6743141669999657)
2022,VEGETAÇÃO,C60L63,POINT (-58.82173715899995 -2.742624166999965)
2022,VEGETAÇÃO,C60L63,POINT (-58.79023715899996 -2.631024166999966)
2022,VEGETAÇÃO,C60L63,POINT (-58.76404715899996 -2.5682941669999657)
2022,VEGETAÇÃO,C60L63,POINT (-58.885637158999955 -2.696994166999966)
2022,VEGETAÇÃO,C60L63,POINT (-58.902197158999954 -2.694834166999966)
2022,VEGETAÇÃO,C60L63,POINT (-58.903457158999956 -2.580534166999966)
2022,VEGETAÇÃO,C60L63,POINT (-58.98328715899996 -2.639934166999966)
2022,VEGETAÇÃO,C60L63,POINT (-58.797977158999956 -2.681694166999966)
2022,VEGETAÇÃO,C60L63,POINT (-58.87123715899995 -2.7307441669999655)
2022,VEGETAÇÃO,C60L63,POINT (-58.88410715899995 -2.5527241669999663)
2022,VEGETAÇÃO,C60L63,POINT (-58.986707158999955 -2.5594741669999657)
2022,VEGETAÇÃO,C60L63,POINT (-58.79428715899995 -2.542644166999966)
2022,VEGETAÇÃO,C60L63,POINT (-58.849547158999954 -2.6743141669999657)
2022,VEGETAÇÃO,C60L63,POINT (-58.79986715899995 -2.657394166999966)
2022,VEGETAÇÃO,C60L63,POINT (-58.79842715899996 -2.7317341669999653)
2022,VEGETAÇÃO,C60L63,POINT (-58.82146715899995 -2.5269841669999655)
2022,VEGETAÇÃO,C60L63,POINT (-58.80436715899995 -2.7099541669999656)
2022,VEGETAÇÃO,C60L63,POINT (-58.77835715899995 -2.6213941669999663)
2022,VEGETAÇÃO,C60L63,POINT (-58.93108715899995 -2.5055641669999655)
2022,VEGETAÇÃO,C60L63,POINT (-58.911827158999955 -2.6620741669999664)
2022,VEGETAÇÃO,C60L63,POINT (-58.84009715899995 -2.666754166999966)
2022,VEGETAÇÃO,C60L63,POINT (-58.98076715899995 -2.548224166999966)
2022,VEGETAÇÃO,C60L63,POINT (-58.784117158999955 -2.7231841669999657)
2022,VEGETAÇÃO,C60L63,POINT (-58.96618715899996 -2.6858341669999657)
2022,VEGETAÇÃO,C60L63,POINT (-58.964567158999955 -2.649204166999966)
2022,VEGETAÇÃO,C60L63,POINT (-58.915967158999955 -2.5549741669999655)
2022,VEGETAÇÃO,C60L63,POINT (-58.941797158999954 -2.725704166999966)
2022,VEGETAÇÃO,C60L63,POINT (-58.850897158999956 -2.5714441669999655)
2022,VEGETAÇÃO,C60L63,POINT (-58.88185715899995 -2.6160841669999657)
2022,VEGETAÇÃO,C60L63,POINT (-58.985807158999954 -2.602584166999966)
2022,VEGETAÇÃO,C60L63,POINT (-58.754327158999956 -2.706444166999966)
2022,VEGETAÇÃO,C60L63,POINT (-58.999217158999954 -2.5412941669999656)
2022,VEGETAÇÃO,C60L63,POINT (-58.753697158999955 -2.7313741669999665)
2022,VEGETAÇÃO,C60L63,POINT (-58.982657158999956 -2.688174166999966)
2022,VEGETAÇÃO,C60L63,POINT (-58.885637158999955 -2.667834166999966)
2022,VEGETAÇÃO,C60L63,POINT (-58.88005715899995 -2.5247341669999663)
2022,VEGETAÇÃO,C60L63,POINT (-58.81390715899995 -2.6144641669999658)
2022,VEGETAÇÃO,C60L63,POINT (-58.93603715899995 -2.6857441669999655)
2022,VEGETAÇÃO,C60L63,POINT (-58.85287715899995 -2.524464166999966)
2022,VEGETAÇÃO,C60L63,POINT (-58.76818715899995 -2.648664166999966)
2022,VEGETAÇÃO,C60L63,POINT (-58.893287158999954 -2.557044166999966)
2022,VEGETAÇÃO,C60L63,POINT (-58.81642715899996 -2.5006141669999655)
2022,VEGETAÇÃO,C60L63,POINT (-58.881137158999955 -2.5368841669999656)
2022,VEGETAÇÃO,C60L63,POINT (-58.78699715899995 -2.601954166999966)
2022,VEGETAÇÃO,C60L63,POINT (-58.802207158999956 -2.6505541669999655)
2022,VEGETAÇÃO,C60L63,POINT (-58.999667158999955 -2.5169941669999663)
2022,VEGETAÇÃO,C60L63,POINT (-58.82992715899995 -2.632104166999966)
2022,VEGETAÇÃO,C60L63,POINT (-58.876727158999955 -2.5099741669999656)
2022,VEGETAÇÃO,C60L63,POINT (-58.87375715899995 -2.505384166999966)
2022,VEGETAÇÃO,C60L63,POINT (-58.907417158999955 -2.610864166999966)
2022,VEGETAÇÃO,C60L63,POINT (-58.96600715899996 -2.6396641669999656)
2022,VEGETAÇÃO,C60L63,POINT (-58.784027158999955 -2.6225641669999655)
2022,VEGETAÇÃO,C60L63,POINT (-58.98724715899995 -2.7231841669999657)
2022,VEGETAÇÃO,C60L63,POINT (-58.87483715899995 -2.6461441669999664)
2022,VEGETAÇÃO,C60L63,POINT (-58.99840715899995 -2.5023241669999656)
2022,VEGETAÇÃO,C60L63,POINT (-58.815167158999955 -2.6138341669999656)
2022,VEGETAÇÃO,C60L63,POINT (-58.761707158999954 -2.6291341669999655)
2022,VEGETAÇÃO,C60L63,POINT (-58.982837158999956 -2.7165241669999656)
2022,VEGETAÇÃO,C60L63,POINT (-58.845047158999954 -2.7484741669999657)
2022,VEGETAÇÃO,C60L63,POINT (-58.87771715899996 -2.546424166999966)
2022,VEGETAÇÃO,C60L63,POINT (-58.82686715899995 -2.545884166999966)
2022,VEGETAÇÃO,C60L63,POINT (-58.850177158999955 -2.664684166999966)
2022,VEGETAÇÃO,C60L63,POINT (-58.88410715899995 -2.5529041669999657)
2022,VEGETAÇÃO,C60L63,POINT (-58.83523715899995 -2.522394166999966)
2022,VEGETAÇÃO,C60L63,POINT (-58.94953715899995 -2.519604166999966)
2022,VEGETAÇÃO,C60L63,POINT (-58.97941715899995 -2.7010441669999663)
2022,VEGETAÇÃO,C60L63,POINT (-58.814897158999955 -2.5325641669999657)
2022,VEGETAÇÃO,C60L63,POINT (-58.76548715899995 -2.659104166999966)
2022,VEGETAÇÃO,C60L63,POINT (-58.81399715899995 -2.599704166999966)
2022,VEGETAÇÃO,C60L63,POINT (-58.95448715899995 -2.714454166999966)
2022,VEGETAÇÃO,C60L63,POINT (-58.985627158999954 -2.5884541669999663)
2022,VEGETAÇÃO,C60L63,POINT (-58.960247158999955 -2.556504166999966)
2022,VEGETAÇÃO,C60L63,POINT (-58.92838715899995 -2.7434341669999665)
2022,VEGETAÇÃO,C60L63,POINT (-58.99831715899995 -2.612844166999966)
2022,VEGETAÇÃO,C60L63,POINT (-58.836857158999955 -2.7480241669999668)
2022,VEGETAÇÃO,C60L63,POINT (-58.83037715899995 -2.640564166999966)
2022,VEGETAÇÃO,C60L63,POINT (-58.84693715899995 -2.546514166999966)
2022,VEGETAÇÃO,C60L63,POINT (-58.84657715899995 -2.5748641669999657)
2022,VEGETAÇÃO,C60L63,POINT (-58.90444715899996 -2.694294166999966)
2022,VEGETAÇÃO,C60L63,POINT (-58.86061715899996 -2.7021241669999663)
2022,VEGETAÇÃO,C60L63,POINT (-58.754057158999956 -2.7380341669999666)
2022,VEGETAÇÃO,C60L63,POINT (-58.885187158999955 -2.672784166999966)
2022,VEGETAÇÃO,C60L63,POINT (-58.784207158999955 -2.518614166999966)
2022,VEGETAÇÃO,C60L63,POINT (-58.79113715899995 -2.671614166999966)
2022,VEGETAÇÃO,C60L63,POINT (-58.76881715899995 -2.7094141669999656)
2022,VEGETAÇÃO,C60L63,POINT (-58.80832715899995 -2.5176241669999655)
2022,VEGETAÇÃO,C60L63,POINT (-58.99426715899995 -2.597094166999966)
2022,VEGETAÇÃO,C60L63,POINT (-58.77205715899996 -2.6379541669999655)
2022,VEGETAÇÃO,C60L63,POINT (-58.964297158999955 -2.710854166999966)
2022,VEGETAÇÃO,C60L63,POINT (-58.938467158999956 -2.7015841669999663)
2022,VEGETAÇÃO,C60L63,POINT (-58.86682715899995 -2.714634166999966)
2022,VEGETAÇÃO,C60L63,POINT (-58.823987158999955 -2.697084166999966)
2022,VEGETAÇÃO,C60L63,POINT (-58.89670715899995 -2.5647841669999663)
2022,VEGETAÇÃO,C60L63,POINT (-58.810577158999955 -2.5500241669999655)
2022,VEGETAÇÃO,C60L63,POINT (-58.797347158999955 -2.6247241669999655)
2022,VEGETAÇÃO,C60L63,POINT (-58.915517158999954 -2.6521741669999663)
2022,VEGETAÇÃO,C60L63,POINT (-58.87915715899995 -2.7154441669999656)
2022,VEGETAÇÃO,C60L63,POINT (-58.973297158999955 -2.514204166999966)
2022,VEGETAÇÃO,C60L63,POINT (-58.87123715899995 -2.531214166999966)
2022,VEGETAÇÃO,C60L63,POINT (-58.76341715899996 -2.5106041669999657)
2022,VEGETAÇÃO,C60L63,POINT (-58.80076715899995 -2.705814166999966)
2022,VEGETAÇÃO,C60L63,POINT (-58.928927158999954 -2.579994166999966)
2022,VEGETAÇÃO,C60L63,POINT (-58.766837158999955 -2.7385741669999657)
2022,VEGETAÇÃO,C60L63,POINT (-58.94989715899995 -2.543094166999966)
2022,VEGETAÇÃO,C60L63,POINT (-58.999667158999955 -2.5029541669999658)
2022,VEGETAÇÃO,C60L63,POINT (-58.94863715899995 -2.714634166999966)
2022,VEGETAÇÃO,C60L63,POINT (-58.94323715899995 -2.7241741669999655)
2022,VEGETAÇÃO,C60L63,POINT (-58.75162715899995 -2.514564166999966)
2022,VEGETAÇÃO,C60L63,POINT (-58.770617158999954 -2.677374166999966)
2022,VEGETAÇÃO,C60L63,POINT (-58.951427158999955 -2.6374141669999656)
2022,VEGETAÇÃO,C60L63,POINT (-58.94908715899995 -2.5968241669999657)
2022,VEGETAÇÃO,C60L63,POINT (-58.792397158999954 -2.743254166999966)
2022,VEGETAÇÃO,C60L63,POINT (-58.858817158999955 -2.502684166999966)
2022,VEGETAÇÃO,C60L63,POINT (-58.85701715899995 -2.534544166999966)
2022,VEGETAÇÃO,C60L63,POINT (-58.94926715899995 -2.680074166999966)
2022,VEGETAÇÃO,C60L63,POINT (-58.754327158999956 -2.547054166999966)
2022,VEGETAÇÃO,C60L63,POINT (-58.97671715899995 -2.643804166999966)
2022,VEGETAÇÃO,C60L63,POINT (-58.85260715899995 -2.5154641669999656)
2022,VEGETAÇÃO,C60L63,POINT (-58.75126715899995 -2.545974166999966)
2022,VEGETAÇÃO,C60L63,POINT (-58.84423715899995 -2.631204166999966)
2022,VEGETAÇÃO,C60L63,POINT (-58.80805715899995 -2.530584166999966)
2022,VEGETAÇÃO,C60L63,POINT (-58.79851715899996 -2.5061941669999657)
2022,VEGETAÇÃO,C60L63,POINT (-58.84900715899995 -2.570724166999966)
2022,VEGETAÇÃO,C60L63,POINT (-58.798067158999956 -2.7466741669999664)
2022,VEGETAÇÃO,C60L63,POINT (-58.968707158999955 -2.737134166999965)
2022,VEGETAÇÃO,C60L63,POINT (-58.76971715899995 -2.6016841669999655)
2022,VEGETAÇÃO,C60L63,POINT (-58.93576715899995 -2.6055541669999656)
2022,VEGETAÇÃO,C60L63,POINT (-58.850267158999955 -2.610234166999966)
2022,VEGETAÇÃO,C60L63,POINT (-58.76494715899995 -2.7221041669999657)
2022,VEGETAÇÃO,C60L63,POINT (-58.93495715899995 -2.717334166999966)
2022,VEGETAÇÃO,C60L63,POINT (-58.824707158999956 -2.6796241669999663)
2022,VEGETAÇÃO,C60L63,POINT (-58.788167158999954 -2.523564166999966)
2022,VEGETAÇÃO,C60L63,POINT (-58.86196715899995 -2.691414166999966)
2022,VEGETAÇÃO,C60L63,POINT (-58.82164715899995 -2.711394166999966)
2022,VEGETAÇÃO,C60L63,POINT (-58.929827158999956 -2.7280441669999655)
2022,VEGETAÇÃO,C60L63,POINT (-58.96105715899995 -2.512314166999966)
2022,VEGETAÇÃO,C60L63,POINT (-58.85782715899995 -2.5016041669999662)
2022,VEGETAÇÃO,C60L63,POINT (-58.87294715899995 -2.681514166999966)
2022,VEGETAÇÃO,C60L63,POINT (-58.81642715899996 -2.628864166999966)
2022,VEGETAÇÃO,C60L63,POINT (-58.98067715899995 -2.5829641669999663)
2022,VEGETAÇÃO,C60L63,POINT (-58.97482715899996 -2.6897041669999657)
2022,VEGETAÇÃO,C60L63,POINT (-58.969157158999955 -2.568564166999966)
2022,VEGETAÇÃO,C60L63,POINT (-58.80346715899995 -2.627784166999966)
2022,VEGETAÇÃO,C60L63,POINT (-58.78546715899995 -2.593314166999966)
2022,VEGETAÇÃO,C60L63,POINT (-58.91398715899995 -2.5741441669999663)
2022,VEGETAÇÃO,C60L63,POINT (-58.94827715899996 -2.6312941669999663)
2022,VEGETAÇÃO,C60L63,POINT (-58.986257158999955 -2.701404166999966)
2022,VEGETAÇÃO,C60L63,POINT (-58.98796715899995 -2.528334166999966)
2022,VEGETAÇÃO,C60L63,POINT (-58.87834715899995 -2.538864166999966)
2022,VEGETAÇÃO,C60L63,POINT (-58.89148715899995 -2.628324166999966)
2022,VEGETAÇÃO,C60L63,POINT (-58.83451715899995 -2.686644166999966)
2022,VEGETAÇÃO,C60L63,POINT (-58.770347158999954 -2.553174166999966)
2022,VEGETAÇÃO,C60L63,POINT (-58.84855715899995 -2.643624166999966)
2022,VEGETAÇÃO,C60L63,POINT (-58.833347158999956 -2.740914166999966)
2022,VEGETAÇÃO,C60L63,POINT (-58.86871715899996 -2.5188841669999658)
2022,VEGETAÇÃO,C60L63,POINT (-58.85260715899995 -2.659734166999966)
2022,VEGETAÇÃO,C60L63,POINT (-58.96168715899995 -2.537694166999966)
2022,VEGETAÇÃO,C60L63,POINT (-58.80274715899995 -2.5945741669999656)
2022,VEGETAÇÃO,C60L63,POINT (-58.81309715899995 -2.7495541669999657)
2022,VEGETAÇÃO,C60L63,POINT (-58.98499715899995 -2.657934166999966)
2022,VEGETAÇÃO,C60L63,POINT (-58.942247158999955 -2.5952041669999657)
2022,VEGETAÇÃO,C60L63,POINT (-58.97923715899995 -2.577294166999966)
2022,VEGETAÇÃO,C60L63,POINT (-58.96708715899995 -2.704194166999966)
2022,VEGETAÇÃO,C60L63,POINT (-58.97914715899995 -2.587824166999966)
2022,VEGETAÇÃO,C60L63,POINT (-58.850177158999955 -2.605824166999966)
2022,VEGETAÇÃO,C60L63,POINT (-58.76332715899996 -2.6424541669999657)
2022,VEGETAÇÃO,C60L63,POINT (-58.92325715899995 -2.620134166999966)
2022,VEGETAÇÃO,C60L63,POINT (-58.920107158999954 -2.665224166999966)
2022,VEGETAÇÃO,C60L63,POINT (-58.84351715899995 -2.5895341669999663)
2022,VEGETAÇÃO,C60L63,POINT (-58.796987158999954 -2.535084166999966)
2022,VEGETAÇÃO,C60L63,POINT (-58.98337715899996 -2.741544166999965)
2022,VEGETAÇÃO,C60L63,POINT (-58.92262715899995 -2.611854166999966)
2022,VEGETAÇÃO,C60L63,POINT (-58.92613715899995 -2.598084166999966)
2022,VEGETAÇÃO,C60L63,POINT (-58.86043715899996 -2.5313041669999663)
2022,VEGETAÇÃO,C60L63,POINT (-58.82524715899996 -2.6045641669999657)
2022,VEGETAÇÃO,C60L63,POINT (-58.99633715899995 -2.592594166999966)
2022,VEGETAÇÃO,C60L63,POINT (-58.90957715899995 -2.561454166999966)
2022,VEGETAÇÃO,C60L63,POINT (-58.82191715899995 -2.7456841669999665)
2022,VEGETAÇÃO,C60L63,POINT (-58.76323715899996 -2.581074166999966)
2022,VEGETAÇÃO,C60L63,POINT (-58.85161715899996 -2.7472141669999655)
2022,VEGETAÇÃO,C60L63,POINT (-58.819757158999955 -2.702484166999966)
2022,VEGETAÇÃO,C60L63,POINT (-58.995437158999955 -2.6768341669999662)
2022,VEGETAÇÃO,C60L63,POINT (-58.973477158999955 -2.569644166999966)
2022,VEGETAÇÃO,C60L63,POINT (-58.87033715899995 -2.562354166999966)
2022,VEGETAÇÃO,C60L63,POINT (-58.93693715899995 -2.7131941669999655)
2022,VEGETAÇÃO,C60L63,POINT (-58.93963715899996 -2.5917841669999655)
2022,VEGETAÇÃO,C60L63,POINT (-58.89265715899995 -2.5116841669999657)
2022,VEGETAÇÃO,C60L63,POINT (-58.877087158999956 -2.5348141669999658)
2022,VEGETAÇÃO,C60L63,POINT (-58.954937158999954 -2.7455041669999662)
2022,VEGETAÇÃO,C60L63,POINT (-58.85620715899995 -2.740914166999966)
2022,VEGETAÇÃO,C60L63,POINT (-58.95799715899995 -2.6276041669999657)
2022,VEGETAÇÃO,C60L63,POINT (-58.86502715899995 -2.5534441669999657)
2022,VEGETAÇÃO,C60L63,POINT (-58.89112715899995 -2.6598241669999663)
2022,VEGETAÇÃO,C60L63,POINT (-58.982027158999955 -2.560284166999966)
2022,VEGETAÇÃO,C60L63,POINT (-58.876907158999956 -2.5895341669999663)
2022,VEGETAÇÃO,C60L63,POINT (-58.98940715899995 -2.747484166999966)
2022,VEGETAÇÃO,C60L63,POINT (-58.978157158999956 -2.7448741669999652)
2022,VEGETAÇÃO,C60L63,POINT (-58.81831715899995 -2.6725141669999664)
2022,VEGETAÇÃO,C60L63,POINT (-58.83037715899995 -2.5502041669999658)
2022,VEGETAÇÃO,C60L63,POINT (-58.80040715899995 -2.6846641669999656)
2022,VEGETAÇÃO,C60L63,POINT (-58.75045715899995 -2.6352541669999656)
2022,VEGETAÇÃO,C60L63,POINT (-58.82488715899996 -2.6577541669999656)
2022,VEGETAÇÃO,C60L63,POINT (-58.80373715899995 -2.7033841669999656)
2022,VEGETAÇÃO,C60L63,POINT (-58.82083715899995 -2.5204141669999656)
2022,VEGETAÇÃO,C60L63,POINT (-58.94971715899995 -2.606904166999966)
2022,VEGETAÇÃO,C60L63,POINT (-58.87906715899995 -2.707344166999966)
2022,VEGETAÇÃO,C60L63,POINT (-58.91686715899995 -2.737584166999966)
2022,VEGETAÇÃO,C60L63,POINT (-58.999847158999955 -2.512314166999966)
2022,VEGETAÇÃO,C60L63,POINT (-58.89616715899995 -2.6649541669999657)
2022,VEGETAÇÃO,C60L63,POINT (-58.946927158999955 -2.500884166999966)
2022,VEGETAÇÃO,C60L63,POINT (-58.934327158999956 -2.7230941669999655)
2022,VEGETAÇÃO,C60L63,POINT (-58.93720715899995 -2.7050941669999657)
2022,VEGETAÇÃO,C60L63,POINT (-58.84243715899996 -2.749734166999966)
2022,VEGETAÇÃO,C60L63,POINT (-58.762427158999955 -2.570004166999966)
2022,VEGETAÇÃO,C60L63,POINT (-58.95853715899995 -2.552634166999966)
2022,VEGETAÇÃO,C60L63,POINT (-58.989947158999954 -2.5842241669999657)
2022,VEGETAÇÃO,C60L63,POINT (-58.85242715899995 -2.554794166999966)
2022,VEGETAÇÃO,C60L63,POINT (-58.920917158999956 -2.7175141669999663)
2022,VEGETAÇÃO,C60L63,POINT (-58.779707158999955 -2.517984166999966)
2022,VEGETAÇÃO,C60L63,POINT (-58.969067158999955 -2.5175341669999662)
2022,VEGETAÇÃO,C60L63,POINT (-58.91434715899995 -2.667474166999966)
2022,VEGETAÇÃO,C60L63,POINT (-58.76836715899995 -2.610144166999966)
2022,VEGETAÇÃO,C60L63,POINT (-58.941617158999954 -2.6702641669999663)
2022,VEGETAÇÃO,C60L63,POINT (-58.959347158999954 -2.6488441669999663)
2022,VEGETAÇÃO,C60L63,POINT (-58.87510715899995 -2.6214841669999656)
2022,VEGETAÇÃO,C60L63,POINT (-58.951877158999956 -2.5790941669999663)
2022,VEGETAÇÃO,C60L63,POINT (-58.757297158999954 -2.540394166999966)
2022,VEGETAÇÃO,C60L63,POINT (-58.98967715899995 -2.5214941669999655)
2022,VEGETAÇÃO,C60L63,POINT (-58.823357158999954 -2.652624166999966)
2022,VEGETAÇÃO,C60L63,POINT (-58.83820715899995 -2.6461441669999664)
2022,VEGETAÇÃO,C60L63,POINT (-58.849907158999955 -2.7307441669999655)
2022,VEGETAÇÃO,C60L63,POINT (-58.815527158999956 -2.6615341669999655)
2022,VEGETAÇÃO,C60L63,POINT (-58.99759715899995 -2.587824166999966)
2022,VEGETAÇÃO,C60L63,POINT (-58.946567158999954 -2.5571341669999663)
2022,VEGETAÇÃO,C60L63,POINT (-58.81777715899995 -2.521224166999966)
2022,VEGETAÇÃO,C60L63,POINT (-58.80049715899995 -2.6856541669999663)
2022,VEGETAÇÃO,C60L63,POINT (-58.97437715899996 -2.595924166999966)
2022,VEGETAÇÃO,C60L63,POINT (-58.823807158999955 -2.526264166999966)
2022,VEGETAÇÃO,C60L63,POINT (-58.889507158999955 -2.5562341669999658)
2022,VEGETAÇÃO,C60L63,POINT (-58.88410715899995 -2.525094166999966)
2022,VEGETAÇÃO,C60L63,POINT (-58.77700715899995 -2.544894166999966)
2022,VEGETAÇÃO,C60L63,POINT (-58.77358715899995 -2.5142941669999663)
2022,VEGETAÇÃO,C60L63,POINT (-58.90849715899995 -2.511774166999966)
2022,VEGETAÇÃO,C60L63,POINT (-58.960427158999956 -2.5714441669999655)
2022,VEGETAÇÃO,C60L63,POINT (-58.88257715899995 -2.5628041669999657)
2022,VEGETAÇÃO,C60L63,POINT (-58.95907715899995 -2.635524166999966)
2022,VEGETAÇÃO,C60L63,POINT (-58.951067158999955 -2.583774166999966)
2022,VEGETAÇÃO,C60L63,POINT (-58.854137158999954 -2.5781941669999657)
2022,VEGETAÇÃO,C60L63,POINT (-58.999307158999954 -2.6268841669999663)
2022,VEGETAÇÃO,C60L63,POINT (-58.98517715899995 -2.709594166999966)
2022,VEGETAÇÃO,C60L63,POINT (-58.784117158999955 -2.7055441669999656)
2022,VEGETAÇÃO,C60L63,POINT (-58.95835715899995 -2.5422841669999663)
2022,VEGETAÇÃO,C60L63,POINT (-58.79599715899995 -2.5748641669999657)
2022,VEGETAÇÃO,C60L63,POINT (-58.770347158999954 -2.510784166999966)
2022,VEGETAÇÃO,C60L63,POINT (-58.845767158999955 -2.575134166999966)
2022,VEGETAÇÃO,C60L63,POINT (-58.96294715899995 -2.5736041669999663)
2022,VEGETAÇÃO,C60L63,POINT (-58.78717715899995 -2.516904166999966)
2022,VEGETAÇÃO,C60L63,POINT (-58.999127158999954 -2.501514166999966)
2022,VEGETAÇÃO,C60L63,POINT (-58.765847158999954 -2.6578441669999657)
2022,VEGETAÇÃO,C60L63,POINT (-58.90588715899995 -2.536614166999966)
2022,VEGETAÇÃO,C60L63,POINT (-58.837487158999956 -2.697534166999966)
2022,VEGETAÇÃO,C60L63,POINT (-58.933787158999955 -2.6384041669999663)
2022,VEGETAÇÃO,C60L63,POINT (-58.982117158999955 -2.7011341669999656)
2022,VEGETAÇÃO,C60L63,POINT (-58.86916715899996 -2.596914166999966)
2022,VEGETAÇÃO,C60L63,POINT (-58.94557715899995 -2.653074166999966)
2022,VEGETAÇÃO,C60L63,POINT (-58.92577715899995 -2.552994166999966)
2022,VEGETAÇÃO,C60L63,POINT (-58.82560715899995 -2.5780141669999663)
2022,VEGETAÇÃO,C60L63,POINT (-58.76494715899995 -2.567394166999966)
2022,VEGETAÇÃO,C60L63,POINT (-58.75216715899995 -2.7086941669999662)
2022,VEGETAÇÃO,C60L63,POINT (-58.809857158999954 -2.598624166999966)
2022,VEGETAÇÃO,C60L63,POINT (-58.810037158999954 -2.6268841669999663)
2022,VEGETAÇÃO,C60L63,POINT (-58.912187158999956 -2.5253641669999656)
2022,VEGETAÇÃO,C60L63,POINT (-58.893737158999954 -2.6528041669999656)
2022,VEGETAÇÃO,C60L63,POINT (-58.96321715899995 -2.5593841669999655)
2022,VEGETAÇÃO,C60L63,POINT (-58.76323715899996 -2.503674166999966)
2022,VEGETAÇÃO,C60L63,POINT (-58.774937158999954 -2.6852041669999656)
2022,VEGETAÇÃO,C60L63,POINT (-58.814267158999954 -2.539494166999966)
2022,VEGETAÇÃO,C60L63,POINT (-58.90111715899995 -2.5582141669999663)
2022,VEGETAÇÃO,C60L63,POINT (-58.823087158999954 -2.603664166999966)
2022,VEGETAÇÃO,C60L63,POINT (-58.929017158999955 -2.525184166999966)
2022,VEGETAÇÃO,C60L63,POINT (-58.84666715899995 -2.7104041669999663)
2022,VEGETAÇÃO,C60L63,POINT (-58.977527158999955 -2.674584166999966)
2022,VEGETAÇÃO,C60L63,POINT (-58.77700715899995 -2.598264166999966)
2022,VEGETAÇÃO,C60L63,POINT (-58.92640715899995 -2.597004166999966)
2022,VEGETAÇÃO,C60L63,POINT (-58.82668715899995 -2.730474166999965)
2022,VEGETAÇÃO,C60L63,POINT (-58.90021715899995 -2.7425341669999668)
2022,VEGETAÇÃO,C60L63,POINT (-58.87402715899995 -2.699154166999966)
2022,VEGETAÇÃO,C60L63,POINT (-58.770347158999954 -2.650194166999966)
2022,VEGETAÇÃO,C60L63,POINT (-58.876547158999955 -2.709684166999966)
2022,VEGETAÇÃO,C60L63,POINT (-58.832627158999955 -2.644254166999966)
2022,VEGETAÇÃO,C60L63,POINT (-58.947557158999956 -2.5901641669999655)
2022,VEGETAÇÃO,C60L63,POINT (-58.990487158999954 -2.669454166999966)
2022,VEGETAÇÃO,C60L63,POINT (-58.98436715899995 -2.7213841669999663)
2022,VEGETAÇÃO,C60L63,POINT (-58.942877158999956 -2.557944166999966)
2022,VEGETAÇÃO,C60L63,POINT (-58.876187158999954 -2.6511841669999656)
2022,VEGETAÇÃO,C60L63,POINT (-58.83019715899995 -2.662524166999966)
2022,VEGETAÇÃO,C60L63,POINT (-58.92667715899995 -2.546424166999966)
2022,VEGETAÇÃO,C60L63,POINT (-58.77727715899995 -2.574594166999966)
2022,VEGETAÇÃO,C60L63,POINT (-58.832717158999955 -2.7121141669999655)
2022,VEGETAÇÃO,C60L63,POINT (-58.753427158999955 -2.6950141669999663)
2022,VEGETAÇÃO,C60L63,POINT (-58.93531715899995 -2.550474166999966)
2022,VEGETAÇÃO,C60L63,POINT (-58.83811715899995 -2.555154166999966)
2022,VEGETAÇÃO,C60L63,POINT (-58.97671715899995 -2.6616241669999656)
2022,VEGETAÇÃO,C60L63,POINT (-58.801847158999955 -2.5885441669999656)
2022,VEGETAÇÃO,C60L63,POINT (-58.99345715899995 -2.519514166999966)
2022,VEGETAÇÃO,C60L63,POINT (-58.985987158999954 -2.7345241669999663)
2022,VEGETAÇÃO,C60L63,POINT (-58.96537715899996 -2.7391141669999666)
2022,VEGETAÇÃO,C60L63,POINT (-58.84405715899995 -2.685924166999966)
2022,VEGETAÇÃO,C60L63,POINT (-58.90633715899995 -2.5543441669999662)
2022,VEGETAÇÃO,C60L63,POINT (-58.766927158999955 -2.6040241669999658)
2022,VEGETAÇÃO,C60L63,POINT (-58.83109715899995 -2.706444166999966)
2022,VEGETAÇÃO,C60L63,POINT (-58.97104715899995 -2.7072541669999657)
2022,VEGETAÇÃO,C60L63,POINT (-58.89049715899995 -2.7313741669999665)
2022,VEGETAÇÃO,C60L63,POINT (-58.81138715899995 -2.6726941669999658)
2022,VEGETAÇÃO,C60L63,POINT (-58.87060715899995 -2.6889841669999663)
2022,VEGETAÇÃO,C60L63,POINT (-58.93162715899995 -2.5314841669999657)
2022,VEGETAÇÃO,C60L63,POINT (-58.96753715899995 -2.5142941669999663)
2022,VEGETAÇÃO,C60L63,POINT (-58.94971715899995 -2.7153541669999663)
2022,VEGETAÇÃO,C60L63,POINT (-58.99354715899995 -2.5221241669999657)
2022,VEGETAÇÃO,C60L63,POINT (-58.80364715899995 -2.6561341669999656)
2022,VEGETAÇÃO,C60L63,POINT (-58.977167158999954 -2.5447141669999658)
2022,VEGETAÇÃO,C60L63,POINT (-58.91263715899996 -2.643624166999966)
2022,VEGETAÇÃO,C60L63,POINT (-58.91848715899995 -2.620764166999966)
2022,VEGETAÇÃO,C60L63,POINT (-58.90876715899995 -2.5364341669999657)
2022,VEGETAÇÃO,C60L63,POINT (-58.95727715899996 -2.5259941669999657)
2022,VEGETAÇÃO,C60L63,POINT (-58.94863715899995 -2.5780141669999663)
2022,VEGETAÇÃO,C60L63,POINT (-58.836137158999954 -2.632194166999966)
2022,VEGETAÇÃO,C60L63,POINT (-58.77367715899995 -2.591514166999966)
2022,VEGETAÇÃO,C60L63,POINT (-58.921367158999956 -2.6312941669999663)
2022,VEGETAÇÃO,C60L63,POINT (-58.82731715899995 -2.660274166999966)
2022,VEGETAÇÃO,C60L63,POINT (-58.98346715899996 -2.565684166999966)
2022,VEGETAÇÃO,C60L63,POINT (-58.82182715899995 -2.6748541669999657)
2022,VEGETAÇÃO,C60L63,POINT (-58.94809715899996 -2.735964166999965)
2022,VEGETAÇÃO,C60L63,POINT (-58.91479715899995 -2.590434166999966)
2022,VEGETAÇÃO,C60L63,POINT (-58.87375715899995 -2.526264166999966)
2022,VEGETAÇÃO,C60L63,POINT (-58.80409715899995 -2.7411841669999664)
2022,VEGETAÇÃO,C60L63,POINT (-58.902467158999954 -2.7132841669999657)
2022,VEGETAÇÃO,C60L63,POINT (-58.91290715899996 -2.6006041669999655)
2022,VEGETAÇÃO,C60L63,POINT (-58.797977158999956 -2.718954166999966)
2022,VEGETAÇÃO,C60L63,POINT (-58.858187158999954 -2.600874166999966)
2022,VEGETAÇÃO,C60L63,POINT (-58.87096715899995 -2.6198641669999656)
2022,VEGETAÇÃO,C60L63,POINT (-58.859267158999955 -2.5687441669999656)
2022,VEGETAÇÃO,C60L63,POINT (-58.846307158999956 -2.6462341669999656)
2022,VEGETAÇÃO,C60L63,POINT (-58.98040715899995 -2.5763041669999662)
2022,VEGETAÇÃO,C60L63,POINT (-58.97509715899995 -2.607984166999966)
2022,VEGETAÇÃO,C60L63,POINT (-58.86529715899995 -2.6647741669999663)
2022,VEGETAÇÃO,C60L63,POINT (-58.867187158999954 -2.562444166999966)
2022,VEGETAÇÃO,C60L63,POINT (-58.75594715899995 -2.631744166999966)
2022,VEGETAÇÃO,C60L63,POINT (-58.906967158999954 -2.6561341669999656)
2022,VEGETAÇÃO,C60L63,POINT (-58.819937158999956 -2.711844166999966)
2022,VEGETAÇÃO,C60L63,POINT (-58.88806715899995 -2.571804166999966)
2022,VEGETAÇÃO,C60L63,POINT (-58.81363715899995 -2.672424166999966)
2022,VEGETAÇÃO,C60L63,POINT (-58.770977158999955 -2.5753141669999655)
2022,VEGETAÇÃO,C60L63,POINT (-58.947647158999956 -2.618514166999966)
2022,VEGETAÇÃO,C60L63,POINT (-58.91875715899995 -2.6543341669999663)
2022,VEGETAÇÃO,C60L63,POINT (-58.862777158999954 -2.5831441669999657)
2022,VEGETAÇÃO,C60L63,POINT (-58.84702715899995 -2.7258841669999656)
2022,VEGETAÇÃO,C60L63,POINT (-58.93234715899995 -2.734254166999966)
2022,VEGETAÇÃO,C60L63,POINT (-58.95223715899995 -2.605194166999966)
2022,VEGETAÇÃO,C60L63,POINT (-58.75513715899996 -2.663964166999966)
2022,VEGETAÇÃO,C60L63,POINT (-58.933427158999955 -2.716794166999966)
2022,VEGETAÇÃO,C60L63,POINT (-58.766027158999954 -2.5659541669999655)
2022,VEGETAÇÃO,C60L63,POINT (-58.93270715899995 -2.5466941669999663)
2022,VEGETAÇÃO,C60L63,POINT (-58.854137158999954 -2.712924166999966)
2022,VEGETAÇÃO,C60L63,POINT (-58.83127715899995 -2.7358741669999667)
2022,VEGETAÇÃO,C60L63,POINT (-58.807067158999956 -2.6990641669999658)
2022,VEGETAÇÃO,C60L63,POINT (-58.810397158999955 -2.552634166999966)
2022,VEGETAÇÃO,C60L63,POINT (-58.97140715899995 -2.5879141669999663)
2022,VEGETAÇÃO,C60L63,POINT (-58.77673715899995 -2.5655041669999656)
2022,VEGETAÇÃO,C60L63,POINT (-58.97167715899995 -2.5259041669999656)
2022,VEGETAÇÃO,C60L63,POINT (-58.80805715899995 -2.6912341669999655)
2022,VEGETAÇÃO,C60L63,POINT (-58.792937158999955 -2.6209441669999656)
2022,VEGETAÇÃO,C60L63,POINT (-58.75549715899995 -2.6413741669999657)
2022,VEGETAÇÃO,C60L63,POINT (-58.789517158999956 -2.662434166999966)
2022,VEGETAÇÃO,C60L63,POINT (-58.99723715899995 -2.507544166999966)
2022,VEGETAÇÃO,C60L63,POINT (-58.85341715899995 -2.7187741669999657)
2022,VEGETAÇÃO,C60L63,POINT (-58.77403715899995 -2.559564166999966)
2022,VEGETAÇÃO,C60L63,POINT (-58.86565715899995 -2.742084166999966)
2022,VEGETAÇÃO,C60L63,POINT (-58.99408715899995 -2.706984166999966)
2022,VEGETAÇÃO,C60L63,POINT (-58.89508715899996 -2.5972741669999655)
2022,VEGETAÇÃO,C60L63,POINT (-58.86430715899995 -2.616264166999966)
2022,VEGETAÇÃO,C60L63,POINT (-58.867457158999954 -2.6110441669999656)
2022,VEGETAÇÃO,C60L63,POINT (-58.995257158999955 -2.6364241669999657)
2022,VEGETAÇÃO,C60L63,POINT (-58.87447715899995 -2.620584166999966)
2022,VEGETAÇÃO,C60L63,POINT (-58.964747158999955 -2.7121141669999655)
2022,VEGETAÇÃO,C60L63,POINT (-58.78771715899995 -2.555244166999966)
2022,VEGETAÇÃO,C60L63,POINT (-58.94791715899996 -2.6995141669999656)
2022,VEGETAÇÃO,C60L63,POINT (-58.855127158999956 -2.672964166999966)
2022,VEGETAÇÃO,C60L63,POINT (-58.937477158999954 -2.5401241669999663)
2022,VEGETAÇÃO,C60L63,POINT (-58.96330715899995 -2.5385941669999657)
2022,VEGETAÇÃO,C60L63,POINT (-58.94125715899995 -2.709684166999966)
2022,VEGETAÇÃO,C60L63,POINT (-58.92289715899995 -2.6125741669999663)
2022,VEGETAÇÃO,C60L63,POINT (-58.96564715899996 -2.6923141669999655)
2022,VEGETAÇÃO,C60L63,POINT (-58.89202715899995 -2.560824166999966)
2022,VEGETAÇÃO,C60L63,POINT (-58.88320715899995 -2.6702641669999663)
2022,VEGETAÇÃO,C60L63,POINT (-58.85647715899995 -2.5070941669999662)
2022,VEGETAÇÃO,C60L63,POINT (-58.94494715899995 -2.672964166999966)
2022,VEGETAÇÃO,C60L63,POINT (-58.85197715899995 -2.7368641669999665)
2022,VEGETAÇÃO,C60L63,POINT (-58.951697158999956 -2.5166341669999657)
2022,VEGETAÇÃO,C60L63,POINT (-58.956467158999956 -2.6682841669999657)
2022,VEGETAÇÃO,C60L63,POINT (-58.82668715899995 -2.5478641669999655)
2022,VEGETAÇÃO,C60L63,POINT (-58.910927158999954 -2.503764166999966)
2022,VEGETAÇÃO,C60L63,POINT (-58.867097158999954 -2.565144166999966)
2022,VEGETAÇÃO,C60L63,POINT (-58.842167158999956 -2.7337141669999667)
2022,VEGETAÇÃO,C60L63,POINT (-58.83469715899995 -2.710764166999966)
2022,VEGETAÇÃO,C60L63,POINT (-58.96663715899995 -2.6501041669999656)
2022,VEGETAÇÃO,C60L63,POINT (-58.79851715899996 -2.6418241669999656)
2022,VEGETAÇÃO,C60L63,POINT (-58.89535715899996 -2.7143641669999656)
2022,VEGETAÇÃO,C60L63,POINT (-58.884917158999954 -2.561904166999966)
2022,VEGETAÇÃO,C60L63,POINT (-58.96159715899995 -2.657934166999966)
2022,VEGETAÇÃO,C60L63,POINT (-58.92253715899995 -2.5556941669999658)
2022,VEGETAÇÃO,C60L63,POINT (-58.853957158999954 -2.6224741669999663)
2022,VEGETAÇÃO,C60L63,POINT (-58.85332715899995 -2.6419141669999657)
2022,VEGETAÇÃO,C60L63,POINT (-58.79941715899995 -2.7012241669999657)
2022,VEGETAÇÃO,C60L63,POINT (-58.780697158999956 -2.5296841669999663)
2022,VEGETAÇÃO,C60L63,POINT (-58.842167158999956 -2.517804166999966)
2022,VEGETAÇÃO,C60L63,POINT (-58.99849715899995 -2.618514166999966)
2022,VEGETAÇÃO,C60L63,POINT (-58.771247158999955 -2.700954166999966)
2022,VEGETAÇÃO,C60L63,POINT (-58.818587158999954 -2.5324741669999655)
2022,VEGETAÇÃO,C60L63,POINT (-58.76854715899995 -2.6182441669999656)
2022,VEGETAÇÃO,C60L63,POINT (-58.92559715899995 -2.5369741669999657)
2022,VEGETAÇÃO,C60L63,POINT (-58.819757158999955 -2.590524166999966)
2022,VEGETAÇÃO,C60L63,POINT (-58.86205715899995 -2.7224641669999663)
2022,VEGETAÇÃO,C60L63,POINT (-58.86097715899995 -2.735334166999966)
2022,VEGETAÇÃO,C60L63,POINT (-58.806437158999955 -2.578374166999966)
2022,VEGETAÇÃO,C60L63,POINT (-58.871777158999954 -2.593854166999966)
2022,VEGETAÇÃO,C60L63,POINT (-58.86934715899996 -2.690424166999966)
2022,VEGETAÇÃO,C60L63,POINT (-58.98778715899995 -2.748564166999966)
2022,VEGETAÇÃO,C60L63,POINT (-58.97095715899995 -2.5160041669999655)
2022,VEGETAÇÃO,C60L63,POINT (-58.99606715899995 -2.693124166999966)
2022,VEGETAÇÃO,C60L63,POINT (-58.796897158999954 -2.681154166999966)
2022,VEGETAÇÃO,C60L63,POINT (-58.976897158999954 -2.6347141669999656)
2022,VEGETAÇÃO,C60L63,POINT (-58.77394715899995 -2.690514166999966)
2022,VEGETAÇÃO,C60L63,POINT (-58.75099715899995 -2.700414166999966)
2022,VEGETAÇÃO,C60L63,POINT (-58.87906715899995 -2.6567641669999658)
2022,VEGETAÇÃO,C60L63,POINT (-58.885007158999954 -2.604744166999966)
2022,VEGETAÇÃO,C60L63,POINT (-58.792487158999954 -2.545434166999966)
2022,VEGETAÇÃO,C60L63,POINT (-58.91407715899995 -2.5528141669999656)
2022,VEGETAÇÃO,C60L63,POINT (-58.87996715899995 -2.6742241669999656)
2022,VEGETAÇÃO,C60L63,POINT (-58.79122715899995 -2.595474166999966)
2022,VEGETAÇÃO,C60L63,POINT (-58.90552715899995 -2.516184166999966)
2022,VEGETAÇÃO,C60L63,POINT (-58.93117715899995 -2.642634166999966)
2022,VEGETAÇÃO,C60L63,POINT (-58.796807158999954 -2.569014166999966)
2022,VEGETAÇÃO,C60L63,POINT (-58.95826715899995 -2.5759441669999656)
2022,VEGETAÇÃO,C60L63,POINT (-58.903097158999955 -2.6336341669999657)
2022,VEGETAÇÃO,C60L63,POINT (-58.93981715899996 -2.580624166999966)
2022,VEGETAÇÃO,C60L63,POINT (-58.80904715899995 -2.584494166999966)
2022,VEGETAÇÃO,C60L63,POINT (-58.95763715899995 -2.696454166999966)
2022,VEGETAÇÃO,C60L63,POINT (-58.815887158999956 -2.5298641669999657)
2022,VEGETAÇÃO,C60L63,POINT (-58.806707158999956 -2.671614166999966)
2022,VEGETAÇÃO,C60L63,POINT (-58.84729715899995 -2.6440741669999657)
2022,VEGETAÇÃO,C60L63,POINT (-58.933877158999955 -2.6797141669999656)
2022,VEGETAÇÃO,C60L63,POINT (-58.94863715899995 -2.674584166999966)
2022,VEGETAÇÃO,C60L63,POINT (-58.80085715899995 -2.6840341669999663)
2022,VEGETAÇÃO,C60L63,POINT (-58.86547715899995 -2.6154541669999656)
2022,VEGETAÇÃO,C60L63,POINT (-58.920197158999954 -2.7383941669999654)
2022,VEGETAÇÃO,C60L63,POINT (-58.85737715899995 -2.5160941669999657)
2022,VEGETAÇÃO,C60L63,POINT (-58.806707158999956 -2.706264166999966)
2022,VEGETAÇÃO,C60L63,POINT (-58.965017158999956 -2.666934166999966)
2022,VEGETAÇÃO,C60L63,POINT (-58.941617158999954 -2.623914166999966)
2022,VEGETAÇÃO,C60L63,POINT (-58.95745715899995 -2.663424166999966)
2022,VEGETAÇÃO,C60L63,POINT (-58.801757158999955 -2.621214166999966)
2022,VEGETAÇÃO,C60L63,POINT (-58.938377158999955 -2.5367941669999663)
2022,VEGETAÇÃO,C60L63,POINT (-58.85125715899996 -2.654064166999966)
2022,VEGETAÇÃO,C60L63,POINT (-58.87384715899995 -2.6588341669999656)
2022,VEGETAÇÃO,C60L63,POINT (-58.929827158999956 -2.6434441669999655)
2022,VEGETAÇÃO,C60L63,POINT (-58.973477158999955 -2.605824166999966)
2022,VEGETAÇÃO,C60L63,POINT (-58.868627158999956 -2.609064166999966)
2022,VEGETAÇÃO,C60L63,POINT (-58.85593715899995 -2.5741441669999663)
2022,VEGETAÇÃO,C60L63,POINT (-58.998947158999954 -2.650914166999966)
2022,VEGETAÇÃO,C60L63,POINT (-58.991297158999956 -2.633814166999966)
2022,VEGETAÇÃO,C60L63,POINT (-58.97572715899995 -2.5055641669999655)
2022,VEGETAÇÃO,C60L63,POINT (-58.77637715899995 -2.5253641669999656)
2022,VEGETAÇÃO,C60L63,POINT (-58.87942715899995 -2.6861941669999663)
2022,VEGETAÇÃO,C60L63,POINT (-58.907147158999955 -2.614554166999966)
2022,VEGETAÇÃO,C60L63,POINT (-58.969157158999955 -2.7326341669999668)
2022,VEGETAÇÃO,C60L63,POINT (-58.90075715899995 -2.6039341669999656)
2022,VEGETAÇÃO,C60L63,POINT (-58.893287158999954 -2.5847641669999657)
2022,VEGETAÇÃO,C60L63,POINT (-58.758017158999955 -2.5665841669999656)
2022,VEGETAÇÃO,C60L63,POINT (-58.96987715899995 -2.535444166999966)
2022,VEGETAÇÃO,C60L63,POINT (-58.871867158999954 -2.699244166999966)
2022,VEGETAÇÃO,C60L63,POINT (-58.964567158999955 -2.560914166999966)
2022,VEGETAÇÃO,C60L63,POINT (-58.92271715899995 -2.630664166999966)
2022,VEGETAÇÃO,C60L63,POINT (-58.868177158999956 -2.6439841669999655)
2022,VEGETAÇÃO,C60L63,POINT (-58.96735715899995 -2.739924166999966)
2022,VEGETAÇÃO,C60L63,POINT (-58.79023715899996 -2.694744166999966)
2022,VEGETAÇÃO,C60L63,POINT (-58.960607158999956 -2.699334166999966)
2022,VEGETAÇÃO,C60L63,POINT (-58.806077158999955 -2.5638841669999657)
2022,VEGETAÇÃO,C60L63,POINT (-58.81750715899995 -2.667834166999966)
2022,VEGETAÇÃO,C60L63,POINT (-58.98976715899995 -2.5302241669999663)
2022,VEGETAÇÃO,C60L63,POINT (-58.78618715899995 -2.603574166999966)
2022,VEGETAÇÃO,C60L63,POINT (-58.969067158999955 -2.6099641669999656)
2022,VEGETAÇÃO,C60L63,POINT (-58.956197158999956 -2.732184166999966)
2022,VEGETAÇÃO,C60L63,POINT (-58.916597158999956 -2.567484166999966)
2022,VEGETAÇÃO,C60L63,POINT (-58.924607158999954 -2.6654941669999657)
2022,VEGETAÇÃO,C60L63,POINT (-58.90075715899995 -2.635434166999966)
2022,VEGETAÇÃO,C60L63,POINT (-58.959257158999954 -2.5770241669999656)
2022,VEGETAÇÃO,C60L63,POINT (-58.862957158999954 -2.677374166999966)
2022,VEGETAÇÃO,C60L63,POINT (-58.97419715899996 -2.7385741669999657)
2022,VEGETAÇÃO,C60L63,POINT (-58.93135715899995 -2.6671141669999656)
2022,VEGETAÇÃO,C60L63,POINT (-58.87411715899995 -2.5444441669999662)
2022,VEGETAÇÃO,C60L63,POINT (-58.985807158999954 -2.5803541669999657)
2022,VEGETAÇÃO,C60L63,POINT (-58.80949715899995 -2.5065541669999662)
2022,VEGETAÇÃO,C60L63,POINT (-58.99345715899995 -2.596554166999966)
2022,VEGETAÇÃO,C60L63,POINT (-58.91065715899995 -2.6296741669999655)
2022,VEGETAÇÃO,C60L63,POINT (-58.98985715899995 -2.7012241669999657)
2022,VEGETAÇÃO,C60L63,POINT (-58.87384715899995 -2.549214166999966)
2022,VEGETAÇÃO,C60L63,POINT (-58.818677158999954 -2.667294166999966)
2022,VEGETAÇÃO,C60L63,POINT (-58.91065715899995 -2.611224166999966)
2022,VEGETAÇÃO,C60L63,POINT (-58.79050715899995 -2.7279541669999663)
2022,VEGETAÇÃO,C60L63,POINT (-58.77862715899995 -2.730384166999966)
2022,VEGETAÇÃO,C60L63,POINT (-58.96231715899995 -2.584314166999966)
2022,VEGETAÇÃO,C60L63,POINT (-58.75189715899995 -2.515644166999966)
2022,VEGETAÇÃO,C60L63,POINT (-58.880147158999954 -2.721294166999966)
2022,VEGETAÇÃO,C60L63,POINT (-58.99615715899995 -2.6555941669999656)
2022,VEGETAÇÃO,C60L63,POINT (-58.97671715899995 -2.5078141669999656)
2022,VEGETAÇÃO,C60L63,POINT (-58.94512715899995 -2.6313841669999656)
2022,VEGETAÇÃO,C60L63,POINT (-58.96195715899995 -2.6852941669999657)
2022,VEGETAÇÃO,C60L63,POINT (-58.818767158999954 -2.7214741669999656)
2022,VEGETAÇÃO,C60L63,POINT (-58.757297158999954 -2.6924041669999657)
2022,VEGETAÇÃO,C60L63,POINT (-58.89229715899995 -2.535624166999966)
2022,VEGETAÇÃO,C60L63,POINT (-58.93099715899996 -2.661804166999966)
2022,VEGETAÇÃO,C60L63,POINT (-58.88446715899995 -2.6060041669999663)
2022,VEGETAÇÃO,C60L63,POINT (-58.87978715899995 -2.692584166999966)
2022,VEGETAÇÃO,C60L63,POINT (-58.771787158999956 -2.654244166999966)
2022,VEGETAÇÃO,C60L63,POINT (-58.89508715899996 -2.540934166999966)
2022,VEGETAÇÃO,C60L63,POINT (-58.88221715899995 -2.675124166999966)
2022,VEGETAÇÃO,C60L63,POINT (-58.94899715899995 -2.5348141669999658)
2022,VEGETAÇÃO,C60L63,POINT (-58.779617158999955 -2.6752141669999663)
2022,VEGETAÇÃO,C60L63,POINT (-58.75999715899995 -2.5346341669999655)
2022,VEGETAÇÃO,C60L63,POINT (-58.959617158999954 -2.7395641669999655)
2022,VEGETAÇÃO,C60L63,POINT (-58.889147158999954 -2.5813441669999655)
2022,VEGETAÇÃO,C60L63,POINT (-58.76422715899995 -2.525634166999966)
2022,VEGETAÇÃO,C60L63,POINT (-58.84279715899996 -2.6015941669999663)
2022,VEGETAÇÃO,C60L63,POINT (-58.92334715899995 -2.7319141669999656)
2022,VEGETAÇÃO,C60L63,POINT (-58.82650715899995 -2.507544166999966)
2022,VEGETAÇÃO,C60L63,POINT (-58.75189715899995 -2.513574166999966)
2022,VEGETAÇÃO,C60L63,POINT (-58.85143715899996 -2.532204166999966)
2022,VEGETAÇÃO,C60L63,POINT (-58.91065715899995 -2.5653241669999662)
2022,VEGETAÇÃO,C60L63,POINT (-58.951427158999955 -2.5862941669999655)
2022,VEGETAÇÃO,C60L63,POINT (-58.83397715899996 -2.5549741669999655)
2022,VEGETAÇÃO,C60L63,POINT (-58.86601715899995 -2.661444166999966)
2022,VEGETAÇÃO,C60L63,POINT (-58.95763715899995 -2.5034941669999657)
2022,VEGETAÇÃO,C60L63,POINT (-58.93117715899995 -2.525634166999966)
2022,VEGETAÇÃO,C60L63,POINT (-58.75927715899995 -2.6056441669999657)
2022,VEGETAÇÃO,C60L63,POINT (-58.83469715899995 -2.5451641669999656)
2022,VEGETAÇÃO,C60L63,POINT (-58.91461715899995 -2.506824166999966)
2022,VEGETAÇÃO,C60L63,POINT (-58.868627158999956 -2.5880941669999658)
2022,VEGETAÇÃO,C60L63,POINT (-58.990937158999955 -2.707884166999966)
2022,VEGETAÇÃO,C60L63,POINT (-58.84333715899995 -2.5796341669999663)
2022,VEGETAÇÃO,C60L63,POINT (-58.96258715899995 -2.526624166999966)
2022,VEGETAÇÃO,C60L63,POINT (-58.98787715899995 -2.7082441669999655)
2022,VEGETAÇÃO,C60L63,POINT (-58.78564715899995 -2.6351641669999655)
2022,VEGETAÇÃO,C60L63,POINT (-58.76863715899995 -2.7357841669999665)
2022,VEGETAÇÃO,C60L63,POINT (-58.968797158999955 -2.743074166999966)
2022,VEGETAÇÃO,C60L63,POINT (-58.98445715899995 -2.5473241669999656)
2022,VEGETAÇÃO,C60L63,POINT (-58.97005715899995 -2.728944166999966)
2022,VEGETAÇÃO,C60L63,POINT (-58.761797158999954 -2.6825041669999656)
2022,VEGETAÇÃO,C60L63,POINT (-58.98013715899995 -2.5389541669999662)
2022,VEGETAÇÃO,C60L63,POINT (-58.75504715899996 -2.605914166999966)
2022,VEGETAÇÃO,C60L63,POINT (-58.836947158999955 -2.678454166999966)
2022,VEGETAÇÃO,C60L63,POINT (-58.89121715899995 -2.5633441669999657)
2022,VEGETAÇÃO,C60L63,POINT (-58.840907158999954 -2.6817841669999662)
2022,VEGETAÇÃO,C60L63,POINT (-58.942247158999955 -2.6823241669999662)
2022,VEGETAÇÃO,C60L63,POINT (-58.972397158999954 -2.5699141669999657)
2022,VEGETAÇÃO,C60L63,POINT (-58.80805715899995 -2.595834166999966)
2022,VEGETAÇÃO,C60L63,POINT (-58.92307715899995 -2.6461441669999664)
2022,VEGETAÇÃO,C60L63,POINT (-58.779617158999955 -2.6622541669999658)
2022,VEGETAÇÃO,C60L63,POINT (-58.779527158999954 -2.505834166999966)
2022,VEGETAÇÃO,C60L63,POINT (-58.90039715899995 -2.6573041669999657)
2022,VEGETAÇÃO,C60L63,POINT (-58.84423715899995 -2.5637941669999655)
2022,VEGETAÇÃO,C60L63,POINT (-58.77853715899995 -2.5302241669999663)
2022,VEGETAÇÃO,C60L63,POINT (-58.91272715899996 -2.692494166999966)
2022,VEGETAÇÃO,C60L63,POINT (-58.99291715899995 -2.7104941669999656)
2022,VEGETAÇÃO,C60L63,POINT (-58.75477715899996 -2.605734166999966)
2022,VEGETAÇÃO,C60L63,POINT (-58.973657158999956 -2.5637941669999655)
2022,VEGETAÇÃO,C60L63,POINT (-58.98436715899995 -2.6330041669999655)
2022,VEGETAÇÃO,C60L63,POINT (-58.995617158999956 -2.703564166999966)
2022,VEGETAÇÃO,C60L63,POINT (-58.93684715899995 -2.6670241669999655)
2022,VEGETAÇÃO,C60L63,POINT (-58.757747158999955 -2.6675641669999663)
2022,VEGETAÇÃO,C60L63,POINT (-58.89202715899995 -2.5842241669999657)
2022,VEGETAÇÃO,C60L63,POINT (-58.86178715899995 -2.6098741669999663)
2022,VEGETAÇÃO,C60L63,POINT (-58.757837158999955 -2.7492841669999653)
2022,VEGETAÇÃO,C60L63,POINT (-58.82497715899996 -2.5054741669999663)
2022,VEGETAÇÃO,C60L63,POINT (-58.79464715899995 -2.6935741669999658)
2022,VEGETAÇÃO,C60L63,POINT (-58.78339715899995 -2.6604541669999655)
2022,VEGETAÇÃO,C60L63,POINT (-58.78762715899995 -2.671704166999966)
2022,VEGETAÇÃO,C60L63,POINT (-58.81750715899995 -2.630484166999966)
2022,VEGETAÇÃO,C60L63,POINT (-58.995077158999955 -2.5698241669999655)
2022,VEGETAÇÃO,C60L63,POINT (-58.93063715899996 -2.6109541669999663)
2022,VEGETAÇÃO,C60L63,POINT (-58.77682715899995 -2.527254166999966)
2022,VEGETAÇÃO,C60L63,POINT (-58.836947158999955 -2.6517241669999656)
2022,VEGETAÇÃO,C60L63,POINT (-58.81597715899996 -2.6895241669999663)
2022,VEGETAÇÃO,C60L63,POINT (-58.85233715899995 -2.7148141669999664)
2022,VEGETAÇÃO,C60L63,POINT (-58.90192715899995 -2.7166141669999657)
2022,VEGETAÇÃO,C60L63,POINT (-58.86124715899995 -2.653704166999966)
2022,VEGETAÇÃO,C60L63,POINT (-58.941797158999954 -2.5088041669999663)
2022,VEGETAÇÃO,C60L63,POINT (-58.890047158999955 -2.626704166999966)
2022,VEGETAÇÃO,C60L63,POINT (-58.87339715899995 -2.582334166999966)
2022,VEGETAÇÃO,C60L63,POINT (-58.92748715899995 -2.5686541669999663)
2022,VEGETAÇÃO,C60L63,POINT (-58.78636715899995 -2.600244166999966)
2022,VEGETAÇÃO,C60L63,POINT (-58.98805715899995 -2.5539841669999657)
2022,VEGETAÇÃO,C60L63,POINT (-58.85728715899995 -2.6522641669999656)
2022,VEGETAÇÃO,C60L63,POINT (-58.82632715899995 -2.531664166999966)
2022,VEGETAÇÃO,C60L63,POINT (-58.84018715899995 -2.6187841669999656)
2022,VEGETAÇÃO,C60L63,POINT (-58.80913715899995 -2.693034166999966)
2022,VEGETAÇÃO,C60L63,POINT (-58.761977158999954 -2.597004166999966)
2022,VEGETAÇÃO,C60L63,POINT (-58.91740715899995 -2.6463241669999658)
2022,VEGETAÇÃO,C60L63,POINT (-58.79923715899995 -2.706804166999966)
2022,VEGETAÇÃO,C60L63,POINT (-58.87789715899996 -2.678994166999966)
2022,VEGETAÇÃO,C60L63,POINT (-58.90849715899995 -2.586654166999966)
2022,VEGETAÇÃO,C60L63,POINT (-58.90498715899995 -2.525184166999966)
2022,VEGETAÇÃO,C60L63,POINT (-58.98949715899995 -2.511774166999966)
2022,VEGETAÇÃO,C60L63,POINT (-58.793477158999956 -2.6752141669999663)
2022,VEGETAÇÃO,C60L63,POINT (-58.78123715899996 -2.5996141669999657)
2022,VEGETAÇÃO,C60L63,POINT (-58.762427158999955 -2.622924166999966)
2022,VEGETAÇÃO,C60L63,POINT (-58.90615715899995 -2.7445141669999664)
2022,VEGETAÇÃO,C60L63,POINT (-58.77421715899995 -2.6390341669999655)
2022,VEGETAÇÃO,C60L63,POINT (-58.92820715899995 -2.6318341669999663)
2022,VEGETAÇÃO,C60L63,POINT (-58.79536715899995 -2.5653241669999662)
2022,VEGETAÇÃO,C60L63,POINT (-58.832717158999955 -2.5863841669999657)
2022,VEGETAÇÃO,C60L63,POINT (-58.854587158999955 -2.7401941669999665)
2022,VEGETAÇÃO,C60L63,POINT (-58.89139715899995 -2.714544166999966)
2022,VEGETAÇÃO,C60L63,POINT (-58.83451715899995 -2.5022341669999655)
2022,VEGETAÇÃO,C60L63,POINT (-58.85791715899995 -2.539854166999966)
2022,VEGETAÇÃO,C60L63,POINT (-58.815707158999956 -2.6143741669999656)
2022,VEGETAÇÃO,C60L63,POINT (-58.82920715899995 -2.540034166999966)
2022,VEGETAÇÃO,C60L63,POINT (-58.98301715899996 -2.5617241669999657)
2022,VEGETAÇÃO,C60L63,POINT (-58.932887158999954 -2.574414166999966)
2022,VEGETAÇÃO,C60L63,POINT (-58.97446715899996 -2.5688341669999657)
2022,VEGETAÇÃO,C60L63,POINT (-58.924067158999954 -2.6940241669999656)
2022,VEGETAÇÃO,C60L63,POINT (-58.814897158999955 -2.610144166999966)
2022,VEGETAÇÃO,C60L63,POINT (-58.94827715899996 -2.638224166999966)
2022,VEGETAÇÃO,C60L63,POINT (-58.84909715899995 -2.733264166999966)
2022,VEGETAÇÃO,C60L63,POINT (-58.76755715899995 -2.6115841669999655)
2022,VEGETAÇÃO,C60L63,POINT (-58.968347158999954 -2.710854166999966)
2022,VEGETAÇÃO,C60L63,POINT (-58.91011715899995 -2.6913241669999657)
2022,VEGETAÇÃO,C60L63,POINT (-58.920197158999954 -2.575494166999966)
2022,VEGETAÇÃO,C60L63,POINT (-58.858997158999955 -2.576124166999966)
2022,VEGETAÇÃO,C60L63,POINT (-58.93702715899995 -2.6308441669999656)
2022,VEGETAÇÃO,C60L63,POINT (-58.77457715899995 -2.630034166999966)
2022,VEGETAÇÃO,C60L63,POINT (-58.96114715899995 -2.579904166999966)
2022,VEGETAÇÃO,C60L63,POINT (-58.84675715899995 -2.7109441669999663)
2022,VEGETAÇÃO,C60L63,POINT (-58.97131715899995 -2.681064166999966)
2022,VEGETAÇÃO,C60L63,POINT (-58.797437158999955 -2.726154166999966)
2022,VEGETAÇÃO,C60L63,POINT (-58.938917158999956 -2.621214166999966)
2022,VEGETAÇÃO,C60L63,POINT (-58.753967158999956 -2.699784166999966)
2022,VEGETAÇÃO,C60L63,POINT (-58.99768715899995 -2.570634166999966)
2022,VEGETAÇÃO,C60L63,POINT (-58.92280715899995 -2.6851141669999663)
2022,VEGETAÇÃO,C60L63,POINT (-58.815797158999956 -2.668464166999966)
2022,VEGETAÇÃO,C60L63,POINT (-58.859177158999955 -2.565774166999966)
2022,VEGETAÇÃO,C60L63,POINT (-58.872227158999955 -2.6688241669999657)
2022,VEGETAÇÃO,C60L63,POINT (-58.96564715899996 -2.7213841669999663)
2022,VEGETAÇÃO,C60L63,POINT (-58.77403715899995 -2.7286741669999657)
2022,VEGETAÇÃO,C60L63,POINT (-58.99183715899996 -2.656404166999966)
2022,VEGETAÇÃO,C60L63,POINT (-58.86493715899995 -2.575134166999966)
2022,VEGETAÇÃO,C60L63,POINT (-58.97833715899995 -2.5913341669999657)
2022,VEGETAÇÃO,C60L63,POINT (-58.907327158999955 -2.644164166999966)
2022,VEGETAÇÃO,C60L63,POINT (-58.83865715899995 -2.605914166999966)
2022,VEGETAÇÃO,C60L63,POINT (-58.919837158999954 -2.616804166999966)
2022,VEGETAÇÃO,C60L63,POINT (-58.814357158999954 -2.670534166999966)
2022,VEGETAÇÃO,C60L63,POINT (-58.92586715899995 -2.571804166999966)
2022,VEGETAÇÃO,C60L63,POINT (-58.91884715899995 -2.5847641669999657)
2022,VEGETAÇÃO,C60L63,POINT (-58.78276715899995 -2.6578441669999657)
2022,VEGETAÇÃO,C60L63,POINT (-58.995077158999955 -2.6391241669999657)
2022,VEGETAÇÃO,C60L63,POINT (-58.80310715899995 -2.5654141669999655)
2022,VEGETAÇÃO,C60L63,POINT (-58.94827715899996 -2.6615341669999655)
2022,VEGETAÇÃO,C60L63,POINT (-58.837577158999956 -2.613564166999966)
2022,VEGETAÇÃO,C60L63,POINT (-58.981847158999955 -2.6253541669999656)
2022,VEGETAÇÃO,C60L63,POINT (-58.99705715899995 -2.576664166999966)
2022,VEGETAÇÃO,C60L63,POINT (-58.84864715899995 -2.681514166999966)
2022,VEGETAÇÃO,C60L63,POINT (-58.95808715899995 -2.5792741669999657)
2022,VEGETAÇÃO,C60L63,POINT (-58.87438715899995 -2.6737741669999657)
2022,VEGETAÇÃO,C60L63,POINT (-58.752707158999954 -2.501964166999966)
2022,VEGETAÇÃO,C60L63,POINT (-58.77772715899995 -2.549214166999966)
