year,label,tile,geometry
2024,CORTE SELETIVO,C51L34,"POLYGON ((-61.11249999999999 -9.9237, -61.112399999999994 -9.9237, -61.112399999999994 -9.9238, -61.11249999999999 -9.9238, -61.11249999999999 -9.9237))"
2024,CORTE SELETIVO,C51L34,"POLYGON ((-61.05329999999999 -9.7956, -61.05319999999999 -9.7956, -61.05319999999999 -9.7957, -61.05329999999999 -9.7957, -61.05329999999999 -9.7956))"
2024,CORTE SELETIVO,C51L34,"POLYGON ((-61.13269999999999 -9.9418, -61.13259999999999 -9.9418, -61.13259999999999 -9.9419, -61.13269999999999 -9.9419, -61.13269999999999 -9.9418))"
2024,CORTE SELETIVO,C51L34,"POLYGON ((-61.06629999999999 -9.9026, -61.066199999999995 -9.9026, -61.066199999999995 -9.9027, -61.06629999999999 -9.9027, -61.06629999999999 -9.9026))"
2024,CORTE SELETIVO,C51L34,"POLYGON ((-61.13549999999999 -9.9511, -61.13539999999999 -9.9511, -61.13539999999999 -9.9512, -61.13549999999999 -9.9512, -61.13549999999999 -9.9511))"
2024,CORTE SELETIVO,C51L34,"POLYGON ((-61.105399999999996 -9.9355, -61.105399999999996 -9.9354, -61.10529999999999 -9.9354, -61.10529999999999 -9.9355, -61.105399999999996 -9.9355))"
2024,CORTE SELETIVO,C51L34,"POLYGON ((-61.105399999999996 -9.9352, -61.10529999999999 -9.9352, -61.10529999999999 -9.9353, -61.105399999999996 -9.9353, -61.105399999999996 -9.9352))"
2024,CORTE SELETIVO,C51L34,"POLYGON ((-61.131699999999995 -9.9264, -61.13159999999999 -9.9264, -61.13159999999999 -9.9265, -61.131699999999995 -9.9265, -61.131699999999995 -9.9264))"
2024,CORTE SELETIVO,C51L34,"POLYGON ((-61.09969999999999 -9.9221, -61.09969999999999 -9.9222, -61.09989999999999 -9.9222, -61.09989999999999 -9.9221, -61.099799999999995 -9.9221, -61.099799999999995 -9.9219, -61.099599999999995 -9.9219, -61.099599999999995 -9.9221, -61.09969999999999 -9.9221))"
2024,CORTE SELETIVO,C51L34,"POLYGON ((-61.11169999999999 -9.9087, -61.111599999999996 -9.9087, -61.111599999999996 -9.9088, -61.11169999999999 -9.9088, -61.11169999999999 -9.9087))"
2024,CORTE SELETIVO,C51L34,"POLYGON ((-61.24609999999999 -9.8923, -61.245999999999995 -9.8923, -61.245999999999995 -9.8924, -61.24609999999999 -9.8924, -61.24609999999999 -9.8923))"
2024,CORTE SELETIVO,C51L34,"POLYGON ((-61.01989999999999 -9.9649, -61.01989999999999 -9.9648, -61.01979999999999 -9.9648, -61.01979999999999 -9.9649, -61.01989999999999 -9.9649))"
2024,CORTE SELETIVO,C51L34,"POLYGON ((-61.01059999999999 -9.9586, -61.01049999999999 -9.9586, -61.01049999999999 -9.9587, -61.01059999999999 -9.9587, -61.01059999999999 -9.9586))"
2024,CORTE SELETIVO,C51L34,"POLYGON ((-61.02239999999999 -9.9404, -61.022299999999994 -9.9404, -61.022299999999994 -9.9405, -61.02239999999999 -9.9405, -61.02239999999999 -9.9404))"
2024,CORTE SELETIVO,C51L34,"POLYGON ((-61.09259999999999 -9.9028, -61.09259999999999 -9.9027, -61.092699999999994 -9.9027, -61.092699999999994 -9.9026, -61.092499999999994 -9.9026, -61.092499999999994 -9.9028, -61.09259999999999 -9.9028))"
2024,CORTE SELETIVO,C51L34,"POLYGON ((-61.030699999999996 -9.891, -61.03059999999999 -9.891, -61.03059999999999 -9.8911, -61.030699999999996 -9.8911, -61.030699999999996 -9.891))"
2024,CORTE SELETIVO,C51L34,"POLYGON ((-61.01049999999999 -9.7723, -61.01069999999999 -9.7723, -61.01069999999999 -9.7722, -61.01059999999999 -9.7722, -61.01059999999999 -9.7721, -61.01039999999999 -9.7721, -61.01039999999999 -9.7724, -61.01049999999999 -9.7724, -61.01049999999999 -9.7723))"
2024,CORTE SELETIVO,C51L34,"POLYGON ((-61.20409999999999 -9.9522, -61.20399999999999 -9.9522, -61.20399999999999 -9.9524, -61.20409999999999 -9.9524, -61.20409999999999 -9.9522))"
2024,CORTE SELETIVO,C51L34,"POLYGON ((-61.20409999999999 -9.9518, -61.20399999999999 -9.9518, -61.20399999999999 -9.9519, -61.20409999999999 -9.9519, -61.20409999999999 -9.9518))"
2024,CORTE SELETIVO,C51L34,"POLYGON ((-61.23599999999999 -9.9004, -61.23599999999999 -9.9005, -61.23609999999999 -9.9005, -61.23609999999999 -9.9004, -61.23599999999999 -9.9004))"
2024,CORTE SELETIVO,C51L34,"POLYGON ((-61.120599999999996 -9.9003, -61.12069999999999 -9.9003, -61.12069999999999 -9.9002, -61.120599999999996 -9.9002, -61.120599999999996 -9.9003))"
2024,CORTE SELETIVO,C51L34,"POLYGON ((-61.05319999999999 -9.7959, -61.05329999999999 -9.7959, -61.05329999999999 -9.7957, -61.05319999999999 -9.7957, -61.05319999999999 -9.7959))"
2024,CORTE SELETIVO,C51L34,"POLYGON ((-61.09729999999999 -9.9166, -61.097199999999994 -9.9166, -61.097199999999994 -9.9167, -61.09729999999999 -9.9167, -61.09729999999999 -9.9166))"
2024,CORTE SELETIVO,C51L34,"POLYGON ((-61.00889999999999 -9.804, -61.00889999999999 -9.8041, -61.00899999999999 -9.8041, -61.00899999999999 -9.804, -61.00889999999999 -9.804))"
2024,CORTE SELETIVO,C51L34,"POLYGON ((-61.01409999999999 -9.7851, -61.01409999999999 -9.7852, -61.014199999999995 -9.7852, -61.014199999999995 -9.7851, -61.01409999999999 -9.7851))"
2024,CORTE SELETIVO,C51L34,"POLYGON ((-61.01749999999999 -9.9695, -61.017599999999995 -9.9695, -61.017599999999995 -9.9694, -61.01749999999999 -9.9694, -61.01749999999999 -9.9695))"
2024,CORTE SELETIVO,C51L34,"POLYGON ((-61.16149999999999 -9.9485, -61.16149999999999 -9.9484, -61.16139999999999 -9.9484, -61.16139999999999 -9.9485, -61.16149999999999 -9.9485))"
2024,CORTE SELETIVO,C51L34,"POLYGON ((-61.12029999999999 -9.9361, -61.12029999999999 -9.936, -61.12019999999999 -9.936, -61.12019999999999 -9.9361, -61.12029999999999 -9.9361))"
2024,CORTE SELETIVO,C51L34,"POLYGON ((-61.09139999999999 -9.9174, -61.09139999999999 -9.9175, -61.09159999999999 -9.9175, -61.09159999999999 -9.917300000000001, -61.091499999999996 -9.917300000000001, -61.091499999999996 -9.9174, -61.09139999999999 -9.9174))"
2024,CORTE SELETIVO,C51L34,"POLYGON ((-61.119899999999994 -9.9031, -61.119899999999994 -9.9029, -61.11979999999999 -9.9029, -61.11979999999999 -9.9031, -61.119899999999994 -9.9031))"
2024,CORTE SELETIVO,C51L34,"POLYGON ((-61.12049999999999 -9.903, -61.12049999999999 -9.9029, -61.12039999999999 -9.9029, -61.12039999999999 -9.903, -61.12049999999999 -9.903))"
2024,CORTE SELETIVO,C51L34,"POLYGON ((-61.004799999999996 -9.7719, -61.004799999999996 -9.7718, -61.00469999999999 -9.7718, -61.00469999999999 -9.7719, -61.004799999999996 -9.7719))"
2024,CORTE SELETIVO,C51L34,"POLYGON ((-61.02239999999999 -9.9405, -61.022299999999994 -9.9405, -61.022299999999994 -9.9406, -61.02239999999999 -9.9406, -61.02239999999999 -9.9405))"
2024,CORTE SELETIVO,C51L34,"POLYGON ((-61.01689999999999 -9.9603, -61.016999999999996 -9.9603, -61.016999999999996 -9.9602, -61.01689999999999 -9.9602, -61.01689999999999 -9.9603))"
2024,CORTE SELETIVO,C51L34,"POLYGON ((-61.16139999999999 -9.9484, -61.16149999999999 -9.9484, -61.16149999999999 -9.9486, -61.16159999999999 -9.9486, -61.16159999999999 -9.9483, -61.16139999999999 -9.9483, -61.16139999999999 -9.9484))"
2024,CORTE SELETIVO,C51L34,"POLYGON ((-61.09139999999999 -9.917300000000001, -61.091499999999996 -9.917300000000001, -61.091499999999996 -9.9172, -61.09139999999999 -9.9172, -61.09139999999999 -9.917300000000001))"
2024,CORTE SELETIVO,C51L34,"POLYGON ((-61.09159999999999 -9.9172, -61.09159999999999 -9.9171, -61.091499999999996 -9.9171, -61.091499999999996 -9.9172, -61.09159999999999 -9.9172))"
2024,CORTE SELETIVO,C51L34,"POLYGON ((-61.01059999999999 -9.7724, -61.01059999999999 -9.7723, -61.01049999999999 -9.7723, -61.01049999999999 -9.7724, -61.01059999999999 -9.7724))"
2024,CORTE SELETIVO,C51L34,"POLYGON ((-61.22189999999999 -9.9471, -61.22189999999999 -9.9472, -61.221999999999994 -9.9472, -61.221999999999994 -9.9471, -61.22189999999999 -9.9471))"
2024,CORTE SELETIVO,C51L34,"POLYGON ((-61.02609999999999 -9.9165, -61.02609999999999 -9.9166, -61.026199999999996 -9.9166, -61.026199999999996 -9.9165, -61.02609999999999 -9.9165))"
2024,CORTE SELETIVO,C51L34,"POLYGON ((-61.06539999999999 -9.9757, -61.06549999999999 -9.9757, -61.06549999999999 -9.9756, -61.06539999999999 -9.9756, -61.06539999999999 -9.9757))"
2024,CORTE SELETIVO,C51L34,"POLYGON ((-61.14999999999999 -9.9329, -61.14999999999999 -9.9328, -61.149899999999995 -9.9328, -61.149899999999995 -9.9329, -61.14999999999999 -9.9329))"
2024,CORTE SELETIVO,C51L34,"POLYGON ((-61.074999999999996 -9.9088, -61.074999999999996 -9.9087, -61.07489999999999 -9.9087, -61.07489999999999 -9.9088, -61.074999999999996 -9.9088))"
2024,CORTE SELETIVO,C51L34,"POLYGON ((-61.074799999999996 -9.9085, -61.074799999999996 -9.9083, -61.07469999999999 -9.9083, -61.07469999999999 -9.9085, -61.074799999999996 -9.9085))"
2024,CORTE SELETIVO,C51L34,"POLYGON ((-61.23629999999999 -9.8942, -61.23629999999999 -9.8941, -61.23619999999999 -9.8941, -61.23619999999999 -9.8942, -61.23629999999999 -9.8942))"
2024,CORTE SELETIVO,C51L34,"POLYGON ((-61.01449999999999 -9.7966, -61.01449999999999 -9.7965, -61.014399999999995 -9.7965, -61.014399999999995 -9.7966, -61.01449999999999 -9.7966))"
2024,CORTE SELETIVO,C51L34,"POLYGON ((-61.014199999999995 -9.7966, -61.014199999999995 -9.7965, -61.01409999999999 -9.7965, -61.01409999999999 -9.7966, -61.014199999999995 -9.7966))"
2024,CORTE SELETIVO,C51L34,"POLYGON ((-61.195899999999995 -9.801, -61.19579999999999 -9.801, -61.19579999999999 -9.8011, -61.195899999999995 -9.8011, -61.195899999999995 -9.801))"
2024,CORTE SELETIVO,C51L34,"POLYGON ((-61.090799999999994 -9.9311, -61.09069999999999 -9.9311, -61.09069999999999 -9.9312, -61.090799999999994 -9.9312, -61.090799999999994 -9.9311))"
2024,CORTE SELETIVO,C51L34,"POLYGON ((-61.221799999999995 -9.9534, -61.22169999999999 -9.9534, -61.22169999999999 -9.9535, -61.221799999999995 -9.9535, -61.221799999999995 -9.9534))"
2024,CORTE SELETIVO,C51L34,"POLYGON ((-61.026599999999995 -9.9367, -61.02649999999999 -9.9367, -61.02649999999999 -9.9368, -61.026599999999995 -9.9368, -61.026599999999995 -9.9367))"
2024,CORTE SELETIVO,C51L34,"POLYGON ((-61.137299999999996 -9.9819, -61.137299999999996 -9.9818, -61.13719999999999 -9.9818, -61.13719999999999 -9.9819, -61.137299999999996 -9.9819))"
2024,CORTE SELETIVO,C51L34,"POLYGON ((-61.161699999999996 -9.9483, -61.16159999999999 -9.9483, -61.16159999999999 -9.9484, -61.161699999999996 -9.9484, -61.161699999999996 -9.9483))"
2024,CORTE SELETIVO,C51L34,"POLYGON ((-61.16149999999999 -9.9482, -61.16139999999999 -9.9482, -61.16139999999999 -9.9483, -61.16149999999999 -9.9483, -61.16149999999999 -9.9482))"
2024,CORTE SELETIVO,C51L34,"POLYGON ((-61.16159999999999 -9.9481, -61.16149999999999 -9.9481, -61.16149999999999 -9.9482, -61.16159999999999 -9.9482, -61.16159999999999 -9.9481))"
2024,CORTE SELETIVO,C51L34,"POLYGON ((-61.070699999999995 -9.9171, -61.07059999999999 -9.9171, -61.07059999999999 -9.9172, -61.070699999999995 -9.9172, -61.070699999999995 -9.9171))"
2024,CORTE SELETIVO,C51L34,"POLYGON ((-61.030499999999996 -9.8902, -61.03039999999999 -9.8902, -61.03039999999999 -9.8903, -61.030499999999996 -9.8903, -61.030499999999996 -9.8902))"
2024,CORTE SELETIVO,C51L34,"POLYGON ((-61.133599999999994 -9.7601, -61.133799999999994 -9.7601, -61.133799999999994 -9.7599, -61.13369999999999 -9.7599, -61.13369999999999 -9.76, -61.133599999999994 -9.76, -61.133599999999994 -9.7601))"
2024,CORTE SELETIVO,C51L34,"POLYGON ((-61.01749999999999 -9.9698, -61.01749999999999 -9.9696, -61.017399999999995 -9.9696, -61.017399999999995 -9.9698, -61.01749999999999 -9.9698))"
2024,CORTE SELETIVO,C51L34,"POLYGON ((-61.02669999999999 -9.9371, -61.026599999999995 -9.9371, -61.026599999999995 -9.9372, -61.02669999999999 -9.9372, -61.02669999999999 -9.9371))"
2024,CORTE SELETIVO,C51L34,"POLYGON ((-61.02649999999999 -9.9368, -61.026399999999995 -9.9368, -61.026399999999995 -9.937, -61.02649999999999 -9.937, -61.02649999999999 -9.9368))"
2024,CORTE SELETIVO,C51L34,"POLYGON ((-61.013799999999996 -9.9158, -61.01369999999999 -9.9158, -61.01369999999999 -9.9161, -61.013799999999996 -9.9161, -61.013799999999996 -9.9158))"
2024,CORTE SELETIVO,C51L34,"POLYGON ((-61.005799999999994 -9.7769, -61.00569999999999 -9.7769, -61.00569999999999 -9.777, -61.005799999999994 -9.777, -61.005799999999994 -9.7769))"
2024,CORTE SELETIVO,C51L34,"POLYGON ((-61.00869999999999 -9.7764, -61.008599999999994 -9.7764, -61.008599999999994 -9.7765, -61.00869999999999 -9.7765, -61.00869999999999 -9.7764))"
2024,CORTE SELETIVO,C51L34,"POLYGON ((-61.01069999999999 -9.7725, -61.01049999999999 -9.7725, -61.01049999999999 -9.7726, -61.01069999999999 -9.7726, -61.01069999999999 -9.7725))"
2024,CORTE SELETIVO,C51L34,"POLYGON ((-61.220099999999995 -9.9459, -61.220099999999995 -9.946, -61.22019999999999 -9.946, -61.22019999999999 -9.9459, -61.220099999999995 -9.9459))"
2024,CORTE SELETIVO,C51L34,"POLYGON ((-61.008199999999995 -9.776, -61.008199999999995 -9.7761, -61.00829999999999 -9.7761, -61.00829999999999 -9.776, -61.008199999999995 -9.776))"
2024,CORTE SELETIVO,C51L34,"POLYGON ((-61.038199999999996 -9.946, -61.03809999999999 -9.946, -61.03809999999999 -9.9461, -61.038199999999996 -9.9461, -61.038199999999996 -9.946))"
2024,CORTE SELETIVO,C51L34,"POLYGON ((-61.131299999999996 -9.9768, -61.131299999999996 -9.9769, -61.13139999999999 -9.9769, -61.13139999999999 -9.9768, -61.131299999999996 -9.9768))"
2024,CORTE SELETIVO,C51L34,"POLYGON ((-61.22999999999999 -9.9486, -61.23009999999999 -9.9486, -61.23009999999999 -9.9485, -61.22999999999999 -9.9485, -61.22999999999999 -9.9486))"
2024,CORTE SELETIVO,C51L34,"POLYGON ((-61.14399999999999 -9.8544, -61.144099999999995 -9.8544, -61.144099999999995 -9.8543, -61.14399999999999 -9.8543, -61.14399999999999 -9.8544))"
2024,CORTE SELETIVO,C51L34,"POLYGON ((-61.09449999999999 -9.9956, -61.09459999999999 -9.9956, -61.09459999999999 -9.9955, -61.09449999999999 -9.9955, -61.09449999999999 -9.9956))"
2024,CORTE SELETIVO,C51L34,"POLYGON ((-61.09429999999999 -9.9956, -61.09439999999999 -9.9956, -61.09439999999999 -9.9955, -61.09429999999999 -9.9955, -61.09429999999999 -9.9956))"
2024,CORTE SELETIVO,C51L34,"POLYGON ((-61.09439999999999 -9.9955, -61.09449999999999 -9.9955, -61.09449999999999 -9.9954, -61.09439999999999 -9.9954, -61.09439999999999 -9.9955))"
2024,CORTE SELETIVO,C51L34,"POLYGON ((-61.014799999999994 -9.9517, -61.014799999999994 -9.9516, -61.01469999999999 -9.9516, -61.01469999999999 -9.9517, -61.014799999999994 -9.9517))"
2024,CORTE SELETIVO,C51L34,"POLYGON ((-61.013799999999996 -9.9162, -61.013799999999996 -9.9161, -61.01369999999999 -9.9161, -61.01369999999999 -9.9162, -61.013799999999996 -9.9162))"
2024,CORTE SELETIVO,C51L34,"POLYGON ((-61.010799999999996 -9.7728, -61.01069999999999 -9.7728, -61.01069999999999 -9.7729, -61.010799999999996 -9.7729, -61.010799999999996 -9.7728))"
2024,CORTE SELETIVO,C51L34,"POLYGON ((-61.14119999999999 -9.9506, -61.14119999999999 -9.9507, -61.141299999999994 -9.9507, -61.141299999999994 -9.9506, -61.14119999999999 -9.9506))"
2024,CORTE SELETIVO,C51L34,"POLYGON ((-61.221199999999996 -9.8377, -61.221199999999996 -9.8378, -61.22129999999999 -9.8378, -61.22129999999999 -9.8377, -61.221199999999996 -9.8377))"
2024,CORTE SELETIVO,C51L34,"POLYGON ((-61.03589999999999 -9.8722, -61.03589999999999 -9.8724, -61.03629999999999 -9.8724, -61.03629999999999 -9.8722, -61.03589999999999 -9.8722))"
2024,CORTE SELETIVO,C51L34,"POLYGON ((-61.136199999999995 -9.7577, -61.136199999999995 -9.7578, -61.13629999999999 -9.7578, -61.13629999999999 -9.7577, -61.136199999999995 -9.7577))"
2024,CORTE SELETIVO,C51L34,"POLYGON ((-61.01339999999999 -9.956, -61.013299999999994 -9.956, -61.013299999999994 -9.9561, -61.01339999999999 -9.9561, -61.01339999999999 -9.956))"
2024,CORTE SELETIVO,C51L34,"POLYGON ((-61.09449999999999 -9.9955, -61.09459999999999 -9.9955, -61.09459999999999 -9.9954, -61.09449999999999 -9.9954, -61.09449999999999 -9.9955))"
2024,CORTE SELETIVO,C51L34,"POLYGON ((-61.231199999999994 -9.9793, -61.231399999999994 -9.9793, -61.231399999999994 -9.9791, -61.231199999999994 -9.9791, -61.231199999999994 -9.9793))"
2024,CORTE SELETIVO,C51L34,"POLYGON ((-61.05619999999999 -9.9124, -61.05639999999999 -9.9124, -61.05639999999999 -9.9123, -61.05619999999999 -9.9123, -61.05619999999999 -9.9124))"
2024,CORTE SELETIVO,C51L34,"POLYGON ((-61.014399999999995 -9.7851, -61.014399999999995 -9.785, -61.01429999999999 -9.785, -61.01429999999999 -9.7851, -61.014399999999995 -9.7851))"
2024,CORTE SELETIVO,C51L34,"POLYGON ((-61.005799999999994 -9.7769, -61.005799999999994 -9.7768, -61.00569999999999 -9.7768, -61.00569999999999 -9.7769, -61.005799999999994 -9.7769))"
2024,CORTE SELETIVO,C51L34,"POLYGON ((-61.22109999999999 -9.8375, -61.22109999999999 -9.8376, -61.22129999999999 -9.8376, -61.22129999999999 -9.8375, -61.22109999999999 -9.8375))"
2024,CORTE SELETIVO,C51L34,"POLYGON ((-61.211999999999996 -9.8061, -61.21209999999999 -9.8061, -61.21209999999999 -9.806, -61.211999999999996 -9.806, -61.211999999999996 -9.8061))"
2024,CORTE SELETIVO,C51L34,"POLYGON ((-61.01049999999999 -9.773, -61.01059999999999 -9.773, -61.01059999999999 -9.7729, -61.01049999999999 -9.7729, -61.01049999999999 -9.773))"
2024,CORTE SELETIVO,C51L34,"POLYGON ((-61.24479999999999 -9.9049, -61.244699999999995 -9.9049, -61.244699999999995 -9.905, -61.24479999999999 -9.905, -61.24479999999999 -9.9049))"
2024,CORTE SELETIVO,C51L34,"POLYGON ((-61.01409999999999 -9.7851, -61.013999999999996 -9.7851, -61.013999999999996 -9.7852, -61.01409999999999 -9.7852, -61.01409999999999 -9.7851))"
2024,CORTE SELETIVO,C51L34,"POLYGON ((-61.218399999999995 -9.9531, -61.21829999999999 -9.9531, -61.21829999999999 -9.9532, -61.218399999999995 -9.9532, -61.218399999999995 -9.9531))"
2024,CORTE SELETIVO,C51L34,"POLYGON ((-61.24589999999999 -9.9651, -61.245799999999996 -9.9651, -61.245799999999996 -9.9652, -61.24589999999999 -9.9652, -61.24589999999999 -9.9651))"
2024,CORTE SELETIVO,C51L34,"POLYGON ((-61.058699999999995 -9.904, -61.058699999999995 -9.9041, -61.05879999999999 -9.9041, -61.05879999999999 -9.904, -61.058699999999995 -9.904))"
2024,CORTE SELETIVO,C51L34,"POLYGON ((-61.21209999999999 -9.806, -61.21209999999999 -9.8061, -61.212199999999996 -9.8061, -61.212199999999996 -9.806, -61.21209999999999 -9.806))"
2024,CORTE SELETIVO,C51L34,"POLYGON ((-61.09459999999999 -9.9955, -61.09459999999999 -9.9956, -61.094699999999996 -9.9956, -61.094699999999996 -9.9955, -61.09459999999999 -9.9955))"
2024,CORTE SELETIVO,C51L34,"POLYGON ((-61.08189999999999 -9.8151, -61.08189999999999 -9.8152, -61.08209999999999 -9.8152, -61.08209999999999 -9.8151, -61.08189999999999 -9.8151))"
2024,CORTE SELETIVO,C51L34,"POLYGON ((-61.014599999999994 -9.9519, -61.01449999999999 -9.9519, -61.01449999999999 -9.952, -61.014599999999994 -9.952, -61.014599999999994 -9.9519))"
2024,CORTE SELETIVO,C51L34,"POLYGON ((-61.018899999999995 -9.9073, -61.01879999999999 -9.9073, -61.01879999999999 -9.9074, -61.018899999999995 -9.9074, -61.018899999999995 -9.9073))"
2024,CORTE SELETIVO,C51L34,"POLYGON ((-61.220299999999995 -9.9459, -61.22019999999999 -9.9459, -61.22019999999999 -9.946, -61.220299999999995 -9.946, -61.220299999999995 -9.9459))"
2024,CORTE SELETIVO,C51L34,"POLYGON ((-61.099199999999996 -9.925, -61.09929999999999 -9.925, -61.09929999999999 -9.9249, -61.099199999999996 -9.9249, -61.099199999999996 -9.925))"
2024,CORTE SELETIVO,C51L34,"POLYGON ((-61.14079999999999 -9.8693, -61.140899999999995 -9.8693, -61.140899999999995 -9.8692, -61.14079999999999 -9.8692, -61.14079999999999 -9.8693))"
2024,CORTE SELETIVO,C51L34,"POLYGON ((-61.140899999999995 -9.8692, -61.14099999999999 -9.8692, -61.14099999999999 -9.8689, -61.140899999999995 -9.8689, -61.140899999999995 -9.8692))"
2024,CORTE SELETIVO,C51L34,"POLYGON ((-61.14079999999999 -9.8691, -61.14079999999999 -9.869, -61.140699999999995 -9.869, -61.140699999999995 -9.8691, -61.14079999999999 -9.8691))"
2024,CORTE SELETIVO,C51L34,"POLYGON ((-61.08219999999999 -9.8152, -61.08219999999999 -9.8151, -61.08209999999999 -9.8151, -61.08209999999999 -9.8152, -61.08219999999999 -9.8152))"
2024,CORTE SELETIVO,C51L34,"POLYGON ((-61.221199999999996 -9.7994, -61.22109999999999 -9.7994, -61.22109999999999 -9.7995, -61.221199999999996 -9.7995, -61.221199999999996 -9.7994))"
2024,CORTE SELETIVO,C51L34,"POLYGON ((-61.20409999999999 -9.9516, -61.20409999999999 -9.9517, -61.20419999999999 -9.9517, -61.20419999999999 -9.9516, -61.20409999999999 -9.9516))"
2024,CORTE SELETIVO,C51L34,"POLYGON ((-61.214999999999996 -9.8038, -61.214999999999996 -9.8039, -61.215199999999996 -9.8039, -61.215199999999996 -9.8038, -61.214999999999996 -9.8038))"
2024,CORTE SELETIVO,C51L34,"POLYGON ((-61.22059999999999 -9.946, -61.220499999999994 -9.946, -61.220499999999994 -9.9461, -61.22059999999999 -9.9461, -61.22059999999999 -9.946))"
2024,CORTE SELETIVO,C51L34,"POLYGON ((-61.12769999999999 -9.9841, -61.12769999999999 -9.9842, -61.12779999999999 -9.9842, -61.12779999999999 -9.9841, -61.12769999999999 -9.9841))"
2024,CORTE SELETIVO,C51L34,"POLYGON ((-61.10829999999999 -9.911200000000001, -61.10829999999999 -9.9114, -61.108399999999996 -9.9114, -61.108399999999996 -9.911200000000001, -61.10829999999999 -9.911200000000001))"
2024,CORTE SELETIVO,C51L34,"POLYGON ((-61.220499999999994 -9.9461, -61.220499999999994 -9.9462, -61.22059999999999 -9.9462, -61.22059999999999 -9.9461, -61.220499999999994 -9.9461))"
2024,CORTE SELETIVO,C51L34,"POLYGON ((-61.13519999999999 -9.7566, -61.13519999999999 -9.7567, -61.135299999999994 -9.7567, -61.135299999999994 -9.7566, -61.13519999999999 -9.7566))"
2024,CORTE SELETIVO,C51L34,"POLYGON ((-61.02459999999999 -9.7837, -61.024499999999996 -9.7837, -61.024499999999996 -9.7838, -61.02459999999999 -9.7838, -61.02459999999999 -9.7837))"
2024,CORTE SELETIVO,C51L34,"POLYGON ((-61.220499999999994 -9.946, -61.22039999999999 -9.946, -61.22039999999999 -9.9462, -61.220499999999994 -9.9462, -61.220499999999994 -9.946))"
2024,CORTE SELETIVO,C51L34,"POLYGON ((-61.016799999999996 -9.792, -61.01669999999999 -9.792, -61.01669999999999 -9.7921, -61.016799999999996 -9.7921, -61.016799999999996 -9.792))"
2024,CORTE SELETIVO,C51L34,"POLYGON ((-61.202799999999996 -9.9519, -61.20269999999999 -9.9519, -61.20269999999999 -9.952, -61.202799999999996 -9.952, -61.202799999999996 -9.9519))"
2024,CORTE SELETIVO,C51L34,"POLYGON ((-61.236799999999995 -9.9049, -61.23669999999999 -9.9049, -61.23669999999999 -9.905, -61.236799999999995 -9.905, -61.236799999999995 -9.9049))"
2024,CORTE SELETIVO,C51L34,"POLYGON ((-61.090599999999995 -9.9361, -61.09069999999999 -9.9361, -61.09069999999999 -9.936, -61.090599999999995 -9.936, -61.090599999999995 -9.9361))"
2024,CORTE SELETIVO,C51L34,"POLYGON ((-61.244499999999995 -9.905100000000001, -61.24459999999999 -9.905100000000001, -61.24459999999999 -9.905, -61.244499999999995 -9.905, -61.244499999999995 -9.905100000000001))"
2024,CORTE SELETIVO,C51L34,"POLYGON ((-61.20309999999999 -9.9018, -61.203199999999995 -9.9018, -61.203199999999995 -9.9017, -61.20309999999999 -9.9017, -61.20309999999999 -9.9018))"
2024,CORTE SELETIVO,C51L34,"POLYGON ((-61.186899999999994 -9.8798, -61.186899999999994 -9.8799, -61.18699999999999 -9.8799, -61.18699999999999 -9.8801, -61.18719999999999 -9.8801, -61.18719999999999 -9.8798, -61.187099999999994 -9.8798, -61.187099999999994 -9.8796, -61.18699999999999 -9.8796, -61.18699999999999 -9.8798, -61.186899999999994 -9.8798))"
2024,CORTE SELETIVO,C51L34,"POLYGON ((-61.02269999999999 -9.807, -61.02269999999999 -9.8069, -61.02259999999999 -9.8069, -61.02259999999999 -9.807, -61.02269999999999 -9.807))"
2024,CORTE SELETIVO,C51L34,"POLYGON ((-61.059799999999996 -9.914, -61.05969999999999 -9.914, -61.05969999999999 -9.9141, -61.059799999999996 -9.9141, -61.059799999999996 -9.914))"
2024,CORTE SELETIVO,C51L34,"POLYGON ((-61.20389999999999 -9.9527, -61.20389999999999 -9.9526, -61.203799999999994 -9.9526, -61.203799999999994 -9.9527, -61.20389999999999 -9.9527))"
2024,CORTE SELETIVO,C51L34,"POLYGON ((-61.065799999999996 -9.9203, -61.065799999999996 -9.9201, -61.06569999999999 -9.9201, -61.06569999999999 -9.9203, -61.065799999999996 -9.9203))"
2024,CORTE SELETIVO,C51L34,"POLYGON ((-61.201899999999995 -9.9032, -61.201899999999995 -9.9031, -61.20179999999999 -9.9031, -61.20179999999999 -9.9032, -61.201899999999995 -9.9032))"
2024,CORTE SELETIVO,C51L34,"POLYGON ((-61.14099999999999 -9.8693, -61.14099999999999 -9.8692, -61.140899999999995 -9.8692, -61.140899999999995 -9.8693, -61.14099999999999 -9.8693))"
2024,CORTE SELETIVO,C51L34,"POLYGON ((-61.195699999999995 -9.8381, -61.195699999999995 -9.838, -61.19559999999999 -9.838, -61.19559999999999 -9.8381, -61.195699999999995 -9.8381))"
2024,CORTE SELETIVO,C51L34,"POLYGON ((-61.105599999999995 -9.8278, -61.105599999999995 -9.8277, -61.105399999999996 -9.8277, -61.105399999999996 -9.8278, -61.105599999999995 -9.8278))"
2024,CORTE SELETIVO,C51L34,"POLYGON ((-61.08219999999999 -9.8151, -61.08219999999999 -9.815, -61.08209999999999 -9.815, -61.08209999999999 -9.8151, -61.08219999999999 -9.8151))"
2024,CORTE SELETIVO,C51L34,"POLYGON ((-61.21139999999999 -9.8098, -61.211299999999994 -9.8098, -61.211299999999994 -9.8099, -61.21139999999999 -9.8099, -61.21139999999999 -9.8098))"
2024,CORTE SELETIVO,C51L34,"POLYGON ((-61.02479999999999 -9.7644, -61.024899999999995 -9.7644, -61.024899999999995 -9.7643, -61.024699999999996 -9.7643, -61.024699999999996 -9.7645, -61.02479999999999 -9.7645, -61.02479999999999 -9.7644))"
2024,CORTE SELETIVO,C51L34,"POLYGON ((-61.14809999999999 -9.9351, -61.147999999999996 -9.9351, -61.147999999999996 -9.9352, -61.14809999999999 -9.9352, -61.14809999999999 -9.9351))"
2024,CORTE SELETIVO,C51L34,"POLYGON ((-61.21939999999999 -9.8926, -61.21939999999999 -9.8927, -61.219699999999996 -9.8927, -61.219699999999996 -9.8926, -61.21939999999999 -9.8926))"
2024,CORTE SELETIVO,C51L34,"POLYGON ((-61.18679999999999 -9.88, -61.186899999999994 -9.88, -61.186899999999994 -9.8798, -61.18679999999999 -9.8798, -61.18679999999999 -9.88))"
2024,CORTE SELETIVO,C51L34,"POLYGON ((-61.093599999999995 -9.8613, -61.09369999999999 -9.8613, -61.09369999999999 -9.8612, -61.093599999999995 -9.8612, -61.093599999999995 -9.8613))"
2024,CORTE SELETIVO,C51L34,"POLYGON ((-61.11249999999999 -9.9613, -61.11249999999999 -9.9612, -61.112399999999994 -9.9612, -61.112399999999994 -9.9613, -61.11249999999999 -9.9613))"
2024,CORTE SELETIVO,C51L34,"POLYGON ((-61.09179999999999 -9.9183, -61.091699999999996 -9.9183, -61.091699999999996 -9.9184, -61.09179999999999 -9.9184, -61.09179999999999 -9.9183))"
2024,CORTE SELETIVO,C51L34,"POLYGON ((-61.188399999999994 -9.8842, -61.18849999999999 -9.8842, -61.18849999999999 -9.8841, -61.18869999999999 -9.8841, -61.18869999999999 -9.8839, -61.188599999999994 -9.8839, -61.188599999999994 -9.884, -61.188399999999994 -9.884, -61.188399999999994 -9.8842))"
2024,CORTE SELETIVO,C51L34,"POLYGON ((-61.10549999999999 -9.8278, -61.105399999999996 -9.8278, -61.105399999999996 -9.8279, -61.10549999999999 -9.8279, -61.10549999999999 -9.8278))"
2024,CORTE SELETIVO,C51L34,"POLYGON ((-61.105399999999996 -9.8277, -61.10529999999999 -9.8277, -61.10529999999999 -9.8278, -61.105399999999996 -9.8278, -61.105399999999996 -9.8277))"
2024,CORTE SELETIVO,C51L34,"POLYGON ((-61.105599999999995 -9.8276, -61.10549999999999 -9.8276, -61.10549999999999 -9.8275, -61.105399999999996 -9.8275, -61.105399999999996 -9.8277, -61.105599999999995 -9.8277, -61.105599999999995 -9.8276))"
2024,CORTE SELETIVO,C51L34,"POLYGON ((-61.07749999999999 -9.8179, -61.07739999999999 -9.8179, -61.07739999999999 -9.818, -61.07749999999999 -9.818, -61.07749999999999 -9.8179))"
2024,CORTE SELETIVO,C51L34,"POLYGON ((-61.07759999999999 -9.8178, -61.07749999999999 -9.8178, -61.07749999999999 -9.8179, -61.07759999999999 -9.8179, -61.07759999999999 -9.8178))"
2024,CORTE SELETIVO,C51L34,"POLYGON ((-61.01469999999999 -9.9517, -61.014599999999994 -9.9517, -61.014599999999994 -9.9518, -61.01469999999999 -9.9518, -61.01469999999999 -9.9517))"
2024,CORTE SELETIVO,C51L34,"POLYGON ((-61.06589999999999 -9.9204, -61.065799999999996 -9.9204, -61.065799999999996 -9.9205, -61.06589999999999 -9.9205, -61.06589999999999 -9.9204))"
2024,CORTE SELETIVO,C51L34,"POLYGON ((-61.06589999999999 -9.9202, -61.065799999999996 -9.9202, -61.065799999999996 -9.9203, -61.06589999999999 -9.9203, -61.06589999999999 -9.9202))"
2024,CORTE SELETIVO,C51L34,"POLYGON ((-61.05069999999999 -9.9176, -61.050599999999996 -9.9176, -61.050599999999996 -9.9178, -61.05069999999999 -9.9178, -61.05069999999999 -9.9176))"
2024,CORTE SELETIVO,C51L34,"POLYGON ((-61.013999999999996 -9.9158, -61.013799999999996 -9.9158, -61.013799999999996 -9.9159, -61.013999999999996 -9.9159, -61.013999999999996 -9.9158))"
2024,CORTE SELETIVO,C51L34,"POLYGON ((-61.058699999999995 -9.904, -61.05859999999999 -9.904, -61.05859999999999 -9.9041, -61.058699999999995 -9.9041, -61.058699999999995 -9.904))"
2024,CORTE SELETIVO,C51L34,"POLYGON ((-61.00469999999999 -9.7712, -61.00439999999999 -9.7712, -61.00439999999999 -9.7713, -61.00469999999999 -9.7713, -61.00469999999999 -9.7712))"
2024,CORTE SELETIVO,C51L34,"POLYGON ((-61.21929999999999 -9.8928, -61.219199999999994 -9.8928, -61.219199999999994 -9.8929, -61.21929999999999 -9.8929, -61.21929999999999 -9.8928))"
2024,CORTE SELETIVO,C51L34,"POLYGON ((-61.13139999999999 -9.9741, -61.13139999999999 -9.9742, -61.131499999999996 -9.9742, -61.131499999999996 -9.9741, -61.13139999999999 -9.9741))"
2024,CORTE SELETIVO,C51L34,"POLYGON ((-61.22059999999999 -9.946, -61.22059999999999 -9.9461, -61.220699999999994 -9.9461, -61.220699999999994 -9.946, -61.22059999999999 -9.946))"
2024,CORTE SELETIVO,C51L34,"POLYGON ((-61.221199999999996 -9.8377, -61.22109999999999 -9.8377, -61.22109999999999 -9.8378, -61.221199999999996 -9.8378, -61.221199999999996 -9.8377))"
2024,CORTE SELETIVO,C51L34,"POLYGON ((-61.218399999999995 -9.953, -61.21829999999999 -9.953, -61.21829999999999 -9.9531, -61.218399999999995 -9.9531, -61.218399999999995 -9.953))"
2024,CORTE SELETIVO,C51L34,"POLYGON ((-61.219899999999996 -9.9468, -61.21979999999999 -9.9468, -61.21979999999999 -9.9469, -61.219899999999996 -9.9469, -61.219899999999996 -9.9468))"
2024,CORTE SELETIVO,C51L34,"POLYGON ((-61.20389999999999 -9.9525, -61.20389999999999 -9.9526, -61.20399999999999 -9.9526, -61.20399999999999 -9.9525, -61.20389999999999 -9.9525))"
2024,CORTE SELETIVO,C51L34,"POLYGON ((-61.09739999999999 -9.9165, -61.09739999999999 -9.9166, -61.09749999999999 -9.9166, -61.09749999999999 -9.9165, -61.09739999999999 -9.9165))"
2024,CORTE SELETIVO,C51L34,"POLYGON ((-61.02819999999999 -9.9641, -61.02819999999999 -9.9642, -61.028299999999994 -9.9642, -61.028299999999994 -9.9641, -61.02819999999999 -9.9641))"
2024,CORTE SELETIVO,C51L34,"POLYGON ((-61.220099999999995 -9.9458, -61.220099999999995 -9.9459, -61.22019999999999 -9.9459, -61.22019999999999 -9.9458, -61.220099999999995 -9.9458))"
2024,CORTE SELETIVO,C51L34,"POLYGON ((-61.203599999999994 -9.9536, -61.20349999999999 -9.9536, -61.20349999999999 -9.9537, -61.203599999999994 -9.9537, -61.203599999999994 -9.9536))"
2024,CORTE SELETIVO,C51L34,"POLYGON ((-61.21139999999999 -9.8099, -61.211299999999994 -9.8099, -61.211299999999994 -9.81, -61.21139999999999 -9.81, -61.21139999999999 -9.8099))"
2024,CORTE SELETIVO,C51L34,"POLYGON ((-61.20399999999999 -9.9524, -61.20399999999999 -9.9525, -61.20409999999999 -9.9525, -61.20409999999999 -9.9524, -61.20399999999999 -9.9524))"
2024,CORTE SELETIVO,C51L34,"POLYGON ((-61.14399999999999 -9.8543, -61.144099999999995 -9.8543, -61.144099999999995 -9.8542, -61.14399999999999 -9.8542, -61.14399999999999 -9.8543))"
2024,CORTE SELETIVO,C51L34,"POLYGON ((-61.13519999999999 -9.7571, -61.135299999999994 -9.7571, -61.135299999999994 -9.757, -61.13519999999999 -9.757, -61.13519999999999 -9.7571))"
2024,CORTE SELETIVO,C51L34,"POLYGON ((-61.218599999999995 -9.9538, -61.21849999999999 -9.9538, -61.21849999999999 -9.9539, -61.218599999999995 -9.9539, -61.218599999999995 -9.9538))"
2024,CORTE SELETIVO,C51L34,"POLYGON ((-61.04379999999999 -9.9975, -61.04379999999999 -9.9974, -61.04359999999999 -9.9974, -61.04359999999999 -9.9975, -61.04379999999999 -9.9975))"
2024,CORTE SELETIVO,C51L34,"POLYGON ((-61.04339999999999 -9.9972, -61.04339999999999 -9.9971, -61.043299999999995 -9.9971, -61.043299999999995 -9.9972, -61.04339999999999 -9.9972))"
2024,CORTE SELETIVO,C51L34,"POLYGON ((-61.03869999999999 -9.9937, -61.03869999999999 -9.9936, -61.038599999999995 -9.9936, -61.038599999999995 -9.9937, -61.03869999999999 -9.9937))"
2024,CORTE SELETIVO,C51L34,"POLYGON ((-61.02459999999999 -9.9858, -61.02459999999999 -9.9857, -61.024499999999996 -9.9857, -61.024499999999996 -9.9858, -61.02459999999999 -9.9858))"
2024,CORTE SELETIVO,C51L34,"POLYGON ((-61.02429999999999 -9.9857, -61.02429999999999 -9.9856, -61.02419999999999 -9.9856, -61.02419999999999 -9.9857, -61.02429999999999 -9.9857))"
2024,CORTE SELETIVO,C51L34,"POLYGON ((-61.00469999999999 -9.9757, -61.00469999999999 -9.9756, -61.004599999999996 -9.9756, -61.004599999999996 -9.9757, -61.00469999999999 -9.9757))"
2024,CORTE SELETIVO,C51L34,"POLYGON ((-61.00449999999999 -9.9756, -61.00449999999999 -9.9755, -61.00439999999999 -9.9755, -61.00439999999999 -9.9756, -61.00449999999999 -9.9756))"
2024,CORTE SELETIVO,C51L34,"POLYGON ((-61.000899999999994 -9.9724, -61.00079999999999 -9.9724, -61.00079999999999 -9.9725, -61.000899999999994 -9.9725, -61.000899999999994 -9.9724))"
2024,CORTE SELETIVO,C51L34,"POLYGON ((-61.244699999999995 -9.905, -61.24459999999999 -9.905, -61.24459999999999 -9.905100000000001, -61.244699999999995 -9.905100000000001, -61.244699999999995 -9.905))"
2024,CORTE SELETIVO,C51L34,"POLYGON ((-61.17419999999999 -9.9845, -61.17419999999999 -9.9847, -61.174299999999995 -9.9847, -61.174299999999995 -9.9845, -61.17419999999999 -9.9845))"
2024,CORTE SELETIVO,C51L34,"POLYGON ((-61.174099999999996 -9.9843, -61.174099999999996 -9.9844, -61.17419999999999 -9.9844, -61.17419999999999 -9.9843, -61.174099999999996 -9.9843))"
2024,CORTE SELETIVO,C51L34,"POLYGON ((-61.12749999999999 -9.9841, -61.12749999999999 -9.9842, -61.12769999999999 -9.9842, -61.12769999999999 -9.9841, -61.12749999999999 -9.9841))"
2024,CORTE SELETIVO,C51L34,"POLYGON ((-61.11559999999999 -9.9788, -61.11559999999999 -9.9789, -61.11569999999999 -9.9789, -61.11569999999999 -9.9788, -61.11559999999999 -9.9788))"
2024,CORTE SELETIVO,C51L34,"POLYGON ((-61.104299999999995 -9.9708, -61.104299999999995 -9.9709, -61.10459999999999 -9.9709, -61.10459999999999 -9.9708, -61.104299999999995 -9.9708))"
2024,CORTE SELETIVO,C51L34,"POLYGON ((-61.116299999999995 -9.9317, -61.116299999999995 -9.9318, -61.11639999999999 -9.9318, -61.11639999999999 -9.9317, -61.116299999999995 -9.9317))"
2024,CORTE SELETIVO,C51L34,"POLYGON ((-61.116299999999995 -9.9314, -61.116299999999995 -9.9316, -61.11639999999999 -9.9316, -61.11639999999999 -9.9314, -61.116299999999995 -9.9314))"
2024,CORTE SELETIVO,C51L34,"POLYGON ((-61.125499999999995 -9.917300000000001, -61.125499999999995 -9.9176, -61.12559999999999 -9.9176, -61.12559999999999 -9.917300000000001, -61.125499999999995 -9.917300000000001))"
2024,CORTE SELETIVO,C51L34,"POLYGON ((-61.128299999999996 -9.9021, -61.128299999999996 -9.9022, -61.128499999999995 -9.9022, -61.128499999999995 -9.9021, -61.128299999999996 -9.9021))"
2024,CORTE SELETIVO,C51L34,"POLYGON ((-61.24609999999999 -9.8928, -61.24609999999999 -9.8929, -61.246199999999995 -9.8929, -61.246199999999995 -9.8928, -61.24609999999999 -9.8928))"
2024,CORTE SELETIVO,C51L34,"POLYGON ((-61.246199999999995 -9.8927, -61.246199999999995 -9.8928, -61.24629999999999 -9.8928, -61.24629999999999 -9.8927, -61.246199999999995 -9.8927))"
2024,CORTE SELETIVO,C51L34,"POLYGON ((-61.188599999999994 -9.884, -61.188599999999994 -9.8839, -61.18869999999999 -9.8839, -61.18869999999999 -9.8837, -61.18849999999999 -9.8837, -61.18849999999999 -9.8838, -61.188399999999994 -9.8838, -61.188399999999994 -9.884, -61.188599999999994 -9.884))"
2024,CORTE SELETIVO,C51L34,"POLYGON ((-61.140899999999995 -9.8688, -61.140899999999995 -9.8689, -61.14099999999999 -9.8689, -61.14099999999999 -9.8687, -61.140699999999995 -9.8687, -61.140699999999995 -9.8689, -61.14079999999999 -9.8689, -61.14079999999999 -9.8688, -61.140899999999995 -9.8688))"
2024,CORTE SELETIVO,C51L34,"POLYGON ((-61.105199999999996 -9.8277, -61.105199999999996 -9.8278, -61.10529999999999 -9.8278, -61.10529999999999 -9.8277, -61.105199999999996 -9.8277))"
2024,CORTE SELETIVO,C51L34,"POLYGON ((-61.10529999999999 -9.8274, -61.10529999999999 -9.8275, -61.10549999999999 -9.8275, -61.10549999999999 -9.8274, -61.10529999999999 -9.8274))"
2024,CORTE SELETIVO,C51L34,"POLYGON ((-61.10509999999999 -9.8273, -61.10509999999999 -9.8274, -61.10529999999999 -9.8274, -61.10529999999999 -9.8273, -61.10509999999999 -9.8273))"
2024,CORTE SELETIVO,C51L34,"POLYGON ((-61.195899999999995 -9.8216, -61.195899999999995 -9.8217, -61.19599999999999 -9.8217, -61.19599999999999 -9.8216, -61.195899999999995 -9.8216))"
2024,CORTE SELETIVO,C51L34,"POLYGON ((-61.00079999999999 -9.9723, -61.00079999999999 -9.9724, -61.000899999999994 -9.9724, -61.000899999999994 -9.9723, -61.00079999999999 -9.9723))"
2024,CORTE SELETIVO,C51L34,"POLYGON ((-61.10419999999999 -9.9706, -61.10419999999999 -9.9707, -61.104299999999995 -9.9707, -61.104299999999995 -9.9706, -61.10419999999999 -9.9706))"
2024,CORTE SELETIVO,C51L34,"POLYGON ((-61.02279999999999 -9.9587, -61.02279999999999 -9.9588, -61.02289999999999 -9.9588, -61.02289999999999 -9.9587, -61.02279999999999 -9.9587))"
2024,CORTE SELETIVO,C51L34,"POLYGON ((-61.09909999999999 -9.9249, -61.09909999999999 -9.925, -61.099199999999996 -9.925, -61.099199999999996 -9.9249, -61.09909999999999 -9.9249))"
2024,CORTE SELETIVO,C51L34,"POLYGON ((-61.10039999999999 -9.9198, -61.10039999999999 -9.9199, -61.10049999999999 -9.9199, -61.10049999999999 -9.9198, -61.10039999999999 -9.9198))"
2024,CORTE SELETIVO,C51L34,"POLYGON ((-61.049099999999996 -9.9191, -61.049099999999996 -9.9193, -61.04919999999999 -9.9193, -61.04919999999999 -9.9194, -61.049299999999995 -9.9194, -61.049299999999995 -9.9193, -61.04939999999999 -9.9193, -61.04939999999999 -9.9192, -61.049499999999995 -9.9192, -61.049499999999995 -9.9191, -61.04939999999999 -9.9191, -61.04939999999999 -9.919, -61.049299999999995 -9.919, -61.049299999999995 -9.9192, -61.04919999999999 -9.9192, -61.04919999999999 -9.9191, -61.049099999999996 -9.9191))"
2024,CORTE SELETIVO,C51L34,"POLYGON ((-61.049099999999996 -9.9189, -61.049099999999996 -9.919, -61.04919999999999 -9.919, -61.04919999999999 -9.9189, -61.049099999999996 -9.9189))"
2024,CORTE SELETIVO,C51L34,"POLYGON ((-61.06819999999999 -9.9179, -61.06819999999999 -9.918, -61.068299999999994 -9.918, -61.068299999999994 -9.9179, -61.06819999999999 -9.9179))"
2024,CORTE SELETIVO,C51L34,"POLYGON ((-61.013799999999996 -9.9161, -61.013799999999996 -9.9162, -61.01389999999999 -9.9162, -61.01389999999999 -9.9161, -61.013799999999996 -9.9161))"
2024,CORTE SELETIVO,C51L34,"POLYGON ((-61.10059999999999 -9.9063, -61.10059999999999 -9.9064, -61.100699999999996 -9.9064, -61.100699999999996 -9.9063, -61.10059999999999 -9.9063))"
2024,CORTE SELETIVO,C51L34,"POLYGON ((-61.03119999999999 -9.8931, -61.03119999999999 -9.8932, -61.031299999999995 -9.8932, -61.031299999999995 -9.8931, -61.03119999999999 -9.8931))"
2024,CORTE SELETIVO,C51L34,"POLYGON ((-61.031299999999995 -9.893, -61.031299999999995 -9.8931, -61.031499999999994 -9.8931, -61.031499999999994 -9.893, -61.031299999999995 -9.893))"
2024,CORTE SELETIVO,C51L34,"POLYGON ((-61.07739999999999 -9.8177, -61.07739999999999 -9.8179, -61.07749999999999 -9.8179, -61.07749999999999 -9.8177, -61.07739999999999 -9.8177))"
2024,CORTE SELETIVO,C51L34,"POLYGON ((-61.04569999999999 -9.8111, -61.04569999999999 -9.8112, -61.04579999999999 -9.8112, -61.04579999999999 -9.8111, -61.04569999999999 -9.8111))"
2024,CORTE SELETIVO,C51L34,"POLYGON ((-61.07419999999999 -9.8057, -61.074299999999994 -9.8057, -61.074299999999994 -9.8056, -61.07419999999999 -9.8056, -61.07419999999999 -9.8057))"
2024,CORTE SELETIVO,C51L34,"POLYGON ((-61.010299999999994 -9.772, -61.01039999999999 -9.772, -61.01039999999999 -9.7719, -61.010299999999994 -9.7719, -61.010299999999994 -9.772))"
2024,CORTE SELETIVO,C51L34,"POLYGON ((-61.00249999999999 -9.9738, -61.00249999999999 -9.9739, -61.002599999999994 -9.9739, -61.002599999999994 -9.9738, -61.00249999999999 -9.9738))"
2024,CORTE SELETIVO,C51L34,"POLYGON ((-61.01339999999999 -9.9561, -61.01349999999999 -9.9561, -61.01349999999999 -9.956, -61.01339999999999 -9.956, -61.01339999999999 -9.9561))"
2024,CORTE SELETIVO,C51L34,"POLYGON ((-61.013299999999994 -9.8649, -61.01339999999999 -9.8649, -61.01339999999999 -9.8648, -61.013299999999994 -9.8648, -61.013299999999994 -9.8649))"
2024,CORTE SELETIVO,C51L34,"POLYGON ((-61.20409999999999 -9.9521, -61.20399999999999 -9.9521, -61.20399999999999 -9.9522, -61.20409999999999 -9.9522, -61.20409999999999 -9.9521))"
2024,CORTE SELETIVO,C51L34,"POLYGON ((-61.03809999999999 -9.9459, -61.03799999999999 -9.9459, -61.03799999999999 -9.946, -61.03809999999999 -9.946, -61.03809999999999 -9.9459))"
2024,CORTE SELETIVO,C51L34,"POLYGON ((-61.218599999999995 -9.9537, -61.21849999999999 -9.9537, -61.21849999999999 -9.9538, -61.218599999999995 -9.9538, -61.218599999999995 -9.9537))"
2024,CORTE SELETIVO,C51L34,"POLYGON ((-61.23499999999999 -9.9458, -61.234899999999996 -9.9458, -61.234899999999996 -9.9459, -61.23499999999999 -9.9459, -61.23499999999999 -9.9458))"
2024,CORTE SELETIVO,C51L34,"POLYGON ((-61.05989999999999 -9.9138, -61.059799999999996 -9.9138, -61.059799999999996 -9.9139, -61.05989999999999 -9.9139, -61.05989999999999 -9.9138))"
2024,CORTE SELETIVO,C51L34,"POLYGON ((-61.21999999999999 -9.9467, -61.219899999999996 -9.9467, -61.219899999999996 -9.9468, -61.21999999999999 -9.9468, -61.21999999999999 -9.9467))"
2024,CORTE SELETIVO,C51L34,"POLYGON ((-61.005599999999994 -9.9762, -61.005599999999994 -9.9763, -61.00569999999999 -9.9763, -61.00569999999999 -9.9762, -61.005599999999994 -9.9762))"
2024,CORTE SELETIVO,C51L34,"POLYGON ((-61.13549999999999 -9.9513, -61.13559999999999 -9.9513, -61.13559999999999 -9.9512, -61.13549999999999 -9.9512, -61.13549999999999 -9.9513))"
2024,CORTE SELETIVO,C51L34,"POLYGON ((-61.000699999999995 -9.8695, -61.00079999999999 -9.8695, -61.00079999999999 -9.8694, -61.000699999999995 -9.8694, -61.000699999999995 -9.8695))"
2024,CORTE SELETIVO,C51L34,"POLYGON ((-61.220099999999995 -9.9465, -61.21999999999999 -9.9465, -61.21999999999999 -9.9466, -61.220099999999995 -9.9466, -61.220099999999995 -9.9465))"
2024,CORTE SELETIVO,C51L34,"POLYGON ((-61.223099999999995 -9.9467, -61.223099999999995 -9.9469, -61.22319999999999 -9.9469, -61.22319999999999 -9.947, -61.223299999999995 -9.947, -61.223299999999995 -9.9467, -61.223099999999995 -9.9467))"
2024,CORTE SELETIVO,C51L34,"POLYGON ((-61.07789999999999 -9.9144, -61.07789999999999 -9.9145, -61.077999999999996 -9.9145, -61.077999999999996 -9.9144, -61.07789999999999 -9.9144))"
2024,CORTE SELETIVO,C51L34,"POLYGON ((-61.13539999999999 -9.9512, -61.13539999999999 -9.9513, -61.13549999999999 -9.9513, -61.13549999999999 -9.9512, -61.13539999999999 -9.9512))"
2024,CORTE SELETIVO,C51L34,"POLYGON ((-61.21119999999999 -9.8086, -61.21119999999999 -9.8087, -61.211299999999994 -9.8087, -61.211299999999994 -9.8086, -61.21119999999999 -9.8086))"
2024,CORTE SELETIVO,C51L34,"POLYGON ((-61.21139999999999 -9.81, -61.211299999999994 -9.81, -61.211299999999994 -9.8101, -61.21139999999999 -9.8101, -61.21139999999999 -9.81))"
2024,CORTE SELETIVO,C51L34,"POLYGON ((-61.184099999999994 -9.9965, -61.184099999999994 -9.9966, -61.18419999999999 -9.9966, -61.18419999999999 -9.9965, -61.184099999999994 -9.9965))"
2024,CORTE SELETIVO,C51L34,"POLYGON ((-61.17419999999999 -9.9845, -61.174299999999995 -9.9845, -61.174299999999995 -9.9844, -61.17419999999999 -9.9844, -61.17419999999999 -9.9845))"
2024,CORTE SELETIVO,C51L34,"POLYGON ((-61.127599999999994 -9.9841, -61.12769999999999 -9.9841, -61.12769999999999 -9.984, -61.127599999999994 -9.984, -61.127599999999994 -9.9841))"
2024,CORTE SELETIVO,C51L34,"POLYGON ((-61.24889999999999 -9.9822, -61.24889999999999 -9.9823, -61.24909999999999 -9.9823, -61.24909999999999 -9.9822, -61.24889999999999 -9.9822))"
2024,CORTE SELETIVO,C51L34,"POLYGON ((-61.13719999999999 -9.9818, -61.137299999999996 -9.9818, -61.137299999999996 -9.9816, -61.13719999999999 -9.9816, -61.13719999999999 -9.9818))"
2024,CORTE SELETIVO,C51L34,"POLYGON ((-61.141299999999994 -9.9505, -61.14139999999999 -9.9505, -61.14139999999999 -9.9504, -61.141299999999994 -9.9504, -61.141299999999994 -9.9505))"
2024,CORTE SELETIVO,C51L34,"POLYGON ((-61.12939999999999 -9.9392, -61.12939999999999 -9.9393, -61.12949999999999 -9.9393, -61.12949999999999 -9.9392, -61.12939999999999 -9.9392))"
2024,CORTE SELETIVO,C51L34,"POLYGON ((-61.126799999999996 -9.9373, -61.12689999999999 -9.9373, -61.12689999999999 -9.9372, -61.126799999999996 -9.9372, -61.126799999999996 -9.9373))"
2024,CORTE SELETIVO,C51L34,"POLYGON ((-61.12019999999999 -9.9362, -61.120099999999994 -9.9362, -61.120099999999994 -9.9364, -61.12029999999999 -9.9364, -61.12029999999999 -9.9363, -61.12019999999999 -9.9363, -61.12019999999999 -9.9362))"
2024,CORTE SELETIVO,C51L34,"POLYGON ((-61.125299999999996 -9.9355, -61.125299999999996 -9.9357, -61.12539999999999 -9.9357, -61.12539999999999 -9.9355, -61.125299999999996 -9.9355))"
2024,CORTE SELETIVO,C51L34,"POLYGON ((-61.12559999999999 -9.9178, -61.125699999999995 -9.9178, -61.125699999999995 -9.9177, -61.12559999999999 -9.9177, -61.12559999999999 -9.9178))"
2024,CORTE SELETIVO,C51L34,"POLYGON ((-61.23159999999999 -9.9158, -61.23169999999999 -9.9158, -61.23169999999999 -9.9157, -61.23159999999999 -9.9157, -61.23159999999999 -9.9158))"
2024,CORTE SELETIVO,C51L34,"POLYGON ((-61.127199999999995 -9.8725, -61.127199999999995 -9.8726, -61.12729999999999 -9.8726, -61.12729999999999 -9.8725, -61.127199999999995 -9.8725))"
2024,CORTE SELETIVO,C51L34,"POLYGON ((-61.187799999999996 -9.8005, -61.18789999999999 -9.8005, -61.18789999999999 -9.8003, -61.187799999999996 -9.8003, -61.187799999999996 -9.8005))"
2024,CORTE SELETIVO,C51L34,"POLYGON ((-61.13609999999999 -9.7891, -61.136199999999995 -9.7891, -61.136199999999995 -9.7888, -61.13609999999999 -9.7888, -61.13609999999999 -9.7891))"
2024,CORTE SELETIVO,C51L34,"POLYGON ((-61.130199999999995 -9.7691, -61.130199999999995 -9.769, -61.13009999999999 -9.769, -61.13009999999999 -9.7692, -61.13029999999999 -9.7692, -61.13029999999999 -9.7691, -61.130199999999995 -9.7691))"
2024,CORTE SELETIVO,C51L34,"POLYGON ((-61.11529999999999 -9.9792, -61.115399999999994 -9.9792, -61.115399999999994 -9.9791, -61.11529999999999 -9.9791, -61.11529999999999 -9.9792))"
2024,CORTE SELETIVO,C51L34,"POLYGON ((-61.104499999999994 -9.9708, -61.10459999999999 -9.9708, -61.10459999999999 -9.9707, -61.104499999999994 -9.9707, -61.104499999999994 -9.9708))"
2024,CORTE SELETIVO,C51L34,"POLYGON ((-61.104299999999995 -9.9707, -61.104299999999995 -9.9708, -61.10439999999999 -9.9708, -61.10439999999999 -9.9707, -61.104299999999995 -9.9707))"
2024,CORTE SELETIVO,C51L34,"POLYGON ((-61.104299999999995 -9.9706, -61.10439999999999 -9.9706, -61.10439999999999 -9.9705, -61.104299999999995 -9.9705, -61.104299999999995 -9.9706))"
2024,CORTE SELETIVO,C51L34,"POLYGON ((-61.09889999999999 -9.9345, -61.09899999999999 -9.9345, -61.09899999999999 -9.9344, -61.09889999999999 -9.9344, -61.09889999999999 -9.9345))"
2024,CORTE SELETIVO,C51L34,"POLYGON ((-61.09899999999999 -9.9251, -61.09899999999999 -9.925, -61.09889999999999 -9.925, -61.09889999999999 -9.9252, -61.09909999999999 -9.9252, -61.09909999999999 -9.9251, -61.09899999999999 -9.9251))"
2024,CORTE SELETIVO,C51L34,"POLYGON ((-61.09949999999999 -9.925, -61.099599999999995 -9.925, -61.099599999999995 -9.9249, -61.09949999999999 -9.9249, -61.09949999999999 -9.925))"
2024,CORTE SELETIVO,C51L34,"POLYGON ((-61.05629999999999 -9.9125, -61.05639999999999 -9.9125, -61.05639999999999 -9.9124, -61.05629999999999 -9.9124, -61.05629999999999 -9.9125))"
2024,CORTE SELETIVO,C51L34,"POLYGON ((-61.105199999999996 -9.9115, -61.105199999999996 -9.9116, -61.10529999999999 -9.9116, -61.10529999999999 -9.9115, -61.105199999999996 -9.9115))"
2024,CORTE SELETIVO,C51L34,"POLYGON ((-61.11809999999999 -9.9109, -61.118199999999995 -9.9109, -61.118199999999995 -9.9108, -61.11809999999999 -9.9108, -61.11809999999999 -9.9109))"
2024,CORTE SELETIVO,C51L34,"POLYGON ((-61.09819999999999 -9.9033, -61.098299999999995 -9.9033, -61.098299999999995 -9.9032, -61.09819999999999 -9.9032, -61.09819999999999 -9.9033))"
2024,CORTE SELETIVO,C51L34,"POLYGON ((-61.08939999999999 -9.8739, -61.08939999999999 -9.874, -61.089499999999994 -9.874, -61.089499999999994 -9.8739, -61.08939999999999 -9.8739))"
2024,CORTE SELETIVO,C51L34,"POLYGON ((-61.10499999999999 -9.8275, -61.10509999999999 -9.8275, -61.10509999999999 -9.8273, -61.10499999999999 -9.8273, -61.10499999999999 -9.8275))"
2024,CORTE SELETIVO,C51L34,"POLYGON ((-61.077299999999994 -9.8179, -61.07739999999999 -9.8179, -61.07739999999999 -9.8176, -61.077299999999994 -9.8176, -61.077299999999994 -9.8179))"
2024,CORTE SELETIVO,C51L34,"POLYGON ((-61.074099999999994 -9.8056, -61.074099999999994 -9.8057, -61.07419999999999 -9.8057, -61.07419999999999 -9.8056, -61.074099999999994 -9.8056))"
2024,CORTE SELETIVO,C51L34,"POLYGON ((-61.07399999999999 -9.8056, -61.074099999999994 -9.8056, -61.074099999999994 -9.8055, -61.07399999999999 -9.8055, -61.07399999999999 -9.8056))"
2024,CORTE SELETIVO,C51L34,"POLYGON ((-61.00099999999999 -9.9723, -61.001099999999994 -9.9723, -61.001099999999994 -9.9722, -61.00099999999999 -9.9722, -61.00099999999999 -9.9723))"
2024,CORTE SELETIVO,C51L34,"POLYGON ((-61.00359999999999 -9.9678, -61.00359999999999 -9.9679, -61.003699999999995 -9.9679, -61.003699999999995 -9.9678, -61.00359999999999 -9.9678))"
2024,CORTE SELETIVO,C51L34,"POLYGON ((-61.049099999999996 -9.9194, -61.04919999999999 -9.9194, -61.04919999999999 -9.9193, -61.049099999999996 -9.9193, -61.049099999999996 -9.9194))"
2024,CORTE SELETIVO,C51L34,"POLYGON ((-61.049499999999995 -9.9192, -61.04939999999999 -9.9192, -61.04939999999999 -9.9193, -61.049299999999995 -9.9193, -61.049299999999995 -9.9194, -61.049499999999995 -9.9194, -61.049499999999995 -9.9192))"
2024,CORTE SELETIVO,C51L34,"POLYGON ((-61.05069999999999 -9.9176, -61.05069999999999 -9.9178, -61.050799999999995 -9.9178, -61.050799999999995 -9.9176, -61.05069999999999 -9.9176))"
2024,CORTE SELETIVO,C51L34,"POLYGON ((-61.01639999999999 -9.9158, -61.01649999999999 -9.9158, -61.01649999999999 -9.9157, -61.01639999999999 -9.9157, -61.01639999999999 -9.9158))"
2024,CORTE SELETIVO,C51L34,"POLYGON ((-61.01649999999999 -9.9157, -61.01659999999999 -9.9157, -61.01659999999999 -9.9156, -61.01649999999999 -9.9156, -61.01649999999999 -9.9157))"
2024,CORTE SELETIVO,C51L34,"POLYGON ((-61.01639999999999 -9.9155, -61.01639999999999 -9.9156, -61.01649999999999 -9.9156, -61.01649999999999 -9.9155, -61.01639999999999 -9.9155))"
2024,CORTE SELETIVO,C51L34,"POLYGON ((-61.031499999999994 -9.8936, -61.03179999999999 -9.8936, -61.03179999999999 -9.8935, -61.031499999999994 -9.8935, -61.031499999999994 -9.8936))"
2024,CORTE SELETIVO,C51L34,"POLYGON ((-61.031299999999995 -9.8934, -61.03139999999999 -9.8934, -61.03139999999999 -9.8933, -61.031299999999995 -9.8933, -61.031299999999995 -9.8934))"
2024,CORTE SELETIVO,C51L34,"POLYGON ((-61.03119999999999 -9.8932, -61.03119999999999 -9.8933, -61.031299999999995 -9.8933, -61.031299999999995 -9.8932, -61.03119999999999 -9.8932))"
2024,CORTE SELETIVO,C51L34,"POLYGON ((-61.03059999999999 -9.8912, -61.030699999999996 -9.8912, -61.030699999999996 -9.8911, -61.03059999999999 -9.8911, -61.03059999999999 -9.8912))"
2024,CORTE SELETIVO,C51L34,"POLYGON ((-61.030899999999995 -9.8907, -61.03099999999999 -9.8907, -61.03099999999999 -9.8906, -61.030899999999995 -9.8906, -61.030899999999995 -9.8907))"
2024,CORTE SELETIVO,C51L34,"POLYGON ((-61.03079999999999 -9.8905, -61.03079999999999 -9.8906, -61.030899999999995 -9.8906, -61.030899999999995 -9.8905, -61.03079999999999 -9.8905))"
2024,CORTE SELETIVO,C51L34,"POLYGON ((-61.04579999999999 -9.8112, -61.045899999999996 -9.8112, -61.045899999999996 -9.8111, -61.04579999999999 -9.8111, -61.04579999999999 -9.8112))"
2024,CORTE SELETIVO,C51L34,"POLYGON ((-61.010299999999994 -9.7724, -61.01039999999999 -9.7724, -61.01039999999999 -9.7723, -61.010299999999994 -9.7723, -61.010299999999994 -9.7724))"
2024,CORTE SELETIVO,C51L34,"POLYGON ((-61.23169999999999 -9.9157, -61.23169999999999 -9.9158, -61.23179999999999 -9.9158, -61.23179999999999 -9.9157, -61.23169999999999 -9.9157))"
2024,CORTE SELETIVO,C51L34,"POLYGON ((-61.18719999999999 -9.8796, -61.18719999999999 -9.8797, -61.18729999999999 -9.8797, -61.18729999999999 -9.8796, -61.18719999999999 -9.8796))"
2024,CORTE SELETIVO,C51L34,"POLYGON ((-61.234399999999994 -9.924, -61.23429999999999 -9.924, -61.23429999999999 -9.9242, -61.234399999999994 -9.9242, -61.234399999999994 -9.924))"
2024,CORTE SELETIVO,C51L34,"POLYGON ((-61.234899999999996 -9.9457, -61.23479999999999 -9.9457, -61.23479999999999 -9.9458, -61.234899999999996 -9.9458, -61.234899999999996 -9.9457))"
2024,CORTE SELETIVO,C51L34,"POLYGON ((-61.22079999999999 -9.946, -61.220699999999994 -9.946, -61.220699999999994 -9.9461, -61.22079999999999 -9.9461, -61.22079999999999 -9.946))"
2024,CORTE SELETIVO,C51L34,"POLYGON ((-61.045199999999994 -9.9984, -61.04529999999999 -9.9984, -61.04529999999999 -9.9983, -61.045199999999994 -9.9983, -61.045199999999994 -9.9984))"
2024,CORTE SELETIVO,C51L34,"POLYGON ((-61.13609999999999 -9.9515, -61.136199999999995 -9.9515, -61.136199999999995 -9.9514, -61.13609999999999 -9.9514, -61.13609999999999 -9.9515))"
2024,CORTE SELETIVO,C51L34,"POLYGON ((-61.136199999999995 -9.9514, -61.13629999999999 -9.9514, -61.13629999999999 -9.9513, -61.136199999999995 -9.9513, -61.136199999999995 -9.9514))"
2024,CORTE SELETIVO,C51L34,"POLYGON ((-61.013999999999996 -9.8614, -61.013999999999996 -9.8613, -61.01389999999999 -9.8613, -61.01389999999999 -9.8614, -61.013999999999996 -9.8614))"
2024,CORTE SELETIVO,C51L34,"POLYGON ((-61.14459999999999 -9.8185, -61.14459999999999 -9.8184, -61.144499999999994 -9.8184, -61.144499999999994 -9.8185, -61.14459999999999 -9.8185))"
2024,CORTE SELETIVO,C51L34,"POLYGON ((-61.14809999999999 -9.935, -61.147999999999996 -9.935, -61.147999999999996 -9.9351, -61.14809999999999 -9.9351, -61.14809999999999 -9.935))"
2024,CORTE SELETIVO,C51L34,"POLYGON ((-61.132299999999994 -9.9897, -61.132299999999994 -9.9898, -61.13239999999999 -9.9898, -61.13239999999999 -9.9897, -61.132299999999994 -9.9897))"
2024,CORTE SELETIVO,C51L34,"POLYGON ((-61.174299999999995 -9.9845, -61.174299999999995 -9.9846, -61.17439999999999 -9.9846, -61.17439999999999 -9.9845, -61.174299999999995 -9.9845))"
2024,CORTE SELETIVO,C51L34,"POLYGON ((-61.13709999999999 -9.9817, -61.13709999999999 -9.9819, -61.13689999999999 -9.9819, -61.13689999999999 -9.982, -61.13709999999999 -9.982, -61.13709999999999 -9.9821, -61.13739999999999 -9.9821, -61.13739999999999 -9.9817, -61.137299999999996 -9.9817, -61.137299999999996 -9.9819, -61.13719999999999 -9.9819, -61.13719999999999 -9.9817, -61.13709999999999 -9.9817))"
2024,CORTE SELETIVO,C51L34,"POLYGON ((-61.11569999999999 -9.9791, -61.11579999999999 -9.9791, -61.11579999999999 -9.979, -61.11569999999999 -9.979, -61.11569999999999 -9.9791))"
2024,CORTE SELETIVO,C51L34,"POLYGON ((-61.11529999999999 -9.9791, -61.115399999999994 -9.9791, -61.115399999999994 -9.979, -61.11529999999999 -9.979, -61.11529999999999 -9.9791))"
2024,CORTE SELETIVO,C51L34,"POLYGON ((-61.141299999999994 -9.9503, -61.141299999999994 -9.9504, -61.14139999999999 -9.9504, -61.14139999999999 -9.9503, -61.141299999999994 -9.9503))"
2024,CORTE SELETIVO,C51L34,"POLYGON ((-61.11039999999999 -9.9392, -61.11059999999999 -9.9392, -61.11059999999999 -9.9391, -61.11039999999999 -9.9391, -61.11039999999999 -9.9392))"
2024,CORTE SELETIVO,C51L34,"POLYGON ((-61.10439999999999 -9.9335, -61.104299999999995 -9.9335, -61.104299999999995 -9.9334, -61.10419999999999 -9.9334, -61.10419999999999 -9.9335, -61.104099999999995 -9.9335, -61.104099999999995 -9.9336, -61.10439999999999 -9.9336, -61.10439999999999 -9.9335))"
2024,CORTE SELETIVO,C51L34,"POLYGON ((-61.10609999999999 -9.9324, -61.10609999999999 -9.9323, -61.105999999999995 -9.9323, -61.105999999999995 -9.9322, -61.105799999999995 -9.9322, -61.105799999999995 -9.9323, -61.10589999999999 -9.9323, -61.10589999999999 -9.9324, -61.10609999999999 -9.9324))"
2024,CORTE SELETIVO,C51L34,"POLYGON ((-61.127599999999994 -9.9311, -61.12769999999999 -9.9311, -61.12769999999999 -9.931, -61.127599999999994 -9.931, -61.127599999999994 -9.9311))"
2024,CORTE SELETIVO,C51L34,"POLYGON ((-61.12839999999999 -9.9023, -61.128499999999995 -9.9023, -61.128499999999995 -9.9022, -61.12839999999999 -9.9022, -61.12839999999999 -9.9023))"
2024,CORTE SELETIVO,C51L34,"POLYGON ((-61.21249999999999 -9.9, -61.21249999999999 -9.9001, -61.212599999999995 -9.9001, -61.212599999999995 -9.9, -61.21249999999999 -9.9))"
2024,CORTE SELETIVO,C51L34,"POLYGON ((-61.18769999999999 -9.8007, -61.187799999999996 -9.8007, -61.187799999999996 -9.8006, -61.18769999999999 -9.8006, -61.18769999999999 -9.8007))"
2024,CORTE SELETIVO,C51L34,"POLYGON ((-61.187999999999995 -9.8005, -61.18809999999999 -9.8005, -61.18809999999999 -9.8004, -61.187999999999995 -9.8004, -61.187999999999995 -9.8005))"
2024,CORTE SELETIVO,C51L34,"POLYGON ((-61.18789999999999 -9.8003, -61.18789999999999 -9.8004, -61.187999999999995 -9.8004, -61.187999999999995 -9.8003, -61.18789999999999 -9.8003))"
2024,CORTE SELETIVO,C51L34,"POLYGON ((-61.130199999999995 -9.7693, -61.13029999999999 -9.7693, -61.13029999999999 -9.7692, -61.130199999999995 -9.7692, -61.130199999999995 -9.7693))"
2024,CORTE SELETIVO,C51L34,"POLYGON ((-61.09459999999999 -9.9957, -61.094699999999996 -9.9957, -61.094699999999996 -9.9956, -61.09459999999999 -9.9956, -61.09459999999999 -9.9957))"
2024,CORTE SELETIVO,C51L34,"POLYGON ((-61.102799999999995 -9.9387, -61.102799999999995 -9.9388, -61.10289999999999 -9.9388, -61.10289999999999 -9.9387, -61.102799999999995 -9.9387))"
2024,CORTE SELETIVO,C51L34,"POLYGON ((-61.10029999999999 -9.9379, -61.10039999999999 -9.9379, -61.10039999999999 -9.9378, -61.10029999999999 -9.9378, -61.10029999999999 -9.9379))"
2024,CORTE SELETIVO,C51L34,"POLYGON ((-61.09089999999999 -9.9373, -61.090999999999994 -9.9373, -61.090999999999994 -9.9372, -61.09089999999999 -9.9372, -61.09089999999999 -9.9373))"
2024,CORTE SELETIVO,C51L34,"POLYGON ((-61.10419999999999 -9.9304, -61.10419999999999 -9.9307, -61.104299999999995 -9.9307, -61.104299999999995 -9.9304, -61.10419999999999 -9.9304))"
2024,CORTE SELETIVO,C51L34,"POLYGON ((-61.065799999999996 -9.9206, -61.06589999999999 -9.9206, -61.06589999999999 -9.9205, -61.065799999999996 -9.9205, -61.065799999999996 -9.9206))"
2024,CORTE SELETIVO,C51L34,"POLYGON ((-61.06849999999999 -9.9176, -61.06839999999999 -9.9176, -61.06839999999999 -9.9177, -61.068299999999994 -9.9177, -61.068299999999994 -9.9178, -61.06849999999999 -9.9178, -61.06849999999999 -9.9176))"
2024,CORTE SELETIVO,C51L34,"POLYGON ((-61.09759999999999 -9.9169, -61.09759999999999 -9.917, -61.097699999999996 -9.917, -61.097699999999996 -9.9169, -61.09759999999999 -9.9169))"
2024,CORTE SELETIVO,C51L34,"POLYGON ((-61.059599999999996 -9.9103, -61.05969999999999 -9.9103, -61.05969999999999 -9.9102, -61.059599999999996 -9.9102, -61.059599999999996 -9.9103))"
2024,CORTE SELETIVO,C51L34,"POLYGON ((-61.09499999999999 -9.9099, -61.095099999999995 -9.9099, -61.095099999999995 -9.9098, -61.09499999999999 -9.9098, -61.09499999999999 -9.9099))"
2024,CORTE SELETIVO,C51L34,"POLYGON ((-61.073899999999995 -9.9024, -61.073899999999995 -9.9022, -61.073699999999995 -9.9022, -61.073699999999995 -9.9021, -61.07359999999999 -9.9021, -61.07359999999999 -9.9023, -61.073699999999995 -9.9023, -61.073699999999995 -9.9024, -61.073899999999995 -9.9024))"
2024,CORTE SELETIVO,C51L34,"POLYGON ((-61.05799999999999 -9.8976, -61.05789999999999 -9.8976, -61.05789999999999 -9.8977, -61.05779999999999 -9.8977, -61.05779999999999 -9.8978, -61.05799999999999 -9.8978, -61.05799999999999 -9.8976))"
2024,CORTE SELETIVO,C51L34,"POLYGON ((-61.03119999999999 -9.8931, -61.031299999999995 -9.8931, -61.031299999999995 -9.8929, -61.03119999999999 -9.8929, -61.03119999999999 -9.8931))"
2024,CORTE SELETIVO,C51L34,"POLYGON ((-61.03139999999999 -9.8929, -61.03139999999999 -9.893, -61.031499999999994 -9.893, -61.031499999999994 -9.8929, -61.03139999999999 -9.8929))"
2024,CORTE SELETIVO,C51L34,"POLYGON ((-61.07399999999999 -9.8055, -61.074099999999994 -9.8055, -61.074099999999994 -9.8054, -61.07399999999999 -9.8054, -61.07399999999999 -9.8055))"
2024,CORTE SELETIVO,C51L34,"POLYGON ((-61.07419999999999 -9.8054, -61.07439999999999 -9.8054, -61.07439999999999 -9.8053, -61.07419999999999 -9.8053, -61.07419999999999 -9.8054))"
2024,CORTE SELETIVO,C51L34,"POLYGON ((-61.01789999999999 -9.9732, -61.01789999999999 -9.9733, -61.017999999999994 -9.9733, -61.017999999999994 -9.9732, -61.01789999999999 -9.9732))"
2024,CORTE SELETIVO,C51L34,"POLYGON ((-61.00099999999999 -9.9725, -61.001099999999994 -9.9725, -61.001099999999994 -9.9723, -61.00099999999999 -9.9723, -61.00099999999999 -9.9722, -61.00079999999999 -9.9722, -61.00079999999999 -9.9723, -61.000899999999994 -9.9723, -61.000899999999994 -9.9724, -61.00099999999999 -9.9724, -61.00099999999999 -9.9725))"
2024,CORTE SELETIVO,C51L34,"POLYGON ((-61.005799999999994 -9.9722, -61.00589999999999 -9.9722, -61.00589999999999 -9.9721, -61.005799999999994 -9.9721, -61.005799999999994 -9.9722))"
2024,CORTE SELETIVO,C51L34,"POLYGON ((-61.00379999999999 -9.9679, -61.00379999999999 -9.968, -61.003899999999994 -9.968, -61.003899999999994 -9.9679, -61.00379999999999 -9.9679))"
2024,CORTE SELETIVO,C51L34,"POLYGON ((-61.003699999999995 -9.9679, -61.00379999999999 -9.9679, -61.00379999999999 -9.9678, -61.003699999999995 -9.9678, -61.003699999999995 -9.9679))"
2024,CORTE SELETIVO,C51L34,"POLYGON ((-61.02649999999999 -9.9678, -61.026599999999995 -9.9678, -61.026599999999995 -9.9677, -61.02649999999999 -9.9677, -61.02649999999999 -9.9678))"
2024,CORTE SELETIVO,C51L34,"POLYGON ((-61.01989999999999 -9.9647, -61.01989999999999 -9.9648, -61.019999999999996 -9.9648, -61.019999999999996 -9.9647, -61.01989999999999 -9.9647))"
2024,CORTE SELETIVO,C51L34,"POLYGON ((-61.01489999999999 -9.9611, -61.01499999999999 -9.9611, -61.01499999999999 -9.961, -61.01489999999999 -9.961, -61.01489999999999 -9.9611))"
2024,CORTE SELETIVO,C51L34,"POLYGON ((-61.02289999999999 -9.9587, -61.022999999999996 -9.9587, -61.022999999999996 -9.9586, -61.02289999999999 -9.9586, -61.02289999999999 -9.9587))"
2024,CORTE SELETIVO,C51L34,"POLYGON ((-61.000699999999995 -9.9546, -61.000699999999995 -9.9547, -61.00079999999999 -9.9547, -61.00079999999999 -9.9546, -61.000699999999995 -9.9546))"
2024,CORTE SELETIVO,C51L34,"POLYGON ((-61.02519999999999 -9.9363, -61.025299999999994 -9.9363, -61.025299999999994 -9.9362, -61.02519999999999 -9.9362, -61.02519999999999 -9.9363))"
2024,CORTE SELETIVO,C51L34,"POLYGON ((-61.02519999999999 -9.9361, -61.025299999999994 -9.9361, -61.025299999999994 -9.936, -61.02519999999999 -9.936, -61.02519999999999 -9.9361))"
2024,CORTE SELETIVO,C51L34,"POLYGON ((-61.024699999999996 -9.8953, -61.024699999999996 -9.8954, -61.024899999999995 -9.8954, -61.024899999999995 -9.8953, -61.024699999999996 -9.8953))"
2024,CORTE SELETIVO,C51L34,"POLYGON ((-61.01429999999999 -9.785, -61.014199999999995 -9.785, -61.014199999999995 -9.7852, -61.01449999999999 -9.7852, -61.01449999999999 -9.7851, -61.01429999999999 -9.7851, -61.01429999999999 -9.785))"
2024,CORTE SELETIVO,C51L34,"POLYGON ((-61.010299999999994 -9.7723, -61.01039999999999 -9.7723, -61.01039999999999 -9.7722, -61.010299999999994 -9.7722, -61.010299999999994 -9.7723))"
2024,CORTE SELETIVO,C51L34,"POLYGON ((-61.043899999999994 -9.9975, -61.043899999999994 -9.9976, -61.04399999999999 -9.9976, -61.04399999999999 -9.9975, -61.043899999999994 -9.9975))"
2024,CORTE SELETIVO,C51L34,"POLYGON ((-61.22319999999999 -9.9467, -61.223299999999995 -9.9467, -61.223299999999995 -9.9465, -61.22319999999999 -9.9465, -61.22319999999999 -9.9467))"
2024,CORTE SELETIVO,C51L34,"POLYGON ((-61.00719999999999 -9.8572, -61.007299999999994 -9.8572, -61.007299999999994 -9.8571, -61.00719999999999 -9.8571, -61.00719999999999 -9.8572))"
2024,CORTE SELETIVO,C51L34,"POLYGON ((-61.23629999999999 -9.9775, -61.23629999999999 -9.9776, -61.236399999999996 -9.9776, -61.236399999999996 -9.9775, -61.23629999999999 -9.9775))"
2024,CORTE SELETIVO,C51L34,"POLYGON ((-61.23179999999999 -9.9157, -61.231899999999996 -9.9157, -61.231899999999996 -9.9156, -61.23179999999999 -9.9156, -61.23179999999999 -9.9157))"
2024,CORTE SELETIVO,C51L34,"POLYGON ((-61.05939999999999 -9.9104, -61.05949999999999 -9.9104, -61.05949999999999 -9.9103, -61.05939999999999 -9.9103, -61.05939999999999 -9.9104))"
2024,CORTE SELETIVO,C51L34,"POLYGON ((-61.20419999999999 -9.9518, -61.20409999999999 -9.9518, -61.20409999999999 -9.9519, -61.20419999999999 -9.9519, -61.20419999999999 -9.9518))"
2024,CORTE SELETIVO,C51L34,"POLYGON ((-61.21009999999999 -9.7999, -61.209999999999994 -9.7999, -61.209999999999994 -9.8, -61.21009999999999 -9.8, -61.21009999999999 -9.7999))"
2024,CORTE SELETIVO,C51L34,"POLYGON ((-61.220099999999995 -9.9459, -61.21999999999999 -9.9459, -61.21999999999999 -9.946, -61.220099999999995 -9.946, -61.220099999999995 -9.9459))"
2024,CORTE SELETIVO,C51L34,"POLYGON ((-61.22109999999999 -9.8375, -61.22099999999999 -9.8375, -61.22099999999999 -9.8376, -61.22109999999999 -9.8376, -61.22109999999999 -9.8375))"
2024,CORTE SELETIVO,C51L34,"POLYGON ((-61.01689999999999 -9.9602, -61.016999999999996 -9.9602, -61.016999999999996 -9.9601, -61.01689999999999 -9.9601, -61.01689999999999 -9.9602))"
2024,CORTE SELETIVO,C51L34,"POLYGON ((-61.222899999999996 -9.9478, -61.222899999999996 -9.9479, -61.22279999999999 -9.9479, -61.22279999999999 -9.948, -61.223299999999995 -9.948, -61.223299999999995 -9.9477, -61.223099999999995 -9.9477, -61.223099999999995 -9.9478, -61.222899999999996 -9.9478))"
2024,CORTE SELETIVO,C51L34,"POLYGON ((-61.03809999999999 -9.9459, -61.03809999999999 -9.9458, -61.03799999999999 -9.9458, -61.03799999999999 -9.9459, -61.03809999999999 -9.9459))"
2024,CORTE SELETIVO,C51L34,"POLYGON ((-61.144999999999996 -9.941, -61.14529999999999 -9.941, -61.14529999999999 -9.9407, -61.144999999999996 -9.9407, -61.144999999999996 -9.941))"
2024,CORTE SELETIVO,C51L34,"POLYGON ((-61.09909999999999 -9.9251, -61.09909999999999 -9.925, -61.09899999999999 -9.925, -61.09899999999999 -9.9251, -61.09909999999999 -9.9251))"
2024,CORTE SELETIVO,C51L34,"POLYGON ((-61.09759999999999 -9.917, -61.09759999999999 -9.9169, -61.09749999999999 -9.9169, -61.09749999999999 -9.917, -61.09759999999999 -9.917))"
2024,CORTE SELETIVO,C51L34,"POLYGON ((-61.12069999999999 -9.9003, -61.120599999999996 -9.9003, -61.120599999999996 -9.9004, -61.12069999999999 -9.9004, -61.12069999999999 -9.9003))"
2024,CORTE SELETIVO,C51L34,"POLYGON ((-61.10029999999999 -9.9205, -61.10039999999999 -9.9205, -61.10039999999999 -9.9204, -61.10029999999999 -9.9204, -61.10029999999999 -9.9205))"
2024,CORTE SELETIVO,C51L34,"POLYGON ((-61.24589999999999 -9.8563, -61.245999999999995 -9.8563, -61.245999999999995 -9.8562, -61.24589999999999 -9.8562, -61.24589999999999 -9.8563))"
2024,CORTE SELETIVO,C51L34,"POLYGON ((-61.209999999999994 -9.7999, -61.21009999999999 -9.7999, -61.21009999999999 -9.7998, -61.209999999999994 -9.7998, -61.209999999999994 -9.7999))"
2024,CORTE SELETIVO,C51L34,"POLYGON ((-61.01839999999999 -9.7537, -61.01839999999999 -9.7536, -61.018299999999996 -9.7536, -61.018299999999996 -9.7537, -61.01839999999999 -9.7537))"
2024,CORTE SELETIVO,C51L34,"POLYGON ((-61.01809999999999 -9.7536, -61.01809999999999 -9.7535, -61.017999999999994 -9.7535, -61.017999999999994 -9.7536, -61.01809999999999 -9.7536))"
2024,CORTE SELETIVO,C51L34,"POLYGON ((-61.174099999999996 -9.9846, -61.174099999999996 -9.9847, -61.17419999999999 -9.9847, -61.17419999999999 -9.9846, -61.174099999999996 -9.9846))"
2024,CORTE SELETIVO,C51L34,"POLYGON ((-61.174499999999995 -9.9845, -61.17439999999999 -9.9845, -61.17439999999999 -9.9846, -61.174299999999995 -9.9846, -61.174299999999995 -9.9847, -61.174499999999995 -9.9847, -61.174499999999995 -9.9845))"
2024,CORTE SELETIVO,C51L34,"POLYGON ((-61.174099999999996 -9.9845, -61.17419999999999 -9.9845, -61.17419999999999 -9.9844, -61.174099999999996 -9.9844, -61.174099999999996 -9.9845))"
2024,CORTE SELETIVO,C51L34,"POLYGON ((-61.248799999999996 -9.9821, -61.248999999999995 -9.9821, -61.248999999999995 -9.982, -61.248799999999996 -9.982, -61.248799999999996 -9.9821))"
2024,CORTE SELETIVO,C51L34,"POLYGON ((-61.13139999999999 -9.9741, -61.131499999999996 -9.9741, -61.131499999999996 -9.974, -61.13139999999999 -9.974, -61.13139999999999 -9.9741))"
2024,CORTE SELETIVO,C51L34,"POLYGON ((-61.12029999999999 -9.936, -61.12039999999999 -9.936, -61.12039999999999 -9.9359, -61.12029999999999 -9.9359, -61.12029999999999 -9.936))"
2024,CORTE SELETIVO,C51L34,"POLYGON ((-61.127599999999994 -9.9312, -61.12769999999999 -9.9312, -61.12769999999999 -9.9311, -61.127599999999994 -9.9311, -61.127599999999994 -9.9312))"
2024,CORTE SELETIVO,C51L34,"POLYGON ((-61.12859999999999 -9.9162, -61.12859999999999 -9.9163, -61.128699999999995 -9.9163, -61.128699999999995 -9.9162, -61.12859999999999 -9.9162))"
2024,CORTE SELETIVO,C51L34,"POLYGON ((-61.12019999999999 -9.9027, -61.12029999999999 -9.9027, -61.12029999999999 -9.9026, -61.12019999999999 -9.9026, -61.12019999999999 -9.9027))"
2024,CORTE SELETIVO,C51L34,"POLYGON ((-61.128499999999995 -9.9023, -61.12859999999999 -9.9023, -61.12859999999999 -9.9022, -61.128499999999995 -9.9022, -61.128499999999995 -9.9023))"
2024,CORTE SELETIVO,C51L34,"POLYGON ((-61.128299999999996 -9.9023, -61.12839999999999 -9.9023, -61.12839999999999 -9.9022, -61.128299999999996 -9.9022, -61.128299999999996 -9.9023))"
2024,CORTE SELETIVO,C51L34,"POLYGON ((-61.12819999999999 -9.9022, -61.128299999999996 -9.9022, -61.128299999999996 -9.9021, -61.12819999999999 -9.9021, -61.12819999999999 -9.9022))"
2024,CORTE SELETIVO,C51L34,"POLYGON ((-61.128299999999996 -9.9021, -61.128499999999995 -9.9021, -61.128499999999995 -9.902, -61.128299999999996 -9.902, -61.128299999999996 -9.9021))"
2024,CORTE SELETIVO,C51L34,"POLYGON ((-61.21229999999999 -9.9001, -61.212399999999995 -9.9001, -61.212399999999995 -9.9, -61.21229999999999 -9.9, -61.21229999999999 -9.9001))"
2024,CORTE SELETIVO,C51L34,"POLYGON ((-61.24949999999999 -9.8949, -61.24949999999999 -9.8951, -61.249599999999994 -9.8951, -61.249599999999994 -9.8949, -61.24949999999999 -9.8949))"
2024,CORTE SELETIVO,C51L34,"POLYGON ((-61.14059999999999 -9.8689, -61.140699999999995 -9.8689, -61.140699999999995 -9.8688, -61.14059999999999 -9.8688, -61.14059999999999 -9.8689))"
2024,CORTE SELETIVO,C51L34,"POLYGON ((-61.20949999999999 -9.806, -61.20969999999999 -9.806, -61.20969999999999 -9.8059, -61.20949999999999 -9.8059, -61.20949999999999 -9.806))"
2024,CORTE SELETIVO,C51L34,"POLYGON ((-61.130199999999995 -9.7691, -61.130399999999995 -9.7691, -61.130399999999995 -9.769, -61.130199999999995 -9.769, -61.130199999999995 -9.7691))"
2024,CORTE SELETIVO,C51L34,"POLYGON ((-61.135099999999994 -9.757, -61.13519999999999 -9.757, -61.13519999999999 -9.7567, -61.135099999999994 -9.7567, -61.135099999999994 -9.757))"
2024,CORTE SELETIVO,C51L34,"POLYGON ((-61.10269999999999 -9.9385, -61.102799999999995 -9.9385, -61.102799999999995 -9.9384, -61.10269999999999 -9.9384, -61.10269999999999 -9.9385))"
2024,CORTE SELETIVO,C51L34,"POLYGON ((-61.10029999999999 -9.9378, -61.10039999999999 -9.9378, -61.10039999999999 -9.9377, -61.10029999999999 -9.9377, -61.10029999999999 -9.9378))"
2024,CORTE SELETIVO,C51L34,"POLYGON ((-61.10799999999999 -9.937, -61.10799999999999 -9.9371, -61.10809999999999 -9.9371, -61.10809999999999 -9.937, -61.10799999999999 -9.937))"
2024,CORTE SELETIVO,C51L34,"POLYGON ((-61.104099999999995 -9.9335, -61.10419999999999 -9.9335, -61.10419999999999 -9.9334, -61.104299999999995 -9.9334, -61.104299999999995 -9.9332, -61.103899999999996 -9.9332, -61.103899999999996 -9.9335, -61.10399999999999 -9.9335, -61.10399999999999 -9.9336, -61.104099999999995 -9.9336, -61.104099999999995 -9.9335))"
2024,CORTE SELETIVO,C51L34,"POLYGON ((-61.06589999999999 -9.9205, -61.065999999999995 -9.9205, -61.065999999999995 -9.9203, -61.06589999999999 -9.9203, -61.06589999999999 -9.9205))"
2024,CORTE SELETIVO,C51L34,"POLYGON ((-61.10029999999999 -9.9202, -61.10039999999999 -9.9202, -61.10039999999999 -9.9201, -61.10029999999999 -9.9201, -61.10029999999999 -9.9202))"
2024,CORTE SELETIVO,C51L34,"POLYGON ((-61.10049999999999 -9.9202, -61.10059999999999 -9.9202, -61.10059999999999 -9.9201, -61.100699999999996 -9.9201, -61.100699999999996 -9.92, -61.10059999999999 -9.92, -61.10059999999999 -9.9198, -61.10049999999999 -9.9198, -61.10049999999999 -9.9199, -61.10039999999999 -9.9199, -61.10039999999999 -9.92, -61.10049999999999 -9.92, -61.10049999999999 -9.9202))"
2024,CORTE SELETIVO,C51L34,"POLYGON ((-61.103699999999996 -9.9187, -61.103899999999996 -9.9187, -61.103899999999996 -9.9186, -61.103699999999996 -9.9186, -61.103699999999996 -9.9187))"
2024,CORTE SELETIVO,C51L34,"POLYGON ((-61.103699999999996 -9.9185, -61.10379999999999 -9.9185, -61.10379999999999 -9.9184, -61.103699999999996 -9.9184, -61.103699999999996 -9.9185))"
2024,CORTE SELETIVO,C51L34,"POLYGON ((-61.11809999999999 -9.9106, -61.11809999999999 -9.9108, -61.118199999999995 -9.9108, -61.118199999999995 -9.9106, -61.11809999999999 -9.9106))"
2024,CORTE SELETIVO,C51L34,"POLYGON ((-61.094899999999996 -9.9099, -61.09499999999999 -9.9099, -61.09499999999999 -9.9098, -61.094899999999996 -9.9098, -61.094899999999996 -9.9099))"
2024,CORTE SELETIVO,C51L34,"POLYGON ((-61.08429999999999 -9.9072, -61.084399999999995 -9.9072, -61.084399999999995 -9.9071, -61.08429999999999 -9.9071, -61.08429999999999 -9.9072))"
2024,CORTE SELETIVO,C51L34,"POLYGON ((-61.07919999999999 -9.9067, -61.079299999999996 -9.9067, -61.079299999999996 -9.9066, -61.07919999999999 -9.9066, -61.07919999999999 -9.9067))"
2024,CORTE SELETIVO,C51L34,"POLYGON ((-61.09819999999999 -9.9033, -61.098099999999995 -9.9033, -61.098099999999995 -9.9035, -61.098299999999995 -9.9035, -61.098299999999995 -9.9034, -61.09819999999999 -9.9034, -61.09819999999999 -9.9033))"
2024,CORTE SELETIVO,C51L34,"POLYGON ((-61.11999999999999 -9.9027, -61.120099999999994 -9.9027, -61.120099999999994 -9.9026, -61.11999999999999 -9.9026, -61.11999999999999 -9.9027))"
2024,CORTE SELETIVO,C51L34,"POLYGON ((-61.092699999999994 -9.9021, -61.09279999999999 -9.9021, -61.09279999999999 -9.902, -61.092699999999994 -9.902, -61.092699999999994 -9.9021))"
2024,CORTE SELETIVO,C51L34,"POLYGON ((-61.119499999999995 -9.883, -61.119499999999995 -9.8831, -61.11959999999999 -9.8831, -61.11959999999999 -9.883, -61.119499999999995 -9.883))"
2024,CORTE SELETIVO,C51L34,"POLYGON ((-61.07719999999999 -9.8182, -61.077299999999994 -9.8182, -61.077299999999994 -9.818, -61.07719999999999 -9.818, -61.07719999999999 -9.8182))"
2024,CORTE SELETIVO,C51L34,"POLYGON ((-61.077099999999994 -9.8175, -61.07699999999999 -9.8175, -61.07699999999999 -9.8177, -61.077299999999994 -9.8177, -61.077299999999994 -9.8176, -61.077099999999994 -9.8176, -61.077099999999994 -9.8175))"
2024,CORTE SELETIVO,C51L34,"POLYGON ((-61.03039999999999 -9.9904, -61.03059999999999 -9.9904, -61.03059999999999 -9.9903, -61.03039999999999 -9.9903, -61.03039999999999 -9.9904))"
2024,CORTE SELETIVO,C51L34,"POLYGON ((-61.00979999999999 -9.9818, -61.009899999999995 -9.9818, -61.009899999999995 -9.9817, -61.00979999999999 -9.9817, -61.00979999999999 -9.9818))"
2024,CORTE SELETIVO,C51L34,"POLYGON ((-61.001099999999994 -9.9724, -61.00119999999999 -9.9724, -61.00119999999999 -9.9723, -61.001099999999994 -9.9723, -61.001099999999994 -9.9724))"
2024,CORTE SELETIVO,C51L34,"POLYGON ((-61.003699999999995 -9.972, -61.00379999999999 -9.972, -61.00379999999999 -9.9719, -61.003699999999995 -9.9719, -61.003699999999995 -9.972))"
2024,CORTE SELETIVO,C51L34,"POLYGON ((-61.02289999999999 -9.9601, -61.02289999999999 -9.9602, -61.022999999999996 -9.9602, -61.022999999999996 -9.9601, -61.02289999999999 -9.9601))"
2024,CORTE SELETIVO,C51L34,"POLYGON ((-61.01729999999999 -9.96, -61.017399999999995 -9.96, -61.017399999999995 -9.9599, -61.01729999999999 -9.9599, -61.01729999999999 -9.96))"
2024,CORTE SELETIVO,C51L34,"POLYGON ((-61.018699999999995 -9.9487, -61.01879999999999 -9.9487, -61.01879999999999 -9.9486, -61.018699999999995 -9.9486, -61.018699999999995 -9.9487))"
2024,CORTE SELETIVO,C51L34,"POLYGON ((-61.02219999999999 -9.9395, -61.02239999999999 -9.9395, -61.02239999999999 -9.9393, -61.02219999999999 -9.9393, -61.02219999999999 -9.9395))"
2024,CORTE SELETIVO,C51L34,"POLYGON ((-61.02669999999999 -9.9366, -61.026799999999994 -9.9366, -61.026799999999994 -9.9365, -61.02669999999999 -9.9365, -61.02669999999999 -9.9366))"
2024,CORTE SELETIVO,C51L34,"POLYGON ((-61.05089999999999 -9.9177, -61.050999999999995 -9.9177, -61.050999999999995 -9.9174, -61.05089999999999 -9.9174, -61.05089999999999 -9.9177))"
2024,CORTE SELETIVO,C51L34,"POLYGON ((-61.026199999999996 -9.9169, -61.02629999999999 -9.9169, -61.02629999999999 -9.9168, -61.026199999999996 -9.9168, -61.026199999999996 -9.9169))"
2024,CORTE SELETIVO,C51L34,"POLYGON ((-61.02609999999999 -9.9166, -61.02609999999999 -9.9168, -61.026199999999996 -9.9168, -61.026199999999996 -9.9166, -61.02609999999999 -9.9166))"
2024,CORTE SELETIVO,C51L34,"POLYGON ((-61.030899999999995 -9.8976, -61.03099999999999 -9.8976, -61.03099999999999 -9.8975, -61.030899999999995 -9.8975, -61.030899999999995 -9.8976))"
2024,CORTE SELETIVO,C51L34,"POLYGON ((-61.02519999999999 -9.8954, -61.025099999999995 -9.8954, -61.025099999999995 -9.8955, -61.02499999999999 -9.8955, -61.02499999999999 -9.8956, -61.02519999999999 -9.8956, -61.02519999999999 -9.8954))"
2024,CORTE SELETIVO,C51L34,"POLYGON ((-61.02459999999999 -9.8954, -61.024699999999996 -9.8954, -61.024699999999996 -9.8953, -61.02459999999999 -9.8953, -61.02459999999999 -9.8954))"
2024,CORTE SELETIVO,C51L34,"POLYGON ((-61.031699999999994 -9.8935, -61.03179999999999 -9.8935, -61.03179999999999 -9.8932, -61.031699999999994 -9.8932, -61.031699999999994 -9.8935))"
2024,CORTE SELETIVO,C51L34,"POLYGON ((-61.030699999999996 -9.8913, -61.030899999999995 -9.8913, -61.030899999999995 -9.8912, -61.030699999999996 -9.8912, -61.030699999999996 -9.8913))"
2024,CORTE SELETIVO,C51L34,"POLYGON ((-61.010299999999994 -9.7722, -61.01039999999999 -9.7722, -61.01039999999999 -9.7721, -61.010299999999994 -9.7721, -61.010299999999994 -9.7722))"
2024,CORTE SELETIVO,C51L34,"POLYGON ((-61.05939999999999 -9.9113, -61.05939999999999 -9.9114, -61.05949999999999 -9.9114, -61.05949999999999 -9.9113, -61.05939999999999 -9.9113))"
2024,CORTE SELETIVO,C51L34,"POLYGON ((-61.120599999999996 -9.9004, -61.120599999999996 -9.9005, -61.12069999999999 -9.9005, -61.12069999999999 -9.9004, -61.120599999999996 -9.9004))"
2024,CORTE SELETIVO,C51L34,"POLYGON ((-61.22129999999999 -9.9489, -61.22129999999999 -9.949, -61.22149999999999 -9.949, -61.22149999999999 -9.9487, -61.221399999999996 -9.9487, -61.221399999999996 -9.9489, -61.22129999999999 -9.9489))"
2024,CORTE SELETIVO,C51L34,"POLYGON ((-61.221999999999994 -9.9483, -61.221999999999994 -9.9484, -61.221799999999995 -9.9484, -61.221799999999995 -9.9485, -61.22229999999999 -9.9485, -61.22229999999999 -9.9482, -61.22209999999999 -9.9482, -61.22209999999999 -9.9483, -61.221999999999994 -9.9483))"
2024,CORTE SELETIVO,C51L34,"POLYGON ((-61.22129999999999 -9.9485, -61.22129999999999 -9.9482, -61.221199999999996 -9.9482, -61.221199999999996 -9.9485, -61.22129999999999 -9.9485))"
2024,CORTE SELETIVO,C51L34,"POLYGON ((-61.22189999999999 -9.9482, -61.221799999999995 -9.9482, -61.221799999999995 -9.9483, -61.22189999999999 -9.9483, -61.22189999999999 -9.9482))"
2024,CORTE SELETIVO,C51L34,"POLYGON ((-61.22109999999999 -9.9462, -61.22099999999999 -9.9462, -61.22099999999999 -9.9464, -61.22109999999999 -9.9464, -61.22109999999999 -9.9462))"
2024,CORTE SELETIVO,C51L34,"POLYGON ((-61.22039999999999 -9.9462, -61.22039999999999 -9.946, -61.220299999999995 -9.946, -61.220299999999995 -9.9462, -61.22039999999999 -9.9462))"
2024,CORTE SELETIVO,C51L34,"POLYGON ((-61.13629999999999 -9.9514, -61.136199999999995 -9.9514, -61.136199999999995 -9.9515, -61.13629999999999 -9.9515, -61.13629999999999 -9.9514))"
2024,CORTE SELETIVO,C51L34,"POLYGON ((-61.21949999999999 -9.9462, -61.21929999999999 -9.9462, -61.21929999999999 -9.9465, -61.21949999999999 -9.9465, -61.21949999999999 -9.9462))"
2024,CORTE SELETIVO,C51L34,"POLYGON ((-61.220099999999995 -9.9459, -61.220099999999995 -9.9458, -61.21999999999999 -9.9458, -61.21999999999999 -9.9459, -61.220099999999995 -9.9459))"
2024,CORTE SELETIVO,C51L34,"POLYGON ((-61.10029999999999 -9.9203, -61.100199999999994 -9.9203, -61.100199999999994 -9.9204, -61.10029999999999 -9.9204, -61.10029999999999 -9.9203))"
2024,CORTE SELETIVO,C51L34,"POLYGON ((-61.059599999999996 -9.911200000000001, -61.05949999999999 -9.911200000000001, -61.05949999999999 -9.9113, -61.059599999999996 -9.9113, -61.059599999999996 -9.911200000000001))"
2024,CORTE SELETIVO,C51L34,"POLYGON ((-61.221599999999995 -9.9485, -61.221599999999995 -9.9486, -61.22149999999999 -9.9486, -61.22149999999999 -9.9485, -61.221399999999996 -9.9485, -61.221399999999996 -9.9487, -61.22229999999999 -9.9487, -61.22229999999999 -9.9485, -61.221799999999995 -9.9485, -61.221799999999995 -9.9484, -61.22169999999999 -9.9484, -61.22169999999999 -9.9485, -61.221599999999995 -9.9485))"
2024,CORTE SELETIVO,C51L34,"POLYGON ((-61.22279999999999 -9.9485, -61.22279999999999 -9.9482, -61.22249999999999 -9.9482, -61.22249999999999 -9.9485, -61.22279999999999 -9.9485))"
2024,CORTE SELETIVO,C51L34,"POLYGON ((-61.221599999999995 -9.9485, -61.221599999999995 -9.9484, -61.22169999999999 -9.9484, -61.22169999999999 -9.9483, -61.221799999999995 -9.9483, -61.221799999999995 -9.9482, -61.22149999999999 -9.9482, -61.22149999999999 -9.9485, -61.221599999999995 -9.9485))"
2024,CORTE SELETIVO,C51L34,"POLYGON ((-61.21979999999999 -9.9472, -61.21949999999999 -9.9472, -61.21949999999999 -9.9475, -61.21979999999999 -9.9475, -61.21979999999999 -9.9472))"
2024,CORTE SELETIVO,C51L34,"POLYGON ((-61.21889999999999 -9.9466, -61.218999999999994 -9.9466, -61.218999999999994 -9.9465, -61.218799999999995 -9.9465, -61.218799999999995 -9.9467, -61.21889999999999 -9.9467, -61.21889999999999 -9.9466))"
2024,CORTE SELETIVO,C51L34,"POLYGON ((-61.21999999999999 -9.9462, -61.21999999999999 -9.9465, -61.22039999999999 -9.9465, -61.22039999999999 -9.9464, -61.220499999999994 -9.9464, -61.220499999999994 -9.9462, -61.220299999999995 -9.9462, -61.220299999999995 -9.946, -61.21999999999999 -9.946, -61.21999999999999 -9.9458, -61.21979999999999 -9.9458, -61.21979999999999 -9.9462, -61.21999999999999 -9.9462))"
2024,CORTE SELETIVO,C51L34,"POLYGON ((-61.22109999999999 -9.9462, -61.22109999999999 -9.946, -61.22099999999999 -9.946, -61.22099999999999 -9.9462, -61.22109999999999 -9.9462))"
2024,CORTE SELETIVO,C51L34,"POLYGON ((-61.145799999999994 -9.9407, -61.145799999999994 -9.9405, -61.14549999999999 -9.9405, -61.14549999999999 -9.9407, -61.145799999999994 -9.9407))"
2024,CORTE SELETIVO,C51L34,"POLYGON ((-61.14809999999999 -9.9377, -61.147999999999996 -9.9377, -61.147999999999996 -9.938, -61.14829999999999 -9.938, -61.14829999999999 -9.9377, -61.148199999999996 -9.9377, -61.148199999999996 -9.9378, -61.14809999999999 -9.9378, -61.14809999999999 -9.9377))"
2024,CORTE SELETIVO,C51L34,"POLYGON ((-61.059599999999996 -9.9113, -61.05949999999999 -9.9113, -61.05949999999999 -9.9114, -61.059599999999996 -9.9114, -61.059599999999996 -9.9113))"
2024,CORTE SELETIVO,C51L34,"POLYGON ((-61.246599999999994 -9.8225, -61.246599999999994 -9.8226, -61.24669999999999 -9.8226, -61.24669999999999 -9.8225, -61.246599999999994 -9.8225))"
2024,CORTE SELETIVO,C51L34,"POLYGON ((-61.21119999999999 -9.8085, -61.21119999999999 -9.8086, -61.211299999999994 -9.8086, -61.211299999999994 -9.8085, -61.21119999999999 -9.8085))"
2024,CORTE SELETIVO,C51L34,"POLYGON ((-61.11229999999999 -9.9612, -61.11229999999999 -9.9613, -61.112399999999994 -9.9613, -61.112399999999994 -9.9612, -61.11229999999999 -9.9612))"
2024,CORTE SELETIVO,C51L34,"POLYGON ((-61.014199999999995 -9.7852, -61.014199999999995 -9.7853, -61.01429999999999 -9.7853, -61.01429999999999 -9.7852, -61.014199999999995 -9.7852))"
2024,CORTE SELETIVO,C51L34,"POLYGON ((-61.22099999999999 -9.7994, -61.22089999999999 -9.7994, -61.22089999999999 -9.7995, -61.22099999999999 -9.7995, -61.22099999999999 -9.7994))"
2024,CORTE SELETIVO,C51L34,"POLYGON ((-61.215399999999995 -9.9502, -61.21529999999999 -9.9502, -61.21529999999999 -9.9503, -61.215399999999995 -9.9503, -61.215399999999995 -9.9502))"
2024,CORTE SELETIVO,C51L34,"POLYGON ((-61.14119999999999 -9.9501, -61.141099999999994 -9.9501, -61.141099999999994 -9.9502, -61.14119999999999 -9.9502, -61.14119999999999 -9.9501))"
2024,CORTE SELETIVO,C51L34,"POLYGON ((-61.14249999999999 -9.9481, -61.142399999999995 -9.9481, -61.142399999999995 -9.9482, -61.14249999999999 -9.9482, -61.14249999999999 -9.9481))"
2024,CORTE SELETIVO,C51L34,"POLYGON ((-61.144499999999994 -9.9434, -61.14439999999999 -9.9434, -61.14439999999999 -9.9435, -61.144499999999994 -9.9435, -61.144499999999994 -9.9434))"
2024,CORTE SELETIVO,C51L34,"POLYGON ((-61.147999999999996 -9.9372, -61.14789999999999 -9.9372, -61.14789999999999 -9.9373, -61.147999999999996 -9.9373, -61.147999999999996 -9.9372))"
2024,CORTE SELETIVO,C51L34,"POLYGON ((-61.14779999999999 -9.9366, -61.14769999999999 -9.9366, -61.14769999999999 -9.9367, -61.14779999999999 -9.9367, -61.14779999999999 -9.9366))"
2024,CORTE SELETIVO,C51L34,"POLYGON ((-61.14789999999999 -9.9352, -61.14769999999999 -9.9352, -61.14769999999999 -9.9353, -61.14789999999999 -9.9353, -61.14789999999999 -9.9352))"
2024,CORTE SELETIVO,C51L34,"POLYGON ((-61.15059999999999 -9.9333, -61.15059999999999 -9.9334, -61.15069999999999 -9.9334, -61.15069999999999 -9.9333, -61.15059999999999 -9.9333))"
2024,CORTE SELETIVO,C51L34,"POLYGON ((-61.246599999999994 -9.8226, -61.246599999999994 -9.8227, -61.24669999999999 -9.8227, -61.24669999999999 -9.8226, -61.246599999999994 -9.8226))"
2024,CORTE SELETIVO,C51L34,"POLYGON ((-61.135999999999996 -9.9514, -61.13589999999999 -9.9514, -61.13589999999999 -9.9515, -61.135999999999996 -9.9515, -61.135999999999996 -9.9514))"
2024,CORTE SELETIVO,C51L34,"POLYGON ((-61.132799999999996 -9.9465, -61.13269999999999 -9.9465, -61.13269999999999 -9.9466, -61.132799999999996 -9.9466, -61.132799999999996 -9.9465))"
2024,CORTE SELETIVO,C51L34,"POLYGON ((-61.13259999999999 -9.9415, -61.13249999999999 -9.9415, -61.13249999999999 -9.9417, -61.13259999999999 -9.9417, -61.13259999999999 -9.9415))"
2024,CORTE SELETIVO,C51L34,"POLYGON ((-61.13179999999999 -9.9284, -61.131699999999995 -9.9284, -61.131699999999995 -9.9285, -61.13179999999999 -9.9285, -61.13179999999999 -9.9284))"
2024,CORTE SELETIVO,C51L34,"POLYGON ((-61.10039999999999 -9.9205, -61.10049999999999 -9.9205, -61.10049999999999 -9.9203, -61.10029999999999 -9.9203, -61.10029999999999 -9.9204, -61.10039999999999 -9.9204, -61.10039999999999 -9.9205))"
2024,CORTE SELETIVO,C51L34,"POLYGON ((-61.128699999999995 -9.9163, -61.12859999999999 -9.9163, -61.12859999999999 -9.9164, -61.128699999999995 -9.9164, -61.128699999999995 -9.9163))"
2024,CORTE SELETIVO,C51L34,"POLYGON ((-61.054899999999996 -9.9114, -61.05479999999999 -9.9114, -61.05479999999999 -9.9116, -61.054899999999996 -9.9116, -61.054899999999996 -9.9114))"
2024,CORTE SELETIVO,C51L34,"POLYGON ((-61.031099999999995 -9.8932, -61.031099999999995 -9.8933, -61.03119999999999 -9.8933, -61.03119999999999 -9.8932, -61.031099999999995 -9.8932))"
2024,CORTE SELETIVO,C51L34,"POLYGON ((-61.036199999999994 -9.8724, -61.036199999999994 -9.8725, -61.03629999999999 -9.8725, -61.03629999999999 -9.8724, -61.036199999999994 -9.8724))"
2024,CORTE SELETIVO,C51L34,"POLYGON ((-61.031099999999995 -9.8932, -61.03099999999999 -9.8932, -61.03099999999999 -9.8933, -61.031099999999995 -9.8933, -61.031099999999995 -9.8932))"
2024,CORTE SELETIVO,C51L34,"POLYGON ((-61.20369999999999 -9.9538, -61.20369999999999 -9.9537, -61.203799999999994 -9.9537, -61.203799999999994 -9.9535, -61.20369999999999 -9.9535, -61.20369999999999 -9.9536, -61.203599999999994 -9.9536, -61.203599999999994 -9.9538, -61.20369999999999 -9.9538))"
2024,CORTE SELETIVO,C51L34,"POLYGON ((-61.23129999999999 -9.9525, -61.23129999999999 -9.9522, -61.231199999999994 -9.9522, -61.231199999999994 -9.9523, -61.23109999999999 -9.9523, -61.23109999999999 -9.9525, -61.23129999999999 -9.9525))"
2024,CORTE SELETIVO,C51L34,"POLYGON ((-61.22129999999999 -9.9492, -61.22129999999999 -9.9489, -61.221199999999996 -9.9489, -61.221199999999996 -9.9491, -61.22109999999999 -9.9491, -61.22109999999999 -9.9492, -61.22129999999999 -9.9492))"
2024,CORTE SELETIVO,C51L34,"POLYGON ((-61.22249999999999 -9.9482, -61.22279999999999 -9.9482, -61.22279999999999 -9.948, -61.22249999999999 -9.948, -61.22249999999999 -9.9482))"
2024,CORTE SELETIVO,C51L34,"POLYGON ((-61.22319999999999 -9.9465, -61.223299999999995 -9.9465, -61.223299999999995 -9.9464, -61.22319999999999 -9.9464, -61.22319999999999 -9.9465))"
2024,CORTE SELETIVO,C51L34,"POLYGON ((-61.21979999999999 -9.9462, -61.21979999999999 -9.9465, -61.21999999999999 -9.9465, -61.21999999999999 -9.9462, -61.21979999999999 -9.9462))"
2024,CORTE SELETIVO,C51L34,"POLYGON ((-61.22079999999999 -9.9462, -61.22079999999999 -9.9464, -61.22099999999999 -9.9464, -61.22099999999999 -9.946, -61.22079999999999 -9.946, -61.22079999999999 -9.9461, -61.22059999999999 -9.9461, -61.22059999999999 -9.9462, -61.22079999999999 -9.9462))"
2024,CORTE SELETIVO,C51L34,"POLYGON ((-61.23179999999999 -9.9155, -61.23179999999999 -9.9156, -61.231899999999996 -9.9156, -61.231899999999996 -9.9155, -61.23179999999999 -9.9155))"
2024,CORTE SELETIVO,C51L34,"POLYGON ((-61.22999999999999 -9.902, -61.23009999999999 -9.902, -61.23009999999999 -9.9019, -61.22999999999999 -9.9019, -61.22999999999999 -9.902))"
2024,CORTE SELETIVO,C51L34,"POLYGON ((-61.246599999999994 -9.8228, -61.24669999999999 -9.8228, -61.24669999999999 -9.8227, -61.246599999999994 -9.8227, -61.246599999999994 -9.8228))"
2024,CORTE SELETIVO,C51L34,"POLYGON ((-61.24669999999999 -9.8225, -61.24669999999999 -9.8227, -61.24679999999999 -9.8227, -61.24679999999999 -9.8225, -61.24669999999999 -9.8225))"
2024,CORTE SELETIVO,C51L34,"POLYGON ((-61.246599999999994 -9.8224, -61.246599999999994 -9.8225, -61.24669999999999 -9.8225, -61.24669999999999 -9.8224, -61.246599999999994 -9.8224))"
2024,CORTE SELETIVO,C51L34,"POLYGON ((-61.195699999999995 -9.8214, -61.195699999999995 -9.8213, -61.19559999999999 -9.8213, -61.19559999999999 -9.8216, -61.19579999999999 -9.8216, -61.19579999999999 -9.8214, -61.195699999999995 -9.8214))"
2024,CORTE SELETIVO,C51L34,"POLYGON ((-61.21459999999999 -9.8024, -61.21469999999999 -9.8024, -61.21469999999999 -9.8023, -61.21459999999999 -9.8023, -61.21459999999999 -9.8024))"
2024,CORTE SELETIVO,C51L34,"POLYGON ((-61.174299999999995 -9.9845, -61.17439999999999 -9.9845, -61.17439999999999 -9.9844, -61.174299999999995 -9.9844, -61.174299999999995 -9.9845))"
2024,CORTE SELETIVO,C51L34,"POLYGON ((-61.174299999999995 -9.9843, -61.174299999999995 -9.9841, -61.174099999999996 -9.9841, -61.174099999999996 -9.9842, -61.17419999999999 -9.9842, -61.17419999999999 -9.9843, -61.174299999999995 -9.9843))"
2024,CORTE SELETIVO,C51L34,"POLYGON ((-61.14119999999999 -9.9506, -61.141299999999994 -9.9506, -61.141299999999994 -9.9505, -61.14119999999999 -9.9505, -61.14119999999999 -9.9506))"
2024,CORTE SELETIVO,C51L34,"POLYGON ((-61.14139999999999 -9.9502, -61.14149999999999 -9.9502, -61.14149999999999 -9.9501, -61.14139999999999 -9.9501, -61.14139999999999 -9.9502))"
2024,CORTE SELETIVO,C51L34,"POLYGON ((-61.120099999999994 -9.936, -61.120099999999994 -9.9361, -61.12019999999999 -9.9361, -61.12019999999999 -9.936, -61.120099999999994 -9.936))"
2024,CORTE SELETIVO,C51L34,"POLYGON ((-61.127599999999994 -9.9313, -61.12769999999999 -9.9313, -61.12769999999999 -9.9312, -61.127599999999994 -9.9312, -61.127599999999994 -9.9313))"
2024,CORTE SELETIVO,C51L34,"POLYGON ((-61.115899999999996 -9.9227, -61.116099999999996 -9.9227, -61.116099999999996 -9.9226, -61.11619999999999 -9.9226, -61.11619999999999 -9.9225, -61.116099999999996 -9.9225, -61.116099999999996 -9.9224, -61.115899999999996 -9.9224, -61.115899999999996 -9.9225, -61.11579999999999 -9.9225, -61.11579999999999 -9.9226, -61.115899999999996 -9.9226, -61.115899999999996 -9.9227))"
2024,CORTE SELETIVO,C51L34,"POLYGON ((-61.119699999999995 -9.8831, -61.11979999999999 -9.8831, -61.11979999999999 -9.8827, -61.119499999999995 -9.8827, -61.119499999999995 -9.8829, -61.11939999999999 -9.8829, -61.11939999999999 -9.8833, -61.119699999999995 -9.8833, -61.119699999999995 -9.8831), (-61.119499999999995 -9.8831, -61.119499999999995 -9.883, -61.11959999999999 -9.883, -61.11959999999999 -9.8831, -61.119499999999995 -9.8831))"
2024,CORTE SELETIVO,C51L34,"POLYGON ((-61.162699999999994 -9.8699, -61.162699999999994 -9.87, -61.16279999999999 -9.87, -61.16279999999999 -9.8699, -61.162699999999994 -9.8699))"
2024,CORTE SELETIVO,C51L34,"POLYGON ((-61.16089999999999 -9.8696, -61.16089999999999 -9.8697, -61.160999999999994 -9.8697, -61.160999999999994 -9.8696, -61.16089999999999 -9.8696))"
2024,CORTE SELETIVO,C51L34,"POLYGON ((-61.16089999999999 -9.8695, -61.160999999999994 -9.8695, -61.160999999999994 -9.8694, -61.16089999999999 -9.8694, -61.16089999999999 -9.8695))"
2024,CORTE SELETIVO,C51L34,"POLYGON ((-61.16089999999999 -9.8693, -61.160999999999994 -9.8693, -61.160999999999994 -9.8692, -61.16089999999999 -9.8692, -61.16089999999999 -9.8693))"
2024,CORTE SELETIVO,C51L34,"POLYGON ((-61.192299999999996 -9.8173, -61.192299999999996 -9.8176, -61.192499999999995 -9.8176, -61.192499999999995 -9.8173, -61.192299999999996 -9.8173))"
2024,CORTE SELETIVO,C51L34,"POLYGON ((-61.18729999999999 -9.7988, -61.18729999999999 -9.7989, -61.18749999999999 -9.7989, -61.18749999999999 -9.7984, -61.18729999999999 -9.7984, -61.18729999999999 -9.7986, -61.18719999999999 -9.7986, -61.18719999999999 -9.7988, -61.18729999999999 -9.7988))"
2024,CORTE SELETIVO,C51L34,"POLYGON ((-61.00379999999999 -9.9717, -61.00379999999999 -9.9718, -61.003899999999994 -9.9718, -61.003899999999994 -9.9717, -61.00379999999999 -9.9717))"
2024,CORTE SELETIVO,C51L34,"POLYGON ((-61.09069999999999 -9.9563, -61.090799999999994 -9.9563, -61.090799999999994 -9.9562, -61.09069999999999 -9.9562, -61.09069999999999 -9.9563))"
2024,CORTE SELETIVO,C51L34,"POLYGON ((-61.10809999999999 -9.9355, -61.10819999999999 -9.9355, -61.10819999999999 -9.9354, -61.10809999999999 -9.9354, -61.10809999999999 -9.9355))"
2024,CORTE SELETIVO,C51L34,"POLYGON ((-61.100699999999996 -9.9203, -61.100699999999996 -9.9201, -61.10059999999999 -9.9201, -61.10059999999999 -9.9202, -61.10049999999999 -9.9202, -61.10049999999999 -9.9203, -61.100699999999996 -9.9203))"
2024,CORTE SELETIVO,C51L34,"POLYGON ((-61.065799999999996 -9.9201, -61.065799999999996 -9.9202, -61.06589999999999 -9.9202, -61.06589999999999 -9.9201, -61.065799999999996 -9.9201))"
2024,CORTE SELETIVO,C51L34,"POLYGON ((-61.10059999999999 -9.9199, -61.10059999999999 -9.92, -61.100699999999996 -9.92, -61.100699999999996 -9.9199, -61.10059999999999 -9.9199))"
2024,CORTE SELETIVO,C51L34,"POLYGON ((-61.05089999999999 -9.9178, -61.050999999999995 -9.9178, -61.050999999999995 -9.9177, -61.05089999999999 -9.9177, -61.05089999999999 -9.9178))"
2024,CORTE SELETIVO,C51L34,"POLYGON ((-61.05949999999999 -9.9115, -61.059599999999996 -9.9115, -61.059599999999996 -9.9114, -61.05949999999999 -9.9114, -61.05949999999999 -9.9115))"
2024,CORTE SELETIVO,C51L34,"POLYGON ((-61.059599999999996 -9.9113, -61.059599999999996 -9.9114, -61.05969999999999 -9.9114, -61.05969999999999 -9.9113, -61.059599999999996 -9.9113))"
2024,CORTE SELETIVO,C51L34,"POLYGON ((-61.06859999999999 -9.9096, -61.06869999999999 -9.9096, -61.06869999999999 -9.9095, -61.06859999999999 -9.9095, -61.06859999999999 -9.9096))"
2024,CORTE SELETIVO,C51L34,"POLYGON ((-61.044999999999995 -9.7983, -61.04489999999999 -9.7983, -61.04489999999999 -9.7982, -61.044799999999995 -9.7982, -61.044799999999995 -9.7983, -61.04469999999999 -9.7983, -61.04469999999999 -9.7985, -61.044999999999995 -9.7985, -61.044999999999995 -9.7983))"
2024,CORTE SELETIVO,C51L34,"POLYGON ((-61.04469999999999 -9.7981, -61.04469999999999 -9.7982, -61.044799999999995 -9.7982, -61.044799999999995 -9.7981, -61.04469999999999 -9.7981))"
2024,CORTE SELETIVO,C51L34,"POLYGON ((-61.01069999999999 -9.7727, -61.010799999999996 -9.7727, -61.010799999999996 -9.7726, -61.01069999999999 -9.7726, -61.01069999999999 -9.7727))"
2024,CORTE SELETIVO,C51L34,"POLYGON ((-61.00449999999999 -9.772, -61.004599999999996 -9.772, -61.004599999999996 -9.7717, -61.00449999999999 -9.7717, -61.00449999999999 -9.772))"
2024,CORTE SELETIVO,C51L34,"POLYGON ((-61.22109999999999 -9.9492, -61.22109999999999 -9.9495, -61.22129999999999 -9.9495, -61.22129999999999 -9.9492, -61.22109999999999 -9.9492))"
2024,CORTE SELETIVO,C51L34,"POLYGON ((-61.21949999999999 -9.9465, -61.21979999999999 -9.9465, -61.21979999999999 -9.9462, -61.21949999999999 -9.9462, -61.21949999999999 -9.9465))"
2024,CORTE SELETIVO,C51L34,"POLYGON ((-61.10029999999999 -9.9201, -61.10039999999999 -9.9201, -61.10039999999999 -9.92, -61.10029999999999 -9.92, -61.10029999999999 -9.9201))"
2024,CORTE SELETIVO,C51L34,"POLYGON ((-61.100199999999994 -9.9202, -61.100199999999994 -9.9203, -61.10029999999999 -9.9203, -61.10029999999999 -9.9202, -61.100199999999994 -9.9202))"
2024,CORTE SELETIVO,C51L34,"POLYGON ((-61.132099999999994 -9.9192, -61.132099999999994 -9.9193, -61.13219999999999 -9.9193, -61.13219999999999 -9.9192, -61.132099999999994 -9.9192))"
2024,CORTE SELETIVO,C51L34,"POLYGON ((-61.221599999999995 -9.9535, -61.221599999999995 -9.9536, -61.22169999999999 -9.9536, -61.22169999999999 -9.9535, -61.221599999999995 -9.9535))"
2024,CORTE SELETIVO,C51L34,"POLYGON ((-61.22149999999999 -9.8662, -61.22149999999999 -9.8663, -61.221599999999995 -9.8663, -61.221599999999995 -9.8662, -61.22149999999999 -9.8662))"
2024,CORTE SELETIVO,C51L34,"POLYGON ((-61.23109999999999 -9.9523, -61.231199999999994 -9.9523, -61.231199999999994 -9.9522, -61.23109999999999 -9.9522, -61.23109999999999 -9.9523))"
2024,CORTE SELETIVO,C51L34,"POLYGON ((-61.234899999999996 -9.9458, -61.23499999999999 -9.9458, -61.23499999999999 -9.9457, -61.234899999999996 -9.9457, -61.234899999999996 -9.9458))"
2024,CORTE SELETIVO,C51L34,"POLYGON ((-61.05939999999999 -9.9113, -61.05949999999999 -9.9113, -61.05949999999999 -9.911200000000001, -61.05939999999999 -9.911200000000001, -61.05939999999999 -9.9113))"
2024,CORTE SELETIVO,C51L34,"POLYGON ((-61.21209999999999 -9.8999, -61.212199999999996 -9.8999, -61.212199999999996 -9.8998, -61.21209999999999 -9.8998, -61.21209999999999 -9.8999))"
2024,CORTE SELETIVO,C51L34,"POLYGON ((-61.203799999999994 -9.9534, -61.20369999999999 -9.9534, -61.20369999999999 -9.9535, -61.203799999999994 -9.9535, -61.203799999999994 -9.9534))"
2024,CORTE SELETIVO,C51L34,"POLYGON ((-61.14809999999999 -9.9337, -61.14809999999999 -9.9338, -61.14829999999999 -9.9338, -61.14829999999999 -9.9337, -61.14809999999999 -9.9337))"
2024,CORTE SELETIVO,C51L34,"POLYGON ((-61.14979999999999 -9.9329, -61.149899999999995 -9.9329, -61.149899999999995 -9.9328, -61.14979999999999 -9.9328, -61.14979999999999 -9.9329))"
2024,CORTE SELETIVO,C51L34,"POLYGON ((-61.149899999999995 -9.9328, -61.14999999999999 -9.9328, -61.14999999999999 -9.9327, -61.149899999999995 -9.9327, -61.149899999999995 -9.9328))"
2024,CORTE SELETIVO,C51L34,"POLYGON ((-61.20369999999999 -9.9535, -61.203599999999994 -9.9535, -61.203599999999994 -9.9536, -61.20369999999999 -9.9536, -61.20369999999999 -9.9535))"
2024,CORTE SELETIVO,C51L34,"POLYGON ((-61.21529999999999 -9.9502, -61.215399999999995 -9.9502, -61.215399999999995 -9.9501, -61.21529999999999 -9.9501, -61.21529999999999 -9.9502))"
2024,CORTE SELETIVO,C51L34,"POLYGON ((-61.22149999999999 -9.9492, -61.22149999999999 -9.949, -61.22129999999999 -9.949, -61.22129999999999 -9.9492, -61.22149999999999 -9.9492))"
2024,CORTE SELETIVO,C51L34,"POLYGON ((-61.151799999999994 -9.9362, -61.151799999999994 -9.9357, -61.15129999999999 -9.9357, -61.15129999999999 -9.9362, -61.151799999999994 -9.9362))"
2024,CORTE SELETIVO,C51L34,"POLYGON ((-61.05929999999999 -9.9114, -61.05939999999999 -9.9114, -61.05939999999999 -9.9113, -61.05929999999999 -9.9113, -61.05929999999999 -9.9114))"
2024,CORTE SELETIVO,C51L34,"POLYGON ((-61.236999999999995 -9.9049, -61.236999999999995 -9.9047, -61.23689999999999 -9.9047, -61.23689999999999 -9.9049, -61.236999999999995 -9.9049))"
2024,CORTE SELETIVO,C51L34,"POLYGON ((-61.212199999999996 -9.9003, -61.212199999999996 -9.9002, -61.21209999999999 -9.9002, -61.21209999999999 -9.9003, -61.212199999999996 -9.9003))"
2024,CORTE SELETIVO,C51L34,"POLYGON ((-61.05939999999999 -9.9114, -61.05929999999999 -9.9114, -61.05929999999999 -9.9115, -61.05939999999999 -9.9115, -61.05939999999999 -9.9114))"
2024,CORTE SELETIVO,C51L34,"POLYGON ((-61.01689999999999 -9.9601, -61.016799999999996 -9.9601, -61.016799999999996 -9.9602, -61.01689999999999 -9.9602, -61.01689999999999 -9.9601))"
2024,CORTE SELETIVO,C51L34,"POLYGON ((-61.203599999999994 -9.9549, -61.20369999999999 -9.9549, -61.20369999999999 -9.9546, -61.203599999999994 -9.9546, -61.203599999999994 -9.9549))"
2024,CORTE SELETIVO,C51L34,"POLYGON ((-61.229899999999994 -9.9523, -61.22999999999999 -9.9523, -61.22999999999999 -9.9522, -61.229899999999994 -9.9522, -61.229899999999994 -9.9523))"
2024,CORTE SELETIVO,C51L34,"POLYGON ((-61.22999999999999 -9.9514, -61.23009999999999 -9.9514, -61.23009999999999 -9.9512, -61.22999999999999 -9.9512, -61.22999999999999 -9.9514))"
2024,CORTE SELETIVO,C51L34,"POLYGON ((-61.215199999999996 -9.9503, -61.21529999999999 -9.9503, -61.21529999999999 -9.9502, -61.215199999999996 -9.9502, -61.215199999999996 -9.9503))"
2024,CORTE SELETIVO,C51L34,"POLYGON ((-61.230399999999996 -9.948, -61.23049999999999 -9.948, -61.23049999999999 -9.9479, -61.230399999999996 -9.9479, -61.230399999999996 -9.948))"
2024,CORTE SELETIVO,C51L34,"POLYGON ((-61.21949999999999 -9.9479, -61.21959999999999 -9.9479, -61.21959999999999 -9.9477, -61.21949999999999 -9.9477, -61.21949999999999 -9.9479))"
2024,CORTE SELETIVO,C51L34,"POLYGON ((-61.17329999999999 -9.9475, -61.173399999999994 -9.9475, -61.173399999999994 -9.9474, -61.17329999999999 -9.9474, -61.17329999999999 -9.9475))"
2024,CORTE SELETIVO,C51L34,"POLYGON ((-61.173199999999994 -9.9474, -61.17329999999999 -9.9474, -61.17329999999999 -9.9473, -61.173199999999994 -9.9473, -61.173199999999994 -9.9474))"
2024,CORTE SELETIVO,C51L34,"POLYGON ((-61.17309999999999 -9.9473, -61.173199999999994 -9.9473, -61.173199999999994 -9.9472, -61.17309999999999 -9.9472, -61.17309999999999 -9.9473))"
2024,CORTE SELETIVO,C51L34,"POLYGON ((-61.148199999999996 -9.934, -61.14849999999999 -9.934, -61.14849999999999 -9.9339, -61.148199999999996 -9.9339, -61.148199999999996 -9.934))"
2024,CORTE SELETIVO,C51L34,"POLYGON ((-61.15089999999999 -9.9336, -61.150999999999996 -9.9336, -61.150999999999996 -9.9335, -61.15089999999999 -9.9335, -61.15089999999999 -9.9336))"
2024,CORTE SELETIVO,C51L34,"POLYGON ((-61.149699999999996 -9.9331, -61.149899999999995 -9.9331, -61.149899999999995 -9.933, -61.149699999999996 -9.933, -61.149699999999996 -9.9331))"
2024,CORTE SELETIVO,C51L34,"POLYGON ((-61.15019999999999 -9.9331, -61.150499999999994 -9.9331, -61.150499999999994 -9.9329, -61.15019999999999 -9.9329, -61.15019999999999 -9.9331))"
2024,CORTE SELETIVO,C51L34,"POLYGON ((-61.212199999999996 -9.9002, -61.21229999999999 -9.9002, -61.21229999999999 -9.9, -61.212399999999995 -9.9, -61.212399999999995 -9.8998, -61.21229999999999 -9.8998, -61.21229999999999 -9.8997, -61.212199999999996 -9.8997, -61.212199999999996 -9.8999, -61.21209999999999 -9.8999, -61.21209999999999 -9.9001, -61.212199999999996 -9.9001, -61.212199999999996 -9.9002))"
2024,CORTE SELETIVO,C51L34,"POLYGON ((-61.16089999999999 -9.8694, -61.160999999999994 -9.8694, -61.160999999999994 -9.8693, -61.16089999999999 -9.8693, -61.16089999999999 -9.8694))"
2024,CORTE SELETIVO,C51L34,"POLYGON ((-61.166799999999995 -9.8666, -61.166799999999995 -9.8665, -61.16669999999999 -9.8665, -61.16669999999999 -9.8666, -61.166799999999995 -9.8666))"
2024,CORTE SELETIVO,C51L34,"POLYGON ((-61.24589999999999 -9.8563, -61.24589999999999 -9.8562, -61.245799999999996 -9.8562, -61.245799999999996 -9.8563, -61.24589999999999 -9.8563))"
2024,CORTE SELETIVO,C51L34,"POLYGON ((-61.22109999999999 -9.8374, -61.221199999999996 -9.8374, -61.221199999999996 -9.8373, -61.22109999999999 -9.8373, -61.22109999999999 -9.8374))"
2024,CORTE SELETIVO,C51L34,"POLYGON ((-61.171099999999996 -9.8135, -61.17119999999999 -9.8135, -61.17119999999999 -9.8134, -61.171099999999996 -9.8134, -61.171099999999996 -9.8135))"
2024,CORTE SELETIVO,C51L34,"POLYGON ((-61.201899999999995 -9.8036, -61.20199999999999 -9.8036, -61.20199999999999 -9.8035, -61.201899999999995 -9.8035, -61.201899999999995 -9.8036))"
2024,CORTE SELETIVO,C51L34,"POLYGON ((-61.21459999999999 -9.8023, -61.214499999999994 -9.8023, -61.214499999999994 -9.8025, -61.21469999999999 -9.8025, -61.21469999999999 -9.8024, -61.21459999999999 -9.8024, -61.21459999999999 -9.8023))"
2024,CORTE SELETIVO,C51L34,"POLYGON ((-61.20329999999999 -9.8021, -61.203399999999995 -9.8021, -61.203399999999995 -9.802, -61.20329999999999 -9.802, -61.20329999999999 -9.8021))"
2024,CORTE SELETIVO,C51L34,"POLYGON ((-61.209999999999994 -9.8001, -61.21009999999999 -9.8001, -61.21009999999999 -9.8, -61.209999999999994 -9.8, -61.209999999999994 -9.8001))"
2024,CORTE SELETIVO,C51L34,"POLYGON ((-61.18749999999999 -9.7987, -61.187599999999996 -9.7987, -61.187599999999996 -9.7985, -61.18749999999999 -9.7985, -61.18749999999999 -9.7987))"
2024,CORTE SELETIVO,C51L34,"POLYGON ((-61.104499999999994 -9.9708, -61.104499999999994 -9.9707, -61.10439999999999 -9.9707, -61.10439999999999 -9.9708, -61.104499999999994 -9.9708))"
2024,CORTE SELETIVO,C51L34,"POLYGON ((-61.136599999999994 -9.9515, -61.136599999999994 -9.9514, -61.13649999999999 -9.9514, -61.13649999999999 -9.9515, -61.136599999999994 -9.9515))"
2024,CORTE SELETIVO,C51L34,"POLYGON ((-61.13969999999999 -9.9514, -61.139799999999994 -9.9514, -61.139799999999994 -9.9513, -61.13969999999999 -9.9513, -61.13969999999999 -9.9514))"
2024,CORTE SELETIVO,C51L34,"POLYGON ((-61.13669999999999 -9.9514, -61.136799999999994 -9.9514, -61.136799999999994 -9.9513, -61.13669999999999 -9.9513, -61.13669999999999 -9.9514))"
2024,CORTE SELETIVO,C51L34,"POLYGON ((-61.13629999999999 -9.9514, -61.136399999999995 -9.9514, -61.136399999999995 -9.9513, -61.13629999999999 -9.9513, -61.13629999999999 -9.9514))"
2024,CORTE SELETIVO,C51L34,"POLYGON ((-61.13499999999999 -9.9513, -61.13519999999999 -9.9513, -61.13519999999999 -9.9512, -61.13499999999999 -9.9512, -61.13499999999999 -9.9513))"
2024,CORTE SELETIVO,C51L34,"POLYGON ((-61.134499999999996 -9.9513, -61.13459999999999 -9.9513, -61.13459999999999 -9.9512, -61.134499999999996 -9.9512, -61.134499999999996 -9.9513))"
2024,CORTE SELETIVO,C51L34,"POLYGON ((-61.134299999999996 -9.9513, -61.13439999999999 -9.9513, -61.13439999999999 -9.9512, -61.134299999999996 -9.9512, -61.134299999999996 -9.9513))"
2024,CORTE SELETIVO,C51L34,"POLYGON ((-61.13269999999999 -9.9471, -61.132799999999996 -9.9471, -61.132799999999996 -9.947, -61.13269999999999 -9.947, -61.13269999999999 -9.9471))"
2024,CORTE SELETIVO,C51L34,"POLYGON ((-61.14399999999999 -9.9466, -61.14399999999999 -9.9465, -61.14379999999999 -9.9465, -61.14379999999999 -9.9466, -61.14399999999999 -9.9466))"
2024,CORTE SELETIVO,C51L34,"POLYGON ((-61.132799999999996 -9.9455, -61.132799999999996 -9.9454, -61.13269999999999 -9.9454, -61.13269999999999 -9.9455, -61.132799999999996 -9.9455))"
2024,CORTE SELETIVO,C51L34,"POLYGON ((-61.13249999999999 -9.943, -61.13259999999999 -9.943, -61.13259999999999 -9.9429, -61.13249999999999 -9.9429, -61.13249999999999 -9.943))"
2024,CORTE SELETIVO,C51L34,"POLYGON ((-61.143299999999996 -9.9403, -61.14339999999999 -9.9403, -61.14339999999999 -9.9402, -61.143299999999996 -9.9402, -61.143299999999996 -9.9403))"
2024,CORTE SELETIVO,C51L34,"POLYGON ((-61.143299999999996 -9.9401, -61.14309999999999 -9.9401, -61.14309999999999 -9.9403, -61.14319999999999 -9.9403, -61.14319999999999 -9.9402, -61.143299999999996 -9.9402, -61.143299999999996 -9.9401))"
2024,CORTE SELETIVO,C51L34,"POLYGON ((-61.14779999999999 -9.9371, -61.14789999999999 -9.9371, -61.14789999999999 -9.937, -61.14779999999999 -9.937, -61.14779999999999 -9.9371))"
2024,CORTE SELETIVO,C51L34,"POLYGON ((-61.127599999999994 -9.9311, -61.12749999999999 -9.9311, -61.12749999999999 -9.9314, -61.12769999999999 -9.9314, -61.12769999999999 -9.9313, -61.127599999999994 -9.9313, -61.127599999999994 -9.9311))"
2024,CORTE SELETIVO,C51L34,"POLYGON ((-61.13049999999999 -9.926, -61.130599999999994 -9.926, -61.130599999999994 -9.9258, -61.13049999999999 -9.9258, -61.13049999999999 -9.926))"
2024,CORTE SELETIVO,C51L34,"POLYGON ((-61.124199999999995 -9.922, -61.123999999999995 -9.922, -61.123999999999995 -9.9222, -61.12409999999999 -9.9222, -61.12409999999999 -9.9223, -61.124199999999995 -9.9223, -61.124199999999995 -9.922))"
2024,CORTE SELETIVO,C51L34,"POLYGON ((-61.11259999999999 -9.9211, -61.11269999999999 -9.9211, -61.11269999999999 -9.921, -61.11259999999999 -9.921, -61.11259999999999 -9.9211))"
2024,CORTE SELETIVO,C51L34,"POLYGON ((-61.100199999999994 -9.9205, -61.10029999999999 -9.9205, -61.10029999999999 -9.9204, -61.100199999999994 -9.9204, -61.100199999999994 -9.9205))"
2024,CORTE SELETIVO,C51L34,"POLYGON ((-61.131899999999995 -9.9192, -61.13199999999999 -9.9192, -61.13199999999999 -9.9191, -61.131899999999995 -9.9191, -61.131899999999995 -9.9192))"
2024,CORTE SELETIVO,C51L34,"POLYGON ((-61.11639999999999 -9.8765, -61.11659999999999 -9.8765, -61.11659999999999 -9.8763, -61.116499999999995 -9.8763, -61.116499999999995 -9.8762, -61.11639999999999 -9.8762, -61.11639999999999 -9.8763, -61.116299999999995 -9.8763, -61.116299999999995 -9.8764, -61.11639999999999 -9.8764, -61.11639999999999 -9.8765))"
2024,CORTE SELETIVO,C51L34,"POLYGON ((-61.10829999999999 -9.8676, -61.108399999999996 -9.8676, -61.108399999999996 -9.8675, -61.10829999999999 -9.8675, -61.10829999999999 -9.8676))"
2024,CORTE SELETIVO,C51L34,"POLYGON ((-61.11189999999999 -9.8224, -61.111999999999995 -9.8224, -61.111999999999995 -9.8223, -61.11189999999999 -9.8223, -61.11189999999999 -9.8224))"
2024,CORTE SELETIVO,C51L34,"POLYGON ((-61.08899999999999 -9.9804, -61.089099999999995 -9.9804, -61.089099999999995 -9.9803, -61.08899999999999 -9.9803, -61.08899999999999 -9.9804))"
2024,CORTE SELETIVO,C51L34,"POLYGON ((-61.02329999999999 -9.9655, -61.023399999999995 -9.9655, -61.023399999999995 -9.9654, -61.02329999999999 -9.9654, -61.02329999999999 -9.9655))"
2024,CORTE SELETIVO,C51L34,"POLYGON ((-61.023399999999995 -9.9653, -61.023399999999995 -9.9652, -61.02329999999999 -9.9652, -61.02329999999999 -9.9653, -61.023399999999995 -9.9653))"
2024,CORTE SELETIVO,C51L34,"POLYGON ((-61.01989999999999 -9.9648, -61.01989999999999 -9.9647, -61.01979999999999 -9.9647, -61.01979999999999 -9.9648, -61.01989999999999 -9.9648))"
2024,CORTE SELETIVO,C51L34,"POLYGON ((-61.02289999999999 -9.9588, -61.022999999999996 -9.9588, -61.022999999999996 -9.9587, -61.02289999999999 -9.9587, -61.02289999999999 -9.9588))"
2024,CORTE SELETIVO,C51L34,"POLYGON ((-61.03799999999999 -9.9461, -61.03809999999999 -9.9461, -61.03809999999999 -9.946, -61.03799999999999 -9.946, -61.03799999999999 -9.9461))"
2024,CORTE SELETIVO,C51L34,"POLYGON ((-61.03999999999999 -9.921, -61.04019999999999 -9.921, -61.04019999999999 -9.9209, -61.03999999999999 -9.9209, -61.03999999999999 -9.921))"
2024,CORTE SELETIVO,C51L34,"POLYGON ((-61.04919999999999 -9.9195, -61.04939999999999 -9.9195, -61.04939999999999 -9.9194, -61.04919999999999 -9.9194, -61.04919999999999 -9.9195))"
2024,CORTE SELETIVO,C51L34,"POLYGON ((-61.069799999999994 -9.9103, -61.06989999999999 -9.9103, -61.06989999999999 -9.9102, -61.069799999999994 -9.9102, -61.069799999999994 -9.9103))"
2024,CORTE SELETIVO,C51L34,"POLYGON ((-61.094899999999996 -9.9102, -61.09499999999999 -9.9102, -61.09499999999999 -9.9101, -61.094899999999996 -9.9101, -61.094899999999996 -9.9102))"
2024,CORTE SELETIVO,C51L34,"POLYGON ((-61.09479999999999 -9.9101, -61.094899999999996 -9.9101, -61.094899999999996 -9.91, -61.09479999999999 -9.91, -61.09479999999999 -9.9101))"
2024,CORTE SELETIVO,C51L34,"POLYGON ((-61.09499999999999 -9.91, -61.09499999999999 -9.9099, -61.094899999999996 -9.9099, -61.094899999999996 -9.91, -61.09499999999999 -9.91))"
2024,CORTE SELETIVO,C51L34,"POLYGON ((-61.030899999999995 -9.8975, -61.030899999999995 -9.8974, -61.03079999999999 -9.8974, -61.03079999999999 -9.8975, -61.030899999999995 -9.8975))"
2024,CORTE SELETIVO,C51L34,"POLYGON ((-61.024699999999996 -9.8955, -61.024899999999995 -9.8955, -61.024899999999995 -9.8954, -61.024699999999996 -9.8954, -61.024699999999996 -9.8955))"
2024,CORTE SELETIVO,C51L34,"POLYGON ((-61.031099999999995 -9.8932, -61.03119999999999 -9.8932, -61.03119999999999 -9.8931, -61.031099999999995 -9.8931, -61.031099999999995 -9.8932))"
2024,CORTE SELETIVO,C51L34,"POLYGON ((-61.031299999999995 -9.8929, -61.03139999999999 -9.8929, -61.03139999999999 -9.8928, -61.031299999999995 -9.8928, -61.031299999999995 -9.8929))"
2024,CORTE SELETIVO,C51L34,"POLYGON ((-61.077099999999994 -9.8176, -61.07739999999999 -9.8176, -61.07739999999999 -9.8175, -61.077099999999994 -9.8175, -61.077099999999994 -9.8176))"
2024,CORTE SELETIVO,C51L34,"POLYGON ((-61.08209999999999 -9.815, -61.08219999999999 -9.815, -61.08219999999999 -9.8149, -61.08209999999999 -9.8149, -61.08209999999999 -9.815))"
2024,CORTE SELETIVO,C51L34,"POLYGON ((-61.01449999999999 -9.7852, -61.014599999999994 -9.7852, -61.014599999999994 -9.7851, -61.01449999999999 -9.7851, -61.01449999999999 -9.7852))"
2024,CORTE SELETIVO,C51L34,"POLYGON ((-61.01409999999999 -9.7851, -61.014199999999995 -9.7851, -61.014199999999995 -9.785, -61.01409999999999 -9.785, -61.01409999999999 -9.7851))"
2024,CORTE SELETIVO,C51L34,"POLYGON ((-61.01429999999999 -9.7848, -61.01429999999999 -9.7849, -61.014199999999995 -9.7849, -61.014199999999995 -9.785, -61.014399999999995 -9.785, -61.014399999999995 -9.7848, -61.01429999999999 -9.7848))"
2024,CORTE SELETIVO,C51L34,"POLYGON ((-61.004599999999996 -9.7717, -61.004599999999996 -9.7716, -61.00449999999999 -9.7716, -61.00449999999999 -9.7717, -61.004599999999996 -9.7717))"
2024,CORTE SELETIVO,C51L34,"POLYGON ((-61.153299999999994 -9.9509, -61.153299999999994 -9.951, -61.15339999999999 -9.951, -61.15339999999999 -9.9509, -61.153299999999994 -9.9509))"
2024,CORTE SELETIVO,C51L34,"POLYGON ((-61.21209999999999 -9.9001, -61.21209999999999 -9.9002, -61.212199999999996 -9.9002, -61.212199999999996 -9.9001, -61.21209999999999 -9.9001))"
2024,CORTE SELETIVO,C51L34,"POLYGON ((-61.02279999999999 -9.9591, -61.02279999999999 -9.9592, -61.02289999999999 -9.9592, -61.02289999999999 -9.9591, -61.02279999999999 -9.9591))"
2024,CORTE SELETIVO,C51L34,"POLYGON ((-61.07919999999999 -9.9067, -61.07919999999999 -9.9068, -61.079299999999996 -9.9068, -61.079299999999996 -9.9067, -61.07919999999999 -9.9067))"
2024,CORTE SELETIVO,C51L34,"POLYGON ((-61.203599999999994 -9.9534, -61.203599999999994 -9.9535, -61.20369999999999 -9.9535, -61.20369999999999 -9.9534, -61.203599999999994 -9.9534))"
2024,CORTE SELETIVO,C51L34,"POLYGON ((-61.22099999999999 -9.8374, -61.22109999999999 -9.8374, -61.22109999999999 -9.8373, -61.22099999999999 -9.8373, -61.22099999999999 -9.8374))"
2024,CORTE SELETIVO,C51L34,"POLYGON ((-61.17099999999999 -9.8135, -61.171099999999996 -9.8135, -61.171099999999996 -9.8134, -61.17099999999999 -9.8134, -61.17099999999999 -9.8135))"
2024,CORTE SELETIVO,C51L34,"POLYGON ((-61.116499999999995 -9.8763, -61.11659999999999 -9.8763, -61.11659999999999 -9.8762, -61.116499999999995 -9.8762, -61.116499999999995 -9.8763))"
2024,CORTE SELETIVO,C51L34,"POLYGON ((-61.22099999999999 -9.8375, -61.22109999999999 -9.8375, -61.22109999999999 -9.8374, -61.22099999999999 -9.8374, -61.22099999999999 -9.8375))"
2024,CORTE SELETIVO,C51L34,"POLYGON ((-61.17099999999999 -9.8136, -61.17119999999999 -9.8136, -61.17119999999999 -9.8135, -61.17099999999999 -9.8135, -61.17099999999999 -9.8136))"
2024,CORTE SELETIVO,C51L34,"POLYGON ((-61.01649999999999 -9.7921, -61.01659999999999 -9.7921, -61.01659999999999 -9.792, -61.01649999999999 -9.792, -61.01649999999999 -9.7921))"
2024,CORTE SELETIVO,C51L34,"POLYGON ((-61.20369999999999 -9.9546, -61.20369999999999 -9.9549, -61.203799999999994 -9.9549, -61.203799999999994 -9.9546, -61.20369999999999 -9.9546))"
2024,CORTE SELETIVO,C51L34,"POLYGON ((-61.06909999999999 -9.9054, -61.06909999999999 -9.9055, -61.069199999999995 -9.9055, -61.069199999999995 -9.9054, -61.06909999999999 -9.9054))"
2024,CORTE SELETIVO,C51L34,"POLYGON ((-61.030499999999996 -9.9905, -61.03059999999999 -9.9905, -61.03059999999999 -9.9904, -61.030499999999996 -9.9904, -61.030499999999996 -9.9905))"
2024,CORTE SELETIVO,C51L34,"POLYGON ((-61.02289999999999 -9.9593, -61.02289999999999 -9.9592, -61.02279999999999 -9.9592, -61.02279999999999 -9.9593, -61.02289999999999 -9.9593))"
2024,CORTE SELETIVO,C51L34,"POLYGON ((-61.20399999999999 -9.9527, -61.20399999999999 -9.9526, -61.20389999999999 -9.9526, -61.20389999999999 -9.9527, -61.20399999999999 -9.9527))"
2024,CORTE SELETIVO,C51L34,"POLYGON ((-61.20399999999999 -9.9526, -61.20409999999999 -9.9526, -61.20409999999999 -9.9525, -61.20399999999999 -9.9525, -61.20399999999999 -9.9526))"
2024,CORTE SELETIVO,C51L34,"POLYGON ((-61.07739999999999 -9.8183, -61.07739999999999 -9.8182, -61.077299999999994 -9.8182, -61.077299999999994 -9.8183, -61.07739999999999 -9.8183))"
2024,CORTE SELETIVO,C51L34,"POLYGON ((-61.195699999999995 -9.8006, -61.195699999999995 -9.8005, -61.19559999999999 -9.8005, -61.19559999999999 -9.8006, -61.195699999999995 -9.8006))"
2024,CORTE SELETIVO,C51L34,"POLYGON ((-61.112399999999994 -9.9613, -61.112399999999994 -9.9614, -61.11249999999999 -9.9614, -61.11249999999999 -9.9613, -61.112399999999994 -9.9613))"
2024,CORTE SELETIVO,C51L34,"POLYGON ((-61.17119999999999 -9.8134, -61.17119999999999 -9.8135, -61.171299999999995 -9.8135, -61.171299999999995 -9.8134, -61.17119999999999 -9.8134))"
2024,CORTE SELETIVO,C51L34,"POLYGON ((-61.00889999999999 -9.804, -61.008799999999994 -9.804, -61.008799999999994 -9.8041, -61.00889999999999 -9.8041, -61.00889999999999 -9.804))"
2024,CORTE SELETIVO,C51L34,"POLYGON ((-61.112399999999994 -9.961500000000001, -61.11249999999999 -9.961500000000001, -61.11249999999999 -9.9614, -61.112399999999994 -9.9614, -61.112399999999994 -9.961500000000001))"
2024,CORTE SELETIVO,C51L34,"POLYGON ((-61.02289999999999 -9.9593, -61.022999999999996 -9.9593, -61.022999999999996 -9.9592, -61.02289999999999 -9.9592, -61.02289999999999 -9.9593))"
2024,CORTE SELETIVO,C51L34,"POLYGON ((-61.01319999999999 -9.9561, -61.013299999999994 -9.9561, -61.013299999999994 -9.956, -61.01319999999999 -9.956, -61.01319999999999 -9.9561))"
2024,CORTE SELETIVO,C51L34,"POLYGON ((-61.07939999999999 -9.9068, -61.07939999999999 -9.9067, -61.079299999999996 -9.9067, -61.079299999999996 -9.9068, -61.07939999999999 -9.9068))"
2024,CORTE SELETIVO,C51L34,"POLYGON ((-61.171299999999995 -9.8136, -61.171299999999995 -9.8135, -61.17119999999999 -9.8135, -61.17119999999999 -9.8136, -61.171299999999995 -9.8136))"
2024,CORTE SELETIVO,C51L34,"POLYGON ((-61.11229999999999 -9.9614, -61.112399999999994 -9.9614, -61.112399999999994 -9.9613, -61.11229999999999 -9.9613, -61.11229999999999 -9.9614))"
2024,CORTE SELETIVO,C51L34,"POLYGON ((-61.20399999999999 -9.952, -61.20409999999999 -9.952, -61.20409999999999 -9.9519, -61.20399999999999 -9.9519, -61.20399999999999 -9.952))"
2024,CORTE SELETIVO,C51L34,"POLYGON ((-61.211999999999996 -9.9002, -61.21209999999999 -9.9002, -61.21209999999999 -9.9001, -61.211999999999996 -9.9001, -61.211999999999996 -9.9002))"
2024,CORTE SELETIVO,C51L34,"POLYGON ((-61.171299999999995 -9.8134, -61.171299999999995 -9.8133, -61.17119999999999 -9.8133, -61.17119999999999 -9.8134, -61.171299999999995 -9.8134))"
2024,CORTE SELETIVO,C51L34,"POLYGON ((-61.211299999999994 -9.8084, -61.211299999999994 -9.8083, -61.21119999999999 -9.8083, -61.21119999999999 -9.8084, -61.211299999999994 -9.8084))"
2024,CORTE SELETIVO,C51L34,"POLYGON ((-61.24909999999999 -9.9822, -61.24909999999999 -9.9823, -61.249199999999995 -9.9823, -61.249199999999995 -9.9822, -61.24909999999999 -9.9822))"
2024,CORTE SELETIVO,C51L34,"POLYGON ((-61.21489999999999 -9.9583, -61.214999999999996 -9.9583, -61.214999999999996 -9.9582, -61.21489999999999 -9.9582, -61.21489999999999 -9.9583))"
2024,CORTE SELETIVO,C51L34,"POLYGON ((-61.203799999999994 -9.9549, -61.20389999999999 -9.9549, -61.20389999999999 -9.9547, -61.203799999999994 -9.9547, -61.203799999999994 -9.9549))"
2024,CORTE SELETIVO,C51L34,"POLYGON ((-61.20269999999999 -9.9535, -61.202799999999996 -9.9535, -61.202799999999996 -9.9534, -61.20269999999999 -9.9534, -61.20269999999999 -9.9535))"
2024,CORTE SELETIVO,C51L34,"POLYGON ((-61.20389999999999 -9.9533, -61.203799999999994 -9.9533, -61.203799999999994 -9.9532, -61.20369999999999 -9.9532, -61.20369999999999 -9.9533, -61.203599999999994 -9.9533, -61.203599999999994 -9.9534, -61.20389999999999 -9.9534, -61.20389999999999 -9.9533))"
2024,CORTE SELETIVO,C51L34,"POLYGON ((-61.20399999999999 -9.9521, -61.20409999999999 -9.9521, -61.20409999999999 -9.952, -61.20399999999999 -9.952, -61.20399999999999 -9.9521))"
2024,CORTE SELETIVO,C51L34,"POLYGON ((-61.22939999999999 -9.9511, -61.22959999999999 -9.9511, -61.22959999999999 -9.951, -61.22939999999999 -9.951, -61.22939999999999 -9.9511))"
2024,CORTE SELETIVO,C51L34,"POLYGON ((-61.23049999999999 -9.9478, -61.230599999999995 -9.9478, -61.230599999999995 -9.9477, -61.23049999999999 -9.9477, -61.23049999999999 -9.9478))"
2024,CORTE SELETIVO,C51L34,"POLYGON ((-61.221799999999995 -9.9472, -61.22189999999999 -9.9472, -61.22189999999999 -9.9471, -61.221799999999995 -9.9471, -61.221799999999995 -9.9472))"
2024,CORTE SELETIVO,C51L34,"POLYGON ((-61.21979999999999 -9.9468, -61.219899999999996 -9.9468, -61.219899999999996 -9.9467, -61.21979999999999 -9.9467, -61.21979999999999 -9.9468))"
2024,CORTE SELETIVO,C51L34,"POLYGON ((-61.221399999999996 -9.8662, -61.22149999999999 -9.8662, -61.22149999999999 -9.8661, -61.221399999999996 -9.8661, -61.221399999999996 -9.8662))"
2024,CORTE SELETIVO,C51L34,"POLYGON ((-61.19559999999999 -9.838, -61.19579999999999 -9.838, -61.19579999999999 -9.8379, -61.19559999999999 -9.8379, -61.19559999999999 -9.838))"
2024,CORTE SELETIVO,C51L34,"POLYGON ((-61.19709999999999 -9.8367, -61.19689999999999 -9.8367, -61.19689999999999 -9.8369, -61.196999999999996 -9.8369, -61.196999999999996 -9.8368, -61.19709999999999 -9.8368, -61.19709999999999 -9.8367))"
2024,CORTE SELETIVO,C51L34,"POLYGON ((-61.247699999999995 -9.8351, -61.24759999999999 -9.8351, -61.24759999999999 -9.8352, -61.247499999999995 -9.8352, -61.247499999999995 -9.8353, -61.247699999999995 -9.8353, -61.247699999999995 -9.8351))"
2024,CORTE SELETIVO,C51L34,"POLYGON ((-61.24779999999999 -9.8352, -61.247899999999994 -9.8352, -61.247899999999994 -9.8351, -61.24779999999999 -9.8351, -61.24779999999999 -9.8352))"
2024,CORTE SELETIVO,C51L34,"POLYGON ((-61.21119999999999 -9.8085, -61.211299999999994 -9.8085, -61.211299999999994 -9.8084, -61.21119999999999 -9.8084, -61.21119999999999 -9.8085))"
2024,CORTE SELETIVO,C51L34,"POLYGON ((-61.206399999999995 -9.8015, -61.20649999999999 -9.8015, -61.20649999999999 -9.8014, -61.206399999999995 -9.8014, -61.206399999999995 -9.8015))"
2024,CORTE SELETIVO,C51L34,"POLYGON ((-61.20629999999999 -9.8014, -61.206399999999995 -9.8014, -61.206399999999995 -9.8013, -61.20629999999999 -9.8013, -61.20629999999999 -9.8014))"
2024,CORTE SELETIVO,C51L34,"POLYGON ((-61.221199999999996 -9.7995, -61.22129999999999 -9.7995, -61.22129999999999 -9.7994, -61.221199999999996 -9.7994, -61.221199999999996 -9.7995))"
2024,CORTE SELETIVO,C51L34,"POLYGON ((-61.22129999999999 -9.7992, -61.221399999999996 -9.7992, -61.221399999999996 -9.7991, -61.22129999999999 -9.7991, -61.22129999999999 -9.7992))"
2024,CORTE SELETIVO,C51L34,"POLYGON ((-61.24059999999999 -9.7818, -61.24069999999999 -9.7818, -61.24069999999999 -9.7817, -61.24059999999999 -9.7817, -61.24059999999999 -9.7818))"
2024,CORTE SELETIVO,C51L34,"POLYGON ((-61.113699999999994 -9.9627, -61.11379999999999 -9.9627, -61.11379999999999 -9.9626, -61.113699999999994 -9.9626, -61.113699999999994 -9.9627))"
2024,CORTE SELETIVO,C51L34,"POLYGON ((-61.11229999999999 -9.961500000000001, -61.112399999999994 -9.961500000000001, -61.112399999999994 -9.9614, -61.11229999999999 -9.9614, -61.11229999999999 -9.961500000000001))"
2024,CORTE SELETIVO,C51L34,"POLYGON ((-61.11249999999999 -9.9613, -61.11259999999999 -9.9613, -61.11259999999999 -9.9612, -61.11249999999999 -9.9612, -61.11249999999999 -9.9613))"
2024,CORTE SELETIVO,C51L34,"POLYGON ((-61.14119999999999 -9.952, -61.14139999999999 -9.952, -61.14139999999999 -9.9518, -61.141299999999994 -9.9518, -61.141299999999994 -9.9516, -61.14119999999999 -9.9516, -61.14119999999999 -9.9517, -61.141099999999994 -9.9517, -61.141099999999994 -9.9519, -61.14119999999999 -9.9519, -61.14119999999999 -9.952))"
2024,CORTE SELETIVO,C51L34,"POLYGON ((-61.13289999999999 -9.9463, -61.13269999999999 -9.9463, -61.13269999999999 -9.9465, -61.132799999999996 -9.9465, -61.132799999999996 -9.9464, -61.13289999999999 -9.9464, -61.13289999999999 -9.9463))"
2024,CORTE SELETIVO,C51L34,"POLYGON ((-61.103899999999996 -9.9332, -61.104099999999995 -9.9332, -61.104099999999995 -9.9331, -61.103899999999996 -9.9331, -61.103899999999996 -9.9332))"
2024,CORTE SELETIVO,C51L34,"POLYGON ((-61.127599999999994 -9.9315, -61.12769999999999 -9.9315, -61.12769999999999 -9.9314, -61.127599999999994 -9.9314, -61.127599999999994 -9.9315))"
2024,CORTE SELETIVO,C51L34,"POLYGON ((-61.09899999999999 -9.925, -61.09909999999999 -9.925, -61.09909999999999 -9.9249, -61.09899999999999 -9.9249, -61.09899999999999 -9.925))"
2024,CORTE SELETIVO,C51L34,"POLYGON ((-61.10049999999999 -9.9204, -61.10059999999999 -9.9204, -61.10059999999999 -9.9203, -61.10049999999999 -9.9203, -61.10049999999999 -9.9204))"
2024,CORTE SELETIVO,C51L34,"POLYGON ((-61.07939999999999 -9.9181, -61.079499999999996 -9.9181, -61.079499999999996 -9.918, -61.07939999999999 -9.918, -61.07939999999999 -9.9181))"
2024,CORTE SELETIVO,C51L34,"POLYGON ((-61.094899999999996 -9.9103, -61.094899999999996 -9.9104, -61.09499999999999 -9.9104, -61.09499999999999 -9.9103, -61.094899999999996 -9.9103))"
2024,CORTE SELETIVO,C51L34,"POLYGON ((-61.09499999999999 -9.9103, -61.095099999999995 -9.9103, -61.095099999999995 -9.9102, -61.09499999999999 -9.9102, -61.09499999999999 -9.9103))"
2024,CORTE SELETIVO,C51L34,"POLYGON ((-61.09449999999999 -9.9101, -61.09459999999999 -9.9101, -61.09459999999999 -9.91, -61.09449999999999 -9.91, -61.09449999999999 -9.9101))"
2024,CORTE SELETIVO,C51L34,"POLYGON ((-61.16109999999999 -9.8697, -61.161199999999994 -9.8697, -61.161199999999994 -9.8696, -61.16109999999999 -9.8696, -61.16109999999999 -9.8697))"
2024,CORTE SELETIVO,C51L34,"POLYGON ((-61.161199999999994 -9.8696, -61.16129999999999 -9.8696, -61.16129999999999 -9.8694, -61.161199999999994 -9.8694, -61.161199999999994 -9.8696))"
2024,CORTE SELETIVO,C51L34,"POLYGON ((-61.11979999999999 -9.8365, -61.119899999999994 -9.8365, -61.119899999999994 -9.8364, -61.11979999999999 -9.8364, -61.11979999999999 -9.8365))"
2024,CORTE SELETIVO,C51L34,"POLYGON ((-61.16859999999999 -9.8164, -61.16879999999999 -9.8164, -61.16879999999999 -9.8162, -61.16859999999999 -9.8162, -61.16859999999999 -9.8164))"
2024,CORTE SELETIVO,C51L34,"POLYGON ((-61.171299999999995 -9.8136, -61.17139999999999 -9.8136, -61.17139999999999 -9.8135, -61.171299999999995 -9.8135, -61.171299999999995 -9.8136))"
2024,CORTE SELETIVO,C51L34,"POLYGON ((-61.13089999999999 -9.8065, -61.130799999999994 -9.8065, -61.130799999999994 -9.8066, -61.13069999999999 -9.8066, -61.13069999999999 -9.8068, -61.13089999999999 -9.8068, -61.13089999999999 -9.8065))"
2024,CORTE SELETIVO,C51L34,"POLYGON ((-61.06589999999999 -9.8009, -61.065999999999995 -9.8009, -61.065999999999995 -9.8007, -61.06589999999999 -9.8007, -61.06589999999999 -9.8009))"
2024,CORTE SELETIVO,C51L34,"POLYGON ((-61.190799999999996 -9.8002, -61.19089999999999 -9.8002, -61.19089999999999 -9.8, -61.190799999999996 -9.8, -61.190799999999996 -9.8002))"
2024,CORTE SELETIVO,C51L34,"POLYGON ((-61.027699999999996 -9.998, -61.027899999999995 -9.998, -61.027899999999995 -9.9979, -61.027699999999996 -9.9979, -61.027699999999996 -9.998))"
2024,CORTE SELETIVO,C51L34,"POLYGON ((-61.017599999999995 -9.9699, -61.01769999999999 -9.9699, -61.01769999999999 -9.9698, -61.017599999999995 -9.9698, -61.017599999999995 -9.9699))"
2024,CORTE SELETIVO,C51L34,"POLYGON ((-61.01749999999999 -9.9694, -61.017599999999995 -9.9694, -61.017599999999995 -9.9693, -61.01749999999999 -9.9693, -61.01749999999999 -9.9694))"
2024,CORTE SELETIVO,C51L34,"POLYGON ((-61.02279999999999 -9.9599, -61.02289999999999 -9.9599, -61.02289999999999 -9.9596, -61.02279999999999 -9.9596, -61.02279999999999 -9.9597, -61.02269999999999 -9.9597, -61.02269999999999 -9.9598, -61.02279999999999 -9.9598, -61.02279999999999 -9.9599))"
2024,CORTE SELETIVO,C51L34,"POLYGON ((-61.02289999999999 -9.9596, -61.022999999999996 -9.9596, -61.022999999999996 -9.9595, -61.02289999999999 -9.9595, -61.02289999999999 -9.9596))"
2024,CORTE SELETIVO,C51L34,"POLYGON ((-61.022999999999996 -9.9594, -61.02309999999999 -9.9594, -61.02309999999999 -9.9593, -61.022999999999996 -9.9593, -61.022999999999996 -9.9594))"
2024,CORTE SELETIVO,C51L34,"POLYGON ((-61.02269999999999 -9.9594, -61.02289999999999 -9.9594, -61.02289999999999 -9.9593, -61.02279999999999 -9.9593, -61.02279999999999 -9.9591, -61.02269999999999 -9.9591, -61.02269999999999 -9.9592, -61.02259999999999 -9.9592, -61.02259999999999 -9.9593, -61.02269999999999 -9.9593, -61.02269999999999 -9.9594))"
2024,CORTE SELETIVO,C51L34,"POLYGON ((-61.013299999999994 -9.956, -61.01349999999999 -9.956, -61.01349999999999 -9.9559, -61.013299999999994 -9.9559, -61.013299999999994 -9.956))"
2024,CORTE SELETIVO,C51L34,"POLYGON ((-61.01659999999999 -9.9446, -61.01669999999999 -9.9446, -61.01669999999999 -9.9445, -61.01659999999999 -9.9445, -61.01659999999999 -9.9446))"
2024,CORTE SELETIVO,C51L34,"POLYGON ((-61.04399999999999 -9.93, -61.04409999999999 -9.93, -61.04409999999999 -9.9299, -61.04399999999999 -9.9299, -61.04399999999999 -9.93))"
2024,CORTE SELETIVO,C51L34,"POLYGON ((-61.030899999999995 -9.8975, -61.03099999999999 -9.8975, -61.03099999999999 -9.8974, -61.030899999999995 -9.8974, -61.030899999999995 -9.8975))"
2024,CORTE SELETIVO,C51L34,"POLYGON ((-61.025099999999995 -9.8957, -61.02519999999999 -9.8957, -61.02519999999999 -9.8956, -61.025099999999995 -9.8956, -61.025099999999995 -9.8957))"
2024,CORTE SELETIVO,C51L34,"POLYGON ((-61.03119999999999 -9.8929, -61.031299999999995 -9.8929, -61.031299999999995 -9.8928, -61.03119999999999 -9.8928, -61.03119999999999 -9.8929))"
2024,CORTE SELETIVO,C51L34,"POLYGON ((-61.03139999999999 -9.8929, -61.031499999999994 -9.8929, -61.031499999999994 -9.8928, -61.03139999999999 -9.8928, -61.03139999999999 -9.8929))"
2024,CORTE SELETIVO,C51L34,"POLYGON ((-61.025499999999994 -9.8401, -61.02589999999999 -9.8401, -61.02589999999999 -9.84, -61.025499999999994 -9.84, -61.025499999999994 -9.8401))"
2024,CORTE SELETIVO,C51L34,"POLYGON ((-61.00909999999999 -9.8042, -61.00919999999999 -9.8042, -61.00919999999999 -9.804, -61.00939999999999 -9.804, -61.00939999999999 -9.8038, -61.009299999999996 -9.8038, -61.009299999999996 -9.8039, -61.00889999999999 -9.8039, -61.00889999999999 -9.804, -61.00909999999999 -9.804, -61.00909999999999 -9.8042))"
2024,CORTE SELETIVO,C51L34,"POLYGON ((-61.065799999999996 -9.8011, -61.06589999999999 -9.8011, -61.06589999999999 -9.8009, -61.065799999999996 -9.8009, -61.065799999999996 -9.8011))"
2024,CORTE SELETIVO,C51L34,"POLYGON ((-61.01639999999999 -9.7921, -61.01649999999999 -9.7921, -61.01649999999999 -9.7918, -61.01639999999999 -9.7918, -61.01639999999999 -9.7921))"
2024,CORTE SELETIVO,C51L34,"POLYGON ((-61.01389999999999 -9.7853, -61.013999999999996 -9.7853, -61.013999999999996 -9.7851, -61.01389999999999 -9.7851, -61.01389999999999 -9.7853))"
2024,CORTE SELETIVO,C51L34,"POLYGON ((-61.013999999999996 -9.7851, -61.01409999999999 -9.7851, -61.01409999999999 -9.785, -61.013999999999996 -9.785, -61.013999999999996 -9.7851))"
2024,CORTE SELETIVO,C51L34,"POLYGON ((-61.15339999999999 -9.9512, -61.15339999999999 -9.9513, -61.153499999999994 -9.9513, -61.153499999999994 -9.9512, -61.15339999999999 -9.9512))"
2024,CORTE SELETIVO,C51L34,"POLYGON ((-61.06909999999999 -9.9055, -61.06909999999999 -9.9056, -61.069199999999995 -9.9056, -61.069199999999995 -9.9055, -61.06909999999999 -9.9055))"
2024,CORTE SELETIVO,C51L34,"POLYGON ((-61.00889999999999 -9.8039, -61.008799999999994 -9.8039, -61.008799999999994 -9.804, -61.00889999999999 -9.804, -61.00889999999999 -9.8039))"
2024,CORTE SELETIVO,C51L34,"POLYGON ((-61.20369999999999 -9.8404, -61.203599999999994 -9.8404, -61.203599999999994 -9.8405, -61.20369999999999 -9.8405, -61.20369999999999 -9.8404))"
2024,CORTE SELETIVO,C51L34,"POLYGON ((-61.120799999999996 -9.8914, -61.12069999999999 -9.8914, -61.12069999999999 -9.8915, -61.120799999999996 -9.8915, -61.120799999999996 -9.8914))"
2024,CORTE SELETIVO,C51L34,"POLYGON ((-61.11249999999999 -9.9613, -61.11249999999999 -9.9614, -61.11259999999999 -9.9614, -61.11259999999999 -9.9613, -61.11249999999999 -9.9613))"
2024,CORTE SELETIVO,C51L34,"POLYGON ((-61.20369999999999 -9.9546, -61.203799999999994 -9.9546, -61.203799999999994 -9.9545, -61.20369999999999 -9.9545, -61.20369999999999 -9.9546))"
2024,CORTE SELETIVO,C51L34,"POLYGON ((-61.12069999999999 -9.8914, -61.120799999999996 -9.8914, -61.120799999999996 -9.8913, -61.12069999999999 -9.8913, -61.12069999999999 -9.8914))"
2024,CORTE SELETIVO,C51L34,"POLYGON ((-61.20109999999999 -9.8623, -61.20099999999999 -9.8623, -61.20099999999999 -9.8624, -61.20109999999999 -9.8624, -61.20109999999999 -9.8623))"
2024,CORTE SELETIVO,C51L34,"POLYGON ((-61.15339999999999 -9.9512, -61.153299999999994 -9.9512, -61.153299999999994 -9.9513, -61.15339999999999 -9.9513, -61.15339999999999 -9.9512))"
2024,CORTE SELETIVO,C51L34,"POLYGON ((-61.123599999999996 -9.9411, -61.12349999999999 -9.9411, -61.12349999999999 -9.9412, -61.123599999999996 -9.9412, -61.123599999999996 -9.9411))"
2024,CORTE SELETIVO,C51L34,"POLYGON ((-61.11619999999999 -9.9222, -61.11619999999999 -9.9223, -61.116299999999995 -9.9223, -61.116299999999995 -9.9222, -61.11619999999999 -9.9222))"
2024,CORTE SELETIVO,C51L34,"POLYGON ((-61.124199999999995 -9.9221, -61.124199999999995 -9.9222, -61.12429999999999 -9.9222, -61.12429999999999 -9.9221, -61.124199999999995 -9.9221))"
2024,CORTE SELETIVO,C51L34,"POLYGON ((-61.095099999999995 -9.9101, -61.09499999999999 -9.9101, -61.09499999999999 -9.9102, -61.095099999999995 -9.9102, -61.095099999999995 -9.9101))"
2024,CORTE SELETIVO,C51L34,"POLYGON ((-61.09479999999999 -9.9101, -61.09479999999999 -9.9102, -61.094899999999996 -9.9102, -61.094899999999996 -9.9101, -61.09479999999999 -9.9101))"
2024,CORTE SELETIVO,C51L34,"POLYGON ((-61.09459999999999 -9.9099, -61.09459999999999 -9.9101, -61.094699999999996 -9.9101, -61.094699999999996 -9.9099, -61.09459999999999 -9.9099))"
2024,CORTE SELETIVO,C51L34,"POLYGON ((-61.10499999999999 -9.9063, -61.104899999999994 -9.9063, -61.104899999999994 -9.9064, -61.10499999999999 -9.9064, -61.10499999999999 -9.9063))"
2024,CORTE SELETIVO,C51L34,"POLYGON ((-61.160999999999994 -9.8697, -61.160999999999994 -9.8698, -61.16109999999999 -9.8698, -61.16109999999999 -9.8697, -61.160999999999994 -9.8697))"
2024,CORTE SELETIVO,C51L34,"POLYGON ((-61.104099999999995 -9.8665, -61.104099999999995 -9.8662, -61.103899999999996 -9.8662, -61.103899999999996 -9.8664, -61.10399999999999 -9.8664, -61.10399999999999 -9.8665, -61.104099999999995 -9.8665))"
2024,CORTE SELETIVO,C51L34,"POLYGON ((-61.20369999999999 -9.8406, -61.203599999999994 -9.8406, -61.203599999999994 -9.8407, -61.20369999999999 -9.8407, -61.20369999999999 -9.8406))"
2024,CORTE SELETIVO,C51L34,"POLYGON ((-61.203599999999994 -9.8403, -61.203599999999994 -9.8404, -61.20369999999999 -9.8404, -61.20369999999999 -9.8403, -61.203599999999994 -9.8403))"
2024,CORTE SELETIVO,C51L34,"POLYGON ((-61.17659999999999 -9.7529, -61.17659999999999 -9.7532, -61.17679999999999 -9.7532, -61.17679999999999 -9.7529, -61.17659999999999 -9.7529))"
2024,CORTE SELETIVO,C51L34,"POLYGON ((-61.09449999999999 -9.9952, -61.09439999999999 -9.9952, -61.09439999999999 -9.9953, -61.09449999999999 -9.9953, -61.09449999999999 -9.9952))"
2024,CORTE SELETIVO,C51L34,"POLYGON ((-61.017399999999995 -9.9698, -61.017399999999995 -9.9697, -61.01729999999999 -9.9697, -61.01729999999999 -9.9699, -61.017599999999995 -9.9699, -61.017599999999995 -9.9698, -61.017399999999995 -9.9698))"
2024,CORTE SELETIVO,C51L34,"POLYGON ((-61.09199999999999 -9.9414, -61.09199999999999 -9.9416, -61.092099999999995 -9.9416, -61.092099999999995 -9.9414, -61.09199999999999 -9.9414))"
2024,CORTE SELETIVO,C51L34,"POLYGON ((-61.07059999999999 -9.9342, -61.070499999999996 -9.9342, -61.070499999999996 -9.9343, -61.07059999999999 -9.9343, -61.07059999999999 -9.9342))"
2024,CORTE SELETIVO,C51L34,"POLYGON ((-61.08859999999999 -9.9086, -61.08859999999999 -9.9088, -61.088699999999996 -9.9088, -61.088699999999996 -9.9086, -61.08859999999999 -9.9086))"
2024,CORTE SELETIVO,C51L34,"POLYGON ((-61.06929999999999 -9.9056, -61.06929999999999 -9.9055, -61.069199999999995 -9.9055, -61.069199999999995 -9.9057, -61.069399999999995 -9.9057, -61.069399999999995 -9.9056, -61.06929999999999 -9.9056))"
2024,CORTE SELETIVO,C51L34,"POLYGON ((-61.03139999999999 -9.8929, -61.031299999999995 -9.8929, -61.031299999999995 -9.893, -61.03139999999999 -9.893, -61.03139999999999 -9.8929))"
2024,CORTE SELETIVO,C51L34,"POLYGON ((-61.00869999999999 -9.8039, -61.00869999999999 -9.804, -61.008799999999994 -9.804, -61.008799999999994 -9.8039, -61.00869999999999 -9.8039))"
2024,CORTE SELETIVO,C51L34,"POLYGON ((-61.00889999999999 -9.8038, -61.00889999999999 -9.8039, -61.00899999999999 -9.8039, -61.00899999999999 -9.8036, -61.00889999999999 -9.8036, -61.00889999999999 -9.8037, -61.008799999999994 -9.8037, -61.008799999999994 -9.8038, -61.00889999999999 -9.8038))"
2024,CORTE SELETIVO,C51L34,"POLYGON ((-61.054199999999994 -9.7963, -61.05409999999999 -9.7963, -61.05409999999999 -9.7964, -61.054199999999994 -9.7964, -61.054199999999994 -9.7963))"
2024,CORTE SELETIVO,C51L34,"POLYGON ((-61.014599999999994 -9.785, -61.014599999999994 -9.7851, -61.01469999999999 -9.7851, -61.01469999999999 -9.7848, -61.014399999999995 -9.7848, -61.014399999999995 -9.7849, -61.01449999999999 -9.7849, -61.01449999999999 -9.785, -61.014599999999994 -9.785))"
2024,CORTE SELETIVO,C51L34,"POLYGON ((-61.00439999999999 -9.7715, -61.00439999999999 -9.7716, -61.00449999999999 -9.7716, -61.00449999999999 -9.7715, -61.00439999999999 -9.7715))"
2024,CORTE SELETIVO,C51L34,"POLYGON ((-61.153299999999994 -9.9513, -61.15319999999999 -9.9513, -61.15319999999999 -9.9514, -61.153299999999994 -9.9514, -61.153299999999994 -9.9513))"
2024,CORTE SELETIVO,C51L34,"POLYGON ((-61.20099999999999 -9.8623, -61.20089999999999 -9.8623, -61.20089999999999 -9.8624, -61.20099999999999 -9.8624, -61.20099999999999 -9.8623))"
2024,CORTE SELETIVO,C51L34,"POLYGON ((-61.21209999999999 -9.9004, -61.211999999999996 -9.9004, -61.211999999999996 -9.9005, -61.21209999999999 -9.9005, -61.21209999999999 -9.9004))"
2024,CORTE SELETIVO,C51L34,"POLYGON ((-61.01669999999999 -9.792, -61.01659999999999 -9.792, -61.01659999999999 -9.7921, -61.01669999999999 -9.7921, -61.01669999999999 -9.792))"
2024,CORTE SELETIVO,C51L34,"POLYGON ((-61.153299999999994 -9.9513, -61.153299999999994 -9.9514, -61.15339999999999 -9.9514, -61.15339999999999 -9.9513, -61.153299999999994 -9.9513))"
2024,CORTE SELETIVO,C51L34,"POLYGON ((-61.24059999999999 -9.7816, -61.24059999999999 -9.7817, -61.24069999999999 -9.7817, -61.24069999999999 -9.7816, -61.24059999999999 -9.7816))"
2024,CORTE SELETIVO,C51L34,"POLYGON ((-61.094699999999996 -9.9955, -61.094699999999996 -9.9954, -61.09459999999999 -9.9954, -61.09459999999999 -9.9955, -61.094699999999996 -9.9955))"
2024,CORTE SELETIVO,C51L34,"POLYGON ((-61.10829999999999 -9.9107, -61.10819999999999 -9.9107, -61.10819999999999 -9.9108, -61.10829999999999 -9.9108, -61.10829999999999 -9.9107))"
2024,CORTE SELETIVO,C51L34,"POLYGON ((-61.21209999999999 -9.9002, -61.211999999999996 -9.9002, -61.211999999999996 -9.9003, -61.21209999999999 -9.9003, -61.21209999999999 -9.9002))"
2024,CORTE SELETIVO,C51L34,"POLYGON ((-61.11959999999999 -9.8834, -61.11979999999999 -9.8834, -61.11979999999999 -9.8831, -61.119699999999995 -9.8831, -61.119699999999995 -9.8833, -61.11959999999999 -9.8833, -61.11959999999999 -9.8834))"
2024,CORTE SELETIVO,C51L34,"POLYGON ((-61.136799999999994 -9.831, -61.13669999999999 -9.831, -61.13669999999999 -9.8311, -61.136799999999994 -9.8311, -61.136799999999994 -9.831))"
2024,CORTE SELETIVO,C51L34,"POLYGON ((-61.20949999999999 -9.806, -61.209399999999995 -9.806, -61.209399999999995 -9.8061, -61.20949999999999 -9.8061, -61.20949999999999 -9.806))"
2024,CORTE SELETIVO,C51L34,"POLYGON ((-61.19069999999999 -9.7965, -61.190599999999996 -9.7965, -61.190599999999996 -9.7964, -61.19049999999999 -9.7964, -61.19049999999999 -9.7967, -61.19069999999999 -9.7967, -61.19069999999999 -9.7965))"
2024,CORTE SELETIVO,C51L34,"POLYGON ((-61.24059999999999 -9.7816, -61.24049999999999 -9.7816, -61.24049999999999 -9.7817, -61.24059999999999 -9.7817, -61.24059999999999 -9.7816))"
2024,CORTE SELETIVO,C51L34,"POLYGON ((-61.09449999999999 -9.9953, -61.09439999999999 -9.9953, -61.09439999999999 -9.9954, -61.09449999999999 -9.9954, -61.09449999999999 -9.9953))"
2024,CORTE SELETIVO,C51L34,"POLYGON ((-61.08689999999999 -9.9947, -61.08669999999999 -9.9947, -61.08669999999999 -9.9948, -61.08689999999999 -9.9948, -61.08689999999999 -9.9947))"
2024,CORTE SELETIVO,C51L34,"POLYGON ((-61.092099999999995 -9.9413, -61.09199999999999 -9.9413, -61.09199999999999 -9.9414, -61.092099999999995 -9.9414, -61.092099999999995 -9.9413))"
2024,CORTE SELETIVO,C51L34,"POLYGON ((-61.022099999999995 -9.9391, -61.02199999999999 -9.9391, -61.02199999999999 -9.9393, -61.022099999999995 -9.9393, -61.022099999999995 -9.9391))"
2024,CORTE SELETIVO,C51L34,"POLYGON ((-61.05669999999999 -9.908, -61.05649999999999 -9.908, -61.05649999999999 -9.9081, -61.05669999999999 -9.9081, -61.05669999999999 -9.908))"
2024,CORTE SELETIVO,C51L34,"POLYGON ((-61.05199999999999 -9.7881, -61.051899999999996 -9.7881, -61.051899999999996 -9.7882, -61.05199999999999 -9.7882, -61.05199999999999 -9.7881))"
2024,CORTE SELETIVO,C51L34,"POLYGON ((-61.07299999999999 -9.7833, -61.07289999999999 -9.7833, -61.07289999999999 -9.7834, -61.07299999999999 -9.7834, -61.07299999999999 -9.7833))"
2024,CORTE SELETIVO,C51L34,"POLYGON ((-61.227799999999995 -9.9532, -61.227799999999995 -9.9535, -61.22829999999999 -9.9535, -61.22829999999999 -9.9532, -61.227799999999995 -9.9532))"
2024,CORTE SELETIVO,C51L34,"POLYGON ((-61.153299999999994 -9.9514, -61.153299999999994 -9.9515, -61.15339999999999 -9.9515, -61.15339999999999 -9.9514, -61.153299999999994 -9.9514))"
2024,CORTE SELETIVO,C51L34,"POLYGON ((-61.016799999999996 -9.9445, -61.01669999999999 -9.9445, -61.01669999999999 -9.9446, -61.016799999999996 -9.9446, -61.016799999999996 -9.9445))"
2024,CORTE SELETIVO,C51L34,"POLYGON ((-61.15339999999999 -9.951, -61.153299999999994 -9.951, -61.153299999999994 -9.9511, -61.15339999999999 -9.9511, -61.15339999999999 -9.951))"
2024,CORTE SELETIVO,C51L34,"POLYGON ((-61.153499999999994 -9.9509, -61.15339999999999 -9.9509, -61.15339999999999 -9.951, -61.153499999999994 -9.951, -61.153499999999994 -9.9509))"
2024,CORTE SELETIVO,C51L34,"POLYGON ((-61.15319999999999 -9.9512, -61.15319999999999 -9.9513, -61.153299999999994 -9.9513, -61.153299999999994 -9.9512, -61.15319999999999 -9.9512))"
2024,CORTE SELETIVO,C51L34,"POLYGON ((-61.077299999999994 -9.818, -61.077299999999994 -9.8181, -61.07739999999999 -9.8181, -61.07739999999999 -9.818, -61.077299999999994 -9.818))"
2024,CORTE SELETIVO,C51L34,"POLYGON ((-61.24059999999999 -9.7815, -61.24049999999999 -9.7815, -61.24049999999999 -9.7816, -61.24059999999999 -9.7816, -61.24059999999999 -9.7815))"
2024,CORTE SELETIVO,C51L34,"POLYGON ((-61.153299999999994 -9.9511, -61.153299999999994 -9.9512, -61.15339999999999 -9.9512, -61.15339999999999 -9.9511, -61.153299999999994 -9.9511))"
2024,CORTE SELETIVO,C51L34,"POLYGON ((-61.11189999999999 -9.8223, -61.111999999999995 -9.8223, -61.111999999999995 -9.8222, -61.11189999999999 -9.8222, -61.11189999999999 -9.8223))"
2024,CORTE SELETIVO,C51L34,"POLYGON ((-61.240399999999994 -9.7816, -61.24049999999999 -9.7816, -61.24049999999999 -9.7815, -61.240399999999994 -9.7815, -61.240399999999994 -9.7816))"
2024,CORTE SELETIVO,C51L34,"POLYGON ((-61.21119999999999 -9.9031, -61.21119999999999 -9.903, -61.211099999999995 -9.903, -61.211099999999995 -9.9032, -61.211299999999994 -9.9032, -61.211299999999994 -9.9031, -61.21119999999999 -9.9031))"
2024,CORTE SELETIVO,C51L34,"POLYGON ((-61.21119999999999 -9.903, -61.211299999999994 -9.903, -61.211299999999994 -9.9028, -61.21119999999999 -9.9028, -61.21119999999999 -9.903))"
2024,CORTE SELETIVO,C51L34,"POLYGON ((-61.22939999999999 -9.9014, -61.229499999999994 -9.9014, -61.229499999999994 -9.9013, -61.22939999999999 -9.9013, -61.22939999999999 -9.9014))"
2024,CORTE SELETIVO,C51L34,"POLYGON ((-61.21869999999999 -9.8143, -61.21869999999999 -9.8145, -61.218799999999995 -9.8145, -61.218799999999995 -9.8143, -61.21869999999999 -9.8143))"
2024,CORTE SELETIVO,C51L34,"POLYGON ((-61.21509999999999 -9.8088, -61.215199999999996 -9.8088, -61.215199999999996 -9.8086, -61.21509999999999 -9.8086, -61.21509999999999 -9.8088))"
2024,CORTE SELETIVO,C51L34,"POLYGON ((-61.21459999999999 -9.8063, -61.21479999999999 -9.8063, -61.21479999999999 -9.8062, -61.21459999999999 -9.8062, -61.21459999999999 -9.8063))"
2024,CORTE SELETIVO,C51L34,"POLYGON ((-61.21469999999999 -9.8056, -61.21469999999999 -9.8057, -61.21479999999999 -9.8057, -61.21479999999999 -9.8056, -61.21469999999999 -9.8056))"
2024,CORTE SELETIVO,C51L34,"POLYGON ((-61.21459999999999 -9.804, -61.21469999999999 -9.804, -61.21469999999999 -9.8039, -61.21459999999999 -9.8039, -61.21459999999999 -9.804))"
2024,CORTE SELETIVO,C51L34,"POLYGON ((-61.214299999999994 -9.804, -61.214499999999994 -9.804, -61.214499999999994 -9.8039, -61.214299999999994 -9.8039, -61.214299999999994 -9.804))"
2024,CORTE SELETIVO,C51L34,"POLYGON ((-61.21419999999999 -9.8038, -61.21419999999999 -9.8039, -61.214299999999994 -9.8039, -61.214299999999994 -9.8038, -61.21419999999999 -9.8038))"
2024,CORTE SELETIVO,C51L34,"POLYGON ((-61.21399999999999 -9.8038, -61.21419999999999 -9.8038, -61.21419999999999 -9.8037, -61.21399999999999 -9.8037, -61.21399999999999 -9.8038))"
2024,CORTE SELETIVO,C51L34,"POLYGON ((-61.21339999999999 -9.8038, -61.213499999999996 -9.8038, -61.213499999999996 -9.8037, -61.21339999999999 -9.8037, -61.21339999999999 -9.8038))"
2024,CORTE SELETIVO,C51L34,"POLYGON ((-61.215399999999995 -9.8032, -61.215399999999995 -9.8031, -61.21529999999999 -9.8031, -61.21529999999999 -9.8029, -61.215199999999996 -9.8029, -61.215199999999996 -9.8028, -61.21509999999999 -9.8028, -61.21509999999999 -9.8029, -61.214999999999996 -9.8029, -61.214999999999996 -9.8032, -61.215399999999995 -9.8032))"
2024,CORTE SELETIVO,C51L34,"POLYGON ((-61.214299999999994 -9.8028, -61.214099999999995 -9.8028, -61.214099999999995 -9.803, -61.21419999999999 -9.803, -61.21419999999999 -9.8031, -61.214299999999994 -9.8031, -61.214299999999994 -9.8028))"
2024,CORTE SELETIVO,C51L34,"POLYGON ((-61.213499999999996 -9.8019, -61.21359999999999 -9.8019, -61.21359999999999 -9.8017, -61.213499999999996 -9.8017, -61.213499999999996 -9.8019))"
2024,CORTE SELETIVO,C51L34,"POLYGON ((-61.21379999999999 -9.8015, -61.21379999999999 -9.8016, -61.213899999999995 -9.8016, -61.213899999999995 -9.8015, -61.21379999999999 -9.8015))"
2024,CORTE SELETIVO,C51L34,"POLYGON ((-61.24059999999999 -9.7816, -61.24069999999999 -9.7816, -61.24069999999999 -9.7814, -61.24059999999999 -9.7814, -61.24059999999999 -9.7816))"
2024,CORTE SELETIVO,C51L34,"POLYGON ((-61.09429999999999 -9.9955, -61.09439999999999 -9.9955, -61.09439999999999 -9.9952, -61.09429999999999 -9.9952, -61.09429999999999 -9.9953, -61.094199999999994 -9.9953, -61.094199999999994 -9.9954, -61.09429999999999 -9.9954, -61.09429999999999 -9.9955))"
2024,CORTE SELETIVO,C51L34,"POLYGON ((-61.09459999999999 -9.9953, -61.09459999999999 -9.9952, -61.09449999999999 -9.9952, -61.09449999999999 -9.9954, -61.094699999999996 -9.9954, -61.094699999999996 -9.9953, -61.09459999999999 -9.9953))"
2024,CORTE SELETIVO,C51L34,"POLYGON ((-61.09439999999999 -9.9952, -61.09449999999999 -9.9952, -61.09449999999999 -9.9951, -61.09439999999999 -9.9951, -61.09439999999999 -9.9952))"
2024,CORTE SELETIVO,C51L34,"POLYGON ((-61.08639999999999 -9.9948, -61.08669999999999 -9.9948, -61.08669999999999 -9.9947, -61.08639999999999 -9.9947, -61.08639999999999 -9.9948))"
2024,CORTE SELETIVO,C51L34,"POLYGON ((-61.15339999999999 -9.9511, -61.153499999999994 -9.9511, -61.153499999999994 -9.951, -61.15339999999999 -9.951, -61.15339999999999 -9.9511))"
2024,CORTE SELETIVO,C51L34,"POLYGON ((-61.11599999999999 -9.9222, -61.116099999999996 -9.9222, -61.116099999999996 -9.9221, -61.11599999999999 -9.9221, -61.11599999999999 -9.9222))"
2024,CORTE SELETIVO,C51L34,"POLYGON ((-61.08879999999999 -9.9087, -61.088699999999996 -9.9087, -61.088699999999996 -9.9088, -61.08859999999999 -9.9088, -61.08859999999999 -9.9089, -61.08879999999999 -9.9089, -61.08879999999999 -9.9087))"
2024,CORTE SELETIVO,C51L34,"POLYGON ((-61.07599999999999 -9.9052, -61.07609999999999 -9.9052, -61.07609999999999 -9.905100000000001, -61.07599999999999 -9.905100000000001, -61.07599999999999 -9.9052))"
2024,CORTE SELETIVO,C51L34,"POLYGON ((-61.16109999999999 -9.8695, -61.16109999999999 -9.8696, -61.161199999999994 -9.8696, -61.161199999999994 -9.8695, -61.16109999999999 -9.8695))"
2024,CORTE SELETIVO,C51L34,"POLYGON ((-61.077299999999994 -9.8182, -61.07739999999999 -9.8182, -61.07739999999999 -9.8181, -61.077299999999994 -9.8181, -61.077299999999994 -9.8182))"
2024,CORTE SELETIVO,C51L34,"POLYGON ((-61.08219999999999 -9.8152, -61.08229999999999 -9.8152, -61.08229999999999 -9.8149, -61.08219999999999 -9.8149, -61.08219999999999 -9.8152))"
2024,CORTE SELETIVO,C51L34,"POLYGON ((-61.08209999999999 -9.8151, -61.08209999999999 -9.8149, -61.081999999999994 -9.8149, -61.081999999999994 -9.815, -61.08189999999999 -9.815, -61.08189999999999 -9.8151, -61.08209999999999 -9.8151))"
2024,CORTE SELETIVO,C51L34,"POLYGON ((-61.210699999999996 -9.8078, -61.21079999999999 -9.8078, -61.21079999999999 -9.8075, -61.210699999999996 -9.8075, -61.210699999999996 -9.8078))"
2024,CORTE SELETIVO,C51L34,"POLYGON ((-61.211099999999995 -9.8072, -61.21119999999999 -9.8072, -61.21119999999999 -9.8071, -61.21099999999999 -9.8071, -61.21099999999999 -9.8072, -61.210899999999995 -9.8072, -61.210899999999995 -9.8073, -61.211099999999995 -9.8073, -61.211099999999995 -9.8072))"
2024,CORTE SELETIVO,C51L34,"POLYGON ((-61.19069999999999 -9.7966, -61.19069999999999 -9.7968, -61.190799999999996 -9.7968, -61.190799999999996 -9.7966, -61.19069999999999 -9.7966))"
2024,CORTE SELETIVO,C51L34,"POLYGON ((-61.07299999999999 -9.7831, -61.072799999999994 -9.7831, -61.072799999999994 -9.7834, -61.07289999999999 -9.7834, -61.07289999999999 -9.7832, -61.07299999999999 -9.7832, -61.07299999999999 -9.7831))"
2024,CORTE SELETIVO,C51L34,"POLYGON ((-61.085499999999996 -9.7675, -61.08559999999999 -9.7675, -61.08559999999999 -9.7674, -61.085499999999996 -9.7674, -61.085499999999996 -9.7675))"
2024,CORTE SELETIVO,C51L34,"POLYGON ((-61.000899999999994 -9.9725, -61.00099999999999 -9.9725, -61.00099999999999 -9.9724, -61.000899999999994 -9.9724, -61.000899999999994 -9.9725))"
2024,CORTE SELETIVO,C51L34,"POLYGON ((-61.01749999999999 -9.9693, -61.017599999999995 -9.9693, -61.017599999999995 -9.9692, -61.01749999999999 -9.9692, -61.01749999999999 -9.9693))"
2024,CORTE SELETIVO,C51L34,"POLYGON ((-61.001099999999994 -9.9548, -61.000899999999994 -9.9548, -61.000899999999994 -9.9549, -61.00099999999999 -9.9549, -61.00099999999999 -9.955, -61.001099999999994 -9.955, -61.001099999999994 -9.9548))"
2024,CORTE SELETIVO,C51L34,"POLYGON ((-61.01669999999999 -9.9447, -61.016799999999996 -9.9447, -61.016799999999996 -9.9446, -61.01669999999999 -9.9446, -61.01669999999999 -9.9447))"
2024,CORTE SELETIVO,C51L34,"POLYGON ((-61.01709999999999 -9.9445, -61.01709999999999 -9.9444, -61.01689999999999 -9.9444, -61.01689999999999 -9.9447, -61.016999999999996 -9.9447, -61.016999999999996 -9.9445, -61.01709999999999 -9.9445))"
2024,CORTE SELETIVO,C51L34,"POLYGON ((-61.01709999999999 -9.9446, -61.017199999999995 -9.9446, -61.017199999999995 -9.9445, -61.01709999999999 -9.9445, -61.01709999999999 -9.9446))"
2024,CORTE SELETIVO,C51L34,"POLYGON ((-61.050799999999995 -9.9176, -61.05089999999999 -9.9176, -61.05089999999999 -9.9175, -61.050799999999995 -9.9175, -61.050799999999995 -9.9176))"
2024,CORTE SELETIVO,C51L34,"POLYGON ((-61.05029999999999 -9.9174, -61.05029999999999 -9.9175, -61.050399999999996 -9.9175, -61.050399999999996 -9.9174, -61.05029999999999 -9.9174))"
2024,CORTE SELETIVO,C51L34,"POLYGON ((-61.05049999999999 -9.9175, -61.050599999999996 -9.9175, -61.050599999999996 -9.9174, -61.05049999999999 -9.9174, -61.05049999999999 -9.9175))"
2024,CORTE SELETIVO,C51L34,"POLYGON ((-61.050799999999995 -9.9174, -61.05089999999999 -9.9174, -61.05089999999999 -9.917300000000001, -61.050799999999995 -9.917300000000001, -61.050799999999995 -9.9174))"
2024,CORTE SELETIVO,C51L34,"POLYGON ((-61.05049999999999 -9.9174, -61.05049999999999 -9.9172, -61.050399999999996 -9.9172, -61.050399999999996 -9.9171, -61.05029999999999 -9.9171, -61.05029999999999 -9.917300000000001, -61.050399999999996 -9.917300000000001, -61.050399999999996 -9.9174, -61.05049999999999 -9.9174))"
2024,CORTE SELETIVO,C51L34,"POLYGON ((-61.05789999999999 -9.9144, -61.05799999999999 -9.9144, -61.05799999999999 -9.9143, -61.05789999999999 -9.9143, -61.05789999999999 -9.9144))"
2024,CORTE SELETIVO,C51L34,"POLYGON ((-61.05949999999999 -9.9103, -61.059599999999996 -9.9103, -61.059599999999996 -9.9102, -61.05949999999999 -9.9102, -61.05949999999999 -9.9103))"
2024,CORTE SELETIVO,C51L34,"POLYGON ((-61.056799999999996 -9.9083, -61.05689999999999 -9.9083, -61.05689999999999 -9.9082, -61.056799999999996 -9.9082, -61.056799999999996 -9.9083))"
2024,CORTE SELETIVO,C51L34,"POLYGON ((-61.05639999999999 -9.9084, -61.05649999999999 -9.9084, -61.05649999999999 -9.9083, -61.056599999999996 -9.9083, -61.056599999999996 -9.9082, -61.056799999999996 -9.9082, -61.056799999999996 -9.908, -61.05669999999999 -9.908, -61.05669999999999 -9.9081, -61.05649999999999 -9.9081, -61.05649999999999 -9.908, -61.05639999999999 -9.908, -61.05639999999999 -9.9084))"
2024,CORTE SELETIVO,C51L34,"POLYGON ((-61.046699999999994 -9.8608, -61.04679999999999 -9.8608, -61.04679999999999 -9.8607, -61.046699999999994 -9.8607, -61.046699999999994 -9.8608))"
2024,CORTE SELETIVO,C51L34,"POLYGON ((-61.017799999999994 -9.8485, -61.01769999999999 -9.8485, -61.01769999999999 -9.8484, -61.017599999999995 -9.8484, -61.017599999999995 -9.848700000000001, -61.01769999999999 -9.848700000000001, -61.01769999999999 -9.8486, -61.017799999999994 -9.8486, -61.017799999999994 -9.8485))"
2024,CORTE SELETIVO,C51L34,"POLYGON ((-61.15319999999999 -9.9512, -61.153299999999994 -9.9512, -61.153299999999994 -9.951, -61.15319999999999 -9.951, -61.15319999999999 -9.9512))"
2024,CORTE SELETIVO,C51L34,"POLYGON ((-61.141299999999994 -9.9511, -61.14139999999999 -9.9511, -61.14139999999999 -9.951, -61.141299999999994 -9.951, -61.141299999999994 -9.9511))"
2024,CORTE SELETIVO,C51L34,"POLYGON ((-61.153499999999994 -9.9508, -61.15339999999999 -9.9508, -61.15339999999999 -9.9509, -61.15359999999999 -9.9509, -61.15359999999999 -9.9507, -61.153499999999994 -9.9507, -61.153499999999994 -9.9508))"
2024,CORTE SELETIVO,C51L34,"POLYGON ((-61.01659999999999 -9.9447, -61.01669999999999 -9.9447, -61.01669999999999 -9.9446, -61.01659999999999 -9.9446, -61.01659999999999 -9.9447))"
2024,CORTE SELETIVO,C51L34,"POLYGON ((-61.016799999999996 -9.9446, -61.016799999999996 -9.9447, -61.01689999999999 -9.9447, -61.01689999999999 -9.9446, -61.016799999999996 -9.9446))"
2024,CORTE SELETIVO,C51L34,"POLYGON ((-61.21339999999999 -9.8017, -61.21339999999999 -9.8018, -61.213499999999996 -9.8018, -61.213499999999996 -9.8017, -61.21339999999999 -9.8017))"
2024,CORTE SELETIVO,C51L34,"POLYGON ((-61.017799999999994 -9.8486, -61.01769999999999 -9.8486, -61.01769999999999 -9.848700000000001, -61.017799999999994 -9.848700000000001, -61.017799999999994 -9.8486))"
2024,CORTE SELETIVO,C51L34,"POLYGON ((-61.21849999999999 -9.9625, -61.21849999999999 -9.9627, -61.218799999999995 -9.9627, -61.218799999999995 -9.9625, -61.21849999999999 -9.9625))"
2024,CORTE SELETIVO,C51L34,"POLYGON ((-61.111999999999995 -9.8223, -61.11209999999999 -9.8223, -61.11209999999999 -9.8222, -61.111999999999995 -9.8222, -61.111999999999995 -9.8223))"
2024,CORTE SELETIVO,C51L34,"POLYGON ((-61.213499999999996 -9.8017, -61.21359999999999 -9.8017, -61.21359999999999 -9.8016, -61.213499999999996 -9.8016, -61.213499999999996 -9.8017))"
2024,CORTE SELETIVO,C51L34,"POLYGON ((-61.171299999999995 -9.8127, -61.17099999999999 -9.8127, -61.17099999999999 -9.813, -61.171299999999995 -9.813, -61.171299999999995 -9.8127))"
2024,CORTE SELETIVO,C51L34,"POLYGON ((-61.008399999999995 -9.7761, -61.00829999999999 -9.7761, -61.00829999999999 -9.7762, -61.008399999999995 -9.7762, -61.008399999999995 -9.7761))"
2024,CORTE SELETIVO,C51L34,"POLYGON ((-61.22229999999999 -9.9966, -61.222199999999994 -9.9966, -61.222199999999994 -9.9967, -61.22229999999999 -9.9967, -61.22229999999999 -9.9966))"
2024,CORTE SELETIVO,C51L34,"POLYGON ((-61.22249999999999 -9.9965, -61.22229999999999 -9.9965, -61.22229999999999 -9.9966, -61.22249999999999 -9.9966, -61.22249999999999 -9.9965))"
2024,CORTE SELETIVO,C51L34,"POLYGON ((-61.22259999999999 -9.9962, -61.22249999999999 -9.9962, -61.22249999999999 -9.9963, -61.22259999999999 -9.9963, -61.22259999999999 -9.9962))"
2024,CORTE SELETIVO,C51L34,"POLYGON ((-61.22239999999999 -9.9962, -61.22229999999999 -9.9962, -61.22229999999999 -9.9963, -61.22239999999999 -9.9963, -61.22239999999999 -9.9962))"
2024,CORTE SELETIVO,C51L34,"POLYGON ((-61.22249999999999 -9.9958, -61.22239999999999 -9.9958, -61.22239999999999 -9.9959, -61.22249999999999 -9.9959, -61.22249999999999 -9.9958))"
2024,CORTE SELETIVO,C51L34,"POLYGON ((-61.222699999999996 -9.9958, -61.22259999999999 -9.9958, -61.22259999999999 -9.9959, -61.222699999999996 -9.9959, -61.222699999999996 -9.9958))"
2024,CORTE SELETIVO,C51L34,"POLYGON ((-61.22259999999999 -9.9957, -61.22249999999999 -9.9957, -61.22249999999999 -9.9958, -61.22259999999999 -9.9958, -61.22259999999999 -9.9957))"
2024,CORTE SELETIVO,C51L34,"POLYGON ((-61.22319999999999 -9.9939, -61.22299999999999 -9.9939, -61.22299999999999 -9.9941, -61.22319999999999 -9.9941, -61.22319999999999 -9.9939))"
2024,CORTE SELETIVO,C51L34,"POLYGON ((-61.224799999999995 -9.9896, -61.22469999999999 -9.9896, -61.22469999999999 -9.9897, -61.224799999999995 -9.9897, -61.224799999999995 -9.9896))"
2024,CORTE SELETIVO,C51L34,"POLYGON ((-61.23879999999999 -9.9678, -61.238699999999994 -9.9678, -61.238699999999994 -9.9679, -61.23879999999999 -9.9679, -61.23879999999999 -9.9678))"
2024,CORTE SELETIVO,C51L34,"POLYGON ((-61.229099999999995 -9.9461, -61.22899999999999 -9.9461, -61.22899999999999 -9.9462, -61.229099999999995 -9.9462, -61.229099999999995 -9.9461))"
2024,CORTE SELETIVO,C51L34,"POLYGON ((-61.22919999999999 -9.9462, -61.229299999999995 -9.9462, -61.229299999999995 -9.946, -61.22919999999999 -9.946, -61.22919999999999 -9.9459, -61.229299999999995 -9.9459, -61.229299999999995 -9.9458, -61.22899999999999 -9.9458, -61.22899999999999 -9.9459, -61.228899999999996 -9.9459, -61.228899999999996 -9.946, -61.229099999999995 -9.946, -61.229099999999995 -9.9461, -61.22919999999999 -9.9461, -61.22919999999999 -9.9462))"
2024,CORTE SELETIVO,C51L34,"POLYGON ((-61.23219999999999 -9.9369, -61.232099999999996 -9.9369, -61.232099999999996 -9.937, -61.232299999999995 -9.937, -61.232299999999995 -9.9368, -61.23219999999999 -9.9368, -61.23219999999999 -9.9369))"
2024,CORTE SELETIVO,C51L34,"POLYGON ((-61.230199999999996 -9.9366, -61.23009999999999 -9.9366, -61.23009999999999 -9.9367, -61.230199999999996 -9.9367, -61.230199999999996 -9.9366))"
2024,CORTE SELETIVO,C51L34,"POLYGON ((-61.22449999999999 -9.9239, -61.22429999999999 -9.9239, -61.22429999999999 -9.9241, -61.22449999999999 -9.9241, -61.22449999999999 -9.9239))"
2024,CORTE SELETIVO,C51L34,"POLYGON ((-61.219199999999994 -9.8929, -61.219199999999994 -9.893, -61.21929999999999 -9.893, -61.21929999999999 -9.8929, -61.219199999999994 -9.8929))"
2024,CORTE SELETIVO,C51L34,"POLYGON ((-61.219199999999994 -9.8927, -61.219199999999994 -9.8928, -61.21929999999999 -9.8928, -61.21929999999999 -9.8929, -61.21939999999999 -9.8929, -61.21939999999999 -9.893, -61.21959999999999 -9.893, -61.21959999999999 -9.8927, -61.219199999999994 -9.8927))"
2024,CORTE SELETIVO,C51L34,"POLYGON ((-61.21979999999999 -9.8926, -61.219699999999996 -9.8926, -61.219699999999996 -9.8927, -61.21979999999999 -9.8927, -61.21979999999999 -9.8926))"
2024,CORTE SELETIVO,C51L34,"POLYGON ((-61.22829999999999 -9.8895, -61.228199999999994 -9.8895, -61.228199999999994 -9.8896, -61.22829999999999 -9.8896, -61.22829999999999 -9.8895))"
2024,CORTE SELETIVO,C51L34,"POLYGON ((-61.22839999999999 -9.8892, -61.22829999999999 -9.8892, -61.22829999999999 -9.8893, -61.22839999999999 -9.8893, -61.22839999999999 -9.8892))"
2024,CORTE SELETIVO,C51L34,"POLYGON ((-61.22189999999999 -9.8707, -61.221799999999995 -9.8707, -61.221799999999995 -9.8708, -61.22189999999999 -9.8708, -61.22189999999999 -9.8707))"
2024,CORTE SELETIVO,C51L34,"POLYGON ((-61.21959999999999 -9.8681, -61.219699999999996 -9.8681, -61.219699999999996 -9.868, -61.21979999999999 -9.868, -61.21979999999999 -9.8675, -61.219699999999996 -9.8675, -61.219699999999996 -9.8678, -61.21949999999999 -9.8678, -61.21949999999999 -9.8679, -61.21939999999999 -9.8679, -61.21939999999999 -9.868, -61.21959999999999 -9.868, -61.21959999999999 -9.8681))"
2024,CORTE SELETIVO,C51L34,"POLYGON ((-61.220499999999994 -9.8671, -61.22039999999999 -9.8671, -61.22039999999999 -9.8672, -61.220499999999994 -9.8672, -61.220499999999994 -9.8671))"
2024,CORTE SELETIVO,C51L34,"POLYGON ((-61.220299999999995 -9.8671, -61.220099999999995 -9.8671, -61.220099999999995 -9.8669, -61.22019999999999 -9.8669, -61.22019999999999 -9.8668, -61.21999999999999 -9.8668, -61.21999999999999 -9.8671, -61.219899999999996 -9.8671, -61.219899999999996 -9.8673, -61.21999999999999 -9.8673, -61.21999999999999 -9.8672, -61.220299999999995 -9.8672, -61.220299999999995 -9.8671))"
2024,CORTE SELETIVO,C51L34,"POLYGON ((-61.24609999999999 -9.8562, -61.245999999999995 -9.8562, -61.245999999999995 -9.8563, -61.24609999999999 -9.8563, -61.24609999999999 -9.8562))"
2024,CORTE SELETIVO,C51L34,"POLYGON ((-61.242999999999995 -9.8561, -61.24289999999999 -9.8561, -61.24289999999999 -9.8562, -61.242999999999995 -9.8562, -61.242999999999995 -9.8561))"
2024,CORTE SELETIVO,C51L34,"POLYGON ((-61.24309999999999 -9.856, -61.242999999999995 -9.856, -61.242999999999995 -9.8561, -61.24309999999999 -9.8561, -61.24309999999999 -9.856))"
2024,CORTE SELETIVO,C51L34,"POLYGON ((-61.24289999999999 -9.8559, -61.242799999999995 -9.8559, -61.242799999999995 -9.856, -61.24289999999999 -9.856, -61.24289999999999 -9.8559))"
2024,CORTE SELETIVO,C51L34,"POLYGON ((-61.21529999999999 -9.8098, -61.215199999999996 -9.8098, -61.215199999999996 -9.8099, -61.21529999999999 -9.8099, -61.21529999999999 -9.8098))"
2024,CORTE SELETIVO,C51L34,"POLYGON ((-61.21509999999999 -9.8095, -61.214999999999996 -9.8095, -61.214999999999996 -9.8096, -61.21509999999999 -9.8096, -61.21509999999999 -9.8095))"
2024,CORTE SELETIVO,C51L34,"POLYGON ((-61.215199999999996 -9.8091, -61.21509999999999 -9.8091, -61.21509999999999 -9.8094, -61.215199999999996 -9.8094, -61.215199999999996 -9.8091))"
2024,CORTE SELETIVO,C51L34,"POLYGON ((-61.21509999999999 -9.809, -61.214999999999996 -9.809, -61.214999999999996 -9.8091, -61.21509999999999 -9.8091, -61.21509999999999 -9.809))"
2024,CORTE SELETIVO,C51L34,"POLYGON ((-61.215199999999996 -9.8082, -61.215199999999996 -9.8083, -61.21529999999999 -9.8083, -61.21529999999999 -9.8082, -61.215199999999996 -9.8082))"
2024,CORTE SELETIVO,C51L34,"POLYGON ((-61.214999999999996 -9.808, -61.214999999999996 -9.8081, -61.21509999999999 -9.8081, -61.21509999999999 -9.808, -61.214999999999996 -9.808))"
2024,CORTE SELETIVO,C51L34,"POLYGON ((-61.21529999999999 -9.808, -61.215199999999996 -9.808, -61.215199999999996 -9.8081, -61.21529999999999 -9.8081, -61.21529999999999 -9.808))"
2024,CORTE SELETIVO,C51L34,"POLYGON ((-61.21509999999999 -9.8066, -61.21489999999999 -9.8066, -61.21489999999999 -9.8067, -61.21509999999999 -9.8067, -61.21509999999999 -9.8066))"
2024,CORTE SELETIVO,C51L34,"POLYGON ((-61.21509999999999 -9.8061, -61.214999999999996 -9.8061, -61.214999999999996 -9.8062, -61.21509999999999 -9.8062, -61.21509999999999 -9.8061))"
2024,CORTE SELETIVO,C51L34,"POLYGON ((-61.21529999999999 -9.8058, -61.215199999999996 -9.8058, -61.215199999999996 -9.806, -61.21529999999999 -9.806, -61.21529999999999 -9.8058))"
2024,CORTE SELETIVO,C51L34,"POLYGON ((-61.21509999999999 -9.8058, -61.21489999999999 -9.8058, -61.21489999999999 -9.806, -61.21509999999999 -9.806, -61.21509999999999 -9.8058))"
2024,CORTE SELETIVO,C51L34,"POLYGON ((-61.21509999999999 -9.8053, -61.214999999999996 -9.8053, -61.214999999999996 -9.8055, -61.21509999999999 -9.8055, -61.21509999999999 -9.8053))"
2024,CORTE SELETIVO,C51L34,"POLYGON ((-61.21549999999999 -9.8032, -61.215399999999995 -9.8032, -61.215399999999995 -9.8034, -61.21549999999999 -9.8034, -61.21549999999999 -9.8032))"
2024,CORTE SELETIVO,C51L34,"POLYGON ((-61.215399999999995 -9.8027, -61.21529999999999 -9.8027, -61.21529999999999 -9.8029, -61.215399999999995 -9.8029, -61.215399999999995 -9.8027))"
2024,CORTE SELETIVO,C51L34,"POLYGON ((-61.21509999999999 -9.8027, -61.214999999999996 -9.8027, -61.214999999999996 -9.8029, -61.21509999999999 -9.8029, -61.21509999999999 -9.8027))"
2024,CORTE SELETIVO,C51L34,"POLYGON ((-61.21549999999999 -9.7995, -61.215399999999995 -9.7995, -61.215399999999995 -9.7996, -61.21549999999999 -9.7996, -61.21549999999999 -9.7995))"
2024,CORTE SELETIVO,C51L34,"POLYGON ((-61.21569999999999 -9.7888, -61.215599999999995 -9.7888, -61.215599999999995 -9.7889, -61.21569999999999 -9.7889, -61.21569999999999 -9.7888))"
2024,CORTE SELETIVO,C51L34,"POLYGON ((-61.21739999999999 -9.775, -61.217499999999994 -9.775, -61.217499999999994 -9.7749, -61.217699999999994 -9.7749, -61.217699999999994 -9.7747, -61.217299999999994 -9.7747, -61.217299999999994 -9.7749, -61.21719999999999 -9.7749, -61.21719999999999 -9.775, -61.217299999999994 -9.775, -61.217299999999994 -9.7751, -61.21739999999999 -9.7751, -61.21739999999999 -9.775))"
2024,CORTE SELETIVO,C51L34,"POLYGON ((-61.20929999999999 -9.9606, -61.208999999999996 -9.9606, -61.208999999999996 -9.9609, -61.209199999999996 -9.9609, -61.209199999999996 -9.9608, -61.209399999999995 -9.9608, -61.209399999999995 -9.9607, -61.20929999999999 -9.9607, -61.20929999999999 -9.9606))"
2024,CORTE SELETIVO,C51L34,"POLYGON ((-61.20219999999999 -9.8977, -61.202099999999994 -9.8977, -61.202099999999994 -9.8976, -61.20219999999999 -9.8976, -61.20219999999999 -9.8975, -61.202299999999994 -9.8975, -61.202299999999994 -9.8974, -61.202099999999994 -9.8974, -61.202099999999994 -9.8973, -61.20219999999999 -9.8973, -61.20219999999999 -9.8972, -61.20199999999999 -9.8972, -61.20199999999999 -9.8968, -61.201899999999995 -9.8968, -61.201899999999995 -9.8971, -61.20179999999999 -9.8971, -61.20179999999999 -9.8972, -61.201899999999995 -9.8972, -61.201899999999995 -9.8978, -61.20219999999999 -9.8978, -61.20219999999999 -9.8977))"
2024,CORTE SELETIVO,C51L34,"POLYGON ((-61.195299999999996 -9.884, -61.19539999999999 -9.884, -61.19539999999999 -9.8835, -61.195499999999996 -9.8835, -61.195499999999996 -9.8834, -61.195299999999996 -9.8834, -61.195299999999996 -9.884))"
2024,CORTE SELETIVO,C51L34,"POLYGON ((-61.19319999999999 -9.8773, -61.19319999999999 -9.8774, -61.193299999999994 -9.8774, -61.193299999999994 -9.8773, -61.19319999999999 -9.8773))"
2024,CORTE SELETIVO,C51L34,"POLYGON ((-61.199099999999994 -9.8739, -61.199099999999994 -9.8742, -61.199299999999994 -9.8742, -61.199299999999994 -9.8744, -61.19939999999999 -9.8744, -61.19939999999999 -9.8741, -61.199299999999994 -9.8741, -61.199299999999994 -9.8739, -61.199099999999994 -9.8739))"
2024,CORTE SELETIVO,C51L34,"POLYGON ((-61.21419999999999 -9.871, -61.21439999999999 -9.871, -61.21439999999999 -9.8709, -61.21459999999999 -9.8709, -61.21459999999999 -9.8707, -61.21439999999999 -9.8707, -61.21439999999999 -9.8708, -61.214299999999994 -9.8708, -61.214299999999994 -9.8709, -61.21399999999999 -9.8709, -61.21399999999999 -9.8711, -61.21419999999999 -9.8711, -61.21419999999999 -9.871))"
2024,CORTE SELETIVO,C51L34,"POLYGON ((-61.192899999999995 -9.8703, -61.19279999999999 -9.8703, -61.19279999999999 -9.8702, -61.192299999999996 -9.8702, -61.192299999999996 -9.8704, -61.19239999999999 -9.8704, -61.19239999999999 -9.8703, -61.192499999999995 -9.8703, -61.192499999999995 -9.8704, -61.192899999999995 -9.8704, -61.192899999999995 -9.8703))"
2024,CORTE SELETIVO,C51L34,"POLYGON ((-61.21329999999999 -9.8596, -61.21319999999999 -9.8596, -61.21319999999999 -9.8597, -61.21329999999999 -9.8597, -61.21329999999999 -9.8596))"
2024,CORTE SELETIVO,C51L34,"POLYGON ((-61.21469999999999 -9.8427, -61.21459999999999 -9.8427, -61.21459999999999 -9.8428, -61.21469999999999 -9.8428, -61.21469999999999 -9.8427))"
2024,CORTE SELETIVO,C51L34,"POLYGON ((-61.21469999999999 -9.8409, -61.21459999999999 -9.8409, -61.21459999999999 -9.841, -61.21469999999999 -9.841, -61.21469999999999 -9.8409))"
2024,CORTE SELETIVO,C51L34,"POLYGON ((-61.21439999999999 -9.8409, -61.214499999999994 -9.8409, -61.214499999999994 -9.8408, -61.21459999999999 -9.8408, -61.21459999999999 -9.8407, -61.21439999999999 -9.8407, -61.21439999999999 -9.8409))"
2024,CORTE SELETIVO,C51L34,"POLYGON ((-61.21159999999999 -9.8102, -61.211499999999994 -9.8102, -61.211499999999994 -9.8103, -61.21139999999999 -9.8103, -61.21139999999999 -9.8104, -61.21169999999999 -9.8104, -61.21169999999999 -9.8103, -61.21159999999999 -9.8103, -61.21159999999999 -9.8102))"
2024,CORTE SELETIVO,C51L34,"POLYGON ((-61.211999999999996 -9.8102, -61.21189999999999 -9.8102, -61.21189999999999 -9.8103, -61.211999999999996 -9.8103, -61.211999999999996 -9.8102))"
2024,CORTE SELETIVO,C51L34,"POLYGON ((-61.214099999999995 -9.8101, -61.214099999999995 -9.8102, -61.214299999999994 -9.8102, -61.214299999999994 -9.8103, -61.214099999999995 -9.8103, -61.214099999999995 -9.8106, -61.21419999999999 -9.8106, -61.21419999999999 -9.8105, -61.21469999999999 -9.8105, -61.21469999999999 -9.8103, -61.21489999999999 -9.8103, -61.21489999999999 -9.8102, -61.214999999999996 -9.8102, -61.214999999999996 -9.8101, -61.21489999999999 -9.8101, -61.21489999999999 -9.81, -61.21509999999999 -9.81, -61.21509999999999 -9.8098, -61.215199999999996 -9.8098, -61.215199999999996 -9.8097, -61.214999999999996 -9.8097, -61.214999999999996 -9.8098, -61.21489999999999 -9.8098, -61.21489999999999 -9.8099, -61.21459999999999 -9.8099, -61.21459999999999 -9.81, -61.21469999999999 -9.81, -61.21469999999999 -9.8101, -61.214099999999995 -9.8101), (-61.21459999999999 -9.8104, -61.214499999999994 -9.8104, -61.214499999999994 -9.8103, -61.21459999999999 -9.8103, -61.21459999999999 -9.8104))"
2024,CORTE SELETIVO,C51L34,"POLYGON ((-61.211299999999994 -9.8098, -61.21119999999999 -9.8098, -61.21119999999999 -9.81, -61.211299999999994 -9.81, -61.211299999999994 -9.8098))"
2024,CORTE SELETIVO,C51L34,"POLYGON ((-61.20799999999999 -9.8085, -61.20779999999999 -9.8085, -61.20779999999999 -9.8086, -61.20799999999999 -9.8086, -61.20799999999999 -9.8085))"
2024,CORTE SELETIVO,C51L34,"POLYGON ((-61.19389999999999 -9.8084, -61.193799999999996 -9.8084, -61.193799999999996 -9.8087, -61.19389999999999 -9.8087, -61.19389999999999 -9.8084))"
2024,CORTE SELETIVO,C51L34,"POLYGON ((-61.206199999999995 -9.8083, -61.20609999999999 -9.8083, -61.20609999999999 -9.8085, -61.206199999999995 -9.8085, -61.206199999999995 -9.8083))"
2024,CORTE SELETIVO,C51L34,"POLYGON ((-61.21099999999999 -9.8065, -61.210899999999995 -9.8065, -61.210899999999995 -9.8067, -61.21099999999999 -9.8067, -61.21099999999999 -9.8065))"
2024,CORTE SELETIVO,C51L34,"POLYGON ((-61.21139999999999 -9.8062, -61.211299999999994 -9.8062, -61.211299999999994 -9.8064, -61.21139999999999 -9.8064, -61.21139999999999 -9.8062))"
2024,CORTE SELETIVO,C51L34,"POLYGON ((-61.210899999999995 -9.8061, -61.210899999999995 -9.8062, -61.21099999999999 -9.8062, -61.21099999999999 -9.8061, -61.210899999999995 -9.8061))"
2024,CORTE SELETIVO,C51L34,"POLYGON ((-61.21479999999999 -9.806, -61.21479999999999 -9.8061, -61.21459999999999 -9.8061, -61.21459999999999 -9.8062, -61.21479999999999 -9.8062, -61.21479999999999 -9.8063, -61.21489999999999 -9.8063, -61.21489999999999 -9.806, -61.21479999999999 -9.806))"
2024,CORTE SELETIVO,C51L34,"POLYGON ((-61.195699999999995 -9.8058, -61.19559999999999 -9.8058, -61.19559999999999 -9.8059, -61.195699999999995 -9.8059, -61.195699999999995 -9.8058))"
2024,CORTE SELETIVO,C51L34,"POLYGON ((-61.196099999999994 -9.8057, -61.195899999999995 -9.8057, -61.195899999999995 -9.8058, -61.19599999999999 -9.8058, -61.19599999999999 -9.8059, -61.19619999999999 -9.8059, -61.19619999999999 -9.8058, -61.196099999999994 -9.8058, -61.196099999999994 -9.8057))"
2024,CORTE SELETIVO,C51L34,"POLYGON ((-61.19499999999999 -9.8055, -61.19489999999999 -9.8055, -61.19489999999999 -9.8057, -61.19499999999999 -9.8057, -61.19499999999999 -9.8055))"
2024,CORTE SELETIVO,C51L34,"POLYGON ((-61.196099999999994 -9.8055, -61.19599999999999 -9.8055, -61.19599999999999 -9.8056, -61.196099999999994 -9.8056, -61.196099999999994 -9.8055))"
2024,CORTE SELETIVO,C51L34,"POLYGON ((-61.211099999999995 -9.8055, -61.21099999999999 -9.8055, -61.21099999999999 -9.8056, -61.211099999999995 -9.8056, -61.211099999999995 -9.8055))"
2024,CORTE SELETIVO,C51L34,"POLYGON ((-61.19489999999999 -9.8054, -61.194799999999994 -9.8054, -61.194799999999994 -9.8055, -61.19489999999999 -9.8055, -61.19489999999999 -9.8054))"
2024,CORTE SELETIVO,C51L34,"POLYGON ((-61.21079999999999 -9.8051, -61.210699999999996 -9.8051, -61.210699999999996 -9.8052, -61.21079999999999 -9.8052, -61.21079999999999 -9.8053, -61.210899999999995 -9.8053, -61.210899999999995 -9.8054, -61.21099999999999 -9.8054, -61.21099999999999 -9.8047, -61.21079999999999 -9.8047, -61.21079999999999 -9.8048, -61.210699999999996 -9.8048, -61.210699999999996 -9.8049, -61.21059999999999 -9.8049, -61.21059999999999 -9.805, -61.21079999999999 -9.805, -61.21079999999999 -9.8051))"
2024,CORTE SELETIVO,C51L34,"POLYGON ((-61.21079999999999 -9.8046, -61.210699999999996 -9.8046, -61.210699999999996 -9.8047, -61.21079999999999 -9.8047, -61.21079999999999 -9.8046))"
2024,CORTE SELETIVO,C51L34,"POLYGON ((-61.21009999999999 -9.8041, -61.209999999999994 -9.8041, -61.209999999999994 -9.8043, -61.21009999999999 -9.8043, -61.21009999999999 -9.8041))"
2024,CORTE SELETIVO,C51L34,"POLYGON ((-61.18999999999999 -9.8038, -61.189899999999994 -9.8038, -61.189899999999994 -9.804, -61.189699999999995 -9.804, -61.189699999999995 -9.8041, -61.18979999999999 -9.8041, -61.18979999999999 -9.8042, -61.18999999999999 -9.8042, -61.18999999999999 -9.8038))"
2024,CORTE SELETIVO,C51L34,"POLYGON ((-61.19789999999999 -9.8029, -61.19769999999999 -9.8029, -61.19769999999999 -9.803, -61.19789999999999 -9.803, -61.19789999999999 -9.8029))"
2024,CORTE SELETIVO,C51L34,"POLYGON ((-61.214999999999996 -9.803, -61.214999999999996 -9.8029, -61.21469999999999 -9.8029, -61.21469999999999 -9.8027, -61.21439999999999 -9.8027, -61.21439999999999 -9.8028, -61.214299999999994 -9.8028, -61.214299999999994 -9.8031, -61.21439999999999 -9.8031, -61.21439999999999 -9.8032, -61.214499999999994 -9.8032, -61.214499999999994 -9.803, -61.214999999999996 -9.803), (-61.214499999999994 -9.8028, -61.214499999999994 -9.8029, -61.21439999999999 -9.8029, -61.21439999999999 -9.8028, -61.214499999999994 -9.8028))"
2024,CORTE SELETIVO,C51L34,"POLYGON ((-61.214099999999995 -9.8028, -61.21399999999999 -9.8028, -61.21399999999999 -9.8025, -61.21379999999999 -9.8025, -61.21379999999999 -9.8028, -61.213699999999996 -9.8028, -61.213699999999996 -9.8029, -61.21399999999999 -9.8029, -61.21399999999999 -9.803, -61.214099999999995 -9.803, -61.214099999999995 -9.8028))"
2024,CORTE SELETIVO,C51L34,"POLYGON ((-61.20389999999999 -9.8017, -61.203799999999994 -9.8017, -61.203799999999994 -9.8018, -61.20389999999999 -9.8018, -61.20389999999999 -9.8017))"
2024,CORTE SELETIVO,C51L34,"POLYGON ((-61.20399999999999 -9.8016, -61.20389999999999 -9.8016, -61.20389999999999 -9.8017, -61.20399999999999 -9.8017, -61.20399999999999 -9.8016))"
2024,CORTE SELETIVO,C51L34,"POLYGON ((-61.20409999999999 -9.8015, -61.20409999999999 -9.8016, -61.20419999999999 -9.8016, -61.20419999999999 -9.8012, -61.20399999999999 -9.8012, -61.20399999999999 -9.8015, -61.20409999999999 -9.8015))"
2024,CORTE SELETIVO,C51L34,"POLYGON ((-61.20589999999999 -9.8007, -61.20589999999999 -9.8009, -61.205999999999996 -9.8009, -61.205999999999996 -9.8007, -61.20589999999999 -9.8007))"
2024,CORTE SELETIVO,C51L34,"POLYGON ((-61.205999999999996 -9.8005, -61.20589999999999 -9.8005, -61.20589999999999 -9.8006, -61.205999999999996 -9.8006, -61.205999999999996 -9.8005))"
2024,CORTE SELETIVO,C51L34,"POLYGON ((-61.21009999999999 -9.8001, -61.209999999999994 -9.8001, -61.209999999999994 -9.8002, -61.21019999999999 -9.8002, -61.21019999999999 -9.7998, -61.21009999999999 -9.7998, -61.21009999999999 -9.8001))"
2024,CORTE SELETIVO,C51L34,"POLYGON ((-61.206599999999995 -9.7996, -61.20649999999999 -9.7996, -61.20649999999999 -9.8, -61.206599999999995 -9.8, -61.206599999999995 -9.7996))"
2024,CORTE SELETIVO,C51L34,"POLYGON ((-61.19669999999999 -9.7575, -61.196799999999996 -9.7575, -61.196799999999996 -9.7576, -61.19689999999999 -9.7576, -61.19689999999999 -9.7573, -61.196999999999996 -9.7573, -61.196999999999996 -9.7571, -61.19669999999999 -9.7571, -61.19669999999999 -9.7572, -61.196799999999996 -9.7572, -61.196799999999996 -9.7573, -61.19659999999999 -9.7573, -61.19659999999999 -9.7574, -61.19669999999999 -9.7574, -61.19669999999999 -9.7575))"
2024,CORTE SELETIVO,C51L34,"POLYGON ((-61.209799999999994 -9.753, -61.20969999999999 -9.753, -61.20969999999999 -9.7531, -61.209799999999994 -9.7531, -61.209799999999994 -9.753))"
2024,CORTE SELETIVO,C51L34,"POLYGON ((-61.209799999999994 -9.7527, -61.20969999999999 -9.7527, -61.20969999999999 -9.7526, -61.209599999999995 -9.7526, -61.209599999999995 -9.7529, -61.209799999999994 -9.7529, -61.209799999999994 -9.753, -61.20989999999999 -9.753, -61.20989999999999 -9.7528, -61.209799999999994 -9.7528, -61.209799999999994 -9.7527))"
2024,CORTE SELETIVO,C51L34,"POLYGON ((-61.20989999999999 -9.7526, -61.209799999999994 -9.7526, -61.209799999999994 -9.7527, -61.20989999999999 -9.7527, -61.20989999999999 -9.7526))"
2024,CORTE SELETIVO,C51L34,"POLYGON ((-61.16329999999999 -9.9833, -61.163199999999996 -9.9833, -61.163199999999996 -9.9834, -61.16329999999999 -9.9834, -61.16329999999999 -9.9833))"
2024,CORTE SELETIVO,C51L34,"POLYGON ((-61.16349999999999 -9.9832, -61.16329999999999 -9.9832, -61.16329999999999 -9.9833, -61.16349999999999 -9.9833, -61.16349999999999 -9.9832))"
2024,CORTE SELETIVO,C51L34,"POLYGON ((-61.16449999999999 -9.9831, -61.16439999999999 -9.9831, -61.16439999999999 -9.9832, -61.16449999999999 -9.9832, -61.16449999999999 -9.9831))"
2024,CORTE SELETIVO,C51L34,"POLYGON ((-61.164199999999994 -9.9831, -61.16429999999999 -9.9831, -61.16429999999999 -9.983, -61.16409999999999 -9.983, -61.16409999999999 -9.9829, -61.163999999999994 -9.9829, -61.163999999999994 -9.9832, -61.16409999999999 -9.9832, -61.16409999999999 -9.9834, -61.16439999999999 -9.9834, -61.16439999999999 -9.9832, -61.164199999999994 -9.9832, -61.164199999999994 -9.9831))"
2024,CORTE SELETIVO,C51L34,"POLYGON ((-61.16349999999999 -9.9829, -61.16329999999999 -9.9829, -61.16329999999999 -9.983, -61.163199999999996 -9.983, -61.163199999999996 -9.9832, -61.16329999999999 -9.9832, -61.16329999999999 -9.9831, -61.16349999999999 -9.9831, -61.16349999999999 -9.9829))"
2024,CORTE SELETIVO,C51L34,"POLYGON ((-61.16439999999999 -9.9829, -61.16429999999999 -9.9829, -61.16429999999999 -9.983, -61.16439999999999 -9.983, -61.16439999999999 -9.9829))"
2024,CORTE SELETIVO,C51L34,"POLYGON ((-61.135299999999994 -9.9513, -61.13519999999999 -9.9513, -61.13519999999999 -9.9515, -61.135299999999994 -9.9515, -61.135299999999994 -9.9513))"
2024,CORTE SELETIVO,C51L34,"POLYGON ((-61.13559999999999 -9.9513, -61.13549999999999 -9.9513, -61.13549999999999 -9.9515, -61.13559999999999 -9.9515, -61.13559999999999 -9.9513))"
2024,CORTE SELETIVO,C51L34,"POLYGON ((-61.13649999999999 -9.9513, -61.13649999999999 -9.9514, -61.136599999999994 -9.9514, -61.136599999999994 -9.9513, -61.13649999999999 -9.9513))"
2024,CORTE SELETIVO,C51L34,"POLYGON ((-61.140499999999996 -9.9505, -61.140499999999996 -9.9506, -61.14059999999999 -9.9506, -61.14059999999999 -9.9505, -61.140499999999996 -9.9505))"
2024,CORTE SELETIVO,C51L34,"POLYGON ((-61.132799999999996 -9.9481, -61.13269999999999 -9.9481, -61.13269999999999 -9.9482, -61.132799999999996 -9.9482, -61.132799999999996 -9.9481))"
2024,CORTE SELETIVO,C51L34,"POLYGON ((-61.142799999999994 -9.9481, -61.14269999999999 -9.9481, -61.14269999999999 -9.9482, -61.142799999999994 -9.9482, -61.142799999999994 -9.9481))"
2024,CORTE SELETIVO,C51L34,"POLYGON ((-61.13269999999999 -9.9438, -61.13259999999999 -9.9438, -61.13259999999999 -9.944, -61.13269999999999 -9.944, -61.13269999999999 -9.9438))"
2024,CORTE SELETIVO,C51L34,"POLYGON ((-61.13269999999999 -9.9434, -61.13259999999999 -9.9434, -61.13259999999999 -9.9437, -61.13269999999999 -9.9437, -61.13269999999999 -9.9434))"
2024,CORTE SELETIVO,C51L34,"POLYGON ((-61.14379999999999 -9.9416, -61.143699999999995 -9.9416, -61.143699999999995 -9.9417, -61.14379999999999 -9.9417, -61.14379999999999 -9.9416))"
2024,CORTE SELETIVO,C51L34,"POLYGON ((-61.147999999999996 -9.9376, -61.14789999999999 -9.9376, -61.14789999999999 -9.9378, -61.147999999999996 -9.9378, -61.147999999999996 -9.9376))"
2024,CORTE SELETIVO,C51L34,"POLYGON ((-61.14779999999999 -9.9353, -61.14769999999999 -9.9353, -61.14769999999999 -9.9354, -61.14779999999999 -9.9354, -61.14779999999999 -9.9353))"
2024,CORTE SELETIVO,C51L34,"POLYGON ((-61.15749999999999 -9.9309, -61.157599999999995 -9.9309, -61.157599999999995 -9.9308, -61.157799999999995 -9.9308, -61.157799999999995 -9.9309, -61.15789999999999 -9.9309, -61.15789999999999 -9.9306, -61.157999999999994 -9.9306, -61.157999999999994 -9.9304, -61.15829999999999 -9.9304, -61.15829999999999 -9.9302, -61.15789999999999 -9.9302, -61.15789999999999 -9.9304, -61.157799999999995 -9.9304, -61.157799999999995 -9.9305, -61.15769999999999 -9.9305, -61.15769999999999 -9.9306, -61.15749999999999 -9.9306, -61.15749999999999 -9.9309))"
2024,CORTE SELETIVO,C51L34,"POLYGON ((-61.16289999999999 -9.8847, -61.16309999999999 -9.8847, -61.16309999999999 -9.8848, -61.16329999999999 -9.8848, -61.16329999999999 -9.8846, -61.16349999999999 -9.8846, -61.16349999999999 -9.8845, -61.16329999999999 -9.8845, -61.16329999999999 -9.8843, -61.16289999999999 -9.8843, -61.16289999999999 -9.8844, -61.162699999999994 -9.8844, -61.162699999999994 -9.8845, -61.16279999999999 -9.8845, -61.16279999999999 -9.8846, -61.16289999999999 -9.8846, -61.16289999999999 -9.8847))"
2024,CORTE SELETIVO,C51L34,"POLYGON ((-61.186899999999994 -9.88, -61.18679999999999 -9.88, -61.18679999999999 -9.8801, -61.18699999999999 -9.8801, -61.18699999999999 -9.8799, -61.186899999999994 -9.8799, -61.186899999999994 -9.88))"
2024,CORTE SELETIVO,C51L34,"POLYGON ((-61.18729999999999 -9.8798, -61.18719999999999 -9.8798, -61.18719999999999 -9.88, -61.18729999999999 -9.88, -61.18729999999999 -9.8798))"
2024,CORTE SELETIVO,C51L34,"POLYGON ((-61.18719999999999 -9.8796, -61.187099999999994 -9.8796, -61.187099999999994 -9.8798, -61.18719999999999 -9.8798, -61.18719999999999 -9.8796))"
2024,CORTE SELETIVO,C51L34,"POLYGON ((-61.16589999999999 -9.8356, -61.16579999999999 -9.8356, -61.16579999999999 -9.8357, -61.16589999999999 -9.8357, -61.16589999999999 -9.8356))"
2024,CORTE SELETIVO,C51L34,"POLYGON ((-61.165699999999994 -9.8356, -61.16579999999999 -9.8356, -61.16579999999999 -9.8355, -61.16589999999999 -9.8355, -61.16589999999999 -9.8356, -61.16609999999999 -9.8356, -61.16609999999999 -9.8357, -61.16599999999999 -9.8357, -61.16599999999999 -9.8359, -61.16629999999999 -9.8359, -61.16629999999999 -9.8355, -61.166199999999996 -9.8355, -61.166199999999996 -9.8354, -61.16609999999999 -9.8354, -61.16609999999999 -9.8353, -61.16599999999999 -9.8353, -61.16599999999999 -9.8354, -61.165699999999994 -9.8354, -61.165699999999994 -9.8352, -61.16559999999999 -9.8352, -61.16559999999999 -9.8354, -61.165499999999994 -9.8354, -61.165499999999994 -9.8356, -61.16559999999999 -9.8356, -61.16559999999999 -9.8357, -61.165699999999994 -9.8357, -61.165699999999994 -9.8356))"
2024,CORTE SELETIVO,C51L34,"POLYGON ((-61.169999999999995 -9.8355, -61.16989999999999 -9.8355, -61.16989999999999 -9.8356, -61.169999999999995 -9.8356, -61.169999999999995 -9.8355))"
2024,CORTE SELETIVO,C51L34,"POLYGON ((-61.16629999999999 -9.8354, -61.16629999999999 -9.8355, -61.166399999999996 -9.8355, -61.166399999999996 -9.8354, -61.16629999999999 -9.8354))"
2024,CORTE SELETIVO,C51L34,"POLYGON ((-61.166399999999996 -9.8352, -61.166399999999996 -9.8354, -61.16649999999999 -9.8354, -61.16649999999999 -9.8352, -61.166399999999996 -9.8352))"
2024,CORTE SELETIVO,C51L34,"POLYGON ((-61.169999999999995 -9.8353, -61.17009999999999 -9.8353, -61.17009999999999 -9.835, -61.16989999999999 -9.835, -61.16989999999999 -9.8351, -61.169799999999995 -9.8351, -61.169799999999995 -9.8352, -61.16989999999999 -9.8352, -61.16989999999999 -9.8354, -61.169999999999995 -9.8354, -61.169999999999995 -9.8353))"
2024,CORTE SELETIVO,C51L34,"POLYGON ((-61.15429999999999 -9.8223, -61.154199999999996 -9.8223, -61.154199999999996 -9.8226, -61.15429999999999 -9.8226, -61.15429999999999 -9.823, -61.154399999999995 -9.823, -61.154399999999995 -9.8229, -61.15449999999999 -9.8229, -61.15449999999999 -9.8226, -61.154599999999995 -9.8226, -61.154599999999995 -9.8225, -61.15469999999999 -9.8225, -61.15469999999999 -9.822, -61.154599999999995 -9.822, -61.154599999999995 -9.8221, -61.15449999999999 -9.8221, -61.15449999999999 -9.822, -61.154399999999995 -9.822, -61.154399999999995 -9.8221, -61.15429999999999 -9.8221, -61.15429999999999 -9.8223))"
2024,CORTE SELETIVO,C51L34,"POLYGON ((-61.171299999999995 -9.814, -61.17119999999999 -9.814, -61.17119999999999 -9.8141, -61.171299999999995 -9.8141, -61.171299999999995 -9.814))"
2024,CORTE SELETIVO,C51L34,"POLYGON ((-61.17069999999999 -9.8128, -61.17059999999999 -9.8128, -61.17059999999999 -9.8129, -61.170399999999994 -9.8129, -61.170399999999994 -9.813, -61.17069999999999 -9.813, -61.17069999999999 -9.8134, -61.17079999999999 -9.8134, -61.17079999999999 -9.8139, -61.170899999999996 -9.8139, -61.170899999999996 -9.8138, -61.17099999999999 -9.8138, -61.17099999999999 -9.814, -61.17119999999999 -9.814, -61.17119999999999 -9.8139, -61.171099999999996 -9.8139, -61.171099999999996 -9.8136, -61.17099999999999 -9.8136, -61.17099999999999 -9.8134, -61.171099999999996 -9.8134, -61.171099999999996 -9.8133, -61.171499999999995 -9.8133, -61.171499999999995 -9.8132, -61.17159999999999 -9.8132, -61.17159999999999 -9.8133, -61.171899999999994 -9.8133, -61.171899999999994 -9.813, -61.17179999999999 -9.813, -61.17179999999999 -9.8127, -61.17159999999999 -9.8127, -61.17159999999999 -9.8129, -61.171499999999995 -9.8129, -61.171499999999995 -9.8128, -61.171299999999995 -9.8128, -61.171299999999995 -9.813, -61.17099999999999 -9.813, -61.17099999999999 -9.8127, -61.171099999999996 -9.8127, -61.171099999999996 -9.8125, -61.170899999999996 -9.8125, -61.170899999999996 -9.8126, -61.17069999999999 -9.8126, -61.17069999999999 -9.8127, -61.17079999999999 -9.8127, -61.17079999999999 -9.8129, -61.17069999999999 -9.8129, -61.17069999999999 -9.8128))"
2024,CORTE SELETIVO,C51L34,"POLYGON ((-61.17199999999999 -9.8129, -61.171899999999994 -9.8129, -61.171899999999994 -9.813, -61.17199999999999 -9.813, -61.17199999999999 -9.8129))"
2024,CORTE SELETIVO,C51L34,"POLYGON ((-61.17209999999999 -9.8128, -61.17219999999999 -9.8128, -61.17219999999999 -9.8125, -61.17199999999999 -9.8125, -61.17199999999999 -9.8126, -61.171899999999994 -9.8126, -61.171899999999994 -9.8128, -61.17199999999999 -9.8128, -61.17199999999999 -9.8127, -61.17209999999999 -9.8127, -61.17209999999999 -9.8128))"
2024,CORTE SELETIVO,C51L34,"POLYGON ((-61.17009999999999 -9.8121, -61.169999999999995 -9.8121, -61.169999999999995 -9.812, -61.16969999999999 -9.812, -61.16969999999999 -9.8121, -61.169799999999995 -9.8121, -61.169799999999995 -9.8122, -61.16969999999999 -9.8122, -61.16969999999999 -9.8123, -61.17009999999999 -9.8123, -61.17009999999999 -9.8121))"
2024,CORTE SELETIVO,C51L34,"POLYGON ((-61.16919999999999 -9.8119, -61.16919999999999 -9.812, -61.16929999999999 -9.812, -61.16929999999999 -9.8119, -61.16919999999999 -9.8119))"
2024,CORTE SELETIVO,C51L34,"POLYGON ((-61.17009999999999 -9.8117, -61.17009999999999 -9.8118, -61.170199999999994 -9.8118, -61.170199999999994 -9.8117, -61.17009999999999 -9.8117))"
2024,CORTE SELETIVO,C51L34,"POLYGON ((-61.16709999999999 -9.8118, -61.167199999999994 -9.8118, -61.167199999999994 -9.8117, -61.16729999999999 -9.8117, -61.16729999999999 -9.8115, -61.16709999999999 -9.8115, -61.16709999999999 -9.8116, -61.166999999999994 -9.8116, -61.166999999999994 -9.8118, -61.16689999999999 -9.8118, -61.16689999999999 -9.8119, -61.16709999999999 -9.8119, -61.16709999999999 -9.8118))"
2024,CORTE SELETIVO,C51L34,"POLYGON ((-61.16879999999999 -9.8118, -61.16859999999999 -9.8118, -61.16859999999999 -9.8117, -61.168499999999995 -9.8117, -61.168499999999995 -9.8118, -61.168299999999995 -9.8118, -61.168299999999995 -9.8119, -61.16859999999999 -9.8119, -61.16859999999999 -9.812, -61.16879999999999 -9.812, -61.16879999999999 -9.8121, -61.16859999999999 -9.8121, -61.16859999999999 -9.8123, -61.168699999999994 -9.8123, -61.168699999999994 -9.8122, -61.16899999999999 -9.8122, -61.16899999999999 -9.8119, -61.168899999999994 -9.8119, -61.168899999999994 -9.8117, -61.16899999999999 -9.8117, -61.16899999999999 -9.8115, -61.168899999999994 -9.8115, -61.168899999999994 -9.8113, -61.16879999999999 -9.8113, -61.16879999999999 -9.8111, -61.16859999999999 -9.8111, -61.16859999999999 -9.811, -61.168499999999995 -9.811, -61.168499999999995 -9.8116, -61.16859999999999 -9.8116, -61.16859999999999 -9.8113, -61.168699999999994 -9.8113, -61.168699999999994 -9.8114, -61.16879999999999 -9.8114, -61.16879999999999 -9.8118))"
2024,CORTE SELETIVO,C51L34,"POLYGON ((-61.16929999999999 -9.8112, -61.16929999999999 -9.8113, -61.16909999999999 -9.8113, -61.16909999999999 -9.8114, -61.16919999999999 -9.8114, -61.16919999999999 -9.8115, -61.16909999999999 -9.8115, -61.16909999999999 -9.8117, -61.16929999999999 -9.8117, -61.16929999999999 -9.8116, -61.169399999999996 -9.8116, -61.169399999999996 -9.8118, -61.16929999999999 -9.8118, -61.16929999999999 -9.8119, -61.169399999999996 -9.8119, -61.169399999999996 -9.812, -61.16949999999999 -9.812, -61.16949999999999 -9.8119, -61.169599999999996 -9.8119, -61.169599999999996 -9.8118, -61.169999999999995 -9.8118, -61.169999999999995 -9.8117, -61.17009999999999 -9.8117, -61.17009999999999 -9.8115, -61.16989999999999 -9.8115, -61.16989999999999 -9.8114, -61.169999999999995 -9.8114, -61.169999999999995 -9.8113, -61.17009999999999 -9.8113, -61.17009999999999 -9.8112, -61.16989999999999 -9.8112, -61.16989999999999 -9.8113, -61.16969999999999 -9.8113, -61.16969999999999 -9.8115, -61.16949999999999 -9.8115, -61.16949999999999 -9.8113, -61.169399999999996 -9.8113, -61.169399999999996 -9.8112, -61.16929999999999 -9.8112), (-61.16989999999999 -9.8116, -61.169799999999995 -9.8116, -61.169799999999995 -9.8115, -61.16989999999999 -9.8115, -61.16989999999999 -9.8116), (-61.169399999999996 -9.8114, -61.169399999999996 -9.8115, -61.16929999999999 -9.8115, -61.16929999999999 -9.8114, -61.169399999999996 -9.8114))"
2024,CORTE SELETIVO,C51L34,"POLYGON ((-61.169599999999996 -9.8112, -61.16949999999999 -9.8112, -61.16949999999999 -9.8113, -61.169599999999996 -9.8113, -61.169599999999996 -9.8112))"
2024,CORTE SELETIVO,C51L34,"POLYGON ((-61.168899999999994 -9.811, -61.16879999999999 -9.811, -61.16879999999999 -9.8111, -61.168899999999994 -9.8111, -61.168899999999994 -9.811))"
2024,CORTE SELETIVO,C51L34,"POLYGON ((-61.16749999999999 -9.8109, -61.167399999999994 -9.8109, -61.167399999999994 -9.811, -61.16749999999999 -9.811, -61.16749999999999 -9.8109))"
2024,CORTE SELETIVO,C51L34,"POLYGON ((-61.16759999999999 -9.811, -61.16749999999999 -9.811, -61.16749999999999 -9.8111, -61.167699999999996 -9.8111, -61.167699999999996 -9.8108, -61.16779999999999 -9.8108, -61.16779999999999 -9.8106, -61.167899999999996 -9.8106, -61.167899999999996 -9.8105, -61.16759999999999 -9.8105, -61.16759999999999 -9.8106, -61.16749999999999 -9.8106, -61.16749999999999 -9.8105, -61.167399999999994 -9.8105, -61.167399999999994 -9.8104, -61.16749999999999 -9.8104, -61.16749999999999 -9.8103, -61.16729999999999 -9.8103, -61.16729999999999 -9.8106, -61.167399999999994 -9.8106, -61.167399999999994 -9.8107, -61.16749999999999 -9.8107, -61.16749999999999 -9.8108, -61.16759999999999 -9.8108, -61.16759999999999 -9.811))"
2024,CORTE SELETIVO,C51L34,"POLYGON ((-61.15279999999999 -9.8082, -61.15279999999999 -9.8081, -61.152899999999995 -9.8081, -61.152899999999995 -9.8078, -61.15259999999999 -9.8078, -61.15259999999999 -9.8082, -61.15279999999999 -9.8082))"
2024,CORTE SELETIVO,C51L34,"POLYGON ((-61.18959999999999 -9.8043, -61.18959999999999 -9.8044, -61.18979999999999 -9.8044, -61.18979999999999 -9.8042, -61.189699999999995 -9.8042, -61.189699999999995 -9.8043, -61.18959999999999 -9.8043))"
2024,CORTE SELETIVO,C51L34,"POLYGON ((-61.17209999999999 -9.768, -61.17219999999999 -9.768, -61.17219999999999 -9.7682, -61.17229999999999 -9.7682, -61.17229999999999 -9.7678, -61.17199999999999 -9.7678, -61.17199999999999 -9.7681, -61.171899999999994 -9.7681, -61.171899999999994 -9.7683, -61.17199999999999 -9.7683, -61.17199999999999 -9.7682, -61.17209999999999 -9.7682, -61.17209999999999 -9.768))"
2024,CORTE SELETIVO,C51L34,"POLYGON ((-61.13219999999999 -9.9874, -61.132099999999994 -9.9874, -61.132099999999994 -9.9875, -61.13219999999999 -9.9875, -61.13219999999999 -9.9874))"
2024,CORTE SELETIVO,C51L34,"POLYGON ((-61.13219999999999 -9.9873, -61.132299999999994 -9.9873, -61.132299999999994 -9.9874, -61.13239999999999 -9.9874, -61.13239999999999 -9.9872, -61.13219999999999 -9.9872, -61.13219999999999 -9.9873))"
2024,CORTE SELETIVO,C51L34,"POLYGON ((-61.11039999999999 -9.9712, -61.11019999999999 -9.9712, -61.11019999999999 -9.9713, -61.110099999999996 -9.9713, -61.110099999999996 -9.9714, -61.110299999999995 -9.9714, -61.110299999999995 -9.9713, -61.11039999999999 -9.9713, -61.11039999999999 -9.9712))"
2024,CORTE SELETIVO,C51L34,"POLYGON ((-61.11019999999999 -9.971, -61.110099999999996 -9.971, -61.110099999999996 -9.9712, -61.11019999999999 -9.9712, -61.11019999999999 -9.971))"
2024,CORTE SELETIVO,C51L34,"POLYGON ((-61.11059999999999 -9.9708, -61.110499999999995 -9.9708, -61.110499999999995 -9.971, -61.11059999999999 -9.971, -61.11059999999999 -9.9708))"
2024,CORTE SELETIVO,C51L34,"POLYGON ((-61.110899999999994 -9.9703, -61.11099999999999 -9.9703, -61.11099999999999 -9.9701, -61.11079999999999 -9.9701, -61.11079999999999 -9.9707, -61.110899999999994 -9.9707, -61.110899999999994 -9.9706, -61.11099999999999 -9.9706, -61.11099999999999 -9.9704, -61.110899999999994 -9.9704, -61.110899999999994 -9.9703))"
2024,CORTE SELETIVO,C51L34,"POLYGON ((-61.12389999999999 -9.9677, -61.123799999999996 -9.9677, -61.123799999999996 -9.9678, -61.12389999999999 -9.9678, -61.12389999999999 -9.9677))"
2024,CORTE SELETIVO,C51L34,"POLYGON ((-61.13259999999999 -9.9425, -61.13249999999999 -9.9425, -61.13249999999999 -9.9427, -61.13259999999999 -9.9427, -61.13259999999999 -9.9425))"
2024,CORTE SELETIVO,C51L34,"POLYGON ((-61.132299999999994 -9.9422, -61.13219999999999 -9.9422, -61.13219999999999 -9.9425, -61.132299999999994 -9.9425, -61.132299999999994 -9.9422))"
2024,CORTE SELETIVO,C51L34,"POLYGON ((-61.13259999999999 -9.9422, -61.13249999999999 -9.9422, -61.13249999999999 -9.9424, -61.13259999999999 -9.9424, -61.13259999999999 -9.9422))"
2024,CORTE SELETIVO,C51L34,"POLYGON ((-61.13239999999999 -9.9414, -61.132299999999994 -9.9414, -61.132299999999994 -9.9415, -61.13249999999999 -9.9415, -61.13249999999999 -9.9413, -61.13239999999999 -9.9413, -61.13239999999999 -9.9414))"
2024,CORTE SELETIVO,C51L34,"POLYGON ((-61.131699999999995 -9.9383, -61.13159999999999 -9.9383, -61.13159999999999 -9.9384, -61.131699999999995 -9.9384, -61.131699999999995 -9.9383))"
2024,CORTE SELETIVO,C51L34,"POLYGON ((-61.13179999999999 -9.9339, -61.131699999999995 -9.9339, -61.131699999999995 -9.934, -61.13179999999999 -9.934, -61.13179999999999 -9.9339))"
2024,CORTE SELETIVO,C51L34,"POLYGON ((-61.106899999999996 -9.9336, -61.10679999999999 -9.9336, -61.10679999999999 -9.9337, -61.106899999999996 -9.9337, -61.106899999999996 -9.9336))"
2024,CORTE SELETIVO,C51L34,"POLYGON ((-61.10029999999999 -9.9205, -61.10029999999999 -9.9207, -61.10039999999999 -9.9207, -61.10039999999999 -9.9205, -61.10029999999999 -9.9205))"
2024,CORTE SELETIVO,C51L34,"POLYGON ((-61.099999999999994 -9.9202, -61.099999999999994 -9.9205, -61.100199999999994 -9.9205, -61.100199999999994 -9.9204, -61.10009999999999 -9.9204, -61.10009999999999 -9.9203, -61.100199999999994 -9.9203, -61.100199999999994 -9.9202, -61.099999999999994 -9.9202))"
2024,CORTE SELETIVO,C51L34,"POLYGON ((-61.116099999999996 -9.9195, -61.11599999999999 -9.9195, -61.11599999999999 -9.9196, -61.116099999999996 -9.9196, -61.116099999999996 -9.9195))"
2024,CORTE SELETIVO,C51L34,"POLYGON ((-61.101499999999994 -9.905100000000001, -61.10159999999999 -9.905100000000001, -61.10159999999999 -9.9052, -61.101699999999994 -9.9052, -61.101699999999994 -9.905, -61.101499999999994 -9.905, -61.101499999999994 -9.905100000000001))"
2024,CORTE SELETIVO,C51L34,"POLYGON ((-61.116499999999995 -9.9022, -61.116699999999994 -9.9022, -61.116699999999994 -9.9021, -61.11659999999999 -9.9021, -61.11659999999999 -9.902, -61.116499999999995 -9.902, -61.116499999999995 -9.9022))"
2024,CORTE SELETIVO,C51L34,"POLYGON ((-61.116499999999995 -9.9018, -61.11639999999999 -9.9018, -61.11639999999999 -9.9019, -61.116499999999995 -9.9019, -61.116499999999995 -9.9018))"
2024,CORTE SELETIVO,C51L34,"POLYGON ((-61.11529999999999 -9.8802, -61.115199999999994 -9.8802, -61.115199999999994 -9.8803, -61.11529999999999 -9.8803, -61.11529999999999 -9.8802))"
2024,CORTE SELETIVO,C51L34,"POLYGON ((-61.102199999999996 -9.8242, -61.102199999999996 -9.8244, -61.10229999999999 -9.8244, -61.10229999999999 -9.8245, -61.102399999999996 -9.8245, -61.102399999999996 -9.8244, -61.102599999999995 -9.8244, -61.102599999999995 -9.8243, -61.10309999999999 -9.8243, -61.10309999999999 -9.8244, -61.103199999999994 -9.8244, -61.103199999999994 -9.8245, -61.10339999999999 -9.8245, -61.10339999999999 -9.8244, -61.10349999999999 -9.8244, -61.10349999999999 -9.8243, -61.103199999999994 -9.8243, -61.103199999999994 -9.8241, -61.10329999999999 -9.8241, -61.10329999999999 -9.824, -61.103199999999994 -9.824, -61.103199999999994 -9.8236, -61.102999999999994 -9.8236, -61.102999999999994 -9.8235, -61.10289999999999 -9.8235, -61.10289999999999 -9.8234, -61.10269999999999 -9.8234, -61.10269999999999 -9.8236, -61.10249999999999 -9.8236, -61.10249999999999 -9.8238, -61.10199999999999 -9.8238, -61.10199999999999 -9.8244, -61.10209999999999 -9.8244, -61.10209999999999 -9.8242, -61.102199999999996 -9.8242), (-61.10289999999999 -9.8236, -61.102799999999995 -9.8236, -61.102799999999995 -9.8235, -61.10289999999999 -9.8235, -61.10289999999999 -9.8236), (-61.10289999999999 -9.824, -61.10309999999999 -9.824, -61.10309999999999 -9.8241, -61.10289999999999 -9.8241, -61.10289999999999 -9.824), (-61.102999999999994 -9.8238, -61.102999999999994 -9.8239, -61.10289999999999 -9.8239, -61.10289999999999 -9.8238, -61.102999999999994 -9.8238), (-61.102799999999995 -9.8238, -61.102799999999995 -9.8237, -61.10289999999999 -9.8237, -61.10289999999999 -9.8238, -61.102799999999995 -9.8238), (-61.102599999999995 -9.8238, -61.102599999999995 -9.8237, -61.10269999999999 -9.8237, -61.10269999999999 -9.8238, -61.102599999999995 -9.8238))"
2024,CORTE SELETIVO,C51L34,"POLYGON ((-61.10759999999999 -9.8238, -61.107899999999994 -9.8238, -61.107899999999994 -9.8237, -61.10799999999999 -9.8237, -61.10799999999999 -9.8235, -61.10759999999999 -9.8235, -61.10759999999999 -9.8238))"
2024,CORTE SELETIVO,C51L34,"POLYGON ((-61.098099999999995 -9.815, -61.097899999999996 -9.815, -61.097899999999996 -9.8149, -61.097699999999996 -9.8149, -61.097699999999996 -9.815, -61.09759999999999 -9.815, -61.09759999999999 -9.8152, -61.097899999999996 -9.8152, -61.097899999999996 -9.8151, -61.098099999999995 -9.8151, -61.098099999999995 -9.815))"
2024,CORTE SELETIVO,C51L34,"POLYGON ((-61.098299999999995 -9.8149, -61.098099999999995 -9.8149, -61.098099999999995 -9.815, -61.098299999999995 -9.815, -61.098299999999995 -9.8149))"
2024,CORTE SELETIVO,C51L34,"POLYGON ((-61.11769999999999 -9.8139, -61.11789999999999 -9.8139, -61.11789999999999 -9.8135, -61.11769999999999 -9.8135, -61.11769999999999 -9.8136, -61.11749999999999 -9.8136, -61.11749999999999 -9.8138, -61.117599999999996 -9.8138, -61.117599999999996 -9.8137, -61.11769999999999 -9.8137, -61.11769999999999 -9.8139))"
2024,CORTE SELETIVO,C51L34,"POLYGON ((-61.101499999999994 -9.8113, -61.10179999999999 -9.8113, -61.10179999999999 -9.8115, -61.10189999999999 -9.8115, -61.10189999999999 -9.8109, -61.10179999999999 -9.8109, -61.10179999999999 -9.8111, -61.10159999999999 -9.8111, -61.10159999999999 -9.811, -61.10119999999999 -9.811, -61.10119999999999 -9.8111, -61.101499999999994 -9.8111, -61.101499999999994 -9.8113))"
2024,CORTE SELETIVO,C51L34,"POLYGON ((-61.10199999999999 -9.8108, -61.10189999999999 -9.8108, -61.10189999999999 -9.8109, -61.10199999999999 -9.8109, -61.10199999999999 -9.8108))"
2024,CORTE SELETIVO,C51L34,"POLYGON ((-61.10099999999999 -9.811, -61.101099999999995 -9.811, -61.101099999999995 -9.8108, -61.10119999999999 -9.8108, -61.10119999999999 -9.8107, -61.101299999999995 -9.8107, -61.101299999999995 -9.8105, -61.101099999999995 -9.8105, -61.101099999999995 -9.8107, -61.10099999999999 -9.8107, -61.10099999999999 -9.8108, -61.100899999999996 -9.8108, -61.100899999999996 -9.8109, -61.10099999999999 -9.8109, -61.10099999999999 -9.811))"
2024,CORTE SELETIVO,C51L34,"POLYGON ((-61.125699999999995 -9.8105, -61.12559999999999 -9.8105, -61.12559999999999 -9.8106, -61.125699999999995 -9.8106, -61.125699999999995 -9.8105))"
2024,CORTE SELETIVO,C51L34,"POLYGON ((-61.12559999999999 -9.8104, -61.12539999999999 -9.8104, -61.12539999999999 -9.8102, -61.12519999999999 -9.8102, -61.12519999999999 -9.8103, -61.125099999999996 -9.8103, -61.125099999999996 -9.8104, -61.12519999999999 -9.8104, -61.12519999999999 -9.8105, -61.12559999999999 -9.8105, -61.12559999999999 -9.8104))"
2024,CORTE SELETIVO,C51L34,"POLYGON ((-61.12559999999999 -9.8103, -61.12559999999999 -9.8104, -61.12579999999999 -9.8104, -61.12579999999999 -9.8103, -61.12559999999999 -9.8103))"
2024,CORTE SELETIVO,C51L34,"POLYGON ((-61.12489999999999 -9.8102, -61.12489999999999 -9.8103, -61.125099999999996 -9.8103, -61.125099999999996 -9.8102, -61.12489999999999 -9.8102))"
2024,CORTE SELETIVO,C51L34,"POLYGON ((-61.10829999999999 -9.8101, -61.107899999999994 -9.8101, -61.107899999999994 -9.8102, -61.10829999999999 -9.8102, -61.10829999999999 -9.8101))"
2024,CORTE SELETIVO,C51L34,"POLYGON ((-61.10779999999999 -9.8101, -61.107699999999994 -9.8101, -61.107699999999994 -9.8102, -61.10779999999999 -9.8102, -61.10779999999999 -9.8101))"
2024,CORTE SELETIVO,C51L34,"POLYGON ((-61.10819999999999 -9.8099, -61.10809999999999 -9.8099, -61.10809999999999 -9.81, -61.10819999999999 -9.81, -61.10819999999999 -9.8099))"
2024,CORTE SELETIVO,C51L34,"POLYGON ((-61.09889999999999 -9.8053, -61.09879999999999 -9.8053, -61.09879999999999 -9.8054, -61.09889999999999 -9.8054, -61.09889999999999 -9.8053))"
2024,CORTE SELETIVO,C51L34,"POLYGON ((-61.09739999999999 -9.8051, -61.09739999999999 -9.8052, -61.097699999999996 -9.8052, -61.097699999999996 -9.8053, -61.097899999999996 -9.8053, -61.097899999999996 -9.8054, -61.09779999999999 -9.8054, -61.09779999999999 -9.8055, -61.097899999999996 -9.8055, -61.097899999999996 -9.8056, -61.09799999999999 -9.8056, -61.09799999999999 -9.8055, -61.098099999999995 -9.8055, -61.098099999999995 -9.8054, -61.098299999999995 -9.8054, -61.098299999999995 -9.8055, -61.09839999999999 -9.8055, -61.09839999999999 -9.8057, -61.098499999999994 -9.8057, -61.098499999999994 -9.8055, -61.09859999999999 -9.8055, -61.09859999999999 -9.8052, -61.098699999999994 -9.8052, -61.098699999999994 -9.8053, -61.09879999999999 -9.8053, -61.09879999999999 -9.8052, -61.09889999999999 -9.8052, -61.09889999999999 -9.8053, -61.099199999999996 -9.8053, -61.099199999999996 -9.805, -61.09929999999999 -9.805, -61.09929999999999 -9.8052, -61.099399999999996 -9.8052, -61.099399999999996 -9.8048, -61.09949999999999 -9.8048, -61.09949999999999 -9.8047, -61.099599999999995 -9.8047, -61.099599999999995 -9.8046, -61.09949999999999 -9.8046, -61.09949999999999 -9.8045, -61.099399999999996 -9.8045, -61.099399999999996 -9.8047, -61.09929999999999 -9.8047, -61.09929999999999 -9.8048, -61.09909999999999 -9.8048, -61.09909999999999 -9.805, -61.09889999999999 -9.805, -61.09889999999999 -9.8048, -61.09859999999999 -9.8048, -61.09859999999999 -9.805, -61.098499999999994 -9.805, -61.098499999999994 -9.8048, -61.09819999999999 -9.8048, -61.09819999999999 -9.8049, -61.098099999999995 -9.8049, -61.098099999999995 -9.8046, -61.09799999999999 -9.8046, -61.09799999999999 -9.8045, -61.097899999999996 -9.8045, -61.097899999999996 -9.8046, -61.09779999999999 -9.8046, -61.09779999999999 -9.8044, -61.09739999999999 -9.8044, -61.09739999999999 -9.8048, -61.09749999999999 -9.8048, -61.09749999999999 -9.8049, -61.09729999999999 -9.8049, -61.09729999999999 -9.805, -61.09749999999999 -9.805, -61.09749999999999 -9.8051, -61.09739999999999 -9.8051), (-61.098499999999994 -9.8053, -61.09799999999999 -9.8053, -61.09799999999999 -9.8052, -61.098499999999994 -9.8052, -61.098499999999994 -9.8053))"
2024,CORTE SELETIVO,C51L34,"POLYGON ((-61.099599999999995 -9.8049, -61.09949999999999 -9.8049, -61.09949999999999 -9.805, -61.099599999999995 -9.805, -61.099599999999995 -9.8049))"
2024,CORTE SELETIVO,C51L34,"POLYGON ((-61.099999999999994 -9.8049, -61.09989999999999 -9.8049, -61.09989999999999 -9.8047, -61.099799999999995 -9.8047, -61.099799999999995 -9.8046, -61.09969999999999 -9.8046, -61.09969999999999 -9.8047, -61.099599999999995 -9.8047, -61.099599999999995 -9.8048, -61.099799999999995 -9.8048, -61.099799999999995 -9.805, -61.099999999999994 -9.805, -61.099999999999994 -9.8049))"
2024,CORTE SELETIVO,C51L34,"POLYGON ((-61.097899999999996 -9.8043, -61.09779999999999 -9.8043, -61.09779999999999 -9.8044, -61.097899999999996 -9.8044, -61.097899999999996 -9.8043))"
2024,CORTE SELETIVO,C51L34,"POLYGON ((-61.122299999999996 -9.7987, -61.12239999999999 -9.7987, -61.12239999999999 -9.7986, -61.12259999999999 -9.7986, -61.12259999999999 -9.7984, -61.122699999999995 -9.7984, -61.122699999999995 -9.7982, -61.12239999999999 -9.7982, -61.12239999999999 -9.7983, -61.122299999999996 -9.7983, -61.122299999999996 -9.7984, -61.12219999999999 -9.7984, -61.12219999999999 -9.7986, -61.122299999999996 -9.7986, -61.122299999999996 -9.7987))"
2024,CORTE SELETIVO,C51L34,"POLYGON ((-61.122099999999996 -9.7979, -61.12199999999999 -9.7979, -61.12199999999999 -9.7981, -61.122099999999996 -9.7981, -61.122099999999996 -9.7982, -61.12219999999999 -9.7982, -61.12219999999999 -9.798, -61.122099999999996 -9.798, -61.122099999999996 -9.7979))"
2024,CORTE SELETIVO,C51L34,"POLYGON ((-61.121399999999994 -9.798, -61.12129999999999 -9.798, -61.12129999999999 -9.7981, -61.12179999999999 -9.7981, -61.12179999999999 -9.7979, -61.121399999999994 -9.7979, -61.121399999999994 -9.798))"
2024,CORTE SELETIVO,C51L34,"POLYGON ((-61.12199999999999 -9.7978, -61.12179999999999 -9.7978, -61.12179999999999 -9.7979, -61.12199999999999 -9.7979, -61.12199999999999 -9.7978))"
2024,CORTE SELETIVO,C51L34,"POLYGON ((-61.122299999999996 -9.7977, -61.12199999999999 -9.7977, -61.12199999999999 -9.7978, -61.122099999999996 -9.7978, -61.122099999999996 -9.7979, -61.12239999999999 -9.7979, -61.12239999999999 -9.7978, -61.122299999999996 -9.7978, -61.122299999999996 -9.7977))"
2024,CORTE SELETIVO,C51L34,"POLYGON ((-61.04899999999999 -9.9947, -61.048899999999996 -9.9947, -61.048899999999996 -9.9948, -61.04899999999999 -9.9948, -61.04899999999999 -9.9947))"
2024,CORTE SELETIVO,C51L34,"POLYGON ((-61.05309999999999 -9.9757, -61.05299999999999 -9.9757, -61.05299999999999 -9.9758, -61.05309999999999 -9.9758, -61.05309999999999 -9.9757))"
2024,CORTE SELETIVO,C51L34,"POLYGON ((-61.08639999999999 -9.9124, -61.08639999999999 -9.9125, -61.08659999999999 -9.9125, -61.08659999999999 -9.9124, -61.08639999999999 -9.9124))"
2024,CORTE SELETIVO,C51L34,"POLYGON ((-61.09329999999999 -9.9114, -61.09329999999999 -9.9115, -61.093399999999995 -9.9115, -61.093399999999995 -9.9114, -61.09329999999999 -9.9114))"
2024,CORTE SELETIVO,C51L34,"POLYGON ((-61.083999999999996 -9.9096, -61.08389999999999 -9.9096, -61.08389999999999 -9.9098, -61.083999999999996 -9.9098, -61.083999999999996 -9.9096))"
2024,CORTE SELETIVO,C51L34,"POLYGON ((-61.075199999999995 -9.909, -61.07509999999999 -9.909, -61.07509999999999 -9.9091, -61.075199999999995 -9.9091, -61.075199999999995 -9.909))"
2024,CORTE SELETIVO,C51L34,"POLYGON ((-61.07489999999999 -9.9083, -61.074799999999996 -9.9083, -61.074799999999996 -9.9084, -61.07489999999999 -9.9084, -61.07489999999999 -9.9083))"
2024,CORTE SELETIVO,C51L34,"POLYGON ((-61.07589999999999 -9.8422, -61.07599999999999 -9.8422, -61.07599999999999 -9.8421, -61.07569999999999 -9.8421, -61.07569999999999 -9.8424, -61.07549999999999 -9.8424, -61.07549999999999 -9.8425, -61.07599999999999 -9.8425, -61.07599999999999 -9.8424, -61.07589999999999 -9.8424, -61.07589999999999 -9.8422))"
2024,CORTE SELETIVO,C51L34,"POLYGON ((-61.096999999999994 -9.815, -61.09689999999999 -9.815, -61.09689999999999 -9.8151, -61.096999999999994 -9.8151, -61.096999999999994 -9.815))"
2024,CORTE SELETIVO,C51L34,"POLYGON ((-61.09689999999999 -9.8149, -61.096799999999995 -9.8149, -61.096799999999995 -9.815, -61.09689999999999 -9.815, -61.09689999999999 -9.8149))"
2024,CORTE SELETIVO,C51L34,"POLYGON ((-61.08969999999999 -9.815, -61.08959999999999 -9.815, -61.08959999999999 -9.8151, -61.089999999999996 -9.8151, -61.089999999999996 -9.8148, -61.08969999999999 -9.8148, -61.08969999999999 -9.815))"
2024,CORTE SELETIVO,C51L34,"POLYGON ((-61.09689999999999 -9.8147, -61.09689999999999 -9.8149, -61.096999999999994 -9.8149, -61.096999999999994 -9.815, -61.097199999999994 -9.815, -61.097199999999994 -9.8149, -61.09729999999999 -9.8149, -61.09729999999999 -9.8147, -61.09689999999999 -9.8147))"
2024,CORTE SELETIVO,C51L34,"POLYGON ((-61.09349999999999 -9.8149, -61.09349999999999 -9.8147, -61.093599999999995 -9.8147, -61.093599999999995 -9.8144, -61.09349999999999 -9.8144, -61.09349999999999 -9.8145, -61.093399999999995 -9.8145, -61.093399999999995 -9.8147, -61.09329999999999 -9.8147, -61.09329999999999 -9.815, -61.093399999999995 -9.815, -61.093399999999995 -9.8149, -61.09349999999999 -9.8149))"
2024,CORTE SELETIVO,C51L34,"POLYGON ((-61.09119999999999 -9.8089, -61.09129999999999 -9.8089, -61.09129999999999 -9.8086, -61.090999999999994 -9.8086, -61.090999999999994 -9.8085, -61.090799999999994 -9.8085, -61.090799999999994 -9.8086, -61.09089999999999 -9.8086, -61.09089999999999 -9.8087, -61.090999999999994 -9.8087, -61.090999999999994 -9.8088, -61.09119999999999 -9.8088, -61.09119999999999 -9.8089))"
2024,CORTE SELETIVO,C51L34,"POLYGON ((-61.09109999999999 -9.8084, -61.090999999999994 -9.8084, -61.090999999999994 -9.8085, -61.09109999999999 -9.8085, -61.09109999999999 -9.8084))"
2024,CORTE SELETIVO,C51L34,"POLYGON ((-61.08039999999999 -9.8083, -61.080299999999994 -9.8083, -61.080299999999994 -9.8084, -61.08039999999999 -9.8084, -61.08039999999999 -9.8083))"
2024,CORTE SELETIVO,C51L34,"POLYGON ((-61.08019999999999 -9.8082, -61.08039999999999 -9.8082, -61.08039999999999 -9.8081, -61.07999999999999 -9.8081, -61.07999999999999 -9.8084, -61.080099999999995 -9.8084, -61.080099999999995 -9.8085, -61.080299999999994 -9.8085, -61.080299999999994 -9.8084, -61.08019999999999 -9.8084, -61.08019999999999 -9.8082))"
2024,CORTE SELETIVO,C51L34,"POLYGON ((-61.09239999999999 -9.8056, -61.092299999999994 -9.8056, -61.092299999999994 -9.8057, -61.09239999999999 -9.8057, -61.09239999999999 -9.8056))"
2024,CORTE SELETIVO,C51L34,"POLYGON ((-61.09259999999999 -9.8054, -61.092699999999994 -9.8054, -61.092699999999994 -9.8053, -61.09259999999999 -9.8053, -61.09259999999999 -9.8051, -61.092299999999994 -9.8051, -61.092299999999994 -9.8053, -61.09239999999999 -9.8053, -61.09239999999999 -9.8056, -61.092499999999994 -9.8056, -61.092499999999994 -9.8055, -61.09259999999999 -9.8055, -61.09259999999999 -9.8054))"
2024,CORTE SELETIVO,C51L34,"POLYGON ((-61.09709999999999 -9.8042, -61.09739999999999 -9.8042, -61.09739999999999 -9.804, -61.097199999999994 -9.804, -61.097199999999994 -9.8039, -61.09709999999999 -9.8039, -61.09709999999999 -9.8042))"
2024,CORTE SELETIVO,C51L34,"POLYGON ((-61.09709999999999 -9.8044, -61.09709999999999 -9.8042, -61.096999999999994 -9.8042, -61.096999999999994 -9.8037, -61.096799999999995 -9.8037, -61.096799999999995 -9.8041, -61.09669999999999 -9.8041, -61.09669999999999 -9.8042, -61.096799999999995 -9.8042, -61.096799999999995 -9.8043, -61.096599999999995 -9.8043, -61.096599999999995 -9.8044, -61.09709999999999 -9.8044))"
2024,CORTE SELETIVO,C51L34,"POLYGON ((-61.07509999999999 -9.8038, -61.07509999999999 -9.8039, -61.075199999999995 -9.8039, -61.075199999999995 -9.8038, -61.07509999999999 -9.8038))"
2024,CORTE SELETIVO,C51L34,"POLYGON ((-61.095099999999995 -9.803, -61.09519999999999 -9.803, -61.09519999999999 -9.8029, -61.095299999999995 -9.8029, -61.095299999999995 -9.803, -61.095499999999994 -9.803, -61.095499999999994 -9.8028, -61.095699999999994 -9.8028, -61.095699999999994 -9.8027, -61.09539999999999 -9.8027, -61.09539999999999 -9.8028, -61.09499999999999 -9.8028, -61.09499999999999 -9.8029, -61.094899999999996 -9.8029, -61.094899999999996 -9.8031, -61.095099999999995 -9.8031, -61.095099999999995 -9.803))"
2024,CORTE SELETIVO,C51L34,"POLYGON ((-61.09069999999999 -9.8019, -61.090599999999995 -9.8019, -61.090599999999995 -9.8021, -61.09069999999999 -9.8021, -61.09069999999999 -9.8019))"
2024,CORTE SELETIVO,C51L34,"POLYGON ((-61.090399999999995 -9.8019, -61.090599999999995 -9.8019, -61.090599999999995 -9.8018, -61.09049999999999 -9.8018, -61.09049999999999 -9.8017, -61.09069999999999 -9.8017, -61.09069999999999 -9.8018, -61.09089999999999 -9.8018, -61.09089999999999 -9.802, -61.090799999999994 -9.802, -61.090799999999994 -9.8021, -61.09089999999999 -9.8021, -61.09089999999999 -9.8023, -61.090999999999994 -9.8023, -61.090999999999994 -9.802, -61.09139999999999 -9.802, -61.09139999999999 -9.8019, -61.090999999999994 -9.8019, -61.090999999999994 -9.8017, -61.09089999999999 -9.8017, -61.09089999999999 -9.8016, -61.090799999999994 -9.8016, -61.090799999999994 -9.8015, -61.090399999999995 -9.8015, -61.090399999999995 -9.8016, -61.09029999999999 -9.8016, -61.09029999999999 -9.8014, -61.090199999999996 -9.8014, -61.090199999999996 -9.8016, -61.09009999999999 -9.8016, -61.09009999999999 -9.8017, -61.09029999999999 -9.8017, -61.09029999999999 -9.8018, -61.090399999999995 -9.8018, -61.090399999999995 -9.8019))"
2024,CORTE SELETIVO,C51L34,"POLYGON ((-61.092499999999994 -9.8013, -61.09259999999999 -9.8013, -61.09259999999999 -9.8016, -61.092499999999994 -9.8016, -61.092499999999994 -9.8017, -61.09259999999999 -9.8017, -61.09259999999999 -9.8018, -61.092499999999994 -9.8018, -61.092499999999994 -9.8019, -61.09279999999999 -9.8019, -61.09279999999999 -9.8018, -61.092699999999994 -9.8018, -61.092699999999994 -9.8017, -61.09279999999999 -9.8017, -61.09279999999999 -9.8011, -61.09259999999999 -9.8011, -61.09259999999999 -9.8012, -61.092299999999994 -9.8012, -61.092299999999994 -9.8013, -61.09239999999999 -9.8013, -61.09239999999999 -9.8014, -61.092499999999994 -9.8014, -61.092499999999994 -9.8013))"
2024,CORTE SELETIVO,C51L34,"POLYGON ((-61.09219999999999 -9.8014, -61.092099999999995 -9.8014, -61.092099999999995 -9.8015, -61.09219999999999 -9.8015, -61.09219999999999 -9.8014))"
2024,CORTE SELETIVO,C51L34,"POLYGON ((-61.09179999999999 -9.8011, -61.09179999999999 -9.8015, -61.091499999999996 -9.8015, -61.091499999999996 -9.8018, -61.09139999999999 -9.8018, -61.09139999999999 -9.8019, -61.091499999999996 -9.8019, -61.091499999999996 -9.802, -61.091899999999995 -9.802, -61.091899999999995 -9.8017, -61.09199999999999 -9.8017, -61.09199999999999 -9.8018, -61.092099999999995 -9.8018, -61.092099999999995 -9.8017, -61.09219999999999 -9.8017, -61.09219999999999 -9.8016, -61.092099999999995 -9.8016, -61.092099999999995 -9.8015, -61.091899999999995 -9.8015, -61.091899999999995 -9.801, -61.09179999999999 -9.801, -61.09179999999999 -9.8009, -61.09159999999999 -9.8009, -61.09159999999999 -9.801, -61.091499999999996 -9.801, -61.091499999999996 -9.8011, -61.09159999999999 -9.8011, -61.09159999999999 -9.8012, -61.091699999999996 -9.8012, -61.091699999999996 -9.8011, -61.09179999999999 -9.8011), (-61.09159999999999 -9.8017, -61.091699999999996 -9.8017, -61.091699999999996 -9.8016, -61.09179999999999 -9.8016, -61.09179999999999 -9.8018, -61.09159999999999 -9.8018, -61.09159999999999 -9.8017))"
2024,CORTE SELETIVO,C51L34,"POLYGON ((-61.090999999999994 -9.8015, -61.09129999999999 -9.8015, -61.09129999999999 -9.8012, -61.09119999999999 -9.8012, -61.09119999999999 -9.8011, -61.090999999999994 -9.8011, -61.090999999999994 -9.8013, -61.090799999999994 -9.8013, -61.090799999999994 -9.8015, -61.09089999999999 -9.8015, -61.09089999999999 -9.8016, -61.090999999999994 -9.8016, -61.090999999999994 -9.8015))"
2024,CORTE SELETIVO,C51L34,"POLYGON ((-61.092099999999995 -9.8012, -61.09199999999999 -9.8012, -61.09199999999999 -9.8014, -61.092099999999995 -9.8014, -61.092099999999995 -9.8012))"
2024,CORTE SELETIVO,C51L34,"POLYGON ((-61.091499999999996 -9.8009, -61.09129999999999 -9.8009, -61.09129999999999 -9.8012, -61.091499999999996 -9.8012, -61.091499999999996 -9.8011, -61.09139999999999 -9.8011, -61.09139999999999 -9.801, -61.091499999999996 -9.801, -61.091499999999996 -9.8009))"
2024,CORTE SELETIVO,C51L34,"POLYGON ((-61.09159999999999 -9.8006, -61.091499999999996 -9.8006, -61.091499999999996 -9.8005, -61.09129999999999 -9.8005, -61.09129999999999 -9.8007, -61.09139999999999 -9.8007, -61.09139999999999 -9.8008, -61.091499999999996 -9.8008, -61.091499999999996 -9.8009, -61.09159999999999 -9.8009, -61.09159999999999 -9.8006))"
2024,CORTE SELETIVO,C51L34,"POLYGON ((-61.090999999999994 -9.7991, -61.090999999999994 -9.799, -61.090799999999994 -9.799, -61.090799999999994 -9.7993, -61.09089999999999 -9.7993, -61.09089999999999 -9.7992, -61.09129999999999 -9.7992, -61.09129999999999 -9.7995, -61.09119999999999 -9.7995, -61.09119999999999 -9.7998, -61.09129999999999 -9.7998, -61.09129999999999 -9.7999, -61.09139999999999 -9.7999, -61.09139999999999 -9.8, -61.091699999999996 -9.8, -61.091699999999996 -9.8001, -61.09159999999999 -9.8001, -61.09159999999999 -9.8004, -61.091699999999996 -9.8004, -61.091699999999996 -9.8006, -61.091899999999995 -9.8006, -61.091899999999995 -9.8007, -61.092099999999995 -9.8007, -61.092099999999995 -9.8002, -61.09239999999999 -9.8002, -61.09239999999999 -9.8001, -61.092499999999994 -9.8001, -61.092499999999994 -9.8002, -61.09279999999999 -9.8002, -61.09279999999999 -9.8, -61.092699999999994 -9.8, -61.092699999999994 -9.7999, -61.09239999999999 -9.7999, -61.09239999999999 -9.7997, -61.092499999999994 -9.7997, -61.092499999999994 -9.7992, -61.09259999999999 -9.7992, -61.09259999999999 -9.7993, -61.092699999999994 -9.7993, -61.092699999999994 -9.7992, -61.09279999999999 -9.7992, -61.09279999999999 -9.7991, -61.092999999999996 -9.7991, -61.092999999999996 -9.799, -61.09219999999999 -9.799, -61.09219999999999 -9.7991, -61.092099999999995 -9.7991, -61.092099999999995 -9.7992, -61.09199999999999 -9.7992, -61.09199999999999 -9.7995, -61.09179999999999 -9.7995, -61.09179999999999 -9.7992, -61.091699999999996 -9.7992, -61.091699999999996 -9.7991, -61.091899999999995 -9.7991, -61.091899999999995 -9.799, -61.09159999999999 -9.799, -61.09159999999999 -9.7991, -61.091499999999996 -9.7991, -61.091499999999996 -9.799, -61.09129999999999 -9.799, -61.09129999999999 -9.7987, -61.091499999999996 -9.7987, -61.091499999999996 -9.7985, -61.09129999999999 -9.7985, -61.09129999999999 -9.7986, -61.09119999999999 -9.7986, -61.09119999999999 -9.7988, -61.09109999999999 -9.7988, -61.09109999999999 -9.7989, -61.09119999999999 -9.7989, -61.09119999999999 -9.7991, -61.090999999999994 -9.7991), (-61.09219999999999 -9.7992, -61.09219999999999 -9.7993, -61.092099999999995 -9.7993, -61.092099999999995 -9.7992, -61.09219999999999 -9.7992))"
2024,CORTE SELETIVO,C51L34,"POLYGON ((-61.09159999999999 -9.7984, -61.091499999999996 -9.7984, -61.091499999999996 -9.7985, -61.09159999999999 -9.7985, -61.09159999999999 -9.7984))"
2024,CORTE SELETIVO,C51L34,"POLYGON ((-61.09029999999999 -9.7986, -61.09049999999999 -9.7986, -61.09049999999999 -9.7985, -61.09029999999999 -9.7985, -61.09029999999999 -9.7983, -61.090399999999995 -9.7983, -61.090399999999995 -9.7981, -61.09009999999999 -9.7981, -61.09009999999999 -9.7984, -61.090199999999996 -9.7984, -61.090199999999996 -9.7985, -61.09009999999999 -9.7985, -61.09009999999999 -9.7987, -61.09029999999999 -9.7987, -61.09029999999999 -9.7986))"
2024,CORTE SELETIVO,C51L34,"POLYGON ((-61.09069999999999 -9.7983, -61.090599999999995 -9.7983, -61.090599999999995 -9.7985, -61.09069999999999 -9.7985, -61.09069999999999 -9.7983))"
2024,CORTE SELETIVO,C51L34,"POLYGON ((-61.090599999999995 -9.7982, -61.09049999999999 -9.7982, -61.09049999999999 -9.7983, -61.090599999999995 -9.7983, -61.090599999999995 -9.7982))"
2024,CORTE SELETIVO,C51L34,"POLYGON ((-61.09069999999999 -9.7979, -61.09069999999999 -9.7983, -61.09089999999999 -9.7983, -61.09089999999999 -9.7986, -61.090999999999994 -9.7986, -61.090999999999994 -9.7984, -61.09119999999999 -9.7984, -61.09119999999999 -9.798, -61.09139999999999 -9.798, -61.09139999999999 -9.7979, -61.09129999999999 -9.7979, -61.09129999999999 -9.7977, -61.09119999999999 -9.7977, -61.09119999999999 -9.7978, -61.09109999999999 -9.7978, -61.09109999999999 -9.7977, -61.090999999999994 -9.7977, -61.090999999999994 -9.7978, -61.09089999999999 -9.7978, -61.09089999999999 -9.7979, -61.09069999999999 -9.7979))"
2024,CORTE SELETIVO,C51L34,"POLYGON ((-61.09029999999999 -9.7978, -61.09029999999999 -9.798, -61.090399999999995 -9.798, -61.090399999999995 -9.7981, -61.09049999999999 -9.7981, -61.09049999999999 -9.798, -61.090599999999995 -9.798, -61.090599999999995 -9.7978, -61.09029999999999 -9.7978))"
2024,CORTE SELETIVO,C51L34,"POLYGON ((-61.09009999999999 -9.798, -61.090199999999996 -9.798, -61.090199999999996 -9.7978, -61.09029999999999 -9.7978, -61.09029999999999 -9.7976, -61.090199999999996 -9.7976, -61.090199999999996 -9.7975, -61.09029999999999 -9.7975, -61.09029999999999 -9.7973, -61.090199999999996 -9.7973, -61.090199999999996 -9.7972, -61.089999999999996 -9.7972, -61.089999999999996 -9.7973, -61.09009999999999 -9.7973, -61.09009999999999 -9.7978, -61.089999999999996 -9.7978, -61.089999999999996 -9.7979, -61.09009999999999 -9.7979, -61.09009999999999 -9.798))"
2024,CORTE SELETIVO,C51L34,"POLYGON ((-61.090399999999995 -9.7972, -61.09029999999999 -9.7972, -61.09029999999999 -9.7973, -61.090399999999995 -9.7973, -61.090399999999995 -9.7972))"
2024,CORTE SELETIVO,C51L34,"POLYGON ((-61.092099999999995 -9.7903, -61.09219999999999 -9.7903, -61.09219999999999 -9.7902, -61.092099999999995 -9.7902, -61.092099999999995 -9.79, -61.09219999999999 -9.79, -61.09219999999999 -9.7899, -61.092099999999995 -9.7899, -61.092099999999995 -9.7898, -61.09199999999999 -9.7898, -61.09199999999999 -9.7901, -61.091899999999995 -9.7901, -61.091899999999995 -9.7899, -61.09179999999999 -9.7899, -61.09179999999999 -9.7905, -61.092099999999995 -9.7905, -61.092099999999995 -9.7903))"
2024,CORTE SELETIVO,C51L34,"POLYGON ((-61.09539999999999 -9.7761, -61.095299999999995 -9.7761, -61.095299999999995 -9.7762, -61.09589999999999 -9.7762, -61.09589999999999 -9.776, -61.09539999999999 -9.776, -61.09539999999999 -9.7761))"
2024,CORTE SELETIVO,C51L34,"POLYGON ((-61.095099999999995 -9.771, -61.09499999999999 -9.771, -61.09499999999999 -9.7711, -61.095099999999995 -9.7711, -61.095099999999995 -9.771))"
2024,CORTE SELETIVO,C51L34,"POLYGON ((-61.09479999999999 -9.7709, -61.094899999999996 -9.7709, -61.094899999999996 -9.771, -61.09499999999999 -9.771, -61.09499999999999 -9.7709, -61.095099999999995 -9.7709, -61.095099999999995 -9.7708, -61.09519999999999 -9.7708, -61.09519999999999 -9.771, -61.095299999999995 -9.771, -61.095299999999995 -9.7708, -61.09539999999999 -9.7708, -61.09539999999999 -9.7706, -61.095299999999995 -9.7706, -61.095299999999995 -9.7705, -61.09519999999999 -9.7705, -61.09519999999999 -9.7704, -61.095099999999995 -9.7704, -61.095099999999995 -9.7705, -61.09499999999999 -9.7705, -61.09499999999999 -9.7706, -61.094899999999996 -9.7706, -61.094899999999996 -9.7708, -61.09479999999999 -9.7708, -61.09479999999999 -9.7709))"
2024,CORTE SELETIVO,C51L34,"POLYGON ((-61.075199999999995 -9.7501, -61.07509999999999 -9.7501, -61.07509999999999 -9.7502, -61.07529999999999 -9.7502, -61.07529999999999 -9.75, -61.075199999999995 -9.75, -61.075199999999995 -9.7501))"
2024,CORTE SELETIVO,C51L34,"POLYGON ((-61.04899999999999 -9.9971, -61.04879999999999 -9.9971, -61.04879999999999 -9.9972, -61.04899999999999 -9.9972, -61.04899999999999 -9.9971))"
2024,CORTE SELETIVO,C51L34,"POLYGON ((-61.013999999999996 -9.9945, -61.01389999999999 -9.9945, -61.01389999999999 -9.9946, -61.013999999999996 -9.9946, -61.013999999999996 -9.9945))"
2024,CORTE SELETIVO,C51L34,"POLYGON ((-61.037299999999995 -9.9888, -61.03719999999999 -9.9888, -61.03719999999999 -9.9889, -61.037299999999995 -9.9889, -61.037299999999995 -9.9888))"
2024,CORTE SELETIVO,C51L34,"POLYGON ((-61.03529999999999 -9.9876, -61.035199999999996 -9.9876, -61.035199999999996 -9.9877, -61.03529999999999 -9.9877, -61.03529999999999 -9.9876))"
2024,CORTE SELETIVO,C51L34,"POLYGON ((-61.014199999999995 -9.985, -61.01409999999999 -9.985, -61.01409999999999 -9.9851, -61.014199999999995 -9.9851, -61.014199999999995 -9.985))"
2024,CORTE SELETIVO,C51L34,"POLYGON ((-61.04059999999999 -9.9849, -61.040499999999994 -9.9849, -61.040499999999994 -9.985, -61.04059999999999 -9.985, -61.04059999999999 -9.9849))"
2024,CORTE SELETIVO,C51L34,"POLYGON ((-61.015299999999996 -9.9839, -61.01519999999999 -9.9839, -61.01519999999999 -9.984, -61.015299999999996 -9.984, -61.015299999999996 -9.9839))"
2024,CORTE SELETIVO,C51L34,"POLYGON ((-61.01489999999999 -9.9837, -61.01499999999999 -9.9837, -61.01499999999999 -9.9838, -61.015299999999996 -9.9838, -61.015299999999996 -9.9839, -61.01539999999999 -9.9839, -61.01539999999999 -9.9837, -61.01519999999999 -9.9837, -61.01519999999999 -9.9836, -61.015299999999996 -9.9836, -61.015299999999996 -9.9835, -61.01509999999999 -9.9835, -61.01509999999999 -9.9833, -61.01499999999999 -9.9833, -61.01499999999999 -9.9835, -61.01489999999999 -9.9835, -61.01489999999999 -9.9833, -61.014799999999994 -9.9833, -61.014799999999994 -9.9836, -61.01489999999999 -9.9836, -61.01489999999999 -9.9837))"
2024,CORTE SELETIVO,C51L34,"POLYGON ((-61.018499999999996 -9.9828, -61.018499999999996 -9.9829, -61.01839999999999 -9.9829, -61.01839999999999 -9.9826, -61.01859999999999 -9.9826, -61.01859999999999 -9.9823, -61.018699999999995 -9.9823, -61.018699999999995 -9.9822, -61.01859999999999 -9.9822, -61.01859999999999 -9.9821, -61.018299999999996 -9.9821, -61.018299999999996 -9.9822, -61.01819999999999 -9.9822, -61.01819999999999 -9.9824, -61.018299999999996 -9.9824, -61.018299999999996 -9.983, -61.01859999999999 -9.983, -61.01859999999999 -9.9828, -61.018499999999996 -9.9828))"
2024,CORTE SELETIVO,C51L34,"POLYGON ((-61.003299999999996 -9.9804, -61.003299999999996 -9.9805, -61.00339999999999 -9.9805, -61.00339999999999 -9.9804, -61.003299999999996 -9.9804))"
2024,CORTE SELETIVO,C51L34,"POLYGON ((-61.01989999999999 -9.9385, -61.01979999999999 -9.9385, -61.01979999999999 -9.9387, -61.01989999999999 -9.9387, -61.01989999999999 -9.9385))"
2024,CORTE SELETIVO,C51L34,"POLYGON ((-61.01259999999999 -9.9265, -61.01239999999999 -9.9265, -61.01239999999999 -9.9269, -61.01259999999999 -9.9269, -61.01259999999999 -9.9268, -61.012699999999995 -9.9268, -61.012699999999995 -9.9267, -61.01259999999999 -9.9267, -61.01259999999999 -9.9265))"
2024,CORTE SELETIVO,C51L34,"POLYGON ((-61.012699999999995 -9.9228, -61.01259999999999 -9.9228, -61.01259999999999 -9.9229, -61.012699999999995 -9.9229, -61.012699999999995 -9.9228))"
2024,CORTE SELETIVO,C51L34,"POLYGON ((-61.01279999999999 -9.9227, -61.012699999999995 -9.9227, -61.012699999999995 -9.9228, -61.01279999999999 -9.9228, -61.01279999999999 -9.9227))"
2024,CORTE SELETIVO,C51L34,"POLYGON ((-61.01259999999999 -9.9226, -61.012499999999996 -9.9226, -61.012499999999996 -9.9227, -61.01259999999999 -9.9227, -61.01259999999999 -9.9226))"
2024,CORTE SELETIVO,C51L34,"POLYGON ((-61.040299999999995 -9.921, -61.03999999999999 -9.921, -61.03999999999999 -9.9211, -61.040299999999995 -9.9211, -61.040299999999995 -9.921))"
2024,CORTE SELETIVO,C51L34,"POLYGON ((-61.036199999999994 -9.8724, -61.03609999999999 -9.8724, -61.03609999999999 -9.8725, -61.03589999999999 -9.8725, -61.03589999999999 -9.8726, -61.03629999999999 -9.8726, -61.03629999999999 -9.8725, -61.036199999999994 -9.8725, -61.036199999999994 -9.8724))"
2024,CORTE SELETIVO,C51L34,"POLYGON ((-61.01449999999999 -9.862, -61.014399999999995 -9.862, -61.014399999999995 -9.8621, -61.01449999999999 -9.8621, -61.01449999999999 -9.862))"
2024,CORTE SELETIVO,C51L34,"POLYGON ((-61.02629999999999 -9.8463, -61.02649999999999 -9.8463, -61.02649999999999 -9.8464, -61.026599999999995 -9.8464, -61.026599999999995 -9.8461, -61.026199999999996 -9.8461, -61.026199999999996 -9.8462, -61.02609999999999 -9.8462, -61.02609999999999 -9.8464, -61.026199999999996 -9.8464, -61.026199999999996 -9.8465, -61.02629999999999 -9.8465, -61.02629999999999 -9.8463))"
2024,CORTE SELETIVO,C51L34,"POLYGON ((-61.02589999999999 -9.8457, -61.02579999999999 -9.8457, -61.02579999999999 -9.8458, -61.02589999999999 -9.8458, -61.02589999999999 -9.8457))"
2024,CORTE SELETIVO,C51L34,"POLYGON ((-61.02609999999999 -9.8453, -61.025999999999996 -9.8453, -61.025999999999996 -9.8454, -61.026199999999996 -9.8454, -61.026199999999996 -9.8452, -61.02609999999999 -9.8452, -61.02609999999999 -9.8453))"
2024,CORTE SELETIVO,C51L34,"POLYGON ((-61.025999999999996 -9.8452, -61.02609999999999 -9.8452, -61.02609999999999 -9.8451, -61.026199999999996 -9.8451, -61.026199999999996 -9.8449, -61.025999999999996 -9.8449, -61.025999999999996 -9.8452))"
2024,CORTE SELETIVO,C51L34,"POLYGON ((-61.02439999999999 -9.842, -61.02419999999999 -9.842, -61.02419999999999 -9.8421, -61.02439999999999 -9.8421, -61.02439999999999 -9.842))"
2024,CORTE SELETIVO,C51L34,"POLYGON ((-61.02179999999999 -9.8368, -61.021699999999996 -9.8368, -61.021699999999996 -9.8367, -61.02129999999999 -9.8367, -61.02129999999999 -9.8369, -61.02119999999999 -9.8369, -61.02119999999999 -9.8371, -61.021699999999996 -9.8371, -61.021699999999996 -9.8369, -61.02179999999999 -9.8369, -61.02179999999999 -9.8368))"
2024,CORTE SELETIVO,C51L34,"POLYGON ((-61.01389999999999 -9.7997, -61.013799999999996 -9.7997, -61.013799999999996 -9.7998, -61.01389999999999 -9.7998, -61.01389999999999 -9.7997))"
2024,CORTE SELETIVO,C51L34,"POLYGON ((-61.013999999999996 -9.7997, -61.013999999999996 -9.7995, -61.01409999999999 -9.7995, -61.01409999999999 -9.7994, -61.01389999999999 -9.7994, -61.01389999999999 -9.7997, -61.013999999999996 -9.7997))"
2024,CORTE SELETIVO,C51L34,"POLYGON ((-61.009499999999996 -9.7978, -61.00939999999999 -9.7978, -61.00939999999999 -9.7976, -61.00919999999999 -9.7976, -61.00919999999999 -9.7977, -61.00909999999999 -9.7977, -61.00909999999999 -9.7978, -61.00919999999999 -9.7978, -61.00919999999999 -9.7981, -61.00939999999999 -9.7981, -61.00939999999999 -9.798, -61.009499999999996 -9.798, -61.009499999999996 -9.7978), (-61.009299999999996 -9.798, -61.009299999999996 -9.7979, -61.00939999999999 -9.7979, -61.00939999999999 -9.798, -61.009299999999996 -9.798))"
2024,CORTE SELETIVO,C51L34,"POLYGON ((-61.00909999999999 -9.7976, -61.00899999999999 -9.7976, -61.00899999999999 -9.7977, -61.00909999999999 -9.7977, -61.00909999999999 -9.7976))"
2024,CORTE SELETIVO,C51L34,"POLYGON ((-61.00619999999999 -9.7962, -61.00609999999999 -9.7962, -61.00609999999999 -9.7964, -61.00619999999999 -9.7964, -61.00619999999999 -9.7962))"
2024,CORTE SELETIVO,C51L34,"POLYGON ((-61.00569999999999 -9.7961, -61.005799999999994 -9.7961, -61.005799999999994 -9.796, -61.005599999999994 -9.796, -61.005599999999994 -9.7961, -61.005399999999995 -9.7961, -61.005399999999995 -9.7963, -61.00549999999999 -9.7963, -61.00549999999999 -9.7962, -61.00569999999999 -9.7962, -61.00569999999999 -9.7961))"
2024,CORTE SELETIVO,C51L34,"POLYGON ((-61.006299999999996 -9.7961, -61.00619999999999 -9.7961, -61.00619999999999 -9.7962, -61.006299999999996 -9.7962, -61.006299999999996 -9.7961))"
2024,CORTE SELETIVO,C51L34,"POLYGON ((-61.00469999999999 -9.7961, -61.004599999999996 -9.7961, -61.004599999999996 -9.7962, -61.00469999999999 -9.7962, -61.00469999999999 -9.7961))"
2024,CORTE SELETIVO,C51L34,"POLYGON ((-61.013299999999994 -9.7931, -61.01319999999999 -9.7931, -61.01319999999999 -9.7932, -61.013299999999994 -9.7932, -61.013299999999994 -9.7931))"
2024,CORTE SELETIVO,C51L34,"POLYGON ((-61.01819999999999 -9.7928, -61.018299999999996 -9.7928, -61.018299999999996 -9.7926, -61.017999999999994 -9.7926, -61.017999999999994 -9.7928, -61.017799999999994 -9.7928, -61.017799999999994 -9.7929, -61.017999999999994 -9.7929, -61.017999999999994 -9.7931, -61.01819999999999 -9.7931, -61.01819999999999 -9.7928))"
2024,CORTE SELETIVO,C51L34,"POLYGON ((-61.020399999999995 -9.7915, -61.020399999999995 -9.7918, -61.02049999999999 -9.7918, -61.02049999999999 -9.7919, -61.020599999999995 -9.7919, -61.020599999999995 -9.7917, -61.02069999999999 -9.7917, -61.02069999999999 -9.7915, -61.020399999999995 -9.7915))"
2024,CORTE SELETIVO,C51L34,"POLYGON ((-61.018699999999995 -9.7915, -61.018699999999995 -9.7917, -61.018899999999995 -9.7917, -61.018899999999995 -9.7913, -61.01859999999999 -9.7913, -61.01859999999999 -9.7915, -61.018699999999995 -9.7915))"
2024,CORTE SELETIVO,C51L34,"POLYGON ((-61.01619999999999 -9.7911, -61.016099999999994 -9.7911, -61.016099999999994 -9.7912, -61.01599999999999 -9.7912, -61.01599999999999 -9.7914, -61.016099999999994 -9.7914, -61.016099999999994 -9.7915, -61.01639999999999 -9.7915, -61.01639999999999 -9.7916, -61.01649999999999 -9.7916, -61.01649999999999 -9.7915, -61.01669999999999 -9.7915, -61.01669999999999 -9.7914, -61.01659999999999 -9.7914, -61.01659999999999 -9.7911, -61.01649999999999 -9.7911, -61.01649999999999 -9.7912, -61.01639999999999 -9.7912, -61.01639999999999 -9.7913, -61.016299999999994 -9.7913, -61.016299999999994 -9.7912, -61.01619999999999 -9.7912, -61.01619999999999 -9.7911))"
2024,CORTE SELETIVO,C51L34,"POLYGON ((-61.00169999999999 -9.7903, -61.00149999999999 -9.7903, -61.00149999999999 -9.7904, -61.001599999999996 -9.7904, -61.001599999999996 -9.7905, -61.001799999999996 -9.7905, -61.001799999999996 -9.7904, -61.00169999999999 -9.7904, -61.00169999999999 -9.7903))"
2024,CORTE SELETIVO,C51L34,"POLYGON ((-61.02369999999999 -9.7852, -61.023199999999996 -9.7852, -61.023199999999996 -9.7853, -61.02329999999999 -9.7853, -61.02329999999999 -9.7854, -61.023599999999995 -9.7854, -61.023599999999995 -9.7853, -61.02369999999999 -9.7853, -61.02369999999999 -9.7852))"
2024,CORTE SELETIVO,C51L34,"POLYGON ((-61.015899999999995 -9.7815, -61.01599999999999 -9.7815, -61.01599999999999 -9.7814, -61.01619999999999 -9.7814, -61.01619999999999 -9.7812, -61.016099999999994 -9.7812, -61.016099999999994 -9.7813, -61.01599999999999 -9.7813, -61.01599999999999 -9.7812, -61.01579999999999 -9.7812, -61.01579999999999 -9.7814, -61.015899999999995 -9.7814, -61.015899999999995 -9.7815))"
2024,CORTE SELETIVO,C51L34,"POLYGON ((-61.015899999999995 -9.781, -61.01579999999999 -9.781, -61.01579999999999 -9.7811, -61.015899999999995 -9.7811, -61.015899999999995 -9.781))"
2024,CORTE SELETIVO,C51L34,"POLYGON ((-61.01049999999999 -9.7797, -61.01039999999999 -9.7797, -61.01039999999999 -9.7798, -61.01049999999999 -9.7798, -61.01049999999999 -9.7797))"
2024,CORTE SELETIVO,C51L34,"POLYGON ((-61.012299999999996 -9.7791, -61.01219999999999 -9.7791, -61.01219999999999 -9.7792, -61.012299999999996 -9.7792, -61.012299999999996 -9.7791))"
2024,CORTE SELETIVO,C51L34,"POLYGON ((-61.015299999999996 -9.7689, -61.015299999999996 -9.769, -61.01539999999999 -9.769, -61.01539999999999 -9.7687, -61.01519999999999 -9.7687, -61.01519999999999 -9.7688, -61.01509999999999 -9.7688, -61.01509999999999 -9.7687, -61.01489999999999 -9.7687, -61.01489999999999 -9.769, -61.01509999999999 -9.769, -61.01509999999999 -9.7689, -61.015299999999996 -9.7689))"
2024,CORTE SELETIVO,C51L34,"POLYGON ((-61.01339999999999 -9.7671, -61.01339999999999 -9.7672, -61.01349999999999 -9.7672, -61.01349999999999 -9.7671, -61.01339999999999 -9.7671))"
2024,CORTE SELETIVO,C51L34,"POLYGON ((-61.068299999999994 -9.9095, -61.06819999999999 -9.9095, -61.06819999999999 -9.9096, -61.068299999999994 -9.9096, -61.068299999999994 -9.9095))"
2024,CORTE SELETIVO,C51L34,"POLYGON ((-61.016799999999996 -9.9445, -61.016799999999996 -9.9446, -61.01689999999999 -9.9446, -61.01689999999999 -9.9445, -61.016799999999996 -9.9445))"
2024,CORTE SELETIVO,C51L34,"POLYGON ((-61.21339999999999 -9.8016, -61.21339999999999 -9.8017, -61.213499999999996 -9.8017, -61.213499999999996 -9.8016, -61.21339999999999 -9.8016))"
2024,CORTE SELETIVO,C51L34,"POLYGON ((-61.22939999999999 -9.9012, -61.22939999999999 -9.9013, -61.229499999999994 -9.9013, -61.229499999999994 -9.9012, -61.22939999999999 -9.9012))"
2024,CORTE SELETIVO,C51L34,"POLYGON ((-61.249399999999994 -9.8951, -61.249399999999994 -9.895199999999999, -61.24949999999999 -9.895199999999999, -61.24949999999999 -9.8951, -61.249399999999994 -9.8951))"
2024,CORTE SELETIVO,C51L34,"POLYGON ((-61.19219999999999 -9.8173, -61.19219999999999 -9.8176, -61.192299999999996 -9.8176, -61.192299999999996 -9.8173, -61.19219999999999 -9.8173))"
2024,CORTE SELETIVO,C51L34,"POLYGON ((-61.192499999999995 -9.8174, -61.192499999999995 -9.8175, -61.19259999999999 -9.8175, -61.19259999999999 -9.8174, -61.192499999999995 -9.8174))"
2024,CORTE SELETIVO,C51L34,"POLYGON ((-61.192299999999996 -9.8172, -61.192299999999996 -9.8173, -61.19239999999999 -9.8173, -61.19239999999999 -9.8172, -61.192299999999996 -9.8172))"
2024,CORTE SELETIVO,C51L34,"POLYGON ((-61.205299999999994 -9.8129, -61.205299999999994 -9.813, -61.205499999999994 -9.813, -61.205499999999994 -9.8129, -61.205299999999994 -9.8129))"
2024,CORTE SELETIVO,C51L34,"POLYGON ((-61.212799999999994 -9.809, -61.212799999999994 -9.8091, -61.21289999999999 -9.8091, -61.21289999999999 -9.809, -61.212799999999994 -9.809))"
2024,CORTE SELETIVO,C51L34,"POLYGON ((-61.21509999999999 -9.8082, -61.21509999999999 -9.8083, -61.215199999999996 -9.8083, -61.215199999999996 -9.8082, -61.21509999999999 -9.8082))"
2024,CORTE SELETIVO,C51L34,"POLYGON ((-61.210899999999995 -9.8078, -61.210899999999995 -9.808, -61.211099999999995 -9.808, -61.211099999999995 -9.8076, -61.21099999999999 -9.8076, -61.21099999999999 -9.8077, -61.21079999999999 -9.8077, -61.21079999999999 -9.8078, -61.210899999999995 -9.8078))"
2024,CORTE SELETIVO,C51L34,"POLYGON ((-61.211099999999995 -9.8075, -61.211099999999995 -9.8074, -61.21119999999999 -9.8074, -61.21119999999999 -9.8073, -61.21099999999999 -9.8073, -61.21099999999999 -9.8074, -61.210899999999995 -9.8074, -61.210899999999995 -9.8075, -61.211099999999995 -9.8075))"
2024,CORTE SELETIVO,C51L34,"POLYGON ((-61.210699999999996 -9.8062, -61.210699999999996 -9.8063, -61.21079999999999 -9.8063, -61.21079999999999 -9.8062, -61.210699999999996 -9.8062))"
2024,CORTE SELETIVO,C51L34,"POLYGON ((-61.21059999999999 -9.8061, -61.21059999999999 -9.8062, -61.210699999999996 -9.8062, -61.210699999999996 -9.8061, -61.21059999999999 -9.8061))"
2024,CORTE SELETIVO,C51L34,"POLYGON ((-61.211999999999996 -9.8052, -61.211999999999996 -9.8053, -61.212199999999996 -9.8053, -61.212199999999996 -9.8052, -61.211999999999996 -9.8052))"
2024,CORTE SELETIVO,C51L34,"POLYGON ((-61.21469999999999 -9.8048, -61.21469999999999 -9.8049, -61.21479999999999 -9.8049, -61.21479999999999 -9.8048, -61.21469999999999 -9.8048))"
2024,CORTE SELETIVO,C51L34,"POLYGON ((-61.190799999999996 -9.7966, -61.190799999999996 -9.7968, -61.19089999999999 -9.7968, -61.19089999999999 -9.7966, -61.190799999999996 -9.7966))"
2024,CORTE SELETIVO,C51L34,"POLYGON ((-61.22299999999999 -9.7925, -61.222899999999996 -9.7925, -61.222899999999996 -9.7926, -61.22279999999999 -9.7926, -61.22279999999999 -9.7927, -61.22299999999999 -9.7927, -61.22299999999999 -9.7925))"
2024,CORTE SELETIVO,C51L34,"POLYGON ((-61.22099999999999 -9.7767, -61.22079999999999 -9.7767, -61.22079999999999 -9.777, -61.22109999999999 -9.777, -61.22109999999999 -9.7768, -61.22099999999999 -9.7768, -61.22099999999999 -9.7767))"
2024,CORTE SELETIVO,C51L34,"POLYGON ((-61.009699999999995 -9.9818, -61.009699999999995 -9.9819, -61.00979999999999 -9.9819, -61.00979999999999 -9.9818, -61.009699999999995 -9.9818))"
2024,CORTE SELETIVO,C51L34,"POLYGON ((-61.017799999999994 -9.9526, -61.017799999999994 -9.9528, -61.01789999999999 -9.9528, -61.01789999999999 -9.9526, -61.017799999999994 -9.9526))"
2024,CORTE SELETIVO,C51L34,"POLYGON ((-61.04409999999999 -9.9297, -61.04409999999999 -9.9298, -61.04419999999999 -9.9298, -61.04419999999999 -9.9297, -61.04409999999999 -9.9297))"
2024,CORTE SELETIVO,C51L34,"POLYGON ((-61.10819999999999 -9.9106, -61.10819999999999 -9.9107, -61.10829999999999 -9.9107, -61.10829999999999 -9.9106, -61.10819999999999 -9.9106))"
2024,CORTE SELETIVO,C51L34,"POLYGON ((-61.05639999999999 -9.9086, -61.05639999999999 -9.9087, -61.05649999999999 -9.9087, -61.05649999999999 -9.9086, -61.05639999999999 -9.9086))"
2024,CORTE SELETIVO,C51L34,"POLYGON ((-61.07589999999999 -9.905, -61.07589999999999 -9.905100000000001, -61.07599999999999 -9.905100000000001, -61.07599999999999 -9.905, -61.07589999999999 -9.905))"
2024,CORTE SELETIVO,C51L34,"POLYGON ((-61.04639999999999 -9.8606, -61.04639999999999 -9.8607, -61.046499999999995 -9.8607, -61.046499999999995 -9.8606, -61.04639999999999 -9.8606))"
2024,CORTE SELETIVO,C51L34,"POLYGON ((-61.01769999999999 -9.848700000000001, -61.01769999999999 -9.8488, -61.01789999999999 -9.8488, -61.01789999999999 -9.848700000000001, -61.01769999999999 -9.848700000000001))"
2024,CORTE SELETIVO,C51L34,"POLYGON ((-61.111799999999995 -9.8222, -61.111799999999995 -9.8223, -61.11189999999999 -9.8223, -61.11189999999999 -9.8222, -61.111799999999995 -9.8222))"
2024,CORTE SELETIVO,C51L34,"POLYGON ((-61.11209999999999 -9.8221, -61.11209999999999 -9.8222, -61.112199999999994 -9.8222, -61.112199999999994 -9.8221, -61.11209999999999 -9.8221))"
2024,CORTE SELETIVO,C51L34,"POLYGON ((-61.04559999999999 -9.811, -61.04559999999999 -9.8111, -61.04579999999999 -9.8111, -61.04579999999999 -9.811, -61.04559999999999 -9.811))"
2024,CORTE SELETIVO,C51L34,"POLYGON ((-61.12299999999999 -9.7977, -61.12299999999999 -9.7975, -61.122899999999994 -9.7975, -61.122899999999994 -9.7976, -61.12279999999999 -9.7976, -61.12279999999999 -9.7977, -61.12299999999999 -9.7977))"
2024,CORTE SELETIVO,C51L34,"POLYGON ((-61.07299999999999 -9.7831, -61.07299999999999 -9.783, -61.07269999999999 -9.783, -61.07269999999999 -9.7832, -61.072799999999994 -9.7832, -61.072799999999994 -9.7831, -61.07299999999999 -9.7831))"
2024,CORTE SELETIVO,C51L34,"POLYGON ((-61.00569999999999 -9.777, -61.00569999999999 -9.7772, -61.00619999999999 -9.7772, -61.00619999999999 -9.7771, -61.00609999999999 -9.7771, -61.00609999999999 -9.777, -61.00589999999999 -9.777, -61.00589999999999 -9.7771, -61.005799999999994 -9.7771, -61.005799999999994 -9.777, -61.00569999999999 -9.777))"
2024,CORTE SELETIVO,C51L34,"POLYGON ((-61.00849999999999 -9.7763, -61.00849999999999 -9.7761, -61.008399999999995 -9.7761, -61.008399999999995 -9.7762, -61.00829999999999 -9.7762, -61.00829999999999 -9.7763, -61.00849999999999 -9.7763))"
2024,CORTE SELETIVO,C51L34,"POLYGON ((-61.13069999999999 -9.7697, -61.130799999999994 -9.7697, -61.130799999999994 -9.7696, -61.13069999999999 -9.7696, -61.13069999999999 -9.7697))"
2024,CORTE SELETIVO,C51L34,"POLYGON ((-61.08529999999999 -9.7672, -61.08509999999999 -9.7672, -61.08509999999999 -9.7673, -61.08519999999999 -9.7673, -61.08519999999999 -9.7674, -61.08529999999999 -9.7674, -61.08529999999999 -9.7675, -61.08539999999999 -9.7675, -61.08539999999999 -9.7676, -61.08559999999999 -9.7676, -61.08559999999999 -9.7675, -61.085499999999996 -9.7675, -61.085499999999996 -9.7674, -61.08539999999999 -9.7674, -61.08539999999999 -9.7672, -61.085499999999996 -9.7672, -61.085499999999996 -9.7671, -61.08559999999999 -9.7671, -61.08559999999999 -9.7669, -61.085499999999996 -9.7669, -61.085499999999996 -9.767, -61.08539999999999 -9.767, -61.08539999999999 -9.7669, -61.08529999999999 -9.7669, -61.08529999999999 -9.7672))"
2024,CORTE SELETIVO,C51L34,"POLYGON ((-61.23799999999999 -9.9698, -61.238299999999995 -9.9698, -61.238299999999995 -9.9702, -61.238699999999994 -9.9702, -61.238699999999994 -9.9703, -61.23879999999999 -9.9703, -61.23879999999999 -9.9698, -61.238899999999994 -9.9698, -61.238899999999994 -9.9697, -61.238299999999995 -9.9697, -61.238299999999995 -9.9695, -61.23839999999999 -9.9695, -61.23839999999999 -9.9694, -61.23819999999999 -9.9694, -61.23819999999999 -9.9693, -61.23799999999999 -9.9693, -61.23799999999999 -9.9694, -61.237899999999996 -9.9694, -61.237899999999996 -9.9697, -61.23799999999999 -9.9697, -61.23799999999999 -9.9698), (-61.238499999999995 -9.9701, -61.23839999999999 -9.9701, -61.23839999999999 -9.97, -61.238499999999995 -9.97, -61.238499999999995 -9.9701), (-61.238699999999994 -9.9699, -61.23859999999999 -9.9699, -61.23859999999999 -9.9698, -61.238699999999994 -9.9698, -61.238699999999994 -9.9699))"
2024,CORTE SELETIVO,C51L34,"POLYGON ((-61.238899999999994 -9.9696, -61.238899999999994 -9.9697, -61.23899999999999 -9.9697, -61.23899999999999 -9.9696, -61.238899999999994 -9.9696))"
2024,CORTE SELETIVO,C51L34,"POLYGON ((-61.23919999999999 -9.9694, -61.23919999999999 -9.9695, -61.23929999999999 -9.9695, -61.23929999999999 -9.9694, -61.23919999999999 -9.9694))"
2024,CORTE SELETIVO,C51L34,"POLYGON ((-61.23909999999999 -9.9692, -61.23909999999999 -9.9693, -61.23919999999999 -9.9693, -61.23919999999999 -9.9692, -61.23909999999999 -9.9692))"
2024,CORTE SELETIVO,C51L34,"POLYGON ((-61.237399999999994 -9.9695, -61.23749999999999 -9.9695, -61.23749999999999 -9.9694, -61.23759999999999 -9.9694, -61.23759999999999 -9.9693, -61.237899999999996 -9.9693, -61.237899999999996 -9.9692, -61.23769999999999 -9.9692, -61.23769999999999 -9.969, -61.237399999999994 -9.969, -61.237399999999994 -9.9693, -61.23729999999999 -9.9693, -61.23729999999999 -9.9694, -61.237399999999994 -9.9694, -61.237399999999994 -9.9695), (-61.23749999999999 -9.9692, -61.23749999999999 -9.9691, -61.23759999999999 -9.9691, -61.23759999999999 -9.9692, -61.23749999999999 -9.9692))"
2024,CORTE SELETIVO,C51L34,"POLYGON ((-61.23929999999999 -9.9692, -61.23929999999999 -9.9694, -61.239399999999996 -9.9694, -61.239399999999996 -9.9693, -61.23949999999999 -9.9693, -61.23949999999999 -9.9694, -61.239599999999996 -9.9694, -61.239599999999996 -9.9693, -61.239799999999995 -9.9693, -61.239799999999995 -9.9692, -61.239599999999996 -9.9692, -61.239599999999996 -9.969, -61.23909999999999 -9.969, -61.23909999999999 -9.9691, -61.23949999999999 -9.9691, -61.23949999999999 -9.9692, -61.23929999999999 -9.9692))"
2024,CORTE SELETIVO,C51L34,"POLYGON ((-61.23819999999999 -9.9691, -61.23819999999999 -9.9693, -61.238299999999995 -9.9693, -61.238299999999995 -9.9691, -61.23819999999999 -9.9691))"
2024,CORTE SELETIVO,C51L34,"POLYGON ((-61.240199999999994 -9.9681, -61.240399999999994 -9.9681, -61.240399999999994 -9.9679, -61.23989999999999 -9.9679, -61.23989999999999 -9.9681, -61.24009999999999 -9.9681, -61.24009999999999 -9.968, -61.240199999999994 -9.968, -61.240199999999994 -9.9681))"
2024,CORTE SELETIVO,C51L34,"POLYGON ((-61.24309999999999 -9.9526, -61.243199999999995 -9.9526, -61.243199999999995 -9.9525, -61.24309999999999 -9.9525, -61.24309999999999 -9.9526))"
2024,CORTE SELETIVO,C51L34,"POLYGON ((-61.219199999999994 -9.8926, -61.219199999999994 -9.8927, -61.21929999999999 -9.8927, -61.21929999999999 -9.8926, -61.219199999999994 -9.8926))"
2024,CORTE SELETIVO,C51L34,"POLYGON ((-61.21459999999999 -9.8407, -61.21459999999999 -9.8408, -61.21469999999999 -9.8408, -61.21469999999999 -9.8407, -61.21459999999999 -9.8407))"
2024,CORTE SELETIVO,C51L34,"POLYGON ((-61.21489999999999 -9.81, -61.21489999999999 -9.8101, -61.214999999999996 -9.8101, -61.214999999999996 -9.81, -61.21489999999999 -9.81))"
2024,CORTE SELETIVO,C51L34,"POLYGON ((-61.214999999999996 -9.8093, -61.214999999999996 -9.8094, -61.21509999999999 -9.8094, -61.21509999999999 -9.8093, -61.214999999999996 -9.8093))"
2024,CORTE SELETIVO,C51L34,"POLYGON ((-61.21509999999999 -9.809, -61.21509999999999 -9.8091, -61.215199999999996 -9.8091, -61.215199999999996 -9.809, -61.21509999999999 -9.809))"
2024,CORTE SELETIVO,C51L34,"POLYGON ((-61.214999999999996 -9.8052, -61.214999999999996 -9.8053, -61.21509999999999 -9.8053, -61.21509999999999 -9.8052, -61.214999999999996 -9.8052))"
2024,CORTE SELETIVO,C51L34,"POLYGON ((-61.21509999999999 -9.805, -61.21509999999999 -9.8051, -61.215199999999996 -9.8051, -61.215199999999996 -9.805, -61.21509999999999 -9.805))"
2024,CORTE SELETIVO,C51L34,"POLYGON ((-61.214299999999994 -9.8036, -61.214499999999994 -9.8036, -61.214499999999994 -9.8035, -61.214299999999994 -9.8035, -61.214299999999994 -9.8036))"
2024,CORTE SELETIVO,C51L34,"POLYGON ((-61.21439999999999 -9.8029, -61.214499999999994 -9.8029, -61.214499999999994 -9.8028, -61.21439999999999 -9.8028, -61.21439999999999 -9.8029))"
2024,CORTE SELETIVO,C51L34,"POLYGON ((-61.214999999999996 -9.8029, -61.214999999999996 -9.8027, -61.21479999999999 -9.8027, -61.21479999999999 -9.8028, -61.21489999999999 -9.8028, -61.21489999999999 -9.8029, -61.214999999999996 -9.8029))"
2024,CORTE SELETIVO,C51L34,"POLYGON ((-61.01519999999999 -9.9836, -61.01519999999999 -9.9837, -61.015299999999996 -9.9837, -61.015299999999996 -9.9836, -61.01519999999999 -9.9836))"
2024,CORTE SELETIVO,C51L34,"POLYGON ((-61.01839999999999 -9.9827, -61.01839999999999 -9.9828, -61.018499999999996 -9.9828, -61.018499999999996 -9.9827, -61.01839999999999 -9.9827))"
2024,CORTE SELETIVO,C51L34,"POLYGON ((-61.21009999999999 -9.898, -61.21009999999999 -9.8981, -61.21019999999999 -9.8981, -61.21019999999999 -9.898, -61.21009999999999 -9.898))"
2024,CORTE SELETIVO,C51L34,"POLYGON ((-61.02609999999999 -9.8451, -61.02609999999999 -9.8452, -61.026199999999996 -9.8452, -61.026199999999996 -9.8451, -61.02609999999999 -9.8451))"
2024,CORTE SELETIVO,C51L34,"POLYGON ((-61.02419999999999 -9.8417, -61.02419999999999 -9.842, -61.02439999999999 -9.842, -61.02439999999999 -9.8417, -61.02419999999999 -9.8417))"
2024,CORTE SELETIVO,C51L34,"POLYGON ((-61.21399999999999 -9.8102, -61.21399999999999 -9.8103, -61.21419999999999 -9.8103, -61.21419999999999 -9.8102, -61.21399999999999 -9.8102))"
2024,CORTE SELETIVO,C51L34,"POLYGON ((-61.212999999999994 -9.8102, -61.21309999999999 -9.8102, -61.21309999999999 -9.8101, -61.212999999999994 -9.8101, -61.212999999999994 -9.8102))"
2024,CORTE SELETIVO,C51L34,"POLYGON ((-61.21289999999999 -9.81, -61.212999999999994 -9.81, -61.212999999999994 -9.8099, -61.21289999999999 -9.8099, -61.21289999999999 -9.81))"
2024,CORTE SELETIVO,C51L34,"POLYGON ((-61.210899999999995 -9.8067, -61.210899999999995 -9.8065, -61.21079999999999 -9.8065, -61.21079999999999 -9.8066, -61.210699999999996 -9.8066, -61.210699999999996 -9.8067, -61.210899999999995 -9.8067))"
2024,CORTE SELETIVO,C51L34,"POLYGON ((-61.210899999999995 -9.8062, -61.210899999999995 -9.8065, -61.21099999999999 -9.8065, -61.21099999999999 -9.8062, -61.210899999999995 -9.8062))"
2024,CORTE SELETIVO,C51L34,"POLYGON ((-61.19499999999999 -9.8053, -61.19499999999999 -9.8054, -61.19509999999999 -9.8054, -61.19509999999999 -9.8053, -61.19499999999999 -9.8053))"
2024,CORTE SELETIVO,C51L34,"POLYGON ((-61.210699999999996 -9.8051, -61.21079999999999 -9.8051, -61.21079999999999 -9.805, -61.210699999999996 -9.805, -61.210699999999996 -9.8051))"
2024,CORTE SELETIVO,C51L34,"POLYGON ((-61.206999999999994 -9.8033, -61.20709999999999 -9.8033, -61.20709999999999 -9.8032, -61.206999999999994 -9.8032, -61.206999999999994 -9.8033))"
2024,CORTE SELETIVO,C51L34,"POLYGON ((-61.21359999999999 -9.8028, -61.21359999999999 -9.8029, -61.213699999999996 -9.8029, -61.213699999999996 -9.8028, -61.21359999999999 -9.8028))"
2024,CORTE SELETIVO,C51L34,"POLYGON ((-61.21419999999999 -9.8027, -61.21419999999999 -9.8028, -61.21439999999999 -9.8028, -61.21439999999999 -9.8027, -61.21419999999999 -9.8027))"
2024,CORTE SELETIVO,C51L34,"POLYGON ((-61.01619999999999 -9.7911, -61.01619999999999 -9.7912, -61.016299999999994 -9.7912, -61.016299999999994 -9.7911, -61.01619999999999 -9.7911))"
2024,CORTE SELETIVO,C51L34,"POLYGON ((-61.001599999999996 -9.7903, -61.00169999999999 -9.7903, -61.00169999999999 -9.7901, -61.001599999999996 -9.7901, -61.001599999999996 -9.7903))"
2024,CORTE SELETIVO,C51L34,"POLYGON ((-61.01499999999999 -9.769, -61.01489999999999 -9.769, -61.01489999999999 -9.7687, -61.01469999999999 -9.7687, -61.01469999999999 -9.7689, -61.014599999999994 -9.7689, -61.014599999999994 -9.7691, -61.01499999999999 -9.7691, -61.01499999999999 -9.769))"
2024,CORTE SELETIVO,C51L34,"POLYGON ((-61.029999999999994 -9.9487, -61.03009999999999 -9.9487, -61.03009999999999 -9.9486, -61.029999999999994 -9.9486, -61.029999999999994 -9.9487))"
2024,CORTE SELETIVO,C51L34,"POLYGON ((-61.05639999999999 -9.9125, -61.05649999999999 -9.9125, -61.05649999999999 -9.9124, -61.05639999999999 -9.9124, -61.05639999999999 -9.9125))"
2024,CORTE SELETIVO,C51L34,"POLYGON ((-61.17929999999999 -9.9104, -61.179399999999994 -9.9104, -61.179399999999994 -9.9103, -61.17929999999999 -9.9103, -61.17929999999999 -9.9104))"
2024,CORTE SELETIVO,C51L34,"POLYGON ((-61.068299999999994 -9.9096, -61.06839999999999 -9.9096, -61.06839999999999 -9.9095, -61.068299999999994 -9.9095, -61.068299999999994 -9.9096))"
2024,CORTE SELETIVO,C51L34,"POLYGON ((-61.21529999999999 -9.8047, -61.21509999999999 -9.8047, -61.21509999999999 -9.805, -61.21529999999999 -9.805, -61.21529999999999 -9.8047))"
2024,CORTE SELETIVO,C51L34,"POLYGON ((-61.21119999999999 -9.8096, -61.211099999999995 -9.8096, -61.211099999999995 -9.8097, -61.21119999999999 -9.8097, -61.21119999999999 -9.8096))"
2024,CORTE SELETIVO,C51L34,"POLYGON ((-61.179399999999994 -9.9104, -61.179199999999994 -9.9104, -61.179199999999994 -9.9105, -61.179399999999994 -9.9105, -61.179399999999994 -9.9104))"
2024,CORTE SELETIVO,C51L34,"POLYGON ((-61.09179999999999 -9.9415, -61.09179999999999 -9.9416, -61.091899999999995 -9.9416, -61.091899999999995 -9.9415, -61.09179999999999 -9.9415))"
2024,CORTE SELETIVO,C51L34,"POLYGON ((-61.11659999999999 -9.9365, -61.11659999999999 -9.9366, -61.116699999999994 -9.9366, -61.116699999999994 -9.9365, -61.11659999999999 -9.9365))"
2024,CORTE SELETIVO,C51L34,"POLYGON ((-61.11599999999999 -9.9222, -61.11599999999999 -9.9223, -61.116099999999996 -9.9223, -61.116099999999996 -9.9222, -61.11599999999999 -9.9222))"
2024,CORTE SELETIVO,C51L34,"POLYGON ((-61.09369999999999 -9.9017, -61.09369999999999 -9.9018, -61.093799999999995 -9.9018, -61.093799999999995 -9.9017, -61.09369999999999 -9.9017))"
2024,CORTE SELETIVO,C51L34,"POLYGON ((-61.093599999999995 -9.9016, -61.093599999999995 -9.9017, -61.09369999999999 -9.9017, -61.09369999999999 -9.9016, -61.093599999999995 -9.9016))"
2024,CORTE SELETIVO,C51L34,"POLYGON ((-61.160799999999995 -9.8695, -61.160799999999995 -9.8696, -61.16089999999999 -9.8696, -61.16089999999999 -9.8695, -61.160799999999995 -9.8695))"
2024,CORTE SELETIVO,C51L34,"POLYGON ((-61.205099999999995 -9.8129, -61.205099999999995 -9.813, -61.20519999999999 -9.813, -61.20519999999999 -9.8129, -61.205099999999995 -9.8129))"
2024,CORTE SELETIVO,C51L34,"POLYGON ((-61.21119999999999 -9.8081, -61.211299999999994 -9.8081, -61.211299999999994 -9.808, -61.21119999999999 -9.808, -61.21119999999999 -9.8081))"
2024,CORTE SELETIVO,C51L34,"POLYGON ((-61.21099999999999 -9.8081, -61.211099999999995 -9.8081, -61.211099999999995 -9.808, -61.21099999999999 -9.808, -61.21099999999999 -9.8081))"
2024,CORTE SELETIVO,C51L34,"POLYGON ((-61.21079999999999 -9.8078, -61.21079999999999 -9.8079, -61.210899999999995 -9.8079, -61.210899999999995 -9.8078, -61.21079999999999 -9.8078))"
2024,CORTE SELETIVO,C51L34,"POLYGON ((-61.210899999999995 -9.8073, -61.210899999999995 -9.8074, -61.21099999999999 -9.8074, -61.21099999999999 -9.8073, -61.210899999999995 -9.8073))"
2024,CORTE SELETIVO,C51L34,"POLYGON ((-61.210499999999996 -9.8065, -61.210499999999996 -9.8067, -61.21059999999999 -9.8067, -61.21059999999999 -9.8065, -61.210499999999996 -9.8065))"
2024,CORTE SELETIVO,C51L34,"POLYGON ((-61.210699999999996 -9.8066, -61.21079999999999 -9.8066, -61.21079999999999 -9.8065, -61.210699999999996 -9.8065, -61.210699999999996 -9.8066))"
2024,CORTE SELETIVO,C51L34,"POLYGON ((-61.21469999999999 -9.8065, -61.21479999999999 -9.8065, -61.21479999999999 -9.8064, -61.21469999999999 -9.8064, -61.21469999999999 -9.8065))"
2024,CORTE SELETIVO,C51L34,"POLYGON ((-61.209599999999995 -9.8062, -61.209599999999995 -9.806, -61.20949999999999 -9.806, -61.20949999999999 -9.8061, -61.209399999999995 -9.8061, -61.209399999999995 -9.8062, -61.209599999999995 -9.8062))"
2024,CORTE SELETIVO,C51L34,"POLYGON ((-61.190999999999995 -9.7999, -61.190999999999995 -9.7998, -61.19089999999999 -9.7998, -61.19089999999999 -9.7997, -61.190799999999996 -9.7997, -61.190799999999996 -9.8, -61.19089999999999 -9.8, -61.19089999999999 -9.7999, -61.190999999999995 -9.7999))"
2024,CORTE SELETIVO,C51L34,"POLYGON ((-61.135999999999996 -9.7887, -61.135999999999996 -9.7889, -61.13609999999999 -9.7889, -61.13609999999999 -9.7887, -61.135999999999996 -9.7887))"
2024,CORTE SELETIVO,C51L34,"POLYGON ((-61.130599999999994 -9.7696, -61.13069999999999 -9.7696, -61.13069999999999 -9.7695, -61.130599999999994 -9.7695, -61.130599999999994 -9.7696))"
2024,CORTE SELETIVO,C51L34,"POLYGON ((-61.13049999999999 -9.7695, -61.130599999999994 -9.7695, -61.130599999999994 -9.7694, -61.13049999999999 -9.7694, -61.13049999999999 -9.7695))"
2024,CORTE SELETIVO,C51L34,"POLYGON ((-61.00979999999999 -9.9818, -61.00979999999999 -9.9819, -61.009899999999995 -9.9819, -61.009899999999995 -9.9818, -61.00979999999999 -9.9818))"
2024,CORTE SELETIVO,C51L34,"POLYGON ((-61.017399999999995 -9.9692, -61.017399999999995 -9.9693, -61.01749999999999 -9.9693, -61.01749999999999 -9.9692, -61.017399999999995 -9.9692))"
2024,CORTE SELETIVO,C51L34,"POLYGON ((-61.000499999999995 -9.9623, -61.000499999999995 -9.9624, -61.00059999999999 -9.9624, -61.00059999999999 -9.9623, -61.000499999999995 -9.9623))"
2024,CORTE SELETIVO,C51L34,"POLYGON ((-61.029999999999994 -9.9487, -61.029999999999994 -9.9488, -61.03009999999999 -9.9488, -61.03009999999999 -9.9487, -61.029999999999994 -9.9487))"
2024,CORTE SELETIVO,C51L34,"POLYGON ((-61.016999999999996 -9.9443, -61.016999999999996 -9.9444, -61.01709999999999 -9.9444, -61.01709999999999 -9.9443, -61.016999999999996 -9.9443))"
2024,CORTE SELETIVO,C51L34,"POLYGON ((-61.06459999999999 -9.9187, -61.06459999999999 -9.9188, -61.064699999999995 -9.9188, -61.064699999999995 -9.9187, -61.06459999999999 -9.9187))"
2024,CORTE SELETIVO,C51L34,"POLYGON ((-61.064899999999994 -9.9186, -61.064899999999994 -9.9187, -61.06499999999999 -9.9187, -61.06499999999999 -9.9186, -61.064899999999994 -9.9186))"
2024,CORTE SELETIVO,C51L34,"POLYGON ((-61.09159999999999 -9.9177, -61.09139999999999 -9.9177, -61.09139999999999 -9.9179, -61.091499999999996 -9.9179, -61.091499999999996 -9.9178, -61.09159999999999 -9.9178, -61.09159999999999 -9.9177))"
2024,CORTE SELETIVO,C51L34,"POLYGON ((-61.05019999999999 -9.9172, -61.05029999999999 -9.9172, -61.05029999999999 -9.9171, -61.05019999999999 -9.9171, -61.05019999999999 -9.9172))"
2024,CORTE SELETIVO,C51L34,"POLYGON ((-61.05799999999999 -9.9143, -61.05799999999999 -9.9144, -61.058099999999996 -9.9144, -61.058099999999996 -9.9143, -61.05799999999999 -9.9143))"
2024,CORTE SELETIVO,C51L34,"POLYGON ((-61.05939999999999 -9.9102, -61.05939999999999 -9.9103, -61.05949999999999 -9.9103, -61.05949999999999 -9.9102, -61.05939999999999 -9.9102))"
2024,CORTE SELETIVO,C51L34,"POLYGON ((-61.05949999999999 -9.9101, -61.05949999999999 -9.9102, -61.05969999999999 -9.9102, -61.05969999999999 -9.9101, -61.05949999999999 -9.9101))"
2024,CORTE SELETIVO,C51L34,"POLYGON ((-61.056799999999996 -9.9086, -61.05689999999999 -9.9086, -61.05689999999999 -9.9085, -61.056799999999996 -9.9085, -61.056799999999996 -9.9086))"
2024,CORTE SELETIVO,C51L34,"POLYGON ((-61.056799999999996 -9.9084, -61.05689999999999 -9.9084, -61.05689999999999 -9.9083, -61.056799999999996 -9.9083, -61.056799999999996 -9.9084))"
2024,CORTE SELETIVO,C51L34,"POLYGON ((-61.04559999999999 -9.8702, -61.04559999999999 -9.8703, -61.04569999999999 -9.8703, -61.04569999999999 -9.8702, -61.04559999999999 -9.8702))"
2024,CORTE SELETIVO,C51L34,"POLYGON ((-61.04639999999999 -9.8607, -61.04639999999999 -9.8608, -61.046499999999995 -9.8608, -61.046499999999995 -9.8607, -61.04639999999999 -9.8607))"
2024,CORTE SELETIVO,C51L34,"POLYGON ((-61.00589999999999 -9.7769, -61.00589999999999 -9.777, -61.00599999999999 -9.777, -61.00599999999999 -9.7769, -61.00589999999999 -9.7769))"
2024,CORTE SELETIVO,C51L34,"POLYGON ((-61.008399999999995 -9.7756, -61.00849999999999 -9.7756, -61.00849999999999 -9.7755, -61.008399999999995 -9.7755, -61.008399999999995 -9.7756))"
2024,CORTE SELETIVO,C51L34,"POLYGON ((-61.08539999999999 -9.767, -61.085499999999996 -9.767, -61.085499999999996 -9.7669, -61.08539999999999 -9.7669, -61.08539999999999 -9.767))"
2024,CORTE SELETIVO,C51L34,"POLYGON ((-61.159699999999994 -9.9732, -61.159699999999994 -9.9734, -61.15979999999999 -9.9734, -61.15979999999999 -9.9732, -61.159699999999994 -9.9732))"
2024,CORTE SELETIVO,C51L34,"POLYGON ((-61.179399999999994 -9.9104, -61.179399999999994 -9.9105, -61.179199999999994 -9.9105, -61.179199999999994 -9.9106, -61.179399999999994 -9.9106, -61.179399999999994 -9.9107, -61.17959999999999 -9.9107, -61.17959999999999 -9.9105, -61.17949999999999 -9.9105, -61.17949999999999 -9.9104, -61.179399999999994 -9.9104))"
2024,CORTE SELETIVO,C51L34,"POLYGON ((-61.221199999999996 -9.8774, -61.221199999999996 -9.8773, -61.22109999999999 -9.8773, -61.22109999999999 -9.8774, -61.221199999999996 -9.8774))"
2024,CORTE SELETIVO,C51L34,"POLYGON ((-61.212799999999994 -9.8103, -61.212799999999994 -9.8102, -61.21289999999999 -9.8102, -61.21289999999999 -9.8103, -61.21309999999999 -9.8103, -61.21309999999999 -9.8102, -61.212999999999994 -9.8102, -61.212999999999994 -9.8101, -61.21269999999999 -9.8101, -61.21269999999999 -9.8103, -61.212799999999994 -9.8103))"
2024,CORTE SELETIVO,C51L34,"POLYGON ((-61.214099999999995 -9.8102, -61.214099999999995 -9.8101, -61.21399999999999 -9.8101, -61.21399999999999 -9.8102, -61.214099999999995 -9.8102))"
2024,CORTE SELETIVO,C51L34,"POLYGON ((-61.21379999999999 -9.8101, -61.213699999999996 -9.8101, -61.213699999999996 -9.8102, -61.21379999999999 -9.8102, -61.21379999999999 -9.8101))"
2024,CORTE SELETIVO,C51L34,"POLYGON ((-61.21119999999999 -9.8099, -61.211099999999995 -9.8099, -61.211099999999995 -9.81, -61.21119999999999 -9.81, -61.21119999999999 -9.8099))"
2024,CORTE SELETIVO,C51L34,"POLYGON ((-61.21099999999999 -9.8072, -61.21099999999999 -9.8071, -61.210899999999995 -9.8071, -61.210899999999995 -9.8072, -61.21099999999999 -9.8072))"
2024,CORTE SELETIVO,C51L34,"POLYGON ((-61.21099999999999 -9.8068, -61.21099999999999 -9.8067, -61.210899999999995 -9.8067, -61.210899999999995 -9.8068, -61.21099999999999 -9.8068))"
2024,CORTE SELETIVO,C51L34,"POLYGON ((-61.21079999999999 -9.8068, -61.21079999999999 -9.8067, -61.210699999999996 -9.8067, -61.210699999999996 -9.8068, -61.21079999999999 -9.8068))"
2024,CORTE SELETIVO,C51L34,"POLYGON ((-61.210499999999996 -9.8065, -61.21039999999999 -9.8065, -61.21039999999999 -9.8066, -61.210499999999996 -9.8066, -61.210499999999996 -9.8065))"
2024,CORTE SELETIVO,C51L34,"POLYGON ((-61.21059999999999 -9.8064, -61.210499999999996 -9.8064, -61.210499999999996 -9.8065, -61.21059999999999 -9.8065, -61.21059999999999 -9.8064))"
2024,CORTE SELETIVO,C51L34,"POLYGON ((-61.214299999999994 -9.9262, -61.21379999999999 -9.9262, -61.21379999999999 -9.9265, -61.21399999999999 -9.9265, -61.21399999999999 -9.9267, -61.214499999999994 -9.9267, -61.214499999999994 -9.926, -61.214299999999994 -9.926, -61.214299999999994 -9.9262))"
2024,CORTE SELETIVO,C51L34,"POLYGON ((-61.214299999999994 -9.9245, -61.21399999999999 -9.9245, -61.21399999999999 -9.926, -61.214299999999994 -9.926, -61.214299999999994 -9.9247, -61.214499999999994 -9.9247, -61.214499999999994 -9.9242, -61.214299999999994 -9.9242, -61.214299999999994 -9.9245))"
2024,CORTE SELETIVO,C51L34,"POLYGON ((-61.21379999999999 -9.9242, -61.21399999999999 -9.9242, -61.21399999999999 -9.9237, -61.21379999999999 -9.9237, -61.21379999999999 -9.9242))"
2024,CORTE SELETIVO,C51L34,"POLYGON ((-61.214299999999994 -9.9235, -61.214299999999994 -9.9232, -61.214499999999994 -9.9232, -61.214499999999994 -9.923, -61.21399999999999 -9.923, -61.21399999999999 -9.9235, -61.214299999999994 -9.9235))"
2024,CORTE SELETIVO,C51L34,"POLYGON ((-61.18729999999999 -9.8798, -61.18729999999999 -9.8797, -61.18719999999999 -9.8797, -61.18719999999999 -9.8798, -61.18729999999999 -9.8798))"
2024,CORTE SELETIVO,C51L34,"POLYGON ((-61.229499999999994 -9.9011, -61.22939999999999 -9.9011, -61.22939999999999 -9.9012, -61.229499999999994 -9.9012, -61.229499999999994 -9.9011))"
2024,CORTE SELETIVO,C51L34,"POLYGON ((-61.21119999999999 -9.8097, -61.211099999999995 -9.8097, -61.211099999999995 -9.8098, -61.21119999999999 -9.8098, -61.21119999999999 -9.8097))"
2024,CORTE SELETIVO,C51L34,"POLYGON ((-61.205799999999996 -9.9566, -61.20569999999999 -9.9566, -61.20569999999999 -9.9567, -61.205799999999996 -9.9567, -61.205799999999996 -9.9566))"
2024,CORTE SELETIVO,C51L34,"POLYGON ((-61.09199999999999 -9.9416, -61.091899999999995 -9.9416, -61.091899999999995 -9.9417, -61.09199999999999 -9.9417, -61.09199999999999 -9.9416))"
2024,CORTE SELETIVO,C51L34,"POLYGON ((-61.105599999999995 -9.9355, -61.10549999999999 -9.9355, -61.10549999999999 -9.9356, -61.105599999999995 -9.9356, -61.105599999999995 -9.9355))"
2024,CORTE SELETIVO,C51L34,"POLYGON ((-61.09559999999999 -9.9329, -61.09559999999999 -9.9332, -61.095699999999994 -9.9332, -61.095699999999994 -9.9329, -61.09559999999999 -9.9329))"
2024,CORTE SELETIVO,C51L34,"POLYGON ((-61.09539999999999 -9.9329, -61.09539999999999 -9.9332, -61.095499999999994 -9.9332, -61.095499999999994 -9.9329, -61.09539999999999 -9.9329))"
2024,CORTE SELETIVO,C51L34,"POLYGON ((-61.09559999999999 -9.9328, -61.095499999999994 -9.9328, -61.095499999999994 -9.9329, -61.09559999999999 -9.9329, -61.09559999999999 -9.9328))"
2024,CORTE SELETIVO,C51L34,"POLYGON ((-61.116299999999995 -9.9221, -61.116099999999996 -9.9221, -61.116099999999996 -9.9222, -61.116299999999995 -9.9222, -61.116299999999995 -9.9221))"
2024,CORTE SELETIVO,C51L34,"POLYGON ((-61.091499999999996 -9.9176, -61.09139999999999 -9.9176, -61.09139999999999 -9.9177, -61.091499999999996 -9.9177, -61.091499999999996 -9.9176))"
2024,CORTE SELETIVO,C51L34,"POLYGON ((-61.10079999999999 -9.915, -61.10079999999999 -9.9151, -61.100899999999996 -9.9151, -61.100899999999996 -9.915, -61.10079999999999 -9.915))"
2024,CORTE SELETIVO,C51L34,"POLYGON ((-61.12449999999999 -9.9055, -61.12449999999999 -9.9056, -61.124599999999994 -9.9056, -61.124599999999994 -9.9055, -61.12449999999999 -9.9055))"
2024,CORTE SELETIVO,C51L34,"POLYGON ((-61.21099999999999 -9.8057, -61.210899999999995 -9.8057, -61.210899999999995 -9.8058, -61.21099999999999 -9.8058, -61.21099999999999 -9.8057))"
2024,CORTE SELETIVO,C51L34,"POLYGON ((-61.00119999999999 -9.9547, -61.001099999999994 -9.9547, -61.001099999999994 -9.9549, -61.00119999999999 -9.9549, -61.00119999999999 -9.9547))"
2024,CORTE SELETIVO,C51L34,"POLYGON ((-61.01879999999999 -9.9369, -61.01899999999999 -9.9369, -61.01899999999999 -9.9367, -61.018899999999995 -9.9367, -61.018899999999995 -9.9368, -61.01879999999999 -9.9368, -61.01879999999999 -9.9369))"
2024,CORTE SELETIVO,C51L34,"POLYGON ((-61.068099999999994 -9.9181, -61.068099999999994 -9.9182, -61.06819999999999 -9.9182, -61.06819999999999 -9.9181, -61.068099999999994 -9.9181))"
2024,CORTE SELETIVO,C51L34,"POLYGON ((-61.05799999999999 -9.9144, -61.05799999999999 -9.9145, -61.058099999999996 -9.9145, -61.058099999999996 -9.9144, -61.05799999999999 -9.9144))"
2024,CORTE SELETIVO,C51L34,"POLYGON ((-61.05639999999999 -9.9081, -61.05629999999999 -9.9081, -61.05629999999999 -9.9082, -61.05639999999999 -9.9082, -61.05639999999999 -9.9081))"
2024,CORTE SELETIVO,C51L34,"POLYGON ((-61.03829999999999 -9.8122, -61.03829999999999 -9.8123, -61.038399999999996 -9.8123, -61.038399999999996 -9.8122, -61.03829999999999 -9.8122))"
2024,CORTE SELETIVO,C51L34,"POLYGON ((-61.00829999999999 -9.7763, -61.00829999999999 -9.7764, -61.00849999999999 -9.7764, -61.00849999999999 -9.7763, -61.00829999999999 -9.7763))"
2024,CORTE SELETIVO,C51L34,"POLYGON ((-61.00829999999999 -9.7761, -61.008199999999995 -9.7761, -61.008199999999995 -9.7762, -61.00829999999999 -9.7762, -61.00829999999999 -9.7761))"
2024,CORTE SELETIVO,C51L34,"POLYGON ((-61.08539999999999 -9.7673, -61.08539999999999 -9.7674, -61.085499999999996 -9.7674, -61.085499999999996 -9.7673, -61.08539999999999 -9.7673))"
2024,CORTE SELETIVO,C51L34,"POLYGON ((-61.08529999999999 -9.7668, -61.08529999999999 -9.7669, -61.08559999999999 -9.7669, -61.08559999999999 -9.7668, -61.08529999999999 -9.7668))"
2024,CORTE SELETIVO,C51L34,"POLYGON ((-61.21179999999999 -9.8104, -61.21179999999999 -9.8103, -61.21169999999999 -9.8103, -61.21169999999999 -9.8104, -61.21179999999999 -9.8104))"
2024,CORTE SELETIVO,C51L34,"POLYGON ((-61.211299999999994 -9.81, -61.21119999999999 -9.81, -61.21119999999999 -9.8101, -61.211299999999994 -9.8101, -61.211299999999994 -9.81))"
2024,CORTE SELETIVO,C51L34,"POLYGON ((-61.21119999999999 -9.8078, -61.211099999999995 -9.8078, -61.211099999999995 -9.8079, -61.21119999999999 -9.8079, -61.21119999999999 -9.8078))"
2024,CORTE SELETIVO,C51L34,"POLYGON ((-61.211499999999994 -9.8073, -61.211499999999994 -9.8072, -61.21139999999999 -9.8072, -61.21139999999999 -9.8073, -61.211499999999994 -9.8073))"
2024,CORTE SELETIVO,C51L34,"POLYGON ((-61.21079999999999 -9.807, -61.210699999999996 -9.807, -61.210699999999996 -9.8072, -61.21079999999999 -9.8072, -61.21079999999999 -9.807))"
2024,CORTE SELETIVO,C51L34,"POLYGON ((-61.21079999999999 -9.8068, -61.210699999999996 -9.8068, -61.210699999999996 -9.8064, -61.21059999999999 -9.8064, -61.21059999999999 -9.8069, -61.21079999999999 -9.8069, -61.21079999999999 -9.8068))"
2024,CORTE SELETIVO,C51L34,"POLYGON ((-61.210899999999995 -9.8065, -61.210899999999995 -9.8064, -61.21079999999999 -9.8064, -61.21079999999999 -9.8065, -61.210899999999995 -9.8065))"
2024,CORTE SELETIVO,C51L34,"POLYGON ((-61.159699999999994 -9.9732, -61.15959999999999 -9.9732, -61.15959999999999 -9.9733, -61.159699999999994 -9.9733, -61.159699999999994 -9.9732))"
2024,CORTE SELETIVO,C51L34,"POLYGON ((-61.06909999999999 -9.9326, -61.06929999999999 -9.9326, -61.06929999999999 -9.9324, -61.069199999999995 -9.9324, -61.069199999999995 -9.9323, -61.06889999999999 -9.9323, -61.06889999999999 -9.9324, -61.06909999999999 -9.9324, -61.06909999999999 -9.9326))"
2024,CORTE SELETIVO,C51L34,"POLYGON ((-61.07159999999999 -9.9276, -61.07149999999999 -9.9276, -61.07149999999999 -9.9277, -61.07159999999999 -9.9277, -61.07159999999999 -9.9276))"
2024,CORTE SELETIVO,C51L34,"POLYGON ((-61.10049999999999 -9.9023, -61.10039999999999 -9.9023, -61.10039999999999 -9.9024, -61.10049999999999 -9.9024, -61.10049999999999 -9.9023))"
2024,CORTE SELETIVO,C51L34,"POLYGON ((-61.025299999999994 -9.8071, -61.02519999999999 -9.8071, -61.02519999999999 -9.8072, -61.025299999999994 -9.8072, -61.025299999999994 -9.8071))"
2024,CORTE SELETIVO,C51L34,"POLYGON ((-61.210499999999996 -9.8064, -61.21039999999999 -9.8064, -61.21039999999999 -9.8065, -61.210499999999996 -9.8065, -61.210499999999996 -9.8064))"
2024,CORTE SELETIVO,C51L34,"POLYGON ((-61.159699999999994 -9.9733, -61.15959999999999 -9.9733, -61.15959999999999 -9.9734, -61.159699999999994 -9.9734, -61.159699999999994 -9.9733))"
2024,CORTE SELETIVO,C51L34,"POLYGON ((-61.20109999999999 -9.9765, -61.20109999999999 -9.9766, -61.20119999999999 -9.9766, -61.20119999999999 -9.9765, -61.20109999999999 -9.9765))"
2024,CORTE SELETIVO,C51L34,"POLYGON ((-61.077999999999996 -9.9345, -61.078199999999995 -9.9345, -61.078199999999995 -9.9344, -61.077999999999996 -9.9344, -61.077999999999996 -9.9345))"
2024,CORTE SELETIVO,C51L34,"POLYGON ((-61.06889999999999 -9.9322, -61.068999999999996 -9.9322, -61.068999999999996 -9.9321, -61.06889999999999 -9.9321, -61.06889999999999 -9.9322))"
2024,CORTE SELETIVO,C51L34,"POLYGON ((-61.159699999999994 -9.9734, -61.15959999999999 -9.9734, -61.15959999999999 -9.9735, -61.159699999999994 -9.9735, -61.159699999999994 -9.9734))"
2024,CORTE SELETIVO,C51L34,"POLYGON ((-61.119299999999996 -9.9224, -61.119299999999996 -9.9225, -61.11939999999999 -9.9225, -61.11939999999999 -9.9224, -61.119299999999996 -9.9224))"
2024,CORTE SELETIVO,C51L34,"POLYGON ((-61.116099999999996 -9.9222, -61.116099999999996 -9.9224, -61.11619999999999 -9.9224, -61.11619999999999 -9.9222, -61.116099999999996 -9.9222))"
2024,CORTE SELETIVO,C51L34,"POLYGON ((-61.11619999999999 -9.922, -61.11619999999999 -9.9221, -61.116299999999995 -9.9221, -61.116299999999995 -9.922, -61.11619999999999 -9.922))"
2024,CORTE SELETIVO,C51L34,"POLYGON ((-61.10029999999999 -9.9199, -61.10029999999999 -9.92, -61.10039999999999 -9.92, -61.10039999999999 -9.9199, -61.10029999999999 -9.9199))"
2024,CORTE SELETIVO,C51L34,"POLYGON ((-61.103699999999996 -9.9161, -61.103699999999996 -9.9163, -61.10379999999999 -9.9163, -61.10379999999999 -9.9161, -61.103699999999996 -9.9161))"
2024,CORTE SELETIVO,C51L34,"POLYGON ((-61.103899999999996 -9.9157, -61.103899999999996 -9.9158, -61.10419999999999 -9.9158, -61.10419999999999 -9.9157, -61.103899999999996 -9.9157))"
2024,CORTE SELETIVO,C51L34,"POLYGON ((-61.158699999999996 -9.9032, -61.15859999999999 -9.9032, -61.15859999999999 -9.9035, -61.158699999999996 -9.9035, -61.158699999999996 -9.9032))"
2024,CORTE SELETIVO,C51L34,"POLYGON ((-61.246199999999995 -9.8928, -61.246199999999995 -9.8929, -61.24629999999999 -9.8929, -61.24629999999999 -9.8928, -61.246199999999995 -9.8928))"
2024,CORTE SELETIVO,C51L34,"POLYGON ((-61.19219999999999 -9.8172, -61.19219999999999 -9.8173, -61.192299999999996 -9.8173, -61.192299999999996 -9.8172, -61.19219999999999 -9.8172))"
2024,CORTE SELETIVO,C51L34,"POLYGON ((-61.21849999999999 -9.8141, -61.21849999999999 -9.8142, -61.218599999999995 -9.8142, -61.218599999999995 -9.8141, -61.21849999999999 -9.8141))"
2024,CORTE SELETIVO,C51L34,"POLYGON ((-61.20519999999999 -9.8129, -61.20519999999999 -9.813, -61.205299999999994 -9.813, -61.205299999999994 -9.8129, -61.20519999999999 -9.8129))"
2024,CORTE SELETIVO,C51L34,"POLYGON ((-61.209599999999995 -9.8082, -61.209599999999995 -9.8083, -61.20989999999999 -9.8083, -61.20989999999999 -9.8082, -61.209599999999995 -9.8082))"
2024,CORTE SELETIVO,C51L34,"POLYGON ((-61.21059999999999 -9.8075, -61.21059999999999 -9.8077, -61.210699999999996 -9.8077, -61.210699999999996 -9.8075, -61.21059999999999 -9.8075))"
2024,CORTE SELETIVO,C51L34,"POLYGON ((-61.21079999999999 -9.8074, -61.210699999999996 -9.8074, -61.210699999999996 -9.8075, -61.21079999999999 -9.8075, -61.21079999999999 -9.8074))"
2024,CORTE SELETIVO,C51L34,"POLYGON ((-61.00959999999999 -9.9817, -61.00959999999999 -9.9818, -61.009699999999995 -9.9818, -61.009699999999995 -9.9817, -61.00959999999999 -9.9817))"
2024,CORTE SELETIVO,C51L34,"POLYGON ((-61.02689999999999 -9.9367, -61.02689999999999 -9.9368, -61.026999999999994 -9.9368, -61.026999999999994 -9.9367, -61.02689999999999 -9.9367))"
2024,CORTE SELETIVO,C51L34,"POLYGON ((-61.09539999999999 -9.9332, -61.09539999999999 -9.933, -61.095299999999995 -9.933, -61.095299999999995 -9.9333, -61.095499999999994 -9.9333, -61.095499999999994 -9.9332, -61.09539999999999 -9.9332))"
2024,CORTE SELETIVO,C51L34,"POLYGON ((-61.09559999999999 -9.9328, -61.09559999999999 -9.9329, -61.095699999999994 -9.9329, -61.095699999999994 -9.9328, -61.09559999999999 -9.9328))"
2024,CORTE SELETIVO,C51L34,"POLYGON ((-61.09559999999999 -9.9328, -61.09559999999999 -9.9327, -61.095299999999995 -9.9327, -61.095299999999995 -9.9329, -61.095499999999994 -9.9329, -61.095499999999994 -9.9328, -61.09559999999999 -9.9328))"
2024,CORTE SELETIVO,C51L34,"POLYGON ((-61.06839999999999 -9.9174, -61.06839999999999 -9.9175, -61.06849999999999 -9.9175, -61.06849999999999 -9.9174, -61.06839999999999 -9.9174))"
2024,CORTE SELETIVO,C51L34,"POLYGON ((-61.09219999999999 -9.9144, -61.09219999999999 -9.9145, -61.092299999999994 -9.9145, -61.092299999999994 -9.9144, -61.09219999999999 -9.9144))"
2024,CORTE SELETIVO,C51L34,"POLYGON ((-61.05629999999999 -9.9082, -61.05629999999999 -9.9084, -61.05639999999999 -9.9084, -61.05639999999999 -9.9082, -61.05629999999999 -9.9082))"
2024,CORTE SELETIVO,C51L34,"POLYGON ((-61.056799999999996 -9.9081, -61.056799999999996 -9.9082, -61.05689999999999 -9.9082, -61.05689999999999 -9.9081, -61.056799999999996 -9.9081))"
2024,CORTE SELETIVO,C51L34,"POLYGON ((-61.07749999999999 -9.8179, -61.07749999999999 -9.818, -61.07759999999999 -9.818, -61.07759999999999 -9.8179, -61.07749999999999 -9.8179))"
2024,CORTE SELETIVO,C51L34,"POLYGON ((-61.03829999999999 -9.8123, -61.03829999999999 -9.8124, -61.038399999999996 -9.8124, -61.038399999999996 -9.8123, -61.03829999999999 -9.8123))"
2024,CORTE SELETIVO,C51L34,"POLYGON ((-61.03809999999999 -9.8122, -61.03809999999999 -9.8123, -61.03829999999999 -9.8123, -61.03829999999999 -9.8122, -61.03809999999999 -9.8122))"
2024,CORTE SELETIVO,C51L34,"POLYGON ((-61.05389999999999 -9.7968, -61.05389999999999 -9.7969, -61.053999999999995 -9.7969, -61.053999999999995 -9.7968, -61.05389999999999 -9.7968))"
2024,CORTE SELETIVO,C51L34,"POLYGON ((-61.008599999999994 -9.7761, -61.008599999999994 -9.7763, -61.00869999999999 -9.7763, -61.00869999999999 -9.7761, -61.008599999999994 -9.7761))"
2024,CORTE SELETIVO,C51L34,"POLYGON ((-61.15939999999999 -9.9732, -61.15939999999999 -9.9734, -61.159499999999994 -9.9734, -61.159499999999994 -9.9735, -61.15959999999999 -9.9735, -61.15959999999999 -9.9732, -61.15939999999999 -9.9732))"
2024,CORTE SELETIVO,C51L34,"POLYGON ((-61.078399999999995 -9.7583, -61.078399999999995 -9.7585, -61.07829999999999 -9.7585, -61.07829999999999 -9.7586, -61.078399999999995 -9.7586, -61.078399999999995 -9.7587, -61.07849999999999 -9.7587, -61.07849999999999 -9.7586, -61.078599999999994 -9.7586, -61.078599999999994 -9.7583, -61.078399999999995 -9.7583))"
2024,CORTE SELETIVO,C51L34,"POLYGON ((-61.21119999999999 -9.8082, -61.211099999999995 -9.8082, -61.211099999999995 -9.8083, -61.21119999999999 -9.8083, -61.21119999999999 -9.8082))"
2024,CORTE SELETIVO,C51L34,"POLYGON ((-61.049699999999994 -9.8179, -61.04959999999999 -9.8179, -61.04959999999999 -9.818, -61.049699999999994 -9.818, -61.049699999999994 -9.8179))"
2024,CORTE SELETIVO,C51L34,"POLYGON ((-61.21119999999999 -9.8088, -61.211099999999995 -9.8088, -61.211099999999995 -9.8089, -61.21119999999999 -9.8089, -61.21119999999999 -9.8088))"
2024,CORTE SELETIVO,C51L34,"POLYGON ((-61.103699999999996 -9.9163, -61.103699999999996 -9.9164, -61.10379999999999 -9.9164, -61.10379999999999 -9.9163, -61.103699999999996 -9.9163))"
2024,CORTE SELETIVO,C51L34,"POLYGON ((-61.211099999999995 -9.8081, -61.211099999999995 -9.8082, -61.21119999999999 -9.8082, -61.21119999999999 -9.8081, -61.211099999999995 -9.8081))"
2024,CORTE SELETIVO,C51L34,"POLYGON ((-61.110299999999995 -9.9387, -61.11019999999999 -9.9387, -61.11019999999999 -9.9388, -61.110299999999995 -9.9388, -61.110299999999995 -9.9387))"
2024,CORTE SELETIVO,C51L34,"POLYGON ((-61.23159999999999 -9.845, -61.23149999999999 -9.845, -61.23149999999999 -9.8451, -61.23159999999999 -9.8451, -61.23159999999999 -9.845))"
2024,CORTE SELETIVO,C51L34,"POLYGON ((-61.21119999999999 -9.8083, -61.211099999999995 -9.8083, -61.211099999999995 -9.8085, -61.21119999999999 -9.8085, -61.21119999999999 -9.8083))"
2024,CORTE SELETIVO,C51L34,"POLYGON ((-61.211499999999994 -9.8082, -61.21139999999999 -9.8082, -61.21139999999999 -9.8083, -61.211499999999994 -9.8083, -61.211499999999994 -9.8082))"
2024,CORTE SELETIVO,C51L34,"POLYGON ((-61.21079999999999 -9.8078, -61.210699999999996 -9.8078, -61.210699999999996 -9.8079, -61.21079999999999 -9.8079, -61.21079999999999 -9.8078))"
2024,CORTE SELETIVO,C51L34,"POLYGON ((-61.213899999999995 -9.8016, -61.21379999999999 -9.8016, -61.21379999999999 -9.8018, -61.213899999999995 -9.8018, -61.213899999999995 -9.8016))"
2024,CORTE SELETIVO,C51L34,"POLYGON ((-61.138799999999996 -9.7872, -61.13859999999999 -9.7872, -61.13859999999999 -9.7873, -61.138799999999996 -9.7873, -61.138799999999996 -9.7872))"
2024,CORTE SELETIVO,C51L34,"POLYGON ((-61.13859999999999 -9.7871, -61.13849999999999 -9.7871, -61.13849999999999 -9.7872, -61.13859999999999 -9.7872, -61.13859999999999 -9.7871))"
2024,CORTE SELETIVO,C51L34,"POLYGON ((-61.001999999999995 -9.965, -61.00189999999999 -9.965, -61.00189999999999 -9.9651, -61.001999999999995 -9.9651, -61.001999999999995 -9.965))"
2024,CORTE SELETIVO,C51L34,"POLYGON ((-61.001799999999996 -9.9643, -61.00169999999999 -9.9643, -61.00169999999999 -9.9642, -61.001599999999996 -9.9642, -61.001599999999996 -9.9644, -61.001799999999996 -9.9644, -61.001799999999996 -9.9643))"
2024,CORTE SELETIVO,C51L34,"POLYGON ((-61.01899999999999 -9.9365, -61.018899999999995 -9.9365, -61.018899999999995 -9.9366, -61.01899999999999 -9.9366, -61.01899999999999 -9.9365))"
2024,CORTE SELETIVO,C51L34,"POLYGON ((-61.01389999999999 -9.9159, -61.013799999999996 -9.9159, -61.013799999999996 -9.9161, -61.01389999999999 -9.9161, -61.01389999999999 -9.9159))"
2024,CORTE SELETIVO,C51L34,"POLYGON ((-61.056599999999996 -9.9124, -61.05649999999999 -9.9124, -61.05649999999999 -9.9126, -61.056599999999996 -9.9126, -61.056599999999996 -9.9124))"
2024,CORTE SELETIVO,C51L34,"POLYGON ((-61.014399999999995 -9.7852, -61.01429999999999 -9.7852, -61.01429999999999 -9.7853, -61.014399999999995 -9.7853, -61.014399999999995 -9.7852))"
2024,CORTE SELETIVO,C51L34,"POLYGON ((-61.014199999999995 -9.7849, -61.01409999999999 -9.7849, -61.01409999999999 -9.785, -61.014199999999995 -9.785, -61.014199999999995 -9.7849))"
2024,CORTE SELETIVO,C51L34,"POLYGON ((-61.00589999999999 -9.7767, -61.005799999999994 -9.7767, -61.005799999999994 -9.7768, -61.00589999999999 -9.7768, -61.00589999999999 -9.7767))"
2024,CORTE SELETIVO,C51L34,"POLYGON ((-61.04959999999999 -9.8178, -61.04939999999999 -9.8178, -61.04939999999999 -9.8179, -61.049299999999995 -9.8179, -61.049299999999995 -9.8181, -61.04959999999999 -9.8181, -61.04959999999999 -9.8178))"
2024,CORTE SELETIVO,C51L34,"POLYGON ((-61.082699999999996 -9.9035, -61.082699999999996 -9.9036, -61.08279999999999 -9.9036, -61.08279999999999 -9.9035, -61.082699999999996 -9.9035))"
2024,CORTE SELETIVO,C51L34,"POLYGON ((-61.21099999999999 -9.8082, -61.21099999999999 -9.8084, -61.211099999999995 -9.8084, -61.211099999999995 -9.8082, -61.21099999999999 -9.8082))"
2024,CORTE SELETIVO,C51L34,"POLYGON ((-61.082699999999996 -9.9036, -61.082699999999996 -9.9037, -61.08279999999999 -9.9037, -61.08279999999999 -9.9036, -61.082699999999996 -9.9036))"
2024,CORTE SELETIVO,C51L34,"POLYGON ((-61.210899999999995 -9.8083, -61.210899999999995 -9.8084, -61.21099999999999 -9.8084, -61.21099999999999 -9.8083, -61.210899999999995 -9.8083))"
2024,CORTE SELETIVO,C51L34,"POLYGON ((-61.21099999999999 -9.8082, -61.210899999999995 -9.8082, -61.210899999999995 -9.8083, -61.21099999999999 -9.8083, -61.21099999999999 -9.8082))"
2024,CORTE SELETIVO,C51L34,"POLYGON ((-61.12109999999999 -9.9304, -61.120999999999995 -9.9304, -61.120999999999995 -9.9305, -61.12109999999999 -9.9305, -61.12109999999999 -9.9304))"
2024,CORTE SELETIVO,C51L34,"POLYGON ((-61.116099999999996 -9.9223, -61.11599999999999 -9.9223, -61.11599999999999 -9.9224, -61.116099999999996 -9.9224, -61.116099999999996 -9.9223))"
2024,CORTE SELETIVO,C51L34,"POLYGON ((-61.09259999999999 -9.9143, -61.092499999999994 -9.9143, -61.092499999999994 -9.9144, -61.09259999999999 -9.9144, -61.09259999999999 -9.9143))"
2024,CORTE SELETIVO,C51L34,"POLYGON ((-61.11169999999999 -9.9087, -61.11169999999999 -9.9088, -61.111799999999995 -9.9088, -61.111799999999995 -9.9087, -61.11169999999999 -9.9087))"
2024,CORTE SELETIVO,C51L34,"POLYGON ((-61.168899999999994 -9.8859, -61.168899999999994 -9.886, -61.16899999999999 -9.886, -61.16899999999999 -9.8859, -61.168899999999994 -9.8859))"
2024,CORTE SELETIVO,C51L34,"POLYGON ((-61.211099999999995 -9.8081, -61.21099999999999 -9.8081, -61.21099999999999 -9.8082, -61.211099999999995 -9.8082, -61.211099999999995 -9.8081))"
2024,CORTE SELETIVO,C51L34,"POLYGON ((-61.224799999999995 -9.8079, -61.22489999999999 -9.8079, -61.22489999999999 -9.8078, -61.22469999999999 -9.8078, -61.22469999999999 -9.8081, -61.224799999999995 -9.8081, -61.224799999999995 -9.8079))"
2024,CORTE SELETIVO,C51L34,"POLYGON ((-61.210899999999995 -9.8079, -61.21079999999999 -9.8079, -61.21079999999999 -9.808, -61.210899999999995 -9.808, -61.210899999999995 -9.8079))"
2024,CORTE SELETIVO,C51L34,"POLYGON ((-61.210499999999996 -9.8077, -61.210499999999996 -9.8078, -61.21059999999999 -9.8078, -61.21059999999999 -9.8077, -61.210499999999996 -9.8077))"
2024,CORTE SELETIVO,C51L34,"POLYGON ((-61.210499999999996 -9.806, -61.210499999999996 -9.8061, -61.21059999999999 -9.8061, -61.21059999999999 -9.806, -61.210499999999996 -9.806))"
2024,CORTE SELETIVO,C51L34,"POLYGON ((-61.00099999999999 -9.9549, -61.000899999999994 -9.9549, -61.000899999999994 -9.955, -61.00099999999999 -9.955, -61.00099999999999 -9.9549))"
2024,CORTE SELETIVO,C51L34,"POLYGON ((-61.000899999999994 -9.9548, -61.00079999999999 -9.9548, -61.00079999999999 -9.9549, -61.000899999999994 -9.9549, -61.000899999999994 -9.9548))"
2024,CORTE SELETIVO,C51L34,"POLYGON ((-61.017799999999994 -9.9526, -61.01769999999999 -9.9526, -61.01769999999999 -9.9527, -61.017799999999994 -9.9527, -61.017799999999994 -9.9526))"
2024,CORTE SELETIVO,C51L34,"POLYGON ((-61.021699999999996 -9.9305, -61.021699999999996 -9.9306, -61.02179999999999 -9.9306, -61.02179999999999 -9.9305, -61.021699999999996 -9.9305))"
2024,CORTE SELETIVO,C51L34,"POLYGON ((-61.08279999999999 -9.9036, -61.08279999999999 -9.9037, -61.082899999999995 -9.9037, -61.082899999999995 -9.9036, -61.08279999999999 -9.9036))"
2024,CORTE SELETIVO,C51L34,"POLYGON ((-61.04449999999999 -9.798, -61.044399999999996 -9.798, -61.044399999999996 -9.7981, -61.04449999999999 -9.7981, -61.04449999999999 -9.798))"
2024,CORTE SELETIVO,C51L34,"POLYGON ((-61.02459999999999 -9.7836, -61.02439999999999 -9.7836, -61.02439999999999 -9.7837, -61.02459999999999 -9.7837, -61.02459999999999 -9.7836))"
2024,CORTE SELETIVO,C51L34,"POLYGON ((-61.00599999999999 -9.7768, -61.00589999999999 -9.7768, -61.00589999999999 -9.7769, -61.00599999999999 -9.7769, -61.00599999999999 -9.7768))"
2024,CORTE SELETIVO,C51L34,"POLYGON ((-61.01069999999999 -9.7725, -61.01069999999999 -9.7726, -61.010799999999996 -9.7726, -61.010799999999996 -9.7725, -61.01069999999999 -9.7725))"
2024,CORTE SELETIVO,C51L34,"POLYGON ((-61.01059999999999 -9.7723, -61.01059999999999 -9.7725, -61.01069999999999 -9.7725, -61.01069999999999 -9.7723, -61.01059999999999 -9.7723))"
2024,CORTE SELETIVO,C51L34,"POLYGON ((-61.21099999999999 -9.8081, -61.210899999999995 -9.8081, -61.210899999999995 -9.8082, -61.21099999999999 -9.8082, -61.21099999999999 -9.8081))"
2024,CORTE SELETIVO,C51L34,"POLYGON ((-61.07609999999999 -9.9413, -61.07609999999999 -9.9412, -61.07599999999999 -9.9412, -61.07599999999999 -9.9411, -61.075799999999994 -9.9411, -61.075799999999994 -9.9413, -61.07609999999999 -9.9413))"
2024,CORTE SELETIVO,C51L34,"POLYGON ((-61.12919999999999 -9.9387, -61.129099999999994 -9.9387, -61.129099999999994 -9.9388, -61.12919999999999 -9.9388, -61.12919999999999 -9.9387))"
2024,CORTE SELETIVO,C51L34,"POLYGON ((-61.10809999999999 -9.9354, -61.10799999999999 -9.9354, -61.10799999999999 -9.9355, -61.10809999999999 -9.9355, -61.10809999999999 -9.9354))"
2024,CORTE SELETIVO,C51L34,"POLYGON ((-61.111799999999995 -9.9087, -61.111799999999995 -9.9085, -61.11169999999999 -9.9085, -61.11169999999999 -9.9087, -61.111799999999995 -9.9087))"
2024,CORTE SELETIVO,C51L34,"POLYGON ((-61.210899999999995 -9.8081, -61.21079999999999 -9.8081, -61.21079999999999 -9.8083, -61.210899999999995 -9.8083, -61.210899999999995 -9.8081))"
2024,CORTE SELETIVO,C51L34,"POLYGON ((-61.21119999999999 -9.8079, -61.211099999999995 -9.8079, -61.211099999999995 -9.808, -61.21119999999999 -9.808, -61.21119999999999 -9.8079))"
2024,CORTE SELETIVO,C51L34,"POLYGON ((-61.13889999999999 -9.7872, -61.13889999999999 -9.7871, -61.138799999999996 -9.7871, -61.138799999999996 -9.7872, -61.13889999999999 -9.7872))"
2024,CORTE SELETIVO,C51L34,"POLYGON ((-61.012699999999995 -9.9861, -61.012899999999995 -9.9861, -61.012899999999995 -9.9859, -61.01279999999999 -9.9859, -61.01279999999999 -9.986, -61.012699999999995 -9.986, -61.012699999999995 -9.9861))"
2024,CORTE SELETIVO,C51L34,"POLYGON ((-61.00189999999999 -9.9643, -61.001799999999996 -9.9643, -61.001799999999996 -9.9644, -61.00189999999999 -9.9644, -61.00189999999999 -9.9643))"
2024,CORTE SELETIVO,C51L34,"POLYGON ((-61.017999999999994 -9.9526, -61.01789999999999 -9.9526, -61.01789999999999 -9.9527, -61.017999999999994 -9.9527, -61.017999999999994 -9.9526))"
2024,CORTE SELETIVO,C51L34,"POLYGON ((-61.01039999999999 -9.772, -61.01049999999999 -9.772, -61.01049999999999 -9.7718, -61.010299999999994 -9.7718, -61.010299999999994 -9.7719, -61.01039999999999 -9.7719, -61.01039999999999 -9.772))"
2024,CORTE SELETIVO,C51L34,"POLYGON ((-61.00419999999999 -9.7713, -61.00429999999999 -9.7713, -61.00429999999999 -9.7712, -61.004099999999994 -9.7712, -61.004099999999994 -9.7714, -61.00419999999999 -9.7714, -61.00419999999999 -9.7713))"
2024,CORTE SELETIVO,C51L34,"POLYGON ((-61.069199999999995 -9.7634, -61.06929999999999 -9.7634, -61.06929999999999 -9.7635, -61.06949999999999 -9.7635, -61.06949999999999 -9.7633, -61.069399999999995 -9.7633, -61.069399999999995 -9.7632, -61.06929999999999 -9.7632, -61.06929999999999 -9.7633, -61.069199999999995 -9.7633, -61.069199999999995 -9.7634))"
