year,label,tile,geometry
2024,CORTE SELETIVO,C51L34,POINT (-61.11245438201005 -9.92375316234004)
2024,CORTE SELETIVO,C51L34,POINT (-61.05324817773376 -9.795647152061903)
2024,CORTE SELETIVO,C51L34,POINT (-61.132648481475286 -9.941852415381824)
2024,CORTE SELETIVO,C51L34,POINT (-61.0662507902271 -9.902646507974874)
2024,CORTE SELETIVO,C51L34,POINT (-61.13544741014526 -9.951154770038238)
2024,CORTE SELETIVO,C51L34,POINT (-61.105352932320734 -9.935449178965447)
2024,CORTE SELETIVO,C51L34,POINT (-61.10534761322603 -9.93525121243255)
2024,CORTE SELETIVO,C51L34,POINT (-61.1316475680581 -9.926452908235762)
2024,CORTE SELETIVO,C51L34,POINT (-61.09979040248996 -9.922150750814877)
2024,CORTE SELETIVO,C51L34,POINT (-61.11164774595239 -9.908751171803974)
2024,CORTE SELETIVO,C51L34,POINT (-61.24605216379378 -9.892345931729816)
2024,CORTE SELETIVO,C51L34,POINT (-61.019845860330186 -9.964853097048428)
2024,CORTE SELETIVO,C51L34,POINT (-61.01055036029336 -9.958645402884109)
2024,CORTE SELETIVO,C51L34,POINT (-61.0223491856868 -9.940451484092183)
2024,CORTE SELETIVO,C51L34,POINT (-61.092561301417966 -9.902675442201799)
2024,CORTE SELETIVO,C51L34,POINT (-61.03065280799004 -9.891050115690154)
2024,CORTE SELETIVO,C51L34,POINT (-61.01049937698964 -9.772243464963772)
2024,CORTE SELETIVO,C51L34,POINT (-61.20404869272398 -9.952299942786759)
2024,CORTE SELETIVO,C51L34,POINT (-61.20404563094793 -9.951846866781398)
2024,CORTE SELETIVO,C51L34,POINT (-61.23605243834184 -9.90044771629308)
2024,CORTE SELETIVO,C51L34,POINT (-61.120652042450075 -9.900252500901974)
2024,CORTE SELETIVO,C51L34,POINT (-61.053246331128875 -9.795796724431092)
2024,CORTE SELETIVO,C51L34,POINT (-61.097246207898465 -9.916649066200533)
2024,CORTE SELETIVO,C51L34,POINT (-61.00894590688803 -9.804047710456937)
2024,CORTE SELETIVO,C51L34,POINT (-61.01414837483685 -9.785152958901326)
2024,CORTE SELETIVO,C51L34,POINT (-61.017553425390766 -9.969448317996747)
2024,CORTE SELETIVO,C51L34,POINT (-61.16145239123371 -9.948452952222482)
2024,CORTE SELETIVO,C51L34,POINT (-61.120250090792176 -9.936048164178047)
2024,CORTE SELETIVO,C51L34,POINT (-61.09152960781067 -9.917449528451334)
2024,CORTE SELETIVO,C51L34,POINT (-61.11985195161593 -9.90294894408033)
2024,CORTE SELETIVO,C51L34,POINT (-61.120449984190344 -9.90294922875816)
2024,CORTE SELETIVO,C51L34,POINT (-61.00475028750478 -9.77185384008308)
2024,CORTE SELETIVO,C51L34,POINT (-61.02234912530469 -9.940554541218507)
2024,CORTE SELETIVO,C51L34,POINT (-61.01695026690651 -9.960254437211724)
2024,CORTE SELETIVO,C51L34,POINT (-61.161539664262605 -9.948358036120968)
2024,CORTE SELETIVO,C51L34,POINT (-61.09145379783158 -9.917249814482927)
2024,CORTE SELETIVO,C51L34,POINT (-61.09155220494357 -9.917147504706445)
2024,CORTE SELETIVO,C51L34,POINT (-61.01054766978375 -9.772351125225608)
2024,CORTE SELETIVO,C51L34,POINT (-61.22195390853568 -9.94714902196471)
2024,CORTE SELETIVO,C51L34,POINT (-61.02615324800627 -9.916552995537485)
2024,CORTE SELETIVO,C51L34,POINT (-61.0654517081945 -9.975651563389413)
2024,CORTE SELETIVO,C51L34,POINT (-61.14994645770921 -9.932851387760975)
2024,CORTE SELETIVO,C51L34,POINT (-61.07495037354598 -9.90874695857362)
2024,CORTE SELETIVO,C51L34,POINT (-61.07474583674015 -9.908444105911942)
2024,CORTE SELETIVO,C51L34,POINT (-61.23625420587124 -9.894146540993038)
2024,CORTE SELETIVO,C51L34,POINT (-61.014447119769194 -9.79655353658197)
2024,CORTE SELETIVO,C51L34,POINT (-61.01415068135283 -9.79655282658176)
2024,CORTE SELETIVO,C51L34,POINT (-61.1958473712767 -9.801052096586455)
2024,CORTE SELETIVO,C51L34,POINT (-61.09074995383294 -9.931154698832904)
2024,CORTE SELETIVO,C51L34,POINT (-61.221748658995445 -9.953453628861178)
2024,CORTE SELETIVO,C51L34,POINT (-61.02654590818977 -9.936752563496674)
2024,CORTE SELETIVO,C51L34,POINT (-61.13724805666431 -9.981851897251072)
2024,CORTE SELETIVO,C51L34,POINT (-61.161646930782894 -9.948347329575055)
2024,CORTE SELETIVO,C51L34,POINT (-61.1614476799109 -9.948245698894185)
2024,CORTE SELETIVO,C51L34,POINT (-61.161552219834725 -9.948151181489726)
2024,CORTE SELETIVO,C51L34,POINT (-61.07065062019974 -9.917149723605387)
2024,CORTE SELETIVO,C51L34,POINT (-61.030448202142495 -9.89024738011165)
2024,CORTE SELETIVO,C51L34,POINT (-61.133748556954515 -9.759947177943559)
2024,CORTE SELETIVO,C51L34,POINT (-61.01744620744818 -9.969747902905425)
2024,CORTE SELETIVO,C51L34,POINT (-61.02664795594681 -9.937152442494817)
2024,CORTE SELETIVO,C51L34,POINT (-61.02645053267517 -9.93688429983172)
2024,CORTE SELETIVO,C51L34,POINT (-61.01375393272106 -9.915913044713156)
2024,CORTE SELETIVO,C51L34,POINT (-61.00575292131657 -9.776951962768523)
2024,CORTE SELETIVO,C51L34,POINT (-61.008648598053355 -9.776449422893991)
2024,CORTE SELETIVO,C51L34,POINT (-61.01062167536363 -9.77255389182149)
2024,CORTE SELETIVO,C51L34,POINT (-61.22014959250609 -9.945953601996811)
2024,CORTE SELETIVO,C51L34,POINT (-61.008247070424744 -9.776050065873557)
2024,CORTE SELETIVO,C51L34,POINT (-61.03815423864457 -9.946053932561606)
2024,CORTE SELETIVO,C51L34,POINT (-61.131353034738154 -9.976847896819148)
2024,CORTE SELETIVO,C51L34,POINT (-61.23005052983675 -9.948547868258725)
2024,CORTE SELETIVO,C51L34,POINT (-61.144047536892806 -9.854348498803633)
2024,CORTE SELETIVO,C51L34,POINT (-61.094549577500324 -9.995553676629518)
2024,CORTE SELETIVO,C51L34,POINT (-61.09434827188994 -9.995546558681033)
2024,CORTE SELETIVO,C51L34,POINT (-61.09444764169037 -9.995448556564519)
2024,CORTE SELETIVO,C51L34,POINT (-61.01474784290349 -9.951646602346129)
2024,CORTE SELETIVO,C51L34,POINT (-61.01374881084582 -9.91615107038059)
2024,CORTE SELETIVO,C51L34,POINT (-61.010752832680645 -9.77284727198717)
2024,CORTE SELETIVO,C51L34,POINT (-61.141253318124264 -9.95065117972449)
2024,CORTE SELETIVO,C51L34,POINT (-61.22125087223876 -9.837746959814805)
2024,CORTE SELETIVO,C51L34,POINT (-61.036119421147795 -9.872339625343182)
2024,CORTE SELETIVO,C51L34,POINT (-61.13624797197066 -9.757751258052316)
2024,CORTE SELETIVO,C51L34,POINT (-61.01335296691136 -9.956045712456323)
2024,CORTE SELETIVO,C51L34,POINT (-61.09454688250477 -9.99545079408588)
2024,CORTE SELETIVO,C51L34,POINT (-61.23129063518395 -9.979174046233231)
2024,CORTE SELETIVO,C51L34,POINT (-61.056315693063226 -9.912353309176725)
2024,CORTE SELETIVO,C51L34,POINT (-61.01435098183804 -9.78504822467543)
2024,CORTE SELETIVO,C51L34,POINT (-61.00574705853184 -9.776854610987279)
2024,CORTE SELETIVO,C51L34,POINT (-61.22115749401053 -9.837552253036758)
2024,CORTE SELETIVO,C51L34,POINT (-61.21204696357704 -9.806053830948198)
2024,CORTE SELETIVO,C51L34,POINT (-61.01055047717821 -9.772945693050215)
2024,CORTE SELETIVO,C51L34,POINT (-61.24475175492561 -9.904945436048761)
2024,CORTE SELETIVO,C51L34,POINT (-61.01404760749908 -9.785149201007687)
2024,CORTE SELETIVO,C51L34,POINT (-61.21835093958174 -9.953150112573137)
2024,CORTE SELETIVO,C51L34,POINT (-61.245849412884006 -9.96514932806943)
2024,CORTE SELETIVO,C51L34,POINT (-61.05875057699006 -9.904046268584782)
2024,CORTE SELETIVO,C51L34,POINT (-61.21215140549888 -9.806047127286964)
2024,CORTE SELETIVO,C51L34,POINT (-61.09464968219696 -9.995547520771012)
2024,CORTE SELETIVO,C51L34,POINT (-61.082053819703184 -9.815148989172675)
2024,CORTE SELETIVO,C51L34,POINT (-61.01455082576721 -9.95195296262741)
2024,CORTE SELETIVO,C51L34,POINT (-61.01885025364794 -9.907346524139168)
2024,CORTE SELETIVO,C51L34,POINT (-61.220247162637364 -9.94595010292244)
2024,CORTE SELETIVO,C51L34,POINT (-61.0992536682723 -9.924949199294922)
2024,CORTE SELETIVO,C51L34,POINT (-61.14084919236633 -9.869249036509542)
2024,CORTE SELETIVO,C51L34,POINT (-61.14095230755769 -9.869105095032337)
2024,CORTE SELETIVO,C51L34,POINT (-61.14075224698251 -9.869045739162509)
2024,CORTE SELETIVO,C51L34,POINT (-61.08214658718686 -9.81515415029226)
2024,CORTE SELETIVO,C51L34,POINT (-61.2211499964185 -9.799452118341751)
2024,CORTE SELETIVO,C51L34,POINT (-61.20414776664652 -9.951652954354154)
2024,CORTE SELETIVO,C51L34,POINT (-61.21504859811786 -9.80384884698163)
2024,CORTE SELETIVO,C51L34,POINT (-61.22054588274542 -9.946051617195202)
2024,CORTE SELETIVO,C51L34,POINT (-61.12774590960468 -9.984149659193292)
2024,CORTE SELETIVO,C51L34,POINT (-61.108348370548626 -9.911307258558955)
2024,CORTE SELETIVO,C51L34,POINT (-61.22055128760902 -9.946154111254758)
2024,CORTE SELETIVO,C51L34,POINT (-61.13525126147557 -9.756647063808627)
2024,CORTE SELETIVO,C51L34,POINT (-61.02454963241921 -9.783753403934497)
2024,CORTE SELETIVO,C51L34,POINT (-61.22045292941846 -9.946142814742597)
2024,CORTE SELETIVO,C51L34,POINT (-61.01675343468966 -9.792048351281439)
2024,CORTE SELETIVO,C51L34,POINT (-61.20275405633024 -9.951949465373747)
2024,CORTE SELETIVO,C51L34,POINT (-61.23675084781065 -9.904950327139709)
2024,CORTE SELETIVO,C51L34,POINT (-61.09065329995301 -9.936054697237651)
2024,CORTE SELETIVO,C51L34,POINT (-61.24455114481338 -9.90504830660514)
2024,CORTE SELETIVO,C51L34,POINT (-61.20315302725204 -9.901746258278276)
2024,CORTE SELETIVO,C51L34,POINT (-61.18706694788598 -9.880041678709214)
2024,CORTE SELETIVO,C51L34,POINT (-61.02264569788304 -9.806951197044858)
2024,CORTE SELETIVO,C51L34,POINT (-61.059749300920096 -9.91405346504208)
2024,CORTE SELETIVO,C51L34,POINT (-61.2038539603463 -9.952652694116859)
2024,CORTE SELETIVO,C51L34,POINT (-61.06575106199302 -9.920212771220408)
2024,CORTE SELETIVO,C51L34,POINT (-61.20184671596409 -9.903149450160598)
2024,CORTE SELETIVO,C51L34,POINT (-61.140947529778394 -9.869248383643898)
2024,CORTE SELETIVO,C51L34,POINT (-61.19564567382369 -9.838048347499806)
2024,CORTE SELETIVO,C51L34,POINT (-61.10555003574743 -9.827751045734649)
2024,CORTE SELETIVO,C51L34,POINT (-61.082150026840516 -9.815050065413375)
2024,CORTE SELETIVO,C51L34,POINT (-61.21135036712095 -9.80984595500693)
2024,CORTE SELETIVO,C51L34,POINT (-61.02478837917931 -9.764347079169985)
2024,CORTE SELETIVO,C51L34,POINT (-61.14805127415162 -9.935154726893092)
2024,CORTE SELETIVO,C51L34,POINT (-61.219466940760455 -9.892646014520222)
2024,CORTE SELETIVO,C51L34,POINT (-61.186851537766216 -9.8798800781496)
2024,CORTE SELETIVO,C51L34,POINT (-61.09365077695616 -9.861247019917794)
2024,CORTE SELETIVO,C51L34,POINT (-61.112449174183276 -9.96125456480138)
2024,CORTE SELETIVO,C51L34,POINT (-61.09174645004582 -9.91835055821339)
2024,CORTE SELETIVO,C51L34,POINT (-61.18844994152012 -9.884121654314644)
2024,CORTE SELETIVO,C51L34,POINT (-61.10545180114244 -9.827853546130207)
2024,CORTE SELETIVO,C51L34,POINT (-61.1053532973489 -9.827753183552604)
2024,CORTE SELETIVO,C51L34,POINT (-61.105495261621996 -9.827647663725694)
2024,CORTE SELETIVO,C51L34,POINT (-61.07745112540009 -9.817947678845039)
2024,CORTE SELETIVO,C51L34,POINT (-61.077553093097585 -9.817849152313496)
2024,CORTE SELETIVO,C51L34,POINT (-61.014651928447755 -9.951750564772032)
2024,CORTE SELETIVO,C51L34,POINT (-61.065853248219575 -9.920447778138113)
2024,CORTE SELETIVO,C51L34,POINT (-61.06585063963011 -9.920245890336197)
2024,CORTE SELETIVO,C51L34,POINT (-61.05064738230244 -9.917721235443436)
2024,CORTE SELETIVO,C51L34,POINT (-61.01393765004133 -9.91585465047496)
2024,CORTE SELETIVO,C51L34,POINT (-61.05864786671984 -9.904046838245995)
2024,CORTE SELETIVO,C51L34,POINT (-61.00458032999113 -9.771249885825245)
2024,CORTE SELETIVO,C51L34,POINT (-61.219248921593895 -9.892847071969191)
2024,CORTE SELETIVO,C51L34,POINT (-61.1314503068483 -9.974152055913745)
2024,CORTE SELETIVO,C51L34,POINT (-61.2206514738133 -9.94604800978802)
2024,CORTE SELETIVO,C51L34,POINT (-61.22115067551838 -9.837749613418824)
2024,CORTE SELETIVO,C51L34,POINT (-61.21834892771175 -9.953048901871226)
2024,CORTE SELETIVO,C51L34,POINT (-61.21985123823047 -9.946854016028178)
2024,CORTE SELETIVO,C51L34,POINT (-61.20395440418014 -9.952549110290018)
2024,CORTE SELETIVO,C51L34,POINT (-61.09745004648075 -9.916546557219823)
2024,CORTE SELETIVO,C51L34,POINT (-61.02824580709355 -9.964149625403122)
2024,CORTE SELETIVO,C51L34,POINT (-61.22015081074624 -9.945850957738084)
2024,CORTE SELETIVO,C51L34,POINT (-61.20355065061736 -9.953650900988668)
2024,CORTE SELETIVO,C51L34,POINT (-61.211349569890935 -9.809951039326167)
2024,CORTE SELETIVO,C51L34,POINT (-61.20404801633687 -9.952452768476876)
2024,CORTE SELETIVO,C51L34,POINT (-61.14405146429012 -9.854252022069751)
2024,CORTE SELETIVO,C51L34,POINT (-61.13525421939532 -9.757045260804766)
2024,CORTE SELETIVO,C51L34,POINT (-61.21855159395314 -9.953846726049058)
2024,CORTE SELETIVO,C51L34,POINT (-61.043687746218346 -9.997451365877877)
2024,CORTE SELETIVO,C51L34,POINT (-61.04335143237593 -9.997149068051291)
2024,CORTE SELETIVO,C51L34,POINT (-61.03864711692784 -9.993649075926934)
2024,CORTE SELETIVO,C51L34,POINT (-61.02455424578035 -9.98574800252208)
2024,CORTE SELETIVO,C51L34,POINT (-61.0242482529631 -9.98565109354019)
2024,CORTE SELETIVO,C51L34,POINT (-61.004653333647845 -9.9756532564792)
2024,CORTE SELETIVO,C51L34,POINT (-61.00445399069894 -9.975550923210113)
2024,CORTE SELETIVO,C51L34,POINT (-61.000851277339095 -9.972447751059208)
2024,CORTE SELETIVO,C51L34,POINT (-61.24465148645461 -9.905051332628915)
2024,CORTE SELETIVO,C51L34,POINT (-61.17425164826937 -9.984625862813933)
2024,CORTE SELETIVO,C51L34,POINT (-61.17414785007801 -9.98434969773768)
2024,CORTE SELETIVO,C51L34,POINT (-61.127648223722815 -9.98414807889669)
2024,CORTE SELETIVO,C51L34,POINT (-61.115652440183624 -9.978845642448006)
2024,CORTE SELETIVO,C51L34,POINT (-61.10445044872379 -9.970847665255405)
2024,CORTE SELETIVO,C51L34,POINT (-61.116349592137 -9.931753960230157)
2024,CORTE SELETIVO,C51L34,POINT (-61.116348921180915 -9.931502610426572)
2024,CORTE SELETIVO,C51L34,POINT (-61.125547040767565 -9.917468885020986)
2024,CORTE SELETIVO,C51L34,POINT (-61.128405849215994 -9.902148670372968)
2024,CORTE SELETIVO,C51L34,POINT (-61.24614760765562 -9.89284578608893)
2024,CORTE SELETIVO,C51L34,POINT (-61.24624820874301 -9.892751694666497)
2024,CORTE SELETIVO,C51L34,POINT (-61.18855878792246 -9.883873434264293)
2024,CORTE SELETIVO,C51L34,POINT (-61.1409459068828 -9.868752529735739)
2024,CORTE SELETIVO,C51L34,POINT (-61.105254138666155 -9.82775312998955)
2024,CORTE SELETIVO,C51L34,POINT (-61.10543028998785 -9.827446570841062)
2024,CORTE SELETIVO,C51L34,POINT (-61.10516291815191 -9.827352485589719)
2024,CORTE SELETIVO,C51L34,POINT (-61.195949307502744 -9.821645988890122)
2024,CORTE SELETIVO,C51L34,POINT (-61.00085379988109 -9.9723545891799)
2024,CORTE SELETIVO,C51L34,POINT (-61.10424818230899 -9.970646034224409)
2024,CORTE SELETIVO,C51L34,POINT (-61.02285263602663 -9.95874800949064)
2024,CORTE SELETIVO,C51L34,POINT (-61.09914575576953 -9.924949165475532)
2024,CORTE SELETIVO,C51L34,POINT (-61.100447188573305 -9.919846578429654)
2024,CORTE SELETIVO,C51L34,POINT (-61.04934656316081 -9.919244361131023)
2024,CORTE SELETIVO,C51L34,POINT (-61.04914904893067 -9.91895444041514)
2024,CORTE SELETIVO,C51L34,POINT (-61.068254064332464 -9.917945902951482)
2024,CORTE SELETIVO,C51L34,POINT (-61.013845659200605 -9.916149617064576)
2024,CORTE SELETIVO,C51L34,POINT (-61.100649477071535 -9.906354129060961)
2024,CORTE SELETIVO,C51L34,POINT (-61.03124919420319 -9.893148500722885)
2024,CORTE SELETIVO,C51L34,POINT (-61.03143899008561 -9.893049722573707)
2024,CORTE SELETIVO,C51L34,POINT (-61.077450614153285 -9.817783052190237)
2024,CORTE SELETIVO,C51L34,POINT (-61.04574644853372 -9.811150788663982)
2024,CORTE SELETIVO,C51L34,POINT (-61.07424799957148 -9.805646441506278)
2024,CORTE SELETIVO,C51L34,POINT (-61.01034974777628 -9.77195139162512)
2024,CORTE SELETIVO,C51L34,POINT (-61.00255076069607 -9.973850671238843)
2024,CORTE SELETIVO,C51L34,POINT (-61.01345362490406 -9.956048503942041)
2024,CORTE SELETIVO,C51L34,POINT (-61.01335384718979 -9.864847800408453)
2024,CORTE SELETIVO,C51L34,POINT (-61.20405428897561 -9.95214865225148)
2024,CORTE SELETIVO,C51L34,POINT (-61.03805319860304 -9.945949174567884)
2024,CORTE SELETIVO,C51L34,POINT (-61.218548999354574 -9.953750583389887)
2024,CORTE SELETIVO,C51L34,POINT (-61.23494783919377 -9.945851712209762)
2024,CORTE SELETIVO,C51L34,POINT (-61.05985028227466 -9.913849945730243)
2024,CORTE SELETIVO,C51L34,POINT (-61.21994762537957 -9.946750823211634)
2024,CORTE SELETIVO,C51L34,POINT (-61.00564559854317 -9.9762524117481)
2024,CORTE SELETIVO,C51L34,POINT (-61.13554600782274 -9.951252469039735)
2024,CORTE SELETIVO,C51L34,POINT (-61.000750264744994 -9.869452199654868)
2024,CORTE SELETIVO,C51L34,POINT (-61.22004973191689 -9.946546554692752)
2024,CORTE SELETIVO,C51L34,POINT (-61.22324612116932 -9.946748781039323)
2024,CORTE SELETIVO,C51L34,POINT (-61.0779482777452 -9.914446203946689)
2024,CORTE SELETIVO,C51L34,POINT (-61.13544660128685 -9.951251344491423)
2024,CORTE SELETIVO,C51L34,POINT (-61.211247839177396 -9.808650525400374)
2024,CORTE SELETIVO,C51L34,POINT (-61.21135398316979 -9.81005238184336)
2024,CORTE SELETIVO,C51L34,POINT (-61.1841497843826 -9.99654631374802)
2024,CORTE SELETIVO,C51L34,POINT (-61.1742484467871 -9.984446802765063)
2024,CORTE SELETIVO,C51L34,POINT (-61.12765433688162 -9.984046630088004)
2024,CORTE SELETIVO,C51L34,POINT (-61.24901396270705 -9.982253326548504)
2024,CORTE SELETIVO,C51L34,POINT (-61.13725349715239 -9.981709649496558)
2024,CORTE SELETIVO,C51L34,POINT (-61.141350611484455 -9.95045346786885)
2024,CORTE SELETIVO,C51L34,POINT (-61.12944972888018 -9.939249941909427)
2024,CORTE SELETIVO,C51L34,POINT (-61.12685311230059 -9.93724655333225)
2024,CORTE SELETIVO,C51L34,POINT (-61.12015321425033 -9.93633836615523)
2024,CORTE SELETIVO,C51L34,POINT (-61.12535000196446 -9.935575380486597)
2024,CORTE SELETIVO,C51L34,POINT (-61.12564671427479 -9.917746321596299)
2024,CORTE SELETIVO,C51L34,POINT (-61.231649688409284 -9.915752154275706)
2024,CORTE SELETIVO,C51L34,POINT (-61.12724561811771 -9.87255449361296)
2024,CORTE SELETIVO,C51L34,POINT (-61.18785329705415 -9.800449481473388)
2024,CORTE SELETIVO,C51L34,POINT (-61.136152910038156 -9.788948602611063)
2024,CORTE SELETIVO,C51L34,POINT (-61.13015769249815 -9.76912441845923)
2024,CORTE SELETIVO,C51L34,POINT (-61.1153509788383 -9.979147824255362)
2024,CORTE SELETIVO,C51L34,POINT (-61.104551476752334 -9.97075476130109)
2024,CORTE SELETIVO,C51L34,POINT (-61.10435348765084 -9.9707457391766)
2024,CORTE SELETIVO,C51L34,POINT (-61.10434661803635 -9.970553546099646)
2024,CORTE SELETIVO,C51L34,POINT (-61.09895107445187 -9.934445707379005)
2024,CORTE SELETIVO,C51L34,POINT (-61.09895374703096 -9.925136540647607)
2024,CORTE SELETIVO,C51L34,POINT (-61.099548749956334 -9.924950714041076)
2024,CORTE SELETIVO,C51L34,POINT (-61.0563519741536 -9.912449418096237)
2024,CORTE SELETIVO,C51L34,POINT (-61.10525432117575 -9.91154552029528)
2024,CORTE SELETIVO,C51L34,POINT (-61.1181483792924 -9.910848531703174)
2024,CORTE SELETIVO,C51L34,POINT (-61.098253435873104 -9.903252628052677)
2024,CORTE SELETIVO,C51L34,POINT (-61.08945391738272 -9.873947856238743)
2024,CORTE SELETIVO,C51L34,POINT (-61.105047554415535 -9.827392584414504)
2024,CORTE SELETIVO,C51L34,POINT (-61.0773460656984 -9.817648789305542)
2024,CORTE SELETIVO,C51L34,POINT (-61.074148367572974 -9.805652532806938)
2024,CORTE SELETIVO,C51L34,POINT (-61.07405429484137 -9.805549759627253)
2024,CORTE SELETIVO,C51L34,POINT (-61.00105111971524 -9.972252322758404)
2024,CORTE SELETIVO,C51L34,POINT (-61.00364589983992 -9.967850184998037)
2024,CORTE SELETIVO,C51L34,POINT (-61.049151498445255 -9.91935434702428)
2024,CORTE SELETIVO,C51L34,POINT (-61.049443521049525 -9.91933154904811)
2024,CORTE SELETIVO,C51L34,POINT (-61.0507535360466 -9.917707972873753)
2024,CORTE SELETIVO,C51L34,POINT (-61.016446071505015 -9.915747201500013)
2024,CORTE SELETIVO,C51L34,POINT (-61.01655246418789 -9.91565212587674)
2024,CORTE SELETIVO,C51L34,POINT (-61.01644594965242 -9.915550335744827)
2024,CORTE SELETIVO,C51L34,POINT (-61.03173856394218 -9.893545724284827)
2024,CORTE SELETIVO,C51L34,POINT (-61.03134921812082 -9.893354049903294)
2024,CORTE SELETIVO,C51L34,POINT (-61.03124653371276 -9.893251224252868)
2024,CORTE SELETIVO,C51L34,POINT (-61.0306473591773 -9.891151924927215)
2024,CORTE SELETIVO,C51L34,POINT (-61.03095354319107 -9.890646772684324)
2024,CORTE SELETIVO,C51L34,POINT (-61.03085160698033 -9.89054821105115)
2024,CORTE SELETIVO,C51L34,POINT (-61.0458458472219 -9.811151268344611)
2024,CORTE SELETIVO,C51L34,POINT (-61.01035084134425 -9.772350406400765)
2024,CORTE SELETIVO,C51L34,POINT (-61.23174999032355 -9.915746246631363)
2024,CORTE SELETIVO,C51L34,POINT (-61.1872480312257 -9.879649582910332)
2024,CORTE SELETIVO,C51L34,POINT (-61.2343539387791 -9.924151007584268)
2024,CORTE SELETIVO,C51L34,POINT (-61.23484629524145 -9.945752349275082)
2024,CORTE SELETIVO,C51L34,POINT (-61.220752104696324 -9.946052958816068)
2024,CORTE SELETIVO,C51L34,POINT (-61.04525129009676 -9.99835335863475)
2024,CORTE SELETIVO,C51L34,POINT (-61.13615095776911 -9.951452051750703)
2024,CORTE SELETIVO,C51L34,POINT (-61.13625364378085 -9.951345441046387)
2024,CORTE SELETIVO,C51L34,POINT (-61.01394631720415 -9.86135253838461)
2024,CORTE SELETIVO,C51L34,POINT (-61.14455234873288 -9.818449640721894)
2024,CORTE SELETIVO,C51L34,POINT (-61.14805060698283 -9.935045432935928)
2024,CORTE SELETIVO,C51L34,POINT (-61.13235230533717 -9.989750022186664)
2024,CORTE SELETIVO,C51L34,POINT (-61.17435247361387 -9.9845512945771)
2024,CORTE SELETIVO,C51L34,POINT (-61.137281764433645 -9.982001299766653)
2024,CORTE SELETIVO,C51L34,POINT (-61.11575299831226 -9.979047952992273)
2024,CORTE SELETIVO,C51L34,POINT (-61.11534648978015 -9.97905359253287)
2024,CORTE SELETIVO,C51L34,POINT (-61.14134792044062 -9.950348420110766)
2024,CORTE SELETIVO,C51L34,POINT (-61.11050373920683 -9.93914934492235)
2024,CORTE SELETIVO,C51L34,POINT (-61.104164591538726 -9.933553837647226)
2024,CORTE SELETIVO,C51L34,POINT (-61.10591493475799 -9.932252543043818)
2024,CORTE SELETIVO,C51L34,POINT (-61.12765178183165 -9.93105254184097)
2024,CORTE SELETIVO,C51L34,POINT (-61.12845113331629 -9.902245512415622)
2024,CORTE SELETIVO,C51L34,POINT (-61.212551657644596 -9.900053560826974)
2024,CORTE SELETIVO,C51L34,POINT (-61.18774705559926 -9.80064979937791)
2024,CORTE SELETIVO,C51L34,POINT (-61.188052517181106 -9.800454115517852)
2024,CORTE SELETIVO,C51L34,POINT (-61.187952370252304 -9.800347789360668)
2024,CORTE SELETIVO,C51L34,POINT (-61.130247180359866 -9.76925240436267)
2024,CORTE SELETIVO,C51L34,POINT (-61.094653607650706 -9.995653879287838)
2024,CORTE SELETIVO,C51L34,POINT (-61.10284692186997 -9.938747550759125)
2024,CORTE SELETIVO,C51L34,POINT (-61.1003466635194 -9.937848387610202)
2024,CORTE SELETIVO,C51L34,POINT (-61.09094901420692 -9.93725204659495)
2024,CORTE SELETIVO,C51L34,POINT (-61.104247858796626 -9.930446498082022)
2024,CORTE SELETIVO,C51L34,POINT (-61.06584975314675 -9.92055114403616)
2024,CORTE SELETIVO,C51L34,POINT (-61.06845414368344 -9.917685733369064)
2024,CORTE SELETIVO,C51L34,POINT (-61.09764729311524 -9.916953364968995)
2024,CORTE SELETIVO,C51L34,POINT (-61.059647660409084 -9.910246733693006)
2024,CORTE SELETIVO,C51L34,POINT (-61.09504866149622 -9.909847370128686)
2024,CORTE SELETIVO,C51L34,POINT (-61.073655089120535 -9.90221336434407)
2024,CORTE SELETIVO,C51L34,POINT (-61.05795112030772 -9.897741495933385)
2024,CORTE SELETIVO,C51L34,POINT (-61.03125338839939 -9.89300176294891)
2024,CORTE SELETIVO,C51L34,POINT (-61.03144936680589 -9.892946602912387)
2024,CORTE SELETIVO,C51L34,POINT (-61.07404908478922 -9.805448036201277)
2024,CORTE SELETIVO,C51L34,POINT (-61.074254854256026 -9.805350546161362)
2024,CORTE SELETIVO,C51L34,POINT (-61.01794747898546 -9.973246377435984)
2024,CORTE SELETIVO,C51L34,POINT (-61.001052346521455 -9.972398030868442)
2024,CORTE SELETIVO,C51L34,POINT (-61.00584621457922 -9.972147229318894)
2024,CORTE SELETIVO,C51L34,POINT (-61.00385273843897 -9.967947099057241)
2024,CORTE SELETIVO,C51L34,POINT (-61.00374681810267 -9.967853030770854)
2024,CORTE SELETIVO,C51L34,POINT (-61.02654678183327 -9.967748282432217)
2024,CORTE SELETIVO,C51L34,POINT (-61.019952590914485 -9.964753400754107)
2024,CORTE SELETIVO,C51L34,POINT (-61.014946294793184 -9.961049386266867)
2024,CORTE SELETIVO,C51L34,POINT (-61.022951892460206 -9.958646870702449)
2024,CORTE SELETIVO,C51L34,POINT (-61.00074668861848 -9.954648517980393)
2024,CORTE SELETIVO,C51L34,POINT (-61.02525242316894 -9.936251422325768)
2024,CORTE SELETIVO,C51L34,POINT (-61.02524610583062 -9.936049610344458)
2024,CORTE SELETIVO,C51L34,POINT (-61.02477318392691 -9.895345517410219)
2024,CORTE SELETIVO,C51L34,POINT (-61.01425365799324 -9.78507330735021)
2024,CORTE SELETIVO,C51L34,POINT (-61.01034561225562 -9.772253867927903)
2024,CORTE SELETIVO,C51L34,POINT (-61.043953664692715 -9.997552555046584)
2024,CORTE SELETIVO,C51L34,POINT (-61.22324607034707 -9.946642769193991)
2024,CORTE SELETIVO,C51L34,POINT (-61.0072513186272 -9.857146388348525)
2024,CORTE SELETIVO,C51L34,POINT (-61.23634926554616 -9.977551649113357)
2024,CORTE SELETIVO,C51L34,POINT (-61.231853876726404 -9.915649128488841)
2024,CORTE SELETIVO,C51L34,POINT (-61.05945042478718 -9.910351131604967)
2024,CORTE SELETIVO,C51L34,POINT (-61.204154352180936 -9.951849357605361)
2024,CORTE SELETIVO,C51L34,POINT (-61.21004853496317 -9.799947828633957)
2024,CORTE SELETIVO,C51L34,POINT (-61.22004796635769 -9.945945706378035)
2024,CORTE SELETIVO,C51L34,POINT (-61.22105263557731 -9.837550425094532)
2024,CORTE SELETIVO,C51L34,POINT (-61.01694650870769 -9.960154528839166)
2024,CORTE SELETIVO,C51L34,POINT (-61.223240132506014 -9.947887538114328)
2024,CORTE SELETIVO,C51L34,POINT (-61.03805390265127 -9.94584791754731)
2024,CORTE SELETIVO,C51L34,POINT (-61.14524624162199 -9.94089535593328)
2024,CORTE SELETIVO,C51L34,POINT (-61.09905270230344 -9.925048310876218)
2024,CORTE SELETIVO,C51L34,POINT (-61.09755090092585 -9.916954398872823)
2024,CORTE SELETIVO,C51L34,POINT (-61.12064722692202 -9.900348273766463)
2024,CORTE SELETIVO,C51L34,POINT (-61.10034671948898 -9.92044760936581)
2024,CORTE SELETIVO,C51L34,POINT (-61.245945772733215 -9.856250336082917)
2024,CORTE SELETIVO,C51L34,POINT (-61.21005043095842 -9.799845373354223)
2024,CORTE SELETIVO,C51L34,POINT (-61.018349916329846 -9.753651769024811)
2024,CORTE SELETIVO,C51L34,POINT (-61.018047825288214 -9.75355135454851)
2024,CORTE SELETIVO,C51L34,POINT (-61.17414582583685 -9.984650692079601)
2024,CORTE SELETIVO,C51L34,POINT (-61.174395533085 -9.984645598399663)
2024,CORTE SELETIVO,C51L34,POINT (-61.17415339503839 -9.984445813361896)
2024,CORTE SELETIVO,C51L34,POINT (-61.24888163495246 -9.982051048391227)
2024,CORTE SELETIVO,C51L34,POINT (-61.131453833738846 -9.974047404438974)
2024,CORTE SELETIVO,C51L34,POINT (-61.12035303917789 -9.935945856039092)
2024,CORTE SELETIVO,C51L34,POINT (-61.12765221914869 -9.931149854283825)
2024,CORTE SELETIVO,C51L34,POINT (-61.128648606985884 -9.916250104235676)
2024,CORTE SELETIVO,C51L34,POINT (-61.12024560735132 -9.902646676909596)
2024,CORTE SELETIVO,C51L34,POINT (-61.128554147049584 -9.902253441207856)
2024,CORTE SELETIVO,C51L34,POINT (-61.12834864243572 -9.902245790126553)
2024,CORTE SELETIVO,C51L34,POINT (-61.128251541481646 -9.90214773941816)
2024,CORTE SELETIVO,C51L34,POINT (-61.12835195534323 -9.902050632411514)
2024,CORTE SELETIVO,C51L34,POINT (-61.212353248023 -9.900046902218918)
2024,CORTE SELETIVO,C51L34,POINT (-61.24954920944564 -9.894983842703523)
2024,CORTE SELETIVO,C51L34,POINT (-61.14065351218987 -9.868850320133802)
2024,CORTE SELETIVO,C51L34,POINT (-61.20956456997096 -9.805947021396555)
2024,CORTE SELETIVO,C51L34,POINT (-61.13029327939519 -9.769045593070222)
2024,CORTE SELETIVO,C51L34,POINT (-61.135149680782746 -9.756758720828918)
2024,CORTE SELETIVO,C51L34,POINT (-61.1027526546342 -9.938449858796986)
2024,CORTE SELETIVO,C51L34,POINT (-61.10034772595473 -9.93775360307933)
2024,CORTE SELETIVO,C51L34,POINT (-61.108048417244255 -9.93704748237084)
2024,CORTE SELETIVO,C51L34,POINT (-61.10416584668759 -9.933300839935075)
2024,CORTE SELETIVO,C51L34,POINT (-61.06595035943886 -9.92042167214043)
2024,CORTE SELETIVO,C51L34,POINT (-61.10034722177014 -9.920150774985666)
2024,CORTE SELETIVO,C51L34,POINT (-61.10054411722908 -9.919979439539308)
2024,CORTE SELETIVO,C51L34,POINT (-61.10378060957287 -9.918652578346144)
2024,CORTE SELETIVO,C51L34,POINT (-61.10375411909516 -9.918452502805648)
2024,CORTE SELETIVO,C51L34,POINT (-61.11814899227381 -9.910701070763103)
2024,CORTE SELETIVO,C51L34,POINT (-61.09495270651314 -9.90984880587554)
2024,CORTE SELETIVO,C51L34,POINT (-61.084347145439445 -9.907147403565688)
2024,CORTE SELETIVO,C51L34,POINT (-61.079249091699424 -9.906646035565878)
2024,CORTE SELETIVO,C51L34,POINT (-61.09824380789336 -9.903448870336016)
2024,CORTE SELETIVO,C51L34,POINT (-61.120053021289074 -9.902647063805645)
2024,CORTE SELETIVO,C51L34,POINT (-61.09274781774225 -9.90205295573795)
2024,CORTE SELETIVO,C51L34,POINT (-61.119552385529 -9.883050373701)
2024,CORTE SELETIVO,C51L34,POINT (-61.077247022033085 -9.818143585461407)
2024,CORTE SELETIVO,C51L34,POINT (-61.07707134131972 -9.817644415712685)
2024,CORTE SELETIVO,C51L34,POINT (-61.03054303438352 -9.990349117425007)
2024,CORTE SELETIVO,C51L34,POINT (-61.009852426930294 -9.981754766025968)
2024,CORTE SELETIVO,C51L34,POINT (-61.001149569979255 -9.972346968932657)
2024,CORTE SELETIVO,C51L34,POINT (-61.003746167438905 -9.971953154303431)
2024,CORTE SELETIVO,C51L34,POINT (-61.02295272175475 -9.960146732036002)
2024,CORTE SELETIVO,C51L34,POINT (-61.017352887676154 -9.95994916820118)
2024,CORTE SELETIVO,C51L34,POINT (-61.01875361070314 -9.948652928031738)
2024,CORTE SELETIVO,C51L34,POINT (-61.02228226493112 -9.939361559503187)
2024,CORTE SELETIVO,C51L34,POINT (-61.02674979750597 -9.936545413035054)
2024,CORTE SELETIVO,C51L34,POINT (-61.05095029250387 -9.917510199962775)
2024,CORTE SELETIVO,C51L34,POINT (-61.02624559142383 -9.916846508013867)
2024,CORTE SELETIVO,C51L34,POINT (-61.02614693797387 -9.916693396232867)
2024,CORTE SELETIVO,C51L34,POINT (-61.03095284895917 -9.89755414850915)
2024,CORTE SELETIVO,C51L34,POINT (-61.025152424937765 -9.895471592292717)
2024,CORTE SELETIVO,C51L34,POINT (-61.02464800188694 -9.895352907571889)
2024,CORTE SELETIVO,C51L34,POINT (-61.03175312235743 -9.893288382565784)
2024,CORTE SELETIVO,C51L34,POINT (-61.030755279929714 -9.891248086754358)
2024,CORTE SELETIVO,C51L34,POINT (-61.0103474198727 -9.772145671335153)
2024,CORTE SELETIVO,C51L34,POINT (-61.05944984816512 -9.911345217929327)
2024,CORTE SELETIVO,C51L34,POINT (-61.12064900280009 -9.900450270504221)
2024,CORTE SELETIVO,C51L34,POINT (-61.22144836079927 -9.948900099101774)
2024,CORTE SELETIVO,C51L34,POINT (-61.22211813462461 -9.94843240167048)
2024,CORTE SELETIVO,C51L34,POINT (-61.22124897132133 -9.948368745514449)
2024,CORTE SELETIVO,C51L34,POINT (-61.22184905509964 -9.948247400054967)
2024,CORTE SELETIVO,C51L34,POINT (-61.221053362289894 -9.946269624748359)
2024,CORTE SELETIVO,C51L34,POINT (-61.22034751536079 -9.94609805806141)
2024,CORTE SELETIVO,C51L34,POINT (-61.13624841352848 -9.951446837648794)
2024,CORTE SELETIVO,C51L34,POINT (-61.21941944207215 -9.946275351263779)
2024,CORTE SELETIVO,C51L34,POINT (-61.22004654944315 -9.945852170454582)
2024,CORTE SELETIVO,C51L34,POINT (-61.100251016956356 -9.920352955666644)
2024,CORTE SELETIVO,C51L34,POINT (-61.05954793031593 -9.911253615568919)
2024,CORTE SELETIVO,C51L34,POINT (-61.221665662020484 -9.948624480313704)
2024,CORTE SELETIVO,C51L34,POINT (-61.22257867095508 -9.948266596781119)
2024,CORTE SELETIVO,C51L34,POINT (-61.221603699688885 -9.948289312492145)
2024,CORTE SELETIVO,C51L34,POINT (-61.219684512791666 -9.947454398464727)
2024,CORTE SELETIVO,C51L34,POINT (-61.21884770518465 -9.946602847696253)
2024,CORTE SELETIVO,C51L34,POINT (-61.22022657106251 -9.946357303933235)
2024,CORTE SELETIVO,C51L34,POINT (-61.221047689915224 -9.946121914202648)
2024,CORTE SELETIVO,C51L34,POINT (-61.145745321700254 -9.94058669813034)
2024,CORTE SELETIVO,C51L34,POINT (-61.148198061556954 -9.93784639531365)
2024,CORTE SELETIVO,C51L34,POINT (-61.059547505776244 -9.911346392237421)
2024,CORTE SELETIVO,C51L34,POINT (-61.24665051247708 -9.822550416509648)
2024,CORTE SELETIVO,C51L34,POINT (-61.211250292526046 -9.808548515098847)
2024,CORTE SELETIVO,C51L34,POINT (-61.112350958407426 -9.961247582630705)
2024,CORTE SELETIVO,C51L34,POINT (-61.01424676929378 -9.785251872072052)
2024,CORTE SELETIVO,C51L34,POINT (-61.220951425053265 -9.799452795387827)
2024,CORTE SELETIVO,C51L34,POINT (-61.21534686363707 -9.950251297750915)
2024,CORTE SELETIVO,C51L34,POINT (-61.141146884478864 -9.950150097610269)
2024,CORTE SELETIVO,C51L34,POINT (-61.14245344815466 -9.94815084814189)
2024,CORTE SELETIVO,C51L34,POINT (-61.14445096050743 -9.943448906301912)
2024,CORTE SELETIVO,C51L34,POINT (-61.14794819321486 -9.93724665515256)
2024,CORTE SELETIVO,C51L34,POINT (-61.14774640737367 -9.93664550858898)
2024,CORTE SELETIVO,C51L34,POINT (-61.147778677199355 -9.935250814988587)
2024,CORTE SELETIVO,C51L34,POINT (-61.150650974112125 -9.933349349745928)
2024,CORTE SELETIVO,C51L34,POINT (-61.246650244109524 -9.822647285365965)
2024,CORTE SELETIVO,C51L34,POINT (-61.135952903940534 -9.951446120394413)
2024,CORTE SELETIVO,C51L34,POINT (-61.1327473282767 -9.946545620303823)
2024,CORTE SELETIVO,C51L34,POINT (-61.13255171771372 -9.941607011582981)
2024,CORTE SELETIVO,C51L34,POINT (-61.131752883582955 -9.9284525084458)
2024,CORTE SELETIVO,C51L34,POINT (-61.100357213871646 -9.920349742351094)
2024,CORTE SELETIVO,C51L34,POINT (-61.12864885172649 -9.9163493520331)
2024,CORTE SELETIVO,C51L34,POINT (-61.054849095228946 -9.911464556709975)
2024,CORTE SELETIVO,C51L34,POINT (-61.03114816186944 -9.89325175650325)
2024,CORTE SELETIVO,C51L34,POINT (-61.03624670123897 -9.872453259563926)
2024,CORTE SELETIVO,C51L34,POINT (-61.03105218962937 -9.893246196974989)
2024,CORTE SELETIVO,C51L34,POINT (-61.20372203389495 -9.95364852224144)
2024,CORTE SELETIVO,C51L34,POINT (-61.23121459804719 -9.952380531250094)
2024,CORTE SELETIVO,C51L34,POINT (-61.221247619791065 -9.948989252185942)
2024,CORTE SELETIVO,C51L34,POINT (-61.22267059389207 -9.94812623388064)
2024,CORTE SELETIVO,C51L34,POINT (-61.22324967033486 -9.946453612027112)
2024,CORTE SELETIVO,C51L34,POINT (-61.21989757473266 -9.946316870143308)
2024,CORTE SELETIVO,C51L34,POINT (-61.22094686686235 -9.946270909430453)
2024,CORTE SELETIVO,C51L34,POINT (-61.23184831574117 -9.915548911194605)
2024,CORTE SELETIVO,C51L34,POINT (-61.23004764529058 -9.90194741396564)
2024,CORTE SELETIVO,C51L34,POINT (-61.24665316069837 -9.822753072676019)
2024,CORTE SELETIVO,C51L34,POINT (-61.24675433112804 -9.822556810499211)
2024,CORTE SELETIVO,C51L34,POINT (-61.246646607040745 -9.822447909422676)
2024,CORTE SELETIVO,C51L34,POINT (-61.195672464059186 -9.82150772730259)
2024,CORTE SELETIVO,C51L34,POINT (-61.214646213654014 -9.802347841515138)
2024,CORTE SELETIVO,C51L34,POINT (-61.17435414276865 -9.98444689447146)
2024,CORTE SELETIVO,C51L34,POINT (-61.17417841808437 -9.984145812589606)
2024,CORTE SELETIVO,C51L34,POINT (-61.14125418111386 -9.950549954340955)
2024,CORTE SELETIVO,C51L34,POINT (-61.14144756813093 -9.950146984278517)
2024,CORTE SELETIVO,C51L34,POINT (-61.12015340385721 -9.936048334780608)
2024,CORTE SELETIVO,C51L34,POINT (-61.12764610012505 -9.931251190362882)
2024,CORTE SELETIVO,C51L34,POINT (-61.1159727770996 -9.922546499132242)
2024,CORTE SELETIVO,C51L34,POINT (-61.119549489973345 -9.88278171484892)
2024,CORTE SELETIVO,C51L34,POINT (-61.1627455966392 -9.86995449959333)
2024,CORTE SELETIVO,C51L34,POINT (-61.160947972400656 -9.869653573059795)
2024,CORTE SELETIVO,C51L34,POINT (-61.160953589895215 -9.869453844065106)
2024,CORTE SELETIVO,C51L34,POINT (-61.16094969073742 -9.869249102060639)
2024,CORTE SELETIVO,C51L34,POINT (-61.1923517989445 -9.817424056976936)
2024,CORTE SELETIVO,C51L34,POINT (-61.187247323386465 -9.798691600116692)
2024,CORTE SELETIVO,C51L34,POINT (-61.003854238351984 -9.971747319359034)
2024,CORTE SELETIVO,C51L34,POINT (-61.09075227976744 -9.956249266373494)
2024,CORTE SELETIVO,C51L34,POINT (-61.10815231193155 -9.935453001610185)
2024,CORTE SELETIVO,C51L34,POINT (-61.100633365736655 -9.920245192822719)
2024,CORTE SELETIVO,C51L34,POINT (-61.06584661938976 -9.920149034018099)
2024,CORTE SELETIVO,C51L34,POINT (-61.10065211681549 -9.919948271326769)
2024,CORTE SELETIVO,C51L34,POINT (-61.05095204601524 -9.917746964947478)
2024,CORTE SELETIVO,C51L34,POINT (-61.05955091524777 -9.911454663472854)
2024,CORTE SELETIVO,C51L34,POINT (-61.05964949520334 -9.911354019449254)
2024,CORTE SELETIVO,C51L34,POINT (-61.06865040633632 -9.909547368944647)
2024,CORTE SELETIVO,C51L34,POINT (-61.044780846027535 -9.798421479890743)
2024,CORTE SELETIVO,C51L34,POINT (-61.04475399476211 -9.798151018114465)
2024,CORTE SELETIVO,C51L34,POINT (-61.010751317420386 -9.772645642362466)
2024,CORTE SELETIVO,C51L34,POINT (-61.004551038446586 -9.771822394164364)
2024,CORTE SELETIVO,C51L34,POINT (-61.22124662623011 -9.949390125385595)
2024,CORTE SELETIVO,C51L34,POINT (-61.21955561615927 -9.946365195714822)
2024,CORTE SELETIVO,C51L34,POINT (-61.10034732751201 -9.920052613541031)
2024,CORTE SELETIVO,C51L34,POINT (-61.10024835215238 -9.920249135133373)
2024,CORTE SELETIVO,C51L34,POINT (-61.132151253484935 -9.919248425217551)
2024,CORTE SELETIVO,C51L34,POINT (-61.22165279737771 -9.953553095678847)
2024,CORTE SELETIVO,C51L34,POINT (-61.22154808638166 -9.866254383564286)
2024,CORTE SELETIVO,C51L34,POINT (-61.231150220945246 -9.9522494605045)
2024,CORTE SELETIVO,C51L34,POINT (-61.234952281646 -9.945745312184615)
2024,CORTE SELETIVO,C51L34,POINT (-61.05945192111732 -9.911249126284083)
2024,CORTE SELETIVO,C51L34,POINT (-61.21215319073257 -9.899850308319165)
2024,CORTE SELETIVO,C51L34,POINT (-61.20374697282679 -9.953447919773268)
2024,CORTE SELETIVO,C51L34,POINT (-61.14818326245052 -9.933745790137037)
2024,CORTE SELETIVO,C51L34,POINT (-61.14985342669139 -9.932847909483524)
2024,CORTE SELETIVO,C51L34,POINT (-61.1499469377256 -9.932754152836763)
2024,CORTE SELETIVO,C51L34,POINT (-61.20364926271181 -9.953548421104225)
2024,CORTE SELETIVO,C51L34,POINT (-61.215347620200944 -9.95015017315564)
2024,CORTE SELETIVO,C51L34,POINT (-61.221450883671466 -9.949106866439623)
2024,CORTE SELETIVO,C51L34,POINT (-61.15146765146889 -9.935961255575421)
2024,CORTE SELETIVO,C51L34,POINT (-61.059350870515416 -9.911351885547104)
2024,CORTE SELETIVO,C51L34,POINT (-61.236946605506766 -9.904748367964919)
2024,CORTE SELETIVO,C51L34,POINT (-61.212149865212936 -9.900253568281007)
2024,CORTE SELETIVO,C51L34,POINT (-61.05935110033151 -9.911452300190113)
2024,CORTE SELETIVO,C51L34,POINT (-61.0168506642688 -9.96015377725765)
2024,CORTE SELETIVO,C51L34,POINT (-61.20364625262026 -9.954758987883466)
2024,CORTE SELETIVO,C51L34,POINT (-61.2299521913374 -9.95225381175488)
2024,CORTE SELETIVO,C51L34,POINT (-61.230054317960615 -9.951252409151637)
2024,CORTE SELETIVO,C51L34,POINT (-61.21524892010303 -9.950248143898026)
2024,CORTE SELETIVO,C51L34,POINT (-61.230451736905295 -9.947946568287573)
2024,CORTE SELETIVO,C51L34,POINT (-61.2195474188511 -9.947785213910892)
2024,CORTE SELETIVO,C51L34,POINT (-61.17335140637883 -9.947452965604734)
2024,CORTE SELETIVO,C51L34,POINT (-61.17324625638983 -9.947346086057031)
2024,CORTE SELETIVO,C51L34,POINT (-61.1731541510177 -9.94724909531379)
2024,CORTE SELETIVO,C51L34,POINT (-61.14829172711975 -9.933950529477116)
2024,CORTE SELETIVO,C51L34,POINT (-61.150951564270905 -9.9335484272343)
2024,CORTE SELETIVO,C51L34,POINT (-61.14985356200965 -9.933045284485742)
2024,CORTE SELETIVO,C51L34,POINT (-61.15039471977336 -9.932967850062562)
2024,CORTE SELETIVO,C51L34,POINT (-61.21230452679191 -9.899915434033543)
2024,CORTE SELETIVO,C51L34,POINT (-61.1609543724853 -9.869347759055035)
2024,CORTE SELETIVO,C51L34,POINT (-61.166752076568514 -9.866548516432456)
2024,CORTE SELETIVO,C51L34,POINT (-61.24584807253264 -9.85625342762382)
2024,CORTE SELETIVO,C51L34,POINT (-61.2211515880152 -9.837351089092484)
2024,CORTE SELETIVO,C51L34,POINT (-61.17115223016869 -9.813452975916872)
2024,CORTE SELETIVO,C51L34,POINT (-61.201945823891116 -9.803546817145579)
2024,CORTE SELETIVO,C51L34,POINT (-61.21455895247745 -9.802439210649682)
2024,CORTE SELETIVO,C51L34,POINT (-61.203350245060555 -9.802049512556579)
2024,CORTE SELETIVO,C51L34,POINT (-61.210051093044335 -9.800047793399726)
2024,CORTE SELETIVO,C51L34,POINT (-61.18754770241552 -9.79864698712312)
2024,CORTE SELETIVO,C51L34,POINT (-61.104450049608054 -9.970752887941547)
2024,CORTE SELETIVO,C51L34,POINT (-61.136547337196006 -9.951453504075635)
2024,CORTE SELETIVO,C51L34,POINT (-61.139753736526536 -9.951346522019634)
2024,CORTE SELETIVO,C51L34,POINT (-61.1367480807534 -9.951351227633305)
2024,CORTE SELETIVO,C51L34,POINT (-61.13635018181222 -9.951351444131257)
2024,CORTE SELETIVO,C51L34,POINT (-61.13506657035481 -9.951250852280783)
2024,CORTE SELETIVO,C51L34,POINT (-61.134552400629524 -9.95125292750181)
2024,CORTE SELETIVO,C51L34,POINT (-61.1343540751631 -9.951248699859333)
2024,CORTE SELETIVO,C51L34,POINT (-61.13274700077645 -9.947050357406766)
2024,CORTE SELETIVO,C51L34,POINT (-61.143869829952166 -9.94655376142133)
2024,CORTE SELETIVO,C51L34,POINT (-61.13275200389117 -9.945449688280853)
2024,CORTE SELETIVO,C51L34,POINT (-61.13255182778869 -9.942946345007131)
2024,CORTE SELETIVO,C51L34,POINT (-61.14334561584455 -9.940245533247396)
2024,CORTE SELETIVO,C51L34,POINT (-61.14321492569648 -9.940147888506207)
2024,CORTE SELETIVO,C51L34,POINT (-61.14785262798278 -9.937047115413066)
2024,CORTE SELETIVO,C51L34,POINT (-61.12756247513001 -9.93135404324803)
2024,CORTE SELETIVO,C51L34,POINT (-61.130547964161096 -9.925881485253907)
2024,CORTE SELETIVO,C51L34,POINT (-61.12412685698997 -9.922121961070161)
2024,CORTE SELETIVO,C51L34,POINT (-61.11264616502679 -9.921052098789373)
2024,CORTE SELETIVO,C51L34,POINT (-61.10025014503328 -9.920449999199668)
2024,CORTE SELETIVO,C51L34,POINT (-61.131949726282855 -9.919145619662213)
2024,CORTE SELETIVO,C51L34,POINT (-61.11651858813984 -9.8763711050111)
2024,CORTE SELETIVO,C51L34,POINT (-61.1083540711317 -9.867548379949156)
2024,CORTE SELETIVO,C51L34,POINT (-61.111952187266404 -9.822350756723583)
2024,CORTE SELETIVO,C51L34,POINT (-61.08904790847677 -9.980350436216048)
2024,CORTE SELETIVO,C51L34,POINT (-61.023348901288045 -9.96544670322052)
2024,CORTE SELETIVO,C51L34,POINT (-61.02334688301552 -9.965248106323743)
2024,CORTE SELETIVO,C51L34,POINT (-61.01984654831408 -9.964754738199206)
2024,CORTE SELETIVO,C51L34,POINT (-61.022949437742135 -9.958753507512705)
2024,CORTE SELETIVO,C51L34,POINT (-61.03804985595168 -9.94605058708353)
2024,CORTE SELETIVO,C51L34,POINT (-61.04007979048562 -9.920949983761489)
2024,CORTE SELETIVO,C51L34,POINT (-61.04934660179171 -9.919454387071951)
2024,CORTE SELETIVO,C51L34,POINT (-61.06985032003443 -9.910247022514847)
2024,CORTE SELETIVO,C51L34,POINT (-61.09494718756951 -9.910153114197312)
2024,CORTE SELETIVO,C51L34,POINT (-61.09485026245854 -9.910053825110852)
2024,CORTE SELETIVO,C51L34,POINT (-61.09495036072998 -9.909949048722552)
2024,CORTE SELETIVO,C51L34,POINT (-61.030846150470715 -9.897448956279538)
2024,CORTE SELETIVO,C51L34,POINT (-61.024757653922066 -9.89544667173578)
2024,CORTE SELETIVO,C51L34,POINT (-61.0311536921708 -9.893152483410743)
2024,CORTE SELETIVO,C51L34,POINT (-61.031351356424224 -9.892845804895993)
2024,CORTE SELETIVO,C51L34,POINT (-61.07716666994845 -9.817552127951025)
2024,CORTE SELETIVO,C51L34,POINT (-61.08214635222155 -9.814947635820577)
2024,CORTE SELETIVO,C51L34,POINT (-61.01454709293222 -9.78514721561639)
2024,CORTE SELETIVO,C51L34,POINT (-61.01415420451838 -9.785052482583074)
2024,CORTE SELETIVO,C51L34,POINT (-61.014351518695825 -9.784913835259898)
2024,CORTE SELETIVO,C51L34,POINT (-61.00454977956827 -9.771651393211652)
2024,CORTE SELETIVO,C51L34,POINT (-61.15334837143289 -9.95095145309556)
2024,CORTE SELETIVO,C51L34,POINT (-61.212154306636705 -9.900148020602218)
2024,CORTE SELETIVO,C51L34,POINT (-61.022854106583715 -9.959149259813273)
2024,CORTE SELETIVO,C51L34,POINT (-61.079250941045984 -9.906748034205323)
2024,CORTE SELETIVO,C51L34,POINT (-61.20365228249292 -9.953449552163297)
2024,CORTE SELETIVO,C51L34,POINT (-61.22105181895456 -9.837350609547029)
2024,CORTE SELETIVO,C51L34,POINT (-61.1710494362114 -9.81345191414943)
2024,CORTE SELETIVO,C51L34,POINT (-61.116548239535035 -9.876250250633083)
2024,CORTE SELETIVO,C51L34,POINT (-61.2210510993879 -9.837449079280217)
2024,CORTE SELETIVO,C51L34,POINT (-61.171076954879474 -9.813548733821737)
2024,CORTE SELETIVO,C51L34,POINT (-61.016553959719516 -9.792048485348182)
2024,CORTE SELETIVO,C51L34,POINT (-61.203753138557836 -9.954740874395283)
2024,CORTE SELETIVO,C51L34,POINT (-61.06914596477127 -9.905449692119827)
2024,CORTE SELETIVO,C51L34,POINT (-61.03054999004609 -9.990451454885738)
2024,CORTE SELETIVO,C51L34,POINT (-61.02285281224918 -9.959245800428727)
2024,CORTE SELETIVO,C51L34,POINT (-61.20394664639041 -9.952650925605079)
2024,CORTE SELETIVO,C51L34,POINT (-61.2040489325906 -9.95254793027345)
2024,CORTE SELETIVO,C51L34,POINT (-61.07734664632158 -9.818245382946007)
2024,CORTE SELETIVO,C51L34,POINT (-61.19565278242544 -9.8005521717216)
2024,CORTE SELETIVO,C51L34,POINT (-61.11245270212851 -9.961347022537158)
2024,CORTE SELETIVO,C51L34,POINT (-61.17125365743284 -9.81345178259862)
2024,CORTE SELETIVO,C51L34,POINT (-61.008849882192905 -9.804047615517842)
2024,CORTE SELETIVO,C51L34,POINT (-61.11245326912328 -9.961446823672887)
2024,CORTE SELETIVO,C51L34,POINT (-61.02295212166687 -9.95924972880641)
2024,CORTE SELETIVO,C51L34,POINT (-61.01325364420579 -9.956050105395837)
2024,CORTE SELETIVO,C51L34,POINT (-61.07935350069043 -9.906750524534925)
2024,CORTE SELETIVO,C51L34,POINT (-61.17124793716412 -9.813554087942645)
2024,CORTE SELETIVO,C51L34,POINT (-61.11235010632762 -9.96135296292267)
2024,CORTE SELETIVO,C51L34,POINT (-61.20405249039398 -9.951949184704683)
2024,CORTE SELETIVO,C51L34,POINT (-61.212049686532225 -9.90015222588751)
2024,CORTE SELETIVO,C51L34,POINT (-61.17125153138094 -9.813346432711931)
2024,CORTE SELETIVO,C51L34,POINT (-61.2112526168548 -9.808354394261032)
2024,CORTE SELETIVO,C51L34,POINT (-61.24915067177272 -9.98225010641135)
2024,CORTE SELETIVO,C51L34,POINT (-61.21495378338486 -9.958250048744581)
2024,CORTE SELETIVO,C51L34,POINT (-61.20385236366841 -9.954842476831635)
2024,CORTE SELETIVO,C51L34,POINT (-61.202749742074694 -9.953449220979506)
2024,CORTE SELETIVO,C51L34,POINT (-61.2037517998545 -9.953349799652063)
2024,CORTE SELETIVO,C51L34,POINT (-61.20405186351417 -9.952049184058957)
2024,CORTE SELETIVO,C51L34,POINT (-61.22955357096553 -9.951050620310857)
2024,CORTE SELETIVO,C51L34,POINT (-61.23055233076509 -9.947747599320019)
2024,CORTE SELETIVO,C51L34,POINT (-61.22184712523277 -9.947145997270885)
2024,CORTE SELETIVO,C51L34,POINT (-61.21984784111546 -9.946753262097406)
2024,CORTE SELETIVO,C51L34,POINT (-61.22144841162998 -9.866149605912506)
2024,CORTE SELETIVO,C51L34,POINT (-61.19569275277346 -9.837946692054611)
2024,CORTE SELETIVO,C51L34,POINT (-61.19702496917199 -9.8367460414583)
2024,CORTE SELETIVO,C51L34,POINT (-61.24764786257904 -9.835172970502466)
2024,CORTE SELETIVO,C51L34,POINT (-61.24784580738542 -9.835150912627352)
2024,CORTE SELETIVO,C51L34,POINT (-61.211247965665166 -9.808453116070366)
2024,CORTE SELETIVO,C51L34,POINT (-61.20644584437096 -9.801448999801632)
2024,CORTE SELETIVO,C51L34,POINT (-61.20635227652592 -9.801345589169555)
2024,CORTE SELETIVO,C51L34,POINT (-61.22124634474016 -9.799446189859328)
2024,CORTE SELETIVO,C51L34,POINT (-61.221350145316556 -9.799147573691705)
2024,CORTE SELETIVO,C51L34,POINT (-61.24065064982183 -9.781752502465539)
2024,CORTE SELETIVO,C51L34,POINT (-61.11375274751741 -9.962652954106238)
2024,CORTE SELETIVO,C51L34,POINT (-61.1123527032646 -9.961450317762386)
2024,CORTE SELETIVO,C51L34,POINT (-61.1125504560027 -9.961248874833986)
2024,CORTE SELETIVO,C51L34,POINT (-61.141247403751564 -9.951788496805646)
2024,CORTE SELETIVO,C51L34,POINT (-61.13276164932402 -9.946352669428656)
2024,CORTE SELETIVO,C51L34,POINT (-61.10395399849621 -9.933146358206667)
2024,CORTE SELETIVO,C51L34,POINT (-61.12764600096832 -9.931451697285969)
2024,CORTE SELETIVO,C51L34,POINT (-61.09905213205941 -9.924948332103465)
2024,CORTE SELETIVO,C51L34,POINT (-61.100552779601344 -9.92035137507654)
2024,CORTE SELETIVO,C51L34,POINT (-61.079454027419914 -9.918048813884239)
2024,CORTE SELETIVO,C51L34,POINT (-61.09494652653567 -9.910348704080363)
2024,CORTE SELETIVO,C51L34,POINT (-61.095048911512194 -9.910246023436155)
2024,CORTE SELETIVO,C51L34,POINT (-61.09454699573011 -9.910052011079472)
2024,CORTE SELETIVO,C51L34,POINT (-61.16115236283288 -9.869654649971835)
2024,CORTE SELETIVO,C51L34,POINT (-61.161247839798115 -9.869468455607489)
2024,CORTE SELETIVO,C51L34,POINT (-61.11984624092809 -9.836449468887887)
2024,CORTE SELETIVO,C51L34,POINT (-61.16865898705231 -9.816307550717463)
2024,CORTE SELETIVO,C51L34,POINT (-61.17134755436403 -9.813549278674524)
2024,CORTE SELETIVO,C51L34,POINT (-61.13082864674272 -9.806681356670136)
2024,CORTE SELETIVO,C51L34,POINT (-61.06594614598972 -9.800853949463022)
2024,CORTE SELETIVO,C51L34,POINT (-61.19085065291265 -9.80008793364492)
2024,CORTE SELETIVO,C51L34,POINT (-61.02778623896778 -9.99795047967292)
2024,CORTE SELETIVO,C51L34,POINT (-61.01765138553161 -9.96984524122675)
2024,CORTE SELETIVO,C51L34,POINT (-61.01755125199773 -9.969349278356798)
2024,CORTE SELETIVO,C51L34,POINT (-61.02284089429993 -9.959736164776936)
2024,CORTE SELETIVO,C51L34,POINT (-61.02294857732955 -9.959552264529494)
2024,CORTE SELETIVO,C51L34,POINT (-61.023053415357204 -9.959346486124009)
2024,CORTE SELETIVO,C51L34,POINT (-61.02277943010753 -9.959348564008852)
2024,CORTE SELETIVO,C51L34,POINT (-61.01344649630026 -9.955949915496154)
2024,CORTE SELETIVO,C51L34,POINT (-61.016647824374324 -9.944549829494731)
2024,CORTE SELETIVO,C51L34,POINT (-61.044052229179435 -9.929950812322692)
2024,CORTE SELETIVO,C51L34,POINT (-61.03095153330998 -9.897449145726037)
2024,CORTE SELETIVO,C51L34,POINT (-61.02514760808497 -9.895645713173389)
2024,CORTE SELETIVO,C51L34,POINT (-61.03125339428529 -9.892846538074126)
2024,CORTE SELETIVO,C51L34,POINT (-61.031447644134246 -9.892853139997463)
2024,CORTE SELETIVO,C51L34,POINT (-61.0258314210552 -9.840049618153358)
2024,CORTE SELETIVO,C51L34,POINT (-61.00914846282845 -9.804028500335685)
2024,CORTE SELETIVO,C51L34,POINT (-61.06584622299854 -9.801035002452151)
2024,CORTE SELETIVO,C51L34,POINT (-61.01645144587585 -9.791905814993505)
2024,CORTE SELETIVO,C51L34,POINT (-61.01394937070198 -9.785185117190144)
2024,CORTE SELETIVO,C51L34,POINT (-61.01405113869827 -9.78504633803776)
2024,CORTE SELETIVO,C51L34,POINT (-61.15345084966951 -9.951250329991938)
2024,CORTE SELETIVO,C51L34,POINT (-61.06914827057334 -9.905547349140294)
2024,CORTE SELETIVO,C51L34,POINT (-61.008849573062 -9.803948464215729)
2024,CORTE SELETIVO,C51L34,POINT (-61.203646323092165 -9.840449953249252)
2024,CORTE SELETIVO,C51L34,POINT (-61.1207481674655 -9.891452762343109)
2024,CORTE SELETIVO,C51L34,POINT (-61.11255132668959 -9.961349021736014)
2024,CORTE SELETIVO,C51L34,POINT (-61.20375031233854 -9.954550385204112)
2024,CORTE SELETIVO,C51L34,POINT (-61.12075038993976 -9.891352528163463)
2024,CORTE SELETIVO,C51L34,POINT (-61.20104853483302 -9.862353075752669)
2024,CORTE SELETIVO,C51L34,POINT (-61.1533499195016 -9.951246195818525)
2024,CORTE SELETIVO,C51L34,POINT (-61.12355382342 -9.941150462471443)
2024,CORTE SELETIVO,C51L34,POINT (-61.11625366549699 -9.922248591253885)
2024,CORTE SELETIVO,C51L34,POINT (-61.12425147392102 -9.9221479481784)
2024,CORTE SELETIVO,C51L34,POINT (-61.09504771711081 -9.91015288239161)
2024,CORTE SELETIVO,C51L34,POINT (-61.09484790932758 -9.910150398530098)
2024,CORTE SELETIVO,C51L34,POINT (-61.09464582680688 -9.910003098559166)
2024,CORTE SELETIVO,C51L34,POINT (-61.104946630227616 -9.906348333147728)
2024,CORTE SELETIVO,C51L34,POINT (-61.16105161446915 -9.869753807716206)
2024,CORTE SELETIVO,C51L34,POINT (-61.103987660793074 -9.866324830163487)
2024,CORTE SELETIVO,C51L34,POINT (-61.20365152347915 -9.840651466148778)
2024,CORTE SELETIVO,C51L34,POINT (-61.20365161342143 -9.840352359017428)
2024,CORTE SELETIVO,C51L34,POINT (-61.17668161730534 -9.753096714745967)
2024,CORTE SELETIVO,C51L34,POINT (-61.094450670529596 -9.995253726066977)
2024,CORTE SELETIVO,C51L34,POINT (-61.017346990103086 -9.969827189483544)
2024,CORTE SELETIVO,C51L34,POINT (-61.09205431767997 -9.941455153704633)
2024,CORTE SELETIVO,C51L34,POINT (-61.07055188729799 -9.934246978464289)
2024,CORTE SELETIVO,C51L34,POINT (-61.0886540671541 -9.908645324803299)
2024,CORTE SELETIVO,C51L34,POINT (-61.06927653042405 -9.905641967460776)
2024,CORTE SELETIVO,C51L34,POINT (-61.03135156695469 -9.892946155421265)
2024,CORTE SELETIVO,C51L34,POINT (-61.00874793452603 -9.803951512326403)
2024,CORTE SELETIVO,C51L34,POINT (-61.00894824246158 -9.803685968996913)
2024,CORTE SELETIVO,C51L34,POINT (-61.05415007903203 -9.7963476300541)
2024,CORTE SELETIVO,C51L34,POINT (-61.01455881450686 -9.78491499971254)
2024,CORTE SELETIVO,C51L34,POINT (-61.00444567020676 -9.771547312967366)
2024,CORTE SELETIVO,C51L34,POINT (-61.153251040054805 -9.95135253072234)
2024,CORTE SELETIVO,C51L34,POINT (-61.200951104560026 -9.862349506875756)
2024,CORTE SELETIVO,C51L34,POINT (-61.21205245479571 -9.900452013339306)
2024,CORTE SELETIVO,C51L34,POINT (-61.01665319963824 -9.79205405101794)
2024,CORTE SELETIVO,C51L34,POINT (-61.15335091027514 -9.951349142396932)
2024,CORTE SELETIVO,C51L34,POINT (-61.240651447192285 -9.781649030423278)
2024,CORTE SELETIVO,C51L34,POINT (-61.09464949071806 -9.99544908202964)
2024,CORTE SELETIVO,C51L34,POINT (-61.10825186859712 -9.91074912420503)
2024,CORTE SELETIVO,C51L34,POINT (-61.21205095382527 -9.900248697336016)
2024,CORTE SELETIVO,C51L34,POINT (-61.11972243674663 -9.883351001580193)
2024,CORTE SELETIVO,C51L34,POINT (-61.136749599871834 -9.831054455215478)
2024,CORTE SELETIVO,C51L34,POINT (-61.20945386159369 -9.806045261419687)
2024,CORTE SELETIVO,C51L34,POINT (-61.19057512854685 -9.796630869184675)
2024,CORTE SELETIVO,C51L34,POINT (-61.240552925413226 -9.781652948577337)
2024,CORTE SELETIVO,C51L34,POINT (-61.09444739658469 -9.995354781943519)
2024,CORTE SELETIVO,C51L34,POINT (-61.086790702435984 -9.994752674335995)
2024,CORTE SELETIVO,C51L34,POINT (-61.09204835903722 -9.94134819511321)
2024,CORTE SELETIVO,C51L34,POINT (-61.02204753745481 -9.939189943799382)
2024,CORTE SELETIVO,C51L34,POINT (-61.056590688655525 -9.908052510287858)
2024,CORTE SELETIVO,C51L34,POINT (-61.051945914238004 -9.788150927466363)
2024,CORTE SELETIVO,C51L34,POINT (-61.07294797300244 -9.783354125601859)
2024,CORTE SELETIVO,C51L34,POINT (-61.22799444362756 -9.953258019416989)
2024,CORTE SELETIVO,C51L34,POINT (-61.1533492573987 -9.951450357565065)
2024,CORTE SELETIVO,C51L34,POINT (-61.01674943204178 -9.944545350002073)
2024,CORTE SELETIVO,C51L34,POINT (-61.153350942577624 -9.951051060864202)
2024,CORTE SELETIVO,C51L34,POINT (-61.1534461652875 -9.95094926204841)
2024,CORTE SELETIVO,C51L34,POINT (-61.15325393581995 -9.951252801040045)
2024,CORTE SELETIVO,C51L34,POINT (-61.077347665401895 -9.818048689379069)
2024,CORTE SELETIVO,C51L34,POINT (-61.24055217852507 -9.781550179260801)
2024,CORTE SELETIVO,C51L34,POINT (-61.15335393782527 -9.95115314254392)
2024,CORTE SELETIVO,C51L34,POINT (-61.11195185232508 -9.822252310660158)
2024,CORTE SELETIVO,C51L34,POINT (-61.24044851594701 -9.781545901949782)
2024,CORTE SELETIVO,C51L34,POINT (-61.211176841136975 -9.903142317822011)
2024,CORTE SELETIVO,C51L34,POINT (-61.211245861406844 -9.902879146473495)
2024,CORTE SELETIVO,C51L34,POINT (-61.22944768465627 -9.901347812931364)
2024,CORTE SELETIVO,C51L34,POINT (-61.21875083484473 -9.814348571095872)
2024,CORTE SELETIVO,C51L34,POINT (-61.21515436712485 -9.808657101971013)
2024,CORTE SELETIVO,C51L34,POINT (-61.214728627885734 -9.806252514520716)
2024,CORTE SELETIVO,C51L34,POINT (-61.21474840122495 -9.805649219757951)
2024,CORTE SELETIVO,C51L34,POINT (-61.2146528896815 -9.80394778752597)
2024,CORTE SELETIVO,C51L34,POINT (-61.21444746659935 -9.80395419490644)
2024,CORTE SELETIVO,C51L34,POINT (-61.214253715665116 -9.803846517038803)
2024,CORTE SELETIVO,C51L34,POINT (-61.21406415786603 -9.803752686390887)
2024,CORTE SELETIVO,C51L34,POINT (-61.21345381532314 -9.803752038140452)
2024,CORTE SELETIVO,C51L34,POINT (-61.215236377194 -9.803084335575795)
2024,CORTE SELETIVO,C51L34,POINT (-61.21424068324287 -9.802889668068593)
2024,CORTE SELETIVO,C51L34,POINT (-61.21354770596522 -9.80184014983004)
2024,CORTE SELETIVO,C51L34,POINT (-61.213852428122685 -9.801545338393813)
2024,CORTE SELETIVO,C51L34,POINT (-61.24065175860244 -9.781549484985119)
2024,CORTE SELETIVO,C51L34,POINT (-61.09434809992621 -9.995380108992537)
2024,CORTE SELETIVO,C51L34,POINT (-61.094632725676675 -9.995345616158398)
2024,CORTE SELETIVO,C51L34,POINT (-61.094449495397726 -9.995154417450383)
2024,CORTE SELETIVO,C51L34,POINT (-61.08650336415224 -9.994750337873073)
2024,CORTE SELETIVO,C51L34,POINT (-61.15345297482029 -9.95104867086363)
2024,CORTE SELETIVO,C51L34,POINT (-61.11604898985393 -9.922152922561597)
2024,CORTE SELETIVO,C51L34,POINT (-61.08871286557515 -9.908852523542437)
2024,CORTE SELETIVO,C51L34,POINT (-61.07605374886928 -9.905148738479364)
2024,CORTE SELETIVO,C51L34,POINT (-61.161147899943764 -9.869554628893527)
2024,CORTE SELETIVO,C51L34,POINT (-61.07734647063335 -9.81815041651852)
2024,CORTE SELETIVO,C51L34,POINT (-61.082252177823456 -9.815055178559467)
2024,CORTE SELETIVO,C51L34,POINT (-61.08199201948523 -9.81505349878402)
2024,CORTE SELETIVO,C51L34,POINT (-61.21075429509665 -9.807690747711163)
2024,CORTE SELETIVO,C51L34,POINT (-61.211051367685876 -9.807246408824083)
2024,CORTE SELETIVO,C51L34,POINT (-61.19074629651162 -9.796646294412621)
2024,CORTE SELETIVO,C51L34,POINT (-61.07292385654145 -9.783154740602948)
2024,CORTE SELETIVO,C51L34,POINT (-61.08554968086961 -9.767445335867256)
2024,CORTE SELETIVO,C51L34,POINT (-61.00095055348287 -9.972447804083549)
2024,CORTE SELETIVO,C51L34,POINT (-61.01754629643806 -9.969245862554335)
2024,CORTE SELETIVO,C51L34,POINT (-61.0010394590531 -9.954852973589148)
2024,CORTE SELETIVO,C51L34,POINT (-61.01675301326503 -9.944646258298175)
2024,CORTE SELETIVO,C51L34,POINT (-61.016948444160114 -9.94462297051928)
2024,CORTE SELETIVO,C51L34,POINT (-61.01715075089757 -9.944548959218636)
2024,CORTE SELETIVO,C51L34,POINT (-61.050854324264854 -9.917552561513142)
2024,CORTE SELETIVO,C51L34,POINT (-61.05034916021956 -9.917447548295755)
2024,CORTE SELETIVO,C51L34,POINT (-61.050550401338505 -9.917451023315824)
2024,CORTE SELETIVO,C51L34,POINT (-61.050848995096025 -9.917353645876702)
2024,CORTE SELETIVO,C51L34,POINT (-61.050360248114615 -9.9172505749469)
2024,CORTE SELETIVO,C51L34,POINT (-61.05795057024041 -9.91435067752263)
2024,CORTE SELETIVO,C51L34,POINT (-61.05955060198625 -9.91024523365418)
2024,CORTE SELETIVO,C51L34,POINT (-61.05685236785755 -9.908252756935257)
2024,CORTE SELETIVO,C51L34,POINT (-61.056481796441055 -9.908237169374463)
2024,CORTE SELETIVO,C51L34,POINT (-61.04674699479489 -9.860747801127415)
2024,CORTE SELETIVO,C51L34,POINT (-61.01764724753283 -9.848591668135105)
2024,CORTE SELETIVO,C51L34,POINT (-61.15324963576878 -9.951061232840859)
2024,CORTE SELETIVO,C51L34,POINT (-61.14135276128672 -9.951048697152519)
2024,CORTE SELETIVO,C51L34,POINT (-61.1535516242272 -9.950786347423119)
2024,CORTE SELETIVO,C51L34,POINT (-61.01664717654949 -9.944650731651082)
2024,CORTE SELETIVO,C51L34,POINT (-61.01685065886277 -9.944653962916302)
2024,CORTE SELETIVO,C51L34,POINT (-61.213453083132585 -9.801747556473602)
2024,CORTE SELETIVO,C51L34,POINT (-61.017752337044655 -9.848654304138016)
2024,CORTE SELETIVO,C51L34,POINT (-61.21855151280293 -9.962632897836116)
2024,CORTE SELETIVO,C51L34,POINT (-61.11204763983211 -9.822251657912384)
2024,CORTE SELETIVO,C51L34,POINT (-61.2135507348945 -9.801652160432921)
2024,CORTE SELETIVO,C51L34,POINT (-61.17121173386559 -9.812899213882908)
2024,CORTE SELETIVO,C51L34,POINT (-61.00834882242418 -9.776153781789262)
2024,CORTE SELETIVO,C51L34,POINT (-61.22225271925506 -9.996647980158718)
2024,CORTE SELETIVO,C51L34,POINT (-61.22237013184253 -9.996554380001966)
2024,CORTE SELETIVO,C51L34,POINT (-61.22254996104309 -9.99624948923899)
2024,CORTE SELETIVO,C51L34,POINT (-61.2223524149682 -9.9962500692689)
2024,CORTE SELETIVO,C51L34,POINT (-61.22245429513353 -9.995847140465917)
2024,CORTE SELETIVO,C51L34,POINT (-61.22264784974109 -9.995852423911174)
2024,CORTE SELETIVO,C51L34,POINT (-61.222551504446066 -9.995751935063344)
2024,CORTE SELETIVO,C51L34,POINT (-61.22310033553287 -9.99400237652167)
2024,CORTE SELETIVO,C51L34,POINT (-61.224749434540215 -9.989647964715887)
2024,CORTE SELETIVO,C51L34,POINT (-61.238745944145094 -9.967846128670566)
2024,CORTE SELETIVO,C51L34,POINT (-61.22904991912747 -9.946146018796611)
2024,CORTE SELETIVO,C51L34,POINT (-61.22907059833295 -9.94595212801348)
2024,CORTE SELETIVO,C51L34,POINT (-61.23220479235306 -9.93695032466608)
2024,CORTE SELETIVO,C51L34,POINT (-61.23014583065565 -9.936654183974568)
2024,CORTE SELETIVO,C51L34,POINT (-61.22439929683977 -9.924045015701381)
2024,CORTE SELETIVO,C51L34,POINT (-61.21925037576197 -9.892952984606577)
2024,CORTE SELETIVO,C51L34,POINT (-61.21945452400771 -9.892833721820494)
2024,CORTE SELETIVO,C51L34,POINT (-61.21974618760737 -9.892654308330107)
2024,CORTE SELETIVO,C51L34,POINT (-61.22824746225756 -9.889550546659159)
2024,CORTE SELETIVO,C51L34,POINT (-61.22834841507693 -9.889254245884302)
2024,CORTE SELETIVO,C51L34,POINT (-61.22184807350343 -9.870752143294077)
2024,CORTE SELETIVO,C51L34,POINT (-61.21970796478468 -9.867876373198422)
2024,CORTE SELETIVO,C51L34,POINT (-61.22044651240852 -9.867151908355806)
2024,CORTE SELETIVO,C51L34,POINT (-61.22015036480454 -9.86714886936328)
2024,CORTE SELETIVO,C51L34,POINT (-61.246052780981735 -9.856250471007993)
2024,CORTE SELETIVO,C51L34,POINT (-61.2429541169639 -9.856147058294715)
2024,CORTE SELETIVO,C51L34,POINT (-61.24305357703218 -9.856048570402944)
2024,CORTE SELETIVO,C51L34,POINT (-61.24285319903265 -9.85594690297668)
2024,CORTE SELETIVO,C51L34,POINT (-61.21525398099602 -9.809854271635993)
2024,CORTE SELETIVO,C51L34,POINT (-61.21505070936838 -9.809551450290366)
2024,CORTE SELETIVO,C51L34,POINT (-61.21515048417007 -9.809282057841497)
2024,CORTE SELETIVO,C51L34,POINT (-61.215054265211805 -9.809047217782878)
2024,CORTE SELETIVO,C51L34,POINT (-61.215250029862155 -9.808248605641227)
2024,CORTE SELETIVO,C51L34,POINT (-61.21504857411495 -9.808053426912036)
2024,CORTE SELETIVO,C51L34,POINT (-61.2152497606194 -9.808045452473817)
2024,CORTE SELETIVO,C51L34,POINT (-61.21496145338996 -9.806650863583075)
2024,CORTE SELETIVO,C51L34,POINT (-61.215049407328266 -9.806150730793815)
2024,CORTE SELETIVO,C51L34,POINT (-61.2152520882229 -9.805939745326105)
2024,CORTE SELETIVO,C51L34,POINT (-61.21496047991079 -9.80590607212276)
2024,CORTE SELETIVO,C51L34,POINT (-61.21505014783061 -9.805398983375387)
2024,CORTE SELETIVO,C51L34,POINT (-61.215446197643224 -9.803270938893185)
2024,CORTE SELETIVO,C51L34,POINT (-61.215350476036235 -9.802749162134525)
2024,CORTE SELETIVO,C51L34,POINT (-61.21504581422384 -9.802762707007638)
2024,CORTE SELETIVO,C51L34,POINT (-61.215450475542205 -9.799546226687891)
2024,CORTE SELETIVO,C51L34,POINT (-61.215652589243405 -9.788849469343779)
2024,CORTE SELETIVO,C51L34,POINT (-61.21735880838169 -9.77486442762733)
2024,CORTE SELETIVO,C51L34,POINT (-61.209252050770445 -9.96070792419391)
2024,CORTE SELETIVO,C51L34,POINT (-61.202039963113464 -9.89732058644294)
2024,CORTE SELETIVO,C51L34,POINT (-61.19535055923748 -9.883894269684731)
2024,CORTE SELETIVO,C51L34,POINT (-61.193247632134785 -9.877346505748767)
2024,CORTE SELETIVO,C51L34,POINT (-61.19918192980219 -9.874130092500616)
2024,CORTE SELETIVO,C51L34,POINT (-61.214094057846914 -9.87099319607013)
2024,CORTE SELETIVO,C51L34,POINT (-61.192725154234736 -9.870269055633951)
2024,CORTE SELETIVO,C51L34,POINT (-61.21324599118958 -9.859649399597329)
2024,CORTE SELETIVO,C51L34,POINT (-61.21464908384726 -9.842748337504428)
2024,CORTE SELETIVO,C51L34,POINT (-61.214649497627164 -9.84094945638618)
2024,CORTE SELETIVO,C51L34,POINT (-61.21446216808372 -9.840765650610477)
2024,CORTE SELETIVO,C51L34,POINT (-61.211583345001976 -9.810353392621993)
2024,CORTE SELETIVO,C51L34,POINT (-61.21195168364723 -9.810253219898872)
2024,CORTE SELETIVO,C51L34,POINT (-61.214757454140084 -9.810234280986542)
2024,CORTE SELETIVO,C51L34,POINT (-61.21124686206725 -9.809864488478174)
2024,CORTE SELETIVO,C51L34,POINT (-61.207864801234344 -9.808545588261358)
2024,CORTE SELETIVO,C51L34,POINT (-61.193849740286 -9.808566228216662)
2024,CORTE SELETIVO,C51L34,POINT (-61.2061462623802 -9.808426466719661)
2024,CORTE SELETIVO,C51L34,POINT (-61.210954140806926 -9.806644333841996)
2024,CORTE SELETIVO,C51L34,POINT (-61.21135300314108 -9.806258251116102)
2024,CORTE SELETIVO,C51L34,POINT (-61.210950582672794 -9.80615198567576)
2024,CORTE SELETIVO,C51L34,POINT (-61.21484063187212 -9.806177586369737)
2024,CORTE SELETIVO,C51L34,POINT (-61.195645960652385 -9.805852614040079)
2024,CORTE SELETIVO,C51L34,POINT (-61.19602324228 -9.805760349655275)
2024,CORTE SELETIVO,C51L34,POINT (-61.19495390733718 -9.805629962001952)
2024,CORTE SELETIVO,C51L34,POINT (-61.19604637053957 -9.805552457321514)
2024,CORTE SELETIVO,C51L34,POINT (-61.21105368457955 -9.80555206838819)
2024,CORTE SELETIVO,C51L34,POINT (-61.19485156974613 -9.80544774144121)
2024,CORTE SELETIVO,C51L34,POINT (-61.210920284167365 -9.804822131829338)
2024,CORTE SELETIVO,C51L34,POINT (-61.210754223237394 -9.804652132774812)
2024,CORTE SELETIVO,C51L34,POINT (-61.210051547911526 -9.80415979568583)
2024,CORTE SELETIVO,C51L34,POINT (-61.1899285567247 -9.804119964484414)
2024,CORTE SELETIVO,C51L34,POINT (-61.19776426000594 -9.802946293325604)
2024,CORTE SELETIVO,C51L34,POINT (-61.21464501381113 -9.802799335562252)
2024,CORTE SELETIVO,C51L34,POINT (-61.213953055765906 -9.802801987393577)
2024,CORTE SELETIVO,C51L34,POINT (-61.20384612060522 -9.801752698653253)
2024,CORTE SELETIVO,C51L34,POINT (-61.20394848208261 -9.8016519733485)
2024,CORTE SELETIVO,C51L34,POINT (-61.204099915491504 -9.801377495867099)
2024,CORTE SELETIVO,C51L34,POINT (-61.205951993427924 -9.800806531982522)
2024,CORTE SELETIVO,C51L34,POINT (-61.205953226683434 -9.80054552962413)
2024,CORTE SELETIVO,C51L34,POINT (-61.2101510246447 -9.800007448638945)
2024,CORTE SELETIVO,C51L34,POINT (-61.20654908893834 -9.799726924883583)
2024,CORTE SELETIVO,C51L34,POINT (-61.19688242844743 -9.757186003663717)
2024,CORTE SELETIVO,C51L34,POINT (-61.2097532239631 -9.75304725003563)
2024,CORTE SELETIVO,C51L34,POINT (-61.20972696059424 -9.752815160282838)
2024,CORTE SELETIVO,C51L34,POINT (-61.20984820108905 -9.75265030548887)
2024,CORTE SELETIVO,C51L34,POINT (-61.16324640003332 -9.983349582682493)
2024,CORTE SELETIVO,C51L34,POINT (-61.16340739328205 -9.98325367083332)
2024,CORTE SELETIVO,C51L34,POINT (-61.16445072066644 -9.983154743318606)
2024,CORTE SELETIVO,C51L34,POINT (-61.164327917047686 -9.983292281444221)
2024,CORTE SELETIVO,C51L34,POINT (-61.163386592383304 -9.98304842747395)
2024,CORTE SELETIVO,C51L34,POINT (-61.1643473015579 -9.98295323698378)
2024,CORTE SELETIVO,C51L34,POINT (-61.13524817648767 -9.951397959636733)
2024,CORTE SELETIVO,C51L34,POINT (-61.135546854626554 -9.951377759197198)
2024,CORTE SELETIVO,C51L34,POINT (-61.136551327485726 -9.951345590180592)
2024,CORTE SELETIVO,C51L34,POINT (-61.14054723627765 -9.950551238071107)
2024,CORTE SELETIVO,C51L34,POINT (-61.13274708435636 -9.948150754855423)
2024,CORTE SELETIVO,C51L34,POINT (-61.142748090960644 -9.948146849931941)
2024,CORTE SELETIVO,C51L34,POINT (-61.13265088435731 -9.943860728197905)
2024,CORTE SELETIVO,C51L34,POINT (-61.13265265128859 -9.943616850387714)
2024,CORTE SELETIVO,C51L34,POINT (-61.14374990537839 -9.941651239725607)
2024,CORTE SELETIVO,C51L34,POINT (-61.147946450645804 -9.937704156296803)
2024,CORTE SELETIVO,C51L34,POINT (-61.147746416595304 -9.935352395254109)
2024,CORTE SELETIVO,C51L34,POINT (-61.15772737574655 -9.930702504273487)
2024,CORTE SELETIVO,C51L34,POINT (-61.16287627358145 -9.884508801204714)
2024,CORTE SELETIVO,C51L34,POINT (-61.18694487955319 -9.880021851207262)
2024,CORTE SELETIVO,C51L34,POINT (-61.18724877455284 -9.87989784032032)
2024,CORTE SELETIVO,C51L34,POINT (-61.187147584208 -9.87965977704796)
2024,CORTE SELETIVO,C51L34,POINT (-61.16584733569624 -9.835646331905657)
2024,CORTE SELETIVO,C51L34,POINT (-61.16621480350774 -9.83580985629537)
2024,CORTE SELETIVO,C51L34,POINT (-61.16994886782844 -9.835547438326863)
2024,CORTE SELETIVO,C51L34,POINT (-61.16634833083093 -9.835452753295792)
2024,CORTE SELETIVO,C51L34,POINT (-61.166450017215105 -9.835252972791286)
2024,CORTE SELETIVO,C51L34,POINT (-61.17000258262123 -9.835126964988557)
2024,CORTE SELETIVO,C51L34,POINT (-61.154484930336054 -9.822148807606585)
2024,CORTE SELETIVO,C51L34,POINT (-61.171250976868905 -9.814047193863717)
2024,CORTE SELETIVO,C51L34,POINT (-61.17090869331655 -9.81316832212498)
2024,CORTE SELETIVO,C51L34,POINT (-61.17195031757813 -9.812951655166774)
2024,CORTE SELETIVO,C51L34,POINT (-61.172131667067866 -9.812578695032792)
2024,CORTE SELETIVO,C51L34,POINT (-61.16996953823236 -9.812157681970511)
2024,CORTE SELETIVO,C51L34,POINT (-61.169248452822686 -9.811946858408762)
2024,CORTE SELETIVO,C51L34,POINT (-61.170150397127244 -9.811753166002655)
2024,CORTE SELETIVO,C51L34,POINT (-61.16709783559366 -9.81171599776732)
2024,CORTE SELETIVO,C51L34,POINT (-61.16889694496074 -9.811558634816349)
2024,CORTE SELETIVO,C51L34,POINT (-61.16994727482922 -9.81160958741935)
2024,CORTE SELETIVO,C51L34,POINT (-61.169553763359865 -9.811247995633739)
2024,CORTE SELETIVO,C51L34,POINT (-61.168851521286534 -9.811050674193975)
2024,CORTE SELETIVO,C51L34,POINT (-61.1674519435183 -9.810945616791349)
2024,CORTE SELETIVO,C51L34,POINT (-61.167649076454175 -9.810661056076352)
2024,CORTE SELETIVO,C51L34,POINT (-61.152785104408636 -9.807942905449684)
2024,CORTE SELETIVO,C51L34,POINT (-61.18969951753567 -9.804354329352796)
2024,CORTE SELETIVO,C51L34,POINT (-61.17206179589216 -9.767925251411096)
2024,CORTE SELETIVO,C51L34,POINT (-61.132152266731566 -9.987454449637378)
2024,CORTE SELETIVO,C51L34,POINT (-61.13234233345196 -9.98726629607431)
2024,CORTE SELETIVO,C51L34,POINT (-61.11018377107241 -9.971346734726051)
2024,CORTE SELETIVO,C51L34,POINT (-61.110148274194124 -9.97107612793865)
2024,CORTE SELETIVO,C51L34,POINT (-61.11055202076374 -9.970949820533523)
2024,CORTE SELETIVO,C51L34,POINT (-61.11095291388003 -9.970509278182108)
2024,CORTE SELETIVO,C51L34,POINT (-61.123849608576194 -9.967746563923756)
2024,CORTE SELETIVO,C51L34,POINT (-61.132553423097235 -9.94256631333251)
2024,CORTE SELETIVO,C51L34,POINT (-61.13224793192681 -9.942255816435473)
2024,CORTE SELETIVO,C51L34,POINT (-61.13254628563768 -9.942352851300665)
2024,CORTE SELETIVO,C51L34,POINT (-61.132451061700365 -9.941410015454956)
2024,CORTE SELETIVO,C51L34,POINT (-61.13164807828853 -9.938348050425851)
2024,CORTE SELETIVO,C51L34,POINT (-61.13175112456839 -9.933947847726188)
2024,CORTE SELETIVO,C51L34,POINT (-61.10685170101109 -9.933647321542052)
2024,CORTE SELETIVO,C51L34,POINT (-61.10035057511264 -9.920568136011713)
2024,CORTE SELETIVO,C51L34,POINT (-61.100045910747625 -9.920324776964048)
2024,CORTE SELETIVO,C51L34,POINT (-61.116052769291514 -9.91955468632975)
2024,CORTE SELETIVO,C51L34,POINT (-61.101629974176156 -9.905057538406735)
2024,CORTE SELETIVO,C51L34,POINT (-61.116551677785 -9.902142721888621)
2024,CORTE SELETIVO,C51L34,POINT (-61.11645149652741 -9.901846571324963)
2024,CORTE SELETIVO,C51L34,POINT (-61.115248636515204 -9.88025314256584)
2024,CORTE SELETIVO,C51L34,POINT (-61.10255433650244 -9.824022319383287)
2024,CORTE SELETIVO,C51L34,POINT (-61.107731408446085 -9.823653919200863)
2024,CORTE SELETIVO,C51L34,POINT (-61.09764840970678 -9.81509015056052)
2024,CORTE SELETIVO,C51L34,POINT (-61.09823699235943 -9.814945537894872)
2024,CORTE SELETIVO,C51L34,POINT (-61.117811390728136 -9.813654793654004)
2024,CORTE SELETIVO,C51L34,POINT (-61.10183128494895 -9.811198402748385)
2024,CORTE SELETIVO,C51L34,POINT (-61.10195125743212 -9.810845768732333)
2024,CORTE SELETIVO,C51L34,POINT (-61.101183367946014 -9.810646256661634)
2024,CORTE SELETIVO,C51L34,POINT (-61.1256540406489 -9.810553826501957)
2024,CORTE SELETIVO,C51L34,POINT (-61.125331334369626 -9.81034653872407)
2024,CORTE SELETIVO,C51L34,POINT (-61.125738050554666 -9.810350506068929)
2024,CORTE SELETIVO,C51L34,POINT (-61.125051729590645 -9.810245733879784)
2024,CORTE SELETIVO,C51L34,POINT (-61.10822073694194 -9.810149874523457)
2024,CORTE SELETIVO,C51L34,POINT (-61.10775341126829 -9.81015415559429)
2024,CORTE SELETIVO,C51L34,POINT (-61.108151448095725 -9.809951391508939)
2024,CORTE SELETIVO,C51L34,POINT (-61.09884617502267 -9.805351320583597)
2024,CORTE SELETIVO,C51L34,POINT (-61.09921506333014 -9.804855287556684)
2024,CORTE SELETIVO,C51L34,POINT (-61.099550836965335 -9.804952100800314)
2024,CORTE SELETIVO,C51L34,POINT (-61.099857094843564 -9.804937217129972)
2024,CORTE SELETIVO,C51L34,POINT (-61.09784821592206 -9.804353957317794)
2024,CORTE SELETIVO,C51L34,POINT (-61.12235627653331 -9.798441412759411)
2024,CORTE SELETIVO,C51L34,POINT (-61.12205025609378 -9.798006247531726)
2024,CORTE SELETIVO,C51L34,POINT (-61.121676644465 -9.798017531058694)
2024,CORTE SELETIVO,C51L34,POINT (-61.121925722516266 -9.797852616314549)
2024,CORTE SELETIVO,C51L34,POINT (-61.12224874392199 -9.797748959836193)
2024,CORTE SELETIVO,C51L34,POINT (-61.04895372883921 -9.994751401341698)
2024,CORTE SELETIVO,C51L34,POINT (-61.05304671978548 -9.975752039737502)
2024,CORTE SELETIVO,C51L34,POINT (-61.08646547455611 -9.91244847014692)
2024,CORTE SELETIVO,C51L34,POINT (-61.09334837937614 -9.911452995777665)
2024,CORTE SELETIVO,C51L34,POINT (-61.083946699831465 -9.909686724544322)
2024,CORTE SELETIVO,C51L34,POINT (-61.07514865381597 -9.909048226129343)
2024,CORTE SELETIVO,C51L34,POINT (-61.074847253047565 -9.908350376248343)
2024,CORTE SELETIVO,C51L34,POINT (-61.07582241418033 -9.842427691733809)
2024,CORTE SELETIVO,C51L34,POINT (-61.09694566649092 -9.815049114057484)
2024,CORTE SELETIVO,C51L34,POINT (-61.09685437327577 -9.814947620051116)
2024,CORTE SELETIVO,C51L34,POINT (-61.08983188059639 -9.81490236735686)
2024,CORTE SELETIVO,C51L34,POINT (-61.09714038479492 -9.814851262313885)
2024,CORTE SELETIVO,C51L34,POINT (-61.09340952362663 -9.814849343335023)
2024,CORTE SELETIVO,C51L34,POINT (-61.09097554641548 -9.808648787241847)
2024,CORTE SELETIVO,C51L34,POINT (-61.091053515375116 -9.808454158380208)
2024,CORTE SELETIVO,C51L34,POINT (-61.080354179542915 -9.80835177513798)
2024,CORTE SELETIVO,C51L34,POINT (-61.080092704358606 -9.808152060914999)
2024,CORTE SELETIVO,C51L34,POINT (-61.092348054834204 -9.80565139780711)
2024,CORTE SELETIVO,C51L34,POINT (-61.092476365680874 -9.805409040699303)
2024,CORTE SELETIVO,C51L34,POINT (-61.09730743362698 -9.80411377934709)
2024,CORTE SELETIVO,C51L34,POINT (-61.09693256524796 -9.803773450686814)
2024,CORTE SELETIVO,C51L34,POINT (-61.075154212149414 -9.803850693894542)
2024,CORTE SELETIVO,C51L34,POINT (-61.095057876974124 -9.802945498589654)
2024,CORTE SELETIVO,C51L34,POINT (-61.09065107190749 -9.80194739157338)
2024,CORTE SELETIVO,C51L34,POINT (-61.090556534186426 -9.801605530990368)
2024,CORTE SELETIVO,C51L34,POINT (-61.09265199893512 -9.801210547061354)
2024,CORTE SELETIVO,C51L34,POINT (-61.09215335664255 -9.801445736908253)
2024,CORTE SELETIVO,C51L34,POINT (-61.091582207422114 -9.80154695277212)
2024,CORTE SELETIVO,C51L34,POINT (-61.09117349797763 -9.801413576104501)
2024,CORTE SELETIVO,C51L34,POINT (-61.09205060496479 -9.801311630862122)
2024,CORTE SELETIVO,C51L34,POINT (-61.09141871345708 -9.801146794288616)
2024,CORTE SELETIVO,C51L34,POINT (-61.09135699547883 -9.800581374718597)
2024,CORTE SELETIVO,C51L34,POINT (-61.09143578670868 -9.799781615135943)
2024,CORTE SELETIVO,C51L34,POINT (-61.09154985604897 -9.79845044266383)
2024,CORTE SELETIVO,C51L34,POINT (-61.09037675906032 -9.798546833919948)
2024,CORTE SELETIVO,C51L34,POINT (-61.09065226993394 -9.798451714069339)
2024,CORTE SELETIVO,C51L34,POINT (-61.090549808588726 -9.798252235864423)
2024,CORTE SELETIVO,C51L34,POINT (-61.09083338195537 -9.798124785599816)
2024,CORTE SELETIVO,C51L34,POINT (-61.09039462787225 -9.797878608319428)
2024,CORTE SELETIVO,C51L34,POINT (-61.09016186881018 -9.79775502655756)
2024,CORTE SELETIVO,C51L34,POINT (-61.09034813324781 -9.79725300029552)
2024,CORTE SELETIVO,C51L34,POINT (-61.09188213887768 -9.790156204877876)
2024,CORTE SELETIVO,C51L34,POINT (-61.09546740816353 -9.776139267308173)
2024,CORTE SELETIVO,C51L34,POINT (-61.095053661150246 -9.771046749661119)
2024,CORTE SELETIVO,C51L34,POINT (-61.09526896563061 -9.770654230699016)
2024,CORTE SELETIVO,C51L34,POINT (-61.07521052279848 -9.750151122106695)
2024,CORTE SELETIVO,C51L34,POINT (-61.048892149564175 -9.99715469536246)
2024,CORTE SELETIVO,C51L34,POINT (-61.01395006013512 -9.9945480095281)
2024,CORTE SELETIVO,C51L34,POINT (-61.03725232179619 -9.98884811496597)
2024,CORTE SELETIVO,C51L34,POINT (-61.03525023629794 -9.98765301454552)
2024,CORTE SELETIVO,C51L34,POINT (-61.01414979881775 -9.985049779210236)
2024,CORTE SELETIVO,C51L34,POINT (-61.0405494302688 -9.984950184375647)
2024,CORTE SELETIVO,C51L34,POINT (-61.015248875927504 -9.983951584179056)
2024,CORTE SELETIVO,C51L34,POINT (-61.01515210975827 -9.983701753479906)
2024,CORTE SELETIVO,C51L34,POINT (-61.018363396277124 -9.982251742773)
2024,CORTE SELETIVO,C51L34,POINT (-61.00334940063096 -9.980452381011851)
2024,CORTE SELETIVO,C51L34,POINT (-61.019853760705566 -9.93855496591384)
2024,CORTE SELETIVO,C51L34,POINT (-61.012480563221715 -9.926582225092965)
2024,CORTE SELETIVO,C51L34,POINT (-61.01265311840401 -9.92285182361106)
2024,CORTE SELETIVO,C51L34,POINT (-61.01274701340084 -9.922747234453352)
2024,CORTE SELETIVO,C51L34,POINT (-61.01255164864484 -9.922654138931088)
2024,CORTE SELETIVO,C51L34,POINT (-61.040222446207494 -9.921052737076835)
2024,CORTE SELETIVO,C51L34,POINT (-61.03623275803701 -9.872546125418362)
2024,CORTE SELETIVO,C51L34,POINT (-61.0144495908453 -9.862046510396548)
2024,CORTE SELETIVO,C51L34,POINT (-61.02644946246484 -9.846218848245707)
2024,CORTE SELETIVO,C51L34,POINT (-61.0258541820834 -9.845746206612107)
2024,CORTE SELETIVO,C51L34,POINT (-61.026147544209806 -9.845286210039093)
2024,CORTE SELETIVO,C51L34,POINT (-61.02606670048891 -9.845027499176807)
2024,CORTE SELETIVO,C51L34,POINT (-61.02430084624457 -9.842046649192547)
2024,CORTE SELETIVO,C51L34,POINT (-61.02162653277567 -9.836896055827832)
2024,CORTE SELETIVO,C51L34,POINT (-61.01384643053078 -9.799749921101155)
2024,CORTE SELETIVO,C51L34,POINT (-61.01395831756389 -9.79947413619509)
2024,CORTE SELETIVO,C51L34,POINT (-61.009341725973336 -9.797840065799228)
2024,CORTE SELETIVO,C51L34,POINT (-61.009052339487 -9.797647390885539)
2024,CORTE SELETIVO,C51L34,POINT (-61.006148762126415 -9.796277557727626)
2024,CORTE SELETIVO,C51L34,POINT (-61.00545176129566 -9.796254399056778)
2024,CORTE SELETIVO,C51L34,POINT (-61.00625302841008 -9.796145796938783)
2024,CORTE SELETIVO,C51L34,POINT (-61.00465269526818 -9.796153795843594)
2024,CORTE SELETIVO,C51L34,POINT (-61.01324943752651 -9.793148294529638)
2024,CORTE SELETIVO,C51L34,POINT (-61.01812731125699 -9.792860313425242)
2024,CORTE SELETIVO,C51L34,POINT (-61.02050500691275 -9.791655033060167)
2024,CORTE SELETIVO,C51L34,POINT (-61.018843121552585 -9.791593288867691)
2024,CORTE SELETIVO,C51L34,POINT (-61.016546666514444 -9.791338437892305)
2024,CORTE SELETIVO,C51L34,POINT (-61.00157342734423 -9.790349482769702)
2024,CORTE SELETIVO,C51L34,POINT (-61.02351279916702 -9.785296985909579)
2024,CORTE SELETIVO,C51L34,POINT (-61.0161488672626 -9.781286887940023)
2024,CORTE SELETIVO,C51L34,POINT (-61.015849156372525 -9.781051151499103)
2024,CORTE SELETIVO,C51L34,POINT (-61.01045205446807 -9.779751889391427)
2024,CORTE SELETIVO,C51L34,POINT (-61.01225005352264 -9.77914596247687)
2024,CORTE SELETIVO,C51L34,POINT (-61.01533620016358 -9.768870877909578)
2024,CORTE SELETIVO,C51L34,POINT (-61.01345017925321 -9.767145697858647)
2024,CORTE SELETIVO,C51L34,POINT (-61.06824902618473 -9.90954717980053)
2024,CORTE SELETIVO,C51L34,POINT (-61.016852337957474 -9.944554353675036)
2024,CORTE SELETIVO,C51L34,POINT (-61.213451635364365 -9.801646773656145)
2024,CORTE SELETIVO,C51L34,POINT (-61.22945009252592 -9.901251247792624)
2024,CORTE SELETIVO,C51L34,POINT (-61.249447311930794 -9.89514991633835)
2024,CORTE SELETIVO,C51L34,POINT (-61.19225115085636 -9.817441505031095)
2024,CORTE SELETIVO,C51L34,POINT (-61.19254957996071 -9.817449698164948)
2024,CORTE SELETIVO,C51L34,POINT (-61.19234672206064 -9.817252524259178)
2024,CORTE SELETIVO,C51L34,POINT (-61.20541018717244 -9.812950476334397)
2024,CORTE SELETIVO,C51L34,POINT (-61.21284896733129 -9.809051417978662)
2024,CORTE SELETIVO,C51L34,POINT (-61.215148140249546 -9.808250188752528)
2024,CORTE SELETIVO,C51L34,POINT (-61.21100486123104 -9.807794733955827)
2024,CORTE SELETIVO,C51L34,POINT (-61.21105104281233 -9.807386605822513)
2024,CORTE SELETIVO,C51L34,POINT (-61.21075405636719 -9.806246144551459)
2024,CORTE SELETIVO,C51L34,POINT (-61.210652205582534 -9.806153091084287)
2024,CORTE SELETIVO,C51L34,POINT (-61.212063802389444 -9.805248829706855)
2024,CORTE SELETIVO,C51L34,POINT (-61.21474564638976 -9.804853769713427)
2024,CORTE SELETIVO,C51L34,POINT (-61.19085309840014 -9.796703100380729)
2024,CORTE SELETIVO,C51L34,POINT (-61.222920923770225 -9.792643988051775)
2024,CORTE SELETIVO,C51L34,POINT (-61.22096496117129 -9.77688576867615)
2024,CORTE SELETIVO,C51L34,POINT (-61.00975418241796 -9.981851847175012)
2024,CORTE SELETIVO,C51L34,POINT (-61.01785437002147 -9.952660491179898)
2024,CORTE SELETIVO,C51L34,POINT (-61.044148323460675 -9.929750286950563)
2024,CORTE SELETIVO,C51L34,POINT (-61.10824711201573 -9.910654251019228)
2024,CORTE SELETIVO,C51L34,POINT (-61.05644668473519 -9.908645460805642)
2024,CORTE SELETIVO,C51L34,POINT (-61.07595013041082 -9.90505161543236)
2024,CORTE SELETIVO,C51L34,POINT (-61.04644823038916 -9.860652690048587)
2024,CORTE SELETIVO,C51L34,POINT (-61.01775666436111 -9.84875458266342)
2024,CORTE SELETIVO,C51L34,POINT (-61.11184613433198 -9.822253181365575)
2024,CORTE SELETIVO,C51L34,POINT (-61.112153903317115 -9.82214778183609)
2024,CORTE SELETIVO,C51L34,POINT (-61.04569795816624 -9.811046432825298)
2024,CORTE SELETIVO,C51L34,POINT (-61.12294483103595 -9.79761746443041)
2024,CORTE SELETIVO,C51L34,POINT (-61.07275391388922 -9.783116217918312)
2024,CORTE SELETIVO,C51L34,POINT (-61.005964369322314 -9.77711378087297)
2024,CORTE SELETIVO,C51L34,POINT (-61.00844087237454 -9.776244348988325)
2024,CORTE SELETIVO,C51L34,POINT (-61.13074952679208 -9.769648526225897)
2024,CORTE SELETIVO,C51L34,POINT (-61.085427492322246 -9.767091566906004)
2024,CORTE SELETIVO,C51L34,POINT (-61.23815964255414 -9.969531796698561)
2024,CORTE SELETIVO,C51L34,POINT (-61.2389512335706 -9.96965106551672)
2024,CORTE SELETIVO,C51L34,POINT (-61.2392492568175 -9.969447177961577)
2024,CORTE SELETIVO,C51L34,POINT (-61.23915231748239 -9.969252704563445)
2024,CORTE SELETIVO,C51L34,POINT (-61.23754701430447 -9.969344994086088)
2024,CORTE SELETIVO,C51L34,POINT (-61.239551432386044 -9.96913710911343)
2024,CORTE SELETIVO,C51L34,POINT (-61.23824771312321 -9.96924478933805)
2024,CORTE SELETIVO,C51L34,POINT (-61.240033697045156 -9.968029593320834)
2024,CORTE SELETIVO,C51L34,POINT (-61.24315012208171 -9.952546727676696)
2024,CORTE SELETIVO,C51L34,POINT (-61.219253029895825 -9.892645209179971)
2024,CORTE SELETIVO,C51L34,POINT (-61.21464748418477 -9.840752575614298)
2024,CORTE SELETIVO,C51L34,POINT (-61.21494910084737 -9.810054515813333)
2024,CORTE SELETIVO,C51L34,POINT (-61.2150534824037 -9.80934623099027)
2024,CORTE SELETIVO,C51L34,POINT (-61.21515333943122 -9.809045323518928)
2024,CORTE SELETIVO,C51L34,POINT (-61.21504986500623 -9.805246128548575)
2024,CORTE SELETIVO,C51L34,POINT (-61.21515420405114 -9.805046143794998)
2024,CORTE SELETIVO,C51L34,POINT (-61.21438080496118 -9.803551244788117)
2024,CORTE SELETIVO,C51L34,POINT (-61.21444638399681 -9.802846945320699)
2024,CORTE SELETIVO,C51L34,POINT (-61.214877984674544 -9.802754416018653)
2024,CORTE SELETIVO,C51L34,POINT (-61.015245962338014 -9.983652565523096)
2024,CORTE SELETIVO,C51L34,POINT (-61.0184479078816 -9.982750399460176)
2024,CORTE SELETIVO,C51L34,POINT (-61.210151707477735 -9.898049672037)
2024,CORTE SELETIVO,C51L34,POINT (-61.026152994800505 -9.84515329613891)
2024,CORTE SELETIVO,C51L34,POINT (-61.024245899975654 -9.841932948299966)
2024,CORTE SELETIVO,C51L34,POINT (-61.214118590584434 -9.810247665221668)
2024,CORTE SELETIVO,C51L34,POINT (-61.21305385854011 -9.810148665483853)
2024,CORTE SELETIVO,C51L34,POINT (-61.21295228863679 -9.809948387503018)
2024,CORTE SELETIVO,C51L34,POINT (-61.21083271061133 -9.806635699788426)
2024,CORTE SELETIVO,C51L34,POINT (-61.21095135431448 -9.806409527848961)
2024,CORTE SELETIVO,C51L34,POINT (-61.19504874092754 -9.805349680663728)
2024,CORTE SELETIVO,C51L34,POINT (-61.210752778330566 -9.805049173967168)
2024,CORTE SELETIVO,C51L34,POINT (-61.20705110086972 -9.803253676177489)
2024,CORTE SELETIVO,C51L34,POINT (-61.21364825472675 -9.802850950285922)
2024,CORTE SELETIVO,C51L34,POINT (-61.21433740277361 -9.802748726358239)
2024,CORTE SELETIVO,C51L34,POINT (-61.01624947285319 -9.791153992327319)
2024,CORTE SELETIVO,C51L34,POINT (-61.00165427374436 -9.790167115830316)
2024,CORTE SELETIVO,C51L34,POINT (-61.01475725886662 -9.769037787232433)
2024,CORTE SELETIVO,C51L34,POINT (-61.03004917559598 -9.94865343494444)
2024,CORTE SELETIVO,C51L34,POINT (-61.05645059789362 -9.912451780521954)
2024,CORTE SELETIVO,C51L34,POINT (-61.179348771286115 -9.910351530104927)
2024,CORTE SELETIVO,C51L34,POINT (-61.06834864310481 -9.90954907686362)
2024,CORTE SELETIVO,C51L34,POINT (-61.215202508846914 -9.804944948426565)
2024,CORTE SELETIVO,C51L34,POINT (-61.21114683492639 -9.809653479752928)
2024,CORTE SELETIVO,C51L34,POINT (-61.17930778596268 -9.91045264510175)
2024,CORTE SELETIVO,C51L34,POINT (-61.09185057747393 -9.941547544470682)
2024,CORTE SELETIVO,C51L34,POINT (-61.11664961298443 -9.936552997449652)
2024,CORTE SELETIVO,C51L34,POINT (-61.11605139910997 -9.922254529250797)
2024,CORTE SELETIVO,C51L34,POINT (-61.09374863874484 -9.90175078836286)
2024,CORTE SELETIVO,C51L34,POINT (-61.09365254277394 -9.90164987275602)
2024,CORTE SELETIVO,C51L34,POINT (-61.160852413838796 -9.869552972858955)
2024,CORTE SELETIVO,C51L34,POINT (-61.20515074247266 -9.81295334938409)
2024,CORTE SELETIVO,C51L34,POINT (-61.21124844695667 -9.808052180241344)
2024,CORTE SELETIVO,C51L34,POINT (-61.21104637028331 -9.808051672485021)
2024,CORTE SELETIVO,C51L34,POINT (-61.2108501612796 -9.807850236636508)
2024,CORTE SELETIVO,C51L34,POINT (-61.21095346014107 -9.807346238275505)
2024,CORTE SELETIVO,C51L34,POINT (-61.21055274546323 -9.806608215242528)
2024,CORTE SELETIVO,C51L34,POINT (-61.210749026039615 -9.80655461290128)
2024,CORTE SELETIVO,C51L34,POINT (-61.21474964251909 -9.806448205340374)
2024,CORTE SELETIVO,C51L34,POINT (-61.20954852338944 -9.806131960439071)
2024,CORTE SELETIVO,C51L34,POINT (-61.190926732136305 -9.799852743419782)
2024,CORTE SELETIVO,C51L34,POINT (-61.13605258953365 -9.788820733700684)
2024,CORTE SELETIVO,C51L34,POINT (-61.130649653547 -9.769548822301248)
2024,CORTE SELETIVO,C51L34,POINT (-61.13054979362094 -9.76945426917783)
2024,CORTE SELETIVO,C51L34,POINT (-61.009846234558474 -9.98185008377802)
2024,CORTE SELETIVO,C51L34,POINT (-61.01745101186616 -9.969254271454872)
2024,CORTE SELETIVO,C51L34,POINT (-61.00055371616011 -9.96234607344727)
2024,CORTE SELETIVO,C51L34,POINT (-61.030048024765954 -9.948749379975697)
2024,CORTE SELETIVO,C51L34,POINT (-61.01705261199867 -9.944346159078572)
2024,CORTE SELETIVO,C51L34,POINT (-61.06464967170238 -9.918747280141623)
2024,CORTE SELETIVO,C51L34,POINT (-61.064950652164235 -9.918651470881674)
2024,CORTE SELETIVO,C51L34,POINT (-61.09144961172181 -9.91782708039707)
2024,CORTE SELETIVO,C51L34,POINT (-61.050252820018656 -9.917147751178483)
2024,CORTE SELETIVO,C51L34,POINT (-61.05804712277448 -9.914349663336107)
2024,CORTE SELETIVO,C51L34,POINT (-61.059453052938444 -9.91025232941823)
2024,CORTE SELETIVO,C51L34,POINT (-61.05964692318856 -9.910145302645082)
2024,CORTE SELETIVO,C51L34,POINT (-61.05685222489126 -9.908550193609114)
2024,CORTE SELETIVO,C51L34,POINT (-61.056848448038195 -9.908352072793038)
2024,CORTE SELETIVO,C51L34,POINT (-61.04564719803856 -9.870249470363056)
2024,CORTE SELETIVO,C51L34,POINT (-61.04644722224967 -9.860746323402068)
2024,CORTE SELETIVO,C51L34,POINT (-61.00595376410115 -9.77694726102478)
2024,CORTE SELETIVO,C51L34,POINT (-61.00844979655647 -9.77555455301305)
2024,CORTE SELETIVO,C51L34,POINT (-61.08545251472233 -9.76695167587636)
2024,CORTE SELETIVO,C51L34,POINT (-61.159751710011236 -9.973295504729588)
2024,CORTE SELETIVO,C51L34,POINT (-61.17951386598967 -9.91058152758985)
2024,CORTE SELETIVO,C51L34,POINT (-61.221150935070014 -9.877353923524684)
2024,CORTE SELETIVO,C51L34,POINT (-61.21294675325413 -9.810247690152837)
2024,CORTE SELETIVO,C51L34,POINT (-61.21405118367178 -9.810153977033602)
2024,CORTE SELETIVO,C51L34,POINT (-61.213751220722244 -9.810151552025097)
2024,CORTE SELETIVO,C51L34,POINT (-61.21115116852311 -9.809946478076352)
2024,CORTE SELETIVO,C51L34,POINT (-61.210954166489685 -9.80714769476022)
2024,CORTE SELETIVO,C51L34,POINT (-61.21095245310385 -9.80674709628435)
2024,CORTE SELETIVO,C51L34,POINT (-61.210748840475 -9.806752349989598)
2024,CORTE SELETIVO,C51L34,POINT (-61.21045047060154 -9.806548999936576)
2024,CORTE SELETIVO,C51L34,POINT (-61.21055039387995 -9.806445400486282)
2024,CORTE SELETIVO,C51L34,POINT (-61.21417127300738 -9.926331510089756)
2024,CORTE SELETIVO,C51L34,POINT (-61.21434977385971 -9.924551788934464)
2024,CORTE SELETIVO,C51L34,POINT (-61.213941027138596 -9.923837205552914)
2024,CORTE SELETIVO,C51L34,POINT (-61.21409156542559 -9.923438271697671)
2024,CORTE SELETIVO,C51L34,POINT (-61.18725150279975 -9.879753971132656)
2024,CORTE SELETIVO,C51L34,POINT (-61.22944713861879 -9.901152858665851)
2024,CORTE SELETIVO,C51L34,POINT (-61.211153299170086 -9.809746427551032)
2024,CORTE SELETIVO,C51L34,POINT (-61.205750620439765 -9.956647428774954)
2024,CORTE SELETIVO,C51L34,POINT (-61.0919530720736 -9.941647146628478)
2024,CORTE SELETIVO,C51L34,POINT (-61.1055534881062 -9.935549288664749)
2024,CORTE SELETIVO,C51L34,POINT (-61.095650703412886 -9.933018548581956)
2024,CORTE SELETIVO,C51L34,POINT (-61.095450972869365 -9.932946396295785)
2024,CORTE SELETIVO,C51L34,POINT (-61.09554822808892 -9.932852203714862)
2024,CORTE SELETIVO,C51L34,POINT (-61.116158609661916 -9.922149170793888)
2024,CORTE SELETIVO,C51L34,POINT (-61.09144580035063 -9.917651883979874)
2024,CORTE SELETIVO,C51L34,POINT (-61.10084918333203 -9.915048922004035)
2024,CORTE SELETIVO,C51L34,POINT (-61.12454821586962 -9.905549296447399)
2024,CORTE SELETIVO,C51L34,POINT (-61.210948831306744 -9.805751011513767)
2024,CORTE SELETIVO,C51L34,POINT (-61.0011488679724 -9.954848883678695)
2024,CORTE SELETIVO,C51L34,POINT (-61.01894637457059 -9.936821391835245)
2024,CORTE SELETIVO,C51L34,POINT (-61.068147346570164 -9.918146828642469)
2024,CORTE SELETIVO,C51L34,POINT (-61.05804694682964 -9.9144487513145)
2024,CORTE SELETIVO,C51L34,POINT (-61.05635054331672 -9.908154598373306)
2024,CORTE SELETIVO,C51L34,POINT (-61.03835175494957 -9.812247058147832)
2024,CORTE SELETIVO,C51L34,POINT (-61.008391788442694 -9.776354019232963)
2024,CORTE SELETIVO,C51L34,POINT (-61.00825126646346 -9.77615428184122)
2024,CORTE SELETIVO,C51L34,POINT (-61.08545053798327 -9.767349559723003)
2024,CORTE SELETIVO,C51L34,POINT (-61.08536203216703 -9.766845883741269)
2024,CORTE SELETIVO,C51L34,POINT (-61.211752089869556 -9.8103505509226)
2024,CORTE SELETIVO,C51L34,POINT (-61.211254197666506 -9.8100492901547)
2024,CORTE SELETIVO,C51L34,POINT (-61.21115402986152 -9.80784873986551)
2024,CORTE SELETIVO,C51L34,POINT (-61.2114490854347 -9.807247394995528)
2024,CORTE SELETIVO,C51L34,POINT (-61.2107524890109 -9.807066672024233)
2024,CORTE SELETIVO,C51L34,POINT (-61.21065193514641 -9.806529503532293)
2024,CORTE SELETIVO,C51L34,POINT (-61.210849645956365 -9.806451217729892)
2024,CORTE SELETIVO,C51L34,POINT (-61.15964998379054 -9.973253027990348)
2024,CORTE SELETIVO,C51L34,POINT (-61.06920780794245 -9.932507349676927)
2024,CORTE SELETIVO,C51L34,POINT (-61.07155226718739 -9.927645329919665)
2024,CORTE SELETIVO,C51L34,POINT (-61.100451003210736 -9.902350862744996)
2024,CORTE SELETIVO,C51L34,POINT (-61.025248133448244 -9.807153524943683)
2024,CORTE SELETIVO,C51L34,POINT (-61.210453449326714 -9.80644613395603)
2024,CORTE SELETIVO,C51L34,POINT (-61.159651688638604 -9.973346609895447)
2024,CORTE SELETIVO,C51L34,POINT (-61.20114562689199 -9.97655399782398)
2024,CORTE SELETIVO,C51L34,POINT (-61.07809771237972 -9.934448225327811)
2024,CORTE SELETIVO,C51L34,POINT (-61.068950143639675 -9.932146739578329)
2024,CORTE SELETIVO,C51L34,POINT (-61.159652093324276 -9.973454760911528)
2024,CORTE SELETIVO,C51L34,POINT (-61.11935083191457 -9.922453991877685)
2024,CORTE SELETIVO,C51L34,POINT (-61.11614646242441 -9.922257304629097)
2024,CORTE SELETIVO,C51L34,POINT (-61.116250359551294 -9.922048140538555)
2024,CORTE SELETIVO,C51L34,POINT (-61.10034589069244 -9.919950199485013)
2024,CORTE SELETIVO,C51L34,POINT (-61.10375266230664 -9.916205927274495)
2024,CORTE SELETIVO,C51L34,POINT (-61.10402303112512 -9.915752580116383)
2024,CORTE SELETIVO,C51L34,POINT (-61.15864876322142 -9.903279448395105)
2024,CORTE SELETIVO,C51L34,POINT (-61.246253213678784 -9.892850236888322)
2024,CORTE SELETIVO,C51L34,POINT (-61.19225093474788 -9.817252825296173)
2024,CORTE SELETIVO,C51L34,POINT (-61.218551938795144 -9.81415412807698)
2024,CORTE SELETIVO,C51L34,POINT (-61.20525233579154 -9.812947270940159)
2024,CORTE SELETIVO,C51L34,POINT (-61.209723245872176 -9.808253097033672)
2024,CORTE SELETIVO,C51L34,POINT (-61.21064858114818 -9.807572467430795)
2024,CORTE SELETIVO,C51L34,POINT (-61.210753678462105 -9.807448948546558)
2024,CORTE SELETIVO,C51L34,POINT (-61.00965197056919 -9.98174594332101)
2024,CORTE SELETIVO,C51L34,POINT (-61.02695396242307 -9.936749755133492)
2024,CORTE SELETIVO,C51L34,POINT (-61.095358199411585 -9.933230651385548)
2024,CORTE SELETIVO,C51L34,POINT (-61.09565418720479 -9.932845964957176)
2024,CORTE SELETIVO,C51L34,POINT (-61.09544892739606 -9.932778687170082)
2024,CORTE SELETIVO,C51L34,POINT (-61.068451764966426 -9.917449019978585)
2024,CORTE SELETIVO,C51L34,POINT (-61.09225157141871 -9.9144489166359)
2024,CORTE SELETIVO,C51L34,POINT (-61.05635010739475 -9.908318517425487)
2024,CORTE SELETIVO,C51L34,POINT (-61.056849921775914 -9.908147814949839)
2024,CORTE SELETIVO,C51L34,POINT (-61.07754910046287 -9.817947375673661)
2024,CORTE SELETIVO,C51L34,POINT (-61.03834870762618 -9.812349954746328)
2024,CORTE SELETIVO,C51L34,POINT (-61.03822858833651 -9.812245553069591)
2024,CORTE SELETIVO,C51L34,POINT (-61.053953161482525 -9.796847843590864)
2024,CORTE SELETIVO,C51L34,POINT (-61.00865292729019 -9.776197815711551)
2024,CORTE SELETIVO,C51L34,POINT (-61.159503219776866 -9.97325445449583)
2024,CORTE SELETIVO,C51L34,POINT (-61.078530596638046 -9.758354430242116)
2024,CORTE SELETIVO,C51L34,POINT (-61.211152979047675 -9.808253017545288)
2024,CORTE SELETIVO,C51L34,POINT (-61.04964794204087 -9.81795402938754)
2024,CORTE SELETIVO,C51L34,POINT (-61.21115106303551 -9.808847108488354)
2024,CORTE SELETIVO,C51L34,POINT (-61.10375081957994 -9.916354669416672)
2024,CORTE SELETIVO,C51L34,POINT (-61.21115130983122 -9.808153811959327)
2024,CORTE SELETIVO,C51L34,POINT (-61.1102469333583 -9.938748463710185)
2024,CORTE SELETIVO,C51L34,POINT (-61.23155133154101 -9.845046487865089)
2024,CORTE SELETIVO,C51L34,POINT (-61.211151813509105 -9.808445830605104)
2024,CORTE SELETIVO,C51L34,POINT (-61.21144626077884 -9.808252775835093)
2024,CORTE SELETIVO,C51L34,POINT (-61.21075269919661 -9.807853849951403)
2024,CORTE SELETIVO,C51L34,POINT (-61.21385176276804 -9.80173825387691)
2024,CORTE SELETIVO,C51L34,POINT (-61.13866876346773 -9.787251246637252)
2024,CORTE SELETIVO,C51L34,POINT (-61.138548603847084 -9.78715448511584)
2024,CORTE SELETIVO,C51L34,POINT (-61.001953232488034 -9.965049404102725)
2024,CORTE SELETIVO,C51L34,POINT (-61.001651752771934 -9.96433430103804)
2024,CORTE SELETIVO,C51L34,POINT (-61.01894804500852 -9.936551968317678)
2024,CORTE SELETIVO,C51L34,POINT (-61.01385252088832 -9.915999617088126)
2024,CORTE SELETIVO,C51L34,POINT (-61.05655438945382 -9.91248054482121)
2024,CORTE SELETIVO,C51L34,POINT (-61.01434993062008 -9.785250718488378)
2024,CORTE SELETIVO,C51L34,POINT (-61.01415401719256 -9.78495441489401)
2024,CORTE SELETIVO,C51L34,POINT (-61.00585433492341 -9.776752888177722)
2024,CORTE SELETIVO,C51L34,POINT (-61.04949613573224 -9.817930810611593)
2024,CORTE SELETIVO,C51L34,POINT (-61.082751403059206 -9.903549152343702)
2024,CORTE SELETIVO,C51L34,POINT (-61.21105324388184 -9.808348264750961)
2024,CORTE SELETIVO,C51L34,POINT (-61.082752525684825 -9.903652038425841)
2024,CORTE SELETIVO,C51L34,POINT (-61.21095176871759 -9.80834595898967)
2024,CORTE SELETIVO,C51L34,POINT (-61.2109500349711 -9.808249311733146)
2024,CORTE SELETIVO,C51L34,POINT (-61.12104823537761 -9.930448902568388)
2024,CORTE SELETIVO,C51L34,POINT (-61.11604745170302 -9.92234602375148)
2024,CORTE SELETIVO,C51L34,POINT (-61.0925539572527 -9.914348392503175)
2024,CORTE SELETIVO,C51L34,POINT (-61.111746464797484 -9.90874781289769)
2024,CORTE SELETIVO,C51L34,POINT (-61.16894775545982 -9.885951001055522)
2024,CORTE SELETIVO,C51L34,POINT (-61.211047212795314 -9.808154361800655)
2024,CORTE SELETIVO,C51L34,POINT (-61.22475242730941 -9.807898248140283)
2024,CORTE SELETIVO,C51L34,POINT (-61.210845638641594 -9.807950501215407)
2024,CORTE SELETIVO,C51L34,POINT (-61.21054774223487 -9.807750147263947)
2024,CORTE SELETIVO,C51L34,POINT (-61.210546480050795 -9.806054180641599)
2024,CORTE SELETIVO,C51L34,POINT (-61.00095420172023 -9.954947904583642)
2024,CORTE SELETIVO,C51L34,POINT (-61.000846287087334 -9.9548464983342)
2024,CORTE SELETIVO,C51L34,POINT (-61.01775194139122 -9.952646499189385)
2024,CORTE SELETIVO,C51L34,POINT (-61.02175372459105 -9.930545545544582)
2024,CORTE SELETIVO,C51L34,POINT (-61.082848449032944 -9.90364552992777)
2024,CORTE SELETIVO,C51L34,POINT (-61.04444660747216 -9.798052286612826)
2024,CORTE SELETIVO,C51L34,POINT (-61.02451216466841 -9.783652993272229)
2024,CORTE SELETIVO,C51L34,POINT (-61.00594638718971 -9.776851894701734)
2024,CORTE SELETIVO,C51L34,POINT (-61.010753565170006 -9.772546019750742)
2024,CORTE SELETIVO,C51L34,POINT (-61.010653864035106 -9.77237139549194)
2024,CORTE SELETIVO,C51L34,POINT (-61.210949018738084 -9.80814777409856)
2024,CORTE SELETIVO,C51L34,POINT (-61.07592200441768 -9.941220261135149)
2024,CORTE SELETIVO,C51L34,POINT (-61.12915005920246 -9.938745560398527)
2024,CORTE SELETIVO,C51L34,POINT (-61.10804966844822 -9.935447134924466)
2024,CORTE SELETIVO,C51L34,POINT (-61.111746522407564 -9.908583452372397)
2024,CORTE SELETIVO,C51L34,POINT (-61.21085064894245 -9.80823860758406)
2024,CORTE SELETIVO,C51L34,POINT (-61.21115138415554 -9.807947380781487)
2024,CORTE SELETIVO,C51L34,POINT (-61.1388542924619 -9.787154496686862)
2024,CORTE SELETIVO,C51L34,POINT (-61.012839962590576 -9.98605422988901)
2024,CORTE SELETIVO,C51L34,POINT (-61.001853632863025 -9.964350042687437)
2024,CORTE SELETIVO,C51L34,POINT (-61.017949827030364 -9.952653587422207)
2024,CORTE SELETIVO,C51L34,POINT (-61.010363389860466 -9.77184988902499)
2024,CORTE SELETIVO,C51L34,POINT (-61.00415083691268 -9.771345960017577)
2024,CORTE SELETIVO,C51L34,POINT (-61.06942083704346 -9.76341089126161)
2024,VEGETAÇÃO,C51L34,POINT (-61.215107158999956 -9.797094166999967)
2024,VEGETAÇÃO,C51L34,POINT (-61.047167158999954 -9.881964166999966)
2024,VEGETAÇÃO,C51L34,POINT (-61.06237715899995 -9.987174166999967)
2024,VEGETAÇÃO,C51L34,POINT (-61.12033715899995 -9.991764166999966)
2024,VEGETAÇÃO,C51L34,POINT (-61.065707158999956 -9.875214166999966)
2024,VEGETAÇÃO,C51L34,POINT (-61.01332715899996 -9.953784166999966)
2024,VEGETAÇÃO,C51L34,POINT (-61.056257158999955 -9.882414166999967)
2024,VEGETAÇÃO,C51L34,POINT (-61.01134715899995 -9.809334166999966)
2024,VEGETAÇÃO,C51L34,POINT (-61.01728715899995 -9.841014166999967)
2024,VEGETAÇÃO,C51L34,POINT (-61.073447158999954 -9.873054166999966)
2024,VEGETAÇÃO,C51L34,POINT (-61.18720715899995 -9.890604166999966)
2024,VEGETAÇÃO,C51L34,POINT (-61.065797158999956 -9.799884166999966)
2024,VEGETAÇÃO,C51L34,POINT (-61.14580715899995 -9.974574166999966)
2024,VEGETAÇÃO,C51L34,POINT (-61.19953715899995 -9.826884166999966)
2024,VEGETAÇÃO,C51L34,POINT (-61.01566715899995 -9.944784166999966)
2024,VEGETAÇÃO,C51L34,POINT (-61.174877158999955 -9.922374166999967)
2024,VEGETAÇÃO,C51L34,POINT (-61.14724715899995 -9.858834166999966)
2024,VEGETAÇÃO,C51L34,POINT (-61.10755715899995 -9.957294166999967)
2024,VEGETAÇÃO,C51L34,POINT (-61.156607158999954 -9.926514166999967)
2024,VEGETAÇÃO,C51L34,POINT (-61.206287158999956 -9.856134166999967)
2024,VEGETAÇÃO,C51L34,POINT (-61.11034715899996 -9.908874166999967)
2024,VEGETAÇÃO,C51L34,POINT (-61.13275715899995 -9.835884166999966)
2024,VEGETAÇÃO,C51L34,POINT (-61.16803715899995 -9.923094166999967)
2024,VEGETAÇÃO,C51L34,POINT (-61.056077158999955 -9.942714166999966)
2024,VEGETAÇÃO,C51L34,POINT (-61.04095715899995 -9.894024166999966)
2024,VEGETAÇÃO,C51L34,POINT (-61.00693715899995 -9.918234166999966)
2024,VEGETAÇÃO,C51L34,POINT (-61.04599715899995 -9.967644166999966)
2024,VEGETAÇÃO,C51L34,POINT (-61.10584715899995 -9.800334166999967)
2024,VEGETAÇÃO,C51L34,POINT (-61.240307158999954 -9.873684166999967)
2024,VEGETAÇÃO,C51L34,POINT (-61.109897158999956 -9.972774166999967)
2024,VEGETAÇÃO,C51L34,POINT (-61.135637158999955 -9.833274166999967)
2024,VEGETAÇÃO,C51L34,POINT (-61.01944715899995 -9.885294166999966)
2024,VEGETAÇÃO,C51L34,POINT (-61.15507715899995 -9.802494166999967)
2024,VEGETAÇÃO,C51L34,POINT (-61.213577158999954 -9.984564166999967)
2024,VEGETAÇÃO,C51L34,POINT (-61.042847158999955 -9.955224166999967)
2024,VEGETAÇÃO,C51L34,POINT (-61.02853715899995 -9.821304166999967)
2024,VEGETAÇÃO,C51L34,POINT (-61.12276715899995 -9.960354166999966)
2024,VEGETAÇÃO,C51L34,POINT (-61.245167158999955 -9.805914166999967)
2024,VEGETAÇÃO,C51L34,POINT (-61.14256715899995 -9.801234166999967)
2024,VEGETAÇÃO,C51L34,POINT (-61.206197158999956 -9.857214166999967)
2024,VEGETAÇÃO,C51L34,POINT (-61.02637715899995 -9.895194166999966)
2024,VEGETAÇÃO,C51L34,POINT (-61.07947715899995 -9.846684166999966)
2024,VEGETAÇÃO,C51L34,POINT (-61.00135715899995 -9.836154166999966)
2024,VEGETAÇÃO,C51L34,POINT (-61.24228715899996 -9.994824166999967)
2024,VEGETAÇÃO,C51L34,POINT (-61.231577158999954 -9.788274166999967)
2024,VEGETAÇÃO,C51L34,POINT (-61.012607158999955 -9.792234166999966)
2024,VEGETAÇÃO,C51L34,POINT (-61.196387158999954 -9.874944166999967)
2024,VEGETAÇÃO,C51L34,POINT (-61.082627158999955 -9.911394166999967)
2024,VEGETAÇÃO,C51L34,POINT (-61.03654715899995 -9.793134166999966)
2024,VEGETAÇÃO,C51L34,POINT (-61.060757158999955 -9.996174166999966)
2024,VEGETAÇÃO,C51L34,POINT (-61.065437158999956 -9.894834166999967)
2024,VEGETAÇÃO,C51L34,POINT (-61.24741715899995 -9.787554166999966)
2024,VEGETAÇÃO,C51L34,POINT (-61.156607158999954 -9.913554166999967)
2024,VEGETAÇÃO,C51L34,POINT (-61.07578715899995 -9.986544166999966)
2024,VEGETAÇÃO,C51L34,POINT (-61.144727158999956 -9.814464166999967)
2024,VEGETAÇÃO,C51L34,POINT (-61.122047158999955 -9.989244166999967)
2024,VEGETAÇÃO,C51L34,POINT (-61.14634715899995 -9.816714166999967)
2024,VEGETAÇÃO,C51L34,POINT (-61.18576715899995 -9.774594166999966)
2024,VEGETAÇÃO,C51L34,POINT (-61.12897715899995 -9.853614166999966)
2024,VEGETAÇÃO,C51L34,POINT (-61.09792715899995 -9.879174166999967)
2024,VEGETAÇÃO,C51L34,POINT (-61.135997158999956 -9.877104166999967)
2024,VEGETAÇÃO,C51L34,POINT (-61.236707158999955 -9.890874166999966)
2024,VEGETAÇÃO,C51L34,POINT (-61.213847158999954 -9.850734166999967)
2024,VEGETAÇÃO,C51L34,POINT (-61.046807158999954 -9.835344166999967)
2024,VEGETAÇÃO,C51L34,POINT (-61.01359715899996 -9.890064166999966)
2024,VEGETAÇÃO,C51L34,POINT (-61.09279715899996 -9.803574166999967)
2024,VEGETAÇÃO,C51L34,POINT (-61.179287158999955 -9.969624166999967)
2024,VEGETAÇÃO,C51L34,POINT (-61.11169715899995 -9.771714166999967)
2024,VEGETAÇÃO,C51L34,POINT (-61.23544715899995 -9.846954166999966)
2024,VEGETAÇÃO,C51L34,POINT (-61.04149715899995 -9.894474166999967)
2024,VEGETAÇÃO,C51L34,POINT (-61.08019715899995 -9.978894166999966)
2024,VEGETAÇÃO,C51L34,POINT (-61.135187158999955 -9.799794166999966)
2024,VEGETAÇÃO,C51L34,POINT (-61.10620715899995 -9.972774166999967)
2024,VEGETAÇÃO,C51L34,POINT (-61.178477158999954 -9.799884166999966)
2024,VEGETAÇÃO,C51L34,POINT (-61.13176715899995 -9.916974166999966)
2024,VEGETAÇÃO,C51L34,POINT (-61.17748715899995 -9.897444166999966)
2024,VEGETAÇÃO,C51L34,POINT (-61.108907158999955 -9.817254166999966)
2024,VEGETAÇÃO,C51L34,POINT (-61.06840715899995 -9.996714166999967)
2024,VEGETAÇÃO,C51L34,POINT (-61.12798715899996 -9.985644166999966)
2024,VEGETAÇÃO,C51L34,POINT (-61.02223715899996 -9.854874166999966)
2024,VEGETAÇÃO,C51L34,POINT (-61.17784715899995 -9.871344166999966)
2024,VEGETAÇÃO,C51L34,POINT (-61.130957158999955 -9.919944166999967)
2024,VEGETAÇÃO,C51L34,POINT (-61.16416715899995 -9.844074166999967)
2024,VEGETAÇÃO,C51L34,POINT (-61.00855715899995 -9.899604166999966)
2024,VEGETAÇÃO,C51L34,POINT (-61.136087158999956 -9.834084166999967)
2024,VEGETAÇÃO,C51L34,POINT (-61.178657158999954 -9.820674166999966)
2024,VEGETAÇÃO,C51L34,POINT (-61.16677715899995 -9.790794166999966)
2024,VEGETAÇÃO,C51L34,POINT (-61.218167158999954 -9.920934166999967)
2024,VEGETAÇÃO,C51L34,POINT (-61.077767158999954 -9.994194166999966)
2024,VEGETAÇÃO,C51L34,POINT (-61.016837158999955 -9.750024166999966)
2024,VEGETAÇÃO,C51L34,POINT (-61.209437158999954 -9.915804166999967)
2024,VEGETAÇÃO,C51L34,POINT (-61.244357158999954 -9.855684166999966)
2024,VEGETAÇÃO,C51L34,POINT (-61.01863715899995 -9.964494166999966)
2024,VEGETAÇÃO,C51L34,POINT (-61.091447158999955 -9.856854166999966)
2024,VEGETAÇÃO,C51L34,POINT (-61.051217158999954 -9.886734166999966)
2024,VEGETAÇÃO,C51L34,POINT (-61.10791715899995 -9.804744166999967)
2024,VEGETAÇÃO,C51L34,POINT (-61.12312715899995 -9.840204166999966)
2024,VEGETAÇÃO,C51L34,POINT (-61.23076715899995 -9.879534166999967)
2024,VEGETAÇÃO,C51L34,POINT (-61.23697715899995 -9.775224166999966)
2024,VEGETAÇÃO,C51L34,POINT (-61.17307715899995 -9.992214166999966)
2024,VEGETAÇÃO,C51L34,POINT (-61.205747158999955 -9.803664166999967)
2024,VEGETAÇÃO,C51L34,POINT (-61.01953715899995 -9.945324166999967)
2024,VEGETAÇÃO,C51L34,POINT (-61.11601715899995 -9.928134166999966)
2024,VEGETAÇÃO,C51L34,POINT (-61.18081715899996 -9.935244166999967)
2024,VEGETAÇÃO,C51L34,POINT (-61.11169715899995 -9.980514166999967)
2024,VEGETAÇÃO,C51L34,POINT (-61.19566715899995 -9.752814166999967)
2024,VEGETAÇÃO,C51L34,POINT (-61.095677158999955 -9.955584166999966)
2024,VEGETAÇÃO,C51L34,POINT (-61.069847158999956 -9.836424166999967)
2024,VEGETAÇÃO,C51L34,POINT (-61.05472715899995 -9.984294166999966)
2024,VEGETAÇÃO,C51L34,POINT (-61.05724715899996 -9.989964166999966)
2024,VEGETAÇÃO,C51L34,POINT (-61.12033715899995 -9.774234166999966)
2024,VEGETAÇÃO,C51L34,POINT (-61.232027158999955 -9.896454166999966)
2024,VEGETAÇÃO,C51L34,POINT (-61.04536715899995 -9.799344166999967)
2024,VEGETAÇÃO,C51L34,POINT (-61.056437158999955 -9.774144166999966)
2024,VEGETAÇÃO,C51L34,POINT (-61.171007158999956 -9.996084166999966)
2024,VEGETAÇÃO,C51L34,POINT (-61.08874715899995 -9.880974166999966)
2024,VEGETAÇÃO,C51L34,POINT (-61.228067158999956 -9.841914166999967)
2024,VEGETAÇÃO,C51L34,POINT (-61.065167158999955 -9.803484166999967)
2024,VEGETAÇÃO,C51L34,POINT (-61.03249715899995 -9.929664166999967)
2024,VEGETAÇÃO,C51L34,POINT (-61.13401715899995 -9.851994166999967)
2024,VEGETAÇÃO,C51L34,POINT (-61.241567158999956 -9.766044166999967)
2024,VEGETAÇÃO,C51L34,POINT (-61.174877158999955 -9.756414166999967)
2024,VEGETAÇÃO,C51L34,POINT (-61.01026715899995 -9.866304166999967)
2024,VEGETAÇÃO,C51L34,POINT (-61.201337158999955 -9.994374166999966)
2024,VEGETAÇÃO,C51L34,POINT (-61.03114715899996 -9.879984166999966)
2024,VEGETAÇÃO,C51L34,POINT (-61.083257158999956 -9.852984166999967)
2024,VEGETAÇÃO,C51L34,POINT (-61.210157158999955 -9.919674166999966)
2024,VEGETAÇÃO,C51L34,POINT (-61.18531715899995 -9.967914166999966)
2024,VEGETAÇÃO,C51L34,POINT (-61.05931715899995 -9.973674166999967)
2024,VEGETAÇÃO,C51L34,POINT (-61.029617158999955 -9.878544166999966)
2024,VEGETAÇÃO,C51L34,POINT (-61.01089715899995 -9.847314166999967)
2024,VEGETAÇÃO,C51L34,POINT (-61.153547158999956 -9.810054166999967)
2024,VEGETAÇÃO,C51L34,POINT (-61.187747158999954 -9.842634166999966)
2024,VEGETAÇÃO,C51L34,POINT (-61.144997158999956 -9.814104166999966)
2024,VEGETAÇÃO,C51L34,POINT (-61.12438715899995 -9.965664166999966)
2024,VEGETAÇÃO,C51L34,POINT (-61.05247715899995 -9.855144166999967)
2024,VEGETAÇÃO,C51L34,POINT (-61.06156715899995 -9.862614166999967)
2024,VEGETAÇÃO,C51L34,POINT (-61.17316715899995 -9.840024166999966)
2024,VEGETAÇÃO,C51L34,POINT (-61.015847158999954 -9.780804166999966)
2024,VEGETAÇÃO,C51L34,POINT (-61.08496715899995 -9.903204166999966)
2024,VEGETAÇÃO,C51L34,POINT (-61.15048715899995 -9.786114166999967)
2024,VEGETAÇÃO,C51L34,POINT (-61.14256715899995 -9.908334166999966)
2024,VEGETAÇÃO,C51L34,POINT (-61.07110715899995 -9.974484166999966)
2024,VEGETAÇÃO,C51L34,POINT (-61.12942715899995 -9.928134166999966)
2024,VEGETAÇÃO,C51L34,POINT (-61.11880715899996 -9.871344166999966)
2024,VEGETAÇÃO,C51L34,POINT (-61.05049715899995 -9.834534166999966)
2024,VEGETAÇÃO,C51L34,POINT (-61.14652715899995 -9.836874166999966)
2024,VEGETAÇÃO,C51L34,POINT (-61.17739715899995 -9.828954166999967)
2024,VEGETAÇÃO,C51L34,POINT (-61.09423715899995 -9.754974166999967)
2024,VEGETAÇÃO,C51L34,POINT (-61.10998715899996 -9.886464166999966)
2024,VEGETAÇÃO,C51L34,POINT (-61.23967715899995 -9.858024166999966)
2024,VEGETAÇÃO,C51L34,POINT (-61.05004715899995 -9.919944166999967)
2024,VEGETAÇÃO,C51L34,POINT (-61.152557158999954 -9.777924166999966)
2024,VEGETAÇÃO,C51L34,POINT (-61.03213715899995 -9.866304166999967)
2024,VEGETAÇÃO,C51L34,POINT (-61.179737158999956 -9.969894166999966)
2024,VEGETAÇÃO,C51L34,POINT (-61.00000715899995 -9.759474166999967)
2024,VEGETAÇÃO,C51L34,POINT (-61.15507715899995 -9.928674166999967)
2024,VEGETAÇÃO,C51L34,POINT (-61.249757158999955 -9.861084166999966)
2024,VEGETAÇÃO,C51L34,POINT (-61.200437158999954 -9.999774166999966)
2024,VEGETAÇÃO,C51L34,POINT (-61.144997158999956 -9.781254166999966)
2024,VEGETAÇÃO,C51L34,POINT (-61.18594715899995 -9.759204166999966)
2024,VEGETAÇÃO,C51L34,POINT (-61.090637158999954 -9.865944166999967)
2024,VEGETAÇÃO,C51L34,POINT (-61.12339715899995 -9.818964166999967)
2024,VEGETAÇÃO,C51L34,POINT (-61.09009715899995 -9.798804166999966)
2024,VEGETAÇÃO,C51L34,POINT (-61.08541715899995 -9.964494166999966)
2024,VEGETAÇÃO,C51L34,POINT (-61.05931715899995 -9.755784166999966)
2024,VEGETAÇÃO,C51L34,POINT (-61.00945715899995 -9.970074166999966)
2024,VEGETAÇÃO,C51L34,POINT (-61.01125715899995 -9.854874166999966)
2024,VEGETAÇÃO,C51L34,POINT (-61.21591715899996 -9.820944166999967)
2024,VEGETAÇÃO,C51L34,POINT (-61.09396715899995 -9.875304166999966)
2024,VEGETAÇÃO,C51L34,POINT (-61.11466715899995 -9.980154166999966)
2024,VEGETAÇÃO,C51L34,POINT (-61.17712715899995 -9.784044166999966)
2024,VEGETAÇÃO,C51L34,POINT (-61.07524715899996 -9.850734166999967)
2024,VEGETAÇÃO,C51L34,POINT (-61.05508715899995 -9.903474166999967)
2024,VEGETAÇÃO,C51L34,POINT (-61.10305715899995 -9.787194166999967)
2024,VEGETAÇÃO,C51L34,POINT (-61.03663715899995 -9.945774166999966)
2024,VEGETAÇÃO,C51L34,POINT (-61.16920715899995 -9.941184166999966)
2024,VEGETAÇÃO,C51L34,POINT (-61.15408715899996 -9.750204166999966)
2024,VEGETAÇÃO,C51L34,POINT (-61.201247158999955 -9.996804166999967)
2024,VEGETAÇÃO,C51L34,POINT (-61.07497715899996 -9.764154166999967)
2024,VEGETAÇÃO,C51L34,POINT (-61.034657158999956 -9.878454166999965)
2024,VEGETAÇÃO,C51L34,POINT (-61.19026715899995 -9.849834166999967)
2024,VEGETAÇÃO,C51L34,POINT (-61.02430715899995 -9.799434166999966)
2024,VEGETAÇÃO,C51L34,POINT (-61.21132715899995 -9.791064166999966)
2024,VEGETAÇÃO,C51L34,POINT (-61.011437158999954 -9.842094166999967)
2024,VEGETAÇÃO,C51L34,POINT (-61.16398715899995 -9.782964166999966)
2024,VEGETAÇÃO,C51L34,POINT (-61.19998715899995 -9.996714166999967)
2024,VEGETAÇÃO,C51L34,POINT (-61.169657158999954 -9.800784166999966)
2024,VEGETAÇÃO,C51L34,POINT (-61.038167158999954 -9.938394166999966)
2024,VEGETAÇÃO,C51L34,POINT (-61.07038715899995 -9.881154166999966)
2024,VEGETAÇÃO,C51L34,POINT (-61.11682715899995 -9.870354166999967)
2024,VEGETAÇÃO,C51L34,POINT (-61.19881715899995 -9.815184166999966)
2024,VEGETAÇÃO,C51L34,POINT (-61.19350715899995 -9.919044166999967)
2024,VEGETAÇÃO,C51L34,POINT (-61.016207158999954 -9.803664166999967)
2024,VEGETAÇÃO,C51L34,POINT (-61.08154715899995 -9.861804166999967)
2024,VEGETAÇÃO,C51L34,POINT (-61.157057158999955 -9.837144166999966)
2024,VEGETAÇÃO,C51L34,POINT (-61.02457715899995 -9.992754166999966)
2024,VEGETAÇÃO,C51L34,POINT (-61.003517158999955 -9.907344166999966)
2024,VEGETAÇÃO,C51L34,POINT (-61.23796715899995 -9.989334166999967)
2024,VEGETAÇÃO,C51L34,POINT (-61.104677158999955 -9.939564166999967)
2024,VEGETAÇÃO,C51L34,POINT (-61.218257158999954 -9.907974166999967)
2024,VEGETAÇÃO,C51L34,POINT (-61.224107158999956 -9.987264166999966)
2024,VEGETAÇÃO,C51L34,POINT (-61.04563715899995 -9.799434166999966)
2024,VEGETAÇÃO,C51L34,POINT (-61.197557158999956 -9.865404166999966)
2024,VEGETAÇÃO,C51L34,POINT (-61.051757158999955 -9.763974166999967)
2024,VEGETAÇÃO,C51L34,POINT (-61.232027158999955 -9.886464166999966)
2024,VEGETAÇÃO,C51L34,POINT (-61.192247158999955 -9.924804166999966)
2024,VEGETAÇÃO,C51L34,POINT (-61.01764715899995 -9.871434166999967)
2024,VEGETAÇÃO,C51L34,POINT (-61.22230715899995 -9.797814166999967)
2024,VEGETAÇÃO,C51L34,POINT (-61.04158715899995 -9.885384166999966)
2024,VEGETAÇÃO,C51L34,POINT (-61.00882715899995 -9.819504166999966)
2024,VEGETAÇÃO,C51L34,POINT (-61.095497158999954 -9.820674166999966)
2024,VEGETAÇÃO,C51L34,POINT (-61.09450715899995 -9.846684166999966)
2024,VEGETAÇÃO,C51L34,POINT (-61.20016715899995 -9.804114166999966)
2024,VEGETAÇÃO,C51L34,POINT (-61.209527158999954 -9.808254166999966)
2024,VEGETAÇÃO,C51L34,POINT (-61.192697158999955 -9.846594166999965)
2024,VEGETAÇÃO,C51L34,POINT (-61.12438715899995 -9.760374166999966)
2024,VEGETAÇÃO,C51L34,POINT (-61.12276715899995 -9.873864166999967)
2024,VEGETAÇÃO,C51L34,POINT (-61.04509715899995 -9.768114166999966)
2024,VEGETAÇÃO,C51L34,POINT (-61.104047158999954 -9.789894166999966)
2024,VEGETAÇÃO,C51L34,POINT (-61.11178715899995 -9.788004166999967)
2024,VEGETAÇÃO,C51L34,POINT (-61.074437158999956 -9.752364166999966)
2024,VEGETAÇÃO,C51L34,POINT (-61.10683715899995 -9.921564166999966)
2024,VEGETAÇÃO,C51L34,POINT (-61.12519715899995 -9.831564166999966)
2024,VEGETAÇÃO,C51L34,POINT (-61.039067158999956 -9.830664166999966)
2024,VEGETAÇÃO,C51L34,POINT (-61.117277158999954 -9.847314166999967)
2024,VEGETAÇÃO,C51L34,POINT (-61.117187158999954 -9.821484166999966)
2024,VEGETAÇÃO,C51L34,POINT (-61.08379715899996 -9.858834166999966)
2024,VEGETAÇÃO,C51L34,POINT (-61.18630715899995 -9.820764166999966)
2024,VEGETAÇÃO,C51L34,POINT (-61.19908715899995 -9.904104166999966)
2024,VEGETAÇÃO,C51L34,POINT (-61.219337158999956 -9.854424166999966)
2024,VEGETAÇÃO,C51L34,POINT (-61.17631715899995 -9.894924166999967)
2024,VEGETAÇÃO,C51L34,POINT (-61.187837158999955 -9.972594166999967)
2024,VEGETAÇÃO,C51L34,POINT (-61.07173715899995 -9.937584166999967)
2024,VEGETAÇÃO,C51L34,POINT (-61.05274715899995 -9.834894166999966)
2024,VEGETAÇÃO,C51L34,POINT (-61.162367158999956 -9.995904166999967)
2024,VEGETAÇÃO,C51L34,POINT (-61.232117158999955 -9.772614166999967)
2024,VEGETAÇÃO,C51L34,POINT (-61.23706715899995 -9.837054166999966)
2024,VEGETAÇÃO,C51L34,POINT (-61.174427158999954 -9.887004166999967)
2024,VEGETAÇÃO,C51L34,POINT (-61.19863715899995 -9.797544166999966)
2024,VEGETAÇÃO,C51L34,POINT (-61.07695715899995 -9.816174166999966)
2024,VEGETAÇÃO,C51L34,POINT (-61.11205715899995 -9.765774166999966)
2024,VEGETAÇÃO,C51L34,POINT (-61.047707158999955 -9.977364166999966)
2024,VEGETAÇÃO,C51L34,POINT (-61.021517158999956 -9.926874166999966)
2024,VEGETAÇÃO,C51L34,POINT (-61.179107158999955 -9.969174166999967)
2024,VEGETAÇÃO,C51L34,POINT (-61.09765715899995 -9.988074166999967)
2024,VEGETAÇÃO,C51L34,POINT (-61.19944715899995 -9.874854166999967)
2024,VEGETAÇÃO,C51L34,POINT (-61.09324715899995 -9.762804166999967)
2024,VEGETAÇÃO,C51L34,POINT (-61.188107158999955 -9.861084166999966)
2024,VEGETAÇÃO,C51L34,POINT (-61.06165715899995 -9.925794166999966)
2024,VEGETAÇÃO,C51L34,POINT (-61.077677158999954 -9.824004166999966)
2024,VEGETAÇÃO,C51L34,POINT (-61.11412715899995 -9.870264166999966)
2024,VEGETAÇÃO,C51L34,POINT (-61.178927158999954 -9.835704166999966)
2024,VEGETAÇÃO,C51L34,POINT (-61.139507158999955 -9.873774166999967)
2024,VEGETAÇÃO,C51L34,POINT (-61.15453715899996 -9.878544166999966)
2024,VEGETAÇÃO,C51L34,POINT (-61.068767158999954 -9.986724166999966)
2024,VEGETAÇÃO,C51L34,POINT (-61.020887158999955 -9.897894166999967)
2024,VEGETAÇÃO,C51L34,POINT (-61.09828715899995 -9.954054166999967)
2024,VEGETAÇÃO,C51L34,POINT (-61.16038715899995 -9.940554166999966)
2024,VEGETAÇÃO,C51L34,POINT (-61.249037158999954 -9.836424166999967)
2024,VEGETAÇÃO,C51L34,POINT (-61.19467715899995 -9.763074166999967)
2024,VEGETAÇÃO,C51L34,POINT (-61.078397158999955 -9.858924166999966)
2024,VEGETAÇÃO,C51L34,POINT (-61.09801715899995 -9.767214166999967)
2024,VEGETAÇÃO,C51L34,POINT (-61.01953715899995 -9.907704166999967)
2024,VEGETAÇÃO,C51L34,POINT (-61.19089715899995 -9.884574166999966)
2024,VEGETAÇÃO,C51L34,POINT (-61.153817158999956 -9.819864166999967)
2024,VEGETAÇÃO,C51L34,POINT (-61.007117158999954 -9.934524166999966)
2024,VEGETAÇÃO,C51L34,POINT (-61.161467158999955 -9.808434166999966)
2024,VEGETAÇÃO,C51L34,POINT (-61.03582715899995 -9.976284166999966)
2024,VEGETAÇÃO,C51L34,POINT (-61.192517158999955 -9.753084166999967)
2024,VEGETAÇÃO,C51L34,POINT (-61.06732715899995 -9.759564166999967)
2024,VEGETAÇÃO,C51L34,POINT (-61.19548715899995 -9.843354166999966)
2024,VEGETAÇÃO,C51L34,POINT (-61.13005715899995 -9.835344166999967)
2024,VEGETAÇÃO,C51L34,POINT (-61.008377158999956 -9.889074166999967)
2024,VEGETAÇÃO,C51L34,POINT (-61.179197158999955 -9.885744166999967)
2024,VEGETAÇÃO,C51L34,POINT (-61.08757715899995 -9.764604166999966)
2024,VEGETAÇÃO,C51L34,POINT (-61.04032715899995 -9.786204166999966)
2024,VEGETAÇÃO,C51L34,POINT (-61.01476715899995 -9.772794166999967)
2024,VEGETAÇÃO,C51L34,POINT (-61.043477158999956 -9.826074166999966)
2024,VEGETAÇÃO,C51L34,POINT (-61.02241715899996 -9.862254166999966)
2024,VEGETAÇÃO,C51L34,POINT (-61.16713715899995 -9.995184166999966)
2024,VEGETAÇÃO,C51L34,POINT (-61.12870715899995 -9.862434166999966)
2024,VEGETAÇÃO,C51L34,POINT (-61.11988715899995 -9.981864166999966)
2024,VEGETAÇÃO,C51L34,POINT (-61.24579715899995 -9.996444166999966)
2024,VEGETAÇÃO,C51L34,POINT (-61.18216715899995 -9.766044166999967)
2024,VEGETAÇÃO,C51L34,POINT (-61.042847158999955 -9.836604166999967)
2024,VEGETAÇÃO,C51L34,POINT (-61.11502715899995 -9.875664166999966)
2024,VEGETAÇÃO,C51L34,POINT (-61.02808715899995 -9.995724166999967)
2024,VEGETAÇÃO,C51L34,POINT (-61.13779715899995 -9.836874166999966)
2024,VEGETAÇÃO,C51L34,POINT (-61.11142715899995 -9.810684166999966)
2024,VEGETAÇÃO,C51L34,POINT (-61.08982715899995 -9.808884166999967)
2024,VEGETAÇÃO,C51L34,POINT (-61.15498715899995 -9.930384166999966)
2024,VEGETAÇÃO,C51L34,POINT (-61.157417158999955 -9.807804166999967)
2024,VEGETAÇÃO,C51L34,POINT (-61.09297715899996 -9.955854166999966)
2024,VEGETAÇÃO,C51L34,POINT (-61.16056715899995 -9.951444166999966)
2024,VEGETAÇÃO,C51L34,POINT (-61.160927158999954 -9.945774166999966)
2024,VEGETAÇÃO,C51L34,POINT (-61.03978715899996 -9.847494166999967)
2024,VEGETAÇÃO,C51L34,POINT (-61.047887158999956 -9.876294166999966)
2024,VEGETAÇÃO,C51L34,POINT (-61.147697158999954 -9.796914166999967)
2024,VEGETAÇÃO,C51L34,POINT (-61.231757158999955 -9.869184166999966)
2024,VEGETAÇÃO,C51L34,POINT (-61.21672715899995 -9.822294166999967)
2024,VEGETAÇÃO,C51L34,POINT (-61.118357158999956 -9.803844166999966)
2024,VEGETAÇÃO,C51L34,POINT (-61.08604715899995 -9.987624166999966)
2024,VEGETAÇÃO,C51L34,POINT (-61.16812715899995 -9.799704166999966)
2024,VEGETAÇÃO,C51L34,POINT (-61.15822715899995 -9.922914166999966)
2024,VEGETAÇÃO,C51L34,POINT (-61.16443715899995 -9.971604166999967)
2024,VEGETAÇÃO,C51L34,POINT (-61.064897158999955 -9.768204166999967)
2024,VEGETAÇÃO,C51L34,POINT (-61.078667158999956 -9.961164166999966)
2024,VEGETAÇÃO,C51L34,POINT (-61.16002715899995 -9.800424166999967)
2024,VEGETAÇÃO,C51L34,POINT (-61.01935715899995 -9.919764166999967)
2024,VEGETAÇÃO,C51L34,POINT (-61.104137158999954 -9.834894166999966)
2024,VEGETAÇÃO,C51L34,POINT (-61.05283715899995 -9.922914166999966)
2024,VEGETAÇÃO,C51L34,POINT (-61.05769715899996 -9.972234166999966)
2024,VEGETAÇÃO,C51L34,POINT (-61.12366715899995 -9.983754166999967)
2024,VEGETAÇÃO,C51L34,POINT (-61.18909715899996 -9.878004166999967)
2024,VEGETAÇÃO,C51L34,POINT (-61.100537158999956 -9.923454166999967)
2024,VEGETAÇÃO,C51L34,POINT (-61.04023715899996 -9.907344166999966)
2024,VEGETAÇÃO,C51L34,POINT (-61.082537158999955 -9.987084166999967)
2024,VEGETAÇÃO,C51L34,POINT (-61.07587715899995 -9.908424166999966)
2024,VEGETAÇÃO,C51L34,POINT (-61.04500715899995 -9.818154166999966)
2024,VEGETAÇÃO,C51L34,POINT (-61.12276715899995 -9.903294166999967)
2024,VEGETAÇÃO,C51L34,POINT (-61.15624715899995 -9.983484166999967)
2024,VEGETAÇÃO,C51L34,POINT (-61.08541715899995 -9.994284166999966)
2024,VEGETAÇÃO,C51L34,POINT (-61.180097158999956 -9.878454166999965)
2024,VEGETAÇÃO,C51L34,POINT (-61.109267158999955 -9.922554166999966)
2024,VEGETAÇÃO,C51L34,POINT (-61.227797158999955 -9.776844166999966)
2024,VEGETAÇÃO,C51L34,POINT (-61.02439715899995 -9.785304166999966)
2024,VEGETAÇÃO,C51L34,POINT (-61.07101715899995 -9.942354166999966)
2024,VEGETAÇÃO,C51L34,POINT (-61.01746715899995 -9.919854166999967)
2024,VEGETAÇÃO,C51L34,POINT (-61.04131715899995 -9.800694166999966)
2024,VEGETAÇÃO,C51L34,POINT (-61.073627158999955 -9.924264166999967)
2024,VEGETAÇÃO,C51L34,POINT (-61.205747158999955 -9.878544166999966)
2024,VEGETAÇÃO,C51L34,POINT (-61.04392715899995 -9.961704166999967)
2024,VEGETAÇÃO,C51L34,POINT (-61.01971715899995 -9.824634166999966)
2024,VEGETAÇÃO,C51L34,POINT (-61.04842715899996 -9.981954166999966)
2024,VEGETAÇÃO,C51L34,POINT (-61.05949715899995 -9.881334166999967)
2024,VEGETAÇÃO,C51L34,POINT (-61.057067158999956 -9.971514166999967)
2024,VEGETAÇÃO,C51L34,POINT (-61.012517158999955 -9.820854166999966)
2024,VEGETAÇÃO,C51L34,POINT (-61.08604715899995 -9.778374166999967)
2024,VEGETAÇÃO,C51L34,POINT (-61.08955715899995 -9.811134166999967)
2024,VEGETAÇÃO,C51L34,POINT (-61.14202715899995 -9.851094166999966)
2024,VEGETAÇÃO,C51L34,POINT (-61.00261715899995 -9.946944166999966)
2024,VEGETAÇÃO,C51L34,POINT (-61.23094715899995 -9.871074166999966)
2024,VEGETAÇÃO,C51L34,POINT (-61.01494715899995 -9.762534166999966)
2024,VEGETAÇÃO,C51L34,POINT (-61.11484715899995 -9.876204166999967)
2024,VEGETAÇÃO,C51L34,POINT (-61.01035715899995 -9.754344166999966)
2024,VEGETAÇÃO,C51L34,POINT (-61.073717158999955 -9.972504166999967)
2024,VEGETAÇÃO,C51L34,POINT (-61.03204715899995 -9.939384166999966)
2024,VEGETAÇÃO,C51L34,POINT (-61.10737715899995 -9.786024166999967)
2024,VEGETAÇÃO,C51L34,POINT (-61.15525715899995 -9.978984166999966)
2024,VEGETAÇÃO,C51L34,POINT (-61.04527715899995 -9.908694166999966)
2024,VEGETAÇÃO,C51L34,POINT (-61.021247158999955 -9.918324166999966)
2024,VEGETAÇÃO,C51L34,POINT (-61.21069715899995 -9.874944166999967)
2024,VEGETAÇÃO,C51L34,POINT (-61.064987158999955 -9.861984166999965)
2024,VEGETAÇÃO,C51L34,POINT (-61.05967715899995 -9.846234166999967)
2024,VEGETAÇÃO,C51L34,POINT (-61.22932715899995 -10.000044166999967)
2024,VEGETAÇÃO,C51L34,POINT (-61.05445715899995 -9.905994166999966)
2024,VEGETAÇÃO,C51L34,POINT (-61.13374715899995 -9.819144166999966)
2024,VEGETAÇÃO,C51L34,POINT (-61.020617158999954 -9.761994166999967)
2024,VEGETAÇÃO,C51L34,POINT (-61.05868715899995 -9.847764166999966)
2024,VEGETAÇÃO,C51L34,POINT (-61.04482715899995 -9.977994166999967)
2024,VEGETAÇÃO,C51L34,POINT (-61.00018715899995 -9.827064166999966)
2024,VEGETAÇÃO,C51L34,POINT (-61.12060715899995 -9.828054166999966)
2024,VEGETAÇÃO,C51L34,POINT (-61.05733715899996 -9.830574166999966)
2024,VEGETAÇÃO,C51L34,POINT (-61.17334715899995 -9.935424166999967)
2024,VEGETAÇÃO,C51L34,POINT (-61.04914715899995 -9.788904166999966)
2024,VEGETAÇÃO,C51L34,POINT (-61.23418715899995 -9.813384166999967)
2024,VEGETAÇÃO,C51L34,POINT (-61.16902715899995 -9.861084166999966)
2024,VEGETAÇÃO,C51L34,POINT (-61.012157158999955 -9.882144166999966)
2024,VEGETAÇÃO,C51L34,POINT (-61.04644715899995 -9.808254166999966)
2024,VEGETAÇÃO,C51L34,POINT (-61.078397158999955 -9.916254166999966)
2024,VEGETAÇÃO,C51L34,POINT (-61.10179715899996 -9.833814166999966)
2024,VEGETAÇÃO,C51L34,POINT (-61.11232715899995 -9.767394166999967)
2024,VEGETAÇÃO,C51L34,POINT (-61.21213715899995 -9.819234166999966)
2024,VEGETAÇÃO,C51L34,POINT (-61.109447158999956 -9.767754166999966)
2024,VEGETAÇÃO,C51L34,POINT (-61.19872715899995 -9.765864166999966)
2024,VEGETAÇÃO,C51L34,POINT (-61.153277158999956 -9.800424166999967)
2024,VEGETAÇÃO,C51L34,POINT (-61.16497715899995 -9.871704166999967)
2024,VEGETAÇÃO,C51L34,POINT (-61.23922715899995 -9.858924166999966)
2024,VEGETAÇÃO,C51L34,POINT (-61.108277158999954 -9.771264166999966)
2024,VEGETAÇÃO,C51L34,POINT (-61.051667158999955 -9.982764166999967)
2024,VEGETAÇÃO,C51L34,POINT (-61.14751715899995 -9.957474166999967)
2024,VEGETAÇÃO,C51L34,POINT (-61.222577158999954 -9.985014166999967)
2024,VEGETAÇÃO,C51L34,POINT (-61.16407715899995 -9.938844166999967)
2024,VEGETAÇÃO,C51L34,POINT (-61.08523715899995 -9.938574166999967)
2024,VEGETAÇÃO,C51L34,POINT (-61.21231715899995 -9.757404166999967)
2024,VEGETAÇÃO,C51L34,POINT (-61.18657715899995 -9.909504166999966)
2024,VEGETAÇÃO,C51L34,POINT (-61.20277715899995 -9.824454166999967)
2024,VEGETAÇÃO,C51L34,POINT (-61.06696715899995 -9.915084166999966)
2024,VEGETAÇÃO,C51L34,POINT (-61.08892715899995 -9.979614166999966)
2024,VEGETAÇÃO,C51L34,POINT (-61.07065715899995 -9.828324166999966)
2024,VEGETAÇÃO,C51L34,POINT (-61.07929715899995 -9.932814166999966)
2024,VEGETAÇÃO,C51L34,POINT (-61.065437158999956 -9.941454166999966)
2024,VEGETAÇÃO,C51L34,POINT (-61.223297158999955 -9.905814166999967)
2024,VEGETAÇÃO,C51L34,POINT (-61.03969715899996 -9.883584166999967)
2024,VEGETAÇÃO,C51L34,POINT (-61.01980715899995 -9.873504166999966)
2024,VEGETAÇÃO,C51L34,POINT (-61.08451715899995 -9.868194166999967)
2024,VEGETAÇÃO,C51L34,POINT (-61.214207158999955 -9.826434166999967)
2024,VEGETAÇÃO,C51L34,POINT (-61.08532715899995 -9.810234166999967)
2024,VEGETAÇÃO,C51L34,POINT (-61.118447158999956 -9.917334166999966)
2024,VEGETAÇÃO,C51L34,POINT (-61.13635715899996 -9.773874166999967)
2024,VEGETAÇÃO,C51L34,POINT (-61.15489715899995 -9.791874166999966)
2024,VEGETAÇÃO,C51L34,POINT (-61.118447158999956 -9.771174166999966)
2024,VEGETAÇÃO,C51L34,POINT (-61.22104715899995 -9.915174166999966)
2024,VEGETAÇÃO,C51L34,POINT (-61.00495715899996 -9.764244166999966)
2024,VEGETAÇÃO,C51L34,POINT (-61.232297158999955 -9.895554166999966)
2024,VEGETAÇÃO,C51L34,POINT (-61.21555715899996 -9.975204166999966)
2024,VEGETAÇÃO,C51L34,POINT (-61.171187158999956 -9.904914166999966)
2024,VEGETAÇÃO,C51L34,POINT (-61.039067158999956 -9.827154166999966)
2024,VEGETAÇÃO,C51L34,POINT (-61.20205715899995 -9.795744166999967)
2024,VEGETAÇÃO,C51L34,POINT (-61.16020715899995 -9.875574166999966)
2024,VEGETAÇÃO,C51L34,POINT (-61.22968715899995 -9.973314166999966)
2024,VEGETAÇÃO,C51L34,POINT (-61.09333715899995 -9.769914166999966)
2024,VEGETAÇÃO,C51L34,POINT (-61.23031715899995 -9.845514166999966)
2024,VEGETAÇÃO,C51L34,POINT (-61.02232715899996 -9.870804166999966)
2024,VEGETAÇÃO,C51L34,POINT (-61.227167158999954 -9.868554166999967)
2024,VEGETAÇÃO,C51L34,POINT (-61.004057158999956 -9.990954166999966)
2024,VEGETAÇÃO,C51L34,POINT (-61.13860715899995 -9.799344166999967)
2024,VEGETAÇÃO,C51L34,POINT (-61.13257715899995 -9.773514166999966)
2024,VEGETAÇÃO,C51L34,POINT (-61.09009715899995 -9.963414166999966)
2024,VEGETAÇÃO,C51L34,POINT (-61.104947158999956 -9.781344166999967)
2024,VEGETAÇÃO,C51L34,POINT (-61.09423715899995 -9.924984166999966)
2024,VEGETAÇÃO,C51L34,POINT (-61.125827158999954 -9.918054166999966)
2024,VEGETAÇÃO,C51L34,POINT (-61.166057158999955 -9.910224166999967)
2024,VEGETAÇÃO,C51L34,POINT (-61.11034715899996 -9.864414166999966)
2024,VEGETAÇÃO,C51L34,POINT (-61.08568715899995 -9.984024166999966)
2024,VEGETAÇÃO,C51L34,POINT (-61.241207158999956 -9.823014166999966)
2024,VEGETAÇÃO,C51L34,POINT (-61.16668715899995 -9.950634166999967)
2024,VEGETAÇÃO,C51L34,POINT (-61.12906715899995 -9.840204166999966)
2024,VEGETAÇÃO,C51L34,POINT (-61.12987715899995 -9.885834166999967)
2024,VEGETAÇÃO,C51L34,POINT (-61.02421715899995 -9.777384166999965)
2024,VEGETAÇÃO,C51L34,POINT (-61.03123715899996 -9.987624166999966)
2024,VEGETAÇÃO,C51L34,POINT (-61.09756715899995 -9.766494166999966)
2024,VEGETAÇÃO,C51L34,POINT (-61.07488715899996 -9.885834166999967)
2024,VEGETAÇÃO,C51L34,POINT (-61.068587158999954 -9.884214166999966)
2024,VEGETAÇÃO,C51L34,POINT (-61.08955715899995 -9.894564166999967)
2024,VEGETAÇÃO,C51L34,POINT (-61.17568715899995 -9.977724166999966)
2024,VEGETAÇÃO,C51L34,POINT (-61.227617158999955 -9.989694166999966)
2024,VEGETAÇÃO,C51L34,POINT (-61.03582715899995 -9.834894166999966)
2024,VEGETAÇÃO,C51L34,POINT (-61.113047158999954 -9.848034166999966)
2024,VEGETAÇÃO,C51L34,POINT (-61.060847158999955 -9.972594166999967)
2024,VEGETAÇÃO,C51L34,POINT (-61.09918715899995 -9.933714166999966)
2024,VEGETAÇÃO,C51L34,POINT (-61.04005715899996 -9.976104166999967)
2024,VEGETAÇÃO,C51L34,POINT (-61.012157158999955 -9.974394166999966)
2024,VEGETAÇÃO,C51L34,POINT (-61.21114715899995 -9.767484166999967)
2024,VEGETAÇÃO,C51L34,POINT (-61.231577158999954 -9.839934166999967)
2024,VEGETAÇÃO,C51L34,POINT (-61.200527158999954 -9.970074166999966)
2024,VEGETAÇÃO,C51L34,POINT (-61.16938715899995 -9.859824166999966)
2024,VEGETAÇÃO,C51L34,POINT (-61.21627715899995 -9.829764166999967)
2024,VEGETAÇÃO,C51L34,POINT (-61.02394715899995 -9.755154166999967)
2024,VEGETAÇÃO,C51L34,POINT (-61.117277158999954 -9.978624166999966)
2024,VEGETAÇÃO,C51L34,POINT (-61.12915715899995 -9.997074166999967)
2024,VEGETAÇÃO,C51L34,POINT (-61.15075715899995 -9.789894166999966)
2024,VEGETAÇÃO,C51L34,POINT (-61.086227158999954 -9.928584166999967)
2024,VEGETAÇÃO,C51L34,POINT (-61.03960715899996 -9.830934166999967)
2024,VEGETAÇÃO,C51L34,POINT (-61.15021715899995 -9.899244166999967)
2024,VEGETAÇÃO,C51L34,POINT (-61.20232715899995 -9.797544166999966)
2024,VEGETAÇÃO,C51L34,POINT (-61.08019715899995 -9.759114166999966)
2024,VEGETAÇÃO,C51L34,POINT (-61.02790715899995 -9.844524166999966)
2024,VEGETAÇÃO,C51L34,POINT (-61.15021715899995 -9.890784166999966)
2024,VEGETAÇÃO,C51L34,POINT (-61.065077158999955 -9.963774166999967)
2024,VEGETAÇÃO,C51L34,POINT (-61.034207158999955 -9.781614166999967)
2024,VEGETAÇÃO,C51L34,POINT (-61.157237158999955 -9.758934166999966)
2024,VEGETAÇÃO,C51L34,POINT (-61.109897158999956 -9.913194166999967)
2024,VEGETAÇÃO,C51L34,POINT (-61.007117158999954 -9.816174166999966)
2024,VEGETAÇÃO,C51L34,POINT (-61.175237158999956 -9.986274166999966)
2024,VEGETAÇÃO,C51L34,POINT (-61.03996715899996 -9.952344166999966)
2024,VEGETAÇÃO,C51L34,POINT (-61.174337158999954 -9.770814166999966)
2024,VEGETAÇÃO,C51L34,POINT (-61.092077158999956 -9.782874166999965)
2024,VEGETAÇÃO,C51L34,POINT (-61.18657715899995 -9.833454166999966)
2024,VEGETAÇÃO,C51L34,POINT (-61.038617158999955 -9.784404166999966)
2024,VEGETAÇÃO,C51L34,POINT (-61.109177158999955 -9.856584166999966)
2024,VEGETAÇÃO,C51L34,POINT (-61.01431715899995 -9.767844166999966)
2024,VEGETAÇÃO,C51L34,POINT (-61.209977158999955 -9.969264166999967)
2024,VEGETAÇÃO,C51L34,POINT (-61.204847158999954 -9.751464166999966)
2024,VEGETAÇÃO,C51L34,POINT (-61.103777158999954 -9.967104166999967)
2024,VEGETAÇÃO,C51L34,POINT (-61.18036715899996 -9.772794166999967)
2024,VEGETAÇÃO,C51L34,POINT (-61.07605715899995 -9.843534166999966)
2024,VEGETAÇÃO,C51L34,POINT (-61.012067158999955 -9.930474166999966)
2024,VEGETAÇÃO,C51L34,POINT (-61.05319715899995 -9.811764166999966)
2024,VEGETAÇÃO,C51L34,POINT (-61.099637158999954 -9.808164166999966)
2024,VEGETAÇÃO,C51L34,POINT (-61.201607158999956 -9.985464166999966)
2024,VEGETAÇÃO,C51L34,POINT (-61.096307158999956 -9.869004166999966)
2024,VEGETAÇÃO,C51L34,POINT (-61.21996715899995 -9.786384166999966)
2024,VEGETAÇÃO,C51L34,POINT (-61.07011715899995 -9.939834166999967)
2024,VEGETAÇÃO,C51L34,POINT (-61.04203715899995 -9.773784166999967)
2024,VEGETAÇÃO,C51L34,POINT (-61.086497158999954 -9.846954166999966)
2024,VEGETAÇÃO,C51L34,POINT (-61.16893715899995 -9.960264166999966)
2024,VEGETAÇÃO,C51L34,POINT (-61.09315715899995 -9.921114166999967)
2024,VEGETAÇÃO,C51L34,POINT (-61.09351715899995 -9.759744166999967)
2024,VEGETAÇÃO,C51L34,POINT (-61.17793715899995 -9.925254166999967)
2024,VEGETAÇÃO,C51L34,POINT (-61.23967715899995 -9.846774166999966)
2024,VEGETAÇÃO,C51L34,POINT (-61.087217158999955 -9.920574166999966)
2024,VEGETAÇÃO,C51L34,POINT (-61.14688715899995 -9.851274166999966)
2024,VEGETAÇÃO,C51L34,POINT (-61.180097158999956 -9.785214166999966)
2024,VEGETAÇÃO,C51L34,POINT (-61.02898715899995 -9.973224166999966)
2024,VEGETAÇÃO,C51L34,POINT (-61.06174715899995 -9.878364166999967)
2024,VEGETAÇÃO,C51L34,POINT (-61.108907158999955 -9.924354166999967)
2024,VEGETAÇÃO,C51L34,POINT (-61.069397158999955 -9.818154166999966)
2024,VEGETAÇÃO,C51L34,POINT (-61.16488715899995 -9.768384166999967)
2024,VEGETAÇÃO,C51L34,POINT (-61.15921715899995 -9.915714166999967)
2024,VEGETAÇÃO,C51L34,POINT (-61.030787158999956 -9.777024166999967)
2024,VEGETAÇÃO,C51L34,POINT (-61.012067158999955 -9.888444166999966)
2024,VEGETAÇÃO,C51L34,POINT (-61.204937158999954 -9.875214166999966)
2024,VEGETAÇÃO,C51L34,POINT (-61.095317158999954 -9.941904166999967)
2024,VEGETAÇÃO,C51L34,POINT (-61.16776715899995 -9.823914166999966)
2024,VEGETAÇÃO,C51L34,POINT (-61.10809715899995 -9.966024166999967)
2024,VEGETAÇÃO,C51L34,POINT (-61.08091715899995 -9.960084166999966)
2024,VEGETAÇÃO,C51L34,POINT (-61.116917158999954 -9.966744166999966)
2024,VEGETAÇÃO,C51L34,POINT (-61.069577158999955 -9.864864166999967)
2024,VEGETAÇÃO,C51L34,POINT (-61.22608715899995 -9.985644166999966)
2024,VEGETAÇÃO,C51L34,POINT (-61.03717715899995 -9.993564166999967)
2024,VEGETAÇÃO,C51L34,POINT (-61.07893715899995 -9.772974166999967)
2024,VEGETAÇÃO,C51L34,POINT (-61.20682715899996 -9.788904166999966)
2024,VEGETAÇÃO,C51L34,POINT (-61.224017158999956 -9.787464166999966)
2024,VEGETAÇÃO,C51L34,POINT (-61.23463715899995 -9.838404166999966)
2024,VEGETAÇÃO,C51L34,POINT (-61.20025715899995 -9.887004166999967)
2024,VEGETAÇÃO,C51L34,POINT (-61.19395715899995 -9.861174166999966)
2024,VEGETAÇÃO,C51L34,POINT (-61.152377158999954 -9.902574166999967)
2024,VEGETAÇÃO,C51L34,POINT (-61.13797715899995 -9.823644166999966)
2024,VEGETAÇÃO,C51L34,POINT (-61.18270715899995 -9.809784166999966)
2024,VEGETAÇÃO,C51L34,POINT (-61.12051715899995 -9.806904166999967)
2024,VEGETAÇÃO,C51L34,POINT (-61.08847715899995 -9.938124166999966)
2024,VEGETAÇÃO,C51L34,POINT (-61.18477715899995 -9.876474166999966)
2024,VEGETAÇÃO,C51L34,POINT (-61.16389715899995 -9.962154166999966)
2024,VEGETAÇÃO,C51L34,POINT (-61.218437158999954 -9.865044166999967)
2024,VEGETAÇÃO,C51L34,POINT (-61.12105715899995 -9.780354166999967)
2024,VEGETAÇÃO,C51L34,POINT (-61.14139715899995 -9.769824166999966)
2024,VEGETAÇÃO,C51L34,POINT (-61.04527715899995 -9.820584166999966)
2024,VEGETAÇÃO,C51L34,POINT (-61.11988715899995 -9.866664166999966)
2024,VEGETAÇÃO,C51L34,POINT (-61.200707158999954 -9.979614166999966)
2024,VEGETAÇÃO,C51L34,POINT (-61.11448715899995 -9.969894166999966)
2024,VEGETAÇÃO,C51L34,POINT (-61.11556715899995 -9.852354166999966)
2024,VEGETAÇÃO,C51L34,POINT (-61.055897158999954 -9.853074166999967)
2024,VEGETAÇÃO,C51L34,POINT (-61.038527158999955 -9.905094166999966)
2024,VEGETAÇÃO,C51L34,POINT (-61.04194715899995 -9.799434166999966)
2024,VEGETAÇÃO,C51L34,POINT (-61.14031715899995 -9.781344166999967)
2024,VEGETAÇÃO,C51L34,POINT (-61.00243715899995 -9.940194166999966)
2024,VEGETAÇÃO,C51L34,POINT (-61.077677158999954 -9.967914166999966)
2024,VEGETAÇÃO,C51L34,POINT (-61.22068715899995 -9.867384166999967)
2024,VEGETAÇÃO,C51L34,POINT (-61.04581715899995 -9.921564166999966)
2024,VEGETAÇÃO,C51L34,POINT (-61.04194715899995 -9.981504166999967)
2024,VEGETAÇÃO,C51L34,POINT (-61.06687715899995 -9.762624166999966)
2024,VEGETAÇÃO,C51L34,POINT (-61.24678715899995 -9.798174166999967)
2024,VEGETAÇÃO,C51L34,POINT (-61.12987715899995 -9.941814166999967)
2024,VEGETAÇÃO,C51L34,POINT (-61.04635715899995 -9.798534166999966)
2024,VEGETAÇÃO,C51L34,POINT (-61.18540715899995 -9.893934166999966)
2024,VEGETAÇÃO,C51L34,POINT (-61.21168715899995 -9.817884166999967)
2024,VEGETAÇÃO,C51L34,POINT (-61.03123715899996 -9.979524166999967)
2024,VEGETAÇÃO,C51L34,POINT (-61.05265715899995 -9.759474166999967)
2024,VEGETAÇÃO,C51L34,POINT (-61.016477158999955 -9.855774166999966)
2024,VEGETAÇÃO,C51L34,POINT (-61.05814715899995 -9.806364166999966)
2024,VEGETAÇÃO,C51L34,POINT (-61.18036715899996 -9.997434166999966)
2024,VEGETAÇÃO,C51L34,POINT (-61.249577158999955 -9.800874166999966)
2024,VEGETAÇÃO,C51L34,POINT (-61.188467158999956 -9.765504166999966)
2024,VEGETAÇÃO,C51L34,POINT (-61.10548715899995 -9.937404166999967)
2024,VEGETAÇÃO,C51L34,POINT (-61.06264715899995 -9.783774166999967)
2024,VEGETAÇÃO,C51L34,POINT (-61.21537715899996 -9.758934166999966)
2024,VEGETAÇÃO,C51L34,POINT (-61.19404715899995 -9.889974166999966)
2024,VEGETAÇÃO,C51L34,POINT (-61.06156715899995 -9.926694166999967)
2024,VEGETAÇÃO,C51L34,POINT (-61.241297158999956 -9.888084166999967)
2024,VEGETAÇÃO,C51L34,POINT (-61.20259715899995 -9.753264166999966)
2024,VEGETAÇÃO,C51L34,POINT (-61.17838715899995 -9.798354166999966)
2024,VEGETAÇÃO,C51L34,POINT (-61.04518715899995 -9.886374166999966)
2024,VEGETAÇÃO,C51L34,POINT (-61.127357158999956 -9.754794166999966)
2024,VEGETAÇÃO,C51L34,POINT (-61.162007158999955 -9.935874166999966)
2024,VEGETAÇÃO,C51L34,POINT (-61.08460715899995 -9.820404166999966)
2024,VEGETAÇÃO,C51L34,POINT (-61.130147158999954 -9.770724166999967)
2024,VEGETAÇÃO,C51L34,POINT (-61.07128715899995 -9.924804166999966)
2024,VEGETAÇÃO,C51L34,POINT (-61.192787158999955 -9.787374166999966)
2024,VEGETAÇÃO,C51L34,POINT (-61.135457158999955 -9.752634166999966)
2024,VEGETAÇÃO,C51L34,POINT (-61.09666715899995 -9.981324166999967)
2024,VEGETAÇÃO,C51L34,POINT (-61.04113715899995 -9.777744166999966)
2024,VEGETAÇÃO,C51L34,POINT (-61.07209715899995 -9.860454166999967)
2024,VEGETAÇÃO,C51L34,POINT (-61.20844715899995 -9.819054166999967)
2024,VEGETAÇÃO,C51L34,POINT (-61.210247158999955 -9.799164166999967)
2024,VEGETAÇÃO,C51L34,POINT (-61.20025715899995 -9.869094166999966)
2024,VEGETAÇÃO,C51L34,POINT (-61.13428715899995 -9.797724166999966)
2024,VEGETAÇÃO,C51L34,POINT (-61.051847158999955 -9.938394166999966)
2024,VEGETAÇÃO,C51L34,POINT (-61.091087158999954 -9.884484166999966)
2024,VEGETAÇÃO,C51L34,POINT (-61.19359715899995 -9.851634166999967)
2024,VEGETAÇÃO,C51L34,POINT (-61.13158715899995 -9.882504166999967)
2024,VEGETAÇÃO,C51L34,POINT (-61.08541715899995 -9.880074166999966)
2024,VEGETAÇÃO,C51L34,POINT (-61.139957158999955 -9.866844166999966)
2024,VEGETAÇÃO,C51L34,POINT (-61.187297158999954 -9.770004166999966)
2024,VEGETAÇÃO,C51L34,POINT (-61.12852715899995 -9.808434166999966)
2024,VEGETAÇÃO,C51L34,POINT (-61.184147158999956 -9.917064166999966)
2024,VEGETAÇÃO,C51L34,POINT (-61.143647158999954 -9.885294166999966)
2024,VEGETAÇÃO,C51L34,POINT (-61.06363715899995 -9.921294166999967)
2024,VEGETAÇÃO,C51L34,POINT (-61.05067715899995 -9.854964166999967)
2024,VEGETAÇÃO,C51L34,POINT (-61.04536715899995 -9.778284166999967)
2024,VEGETAÇÃO,C51L34,POINT (-61.156607158999954 -9.805464166999966)
2024,VEGETAÇÃO,C51L34,POINT (-61.215197158999956 -9.876474166999966)
2024,VEGETAÇÃO,C51L34,POINT (-61.227707158999955 -9.801504166999967)
2024,VEGETAÇÃO,C51L34,POINT (-61.07002715899995 -9.780174166999966)
2024,VEGETAÇÃO,C51L34,POINT (-61.118177158999956 -9.996624166999966)
2024,VEGETAÇÃO,C51L34,POINT (-61.16929715899995 -9.756504166999965)
2024,VEGETAÇÃO,C51L34,POINT (-61.08802715899995 -9.763344166999966)
2024,VEGETAÇÃO,C51L34,POINT (-61.04608715899995 -9.982674166999967)
2024,VEGETAÇÃO,C51L34,POINT (-61.090907158999954 -9.753984166999967)
2024,VEGETAÇÃO,C51L34,POINT (-61.178477158999954 -9.912384166999967)
2024,VEGETAÇÃO,C51L34,POINT (-61.08370715899996 -9.877464166999966)
2024,VEGETAÇÃO,C51L34,POINT (-61.19143715899995 -9.999504166999966)
2024,VEGETAÇÃO,C51L34,POINT (-61.19494715899995 -9.893664166999967)
2024,VEGETAÇÃO,C51L34,POINT (-61.16434715899995 -9.834354166999967)
2024,VEGETAÇÃO,C51L34,POINT (-61.051217158999954 -9.968364166999967)
2024,VEGETAÇÃO,C51L34,POINT (-61.01008715899995 -9.752454166999966)
2024,VEGETAÇÃO,C51L34,POINT (-61.117547158999955 -9.860634166999967)
2024,VEGETAÇÃO,C51L34,POINT (-61.104497158999955 -9.847494166999967)
2024,VEGETAÇÃO,C51L34,POINT (-61.04545715899995 -9.887274166999966)
2024,VEGETAÇÃO,C51L34,POINT (-61.23967715899995 -9.898434166999966)
2024,VEGETAÇÃO,C51L34,POINT (-61.06192715899995 -9.975744166999966)
2024,VEGETAÇÃO,C51L34,POINT (-61.139507158999955 -9.902934166999966)
2024,VEGETAÇÃO,C51L34,POINT (-61.161467158999955 -9.912654166999966)
2024,VEGETAÇÃO,C51L34,POINT (-61.00639715899995 -9.991044166999966)
2024,VEGETAÇÃO,C51L34,POINT (-61.12285715899995 -9.770994166999966)
2024,VEGETAÇÃO,C51L34,POINT (-61.12285715899995 -9.903384166999967)
2024,VEGETAÇÃO,C51L34,POINT (-61.016297158999954 -9.948024166999966)
2024,VEGETAÇÃO,C51L34,POINT (-61.08838715899995 -9.968364166999967)
2024,VEGETAÇÃO,C51L34,POINT (-61.109267158999955 -9.992934166999966)
2024,VEGETAÇÃO,C51L34,POINT (-61.22896715899995 -9.876654166999966)
2024,VEGETAÇÃO,C51L34,POINT (-61.162277158999956 -9.851634166999967)
2024,VEGETAÇÃO,C51L34,POINT (-61.16911715899995 -9.869814166999966)
2024,VEGETAÇÃO,C51L34,POINT (-61.21285715899995 -9.826614166999967)
2024,VEGETAÇÃO,C51L34,POINT (-61.215107158999956 -9.988884166999966)
2024,VEGETAÇÃO,C51L34,POINT (-61.016477158999955 -9.847404166999967)
2024,VEGETAÇÃO,C51L34,POINT (-61.104317158999955 -9.971334166999966)
2024,VEGETAÇÃO,C51L34,POINT (-61.19827715899996 -9.818874166999967)
2024,VEGETAÇÃO,C51L34,POINT (-61.20727715899996 -9.775764166999966)
2024,VEGETAÇÃO,C51L34,POINT (-61.131317158999956 -9.750384166999966)
2024,VEGETAÇÃO,C51L34,POINT (-61.121327158999954 -9.916434166999966)
2024,VEGETAÇÃO,C51L34,POINT (-61.23742715899995 -9.771354166999966)
2024,VEGETAÇÃO,C51L34,POINT (-61.091087158999954 -9.883404166999966)
2024,VEGETAÇÃO,C51L34,POINT (-61.034297158999955 -9.830484166999966)
2024,VEGETAÇÃO,C51L34,POINT (-61.22536715899995 -9.804114166999966)
2024,VEGETAÇÃO,C51L34,POINT (-61.065437158999956 -9.894654166999967)
2024,VEGETAÇÃO,C51L34,POINT (-61.18216715899995 -9.849204166999966)
2024,VEGETAÇÃO,C51L34,POINT (-61.095227158999954 -9.899694166999966)
2024,VEGETAÇÃO,C51L34,POINT (-61.197467158999956 -9.792504166999967)
2024,VEGETAÇÃO,C51L34,POINT (-61.20250715899995 -9.812394166999967)
2024,VEGETAÇÃO,C51L34,POINT (-61.090907158999954 -9.995364166999966)
2024,VEGETAÇÃO,C51L34,POINT (-61.12888715899995 -9.852804166999967)
2024,VEGETAÇÃO,C51L34,POINT (-61.03240715899995 -9.854064166999967)
2024,VEGETAÇÃO,C51L34,POINT (-61.012427158999955 -9.921474166999966)
2024,VEGETAÇÃO,C51L34,POINT (-61.07542715899996 -9.922734166999966)
2024,VEGETAÇÃO,C51L34,POINT (-61.153727158999956 -9.818784166999967)
2024,VEGETAÇÃO,C51L34,POINT (-61.24696715899995 -9.826434166999967)
2024,VEGETAÇÃO,C51L34,POINT (-61.113137158999955 -9.848124166999966)
2024,VEGETAÇÃO,C51L34,POINT (-61.11178715899995 -9.911664166999966)
2024,VEGETAÇÃO,C51L34,POINT (-61.06309715899995 -9.947664166999967)
2024,VEGETAÇÃO,C51L34,POINT (-61.07020715899995 -9.820944166999967)
2024,VEGETAÇÃO,C51L34,POINT (-61.13293715899995 -9.914634166999967)
2024,VEGETAÇÃO,C51L34,POINT (-61.23526715899995 -9.767034166999967)
2024,VEGETAÇÃO,C51L34,POINT (-61.108997158999955 -9.961704166999967)
2024,VEGETAÇÃO,C51L34,POINT (-61.122497158999956 -9.972864166999967)
2024,VEGETAÇÃO,C51L34,POINT (-61.18990715899995 -9.867204166999967)
2024,VEGETAÇÃO,C51L34,POINT (-61.10719715899995 -9.980514166999967)
2024,VEGETAÇÃO,C51L34,POINT (-61.174967158999955 -9.806994166999967)
2024,VEGETAÇÃO,C51L34,POINT (-61.06156715899995 -9.862344166999966)
2024,VEGETAÇÃO,C51L34,POINT (-61.12312715899995 -9.960714166999967)
2024,VEGETAÇÃO,C51L34,POINT (-61.19854715899995 -9.871704166999967)
2024,VEGETAÇÃO,C51L34,POINT (-61.08991715899995 -9.928494166999966)
2024,VEGETAÇÃO,C51L34,POINT (-61.07209715899995 -9.783144166999966)
2024,VEGETAÇÃO,C51L34,POINT (-61.21249715899995 -9.750204166999966)
2024,VEGETAÇÃO,C51L34,POINT (-61.082987158999956 -9.931824166999967)
2024,VEGETAÇÃO,C51L34,POINT (-61.10638715899995 -9.806364166999966)
2024,VEGETAÇÃO,C51L34,POINT (-61.18135715899995 -9.764604166999966)
2024,VEGETAÇÃO,C51L34,POINT (-61.17280715899995 -9.962784166999967)
2024,VEGETAÇÃO,C51L34,POINT (-61.122317158999955 -9.853884166999967)
2024,VEGETAÇÃO,C51L34,POINT (-61.22230715899995 -9.750474166999966)
2024,VEGETAÇÃO,C51L34,POINT (-61.12294715899995 -9.846684166999966)
2024,VEGETAÇÃO,C51L34,POINT (-61.016747158999955 -9.915444166999967)
2024,VEGETAÇÃO,C51L34,POINT (-61.197647158999956 -9.911934166999966)
2024,VEGETAÇÃO,C51L34,POINT (-61.07677715899995 -9.842814166999966)
2024,VEGETAÇÃO,C51L34,POINT (-61.17712715899995 -9.966114166999967)
2024,VEGETAÇÃO,C51L34,POINT (-61.18711715899995 -9.906714166999967)
2024,VEGETAÇÃO,C51L34,POINT (-61.100087158999955 -9.795384166999966)
2024,VEGETAÇÃO,C51L34,POINT (-61.099727158999954 -9.930114166999966)
2024,VEGETAÇÃO,C51L34,POINT (-61.215017158999956 -9.781074166999966)
2024,VEGETAÇÃO,C51L34,POINT (-61.04203715899995 -9.811134166999967)
2024,VEGETAÇÃO,C51L34,POINT (-61.11952715899995 -9.785664166999966)
2024,VEGETAÇÃO,C51L34,POINT (-61.16884715899995 -9.783144166999966)
2024,VEGETAÇÃO,C51L34,POINT (-61.18081715899996 -9.969174166999967)
2024,VEGETAÇÃO,C51L34,POINT (-61.055807158999954 -9.792594166999967)
2024,VEGETAÇÃO,C51L34,POINT (-61.130327158999954 -9.962424166999966)
2024,VEGETAÇÃO,C51L34,POINT (-61.143827158999954 -9.774684166999966)
2024,VEGETAÇÃO,C51L34,POINT (-61.196387158999954 -9.783864166999967)
2024,VEGETAÇÃO,C51L34,POINT (-61.20889715899995 -9.760824166999967)
2024,VEGETAÇÃO,C51L34,POINT (-61.161647158999955 -9.990504166999967)
2024,VEGETAÇÃO,C51L34,POINT (-61.126997158999956 -9.819774166999967)
2024,VEGETAÇÃO,C51L34,POINT (-61.21564715899996 -9.976014166999967)
2024,VEGETAÇÃO,C51L34,POINT (-61.22617715899995 -9.888174166999967)
2024,VEGETAÇÃO,C51L34,POINT (-61.165337158999954 -9.992394166999967)
2024,VEGETAÇÃO,C51L34,POINT (-61.21762715899995 -9.889884166999966)
2024,VEGETAÇÃO,C51L34,POINT (-61.174607158999954 -9.964674166999966)
2024,VEGETAÇÃO,C51L34,POINT (-61.17622715899995 -9.966564166999966)
2024,VEGETAÇÃO,C51L34,POINT (-61.227617158999955 -9.771624166999967)
2024,VEGETAÇÃO,C51L34,POINT (-61.201697158999956 -9.900774166999966)
2024,VEGETAÇÃO,C51L34,POINT (-61.17271715899995 -9.761364166999966)
2024,VEGETAÇÃO,C51L34,POINT (-61.07560715899995 -9.975834166999967)
2024,VEGETAÇÃO,C51L34,POINT (-61.16479715899995 -9.772524166999967)
2024,VEGETAÇÃO,C51L34,POINT (-61.021967158999956 -9.843534166999966)
2024,VEGETAÇÃO,C51L34,POINT (-61.08424715899995 -9.769284166999967)
2024,VEGETAÇÃO,C51L34,POINT (-61.13698715899995 -9.983484166999967)
2024,VEGETAÇÃO,C51L34,POINT (-61.152287158999954 -9.990954166999966)
2024,VEGETAÇÃO,C51L34,POINT (-61.21213715899995 -9.883764166999967)
2024,VEGETAÇÃO,C51L34,POINT (-61.21645715899995 -9.972594166999967)
2024,VEGETAÇÃO,C51L34,POINT (-61.05274715899995 -9.817614166999967)
2024,VEGETAÇÃO,C51L34,POINT (-61.18189715899995 -9.972684166999967)
2024,VEGETAÇÃO,C51L34,POINT (-61.15921715899995 -9.931464166999966)
2024,VEGETAÇÃO,C51L34,POINT (-61.047347158999955 -9.850194166999966)
2024,VEGETAÇÃO,C51L34,POINT (-61.21123715899995 -9.792954166999966)
2024,VEGETAÇÃO,C51L34,POINT (-61.074167158999956 -9.803034166999966)
2024,VEGETAÇÃO,C51L34,POINT (-61.14751715899995 -9.801324166999967)
2024,VEGETAÇÃO,C51L34,POINT (-61.21600715899996 -9.879444166999967)
2024,VEGETAÇÃO,C51L34,POINT (-61.192877158999956 -9.869094166999966)
2024,VEGETAÇÃO,C51L34,POINT (-61.165247158999954 -9.953694166999966)
2024,VEGETAÇÃO,C51L34,POINT (-61.174607158999954 -9.859644166999967)
2024,VEGETAÇÃO,C51L34,POINT (-61.13824715899995 -9.951804166999967)
2024,VEGETAÇÃO,C51L34,POINT (-61.01989715899995 -9.767574166999966)
2024,VEGETAÇÃO,C51L34,POINT (-61.18045715899996 -9.891144166999966)
2024,VEGETAÇÃO,C51L34,POINT (-61.01044715899995 -9.998694166999966)
2024,VEGETAÇÃO,C51L34,POINT (-61.06840715899995 -9.814104166999966)
2024,VEGETAÇÃO,C51L34,POINT (-61.139597158999955 -9.783594166999967)
2024,VEGETAÇÃO,C51L34,POINT (-61.209347158999954 -9.989154166999967)
2024,VEGETAÇÃO,C51L34,POINT (-61.042757158999954 -9.842004166999967)
2024,VEGETAÇÃO,C51L34,POINT (-61.191797158999954 -9.935604166999966)
2024,VEGETAÇÃO,C51L34,POINT (-61.077857158999954 -9.939294166999966)
2024,VEGETAÇÃO,C51L34,POINT (-61.069037158999954 -9.823644166999966)
2024,VEGETAÇÃO,C51L34,POINT (-61.08982715899995 -9.802764166999966)
2024,VEGETAÇÃO,C51L34,POINT (-61.17379715899995 -9.875124166999967)
2024,VEGETAÇÃO,C51L34,POINT (-61.11394715899995 -9.772254166999966)
2024,VEGETAÇÃO,C51L34,POINT (-61.113497158999955 -9.829404166999966)
2024,VEGETAÇÃO,C51L34,POINT (-61.042307158999954 -9.869274166999967)
2024,VEGETAÇÃO,C51L34,POINT (-61.152197158999954 -9.859734166999967)
2024,VEGETAÇÃO,C51L34,POINT (-61.11601715899995 -9.844974166999966)
2024,VEGETAÇÃO,C51L34,POINT (-61.03987715899996 -9.758664166999967)
2024,VEGETAÇÃO,C51L34,POINT (-61.136177158999956 -9.758934166999966)
2024,VEGETAÇÃO,C51L34,POINT (-61.073807158999955 -9.870804166999966)
2024,VEGETAÇÃO,C51L34,POINT (-61.01323715899996 -9.792324166999967)
2024,VEGETAÇÃO,C51L34,POINT (-61.015937158999954 -9.937674166999967)
2024,VEGETAÇÃO,C51L34,POINT (-61.060037158999954 -9.886194166999966)
2024,VEGETAÇÃO,C51L34,POINT (-61.170917158999956 -9.838944166999966)
2024,VEGETAÇÃO,C51L34,POINT (-61.24615715899995 -9.870984166999966)
2024,VEGETAÇÃO,C51L34,POINT (-61.11088715899995 -9.895554166999966)
2024,VEGETAÇÃO,C51L34,POINT (-61.02610715899995 -9.936594166999967)
2024,VEGETAÇÃO,C51L34,POINT (-61.12114715899995 -9.767124166999967)
2024,VEGETAÇÃO,C51L34,POINT (-61.192967158999956 -9.918594166999966)
2024,VEGETAÇÃO,C51L34,POINT (-61.16767715899995 -9.990684166999966)
2024,VEGETAÇÃO,C51L34,POINT (-61.083347158999956 -9.830574166999966)
2024,VEGETAÇÃO,C51L34,POINT (-61.05265715899995 -9.862614166999967)
2024,VEGETAÇÃO,C51L34,POINT (-61.047707158999955 -9.824724166999966)
2024,VEGETAÇÃO,C51L34,POINT (-61.100177158999955 -9.756054166999967)
2024,VEGETAÇÃO,C51L34,POINT (-61.15993715899995 -9.978264166999967)
2024,VEGETAÇÃO,C51L34,POINT (-61.223837158999956 -9.834984166999966)
2024,VEGETAÇÃO,C51L34,POINT (-61.04527715899995 -9.772434166999966)
2024,VEGETAÇÃO,C51L34,POINT (-61.01035715899995 -9.934884166999966)
2024,VEGETAÇÃO,C51L34,POINT (-61.01845715899995 -9.847944166999966)
2024,VEGETAÇÃO,C51L34,POINT (-61.13212715899995 -9.995454166999966)
2024,VEGETAÇÃO,C51L34,POINT (-61.05940715899995 -9.948924166999966)
2024,VEGETAÇÃO,C51L34,POINT (-61.117817158999955 -9.838584166999967)
2024,VEGETAÇÃO,C51L34,POINT (-61.18504715899995 -9.754614166999966)
2024,VEGETAÇÃO,C51L34,POINT (-61.096307158999956 -9.870264166999966)
2024,VEGETAÇÃO,C51L34,POINT (-61.03690715899995 -9.905274166999966)
2024,VEGETAÇÃO,C51L34,POINT (-61.12897715899995 -9.967284166999967)
2024,VEGETAÇÃO,C51L34,POINT (-61.18999715899995 -9.802494166999967)
2024,VEGETAÇÃO,C51L34,POINT (-61.05886715899995 -9.767574166999966)
2024,VEGETAÇÃO,C51L34,POINT (-61.22419715899996 -9.875754166999966)
2024,VEGETAÇÃO,C51L34,POINT (-61.09297715899996 -9.876114166999967)
2024,VEGETAÇÃO,C51L34,POINT (-61.14175715899995 -9.846504166999967)
2024,VEGETAÇÃO,C51L34,POINT (-61.06291715899995 -9.920664166999966)
2024,VEGETAÇÃO,C51L34,POINT (-61.19305715899995 -9.907254166999966)
2024,VEGETAÇÃO,C51L34,POINT (-61.23787715899995 -9.789534166999966)
2024,VEGETAÇÃO,C51L34,POINT (-61.112687158999954 -9.978984166999966)
2024,VEGETAÇÃO,C51L34,POINT (-61.060937158999955 -9.795834166999967)
2024,VEGETAÇÃO,C51L34,POINT (-61.23877715899995 -9.812124166999967)
2024,VEGETAÇÃO,C51L34,POINT (-61.10800715899995 -9.797454166999966)
2024,VEGETAÇÃO,C51L34,POINT (-61.021247158999955 -9.905004166999966)
2024,VEGETAÇÃO,C51L34,POINT (-61.02808715899995 -9.762894166999967)
2024,VEGETAÇÃO,C51L34,POINT (-61.002977158999954 -9.991854166999966)
2024,VEGETAÇÃO,C51L34,POINT (-61.20232715899995 -9.815994166999966)
2024,VEGETAÇÃO,C51L34,POINT (-61.16848715899995 -9.751914166999967)
2024,VEGETAÇÃO,C51L34,POINT (-61.13230715899995 -9.905724166999967)
2024,VEGETAÇÃO,C51L34,POINT (-61.039337158999956 -9.957924166999966)
2024,VEGETAÇÃO,C51L34,POINT (-61.14319715899995 -9.970794166999966)
2024,VEGETAÇÃO,C51L34,POINT (-61.15921715899995 -9.914814166999966)
2024,VEGETAÇÃO,C51L34,POINT (-61.004417158999956 -9.946224166999967)
2024,VEGETAÇÃO,C51L34,POINT (-61.01035715899995 -9.924084166999966)
2024,VEGETAÇÃO,C51L34,POINT (-61.01746715899995 -9.882954166999966)
2024,VEGETAÇÃO,C51L34,POINT (-61.162367158999956 -9.945594166999966)
2024,VEGETAÇÃO,C51L34,POINT (-61.01449715899995 -9.837864166999966)
2024,VEGETAÇÃO,C51L34,POINT (-61.104677158999955 -9.779004166999966)
2024,VEGETAÇÃO,C51L34,POINT (-61.09369715899995 -9.790074166999966)
2024,VEGETAÇÃO,C51L34,POINT (-61.07272715899995 -9.926694166999967)
2024,VEGETAÇÃO,C51L34,POINT (-61.074347158999956 -9.854694166999966)
2024,VEGETAÇÃO,C51L34,POINT (-61.004147158999956 -9.774324166999966)
2024,VEGETAÇÃO,C51L34,POINT (-61.200887158999954 -9.995454166999966)
2024,VEGETAÇÃO,C51L34,POINT (-61.17766715899995 -9.823644166999966)
2024,VEGETAÇÃO,C51L34,POINT (-61.02898715899995 -9.860094166999966)
2024,VEGETAÇÃO,C51L34,POINT (-61.00675715899995 -9.979074166999967)
2024,VEGETAÇÃO,C51L34,POINT (-61.13752715899995 -9.997884166999967)
2024,VEGETAÇÃO,C51L34,POINT (-61.05499715899995 -9.784584166999966)
2024,VEGETAÇÃO,C51L34,POINT (-61.22932715899995 -9.991224166999967)
2024,VEGETAÇÃO,C51L34,POINT (-61.22923715899995 -9.774504166999966)
2024,VEGETAÇÃO,C51L34,POINT (-61.09828715899995 -9.856854166999966)
2024,VEGETAÇÃO,C51L34,POINT (-61.121957158999955 -9.850014166999966)
2024,VEGETAÇÃO,C51L34,POINT (-61.21726715899995 -9.908244166999966)
2024,VEGETAÇÃO,C51L34,POINT (-61.18558715899995 -9.829404166999966)
2024,VEGETAÇÃO,C51L34,POINT (-61.122227158999955 -9.806094166999966)
2024,VEGETAÇÃO,C51L34,POINT (-61.02871715899995 -9.868554166999967)
2024,VEGETAÇÃO,C51L34,POINT (-61.126727158999955 -9.997794166999967)
2024,VEGETAÇÃO,C51L34,POINT (-61.061027158999956 -9.754344166999966)
2024,VEGETAÇÃO,C51L34,POINT (-61.002797158999954 -9.918774166999967)
2024,VEGETAÇÃO,C51L34,POINT (-61.07659715899995 -9.921204166999967)
2024,VEGETAÇÃO,C51L34,POINT (-61.219247158999956 -9.917604166999967)
2024,VEGETAÇÃO,C51L34,POINT (-61.01449715899995 -9.845964166999966)
2024,VEGETAÇÃO,C51L34,POINT (-61.04365715899995 -9.784224166999966)
2024,VEGETAÇÃO,C51L34,POINT (-61.060487158999955 -9.896544166999966)
2024,VEGETAÇÃO,C51L34,POINT (-61.08487715899995 -9.900324166999967)
2024,VEGETAÇÃO,C51L34,POINT (-61.22500715899995 -9.789354166999967)
2024,VEGETAÇÃO,C51L34,POINT (-61.14157715899995 -9.823284166999967)
2024,VEGETAÇÃO,C51L34,POINT (-61.039247158999956 -9.944874166999966)
2024,VEGETAÇÃO,C51L34,POINT (-61.12330715899995 -9.975834166999967)
2024,VEGETAÇÃO,C51L34,POINT (-61.07551715899995 -9.994734166999967)
2024,VEGETAÇÃO,C51L34,POINT (-61.04419715899995 -9.849024166999966)
2024,VEGETAÇÃO,C51L34,POINT (-61.01566715899995 -9.891414166999967)
2024,VEGETAÇÃO,C51L34,POINT (-61.236617158999955 -9.879084166999966)
2024,VEGETAÇÃO,C51L34,POINT (-61.07902715899995 -9.767664166999966)
2024,VEGETAÇÃO,C51L34,POINT (-61.24786715899995 -9.753354166999966)
2024,VEGETAÇÃO,C51L34,POINT (-61.126547158999955 -9.750564166999967)
2024,VEGETAÇÃO,C51L34,POINT (-61.09864715899995 -9.838314166999966)
2024,VEGETAÇÃO,C51L34,POINT (-61.025027158999954 -9.977994166999967)
2024,VEGETAÇÃO,C51L34,POINT (-61.01980715899995 -9.887454166999966)
2024,VEGETAÇÃO,C51L34,POINT (-61.170017158999954 -9.928764166999967)
2024,VEGETAÇÃO,C51L34,POINT (-61.064447158999954 -9.768474166999967)
2024,VEGETAÇÃO,C51L34,POINT (-61.16074715899995 -9.810144166999967)
2024,VEGETAÇÃO,C51L34,POINT (-61.07668715899995 -9.957024166999966)
2024,VEGETAÇÃO,C51L34,POINT (-61.029527158999954 -9.852444166999966)
2024,VEGETAÇÃO,C51L34,POINT (-61.11583715899995 -9.840024166999966)
2024,VEGETAÇÃO,C51L34,POINT (-61.11151715899995 -9.820404166999966)
2024,VEGETAÇÃO,C51L34,POINT (-61.227617158999955 -9.978444166999966)
2024,VEGETAÇÃO,C51L34,POINT (-61.121687158999954 -9.804294166999966)
2024,VEGETAÇÃO,C51L34,POINT (-61.23346715899996 -9.896724166999967)
2024,VEGETAÇÃO,C51L34,POINT (-61.21114715899995 -9.995544166999967)
2024,VEGETAÇÃO,C51L34,POINT (-61.20763715899995 -9.995634166999967)
2024,VEGETAÇÃO,C51L34,POINT (-61.19908715899995 -9.880794166999966)
2024,VEGETAÇÃO,C51L34,POINT (-61.18567715899995 -9.891414166999967)
2024,VEGETAÇÃO,C51L34,POINT (-61.179287158999955 -9.798534166999966)
2024,VEGETAÇÃO,C51L34,POINT (-61.17298715899995 -9.995004166999966)
2024,VEGETAÇÃO,C51L34,POINT (-61.23013715899995 -9.998964166999967)
2024,VEGETAÇÃO,C51L34,POINT (-61.15147715899995 -9.954594166999966)
2024,VEGETAÇÃO,C51L34,POINT (-61.09279715899996 -9.770184166999966)
2024,VEGETAÇÃO,C51L34,POINT (-61.11943715899995 -9.813294166999967)
2024,VEGETAÇÃO,C51L34,POINT (-61.08163715899995 -9.984834166999967)
2024,VEGETAÇÃO,C51L34,POINT (-61.03663715899995 -9.912564166999966)
2024,VEGETAÇÃO,C51L34,POINT (-61.07182715899995 -9.981594166999967)
2024,VEGETAÇÃO,C51L34,POINT (-61.240307158999954 -9.876744166999966)
2024,VEGETAÇÃO,C51L34,POINT (-61.09918715899995 -9.820944166999967)
2024,VEGETAÇÃO,C51L34,POINT (-61.06210715899995 -9.907794166999967)
2024,VEGETAÇÃO,C51L34,POINT (-61.174787158999955 -9.933354166999967)
2024,VEGETAÇÃO,C51L34,POINT (-61.07227715899995 -9.893394166999967)
2024,VEGETAÇÃO,C51L34,POINT (-61.14526715899996 -9.750204166999966)
2024,VEGETAÇÃO,C51L34,POINT (-61.07875715899995 -9.792324166999967)
2024,VEGETAÇÃO,C51L34,POINT (-61.16839715899995 -9.886554166999966)
2024,VEGETAÇÃO,C51L34,POINT (-61.01800715899995 -9.862884166999967)
2024,VEGETAÇÃO,C51L34,POINT (-61.08163715899995 -9.794034166999966)
2024,VEGETAÇÃO,C51L34,POINT (-61.23940715899995 -9.899874166999966)
2024,VEGETAÇÃO,C51L34,POINT (-61.12384715899995 -9.914904166999966)
2024,VEGETAÇÃO,C51L34,POINT (-61.15831715899995 -9.822384166999967)
2024,VEGETAÇÃO,C51L34,POINT (-61.17604715899995 -9.767754166999966)
2024,VEGETAÇÃO,C51L34,POINT (-61.047347158999955 -9.904734166999967)
2024,VEGETAÇÃO,C51L34,POINT (-61.09711715899995 -9.882144166999966)
2024,VEGETAÇÃO,C51L34,POINT (-61.21339715899995 -9.977544166999966)
2024,VEGETAÇÃO,C51L34,POINT (-61.12564715899995 -9.991314166999967)
2024,VEGETAÇÃO,C51L34,POINT (-61.135907158999956 -9.902664166999966)
2024,VEGETAÇÃO,C51L34,POINT (-61.21735715899995 -9.785844166999967)
2024,VEGETAÇÃO,C51L34,POINT (-61.01935715899995 -9.866214166999967)
2024,VEGETAÇÃO,C51L34,POINT (-61.004147158999956 -9.797094166999967)
2024,VEGETAÇÃO,C51L34,POINT (-61.15012715899995 -9.828594166999967)
2024,VEGETAÇÃO,C51L34,POINT (-61.143917158999955 -9.820134166999967)
2024,VEGETAÇÃO,C51L34,POINT (-61.064897158999955 -9.979164166999967)
2024,VEGETAÇÃO,C51L34,POINT (-61.01566715899995 -9.968724166999966)
2024,VEGETAÇÃO,C51L34,POINT (-61.060217158999954 -9.760014166999966)
2024,VEGETAÇÃO,C51L34,POINT (-61.095947158999955 -9.976554166999966)
2024,VEGETAÇÃO,C51L34,POINT (-61.004057158999956 -9.905544166999967)
2024,VEGETAÇÃO,C51L34,POINT (-61.15084715899995 -9.957294166999967)
2024,VEGETAÇÃO,C51L34,POINT (-61.143467158999954 -9.758844166999966)
2024,VEGETAÇÃO,C51L34,POINT (-61.16902715899995 -9.929124166999966)
2024,VEGETAÇÃO,C51L34,POINT (-61.011617158999954 -9.920664166999966)
2024,VEGETAÇÃO,C51L34,POINT (-61.196837158999955 -9.991224166999967)
2024,VEGETAÇÃO,C51L34,POINT (-61.11007715899996 -9.898344166999966)
2024,VEGETAÇÃO,C51L34,POINT (-61.20358715899995 -9.995094166999966)
2024,VEGETAÇÃO,C51L34,POINT (-61.209617158999954 -9.794394166999966)
2024,VEGETAÇÃO,C51L34,POINT (-61.19584715899995 -9.989694166999966)
2024,VEGETAÇÃO,C51L34,POINT (-61.15552715899995 -9.836874166999966)
2024,VEGETAÇÃO,C51L34,POINT (-61.01386715899996 -9.835704166999966)
2024,VEGETAÇÃO,C51L34,POINT (-61.00855715899995 -9.925434166999967)
2024,VEGETAÇÃO,C51L34,POINT (-61.048157158999956 -9.885834166999967)
2024,VEGETAÇÃO,C51L34,POINT (-61.17163715899996 -9.905454166999967)
2024,VEGETAÇÃO,C51L34,POINT (-61.21996715899995 -9.770634166999967)
2024,VEGETAÇÃO,C51L34,POINT (-61.13374715899995 -9.868284166999967)
2024,VEGETAÇÃO,C51L34,POINT (-61.18630715899995 -9.916614166999967)
2024,VEGETAÇÃO,C51L34,POINT (-61.086587158999954 -9.759654166999967)
2024,VEGETAÇÃO,C51L34,POINT (-61.12510715899995 -9.813834166999966)
2024,VEGETAÇÃO,C51L34,POINT (-61.10683715899995 -9.972414166999966)
2024,VEGETAÇÃO,C51L34,POINT (-61.201517158999955 -9.821574166999966)
2024,VEGETAÇÃO,C51L34,POINT (-61.02835715899995 -9.857484166999967)
2024,VEGETAÇÃO,C51L34,POINT (-61.10125715899996 -9.986364166999966)
2024,VEGETAÇÃO,C51L34,POINT (-61.10305715899995 -9.828774166999967)
2024,VEGETAÇÃO,C51L34,POINT (-61.01431715899995 -9.875124166999967)
2024,VEGETAÇÃO,C51L34,POINT (-61.020977158999955 -9.916344166999966)
2024,VEGETAÇÃO,C51L34,POINT (-61.091807158999956 -9.952344166999966)
2024,VEGETAÇÃO,C51L34,POINT (-61.196927158999955 -9.813294166999967)
2024,VEGETAÇÃO,C51L34,POINT (-61.01332715899996 -9.764874166999967)
2024,VEGETAÇÃO,C51L34,POINT (-61.23706715899995 -9.803124166999966)
2024,VEGETAÇÃO,C51L34,POINT (-61.191977158999954 -9.792234166999966)
2024,VEGETAÇÃO,C51L34,POINT (-61.082447158999955 -9.750654166999967)
2024,VEGETAÇÃO,C51L34,POINT (-61.09918715899995 -9.761544166999967)
2024,VEGETAÇÃO,C51L34,POINT (-61.23859715899995 -9.893754166999967)
2024,VEGETAÇÃO,C51L34,POINT (-61.17199715899996 -9.870534166999967)
2024,VEGETAÇÃO,C51L34,POINT (-61.23310715899996 -9.856404166999967)
2024,VEGETAÇÃO,C51L34,POINT (-61.00576715899995 -9.920214166999965)
2024,VEGETAÇÃO,C51L34,POINT (-61.18909715899996 -9.808434166999966)
2024,VEGETAÇÃO,C51L34,POINT (-61.22959715899995 -9.867024166999967)
2024,VEGETAÇÃO,C51L34,POINT (-61.06714715899995 -9.788994166999966)
2024,VEGETAÇÃO,C51L34,POINT (-61.047437158999955 -9.791874166999966)
2024,VEGETAÇÃO,C51L34,POINT (-61.056257158999955 -9.768474166999967)
2024,VEGETAÇÃO,C51L34,POINT (-61.04842715899996 -9.957384166999967)
2024,VEGETAÇÃO,C51L34,POINT (-61.200527158999954 -9.789714166999966)
2024,VEGETAÇÃO,C51L34,POINT (-61.16794715899995 -9.826254166999966)
2024,VEGETAÇÃO,C51L34,POINT (-61.17820715899995 -9.757854166999966)
2024,VEGETAÇÃO,C51L34,POINT (-61.183247158999954 -9.904464166999967)
2024,VEGETAÇÃO,C51L34,POINT (-61.24687715899995 -9.821484166999966)
2024,VEGETAÇÃO,C51L34,POINT (-61.03618715899995 -9.878364166999967)
2024,VEGETAÇÃO,C51L34,POINT (-61.19854715899995 -9.804474166999967)
2024,VEGETAÇÃO,C51L34,POINT (-61.042757158999954 -9.769194166999966)
2024,VEGETAÇÃO,C51L34,POINT (-61.249577158999955 -9.842724166999966)
2024,VEGETAÇÃO,C51L34,POINT (-61.060847158999955 -9.921474166999966)
2024,VEGETAÇÃO,C51L34,POINT (-61.06354715899995 -9.999594166999966)
2024,VEGETAÇÃO,C51L34,POINT (-61.03492715899995 -9.940014166999966)
2024,VEGETAÇÃO,C51L34,POINT (-61.17235715899995 -9.954954166999967)
2024,VEGETAÇÃO,C51L34,POINT (-61.13680715899996 -9.964134166999967)
2024,VEGETAÇÃO,C51L34,POINT (-61.10143715899996 -9.985824166999967)
2024,VEGETAÇÃO,C51L34,POINT (-61.179917158999956 -9.823914166999966)
2024,VEGETAÇÃO,C51L34,POINT (-61.130327158999954 -9.777384166999965)
2024,VEGETAÇÃO,C51L34,POINT (-61.09756715899995 -9.776304166999966)
2024,VEGETAÇÃO,C51L34,POINT (-61.09900715899995 -9.964044166999967)
2024,VEGETAÇÃO,C51L34,POINT (-61.042217158999954 -9.944964166999966)
2024,VEGETAÇÃO,C51L34,POINT (-61.20358715899995 -9.770454166999967)
2024,VEGETAÇÃO,C51L34,POINT (-61.04509715899995 -9.936774166999966)
2024,VEGETAÇÃO,C51L34,POINT (-61.03195715899995 -9.926154166999966)
2024,VEGETAÇÃO,C51L34,POINT (-61.109087158999955 -9.781704166999967)
2024,VEGETAÇÃO,C51L34,POINT (-61.08928715899995 -9.829494166999966)
2024,VEGETAÇÃO,C51L34,POINT (-61.12942715899995 -9.873954166999967)
2024,VEGETAÇÃO,C51L34,POINT (-61.192967158999956 -9.897354166999966)
2024,VEGETAÇÃO,C51L34,POINT (-61.16470715899995 -9.809694166999966)
2024,VEGETAÇÃO,C51L34,POINT (-61.201427158999955 -9.864324166999966)
2024,VEGETAÇÃO,C51L34,POINT (-61.15048715899995 -9.891144166999966)
2024,VEGETAÇÃO,C51L34,POINT (-61.22671715899995 -9.830124166999965)
2024,VEGETAÇÃO,C51L34,POINT (-61.003067158999954 -9.943974166999967)
2024,VEGETAÇÃO,C51L34,POINT (-61.091627158999955 -9.781884166999966)
2024,VEGETAÇÃO,C51L34,POINT (-61.087037158999955 -9.986814166999967)
2024,VEGETAÇÃO,C51L34,POINT (-61.06786715899995 -9.968274166999967)
2024,VEGETAÇÃO,C51L34,POINT (-61.23886715899995 -9.812664166999966)
2024,VEGETAÇÃO,C51L34,POINT (-61.187927158999955 -9.769824166999966)
2024,VEGETAÇÃO,C51L34,POINT (-61.01026715899995 -9.763344166999966)
2024,VEGETAÇÃO,C51L34,POINT (-61.08757715899995 -9.795564166999966)
2024,VEGETAÇÃO,C51L34,POINT (-61.033757158999954 -9.902664166999966)
2024,VEGETAÇÃO,C51L34,POINT (-61.13212715899995 -9.838944166999966)
2024,VEGETAÇÃO,C51L34,POINT (-61.23319715899996 -9.883584166999967)
2024,VEGETAÇÃO,C51L34,POINT (-61.24777715899995 -9.817704166999967)
2024,VEGETAÇÃO,C51L34,POINT (-61.05760715899996 -9.780444166999967)
2024,VEGETAÇÃO,C51L34,POINT (-61.09441715899995 -9.953514166999966)
2024,VEGETAÇÃO,C51L34,POINT (-61.162187158999956 -9.762444166999966)
2024,VEGETAÇÃO,C51L34,POINT (-61.082177158999954 -9.853344166999966)
2024,VEGETAÇÃO,C51L34,POINT (-61.07047715899995 -9.793314166999966)
2024,VEGETAÇÃO,C51L34,POINT (-61.104497158999955 -9.779094166999966)
2024,VEGETAÇÃO,C51L34,POINT (-61.188467158999956 -9.787194166999967)
2024,VEGETAÇÃO,C51L34,POINT (-61.08847715899995 -9.842994166999967)
2024,VEGETAÇÃO,C51L34,POINT (-61.04554715899995 -9.760464166999967)
2024,VEGETAÇÃO,C51L34,POINT (-61.090907158999954 -9.867204166999967)
2024,VEGETAÇÃO,C51L34,POINT (-61.00144715899995 -9.779184166999967)
2024,VEGETAÇÃO,C51L34,POINT (-61.08397715899996 -9.975114166999967)
2024,VEGETAÇÃO,C51L34,POINT (-61.18198715899995 -9.833184166999967)
2024,VEGETAÇÃO,C51L34,POINT (-61.06291715899995 -9.822294166999967)
2024,VEGETAÇÃO,C51L34,POINT (-61.22500715899995 -9.783414166999966)
2024,VEGETAÇÃO,C51L34,POINT (-61.161557158999955 -9.853974166999967)
2024,VEGETAÇÃO,C51L34,POINT (-61.13158715899995 -9.777474166999966)
2024,VEGETAÇÃO,C51L34,POINT (-61.20376715899995 -9.875304166999966)
2024,VEGETAÇÃO,C51L34,POINT (-61.11403715899995 -9.835524166999967)
2024,VEGETAÇÃO,C51L34,POINT (-61.12942715899995 -9.820044166999967)
2024,VEGETAÇÃO,C51L34,POINT (-61.13770715899995 -9.873324166999966)
2024,VEGETAÇÃO,C51L34,POINT (-61.016117158999954 -9.841194166999966)
2024,VEGETAÇÃO,C51L34,POINT (-61.17145715899996 -9.862434166999966)
2024,VEGETAÇÃO,C51L34,POINT (-61.206197158999956 -9.880344166999967)
2024,VEGETAÇÃO,C51L34,POINT (-61.12015715899995 -9.861534166999967)
2024,VEGETAÇÃO,C51L34,POINT (-61.210067158999955 -9.787194166999967)
2024,VEGETAÇÃO,C51L34,POINT (-61.19944715899995 -9.803034166999966)
2024,VEGETAÇÃO,C51L34,POINT (-61.092077158999956 -9.842994166999967)
2024,VEGETAÇÃO,C51L34,POINT (-61.14760715899995 -9.779004166999966)
