year,label,tile,geometry
2024,CORTE SELETIVO,C51L41,POINT (-61.144240359401124 -8.240858761911147)
2024,CORTE SELETIVO,C51L41,POINT (-61.14884763049738 -8.095154223144734)
2024,CORTE SELETIVO,C51L41,POINT (-61.21644778029746 -8.246152997439074)
2024,CORTE SELETIVO,C51L41,POINT (-61.14425120316949 -8.241051004281946)
2024,CORTE SELETIVO,C51L41,POINT (-61.21705016955689 -8.231351005403571)
2024,CORTE SELETIVO,C51L41,POINT (-61.21694902878054 -8.231352351907484)
2024,CORTE SELETIVO,C51L41,POINT (-61.21705413803362 -8.231251966279372)
2024,CORTE SELETIVO,C51L41,POINT (-61.21685257353511 -8.231354642626332)
2024,CORTE SELETIVO,C51L41,POINT (-61.21704753019409 -8.231147528343888)
2024,CORTE SELETIVO,C51L41,POINT (-61.21695119245417 -8.23125263403339)
2024,CORTE SELETIVO,C51L41,POINT (-61.21321912545655 -8.228748164844694)
2024,CORTE RASO,C51L41,POINT (-61.21401872506897 -8.224052416138436)
2024,CORTE SELETIVO,C51L41,POINT (-61.154805254499784 -8.24175426429938)
2024,CORTE SELETIVO,C51L41,POINT (-61.14405056399293 -8.24084724514698)
2024,CORTE SELETIVO,C51L41,POINT (-61.21685321358927 -8.231246769812698)
2024,CORTE SELETIVO,C51L41,POINT (-61.2169505653297 -8.231145450958106)
2024,CORTE SELETIVO,C51L41,POINT (-61.21705439852348 -8.230798380200648)
2024,CORTE SELETIVO,C51L41,POINT (-61.217046361657204 -8.230648364084777)
2024,CORTE SELETIVO,C51L41,POINT (-61.216951183280024 -8.230851501905558)
2024,CORTE SELETIVO,C51L41,POINT (-61.215903989680065 -8.22959908539849)
2024,CORTE SELETIVO,C51L41,POINT (-61.215652539001454 -8.22944725616601)
2024,CORTE SELETIVO,C51L41,POINT (-61.21514874900369 -8.228948519725932)
2024,CORTE SELETIVO,C51L41,POINT (-61.143943200094796 -8.240976809407496)
2024,CORTE SELETIVO,C51L41,POINT (-61.218645990263745 -8.230438079176313)
2024,CORTE SELETIVO,C51L41,POINT (-61.21884999307777 -8.23034586927767)
2024,CORTE SELETIVO,C51L41,POINT (-61.21584867836817 -8.229746535168717)
2024,CORTE SELETIVO,C51L41,POINT (-61.21925141991054 -8.229082575932994)
2024,CORTE SELETIVO,C51L41,POINT (-61.21314888283042 -8.22885291808128)
2024,CORTE SELETIVO,C51L41,POINT (-61.21325443060711 -8.22865143855534)
2024,CORTE SELETIVO,C51L41,POINT (-61.16105391666072 -8.239951112575463)
2024,CORTE RASO,C51L41,POINT (-61.17518683461828 -8.102548543365918)
2024,CORTE SELETIVO,C51L41,POINT (-61.10584938356917 -8.22764909560196)
2024,CORTE SELETIVO,C51L41,POINT (-61.14384747154098 -8.241049642365844)
2024,CORTE SELETIVO,C51L41,POINT (-61.10565359486529 -8.227652769576226)
2024,CORTE SELETIVO,C51L41,POINT (-61.15994739820101 -8.24995116793956)
2024,CORTE RASO,C51L41,POINT (-61.20895070227382 -8.188348079265776)
2024,CORTE SELETIVO,C51L41,POINT (-61.12214736968926 -8.219950170599844)
2024,CORTE SELETIVO,C51L41,POINT (-61.215048454927974 -8.22893801779933)
2024,CORTE RASO,C51L41,POINT (-61.2093326058708 -8.185950356896019)
2024,CORTE RASO,C51L41,POINT (-61.21032919797798 -8.185547679472236)
2024,CORTE RASO,C51L41,POINT (-61.20965387562005 -8.184350720771766)
2024,CORTE SELETIVO,C51L41,POINT (-61.1131501852894 -8.236746707710243)
2024,CORTE SELETIVO,C51L41,POINT (-61.10495392796045 -8.236351569572646)
2024,CORTE SELETIVO,C51L41,POINT (-61.21835455150957 -8.23035256281781)
2024,CORTE SELETIVO,C51L41,POINT (-61.21965388910901 -8.229148901445775)
2024,CORTE SELETIVO,C51L41,POINT (-61.21924577986777 -8.228950373101714)
2024,CORTE RASO,C51L41,POINT (-61.21045323321167 -8.185551894052814)
2024,CORTE RASO,C51L41,POINT (-61.209853587791464 -8.18454643804442)
2024,CORTE RASO,C51L41,POINT (-61.209645375462934 -8.184138329382279)
2024,CORTE RASO,C51L41,POINT (-61.20764874978173 -8.181546481673363)
2024,CORTE RASO,C51L41,POINT (-61.20765151535127 -8.180650259324327)
2024,CORTE SELETIVO,C51L41,POINT (-61.14155376986702 -8.24394942028516)
2024,CORTE SELETIVO,C51L41,POINT (-61.218049980049294 -8.246551096684552)
2024,CORTE RASO,C51L41,POINT (-61.2081497395365 -8.18245254930366)
2024,CORTE RASO,C51L41,POINT (-61.2089510796484 -8.180048531109135)
2024,CORTE RASO,C51L41,POINT (-61.20804650253609 -8.182551821444543)
2024,CORTE RASO,C51L41,POINT (-61.20815445497587 -8.18215429087559)
2024,CORTE SELETIVO,C51L41,POINT (-61.22004871603065 -8.229146483391784)
2024,CORTE RASO,C51L41,POINT (-61.20825192079098 -8.18245420145393)
2024,CORTE SELETIVO,C51L41,POINT (-61.14345088976738 -8.241253101374081)
2024,CORTE SELETIVO,C51L41,POINT (-61.14805418323527 -8.241245812030655)
2024,CORTE SELETIVO,C51L41,POINT (-61.12124834664948 -8.235445399857323)
2024,CORTE RASO,C51L41,POINT (-61.20974762655735 -8.184054540641883)
2024,CORTE RASO,C51L41,POINT (-61.20804717500096 -8.184749045965592)
2024,CORTE RASO,C51L41,POINT (-61.20814871936969 -8.182248425490014)
2024,CORTE SELETIVO,C51L41,POINT (-61.15984646710883 -8.249950325365262)
2024,CORTE SELETIVO,C51L41,POINT (-61.219850053900934 -8.229249953498003)
2024,CORTE SELETIVO,C51L41,POINT (-61.219851824649886 -8.2293521283137)
2024,CORTE RASO,C51L41,POINT (-61.21354867545676 -8.224049234986632)
2024,CORTE SELETIVO,C51L41,POINT (-61.21313856794254 -8.229047390918852)
2024,CORTE SELETIVO,C51L41,POINT (-61.1440475582456 -8.240953618791265)
2024,CORTE SELETIVO,C51L41,POINT (-61.22004674347584 -8.229053560799418)
2024,CORTE SELETIVO,C51L41,POINT (-61.20405324772392 -8.228448694596375)
2024,CORTE RASO,C51L41,POINT (-61.20965139552778 -8.182552233888039)
2024,CORTE RASO,C51L41,POINT (-61.204753279316385 -8.18514717737098)
2024,CORTE RASO,C51L41,POINT (-61.20975450510636 -8.182269152551626)
2024,CORTE SELETIVO,C51L41,POINT (-61.20334715405076 -8.228353347197066)
2024,CORTE RASO,C51L41,POINT (-61.20455409242014 -8.185147894847276)
2024,CORTE RASO,C51L41,POINT (-61.20935260108931 -8.18565305012615)
2024,CORTE RASO,C51L41,POINT (-61.208049529704226 -8.184849044760426)
2024,CORTE RASO,C51L41,POINT (-61.204554511711954 -8.18495176749476)
2024,CORTE SELETIVO,C51L41,POINT (-61.21865429481197 -8.230250804885545)
2024,CORTE SELETIVO,C51L41,POINT (-61.15964574892303 -8.108046029818809)
2024,CORTE RASO,C51L41,POINT (-61.21364661818903 -8.224050263102114)
2024,CORTE SELETIVO,C51L41,POINT (-61.21691413140061 -8.230951534116361)
2024,CORTE SELETIVO,C51L41,POINT (-61.2171478699513 -8.23094744078697)
2024,CORTE SELETIVO,C51L41,POINT (-61.217150401287746 -8.230715381215388)
2024,CORTE SELETIVO,C51L41,POINT (-61.219352270749795 -8.22914989637894)
2024,CORTE RASO,C51L41,POINT (-61.21464623773334 -8.223851199170639)
2024,CORTE SELETIVO,C51L41,POINT (-61.202550074109894 -8.245022514063823)
2024,CORTE RASO,C51L41,POINT (-61.20445010021171 -8.185149825457385)
2024,CORTE RASO,C51L41,POINT (-61.209747235333325 -8.182447330928445)
2024,CORTE SELETIVO,C51L41,POINT (-61.15955093536775 -8.108050724509443)
2024,CORTE SELETIVO,C51L41,POINT (-61.159748046210325 -8.108022613921545)
2024,CORTE SELETIVO,C51L41,POINT (-61.21915074601248 -8.229047199289848)
2024,CORTE RASO,C51L41,POINT (-61.22275309705078 -8.2240469963362)
2024,CORTE SELETIVO,C51L41,POINT (-61.21935345320347 -8.229247507487125)
2024,CORTE SELETIVO,C51L41,POINT (-61.219149670696034 -8.229152272269856)
2024,CORTE SELETIVO,C51L41,POINT (-61.21904613583665 -8.229048427817396)
2024,CORTE SELETIVO,C51L41,POINT (-61.159746740738235 -8.249947221218667)
2024,CORTE SELETIVO,C51L41,POINT (-61.159846882416055 -8.249854645248268)
2024,CORTE RASO,C51L41,POINT (-61.21454783300496 -8.223852154508839)
2024,CORTE SELETIVO,C51L41,POINT (-61.159649010589035 -8.107953581618201)
2024,CORTE SELETIVO,C51L41,POINT (-61.219021301835944 -8.229158198266695)
2024,CORTE SELETIVO,C51L41,POINT (-61.202448562030646 -8.244947047160165)
2024,CORTE RASO,C51L41,POINT (-61.20994664294764 -8.131346963623779)
2024,CORTE RASO,C51L41,POINT (-61.21465141467366 -8.223952468791659)
2024,CORTE RASO,C51L41,POINT (-61.20975091441386 -8.182548116958062)
2024,CORTE RASO,C51L41,POINT (-61.20984588056494 -8.182451083549893)
2024,CORTE RASO,C51L41,POINT (-61.2095014616664 -8.182253691837406)
2024,CORTE RASO,C51L41,POINT (-61.209154378610364 -8.130253769110505)
2024,CORTE SELETIVO,C51L41,POINT (-61.15955286684485 -8.108347581538991)
2024,CORTE SELETIVO,C51L41,POINT (-61.15984722202898 -8.108048377344945)
2024,CORTE SELETIVO,C51L41,POINT (-61.21914719525366 -8.22895090838549)
2024,CORTE SELETIVO,C51L41,POINT (-61.21685418338209 -8.23105968401647)
2024,CORTE RASO,C51L41,POINT (-61.203447708423084 -8.21114600312835)
2024,CORTE SELETIVO,C51L41,POINT (-61.219345536812874 -8.229048158994832)
2024,CORTE SELETIVO,C51L41,POINT (-61.22075096356223 -8.229348448173562)
2024,CORTE RASO,C51L41,POINT (-61.22265420330306 -8.224053877018626)
2024,CORTE SELETIVO,C51L41,POINT (-61.217146126081104 -8.231130354415036)
2024,CORTE SELETIVO,C51L41,POINT (-61.216950698697495 -8.230751313051762)
2024,CORTE RASO,C51L41,POINT (-61.225151616494706 -8.224250744665285)
2024,CORTE RASO,C51L41,POINT (-61.224952093726046 -8.22424546959814)
2024,CORTE RASO,C51L41,POINT (-61.22304609049306 -8.223552507050481)
2024,CORTE SELETIVO,C51L41,POINT (-61.21725204667218 -8.23095009940017)
2024,CORTE SELETIVO,C51L41,POINT (-61.218752068309925 -8.230349452582644)
2024,CORTE SELETIVO,C51L41,POINT (-61.21854957920637 -8.23015066242287)
2024,CORTE SELETIVO,C51L41,POINT (-61.22075411989288 -8.229249191037782)
2024,CORTE SELETIVO,C51L41,POINT (-61.220849012698714 -8.229145768118714)
2024,CORTE RASO,C51L41,POINT (-61.22224714799097 -8.224145938435047)
2024,CORTE RASO,C51L41,POINT (-61.22254621888505 -8.224147279747207)
2024,CORTE RASO,C51L41,POINT (-61.22195215027088 -8.223550432641415)
2024,CORTE RASO,C51L41,POINT (-61.21435005170052 -8.22405148607626)
2024,CORTE RASO,C51L41,POINT (-61.21515000958781 -8.224050594487588)
2024,CORTE RASO,C51L41,POINT (-61.21464619053311 -8.224051818547277)
2024,CORTE RASO,C51L41,POINT (-61.21455002208744 -8.223952486857856)
2024,CORTE RASO,C51L41,POINT (-61.21474936563225 -8.223849849437205)
2024,CORTE SELETIVO,C51L41,POINT (-61.203248966244935 -8.242954399587575)
2024,CORTE RASO,C51L41,POINT (-61.20371690701997 -8.211449508044247)
2024,CORTE RASO,C51L41,POINT (-61.20924899487704 -8.18574629989128)
2024,CORTE RASO,C51L41,POINT (-61.20464735652754 -8.185191628708761)
2024,CORTE RASO,C51L41,POINT (-61.204492604240464 -8.185052806254996)
2024,CORTE RASO,C51L41,POINT (-61.20794729663125 -8.18465211119959)
2024,CORTE RASO,C51L41,POINT (-61.209950627245156 -8.18454909923082)
2024,CORTE RASO,C51L41,POINT (-61.2098494292215 -8.184449952422344)
2024,CORTE RASO,C51L41,POINT (-61.2098543574206 -8.182352499443928)
2024,CORTE RASO,C51L41,POINT (-61.21010328784731 -8.131688544528975)
2024,CORTE RASO,C51L41,POINT (-61.20974866406998 -8.13165129224318)
2024,CORTE RASO,C51L41,POINT (-61.19898434508437 -8.184487104268738)
2024,CORTE SELETIVO,C51L41,POINT (-61.157153544964586 -8.118953814163248)
2024,CORTE SELETIVO,C51L41,POINT (-61.157352832646595 -8.118449173365285)
2024,CORTE SELETIVO,C51L41,POINT (-61.1582510873929 -8.114054486490165)
2024,CORTE SELETIVO,C51L41,POINT (-61.15914803775941 -8.109248628924275)
2024,CORTE SELETIVO,C51L41,POINT (-61.15954861348608 -8.108452420841548)
2024,CORTE SELETIVO,C51L41,POINT (-61.15984858724717 -8.108152071137916)
2024,CORTE SELETIVO,C51L41,POINT (-61.15954657780493 -8.108150340747262)
2024,CORTE SELETIVO,C51L41,POINT (-61.15984911707786 -8.107903809428606)
2024,CORTE SELETIVO,C51L41,POINT (-61.22385135372853 -8.228645542917599)
2024,CORTE RASO,C51L41,POINT (-61.199049077215335 -8.184671941842751)
2024,CORTE SELETIVO,C51L41,POINT (-61.16014672202149 -8.249948260588344)
2024,CORTE SELETIVO,C51L41,POINT (-61.14434937549805 -8.241053967180514)
2024,CORTE SELETIVO,C51L41,POINT (-61.22394499855066 -8.228716593694738)
2024,CORTE RASO,C51L41,POINT (-61.21024686543346 -8.131745259926525)
2024,CORTE SELETIVO,C51L41,POINT (-61.22374705190344 -8.228954254402804)
2024,CORTE SELETIVO,C51L41,POINT (-61.223745476255885 -8.229048362128172)
2024,CORTE RASO,C51L41,POINT (-61.22043944289461 -8.223647475091381)
2024,CORTE SELETIVO,C51L41,POINT (-61.16004810966033 -8.249948331677071)
2024,CORTE RASO,C51L41,POINT (-61.22265892910324 -8.224175062464157)
2024,CORTE RASO,C51L41,POINT (-61.214448669298385 -8.223855199798049)
2024,CORTE RASO,C51L41,POINT (-61.209450539302594 -8.185953210957614)
2024,CORTE RASO,C51L41,POINT (-61.20924549164129 -8.185845986071717)
2024,CORTE RASO,C51L41,POINT (-61.21041089109096 -8.185715762862898)
2024,CORTE RASO,C51L41,POINT (-61.20944714385227 -8.185646384029278)
2024,CORTE RASO,C51L41,POINT (-61.208151373014154 -8.18474808311081)
2024,CORTE RASO,C51L41,POINT (-61.20995135082742 -8.184445493218492)
2024,CORTE RASO,C51L41,POINT (-61.20974876414221 -8.184208112563434)
2024,CORTE RASO,C51L41,POINT (-61.20984576006839 -8.182550366268886)
2024,CORTE RASO,C51L41,POINT (-61.209648278985924 -8.182446628323937)
2024,CORTE RASO,C51L41,POINT (-61.20994578298242 -8.182451856520547)
2024,CORTE RASO,C51L41,POINT (-61.209852961349405 -8.131649619297708)
2024,CORTE RASO,C51L41,POINT (-61.209047761036416 -8.130246562808443)
2024,CORTE RASO,C51L41,POINT (-61.203439275803426 -8.211654559617259)
2024,CORTE RASO,C51L41,POINT (-61.20475130885213 -8.185249601100907)
2024,CORTE RASO,C51L41,POINT (-61.20454978307837 -8.185248986388185)
2024,CORTE RASO,C51L41,POINT (-61.208050286818754 -8.184949925809184)
2024,CORTE RASO,C51L41,POINT (-61.19914896644706 -8.184745607755199)
2024,CORTE RASO,C51L41,POINT (-61.20564808776672 -8.182821884493832)
2024,CORTE RASO,C51L41,POINT (-61.207747307156666 -8.180652268485852)
2024,CORTE RASO,C51L41,POINT (-61.1761524287217 -8.103150879620948)
2024,CORTE SELETIVO,C51L41,POINT (-61.15734653921642 -8.118554044080044)
2024,CORTE SELETIVO,C51L41,POINT (-61.15744699051637 -8.118431242233845)
2024,CORTE SELETIVO,C51L41,POINT (-61.157548776228225 -8.118147548402224)
2024,CORTE SELETIVO,C51L41,POINT (-61.157851256098276 -8.115850273657577)
2024,CORTE SELETIVO,C51L41,POINT (-61.158248178719944 -8.114347516027648)
2024,CORTE SELETIVO,C51L41,POINT (-61.15924634312489 -8.109450918879658)
2024,CORTE SELETIVO,C51L41,POINT (-61.15965245509895 -8.108637248873617)
2024,CORTE SELETIVO,C51L41,POINT (-61.159447058323195 -8.108450612906843)
2024,CORTE SELETIVO,C51L41,POINT (-61.15969386509097 -8.108149444660468)
2024,CORTE SELETIVO,C51L41,POINT (-61.159752203363624 -8.107746163665206)
2024,CORTE SELETIVO,C51L41,POINT (-61.223845570454834 -8.228950569142127)
2024,CORTE RASO,C51L41,POINT (-61.225052008346424 -8.224246246815024)
2024,CORTE RASO,C51L41,POINT (-61.22495285656515 -8.224146044385858)
2024,CORTE RASO,C51L41,POINT (-61.199153486827996 -8.184555711471603)
2024,CORTE RASO,C51L41,POINT (-61.199149850146355 -8.184351111109747)
2024,CORTE SELETIVO,C51L41,POINT (-61.14165369820157 -8.242247693369913)
2024,CORTE SELETIVO,C51L41,POINT (-61.16135110978617 -8.240048405279458)
2024,CORTE SELETIVO,C51L41,POINT (-61.22364838064706 -8.228951156000043)
2024,CORTE SELETIVO,C51L41,POINT (-61.230732308280174 -8.232152533508147)
2024,CORTE SELETIVO,C51L41,POINT (-61.23071495009712 -8.231850299359003)
2024,CORTE SELETIVO,C51L41,POINT (-61.22385193356527 -8.228849612796353)
2024,CORTE SELETIVO,C51L41,POINT (-61.2242527214706 -8.228546208704943)
2024,CORTE SELETIVO,C51L41,POINT (-61.224185685443075 -8.228054111879196)
2024,CORTE SELETIVO,C51L41,POINT (-61.22495088216809 -8.227953958517354)
2024,CORTE RASO,C51L41,POINT (-61.2249454534251 -8.224354200439446)
2024,CORTE RASO,C51L41,POINT (-61.2228488012715 -8.224253901905742)
2024,CORTE RASO,C51L41,POINT (-61.222353988942324 -8.224146159615911)
2024,CORTE RASO,C51L41,POINT (-61.22225040945057 -8.224054185151962)
2024,CORTE RASO,C51L41,POINT (-61.22251062479112 -8.22404556237847)
2024,CORTE RASO,C51L41,POINT (-61.224894991569315 -8.22381442832658)
2024,CORTE RASO,C51L41,POINT (-61.222249163081464 -8.223745583460275)
2024,CORTE RASO,C51L41,POINT (-61.22545371831683 -8.22379648832835)
2024,CORTE RASO,C51L41,POINT (-61.22145456491149 -8.223552832415406)
2024,CORTE SELETIVO,C51L41,POINT (-61.21855315508219 -8.230447523815043)
2024,CORTE SELETIVO,C51L41,POINT (-61.218453976606206 -8.230354778812435)
2024,CORTE SELETIVO,C51L41,POINT (-61.21895143632569 -8.230350240039959)
2024,CORTE SELETIVO,C51L41,POINT (-61.22085206340748 -8.229250903990957)
2024,CORTE SELETIVO,C51L41,POINT (-61.22075156924711 -8.229145774973553)
2024,CORTE SELETIVO,C51L41,POINT (-61.22016428426788 -8.229058895594344)
2024,CORTE SELETIVO,C51L41,POINT (-61.21905133048876 -8.22894964021205)
2024,CORTE SELETIVO,C51L41,POINT (-61.21735934995669 -8.230971529653095)
2024,CORTE SELETIVO,C51L41,POINT (-61.215752971468625 -8.229448976054412)
2024,CORTE SELETIVO,C51L41,POINT (-61.21514936035899 -8.228850416761928)
2024,CORTE RASO,C51L41,POINT (-61.214850378350896 -8.224049208928584)
2024,CORTE RASO,C51L41,POINT (-61.21505407263188 -8.224053250352245)
2024,CORTE RASO,C51L41,POINT (-61.2142478896087 -8.224045821646675)
2024,CORTE RASO,C51L41,POINT (-61.214316750925526 -8.223850909753727)
2024,CORTE RASO,C51L41,POINT (-61.214648725300094 -8.223746133124923)
2024,CORTE SELETIVO,C51L41,POINT (-61.21185049043916 -8.228852632157684)
2024,CORTE RASO,C51L41,POINT (-61.20944738834701 -8.185851801448075)
2024,CORTE RASO,C51L41,POINT (-61.210154399701615 -8.184450579129484)
2024,CORTE RASO,C51L41,POINT (-61.2099535606866 -8.182549163837407)
2024,CORTE RASO,C51L41,POINT (-61.20965104850846 -8.182351167506315)
2024,CORTE RASO,C51L41,POINT (-61.209451679538 -8.182345835829755)
2024,CORTE RASO,C51L41,POINT (-61.20975348926657 -8.18215046024751)
2024,CORTE RASO,C51L41,POINT (-61.20895164193024 -8.180152707484453)
2024,CORTE RASO,C51L41,POINT (-61.20995301850332 -8.131752844812057)
2024,CORTE RASO,C51L41,POINT (-61.209550768413386 -8.131646926086358)
2024,CORTE SELETIVO,C51L41,POINT (-61.204651341477245 -8.228350045579965)
2024,CORTE RASO,C51L41,POINT (-61.20358416074953 -8.21135657608444)
2024,CORTE RASO,C51L41,POINT (-61.20465320854972 -8.185026530299062)
2024,CORTE RASO,C51L41,POINT (-61.208151801076426 -8.184852478714298)
2024,CORTE RASO,C51L41,POINT (-61.20811945985811 -8.184654784395851)
2024,CORTE RASO,C51L41,POINT (-61.208253898850096 -8.184545372353526)
2024,CORTE RASO,C51L41,POINT (-61.20574988951127 -8.182745513360947)
2024,CORTE RASO,C51L41,POINT (-61.20734965044141 -8.1817528261036)
2024,CORTE RASO,C51L41,POINT (-61.207748099348365 -8.181548148357676)
2024,CORTE RASO,C51L41,POINT (-61.199549788037565 -8.182248409959318)
2024,CORTE RASO,C51L41,POINT (-61.17537103746737 -8.102360623031448)
2024,CORTE SELETIVO,C51L41,POINT (-61.160987906284916 -8.239848449733683)
2024,CORTE SELETIVO,C51L41,POINT (-61.160553003103644 -8.239751065431959)
2024,CORTE SELETIVO,C51L41,POINT (-61.1573543867036 -8.118246062006023)
2024,CORTE SELETIVO,C51L41,POINT (-61.1574522546055 -8.118152730251984)
2024,CORTE SELETIVO,C51L41,POINT (-61.159199215955056 -8.109145442848002)
2024,CORTE SELETIVO,C51L41,POINT (-61.159552816472605 -8.10864600628567)
2024,CORTE SELETIVO,C51L41,POINT (-61.159583930907715 -8.108252305273378)
2024,CORTE SELETIVO,C51L41,POINT (-61.15964707407782 -8.107847965058344)
2024,CORTE SELETIVO,C51L41,POINT (-61.15984736829658 -8.107650423274213)
2024,CORTE SELETIVO,C51L41,POINT (-61.14378235799932 -8.242550937907893)
2024,CORTE SELETIVO,C51L41,POINT (-61.22384855883597 -8.229046445257376)
2024,CORTE SELETIVO,C51L41,POINT (-61.22494788861122 -8.228140808473448)
2024,CORTE SELETIVO,C51L41,POINT (-61.16554873524427 -8.244847837100163)
2024,CORTE SELETIVO,C51L41,POINT (-61.14165100133463 -8.242350103003865)
2024,CORTE RASO,C51L41,POINT (-61.22495015032434 -8.224447088838716)
2024,CORTE RASO,C51L41,POINT (-61.22275100873942 -8.224252674787003)
2024,CORTE RASO,C51L41,POINT (-61.222148057169726 -8.22416782602831)
2024,CORTE RASO,C51L41,POINT (-61.22245293379289 -8.224151552179862)
2024,CORTE RASO,C51L41,POINT (-61.22215242782026 -8.223747750657845)
2024,CORTE RASO,C51L41,POINT (-61.22535146527025 -8.223652803335355)
2024,CORTE RASO,C51L41,POINT (-61.22145198456047 -8.223646029210538)
2024,CORTE RASO,C51L41,POINT (-61.22193137641945 -8.223651771209823)
2024,CORTE RASO,C51L41,POINT (-61.22167955041202 -8.223546498521607)
2024,CORTE RASO,C51L41,POINT (-61.222751115871155 -8.223463216089515)
2024,CORTE RASO,C51L41,POINT (-61.214551968649914 -8.223751629516407)
2024,CORTE RASO,C51L41,POINT (-61.21145335483379 -8.18574877284968)
2024,CORTE RASO,C51L41,POINT (-61.20355134165558 -8.211653252065947)
2024,CORTE RASO,C51L41,POINT (-61.2093535155987 -8.185745698593454)
2024,CORTE RASO,C51L41,POINT (-61.208745425094286 -8.185549552371107)
2024,CORTE RASO,C51L41,POINT (-61.20444889284297 -8.184952718466237)
2024,CORTE RASO,C51L41,POINT (-61.21015090605053 -8.18454858930418)
2024,CORTE RASO,C51L41,POINT (-61.209753808722766 -8.184455064896374)
2024,CORTE RASO,C51L41,POINT (-61.204288408703086 -8.184353926112236)
2024,CORTE RASO,C51L41,POINT (-61.20994868457135 -8.184347597210415)
2024,CORTE RASO,C51L41,POINT (-61.20505054525355 -8.183847582217679)
2024,CORTE RASO,C51L41,POINT (-61.205751456012756 -8.183651505732197)
2024,CORTE RASO,C51L41,POINT (-61.20925100795276 -8.130349422074174)
2024,CORTE RASO,C51L41,POINT (-61.19895338768883 -8.18475220131574)
2024,CORTE RASO,C51L41,POINT (-61.199350250802 -8.18225099057903)
2024,CORTE SELETIVO,C51L41,POINT (-61.10893358977087 -8.211148242351571)
2024,CORTE SELETIVO,C51L41,POINT (-61.10880922718164 -8.210801329521935)
2024,CORTE SELETIVO,C51L41,POINT (-61.22365241829311 -8.228853702582875)
2024,CORTE RASO,C51L41,POINT (-61.20915037058729 -8.130348860287715)
2024,CORTE RASO,C51L41,POINT (-61.17535247367501 -8.102553520153295)
2024,CORTE RASO,C51L41,POINT (-61.224752814628815 -8.223847976913543)
2024,CORTE RASO,C51L41,POINT (-61.22285102070576 -8.223646568115997)
2024,CORTE RASO,C51L41,POINT (-61.209552388794194 -8.185947085959334)
2024,CORTE RASO,C51L41,POINT (-61.209945475272505 -8.184651391116695)
2024,CORTE RASO,C51L41,POINT (-61.20025296595204 -8.183446989571463)
2024,CORTE SELETIVO,C51L41,POINT (-61.16745433862107 -8.238854023336694)
2024,CORTE SELETIVO,C51L41,POINT (-61.15745433682194 -8.118252406834417)
2024,CORTE SELETIVO,C51L41,POINT (-61.159446391285535 -8.108553649020985)
2024,CORTE SELETIVO,C51L41,POINT (-61.10884667438302 -8.210952982976561)
2024,CORTE SELETIVO,C51L41,POINT (-61.22364977523908 -8.22905209491357)
2024,CORTE RASO,C51L41,POINT (-61.22534869135205 -8.22385207836628)
2024,CORTE RASO,C51L41,POINT (-61.22274845402971 -8.223652330778368)
2024,CORTE RASO,C51L41,POINT (-61.20025094250076 -8.183650787359229)
2024,CORTE RASO,C51L41,POINT (-61.20925200073871 -8.13044878704401)
2024,CORTE SELETIVO,C51L41,POINT (-61.14375010524003 -8.242753293370546)
2024,CORTE SELETIVO,C51L41,POINT (-61.143867921847836 -8.241148947495933)
2024,CORTE SELETIVO,C51L41,POINT (-61.10574625260206 -8.227752504780504)
2024,CORTE SELETIVO,C51L41,POINT (-61.11894758463807 -8.215148611373708)
2024,CORTE SELETIVO,C51L41,POINT (-61.10865331926959 -8.211051049143068)
2024,CORTE RASO,C51L41,POINT (-61.22035222193044 -8.223748918979096)
2024,CORTE RASO,C51L41,POINT (-61.20914828063693 -8.130453621838308)
2024,CORTE SELETIVO,C51L41,POINT (-61.22395000556301 -8.228848217685861)
2024,CORTE RASO,C51L41,POINT (-61.22495089731183 -8.224050180335897)
2024,CORTE SELETIVO,C51L41,POINT (-61.222946770912316 -8.237275015914598)
2024,CORTE RASO,C51L41,POINT (-61.22507815730475 -8.224053541407228)
2024,CORTE SELETIVO,C51L41,POINT (-61.219451052043404 -8.229053121738865)
2024,CORTE RASO,C51L41,POINT (-61.203852246570214 -8.211651591061093)
2024,CORTE RASO,C51L41,POINT (-61.20405451928701 -8.211649432275536)
2024,CORTE RASO,C51L41,POINT (-61.200246930834695 -8.183546785108673)
2024,CORTE RASO,C51L41,POINT (-61.20895098265572 -8.180254126865023)
2024,CORTE SELETIVO,C51L41,POINT (-61.108547426978724 -8.210852103213654)
2024,CORTE SELETIVO,C51L41,POINT (-61.22305066922992 -8.237252555387858)
2024,CORTE SELETIVO,C51L41,POINT (-61.22375064763931 -8.228647493888616)
2024,CORTE SELETIVO,C51L41,POINT (-61.126818442314395 -8.219346106598588)
2024,CORTE SELETIVO,C51L41,POINT (-61.20315244215495 -8.242952133769165)
2024,CORTE SELETIVO,C51L41,POINT (-61.21835310655783 -8.230452562040952)
2024,CORTE SELETIVO,C51L41,POINT (-61.21954992584974 -8.22915338498747)
2024,CORTE RASO,C51L41,POINT (-61.22384951762427 -8.22415470971489)
2024,CORTE RASO,C51L41,POINT (-61.22035164691922 -8.224149299907422)
2024,CORTE RASO,C51L41,POINT (-61.22235034372882 -8.22405326689104)
2024,CORTE RASO,C51L41,POINT (-61.22205278135288 -8.224048647082137)
2024,CORTE RASO,C51L41,POINT (-61.221547665988794 -8.223512599068703)
2024,CORTE RASO,C51L41,POINT (-61.20925430446903 -8.186153204813879)
2024,CORTE RASO,C51L41,POINT (-61.20964573623489 -8.184553417989678)
2024,CORTE RASO,C51L41,POINT (-61.20765266403085 -8.181653588393814)
2024,CORTE RASO,C51L41,POINT (-61.207648905889656 -8.180747570365037)
2024,CORTE RASO,C51L41,POINT (-61.20894822136739 -8.180345441074484)
2024,CORTE RASO,C51L41,POINT (-61.20405387353583 -8.212154648369014)
2024,CORTE RASO,C51L41,POINT (-61.20405447488063 -8.211752923965888)
2024,CORTE RASO,C51L41,POINT (-61.20394809345546 -8.211651818445176)
2024,CORTE RASO,C51L41,POINT (-61.20404809464107 -8.2115512159781)
2024,CORTE RASO,C51L41,POINT (-61.20435186132615 -8.21155204214453)
2024,CORTE RASO,C51L41,POINT (-61.20594953985991 -8.184148333261978)
2024,CORTE RASO,C51L41,POINT (-61.20584716333258 -8.18405285541841)
2024,CORTE SELETIVO,C51L41,POINT (-61.1437466642297 -8.242647233081051)
2024,CORTE SELETIVO,C51L41,POINT (-61.139651727177004 -8.240949722539234)
2024,CORTE SELETIVO,C51L41,POINT (-61.13958295933401 -8.240754760742599)
2024,CORTE SELETIVO,C51L41,POINT (-61.10874756965177 -8.211052383671252)
2024,CORTE SELETIVO,C51L41,POINT (-61.16224843852083 -8.115648585818414)
2024,CORTE SELETIVO,C51L41,POINT (-61.10874674105478 -8.21065287153076)
2024,CORTE SELETIVO,C51L41,POINT (-61.21844739837711 -8.230449140259845)
2024,CORTE RASO,C51L41,POINT (-61.205919591930986 -8.184991980281879)
2024,CORTE RASO,C51L41,POINT (-61.206152955418474 -8.185018881465979)
2024,CORTE RASO,C51L41,POINT (-61.20775320412659 -8.181654490340582)
2024,CORTE RASO,C51L41,POINT (-61.204445585281896 -8.18525358815561)
2024,CORTE RASO,C51L41,POINT (-61.17594780010826 -8.102950275853969)
2024,CORTE SELETIVO,C51L41,POINT (-61.14265297497916 -8.242187268847008)
2024,CORTE SELETIVO,C51L41,POINT (-61.13974980419056 -8.24094712714288)
2024,CORTE SELETIVO,C51L41,POINT (-61.1396470552592 -8.240847065493758)
2024,CORTE SELETIVO,C51L41,POINT (-61.13974760258886 -8.240751835916832)
2024,CORTE SELETIVO,C51L41,POINT (-61.162250735455565 -8.115946517345268)
2024,CORTE SELETIVO,C51L41,POINT (-61.162148063793346 -8.115752009857674)
2024,CORTE SELETIVO,C51L41,POINT (-61.13954646940187 -8.24095271558754)
2024,CORTE SELETIVO,C51L41,POINT (-61.105849513811755 -8.227746406347249)
2024,CORTE SELETIVO,C51L41,POINT (-61.10864571006222 -8.211154502356782)
2024,CORTE SELETIVO,C51L41,POINT (-61.10895070620855 -8.211048602321611)
2024,CORTE SELETIVO,C51L41,POINT (-61.10833082066611 -8.206245513064811)
2024,CORTE SELETIVO,C51L41,POINT (-61.223954580835795 -8.22904662868935)
2024,CORTE RASO,C51L41,POINT (-61.22515145587018 -8.224149316437677)
2024,CORTE SELETIVO,C51L41,POINT (-61.224045849111306 -8.22864942285568)
2024,CORTE RASO,C51L41,POINT (-61.20905091253403 -8.1303529686099)
2024,CORTE RASO,C51L41,POINT (-61.20765341369285 -8.18044979503076)
2024,CORTE SELETIVO,C51L41,POINT (-61.16224871152228 -8.115550453146083)
2024,CORTE SELETIVO,C51L41,POINT (-61.1093470589577 -8.200445746796307)
2024,CORTE SELETIVO,C51L41,POINT (-61.15995252583972 -8.249848952330497)
2024,CORTE RASO,C51L41,POINT (-61.20614623244563 -8.17995421198758)
2024,CORTE SELETIVO,C51L41,POINT (-61.16374979382488 -8.24324954897569)
2024,CORTE RASO,C51L41,POINT (-61.20614903226952 -8.180045674276087)
2024,CORTE SELETIVO,C51L41,POINT (-61.15995460139043 -8.249645708012348)
2024,CORTE SELETIVO,C51L41,POINT (-61.10825303329083 -8.20635172549008)
2024,CORTE SELETIVO,C51L41,POINT (-61.10835066133584 -8.206065903524147)
2024,CORTE SELETIVO,C51L41,POINT (-61.10834590896388 -8.205951992180168)
2024,CORTE SELETIVO,C51L41,POINT (-61.108347874433086 -8.205848916496043)
2024,CORTE SELETIVO,C51L41,POINT (-61.219151595371976 -8.228845584549488)
2024,CORTE SELETIVO,C51L41,POINT (-61.230053169251995 -8.24354855122232)
2024,CORTE SELETIVO,C51L41,POINT (-61.22394823806696 -8.228953333693191)
2024,CORTE SELETIVO,C51L41,POINT (-61.210410810224744 -8.228850527801788)
2024,CORTE SELETIVO,C51L41,POINT (-61.20875033281378 -8.228654591361268)
2024,CORTE RASO,C51L41,POINT (-61.203984736302324 -8.211947921651973)
2024,CORTE SELETIVO,C51L41,POINT (-61.2046539585706 -8.2284469300801)
2024,CORTE SELETIVO,C51L41,POINT (-61.2209470838906 -8.228850837235019)
2024,CORTE SELETIVO,C51L41,POINT (-61.22057310482175 -8.228799851494571)
2024,CORTE SELETIVO,C51L41,POINT (-61.21715212235394 -8.228812240720337)
2024,CORTE SELETIVO,C51L41,POINT (-61.21744658476318 -8.228749197307131)
2024,CORTE SELETIVO,C51L41,POINT (-61.21655160717991 -8.228747873134509)
2024,CORTE SELETIVO,C51L41,POINT (-61.2130521891712 -8.228850685759834)
2024,CORTE SELETIVO,C51L41,POINT (-61.210252036449795 -8.228848757671713)
2024,CORTE SELETIVO,C51L41,POINT (-61.212854196963235 -8.228851375299904)
2024,CORTE SELETIVO,C51L41,POINT (-61.208646580549036 -8.228648108700726)
2024,CORTE RASO,C51L41,POINT (-61.20395072789577 -8.212049997685284)
2024,CORTE RASO,C51L41,POINT (-61.20794958905532 -8.211354194913813)
2024,CORTE SELETIVO,C51L41,POINT (-61.16154537964871 -8.244046028265213)
2024,CORTE SELETIVO,C51L41,POINT (-61.23015450796885 -8.24345430962824)
2024,CORTE SELETIVO,C51L41,POINT (-61.21654897412212 -8.228850887051525)
2024,CORTE RASO,C51L41,POINT (-61.20394628720222 -8.21174859891039)
2024,CORTE RASO,C51L41,POINT (-61.20394704760552 -8.207347898813817)
2024,CORTE SELETIVO,C51L41,POINT (-61.22404804645537 -8.228850990277286)
2024,CORTE SELETIVO,C51L41,POINT (-61.22414543753878 -8.228476958387612)
2024,CORTE SELETIVO,C51L41,POINT (-61.22485134941283 -8.227951340646023)
2024,CORTE RASO,C51L41,POINT (-61.20794559688451 -8.211253440313891)
2024,CORTE SELETIVO,C51L41,POINT (-61.2241857129783 -8.228645917528526)
2024,CORTE SELETIVO,C51L41,POINT (-61.209848326948624 -8.228747805997486)
2024,CORTE RASO,C51L41,POINT (-61.209446078969464 -8.188845890340636)
2024,CORTE SELETIVO,C51L41,POINT (-61.20475131649285 -8.228448003328316)
2024,CORTE SELETIVO,C51L41,POINT (-61.220151619291805 -8.241553419578018)
2024,CORTE SELETIVO,C51L41,POINT (-61.162153975797345 -8.115653399277885)
2024,CORTE RASO,C51L41,POINT (-61.22438350934846 -8.224354418020473)
2024,CORTE RASO,C51L41,POINT (-61.20784729697477 -8.211349093382552)
2024,CORTE SELETIVO,C51L41,POINT (-61.141748400217836 -8.242346477989397)
2024,CORTE SELETIVO,C51L41,POINT (-61.224653705225975 -8.227850505381822)
2024,CORTE RASO,C51L41,POINT (-61.2245503710325 -8.224347869948504)
2024,CORTE RASO,C51L41,POINT (-61.207953200194524 -8.211446812804004)
2024,CORTE RASO,C51L41,POINT (-61.207754518277554 -8.211346002582294)
2024,CORTE SELETIVO,C51L41,POINT (-61.158646547835595 -8.111552473898817)
2024,CORTE SELETIVO,C51L41,POINT (-61.15864851751542 -8.111353316236599)
2024,CORTE RASO,C51L41,POINT (-61.20784943930104 -8.211245577036404)
2024,CORTE RASO,C51L41,POINT (-61.20794642160207 -8.211148213427483)
2024,CORTE SELETIVO,C51L41,POINT (-61.154749328693214 -8.241652221298864)
2024,CORTE RASO,C51L41,POINT (-61.20354728504937 -8.211747410085682)
2024,CORTE RASO,C51L41,POINT (-61.20774776695804 -8.21145178688254)
2024,CORTE SELETIVO,C51L41,POINT (-61.15875062710491 -8.111745563393708)
2024,CORTE SELETIVO,C51L41,POINT (-61.15865420480611 -8.111654599391299)
2024,CORTE RASO,C51L41,POINT (-61.20962339746585 -8.131559857397848)
2024,CORTE SELETIVO,C51L41,POINT (-61.10824757192161 -8.206150253458903)
2024,CORTE SELETIVO,C51L41,POINT (-61.2100454194775 -8.228752101181502)
2024,CORTE SELETIVO,C51L41,POINT (-61.1586531036781 -8.111749912939876)
2024,CORTE SELETIVO,C51L41,POINT (-61.15875188298971 -8.111645415362005)
2024,CORTE SELETIVO,C51L41,POINT (-61.127051972749015 -8.223150679870272)
2024,CORTE SELETIVO,C51L41,POINT (-61.21045364863654 -8.22875046969278)
2024,CORTE RASO,C51L41,POINT (-61.20644845423013 -8.18045334815395)
2024,CORTE SELETIVO,C51L41,POINT (-61.21855051025424 -8.230546820558308)
2024,CORTE SELETIVO,C51L41,POINT (-61.21850504219199 -8.229996939699154)
2024,CORTE SELETIVO,C51L41,POINT (-61.21305113520766 -8.2291461077418)
2024,CORTE SELETIVO,C51L41,POINT (-61.21305429064494 -8.228953181013647)
2024,CORTE SELETIVO,C51L41,POINT (-61.21295170641642 -8.228821796557966)
2024,CORTE SELETIVO,C51L41,POINT (-61.16005286715362 -8.24976556615029)
2024,CORTE SELETIVO,C51L41,POINT (-61.10835304973774 -8.207654471213093)
2024,CORTE RASO,C51L41,POINT (-61.21605046377571 -8.228545455967394)
2024,CORTE RASO,C51L41,POINT (-61.21605290298045 -8.228649394009096)
2024,CORTE SELETIVO,C51L41,POINT (-61.21693195325587 -8.230652913521388)
2024,CORTE SELETIVO,C51L41,POINT (-61.21864669763209 -8.229948313880392)
2024,CORTE SELETIVO,C51L41,POINT (-61.213151072440176 -8.229153838569614)
2024,CORTE SELETIVO,C51L41,POINT (-61.21318786061404 -8.228949312616479)
2024,CORTE RASO,C51L41,POINT (-61.22294866637445 -8.224254508397188)
2024,CORTE SELETIVO,C51L41,POINT (-61.10834711190324 -8.206351238872411)
2024,CORTE SELETIVO,C51L41,POINT (-61.21864837992463 -8.230139923567583)
2024,CORTE SELETIVO,C51L41,POINT (-61.21804566473386 -8.228851631881117)
2024,CORTE SELETIVO,C51L41,POINT (-61.216830338543005 -8.228746235888291)
2024,CORTE RASO,C51L41,POINT (-61.223051302708896 -8.2242493600126)
2024,CORTE SELETIVO,C51L41,POINT (-61.1530459586092 -8.243145564221184)
2024,CORTE SELETIVO,C51L41,POINT (-61.15294652996898 -8.243053042302899)
2024,CORTE SELETIVO,C51L41,POINT (-61.15275316198146 -8.242951127983146)
2024,CORTE SELETIVO,C51L41,POINT (-61.158748511100534 -8.111351351116017)
2024,CORTE SELETIVO,C51L41,POINT (-61.10835151403581 -8.207751506900024)
2024,CORTE SELETIVO,C51L41,POINT (-61.20725269115674 -8.228647319222759)
2024,CORTE SELETIVO,C51L41,POINT (-61.158650194289315 -8.11145189988871)
2024,CORTE SELETIVO,C51L41,POINT (-61.223848248715946 -8.229145654014408)
2024,CORTE RASO,C51L41,POINT (-61.225246145937106 -8.224151426118787)
2024,CORTE SELETIVO,C51L41,POINT (-61.15290501618574 -8.243245216643615)
2024,CORTE SELETIVO,C51L41,POINT (-61.10865208134546 -8.210654150115623)
2024,CORTE SELETIVO,C51L41,POINT (-61.10834984275034 -8.206502281719885)
2024,CORTE SELETIVO,C51L41,POINT (-61.218053418394696 -8.228950708937798)
2024,CORTE SELETIVO,C51L41,POINT (-61.217951988042174 -8.228848108724094)
2024,CORTE SELETIVO,C51L41,POINT (-61.22465072977994 -8.22774892554888)
2024,CORTE RASO,C51L41,POINT (-61.225252502532754 -8.224254484379111)
2024,CORTE RASO,C51L41,POINT (-61.22484887490287 -8.224311435417418)
2024,CORTE RASO,C51L41,POINT (-61.2252538764837 -8.22405305580367)
2024,CORTE RASO,C51L41,POINT (-61.22505741985387 -8.223952677461421)
2024,CORTE RASO,C51L41,POINT (-61.22474665453651 -8.223954477806666)
2024,CORTE RASO,C51L41,POINT (-61.22044777950485 -8.223549155713433)
2024,CORTE RASO,C51L41,POINT (-61.205847166744284 -8.21174610754223)
2024,CORTE RASO,C51L41,POINT (-61.20619218568169 -8.18025050928043)
2024,CORTE SELETIVO,C51L41,POINT (-61.14394823844363 -8.240849272047631)
2024,CORTE SELETIVO,C51L41,POINT (-61.16094806506254 -8.239950972267179)
2024,CORTE SELETIVO,C51L41,POINT (-61.16116746071736 -8.239933845524439)
2024,CORTE SELETIVO,C51L41,POINT (-61.160852324580155 -8.239853777752144)
2024,CORTE SELETIVO,C51L41,POINT (-61.160985546475224 -8.23974699982998)
2024,CORTE SELETIVO,C51L41,POINT (-61.218047513956414 -8.231448121046105)
2024,CORTE SELETIVO,C51L41,POINT (-61.203050530391366 -8.228252638529021)
2024,CORTE SELETIVO,C51L41,POINT (-61.21794843052824 -8.228950877226751)
2024,CORTE RASO,C51L41,POINT (-61.20874893488804 -8.192489383240499)
2024,CORTE SELETIVO,C51L41,POINT (-61.15855149908049 -8.111552054573075)
2024,CORTE SELETIVO,C51L41,POINT (-61.21794734807546 -8.231433060151167)
2024,CORTE SELETIVO,C51L41,POINT (-61.21794579576897 -8.23154607894899)
2024,CORTE SELETIVO,C51L41,POINT (-61.21434615459934 -8.22884946362384)
2024,CORTE SELETIVO,C51L41,POINT (-61.22375326191036 -8.229149100670696)
2024,CORTE RASO,C51L41,POINT (-61.20876892416544 -8.19289986239622)
2024,CORTE RASO,C51L41,POINT (-61.208748440743925 -8.192224519665436)
2024,CORTE SELETIVO,C51L41,POINT (-61.22364998063748 -8.229147526677364)
2024,CORTE SELETIVO,C51L41,POINT (-61.2181495133619 -8.228852394829152)
2024,CORTE RASO,C51L41,POINT (-61.20884545906758 -8.192536324877592)
2024,CORTE RASO,C51L41,POINT (-61.20874742748968 -8.192024553922176)
2024,CORTE RASO,C51L41,POINT (-61.20865261718102 -8.191645998357453)
2024,CORTE RASO,C51L41,POINT (-61.20864652112274 -8.191451029928995)
2024,CORTE RASO,C51L41,POINT (-61.208246059320956 -8.187096201983472)
2024,CORTE SELETIVO,C51L41,POINT (-61.218150293580194 -8.228953016117826)
2024,CORTE RASO,C51L41,POINT (-61.22544937671261 -8.224386503040193)
2024,CORTE RASO,C51L41,POINT (-61.22465053396093 -8.223953364243826)
2024,CORTE RASO,C51L41,POINT (-61.22485296766592 -8.223954710563188)
2024,CORTE RASO,C51L41,POINT (-61.21495030221262 -8.224020088573694)
2024,CORTE RASO,C51L41,POINT (-61.20585234918214 -8.2119911659024)
2024,CORTE RASO,C51L41,POINT (-61.20774843585894 -8.211052131431629)
2024,CORTE RASO,C51L41,POINT (-61.20594705676155 -8.184846997418274)
2024,CORTE RASO,C51L41,POINT (-61.206051462863186 -8.184749449665944)
2024,CORTE RASO,C51L41,POINT (-61.20615046516713 -8.18015151450941)
2024,CORTE SELETIVO,C51L41,POINT (-61.15274809176091 -8.243351593661629)
2024,CORTE SELETIVO,C51L41,POINT (-61.160847557640245 -8.239950574856639)
2024,CORTE SELETIVO,C51L41,POINT (-61.16085409906706 -8.239745243231177)
2024,CORTE SELETIVO,C51L41,POINT (-61.224852694096995 -8.22779215305479)
2024,CORTE RASO,C51L41,POINT (-61.22394998994297 -8.224347307710325)
2024,CORTE RASO,C51L41,POINT (-61.22385039825369 -8.224252647178725)
2024,CORTE RASO,C51L41,POINT (-61.20885419983226 -8.192753522849397)
2024,CORTE RASO,C51L41,POINT (-61.208547511548204 -8.191347526748984)
2024,CORTE RASO,C51L41,POINT (-61.20834543974755 -8.190147413018742)
2024,CORTE RASO,C51L41,POINT (-61.208071033721005 -8.186836336265772)
2024,CORTE SELETIVO,C51L41,POINT (-61.20905073045595 -8.228750290466117)
2024,CORTE SELETIVO,C51L41,POINT (-61.20764677997087 -8.228651675752467)
2024,CORTE RASO,C51L41,POINT (-61.20865200922493 -8.191748920079585)
2024,CORTE SELETIVO,C51L41,POINT (-61.21895396016216 -8.228850163740725)
2024,CORTE SELETIVO,C51L41,POINT (-61.220747567075726 -8.228750183465285)
2024,CORTE SELETIVO,C51L41,POINT (-61.22485403056156 -8.228050702852892)
2024,CORTE SELETIVO,C51L41,POINT (-61.22469171017226 -8.227950853497251)
2024,CORTE SELETIVO,C51L41,POINT (-61.22494648249844 -8.227751773614822)
2024,CORTE SELETIVO,C51L41,POINT (-61.21794680830627 -8.229048894421785)
2024,CORTE SELETIVO,C51L41,POINT (-61.214245234028624 -8.228846631708675)
2024,CORTE SELETIVO,C51L41,POINT (-61.21825425262619 -8.22885210798834)
2024,CORTE SELETIVO,C51L41,POINT (-61.216647511429215 -8.2288483273982)
2024,CORTE SELETIVO,C51L41,POINT (-61.21777871018484 -8.228851568975871)
2024,CORTE SELETIVO,C51L41,POINT (-61.213546691727856 -8.228747895361447)
2024,CORTE SELETIVO,C51L41,POINT (-61.21015131639566 -8.228746792905248)
2024,CORTE RASO,C51L41,POINT (-61.20885275596887 -8.192251927069275)
2024,CORTE RASO,C51L41,POINT (-61.20923657678787 -8.185653311798411)
2024,CORTE SELETIVO,C51L41,POINT (-61.20385406025358 -8.228553412177938)
2024,CORTE RASO,C51L41,POINT (-61.208648276017335 -8.191851814669043)
2024,CORTE RASO,C51L41,POINT (-61.20865443433705 -8.191547629156902)
2024,CORTE RASO,C51L41,POINT (-61.20614906674819 -8.184652424739078)
2024,CORTE SELETIVO,C51L41,POINT (-61.224754286748265 -8.227788508998596)
2024,CORTE SELETIVO,C51L41,POINT (-61.207546260300944 -8.228645751264102)
2024,CORTE SELETIVO,C51L41,POINT (-61.2040500566821 -8.228247731526954)
2024,CORTE RASO,C51L41,POINT (-61.22484735662389 -8.22444699708378)
2024,CORTE SELETIVO,C51L41,POINT (-61.216653169593656 -8.228747758030917)
2024,CORTE RASO,C51L41,POINT (-61.208654133605975 -8.191951449476496)
2024,CORTE SELETIVO,C51L41,POINT (-61.22454759807284 -8.228354788714064)
2024,CORTE SELETIVO,C51L41,POINT (-61.22475292622451 -8.227649555260893)
2024,CORTE RASO,C51L41,POINT (-61.22470268223144 -8.2242510821051)
2024,CORTE RASO,C51L41,POINT (-61.22376095082268 -8.224341973920074)
2024,CORTE RASO,C51L41,POINT (-61.22302795712773 -8.224149968596546)
2024,CORTE RASO,C51L41,POINT (-61.223850352236944 -8.224051443257606)
2024,CORTE RASO,C51L41,POINT (-61.215249430442924 -8.224054213954366)
2024,CORTE RASO,C51L41,POINT (-61.21464829000318 -8.223645632873755)
2024,CORTE SELETIVO,C51L41,POINT (-61.20245417504746 -8.245153874169038)
2024,CORTE SELETIVO,C51L41,POINT (-61.20855093765874 -8.228749278127747)
2024,CORTE SELETIVO,C51L41,POINT (-61.20384638674549 -8.228349280019517)
2024,CORTE RASO,C51L41,POINT (-61.20861935111678 -8.191251928237168)
2024,CORTE RASO,C51L41,POINT (-61.22534607346312 -8.224249026235048)
2024,CORTE RASO,C51L41,POINT (-61.2238473996425 -8.223945605064701)
2024,CORTE SELETIVO,C51L41,POINT (-61.2208474655757 -8.228754181285316)
2024,CORTE RASO,C51L41,POINT (-61.21508803036654 -8.22394788703827)
2024,CORTE RASO,C51L41,POINT (-61.21452365535214 -8.22365434036509)
2024,CORTE SELETIVO,C51L41,POINT (-61.21334884318147 -8.228754398996255)
2024,CORTE RASO,C51L41,POINT (-61.20575262833536 -8.211849670588709)
2024,CORTE RASO,C51L41,POINT (-61.20904946695071 -8.18565176941979)
2024,CORTE RASO,C51L41,POINT (-61.224122119260976 -8.224129657722548)
2024,CORTE SELETIVO,C51L41,POINT (-61.20745445672916 -8.228647114665112)
2024,CORTE SELETIVO,C51L41,POINT (-61.21435072169837 -8.228954100925538)
2024,CORTE SELETIVO,C51L41,POINT (-61.20814958157939 -8.228651786337615)
2024,CORTE SELETIVO,C51L41,POINT (-61.20394783586797 -8.228250601155525)
2024,CORTE SELETIVO,C51L41,POINT (-61.215252549644184 -8.228890831468272)
2024,CORTE RASO,C51L41,POINT (-61.22554610163136 -8.22435208435514)
2024,CORTE RASO,C51L41,POINT (-61.22544721314522 -8.224252799665248)
2024,CORTE RASO,C51L41,POINT (-61.22535236243404 -8.22415123078336)
2024,CORTE SELETIVO,C51L41,POINT (-61.21334767991333 -8.228877219248497)
2024,CORTE SELETIVO,C51L41,POINT (-61.20375282307285 -8.228246426431276)
2024,CORTE SELETIVO,C51L41,POINT (-61.20355227720587 -8.228250187624557)
2024,CORTE SELETIVO,C51L41,POINT (-61.20365408600886 -8.22815142795204)
2024,CORTE RASO,C51L41,POINT (-61.20905145808104 -8.1854504752047)
2024,CORTE SELETIVO,C51L41,POINT (-61.220338026030625 -8.228890305748038)
2024,CORTE SELETIVO,C51L41,POINT (-61.20345435641389 -8.228352056893186)
2024,CORTE SELETIVO,C51L41,POINT (-61.22085363096475 -8.228846065117018)
2024,CORTE SELETIVO,C51L41,POINT (-61.208454289213016 -8.2287499109279)
2024,CORTE SELETIVO,C51L41,POINT (-61.208646779094614 -8.228752873925465)
2024,CORTE RASO,C51L41,POINT (-61.20894680229332 -8.192885469940778)
2024,CORTE SELETIVO,C51L41,POINT (-61.22095128290206 -8.229238331499333)
2024,CORTE SELETIVO,C51L41,POINT (-61.22059082687068 -8.229047098072733)
2024,CORTE SELETIVO,C51L41,POINT (-61.21804570500453 -8.229048463950493)
2024,CORTE SELETIVO,C51L41,POINT (-61.220749927204096 -8.228845554507467)
2024,CORTE SELETIVO,C51L41,POINT (-61.22045085201034 -8.228848568334378)
2024,CORTE SELETIVO,C51L41,POINT (-61.218747270657786 -8.228807440451142)
2024,CORTE SELETIVO,C51L41,POINT (-61.224375008065394 -8.228651502376737)
2024,CORTE SELETIVO,C51L41,POINT (-61.224947832522965 -8.228315464475191)
2024,CORTE SELETIVO,C51L41,POINT (-61.22465310870339 -8.22830447362695)
2024,CORTE RASO,C51L41,POINT (-61.22284729512528 -8.224147502818573)
2024,CORTE RASO,C51L41,POINT (-61.22327598309578 -8.224052295604421)
2024,CORTE RASO,C51L41,POINT (-61.22395190148619 -8.224047497154238)
2024,CORTE RASO,C51L41,POINT (-61.22415540372016 -8.223952866474628)
2024,CORTE SELETIVO,C51L41,POINT (-61.21437252143678 -8.229046794451257)
2024,CORTE SELETIVO,C51L41,POINT (-61.217845797106285 -8.22898325471636)
2024,CORTE SELETIVO,C51L41,POINT (-61.21289977238368 -8.228996041812312)
2024,CORTE SELETIVO,C51L41,POINT (-61.217245805644076 -8.22895002715114)
2024,CORTE SELETIVO,C51L41,POINT (-61.21005081645549 -8.228953587356619)
2024,CORTE SELETIVO,C51L41,POINT (-61.21643196403456 -8.22884033478011)
2024,CORTE SELETIVO,C51L41,POINT (-61.21155363027882 -8.228850021676445)
2024,CORTE SELETIVO,C51L41,POINT (-61.21764768743526 -8.228848088872354)
2024,CORTE SELETIVO,C51L41,POINT (-61.2090493423557 -8.228853641999244)
2024,CORTE SELETIVO,C51L41,POINT (-61.21474794547761 -8.228846009424977)
2024,CORTE SELETIVO,C51L41,POINT (-61.214050708456384 -8.228846930717918)
2024,CORTE SELETIVO,C51L41,POINT (-61.20853668492836 -8.228935547357796)
2024,CORTE SELETIVO,C51L41,POINT (-61.20770281165957 -8.228847241205175)
2024,CORTE SELETIVO,C51L41,POINT (-61.216062372113775 -8.228847011572672)
2024,CORTE SELETIVO,C51L41,POINT (-61.21083786585909 -8.228767809965602)
2024,CORTE SELETIVO,C51L41,POINT (-61.21356538511677 -8.228846180281735)
2024,CORTE SELETIVO,C51L41,POINT (-61.212221504999135 -8.228805065143856)
2024,CORTE SELETIVO,C51L41,POINT (-61.20785377863903 -8.228647189956078)
2024,CORTE RASO,C51L41,POINT (-61.21611174937595 -8.224246539160468)
2024,CORTE RASO,C51L41,POINT (-61.21516542842212 -8.223657463565196)
2024,CORTE RASO,C51L41,POINT (-61.2102451371045 -8.192546501997539)
2024,CORTE RASO,C51L41,POINT (-61.20904986711644 -8.191647535845059)
2024,CORTE RASO,C51L41,POINT (-61.208766142789074 -8.191550340398422)
2024,CORTE RASO,C51L41,POINT (-61.20863353926919 -8.19061150568843)
2024,CORTE RASO,C51L41,POINT (-61.20844811724885 -8.189750979577115)
2024,CORTE RASO,C51L41,POINT (-61.21005303610182 -8.18654548594261)
2024,CORTE RASO,C51L41,POINT (-61.206446966118435 -8.180747626309016)
2024,CORTE SELETIVO,C51L41,POINT (-61.203753618478885 -8.228551097211833)
2024,CORTE SELETIVO,C51L41,POINT (-61.20395075749278 -8.228453987276286)
2024,CORTE RASO,C51L41,POINT (-61.20335349390342 -8.185452155595723)
2024,CORTE SELETIVO,C51L41,POINT (-61.156954503634985 -8.11895093946179)
2024,CORTE SELETIVO,C51L41,POINT (-61.15734942540868 -8.118152042419158)
2024,CORTE SELETIVO,C51L41,POINT (-61.158346991332635 -8.113252959879196)
2024,CORTE SELETIVO,C51L41,POINT (-61.15845440308572 -8.113151015296973)
2024,CORTE SELETIVO,C51L41,POINT (-61.15874792033383 -8.1115467489863)
2024,CORTE SELETIVO,C51L41,POINT (-61.15864921943419 -8.111253686497394)
2024,CORTE SELETIVO,C51L41,POINT (-61.11065337923255 -8.213554061214369)
2024,CORTE SELETIVO,C51L41,POINT (-61.11044873951143 -8.213351726210446)
2024,CORTE RASO,C51L41,POINT (-61.22545117581645 -8.224146900006176)
2024,CORTE SELETIVO,C51L41,POINT (-61.21535144698445 -8.229150796786623)
2024,CORTE SELETIVO,C51L41,POINT (-61.20835244970534 -8.22874902759428)
2024,CORTE SELETIVO,C51L41,POINT (-61.20735231594183 -8.228651678616865)
2024,CORTE SELETIVO,C51L41,POINT (-61.20755394689698 -8.228754035997305)
2024,CORTE SELETIVO,C51L41,POINT (-61.20745339045497 -8.228750271733265)
2024,CORTE RASO,C51L41,POINT (-61.20875307545206 -8.191352456720553)
2024,CORTE SELETIVO,C51L41,POINT (-61.21695139014307 -8.228845815073369)
2024,CORTE SELETIVO,C51L41,POINT (-61.15715367555891 -8.118852498571929)
2024,CORTE SELETIVO,C51L41,POINT (-61.15785132991059 -8.11575238580023)
2024,CORTE SELETIVO,C51L41,POINT (-61.15855326185405 -8.113047516995806)
2024,CORTE SELETIVO,C51L41,POINT (-61.15875455412852 -8.111450188753176)
2024,CORTE SELETIVO,C51L41,POINT (-61.20824883651338 -8.228750926391559)
2024,CORTE SELETIVO,C51L41,POINT (-61.207346788555185 -8.228753863964599)
2024,CORTE RASO,C51L41,POINT (-61.225551258166796 -8.224250925246547)
2024,CORTE RASO,C51L41,POINT (-61.223745666140445 -8.224145640430077)
2024,CORTE RASO,C51L41,POINT (-61.22535103101865 -8.22404535849234)
2024,CORTE RASO,C51L41,POINT (-61.22301449316709 -8.224052710640128)
2024,CORTE RASO,C51L41,POINT (-61.215544288304415 -8.223953200806331)
2024,CORTE RASO,C51L41,POINT (-61.224347947529104 -8.223948526439747)
2024,CORTE RASO,C51L41,POINT (-61.224052163524604 -8.223951948833056)
2024,CORTE SELETIVO,C51L41,POINT (-61.20835415377593 -8.228852037762973)
2024,CORTE RASO,C51L41,POINT (-61.21478339579916 -8.223723858920192)
2024,CORTE RASO,C51L41,POINT (-61.209245374899815 -8.192951675128906)
2024,CORTE RASO,C51L41,POINT (-61.20904572638094 -8.192952000643068)
2024,CORTE RASO,C51L41,POINT (-61.20884760255173 -8.192653767823424)
2024,CORTE RASO,C51L41,POINT (-61.20885361436692 -8.191938940130719)
2024,CORTE RASO,C51L41,POINT (-61.20875276395326 -8.191445361307919)
2024,CORTE RASO,C51L41,POINT (-61.20844571488721 -8.190948854329497)
2024,CORTE RASO,C51L41,POINT (-61.20874745863028 -8.190449505205276)
2024,CORTE RASO,C51L41,POINT (-61.20844227598356 -8.190068655408872)
2024,CORTE RASO,C51L41,POINT (-61.208550753290524 -8.189653692236234)
2024,CORTE SELETIVO,C51L41,POINT (-61.21765303413364 -8.228952475978518)
2024,CORTE RASO,C51L41,POINT (-61.21594819169698 -8.224247338557324)
2024,CORTE RASO,C51L41,POINT (-61.22365119744018 -8.224149704713769)
2024,CORTE RASO,C51L41,POINT (-61.22395103781534 -8.22414577646664)
2024,CORTE RASO,C51L41,POINT (-61.224551507659044 -8.223951306497757)
2024,CORTE RASO,C51L41,POINT (-61.21534606513536 -8.223588610943207)
2024,CORTE RASO,C51L41,POINT (-61.21453498471234 -8.22354460506176)
2024,CORTE RASO,C51L41,POINT (-61.204052122727404 -8.211850679974342)
2024,CORTE RASO,C51L41,POINT (-61.20946577935488 -8.193045919781293)
2024,CORTE RASO,C51L41,POINT (-61.209969528949514 -8.193050555370098)
2024,CORTE RASO,C51L41,POINT (-61.209352697968406 -8.192952553848826)
2024,CORTE RASO,C51L41,POINT (-61.21035762706939 -8.192649736569589)
2024,CORTE RASO,C51L41,POINT (-61.208948818799236 -8.192596747854973)
2024,CORTE RASO,C51L41,POINT (-61.20894786806425 -8.192251107984928)
2024,CORTE RASO,C51L41,POINT (-61.2090182604129 -8.191548169458168)
2024,CORTE RASO,C51L41,POINT (-61.20874802279259 -8.191104761123011)
2024,CORTE RASO,C51L41,POINT (-61.20865170197317 -8.190751901619596)
2024,CORTE RASO,C51L41,POINT (-61.20844868417522 -8.189867999071149)
2024,CORTE RASO,C51L41,POINT (-61.207647565605335 -8.18055067034885)
2024,CORTE RASO,C51L41,POINT (-61.20775119309614 -8.180453227246398)
2024,CORTE SELETIVO,C51L41,POINT (-61.15764554556964 -8.116445967225866)
2024,CORTE SELETIVO,C51L41,POINT (-61.15854946781985 -8.113146057579371)
2024,CORTE SELETIVO,C51L41,POINT (-61.15864548488452 -8.112950537045865)
2024,CORTE SELETIVO,C51L41,POINT (-61.15934981376361 -8.1091502101828)
2024,CORTE SELETIVO,C51L41,POINT (-61.159648537272126 -8.108353354971984)
2024,CORTE RASO,C51L41,POINT (-61.2078533642685 -8.21105140109646)
2024,CORTE RASO,C51L41,POINT (-61.17604832501716 -8.103052017967007)
2024,CORTE RASO,C51L41,POINT (-61.20955251250969 -8.184548664295049)
2024,CORTE SELETIVO,C51L41,POINT (-61.15735442300504 -8.11865195963679)
2024,CORTE RASO,C51L41,POINT (-61.21485355142292 -8.223551621229234)
2024,CORTE RASO,C51L41,POINT (-61.215047105193946 -8.223546397976568)
2024,CORTE SELETIVO,C51L41,POINT (-61.20825373751227 -8.228850397478144)
2024,CORTE RASO,C51L41,POINT (-61.2096470106844 -8.193048316614933)
2024,CORTE RASO,C51L41,POINT (-61.210447613469405 -8.192749189539903)
2024,CORTE RASO,C51L41,POINT (-61.20904652335628 -8.192745526705206)
2024,CORTE RASO,C51L41,POINT (-61.21015014130102 -8.192649418922684)
2024,CORTE RASO,C51L41,POINT (-61.20895406018158 -8.19245464589029)
2024,CORTE RASO,C51L41,POINT (-61.208749393074854 -8.191746946044104)
2024,CORTE RASO,C51L41,POINT (-61.20897535678661 -8.191747003162753)
2024,CORTE RASO,C51L41,POINT (-61.20856304445255 -8.190853388587506)
2024,CORTE RASO,C51L41,POINT (-61.208510407508854 -8.190353031799326)
2024,CORTE RASO,C51L41,POINT (-61.20944585958671 -8.187848316377504)
2024,CORTE RASO,C51L41,POINT (-61.208147230444006 -8.185653576610267)
2024,CORTE RASO,C51L41,POINT (-61.206447202593196 -8.180854347703342)
2024,CORTE RASO,C51L41,POINT (-61.206652992307745 -8.180847331644282)
2024,CORTE RASO,C51L41,POINT (-61.20689327964966 -8.180751451549211)
2024,CORTE SELETIVO,C51L41,POINT (-61.157051369123856 -8.11884661402138)
2024,CORTE SELETIVO,C51L41,POINT (-61.157146805550454 -8.11874864493656)
2024,CORTE SELETIVO,C51L41,POINT (-61.15716570605183 -8.118447215889297)
2024,CORTE SELETIVO,C51L41,POINT (-61.15764981600997 -8.116549025284115)
2024,CORTE SELETIVO,C51L41,POINT (-61.1581460666709 -8.114314677577378)
2024,CORTE SELETIVO,C51L41,POINT (-61.11045508098428 -8.213533259921498)
2024,CORTE SELETIVO,C51L41,POINT (-61.110264012875625 -8.21304621331399)
2024,CORTE SELETIVO,C51L41,POINT (-61.108646272150935 -8.211245948668168)
2024,CORTE SELETIVO,C51L41,POINT (-61.10894731991258 -8.211251954296998)
2024,CORTE SELETIVO,C51L41,POINT (-61.20884882731883 -8.228848838617028)
2024,CORTE SELETIVO,C51L41,POINT (-61.21455340056824 -8.228845876654871)
2024,CORTE SELETIVO,C51L41,POINT (-61.216816055327236 -8.228853690297713)
2024,CORTE SELETIVO,C51L41,POINT (-61.224550052064544 -8.228452015471094)
2024,CORTE SELETIVO,C51L41,POINT (-61.20414733778705 -8.228446937278168)
2024,CORTE RASO,C51L41,POINT (-61.22374830829741 -8.224047232487456)
2024,CORTE RASO,C51L41,POINT (-61.209148119850155 -8.191550903402344)
2024,CORTE RASO,C51L41,POINT (-61.20902044524884 -8.191449788192584)
2024,CORTE SELETIVO,C51L41,POINT (-61.197151730711056 -8.23395361476384)
2024,CORTE SELETIVO,C51L41,POINT (-61.19719427475828 -8.23336380328726)
2024,CORTE SELETIVO,C51L41,POINT (-61.22085045132061 -8.229353783110875)
2024,CORTE SELETIVO,C51L41,POINT (-61.22064839929991 -8.229299811838441)
2024,CORTE SELETIVO,C51L41,POINT (-61.22354718469318 -8.229250017074694)
2024,CORTE SELETIVO,C51L41,POINT (-61.22054739726242 -8.229152374562155)
2024,CORTE SELETIVO,C51L41,POINT (-61.2210486697241 -8.229153526350116)
2024,CORTE SELETIVO,C51L41,POINT (-61.2133487041617 -8.2290522245011)
2024,CORTE SELETIVO,C51L41,POINT (-61.21274650729605 -8.229049773130278)
2024,CORTE SELETIVO,C51L41,POINT (-61.208589380651546 -8.229050739609816)
2024,CORTE SELETIVO,C51L41,POINT (-61.21424558569519 -8.229052854151654)
2024,CORTE SELETIVO,C51L41,POINT (-61.220769244418385 -8.228962294214508)
2024,CORTE SELETIVO,C51L41,POINT (-61.21022498934885 -8.228949123507883)
2024,CORTE SELETIVO,C51L41,POINT (-61.214446788924825 -8.228947673435698)
2024,CORTE SELETIVO,C51L41,POINT (-61.20880319697848 -8.22895075007542)
2024,CORTE SELETIVO,C51L41,POINT (-61.21262643827433 -8.228951794722578)
2024,CORTE SELETIVO,C51L41,POINT (-61.211748071164074 -8.228953611830429)
2024,CORTE SELETIVO,C51L41,POINT (-61.2089523261882 -8.228852657559578)
2024,CORTE SELETIVO,C51L41,POINT (-61.21275424559835 -8.228848549176753)
2024,CORTE SELETIVO,C51L41,POINT (-61.20815252756201 -8.228845672050358)
2024,CORTE SELETIVO,C51L41,POINT (-61.214849320620644 -8.228851319182262)
2024,CORTE SELETIVO,C51L41,POINT (-61.21465242761322 -8.228846250396286)
2024,CORTE SELETIVO,C51L41,POINT (-61.21055242280428 -8.228849577400378)
2024,CORTE SELETIVO,C51L41,POINT (-61.21394977054504 -8.228848698710083)
2024,CORTE SELETIVO,C51L41,POINT (-61.21110410169675 -8.228849445643323)
2024,CORTE SELETIVO,C51L41,POINT (-61.2140617442221 -8.22875182912064)
2024,CORTE SELETIVO,C51L41,POINT (-61.20410201407378 -8.228648183873071)
2024,CORTE SELETIVO,C51L41,POINT (-61.203650453327924 -8.228545801914185)
2024,CORTE SELETIVO,C51L41,POINT (-61.22455137683301 -8.228549832963978)
2024,CORTE SELETIVO,C51L41,POINT (-61.224646384658264 -8.228446073004669)
2024,CORTE SELETIVO,C51L41,POINT (-61.2247491025586 -8.228353244300147)
2024,CORTE SELETIVO,C51L41,POINT (-61.224847924263514 -8.228248088644161)
2024,CORTE RASO,C51L41,POINT (-61.20884861227573 -8.19215173212493)
2024,CORTE RASO,C51L41,POINT (-61.20865312341876 -8.190353154361139)
2024,CORTE RASO,C51L41,POINT (-61.20955410671496 -8.187909360629419)
2024,CORTE RASO,C51L41,POINT (-61.20814573645061 -8.185747702066163)
2024,CORTE RASO,C51L41,POINT (-61.20985345756293 -8.181750679982999)
2024,CORTE RASO,C51L41,POINT (-61.20964714492191 -8.181751041721814)
2024,CORTE RASO,C51L41,POINT (-61.206645637783424 -8.180753588625878)
2024,CORTE SELETIVO,C51L41,POINT (-61.19715264305809 -8.234471165951216)
2024,CORTE SELETIVO,C51L41,POINT (-61.19726522030582 -8.233546529808443)
2024,CORTE SELETIVO,C51L41,POINT (-61.1579457873027 -8.115647669085254)
2024,CORTE SELETIVO,C51L41,POINT (-61.158347628665844 -8.113346026051332)
2024,CORTE SELETIVO,C51L41,POINT (-61.1587009312704 -8.111853568607057)
2024,CORTE SELETIVO,C51L41,POINT (-61.158449551436284 -8.111551100558604)
2024,CORTE SELETIVO,C51L41,POINT (-61.159351503477055 -8.108446006321035)
2024,CORTE SELETIVO,C51L41,POINT (-61.096872105691055 -8.222951168150406)
2024,CORTE SELETIVO,C51L41,POINT (-61.1106482880696 -8.213647693280198)
2024,CORTE SELETIVO,C51L41,POINT (-61.11055389017544 -8.213351630257579)
2024,CORTE SELETIVO,C51L41,POINT (-61.1102463285438 -8.213149565996636)
2024,CORTE SELETIVO,C51L41,POINT (-61.10854803650974 -8.210750682118869)
2024,CORTE SELETIVO,C51L41,POINT (-61.10824555949324 -8.206446620291944)
2024,CORTE SELETIVO,C51L41,POINT (-61.204149882749086 -8.228149744048292)
2024,CORTE SELETIVO,C51L41,POINT (-61.19735032352466 -8.232948332399301)
2024,CORTE RASO,C51L41,POINT (-61.22394716535492 -8.223953668143844)
2024,CORTE RASO,C51L41,POINT (-61.22344807880673 -8.224050159258422)
2024,CORTE RASO,C51L41,POINT (-61.21554546546203 -8.223847506882311)
2024,CORTE SELETIVO,C51L41,POINT (-61.21295282114969 -8.229152575171138)
2024,CORTE RASO,C51L41,POINT (-61.20960925111925 -8.192952298794065)
2024,CORTE RASO,C51L41,POINT (-61.209746323601536 -8.192854294720188)
2024,CORTE RASO,C51L41,POINT (-61.20894975153987 -8.192352765075205)
2024,CORTE RASO,C51L41,POINT (-61.208948700390046 -8.192154378231978)
2024,CORTE RASO,C51L41,POINT (-61.208749545950916 -8.190575969651936)
2024,CORTE RASO,C51L41,POINT (-61.2086544849364 -8.190247769451414)
2024,CORTE RASO,C51L41,POINT (-61.208653272758646 -8.189646945186272)
2024,CORTE RASO,C51L41,POINT (-61.205853642613974 -8.184764796909295)
2024,CORTE RASO,C51L41,POINT (-61.20954850931965 -8.184448408817405)
2024,CORTE RASO,C51L41,POINT (-61.17513863796457 -8.102446130931895)
2024,CORTE SELETIVO,C51L41,POINT (-61.16285005787052 -8.247338467435751)
2024,CORTE SELETIVO,C51L41,POINT (-61.16564757091089 -8.23934861717595)
2024,CORTE SELETIVO,C51L41,POINT (-61.09694744009283 -8.223052861900028)
2024,CORTE SELETIVO,C51L41,POINT (-61.20355116005043 -8.228353738337598)
2024,CORTE SELETIVO,C51L41,POINT (-61.21966773090134 -8.229251143352602)
2024,CORTE SELETIVO,C51L41,POINT (-61.21704608774014 -8.229053043464626)
2024,CORTE SELETIVO,C51L41,POINT (-61.21764812619041 -8.229053251747942)
2024,CORTE SELETIVO,C51L41,POINT (-61.21743945707317 -8.228973285570166)
2024,CORTE SELETIVO,C51L41,POINT (-61.217147219130105 -8.22895473020981)
2024,CORTE SELETIVO,C51L41,POINT (-61.21844044881461 -8.228851242750986)
2024,CORTE SELETIVO,C51L41,POINT (-61.22465137525463 -8.228546801072733)
2024,CORTE RASO,C51L41,POINT (-61.2231530178954 -8.224106125200185)
2024,CORTE SELETIVO,C51L41,POINT (-61.21485116967157 -8.248948471379139)
2024,CORTE SELETIVO,C51L41,POINT (-61.21615445265756 -8.246845781545534)
2024,CORTE SELETIVO,C51L41,POINT (-61.21604759192098 -8.246746311615626)
2024,CORTE SELETIVO,C51L41,POINT (-61.21594858335564 -8.246647600221264)
2024,CORTE SELETIVO,C51L41,POINT (-61.21584663154868 -8.246451804571008)
2024,CORTE SELETIVO,C51L41,POINT (-61.21564830751029 -8.246353524538797)
2024,CORTE SELETIVO,C51L41,POINT (-61.21473901854142 -8.245835236383398)
2024,CORTE SELETIVO,C51L41,POINT (-61.21324636833713 -8.22908491919193)
2024,CORTE SELETIVO,C51L41,POINT (-61.214153307133664 -8.229053674035557)
2024,CORTE SELETIVO,C51L41,POINT (-61.216450322435456 -8.229045672911818)
2024,CORTE SELETIVO,C51L41,POINT (-61.210448109735545 -8.2289471333142)
2024,CORTE SELETIVO,C51L41,POINT (-61.216349283757616 -8.228953746228532)
2024,CORTE SELETIVO,C51L41,POINT (-61.21135022179592 -8.228849061356554)
2024,CORTE SELETIVO,C51L41,POINT (-61.213851425059374 -8.228853870898915)
2024,CORTE SELETIVO,C51L41,POINT (-61.21482015576494 -8.228747924893241)
2024,CORTE RASO,C51L41,POINT (-61.21584936469866 -8.224252854650944)
2024,CORTE RASO,C51L41,POINT (-61.216050133838884 -8.224062833021339)
2024,CORTE RASO,C51L41,POINT (-61.21494968326916 -8.22354904730538)
2024,CORTE RASO,C51L41,POINT (-61.21444746010681 -8.223445798135513)
2024,CORTE RASO,C51L41,POINT (-61.21054910022554 -8.193048554824879)
2024,CORTE RASO,C51L41,POINT (-61.20996177889234 -8.192953825129699)
2024,CORTE RASO,C51L41,POINT (-61.20905078914395 -8.19285415920915)
2024,CORTE RASO,C51L41,POINT (-61.21035306178305 -8.192846267410662)
2024,CORTE RASO,C51L41,POINT (-61.209149892606696 -8.19274559228182)
2024,CORTE RASO,C51L41,POINT (-61.21025283251194 -8.192447315826715)
2024,CORTE RASO,C51L41,POINT (-61.20915354312477 -8.19165073153441)
2024,CORTE RASO,C51L41,POINT (-61.20914547825199 -8.191454637105299)
2024,CORTE RASO,C51L41,POINT (-61.20875333433304 -8.19075459944725)
2024,CORTE RASO,C51L41,POINT (-61.20884790800277 -8.190645355040084)
2024,CORTE RASO,C51L41,POINT (-61.20884838276302 -8.190452630438998)
2024,CORTE RASO,C51L41,POINT (-61.20974933154827 -8.18175118759406)
2024,CORTE SELETIVO,C51L41,POINT (-61.20755219500615 -8.228952494069453)
2024,CORTE RASO,C51L41,POINT (-61.203954195164464 -8.212152102112766)
2024,CORTE RASO,C51L41,POINT (-61.20384941479373 -8.212045428516944)
2024,CORTE RASO,C51L41,POINT (-61.20394700214127 -8.211846693952833)
2024,CORTE RASO,C51L41,POINT (-61.204239735887256 -8.211545240772796)
2024,CORTE RASO,C51L41,POINT (-61.20779834220796 -8.211153512433183)
2024,CORTE RASO,C51L41,POINT (-61.204053861297545 -8.207247780199312)
2024,CORTE RASO,C51L41,POINT (-61.20624641363516 -8.20705071534894)
2024,CORTE RASO,C51L41,POINT (-61.20854548137183 -8.190949397314176)
2024,CORTE RASO,C51L41,POINT (-61.20838990090046 -8.190752244151273)
2024,CORTE RASO,C51L41,POINT (-61.20845218286423 -8.190248074172647)
2024,CORTE RASO,C51L41,POINT (-61.20825230789146 -8.186949593327114)
2024,CORTE RASO,C51L41,POINT (-61.208251363745184 -8.185751282519037)
2024,CORTE SELETIVO,C51L41,POINT (-61.19729274740262 -8.233089761569158)
2024,CORTE SELETIVO,C51L41,POINT (-61.157651361190624 -8.117445293550503)
2024,CORTE SELETIVO,C51L41,POINT (-61.157754253051834 -8.116641707817378)
2024,CORTE SELETIVO,C51L41,POINT (-61.158048982935114 -8.1155532998038)
2024,CORTE SELETIVO,C51L41,POINT (-61.158053693281026 -8.115147821795432)
2024,CORTE SELETIVO,C51L41,POINT (-61.158248175799336 -8.113951819254478)
2024,CORTE SELETIVO,C51L41,POINT (-61.15884976875732 -8.111669042511638)
2024,CORTE SELETIVO,C51L41,POINT (-61.15920957586508 -8.109345736467438)
2024,CORTE SELETIVO,C51L41,POINT (-61.15934851337088 -8.108595440612)
2024,CORTE SELETIVO,C51L41,POINT (-61.106877959721494 -8.234253621296734)
2024,CORTE SELETIVO,C51L41,POINT (-61.11055358353298 -8.213452185331546)
2024,CORTE SELETIVO,C51L41,POINT (-61.109148590760554 -8.212050835094294)
2024,CORTE SELETIVO,C51L41,POINT (-61.20994863950611 -8.228947112964745)
2024,CORTE SELETIVO,C51L41,POINT (-61.21774574694912 -8.228953383190195)
2024,CORTE RASO,C51L41,POINT (-61.21503443623618 -8.223651556985462)
2024,CORTE RASO,C51L41,POINT (-61.20785334633987 -8.211451414059987)
2024,CORTE RASO,C51L41,POINT (-61.207751333667716 -8.211251796215421)
2024,CORTE RASO,C51L41,POINT (-61.20875109374637 -8.191248466839633)
2024,CORTE RASO,C51L41,POINT (-61.209445915425356 -8.187946024193941)
2024,CORTE SELETIVO,C51L41,POINT (-61.16034540125815 -8.2492539057401)
2024,CORTE RASO,C51L41,POINT (-61.203846952773326 -8.207350799799885)
2024,CORTE RASO,C51L41,POINT (-61.20614826881679 -8.207052807898279)
2024,CORTE SELETIVO,C51L41,POINT (-61.17324686156255 -8.194251549481272)
2024,CORTE RASO,C51L41,POINT (-61.20334695840276 -8.185550625241387)
2024,CORTE RASO,C51L41,POINT (-61.20995208964645 -8.131453048399733)
2024,CORTE RASO,C51L41,POINT (-61.20604552111768 -8.21194795263898)
2024,CORTE SELETIVO,C51L41,POINT (-61.20324380119489 -8.228346818700409)
2024,CORTE SELETIVO,C51L41,POINT (-61.20375102385754 -8.228351817641556)
2024,CORTE RASO,C51L41,POINT (-61.20863530026349 -8.208520755448612)
2024,CORTE SELETIVO,C51L41,POINT (-61.204051073712826 -8.228349363766457)
2024,CORTE RASO,C51L41,POINT (-61.2235465695584 -8.224045207678252)
2024,CORTE RASO,C51L41,POINT (-61.20854568434683 -8.190246568465604)
2024,CORTE SELETIVO,C51L41,POINT (-61.19725059001399 -8.235047946860556)
2024,CORTE SELETIVO,C51L41,POINT (-61.19721601881128 -8.232851294355545)
2024,CORTE SELETIVO,C51L41,POINT (-61.19714948368954 -8.234045761272002)
2024,CORTE SELETIVO,C51L41,POINT (-61.157948568892664 -8.115453423495664)
2024,CORTE SELETIVO,C51L41,POINT (-61.12675218214151 -8.222849179446953)
2024,CORTE SELETIVO,C51L41,POINT (-61.20364973313944 -8.228353731028568)
2024,CORTE RASO,C51L41,POINT (-61.21005148711936 -8.131445916393561)
2024,CORTE RASO,C51L41,POINT (-61.2065510058013 -8.185446766227335)
2024,CORTE SELETIVO,C51L41,POINT (-61.20405406659576 -8.228151704746734)
2024,CORTE SELETIVO,C51L41,POINT (-61.20394684308215 -8.22814890822864)
2024,CORTE SELETIVO,C51L41,POINT (-61.203746221720884 -8.228150363464525)
2024,CORTE SELETIVO,C51L41,POINT (-61.197351395318414 -8.232848558418086)
2024,CORTE SELETIVO,C51L41,POINT (-61.197147902487096 -8.233549654294544)
2024,CORTE SELETIVO,C51L41,POINT (-61.207250065784606 -8.228753399299125)
2024,CORTE RASO,C51L41,POINT (-61.208846270048774 -8.191348980224541)
2024,CORTE SELETIVO,C51L41,POINT (-61.15744794659108 -8.117949685014743)
2024,CORTE RASO,C51L41,POINT (-61.2086540034363 -8.206951050427007)
2024,CORTE RASO,C51L41,POINT (-61.20864701279473 -8.207048931487588)
2024,CORTE RASO,C51L41,POINT (-61.20865103509681 -8.20715262032121)
2024,CORTE SELETIVO,C51L41,POINT (-61.11084580048135 -8.234454034842631)
2024,CORTE RASO,C51L41,POINT (-61.20864608637989 -8.206848049539966)
2024,CORTE SELETIVO,C51L41,POINT (-61.207346977679734 -8.228852645342915)
2024,CORTE SELETIVO,C51L41,POINT (-61.197151922143554 -8.233847606971914)
2024,CORTE SELETIVO,C51L41,POINT (-61.21214845757864 -8.228946649264513)
2024,CORTE RASO,C51L41,POINT (-61.20854615041297 -8.207349891768507)
2024,CORTE RASO,C51L41,POINT (-61.222646219837266 -8.223945537396562)
2024,CORTE RASO,C51L41,POINT (-61.2225524389814 -8.223851414611051)
2024,CORTE SELETIVO,C51L41,POINT (-61.20428362668349 -8.228252979013217)
2024,CORTE RASO,C51L41,POINT (-61.20854814250272 -8.207549399192681)
2024,CORTE RASO,C51L41,POINT (-61.208550551915714 -8.207647685908743)
2024,CORTE SELETIVO,C51L41,POINT (-61.20444775395261 -8.228246964627782)
2024,CORTE SELETIVO,C51L41,POINT (-61.19725455826157 -8.23375038057425)
2024,CORTE RASO,C51L41,POINT (-61.20855011879467 -8.2072522109273)
2024,CORTE SELETIVO,C51L41,POINT (-61.20344930405755 -8.228449905140163)
2024,CORTE SELETIVO,C51L41,POINT (-61.21815205986457 -8.229045552000999)
2024,CORTE RASO,C51L41,POINT (-61.20492396815609 -8.208249078492473)
2024,CORTE RASO,C51L41,POINT (-61.20845318393471 -8.208552503229006)
2024,CORTE SELETIVO,C51L41,POINT (-61.208653945715035 -8.24644670592036)
2024,CORTE SELETIVO,C51L41,POINT (-61.20795427799502 -8.24604844489535)
2024,CORTE SELETIVO,C51L41,POINT (-61.10934859957123 -8.200348205975589)
2024,CORTE SELETIVO,C51L41,POINT (-61.20335347675447 -8.228453811776832)
2024,CORTE SELETIVO,C51L41,POINT (-61.20564781405381 -8.249450321490185)
2024,CORTE SELETIVO,C51L41,POINT (-61.2079486130396 -8.246190569471402)
2024,CORTE SELETIVO,C51L41,POINT (-61.207746227312285 -8.246147355771562)
2024,CORTE SELETIVO,C51L41,POINT (-61.20554993371262 -8.249553178292325)
2024,CORTE SELETIVO,C51L41,POINT (-61.21554644739314 -8.248847837340108)
2024,CORTE SELETIVO,C51L41,POINT (-61.206146779908316 -8.248249030782505)
2024,CORTE SELETIVO,C51L41,POINT (-61.206246034134644 -8.24805232506657)
2024,CORTE SELETIVO,C51L41,POINT (-61.20794772199264 -8.246346325862014)
2024,CORTE SELETIVO,C51L41,POINT (-61.2080515236366 -8.246128610079367)
2024,CORTE SELETIVO,C51L41,POINT (-61.20535092197596 -8.249517763357797)
2024,CORTE SELETIVO,C51L41,POINT (-61.215450558824585 -8.248902606179731)
2024,CORTE SELETIVO,C51L41,POINT (-61.20615268765424 -8.24811179555613)
2024,CORTE SELETIVO,C51L41,POINT (-61.20855255631152 -8.246453918927932)
2024,CORTE SELETIVO,C51L41,POINT (-61.20785444914653 -8.246321655122246)
2024,CORTE SELETIVO,C51L41,POINT (-61.204646449999785 -8.247567144159413)
2024,CORTE SELETIVO,C51L41,POINT (-61.21565224155361 -8.248846615702236)
2024,CORTE SELETIVO,C51L41,POINT (-61.21534686806556 -8.248850102911524)
2024,CORTE SELETIVO,C51L41,POINT (-61.215648551926414 -8.249050350809087)
2024,CORTE SELETIVO,C51L41,POINT (-61.215349405323835 -8.249048133909564)
2024,CORTE SELETIVO,C51L41,POINT (-61.215146108204735 -8.248850960349769)
2024,CORTE SELETIVO,C51L41,POINT (-61.21255340879856 -8.248453894255745)
2024,CORTE SELETIVO,C51L41,POINT (-61.21224804211298 -8.24844649430283)
2024,CORTE SELETIVO,C51L41,POINT (-61.20775373450552 -8.24624927764487)
2024,CORTE RASO,C51L41,POINT (-61.20855335555575 -8.208649870467465)
2024,CORTE SELETIVO,C51L41,POINT (-61.2153472198909 -8.248950766337744)
2024,CORTE SELETIVO,C51L41,POINT (-61.215648058119996 -8.24895464053994)
2024,CORTE SELETIVO,C51L41,POINT (-61.212349915183715 -8.24845000217707)
2024,CORTE SELETIVO,C51L41,POINT (-61.212451779323025 -8.24835278384593)
2024,CORTE SELETIVO,C51L41,POINT (-61.19794703859099 -8.24134707370418)
2024,CORTE RASO,C51L41,POINT (-61.208550527081776 -8.207450223535043)
2024,CORTE SELETIVO,C51L41,POINT (-61.166191810430384 -8.244646516994438)
2024,CORTE SELETIVO,C51L41,POINT (-61.10935173538496 -8.200547770005638)
2024,CORTE SELETIVO,C51L41,POINT (-61.10924581857089 -8.200451200531523)
2024,CORTE RASO,C51L41,POINT (-61.20848434514118 -8.20785366538181)
2024,CORTE SELETIVO,C51L41,POINT (-61.14175125860191 -8.242451794885227)
2024,CORTE SELETIVO,C51L41,POINT (-61.21665017930223 -8.249950822253899)
2024,CORTE SELETIVO,C51L41,POINT (-61.215552046859855 -8.24904705268277)
2024,CORTE SELETIVO,C51L41,POINT (-61.215145740706454 -8.248945664479812)
2024,CORTE SELETIVO,C51L41,POINT (-61.21244713176861 -8.248454427982919)
2024,CORTE SELETIVO,C51L41,POINT (-61.20754946007879 -8.246048477026768)
2024,CORTE SELETIVO,C51L41,POINT (-61.216747098770455 -8.249945842704985)
2024,CORTE SELETIVO,C51L41,POINT (-61.21544860649721 -8.249054145306523)
2024,CORTE SELETIVO,C51L41,POINT (-61.20795326505021 -8.245950054027498)
2024,CORTE SELETIVO,C51L41,POINT (-61.20365064030726 -8.228253799301246)
2024,CORTE SELETIVO,C51L41,POINT (-61.2165506442803 -8.249948741291794)
2024,CORTE SELETIVO,C51L41,POINT (-61.215066248766284 -8.248651437886158)
2024,CORTE RASO,C51L41,POINT (-61.208547789213156 -8.208347500885331)
2024,CORTE SELETIVO,C51L41,POINT (-61.21645176360575 -8.248854697559599)
2024,CORTE SELETIVO,C51L41,POINT (-61.21305119421131 -8.229245925271444)
2024,CORTE SELETIVO,C51L41,POINT (-61.16629399063337 -8.24475191820926)
2024,CORTE SELETIVO,C51L41,POINT (-61.10924875908799 -8.200348622835001)
2024,CORTE SELETIVO,C51L41,POINT (-61.109353719216415 -8.200245399330491)
2024,CORTE SELETIVO,C51L41,POINT (-61.21644614716743 -8.249951468663978)
2024,CORTE SELETIVO,C51L41,POINT (-61.215253565255075 -8.248853551283414)
2024,CORTE SELETIVO,C51L41,POINT (-61.21254890240184 -8.248354024228378)
2024,CORTE SELETIVO,C51L41,POINT (-61.20755174531618 -8.246246335272867)
2024,CORTE SELETIVO,C51L41,POINT (-61.19804838050581 -8.241353270519884)
2024,CORTE SELETIVO,C51L41,POINT (-61.12685330750113 -8.222749003454215)
2024,CORTE RASO,C51L41,POINT (-61.208549641680925 -8.20874726350676)
2024,CORTE SELETIVO,C51L41,POINT (-61.22125241381034 -8.248448962645687)
2024,CORTE RASO,C51L41,POINT (-61.20844734979478 -8.208451625080396)
2024,CORTE RASO,C51L41,POINT (-61.208548865236075 -8.211153041890237)
2024,CORTE SELETIVO,C51L41,POINT (-61.215546817422236 -8.248949728474829)
2024,CORTE SELETIVO,C51L41,POINT (-61.20984597286397 -8.228953388478553)
2024,CORTE SELETIVO,C51L41,POINT (-61.206349135942176 -8.248349680167733)
2024,CORTE SELETIVO,C51L41,POINT (-61.206247466937555 -8.24814808049312)
2024,CORTE SELETIVO,C51L41,POINT (-61.2063529922036 -8.248052479864137)
2024,CORTE SELETIVO,C51L41,POINT (-61.167945827514814 -8.247847537488726)
2024,CORTE SELETIVO,C51L41,POINT (-61.10824785614173 -8.20600362207655)
2024,CORTE RASO,C51L41,POINT (-61.203848175433755 -8.211848376255327)
2024,CORTE SELETIVO,C51L41,POINT (-61.19715230199529 -8.234149547411262)
2024,CORTE RASO,C51L41,POINT (-61.20955438720294 -8.130649402460989)
2024,CORTE SELETIVO,C51L41,POINT (-61.20845150804246 -8.246553872556087)
2024,CORTE RASO,C51L41,POINT (-61.20654990273018 -8.18094922661906)
2024,CORTE SELETIVO,C51L41,POINT (-61.20235323961753 -8.244846468034302)
2024,CORTE SELETIVO,C51L41,POINT (-61.14184654094273 -8.242353290927987)
2024,CORTE RASO,C51L41,POINT (-61.17616274648957 -8.102951413581014)
2024,CORTE RASO,C51L41,POINT (-61.209550039476646 -8.130745655281544)
2024,CORTE RASO,C51L41,POINT (-61.20855102481197 -8.209547896175527)
2024,CORTE SELETIVO,C51L41,POINT (-61.21695206768158 -8.246253142069213)
2024,CORTE SELETIVO,C51L41,POINT (-61.21273630022753 -8.248249499589148)
2024,CORTE SELETIVO,C51L41,POINT (-61.21074557836768 -8.246852690593236)
2024,CORTE SELETIVO,C51L41,POINT (-61.20764406873304 -8.246115775972271)
2024,CORTE RASO,C51L41,POINT (-61.20835167045457 -8.212216159239226)
2024,CORTE RASO,C51L41,POINT (-61.2081456463109 -8.211209139814919)
2024,CORTE RASO,C51L41,POINT (-61.20855143648498 -8.209701545992559)
2024,CORTE RASO,C51L41,POINT (-61.20714762979175 -8.209631267584497)
2024,CORTE RASO,C51L41,POINT (-61.2082544910688 -8.209248517934798)
2024,CORTE RASO,C51L41,POINT (-61.208548037230386 -8.208252693866125)
2024,CORTE RASO,C51L41,POINT (-61.208046371920254 -8.20764595680625)
2024,CORTE RASO,C51L41,POINT (-61.20814889541216 -8.20742545655563)
2024,CORTE RASO,C51L41,POINT (-61.208446479285136 -8.207307254943801)
2024,CORTE RASO,C51L41,POINT (-61.20855361618788 -8.207148241654165)
2024,CORTE RASO,C51L41,POINT (-61.20874882974267 -8.20674680622277)
2024,CORTE SELETIVO,C51L41,POINT (-61.206146285382644 -8.248347368327599)
2024,CORTE SELETIVO,C51L41,POINT (-61.20634939074459 -8.248152835156649)
2024,CORTE RASO,C51L41,POINT (-61.2057512331275 -8.212094268213239)
2024,CORTE RASO,C51L41,POINT (-61.20619285294743 -8.21204670534379)
2024,CORTE RASO,C51L41,POINT (-61.203659797672096 -8.211873794142187)
2024,CORTE RASO,C51L41,POINT (-61.20504697189715 -8.211948994629164)
2024,CORTE RASO,C51L41,POINT (-61.20514894198461 -8.211847193695627)
2024,CORTE RASO,C51L41,POINT (-61.20494853000941 -8.211766904385536)
2024,CORTE RASO,C51L41,POINT (-61.20430547445359 -8.211831822270362)
2024,CORTE RASO,C51L41,POINT (-61.204652477224926 -8.211547363140863)
2024,CORTE RASO,C51L41,POINT (-61.2048526643065 -8.210546892860162)
2024,CORTE RASO,C51L41,POINT (-61.20654958858855 -8.210247008689542)
2024,CORTE RASO,C51L41,POINT (-61.206649672038715 -8.20965215357719)
2024,CORTE RASO,C51L41,POINT (-61.206499284335564 -8.20925124131849)
2024,CORTE RASO,C51L41,POINT (-61.204814909554166 -8.208352203975426)
2024,CORTE RASO,C51L41,POINT (-61.20690674289295 -8.207054310507473)
2024,CORTE RASO,C51L41,POINT (-61.2033616024564 -8.185648278390804)
2024,CORTE SELETIVO,C51L41,POINT (-61.19824820422208 -8.241352234089938)
2024,CORTE SELETIVO,C51L41,POINT (-61.19714607624813 -8.234650268250146)
2024,CORTE SELETIVO,C51L41,POINT (-61.1971464044349 -8.234346511661398)
2024,CORTE RASO,C51L41,POINT (-61.1998614193538 -8.185138801951805)
2024,CORTE RASO,C51L41,POINT (-61.19994709480342 -8.184845858046964)
2024,CORTE RASO,C51L41,POINT (-61.200148379355035 -8.184648192363703)
2024,CORTE SELETIVO,C51L41,POINT (-61.15827676641649 -8.114247972685224)
2024,CORTE SELETIVO,C51L41,POINT (-61.1213472279522 -8.220948820617952)
2024,CORTE SELETIVO,C51L41,POINT (-61.21255418550528 -8.248554130895352)
2024,CORTE SELETIVO,C51L41,POINT (-61.20755035969889 -8.246347910900607)
2024,CORTE RASO,C51L41,POINT (-61.202148922226264 -8.18544834550532)
2024,CORTE RASO,C51L41,POINT (-61.199146593500046 -8.185052457710835)
2024,CORTE RASO,C51L41,POINT (-61.19974584339974 -8.185052664572739)
2024,CORTE RASO,C51L41,POINT (-61.20854784691646 -8.209847108580306)
2024,CORTE RASO,C51L41,POINT (-61.20935289171627 -8.130550855288854)
2024,CORTE SELETIVO,C51L41,POINT (-61.19794719959916 -8.24145156421302)
2024,CORTE SELETIVO,C51L41,POINT (-61.19824876226012 -8.241445487590735)
2024,CORTE RASO,C51L41,POINT (-61.205148143684774 -8.212000156688369)
2024,CORTE RASO,C51L41,POINT (-61.20464620494204 -8.211949757906677)
2024,CORTE RASO,C51L41,POINT (-61.2043493975263 -8.211953074149173)
2024,CORTE RASO,C51L41,POINT (-61.20415029825085 -8.21194777679567)
2024,CORTE RASO,C51L41,POINT (-61.20464666906003 -8.211651384885268)
2024,CORTE RASO,C51L41,POINT (-61.20434772141321 -8.211652490268648)
2024,CORTE RASO,C51L41,POINT (-61.204149414647006 -8.211654722357672)
2024,CORTE RASO,C51L41,POINT (-61.204452285127054 -8.211549261405121)
2024,CORTE RASO,C51L41,POINT (-61.203648739842976 -8.210153094645044)
2024,CORTE RASO,C51L41,POINT (-61.206635687602166 -8.209345511817222)
2024,CORTE RASO,C51L41,POINT (-61.20505317054558 -8.20824526863598)
2024,CORTE RASO,C51L41,POINT (-61.203946940542245 -8.208000583771348)
2024,CORTE RASO,C51L41,POINT (-61.204447620262826 -8.207053900419233)
2024,CORTE RASO,C51L41,POINT (-61.199236977163245 -8.185149255078205)
2024,CORTE SELETIVO,C51L41,POINT (-61.216454260361346 -8.248949011843896)
2024,CORTE SELETIVO,C51L41,POINT (-61.21645138920526 -8.248685809580008)
2024,CORTE SELETIVO,C51L41,POINT (-61.215859720203746 -8.246869390386015)
2024,CORTE SELETIVO,C51L41,POINT (-61.21064652173907 -8.246848745614411)
2024,CORTE SELETIVO,C51L41,POINT (-61.21094791406925 -8.246851923908169)
2024,CORTE SELETIVO,C51L41,POINT (-61.216953378604764 -8.246349132995473)
2024,CORTE SELETIVO,C51L41,POINT (-61.21684756735343 -8.246251914687502)
2024,CORTE RASO,C51L41,POINT (-61.2098657632409 -8.131552616955696)
2024,CORTE SELETIVO,C51L41,POINT (-61.20545205511599 -8.249551241118668)
2024,CORTE SELETIVO,C51L41,POINT (-61.20565081461878 -8.249546221735816)
2024,CORTE SELETIVO,C51L41,POINT (-61.20554594991872 -8.249453828705809)
2024,CORTE SELETIVO,C51L41,POINT (-61.20624899636502 -8.248469721077214)
2024,CORTE SELETIVO,C51L41,POINT (-61.20885382733474 -8.248349389481955)
2024,CORTE SELETIVO,C51L41,POINT (-61.20614992199215 -8.247850599351807)
2024,CORTE SELETIVO,C51L41,POINT (-61.208452300107325 -8.246446265894543)
2024,CORTE RASO,C51L41,POINT (-61.20813336061571 -8.212248213769458)
2024,CORTE RASO,C51L41,POINT (-61.20414964403239 -8.212338231081956)
2024,CORTE RASO,C51L41,POINT (-61.206254239982805 -8.212249720197143)
2024,CORTE RASO,C51L41,POINT (-61.20604659746199 -8.212250012089878)
2024,CORTE RASO,C51L41,POINT (-61.20655055515118 -8.212251821432304)
2024,CORTE RASO,C51L41,POINT (-61.204848899210575 -8.21214626143691)
2024,CORTE RASO,C51L41,POINT (-61.206147111837225 -8.212153434006256)
2024,CORTE RASO,C51L41,POINT (-61.20839706737217 -8.212046168923948)
2024,CORTE RASO,C51L41,POINT (-61.20604697571703 -8.212051758162534)
2024,CORTE RASO,C51L41,POINT (-61.2056536066091 -8.212053234450911)
2024,CORTE RASO,C51L41,POINT (-61.20635376420993 -8.212154122246567)
2024,CORTE RASO,C51L41,POINT (-61.20384907866904 -8.211948754317907)
2024,CORTE RASO,C51L41,POINT (-61.204246843864965 -8.211946342236105)
2024,CORTE RASO,C51L41,POINT (-61.2044541306981 -8.21195178471021)
2024,CORTE RASO,C51L41,POINT (-61.20594975536269 -8.211848904137993)
2024,CORTE RASO,C51L41,POINT (-61.20505267141254 -8.21184869010343)
2024,CORTE RASO,C51L41,POINT (-61.20540896911769 -8.211791317102104)
2024,CORTE RASO,C51L41,POINT (-61.20473831392046 -8.211753093605036)
2024,CORTE RASO,C51L41,POINT (-61.20655152033736 -8.211750980034987)
2024,CORTE RASO,C51L41,POINT (-61.20376674206691 -8.211751838283478)
2024,CORTE RASO,C51L41,POINT (-61.2082536953328 -8.21165263449139)
2024,CORTE RASO,C51L41,POINT (-61.2079509018035 -8.211594974445669)
2024,CORTE RASO,C51L41,POINT (-61.20664731048085 -8.211548824026448)
2024,CORTE RASO,C51L41,POINT (-61.204346820740504 -8.211387860593499)
2024,CORTE RASO,C51L41,POINT (-61.20806993928026 -8.211451635055873)
2024,CORTE RASO,C51L41,POINT (-61.2062518331088 -8.211350352271284)
2024,CORTE RASO,C51L41,POINT (-61.20684769065648 -8.211245809120483)
2024,CORTE RASO,C51L41,POINT (-61.207247838537796 -8.211252819548218)
2024,CORTE RASO,C51L41,POINT (-61.20834803193536 -8.211195188962176)
2024,CORTE RASO,C51L41,POINT (-61.207953625201895 -8.211053109485656)
2024,CORTE RASO,C51L41,POINT (-61.20777437039904 -8.210851589831323)
2024,CORTE RASO,C51L41,POINT (-61.20404953072724 -8.210813413343026)
2024,CORTE RASO,C51L41,POINT (-61.20363959975002 -8.21092456196677)
2024,CORTE RASO,C51L41,POINT (-61.20484936711271 -8.2106500537845)
2024,CORTE RASO,C51L41,POINT (-61.204752879689465 -8.210547702706378)
2024,CORTE RASO,C51L41,POINT (-61.20835153030944 -8.21044975237461)
2024,CORTE RASO,C51L41,POINT (-61.20484828878749 -8.210446305431306)
2024,CORTE RASO,C51L41,POINT (-61.206453692126004 -8.210553296982791)
2024,CORTE RASO,C51L41,POINT (-61.20854747021762 -8.21025055880081)
2024,CORTE RASO,C51L41,POINT (-61.20544724073429 -8.210248606698064)
2024,CORTE RASO,C51L41,POINT (-61.20354724067648 -8.210154234303008)
2024,CORTE RASO,C51L41,POINT (-61.20364573774962 -8.210046915029046)
2024,CORTE RASO,C51L41,POINT (-61.2046462341024 -8.210049022431134)
2024,CORTE RASO,C51L41,POINT (-61.20743598258103 -8.2096531964012)
2024,CORTE RASO,C51L41,POINT (-61.20714739564768 -8.209451540196419)
2024,CORTE RASO,C51L41,POINT (-61.206754535195536 -8.209362879037618)
2024,CORTE RASO,C51L41,POINT (-61.208352152632536 -8.209195712080493)
2024,CORTE RASO,C51L41,POINT (-61.205054414871825 -8.209219810267284)
2024,CORTE RASO,C51L41,POINT (-61.20704818319007 -8.20904732702057)
2024,CORTE RASO,C51L41,POINT (-61.20614906810033 -8.20901990209192)
2024,CORTE RASO,C51L41,POINT (-61.20515404521673 -8.208945485744572)
2024,CORTE RASO,C51L41,POINT (-61.20434745288041 -8.208954767603538)
2024,CORTE RASO,C51L41,POINT (-61.20495186953034 -8.208746105651047)
2024,CORTE RASO,C51L41,POINT (-61.205401087400844 -8.208648577301885)
2024,CORTE RASO,C51L41,POINT (-61.20454809788834 -8.20854879775429)
2024,CORTE RASO,C51L41,POINT (-61.20515456824961 -8.20854682603937)
2024,CORTE RASO,C51L41,POINT (-61.20482993195423 -8.208450623182117)
2024,CORTE RASO,C51L41,POINT (-61.20495081216031 -8.208345331943194)
2024,CORTE RASO,C51L41,POINT (-61.20515289723025 -8.208350647736204)
2024,CORTE RASO,C51L41,POINT (-61.205558420688355 -8.208249978982504)
2024,CORTE RASO,C51L41,POINT (-61.2036535373755 -8.208250716686985)
2024,CORTE RASO,C51L41,POINT (-61.204747809758345 -8.208251521093)
2024,CORTE RASO,C51L41,POINT (-61.20433511018524 -8.208254486961545)
2024,CORTE RASO,C51L41,POINT (-61.203952693176134 -8.208150794099858)
2024,CORTE RASO,C51L41,POINT (-61.20384705691568 -8.208049040652416)
2024,CORTE RASO,C51L41,POINT (-61.204052720488995 -8.207969554971136)
2024,CORTE RASO,C51L41,POINT (-61.20855286994807 -8.20794603791733)
2024,CORTE RASO,C51L41,POINT (-61.206154151430006 -8.20768955098895)
2024,CORTE RASO,C51L41,POINT (-61.20525028248689 -8.207645224919615)
2024,CORTE RASO,C51L41,POINT (-61.207566570224735 -8.20782280487788)
2024,CORTE RASO,C51L41,POINT (-61.20615183803846 -8.207446537970728)
2024,CORTE RASO,C51L41,POINT (-61.208293267578746 -8.207442583845344)
2024,CORTE RASO,C51L41,POINT (-61.20495458416701 -8.207252823661136)
2024,CORTE RASO,C51L41,POINT (-61.20740149949462 -8.207228317985992)
2024,CORTE RASO,C51L41,POINT (-61.205755538691186 -8.207253568450673)
2024,CORTE RASO,C51L41,POINT (-61.20412127621687 -8.20715431836915)
2024,CORTE RASO,C51L41,POINT (-61.20857708222433 -8.206747309686817)
2024,CORTE RASO,C51L41,POINT (-61.20654581669162 -8.206745784634277)
2024,CORTE RASO,C51L41,POINT (-61.20635208381267 -8.206749026422512)
2024,CORTE RASO,C51L41,POINT (-61.208098465877505 -8.206649144573221)
2024,CORTE RASO,C51L41,POINT (-61.208649295912444 -8.190954388718142)
2024,CORTE RASO,C51L41,POINT (-61.20804976974996 -8.185647489902909)
2024,CORTE RASO,C51L41,POINT (-61.209451692137335 -8.130565099368532)
2024,CORTE RASO,C51L41,POINT (-61.20934693699419 -8.130433037476251)
2024,CORTE SELETIVO,C51L41,POINT (-61.19774716918698 -8.241404543293042)
2024,CORTE SELETIVO,C51L41,POINT (-61.198048077021724 -8.241145721789515)
2024,CORTE SELETIVO,C51L41,POINT (-61.198258032632104 -8.241029913388662)
2024,CORTE SELETIVO,C51L41,POINT (-61.19745355370287 -8.233368655344366)
2024,CORTE SELETIVO,C51L41,POINT (-61.19745021227508 -8.232953430971794)
2024,CORTE RASO,C51L41,POINT (-61.20325384450397 -8.185563171839501)
2024,CORTE RASO,C51L41,POINT (-61.20224770803075 -8.185354026795832)
2024,CORTE RASO,C51L41,POINT (-61.203346151876524 -8.185306241362769)
2024,CORTE RASO,C51L41,POINT (-61.199653146768185 -8.185146895954983)
2024,CORTE RASO,C51L41,POINT (-61.201649143798974 -8.185151985652379)
2024,CORTE RASO,C51L41,POINT (-61.199396463853176 -8.185052130121399)
2024,CORTE RASO,C51L41,POINT (-61.1999508497911 -8.184992548056005)
2024,CORTE RASO,C51L41,POINT (-61.19974829047201 -8.18495247673459)
2024,CORTE RASO,C51L41,POINT (-61.19995046268367 -8.184747450046705)
2024,CORTE RASO,C51L41,POINT (-61.19955415135579 -8.184391079079337)
2024,CORTE RASO,C51L41,POINT (-61.19944853772678 -8.184246920881062)
2024,CORTE RASO,C51L41,POINT (-61.20245393405287 -8.184153808038081)
2024,CORTE RASO,C51L41,POINT (-61.20024549549934 -8.183790372121123)
2024,CORTE RASO,C51L41,POINT (-61.19874706031144 -8.183668014519954)
2024,CORTE SELETIVO,C51L41,POINT (-61.19714885233648 -8.239546828718337)
2024,CORTE SELETIVO,C51L41,POINT (-61.19714847556606 -8.234754517838974)
2024,CORTE SELETIVO,C51L41,POINT (-61.197151583410346 -8.234245877469682)
2024,CORTE SELETIVO,C51L41,POINT (-61.19735131262004 -8.234147666307694)
2024,CORTE SELETIVO,C51L41,POINT (-61.19715399514121 -8.233149534955581)
2024,CORTE SELETIVO,C51L41,POINT (-61.19720837976687 -8.232750259269832)
2024,CORTE SELETIVO,C51L41,POINT (-61.15725398865187 -8.118753700621493)
2024,CORTE SELETIVO,C51L41,POINT (-61.15774897644908 -8.116348986091916)
2024,CORTE SELETIVO,C51L41,POINT (-61.158052301819865 -8.115052367716405)
2024,CORTE SELETIVO,C51L41,POINT (-61.158048267519305 -8.114450125844144)
2024,CORTE SELETIVO,C51L41,POINT (-61.15834574627988 -8.114347297812206)
2024,CORTE SELETIVO,C51L41,POINT (-61.158050700287404 -8.114245447795579)
2024,CORTE SELETIVO,C51L41,POINT (-61.15875282269402 -8.11242218755982)
2024,CORTE SELETIVO,C51L41,POINT (-61.15874817639071 -8.111149816243712)
2024,CORTE SELETIVO,C51L41,POINT (-61.15934915686868 -8.108945654811238)
2024,CORTE SELETIVO,C51L41,POINT (-61.10875264713955 -8.210548883377093)
2024,CORTE RASO,C51L41,POINT (-61.2085512408149 -8.209446814557774)
2024,CORTE SELETIVO,C51L41,POINT (-61.20465217377497 -8.249045212875842)
2024,CORTE RASO,C51L41,POINT (-61.17525236347683 -8.102648521463777)
2024,CORTE RASO,C51L41,POINT (-61.20025335701817 -8.184753033764764)
2024,CORTE RASO,C51L41,POINT (-61.19945196284362 -8.184346187318816)
2024,CORTE SELETIVO,C51L41,POINT (-61.157247278874344 -8.118652634157185)
2024,CORTE SELETIVO,C51L41,POINT (-61.21655444965513 -8.248646569814039)
2024,CORTE SELETIVO,C51L41,POINT (-61.2122525278312 -8.248553818861549)
2024,CORTE SELETIVO,C51L41,POINT (-61.206153752295585 -8.247949907779988)
2024,CORTE SELETIVO,C51L41,POINT (-61.20789223456295 -8.245848457746737)
2024,CORTE SELETIVO,C51L41,POINT (-61.19804709885597 -8.24124937443609)
2024,CORTE SELETIVO,C51L41,POINT (-61.19755444758121 -8.233347945121563)
2024,CORTE SELETIVO,C51L41,POINT (-61.1973471528813 -8.23274673863754)
2024,CORTE RASO,C51L41,POINT (-61.20525240343414 -8.21205076432011)
2024,CORTE RASO,C51L41,POINT (-61.204750072913214 -8.212045608064617)
2024,CORTE RASO,C51L41,POINT (-61.20815379043386 -8.211604089133406)
2024,CORTE RASO,C51L41,POINT (-61.20845431090973 -8.207554308797977)
2024,CORTE RASO,C51L41,POINT (-61.20814847926041 -8.206750289134046)
2024,CORTE RASO,C51L41,POINT (-61.20204828938062 -8.185450650615273)
2024,CORTE RASO,C51L41,POINT (-61.202354522678505 -8.185350564334993)
2024,CORTE RASO,C51L41,POINT (-61.20094916747983 -8.185354615040668)
2024,CORTE RASO,C51L41,POINT (-61.20055350872325 -8.185245847635052)
2024,CORTE RASO,C51L41,POINT (-61.19954938466642 -8.185248645856262)
2024,CORTE RASO,C51L41,POINT (-61.19975311398037 -8.184850075178844)
2024,CORTE RASO,C51L41,POINT (-61.199549124846044 -8.18454766356586)
2024,CORTE RASO,C51L41,POINT (-61.19885205585358 -8.183848892447413)
2024,CORTE RASO,C51L41,POINT (-61.19964903652521 -8.182254160208018)
2024,CORTE RASO,C51L41,POINT (-61.207052293536236 -8.209567495322469)
2024,CORTE SELETIVO,C51L41,POINT (-61.1268489289975 -8.222850807994016)
2024,CORTE SELETIVO,C51L41,POINT (-61.21584951070029 -8.24885012382564)
2024,CORTE RASO,C51L41,POINT (-61.205653635136294 -8.212253662762672)
2024,CORTE RASO,C51L41,POINT (-61.20425384683496 -8.212193326557447)
2024,CORTE RASO,C51L41,POINT (-61.20415426846585 -8.212049880526155)
2024,CORTE RASO,C51L41,POINT (-61.204852686150204 -8.212013117889413)
2024,CORTE RASO,C51L41,POINT (-61.20554633173172 -8.21197694326719)
2024,CORTE RASO,C51L41,POINT (-61.2053527905164 -8.21194985208979)
2024,CORTE RASO,C51L41,POINT (-61.204548492102816 -8.211650795258432)
2024,CORTE RASO,C51L41,POINT (-61.208048635249135 -8.211565632204573)
2024,CORTE RASO,C51L41,POINT (-61.207951044577136 -8.210946849694214)
2024,CORTE RASO,C51L41,POINT (-61.203950576724665 -8.210746163837445)
2024,CORTE RASO,C51L41,POINT (-61.20455426040554 -8.210147697155792)
2024,CORTE RASO,C51L41,POINT (-61.206647224315816 -8.209504499536742)
2024,CORTE RASO,C51L41,POINT (-61.20675291191906 -8.209147566991556)
2024,CORTE RASO,C51L41,POINT (-61.20515144503394 -8.209078247816196)
2024,CORTE RASO,C51L41,POINT (-61.20535054512082 -8.208853180195044)
2024,CORTE RASO,C51L41,POINT (-61.20485158161953 -8.208749762891173)
2024,CORTE RASO,C51L41,POINT (-61.20520333397119 -8.208647228267042)
2024,CORTE RASO,C51L41,POINT (-61.20454699275401 -8.208649687904995)
2024,CORTE RASO,C51L41,POINT (-61.20485369402436 -8.208546027886632)
2024,CORTE RASO,C51L41,POINT (-61.205049178480614 -8.208554015226376)
2024,CORTE RASO,C51L41,POINT (-61.204948823842905 -8.20844524383433)
2024,CORTE RASO,C51L41,POINT (-61.20514922822999 -8.208453738126153)
2024,CORTE RASO,C51L41,POINT (-61.2050545429393 -8.208351445922869)
2024,CORTE RASO,C51L41,POINT (-61.20462502473324 -8.208250649248237)
2024,CORTE RASO,C51L41,POINT (-61.20485309823053 -8.20814824157525)
2024,CORTE RASO,C51L41,POINT (-61.20495154471301 -8.208054475931966)
2024,CORTE RASO,C51L41,POINT (-61.206345900343386 -8.20795404078227)
2024,CORTE RASO,C51L41,POINT (-61.20434796372196 -8.207846408230788)
2024,CORTE RASO,C51L41,POINT (-61.20515437499757 -8.207749686729812)
2024,CORTE RASO,C51L41,POINT (-61.208454305733774 -8.207649326178712)
2024,CORTE RASO,C51L41,POINT (-61.20542606636987 -8.207451290629919)
2024,CORTE RASO,C51L41,POINT (-61.203945579891744 -8.207452421975722)
2024,CORTE RASO,C51L41,POINT (-61.20514218481108 -8.207431424962563)
2024,CORTE RASO,C51L41,POINT (-61.20485030616123 -8.207353283860064)
2024,CORTE RASO,C51L41,POINT (-61.204347061598064 -8.20731319453295)
2024,CORTE RASO,C51L41,POINT (-61.205748076504975 -8.207048134286495)
2024,CORTE RASO,C51L41,POINT (-61.20424585895075 -8.207049312371586)
2024,CORTE RASO,C51L41,POINT (-61.20557678849367 -8.207141325640634)
2024,CORTE RASO,C51L41,POINT (-61.20825254023986 -8.185653604434478)
2024,CORTE RASO,C51L41,POINT (-61.20985019956252 -8.131752240804698)
2024,CORTE RASO,C51L41,POINT (-61.209412920482094 -8.13074627772254)
2024,CORTE RASO,C51L41,POINT (-61.20924723641005 -8.130549019067955)
2024,CORTE SELETIVO,C51L41,POINT (-61.19804980022216 -8.241453439677546)
2024,CORTE SELETIVO,C51L41,POINT (-61.198447448931056 -8.241387948147548)
2024,CORTE SELETIVO,C51L41,POINT (-61.19845168307669 -8.241150756780112)
2024,CORTE SELETIVO,C51L41,POINT (-61.19834634982722 -8.240954640294)
2024,CORTE RASO,C51L41,POINT (-61.20369908386237 -8.210747739994746)
2024,CORTE RASO,C51L41,POINT (-61.203546276099395 -8.210546764383594)
2024,CORTE RASO,C51L41,POINT (-61.20357506910187 -8.209858674733036)
2024,CORTE RASO,C51L41,POINT (-61.2038540935441 -8.208216326612595)
2024,CORTE RASO,C51L41,POINT (-61.203749434281825 -8.207952154176116)
2024,CORTE RASO,C51L41,POINT (-61.20355112811308 -8.18564902786846)
2024,CORTE RASO,C51L41,POINT (-61.20263390593346 -8.185458309917031)
2024,CORTE RASO,C51L41,POINT (-61.20311520703028 -8.1854457104712)
2024,CORTE RASO,C51L41,POINT (-61.202053380897894 -8.185232026805483)
2024,CORTE RASO,C51L41,POINT (-61.20070781499978 -8.185253759773094)
2024,CORTE RASO,C51L41,POINT (-61.2023459491318 -8.18525067320525)
2024,CORTE RASO,C51L41,POINT (-61.201645462761064 -8.18525345394252)
2024,CORTE RASO,C51L41,POINT (-61.19994863961616 -8.18524540822284)
2024,CORTE RASO,C51L41,POINT (-61.2000500866415 -8.185046254660415)
2024,CORTE RASO,C51L41,POINT (-61.19904807268473 -8.184888355640476)
2024,CORTE RASO,C51L41,POINT (-61.200049789041906 -8.184850094141451)
2024,CORTE RASO,C51L41,POINT (-61.200429345872344 -8.1847514556694)
2024,CORTE RASO,C51L41,POINT (-61.199650202605824 -8.184839788410118)
2024,CORTE RASO,C51L41,POINT (-61.200148288713294 -8.184747947417284)
2024,CORTE RASO,C51L41,POINT (-61.19954902090761 -8.18464704168426)
2024,CORTE RASO,C51L41,POINT (-61.199849463699124 -8.184584722283553)
2024,CORTE RASO,C51L41,POINT (-61.20094879490162 -8.184451904773038)
2024,CORTE RASO,C51L41,POINT (-61.199448381699085 -8.18445046423395)
2024,CORTE RASO,C51L41,POINT (-61.19935098672186 -8.184350127392756)
2024,CORTE RASO,C51L41,POINT (-61.202349158706625 -8.184058720564007)
2024,CORTE RASO,C51L41,POINT (-61.200249677984075 -8.18394654032415)
2024,CORTE RASO,C51L41,POINT (-61.1989507375149 -8.183853356230616)
2024,CORTE RASO,C51L41,POINT (-61.1993373129561 -8.18369913655127)
2024,CORTE RASO,C51L41,POINT (-61.199649294060556 -8.183545729462583)
2024,CORTE RASO,C51L41,POINT (-61.199494539557506 -8.183454644887806)
2024,CORTE RASO,C51L41,POINT (-61.19934789772333 -8.183247433851509)
2024,CORTE RASO,C51L41,POINT (-61.20004605305186 -8.183046765908784)
2024,CORTE RASO,C51L41,POINT (-61.199770933863874 -8.18224539450548)
2024,CORTE RASO,C51L41,POINT (-61.19834764098362 -8.182179026076456)
2024,CORTE SELETIVO,C51L41,POINT (-61.19724627966929 -8.234163152122015)
2024,CORTE SELETIVO,C51L41,POINT (-61.197349869563816 -8.233650899883107)
2024,CORTE SELETIVO,C51L41,POINT (-61.19765262893381 -8.2334499360109)
2024,CORTE SELETIVO,C51L41,POINT (-61.19755088977776 -8.233246247113764)
2024,CORTE SELETIVO,C51L41,POINT (-61.197149420210096 -8.23305064278659)
2024,CORTE SELETIVO,C51L41,POINT (-61.19754652028507 -8.232946893900001)
2024,CORTE SELETIVO,C51L41,POINT (-61.197447459358116 -8.232750289572841)
2024,CORTE SELETIVO,C51L41,POINT (-61.15716721231173 -8.119545921314598)
2024,CORTE SELETIVO,C51L41,POINT (-61.157433211475514 -8.118050301975218)
2024,CORTE SELETIVO,C51L41,POINT (-61.15765092138246 -8.118047478410356)
2024,CORTE SELETIVO,C51L41,POINT (-61.15824569054152 -8.114151496845222)
2024,CORTE SELETIVO,C51L41,POINT (-61.15824867677419 -8.113854686508397)
2024,CORTE SELETIVO,C51L41,POINT (-61.15895444035342 -8.11144904640599)
2024,CORTE SELETIVO,C51L41,POINT (-61.159151822085526 -8.109549452002975)
2024,CORTE SELETIVO,C51L41,POINT (-61.159448002273464 -8.108645563787903)
2024,CORTE SELETIVO,C51L41,POINT (-61.15974726935188 -8.107652699006078)
2024,CORTE SELETIVO,C51L41,POINT (-61.12694963039284 -8.223149772712585)
2024,CORTE RASO,C51L41,POINT (-61.20365444644126 -8.211753763494723)
2024,CORTE RASO,C51L41,POINT (-61.2037700074659 -8.208548178642252)
2024,CORTE RASO,C51L41,POINT (-61.2048482265537 -8.20804813589397)
2024,CORTE RASO,C51L41,POINT (-61.2088468130749 -8.191252702248976)
2024,CORTE RASO,C51L41,POINT (-61.202653656136796 -8.185350725636331)
2024,CORTE RASO,C51L41,POINT (-61.20174761996939 -8.185345857259543)
2024,CORTE RASO,C51L41,POINT (-61.200152981931346 -8.18485467706875)
2024,CORTE RASO,C51L41,POINT (-61.19924957837931 -8.181045788671309)
2024,CORTE SELETIVO,C51L41,POINT (-61.17284782626331 -8.177806228164943)
2024,CORTE SELETIVO,C51L41,POINT (-61.16701062716716 -8.240253871658389)
2024,CORTE SELETIVO,C51L41,POINT (-61.15984631353413 -8.1381514206496)
2024,CORTE SELETIVO,C51L41,POINT (-61.158646782264384 -8.112649357253096)
2024,CORTE SELETIVO,C51L41,POINT (-61.12695035356793 -8.22325376098917)
2024,CORTE RASO,C51L41,POINT (-61.20855358567379 -8.211252635555233)
2024,CORTE RASO,C51L41,POINT (-61.208551298294715 -8.208846933899068)
2024,CORTE SELETIVO,C51L41,POINT (-61.216248347511865 -8.228845939164755)
2024,CORTE SELETIVO,C51L41,POINT (-61.198154573123574 -8.241447769140349)
2024,CORTE SELETIVO,C51L41,POINT (-61.197346206577166 -8.234254061629473)
2024,CORTE RASO,C51L41,POINT (-61.20855169348694 -8.20934659005743)
2024,CORTE RASO,C51L41,POINT (-61.205053454366784 -8.208149227969827)
2024,CORTE SELETIVO,C51L41,POINT (-61.172845561165275 -8.178051169430688)
2024,CORTE RASO,C51L41,POINT (-61.209449396151975 -8.131552797226826)
2024,CORTE SELETIVO,C51L41,POINT (-61.09395374688977 -8.235151503620425)
2024,CORTE RASO,C51L41,POINT (-61.20855282624832 -8.209180011841402)
2024,CORTE RASO,C51L41,POINT (-61.206548885308294 -8.209550990744107)
2024,CORTE RASO,C51L41,POINT (-61.20745266448684 -8.209447772853084)
2024,CORTE SELETIVO,C51L41,POINT (-61.2159504295935 -8.249642061929313)
2024,CORTE SELETIVO,C51L41,POINT (-61.21504872042273 -8.24925045348063)
2024,CORTE SELETIVO,C51L41,POINT (-61.216352754302406 -8.248850754202715)
2024,CORTE SELETIVO,C51L41,POINT (-61.22121457434197 -8.248752200038485)
2024,CORTE SELETIVO,C51L41,POINT (-61.21564839544738 -8.248733176825363)
2024,CORTE SELETIVO,C51L41,POINT (-61.21531559461103 -8.248746895810179)
2024,CORTE SELETIVO,C51L41,POINT (-61.22115350922379 -8.24847315866879)
2024,CORTE SELETIVO,C51L41,POINT (-61.21164683082183 -8.248350060432005)
2024,CORTE SELETIVO,C51L41,POINT (-61.212553374691495 -8.248251997284111)
2024,CORTE SELETIVO,C51L41,POINT (-61.21595454504191 -8.24704969759518)
2024,CORTE SELETIVO,C51L41,POINT (-61.215746487144536 -8.246948571569353)
2024,CORTE SELETIVO,C51L41,POINT (-61.21604764966608 -8.246917241466857)
2024,CORTE SELETIVO,C51L41,POINT (-61.21685244624905 -8.24634843864304)
2024,CORTE SELETIVO,C51L41,POINT (-61.20545098077577 -8.24935291608702)
2024,CORTE SELETIVO,C51L41,POINT (-61.20634684250652 -8.248649990572783)
2024,CORTE SELETIVO,C51L41,POINT (-61.206265698387135 -8.248253638712072)
2024,CORTE SELETIVO,C51L41,POINT (-61.206045579316886 -8.248328956100842)
2024,CORTE SELETIVO,C51L41,POINT (-61.20845163818687 -8.247936508259972)
2024,CORTE SELETIVO,C51L41,POINT (-61.210246107553935 -8.247049011498214)
2024,CORTE SELETIVO,C51L41,POINT (-61.21094669216705 -8.24695135280732)
2024,CORTE SELETIVO,C51L41,POINT (-61.210748518115224 -8.246952525859006)
2024,CORTE SELETIVO,C51L41,POINT (-61.21048932411489 -8.246952078078348)
2024,CORTE SELETIVO,C51L41,POINT (-61.20872193133614 -8.246552299305808)
2024,CORTE SELETIVO,C51L41,POINT (-61.20764761641056 -8.246322646318015)
2024,CORTE SELETIVO,C51L41,POINT (-61.20743561003646 -8.246347647642226)
2024,CORTE SELETIVO,C51L41,POINT (-61.207771027810416 -8.245939897134841)
2024,CORTE SELETIVO,C51L41,POINT (-61.208052825697266 -8.245849292204673)
2024,CORTE SELETIVO,C51L41,POINT (-61.209953795451106 -8.24444860088531)
2024,CORTE RASO,C51L41,POINT (-61.20784048457601 -8.212258806086608)
2024,CORTE RASO,C51L41,POINT (-61.206149658459125 -8.212249910704713)
2024,CORTE RASO,C51L41,POINT (-61.206348484359225 -8.212249419196496)
2024,CORTE RASO,C51L41,POINT (-61.20525411828243 -8.21214704592581)
2024,CORTE RASO,C51L41,POINT (-61.20809773558055 -8.212050461626307)
2024,CORTE RASO,C51L41,POINT (-61.20645079141932 -8.211990939820346)
2024,CORTE RASO,C51L41,POINT (-61.205650432588115 -8.211954264538551)
2024,CORTE RASO,C51L41,POINT (-61.206347279705106 -8.211848193208617)
2024,CORTE RASO,C51L41,POINT (-61.20825068314108 -8.211806387468025)
2024,CORTE RASO,C51L41,POINT (-61.208345643201234 -8.21164674168497)
2024,CORTE RASO,C51L41,POINT (-61.20784826356133 -8.211653648035174)
2024,CORTE RASO,C51L41,POINT (-61.208317918380565 -8.2113538279932)
2024,CORTE RASO,C51L41,POINT (-61.2076523537525 -8.211454628091806)
2024,CORTE RASO,C51L41,POINT (-61.206248476063756 -8.21145289292062)
2024,CORTE RASO,C51L41,POINT (-61.20654620461675 -8.211349290639237)
2024,CORTE RASO,C51L41,POINT (-61.20725078183385 -8.211351471146322)
2024,CORTE RASO,C51L41,POINT (-61.20694769538525 -8.211150879093475)
2024,CORTE RASO,C51L41,POINT (-61.208545815919464 -8.211053539252134)
2024,CORTE RASO,C51L41,POINT (-61.20784625926895 -8.210947441671712)
2024,CORTE RASO,C51L41,POINT (-61.206546334493446 -8.210648585857642)
2024,CORTE RASO,C51L41,POINT (-61.208250534879085 -8.210492582410449)
2024,CORTE RASO,C51L41,POINT (-61.20634745221135 -8.210448586947606)
2024,CORTE RASO,C51L41,POINT (-61.20834966347939 -8.21035333266573)
2024,CORTE RASO,C51L41,POINT (-61.2067463300789 -8.210351455044885)
2024,CORTE RASO,C51L41,POINT (-61.208551887236816 -8.210348284448516)
2024,CORTE RASO,C51L41,POINT (-61.20635363144641 -8.210146042097138)
2024,CORTE RASO,C51L41,POINT (-61.208449977160384 -8.210145561612581)
2024,CORTE RASO,C51L41,POINT (-61.206452044588566 -8.209949329992194)
2024,CORTE RASO,C51L41,POINT (-61.20545333957028 -8.209946698176362)
2024,CORTE RASO,C51L41,POINT (-61.20724740787406 -8.209782831896097)
2024,CORTE RASO,C51L41,POINT (-61.20725358764077 -8.209347171282072)
2024,CORTE RASO,C51L41,POINT (-61.20840076548508 -8.209445926313533)
2024,CORTE RASO,C51L41,POINT (-61.20704614737849 -8.209155945247256)
2024,CORTE RASO,C51L41,POINT (-61.20628433081757 -8.209046083809076)
2024,CORTE RASO,C51L41,POINT (-61.2082482439818 -8.20910676010834)
2024,CORTE RASO,C51L41,POINT (-61.2060514123951 -8.209048271068735)
2024,CORTE RASO,C51L41,POINT (-61.20664653688197 -8.20894719880742)
2024,CORTE RASO,C51L41,POINT (-61.20594807020456 -8.208950874481593)
2024,CORTE RASO,C51L41,POINT (-61.20678600878502 -8.208846327918089)
2024,CORTE RASO,C51L41,POINT (-61.20804616328456 -8.20875182524544)
2024,CORTE RASO,C51L41,POINT (-61.20555172306513 -8.208647436583187)
2024,CORTE RASO,C51L41,POINT (-61.20568358917829 -8.208550943381246)
2024,CORTE RASO,C51L41,POINT (-61.20654612895054 -8.208449837072104)
2024,CORTE RASO,C51L41,POINT (-61.20535075052996 -8.20845465230264)
2024,CORTE RASO,C51L41,POINT (-61.20504733555703 -8.208452605792393)
2024,CORTE RASO,C51L41,POINT (-61.208446473910605 -8.20831628969258)
2024,CORTE RASO,C51L41,POINT (-61.208345790480216 -8.208153863239007)
2024,CORTE RASO,C51L41,POINT (-61.2085103069193 -8.208054621581802)
2024,CORTE RASO,C51L41,POINT (-61.2059474631444 -8.20808729920992)
2024,CORTE RASO,C51L41,POINT (-61.20514552889549 -8.208053157747134)
2024,CORTE RASO,C51L41,POINT (-61.20634767962477 -8.207848773562771)
2024,CORTE RASO,C51L41,POINT (-61.208448706411616 -8.207751966247253)
2024,CORTE RASO,C51L41,POINT (-61.20594594219525 -8.207748566258395)
2024,CORTE RASO,C51L41,POINT (-61.20785651773253 -8.207751723099811)
2024,CORTE RASO,C51L41,POINT (-61.20744576396552 -8.207645528167845)
2024,CORTE RASO,C51L41,POINT (-61.208349700741294 -8.20762549516851)
2024,CORTE RASO,C51L41,POINT (-61.20614612332966 -8.207547560343823)
2024,CORTE RASO,C51L41,POINT (-61.20745242880464 -8.207446301227248)
2024,CORTE RASO,C51L41,POINT (-61.20785057689348 -8.207452236004412)
2024,CORTE RASO,C51L41,POINT (-61.205249143559506 -8.207354400939042)
2024,CORTE RASO,C51L41,POINT (-61.20575333897493 -8.20735334723196)
2024,CORTE RASO,C51L41,POINT (-61.20725440852933 -8.207279310542924)
2024,CORTE RASO,C51L41,POINT (-61.208170280188945 -8.207246506294176)
2024,CORTE RASO,C51L41,POINT (-61.20763592330133 -8.207250945334982)
2024,CORTE RASO,C51L41,POINT (-61.2061530757675 -8.207200634434672)
2024,CORTE RASO,C51L41,POINT (-61.205249993948364 -8.207147687558278)
2024,CORTE RASO,C51L41,POINT (-61.20545208148899 -8.20714537571057)
2024,CORTE RASO,C51L41,POINT (-61.205048831688835 -8.207064075280307)
2024,CORTE RASO,C51L41,POINT (-61.207430046747845 -8.207046300966104)
2024,CORTE RASO,C51L41,POINT (-61.20794818599998 -8.206716640739874)
2024,CORTE RASO,C51L41,POINT (-61.20836016020382 -8.206575451325083)
2024,CORTE RASO,C51L41,POINT (-61.20864605965299 -8.206651902420534)
2024,CORTE SELETIVO,C51L41,POINT (-61.19825112783205 -8.241554575605615)
2024,CORTE SELETIVO,C51L41,POINT (-61.198353661426026 -8.241353836119009)
2024,CORTE SELETIVO,C51L41,POINT (-61.19844687868276 -8.241246698137779)
2024,CORTE SELETIVO,C51L41,POINT (-61.198197616219076 -8.241202426750197)
2024,CORTE SELETIVO,C51L41,POINT (-61.197947936462235 -8.241153561883543)
2024,CORTE SELETIVO,C51L41,POINT (-61.19730896352095 -8.234730217889306)
2024,CORTE SELETIVO,C51L41,POINT (-61.197499864583165 -8.23424705544968)
2024,CORTE SELETIVO,C51L41,POINT (-61.19755265829019 -8.233449188513093)
2024,CORTE SELETIVO,C51L41,POINT (-61.19769230727165 -8.233348616451618)
2024,CORTE SELETIVO,C51L41,POINT (-61.197452390309465 -8.233251163641363)
2024,CORTE SELETIVO,C51L41,POINT (-61.197479430465954 -8.233052818492233)
2024,CORTE SELETIVO,C51L41,POINT (-61.19755863202202 -8.232795200743444)
2024,CORTE SELETIVO,C51L41,POINT (-61.204248683534416 -8.228649314166391)
2024,CORTE RASO,C51L41,POINT (-61.204349892181064 -8.212253211208699)
2024,CORTE RASO,C51L41,POINT (-61.20415121192624 -8.212151840469055)
2024,CORTE RASO,C51L41,POINT (-61.20505346589399 -8.211711339803708)
2024,CORTE RASO,C51L41,POINT (-61.204446488186065 -8.211648866802909)
2024,CORTE RASO,C51L41,POINT (-61.20424348467242 -8.211446450741246)
2024,CORTE RASO,C51L41,POINT (-61.20354832084407 -8.211250163215057)
2024,CORTE RASO,C51L41,POINT (-61.20454867891913 -8.211198602592917)
2024,CORTE RASO,C51L41,POINT (-61.20460834981009 -8.210953508413139)
2024,CORTE RASO,C51L41,POINT (-61.2041545634699 -8.210849826233778)
2024,CORTE RASO,C51L41,POINT (-61.204847420508095 -8.210750866254415)
2024,CORTE RASO,C51L41,POINT (-61.203854196550246 -8.210650023984064)
2024,CORTE RASO,C51L41,POINT (-61.20474932965771 -8.210651686700237)
2024,CORTE RASO,C51L41,POINT (-61.204646276946264 -8.210549694748266)
2024,CORTE RASO,C51L41,POINT (-61.203745581091255 -8.210452171088496)
2024,CORTE RASO,C51L41,POINT (-61.20355315022173 -8.21045193297273)
2024,CORTE RASO,C51L41,POINT (-61.20359703858372 -8.210252234196574)
2024,CORTE RASO,C51L41,POINT (-61.203750647138065 -8.210150208457197)
2024,CORTE RASO,C51L41,POINT (-61.20454581087143 -8.210053741370443)
2024,CORTE RASO,C51L41,POINT (-61.203652960185536 -8.209945721704436)
2024,CORTE RASO,C51L41,POINT (-61.20466480439521 -8.209952806522537)
2024,CORTE RASO,C51L41,POINT (-61.204147815081505 -8.209745680759033)
2024,CORTE RASO,C51L41,POINT (-61.2042535366304 -8.209045295063586)
2024,CORTE RASO,C51L41,POINT (-61.20504747359891 -8.208954682271772)
2024,CORTE RASO,C51L41,POINT (-61.20445421193025 -8.208849969903353)
2024,CORTE RASO,C51L41,POINT (-61.20504667617451 -8.208749985970982)
2024,CORTE RASO,C51L41,POINT (-61.203852896604204 -8.208646987227246)
2024,CORTE RASO,C51L41,POINT (-61.203654508536005 -8.208546250469238)
2024,CORTE RASO,C51L41,POINT (-61.20475177945639 -8.208553312709345)
2024,CORTE RASO,C51L41,POINT (-61.20444649024754 -8.208551127997989)
2024,CORTE RASO,C51L41,POINT (-61.20384941975705 -8.208349288141074)
2024,CORTE RASO,C51L41,POINT (-61.204447109070735 -8.208250507642893)
2024,CORTE RASO,C51L41,POINT (-61.204050571627896 -8.208146947938603)
2024,CORTE RASO,C51L41,POINT (-61.204947315405626 -8.20815064384615)
2024,CORTE RASO,C51L41,POINT (-61.2047067858236 -8.208073172941138)
2024,CORTE RASO,C51L41,POINT (-61.20425398193353 -8.207945907257507)
2024,CORTE RASO,C51L41,POINT (-61.20445197091592 -8.207447382320279)
2024,CORTE RASO,C51L41,POINT (-61.204149254439685 -8.207050880143964)
2024,CORTE RASO,C51L41,POINT (-61.20475317484383 -8.207054304969546)
2024,CORTE RASO,C51L41,POINT (-61.20384839111009 -8.207049173576108)
2024,CORTE RASO,C51L41,POINT (-61.20144942735004 -8.185451756033865)
2024,CORTE RASO,C51L41,POINT (-61.20225311767366 -8.185247026195073)
2024,CORTE RASO,C51L41,POINT (-61.199651084745796 -8.185012873454358)
2024,CORTE RASO,C51L41,POINT (-61.2004535105195 -8.184851337477681)
2024,CORTE RASO,C51L41,POINT (-61.20054689448614 -8.18464551001945)
2024,CORTE RASO,C51L41,POINT (-61.20009157094923 -8.184548947802178)
2024,CORTE RASO,C51L41,POINT (-61.20105120189985 -8.18434537664274)
2024,CORTE RASO,C51L41,POINT (-61.19935098698838 -8.184245461380542)
2024,CORTE RASO,C51L41,POINT (-61.19894669763774 -8.184153850609459)
2024,CORTE RASO,C51L41,POINT (-61.19940846216996 -8.183547845482499)
2024,CORTE RASO,C51L41,POINT (-61.19844567059764 -8.182354441110313)
2024,CORTE RASO,C51L41,POINT (-61.19915305590262 -8.181249180366564)
2024,CORTE RASO,C51L41,POINT (-61.19265327133751 -8.188451074609054)
2024,CORTE SELETIVO,C51L41,POINT (-61.19024639362875 -8.187853642467463)
2024,CORTE SELETIVO,C51L41,POINT (-61.189851825905976 -8.187848038012074)
2024,CORTE RASO,C51L41,POINT (-61.18955214523271 -8.187645726456159)
2024,CORTE RASO,C51L41,POINT (-61.189353216943594 -8.187649809184252)
2024,CORTE SELETIVO,C51L41,POINT (-61.1729519387853 -8.177848357557282)
2024,CORTE SELETIVO,C51L41,POINT (-61.159150148827045 -8.241751761044448)
2024,CORTE SELETIVO,C51L41,POINT (-61.167045903239035 -8.240149707360287)
2024,CORTE SELETIVO,C51L41,POINT (-61.155548573454766 -8.119851560146387)
2024,CORTE SELETIVO,C51L41,POINT (-61.15724962497702 -8.118345695436721)
2024,CORTE SELETIVO,C51L41,POINT (-61.157650894247176 -8.118223064169849)
2024,CORTE SELETIVO,C51L41,POINT (-61.157546266813604 -8.117849069510147)
2024,CORTE SELETIVO,C51L41,POINT (-61.15744634721719 -8.117753329266437)
2024,CORTE SELETIVO,C51L41,POINT (-61.15784858836714 -8.115947999737479)
2024,CORTE SELETIVO,C51L41,POINT (-61.158151857743505 -8.115553358242595)
2024,CORTE SELETIVO,C51L41,POINT (-61.15814996819341 -8.115253080058709)
2024,CORTE SELETIVO,C51L41,POINT (-61.15805331105694 -8.114555775166835)
2024,CORTE SELETIVO,C51L41,POINT (-61.1583524387852 -8.114449978639486)
2024,CORTE SELETIVO,C51L41,POINT (-61.15805265616915 -8.114351645169359)
2024,CORTE SELETIVO,C51L41,POINT (-61.15855050047705 -8.112953722753312)
2024,CORTE SELETIVO,C51L41,POINT (-61.15895377481071 -8.111185106558382)
2024,CORTE SELETIVO,C51L41,POINT (-61.159149066982714 -8.110146057422616)
2024,CORTE SELETIVO,C51L41,POINT (-61.159196589674316 -8.109749974404659)
2024,CORTE SELETIVO,C51L41,POINT (-61.15924817178179 -8.109548800585145)
2024,CORTE SELETIVO,C51L41,POINT (-61.159148668948546 -8.109050385231926)
2024,CORTE SELETIVO,C51L41,POINT (-61.15924910084718 -8.108951950229283)
2024,CORTE SELETIVO,C51L41,POINT (-61.140451948572995 -8.247546331037793)
2024,CORTE SELETIVO,C51L41,POINT (-61.09405305530673 -8.235253984080412)
2024,CORTE SELETIVO,C51L41,POINT (-61.121452749815454 -8.220848763851823)
2024,CORTE SELETIVO,C51L41,POINT (-61.15885070798663 -8.112446272992335)
2024,CORTE SELETIVO,C51L41,POINT (-61.22115385488141 -8.24865261926026)
2024,CORTE SELETIVO,C51L41,POINT (-61.212450744425745 -8.248551945472107)
2024,CORTE RASO,C51L41,POINT (-61.20804547497846 -8.207846462836534)
2024,CORTE SELETIVO,C51L41,POINT (-61.1576479688311 -8.117551117944974)
2024,CORTE SELETIVO,C51L41,POINT (-61.15825173083703 -8.114448067448057)
2024,CORTE SELETIVO,C51L41,POINT (-61.1583469316679 -8.114148464207915)
2024,CORTE SELETIVO,C51L41,POINT (-61.15885359315351 -8.11137736217859)
2024,CORTE RASO,C51L41,POINT (-61.207445988631605 -8.207847082223317)
2024,CORTE SELETIVO,C51L41,POINT (-61.15851194392024 -8.111380838835128)
2024,CORTE SELETIVO,C51L41,POINT (-61.15885211102534 -8.11114693750231)
2024,CORTE RASO,C51L41,POINT (-61.20984652566955 -8.131354430486832)
2024,CORTE RASO,C51L41,POINT (-61.20535319968029 -8.21014907885253)
2024,CORTE RASO,C51L41,POINT (-61.20584913731693 -8.208553679601719)
2024,CORTE RASO,C51L41,POINT (-61.20595037398287 -8.207847406660077)
2024,CORTE RASO,C51L41,POINT (-61.205846308948786 -8.207747183316924)
2024,CORTE RASO,C51L41,POINT (-61.20385283905115 -8.211150949947104)
2024,CORTE RASO,C51L41,POINT (-61.20734936983104 -8.209847129613888)
2024,CORTE RASO,C51L41,POINT (-61.20005484946233 -8.184418092571331)
2024,CORTE SELETIVO,C51L41,POINT (-61.15904726267787 -8.109253284459768)
2024,CORTE SELETIVO,C51L41,POINT (-61.159353912807056 -8.10806232630324)
2024,CORTE SELETIVO,C51L41,POINT (-61.15745210521767 -8.114150198487808)
2024,CORTE SELETIVO,C51L41,POINT (-61.15744916604244 -8.113905162177986)
2024,CORTE SELETIVO,C51L41,POINT (-61.157545157840254 -8.113654146975064)
2024,CORTE RASO,C51L41,POINT (-61.205351367156204 -8.211646381267881)
2024,CORTE SELETIVO,C51L41,POINT (-61.15845336271121 -8.113251401628839)
2024,CORTE SELETIVO,C51L41,POINT (-61.157553348494325 -8.113977351070792)
2024,CORTE SELETIVO,C51L41,POINT (-61.15764624044158 -8.113678260797922)
2024,CORTE SELETIVO,C51L41,POINT (-61.15769832751176 -8.113451307434199)
2024,CORTE SELETIVO,C51L41,POINT (-61.1582509542755 -8.113023836522698)
2024,CORTE SELETIVO,C51L41,POINT (-61.15795186056239 -8.112145552545599)
2024,CORTE SELETIVO,C51L41,POINT (-61.216253960415074 -8.22875195821811)
2024,CORTE SELETIVO,C51L41,POINT (-61.17265590870176 -8.178288329598194)
2024,CORTE SELETIVO,C51L41,POINT (-61.172149993315685 -8.177754555159206)
2024,CORTE SELETIVO,C51L41,POINT (-61.17314901612441 -8.177345900215068)
2024,CORTE SELETIVO,C51L41,POINT (-61.15811621911586 -8.114146070824388)
2024,CORTE SELETIVO,C51L41,POINT (-61.15735185713589 -8.113652222055551)
2024,CORTE SELETIVO,C51L41,POINT (-61.157570315324975 -8.113537731062662)
2024,CORTE SELETIVO,C51L41,POINT (-61.20414638565047 -8.22824717297035)
2024,CORTE SELETIVO,C51L41,POINT (-61.10845327704124 -8.208145802937711)
2024,CORTE SELETIVO,C51L41,POINT (-61.157847310495505 -8.113952464962274)
2024,CORTE SELETIVO,C51L41,POINT (-61.14864711881354 -8.243048575253525)
2024,CORTE SELETIVO,C51L41,POINT (-61.20354544280436 -8.228445333562968)
2024,CORTE SELETIVO,C51L41,POINT (-61.157454134001526 -8.113750954448514)
2024,CORTE RASO,C51L41,POINT (-61.203646327118776 -8.208653800312057)
2024,CORTE SELETIVO,C51L41,POINT (-61.17295060144902 -8.178248003472891)
2024,CORTE SELETIVO,C51L41,POINT (-61.158351586790154 -8.11274973019123)
2024,CORTE SELETIVO,C51L41,POINT (-61.15795160174128 -8.112351137542664)
2024,CORTE RASO,C51L41,POINT (-61.2166433781574 -8.223752793992128)
2024,CORTE RASO,C51L41,POINT (-61.20785125577737 -8.21154583053856)
2024,CORTE RASO,C51L41,POINT (-61.20844689238784 -8.211153665506524)
2024,CORTE RASO,C51L41,POINT (-61.206647271050834 -8.209945996483095)
2024,CORTE RASO,C51L41,POINT (-61.20634836188096 -8.209397396151653)
2024,CORTE RASO,C51L41,POINT (-61.20825041142609 -8.207654036379543)
2024,CORTE RASO,C51L41,POINT (-61.20595292484218 -8.207649803557649)
2024,CORTE RASO,C51L41,POINT (-61.19834746852474 -8.182452787250782)
2024,CORTE RASO,C51L41,POINT (-61.1993502314961 -8.181250685450317)
2024,CORTE RASO,C51L41,POINT (-61.19925161270328 -8.180945391652111)
2024,CORTE RASO,C51L41,POINT (-61.19335628147896 -8.188631803799836)
2024,CORTE RASO,C51L41,POINT (-61.19274852281964 -8.188552616157915)
2024,CORTE RASO,C51L41,POINT (-61.192046409365844 -8.188252921698332)
2024,CORTE SELETIVO,C51L41,POINT (-61.189750145589194 -8.1878463951993)
2024,CORTE SELETIVO,C51L41,POINT (-61.17215342110273 -8.177848799230704)
2024,CORTE SELETIVO,C51L41,POINT (-61.1723488071947 -8.17775408971551)
2024,CORTE SELETIVO,C51L41,POINT (-61.15694729784279 -8.120346373131305)
2024,CORTE SELETIVO,C51L41,POINT (-61.15794718087966 -8.114250896596488)
2024,CORTE SELETIVO,C51L41,POINT (-61.15736541108528 -8.114069733899226)
2024,CORTE SELETIVO,C51L41,POINT (-61.15769791051836 -8.114094309301413)
2024,CORTE SELETIVO,C51L41,POINT (-61.15805232580847 -8.11365048236428)
2024,CORTE SELETIVO,C51L41,POINT (-61.1575459234268 -8.1133465601652)
2024,CORTE SELETIVO,C51L41,POINT (-61.15825285526758 -8.11324966868189)
2024,CORTE SELETIVO,C51L41,POINT (-61.158123810874514 -8.112957112312111)
2024,CORTE SELETIVO,C51L41,POINT (-61.15799031050178 -8.112551885528358)
2024,CORTE SELETIVO,C51L41,POINT (-61.15887775926579 -8.109254521963448)
2024,CORTE RASO,C51L41,POINT (-61.205647167668765 -8.185145510490957)
2024,CORTE SELETIVO,C51L41,POINT (-61.15765228860543 -8.113954283632134)
2024,CORTE SELETIVO,C51L41,POINT (-61.15785112372695 -8.113805591284022)
2024,CORTE SELETIVO,C51L41,POINT (-61.15785093295958 -8.113550502617384)
2024,CORTE SELETIVO,C51L41,POINT (-61.157652131211 -8.11335393322241)
2024,CORTE SELETIVO,C51L41,POINT (-61.15825197020173 -8.113148192452325)
2024,CORTE SELETIVO,C51L41,POINT (-61.158119482351616 -8.112847906483264)
2024,CORTE SELETIVO,C51L41,POINT (-61.15905248981423 -8.10935384215903)
2024,CORTE SELETIVO,C51L41,POINT (-61.15895057775129 -8.109150184860553)
2024,CORTE RASO,C51L41,POINT (-61.224152783108735 -8.223645941868924)
2024,CORTE RASO,C51L41,POINT (-61.18944675511899 -8.187647121818836)
2024,CORTE RASO,C51L41,POINT (-61.19853758472387 -8.182254621924226)
2024,CORTE SELETIVO,C51L41,POINT (-61.17274980400195 -8.178349257920894)
2024,CORTE SELETIVO,C51L41,POINT (-61.1581537219537 -8.112452578240442)
2024,CORTE RASO,C51L41,POINT (-61.206247769556 -8.208948141252444)
2024,CORTE RASO,C51L41,POINT (-61.204746314658365 -8.185349472491916)
2024,CORTE SELETIVO,C51L41,POINT (-61.22114560526 -8.248954435737625)
2024,CORTE SELETIVO,C51L41,POINT (-61.20424774863335 -8.228471228123217)
2024,CORTE RASO,C51L41,POINT (-61.215949088792264 -8.224054457532931)
2024,CORTE RASO,C51L41,POINT (-61.21765374750264 -8.224048983448343)
2024,CORTE RASO,C51L41,POINT (-61.224254065710106 -8.223850885136793)
2024,CORTE RASO,C51L41,POINT (-61.21610637077866 -8.22367978799869)
2024,CORTE RASO,C51L41,POINT (-61.21505186058027 -8.223749483486566)
2024,CORTE RASO,C51L41,POINT (-61.21551517916725 -8.223753901588406)
2024,CORTE RASO,C51L41,POINT (-61.224046278982435 -8.223646417045513)
2024,CORTE RASO,C51L41,POINT (-61.216568599482194 -8.223651079816923)
2024,CORTE RASO,C51L41,POINT (-61.215849420557056 -8.22364583791782)
2024,CORTE RASO,C51L41,POINT (-61.216359064805204 -8.223548796288421)
2024,CORTE RASO,C51L41,POINT (-61.22423297379613 -8.223547437394027)
2024,CORTE RASO,C51L41,POINT (-61.205250370024196 -8.212253530772834)
2024,CORTE RASO,C51L41,POINT (-61.20535460026982 -8.212147503796048)
2024,CORTE RASO,C51L41,POINT (-61.20815004732544 -8.211845361267116)
2024,CORTE RASO,C51L41,POINT (-61.208372128647966 -8.211765020956403)
2024,CORTE RASO,C51L41,POINT (-61.20795002606473 -8.21175432621992)
2024,CORTE RASO,C51L41,POINT (-61.20854784055634 -8.211447383503126)
2024,CORTE RASO,C51L41,POINT (-61.20524807078168 -8.211352487036104)
2024,CORTE RASO,C51L41,POINT (-61.203653744480526 -8.211246573550067)
2024,CORTE RASO,C51L41,POINT (-61.20825384136616 -8.21118133317175)
2024,CORTE RASO,C51L41,POINT (-61.20795394636376 -8.210846100264144)
2024,CORTE RASO,C51L41,POINT (-61.20360726900214 -8.210345385845553)
2024,CORTE RASO,C51L41,POINT (-61.205145463365376 -8.210253097978716)
2024,CORTE RASO,C51L41,POINT (-61.206902974120844 -8.209628114052613)
2024,CORTE RASO,C51L41,POINT (-61.206949343082854 -8.209350734558369)
2024,CORTE RASO,C51L41,POINT (-61.206217358171564 -8.209150196921819)
2024,CORTE RASO,C51L41,POINT (-61.204854050038804 -8.208850317850809)
2024,CORTE RASO,C51L41,POINT (-61.20504614607471 -8.208648642473422)
2024,CORTE RASO,C51L41,POINT (-61.20394953325533 -8.2083498269567)
2024,CORTE RASO,C51L41,POINT (-61.20414709073294 -8.20814554168794)
2024,CORTE RASO,C51L41,POINT (-61.203747681460676 -8.208079901947096)
2024,CORTE RASO,C51L41,POINT (-61.20574725125163 -8.208051090387157)
2024,CORTE RASO,C51L41,POINT (-61.20034643859412 -8.184617307542188)
2024,CORTE RASO,C51L41,POINT (-61.20094928391958 -8.184347111032094)
2024,CORTE RASO,C51L41,POINT (-61.19825004644531 -8.182445376195611)
2024,CORTE RASO,C51L41,POINT (-61.19835406525031 -8.182354529371606)
2024,CORTE RASO,C51L41,POINT (-61.19355234272121 -8.18874294403825)
2024,CORTE RASO,C51L41,POINT (-61.19294881839853 -8.188549634205737)
2024,CORTE RASO,C51L41,POINT (-61.19236478054645 -8.188434003001142)
2024,CORTE SELETIVO,C51L41,POINT (-61.19012568366264 -8.188045233567854)
2024,CORTE SELETIVO,C51L41,POINT (-61.189651795222325 -8.187772868318422)
2024,CORTE SELETIVO,C51L41,POINT (-61.18935281686101 -8.18780993507534)
2024,CORTE SELETIVO,C51L41,POINT (-61.175351586941176 -8.179645992070851)
2024,CORTE SELETIVO,C51L41,POINT (-61.172850768301174 -8.178257358471447)
2024,CORTE SELETIVO,C51L41,POINT (-61.159452769205735 -8.10795292273487)
2024,CORTE SELETIVO,C51L41,POINT (-61.159849203875645 -8.249752356388054)
2024,CORTE SELETIVO,C51L41,POINT (-61.173050411791515 -8.178045715347992)
2024,CORTE SELETIVO,C51L41,POINT (-61.20375087679234 -8.228453688944123)
2024,CORTE RASO,C51L41,POINT (-61.208354116921555 -8.211453626316043)
2024,CORTE RASO,C51L41,POINT (-61.206846687112055 -8.208251863071766)
2024,CORTE RASO,C51L41,POINT (-61.20985291970307 -8.131146304006217)
2024,CORTE RASO,C51L41,POINT (-61.20535135115785 -8.211345733637861)
2024,CORTE RASO,C51L41,POINT (-61.198348804164404 -8.182549114176899)
2024,CORTE RASO,C51L41,POINT (-61.20914780643435 -8.181946048133826)
2024,CORTE SELETIVO,C51L41,POINT (-61.17305341359448 -8.178147213753409)
2024,CORTE SELETIVO,C51L41,POINT (-61.17315306373709 -8.178047609630461)
2024,CORTE SELETIVO,C51L41,POINT (-61.172315714407176 -8.177854759843905)
2024,CORTE SELETIVO,C51L41,POINT (-61.172454346030506 -8.177751297398581)
2024,CORTE RASO,C51L41,POINT (-61.209648518764695 -8.130850090595853)
2024,CORTE RASO,C51L41,POINT (-61.21595230861115 -8.224153330690292)
2024,CORTE SELETIVO,C51L41,POINT (-61.17295067762781 -8.178348555109906)
2024,CORTE SELETIVO,C51L41,POINT (-61.1579513769377 -8.114152579170431)
2024,CORTE RASO,C51L41,POINT (-61.2074504896385 -8.210650711147112)
2024,CORTE SELETIVO,C51L41,POINT (-61.17315148841732 -8.177649851143592)
2024,CORTE SELETIVO,C51L41,POINT (-61.15705008171648 -8.11827661361726)
2024,CORTE SELETIVO,C51L41,POINT (-61.16205024255275 -8.115754240579612)
2024,CORTE SELETIVO,C51L41,POINT (-61.159153707478765 -8.112251385787543)
2024,CORTE SELETIVO,C51L41,POINT (-61.15795009025092 -8.11225123564251)
2024,CORTE SELETIVO,C51L41,POINT (-61.15174872017824 -8.099948614666902)
2024,CORTE SELETIVO,C51L41,POINT (-61.15184578599279 -8.099752061991333)
2024,CORTE SELETIVO,C51L41,POINT (-61.20455345521943 -8.228449609596412)
2024,CORTE SELETIVO,C51L41,POINT (-61.173146974489114 -8.17814946938057)
2024,CORTE SELETIVO,C51L41,POINT (-61.17314858833406 -8.177547846974294)
2024,CORTE SELETIVO,C51L41,POINT (-61.147446555760524 -8.099547449963094)
2024,CORTE RASO,C51L41,POINT (-61.209753113105755 -8.130953620245013)
2024,CORTE RASO,C51L41,POINT (-61.224349495285956 -8.223551717734457)
2024,CORTE SELETIVO,C51L41,POINT (-61.157949666542926 -8.115151638975904)
2024,CORTE SELETIVO,C51L41,POINT (-61.15715412323715 -8.11825397692864)
2024,CORTE SELETIVO,C51L41,POINT (-61.157548105090044 -8.117652916003875)
2024,CORTE RASO,C51L41,POINT (-61.21564969291362 -8.223953691193634)
2024,CORTE SELETIVO,C51L41,POINT (-61.157446255714916 -8.1186483909148)
2024,CORTE SELETIVO,C51L41,POINT (-61.12135235845153 -8.220746922997145)
2024,CORTE RASO,C51L41,POINT (-61.1984513452643 -8.182451914545513)
2024,CORTE SELETIVO,C51L41,POINT (-61.12115348000639 -8.220663583040682)
2024,CORTE SELETIVO,C51L41,POINT (-61.121352130461 -8.220651791491257)
2024,CORTE SELETIVO,C51L41,POINT (-61.15855448067974 -8.111645731946641)
2024,CORTE RASO,C51L41,POINT (-61.20845304257331 -8.208653835242327)
2024,CORTE SELETIVO,C51L41,POINT (-61.121050593725265 -8.220646727067376)
2024,CORTE SELETIVO,C51L41,POINT (-61.12125069132162 -8.22067713124245)
2024,CORTE RASO,C51L41,POINT (-61.19294649262506 -8.112348588116195)
2024,CORTE RASO,C51L41,POINT (-61.191046905228 -8.111646088489373)
2024,CORTE SELETIVO,C51L41,POINT (-61.157151124642255 -8.118645949893855)
2024,CORTE SELETIVO,C51L41,POINT (-61.15845142431793 -8.111711313636532)
2024,CORTE SELETIVO,C51L41,POINT (-61.15815389938608 -8.11404551434474)
2024,CORTE RASO,C51L41,POINT (-61.19315367914264 -8.112453150070614)
2024,CORTE SELETIVO,C51L41,POINT (-61.156951392307974 -8.118345310804859)
2024,CORTE SELETIVO,C51L41,POINT (-61.19737219318149 -8.234358342560038)
2024,CORTE SELETIVO,C51L41,POINT (-61.19735254592668 -8.234051602364174)
2024,CORTE SELETIVO,C51L41,POINT (-61.19755336083491 -8.234053200376357)
2024,CORTE SELETIVO,C51L41,POINT (-61.19724607510803 -8.233848160234043)
2024,CORTE SELETIVO,C51L41,POINT (-61.19754959684828 -8.233564239012187)
2024,CORTE SELETIVO,C51L41,POINT (-61.19705009526891 -8.239547748752077)
2024,CORTE SELETIVO,C51L41,POINT (-61.197222506431316 -8.239445052529184)
2024,CORTE SELETIVO,C51L41,POINT (-61.197248064048644 -8.23524930773082)
2024,CORTE SELETIVO,C51L41,POINT (-61.19734710227214 -8.235005088477717)
2024,CORTE SELETIVO,C51L41,POINT (-61.19734736845603 -8.234547598502331)
2024,CORTE SELETIVO,C51L41,POINT (-61.19749621010826 -8.23445064410283)
2024,CORTE SELETIVO,C51L41,POINT (-61.19735172674452 -8.23385232890659)
2024,CORTE SELETIVO,C51L41,POINT (-61.19744967319836 -8.233647698535723)
2024,CORTE SELETIVO,C51L41,POINT (-61.19725221933773 -8.239549133997343)
2024,CORTE SELETIVO,C51L41,POINT (-61.197345728077266 -8.23941030974199)
2024,CORTE SELETIVO,C51L41,POINT (-61.19714775621001 -8.239347954782897)
2024,CORTE SELETIVO,C51L41,POINT (-61.19735117108701 -8.238424271848201)
2024,CORTE SELETIVO,C51L41,POINT (-61.197548155249585 -8.23505392460731)
2024,CORTE SELETIVO,C51L41,POINT (-61.1975347581005 -8.234845626214813)
2024,CORTE SELETIVO,C51L41,POINT (-61.197550392044064 -8.2346538794095)
2024,CORTE SELETIVO,C51L41,POINT (-61.19745134338286 -8.23408510616609)
2024,CORTE SELETIVO,C51L41,POINT (-61.19770756419695 -8.233564446384538)
2024,CORTE SELETIVO,C51L41,POINT (-61.197748315994964 -8.233251010079169)
2024,CORTE SELETIVO,C51L41,POINT (-61.15835296174593 -8.114054491904144)
2024,CORTE SELETIVO,C51L41,POINT (-61.15725454045518 -8.118246281834113)
2024,CORTE RASO,C51L41,POINT (-61.209846415797706 -8.179750159536395)
2024,CORTE SELETIVO,C51L41,POINT (-61.19724640735274 -8.240053368396506)
2024,CORTE SELETIVO,C51L41,POINT (-61.197353436576385 -8.23955195950428)
2024,CORTE SELETIVO,C51L41,POINT (-61.197047520159856 -8.239451643929016)
2024,CORTE SELETIVO,C51L41,POINT (-61.197147852545314 -8.239052559398273)
2024,CORTE SELETIVO,C51L41,POINT (-61.1972529529089 -8.23855339652413)
2024,CORTE SELETIVO,C51L41,POINT (-61.19734580774876 -8.236048170747942)
2024,CORTE SELETIVO,C51L41,POINT (-61.19734859670652 -8.235492559996848)
2024,CORTE SELETIVO,C51L41,POINT (-61.197251710824865 -8.235347549725532)
2024,CORTE SELETIVO,C51L41,POINT (-61.19734775814745 -8.23525391461056)
2024,CORTE SELETIVO,C51L41,POINT (-61.19734542000891 -8.233748367977123)
2024,CORTE RASO,C51L41,POINT (-61.1929576599251 -8.112447338157153)
2024,CORTE SELETIVO,C51L41,POINT (-61.176148771058585 -8.179952865971014)
2024,CORTE SELETIVO,C51L41,POINT (-61.196655150496355 -8.240286122806342)
2024,CORTE SELETIVO,C51L41,POINT (-61.19655216198013 -8.240051913671383)
2024,CORTE SELETIVO,C51L41,POINT (-61.19644639880705 -8.239949164561164)
2024,CORTE SELETIVO,C51L41,POINT (-61.19769982916441 -8.234389114469359)
2024,CORTE SELETIVO,C51L41,POINT (-61.17305408475844 -8.178253322678444)
2024,CORTE SELETIVO,C51L41,POINT (-61.15764699654379 -8.118451893708526)
2024,CORTE SELETIVO,C51L41,POINT (-61.15805273506576 -8.114047601507242)
2024,CORTE RASO,C51L41,POINT (-61.20684950106053 -8.20924760935203)
2024,CORTE SELETIVO,C51L41,POINT (-61.19728373617025 -8.239953579896072)
2024,CORTE SELETIVO,C51L41,POINT (-61.197048615940076 -8.23934948913813)
2024,CORTE SELETIVO,C51L41,POINT (-61.197252496126325 -8.239248228535063)
2024,CORTE SELETIVO,C51L41,POINT (-61.197151635250755 -8.238950769574686)
2024,CORTE SELETIVO,C51L41,POINT (-61.19734587769654 -8.23854652511855)
2024,CORTE SELETIVO,C51L41,POINT (-61.197451268679295 -8.234547372467157)
2024,CORTE SELETIVO,C51L41,POINT (-61.197247434911176 -8.233951803557042)
2024,CORTE SELETIVO,C51L41,POINT (-61.1974508846525 -8.233545627763634)
2024,CORTE SELETIVO,C51L41,POINT (-61.157950307293284 -8.114049255257394)
2024,CORTE SELETIVO,C51L41,POINT (-61.197718475277036 -8.233151599595995)
2024,CORTE SELETIVO,C51L41,POINT (-61.159945467021736 -8.24974523090982)
2024,CORTE SELETIVO,C51L41,POINT (-61.196648981565204 -8.2400464417318)
2024,CORTE RASO,C51L41,POINT (-61.20694548329232 -8.20694775734558)
2024,CORTE RASO,C51L41,POINT (-61.206945925506986 -8.206713243980476)
2024,CORTE RASO,C51L41,POINT (-61.206849051511114 -8.206948160168766)
2024,CORTE SELETIVO,C51L41,POINT (-61.19724588758743 -8.24035127859867)
2024,CORTE SELETIVO,C51L41,POINT (-61.19734723098261 -8.239653670100967)
2024,CORTE SELETIVO,C51L41,POINT (-61.197448645653424 -8.23465002055709)
2024,CORTE SELETIVO,C51L41,POINT (-61.15854698381442 -8.111245398005387)
2024,CORTE SELETIVO,C51L41,POINT (-61.197545765416294 -8.237995701359418)
2024,CORTE SELETIVO,C51L41,POINT (-61.19755325945804 -8.23474559915059)
2024,CORTE RASO,C51L41,POINT (-61.209845910922766 -8.131254718138141)
2024,CORTE SELETIVO,C51L41,POINT (-61.19725379670018 -8.240148971216668)
2024,CORTE SELETIVO,C51L41,POINT (-61.1972497715919 -8.239851216477582)
2024,CORTE SELETIVO,C51L41,POINT (-61.19754646458974 -8.237639693395023)
2024,CORTE SELETIVO,C51L41,POINT (-61.15945200874576 -8.107853983957217)
2024,CORTE SELETIVO,C51L41,POINT (-61.15725206091777 -8.118150918170667)
2024,CORTE SELETIVO,C51L41,POINT (-61.20414830132939 -8.228348065467431)
2024,CORTE RASO,C51L41,POINT (-61.217679837309774 -8.224149196340145)
2024,CORTE RASO,C51L41,POINT (-61.2175503058646 -8.223950643331039)
2024,CORTE RASO,C51L41,POINT (-61.22045026995209 -8.22375454774731)
2024,CORTE RASO,C51L41,POINT (-61.22055372083356 -8.223652057239113)
2024,CORTE SELETIVO,C51L41,POINT (-61.196353487614914 -8.239850681555705)
2024,CORTE RASO,C51L41,POINT (-61.217423130528246 -8.224167562170603)
2024,CORTE RASO,C51L41,POINT (-61.217446875432266 -8.22404920960687)
2024,CORTE RASO,C51L41,POINT (-61.19325166037604 -8.112453395613741)
2024,CORTE SELETIVO,C51L41,POINT (-61.207145936398625 -8.228754573791136)
2024,CORTE SELETIVO,C51L41,POINT (-61.19725348183145 -8.235147425015539)
2024,CORTE SELETIVO,C51L41,POINT (-61.16465080494534 -8.110088671757202)
2024,CORTE SELETIVO,C51L41,POINT (-61.158603089146034 -8.111949505407798)
2024,CORTE RASO,C51L41,POINT (-61.217253225478785 -8.224248096192676)
2024,CORTE SELETIVO,C51L41,POINT (-61.19654751619668 -8.239951843365281)
2024,CORTE RASO,C51L41,POINT (-61.217253068885356 -8.224049411536523)
2024,CORTE SELETIVO,C51L41,POINT (-61.197098863510924 -8.239245380628027)
2024,CORTE SELETIVO,C51L41,POINT (-61.196451674588545 -8.2398498716157)
2024,CORTE SELETIVO,C51L41,POINT (-61.14865183876467 -8.24294995345093)
2024,CORTE RASO,C51L41,POINT (-61.19254956782155 -8.11245284050238)
2024,CORTE RASO,C51L41,POINT (-61.19105255476548 -8.111766780457698)
2024,CORTE RASO,C51L41,POINT (-61.217549591012755 -8.224136244764678)
2024,CORTE RASO,C51L41,POINT (-61.21715301421588 -8.224047546390597)
2024,CORTE RASO,C51L41,POINT (-61.217398611493586 -8.223950292098692)
2024,CORTE RASO,C51L41,POINT (-61.21764902431676 -8.223947243056788)
2024,CORTE RASO,C51L41,POINT (-61.22038515283945 -8.223851152495424)
2024,CORTE RASO,C51L41,POINT (-61.192834624366746 -8.112349761803696)
2024,CORTE RASO,C51L41,POINT (-61.217942383169756 -8.224149583194858)
2024,CORTE RASO,C51L41,POINT (-61.22182691743698 -8.22395352506077)
2024,CORTE RASO,C51L41,POINT (-61.218319524483626 -8.224027568299928)
2024,CORTE RASO,C51L41,POINT (-61.21958156783344 -8.223753458512514)
2024,CORTE RASO,C51L41,POINT (-61.21625208617976 -8.223907069355612)
2024,CORTE RASO,C51L41,POINT (-61.220248996510385 -8.223947038199412)
2024,CORTE RASO,C51L41,POINT (-61.21764291391428 -8.223846091591689)
2024,CORTE RASO,C51L41,POINT (-61.21575182262468 -8.223729408583985)
2024,CORTE RASO,C51L41,POINT (-61.222441876361884 -8.223853434933092)
2024,CORTE RASO,C51L41,POINT (-61.21675253607901 -8.223851800133048)
2024,CORTE RASO,C51L41,POINT (-61.22504980593275 -8.22382349442084)
2024,CORTE RASO,C51L41,POINT (-61.22025239791144 -8.223751207421397)
2024,CORTE RASO,C51L41,POINT (-61.22344141256455 -8.223875875102614)
2024,CORTE RASO,C51L41,POINT (-61.22445312306273 -8.223735435058519)
2024,CORTE RASO,C51L41,POINT (-61.216950996189226 -8.223647789251906)
2024,CORTE RASO,C51L41,POINT (-61.21544587080782 -8.223647387342591)
2024,CORTE RASO,C51L41,POINT (-61.22497667532788 -8.22354981518166)
2024,CORTE RASO,C51L41,POINT (-61.21585351265289 -8.223550816531521)
2024,CORTE RASO,C51L41,POINT (-61.19295034136408 -8.112648648268733)
2024,CORTE RASO,C51L41,POINT (-61.19275067640054 -8.112546431423697)
2024,CORTE SELETIVO,C51L41,POINT (-61.16444752400857 -8.110120536345907)
2024,CORTE RASO,C51L41,POINT (-61.19313690568415 -8.11261686162015)
2024,CORTE RASO,C51L41,POINT (-61.19284701931461 -8.11245394599935)
2024,CORTE RASO,C51L41,POINT (-61.19234784458159 -8.112320806633473)
2024,CORTE RASO,C51L41,POINT (-61.21714593263376 -8.224252156601777)
2024,CORTE RASO,C51L41,POINT (-61.220947110160814 -8.224087964061848)
2024,CORTE RASO,C51L41,POINT (-61.21935237325084 -8.224051998669186)
2024,CORTE RASO,C51L41,POINT (-61.223647962893565 -8.224045923832941)
2024,CORTE RASO,C51L41,POINT (-61.221951622009556 -8.22405464980349)
2024,CORTE RASO,C51L41,POINT (-61.216349841887826 -8.224050351630886)
2024,CORTE RASO,C51L41,POINT (-61.219742688669214 -8.224146679470136)
2024,CORTE RASO,C51L41,POINT (-61.22027919791452 -8.224262159206258)
2024,CORTE RASO,C51L41,POINT (-61.221254212729065 -8.223948521406776)
2024,CORTE RASO,C51L41,POINT (-61.21654583183177 -8.223953952755032)
2024,CORTE RASO,C51L41,POINT (-61.220650522763066 -8.223949166992254)
2024,CORTE RASO,C51L41,POINT (-61.22555448013318 -8.223921136834663)
2024,CORTE RASO,C51L41,POINT (-61.21903263296094 -8.223849294809401)
2024,CORTE RASO,C51L41,POINT (-61.222853746040684 -8.223940271078451)
2024,CORTE RASO,C51L41,POINT (-61.22379148126186 -8.223847870025043)
2024,CORTE RASO,C51L41,POINT (-61.222235596951926 -8.223849323569157)
2024,CORTE RASO,C51L41,POINT (-61.221498480019086 -8.223847754075058)
2024,CORTE RASO,C51L41,POINT (-61.21864924012936 -8.223853283908063)
2024,CORTE RASO,C51L41,POINT (-61.21811401690851 -8.223875506409534)
2024,CORTE RASO,C51L41,POINT (-61.22264875181361 -8.22374964874955)
2024,CORTE RASO,C51L41,POINT (-61.21765429673476 -8.223753464753031)
2024,CORTE RASO,C51L41,POINT (-61.22204840809182 -8.223745621301356)
2024,CORTE RASO,C51L41,POINT (-61.21884842938658 -8.223751823878198)
2024,CORTE RASO,C51L41,POINT (-61.21675360371732 -8.22365021333528)
2024,CORTE RASO,C51L41,POINT (-61.20673229582142 -8.207046684539447)
2024,CORTE SELETIVO,C51L41,POINT (-61.19704665760303 -8.240350971249743)
2024,CORTE SELETIVO,C51L41,POINT (-61.19734747070759 -8.240248356258514)
2024,CORTE SELETIVO,C51L41,POINT (-61.19724945490152 -8.239750007108194)
2024,CORTE SELETIVO,C51L41,POINT (-61.19705276840736 -8.239732745820886)
2024,CORTE SELETIVO,C51L41,POINT (-61.197154093715035 -8.239147442117035)
2024,CORTE RASO,C51L41,POINT (-61.192746378997114 -8.113052177425491)
2024,CORTE RASO,C51L41,POINT (-61.19265319004319 -8.112578045940449)
2024,CORTE RASO,C51L41,POINT (-61.19195227345183 -8.112223304976359)
2024,CORTE RASO,C51L41,POINT (-61.19124632783148 -8.1120519618431)
2024,CORTE SELETIVO,C51L41,POINT (-61.162051858517884 -8.115846069370123)
2024,CORTE SELETIVO,C51L41,POINT (-61.16454694353392 -8.110350374570325)
2024,CORTE SELETIVO,C51L41,POINT (-61.16432198771053 -8.110046651819477)
2024,CORTE SELETIVO,C51L41,POINT (-61.15715353596378 -8.11855122529721)
2024,CORTE SELETIVO,C51L41,POINT (-61.15745414201505 -8.118549775383718)
2024,CORTE SELETIVO,C51L41,POINT (-61.15694631025072 -8.118538728914489)
2024,CORTE SELETIVO,C51L41,POINT (-61.15794718183571 -8.114446829541308)
2024,CORTE SELETIVO,C51L41,POINT (-61.15825270157957 -8.113351624533218)
2024,CORTE SELETIVO,C51L41,POINT (-61.15845153327804 -8.111908313507097)
2024,CORTE SELETIVO,C51L41,POINT (-61.15825273035772 -8.111645246694518)
2024,CORTE SELETIVO,C51L41,POINT (-61.15834642883116 -8.1115477266826)
2024,CORTE SELETIVO,C51L41,POINT (-61.15944754775453 -8.108347131008957)
2024,CORTE RASO,C51L41,POINT (-61.20984876811257 -8.131449649721956)
2024,CORTE SELETIVO,C51L41,POINT (-61.19665257863477 -8.239946947641041)
2024,CORTE RASO,C51L41,POINT (-61.22205058047395 -8.224149615076184)
2024,CORTE RASO,C51L41,POINT (-61.21854890915363 -8.224087381948515)
2024,CORTE RASO,C51L41,POINT (-61.22134803381539 -8.224048037771855)
2024,CORTE RASO,C51L41,POINT (-61.217853313974544 -8.224053624814823)
2024,CORTE RASO,C51L41,POINT (-61.21637626394233 -8.223874769858137)
2024,CORTE RASO,C51L41,POINT (-61.21865329511259 -8.22394928543092)
2024,CORTE RASO,C51L41,POINT (-61.21885440942236 -8.223851398057395)
2024,CORTE RASO,C51L41,POINT (-61.222648455845786 -8.223853595659307)
2024,CORTE RASO,C51L41,POINT (-61.223651428992646 -8.223846076503486)
2024,CORTE RASO,C51L41,POINT (-61.224653851703074 -8.223849103659179)
2024,CORTE RASO,C51L41,POINT (-61.2191754918319 -8.22374717984367)
2024,CORTE RASO,C51L41,POINT (-61.21675346561649 -8.223748925343367)
2024,CORTE RASO,C51L41,POINT (-61.22375035842741 -8.223753341193898)
2024,CORTE RASO,C51L41,POINT (-61.222450415570414 -8.223747999694554)
2024,CORTE RASO,C51L41,POINT (-61.21874811221407 -8.223747268078716)
2024,CORTE RASO,C51L41,POINT (-61.21895395515756 -8.22374583944808)
2024,CORTE RASO,C51L41,POINT (-61.21785309062051 -8.223791978963414)
2024,CORTE RASO,C51L41,POINT (-61.218145818756184 -8.223719191237901)
2024,CORTE RASO,C51L41,POINT (-61.21704152438055 -8.223749850960973)
2024,CORTE RASO,C51L41,POINT (-61.223451687595364 -8.223650497983629)
2024,CORTE RASO,C51L41,POINT (-61.21845112729079 -8.223652328803771)
2024,CORTE RASO,C51L41,POINT (-61.221688743961806 -8.223645898932059)
2024,CORTE RASO,C51L41,POINT (-61.225045390243174 -8.223648277323683)
2024,CORTE RASO,C51L41,POINT (-61.2176457422185 -8.22364913002715)
2024,CORTE RASO,C51L41,POINT (-61.21684566837381 -8.22364555877827)
2024,CORTE RASO,C51L41,POINT (-61.223248566554716 -8.22361396455377)
2024,CORTE RASO,C51L41,POINT (-61.22003567698572 -8.223653950522207)
2024,CORTE RASO,C51L41,POINT (-61.22474998732835 -8.223568424737627)
2024,CORTE RASO,C51L41,POINT (-61.21964561693925 -8.223585791931567)
2024,CORTE RASO,C51L41,POINT (-61.221338426797125 -8.223571460009419)
2024,CORTE RASO,C51L41,POINT (-61.21563725276749 -8.223547088076334)
2024,CORTE RASO,C51L41,POINT (-61.21597109318792 -8.223552282934966)
2024,CORTE RASO,C51L41,POINT (-61.21662971744971 -8.223552668921279)
2024,CORTE RASO,C51L41,POINT (-61.2251464782594 -8.223549153861654)
2024,CORTE RASO,C51L41,POINT (-61.222852010888694 -8.223551603748001)
2024,CORTE RASO,C51L41,POINT (-61.20815147050634 -8.211051825648003)
2024,CORTE RASO,C51L41,POINT (-61.20524757440587 -8.207554519074243)
2024,CORTE RASO,C51L41,POINT (-61.20524827595069 -8.207249821000664)
2024,CORTE RASO,C51L41,POINT (-61.2053508430038 -8.20706577818566)
2024,CORTE RASO,C51L41,POINT (-61.20685440257133 -8.20662304042081)
2024,CORTE RASO,C51L41,POINT (-61.192350150459426 -8.113150464677107)
2024,CORTE RASO,C51L41,POINT (-61.192769976349545 -8.11288109893553)
2024,CORTE RASO,C51L41,POINT (-61.19254627859349 -8.112646562616423)
2024,CORTE RASO,C51L41,POINT (-61.19265213156474 -8.11235014316933)
2024,CORTE RASO,C51L41,POINT (-61.19134985310026 -8.112047676755797)
2024,CORTE SELETIVO,C51L41,POINT (-61.16224759906873 -8.115847896964766)
2024,CORTE SELETIVO,C51L41,POINT (-61.157551544671946 -8.118432706073454)
2024,CORTE SELETIVO,C51L41,POINT (-61.15715326893277 -8.118153065933118)
2024,CORTE SELETIVO,C51L41,POINT (-61.15755157356581 -8.118051965969725)
2024,CORTE SELETIVO,C51L41,POINT (-61.157751050515884 -8.113850562740183)
2024,CORTE RASO,C51L41,POINT (-61.204647302331544 -8.185346097559819)
2024,CORTE SELETIVO,C51L41,POINT (-61.204549209641776 -8.228552491908637)
2024,CORTE RASO,C51L41,POINT (-61.22124961985215 -8.224085987939082)
2024,CORTE RASO,C51L41,POINT (-61.218857984405574 -8.223948050614018)
2024,CORTE RASO,C51L41,POINT (-61.21785325706536 -8.223945930756509)
2024,CORTE RASO,C51L41,POINT (-61.22514671827016 -8.223748232130355)
2024,CORTE RASO,C51L41,POINT (-61.22364539250721 -8.223749187219813)
2024,CORTE RASO,C51L41,POINT (-61.21945104856088 -8.22375476696779)
2024,CORTE RASO,C51L41,POINT (-61.19218650525648 -8.112437445854571)
2024,CORTE SELETIVO,C51L41,POINT (-61.12694639261907 -8.22275023401812)
2024,CORTE RASO,C51L41,POINT (-61.22555125524599 -8.224145751964736)
2024,CORTE RASO,C51L41,POINT (-61.21985289011321 -8.224046622432418)
2024,CORTE RASO,C51L41,POINT (-61.222249952911916 -8.223947580197299)
2024,CORTE RASO,C51L41,POINT (-61.21494873328922 -8.223752083019031)
2024,CORTE RASO,C51L41,POINT (-61.21944918978655 -8.223651072075322)
2024,CORTE RASO,C51L41,POINT (-61.225146143706674 -8.22365469681488)
2024,CORTE RASO,C51L41,POINT (-61.225295926650034 -8.223552239051596)
2024,CORTE SELETIVO,C51L41,POINT (-61.19725075257711 -8.24084952761212)
2024,CORTE SELETIVO,C51L41,POINT (-61.197538341462106 -8.240852013665634)
2024,CORTE SELETIVO,C51L41,POINT (-61.197246856904584 -8.240648762899024)
2024,CORTE SELETIVO,C51L41,POINT (-61.19754790839482 -8.240650576196206)
2024,CORTE SELETIVO,C51L41,POINT (-61.197247468519635 -8.24025116404009)
2024,CORTE SELETIVO,C51L41,POINT (-61.19755364890349 -8.240227779625041)
2024,CORTE SELETIVO,C51L41,POINT (-61.19735284509238 -8.239852545059138)
2024,CORTE SELETIVO,C51L41,POINT (-61.197247837460885 -8.239654414636197)
2024,CORTE SELETIVO,C51L41,POINT (-61.19754674420554 -8.239650242334786)
2024,CORTE SELETIVO,C51L41,POINT (-61.19735367397515 -8.238651380918027)
2024,CORTE SELETIVO,C51L41,POINT (-61.19755384305967 -8.238153175248092)
2024,CORTE SELETIVO,C51L41,POINT (-61.19751197032102 -8.236745539956072)
2024,CORTE SELETIVO,C51L41,POINT (-61.197551894870834 -8.236449690872716)
2024,CORTE SELETIVO,C51L41,POINT (-61.19745339251149 -8.234748934759132)
2024,CORTE RASO,C51L41,POINT (-61.192893214903286 -8.113048612483702)
2024,CORTE RASO,C51L41,POINT (-61.192186402769394 -8.113454233166891)
2024,CORTE RASO,C51L41,POINT (-61.19185443370172 -8.113354574107463)
2024,CORTE RASO,C51L41,POINT (-61.19235101045537 -8.113251826632597)
2024,CORTE RASO,C51L41,POINT (-61.192423623222716 -8.113052768056473)
2024,CORTE RASO,C51L41,POINT (-61.19185244512422 -8.112949563505435)
2024,CORTE RASO,C51L41,POINT (-61.19265091674554 -8.112849018164846)
2024,CORTE RASO,C51L41,POINT (-61.191652819222824 -8.11215327319471)
2024,CORTE RASO,C51L41,POINT (-61.19185183723433 -8.11215431491478)
2024,CORTE SELETIVO,C51L41,POINT (-61.173151569114744 -8.177945300334285)
2024,CORTE SELETIVO,C51L41,POINT (-61.14594144580312 -8.097854513636586)
2024,CORTE SELETIVO,C51L41,POINT (-61.162349458503265 -8.115949873525938)
2024,CORTE SELETIVO,C51L41,POINT (-61.16265164530187 -8.113454776223119)
2024,CORTE SELETIVO,C51L41,POINT (-61.15705184789375 -8.118950655106483)
2024,CORTE SELETIVO,C51L41,POINT (-61.15705291848839 -8.118452006447377)
2024,CORTE SELETIVO,C51L41,POINT (-61.148053733422515 -8.09955334981162)
2024,CORTE SELETIVO,C51L41,POINT (-61.14785438994593 -8.097750156687239)
2024,CORTE SELETIVO,C51L41,POINT (-61.14467096743416 -8.100547364413249)
2024,CORTE RASO,C51L41,POINT (-61.19095211201946 -8.111650447060656)
2024,CORTE RASO,C51L41,POINT (-61.192550841069 -8.11234802638826)
2024,CORTE RASO,C51L41,POINT (-61.2221534781627 -8.22405411425993)
2024,CORTE RASO,C51L41,POINT (-61.21872613628069 -8.224200986511315)
2024,CORTE RASO,C51L41,POINT (-61.22564116069565 -8.224052428720775)
2024,CORTE RASO,C51L41,POINT (-61.219954116456776 -8.224049448407216)
2024,CORTE RASO,C51L41,POINT (-61.22239479808199 -8.223953595884272)
2024,CORTE RASO,C51L41,POINT (-61.218739814734334 -8.223654269766344)
2024,CORTE RASO,C51L41,POINT (-61.22388548822036 -8.223651064651815)
2024,CORTE RASO,C51L41,POINT (-61.21827232600741 -8.223653703753138)
2024,CORTE RASO,C51L41,POINT (-61.22525230823631 -8.223651406463894)
2024,CORTE RASO,C51L41,POINT (-61.22355384785719 -8.223645981641509)
2024,CORTE RASO,C51L41,POINT (-61.22084710719516 -8.223645814960518)
2024,CORTE RASO,C51L41,POINT (-61.2211483005248 -8.223647418866063)
2024,CORTE RASO,C51L41,POINT (-61.221549573717795 -8.223654679549274)
2024,CORTE RASO,C51L41,POINT (-61.22224396382268 -8.22364606136671)
2024,CORTE RASO,C51L41,POINT (-61.219934227573866 -8.223548212858734)
2024,CORTE RASO,C51L41,POINT (-61.219546908123185 -8.223558462766526)
2024,CORTE RASO,C51L41,POINT (-61.21795884453504 -8.223545357072657)
2024,CORTE RASO,C51L41,POINT (-61.21721496513509 -8.223552915261498)
2024,CORTE RASO,C51L41,POINT (-61.2185507999824 -8.223552856403346)
2024,CORTE RASO,C51L41,POINT (-61.22345154370687 -8.223548049692821)
2024,CORTE RASO,C51L41,POINT (-61.206651363481164 -8.210051120019)
2024,CORTE RASO,C51L41,POINT (-61.20604714848463 -8.207871850753387)
2024,CORTE RASO,C51L41,POINT (-61.20625580308873 -8.20714712003395)
2024,CORTE RASO,C51L41,POINT (-61.20705332289426 -8.207047945436802)
2024,CORTE RASO,C51L41,POINT (-61.2068520857601 -8.206822057611584)
2024,CORTE SELETIVO,C51L41,POINT (-61.197463741716234 -8.233864449891183)
2024,CORTE RASO,C51L41,POINT (-61.20404994324955 -8.210646219760168)
2024,CORTE RASO,C51L41,POINT (-61.20424963849763 -8.21045446484544)
2024,CORTE RASO,C51L41,POINT (-61.20543991029692 -8.210050503217714)
2024,CORTE RASO,C51L41,POINT (-61.20401129416462 -8.208447029820142)
2024,CORTE RASO,C51L41,POINT (-61.20365075580644 -8.207845982891117)
2024,CORTE RASO,C51L41,POINT (-61.20544879183792 -8.207253239689834)
2024,CORTE RASO,C51L41,POINT (-61.2051574143194 -8.207052438434497)
2024,CORTE RASO,C51L41,POINT (-61.20565188710267 -8.207052242422327)
2024,CORTE RASO,C51L41,POINT (-61.2049452732073 -8.207049564777627)
2024,CORTE RASO,C51L41,POINT (-61.20544847715109 -8.207051493959206)
2024,CORTE RASO,C51L41,POINT (-61.20005259064319 -8.18524901943633)
2024,CORTE RASO,C51L41,POINT (-61.199348246018296 -8.184946560619917)
2024,CORTE RASO,C51L41,POINT (-61.19944816215926 -8.18475212076749)
2024,CORTE RASO,C51L41,POINT (-61.200250400720826 -8.18464983669685)
2024,CORTE RASO,C51L41,POINT (-61.19865304652402 -8.183453645816817)
2024,CORTE RASO,C51L41,POINT (-61.19874738316172 -8.182946014840512)
2024,CORTE RASO,C51L41,POINT (-61.198347431797195 -8.18265015645188)
2024,CORTE RASO,C51L41,POINT (-61.19212467524246 -8.113659499979196)
2024,CORTE RASO,C51L41,POINT (-61.19259719425811 -8.113150248108424)
2024,CORTE RASO,C51L41,POINT (-61.192346270467944 -8.112947160516073)
2024,CORTE RASO,C51L41,POINT (-61.193149364126 -8.11281503206906)
2024,CORTE RASO,C51L41,POINT (-61.19182107861571 -8.112776874335252)
2024,CORTE RASO,C51L41,POINT (-61.192652304793164 -8.112750110450577)
2024,CORTE RASO,C51L41,POINT (-61.192353305339495 -8.112645332592903)
2024,CORTE RASO,C51L41,POINT (-61.19224877821412 -8.112551338024003)
2024,CORTE RASO,C51L41,POINT (-61.19189656432554 -8.112349791564682)
2024,CORTE RASO,C51L41,POINT (-61.19165265083346 -8.11224855014803)
2024,CORTE RASO,C51L41,POINT (-61.19094548991505 -8.113658733883595)
2024,CORTE RASO,C51L41,POINT (-61.19085335152968 -8.113446208478063)
2024,CORTE RASO,C51L41,POINT (-61.19154526618074 -8.112153501957511)
2024,CORTE SELETIVO,C51L41,POINT (-61.17544658535134 -8.179750179217315)
2024,CORTE SELETIVO,C51L41,POINT (-61.162772459523175 -8.113346746794589)
2024,CORTE SELETIVO,C51L41,POINT (-61.15945385097146 -8.137949732408241)
2024,CORTE SELETIVO,C51L41,POINT (-61.15715047726321 -8.1194532674179)
2024,CORTE SELETIVO,C51L41,POINT (-61.15755042940905 -8.117945794293483)
2024,CORTE SELETIVO,C51L41,POINT (-61.157546829717624 -8.117746431879384)
2024,CORTE SELETIVO,C51L41,POINT (-61.157545842058774 -8.117553539248497)
2024,CORTE SELETIVO,C51L41,POINT (-61.158351317190146 -8.113751063348)
2024,CORTE SELETIVO,C51L41,POINT (-61.158254501525995 -8.113471618951433)
2024,CORTE SELETIVO,C51L41,POINT (-61.1518480820451 -8.099848144332597)
2024,CORTE SELETIVO,C51L41,POINT (-61.151972757048206 -8.099750328681019)
2024,CORTE SELETIVO,C51L41,POINT (-61.14614820770266 -8.09965097993964)
2024,CORTE SELETIVO,C51L41,POINT (-61.147449559641984 -8.099645865992377)
2024,CORTE SELETIVO,C51L41,POINT (-61.14624821439367 -8.09955409268777)
2024,CORTE SELETIVO,C51L41,POINT (-61.148178541172136 -8.099546189412623)
2024,CORTE SELETIVO,C51L41,POINT (-61.14795082255417 -8.099548794981862)
2024,CORTE SELETIVO,C51L41,POINT (-61.1443045963062 -8.100453843828388)
2024,CORTE RASO,C51L41,POINT (-61.21684879181322 -8.22425330285274)
2024,CORTE RASO,C51L41,POINT (-61.218948331872085 -8.2235469615966)
2024,CORTE RASO,C51L41,POINT (-61.21784557420635 -8.223549575908335)
2024,CORTE RASO,C51L41,POINT (-61.217048223697816 -8.223548886819342)
2024,CORTE RASO,C51L41,POINT (-61.216815553080274 -8.22354585992527)
2024,CORTE RASO,C51L41,POINT (-61.20015145296882 -8.185251903967869)
2024,CORTE SELETIVO,C51L41,POINT (-61.214954523763176 -8.228745482497112)
2024,CORTE RASO,C51L41,POINT (-61.21905293830819 -8.224052329521646)
2024,CORTE RASO,C51L41,POINT (-61.22215286498383 -8.223947073331292)
2024,CORTE RASO,C51L41,POINT (-61.219351987105156 -8.2236469014402)
2024,CORTE RASO,C51L41,POINT (-61.22264676531198 -8.223548102752572)
2024,CORTE RASO,C51L41,POINT (-61.216954253425754 -8.223546625102315)
2024,CORTE RASO,C51L41,POINT (-61.20704571030174 -8.211154091597074)
2024,CORTE RASO,C51L41,POINT (-61.20424573054423 -8.210550512160857)
2024,CORTE RASO,C51L41,POINT (-61.20565453904901 -8.210448774956086)
2024,CORTE RASO,C51L41,POINT (-61.206752462250385 -8.209947411922665)
2024,CORTE RASO,C51L41,POINT (-61.20495440475226 -8.208552882722902)
2024,CORTE RASO,C51L41,POINT (-61.20374578847348 -8.20827147915694)
2024,CORTE RASO,C51L41,POINT (-61.205754204214436 -8.207854729419713)
2024,CORTE RASO,C51L41,POINT (-61.20395080323297 -8.207052441321833)
2024,CORTE RASO,C51L41,POINT (-61.20304835025613 -8.185247818385632)
2024,CORTE RASO,C51L41,POINT (-61.20262936253884 -8.185252788066826)
2024,CORTE RASO,C51L41,POINT (-61.20094766621328 -8.184254102257128)
2024,CORTE RASO,C51L41,POINT (-61.209847760962724 -8.179851732251256)
2024,CORTE RASO,C51L41,POINT (-61.209951378372494 -8.179746030963031)
2024,CORTE RASO,C51L41,POINT (-61.209847950659295 -8.179648179511368)
2024,CORTE RASO,C51L41,POINT (-61.20875455497801 -8.179046576303534)
2024,CORTE SELETIVO,C51L41,POINT (-61.198150709051916 -8.241351429672532)
2024,CORTE SELETIVO,C51L41,POINT (-61.197451785741244 -8.241145962522273)
2024,CORTE SELETIVO,C51L41,POINT (-61.19734564657162 -8.240852382773628)
2024,CORTE SELETIVO,C51L41,POINT (-61.19707581556032 -8.240854468433211)
2024,CORTE SELETIVO,C51L41,POINT (-61.1975506519084 -8.24074559037834)
2024,CORTE SELETIVO,C51L41,POINT (-61.19734594870588 -8.240355228748928)
2024,CORTE SELETIVO,C51L41,POINT (-61.197046942796035 -8.24051778680276)
2024,CORTE SELETIVO,C51L41,POINT (-61.19705185950652 -8.239945369124413)
2024,CORTE SELETIVO,C51L41,POINT (-61.196249559706914 -8.239848360605643)
2024,CORTE SELETIVO,C51L41,POINT (-61.19746106048142 -8.239733926190235)
2024,CORTE SELETIVO,C51L41,POINT (-61.197249720198286 -8.238924023802655)
2024,CORTE SELETIVO,C51L41,POINT (-61.197407078819296 -8.238746598571261)
2024,CORTE SELETIVO,C51L41,POINT (-61.19744945737337 -8.238448721794768)
2024,CORTE SELETIVO,C51L41,POINT (-61.197532852945436 -8.237854400816698)
2024,CORTE SELETIVO,C51L41,POINT (-61.19764976337503 -8.237951728046916)
2024,CORTE SELETIVO,C51L41,POINT (-61.197448768487554 -8.236651116702163)
2024,CORTE SELETIVO,C51L41,POINT (-61.19745296637458 -8.235946670155894)
2024,CORTE SELETIVO,C51L41,POINT (-61.19785061727224 -8.233674222757138)
2024,CORTE RASO,C51L41,POINT (-61.20005382175539 -8.185151126554013)
2024,CORTE RASO,C51L41,POINT (-61.19918674090901 -8.184949885964343)
2024,CORTE RASO,C51L41,POINT (-61.199547931114175 -8.184246260927049)
2024,CORTE RASO,C51L41,POINT (-61.19865167511496 -8.183298956723009)
2024,CORTE RASO,C51L41,POINT (-61.19235308071816 -8.11385014645768)
2024,CORTE RASO,C51L41,POINT (-61.19195371135304 -8.112448255975742)
2024,CORTE RASO,C51L41,POINT (-61.1915482049089 -8.114249390122612)
2024,CORTE RASO,C51L41,POINT (-61.19174567059759 -8.114154423681088)
2024,CORTE RASO,C51L41,POINT (-61.19105317364124 -8.113949260546494)
2024,CORTE RASO,C51L41,POINT (-61.19114792457609 -8.113849859483006)
2024,CORTE RASO,C51L41,POINT (-61.1909523974388 -8.113848920756741)
2024,CORTE RASO,C51L41,POINT (-61.19125027273155 -8.113731185817969)
2024,CORTE RASO,C51L41,POINT (-61.190851010639214 -8.113548021829317)
2024,CORTE RASO,C51L41,POINT (-61.190946696066895 -8.112862094430433)
2024,CORTE RASO,C51L41,POINT (-61.191048718914764 -8.112553336810972)
2024,CORTE RASO,C51L41,POINT (-61.19115089152986 -8.11235388142944)
2024,CORTE RASO,C51L41,POINT (-61.191353123818374 -8.112252751435479)
2024,CORTE SELETIVO,C51L41,POINT (-61.17295305628169 -8.200152701838956)
2024,CORTE SELETIVO,C51L41,POINT (-61.15975067595259 -8.137950372656121)
2024,CORTE SELETIVO,C51L41,POINT (-61.16264751648859 -8.11334552873444)
2024,CORTE SELETIVO,C51L41,POINT (-61.16435200478459 -8.11014526719609)
2024,CORTE SELETIVO,C51L41,POINT (-61.16451584062684 -8.109949702755582)
2024,CORTE SELETIVO,C51L41,POINT (-61.15825353969502 -8.113749260237226)
2024,CORTE SELETIVO,C51L41,POINT (-61.15845226402427 -8.113049719924101)
2024,CORTE SELETIVO,C51L41,POINT (-61.15804967142149 -8.112449165715422)
2024,CORTE SELETIVO,C51L41,POINT (-61.15195187735297 -8.09985370256044)
2024,CORTE SELETIVO,C51L41,POINT (-61.14794609394372 -8.099650265256173)
2024,CORTE SELETIVO,C51L41,POINT (-61.146949858957086 -8.099351439041046)
2024,CORTE SELETIVO,C51L41,POINT (-61.147652430994945 -8.099346611168908)
2024,CORTE SELETIVO,C51L41,POINT (-61.14785358266918 -8.099348230697908)
2024,CORTE SELETIVO,C51L41,POINT (-61.144455222869325 -8.100553151026835)
2024,CORTE SELETIVO,C51L41,POINT (-61.145653093458755 -8.09745415272907)
2024,CORTE SELETIVO,C51L41,POINT (-61.14584920255453 -8.097649244344478)
2024,CORTE SELETIVO,C51L41,POINT (-61.19994897842159 -8.242249766534187)
2024,CORTE RASO,C51L41,POINT (-61.22097419111888 -8.223652904742046)
2024,CORTE RASO,C51L41,POINT (-61.222051270577865 -8.223645604877278)
2024,CORTE RASO,C51L41,POINT (-61.223749194718465 -8.223623545932837)
2024,CORTE RASO,C51L41,POINT (-61.22114845758036 -8.223547126978046)
2024,CORTE RASO,C51L41,POINT (-61.217653804583925 -8.22354920045623)
2024,CORTE RASO,C51L41,POINT (-61.21825184143998 -8.22354729450133)
2024,CORTE RASO,C51L41,POINT (-61.222549483198335 -8.223546570819016)
2024,CORTE RASO,C51L41,POINT (-61.205046156073905 -8.210347371054523)
2024,CORTE RASO,C51L41,POINT (-61.20724713290962 -8.209453832086869)
2024,CORTE RASO,C51L41,POINT (-61.20714910408276 -8.209354245321462)
2024,CORTE RASO,C51L41,POINT (-61.20525048116268 -8.208853933827303)
2024,CORTE RASO,C51L41,POINT (-61.20404593732162 -8.208553752396078)
2024,CORTE RASO,C51L41,POINT (-61.203649403265366 -8.208345513133189)
2024,CORTE RASO,C51L41,POINT (-61.20435166948825 -8.207745624475928)
2024,CORTE RASO,C51L41,POINT (-61.20535109989206 -8.207251739925466)
2024,CORTE RASO,C51L41,POINT (-61.204054282508864 -8.207050057603071)
2024,CORTE RASO,C51L41,POINT (-61.204649009185225 -8.207050158243245)
2024,CORTE RASO,C51L41,POINT (-61.207051799821976 -8.206659929417375)
2024,CORTE RASO,C51L41,POINT (-61.20715280119183 -8.206467925359478)
2024,CORTE RASO,C51L41,POINT (-61.200149146161 -8.184053534264768)
2024,CORTE RASO,C51L41,POINT (-61.206948024831625 -8.178951686974887)
2024,CORTE SELETIVO,C51L41,POINT (-61.197148447110585 -8.24064986468375)
2024,CORTE SELETIVO,C51L41,POINT (-61.19735447669028 -8.239146183546673)
2024,CORTE SELETIVO,C51L41,POINT (-61.197448814702305 -8.23895387053669)
2024,CORTE SELETIVO,C51L41,POINT (-61.19754813954693 -8.238754069648866)
2024,CORTE SELETIVO,C51L41,POINT (-61.197454109522546 -8.238550643955868)
2024,CORTE SELETIVO,C51L41,POINT (-61.19755108641806 -8.238452098582233)
2024,CORTE SELETIVO,C51L41,POINT (-61.197446007587835 -8.238283112875752)
2024,CORTE SELETIVO,C51L41,POINT (-61.197745991240936 -8.237959302238082)
2024,CORTE SELETIVO,C51L41,POINT (-61.197652675280864 -8.237852596773871)
2024,CORTE SELETIVO,C51L41,POINT (-61.197916904594855 -8.233147596536357)
2024,CORTE SELETIVO,C51L41,POINT (-61.19744584313638 -8.233150735055224)
2024,CORTE SELETIVO,C51L41,POINT (-61.197752912016576 -8.232750486697128)
2024,CORTE RASO,C51L41,POINT (-61.19874776620532 -8.183550717009538)
2024,CORTE RASO,C51L41,POINT (-61.19874546637475 -8.183351849883634)
2024,CORTE RASO,C51L41,POINT (-61.19865088499967 -8.182970016660521)
2024,CORTE RASO,C51L41,POINT (-61.19845216858823 -8.182745682692714)
2024,CORTE RASO,C51L41,POINT (-61.19855247744729 -8.182351979906734)
2024,CORTE RASO,C51L41,POINT (-61.19885404677364 -8.181951949276652)
2024,CORTE RASO,C51L41,POINT (-61.19305176141898 -8.18854651818221)
2024,CORTE SELETIVO,C51L41,POINT (-61.17324120162777 -8.200149455115158)
2024,CORTE SELETIVO,C51L41,POINT (-61.17280086581164 -8.200147634602324)
2024,CORTE SELETIVO,C51L41,POINT (-61.15684932554726 -8.118953649342794)
2024,CORTE SELETIVO,C51L41,POINT (-61.1572505259143 -8.118948581829505)
2024,CORTE SELETIVO,C51L41,POINT (-61.15764624226347 -8.117945718206869)
2024,CORTE SELETIVO,C51L41,POINT (-61.15815149216052 -8.11464881152101)
2024,CORTE SELETIVO,C51L41,POINT (-61.15784860173117 -8.11415459686304)
2024,CORTE SELETIVO,C51L41,POINT (-61.15774609962172 -8.113949479484562)
2024,CORTE SELETIVO,C51L41,POINT (-61.16274905236519 -8.11344728239445)
2024,CORTE SELETIVO,C51L41,POINT (-61.15834956594169 -8.11345464353945)
2024,CORTE SELETIVO,C51L41,POINT (-61.16465005870099 -8.110291537222713)
2024,CORTE SELETIVO,C51L41,POINT (-61.16435138084863 -8.109953979912259)
2024,CORTE SELETIVO,C51L41,POINT (-61.15924996996793 -8.10924994675245)
2024,CORTE SELETIVO,C51L41,POINT (-61.1480072486779 -8.100458789480802)
2024,CORTE SELETIVO,C51L41,POINT (-61.148249312194565 -8.100447719623498)
2024,CORTE SELETIVO,C51L41,POINT (-61.152053983218416 -8.099952032207762)
2024,CORTE SELETIVO,C51L41,POINT (-61.14805312847644 -8.099750414300276)
2024,CORTE SELETIVO,C51L41,POINT (-61.14794781036776 -8.099451101903483)
2024,CORTE SELETIVO,C51L41,POINT (-61.14804814925551 -8.098545313247948)
2024,CORTE SELETIVO,C51L41,POINT (-61.147854582643674 -8.098251667628935)
2024,CORTE SELETIVO,C51L41,POINT (-61.1448520652736 -8.100551962059388)
2024,CORTE SELETIVO,C51L41,POINT (-61.1461519525549 -8.09954931781704)
2024,CORTE SELETIVO,C51L41,POINT (-61.14684919996761 -8.099465781025756)
2024,CORTE SELETIVO,C51L41,POINT (-61.144349577247375 -8.099484798878056)
2024,CORTE SELETIVO,C51L41,POINT (-61.14374796999552 -8.099148107791313)
2024,CORTE SELETIVO,C51L41,POINT (-61.146747913491865 -8.099152928842722)
2024,CORTE SELETIVO,C51L41,POINT (-61.145747730374275 -8.097653769937299)
2024,CORTE SELETIVO,C51L41,POINT (-61.14585896730973 -8.0975452145449)
2024,CORTE SELETIVO,C51L41,POINT (-61.145646973378355 -8.097548649353408)
2024,CORTE SELETIVO,C51L41,POINT (-61.14575298848826 -8.0973534724425)
2024,CORTE RASO,C51L41,POINT (-61.19274672060195 -8.112447209549325)
2024,CORTE SELETIVO,C51L41,POINT (-61.16252618598543 -8.11595037840947)
2024,CORTE SELETIVO,C51L41,POINT (-61.19435437372708 -8.23985000631003)
2024,CORTE SELETIVO,C51L41,POINT (-61.17308618478328 -8.178347317405786)
2024,CORTE SELETIVO,C51L41,POINT (-61.17334867701688 -8.178148242917063)
2024,CORTE SELETIVO,C51L41,POINT (-61.17325014669685 -8.177951988355792)
2024,CORTE SELETIVO,C51L41,POINT (-61.17305132450834 -8.177947344720941)
2024,CORTE SELETIVO,C51L41,POINT (-61.15645038831932 -8.241550074680053)
2024,CORTE SELETIVO,C51L41,POINT (-61.2188467265609 -8.229038761752406)
2024,CORTE SELETIVO,C51L41,POINT (-61.20455294211621 -8.247852684236834)
2024,CORTE SELETIVO,C51L41,POINT (-61.19654659190847 -8.239853644327225)
2024,CORTE RASO,C51L41,POINT (-61.19195087008997 -8.11441785441318)
2024,CORTE RASO,C51L41,POINT (-61.19205303197717 -8.11394959495686)
2024,CORTE RASO,C51L41,POINT (-61.19254769750904 -8.112753019930985)
2024,CORTE SELETIVO,C51L41,POINT (-61.14557735694063 -8.097299267040277)
2024,CORTE SELETIVO,C51L41,POINT (-61.17264752188976 -8.200152692702341)
2024,CORTE SELETIVO,C51L41,POINT (-61.17294640171663 -8.200046174188097)
2024,CORTE SELETIVO,C51L41,POINT (-61.16284932148373 -8.113450933388183)
2024,CORTE SELETIVO,C51L41,POINT (-61.19725277233442 -8.240451077327114)
2024,CORTE SELETIVO,C51L41,POINT (-61.197152853387166 -8.240046937191542)
2024,CORTE SELETIVO,C51L41,POINT (-61.19734839564517 -8.238847571574022)
2024,CORTE SELETIVO,C51L41,POINT (-61.197250815956366 -8.238746458497225)
2024,CORTE SELETIVO,C51L41,POINT (-61.197349766041214 -8.238249632997729)
2024,CORTE SELETIVO,C51L41,POINT (-61.197850364595745 -8.233846285649168)
2024,CORTE SELETIVO,C51L41,POINT (-61.19792818355772 -8.233249080084073)
2024,CORTE SELETIVO,C51L41,POINT (-61.197951781461164 -8.23305029053962)
2024,CORTE SELETIVO,C51L41,POINT (-61.19765448332754 -8.23295321875001)
2024,CORTE RASO,C51L41,POINT (-61.223549935398395 -8.223550466114714)
2024,CORTE RASO,C51L41,POINT (-61.22231079692736 -8.223546383890454)
2024,CORTE RASO,C51L41,POINT (-61.22085148102503 -8.223554404571843)
2024,CORTE RASO,C51L41,POINT (-61.22014991778828 -8.223552433252587)
2024,CORTE RASO,C51L41,POINT (-61.22465181226081 -8.223551327269124)
2024,CORTE RASO,C51L41,POINT (-61.193679164358564 -8.188645781760012)
2024,CORTE RASO,C51L41,POINT (-61.193163929202875 -8.188647871635613)
2024,CORTE SELETIVO,C51L41,POINT (-61.175950399713 -8.179648735085571)
2024,CORTE SELETIVO,C51L41,POINT (-61.1647477974853 -8.110316324396738)
2024,CORTE SELETIVO,C51L41,POINT (-61.1593994820588 -8.13805181054373)
2024,CORTE SELETIVO,C51L41,POINT (-61.15951056055029 -8.137854764572845)
2024,CORTE SELETIVO,C51L41,POINT (-61.160052360588814 -8.137081730197334)
2024,CORTE SELETIVO,C51L41,POINT (-61.15815046723117 -8.115051323088778)
2024,CORTE SELETIVO,C51L41,POINT (-61.15805264099267 -8.11485446867444)
2024,CORTE SELETIVO,C51L41,POINT (-61.15794770701617 -8.11435317686376)
2024,CORTE SELETIVO,C51L41,POINT (-61.15834724343372 -8.113945217634244)
2024,CORTE SELETIVO,C51L41,POINT (-61.16264919462501 -8.113553051237465)
2024,CORTE SELETIVO,C51L41,POINT (-61.15830863446622 -8.113652954957052)
2024,CORTE SELETIVO,C51L41,POINT (-61.158146661449244 -8.113546295160143)
2024,CORTE SELETIVO,C51L41,POINT (-61.16265275379457 -8.113253235930147)
2024,CORTE SELETIVO,C51L41,POINT (-61.15804758346682 -8.11304970490929)
2024,CORTE SELETIVO,C51L41,POINT (-61.158152993166695 -8.112553859356535)
2024,CORTE SELETIVO,C51L41,POINT (-61.15885135790961 -8.111947430918285)
2024,CORTE SELETIVO,C51L41,POINT (-61.158447732490295 -8.111220951319188)
2024,CORTE SELETIVO,C51L41,POINT (-61.164448746247544 -8.110353742993029)
2024,CORTE SELETIVO,C51L41,POINT (-61.16425309602474 -8.110146614852443)
2024,CORTE SELETIVO,C51L41,POINT (-61.16425419738912 -8.109946252879897)
2024,CORTE SELETIVO,C51L41,POINT (-61.15905339709651 -8.109452743425996)
2024,CORTE SELETIVO,C51L41,POINT (-61.1594178287926 -8.109312945004435)
2024,CORTE SELETIVO,C51L41,POINT (-61.159758766070816 -8.108349379497984)
2024,CORTE SELETIVO,C51L41,POINT (-61.15942818844348 -8.10825251865488)
2024,CORTE SELETIVO,C51L41,POINT (-61.15964991910072 -8.107748939547362)
2024,CORTE SELETIVO,C51L41,POINT (-61.15675958968116 -8.119026560302489)
2024,CORTE SELETIVO,C51L41,POINT (-61.15725054355207 -8.11884822815075)
2024,CORTE SELETIVO,C51L41,POINT (-61.1570283031394 -8.11875370669476)
2024,CORTE SELETIVO,C51L41,POINT (-61.15692781567345 -8.11825008869652)
2024,CORTE SELETIVO,C51L41,POINT (-61.157646335651 -8.11785069716278)
2024,CORTE SELETIVO,C51L41,POINT (-61.15194812950551 -8.099952127106649)
2024,CORTE SELETIVO,C51L41,POINT (-61.1520483503008 -8.099854382015529)
2024,CORTE SELETIVO,C51L41,POINT (-61.14825168797445 -8.100553886272307)
2024,CORTE SELETIVO,C51L41,POINT (-61.147948964841646 -8.100350137837784)
2024,CORTE SELETIVO,C51L41,POINT (-61.14704925567721 -8.099949186161236)
2024,CORTE SELETIVO,C51L41,POINT (-61.14808027061792 -8.099849016484354)
2024,CORTE SELETIVO,C51L41,POINT (-61.14825196869116 -8.099750350069458)
2024,CORTE SELETIVO,C51L41,POINT (-61.147350079810565 -8.09973998455426)
2024,CORTE SELETIVO,C51L41,POINT (-61.14784941076977 -8.099648266138898)
2024,CORTE SELETIVO,C51L41,POINT (-61.14694734415233 -8.09965336274687)
2024,CORTE SELETIVO,C51L41,POINT (-61.14625150900198 -8.099652014132287)
2024,CORTE SELETIVO,C51L41,POINT (-61.148148928150654 -8.099646655438008)
2024,CORTE SELETIVO,C51L41,POINT (-61.14674947088254 -8.099452690290585)
2024,CORTE SELETIVO,C51L41,POINT (-61.14705395905945 -8.09934570918688)
2024,CORTE SELETIVO,C51L41,POINT (-61.14795299458209 -8.099352910607555)
2024,CORTE SELETIVO,C51L41,POINT (-61.146747559562236 -8.099251105101862)
2024,CORTE SELETIVO,C51L41,POINT (-61.146947589265785 -8.099250282092708)
2024,CORTE SELETIVO,C51L41,POINT (-61.1479461318498 -8.098509046107187)
2024,CORTE SELETIVO,C51L41,POINT (-61.14785388272188 -8.098349475212116)
2024,CORTE SELETIVO,C51L41,POINT (-61.147650123239096 -8.098247268236157)
2024,CORTE SELETIVO,C51L41,POINT (-61.147852040575664 -8.09785077487553)
2024,CORTE SELETIVO,C51L41,POINT (-61.147849013442936 -8.097651402664088)
2024,CORTE SELETIVO,C51L41,POINT (-61.14708723326859 -8.097245618310998)
2024,CORTE SELETIVO,C51L41,POINT (-61.1447076144836 -8.100650759588442)
2024,CORTE SELETIVO,C51L41,POINT (-61.144847346072154 -8.100449899164754)
2024,CORTE SELETIVO,C51L41,POINT (-61.14604643524718 -8.099646224775706)
2024,CORTE SELETIVO,C51L41,POINT (-61.14435158494701 -8.099652718114742)
2024,CORTE SELETIVO,C51L41,POINT (-61.14595081226595 -8.099552477771681)
2024,CORTE SELETIVO,C51L41,POINT (-61.14419176275446 -8.099346908518553)
2024,CORTE SELETIVO,C51L41,POINT (-61.14564692056669 -8.097646523621123)
2024,CORTE SELETIVO,C51L41,POINT (-61.146053210769615 -8.097452129405715)
2024,CORTE SELETIVO,C51L41,POINT (-61.145546862961616 -8.097452385966397)
2024,CORTE SELETIVO,C51L41,POINT (-61.14545059863387 -8.097351112000359)
2024,CORTE SELETIVO,C51L41,POINT (-61.143046182225866 -8.099632006372374)
2024,CORTE SELETIVO,C51L41,POINT (-61.14364854278919 -8.09915442585373)
2024,CORTE SELETIVO,C51L41,POINT (-61.13891942404413 -8.157552580593384)
2024,CORTE SELETIVO,C51L41,POINT (-61.13864552432594 -8.157428618400363)
2024,CORTE RASO,C51L41,POINT (-61.2175125197888 -8.223546975197111)
2024,CORTE RASO,C51L41,POINT (-61.21844908147231 -8.223547174965203)
2024,CORTE RASO,C51L41,POINT (-61.22054736758375 -8.223545723125495)
2024,CORTE RASO,C51L41,POINT (-61.20405059210633 -8.20875147776968)
2024,CORTE RASO,C51L41,POINT (-61.203748818044375 -8.208754611062849)
2024,CORTE RASO,C51L41,POINT (-61.204048348504784 -8.207754516903549)
2024,CORTE RASO,C51L41,POINT (-61.20375237351201 -8.207448239965004)
2024,CORTE RASO,C51L41,POINT (-61.19105388911747 -8.1142511681359)
2024,CORTE RASO,C51L41,POINT (-61.19095318956263 -8.113946902754936)
2024,CORTE RASO,C51L41,POINT (-61.19085023246084 -8.113850135416948)
2024,CORTE RASO,C51L41,POINT (-61.19130773846818 -8.113854592967215)
2024,CORTE RASO,C51L41,POINT (-61.19114392131602 -8.113746284113907)
2024,CORTE RASO,C51L41,POINT (-61.191861302538854 -8.113781119823077)
2024,CORTE RASO,C51L41,POINT (-61.19074717214098 -8.113501643578019)
2024,CORTE RASO,C51L41,POINT (-61.191094071987656 -8.113467236761183)
2024,CORTE RASO,C51L41,POINT (-61.19275167202658 -8.11325294291059)
2024,CORTE RASO,C51L41,POINT (-61.1914496222385 -8.113150958740906)
2024,CORTE RASO,C51L41,POINT (-61.19154770590541 -8.112752586334597)
2024,CORTE RASO,C51L41,POINT (-61.19206667222835 -8.112560296685883)
2024,CORTE RASO,C51L41,POINT (-61.190877915394836 -8.112597028327233)
2024,CORTE RASO,C51L41,POINT (-61.19125385855869 -8.112387924793873)
2024,CORTE SELETIVO,C51L41,POINT (-61.2047461534682 -8.249050173624493)
2024,CORTE SELETIVO,C51L41,POINT (-61.20455408776728 -8.24768624102567)
2024,CORTE SELETIVO,C51L41,POINT (-61.14574904210284 -8.097550260190545)
2024,CORTE RASO,C51L41,POINT (-61.206153319505866 -8.20804759021305)
2024,CORTE SELETIVO,C51L41,POINT (-61.12675153080985 -8.222750042307062)
2024,CORTE RASO,C51L41,POINT (-61.19074564128606 -8.113352395435639)
2024,CORTE RASO,C51L41,POINT (-61.190348566501584 -8.113045431428946)
2024,CORTE RASO,C51L41,POINT (-61.1926473687254 -8.112447280417127)
2024,CORTE RASO,C51L41,POINT (-61.1904994639699 -8.113953111625571)
2024,CORTE RASO,C51L41,POINT (-61.19035249548532 -8.11315162100949)
2024,CORTE RASO,C51L41,POINT (-61.190446643172066 -8.113053892158492)
2024,CORTE SELETIVO,C51L41,POINT (-61.20445302785145 -8.247853550891229)
2024,CORTE SELETIVO,C51L41,POINT (-61.21884856738548 -8.229154638190655)
2024,CORTE RASO,C51L41,POINT (-61.206362434830936 -8.2089542839329)
2024,CORTE SELETIVO,C51L41,POINT (-61.14554966964618 -8.097646626113335)
2024,CORTE RASO,C51L41,POINT (-61.20604579844394 -8.207754265651415)
2024,CORTE SELETIVO,C51L41,POINT (-61.14545148898053 -8.097471582669204)
2024,CORTE SELETIVO,C51L41,POINT (-61.19614939014724 -8.239846219446402)
2024,CORTE RASO,C51L41,POINT (-61.205348226880325 -8.20734998231011)
2024,CORTE SELETIVO,C51L41,POINT (-61.214846035220724 -8.228953212552437)
2024,CORTE RASO,C51L41,POINT (-61.1906530656455 -8.113951610757876)
2024,CORTE RASO,C51L41,POINT (-61.19074988139144 -8.113645459141216)
2024,CORTE RASO,C51L41,POINT (-61.19064819816791 -8.113346471401297)
2024,CORTE RASO,C51L41,POINT (-61.190453707278 -8.113153787318515)
2024,CORTE RASO,C51L41,POINT (-61.190252525442 -8.113147353438146)
2024,CORTE RASO,C51L41,POINT (-61.22104563646933 -8.223549132777748)
2024,CORTE RASO,C51L41,POINT (-61.21774923080657 -8.223554330879079)
2024,CORTE SELETIVO,C51L41,POINT (-61.203948188747574 -8.2286511964479)
2024,CORTE RASO,C51L41,POINT (-61.20844592467963 -8.209046005699635)
2024,CORTE RASO,C51L41,POINT (-61.219349306196115 -8.223546777434933)
2024,CORTE RASO,C51L41,POINT (-61.219045713175916 -8.223549200361507)
2024,CORTE RASO,C51L41,POINT (-61.19225374958711 -8.11295198853493)
2024,CORTE RASO,C51L41,POINT (-61.19244604873311 -8.112885593167986)
2024,CORTE RASO,C51L41,POINT (-61.19205428442165 -8.112850760199292)
2024,CORTE RASO,C51L41,POINT (-61.1916483636146 -8.112747854497792)
2024,CORTE RASO,C51L41,POINT (-61.19082751095568 -8.114155685994094)
2024,CORTE RASO,C51L41,POINT (-61.191366097610555 -8.114143294015946)
2024,CORTE RASO,C51L41,POINT (-61.190250084010074 -8.113950731895404)
2024,CORTE RASO,C51L41,POINT (-61.189966631521465 -8.113699207265542)
2024,CORTE RASO,C51L41,POINT (-61.190551431404685 -8.113087342884493)
2024,CORTE RASO,C51L41,POINT (-61.190250184860716 -8.113245561340824)
2024,CORTE RASO,C51L41,POINT (-61.190848613530285 -8.113048574042496)
2024,CORTE RASO,C51L41,POINT (-61.190203393531114 -8.113053867976703)
2024,CORTE RASO,C51L41,POINT (-61.19035122738632 -8.112947725265617)
2024,CORTE RASO,C51L41,POINT (-61.19064934591228 -8.11294539209162)
2024,CORTE RASO,C51L41,POINT (-61.19074602778254 -8.112854591274411)
2024,CORTE RASO,C51L41,POINT (-61.19024890456529 -8.112825668338298)
2024,CORTE RASO,C51L41,POINT (-61.19052079395706 -8.112643698615782)
2024,CORTE SELETIVO,C51L41,POINT (-61.15774972819011 -8.117251596955784)
2024,CORTE SELETIVO,C51L41,POINT (-61.15935386668638 -8.111647306166027)
2024,CORTE SELETIVO,C51L41,POINT (-61.16175121406664 -8.109153120708697)
2024,CORTE SELETIVO,C51L41,POINT (-61.16004948757962 -8.107849722399296)
2024,CORTE SELETIVO,C51L41,POINT (-61.1967480283832 -8.239946167041627)
2024,CORTE RASO,C51L41,POINT (-61.218346908560335 -8.223552901670727)
2024,CORTE RASO,C51L41,POINT (-61.20975343232483 -8.131048191586885)
2024,CORTE RASO,C51L41,POINT (-61.191849845691266 -8.114147492914123)
2024,CORTE RASO,C51L41,POINT (-61.191754587206965 -8.114048740612223)
2024,CORTE RASO,C51L41,POINT (-61.191752389979605 -8.113639794939973)
2024,CORTE RASO,C51L41,POINT (-61.19265213003926 -8.113251067555174)
2024,CORTE RASO,C51L41,POINT (-61.19164979570494 -8.113049517327466)
2024,CORTE RASO,C51L41,POINT (-61.192249500721985 -8.112847636031749)
2024,CORTE RASO,C51L41,POINT (-61.192248005964956 -8.112653490863082)
2024,CORTE RASO,C51L41,POINT (-61.19132961740942 -8.114250672138539)
2024,CORTE RASO,C51L41,POINT (-61.191553336568354 -8.114154249383633)
2024,CORTE RASO,C51L41,POINT (-61.191051390660206 -8.114124289364916)
2024,CORTE RASO,C51L41,POINT (-61.19124548648194 -8.114050557987706)
2024,CORTE RASO,C51L41,POINT (-61.19134818517181 -8.113946607964994)
2024,CORTE RASO,C51L41,POINT (-61.19085217105594 -8.1139509846639)
2024,CORTE RASO,C51L41,POINT (-61.19134843627616 -8.113458267597727)
2024,CORTE RASO,C51L41,POINT (-61.19033181463747 -8.11347090280604)
2024,CORTE RASO,C51L41,POINT (-61.190346710197964 -8.113252687580468)
2024,CORTE RASO,C51L41,POINT (-61.19015174549769 -8.113251395853398)
2024,CORTE RASO,C51L41,POINT (-61.19070723898495 -8.113054333141651)
2024,CORTE RASO,C51L41,POINT (-61.190250043196784 -8.112952937042836)
2024,CORTE RASO,C51L41,POINT (-61.19065086556834 -8.112846966072013)
2024,CORTE RASO,C51L41,POINT (-61.190048131628195 -8.112846134007068)
2024,CORTE RASO,C51L41,POINT (-61.19035490607609 -8.112776421557257)
2024,CORTE RASO,C51L41,POINT (-61.19075097759067 -8.112745341707408)
2024,CORTE RASO,C51L41,POINT (-61.191448609422274 -8.112449764106335)
2024,CORTE RASO,C51L41,POINT (-61.1897522924271 -8.113749213395813)
2024,CORTE RASO,C51L41,POINT (-61.18964883396492 -8.113654487794177)
2024,CORTE RASO,C51L41,POINT (-61.18995151010635 -8.113550073011247)
2024,CORTE SELETIVO,C51L41,POINT (-61.16234805803634 -8.115852708938807)
2024,CORTE SELETIVO,C51L41,POINT (-61.16105169752378 -8.110351374705262)
2024,CORTE SELETIVO,C51L41,POINT (-61.19604996933607 -8.239847267285901)
2024,CORTE SELETIVO,C51L41,POINT (-61.159847318784905 -8.119322825912068)
2024,CORTE SELETIVO,C51L41,POINT (-61.16244964831376 -8.110849263963717)
2024,CORTE SELETIVO,C51L41,POINT (-61.162179492006864 -8.110747583022711)
2024,CORTE SELETIVO,C51L41,POINT (-61.16120914048147 -8.110349360638436)
2024,CORTE SELETIVO,C51L41,POINT (-61.16095110447529 -8.110174634574308)
2024,CORTE SELETIVO,C51L41,POINT (-61.16112536726181 -8.110040286552726)
2024,CORTE SELETIVO,C51L41,POINT (-61.16105423596171 -8.109854218473272)
2024,CORTE SELETIVO,C51L41,POINT (-61.16094843529333 -8.109748704246147)
2024,CORTE SELETIVO,C51L41,POINT (-61.16095222785025 -8.109545597753701)
2024,CORTE SELETIVO,C51L41,POINT (-61.16174856393036 -8.109249836781453)
2024,CORTE RASO,C51L41,POINT (-61.2188545927619 -8.223549818248129)
2024,CORTE SELETIVO,C51L41,POINT (-61.20385460296472 -8.228748850397304)
2024,CORTE RASO,C51L41,POINT (-61.20635152875 -8.208849028915441)
2024,CORTE RASO,C51L41,POINT (-61.217354557469356 -8.22354935370857)
2024,CORTE RASO,C51L41,POINT (-61.21875148821566 -8.2235533019529)
2024,CORTE RASO,C51L41,POINT (-61.20915018506806 -8.1911480676025)
2024,CORTE RASO,C51L41,POINT (-61.19095207836565 -8.114153614394972)
2024,CORTE RASO,C51L41,POINT (-61.19078434873484 -8.11404941215154)
2024,CORTE RASO,C51L41,POINT (-61.19145191575903 -8.114052674736373)
2024,CORTE RASO,C51L41,POINT (-61.191149076737815 -8.114054022738813)
2024,CORTE RASO,C51L41,POINT (-61.19190979057276 -8.113946019001842)
2024,CORTE RASO,C51L41,POINT (-61.19144909217235 -8.113825435566138)
2024,CORTE RASO,C51L41,POINT (-61.191650072298394 -8.113458649589798)
2024,CORTE RASO,C51L41,POINT (-61.191745693999756 -8.113354466147223)
2024,CORTE RASO,C51L41,POINT (-61.1912526606281 -8.113326311185093)
2024,CORTE RASO,C51L41,POINT (-61.19195045593339 -8.113252450362832)
2024,CORTE RASO,C51L41,POINT (-61.19165181555904 -8.113249146913171)
2024,CORTE RASO,C51L41,POINT (-61.19205674548566 -8.112951860211046)
2024,CORTE RASO,C51L41,POINT (-61.19164752414174 -8.112447330924597)
2024,CORTE RASO,C51L41,POINT (-61.19104733535804 -8.11234610160545)
2024,CORTE RASO,C51L41,POINT (-61.19123859338537 -8.112254566244928)
2024,CORTE RASO,C51L41,POINT (-61.19114977176379 -8.11205214494765)
2024,CORTE RASO,C51L41,POINT (-61.189648441433896 -8.11374795026177)
2024,CORTE RASO,C51L41,POINT (-61.18985319686499 -8.113445886904127)
2024,CORTE RASO,C51L41,POINT (-61.19068657555156 -8.113145545416904)
2024,CORTE RASO,C51L41,POINT (-61.19002621179562 -8.113140661526854)
2024,CORTE RASO,C51L41,POINT (-61.19046922178122 -8.112860545917647)
2024,CORTE RASO,C51L41,POINT (-61.190854282398135 -8.112869626053259)
2024,CORTE RASO,C51L41,POINT (-61.19035020210636 -8.112646908557862)
2024,CORTE SELETIVO,C51L41,POINT (-61.1728460759804 -8.20004614254294)
2024,CORTE SELETIVO,C51L41,POINT (-61.15994695235877 -8.119389223057636)
2024,CORTE SELETIVO,C51L41,POINT (-61.16104805306854 -8.10994921864369)
2024,CORTE SELETIVO,C51L41,POINT (-61.16094936009416 -8.10964705423052)
2024,CORTE SELETIVO,C51L41,POINT (-61.160292294647256 -8.109653625814563)
2024,CORTE SELETIVO,C51L41,POINT (-61.161046380708655 -8.109551366424704)
2024,CORTE SELETIVO,C51L41,POINT (-61.16084816942925 -8.109546853580753)
2024,CORTE SELETIVO,C51L41,POINT (-61.161849025277505 -8.109245369390074)
2024,CORTE SELETIVO,C51L41,POINT (-61.161654436927705 -8.109254288998047)
2024,CORTE SELETIVO,C51L41,POINT (-61.15694663534395 -8.120486698651323)
2024,CORTE SELETIVO,C51L41,POINT (-61.15694577649939 -8.120154637513131)
2024,CORTE SELETIVO,C51L41,POINT (-61.159848398868284 -8.11954730232453)
2024,CORTE SELETIVO,C51L41,POINT (-61.15734882547593 -8.118748286991945)
2024,CORTE SELETIVO,C51L41,POINT (-61.15755018209443 -8.117449206610184)
2024,CORTE SELETIVO,C51L41,POINT (-61.157748774505194 -8.117413626934304)
2024,CORTE SELETIVO,C51L41,POINT (-61.15875401866427 -8.112649975141233)
2024,CORTE SELETIVO,C51L41,POINT (-61.15902600591575 -8.112150740784465)
2024,CORTE SELETIVO,C51L41,POINT (-61.1592462293739 -8.1116757597543)
2024,CORTE SELETIVO,C51L41,POINT (-61.15916382238685 -8.109867467937091)
2024,CORTE SELETIVO,C51L41,POINT (-61.15922840537098 -8.109652354005272)
2024,CORTE SELETIVO,C51L41,POINT (-61.194446345109505 -8.239847401619116)
2024,CORTE SELETIVO,C51L41,POINT (-61.19484958045732 -8.239847573880859)
2024,CORTE SELETIVO,C51L41,POINT (-61.16215335856244 -8.115853969652274)
2024,CORTE SELETIVO,C51L41,POINT (-61.19474763086857 -8.23984935816025)
2024,CORTE SELETIVO,C51L41,POINT (-61.194953346336824 -8.239847271635366)
2024,CORTE SELETIVO,C51L41,POINT (-61.194607913405164 -8.23984783187135)
2024,CORTE SELETIVO,C51L41,POINT (-61.196048691388434 -8.239953938388645)
2024,CORTE RASO,C51L41,POINT (-61.20845166602822 -8.208951126766742)
2024,CORTE SELETIVO,C51L41,POINT (-61.197846285578 -8.234447449740182)
2024,CORTE SELETIVO,C51L41,POINT (-61.197848212901626 -8.23404768687771)
2024,CORTE SELETIVO,C51L41,POINT (-61.19794699295811 -8.233801619458639)
2024,CORTE SELETIVO,C51L41,POINT (-61.19785088168969 -8.233547099715873)
2024,CORTE SELETIVO,C51L41,POINT (-61.19785328089741 -8.23334766929163)
2024,CORTE SELETIVO,C51L41,POINT (-61.19804680780507 -8.23316202496322)
2024,CORTE SELETIVO,C51L41,POINT (-61.1978484268317 -8.233050615448297)
2024,CORTE SELETIVO,C51L41,POINT (-61.20298140054601 -8.228547088039512)
2024,CORTE RASO,C51L41,POINT (-61.19855310289282 -8.182447514406512)
2024,CORTE SELETIVO,C51L41,POINT (-61.19745119283446 -8.239049635217379)
2024,CORTE SELETIVO,C51L41,POINT (-61.19724641271955 -8.239052927702081)
2024,CORTE SELETIVO,C51L41,POINT (-61.19746492780679 -8.238849857770173)
2024,CORTE SELETIVO,C51L41,POINT (-61.19744707950639 -8.235020120663906)
2024,CORTE SELETIVO,C51L41,POINT (-61.197689720502 -8.234553748801275)
2024,CORTE SELETIVO,C51L41,POINT (-61.19784835933975 -8.234248578113158)
2024,CORTE RASO,C51L41,POINT (-61.192147856874065 -8.114048281120516)
2024,CORTE RASO,C51L41,POINT (-61.19095192359765 -8.114049462927166)
2024,CORTE RASO,C51L41,POINT (-61.19148273956308 -8.113953144668114)
2024,CORTE RASO,C51L41,POINT (-61.19155032982477 -8.113559426098652)
2024,CORTE RASO,C51L41,POINT (-61.1917503916183 -8.113454404577972)
2024,CORTE RASO,C51L41,POINT (-61.19165091693853 -8.113354545271774)
2024,CORTE RASO,C51L41,POINT (-61.192614686473064 -8.113347644339292)
2024,CORTE RASO,C51L41,POINT (-61.191351107403534 -8.11325062677966)
2024,CORTE RASO,C51L41,POINT (-61.19235450618757 -8.112798163756839)
2024,CORTE RASO,C51L41,POINT (-61.192352162832606 -8.112553981229109)
2024,CORTE RASO,C51L41,POINT (-61.189744840979905 -8.11357902393775)
2024,CORTE RASO,C51L41,POINT (-61.18985446566871 -8.11332047978045)
2024,CORTE SELETIVO,C51L41,POINT (-61.16002180897371 -8.119547411808488)
2024,CORTE SELETIVO,C51L41,POINT (-61.15985357110611 -8.119448705949495)
2024,CORTE SELETIVO,C51L41,POINT (-61.15984762792629 -8.117253724915416)
2024,CORTE SELETIVO,C51L41,POINT (-61.16242775358218 -8.116147260174465)
2024,CORTE SELETIVO,C51L41,POINT (-61.162204743231584 -8.116054448671278)
2024,CORTE SELETIVO,C51L41,POINT (-61.16205150329403 -8.11595377526924)
2024,CORTE SELETIVO,C51L41,POINT (-61.161949314765515 -8.115847970496647)
2024,CORTE SELETIVO,C51L41,POINT (-61.16204894549298 -8.115645341912925)
2024,CORTE SELETIVO,C51L41,POINT (-61.158050704015864 -8.115446960583762)
2024,CORTE SELETIVO,C51L41,POINT (-61.15885374678875 -8.112149558339764)
2024,CORTE SELETIVO,C51L41,POINT (-61.15944942376798 -8.111750068566113)
2024,CORTE SELETIVO,C51L41,POINT (-61.159748872532035 -8.11084521142322)
2024,CORTE SELETIVO,C51L41,POINT (-61.16104970432976 -8.11015453180972)
2024,CORTE SELETIVO,C51L41,POINT (-61.15924735087826 -8.109952868329689)
2024,CORTE SELETIVO,C51L41,POINT (-61.16175304556031 -8.10905219981874)
2024,CORTE SELETIVO,C51L41,POINT (-61.16174649280816 -8.108853415573789)
2024,CORTE SELETIVO,C51L41,POINT (-61.15634585409277 -8.24155465712451)
2024,CORTE SELETIVO,C51L41,POINT (-61.15704585635856 -8.120646809592781)
2024,CORTE SELETIVO,C51L41,POINT (-61.146153911008945 -8.099446942442286)
2024,CORTE SELETIVO,C51L41,POINT (-61.147154555596025 -8.099450312040672)
2024,CORTE RASO,C51L41,POINT (-61.190946264824746 -8.11174615820071)
2024,CORTE RASO,C51L41,POINT (-61.19084556257695 -8.111651435692698)
2024,CORTE RASO,C51L41,POINT (-61.20344629645568 -8.185350610827411)
2024,CORTE RASO,C51L41,POINT (-61.19944765550708 -8.185147003258816)
2024,CORTE RASO,C51L41,POINT (-61.20044562186514 -8.18515280853512)
2024,CORTE RASO,C51L41,POINT (-61.1988528757895 -8.183749084333463)
2024,CORTE RASO,C51L41,POINT (-61.198550403612785 -8.18305311393749)
2024,CORTE SELETIVO,C51L41,POINT (-61.1953857134544 -8.239852843915697)
2024,CORTE RASO,C51L41,POINT (-61.19069853637655 -8.11185137567223)
2024,CORTE RASO,C51L41,POINT (-61.190851038402684 -8.111750868148732)
2024,CORTE RASO,C51L41,POINT (-61.21924843743242 -8.223545439441724)
2024,CORTE RASO,C51L41,POINT (-61.220348072778734 -8.223549424623629)
2024,CORTE RASO,C51L41,POINT (-61.22204950780359 -8.223552597050617)
2024,CORTE RASO,C51L41,POINT (-61.20385149961534 -8.207451027224714)
2024,CORTE RASO,C51L41,POINT (-61.203451400833046 -8.185450953342905)
2024,CORTE RASO,C51L41,POINT (-61.202487048557096 -8.185346195949279)
2024,CORTE RASO,C51L41,POINT (-61.20398017200539 -8.18535404890607)
2024,CORTE RASO,C51L41,POINT (-61.20275946107515 -8.185350910086063)
2024,CORTE RASO,C51L41,POINT (-61.203164999403754 -8.185303245137085)
2024,CORTE RASO,C51L41,POINT (-61.20625337694395 -8.178954056322292)
2024,CORTE SELETIVO,C51L41,POINT (-61.19724649966738 -8.239149123314643)
2024,CORTE RASO,C51L41,POINT (-61.201250709452225 -8.18535156290962)
2024,CORTE RASO,C51L41,POINT (-61.20144980579741 -8.185251158598359)
2024,CORTE RASO,C51L41,POINT (-61.20035405022248 -8.185250634137898)
2024,CORTE RASO,C51L41,POINT (-61.19934835659789 -8.185151315102068)
2024,CORTE RASO,C51L41,POINT (-61.2022493169743 -8.184045731459861)
2024,CORTE SELETIVO,C51L41,POINT (-61.17564654057163 -8.179754711463405)
2024,CORTE SELETIVO,C51L41,POINT (-61.157948464644974 -8.117253219451188)
2024,CORTE SELETIVO,C51L41,POINT (-61.157845987645054 -8.116651042666598)
2024,CORTE SELETIVO,C51L41,POINT (-61.19754768497616 -8.238549217331235)
2024,CORTE SELETIVO,C51L41,POINT (-61.19754738114116 -8.238250883142856)
2024,CORTE SELETIVO,C51L41,POINT (-61.19785268961817 -8.238091508578247)
2024,CORTE RASO,C51L41,POINT (-61.203946614601804 -8.208654027501249)
2024,CORTE RASO,C51L41,POINT (-61.20925048812545 -8.191091257283377)
2024,CORTE RASO,C51L41,POINT (-61.20325306154567 -8.185149754728778)
2024,CORTE RASO,C51L41,POINT (-61.19914708720871 -8.183748132696868)
2024,CORTE SELETIVO,C51L41,POINT (-61.19725098149148 -8.238652306234334)
2024,CORTE SELETIVO,C51L41,POINT (-61.19744762637375 -8.236145936266944)
2024,CORTE RASO,C51L41,POINT (-61.192050439388474 -8.114152088869128)
2024,CORTE SELETIVO,C51L41,POINT (-61.13855418337477 -8.157348457454038)
2024,CORTE SELETIVO,C51L41,POINT (-61.156750423973435 -8.120550146018049)
2024,CORTE SELETIVO,C51L41,POINT (-61.15917274524045 -8.111949965868346)
2024,CORTE SELETIVO,C51L41,POINT (-61.14804840888714 -8.099647267822068)
2024,CORTE SELETIVO,C51L41,POINT (-61.14684748140194 -8.099348884715894)
2024,CORTE SELETIVO,C51L41,POINT (-61.20694707889085 -8.246047592097602)
2024,CORTE SELETIVO,C51L41,POINT (-61.13855256940356 -8.157447048954722)
2024,CORTE SELETIVO,C51L41,POINT (-61.20395062394335 -8.228751222190542)
2024,CORTE RASO,C51L41,POINT (-61.190550764361696 -8.112445584869723)
2024,CORTE SELETIVO,C51L41,POINT (-61.16255195901137 -8.110848853067669)
2024,CORTE SELETIVO,C51L41,POINT (-61.15874995312753 -8.117746217130396)
2024,CORTE SELETIVO,C51L41,POINT (-61.160246801409 -8.117345561802619)
2024,CORTE SELETIVO,C51L41,POINT (-61.15964841090711 -8.117248948286054)
2024,CORTE SELETIVO,C51L41,POINT (-61.15974781324614 -8.117151042242488)
2024,CORTE SELETIVO,C51L41,POINT (-61.158674001843195 -8.116653591262114)
2024,CORTE SELETIVO,C51L41,POINT (-61.159252866263756 -8.11205269841017)
2024,CORTE SELETIVO,C51L41,POINT (-61.15885339662104 -8.111852381427317)
2024,CORTE SELETIVO,C51L41,POINT (-61.20426837754444 -8.247069641020182)
2024,CORTE SELETIVO,C51L41,POINT (-61.14578332570752 -8.097452011189313)
2024,CORTE SELETIVO,C51L41,POINT (-61.19625116640565 -8.240050996628744)
2024,CORTE SELETIVO,C51L41,POINT (-61.14544736298714 -8.097247291218972)
2024,CORTE SELETIVO,C51L41,POINT (-61.20444993176448 -8.232252431266984)
2024,CORTE SELETIVO,C51L41,POINT (-61.204053690871035 -8.231353865149165)
2024,CORTE SELETIVO,C51L41,POINT (-61.20384999646047 -8.230849717044586)
2024,CORTE RASO,C51L41,POINT (-61.21884890170984 -8.22404832305537)
2024,CORTE RASO,C51L41,POINT (-61.219246444268826 -8.223653554267596)
2024,CORTE RASO,C51L41,POINT (-61.220949956671696 -8.223553681800242)
2024,CORTE RASO,C51L41,POINT (-61.21864763525439 -8.223553630644197)
2024,CORTE RASO,C51L41,POINT (-61.206880093840525 -8.210344894792156)
2024,CORTE RASO,C51L41,POINT (-61.20394738981837 -8.208746717330836)
2024,CORTE RASO,C51L41,POINT (-61.20425322711059 -8.20815266027038)
2024,CORTE RASO,C51L41,POINT (-61.20394836945584 -8.207547006524573)
2024,CORTE RASO,C51L41,POINT (-61.20915428211641 -8.191052755784897)
2024,CORTE RASO,C51L41,POINT (-61.20879629710339 -8.190046809792507)
2024,CORTE SELETIVO,C51L41,POINT (-61.199750027140055 -8.239446010772776)
2024,CORTE SELETIVO,C51L41,POINT (-61.197549806302035 -8.238953607500576)
2024,CORTE SELETIVO,C51L41,POINT (-61.19754775588637 -8.238354440909992)
2024,CORTE SELETIVO,C51L41,POINT (-61.19754606833213 -8.23664537037842)
2024,CORTE SELETIVO,C51L41,POINT (-61.1994581034587 -8.236119449621594)
2024,CORTE SELETIVO,C51L41,POINT (-61.19965174685307 -8.235949911900233)
2024,CORTE SELETIVO,C51L41,POINT (-61.19754731280522 -8.235886223166425)
2024,CORTE SELETIVO,C51L41,POINT (-61.19855752100957 -8.235648988095637)
2024,CORTE SELETIVO,C51L41,POINT (-61.20105384892582 -8.235634385093238)
2024,CORTE SELETIVO,C51L41,POINT (-61.19775040620597 -8.235049894260612)
2024,CORTE SELETIVO,C51L41,POINT (-61.199048762088175 -8.235053645892968)
2024,CORTE SELETIVO,C51L41,POINT (-61.19754755531259 -8.234946074402542)
2024,CORTE SELETIVO,C51L41,POINT (-61.19845573035299 -8.234431243457628)
2024,CORTE SELETIVO,C51L41,POINT (-61.20214791266953 -8.234320732734677)
2024,CORTE SELETIVO,C51L41,POINT (-61.19865280348845 -8.233887336677913)
2024,CORTE SELETIVO,C51L41,POINT (-61.197957012815166 -8.23346295999383)
2024,CORTE SELETIVO,C51L41,POINT (-61.20083298773523 -8.233570129747166)
2024,CORTE SELETIVO,C51L41,POINT (-61.20144928969964 -8.233637129810036)
2024,CORTE SELETIVO,C51L41,POINT (-61.19814778484225 -8.23325226132767)
2024,CORTE SELETIVO,C51L41,POINT (-61.201147590121685 -8.233253242957467)
2024,CORTE SELETIVO,C51L41,POINT (-61.20315417591845 -8.233050204552931)
2024,CORTE SELETIVO,C51L41,POINT (-61.19775439946256 -8.232853887964323)
2024,CORTE SELETIVO,C51L41,POINT (-61.19794925054894 -8.232867993733775)
2024,CORTE SELETIVO,C51L41,POINT (-61.20384543808675 -8.232253132877139)
2024,CORTE SELETIVO,C51L41,POINT (-61.203699518622535 -8.231149565456475)
2024,CORTE SELETIVO,C51L41,POINT (-61.203647667190936 -8.23056794720821)
2024,CORTE SELETIVO,C51L41,POINT (-61.20371070128058 -8.229549949741777)
2024,CORTE SELETIVO,C51L41,POINT (-61.20364723823025 -8.229324159960646)
2024,CORTE SELETIVO,C51L41,POINT (-61.20294812355667 -8.22888206835117)
2024,CORTE SELETIVO,C51L41,POINT (-61.20314547783933 -8.228546776780394)
2024,CORTE RASO,C51L41,POINT (-61.201452578972436 -8.185350331086012)
2024,CORTE RASO,C51L41,POINT (-61.203149973456156 -8.185151441669849)
2024,CORTE RASO,C51L41,POINT (-61.20295021224518 -8.185149630861483)
2024,CORTE SELETIVO,C51L41,POINT (-61.19745176542546 -8.238648309535908)
2024,CORTE SELETIVO,C51L41,POINT (-61.19749792472292 -8.236270758804073)
2024,CORTE SELETIVO,C51L41,POINT (-61.19735050173502 -8.235348775840697)
2024,CORTE RASO,C51L41,POINT (-61.19205286328337 -8.114051063304359)
2024,CORTE RASO,C51L41,POINT (-61.19184889393696 -8.11405077209768)
2024,CORTE RASO,C51L41,POINT (-61.19174340536448 -8.113846029689)
2024,CORTE RASO,C51L41,POINT (-61.189538152895146 -8.113737076679516)
2024,CORTE RASO,C51L41,POINT (-61.189654552811376 -8.1134476778069)
2024,CORTE RASO,C51L41,POINT (-61.192646338092544 -8.113450035877285)
2024,CORTE RASO,C51L41,POINT (-61.18975152445786 -8.113251396421726)
2024,CORTE RASO,C51L41,POINT (-61.19185305143683 -8.113248213491726)
2024,CORTE RASO,C51L41,POINT (-61.1898527691749 -8.113048697183105)
2024,CORTE RASO,C51L41,POINT (-61.190847230553295 -8.112349690213945)
2024,CORTE RASO,C51L41,POINT (-61.19114634171248 -8.112147314449503)
2024,CORTE SELETIVO,C51L41,POINT (-61.17274880451094 -8.200046110038851)
2024,CORTE SELETIVO,C51L41,POINT (-61.16014707862055 -8.119548295002451)
2024,CORTE SELETIVO,C51L41,POINT (-61.157850997127134 -8.11944839302694)
2024,CORTE SELETIVO,C51L41,POINT (-61.16004936868593 -8.119452258572997)
2024,CORTE SELETIVO,C51L41,POINT (-61.15994657131618 -8.119250746114838)
2024,CORTE SELETIVO,C51L41,POINT (-61.15764583191317 -8.117649311301223)
2024,CORTE SELETIVO,C51L41,POINT (-61.15774759147091 -8.117551123513492)
2024,CORTE SELETIVO,C51L41,POINT (-61.160354037266174 -8.117348438963067)
2024,CORTE SELETIVO,C51L41,POINT (-61.157939964118114 -8.117346075967255)
2024,CORTE SELETIVO,C51L41,POINT (-61.16025042039188 -8.11725357320775)
2024,CORTE SELETIVO,C51L41,POINT (-61.16225078219277 -8.116146436046405)
2024,CORTE SELETIVO,C51L41,POINT (-61.16194622927726 -8.11594598890357)
2024,CORTE SELETIVO,C51L41,POINT (-61.16194848979521 -8.115750324470975)
2024,CORTE SELETIVO,C51L41,POINT (-61.162849534113185 -8.113154279959632)
2024,CORTE SELETIVO,C51L41,POINT (-61.15935368631309 -8.111852236176382)
2024,CORTE SELETIVO,C51L41,POINT (-61.16214732002759 -8.110651902209282)
2024,CORTE SELETIVO,C51L41,POINT (-61.161847009556766 -8.10914681453856)
2024,CORTE SELETIVO,C51L41,POINT (-61.16175236520054 -8.10894628101897)
2024,CORTE SELETIVO,C51L41,POINT (-61.11644031834151 -8.232747878019477)
2024,CORTE SELETIVO,C51L41,POINT (-61.15704650602622 -8.120553356243759)
2024,CORTE SELETIVO,C51L41,POINT (-61.15685151626964 -8.120552811310212)
2024,CORTE SELETIVO,C51L41,POINT (-61.15744550376289 -8.118845947650275)
2024,CORTE SELETIVO,C51L41,POINT (-61.148246945413604 -8.09965444973825)
2024,CORTE SELETIVO,C51L41,POINT (-61.14704964324469 -8.099453178954649)
2024,CORTE SELETIVO,C51L41,POINT (-61.1471471360446 -8.099350968984416)
2024,CORTE SELETIVO,C51L41,POINT (-61.19615433496174 -8.239953604173191)
2024,CORTE RASO,C51L41,POINT (-61.20845144956851 -8.208746012404026)
2024,CORTE SELETIVO,C51L41,POINT (-61.20445443296606 -8.247189850500634)
2024,CORTE SELETIVO,C51L41,POINT (-61.20454750730646 -8.247045286968484)
2024,CORTE SELETIVO,C51L41,POINT (-61.20445344582303 -8.246952646512682)
2024,CORTE SELETIVO,C51L41,POINT (-61.20105693818376 -8.244350779888903)
2024,CORTE SELETIVO,C51L41,POINT (-61.195246427825474 -8.239850235263441)
2024,CORTE SELETIVO,C51L41,POINT (-61.200953101382574 -8.24414798675176)
2024,CORTE RASO,C51L41,POINT (-61.20574772250986 -8.18514933499631)
2024,CORTE SELETIVO,C51L41,POINT (-61.201152909595685 -8.244550958829675)
2024,CORTE SELETIVO,C51L41,POINT (-61.21515027486864 -8.2494458177329)
2024,CORTE SELETIVO,C51L41,POINT (-61.20602260903139 -8.249050335050828)
2024,CORTE SELETIVO,C51L41,POINT (-61.21465362544073 -8.248907690369673)
2024,CORTE SELETIVO,C51L41,POINT (-61.205749311089626 -8.248919653701142)
2024,CORTE SELETIVO,C51L41,POINT (-61.21165329964745 -8.248445735890506)
2024,CORTE SELETIVO,C51L41,POINT (-61.211488443975604 -8.248256553623168)
2024,CORTE SELETIVO,C51L41,POINT (-61.20575223738768 -8.247554243727478)
2024,CORTE SELETIVO,C51L41,POINT (-61.20443342260311 -8.247359402676118)
2024,CORTE SELETIVO,C51L41,POINT (-61.20455039686604 -8.247157093072436)
2024,CORTE SELETIVO,C51L41,POINT (-61.21033835290731 -8.247149273417213)
2024,CORTE SELETIVO,C51L41,POINT (-61.20490712857827 -8.246758393256899)
2024,CORTE SELETIVO,C51L41,POINT (-61.20645054756487 -8.246352088391685)
2024,CORTE SELETIVO,C51L41,POINT (-61.206349705208154 -8.246250446955854)
2024,CORTE SELETIVO,C51L41,POINT (-61.20644564561419 -8.246103511407457)
2024,CORTE SELETIVO,C51L41,POINT (-61.20693381447277 -8.245923733552628)
2024,CORTE SELETIVO,C51L41,POINT (-61.20674992039966 -8.244949432623748)
2024,CORTE SELETIVO,C51L41,POINT (-61.20450277346445 -8.244849823292203)
2024,CORTE SELETIVO,C51L41,POINT (-61.20465097319505 -8.24435554443979)
2024,CORTE SELETIVO,C51L41,POINT (-61.20463310728428 -8.242842587858725)
2024,CORTE SELETIVO,C51L41,POINT (-61.20515170739509 -8.242145427553028)
2024,CORTE SELETIVO,C51L41,POINT (-61.20494867908604 -8.242082330801235)
2024,CORTE SELETIVO,C51L41,POINT (-61.20544868769558 -8.240752557435325)
2024,CORTE SELETIVO,C51L41,POINT (-61.20455070137749 -8.24045076099666)
2024,CORTE SELETIVO,C51L41,POINT (-61.2047506195116 -8.240322951270361)
2024,CORTE SELETIVO,C51L41,POINT (-61.20455239351528 -8.239192651999092)
2024,CORTE SELETIVO,C51L41,POINT (-61.204348626236076 -8.232245883891755)
2024,CORTE SELETIVO,C51L41,POINT (-61.20445450697622 -8.232145889063924)
2024,CORTE SELETIVO,C51L41,POINT (-61.20455037904989 -8.230147828876055)
2024,CORTE RASO,C51L41,POINT (-61.20654576511313 -8.207248473266684)
2024,CORTE RASO,C51L41,POINT (-61.20595986258158 -8.207154582605494)
2024,CORTE RASO,C51L41,POINT (-61.2049486201213 -8.207153731642448)
2024,CORTE RASO,C51L41,POINT (-61.2090524408752 -8.191153469162082)
2024,CORTE RASO,C51L41,POINT (-61.20884672027045 -8.190146559575947)
2024,CORTE SELETIVO,C51L41,POINT (-61.20174704654113 -8.248780350698349)
2024,CORTE SELETIVO,C51L41,POINT (-61.20225263851533 -8.24815061696815)
2024,CORTE SELETIVO,C51L41,POINT (-61.20394936707246 -8.24808533956481)
2024,CORTE SELETIVO,C51L41,POINT (-61.20214665622914 -8.248051104762714)
2024,CORTE SELETIVO,C51L41,POINT (-61.20376774931603 -8.247949156503815)
2024,CORTE SELETIVO,C51L41,POINT (-61.20234734797205 -8.247247378458948)
2024,CORTE SELETIVO,C51L41,POINT (-61.20195063296652 -8.246646492610514)
2024,CORTE SELETIVO,C51L41,POINT (-61.202188834432256 -8.24660402411486)
2024,CORTE SELETIVO,C51L41,POINT (-61.20330155280107 -8.245265882968154)
2024,CORTE SELETIVO,C51L41,POINT (-61.20344675251833 -8.245146354107726)
2024,CORTE SELETIVO,C51L41,POINT (-61.2025454058174 -8.244349361787622)
2024,CORTE SELETIVO,C51L41,POINT (-61.202647067509695 -8.2439515199363)
2024,CORTE SELETIVO,C51L41,POINT (-61.20304775753576 -8.24370993718384)
2024,CORTE SELETIVO,C51L41,POINT (-61.203351008317576 -8.24362633725004)
2024,CORTE SELETIVO,C51L41,POINT (-61.20346423329703 -8.24337953106724)
2024,CORTE SELETIVO,C51L41,POINT (-61.20294341371301 -8.239454410011627)
2024,CORTE SELETIVO,C51L41,POINT (-61.203951165210704 -8.238949151466137)
2024,CORTE SELETIVO,C51L41,POINT (-61.20344848616191 -8.238745589949328)
2024,CORTE SELETIVO,C51L41,POINT (-61.20194897808296 -8.23824722688772)
2024,CORTE SELETIVO,C51L41,POINT (-61.20184774371513 -8.238130660016372)
2024,CORTE SELETIVO,C51L41,POINT (-61.20168207862216 -8.23561620746184)
2024,CORTE SELETIVO,C51L41,POINT (-61.2021569895695 -8.234525700202918)
2024,CORTE SELETIVO,C51L41,POINT (-61.202447566139476 -8.234253063202603)
2024,CORTE SELETIVO,C51L41,POINT (-61.20253812171144 -8.233968622496919)
2024,CORTE SELETIVO,C51L41,POINT (-61.20217251945199 -8.233328680885435)
2024,CORTE SELETIVO,C51L41,POINT (-61.20344436192914 -8.233035418111639)
2024,CORTE SELETIVO,C51L41,POINT (-61.20283012122641 -8.232659668105871)
2024,CORTE SELETIVO,C51L41,POINT (-61.201654030126164 -8.232847748763108)
2024,CORTE SELETIVO,C51L41,POINT (-61.203354456385085 -8.232653281320088)
2024,CORTE SELETIVO,C51L41,POINT (-61.204085370457136 -8.2325508854237)
2024,CORTE SELETIVO,C51L41,POINT (-61.20408660319462 -8.23235036073604)
2024,CORTE SELETIVO,C51L41,POINT (-61.20325400139535 -8.23214882939374)
2024,CORTE SELETIVO,C51L41,POINT (-61.203150829289406 -8.232052913621708)
2024,CORTE SELETIVO,C51L41,POINT (-61.20364113568163 -8.231335503665525)
2024,CORTE SELETIVO,C51L41,POINT (-61.2038466099908 -8.231054315511482)
2024,CORTE SELETIVO,C51L41,POINT (-61.20375115588851 -8.230716029084688)
2024,CORTE SELETIVO,C51L41,POINT (-61.203513317418704 -8.230680467625186)
2024,CORTE SELETIVO,C51L41,POINT (-61.203821091283324 -8.229654223415519)
2024,CORTE SELETIVO,C51L41,POINT (-61.20345015488987 -8.229546039456153)
2024,CORTE SELETIVO,C51L41,POINT (-61.20374913644344 -8.22937508247129)
2024,CORTE SELETIVO,C51L41,POINT (-61.20354811810109 -8.22926052403537)
2024,CORTE SELETIVO,C51L41,POINT (-61.20334327157022 -8.229121959411998)
2024,CORTE SELETIVO,C51L41,POINT (-61.2037515168513 -8.229046929831137)
2024,CORTE SELETIVO,C51L41,POINT (-61.203849601589376 -8.228950326264359)
2024,CORTE SELETIVO,C51L41,POINT (-61.20365073368817 -8.228754747400922)
2024,CORTE RASO,C51L41,POINT (-61.20384785359025 -8.208748067971337)
2024,CORTE RASO,C51L41,POINT (-61.20325430408257 -8.185450515984021)
2024,CORTE SELETIVO,C51L41,POINT (-61.20125391070588 -8.247544940991611)
2024,CORTE SELETIVO,C51L41,POINT (-61.19974701861785 -8.246437495127562)
2024,CORTE SELETIVO,C51L41,POINT (-61.2012530087838 -8.24519101966011)
2024,CORTE SELETIVO,C51L41,POINT (-61.201249104975425 -8.244763990558619)
2024,CORTE SELETIVO,C51L41,POINT (-61.1998068787499 -8.239548610734248)
2024,CORTE SELETIVO,C51L41,POINT (-61.20088349839895 -8.239052297175617)
2024,CORTE SELETIVO,C51L41,POINT (-61.201187938773344 -8.23894704644528)
2024,CORTE SELETIVO,C51L41,POINT (-61.20054874038362 -8.238545279822587)
2024,CORTE SELETIVO,C51L41,POINT (-61.200752887285276 -8.238554410749742)
2024,CORTE SELETIVO,C51L41,POINT (-61.200851109933026 -8.238351630743812)
2024,CORTE SELETIVO,C51L41,POINT (-61.200745872826026 -8.238176262734374)
2024,CORTE SELETIVO,C51L41,POINT (-61.20124902444415 -8.237853455354252)
2024,CORTE SELETIVO,C51L41,POINT (-61.200753572683674 -8.237860919813787)
2024,CORTE SELETIVO,C51L41,POINT (-61.2012491163229 -8.237650841654636)
2024,CORTE SELETIVO,C51L41,POINT (-61.19948471876114 -8.236253030321311)
2024,CORTE SELETIVO,C51L41,POINT (-61.199950725664166 -8.236093216301892)
2024,CORTE SELETIVO,C51L41,POINT (-61.19968742173842 -8.236052080944537)
2024,CORTE SELETIVO,C51L41,POINT (-61.20112571462367 -8.235853445809289)
2024,CORTE SELETIVO,C51L41,POINT (-61.20165300776131 -8.234494985478022)
2024,CORTE SELETIVO,C51L41,POINT (-61.201447607385276 -8.234291589851573)
2024,CORTE SELETIVO,C51L41,POINT (-61.200844450120194 -8.233826992999488)
2024,CORTE SELETIVO,C51L41,POINT (-61.201170207153766 -8.23364682857931)
2024,CORTE SELETIVO,C51L41,POINT (-61.201545441132694 -8.233640194260952)
2024,CORTE SELETIVO,C51L41,POINT (-61.20134903934214 -8.233349551297506)
2024,CORTE SELETIVO,C51L41,POINT (-61.20014689585732 -8.233279015246868)
2024,CORTE SELETIVO,C51L41,POINT (-61.201249328575074 -8.23325127998553)
2024,CORTE SELETIVO,C51L41,POINT (-61.20055137404873 -8.232905031350267)
2024,CORTE SELETIVO,C51L41,POINT (-61.199753440990165 -8.232949808187263)
2024,CORTE SELETIVO,C51L41,POINT (-61.201300072164464 -8.23264611445089)
2024,CORTE SELETIVO,C51L41,POINT (-61.19904540354719 -8.239696318872856)
2024,CORTE SELETIVO,C51L41,POINT (-61.199453283522985 -8.239545828544339)
2024,CORTE SELETIVO,C51L41,POINT (-61.19755079562534 -8.238650486505971)
2024,CORTE SELETIVO,C51L41,POINT (-61.197945413785 -8.23615265841666)
2024,CORTE SELETIVO,C51L41,POINT (-61.19855073422138 -8.235748375820965)
2024,CORTE SELETIVO,C51L41,POINT (-61.198650782288546 -8.235548700431107)
2024,CORTE SELETIVO,C51L41,POINT (-61.19843259334744 -8.235545613804218)
2024,CORTE SELETIVO,C51L41,POINT (-61.19845211607372 -8.235245938899421)
2024,CORTE SELETIVO,C51L41,POINT (-61.198619708820154 -8.235051519022369)
2024,CORTE SELETIVO,C51L41,POINT (-61.19930483133824 -8.23505365234346)
2024,CORTE SELETIVO,C51L41,POINT (-61.19810489131023 -8.23525121206373)
2024,CORTE SELETIVO,C51L41,POINT (-61.198248034242724 -8.234951677057031)
2024,CORTE SELETIVO,C51L41,POINT (-61.19854979286159 -8.234810928358545)
2024,CORTE SELETIVO,C51L41,POINT (-61.19795195835876 -8.23464523370957)
2024,CORTE SELETIVO,C51L41,POINT (-61.19775161355846 -8.234654584816312)
2024,CORTE SELETIVO,C51L41,POINT (-61.1985490826552 -8.234346664449783)
2024,CORTE SELETIVO,C51L41,POINT (-61.19884604025579 -8.234148973678364)
2024,CORTE SELETIVO,C51L41,POINT (-61.19804929415442 -8.234152048898263)
2024,CORTE SELETIVO,C51L41,POINT (-61.197851839322055 -8.23414684458761)
2024,CORTE SELETIVO,C51L41,POINT (-61.19855241239011 -8.23404799274375)
2024,CORTE SELETIVO,C51L41,POINT (-61.19885208950465 -8.233946355771101)
2024,CORTE SELETIVO,C51L41,POINT (-61.197845680938 -8.233951879166256)
2024,CORTE SELETIVO,C51L41,POINT (-61.198652990800106 -8.233745732139276)
2024,CORTE SELETIVO,C51L41,POINT (-61.198180672922426 -8.233401541893613)
2024,CORTE SELETIVO,C51L41,POINT (-61.197848127212495 -8.232949974731245)
2024,CORTE RASO,C51L41,POINT (-61.1991481157577 -8.183943376898304)
2024,CORTE SELETIVO,C51L41,POINT (-61.19645376408331 -8.240053243178119)
2024,CORTE SELETIVO,C51L41,POINT (-61.19745018322373 -8.235648301299758)
2024,CORTE RASO,C51L41,POINT (-61.19304758758721 -8.188715100160294)
2024,CORTE RASO,C51L41,POINT (-61.19285184080762 -8.188551386988678)
2024,CORTE RASO,C51L41,POINT (-61.19255497588842 -8.188547872527353)
2024,CORTE RASO,C51L41,POINT (-61.19224737654816 -8.188452010269422)
2024,CORTE SELETIVO,C51L41,POINT (-61.11660948857844 -8.232651408300722)
2024,CORTE SELETIVO,C51L41,POINT (-61.11645352883829 -8.23255047504635)
2024,CORTE SELETIVO,C51L41,POINT (-61.14734965418714 -8.09985426322714)
2024,CORTE SELETIVO,C51L41,POINT (-61.201047606486185 -8.244152104113223)
2024,CORTE SELETIVO,C51L41,POINT (-61.2151463969884 -8.24925003008737)
2024,CORTE SELETIVO,C51L41,POINT (-61.21505303376827 -8.24906084558416)
2024,CORTE SELETIVO,C51L41,POINT (-61.21465283272248 -8.24864849553205)
2024,CORTE SELETIVO,C51L41,POINT (-61.21149006996037 -8.248145051205794)
2024,CORTE SELETIVO,C51L41,POINT (-61.20405324857931 -8.248045701526332)
2024,CORTE SELETIVO,C51L41,POINT (-61.210345971482525 -8.246965148189211)
2024,CORTE SELETIVO,C51L41,POINT (-61.206447651048265 -8.246254393156411)
2024,CORTE SELETIVO,C51L41,POINT (-61.20635252639268 -8.24614787578947)
2024,CORTE SELETIVO,C51L41,POINT (-61.204750382112465 -8.244549750776281)
2024,CORTE SELETIVO,C51L41,POINT (-61.204652494807284 -8.244251808674369)
2024,CORTE SELETIVO,C51L41,POINT (-61.20365389321967 -8.243346720109148)
2024,CORTE SELETIVO,C51L41,POINT (-61.2047306598745 -8.24266568482742)
2024,CORTE SELETIVO,C51L41,POINT (-61.204853371302626 -8.242147182818119)
2024,CORTE SELETIVO,C51L41,POINT (-61.2050727503743 -8.242063568107426)
2024,CORTE SELETIVO,C51L41,POINT (-61.20544923710508 -8.240647033029399)
2024,CORTE SELETIVO,C51L41,POINT (-61.205252689968596 -8.240548710289474)
2024,CORTE SELETIVO,C51L41,POINT (-61.20454713479069 -8.240345232521465)
2024,CORTE SELETIVO,C51L41,POINT (-61.204876715110004 -8.240346697990889)
2024,CORTE SELETIVO,C51L41,POINT (-61.204152907292865 -8.238846340134161)
2024,CORTE SELETIVO,C51L41,POINT (-61.203947413531644 -8.238689152710702)
2024,CORTE SELETIVO,C51L41,POINT (-61.20425193500564 -8.232547664618078)
2024,CORTE SELETIVO,C51L41,POINT (-61.204045969267305 -8.232447087083498)
2024,CORTE SELETIVO,C51L41,POINT (-61.20395050832951 -8.2323496717186)
2024,CORTE SELETIVO,C51L41,POINT (-61.204219369773945 -8.232146305486195)
2024,CORTE SELETIVO,C51L41,POINT (-61.20404689844402 -8.231254301022965)
2024,CORTE SELETIVO,C51L41,POINT (-61.203953335408436 -8.231145221237009)
2024,CORTE SELETIVO,C51L41,POINT (-61.2036529470091 -8.231054782984911)
2024,CORTE SELETIVO,C51L41,POINT (-61.203950475329435 -8.23085260850939)
2024,CORTE SELETIVO,C51L41,POINT (-61.2044464703781 -8.228592339482388)
2024,CORTE RASO,C51L41,POINT (-61.204848378746995 -8.207248026922905)
2024,CORTE SELETIVO,C51L41,POINT (-61.2019454336579 -8.24875104407368)
2024,CORTE SELETIVO,C51L41,POINT (-61.2020463679037 -8.2486480796822)
2024,CORTE SELETIVO,C51L41,POINT (-61.20175028885287 -8.24865403307829)
2024,CORTE SELETIVO,C51L41,POINT (-61.20194716275086 -8.248545611630485)
2024,CORTE SELETIVO,C51L41,POINT (-61.20224967410565 -8.248045481106066)
2024,CORTE SELETIVO,C51L41,POINT (-61.202152993596705 -8.247954450656245)
2024,CORTE SELETIVO,C51L41,POINT (-61.20205434605841 -8.246645421504663)
2024,CORTE SELETIVO,C51L41,POINT (-61.203448898985684 -8.245247781351182)
2024,CORTE SELETIVO,C51L41,POINT (-61.20335082425943 -8.245147174959456)
2024,CORTE SELETIVO,C51L41,POINT (-61.20314863482743 -8.245153100205322)
2024,CORTE SELETIVO,C51L41,POINT (-61.20274915190047 -8.243952394220624)
2024,CORTE SELETIVO,C51L41,POINT (-61.202645896920835 -8.243851713529642)
2024,CORTE SELETIVO,C51L41,POINT (-61.20314966438714 -8.243545290008214)
2024,CORTE SELETIVO,C51L41,POINT (-61.203546089483964 -8.243149365279708)
2024,CORTE SELETIVO,C51L41,POINT (-61.203446949512184 -8.243054647074144)
2024,CORTE SELETIVO,C51L41,POINT (-61.20205307469685 -8.24174533813453)
2024,CORTE SELETIVO,C51L41,POINT (-61.20291715620696 -8.241450644323438)
2024,CORTE SELETIVO,C51L41,POINT (-61.20305137154686 -8.241310084024304)
2024,CORTE SELETIVO,C51L41,POINT (-61.2025528152855 -8.23985141451562)
2024,CORTE SELETIVO,C51L41,POINT (-61.202649439056735 -8.233846449295752)
2024,CORTE SELETIVO,C51L41,POINT (-61.20235211590189 -8.233349607467712)
2024,CORTE SELETIVO,C51L41,POINT (-61.20204966644738 -8.233253052313227)
2024,CORTE SELETIVO,C51L41,POINT (-61.20255008461038 -8.23314905306768)
2024,CORTE SELETIVO,C51L41,POINT (-61.20175081220068 -8.233147911008073)
2024,CORTE SELETIVO,C51L41,POINT (-61.203246919512296 -8.233140835829772)
2024,CORTE SELETIVO,C51L41,POINT (-61.20234984242541 -8.23314229980488)
2024,CORTE SELETIVO,C51L41,POINT (-61.201848247946145 -8.233048910632188)
2024,CORTE SELETIVO,C51L41,POINT (-61.202847940607185 -8.232945240061893)
2024,CORTE SELETIVO,C51L41,POINT (-61.203547344488626 -8.23295316312711)
2024,CORTE SELETIVO,C51L41,POINT (-61.2033493530964 -8.232798727261029)
2024,CORTE SELETIVO,C51L41,POINT (-61.20164971838108 -8.232746154985241)
2024,CORTE SELETIVO,C51L41,POINT (-61.203248856722034 -8.232545637550336)
2024,CORTE SELETIVO,C51L41,POINT (-61.203246908005646 -8.232052312115044)
2024,CORTE SELETIVO,C51L41,POINT (-61.20345399425185 -8.229406210689557)
2024,CORTE SELETIVO,C51L41,POINT (-61.19994890148457 -8.24628026696407)
2024,CORTE SELETIVO,C51L41,POINT (-61.20124770650843 -8.2450502362108)
2024,CORTE SELETIVO,C51L41,POINT (-61.20135453339189 -8.244645250536857)
2024,CORTE SELETIVO,C51L41,POINT (-61.20134771318728 -8.244450465467649)
2024,CORTE SELETIVO,C51L41,POINT (-61.200488472791584 -8.241104915941396)
2024,CORTE SELETIVO,C51L41,POINT (-61.20123025196353 -8.241048713972777)
2024,CORTE SELETIVO,C51L41,POINT (-61.20035214433684 -8.240550510191683)
2024,CORTE SELETIVO,C51L41,POINT (-61.20044981703478 -8.240352425506627)
2024,CORTE SELETIVO,C51L41,POINT (-61.199849830695996 -8.239449360637277)
2024,CORTE SELETIVO,C51L41,POINT (-61.19945307694027 -8.23944802352009)
2024,CORTE SELETIVO,C51L41,POINT (-61.199751925368346 -8.239354001543717)
2024,CORTE SELETIVO,C51L41,POINT (-61.2009490799695 -8.23915391994989)
2024,CORTE SELETIVO,C51L41,POINT (-61.20104530140495 -8.23898138407381)
2024,CORTE SELETIVO,C51L41,POINT (-61.20065199985965 -8.238549353762686)
2024,CORTE SELETIVO,C51L41,POINT (-61.200547670068964 -8.238353912104914)
2024,CORTE SELETIVO,C51L41,POINT (-61.20084787436583 -8.23824827761274)
2024,CORTE SELETIVO,C51L41,POINT (-61.20075142706654 -8.23804883978745)
2024,CORTE SELETIVO,C51L41,POINT (-61.20104579997054 -8.237747426452561)
2024,CORTE SELETIVO,C51L41,POINT (-61.20125153613399 -8.237553788604261)
2024,CORTE SELETIVO,C51L41,POINT (-61.20095354697799 -8.235549704025424)
2024,CORTE SELETIVO,C51L41,POINT (-61.19825310407314 -8.235292533140258)
2024,CORTE SELETIVO,C51L41,POINT (-61.19894740076608 -8.234249543449312)
2024,CORTE SELETIVO,C51L41,POINT (-61.1983685021499 -8.233646761272071)
2024,CORTE SELETIVO,C51L41,POINT (-61.19835339003762 -8.23299571817962)
2024,CORTE SELETIVO,C51L41,POINT (-61.19824745548886 -8.232853134762657)
2024,CORTE SELETIVO,C51L41,POINT (-61.197345767407995 -8.239248220827536)
2024,CORTE SELETIVO,C51L41,POINT (-61.19754699775811 -8.236847754721449)
2024,CORTE SELETIVO,C51L41,POINT (-61.19804802583146 -8.236151229321953)
2024,CORTE SELETIVO,C51L41,POINT (-61.19794875841611 -8.236049230635885)
2024,CORTE SELETIVO,C51L41,POINT (-61.19744699520207 -8.235347698088425)
2024,CORTE SELETIVO,C51L41,POINT (-61.198048052909904 -8.23405425293627)
2024,CORTE SELETIVO,C51L41,POINT (-61.19814957393358 -8.233703284362127)
2024,CORTE RASO,C51L41,POINT (-61.19225342149819 -8.188350249630478)
2024,CORTE RASO,C51L41,POINT (-61.19154870677546 -8.113845886814644)
2024,CORTE RASO,C51L41,POINT (-61.192750928547945 -8.113351296351803)
2024,CORTE RASO,C51L41,POINT (-61.191551142861215 -8.112251486009649)
2024,CORTE SELETIVO,C51L41,POINT (-61.16004982055286 -8.117298658376894)
2024,CORTE SELETIVO,C51L41,POINT (-61.159747464829735 -8.117250699915253)
2024,CORTE SELETIVO,C51L41,POINT (-61.16233197064195 -8.11625881246283)
2024,CORTE SELETIVO,C51L41,POINT (-61.16235033088241 -8.116050551209081)
2024,CORTE SELETIVO,C51L41,POINT (-61.16215388760083 -8.115953615227312)
2024,CORTE SELETIVO,C51L41,POINT (-61.15914663144694 -8.111845213726031)
2024,CORTE SELETIVO,C51L41,POINT (-61.15995188054673 -8.108149521308302)
2024,CORTE SELETIVO,C51L41,POINT (-61.19875456670965 -8.234582668560975)
2024,CORTE SELETIVO,C51L41,POINT (-61.20304953862638 -8.2286528817952)
2024,CORTE SELETIVO,C51L41,POINT (-61.20114846728613 -8.244647818697873)
2024,CORTE SELETIVO,C51L41,POINT (-61.20365084784719 -8.230407771385385)
2024,CORTE SELETIVO,C51L41,POINT (-61.216152246485024 -8.22874688151467)
2024,CORTE SELETIVO,C51L41,POINT (-61.20974834214029 -8.249596711048671)
2024,CORTE SELETIVO,C51L41,POINT (-61.21507443296453 -8.249348231006975)
2024,CORTE SELETIVO,C51L41,POINT (-61.2152507148701 -8.249245344245887)
2024,CORTE SELETIVO,C51L41,POINT (-61.21514602696787 -8.249149822270677)
2024,CORTE SELETIVO,C51L41,POINT (-61.215749490825026 -8.249051958359347)
2024,CORTE SELETIVO,C51L41,POINT (-61.21585037025107 -8.248947324236994)
2024,CORTE SELETIVO,C51L41,POINT (-61.20610258353393 -8.248674747968867)
2024,CORTE SELETIVO,C51L41,POINT (-61.214648181188956 -8.24875183549956)
2024,CORTE SELETIVO,C51L41,POINT (-61.21646930320159 -8.248547794906408)
2024,CORTE SELETIVO,C51L41,POINT (-61.211253457692784 -8.248246020669463)
2024,CORTE SELETIVO,C51L41,POINT (-61.2111589509874 -8.248054324390647)
2024,CORTE SELETIVO,C51L41,POINT (-61.20865442322678 -8.247554631200405)
2024,CORTE SELETIVO,C51L41,POINT (-61.21025027665834 -8.246952982669304)
2024,CORTE SELETIVO,C51L41,POINT (-61.20514487751582 -8.246651701480088)
2024,CORTE SELETIVO,C51L41,POINT (-61.21245449078394 -8.246270464565892)
2024,CORTE SELETIVO,C51L41,POINT (-61.21105357975202 -8.246059980782773)
2024,CORTE SELETIVO,C51L41,POINT (-61.216078201429426 -8.246145667768543)
2024,CORTE SELETIVO,C51L41,POINT (-61.21275300174196 -8.246046219202782)
2024,CORTE SELETIVO,C51L41,POINT (-61.210754168164144 -8.245956717155579)
2024,CORTE SELETIVO,C51L41,POINT (-61.209347232247495 -8.24585994393696)
2024,CORTE SELETIVO,C51L41,POINT (-61.209839854571975 -8.245747201932968)
2024,CORTE SELETIVO,C51L41,POINT (-61.20794608207049 -8.245745845284086)
2024,CORTE SELETIVO,C51L41,POINT (-61.21419400652641 -8.24535501104064)
2024,CORTE SELETIVO,C51L41,POINT (-61.210348255291166 -8.244849174597592)
2024,CORTE SELETIVO,C51L41,POINT (-61.21017574050122 -8.24444950457151)
2024,CORTE SELETIVO,C51L41,POINT (-61.20995046590415 -8.244351129946034)
2024,CORTE SELETIVO,C51L41,POINT (-61.20714612031198 -8.244081633324445)
2024,CORTE SELETIVO,C51L41,POINT (-61.210853965966564 -8.244048954935705)
2024,CORTE SELETIVO,C51L41,POINT (-61.206660947399314 -8.244022198982748)
2024,CORTE SELETIVO,C51L41,POINT (-61.21137284222864 -8.243745890522824)
2024,CORTE SELETIVO,C51L41,POINT (-61.211450288441796 -8.243546576855179)
2024,CORTE SELETIVO,C51L41,POINT (-61.210019669983076 -8.242949971529374)
2024,CORTE SELETIVO,C51L41,POINT (-61.20987490523031 -8.242749838097225)
2024,CORTE SELETIVO,C51L41,POINT (-61.21034933765602 -8.24214856188134)
2024,CORTE SELETIVO,C51L41,POINT (-61.21004655598189 -8.242047663092622)
2024,CORTE SELETIVO,C51L41,POINT (-61.2098366988862 -8.241753793436187)
2024,CORTE SELETIVO,C51L41,POINT (-61.21074334145712 -8.241639527357783)
2024,CORTE SELETIVO,C51L41,POINT (-61.20995271451457 -8.241551944114748)
2024,CORTE SELETIVO,C51L41,POINT (-61.2108483770873 -8.241451185204655)
2024,CORTE SELETIVO,C51L41,POINT (-61.20184747667577 -8.248753734348568)
2024,CORTE SELETIVO,C51L41,POINT (-61.20215101676916 -8.24814836629889)
2024,CORTE SELETIVO,C51L41,POINT (-61.2011474633706 -8.24735168869003)
2024,CORTE SELETIVO,C51L41,POINT (-61.20455219080286 -8.244648390616812)
2024,CORTE SELETIVO,C51L41,POINT (-61.2047531766864 -8.244253227167471)
2024,CORTE SELETIVO,C51L41,POINT (-61.204851396590506 -8.24205402966907)
2024,CORTE SELETIVO,C51L41,POINT (-61.20175235169239 -8.241550399469068)
2024,CORTE SELETIVO,C51L41,POINT (-61.20035002066321 -8.241150588607029)
2024,CORTE SELETIVO,C51L41,POINT (-61.2008494331833 -8.240947451926472)
2024,CORTE SELETIVO,C51L41,POINT (-61.20455100595085 -8.240551675274105)
2024,CORTE SELETIVO,C51L41,POINT (-61.20033316208634 -8.24025347315081)
2024,CORTE SELETIVO,C51L41,POINT (-61.200654129049006 -8.240245289917938)
2024,CORTE SELETIVO,C51L41,POINT (-61.20285230843885 -8.239345640446482)
2024,CORTE SELETIVO,C51L41,POINT (-61.20445254251073 -8.239253975625127)
2024,CORTE SELETIVO,C51L41,POINT (-61.2026503978649 -8.239045813161276)
2024,CORTE SELETIVO,C51L41,POINT (-61.2008476455525 -8.238947796802156)
2024,CORTE SELETIVO,C51L41,POINT (-61.20404797159448 -8.238851759269668)
2024,CORTE SELETIVO,C51L41,POINT (-61.20104858989143 -8.237846711654264)
2024,CORTE SELETIVO,C51L41,POINT (-61.2011467248292 -8.237753032332671)
2024,CORTE SELETIVO,C51L41,POINT (-61.20105140624554 -8.237646801023708)
2024,CORTE SELETIVO,C51L41,POINT (-61.20024689677718 -8.236149461638972)
2024,CORTE SELETIVO,C51L41,POINT (-61.20184987646831 -8.23534557995413)
2024,CORTE SELETIVO,C51L41,POINT (-61.2022499966124 -8.234347921880289)
2024,CORTE SELETIVO,C51L41,POINT (-61.20235268913023 -8.233551575669651)
2024,CORTE SELETIVO,C51L41,POINT (-61.20154845730219 -8.233253192927315)
2024,CORTE SELETIVO,C51L41,POINT (-61.20135277883826 -8.233253796154251)
2024,CORTE SELETIVO,C51L41,POINT (-61.20261121525628 -8.233047223579161)
2024,CORTE SELETIVO,C51L41,POINT (-61.202897639549676 -8.232852102626635)
2024,CORTE SELETIVO,C51L41,POINT (-61.20295222545895 -8.232654578106809)
2024,CORTE SELETIVO,C51L41,POINT (-61.20173691876487 -8.232649016318852)
2024,CORTE SELETIVO,C51L41,POINT (-61.20424677977571 -8.232449988809673)
2024,CORTE SELETIVO,C51L41,POINT (-61.20335223788857 -8.232452438999005)
2024,CORTE SELETIVO,C51L41,POINT (-61.20394851640005 -8.231253375215351)
2024,CORTE SELETIVO,C51L41,POINT (-61.20434537621336 -8.228651482155662)
2024,CORTE RASO,C51L41,POINT (-61.204046223334224 -8.211352999875587)
2024,CORTE RASO,C51L41,POINT (-61.20356045557291 -8.185546397259875)
2024,CORTE RASO,C51L41,POINT (-61.20374718315258 -8.185453950371151)
2024,CORTE RASO,C51L41,POINT (-61.20134822856393 -8.185346770421814)
2024,CORTE RASO,C51L41,POINT (-61.201570539067006 -8.185353887949912)
2024,CORTE RASO,C51L41,POINT (-61.20097654987448 -8.185245629033188)
2024,CORTE RASO,C51L41,POINT (-61.200452499922044 -8.185251853205266)
2024,CORTE SELETIVO,C51L41,POINT (-61.19804891814048 -8.23605285652746)
2024,CORTE SELETIVO,C51L41,POINT (-61.19854637108713 -8.235952336689554)
2024,CORTE SELETIVO,C51L41,POINT (-61.198552188413984 -8.23555293320068)
2024,CORTE SELETIVO,C51L41,POINT (-61.19834802885243 -8.235235575107263)
2024,CORTE SELETIVO,C51L41,POINT (-61.20004820441824 -8.233245818750763)
2024,CORTE RASO,C51L41,POINT (-61.18945342032215 -8.113645790369405)
2024,CORTE RASO,C51L41,POINT (-61.19009148645565 -8.112746462828296)
2024,CORTE RASO,C51L41,POINT (-61.19095387711603 -8.111848994390458)
2024,CORTE SELETIVO,C51L41,POINT (-61.115149174279736 -8.233450446643719)
2024,CORTE SELETIVO,C51L41,POINT (-61.16014548681079 -8.119452540038269)
2024,CORTE SELETIVO,C51L41,POINT (-61.16014677244024 -8.117245649712391)
2024,CORTE SELETIVO,C51L41,POINT (-61.159954080738515 -8.11725098756854)
2024,CORTE SELETIVO,C51L41,POINT (-61.162247288003734 -8.116346227590165)
2024,CORTE SELETIVO,C51L41,POINT (-61.1620501563405 -8.116103483380376)
2024,CORTE SELETIVO,C51L41,POINT (-61.15884553341707 -8.11205334437447)
2024,CORTE SELETIVO,C51L41,POINT (-61.15895352700851 -8.111873559004383)
2024,CORTE SELETIVO,C51L41,POINT (-61.19555185421124 -8.23985079602209)
2024,CORTE SELETIVO,C51L41,POINT (-61.199345918014224 -8.236146637737168)
2024,CORTE SELETIVO,C51L41,POINT (-61.195946251798695 -8.239849354649257)
2024,CORTE SELETIVO,C51L41,POINT (-61.217953761328985 -8.249348607487999)
2024,CORTE SELETIVO,C51L41,POINT (-61.21654847541865 -8.248454615305668)
2024,CORTE SELETIVO,C51L41,POINT (-61.214550409107865 -8.248454558108877)
2024,CORTE SELETIVO,C51L41,POINT (-61.21254892538477 -8.24624701323612)
2024,CORTE SELETIVO,C51L41,POINT (-61.21604954731726 -8.246046069099016)
2024,CORTE SELETIVO,C51L41,POINT (-61.214148612955896 -8.245153074075958)
2024,CORTE SELETIVO,C51L41,POINT (-61.2044477790332 -8.244948019125827)
2024,CORTE SELETIVO,C51L41,POINT (-61.21014689311936 -8.244353106960727)
2024,CORTE SELETIVO,C51L41,POINT (-61.20154615692656 -8.241247488162912)
2024,CORTE SELETIVO,C51L41,POINT (-61.20074634648167 -8.241247698805015)
2024,CORTE SELETIVO,C51L41,POINT (-61.20034908252347 -8.240445297579532)
2024,CORTE SELETIVO,C51L41,POINT (-61.20024966526566 -8.240148674802361)
2024,CORTE SELETIVO,C51L41,POINT (-61.19785330562624 -8.236060458947408)
2024,CORTE SELETIVO,C51L41,POINT (-61.20425191989188 -8.2473506132663)
2024,CORTE SELETIVO,C51L41,POINT (-61.204148788655424 -8.247249672440471)
2024,CORTE SELETIVO,C51L41,POINT (-61.22417041576348 -8.22877970838497)
2024,CORTE SELETIVO,C51L41,POINT (-61.21485066096107 -8.24854742999808)
2024,CORTE SELETIVO,C51L41,POINT (-61.20234551531503 -8.248050991376966)
2024,CORTE SELETIVO,C51L41,POINT (-61.20224891842509 -8.247949350215757)
2024,CORTE SELETIVO,C51L41,POINT (-61.20375204231095 -8.247848364587234)
2024,CORTE SELETIVO,C51L41,POINT (-61.205646812542504 -8.247596285759908)
2024,CORTE SELETIVO,C51L41,POINT (-61.205850376314935 -8.247551880759847)
2024,CORTE SELETIVO,C51L41,POINT (-61.20574881176455 -8.247453249928846)
2024,CORTE SELETIVO,C51L41,POINT (-61.21604637671922 -8.245952286083858)
2024,CORTE SELETIVO,C51L41,POINT (-61.20244786646899 -8.233153424575244)
2024,CORTE SELETIVO,C51L41,POINT (-61.20184898327592 -8.23265056976201)
2024,CORTE SELETIVO,C51L41,POINT (-61.2041499161134 -8.232448907282782)
2024,CORTE RASO,C51L41,POINT (-61.20404959090177 -8.207653572192504)
2024,CORTE RASO,C51L41,POINT (-61.20435129399608 -8.185376959530752)
2024,CORTE RASO,C51L41,POINT (-61.203146511947764 -8.18555477249587)
2024,CORTE RASO,C51L41,POINT (-61.205451285142836 -8.185367820406533)
2024,CORTE RASO,C51L41,POINT (-61.201952628952505 -8.185352895287947)
2024,CORTE RASO,C51L41,POINT (-61.20285168675357 -8.18524807518647)
2024,CORTE RASO,C51L41,POINT (-61.20245325794287 -8.185251973133084)
2024,CORTE RASO,C51L41,POINT (-61.20175232486852 -8.18524699918173)
2024,CORTE RASO,C51L41,POINT (-61.202753407834656 -8.185152551693466)
2024,CORTE RASO,C51L41,POINT (-61.20035408042862 -8.18535229899851)
2024,CORTE RASO,C51L41,POINT (-61.20115862586835 -8.185257150598703)
2024,CORTE RASO,C51L41,POINT (-61.200253440228785 -8.18524875246354)
2024,CORTE RASO,C51L41,POINT (-61.201549326041985 -8.185149029540371)
2024,CORTE RASO,C51L41,POINT (-61.19954876960041 -8.185154295140949)
2024,CORTE RASO,C51L41,POINT (-61.20076745062697 -8.185146981597045)
2024,CORTE RASO,C51L41,POINT (-61.201053556922034 -8.18514989251175)
2024,CORTE SELETIVO,C51L41,POINT (-61.11434633249799 -8.239351450255098)
2024,CORTE SELETIVO,C51L41,POINT (-61.172751100638 -8.199950129266103)
2024,CORTE SELETIVO,C51L41,POINT (-61.160052581991025 -8.119350617347113)
2024,CORTE SELETIVO,C51L41,POINT (-61.161950786245804 -8.11564752176544)
2024,CORTE SELETIVO,C51L41,POINT (-61.162752362567794 -8.113252340718846)
2024,CORTE SELETIVO,C51L41,POINT (-61.15895318724533 -8.112047770378522)
2024,CORTE RASO,C51L41,POINT (-61.203746317091365 -8.185551666588061)
2024,CORTE RASO,C51L41,POINT (-61.20362117485293 -8.185451043405283)
2024,CORTE RASO,C51L41,POINT (-61.20524764013496 -8.185386140043649)
2024,CORTE SELETIVO,C51L41,POINT (-61.15984623051135 -8.11715185573961)
2024,CORTE SELETIVO,C51L41,POINT (-61.204150937423705 -8.2473471967067)
2024,CORTE SELETIVO,C51L41,POINT (-61.2067508314778 -8.243846813028192)
2024,CORTE SELETIVO,C51L41,POINT (-61.126946895878234 -8.222846790151443)
2024,CORTE RASO,C51L41,POINT (-61.20525074168812 -8.18564878796618)
2024,CORTE RASO,C51L41,POINT (-61.20486135154852 -8.185369802332355)
2024,CORTE RASO,C51L41,POINT (-61.20455374705334 -8.18535323771775)
2024,CORTE RASO,C51L41,POINT (-61.189946907015404 -8.113345820755054)
2024,CORTE SELETIVO,C51L41,POINT (-61.14865419557009 -8.243153650503446)
2024,CORTE SELETIVO,C51L41,POINT (-61.12694658232104 -8.223053644904887)
2024,CORTE SELETIVO,C51L41,POINT (-61.21464890675264 -8.228954591910998)
2024,CORTE RASO,C51L41,POINT (-61.20695198710057 -8.185449412879375)
2024,CORTE RASO,C51L41,POINT (-61.20514899369282 -8.185453090097987)
2024,CORTE SELETIVO,C51L41,POINT (-61.21055411326655 -8.247254739012151)
2024,CORTE SELETIVO,C51L41,POINT (-61.210052033963464 -8.2443454840967)
2024,CORTE SELETIVO,C51L41,POINT (-61.20666206956702 -8.244149747771461)
2024,CORTE SELETIVO,C51L41,POINT (-61.206965915979566 -8.244138853004255)
2024,CORTE SELETIVO,C51L41,POINT (-61.20974746907474 -8.2431740968287)
2024,CORTE SELETIVO,C51L41,POINT (-61.20995119077337 -8.243048344992241)
2024,CORTE SELETIVO,C51L41,POINT (-61.199451233783456 -8.236352356235765)
2024,CORTE SELETIVO,C51L41,POINT (-61.20224661461434 -8.233654777207947)
2024,CORTE RASO,C51L41,POINT (-61.21894837477099 -8.224119082987132)
2024,CORTE SELETIVO,C51L41,POINT (-61.14844446763335 -8.096854050120497)
2024,CORTE SELETIVO,C51L41,POINT (-61.145951961135786 -8.097252233768263)
2024,CORTE SELETIVO,C51L41,POINT (-61.20385014378615 -8.22865414860171)
2024,CORTE SELETIVO,C51L41,POINT (-61.20355164543353 -8.24444927448768)
2024,CORTE SELETIVO,C51L41,POINT (-61.20984377842051 -8.243047844863883)
2024,CORTE SELETIVO,C51L41,POINT (-61.210151581748 -8.241952146655626)
2024,CORTE RASO,C51L41,POINT (-61.21915161839613 -8.223549221302232)
2024,CORTE RASO,C51L41,POINT (-61.20564782056689 -8.185351483116909)
2024,CORTE RASO,C51L41,POINT (-61.20264746916038 -8.185153031796853)
2024,CORTE RASO,C51L41,POINT (-61.2009487418566 -8.185148832742671)
2024,CORTE RASO,C51L41,POINT (-61.20064714300094 -8.185145889835303)
2024,CORTE SELETIVO,C51L41,POINT (-61.19985215991611 -8.246252784434331)
2024,CORTE SELETIVO,C51L41,POINT (-61.21044907176758 -8.24154900545295)
2024,CORTE SELETIVO,C51L41,POINT (-61.20084719471047 -8.241448897652848)
2024,CORTE SELETIVO,C51L41,POINT (-61.197548175959184 -8.239045219464595)
2024,CORTE SELETIVO,C51L41,POINT (-61.202127728766854 -8.233854602493365)
2024,CORTE SELETIVO,C51L41,POINT (-61.201450347630704 -8.23334683893933)
2024,CORTE SELETIVO,C51L41,POINT (-61.20255451051093 -8.23324630563876)
2024,CORTE RASO,C51L41,POINT (-61.192046863324975 -8.114301831648904)
2024,CORTE RASO,C51L41,POINT (-61.19224967183285 -8.114052108003188)
2024,CORTE RASO,C51L41,POINT (-61.192546293972676 -8.113548049892502)
2024,CORTE RASO,C51L41,POINT (-61.19195064176506 -8.113146819381072)
2024,CORTE RASO,C51L41,POINT (-61.19044614621114 -8.112550616894229)
2024,CORTE RASO,C51L41,POINT (-61.190853409644234 -8.112447674840205)
2024,CORTE RASO,C51L41,POINT (-61.19065395185697 -8.112345912989172)
2024,CORTE SELETIVO,C51L41,POINT (-61.173753805554306 -8.17825322815284)
2024,CORTE SELETIVO,C51L41,POINT (-61.20415229477498 -8.247150427439513)
2024,CORTE RASO,C51L41,POINT (-61.222047093920786 -8.22391788184047)
2024,CORTE SELETIVO,C51L41,POINT (-61.096052223877464 -8.225654653714116)
2024,CORTE SELETIVO,C51L41,POINT (-61.21035041652854 -8.247245397343141)
2024,CORTE SELETIVO,C51L41,POINT (-61.197553809382356 -8.235252071781737)
2024,CORTE RASO,C51L41,POINT (-61.20975373435562 -8.186149868775392)
2024,CORTE RASO,C51L41,POINT (-61.210150373724254 -8.185953834427908)
2024,CORTE RASO,C51L41,POINT (-61.20084825700185 -8.184854268726394)
2024,CORTE RASO,C51L41,POINT (-61.207049664362614 -8.180545345300256)
2024,CORTE RASO,C51L41,POINT (-61.174813622503464 -8.098360535324721)
2024,CORTE RASO,C51L41,POINT (-61.17474861901422 -8.098652881703872)
2024,CORTE RASO,C51L41,POINT (-61.1748462798915 -8.098246979235235)
2024,CORTE SELETIVO,C51L41,POINT (-61.195052906167305 -8.239846955769949)
2024,CORTE RASO,C51L41,POINT (-61.17484560199376 -8.098550428022154)
2024,CORTE SELETIVO,C51L41,POINT (-61.12684985647372 -8.222947306851767)
2024,CORTE RASO,C51L41,POINT (-61.20965018693194 -8.13095400877153)
2024,CORTE RASO,C51L41,POINT (-61.17494610423575 -8.09834865766342)
2024,CORTE RASO,C51L41,POINT (-61.17494727794447 -8.09825124199559)
2024,CORTE RASO,C51L41,POINT (-61.17474775957319 -8.098149993238177)
2024,CORTE SELETIVO,C51L41,POINT (-61.203652230429185 -8.228448309461825)
2024,CORTE RASO,C51L41,POINT (-61.17475456263182 -8.098746569369348)
2024,CORTE RASO,C51L41,POINT (-61.17494976452917 -8.098448025581654)
2024,CORTE SELETIVO,C51L41,POINT (-61.215850665036946 -8.2490452585325)
2024,CORTE SELETIVO,C51L41,POINT (-61.21525169111643 -8.248947510083681)
2024,CORTE SELETIVO,C51L41,POINT (-61.21575447069283 -8.248847079025104)
2024,CORTE SELETIVO,C51L41,POINT (-61.204552887197146 -8.244750260685631)
2024,CORTE SELETIVO,C51L41,POINT (-61.21055008414316 -8.241848970126183)
2024,CORTE SELETIVO,C51L41,POINT (-61.21085248502822 -8.241345498715587)
2024,CORTE SELETIVO,C51L41,POINT (-61.20245019643841 -8.234148660779386)
2024,CORTE RASO,C51L41,POINT (-61.17825060370397 -8.10384452835509)
2024,CORTE RASO,C51L41,POINT (-61.17793131196992 -8.103541231609562)
2024,CORTE RASO,C51L41,POINT (-61.17755233175211 -8.10344840168482)
2024,CORTE RASO,C51L41,POINT (-61.17855190099383 -8.103254031074172)
2024,CORTE RASO,C51L41,POINT (-61.177148732375784 -8.103301796300187)
2024,CORTE RASO,C51L41,POINT (-61.17695184132024 -8.103028666295993)
2024,CORTE RASO,C51L41,POINT (-61.1774536654376 -8.102954639656266)
2024,CORTE RASO,C51L41,POINT (-61.176668838050944 -8.102846588708807)
2024,CORTE RASO,C51L41,POINT (-61.17807274569052 -8.10264740667996)
2024,CORTE RASO,C51L41,POINT (-61.17624743876022 -8.102547428776585)
2024,CORTE RASO,C51L41,POINT (-61.17625105293682 -8.102146841123732)
2024,CORTE RASO,C51L41,POINT (-61.1774540877501 -8.102037549749797)
2024,CORTE RASO,C51L41,POINT (-61.17754836140919 -8.10145357298091)
2024,CORTE RASO,C51L41,POINT (-61.17694906832719 -8.101351397618835)
2024,CORTE RASO,C51L41,POINT (-61.176838791369725 -8.10104555121283)
2024,CORTE RASO,C51L41,POINT (-61.17800611631548 -8.101056770603188)
2024,CORTE RASO,C51L41,POINT (-61.17664839080452 -8.10083543626147)
2024,CORTE RASO,C51L41,POINT (-61.17764707978292 -8.100445226327732)
2024,CORTE RASO,C51L41,POINT (-61.17705297156036 -8.100436550334994)
2024,CORTE RASO,C51L41,POINT (-61.17644816728452 -8.10034651940087)
2024,CORTE RASO,C51L41,POINT (-61.17605619428446 -8.099821617336964)
2024,CORTE RASO,C51L41,POINT (-61.17644739926312 -8.099879652713922)
2024,CORTE RASO,C51L41,POINT (-61.177407842163376 -8.099991311181885)
2024,CORTE RASO,C51L41,POINT (-61.17640701087437 -8.09843680112235)
2024,CORTE RASO,C51L41,POINT (-61.17675106477121 -8.098502064737874)
2024,CORTE SELETIVO,C51L41,POINT (-61.159852714318525 -8.119104772041224)
2024,CORTE SELETIVO,C51L41,POINT (-61.16255447549772 -8.115852500368124)
2024,CORTE RASO,C51L41,POINT (-61.17604816965513 -8.102837231957224)
2024,CORTE RASO,C51L41,POINT (-61.17604961663073 -8.102550597132305)
2024,CORTE RASO,C51L41,POINT (-61.17444959021428 -8.102175666370488)
2024,CORTE RASO,C51L41,POINT (-61.175153175458156 -8.101096114058603)
2024,CORTE RASO,C51L41,POINT (-61.174546924236864 -8.100548247502582)
2024,CORTE RASO,C51L41,POINT (-61.17465194555516 -8.10025435062703)
2024,CORTE RASO,C51L41,POINT (-61.17484815765393 -8.100199294512828)
2024,CORTE RASO,C51L41,POINT (-61.17565370183459 -8.099600978681819)
2024,CORTE RASO,C51L41,POINT (-61.17531614162092 -8.099642968350922)
2024,CORTE RASO,C51L41,POINT (-61.17588648567991 -8.099450010005613)
2024,CORTE RASO,C51L41,POINT (-61.17554941329853 -8.099187133879566)
2024,CORTE RASO,C51L41,POINT (-61.1755521939664 -8.0989482437135)
2024,CORTE RASO,C51L41,POINT (-61.17540870568162 -8.098218744212337)
2024,CORTE RASO,C51L41,POINT (-61.175652711838474 -8.098153818760014)
2024,CORTE SELETIVO,C51L41,POINT (-61.21035436124305 -8.244446347614996)
2024,CORTE SELETIVO,C51L41,POINT (-61.21014764903869 -8.244610228664067)
2024,CORTE SELETIVO,C51L41,POINT (-61.21024799100872 -8.244354074509072)
2024,CORTE SELETIVO,C51L41,POINT (-61.210067861539194 -8.244248148071218)
2024,CORTE SELETIVO,C51L41,POINT (-61.206793142033945 -8.24365250654631)
2024,CORTE RASO,C51L41,POINT (-61.208347135469964 -8.186059617619156)
2024,CORTE RASO,C51L41,POINT (-61.20671484702558 -8.180024629978513)
2024,CORTE SELETIVO,C51L41,POINT (-61.202419180070216 -8.246845960836879)
2024,CORTE SELETIVO,C51L41,POINT (-61.197152682039416 -8.240153700878523)
2024,CORTE SELETIVO,C51L41,POINT (-61.1973522683993 -8.240046841642142)
2024,CORTE SELETIVO,C51L41,POINT (-61.202946263306394 -8.228254791654548)
2024,CORTE RASO,C51L41,POINT (-61.200053220860305 -8.184947236925323)
2024,CORTE RASO,C51L41,POINT (-61.17509139731921 -8.102996318932334)
2024,CORTE RASO,C51L41,POINT (-61.17521285534634 -8.100789853822857)
2024,CORTE RASO,C51L41,POINT (-61.174843463324876 -8.099978201428147)
2024,CORTE RASO,C51L41,POINT (-61.17687581839435 -8.098972792700119)
2024,CORTE RASO,C51L41,POINT (-61.17475455578416 -8.098854567080409)
2024,CORTE RASO,C51L41,POINT (-61.17485565968144 -8.09796602429309)
2024,CORTE RASO,C51L41,POINT (-61.17434794071534 -8.102647447613402)
2024,CORTE RASO,C51L41,POINT (-61.174350920355785 -8.101897512651732)
2024,CORTE RASO,C51L41,POINT (-61.17465025305315 -8.099715024524395)
2024,CORTE RASO,C51L41,POINT (-61.174650369317234 -8.099286674403203)
2024,CORTE SELETIVO,C51L41,POINT (-61.19705326877264 -8.24024569546383)
2024,CORTE RASO,C51L41,POINT (-61.208947088846145 -8.187945814465948)
2024,CORTE RASO,C51L41,POINT (-61.20654660068075 -8.180348271779193)
2024,CORTE RASO,C51L41,POINT (-61.206352520413006 -8.18005312986778)
2024,CORTE RASO,C51L41,POINT (-61.206453326484656 -8.179754104691725)
2024,CORTE RASO,C51L41,POINT (-61.174059955386035 -8.102701055504715)
2024,CORTE RASO,C51L41,POINT (-61.174199594110135 -8.102000972619367)
2024,CORTE RASO,C51L41,POINT (-61.174685751338096 -8.10040296557334)
2024,CORTE RASO,C51L41,POINT (-61.17465093723038 -8.100136609909335)
2024,CORTE SELETIVO,C51L41,POINT (-61.14854864143911 -8.243048807693308)
2024,CORTE RASO,C51L41,POINT (-61.20644635478738 -8.180146761721364)
2024,CORTE SELETIVO,C51L41,POINT (-61.19704240362192 -8.240153621018022)
2024,CORTE RASO,C51L41,POINT (-61.17474561734733 -8.100553554011105)
2024,CORTE RASO,C51L41,POINT (-61.174848613103066 -8.100446793446302)
2024,CORTE RASO,C51L41,POINT (-61.17454751681351 -8.09904784434411)
2024,CORTE SELETIVO,C51L41,POINT (-61.2145481442871 -8.228953015983448)
2024,CORTE RASO,C51L41,POINT (-61.20605017315293 -8.208052661170504)
2024,CORTE RASO,C51L41,POINT (-61.17852489601282 -8.10125434117429)
2024,CORTE RASO,C51L41,POINT (-61.178452972454984 -8.100646727020562)
2024,CORTE RASO,C51L41,POINT (-61.178650698043995 -8.100446044973845)
2024,CORTE RASO,C51L41,POINT (-61.17865847306968 -8.100130607464472)
2024,CORTE RASO,C51L41,POINT (-61.17895048477089 -8.099649240649278)
2024,CORTE RASO,C51L41,POINT (-61.1787248702812 -8.099648674798265)
2024,CORTE RASO,C51L41,POINT (-61.17974911717334 -8.09934887119714)
2024,CORTE RASO,C51L41,POINT (-61.17875284286848 -8.099148507227449)
2024,CORTE RASO,C51L41,POINT (-61.175798646723514 -8.102552697750102)
2024,CORTE RASO,C51L41,POINT (-61.17505102789114 -8.102048264153694)
2024,CORTE RASO,C51L41,POINT (-61.17614917909067 -8.102054009978556)
2024,CORTE RASO,C51L41,POINT (-61.17535242130863 -8.101950661500748)
2024,CORTE RASO,C51L41,POINT (-61.17555326971787 -8.101945969466287)
2024,CORTE RASO,C51L41,POINT (-61.177253966643825 -8.101950391579683)
2024,CORTE RASO,C51L41,POINT (-61.17674558600153 -8.101949803679062)
2024,CORTE RASO,C51L41,POINT (-61.174654269572294 -8.101854134103505)
2024,CORTE RASO,C51L41,POINT (-61.17585839116733 -8.101459501282196)
2024,CORTE RASO,C51L41,POINT (-61.17674931151144 -8.101340395322861)
2024,CORTE RASO,C51L41,POINT (-61.17744640554366 -8.101354696487812)
2024,CORTE RASO,C51L41,POINT (-61.17694761061518 -8.101248223001997)
2024,CORTE RASO,C51L41,POINT (-61.17605114191825 -8.101246981233245)
2024,CORTE RASO,C51L41,POINT (-61.17684542727409 -8.101147120047052)
2024,CORTE RASO,C51L41,POINT (-61.17654322771721 -8.10104937954099)
2024,CORTE RASO,C51L41,POINT (-61.1766500345208 -8.10095399158193)
2024,CORTE RASO,C51L41,POINT (-61.17830739166246 -8.100447796401061)
2024,CORTE RASO,C51L41,POINT (-61.17714564454938 -8.100250831126157)
2024,CORTE RASO,C51L41,POINT (-61.17774892083728 -8.100050696409006)
2024,CORTE RASO,C51L41,POINT (-61.17803624093902 -8.099845221153211)
2024,CORTE RASO,C51L41,POINT (-61.17661852841952 -8.099747231132946)
2024,CORTE RASO,C51L41,POINT (-61.17834582808651 -8.099254125657104)
2024,CORTE RASO,C51L41,POINT (-61.17834976563969 -8.098753662682784)
2024,CORTE RASO,C51L41,POINT (-61.206448564460146 -8.1805520587066)
2024,CORTE RASO,C51L41,POINT (-61.20655293384573 -8.180450369597002)
2024,CORTE RASO,C51L41,POINT (-61.2066466993544 -8.179445642984978)
2024,CORTE RASO,C51L41,POINT (-61.174550679474336 -8.102052719971862)
2024,CORTE RASO,C51L41,POINT (-61.20854857857915 -8.211348203267542)
2024,CORTE RASO,C51L41,POINT (-61.209754493171154 -8.131150568555062)
2024,CORTE RASO,C51L41,POINT (-61.17524565314725 -8.101248534518184)
2024,CORTE RASO,C51L41,POINT (-61.17455244065273 -8.099152245617786)
2024,CORTE RASO,C51L41,POINT (-61.17464992883836 -8.099048655546726)
2024,CORTE RASO,C51L41,POINT (-61.174253972968884 -8.10225179230845)
2024,CORTE RASO,C51L41,POINT (-61.174751925616405 -8.099841416336663)
2024,CORTE RASO,C51L41,POINT (-61.206454113460495 -8.179647014292835)
2024,CORTE RASO,C51L41,POINT (-61.17405172116416 -8.102552633197101)
2024,CORTE RASO,C51L41,POINT (-61.17534901936608 -8.10125147185026)
2024,CORTE RASO,C51L41,POINT (-61.17465080652398 -8.100647401041648)
2024,CORTE SELETIVO,C51L41,POINT (-61.14854910583268 -8.24294913257886)
2024,CORTE RASO,C51L41,POINT (-61.20565312994227 -8.185052190289898)
2024,CORTE RASO,C51L41,POINT (-61.17405400372792 -8.102948673281983)
2024,CORTE RASO,C51L41,POINT (-61.20655145392929 -8.180250454986144)
2024,CORTE RASO,C51L41,POINT (-61.17415455820064 -8.102352471630441)
2024,CORTE RASO,C51L41,POINT (-61.191454048637546 -8.113253614749237)
2024,CORTE RASO,C51L41,POINT (-61.17888809063534 -8.103097035917497)
2024,CORTE RASO,C51L41,POINT (-61.17854327981705 -8.099948128113617)
2024,CORTE RASO,C51L41,POINT (-61.17805996525273 -8.099747296729635)
2024,CORTE RASO,C51L41,POINT (-61.17850882047927 -8.099747940526626)
2024,CORTE RASO,C51L41,POINT (-61.17815974817007 -8.099147842944728)
2024,CORTE RASO,C51L41,POINT (-61.17792654325974 -8.103653557732814)
2024,CORTE RASO,C51L41,POINT (-61.1774529875284 -8.103546186679443)
2024,CORTE RASO,C51L41,POINT (-61.17793720573069 -8.103306026524574)
2024,CORTE RASO,C51L41,POINT (-61.17810663795348 -8.102439650580557)
2024,CORTE RASO,C51L41,POINT (-61.17715348897395 -8.102347152937043)
2024,CORTE RASO,C51L41,POINT (-61.17684829304457 -8.102127345504956)
2024,CORTE RASO,C51L41,POINT (-61.17734689863373 -8.10184827948106)
2024,CORTE RASO,C51L41,POINT (-61.17690884786468 -8.101798558900782)
2024,CORTE RASO,C51L41,POINT (-61.17694845586029 -8.101153537471331)
2024,CORTE RASO,C51L41,POINT (-61.17675246784547 -8.100930840223663)
2024,CORTE RASO,C51L41,POINT (-61.176436021779764 -8.100220046499025)
2024,CORTE RASO,C51L41,POINT (-61.177665850939924 -8.10031725349411)
2024,CORTE RASO,C51L41,POINT (-61.177053942861406 -8.099767501389943)
2024,CORTE RASO,C51L41,POINT (-61.17725316028482 -8.099746856505043)
2024,CORTE RASO,C51L41,POINT (-61.17684024895616 -8.09944698020213)
2024,CORTE RASO,C51L41,POINT (-61.177626176367774 -8.099271533388546)
2024,CORTE RASO,C51L41,POINT (-61.17731305352386 -8.099049630101367)
2024,CORTE RASO,C51L41,POINT (-61.176646141051954 -8.098365618368618)
2024,CORTE RASO,C51L41,POINT (-61.176232296698906 -8.10184785026648)
2024,CORTE RASO,C51L41,POINT (-61.175849293444514 -8.101652851367401)
2024,CORTE RASO,C51L41,POINT (-61.17547997270676 -8.10124979404321)
2024,CORTE RASO,C51L41,POINT (-61.17630308408407 -8.101269055166133)
2024,CORTE RASO,C51L41,POINT (-61.176745564939004 -8.101147938916737)
2024,CORTE RASO,C51L41,POINT (-61.176449737780395 -8.100947955808664)
2024,CORTE RASO,C51L41,POINT (-61.176347245401786 -8.100824851597137)
2024,CORTE RASO,C51L41,POINT (-61.176052775676844 -8.100154172224364)
2024,CORTE RASO,C51L41,POINT (-61.176250523475225 -8.100046216531624)
2024,CORTE RASO,C51L41,POINT (-61.17659737553163 -8.099924568320194)
2024,CORTE RASO,C51L41,POINT (-61.17654974631725 -8.099408612016054)
2024,CORTE RASO,C51L41,POINT (-61.17455450028301 -8.098951762123537)
2024,CORTE RASO,C51L41,POINT (-61.17623173682963 -8.098335683078329)
2024,CORTE SELETIVO,C51L41,POINT (-61.203246227809906 -8.228449389254225)
2024,CORTE RASO,C51L41,POINT (-61.206552840951574 -8.17951323258484)
2024,CORTE RASO,C51L41,POINT (-61.17435394126849 -8.102253000848338)
2024,CORTE SELETIVO,C51L41,POINT (-61.20235132852347 -8.248145556856667)
2024,CORTE SELETIVO,C51L41,POINT (-61.209848026858644 -8.243245415357672)
2024,CORTE SELETIVO,C51L41,POINT (-61.2151533234216 -8.2287539776529)
2024,CORTE RASO,C51L41,POINT (-61.208850580935696 -8.187949312757397)
2024,CORTE RASO,C51L41,POINT (-61.20894815716344 -8.17944541645999)
2024,CORTE RASO,C51L41,POINT (-61.177550198431234 -8.10307847000974)
2024,CORTE RASO,C51L41,POINT (-61.17765361068213 -8.100647670797043)
2024,CORTE RASO,C51L41,POINT (-61.17784715777115 -8.100447436200309)
2024,CORTE RASO,C51L41,POINT (-61.177453421317686 -8.099448220811935)
2024,CORTE RASO,C51L41,POINT (-61.1781310695662 -8.09876589418554)
2024,CORTE RASO,C51L41,POINT (-61.17615222307655 -8.103254498141986)
2024,CORTE RASO,C51L41,POINT (-61.17724878093485 -8.103151625575098)
2024,CORTE RASO,C51L41,POINT (-61.17675249011773 -8.103150379944859)
2024,CORTE RASO,C51L41,POINT (-61.17614948475385 -8.10304539340564)
2024,CORTE RASO,C51L41,POINT (-61.176349369550586 -8.102983282129998)
2024,CORTE RASO,C51L41,POINT (-61.17735016114367 -8.102953320036747)
2024,CORTE RASO,C51L41,POINT (-61.17655225795847 -8.102952303980022)
2024,CORTE RASO,C51L41,POINT (-61.17674619991863 -8.10295330129384)
2024,CORTE RASO,C51L41,POINT (-61.17745222374943 -8.102753668098147)
2024,CORTE RASO,C51L41,POINT (-61.17674624569469 -8.102753492928997)
2024,CORTE RASO,C51L41,POINT (-61.176448668717725 -8.102748658932299)
2024,CORTE RASO,C51L41,POINT (-61.176247180564474 -8.102051981294743)
2024,CORTE RASO,C51L41,POINT (-61.17724552769249 -8.101151580626507)
2024,CORTE RASO,C51L41,POINT (-61.17745257432892 -8.10096399520487)
2024,CORTE RASO,C51L41,POINT (-61.17715440256837 -8.100746739768985)
2024,CORTE RASO,C51L41,POINT (-61.176249029393986 -8.100349263399476)
2024,CORTE RASO,C51L41,POINT (-61.17658929131478 -8.100047538541673)
2024,CORTE RASO,C51L41,POINT (-61.17724973244467 -8.099252981787338)
2024,CORTE RASO,C51L41,POINT (-61.17646661834519 -8.09895138221039)
2024,CORTE RASO,C51L41,POINT (-61.17695171620443 -8.098787782462137)
2024,CORTE RASO,C51L41,POINT (-61.17672117373814 -8.098752648759103)
2024,CORTE RASO,C51L41,POINT (-61.17715349123798 -8.098559121792714)
2024,CORTE RASO,C51L41,POINT (-61.1769393145904 -8.098270963525977)
2024,CORTE SELETIVO,C51L41,POINT (-61.16035255406694 -8.119754053713688)
2024,CORTE RASO,C51L41,POINT (-61.17595349151413 -8.103307187007264)
2024,CORTE RASO,C51L41,POINT (-61.17604797907877 -8.103145660123634)
2024,CORTE RASO,C51L41,POINT (-61.17605202221727 -8.102945798395506)
2024,CORTE RASO,C51L41,POINT (-61.17596941141485 -8.10244897322379)
2024,CORTE RASO,C51L41,POINT (-61.17405320740131 -8.102365019134709)
2024,CORTE RASO,C51L41,POINT (-61.174551439802336 -8.102250223562487)
2024,CORTE RASO,C51L41,POINT (-61.17566025224121 -8.102251536245436)
2024,CORTE RASO,C51L41,POINT (-61.174878395667236 -8.10219096179799)
2024,CORTE RASO,C51L41,POINT (-61.17464936413457 -8.101964288569418)
2024,CORTE RASO,C51L41,POINT (-61.17544731451973 -8.101953929640649)
2024,CORTE RASO,C51L41,POINT (-61.17557808955556 -8.101754241232495)
2024,CORTE RASO,C51L41,POINT (-61.17585213987242 -8.101747705057525)
2024,CORTE RASO,C51L41,POINT (-61.175345522321884 -8.101549538966784)
2024,CORTE RASO,C51L41,POINT (-61.17555240265259 -8.101549210912804)
2024,CORTE RASO,C51L41,POINT (-61.175051058784305 -8.101154505799045)
2024,CORTE RASO,C51L41,POINT (-61.17501462001275 -8.100843984773217)
2024,CORTE RASO,C51L41,POINT (-61.175738582579456 -8.10083418148413)
2024,CORTE RASO,C51L41,POINT (-61.174447280070794 -8.100654391082797)
2024,CORTE RASO,C51L41,POINT (-61.20645325474041 -8.18025165491763)
2024,CORTE RASO,C51L41,POINT (-61.21020887350828 -8.188047361973274)
2024,CORTE RASO,C51L41,POINT (-61.20974524461373 -8.187905330193813)
2024,CORTE RASO,C51L41,POINT (-61.210849169732406 -8.187065665366836)
2024,CORTE RASO,C51L41,POINT (-61.211022587633586 -8.186746980134881)
2024,CORTE RASO,C51L41,POINT (-61.20931891529938 -8.186745263506104)
2024,CORTE RASO,C51L41,POINT (-61.208750257946626 -8.186750632790726)
2024,CORTE SELETIVO,C51L41,POINT (-61.17295397058688 -8.199952031087975)
2024,CORTE RASO,C51L41,POINT (-61.173953324637495 -8.102763579325462)
2024,CORTE RASO,C51L41,POINT (-61.17474862921452 -8.10064712238529)
2024,CORTE RASO,C51L41,POINT (-61.17484662960434 -8.100546861221874)
2024,CORTE RASO,C51L41,POINT (-61.17415138802916 -8.10284637661797)
2024,CORTE RASO,C51L41,POINT (-61.20634863238996 -8.1805465463878)
2024,CORTE RASO,C51L41,POINT (-61.20634698649373 -8.180149169990923)
2024,CORTE RASO,C51L41,POINT (-61.20655055320351 -8.179652758478074)
2024,CORTE SELETIVO,C51L41,POINT (-61.157349177094495 -8.117951819501123)
2024,CORTE SELETIVO,C51L41,POINT (-61.21505146176967 -8.248952209399322)
2024,CORTE SELETIVO,C51L41,POINT (-61.2099504004572 -8.24265403390846)
2024,CORTE SELETIVO,C51L41,POINT (-61.20875118423624 -8.230150193710768)
2024,CORTE RASO,C51L41,POINT (-61.20961622824582 -8.192547063537)
2024,CORTE RASO,C51L41,POINT (-61.209847299951434 -8.192387975670627)
2024,CORTE RASO,C51L41,POINT (-61.209848707992954 -8.192145393173432)
2024,CORTE RASO,C51L41,POINT (-61.20964829818973 -8.191745402628664)
2024,CORTE RASO,C51L41,POINT (-61.20990408402522 -8.191788191792291)
2024,CORTE RASO,C51L41,POINT (-61.2100467948548 -8.19124608230655)
2024,CORTE RASO,C51L41,POINT (-61.20895236173802 -8.191145384607589)
2024,CORTE RASO,C51L41,POINT (-61.20904599127864 -8.191009355261004)
2024,CORTE RASO,C51L41,POINT (-61.20924928613353 -8.190194096329844)
2024,CORTE RASO,C51L41,POINT (-61.20854916084353 -8.190106410096677)
2024,CORTE RASO,C51L41,POINT (-61.208767910711195 -8.189853537809677)
2024,CORTE RASO,C51L41,POINT (-61.211047532347266 -8.18737023150792)
2024,CORTE RASO,C51L41,POINT (-61.21114924228078 -8.186748613935203)
2024,CORTE RASO,C51L41,POINT (-61.2094508773191 -8.182846181678823)
2024,CORTE RASO,C51L41,POINT (-61.20934770086376 -8.18261357343255)
2024,CORTE RASO,C51L41,POINT (-61.208950644945226 -8.182547594244328)
2024,CORTE RASO,C51L41,POINT (-61.209312845564796 -8.182350499468052)
2024,CORTE RASO,C51L41,POINT (-61.20874537561115 -8.1822080929525)
2024,CORTE RASO,C51L41,POINT (-61.20914645149284 -8.18214620741881)
2024,CORTE RASO,C51L41,POINT (-61.20964638085074 -8.182150381619362)
2024,CORTE RASO,C51L41,POINT (-61.20964203116864 -8.18192154624724)
2024,CORTE RASO,C51L41,POINT (-61.20955373370045 -8.181747991793088)
2024,CORTE RASO,C51L41,POINT (-61.20932240875424 -8.181810379616241)
2024,CORTE RASO,C51L41,POINT (-61.208948320004026 -8.181655260757267)
2024,CORTE RASO,C51L41,POINT (-61.20970248298658 -8.181454505784506)
2024,CORTE RASO,C51L41,POINT (-61.206751749068374 -8.179446757330235)
2024,CORTE RASO,C51L41,POINT (-61.178137065716214 -8.103837242006254)
2024,CORTE RASO,C51L41,POINT (-61.1783463889427 -8.103753316200182)
2024,CORTE RASO,C51L41,POINT (-61.17825094644083 -8.103645786113523)
2024,CORTE RASO,C51L41,POINT (-61.17773628542282 -8.103553887202214)
2024,CORTE RASO,C51L41,POINT (-61.17810762007835 -8.10352932135162)
2024,CORTE RASO,C51L41,POINT (-61.17764768860074 -8.10325006187207)
2024,CORTE RASO,C51L41,POINT (-61.17865247828361 -8.103113342681775)
2024,CORTE RASO,C51L41,POINT (-61.178952880584845 -8.100251025999917)
2024,CORTE RASO,C51L41,POINT (-61.17594729547483 -8.099745473982694)
2024,CORTE RASO,C51L41,POINT (-61.176153159231546 -8.099653087831076)
2024,CORTE RASO,C51L41,POINT (-61.178921752001465 -8.099550632615347)
2024,CORTE RASO,C51L41,POINT (-61.17824753417767 -8.09965202312403)
2024,CORTE RASO,C51L41,POINT (-61.17794699522876 -8.098609998682278)
2024,CORTE RASO,C51L41,POINT (-61.17587463139978 -8.09825247808154)
2024,CORTE RASO,C51L41,POINT (-61.17563144884924 -8.103346634922934)
2024,CORTE RASO,C51L41,POINT (-61.17474941730601 -8.103049783818216)
2024,CORTE RASO,C51L41,POINT (-61.17524956316086 -8.103045916834457)
2024,CORTE RASO,C51L41,POINT (-61.17495421571987 -8.100448851821861)
2024,CORTE RASO,C51L41,POINT (-61.17454744176281 -8.099845226683884)
2024,CORTE RASO,C51L41,POINT (-61.17525080323905 -8.099173417979246)
2024,CORTE RASO,C51L41,POINT (-61.17464540708655 -8.099154263687506)
2024,CORTE RASO,C51L41,POINT (-61.17535090976456 -8.098853675238352)
2024,CORTE RASO,C51L41,POINT (-61.17564794866642 -8.098643440141183)
2024,CORTE RASO,C51L41,POINT (-61.17535065047577 -8.098517117265638)
2024,CORTE RASO,C51L41,POINT (-61.20994989201545 -8.191648589429416)
2024,CORTE RASO,C51L41,POINT (-61.20971320470375 -8.191595163691671)
2024,CORTE RASO,C51L41,POINT (-61.209385349812095 -8.189950700936384)
2024,CORTE RASO,C51L41,POINT (-61.20915152852341 -8.189891102506945)
2024,CORTE RASO,C51L41,POINT (-61.209182958015916 -8.189088847120441)
2024,CORTE RASO,C51L41,POINT (-61.209451093963075 -8.188309469636486)
2024,CORTE RASO,C51L41,POINT (-61.20924695804219 -8.18784842503379)
2024,CORTE RASO,C51L41,POINT (-61.21082348545392 -8.187454507154392)
2024,CORTE RASO,C51L41,POINT (-61.21045266643556 -8.18744786466987)
2024,CORTE RASO,C51L41,POINT (-61.2090473919415 -8.187250832794854)
2024,CORTE RASO,C51L41,POINT (-61.20966841374983 -8.187150445472216)
2024,CORTE RASO,C51L41,POINT (-61.21085240234951 -8.187250480853134)
2024,CORTE RASO,C51L41,POINT (-61.20857451031672 -8.187123000307345)
2024,CORTE RASO,C51L41,POINT (-61.21032002449998 -8.186895373132511)
2024,CORTE RASO,C51L41,POINT (-61.209864911003876 -8.186841415963633)
2024,CORTE RASO,C51L41,POINT (-61.209640816784585 -8.186587238895285)
2024,CORTE RASO,C51L41,POINT (-61.21011806252597 -8.186423321184789)
2024,CORTE RASO,C51L41,POINT (-61.21070705575887 -8.186336849752239)
2024,CORTE RASO,C51L41,POINT (-61.208640842476555 -8.185925291002079)
2024,CORTE RASO,C51L41,POINT (-61.20990926996856 -8.186140625906386)
2024,CORTE RASO,C51L41,POINT (-61.20887265652104 -8.183788152716513)
2024,CORTE RASO,C51L41,POINT (-61.20907073146996 -8.181463109827297)
2024,CORTE RASO,C51L41,POINT (-61.20884775621473 -8.181288612299547)
2024,CORTE RASO,C51L41,POINT (-61.209245976913806 -8.180898523663572)
2024,CORTE RASO,C51L41,POINT (-61.2096954500972 -8.180589655100167)
2024,CORTE RASO,C51L41,POINT (-61.2094109957322 -8.18041768116367)
2024,CORTE RASO,C51L41,POINT (-61.210172151864086 -8.180212392955108)
2024,CORTE RASO,C51L41,POINT (-61.20890050633508 -8.179740647625193)
2024,CORTE RASO,C51L41,POINT (-61.20823810006346 -8.186575461417723)
2024,CORTE RASO,C51L41,POINT (-61.2082433227112 -8.186001444642756)
2024,CORTE RASO,C51L41,POINT (-61.20804565406545 -8.185754363854063)
2024,CORTE RASO,C51L41,POINT (-61.20541000141695 -8.185651512018616)
2024,CORTE RASO,C51L41,POINT (-61.20515458828862 -8.185645417948662)
2024,CORTE RASO,C51L41,POINT (-61.208135512519426 -8.185246101630133)
2024,CORTE RASO,C51L41,POINT (-61.200173101812084 -8.185048638704865)
2024,CORTE RASO,C51L41,POINT (-61.208718673623814 -8.184862639848843)
2024,CORTE RASO,C51L41,POINT (-61.20669189569503 -8.179639522006346)
2024,CORTE RASO,C51L41,POINT (-61.20664888712203 -8.179352936958324)
2024,CORTE RASO,C51L41,POINT (-61.19102520015912 -8.112253225571322)
2024,CORTE RASO,C51L41,POINT (-61.17704806375823 -8.10355352911902)
2024,CORTE RASO,C51L41,POINT (-61.17812226646289 -8.103265432378254)
2024,CORTE RASO,C51L41,POINT (-61.1770535828856 -8.1032481693106)
2024,CORTE RASO,C51L41,POINT (-61.17767974214193 -8.103063676731757)
2024,CORTE RASO,C51L41,POINT (-61.17634944773353 -8.102809181355742)
2024,CORTE RASO,C51L41,POINT (-61.177154655467135 -8.102767138072126)
2024,CORTE RASO,C51L41,POINT (-61.17860343880462 -8.102645935162377)
2024,CORTE RASO,C51L41,POINT (-61.176901912880574 -8.102415083224985)
2024,CORTE RASO,C51L41,POINT (-61.17645367987009 -8.102348366225973)
2024,CORTE RASO,C51L41,POINT (-61.176548793073536 -8.101849406013361)
2024,CORTE RASO,C51L41,POINT (-61.176751314823214 -8.101751564238173)
2024,CORTE RASO,C51L41,POINT (-61.17785104652551 -8.101625590256722)
2024,CORTE RASO,C51L41,POINT (-61.17711269928094 -8.101587613722788)
2024,CORTE RASO,C51L41,POINT (-61.17711809557775 -8.100900425360264)
2024,CORTE RASO,C51L41,POINT (-61.17724569489603 -8.100750862033413)
2024,CORTE RASO,C51L41,POINT (-61.17615434907953 -8.100554210505491)
2024,CORTE RASO,C51L41,POINT (-61.176154260158235 -8.100352726231606)
2024,CORTE RASO,C51L41,POINT (-61.17884986829579 -8.100391478995947)
2024,CORTE RASO,C51L41,POINT (-61.176651492312395 -8.100147065329967)
2024,CORTE RASO,C51L41,POINT (-61.17605118970053 -8.09995078055029)
2024,CORTE RASO,C51L41,POINT (-61.17805145860191 -8.099647415012559)
2024,CORTE RASO,C51L41,POINT (-61.17631496656597 -8.099413044630188)
2024,CORTE RASO,C51L41,POINT (-61.17715441749492 -8.09945155114322)
2024,CORTE RASO,C51L41,POINT (-61.176549967414275 -8.09915009413113)
2024,CORTE RASO,C51L41,POINT (-61.177358898345965 -8.098815066577808)
2024,CORTE RASO,C51L41,POINT (-61.175247260656285 -8.103153879872)
2024,CORTE RASO,C51L41,POINT (-61.174849288302944 -8.102906882075292)
2024,CORTE RASO,C51L41,POINT (-61.175938000156414 -8.102637889025328)
2024,CORTE RASO,C51L41,POINT (-61.174442538605426 -8.102428507721799)
2024,CORTE RASO,C51L41,POINT (-61.174902171010935 -8.10131355607313)
2024,CORTE RASO,C51L41,POINT (-61.174548275562 -8.10064773549645)
2024,CORTE RASO,C51L41,POINT (-61.1749891214531 -8.100590908332041)
2024,CORTE RASO,C51L41,POINT (-61.17538079943723 -8.10040506220071)
2024,CORTE RASO,C51L41,POINT (-61.17495346562983 -8.100348279580185)
2024,CORTE RASO,C51L41,POINT (-61.175196802628925 -8.09989839758545)
2024,CORTE RASO,C51L41,POINT (-61.175753961739446 -8.099568357617818)
2024,CORTE RASO,C51L41,POINT (-61.17555042131916 -8.099561909299299)
2024,CORTE RASO,C51L41,POINT (-61.17524477779622 -8.099428390118604)
2024,CORTE RASO,C51L41,POINT (-61.17474883574248 -8.099153783572081)
2024,CORTE RASO,C51L41,POINT (-61.17574644697929 -8.099107692430817)
2024,CORTE RASO,C51L41,POINT (-61.174547694565554 -8.098577756128739)
2024,CORTE RASO,C51L41,POINT (-61.17525338460441 -8.09854640316132)
2024,CORTE RASO,C51L41,POINT (-61.17570381359888 -8.09827228777511)
2024,CORTE SELETIVO,C51L41,POINT (-61.21538914538931 -8.249249364647456)
2024,CORTE SELETIVO,C51L41,POINT (-61.21525235745613 -8.249115160908293)
2024,CORTE SELETIVO,C51L41,POINT (-61.21505118912187 -8.248752969992498)
2024,CORTE SELETIVO,C51L41,POINT (-61.212554243367144 -8.24614747988959)
2024,CORTE SELETIVO,C51L41,POINT (-61.214947573260964 -8.228850409920486)
2024,CORTE SELETIVO,C51L41,POINT (-61.21535355035782 -8.228849056538179)
2024,CORTE SELETIVO,C51L41,POINT (-61.21505079301249 -8.22875238453632)
2024,CORTE RASO,C51L41,POINT (-61.21015104933891 -8.193054408788308)
2024,CORTE RASO,C51L41,POINT (-61.210052027221195 -8.19285157590251)
2024,CORTE RASO,C51L41,POINT (-61.209650163339525 -8.192646271049469)
2024,CORTE RASO,C51L41,POINT (-61.20944566932714 -8.192514145468973)
2024,CORTE RASO,C51L41,POINT (-61.20975456921007 -8.19215914751086)
2024,CORTE RASO,C51L41,POINT (-61.2100482243258 -8.192053049429795)
2024,CORTE RASO,C51L41,POINT (-61.20966103747929 -8.1919313953399)
2024,CORTE RASO,C51L41,POINT (-61.209750900245915 -8.191750358939776)
2024,CORTE RASO,C51L41,POINT (-61.21025216568771 -8.1914534889788)
2024,CORTE RASO,C51L41,POINT (-61.20974246785451 -8.191319877002076)
2024,CORTE RASO,C51L41,POINT (-61.20955188944477 -8.190646796673358)
2024,CORTE RASO,C51L41,POINT (-61.20930834449478 -8.190551103068614)
2024,CORTE RASO,C51L41,POINT (-61.20915921622756 -8.190365957063882)
2024,CORTE RASO,C51L41,POINT (-61.209533928314634 -8.190431664160593)
2024,CORTE RASO,C51L41,POINT (-61.20955322790151 -8.18834691986433)
2024,CORTE RASO,C51L41,POINT (-61.210146099173436 -8.188152348777043)
2024,CORTE RASO,C51L41,POINT (-61.20985251476158 -8.188064036891344)
2024,CORTE RASO,C51L41,POINT (-61.209906310716946 -8.187699786915003)
2024,CORTE RASO,C51L41,POINT (-61.2101459680451 -8.187750976927871)
2024,CORTE RASO,C51L41,POINT (-61.21065412937051 -8.187739082247004)
2024,CORTE RASO,C51L41,POINT (-61.21035196873258 -8.18754744850571)
2024,CORTE RASO,C51L41,POINT (-61.210053562946705 -8.187548204985037)
2024,CORTE RASO,C51L41,POINT (-61.21105293325867 -8.187249192866304)
2024,CORTE RASO,C51L41,POINT (-61.211051592744234 -8.187049622633054)
2024,CORTE RASO,C51L41,POINT (-61.21056400438029 -8.186923409722556)
2024,CORTE RASO,C51L41,POINT (-61.209600902645136 -8.186745860779036)
2024,CORTE RASO,C51L41,POINT (-61.20990287990988 -8.186580404353194)
2024,CORTE RASO,C51L41,POINT (-61.20954925519877 -8.18645321301016)
2024,CORTE RASO,C51L41,POINT (-61.21010860061401 -8.186092035064586)
2024,CORTE RASO,C51L41,POINT (-61.209549419218234 -8.184286415172478)
2024,CORTE RASO,C51L41,POINT (-61.209254437084276 -8.182653995734572)
2024,CORTE RASO,C51L41,POINT (-61.20964821419868 -8.182052004813965)
2024,CORTE RASO,C51L41,POINT (-61.20974818460992 -8.181848736544055)
2024,CORTE RASO,C51L41,POINT (-61.20924934129968 -8.182090060893598)
2024,CORTE SELETIVO,C51L41,POINT (-61.20859677144973 -8.230149539990792)
2024,CORTE RASO,C51L41,POINT (-61.20880803208577 -8.190950772286254)
2024,CORTE RASO,C51L41,POINT (-61.20905478371461 -8.190646557225117)
2024,CORTE RASO,C51L41,POINT (-61.208947551351756 -8.19040913686984)
2024,CORTE RASO,C51L41,POINT (-61.20884988628356 -8.190252626094214)
2024,CORTE RASO,C51L41,POINT (-61.20864860793078 -8.190152862559398)
2024,CORTE RASO,C51L41,POINT (-61.20854928953879 -8.189882283612938)
2024,CORTE RASO,C51L41,POINT (-61.20914007027636 -8.189279670805648)
2024,CORTE RASO,C51L41,POINT (-61.20866599553228 -8.188640647907993)
2024,CORTE RASO,C51L41,POINT (-61.20864039808633 -8.187542933175628)
2024,CORTE RASO,C51L41,POINT (-61.208634146097204 -8.187250396771013)
2024,CORTE RASO,C51L41,POINT (-61.20910324594346 -8.187086861391988)
2024,CORTE RASO,C51L41,POINT (-61.20884784408219 -8.186750205831578)
2024,CORTE RASO,C51L41,POINT (-61.208508069909534 -8.186596728213338)
2024,CORTE RASO,C51L41,POINT (-61.20794634974398 -8.185546835281741)
2024,CORTE RASO,C51L41,POINT (-61.209019074119404 -8.185751856406547)
2024,CORTE RASO,C51L41,POINT (-61.208007194988234 -8.185109019582608)
2024,CORTE RASO,C51L41,POINT (-61.20836716010174 -8.184590820239478)
2024,CORTE RASO,C51L41,POINT (-61.20815172102237 -8.18455416037098)
2024,CORTE RASO,C51L41,POINT (-61.20886168518072 -8.184089977167861)
2024,CORTE RASO,C51L41,POINT (-61.2093166371981 -8.183550044771682)
2024,CORTE RASO,C51L41,POINT (-61.20875051836399 -8.183454500923723)
2024,CORTE RASO,C51L41,POINT (-61.20805338512271 -8.182850618928331)
2024,CORTE RASO,C51L41,POINT (-61.20876553902956 -8.183220550043337)
2024,CORTE RASO,C51L41,POINT (-61.20885260066699 -8.182252907348776)
2024,CORTE RASO,C51L41,POINT (-61.20905021075436 -8.182149145586676)
2024,CORTE RASO,C51L41,POINT (-61.20794985741164 -8.182053892488119)
2024,CORTE RASO,C51L41,POINT (-61.20895023558289 -8.181853654474024)
2024,CORTE RASO,C51L41,POINT (-61.20734979889746 -8.181845673583945)
2024,CORTE RASO,C51L41,POINT (-61.20724642394804 -8.181746073191524)
2024,CORTE RASO,C51L41,POINT (-61.20716524948213 -8.181461973579628)
2024,CORTE RASO,C51L41,POINT (-61.20627455768092 -8.181722479671569)
2024,CORTE RASO,C51L41,POINT (-61.206050344400204 -8.181647791010949)
2024,CORTE RASO,C51L41,POINT (-61.20795287484142 -8.181647465035077)
2024,CORTE RASO,C51L41,POINT (-61.207646882398535 -8.181354751193359)
2024,CORTE RASO,C51L41,POINT (-61.20645643151386 -8.181146916783767)
2024,CORTE RASO,C51L41,POINT (-61.20635284804953 -8.180646004293884)
2024,CORTE RASO,C51L41,POINT (-61.20944413963282 -8.180823167373534)
2024,CORTE RASO,C51L41,POINT (-61.207246954049126 -8.180448816274676)
2024,CORTE RASO,C51L41,POINT (-61.20685700539826 -8.180474310951041)
2024,CORTE RASO,C51L41,POINT (-61.2068463182894 -8.179949083930934)
2024,CORTE RASO,C51L41,POINT (-61.20805007691438 -8.179939443794021)
2024,CORTE RASO,C51L41,POINT (-61.206948504603616 -8.17984902537198)
2024,CORTE RASO,C51L41,POINT (-61.20656444622618 -8.179851933974136)
2024,CORTE RASO,C51L41,POINT (-61.20834967419531 -8.179350143691112)
2024,CORTE RASO,C51L41,POINT (-61.207353629547164 -8.179148934463896)
2024,CORTE RASO,C51L41,POINT (-61.20755323287817 -8.179150595251464)
2024,CORTE RASO,C51L41,POINT (-61.207746308108526 -8.179150265000162)
2024,CORTE RASO,C51L41,POINT (-61.20725112492839 -8.1789512412193)
2024,CORTE RASO,C51L41,POINT (-61.192347913298406 -8.188549541154615)
2024,CORTE RASO,C51L41,POINT (-61.191902132317004 -8.188245915939872)
2024,CORTE SELETIVO,C51L41,POINT (-61.18962641754987 -8.187950969854942)
2024,CORTE RASO,C51L41,POINT (-61.178553398796026 -8.1039533452381)
2024,CORTE RASO,C51L41,POINT (-61.17785796058443 -8.103757929370738)
2024,CORTE RASO,C51L41,POINT (-61.17845394608486 -8.103747359030114)
2024,CORTE RASO,C51L41,POINT (-61.17835419382677 -8.10365333928671)
2024,CORTE RASO,C51L41,POINT (-61.17808017893343 -8.103649716573221)
2024,CORTE RASO,C51L41,POINT (-61.17825215004158 -8.103550411243424)
2024,CORTE RASO,C51L41,POINT (-61.17845377003762 -8.103477772128672)
2024,CORTE RASO,C51L41,POINT (-61.17690798863613 -8.103346444799726)
2024,CORTE RASO,C51L41,POINT (-61.17774892726422 -8.103290458844292)
2024,CORTE RASO,C51L41,POINT (-61.17745382013621 -8.103344796107569)
2024,CORTE RASO,C51L41,POINT (-61.17735250428141 -8.103154324848122)
2024,CORTE RASO,C51L41,POINT (-61.17784716370652 -8.103084366177887)
2024,CORTE RASO,C51L41,POINT (-61.176576333164945 -8.103125435495892)
2024,CORTE RASO,C51L41,POINT (-61.178251612952415 -8.102851026567324)
2024,CORTE RASO,C51L41,POINT (-61.177239991217775 -8.10254865982718)
2024,CORTE RASO,C51L41,POINT (-61.17654910449766 -8.10242797534268)
2024,CORTE RASO,C51L41,POINT (-61.17625287199288 -8.102349449809184)
2024,CORTE RASO,C51L41,POINT (-61.17664542205325 -8.10214728829678)
2024,CORTE RASO,C51L41,POINT (-61.17759076963533 -8.102280639904365)
2024,CORTE RASO,C51L41,POINT (-61.178657400200755 -8.101375104283774)
2024,CORTE RASO,C51L41,POINT (-61.17744509709355 -8.101146088119544)
2024,CORTE RASO,C51L41,POINT (-61.17692792615241 -8.100747935273537)
2024,CORTE RASO,C51L41,POINT (-61.17740402398598 -8.100747139554203)
2024,CORTE RASO,C51L41,POINT (-61.17754829322146 -8.100642230435149)
2024,CORTE RASO,C51L41,POINT (-61.17795164745203 -8.100519021055721)
2024,CORTE RASO,C51L41,POINT (-61.17790522754769 -8.100093067419763)
2024,CORTE RASO,C51L41,POINT (-61.1774074127723 -8.09966018905089)
2024,CORTE RASO,C51L41,POINT (-61.17715256808717 -8.099604704656358)
2024,CORTE RASO,C51L41,POINT (-61.1794018851727 -8.099637760266866)
2024,CORTE RASO,C51L41,POINT (-61.17644756383098 -8.099647158350038)
2024,CORTE RASO,C51L41,POINT (-61.178549070423486 -8.099460752233885)
2024,CORTE RASO,C51L41,POINT (-61.17794723333629 -8.09945175429747)
2024,CORTE RASO,C51L41,POINT (-61.17738932930295 -8.099246056517151)
2024,CORTE RASO,C51L41,POINT (-61.17939830494312 -8.099146253594636)
2024,CORTE RASO,C51L41,POINT (-61.177577609641986 -8.099032860987775)
2024,CORTE RASO,C51L41,POINT (-61.177845765602335 -8.098947629546943)
2024,CORTE RASO,C51L41,POINT (-61.17915302381561 -8.098757298027428)
2024,CORTE RASO,C51L41,POINT (-61.17605185201486 -8.103333362164872)
2024,CORTE RASO,C51L41,POINT (-61.174553836794026 -8.102851329172356)
2024,CORTE RASO,C51L41,POINT (-61.176247183995194 -8.10278998826478)
2024,CORTE RASO,C51L41,POINT (-61.17604810090262 -8.102653742942813)
2024,CORTE RASO,C51L41,POINT (-61.17565215582667 -8.10235938118146)
2024,CORTE RASO,C51L41,POINT (-61.1761517924189 -8.102445241006553)
2024,CORTE RASO,C51L41,POINT (-61.17466069587772 -8.102442090485244)
2024,CORTE RASO,C51L41,POINT (-61.17505114342338 -8.102151487768726)
2024,CORTE RASO,C51L41,POINT (-61.17545439668274 -8.101845243029244)
2024,CORTE RASO,C51L41,POINT (-61.17594034779166 -8.101845984093528)
2024,CORTE RASO,C51L41,POINT (-61.17518606851249 -8.1015854594548)
2024,CORTE RASO,C51L41,POINT (-61.17466042892303 -8.101658078522203)
2024,CORTE RASO,C51L41,POINT (-61.174548619637626 -8.101546230401656)
2024,CORTE RASO,C51L41,POINT (-61.174489061695 -8.101245959529102)
2024,CORTE RASO,C51L41,POINT (-61.17471941039325 -8.100850936248653)
2024,CORTE RASO,C51L41,POINT (-61.17584976930876 -8.100446228872672)
2024,CORTE RASO,C51L41,POINT (-61.175835709684904 -8.10004274682814)
2024,CORTE RASO,C51L41,POINT (-61.17515683349858 -8.099584026886493)
2024,CORTE RASO,C51L41,POINT (-61.17595313523392 -8.099605751600127)
2024,CORTE RASO,C51L41,POINT (-61.17545143654075 -8.099578214022886)
2024,CORTE RASO,C51L41,POINT (-61.17465121345829 -8.09945392978019)
2024,CORTE RASO,C51L41,POINT (-61.175653864703975 -8.099260901127666)
2024,CORTE RASO,C51L41,POINT (-61.17455314929195 -8.099352681433292)
2024,CORTE RASO,C51L41,POINT (-61.1747533022199 -8.099322718720767)
2024,CORTE RASO,C51L41,POINT (-61.17585356422502 -8.099147090638468)
2024,CORTE RASO,C51L41,POINT (-61.17594343730851 -8.098739815465247)
2024,CORTE RASO,C51L41,POINT (-61.17554823457183 -8.098592705061163)
2024,CORTE RASO,C51L41,POINT (-61.174645435051936 -8.098353534618962)
2024,CORTE RASO,C51L41,POINT (-61.17585412814551 -8.098053451097025)
2024,CORTE SELETIVO,C51L41,POINT (-61.12435084751653 -8.217149099248529)
2024,CORTE SELETIVO,C51L41,POINT (-61.17304789143874 -8.199998091833809)
2024,CORTE RASO,C51L41,POINT (-61.17431860335768 -8.102936094250579)
2024,CORTE RASO,C51L41,POINT (-61.17414918466304 -8.102546095301511)
2024,CORTE RASO,C51L41,POINT (-61.17424816606367 -8.10237992149357)
2024,CORTE RASO,C51L41,POINT (-61.17445239503903 -8.09904984759692)
2024,CORTE SELETIVO,C51L41,POINT (-61.20305460435629 -8.228352654648019)
2024,CORTE RASO,C51L41,POINT (-61.20644633761349 -8.179546297263935)
2024,CORTE RASO,C51L41,POINT (-61.20654952320458 -8.179346456278623)
2024,CORTE RASO,C51L41,POINT (-61.17395380873136 -8.10295038227268)
2024,CORTE RASO,C51L41,POINT (-61.174552593582185 -8.100047695752844)
2024,CORTE SELETIVO,C51L41,POINT (-61.21544774674508 -8.249151703687764)
2024,CORTE SELETIVO,C51L41,POINT (-61.21044871379571 -8.244394921301014)
2024,CORTE SELETIVO,C51L41,POINT (-61.21014883657711 -8.244154301738133)
2024,CORTE SELETIVO,C51L41,POINT (-61.210054393763656 -8.243930276669225)
2024,CORTE RASO,C51L41,POINT (-61.20974831756936 -8.192646239860627)
2024,CORTE RASO,C51L41,POINT (-61.2099524271399 -8.192652749269623)
2024,CORTE RASO,C51L41,POINT (-61.21005072933604 -8.19255060648112)
2024,CORTE RASO,C51L41,POINT (-61.20995137941233 -8.192251261551283)
2024,CORTE RASO,C51L41,POINT (-61.20964907758048 -8.19224886654473)
2024,CORTE RASO,C51L41,POINT (-61.20995221618512 -8.19205450994094)
2024,CORTE RASO,C51L41,POINT (-61.209746676605654 -8.191846295121435)
2024,CORTE RASO,C51L41,POINT (-61.21004823626772 -8.191597886822883)
2024,CORTE RASO,C51L41,POINT (-61.21015446018985 -8.19144578729294)
2024,CORTE RASO,C51L41,POINT (-61.20995624252232 -8.191349569702556)
2024,CORTE RASO,C51L41,POINT (-61.20964963015268 -8.191248153514092)
2024,CORTE RASO,C51L41,POINT (-61.20965461660852 -8.190253642253158)
2024,CORTE RASO,C51L41,POINT (-61.20994689186742 -8.188050825192258)
2024,CORTE RASO,C51L41,POINT (-61.21104660187324 -8.187149210509741)
2024,CORTE RASO,C51L41,POINT (-61.21062435869981 -8.187149825977412)
2024,CORTE RASO,C51L41,POINT (-61.211146041102026 -8.187026002475584)
2024,CORTE RASO,C51L41,POINT (-61.21074920840905 -8.186847675747623)
2024,CORTE RASO,C51L41,POINT (-61.2108505183044 -8.186547453729142)
2024,CORTE RASO,C51L41,POINT (-61.209947081811336 -8.186446762205568)
2024,CORTE RASO,C51L41,POINT (-61.20965127072177 -8.18644835359437)
2024,CORTE RASO,C51L41,POINT (-61.21025132078187 -8.186154559996732)
2024,CORTE RASO,C51L41,POINT (-61.21055089271684 -8.186048286550752)
2024,CORTE RASO,C51L41,POINT (-61.21011811746783 -8.185852799151379)
2024,CORTE RASO,C51L41,POINT (-61.20990423715167 -8.185732185216523)
2024,CORTE RASO,C51L41,POINT (-61.20974953035136 -8.18134551901874)
2024,CORTE RASO,C51L41,POINT (-61.20955265731527 -8.181352899549962)
2024,CORTE RASO,C51L41,POINT (-61.2100546166495 -8.180945555406375)
2024,CORTE RASO,C51L41,POINT (-61.20964616239468 -8.179948873296333)
2024,CORTE SELETIVO,C51L41,POINT (-61.208295475873165 -8.246551171727704)
2024,CORTE RASO,C51L41,POINT (-61.208347762390105 -8.208953849719034)
2024,CORTE RASO,C51L41,POINT (-61.20845421538911 -8.20885041947191)
2024,CORTE RASO,C51L41,POINT (-61.20944680237413 -8.191378129602144)
2024,CORTE RASO,C51L41,POINT (-61.209049132083805 -8.19134638205205)
2024,CORTE RASO,C51L41,POINT (-61.20892987910153 -8.190759984121275)
2024,CORTE RASO,C51L41,POINT (-61.20924950456979 -8.19065154598538)
2024,CORTE RASO,C51L41,POINT (-61.20909551706204 -8.19055266667757)
2024,CORTE RASO,C51L41,POINT (-61.20874829059692 -8.190250279231954)
2024,CORTE RASO,C51L41,POINT (-61.209346960856465 -8.189159188327062)
2024,CORTE RASO,C51L41,POINT (-61.20944851170283 -8.186446121777013)
2024,CORTE RASO,C51L41,POINT (-61.20951673841152 -8.185750705464313)
2024,CORTE RASO,C51L41,POINT (-61.208552414639115 -8.185548941567234)
2024,CORTE RASO,C51L41,POINT (-61.20895446024004 -8.185553379670555)
2024,CORTE RASO,C51L41,POINT (-61.20865322991238 -8.185347089213128)
2024,CORTE RASO,C51L41,POINT (-61.20894993337377 -8.185118182261538)
2024,CORTE RASO,C51L41,POINT (-61.20804712583798 -8.184381730739624)
2024,CORTE RASO,C51L41,POINT (-61.20944820484613 -8.184291019116015)
2024,CORTE RASO,C51L41,POINT (-61.20935002351614 -8.184140576118807)
2024,CORTE RASO,C51L41,POINT (-61.20834798764088 -8.184049185656708)
2024,CORTE RASO,C51L41,POINT (-61.20935090841504 -8.18384984143733)
2024,CORTE RASO,C51L41,POINT (-61.20814681316816 -8.18394978379812)
2024,CORTE RASO,C51L41,POINT (-61.20854936311761 -8.182847250346475)
2024,CORTE RASO,C51L41,POINT (-61.20864836361929 -8.182745658602576)
2024,CORTE RASO,C51L41,POINT (-61.20844959008726 -8.182748285023314)
2024,CORTE RASO,C51L41,POINT (-61.20816943861373 -8.182623155396913)
2024,CORTE RASO,C51L41,POINT (-61.20905205645291 -8.182553611806425)
2024,CORTE RASO,C51L41,POINT (-61.2092498277708 -8.182547973116066)
2024,CORTE RASO,C51L41,POINT (-61.208948086253436 -8.18227512600093)
2024,CORTE RASO,C51L41,POINT (-61.20924543496435 -8.18224835917733)
2024,CORTE RASO,C51L41,POINT (-61.20800734431141 -8.182146586910111)
2024,CORTE RASO,C51L41,POINT (-61.20904585432256 -8.18204858009031)
2024,CORTE RASO,C51L41,POINT (-61.209553794211054 -8.182052160804687)
2024,CORTE RASO,C51L41,POINT (-61.20744778477601 -8.181850119464906)
2024,CORTE RASO,C51L41,POINT (-61.20790167396986 -8.18175300498124)
2024,CORTE RASO,C51L41,POINT (-61.207551754260685 -8.18165171152807)
2024,CORTE RASO,C51L41,POINT (-61.20724650085895 -8.181652897219188)
2024,CORTE RASO,C51L41,POINT (-61.20945336608245 -8.181552174347978)
2024,CORTE RASO,C51L41,POINT (-61.20786277292727 -8.18136541600232)
2024,CORTE RASO,C51L41,POINT (-61.2093495525445 -8.1813487996775)
2024,CORTE RASO,C51L41,POINT (-61.20884901383783 -8.181148985649735)
2024,CORTE RASO,C51L41,POINT (-61.20883029753774 -8.180852264386417)
2024,CORTE RASO,C51L41,POINT (-61.20877874631928 -8.180648354072845)
2024,CORTE RASO,C51L41,POINT (-61.208248004100746 -8.18064764607004)
2024,CORTE RASO,C51L41,POINT (-61.20739094850145 -8.180454727636816)
2024,CORTE RASO,C51L41,POINT (-61.20754569626976 -8.180350045728717)
2024,CORTE RASO,C51L41,POINT (-61.207745561280014 -8.180153953352455)
2024,CORTE RASO,C51L41,POINT (-61.20845116066719 -8.179950966290173)
2024,CORTE RASO,C51L41,POINT (-61.207554442347124 -8.179945505335366)
2024,CORTE RASO,C51L41,POINT (-61.20925228585904 -8.179854701064668)
2024,CORTE RASO,C51L41,POINT (-61.20791360469113 -8.179749337865678)
2024,CORTE RASO,C51L41,POINT (-61.209349917567714 -8.179648918007764)
2024,CORTE RASO,C51L41,POINT (-61.20765364766994 -8.179647424187266)
2024,CORTE RASO,C51L41,POINT (-61.20732062832776 -8.179322698884723)
2024,CORTE RASO,C51L41,POINT (-61.208054133705495 -8.179449745204883)
2024,CORTE RASO,C51L41,POINT (-61.20835326615087 -8.179445929625459)
2024,CORTE RASO,C51L41,POINT (-61.208154066006436 -8.179345436561647)
2024,CORTE RASO,C51L41,POINT (-61.207572692486345 -8.179248508595924)
2024,CORTE RASO,C51L41,POINT (-61.207453292551776 -8.17915023790588)
2024,CORTE SELETIVO,C51L41,POINT (-61.20435236282801 -8.247546073211785)
2024,CORTE SELETIVO,C51L41,POINT (-61.206946284424745 -8.243934547986498)
2024,CORTE SELETIVO,C51L41,POINT (-61.20245409405564 -8.233629695752292)
2024,CORTE RASO,C51L41,POINT (-61.192145649321354 -8.188347970324589)
2024,CORTE RASO,C51L41,POINT (-61.19885417067455 -8.18405265104933)
2024,CORTE RASO,C51L41,POINT (-61.20664722338138 -8.181952814315315)
2024,CORTE RASO,C51L41,POINT (-61.20625131209639 -8.18194788676729)
2024,CORTE RASO,C51L41,POINT (-61.20686558440686 -8.181851820666296)
2024,CORTE RASO,C51L41,POINT (-61.20664419318757 -8.181552903854362)
2024,CORTE RASO,C51L41,POINT (-61.20678943470802 -8.181380763834726)
2024,CORTE RASO,C51L41,POINT (-61.206654566759575 -8.181154526963564)
2024,CORTE RASO,C51L41,POINT (-61.206753304359026 -8.180648824105573)
2024,CORTE RASO,C51L41,POINT (-61.206546514676496 -8.18062316460848)
2024,CORTE RASO,C51L41,POINT (-61.20715210477263 -8.180450252755394)
2024,CORTE RASO,C51L41,POINT (-61.20635260421703 -8.18029950838774)
2024,CORTE RASO,C51L41,POINT (-61.20731457682157 -8.180134448678958)
2024,CORTE RASO,C51L41,POINT (-61.20714826106352 -8.179853298296893)
2024,CORTE RASO,C51L41,POINT (-61.20654937518219 -8.179752859041626)
2024,CORTE RASO,C51L41,POINT (-61.2069395481026 -8.179752319129056)
2024,CORTE RASO,C51L41,POINT (-61.20664805564754 -8.179248504603317)
2024,CORTE RASO,C51L41,POINT (-61.20695634240658 -8.179172960569456)
2024,CORTE RASO,C51L41,POINT (-61.20715374943601 -8.178947543217001)
2024,CORTE RASO,C51L41,POINT (-61.17875242209337 -8.10275231237241)
2024,CORTE RASO,C51L41,POINT (-61.1784502491843 -8.102151757460975)
2024,CORTE RASO,C51L41,POINT (-61.17780045882047 -8.10055152872651)
2024,CORTE RASO,C51L41,POINT (-61.17555073625052 -8.09944551324654)
2024,CORTE RASO,C51L41,POINT (-61.17577212400615 -8.099342767428528)
2024,CORTE RASO,C51L41,POINT (-61.18014898190904 -8.099152777799258)
2024,CORTE RASO,C51L41,POINT (-61.1758461046605 -8.098978467843514)
2024,CORTE RASO,C51L41,POINT (-61.175646602309996 -8.09894990120236)
2024,CORTE RASO,C51L41,POINT (-61.17725077759627 -8.098552678718416)
2024,CORTE RASO,C51L41,POINT (-61.17464680980671 -8.10305330917791)
2024,CORTE RASO,C51L41,POINT (-61.17445625147298 -8.102942130252206)
2024,CORTE RASO,C51L41,POINT (-61.17428060636556 -8.102551324555595)
2024,CORTE RASO,C51L41,POINT (-61.17415317655728 -8.102446666364173)
2024,CORTE RASO,C51L41,POINT (-61.17443427121074 -8.101552002567612)
2024,CORTE RASO,C51L41,POINT (-61.17454630967099 -8.100298353339637)
2024,CORTE RASO,C51L41,POINT (-61.1745500344397 -8.099952145112201)
2024,CORTE RASO,C51L41,POINT (-61.17455404863327 -8.09974673970978)
2024,CORTE RASO,C51L41,POINT (-61.17474831804592 -8.099652453806327)
2024,CORTE RASO,C51L41,POINT (-61.17465339846367 -8.099550650377623)
2024,CORTE RASO,C51L41,POINT (-61.17475177442191 -8.0994544402063)
2024,CORTE RASO,C51L41,POINT (-61.17465414740206 -8.098204793345845)
2024,CORTE RASO,C51L41,POINT (-61.17510430198617 -8.097947746081994)
2024,CORTE RASO,C51L41,POINT (-61.17494759770091 -8.09785261908342)
2024,CORTE SELETIVO,C51L41,POINT (-61.114046934665176 -8.242554001271618)
2024,CORTE SELETIVO,C51L41,POINT (-61.160568324269974 -8.242249630768237)
2024,CORTE SELETIVO,C51L41,POINT (-61.154850224581565 -8.241545273636044)
2024,CORTE SELETIVO,C51L41,POINT (-61.12725236792697 -8.222953197700207)
2024,CORTE SELETIVO,C51L41,POINT (-61.127405491758964 -8.222676803769122)
2024,CORTE SELETIVO,C51L41,POINT (-61.12374030644793 -8.22025441174872)
2024,CORTE SELETIVO,C51L41,POINT (-61.120946491570265 -8.216348112949392)
2024,CORTE SELETIVO,C51L41,POINT (-61.16244563939575 -8.115852389402301)
2024,CORTE RASO,C51L41,POINT (-61.20785403936632 -8.184447546974313)
2024,CORTE RASO,C51L41,POINT (-61.207845973212926 -8.183150413681537)
2024,CORTE RASO,C51L41,POINT (-61.208048828011535 -8.18295208061908)
2024,CORTE RASO,C51L41,POINT (-61.20814641776249 -8.182851263924771)
2024,CORTE RASO,C51L41,POINT (-61.207947346539505 -8.1824490882109)
2024,CORTE RASO,C51L41,POINT (-61.208654437243595 -8.182153868806811)
2024,CORTE RASO,C51L41,POINT (-61.20875110784054 -8.1820513469694)
2024,CORTE RASO,C51L41,POINT (-61.208852632600085 -8.181917586164127)
2024,CORTE RASO,C51L41,POINT (-61.206454599682026 -8.17940658083274)
2024,CORTE SELETIVO,C51L41,POINT (-61.17285297762431 -8.199876209691148)
2024,CORTE RASO,C51L41,POINT (-61.173946273016945 -8.10264547009564)
2024,CORTE RASO,C51L41,POINT (-61.17444721450068 -8.098950164999781)
2024,CORTE SELETIVO,C51L41,POINT (-61.21534867668254 -8.249149142346711)
2024,CORTE SELETIVO,C51L41,POINT (-61.210450614493375 -8.232254308591328)
2024,CORTE SELETIVO,C51L41,POINT (-61.215946711207025 -8.228852026431744)
2024,CORTE SELETIVO,C51L41,POINT (-61.21552774276655 -8.228848551595156)
2024,CORTE RASO,C51L41,POINT (-61.2095545775791 -8.192773346780267)
2024,CORTE RASO,C51L41,POINT (-61.21015710005715 -8.192853706305147)
2024,CORTE RASO,C51L41,POINT (-61.20944931529241 -8.192300509810224)
2024,CORTE RASO,C51L41,POINT (-61.209649081988296 -8.192048349193948)
2024,CORTE RASO,C51L41,POINT (-61.20947101555764 -8.1918313446406)
2024,CORTE RASO,C51L41,POINT (-61.209450042631374 -8.191552562895298)
2024,CORTE RASO,C51L41,POINT (-61.20935295691322 -8.191453303648352)
2024,CORTE RASO,C51L41,POINT (-61.20954898341072 -8.191396499709228)
2024,CORTE RASO,C51L41,POINT (-61.20911106701209 -8.191251829264926)
2024,CORTE RASO,C51L41,POINT (-61.20954884688355 -8.191145235014453)
2024,CORTE RASO,C51L41,POINT (-61.209350879730096 -8.19115398531151)
2024,CORTE RASO,C51L41,POINT (-61.20965078962261 -8.19100548506347)
2024,CORTE RASO,C51L41,POINT (-61.209651401546125 -8.190650084971942)
2024,CORTE RASO,C51L41,POINT (-61.20944625634927 -8.190645543066168)
2024,CORTE RASO,C51L41,POINT (-61.208946111581035 -8.190640550675338)
2024,CORTE RASO,C51L41,POINT (-61.209550334838895 -8.19054757637207)
2024,CORTE RASO,C51L41,POINT (-61.20885451770543 -8.190352125765811)
2024,CORTE RASO,C51L41,POINT (-61.21004957286908 -8.187747557040305)
2024,CORTE RASO,C51L41,POINT (-61.21035053694225 -8.187751633699763)
2024,CORTE RASO,C51L41,POINT (-61.21014634379607 -8.18765127449013)
2024,CORTE RASO,C51L41,POINT (-61.21044569351815 -8.187653509919162)
2024,CORTE RASO,C51L41,POINT (-61.21074547685717 -8.18675000205903)
2024,CORTE RASO,C51L41,POINT (-61.209053970256825 -8.185247150725798)
2024,CORTE RASO,C51L41,POINT (-61.20905217536094 -8.185048608100443)
2024,CORTE RASO,C51L41,POINT (-61.20917301758748 -8.184648171013114)
2024,CORTE RASO,C51L41,POINT (-61.20934750739799 -8.183948673220863)
2024,CORTE RASO,C51L41,POINT (-61.209351644308896 -8.183749650390551)
2024,CORTE RASO,C51L41,POINT (-61.20924783260595 -8.183451460542853)
2024,CORTE RASO,C51L41,POINT (-61.20884788192619 -8.183448675743485)
2024,CORTE RASO,C51L41,POINT (-61.20950701622049 -8.183247040480127)
2024,CORTE RASO,C51L41,POINT (-61.20925065967946 -8.182823920411545)
2024,CORTE RASO,C51L41,POINT (-61.20905192483285 -8.18278994618858)
2024,CORTE RASO,C51L41,POINT (-61.20944724786089 -8.182754460179101)
2024,CORTE RASO,C51L41,POINT (-61.20915261974697 -8.18255398298309)
2024,CORTE RASO,C51L41,POINT (-61.208849437859875 -8.182347765673814)
2024,CORTE RASO,C51L41,POINT (-61.20914991417308 -8.182248477845524)
2024,CORTE RASO,C51L41,POINT (-61.20895146496928 -8.18204893526426)
2024,CORTE RASO,C51L41,POINT (-61.20975152274239 -8.182052112045541)
2024,CORTE RASO,C51L41,POINT (-61.20974117923929 -8.181646722269695)
2024,CORTE RASO,C51L41,POINT (-61.20965380136328 -8.181350809392574)
2024,CORTE RASO,C51L41,POINT (-61.20995100049869 -8.181150706128102)
2024,CORTE RASO,C51L41,POINT (-61.20904726875801 -8.181149329280757)
2024,CORTE RASO,C51L41,POINT (-61.209292466490474 -8.17996296616758)
2024,CORTE RASO,C51L41,POINT (-61.210051216835836 -8.179746454848631)
2024,CORTE RASO,C51L41,POINT (-61.20985391707937 -8.179552144248976)
2024,CORTE SELETIVO,C51L41,POINT (-61.206748057100576 -8.234354549035862)
2024,CORTE SELETIVO,C51L41,POINT (-61.20725426100552 -8.233745302227108)
2024,CORTE SELETIVO,C51L41,POINT (-61.205649172407135 -8.23290040971333)
2024,CORTE SELETIVO,C51L41,POINT (-61.20854968015929 -8.230248731874639)
2024,CORTE RASO,C51L41,POINT (-61.20864674069012 -8.189247497523201)
2024,CORTE RASO,C51L41,POINT (-61.2084171532512 -8.185546421740685)
2024,CORTE RASO,C51L41,POINT (-61.20874710610793 -8.18534913512514)
2024,CORTE RASO,C51L41,POINT (-61.207550838251194 -8.185153389248832)
2024,CORTE RASO,C51L41,POINT (-61.207452119826506 -8.185052795049865)
2024,CORTE RASO,C51L41,POINT (-61.20784920552028 -8.184854517374575)
2024,CORTE RASO,C51L41,POINT (-61.20784858822149 -8.184594191173087)
2024,CORTE RASO,C51L41,POINT (-61.208383087458294 -8.184352386144191)
2024,CORTE RASO,C51L41,POINT (-61.20795180551195 -8.184347775023161)
2024,CORTE RASO,C51L41,POINT (-61.20824810416897 -8.184246691876803)
2024,CORTE RASO,C51L41,POINT (-61.208550337252966 -8.18414827109017)
2024,CORTE RASO,C51L41,POINT (-61.20824772948963 -8.183053824128647)
2024,CORTE RASO,C51L41,POINT (-61.208051011159704 -8.18305046168953)
2024,CORTE RASO,C51L41,POINT (-61.208152046532255 -8.182953133989736)
2024,CORTE RASO,C51L41,POINT (-61.20875393161727 -8.18284687697058)
2024,CORTE RASO,C51L41,POINT (-61.208554066000126 -8.182752073394369)
2024,CORTE RASO,C51L41,POINT (-61.20877441340987 -8.182651058807036)
2024,CORTE RASO,C51L41,POINT (-61.20795169183762 -8.182588557812212)
2024,CORTE RASO,C51L41,POINT (-61.20855147006353 -8.182549410872479)
2024,CORTE RASO,C51L41,POINT (-61.2080144277977 -8.182352870601337)
2024,CORTE RASO,C51L41,POINT (-61.20585385616622 -8.182148182327392)
2024,CORTE RASO,C51L41,POINT (-61.20694624809991 -8.182102750496732)
2024,CORTE RASO,C51L41,POINT (-61.207847791140786 -8.182153195991958)
2024,CORTE RASO,C51L41,POINT (-61.20805183372179 -8.182049396994751)
2024,CORTE RASO,C51L41,POINT (-61.206756498200235 -8.181951774084318)
2024,CORTE RASO,C51L41,POINT (-61.20726238520664 -8.181952944431576)
2024,CORTE RASO,C51L41,POINT (-61.20605386328779 -8.181938332986286)
2024,CORTE RASO,C51L41,POINT (-61.20755011520725 -8.181947984271075)
2024,CORTE RASO,C51L41,POINT (-61.20625167330598 -8.181846058216049)
2024,CORTE RASO,C51L41,POINT (-61.207046612598106 -8.181747163326628)
2024,CORTE RASO,C51L41,POINT (-61.20853337253744 -8.181584250435584)
2024,CORTE RASO,C51L41,POINT (-61.20684138510578 -8.181550591041804)
2024,CORTE RASO,C51L41,POINT (-61.206250866468416 -8.181419014255823)
2024,CORTE RASO,C51L41,POINT (-61.20751795228918 -8.181360888440496)
2024,CORTE RASO,C51L41,POINT (-61.20665329096441 -8.181250664362553)
2024,CORTE RASO,C51L41,POINT (-61.20691748218156 -8.181250885114336)
2024,CORTE RASO,C51L41,POINT (-61.208354424977614 -8.1810697211372)
2024,CORTE RASO,C51L41,POINT (-61.20873347017944 -8.181151474980368)
2024,CORTE RASO,C51L41,POINT (-61.208750492706216 -8.180948091128574)
2024,CORTE RASO,C51L41,POINT (-61.20824878464726 -8.180747629410128)
2024,CORTE RASO,C51L41,POINT (-61.2069021607485 -8.18065203257337)
2024,CORTE RASO,C51L41,POINT (-61.20791424555479 -8.180474279692007)
2024,CORTE RASO,C51L41,POINT (-61.207247915026045 -8.180548521688088)
2024,CORTE RASO,C51L41,POINT (-61.20625035059533 -8.180497811816187)
2024,CORTE RASO,C51L41,POINT (-61.20725180343466 -8.180345977024546)
2024,CORTE RASO,C51L41,POINT (-61.20755391471511 -8.180053988333016)
2024,CORTE RASO,C51L41,POINT (-61.20625029073472 -8.179887397289994)
2024,CORTE RASO,C51L41,POINT (-61.20705029667738 -8.179872438680885)
2024,CORTE RASO,C51L41,POINT (-61.20684572179905 -8.1798500837621)
2024,CORTE RASO,C51L41,POINT (-61.20818728637221 -8.179896582897289)
2024,CORTE RASO,C51L41,POINT (-61.207659922491416 -8.179830245051399)
2024,CORTE RASO,C51L41,POINT (-61.208154611238285 -8.179450520828503)
2024,CORTE RASO,C51L41,POINT (-61.20655055857481 -8.179252176176567)
2024,CORTE RASO,C51L41,POINT (-61.20744627994138 -8.179254315734816)
2024,CORTE RASO,C51L41,POINT (-61.20714605275494 -8.179154575244707)
2024,CORTE RASO,C51L41,POINT (-61.207547116358775 -8.17895262713978)
2024,CORTE RASO,C51L41,POINT (-61.19166952497469 -8.188391582661449)
2024,CORTE SELETIVO,C51L41,POINT (-61.190842600691575 -8.187954435170212)
2024,CORTE RASO,C51L41,POINT (-61.18974824040804 -8.11335467478542)
2024,CORTE SELETIVO,C51L41,POINT (-61.18945087184497 -8.187747035869931)
2024,CORTE RASO,C51L41,POINT (-61.18034984679492 -8.09914580801253)
2024,CORTE RASO,C51L41,POINT (-61.17834610276947 -8.103952991208427)
2024,CORTE RASO,C51L41,POINT (-61.17835226202438 -8.10354750372098)
2024,CORTE RASO,C51L41,POINT (-61.176953366429544 -8.103448178897045)
2024,CORTE RASO,C51L41,POINT (-61.17765257421631 -8.10335392637563)
2024,CORTE RASO,C51L41,POINT (-61.177546585053314 -8.103246576061586)
2024,CORTE RASO,C51L41,POINT (-61.17545203277864 -8.103145420448046)
2024,CORTE RASO,C51L41,POINT (-61.177948392636424 -8.103146993786298)
2024,CORTE RASO,C51L41,POINT (-61.17835404637051 -8.103046876332737)
2024,CORTE RASO,C51L41,POINT (-61.17804893631179 -8.103050107747897)
2024,CORTE RASO,C51L41,POINT (-61.177451793192546 -8.103053187303018)
2024,CORTE RASO,C51L41,POINT (-61.17545352099773 -8.102449703497113)
2024,CORTE RASO,C51L41,POINT (-61.175852786364366 -8.102148348137547)
2024,CORTE RASO,C51L41,POINT (-61.17545142297757 -8.102151417684773)
2024,CORTE RASO,C51L41,POINT (-61.17544745045664 -8.101550018051123)
2024,CORTE RASO,C51L41,POINT (-61.17565331128606 -8.101048538868916)
2024,CORTE RASO,C51L41,POINT (-61.17595011369478 -8.100050107575376)
2024,CORTE RASO,C51L41,POINT (-61.17564557393373 -8.09995329655816)
2024,CORTE RASO,C51L41,POINT (-61.17575127942863 -8.098747179390463)
2024,CORTE RASO,C51L41,POINT (-61.17738039342558 -8.098549732102338)
2024,CORTE RASO,C51L41,POINT (-61.17395079972479 -8.102553213205784)
2024,CORTE RASO,C51L41,POINT (-61.175052972686636 -8.102253562908256)
2024,CORTE RASO,C51L41,POINT (-61.17425385884218 -8.101752046092036)
2024,CORTE RASO,C51L41,POINT (-61.17475439007798 -8.101754331732902)
2024,CORTE RASO,C51L41,POINT (-61.1743537296941 -8.101252125031454)
2024,CORTE RASO,C51L41,POINT (-61.174553701384006 -8.09924882625175)
2024,CORTE RASO,C51L41,POINT (-61.17455312701339 -8.098348208107513)
2024,CORTE SELETIVO,C51L41,POINT (-61.12894759121679 -8.218654271752378)
2024,CORTE SELETIVO,C51L41,POINT (-61.126649935254136 -8.217652765599682)
2024,CORTE SELETIVO,C51L41,POINT (-61.125245642742115 -8.217352904936464)
2024,CORTE SELETIVO,C51L41,POINT (-61.12445088848904 -8.217152864594905)
2024,CORTE SELETIVO,C51L41,POINT (-61.11975119800049 -8.216054517777925)
2024,CORTE SELETIVO,C51L41,POINT (-61.119762718466376 -8.215447427020177)
2024,CORTE SELETIVO,C51L41,POINT (-61.119147622357076 -8.215150092932587)
2024,CORTE SELETIVO,C51L41,POINT (-61.17284845098179 -8.199749032020295)
2024,CORTE SELETIVO,C51L41,POINT (-61.15715348657006 -8.119850272583454)
2024,CORTE SELETIVO,C51L41,POINT (-61.21545322339746 -8.248751233023782)
2024,CORTE RASO,C51L41,POINT (-61.209554426887856 -8.191945786434898)
2024,CORTE RASO,C51L41,POINT (-61.208749683260116 -8.189395995123721)
2024,CORTE RASO,C51L41,POINT (-61.20924615369441 -8.189247246400758)
2024,CORTE RASO,C51L41,POINT (-61.20973840693036 -8.188450367781432)
2024,CORTE RASO,C51L41,POINT (-61.21125433173154 -8.1873977729221)
2024,CORTE RASO,C51L41,POINT (-61.21125184233489 -8.18687148544069)
2024,CORTE RASO,C51L41,POINT (-61.20945066438058 -8.186319833894789)
2024,CORTE RASO,C51L41,POINT (-61.21045189761885 -8.186147592973734)
2024,CORTE RASO,C51L41,POINT (-61.20895176427177 -8.184851921512438)
2024,CORTE RASO,C51L41,POINT (-61.208911964195245 -8.183352293432923)
2024,CORTE RASO,C51L41,POINT (-61.20784612551931 -8.183054576257422)
2024,CORTE RASO,C51L41,POINT (-61.20795106128639 -8.182859189541125)
2024,CORTE RASO,C51L41,POINT (-61.20874737533641 -8.18274635067828)
2024,CORTE RASO,C51L41,POINT (-61.208946661342786 -8.182646292767023)
2024,CORTE RASO,C51L41,POINT (-61.20844852938954 -8.18255288706355)
2024,CORTE RASO,C51L41,POINT (-61.207151515289056 -8.182052741674172)
2024,CORTE RASO,C51L41,POINT (-61.206846954049226 -8.182112367629706)
2024,CORTE RASO,C51L41,POINT (-61.20644712397317 -8.181953369438299)
2024,CORTE RASO,C51L41,POINT (-61.20715798763214 -8.181246782021743)
2024,CORTE RASO,C51L41,POINT (-61.20807293738747 -8.180551801127422)
2024,CORTE RASO,C51L41,POINT (-61.20634583186138 -8.18044975056317)
2024,CORTE RASO,C51L41,POINT (-61.207687095786284 -8.179951373142423)
2024,CORTE RASO,C51L41,POINT (-61.206747866758896 -8.179854330973612)
2024,CORTE RASO,C51L41,POINT (-61.202848469866055 -8.185147013375461)
2024,CORTE SELETIVO,C51L41,POINT (-61.17274773319707 -8.199851164504496)
2024,CORTE RASO,C51L41,POINT (-61.17674552819302 -8.102596543913887)
2024,CORTE RASO,C51L41,POINT (-61.175948083449974 -8.102349916561208)
2024,CORTE RASO,C51L41,POINT (-61.17584697568502 -8.102254217290033)
2024,CORTE SELETIVO,C51L41,POINT (-61.21034896414791 -8.23225153176543)
2024,CORTE SELETIVO,C51L41,POINT (-61.21034748841967 -8.231945486602415)
2024,CORTE RASO,C51L41,POINT (-61.210254343006824 -8.192990795188926)
2024,CORTE RASO,C51L41,POINT (-61.209649740097625 -8.192848541425725)
2024,CORTE RASO,C51L41,POINT (-61.20945805440135 -8.192677293952762)
2024,CORTE RASO,C51L41,POINT (-61.21025116244642 -8.192746533800651)
2024,CORTE RASO,C51L41,POINT (-61.21005355688897 -8.192652439262456)
2024,CORTE RASO,C51L41,POINT (-61.20935150861329 -8.192153997956884)
2024,CORTE RASO,C51L41,POINT (-61.20944693808366 -8.192047159192676)
2024,CORTE RASO,C51L41,POINT (-61.209147789378996 -8.191952788317453)
2024,CORTE RASO,C51L41,POINT (-61.210245551091184 -8.191546880395615)
2024,CORTE RASO,C51L41,POINT (-61.21025338627915 -8.191353834214532)
2024,CORTE RASO,C51L41,POINT (-61.210147943969766 -8.191250955802929)
2024,CORTE RASO,C51L41,POINT (-61.2096540842831 -8.191153160470057)
2024,CORTE RASO,C51L41,POINT (-61.20904940250048 -8.190851380569947)
2024,CORTE RASO,C51L41,POINT (-61.20974678646972 -8.190648612260567)
2024,CORTE RASO,C51L41,POINT (-61.20945027866419 -8.190547386179713)
2024,CORTE RASO,C51L41,POINT (-61.20964691840523 -8.190489440868742)
2024,CORTE RASO,C51L41,POINT (-61.20974822531655 -8.190254460286138)
2024,CORTE RASO,C51L41,POINT (-61.20955270023332 -8.189752531312005)
2024,CORTE RASO,C51L41,POINT (-61.21004789949655 -8.187648169806732)
2024,CORTE RASO,C51L41,POINT (-61.20975428087499 -8.186449963191667)
2024,CORTE RASO,C51L41,POINT (-61.20955278144042 -8.186346793647806)
2024,CORTE RASO,C51L41,POINT (-61.20915015462231 -8.185047673914216)
2024,CORTE RASO,C51L41,POINT (-61.20935107004219 -8.183652745833486)
2024,CORTE RASO,C51L41,POINT (-61.20955130776486 -8.183652022711511)
2024,CORTE RASO,C51L41,POINT (-61.209349194939826 -8.183446939326549)
2024,CORTE RASO,C51L41,POINT (-61.209151709991275 -8.183453063284073)
2024,CORTE RASO,C51L41,POINT (-61.20904835396256 -8.183348963030005)
2024,CORTE RASO,C51L41,POINT (-61.209546220024954 -8.182946859093098)
2024,CORTE RASO,C51L41,POINT (-61.20974362762654 -8.182648131282832)
2024,CORTE RASO,C51L41,POINT (-61.209048441980144 -8.182648341924585)
2024,CORTE RASO,C51L41,POINT (-61.209250521249956 -8.180153066298688)
2024,CORTE RASO,C51L41,POINT (-61.20985133508853 -8.179947733863612)
2024,CORTE RASO,C51L41,POINT (-61.210053104115076 -8.17994932603169)
2024,CORTE RASO,C51L41,POINT (-61.20966591246569 -8.179755928818821)
2024,CORTE RASO,C51L41,POINT (-61.20894751208468 -8.191845879243775)
2024,CORTE RASO,C51L41,POINT (-61.208850021455135 -8.19054672236198)
2024,CORTE RASO,C51L41,POINT (-61.192246497078735 -8.188550310766974)
2024,CORTE RASO,C51L41,POINT (-61.192049274936366 -8.188346044113624)
2024,CORTE RASO,C51L41,POINT (-61.208952562964136 -8.184648030898435)
2024,CORTE RASO,C51L41,POINT (-61.20825292280314 -8.184650533132334)
2024,CORTE RASO,C51L41,POINT (-61.208347501285324 -8.184447010055075)
2024,CORTE RASO,C51L41,POINT (-61.20794647276455 -8.183152252624568)
2024,CORTE RASO,C51L41,POINT (-61.20885253706215 -8.182771711360452)
2024,CORTE RASO,C51L41,POINT (-61.20805045316175 -8.181908373390222)
2024,CORTE RASO,C51L41,POINT (-61.20874616038466 -8.181945893318256)
2024,CORTE RASO,C51L41,POINT (-61.20835427336277 -8.181448902656124)
2024,CORTE RASO,C51L41,POINT (-61.207952139233846 -8.181186600701816)
2024,CORTE RASO,C51L41,POINT (-61.20685399119423 -8.181146166388091)
2024,CORTE RASO,C51L41,POINT (-61.20874874547906 -8.181048349405659)
2024,CORTE RASO,C51L41,POINT (-61.20715164760659 -8.18055108059544)
2024,CORTE RASO,C51L41,POINT (-61.20744645017114 -8.180349070915376)
2024,CORTE RASO,C51L41,POINT (-61.207746443849665 -8.180048218412928)
2024,CORTE RASO,C51L41,POINT (-61.20745227323604 -8.179347286519441)
2024,CORTE RASO,C51L41,POINT (-61.20770739527224 -8.178950689977208)
2024,CORTE RASO,C51L41,POINT (-61.20735145592589 -8.178945224136516)
2024,CORTE RASO,C51L41,POINT (-61.191846076935235 -8.11315221381324)
2024,CORTE RASO,C51L41,POINT (-61.17844851717113 -8.103651781376145)
2024,CORTE RASO,C51L41,POINT (-61.177348073587126 -8.103251855245555)
2024,CORTE RASO,C51L41,POINT (-61.17662476554614 -8.103252154589509)
2024,CORTE RASO,C51L41,POINT (-61.17744839910803 -8.103151221014858)
2024,CORTE RASO,C51L41,POINT (-61.17522040433862 -8.102745401987063)
2024,CORTE RASO,C51L41,POINT (-61.17604582665284 -8.102354095870375)
2024,CORTE RASO,C51L41,POINT (-61.175748455164275 -8.102150742787975)
2024,CORTE RASO,C51L41,POINT (-61.17714984017386 -8.098347378851644)
2024,CORTE SELETIVO,C51L41,POINT (-61.127303517873116 -8.223050657238165)
2024,CORTE SELETIVO,C51L41,POINT (-61.12724607152233 -8.222849155732062)
2024,CORTE SELETIVO,C51L41,POINT (-61.12584730994792 -8.222552717549853)
2024,CORTE SELETIVO,C51L41,POINT (-61.128052400813075 -8.220802968242978)
2024,CORTE SELETIVO,C51L41,POINT (-61.12715187850855 -8.218246607125911)
2024,CORTE SELETIVO,C51L41,POINT (-61.12485341290077 -8.218045430890355)
2024,CORTE SELETIVO,C51L41,POINT (-61.12574843364402 -8.2175491330332)
2024,CORTE SELETIVO,C51L41,POINT (-61.125453646904006 -8.217485701437223)
2024,CORTE RASO,C51L41,POINT (-61.17454737285533 -8.100449245929637)
2024,CORTE SELETIVO,C51L41,POINT (-61.2150503673186 -8.248847408713425)
2024,CORTE SELETIVO,C51L41,POINT (-61.21554684848202 -8.248749646287617)
2024,CORTE SELETIVO,C51L41,POINT (-61.210649134209895 -8.241447268252912)
2024,CORTE SELETIVO,C51L41,POINT (-61.21381589067274 -8.234926490280692)
2024,CORTE SELETIVO,C51L41,POINT (-61.21015345742982 -8.234847602228612)
2024,CORTE SELETIVO,C51L41,POINT (-61.21385427121366 -8.234165853665553)
2024,CORTE SELETIVO,C51L41,POINT (-61.21365448252959 -8.234145895499886)
2024,CORTE SELETIVO,C51L41,POINT (-61.21335950479588 -8.23274964220279)
2024,CORTE SELETIVO,C51L41,POINT (-61.210151357007135 -8.232149883683737)
2024,CORTE SELETIVO,C51L41,POINT (-61.21094806469947 -8.232149442543468)
2024,CORTE SELETIVO,C51L41,POINT (-61.214152402959016 -8.232149779476284)
2024,CORTE RASO,C51L41,POINT (-61.20935226364991 -8.192453728298215)
2024,CORTE RASO,C51L41,POINT (-61.209247812614464 -8.192253925349847)
2024,CORTE RASO,C51L41,POINT (-61.20911225935015 -8.191848378444897)
2024,CORTE RASO,C51L41,POINT (-61.21014795520267 -8.191354352695752)
2024,CORTE RASO,C51L41,POINT (-61.209347610632186 -8.191048014371964)
2024,CORTE RASO,C51L41,POINT (-61.209552442038664 -8.191048900824999)
2024,CORTE RASO,C51L41,POINT (-61.20954762071862 -8.19075363450287)
2024,CORTE RASO,C51L41,POINT (-61.2087522097133 -8.19034925033465)
2024,CORTE RASO,C51L41,POINT (-61.20965044983624 -8.18635473833555)
2024,CORTE RASO,C51L41,POINT (-61.20975244984411 -8.186250432112852)
2024,CORTE RASO,C51L41,POINT (-61.209050597252975 -8.184846580300448)
2024,CORTE RASO,C51L41,POINT (-61.209251539009735 -8.184847974761217)
2024,CORTE RASO,C51L41,POINT (-61.209011293929066 -8.184553479853365)
2024,CORTE RASO,C51L41,POINT (-61.20775117394139 -8.184451693492656)
2024,CORTE RASO,C51L41,POINT (-61.208046461428914 -8.184153724710567)
2024,CORTE RASO,C51L41,POINT (-61.20945329661303 -8.184133080866188)
2024,CORTE RASO,C51L41,POINT (-61.20805060339585 -8.183948553615641)
2024,CORTE RASO,C51L41,POINT (-61.2094496212046 -8.183731423781913)
2024,CORTE RASO,C51L41,POINT (-61.208599901989906 -8.182450680765543)
2024,CORTE RASO,C51L41,POINT (-61.20764945797359 -8.181160163957944)
2024,CORTE RASO,C51L41,POINT (-61.20795259409585 -8.181045893710538)
2024,CORTE RASO,C51L41,POINT (-61.20775049215306 -8.180946377647393)
2024,CORTE RASO,C51L41,POINT (-61.20844934237924 -8.180454314018313)
2024,CORTE RASO,C51L41,POINT (-61.20774640386952 -8.180246556151575)
2024,CORTE RASO,C51L41,POINT (-61.20764602432229 -8.180049233147118)
2024,CORTE RASO,C51L41,POINT (-61.20795147493902 -8.179949549992925)
2024,CORTE SELETIVO,C51L41,POINT (-61.20185108275193 -8.23835112879353)
2024,CORTE SELETIVO,C51L41,POINT (-61.2068481623475 -8.234345386855919)
2024,CORTE SELETIVO,C51L41,POINT (-61.20734607366802 -8.234046181283388)
2024,CORTE SELETIVO,C51L41,POINT (-61.20714973172408 -8.233753620886953)
2024,CORTE SELETIVO,C51L41,POINT (-61.19044698630546 -8.187946595644952)
2024,CORTE RASO,C51L41,POINT (-61.20615221806398 -8.181991491946382)
2024,CORTE RASO,C51L41,POINT (-61.206753377103276 -8.18125279422519)
2024,CORTE RASO,C51L41,POINT (-61.207015143537355 -8.18114692609472)
2024,CORTE RASO,C51L41,POINT (-61.20754619234109 -8.180153937005866)
2024,CORTE RASO,C51L41,POINT (-61.20755348721803 -8.179050997042918)
2024,CORTE RASO,C51L41,POINT (-61.20705172569587 -8.178952626503174)
2024,CORTE RASO,C51L41,POINT (-61.20745174779014 -8.178946156863498)
2024,CORTE RASO,C51L41,POINT (-61.17674649816144 -8.103547283037717)
2024,CORTE RASO,C51L41,POINT (-61.17694953970248 -8.103254379538624)
2024,CORTE RASO,C51L41,POINT (-61.173949160925915 -8.1024064090088)
2024,CORTE RASO,C51L41,POINT (-61.175247381823816 -8.102154069112842)
2024,CORTE RASO,C51L41,POINT (-61.17514809613567 -8.10194630833677)
2024,CORTE RASO,C51L41,POINT (-61.174248989121864 -8.101248912584438)
2024,CORTE RASO,C51L41,POINT (-61.17935377971135 -8.09895022853375)
2024,CORTE SELETIVO,C51L41,POINT (-61.12714393271887 -8.222947683837221)
2024,CORTE SELETIVO,C51L41,POINT (-61.127346337403154 -8.222853117296964)
2024,CORTE SELETIVO,C51L41,POINT (-61.12595124725936 -8.222639710566238)
2024,CORTE SELETIVO,C51L41,POINT (-61.12804989342216 -8.220547689942206)
2024,CORTE SELETIVO,C51L41,POINT (-61.12475439399174 -8.219653615769552)
2024,CORTE SELETIVO,C51L41,POINT (-61.128746802430044 -8.218649478903162)
2024,CORTE SELETIVO,C51L41,POINT (-61.12874742108663 -8.218450830852817)
2024,CORTE SELETIVO,C51L41,POINT (-61.12465388541688 -8.218051507503768)
2024,CORTE SELETIVO,C51L41,POINT (-61.12555007362256 -8.217512873708294)
2024,CORTE SELETIVO,C51L41,POINT (-61.12574676282543 -8.217449817572772)
2024,CORTE SELETIVO,C51L41,POINT (-61.12514858127734 -8.217349355753065)
2024,CORTE SELETIVO,C51L41,POINT (-61.11964763571155 -8.216048472981658)
2024,CORTE SELETIVO,C51L41,POINT (-61.171445782996976 -8.198146290846708)
2024,CORTE SELETIVO,C51L41,POINT (-61.15714822750719 -8.119646439027257)
2024,CORTE SELETIVO,C51L41,POINT (-61.17284580641408 -8.199645950238523)
2024,CORTE RASO,C51L41,POINT (-61.17405460651956 -8.102203010036636)
2024,CORTE SELETIVO,C51L41,POINT (-61.20194867522203 -8.238142356872968)
2024,CORTE SELETIVO,C51L41,POINT (-61.207349291171575 -8.233748596941629)
2024,CORTE SELETIVO,C51L41,POINT (-61.2055520005052 -8.232946257278833)
2024,CORTE SELETIVO,C51L41,POINT (-61.20524557492141 -8.23285329546108)
2024,CORTE SELETIVO,C51L41,POINT (-61.20584930583058 -8.23284846245771)
2024,CORTE SELETIVO,C51L41,POINT (-61.20994934928106 -8.232148029808798)
2024,CORTE SELETIVO,C51L41,POINT (-61.210247463125 -8.232148904048204)
2024,CORTE SELETIVO,C51L41,POINT (-61.20725216569673 -8.232153387721967)
2024,CORTE SELETIVO,C51L41,POINT (-61.20874941261436 -8.230247188497541)
2024,CORTE RASO,C51L41,POINT (-61.209554566705265 -8.192049845640799)
2024,CORTE RASO,C51L41,POINT (-61.20915369147797 -8.190853334800586)
2024,CORTE RASO,C51L41,POINT (-61.209748078905434 -8.190545594720186)
2024,CORTE RASO,C51L41,POINT (-61.20970920813284 -8.190350841913189)
2024,CORTE RASO,C51L41,POINT (-61.20954328318655 -8.189654457610219)
2024,CORTE RASO,C51L41,POINT (-61.20915163060746 -8.18864936215601)
2024,CORTE RASO,C51L41,POINT (-61.211150212385675 -8.187550134078707)
2024,CORTE RASO,C51L41,POINT (-61.21054796507727 -8.186154678971603)
2024,CORTE RASO,C51L41,POINT (-61.20785431450455 -8.184751772780404)
2024,CORTE RASO,C51L41,POINT (-61.20944585602304 -8.184462441133894)
2024,CORTE RASO,C51L41,POINT (-61.2095531275033 -8.183750790543515)
2024,CORTE RASO,C51L41,POINT (-61.208950090171456 -8.182847079915216)
2024,CORTE RASO,C51L41,POINT (-61.208447853967215 -8.182450090432857)
2024,CORTE RASO,C51L41,POINT (-61.21004610965088 -8.181052320717402)
2024,CORTE RASO,C51L41,POINT (-61.21014583580674 -8.18094675387513)
2024,CORTE RASO,C51L41,POINT (-61.207051434830376 -8.180647349034206)
2024,CORTE RASO,C51L41,POINT (-61.20995012790915 -8.17995454000935)
2024,CORTE RASO,C51L41,POINT (-61.209546644930036 -8.179651359804044)
2024,CORTE RASO,C51L41,POINT (-61.20714953933239 -8.179047538836986)
2024,CORTE RASO,C51L41,POINT (-61.207451459425315 -8.179051045233994)
2024,CORTE RASO,C51L41,POINT (-61.2077523999767 -8.179052686999968)
2024,CORTE RASO,C51L41,POINT (-61.176750848618525 -8.103299609006413)
2024,CORTE RASO,C51L41,POINT (-61.17474759158119 -8.10284642077122)
2024,CORTE RASO,C51L41,POINT (-61.17584889725598 -8.099653573679216)
2024,CORTE RASO,C51L41,POINT (-61.17454840154934 -8.099645790738844)
2024,CORTE RASO,C51L41,POINT (-61.18044916437596 -8.099146389961463)
2024,CORTE SELETIVO,C51L41,POINT (-61.16014718000071 -8.245150749531655)
2024,CORTE SELETIVO,C51L41,POINT (-61.15985390029855 -8.245224852884446)
2024,CORTE SELETIVO,C51L41,POINT (-61.12434926115771 -8.226348333068088)
2024,CORTE SELETIVO,C51L41,POINT (-61.122748258435465 -8.225048136338417)
2024,CORTE SELETIVO,C51L41,POINT (-61.127153374004635 -8.222750591992725)
2024,CORTE SELETIVO,C51L41,POINT (-61.126046057472216 -8.22264914617933)
2024,CORTE SELETIVO,C51L41,POINT (-61.12585139953546 -8.222448400711663)
2024,CORTE SELETIVO,C51L41,POINT (-61.12384640943641 -8.2216457828764)
2024,CORTE SELETIVO,C51L41,POINT (-61.128050979444794 -8.220648062037471)
2024,CORTE SELETIVO,C51L41,POINT (-61.12480173472182 -8.22023473849966)
2024,CORTE SELETIVO,C51L41,POINT (-61.12475193694788 -8.219550941904876)
2024,CORTE SELETIVO,C51L41,POINT (-61.12915416115393 -8.218652541988142)
2024,CORTE SELETIVO,C51L41,POINT (-61.124547873888304 -8.21805169346242)
2024,CORTE SELETIVO,C51L41,POINT (-61.12565337330463 -8.217553194531284)
2024,CORTE SELETIVO,C51L41,POINT (-61.12455419656469 -8.217147166086095)
2024,CORTE SELETIVO,C51L41,POINT (-61.121248411934836 -8.216548053481715)
2024,CORTE SELETIVO,C51L41,POINT (-61.120949258417156 -8.21645112948374)
2024,CORTE SELETIVO,C51L41,POINT (-61.11955458939451 -8.215450574481896)
2024,CORTE SELETIVO,C51L41,POINT (-61.17175434587283 -8.198251018990868)
2024,CORTE SELETIVO,C51L41,POINT (-61.215614993070524 -8.249154331651543)
2024,CORTE SELETIVO,C51L41,POINT (-61.2148455284104 -8.248753520959434)
2024,CORTE SELETIVO,C51L41,POINT (-61.2126496240312 -8.246248515977083)
2024,CORTE SELETIVO,C51L41,POINT (-61.22054681146059 -8.23615190000119)
2024,CORTE SELETIVO,C51L41,POINT (-61.2274524346956 -8.235251266993751)
2024,CORTE SELETIVO,C51L41,POINT (-61.2137458906724 -8.235087554947382)
2024,CORTE SELETIVO,C51L41,POINT (-61.22765160377693 -8.234649308753285)
2024,CORTE SELETIVO,C51L41,POINT (-61.22764668898681 -8.23444668340781)
2024,CORTE SELETIVO,C51L41,POINT (-61.22754842492758 -8.234336833201244)
2024,CORTE SELETIVO,C51L41,POINT (-61.227566563071946 -8.234049536677235)
2024,CORTE SELETIVO,C51L41,POINT (-61.22764606209839 -8.23314825986691)
2024,CORTE SELETIVO,C51L41,POINT (-61.21334711226587 -8.232954482773907)
2024,CORTE SELETIVO,C51L41,POINT (-61.20857618492541 -8.230449064984533)
2024,CORTE SELETIVO,C51L41,POINT (-61.21104572177166 -8.228951399518566)
2024,CORTE SELETIVO,C51L41,POINT (-61.21124934146392 -8.228848093263778)
2024,CORTE RASO,C51L41,POINT (-61.20985062841309 -8.192850350969133)
2024,CORTE RASO,C51L41,POINT (-61.20934393245844 -8.192644111582831)
2024,CORTE RASO,C51L41,POINT (-61.20935026839277 -8.192307698441397)
2024,CORTE RASO,C51L41,POINT (-61.20905280171629 -8.192153313649879)
2024,CORTE RASO,C51L41,POINT (-61.20932236852314 -8.19205100764641)
2024,CORTE RASO,C51L41,POINT (-61.20944960708197 -8.191651361875236)
2024,CORTE RASO,C51L41,POINT (-61.20915330210147 -8.191347279770572)
2024,CORTE RASO,C51L41,POINT (-61.209550609705744 -8.191254191658441)
2024,CORTE RASO,C51L41,POINT (-61.209653938907145 -8.19085219777447)
2024,CORTE RASO,C51L41,POINT (-61.20975086876201 -8.190747994762846)
2024,CORTE RASO,C51L41,POINT (-61.20945204235239 -8.189553162555576)
2024,CORTE RASO,C51L41,POINT (-61.20914795531889 -8.188345838404045)
2024,CORTE RASO,C51L41,POINT (-61.209650665223975 -8.186250288623446)
2024,CORTE RASO,C51L41,POINT (-61.20895011714328 -8.185450652505791)
2024,CORTE RASO,C51L41,POINT (-61.20884590544369 -8.184549633500337)
2024,CORTE RASO,C51L41,POINT (-61.20825315252493 -8.184347347302674)
2024,CORTE RASO,C51L41,POINT (-61.20876995760634 -8.184247420378046)
2024,CORTE RASO,C51L41,POINT (-61.2095495446572 -8.183951784254177)
2024,CORTE RASO,C51L41,POINT (-61.20974712685663 -8.182747715048022)
2024,CORTE RASO,C51L41,POINT (-61.20824767886335 -8.182137843154786)
2024,CORTE RASO,C51L41,POINT (-61.20813994257189 -8.179249122041842)
2024,CORTE SELETIVO,C51L41,POINT (-61.20185268080202 -8.238249480025843)
2024,CORTE SELETIVO,C51L41,POINT (-61.20205102956548 -8.238083677611119)
2024,CORTE SELETIVO,C51L41,POINT (-61.198450690645885 -8.235147886958869)
2024,CORTE SELETIVO,C51L41,POINT (-61.207554578116735 -8.234551620527215)
2024,CORTE SELETIVO,C51L41,POINT (-61.20674582404663 -8.234484507129055)
2024,CORTE SELETIVO,C51L41,POINT (-61.20736898090731 -8.233846492458351)
2024,CORTE SELETIVO,C51L41,POINT (-61.207052253206015 -8.233826239254968)
2024,CORTE SELETIVO,C51L41,POINT (-61.20204543148043 -8.232654167012582)
2024,CORTE SELETIVO,C51L41,POINT (-61.1905464561823 -8.188045738567894)
2024,CORTE RASO,C51L41,POINT (-61.20318861050808 -8.185050360294282)
2024,CORTE RASO,C51L41,POINT (-61.20794540170482 -8.1847477717754)
2024,CORTE RASO,C51L41,POINT (-61.208045485537994 -8.18244631450161)
2024,CORTE RASO,C51L41,POINT (-61.20785440298961 -8.182345962611025)
2024,CORTE RASO,C51L41,POINT (-61.206249532289014 -8.182140481948755)
2024,CORTE RASO,C51L41,POINT (-61.20584977999451 -8.182053444042754)
2024,CORTE RASO,C51L41,POINT (-61.20611400782762 -8.181546861118045)
2024,CORTE RASO,C51L41,POINT (-61.20804685679006 -8.18164681902605)
2024,CORTE RASO,C51L41,POINT (-61.207753198832926 -8.181246334212963)
2024,CORTE RASO,C51L41,POINT (-61.208068652508686 -8.181148533134802)
2024,CORTE RASO,C51L41,POINT (-61.20625177996994 -8.181072632034502)
2024,CORTE RASO,C51L41,POINT (-61.20740945166857 -8.18024535726538)
2024,CORTE RASO,C51L41,POINT (-61.20784721128517 -8.1801453597814)
2024,CORTE RASO,C51L41,POINT (-61.20764963653648 -8.180147707848416)
2024,CORTE RASO,C51L41,POINT (-61.20814761256216 -8.180050867887262)
2024,CORTE RASO,C51L41,POINT (-61.20785345816512 -8.179945480590657)
2024,CORTE RASO,C51L41,POINT (-61.20635401383869 -8.179564152176953)
2024,CORTE RASO,C51L41,POINT (-61.20664823009966 -8.1791468210424)
2024,CORTE RASO,C51L41,POINT (-61.20724765509782 -8.179051760993762)
2024,CORTE RASO,C51L41,POINT (-61.17655159118526 -8.10335011961247)
2024,CORTE RASO,C51L41,POINT (-61.17644682455429 -8.103246756133512)
2024,CORTE RASO,C51L41,POINT (-61.177954229083035 -8.103049608250535)
2024,CORTE RASO,C51L41,POINT (-61.17524961574464 -8.1017487085019)
2024,CORTE RASO,C51L41,POINT (-61.17792686737656 -8.100350456054965)
2024,CORTE RASO,C51L41,POINT (-61.175654086434626 -8.099852016105672)
2024,CORTE RASO,C51L41,POINT (-61.174446573027836 -8.099347668316566)
2024,CORTE SELETIVO,C51L41,POINT (-61.16385116565447 -8.248947138300377)
2024,CORTE SELETIVO,C51L41,POINT (-61.1597486882524 -8.245152975426)
2024,CORTE SELETIVO,C51L41,POINT (-61.15993079046828 -8.24506624475989)
2024,CORTE SELETIVO,C51L41,POINT (-61.163148804308356 -8.241347663419194)
2024,CORTE SELETIVO,C51L41,POINT (-61.11475097880217 -8.231601479149425)
2024,CORTE SELETIVO,C51L41,POINT (-61.122047563506584 -8.227125981891477)
2024,CORTE SELETIVO,C51L41,POINT (-61.12415442101164 -8.22634636915383)
2024,CORTE SELETIVO,C51L41,POINT (-61.12284756868823 -8.225346421637582)
2024,CORTE SELETIVO,C51L41,POINT (-61.12285060610923 -8.22505442737987)
2024,CORTE SELETIVO,C51L41,POINT (-61.11645264653868 -8.224367662834315)
2024,CORTE SELETIVO,C51L41,POINT (-61.12714967018375 -8.223048695659694)
2024,CORTE SELETIVO,C51L41,POINT (-61.1273525763104 -8.222954750414871)
2024,CORTE SELETIVO,C51L41,POINT (-61.125932362795325 -8.222845477588855)
2024,CORTE SELETIVO,C51L41,POINT (-61.12368087940478 -8.221656568368841)
2024,CORTE SELETIVO,C51L41,POINT (-61.1245546088128 -8.220251610755028)
2024,CORTE SELETIVO,C51L41,POINT (-61.12274780053061 -8.220149787678835)
2024,CORTE SELETIVO,C51L41,POINT (-61.12874908338568 -8.218546754945034)
2024,CORTE SELETIVO,C51L41,POINT (-61.12694781506845 -8.218249863595286)
2024,CORTE SELETIVO,C51L41,POINT (-61.12095210302879 -8.216553673328836)
2024,CORTE SELETIVO,C51L41,POINT (-61.11925245691876 -8.215154572879246)
2024,CORTE SELETIVO,C51L41,POINT (-61.157152608849685 -8.119752889617944)
2024,CORTE RASO,C51L41,POINT (-61.208054598699505 -8.184254361937928)
2024,CORTE SELETIVO,C51L41,POINT (-61.22755300105593 -8.234449132898943)
2024,CORTE SELETIVO,C51L41,POINT (-61.227848924029225 -8.234251487092562)
2024,CORTE SELETIVO,C51L41,POINT (-61.207452703335086 -8.23354788063162)
2024,CORTE SELETIVO,C51L41,POINT (-61.21344947913705 -8.232946162647284)
2024,CORTE SELETIVO,C51L41,POINT (-61.20554593868478 -8.232846795075728)
2024,CORTE SELETIVO,C51L41,POINT (-61.20594667213223 -8.232850885827192)
2024,CORTE RASO,C51L41,POINT (-61.20904755154923 -8.191969309837788)
2024,CORTE RASO,C51L41,POINT (-61.20935333776723 -8.191947353437758)
2024,CORTE RASO,C51L41,POINT (-61.20935095084399 -8.191548070211093)
2024,CORTE RASO,C51L41,POINT (-61.20964787065944 -8.19005240041371)
2024,CORTE RASO,C51L41,POINT (-61.2099514692178 -8.188252991484132)
2024,CORTE SELETIVO,C51L41,POINT (-61.19065271580194 -8.187952143559482)
2024,CORTE RASO,C51L41,POINT (-61.2082478722093 -8.184450550498092)
2024,CORTE RASO,C51L41,POINT (-61.20655214033631 -8.17915306839085)
2024,CORTE SELETIVO,C51L41,POINT (-61.160177279845236 -8.247749592157016)
2024,CORTE SELETIVO,C51L41,POINT (-61.1237498562157 -8.22885043246439)
2024,CORTE SELETIVO,C51L41,POINT (-61.12714814870618 -8.222846461403563)
2024,CORTE SELETIVO,C51L41,POINT (-61.124766210055704 -8.220053201709531)
2024,CORTE SELETIVO,C51L41,POINT (-61.12715111230672 -8.218353674539905)
2024,CORTE SELETIVO,C51L41,POINT (-61.12134574797653 -8.216550620853031)
2024,CORTE RASO,C51L41,POINT (-61.17664593715332 -8.103345410885332)
2024,CORTE SELETIVO,C51L41,POINT (-61.21264683158139 -8.246151833770103)
2024,CORTE SELETIVO,C51L41,POINT (-61.22894765320144 -8.236750064250744)
2024,CORTE SELETIVO,C51L41,POINT (-61.20325447740293 -8.236149039747835)
2024,CORTE SELETIVO,C51L41,POINT (-61.20565355290947 -8.235409027364971)
2024,CORTE SELETIVO,C51L41,POINT (-61.205451896608515 -8.235351945631946)
2024,CORTE SELETIVO,C51L41,POINT (-61.205847221098345 -8.235251335895596)
2024,CORTE SELETIVO,C51L41,POINT (-61.21414882822593 -8.234932902528406)
2024,CORTE SELETIVO,C51L41,POINT (-61.21364966241603 -8.234851180340467)
2024,CORTE SELETIVO,C51L41,POINT (-61.21024806589926 -8.234852439447428)
2024,CORTE SELETIVO,C51L41,POINT (-61.219450219551675 -8.234549269517037)
2024,CORTE SELETIVO,C51L41,POINT (-61.20504710001911 -8.23285107840678)
2024,CORTE SELETIVO,C51L41,POINT (-61.208450279856635 -8.232354573809364)
2024,CORTE SELETIVO,C51L41,POINT (-61.22304907077756 -8.232049557700623)
2024,CORTE SELETIVO,C51L41,POINT (-61.2087533195105 -8.229946160034281)
2024,CORTE RASO,C51L41,POINT (-61.20934959209199 -8.19285336787115)
2024,CORTE RASO,C51L41,POINT (-61.2092499034086 -8.19194793519353)
2024,CORTE RASO,C51L41,POINT (-61.20934622023086 -8.191753016686418)
2024,CORTE RASO,C51L41,POINT (-61.20925421154463 -8.191549568915924)
2024,CORTE RASO,C51L41,POINT (-61.20894603542997 -8.19125947471809)
2024,CORTE RASO,C51L41,POINT (-61.209745530677665 -8.190852204190387)
2024,CORTE RASO,C51L41,POINT (-61.20485031862887 -8.18524750891728)
2024,CORTE RASO,C51L41,POINT (-61.20904543959242 -8.185145570632727)
2024,CORTE RASO,C51L41,POINT (-61.20905303264854 -8.184948899881443)
2024,CORTE RASO,C51L41,POINT (-61.20875200378118 -8.184451039537795)
2024,CORTE RASO,C51L41,POINT (-61.20984871150723 -8.181845732164366)
2024,CORTE RASO,C51L41,POINT (-61.176347322104625 -8.103253611866414)
2024,CORTE RASO,C51L41,POINT (-61.17544954532879 -8.101750130495907)
2024,CORTE SELETIVO,C51L41,POINT (-61.16199309182723 -8.249902177443106)
2024,CORTE SELETIVO,C51L41,POINT (-61.16544909942413 -8.249154779284464)
2024,CORTE SELETIVO,C51L41,POINT (-61.163953307955026 -8.24894556404298)
2024,CORTE SELETIVO,C51L41,POINT (-61.16022122644769 -8.247952000869086)
2024,CORTE SELETIVO,C51L41,POINT (-61.16025201667228 -8.247601592388492)
2024,CORTE SELETIVO,C51L41,POINT (-61.16585078875479 -8.247554541397253)
2024,CORTE SELETIVO,C51L41,POINT (-61.160051672912495 -8.247447056331078)
2024,CORTE SELETIVO,C51L41,POINT (-61.166415665332444 -8.246452226685422)
2024,CORTE SELETIVO,C51L41,POINT (-61.16485222431003 -8.245246607534662)
2024,CORTE SELETIVO,C51L41,POINT (-61.16005160288569 -8.245151019661915)
2024,CORTE SELETIVO,C51L41,POINT (-61.166352726391274 -8.242652871426476)
2024,CORTE SELETIVO,C51L41,POINT (-61.16034744621181 -8.242045736564824)
2024,CORTE SELETIVO,C51L41,POINT (-61.16034770683857 -8.241846131327383)
2024,CORTE SELETIVO,C51L41,POINT (-61.12211885629608 -8.234146758862842)
2024,CORTE SELETIVO,C51L41,POINT (-61.12374859085212 -8.229149673173486)
2024,CORTE SELETIVO,C51L41,POINT (-61.12414737163988 -8.22654545822208)
2024,CORTE SELETIVO,C51L41,POINT (-61.12255392298868 -8.22525079707092)
2024,CORTE SELETIVO,C51L41,POINT (-61.12275067169643 -8.225254057019413)
2024,CORTE SELETIVO,C51L41,POINT (-61.125051483672685 -8.224654537559871)
2024,CORTE SELETIVO,C51L41,POINT (-61.12504605963953 -8.224351376816642)
2024,CORTE SELETIVO,C51L41,POINT (-61.12395237422061 -8.221696137365925)
2024,CORTE SELETIVO,C51L41,POINT (-61.12464634714732 -8.220230151550126)
2024,CORTE SELETIVO,C51L41,POINT (-61.12484909792531 -8.219654155803317)
2024,CORTE SELETIVO,C51L41,POINT (-61.12575437074649 -8.21775005282625)
2024,CORTE SELETIVO,C51L41,POINT (-61.114349230752204 -8.233427514713673)
2024,CORTE SELETIVO,C51L41,POINT (-61.1149532893712 -8.231748891252765)
2024,CORTE SELETIVO,C51L41,POINT (-61.11485362320302 -8.231254651849687)
2024,CORTE SELETIVO,C51L41,POINT (-61.11545255239905 -8.228449492528618)
2024,CORTE SELETIVO,C51L41,POINT (-61.122046399773375 -8.227289290233077)
2024,CORTE SELETIVO,C51L41,POINT (-61.12184892468435 -8.22727301744301)
2024,CORTE SELETIVO,C51L41,POINT (-61.11554684586698 -8.227245939792667)
2024,CORTE SELETIVO,C51L41,POINT (-61.12174975373665 -8.227147182856106)
2024,CORTE SELETIVO,C51L41,POINT (-61.11574959963285 -8.227146774427556)
2024,CORTE SELETIVO,C51L41,POINT (-61.115558087770445 -8.22704895276846)
2024,CORTE SELETIVO,C51L41,POINT (-61.12195146355286 -8.22695333857883)
2024,CORTE SELETIVO,C51L41,POINT (-61.12194592161581 -8.225753271870904)
2024,CORTE SELETIVO,C51L41,POINT (-61.11755184324817 -8.220151723920589)
2024,CORTE SELETIVO,C51L41,POINT (-61.12105426222655 -8.216447047590691)
2024,CORTE SELETIVO,C51L41,POINT (-61.119654359705784 -8.215548336701287)
2024,CORTE RASO,C51L41,POINT (-61.20785117755346 -8.184347977632164)
2024,CORTE RASO,C51L41,POINT (-61.20804863285441 -8.184051558206905)
2024,CORTE RASO,C51L41,POINT (-61.20795306758191 -8.182746846066692)
2024,CORTE RASO,C51L41,POINT (-61.17384731076872 -8.102765111105107)
2024,CORTE RASO,C51L41,POINT (-61.17444705627369 -8.101451292570209)
2024,CORTE SELETIVO,C51L41,POINT (-61.20584723129998 -8.235422902000977)
2024,CORTE SELETIVO,C51L41,POINT (-61.20585149552101 -8.235148186895486)
2024,CORTE SELETIVO,C51L41,POINT (-61.198753124257976 -8.234354750488416)
2024,CORTE SELETIVO,C51L41,POINT (-61.22755203194442 -8.234147403954191)
2024,CORTE SELETIVO,C51L41,POINT (-61.198550829947514 -8.234150630414822)
2024,CORTE SELETIVO,C51L41,POINT (-61.19824482011147 -8.234078674561532)
2024,CORTE SELETIVO,C51L41,POINT (-61.205353309008956 -8.232848237686571)
2024,CORTE SELETIVO,C51L41,POINT (-61.20904964480394 -8.232352404069598)
2024,CORTE SELETIVO,C51L41,POINT (-61.2231490380294 -8.229353518194413)
2024,CORTE SELETIVO,C51L41,POINT (-61.209548512302725 -8.228950573148943)
2024,CORTE RASO,C51L41,POINT (-61.20985419810916 -8.19294766933807)
2024,CORTE RASO,C51L41,POINT (-61.20934835151586 -8.191653762857882)
2024,CORTE RASO,C51L41,POINT (-61.210254467344456 -8.191247077850955)
2024,CORTE RASO,C51L41,POINT (-61.20875219281658 -8.189554630750267)
2024,CORTE RASO,C51L41,POINT (-61.20915268607311 -8.188546534592307)
2024,CORTE RASO,C51L41,POINT (-61.211170654529305 -8.187148515266458)
2024,CORTE RASO,C51L41,POINT (-61.21065051823236 -8.186051979083038)
2024,CORTE RASO,C51L41,POINT (-61.205552622713846 -8.185646007700425)
2024,CORTE RASO,C51L41,POINT (-61.20895311872132 -8.185262734652243)
2024,CORTE RASO,C51L41,POINT (-61.20265086754907 -8.185052437633361)
2024,CORTE RASO,C51L41,POINT (-61.20861181662528 -8.18444651455191)
2024,CORTE RASO,C51L41,POINT (-61.20855430698428 -8.184248357785851)
2024,CORTE RASO,C51L41,POINT (-61.198846764481395 -8.183953678785496)
2024,CORTE RASO,C51L41,POINT (-61.209184082252584 -8.183354197352081)
2024,CORTE RASO,C51L41,POINT (-61.20639598617392 -8.181054420318207)
2024,CORTE RASO,C51L41,POINT (-61.20755122334123 -8.180445609972661)
2024,CORTE RASO,C51L41,POINT (-61.17684977093444 -8.10355271270687)
2024,CORTE RASO,C51L41,POINT (-61.177545871693106 -8.103353040035467)
2024,CORTE SELETIVO,C51L41,POINT (-61.16184601542144 -8.24994817523755)
2024,CORTE SELETIVO,C51L41,POINT (-61.16215188825039 -8.24985278763974)
2024,CORTE SELETIVO,C51L41,POINT (-61.16175087196272 -8.249752731585302)
2024,CORTE SELETIVO,C51L41,POINT (-61.16165162987713 -8.249654096875998)
2024,CORTE SELETIVO,C51L41,POINT (-61.16044838084607 -8.24755210539697)
2024,CORTE SELETIVO,C51L41,POINT (-61.16045088916683 -8.242247635219202)
2024,CORTE SELETIVO,C51L41,POINT (-61.16045123816782 -8.241052388968516)
2024,CORTE SELETIVO,C51L41,POINT (-61.160554162385814 -8.240453927210476)
2024,CORTE SELETIVO,C51L41,POINT (-61.160448527096776 -8.239412316329759)
2024,CORTE RASO,C51L41,POINT (-61.17405102375845 -8.102053956526007)
2024,CORTE RASO,C51L41,POINT (-61.17454574935646 -8.100919204444596)
2024,CORTE RASO,C51L41,POINT (-61.17584872151257 -8.100249891859146)
2024,CORTE RASO,C51L41,POINT (-61.17454690109437 -8.099452970353914)
2024,CORTE RASO,C51L41,POINT (-61.17594852605443 -8.099146940492302)
2024,CORTE RASO,C51L41,POINT (-61.17455226272267 -8.098449524382923)
2024,CORTE RASO,C51L41,POINT (-61.17455029029206 -8.098249345044623)
2024,CORTE SELETIVO,C51L41,POINT (-61.16014872711896 -8.249347952407778)
2024,CORTE SELETIVO,C51L41,POINT (-61.16004945568367 -8.245250116199633)
2024,CORTE SELETIVO,C51L41,POINT (-61.16013267218733 -8.244966401717004)
2024,CORTE SELETIVO,C51L41,POINT (-61.12195041557409 -8.227149616826395)
2024,CORTE SELETIVO,C51L41,POINT (-61.12224594993583 -8.227144581355843)
2024,CORTE SELETIVO,C51L41,POINT (-61.12200919289589 -8.226852830172374)
2024,CORTE SELETIVO,C51L41,POINT (-61.12505130771528 -8.224172050390184)
2024,CORTE SELETIVO,C51L41,POINT (-61.127134506919276 -8.222601370192303)
2024,CORTE SELETIVO,C51L41,POINT (-61.12584980298053 -8.222346340895784)
2024,CORTE SELETIVO,C51L41,POINT (-61.12495217312337 -8.222149950069575)
2024,CORTE SELETIVO,C51L41,POINT (-61.124750392972615 -8.22215295892735)
2024,CORTE SELETIVO,C51L41,POINT (-61.123850644950544 -8.221749105798084)
2024,CORTE SELETIVO,C51L41,POINT (-61.124047963686785 -8.221654712778008)
2024,CORTE SELETIVO,C51L41,POINT (-61.12384934835022 -8.221548601013776)
2024,CORTE SELETIVO,C51L41,POINT (-61.12824955348957 -8.2205650045673)
2024,CORTE SELETIVO,C51L41,POINT (-61.12334945821899 -8.219449652778303)
2024,CORTE SELETIVO,C51L41,POINT (-61.12885212778657 -8.218548174396368)
2024,CORTE SELETIVO,C51L41,POINT (-61.124548309327615 -8.218152615995022)
2024,CORTE SELETIVO,C51L41,POINT (-61.12125436547455 -8.216445770182064)
2024,CORTE SELETIVO,C51L41,POINT (-61.11964731719447 -8.216150708394009)
2024,CORTE SELETIVO,C51L41,POINT (-61.11904584621538 -8.215253692959832)
2024,CORTE SELETIVO,C51L41,POINT (-61.227750425214275 -8.241650531567297)
2024,CORTE SELETIVO,C51L41,POINT (-61.229149190594256 -8.236750023984673)
2024,CORTE SELETIVO,C51L41,POINT (-61.225451681414256 -8.235483941245846)
2024,CORTE SELETIVO,C51L41,POINT (-61.21396370379373 -8.234953084811126)
2024,CORTE SELETIVO,C51L41,POINT (-61.21254854136936 -8.234750370467017)
2024,CORTE SELETIVO,C51L41,POINT (-61.212750295478855 -8.234752939721215)
2024,CORTE SELETIVO,C51L41,POINT (-61.21365047228326 -8.234746488718732)
2024,CORTE SELETIVO,C51L41,POINT (-61.22765334218263 -8.23434554827439)
2024,CORTE SELETIVO,C51L41,POINT (-61.21365336344122 -8.233950783280285)
2024,CORTE SELETIVO,C51L41,POINT (-61.21325056395094 -8.232852752088332)
2024,CORTE SELETIVO,C51L41,POINT (-61.227852751226 -8.232550712188797)
2024,CORTE SELETIVO,C51L41,POINT (-61.22804739587852 -8.23224821404069)
2024,CORTE SELETIVO,C51L41,POINT (-61.20704604859541 -8.232153110338619)
2024,CORTE SELETIVO,C51L41,POINT (-61.22304689580509 -8.229353061622003)
2024,CORTE SELETIVO,C51L41,POINT (-61.22285221021777 -8.229151380111757)
2024,CORTE SELETIVO,C51L41,POINT (-61.209451950939744 -8.228953942874279)
2024,CORTE RASO,C51L41,POINT (-61.20954786511521 -8.190851744168159)
2024,CORTE RASO,C51L41,POINT (-61.208850275939994 -8.185548146301027)
2024,CORTE RASO,C51L41,POINT (-61.209245995675595 -8.185047513098759)
2024,CORTE RASO,C51L41,POINT (-61.20745215617766 -8.18194914351033)
2024,CORTE RASO,C51L41,POINT (-61.2065498763506 -8.181045407846947)
2024,CORTE RASO,C51L41,POINT (-61.20784818994496 -8.180254511405037)
2024,CORTE SELETIVO,C51L41,POINT (-61.20344755010424 -8.244452216377745)
2024,CORTE SELETIVO,C51L41,POINT (-61.20565080078741 -8.23525354188479)
2024,CORTE SELETIVO,C51L41,POINT (-61.205150997890094 -8.232848472737638)
2024,CORTE SELETIVO,C51L41,POINT (-61.167223550545614 -8.247549973524745)
2024,CORTE SELETIVO,C51L41,POINT (-61.16115080405105 -8.24204895333729)
2024,CORTE SELETIVO,C51L41,POINT (-61.16044691964037 -8.241546948413426)
2024,CORTE SELETIVO,C51L41,POINT (-61.160493979486176 -8.241147670251605)
2024,CORTE SELETIVO,C51L41,POINT (-61.16044702758621 -8.240785439553031)
2024,CORTE SELETIVO,C51L41,POINT (-61.16064905282561 -8.240700660458227)
2024,CORTE SELETIVO,C51L41,POINT (-61.160452452266725 -8.24052327205868)
2024,CORTE SELETIVO,C51L41,POINT (-61.16064855666263 -8.240446468439766)
2024,CORTE RASO,C51L41,POINT (-61.17444584180751 -8.099793052495293)
2024,CORTE SELETIVO,C51L41,POINT (-61.16006924925201 -8.245846710260412)
2024,CORTE SELETIVO,C51L41,POINT (-61.160246889266986 -8.243680944480559)
2024,CORTE SELETIVO,C51L41,POINT (-61.16044851958155 -8.243646048522523)
2024,CORTE SELETIVO,C51L41,POINT (-61.16025259696841 -8.242146832279385)
2024,CORTE SELETIVO,C51L41,POINT (-61.160453046635354 -8.241968882589378)
2024,CORTE SELETIVO,C51L41,POINT (-61.16043990119117 -8.241752220293817)
2024,CORTE SELETIVO,C51L41,POINT (-61.160251480971255 -8.241479784197352)
2024,CORTE SELETIVO,C51L41,POINT (-61.160353502953015 -8.239148332331894)
2024,CORTE SELETIVO,C51L41,POINT (-61.11266498819315 -8.238563279837825)
2024,CORTE SELETIVO,C51L41,POINT (-61.1212796938797 -8.2353529738644)
2024,CORTE SELETIVO,C51L41,POINT (-61.114849005656566 -8.231546254544341)
2024,CORTE SELETIVO,C51L41,POINT (-61.1155540970809 -8.22715162192369)
2024,CORTE SELETIVO,C51L41,POINT (-61.121653527445666 -8.227026719108729)
2024,CORTE SELETIVO,C51L41,POINT (-61.124447983268205 -8.226354364955563)
2024,CORTE SELETIVO,C51L41,POINT (-61.122746943233444 -8.226054325661183)
2024,CORTE SELETIVO,C51L41,POINT (-61.121963545112 -8.22564886240234)
2024,CORTE SELETIVO,C51L41,POINT (-61.125049321094224 -8.22455148212093)
2024,CORTE SELETIVO,C51L41,POINT (-61.125447822258856 -8.222748503336314)
2024,CORTE SELETIVO,C51L41,POINT (-61.12365127474972 -8.221846511349504)
2024,CORTE SELETIVO,C51L41,POINT (-61.123750316316055 -8.221752779879049)
2024,CORTE SELETIVO,C51L41,POINT (-61.12475095990578 -8.21804969158107)
2024,CORTE SELETIVO,C51L41,POINT (-61.21007073330629 -8.244054380370834)
2024,CORTE SELETIVO,C51L41,POINT (-61.231153117563565 -8.240096204884093)
2024,CORTE SELETIVO,C51L41,POINT (-61.22295058937119 -8.236851659231684)
2024,CORTE SELETIVO,C51L41,POINT (-61.214031735002685 -8.23505728287161)
2024,CORTE SELETIVO,C51L41,POINT (-61.22576949787187 -8.232347090565275)
2024,CORTE SELETIVO,C51L41,POINT (-61.21011133076646 -8.232254764483443)
2024,CORTE SELETIVO,C51L41,POINT (-61.22285749261792 -8.229262884767948)
2024,CORTE SELETIVO,C51L41,POINT (-61.214559075762715 -8.22914961410165)
2024,CORTE RASO,C51L41,POINT (-61.20814794951878 -8.18431584382664)
2024,CORTE RASO,C51L41,POINT (-61.207948707734445 -8.184248472540208)
2024,CORTE RASO,C51L41,POINT (-61.20844936160441 -8.18320265664835)
2024,CORTE RASO,C51L41,POINT (-61.20784981966692 -8.18245474735322)
2024,CORTE RASO,C51L41,POINT (-61.20790174498041 -8.182247357376127)
2024,CORTE SELETIVO,C51L41,POINT (-61.20694743211133 -8.245547418809617)
2024,CORTE SELETIVO,C51L41,POINT (-61.20675100800067 -8.243745903269874)
2024,CORTE SELETIVO,C51L41,POINT (-61.19838655221163 -8.234135370267307)
2024,CORTE SELETIVO,C51L41,POINT (-61.20724971206819 -8.233514143935514)
2024,CORTE SELETIVO,C51L41,POINT (-61.20234588862266 -8.233451401447565)
2024,CORTE SELETIVO,C51L41,POINT (-61.202554124343486 -8.233445664778655)
2024,CORTE SELETIVO,C51L41,POINT (-61.203447098662615 -8.230451871032294)
2024,CORTE SELETIVO,C51L41,POINT (-61.20375182552364 -8.228645758402248)
2024,CORTE RASO,C51L41,POINT (-61.20484968940145 -8.209047334136823)
2024,CORTE RASO,C51L41,POINT (-61.199553268043765 -8.185053316009697)
2024,CORTE RASO,C51L41,POINT (-61.199152517258334 -8.184854556980005)
2024,CORTE RASO,C51L41,POINT (-61.207746051166566 -8.184731074611529)
2024,CORTE RASO,C51L41,POINT (-61.19995451629606 -8.184549703186226)
2024,CORTE RASO,C51L41,POINT (-61.20664605037354 -8.181048914282476)
2024,CORTE RASO,C51L41,POINT (-61.206749105582766 -8.180749087258798)
2024,CORTE RASO,C51L41,POINT (-61.206652511480954 -8.178948593832526)
2024,CORTE RASO,C51L41,POINT (-61.17444587396829 -8.103052570429089)
2024,CORTE RASO,C51L41,POINT (-61.17505461379354 -8.102650412803879)
2024,CORTE RASO,C51L41,POINT (-61.17445689398272 -8.102547549868925)
2024,CORTE RASO,C51L41,POINT (-61.1776533795175 -8.10245075142755)
2024,CORTE RASO,C51L41,POINT (-61.17775070154732 -8.102353908247826)
2024,CORTE RASO,C51L41,POINT (-61.174349370616966 -8.101405700628076)
2024,CORTE RASO,C51L41,POINT (-61.174453663223346 -8.099251065034794)
2024,CORTE SELETIVO,C51L41,POINT (-61.16028340917219 -8.249054342100957)
2024,CORTE SELETIVO,C51L41,POINT (-61.165449380037245 -8.248789886179692)
2024,CORTE SELETIVO,C51L41,POINT (-61.16026843527483 -8.245559049909003)
2024,CORTE SELETIVO,C51L41,POINT (-61.160052413416324 -8.245048146217526)
2024,CORTE SELETIVO,C51L41,POINT (-61.15977111447005 -8.244762823788491)
2024,CORTE SELETIVO,C51L41,POINT (-61.16034765623721 -8.243689972535222)
2024,CORTE SELETIVO,C51L41,POINT (-61.16044932284593 -8.241302058034162)
2024,CORTE SELETIVO,C51L41,POINT (-61.160606739469095 -8.239650661407683)
2024,CORTE SELETIVO,C51L41,POINT (-61.111254024454816 -8.242899480147004)
2024,CORTE SELETIVO,C51L41,POINT (-61.114146217173946 -8.242608854417277)
2024,CORTE SELETIVO,C51L41,POINT (-61.1139861574326 -8.242346846329848)
2024,CORTE SELETIVO,C51L41,POINT (-61.10751667121885 -8.242052946338752)
2024,CORTE SELETIVO,C51L41,POINT (-61.112747183828404 -8.23944890931276)
2024,CORTE SELETIVO,C51L41,POINT (-61.109750937096784 -8.239352492488514)
2024,CORTE SELETIVO,C51L41,POINT (-61.11576220454074 -8.239249555254178)
2024,CORTE SELETIVO,C51L41,POINT (-61.11614778840444 -8.23914730515841)
2024,CORTE SELETIVO,C51L41,POINT (-61.11095091547499 -8.238013168452904)
2024,CORTE SELETIVO,C51L41,POINT (-61.11485365611286 -8.23175386643787)
2024,CORTE SELETIVO,C51L41,POINT (-61.1152525179629 -8.230287504402563)
2024,CORTE SELETIVO,C51L41,POINT (-61.11535346047918 -8.229891566713672)
2024,CORTE SELETIVO,C51L41,POINT (-61.121179319228276 -8.229404272272877)
2024,CORTE SELETIVO,C51L41,POINT (-61.123847986291445 -8.228929429124435)
2024,CORTE SELETIVO,C51L41,POINT (-61.12117608218049 -8.225948619748284)
2024,CORTE SELETIVO,C51L41,POINT (-61.126953400818515 -8.22294534498163)
2024,CORTE SELETIVO,C51L41,POINT (-61.12745141585251 -8.222547385786871)
2024,CORTE SELETIVO,C51L41,POINT (-61.12695103024279 -8.222546929175122)
2024,CORTE SELETIVO,C51L41,POINT (-61.125748232436976 -8.22255156282912)
2024,CORTE SELETIVO,C51L41,POINT (-61.127227715349996 -8.222446422854908)
2024,CORTE SELETIVO,C51L41,POINT (-61.12595030162994 -8.222323655894108)
2024,CORTE SELETIVO,C51L41,POINT (-61.123911582629674 -8.220167971909744)
2024,CORTE SELETIVO,C51L41,POINT (-61.11932321067153 -8.215549539672729)
2024,CORTE SELETIVO,C51L41,POINT (-61.22934883473065 -8.249146041449137)
2024,CORTE SELETIVO,C51L41,POINT (-61.229150889263046 -8.248947472005907)
2024,CORTE SELETIVO,C51L41,POINT (-61.22944681592658 -8.248868471574703)
2024,CORTE SELETIVO,C51L41,POINT (-61.22064932956145 -8.236150753423127)
2024,CORTE SELETIVO,C51L41,POINT (-61.22117140744808 -8.235888364459758)
2024,CORTE SELETIVO,C51L41,POINT (-61.215049445328226 -8.234550696654992)
2024,CORTE SELETIVO,C51L41,POINT (-61.2246504256903 -8.234249978935253)
2024,CORTE SELETIVO,C51L41,POINT (-61.22565226434405 -8.22984677364654)
2024,CORTE SELETIVO,C51L41,POINT (-61.223153672745525 -8.229446439559753)
2024,CORTE SELETIVO,C51L41,POINT (-61.214454258705274 -8.229148600778423)
2024,CORTE RASO,C51L41,POINT (-61.209651606356964 -8.19274579748331)
2024,CORTE RASO,C51L41,POINT (-61.207850976789416 -8.182949541866666)
2024,CORTE RASO,C51L41,POINT (-61.206247183726525 -8.181249747223905)
2024,CORTE RASO,C51L41,POINT (-61.209748845359876 -8.179853328923098)
2024,CORTE RASO,C51L41,POINT (-61.20644696667698 -8.179247242866227)
2024,CORTE SELETIVO,C51L41,POINT (-61.16044572982602 -8.24775307303521)
2024,CORTE SELETIVO,C51L41,POINT (-61.15984096025634 -8.245392777208568)
2024,CORTE SELETIVO,C51L41,POINT (-61.160452428892064 -8.24354829828069)
2024,CORTE SELETIVO,C51L41,POINT (-61.16044857353263 -8.242345648616137)
2024,CORTE SELETIVO,C51L41,POINT (-61.16045155817095 -8.242154371014703)
2024,CORTE SELETIVO,C51L41,POINT (-61.16045088961025 -8.241451772903542)
2024,CORTE SELETIVO,C51L41,POINT (-61.16054675579578 -8.241247691480279)
2024,CORTE SELETIVO,C51L41,POINT (-61.16064858652206 -8.241060730126728)
2024,CORTE SELETIVO,C51L41,POINT (-61.15945273059439 -8.109449346955863)
2024,CORTE RASO,C51L41,POINT (-61.17385011693541 -8.102945545094927)
2024,CORTE RASO,C51L41,POINT (-61.17444906510754 -8.099147642404716)
2024,CORTE SELETIVO,C51L41,POINT (-61.10739851401356 -8.242327153939662)
2024,CORTE SELETIVO,C51L41,POINT (-61.11285272999074 -8.237547439629198)
2024,CORTE SELETIVO,C51L41,POINT (-61.11304845571807 -8.237454138352884)
2024,CORTE SELETIVO,C51L41,POINT (-61.1210472269064 -8.235154073487564)
2024,CORTE SELETIVO,C51L41,POINT (-61.12215194672524 -8.234053519202323)
2024,CORTE SELETIVO,C51L41,POINT (-61.12175427502416 -8.226846223693238)
2024,CORTE SELETIVO,C51L41,POINT (-61.124448245063945 -8.226654180897985)
2024,CORTE SELETIVO,C51L41,POINT (-61.12432185562793 -8.226449864788252)
2024,CORTE SELETIVO,C51L41,POINT (-61.122748815877976 -8.2261475186401)
2024,CORTE SELETIVO,C51L41,POINT (-61.12514561366089 -8.224450325358633)
2024,CORTE SELETIVO,C51L41,POINT (-61.12825074891563 -8.22074618777486)
2024,CORTE SELETIVO,C51L41,POINT (-61.12505232973811 -8.22024933655731)
2024,CORTE SELETIVO,C51L41,POINT (-61.12105243617537 -8.216353753024976)
2024,CORTE SELETIVO,C51L41,POINT (-61.12124976970009 -8.216346833732064)
2024,CORTE SELETIVO,C51L41,POINT (-61.11974798237489 -8.215253334964622)
2024,CORTE RASO,C51L41,POINT (-61.20775374569203 -8.18455133076454)
2024,CORTE RASO,C51L41,POINT (-61.20874718252566 -8.181853072494548)
2024,CORTE SELETIVO,C51L41,POINT (-61.1596496440037 -8.24534640245334)
2024,CORTE RASO,C51L41,POINT (-61.174452337189244 -8.100353798632511)
2024,CORTE RASO,C51L41,POINT (-61.174550440608066 -8.099553494056012)
2024,CORTE SELETIVO,C51L41,POINT (-61.229448818721366 -8.249048595191898)
2024,CORTE SELETIVO,C51L41,POINT (-61.21574623277513 -8.24894522828409)
2024,CORTE SELETIVO,C51L41,POINT (-61.229252295884 -8.248847893483921)
2024,CORTE SELETIVO,C51L41,POINT (-61.210150431558795 -8.246954240957932)
2024,CORTE SELETIVO,C51L41,POINT (-61.23008903262775 -8.245050883713938)
2024,CORTE SELETIVO,C51L41,POINT (-61.22784658615631 -8.241652442302255)
2024,CORTE SELETIVO,C51L41,POINT (-61.231352179077476 -8.240254330145062)
2024,CORTE SELETIVO,C51L41,POINT (-61.23104825364358 -8.240146537532555)
2024,CORTE SELETIVO,C51L41,POINT (-61.22264975251372 -8.23704960112575)
2024,CORTE SELETIVO,C51L41,POINT (-61.22273907420874 -8.23675125931916)
2024,CORTE SELETIVO,C51L41,POINT (-61.22115351076227 -8.23564773015555)
2024,CORTE SELETIVO,C51L41,POINT (-61.22174542810061 -8.235547555670426)
2024,CORTE SELETIVO,C51L41,POINT (-61.20994903290301 -8.235448472043728)
2024,CORTE SELETIVO,C51L41,POINT (-61.2058457569669 -8.234951973863955)
2024,CORTE SELETIVO,C51L41,POINT (-61.21378730818001 -8.234747145986798)
2024,CORTE SELETIVO,C51L41,POINT (-61.21935029061654 -8.234652583186792)
2024,CORTE SELETIVO,C51L41,POINT (-61.213645378915 -8.234047265085689)
2024,CORTE SELETIVO,C51L41,POINT (-61.22554631052116 -8.229849818275207)
2024,CORTE SELETIVO,C51L41,POINT (-61.16145013117035 -8.24974594839903)
2024,CORTE SELETIVO,C51L41,POINT (-61.16005384862754 -8.249347198952032)
2024,CORTE SELETIVO,C51L41,POINT (-61.16025057108289 -8.246248412040263)
2024,CORTE SELETIVO,C51L41,POINT (-61.16024863148996 -8.245780001245455)
2024,CORTE SELETIVO,C51L41,POINT (-61.159852385364594 -8.245774272411085)
2024,CORTE SELETIVO,C51L41,POINT (-61.159649057074375 -8.2452049733675)
2024,CORTE SELETIVO,C51L41,POINT (-61.16025310229754 -8.243548688772508)
2024,CORTE SELETIVO,C51L41,POINT (-61.16034662901935 -8.242148732602741)
2024,CORTE SELETIVO,C51L41,POINT (-61.160247421241756 -8.24175152812234)
2024,CORTE SELETIVO,C51L41,POINT (-61.16035052162199 -8.24144569048139)
2024,CORTE SELETIVO,C51L41,POINT (-61.160249747105496 -8.241352381608491)
2024,CORTE SELETIVO,C51L41,POINT (-61.160454296543165 -8.24095013239862)
2024,CORTE RASO,C51L41,POINT (-61.17554686453745 -8.101849752464677)
2024,CORTE RASO,C51L41,POINT (-61.17415691780437 -8.101647253158829)
2024,CORTE RASO,C51L41,POINT (-61.17595037078036 -8.099348340628817)
2024,CORTE RASO,C51L41,POINT (-61.176299690492044 -8.099150411387564)
2024,CORTE RASO,C51L41,POINT (-61.17444830385362 -8.0987505315976)
2024,CORTE SELETIVO,C51L41,POINT (-61.11449137931406 -8.24685080430741)
2024,CORTE SELETIVO,C51L41,POINT (-61.11425115557231 -8.246552725897077)
2024,CORTE SELETIVO,C51L41,POINT (-61.11455128378501 -8.246536220613493)
2024,CORTE SELETIVO,C51L41,POINT (-61.1143535797266 -8.246249824215719)
2024,CORTE SELETIVO,C51L41,POINT (-61.11405318573264 -8.246253140156913)
2024,CORTE SELETIVO,C51L41,POINT (-61.114247917893366 -8.24525462621833)
2024,CORTE SELETIVO,C51L41,POINT (-61.112450377300966 -8.244752023013953)
2024,CORTE SELETIVO,C51L41,POINT (-61.11104759727931 -8.24315077430463)
2024,CORTE SELETIVO,C51L41,POINT (-61.11125338334539 -8.243053735300988)
2024,CORTE SELETIVO,C51L41,POINT (-61.11815105934178 -8.24135024995073)
2024,CORTE SELETIVO,C51L41,POINT (-61.11774982971068 -8.23927561055994)
2024,CORTE SELETIVO,C51L41,POINT (-61.116312637200444 -8.239118745977565)
2024,CORTE SELETIVO,C51L41,POINT (-61.115951618253796 -8.2389545281433)
2024,CORTE SELETIVO,C51L41,POINT (-61.107351034241645 -8.238153616642748)
2024,CORTE SELETIVO,C51L41,POINT (-61.10724747095091 -8.237949000950874)
2024,CORTE SELETIVO,C51L41,POINT (-61.10564955096756 -8.237466829422686)
2024,CORTE SELETIVO,C51L41,POINT (-61.10564738430563 -8.237246940754126)
2024,CORTE SELETIVO,C51L41,POINT (-61.12124711576602 -8.235646568847812)
2024,CORTE SELETIVO,C51L41,POINT (-61.11485455143677 -8.231846943394231)
2024,CORTE SELETIVO,C51L41,POINT (-61.1148521812017 -8.231645218609161)
2024,CORTE SELETIVO,C51L41,POINT (-61.11575317131627 -8.227045913647816)
2024,CORTE SELETIVO,C51L41,POINT (-61.12455117165073 -8.219654311527886)
2024,CORTE SELETIVO,C51L41,POINT (-61.12704764324165 -8.218149694765179)
2024,CORTE SELETIVO,C51L41,POINT (-61.124650158020785 -8.21814980639619)
2024,CORTE SELETIVO,C51L41,POINT (-61.124852730038555 -8.218147503414826)
2024,CORTE SELETIVO,C51L41,POINT (-61.11945214723575 -8.215448459208234)
2024,CORTE SELETIVO,C51L41,POINT (-61.231048421408055 -8.240452935092938)
2024,CORTE SELETIVO,C51L41,POINT (-61.23094848104349 -8.24035049496995)
2024,CORTE SELETIVO,C51L41,POINT (-61.22095149116995 -8.235649861126442)
2024,CORTE SELETIVO,C51L41,POINT (-61.229154236452366 -8.248854701832698)
2024,CORTE SELETIVO,C51L41,POINT (-61.23141361233644 -8.240347904002448)
2024,CORTE SELETIVO,C51L41,POINT (-61.23094597830042 -8.240150588956475)
2024,CORTE SELETIVO,C51L41,POINT (-61.230683270517126 -8.237250305228544)
2024,CORTE SELETIVO,C51L41,POINT (-61.23075198148707 -8.236949892624066)
2024,CORTE SELETIVO,C51L41,POINT (-61.229151322839385 -8.236845566094777)
2024,CORTE SELETIVO,C51L41,POINT (-61.20585299450511 -8.235047920618136)
2024,CORTE SELETIVO,C51L41,POINT (-61.219453634119844 -8.234647470157416)
2024,CORTE SELETIVO,C51L41,POINT (-61.21955245354593 -8.23454949062354)
2024,CORTE SELETIVO,C51L41,POINT (-61.19864620006835 -8.234145311882141)
2024,CORTE SELETIVO,C51L41,POINT (-61.205249075729085 -8.232953176752902)
2024,CORTE RASO,C51L41,POINT (-61.20994913386037 -8.191153001543771)
2024,CORTE RASO,C51L41,POINT (-61.208852368943106 -8.182152351342642)
2024,CORTE SELETIVO,C51L41,POINT (-61.160152004587125 -8.246150263746161)
2024,CORTE SELETIVO,C51L41,POINT (-61.15973485510345 -8.245947619285213)
2024,CORTE SELETIVO,C51L41,POINT (-61.159950568378406 -8.245952946243763)
2024,CORTE SELETIVO,C51L41,POINT (-61.16045054062979 -8.245652563640352)
2024,CORTE SELETIVO,C51L41,POINT (-61.15965518611541 -8.245639658692726)
2024,CORTE SELETIVO,C51L41,POINT (-61.159546725240176 -8.245351171482453)
2024,CORTE SELETIVO,C51L41,POINT (-61.160552529487504 -8.241448299429079)
2024,CORTE SELETIVO,C51L41,POINT (-61.16065073046923 -8.241252755076738)
2024,CORTE SELETIVO,C51L41,POINT (-61.16055452414647 -8.240935186000518)
2024,CORTE SELETIVO,C51L41,POINT (-61.16044778811265 -8.239952976171935)
2024,CORTE SELETIVO,C51L41,POINT (-61.112945887526045 -8.2375508638516)
2024,CORTE SELETIVO,C51L41,POINT (-61.126053917896016 -8.222548698804042)
2024,CORTE RASO,C51L41,POINT (-61.174753102286765 -8.102952595004055)
2024,CORTE RASO,C51L41,POINT (-61.20785017357622 -8.182854637847214)
2024,CORTE SELETIVO,C51L41,POINT (-61.11294952026074 -8.237445730977276)
2024,CORTE SELETIVO,C51L41,POINT (-61.2299516891317 -8.245053022993211)
2024,CORTE SELETIVO,C51L41,POINT (-61.23115278693617 -8.240454735776758)
2024,CORTE SELETIVO,C51L41,POINT (-61.23094619163863 -8.24044886795628)
2024,CORTE SELETIVO,C51L41,POINT (-61.231253202080815 -8.240350109294427)
2024,CORTE SELETIVO,C51L41,POINT (-61.228651117813435 -8.240347939341689)
2024,CORTE SELETIVO,C51L41,POINT (-61.23065011263221 -8.237053332886404)
2024,CORTE SELETIVO,C51L41,POINT (-61.21935009668835 -8.234552374535117)
2024,CORTE SELETIVO,C51L41,POINT (-61.205849756057944 -8.234454221544537)
2024,CORTE SELETIVO,C51L41,POINT (-61.21704711657684 -8.23234947352335)
2024,CORTE SELETIVO,C51L41,POINT (-61.22304818845512 -8.230447477537332)
2024,CORTE RASO,C51L41,POINT (-61.19185411107048 -8.188351531348957)
2024,CORTE SELETIVO,C51L41,POINT (-61.18945260005143 -8.18795464875703)
2024,CORTE SELETIVO,C51L41,POINT (-61.16004801708181 -8.246145804681372)
2024,CORTE SELETIVO,C51L41,POINT (-61.16014872321894 -8.246050039310417)
2024,CORTE SELETIVO,C51L41,POINT (-61.15954165961335 -8.24554768041128)
2024,CORTE SELETIVO,C51L41,POINT (-61.16555275068703 -8.244149502011007)
2024,CORTE SELETIVO,C51L41,POINT (-61.16054933957742 -8.240650056904107)
2024,CORTE SELETIVO,C51L41,POINT (-61.11654705334772 -8.240445940530023)
2024,CORTE SELETIVO,C51L41,POINT (-61.11355324994538 -8.236754299894693)
2024,CORTE SELETIVO,C51L41,POINT (-61.12295147988823 -8.2264461584622)
2024,CORTE SELETIVO,C51L41,POINT (-61.12445411684718 -8.226450587525289)
2024,CORTE SELETIVO,C51L41,POINT (-61.10725147032225 -8.242349074514006)
2024,CORTE RASO,C51L41,POINT (-61.20865398247244 -8.182251076662768)
2024,CORTE SELETIVO,C51L41,POINT (-61.126951535095664 -8.22265212348897)
2024,CORTE RASO,C51L41,POINT (-61.17374744848875 -8.102754612377963)
2024,CORTE SELETIVO,C51L41,POINT (-61.23105330386517 -8.24054547722525)
2024,CORTE SELETIVO,C51L41,POINT (-61.22865266378845 -8.240453741756216)
2024,CORTE SELETIVO,C51L41,POINT (-61.23130969166615 -8.240447310994236)
2024,CORTE SELETIVO,C51L41,POINT (-61.22874931769975 -8.240346555498137)
2024,CORTE SELETIVO,C51L41,POINT (-61.20484754982205 -8.240247978829903)
2024,CORTE SELETIVO,C51L41,POINT (-61.22175133000462 -8.235746897928182)
2024,CORTE SELETIVO,C51L41,POINT (-61.221248935878606 -8.235648995080702)
2024,CORTE SELETIVO,C51L41,POINT (-61.219551772445314 -8.234647220052546)
2024,CORTE SELETIVO,C51L41,POINT (-61.198848197864784 -8.234546145240621)
2024,CORTE SELETIVO,C51L41,POINT (-61.198947531594136 -8.23434792458704)
2024,CORTE SELETIVO,C51L41,POINT (-61.1988533873491 -8.234247423171645)
2024,CORTE SELETIVO,C51L41,POINT (-61.19875397050191 -8.234148486910792)
2024,CORTE SELETIVO,C51L41,POINT (-61.20734743331076 -8.232149240542489)
2024,CORTE SELETIVO,C51L41,POINT (-61.22304651915413 -8.22945248542897)
2024,CORTE RASO,C51L41,POINT (-61.210249419633975 -8.192053516100545)
2024,CORTE RASO,C51L41,POINT (-61.20915316022541 -8.19205083135003)
2024,CORTE RASO,C51L41,POINT (-61.20995121911561 -8.190752615498356)
2024,CORTE RASO,C51L41,POINT (-61.20925017646206 -8.179449910711938)
2024,CORTE SELETIVO,C51L41,POINT (-61.16024878524419 -8.247847616206124)
2024,CORTE SELETIVO,C51L41,POINT (-61.160450160821895 -8.247648599173852)
2024,CORTE SELETIVO,C51L41,POINT (-61.160446576603505 -8.245808066020752)
2024,CORTE SELETIVO,C51L41,POINT (-61.15964552112688 -8.245851124290112)
2024,CORTE SELETIVO,C51L41,POINT (-61.16565313243876 -8.24415410779067)
2024,CORTE SELETIVO,C51L41,POINT (-61.1659510206233 -8.243849558608009)
2024,CORTE SELETIVO,C51L41,POINT (-61.16024718375766 -8.242249589936161)
2024,CORTE SELETIVO,C51L41,POINT (-61.160553775532115 -8.241346583355623)
2024,CORTE SELETIVO,C51L41,POINT (-61.121346903331144 -8.23545289880879)
2024,CORTE SELETIVO,C51L41,POINT (-61.1212497203683 -8.235146398381707)
2024,CORTE SELETIVO,C51L41,POINT (-61.11465350200705 -8.235047424631976)
2024,CORTE SELETIVO,C51L41,POINT (-61.12385162259545 -8.229145904198786)
2024,CORTE RASO,C51L41,POINT (-61.173747358956824 -8.102853409280968)
2024,CORTE SELETIVO,C51L41,POINT (-61.20664849608768 -8.245954938314574)
2024,CORTE SELETIVO,C51L41,POINT (-61.20675241186932 -8.24584936848081)
2024,CORTE SELETIVO,C51L41,POINT (-61.206939866734935 -8.245709102573693)
2024,CORTE SELETIVO,C51L41,POINT (-61.20704566288693 -8.24378438560528)
2024,CORTE SELETIVO,C51L41,POINT (-61.231053828089074 -8.240050909479432)
2024,CORTE SELETIVO,C51L41,POINT (-61.22395133671573 -8.239965038865158)
2024,CORTE SELETIVO,C51L41,POINT (-61.22725284808379 -8.237552804979378)
2024,CORTE SELETIVO,C51L41,POINT (-61.22285263890309 -8.236749737803109)
2024,CORTE SELETIVO,C51L41,POINT (-61.214157587737255 -8.235052551834512)
2024,CORTE SELETIVO,C51L41,POINT (-61.21945082415281 -8.23475144195439)
2024,CORTE SELETIVO,C51L41,POINT (-61.22785222330865 -8.234437991230246)
2024,CORTE SELETIVO,C51L41,POINT (-61.213747106223956 -8.233910082447226)
2024,CORTE SELETIVO,C51L41,POINT (-61.20735410194978 -8.233649786411586)
2024,CORTE SELETIVO,C51L41,POINT (-61.2071541790528 -8.233488475464226)
2024,CORTE SELETIVO,C51L41,POINT (-61.20725329256506 -8.233260693427894)
2024,CORTE SELETIVO,C51L41,POINT (-61.22295230945469 -8.229427299372606)
2024,CORTE SELETIVO,C51L41,POINT (-61.21474726737176 -8.229045794739697)
2024,CORTE SELETIVO,C51L41,POINT (-61.2105541037115 -8.228948698877947)
2024,CORTE RASO,C51L41,POINT (-61.206854002429814 -8.209745430361329)
2024,CORTE RASO,C51L41,POINT (-61.20765332797583 -8.184852184935552)
2024,CORTE RASO,C51L41,POINT (-61.20784983136626 -8.184251437375172)
2024,CORTE RASO,C51L41,POINT (-61.207948782748616 -8.184149928012388)
2024,CORTE RASO,C51L41,POINT (-61.2083089544556 -8.18314533440318)
2024,CORTE RASO,C51L41,POINT (-61.207846247516926 -8.182748981705473)
2024,CORTE RASO,C51L41,POINT (-61.208347981764284 -8.180446329175904)
2024,CORTE RASO,C51L41,POINT (-61.206650798833145 -8.179050516959798)
2024,CORTE SELETIVO,C51L41,POINT (-61.20427918999202 -8.247447646843348)
2024,CORTE SELETIVO,C51L41,POINT (-61.20404797947968 -8.247186775729702)
2024,CORTE SELETIVO,C51L41,POINT (-61.20084667967264 -8.244150967463893)
2024,CORTE SELETIVO,C51L41,POINT (-61.19886207776354 -8.234451306162725)
2024,CORTE SELETIVO,C51L41,POINT (-61.19784959505246 -8.232850533384493)
2024,CORTE SELETIVO,C51L41,POINT (-61.203547711791565 -8.230446037716813)
2024,CORTE SELETIVO,C51L41,POINT (-61.20355378732503 -8.230254116106055)
2024,CORTE SELETIVO,C51L41,POINT (-61.20424966028013 -8.228353552868647)
2024,CORTE RASO,C51L41,POINT (-61.20475353983878 -8.209052273239973)
2024,CORTE RASO,C51L41,POINT (-61.204344555838986 -8.185249270874316)
2024,CORTE RASO,C51L41,POINT (-61.19955249914278 -8.184871218990653)
2024,CORTE RASO,C51L41,POINT (-61.19924733290164 -8.18480182329981)
2024,CORTE RASO,C51L41,POINT (-61.19975310630471 -8.184754437821924)
2024,CORTE RASO,C51L41,POINT (-61.20615399640109 -8.181447634451805)
2024,CORTE SELETIVO,C51L41,POINT (-61.19035395129759 -8.187945233033036)
2024,CORTE RASO,C51L41,POINT (-61.17794791875174 -8.103849425652733)
2024,CORTE RASO,C51L41,POINT (-61.17454972911911 -8.103048566856595)
2024,CORTE RASO,C51L41,POINT (-61.174652896845096 -8.102884320784408)
2024,CORTE RASO,C51L41,POINT (-61.1756499135908 -8.100050556422573)
2024,CORTE RASO,C51L41,POINT (-61.17705227369035 -8.098653564587092)
2024,CORTE SELETIVO,C51L41,POINT (-61.16192512273609 -8.249752805361261)
2024,CORTE SELETIVO,C51L41,POINT (-61.16022297367801 -8.249208906784558)
2024,CORTE SELETIVO,C51L41,POINT (-61.16004995458082 -8.249046887421365)
2024,CORTE SELETIVO,C51L41,POINT (-61.16021816584965 -8.247249595762652)
2024,CORTE SELETIVO,C51L41,POINT (-61.16025287453646 -8.24615421971103)
2024,CORTE SELETIVO,C51L41,POINT (-61.16004731443487 -8.246045819508826)
2024,CORTE SELETIVO,C51L41,POINT (-61.159554034659756 -8.245648555099157)
2024,CORTE SELETIVO,C51L41,POINT (-61.15955112245212 -8.245445404863212)
2024,CORTE SELETIVO,C51L41,POINT (-61.16515286077833 -8.24549124306178)
2024,CORTE SELETIVO,C51L41,POINT (-61.15955240452901 -8.245251985823439)
2024,CORTE SELETIVO,C51L41,POINT (-61.16474764974097 -8.245254785641938)
2024,CORTE SELETIVO,C51L41,POINT (-61.164650419811146 -8.245105255490373)
2024,CORTE SELETIVO,C51L41,POINT (-61.160348667694116 -8.245052880938866)
2024,CORTE SELETIVO,C51L41,POINT (-61.1596529648571 -8.245050506263276)
2024,CORTE SELETIVO,C51L41,POINT (-61.16475143160335 -8.244854501935604)
2024,CORTE SELETIVO,C51L41,POINT (-61.16024556341478 -8.244919579547654)
2024,CORTE SELETIVO,C51L41,POINT (-61.152747870173464 -8.243447381669606)
2024,CORTE SELETIVO,C51L41,POINT (-61.15490172073976 -8.241419272270676)
2024,CORTE SELETIVO,C51L41,POINT (-61.16034692422354 -8.241124924108535)
2024,CORTE SELETIVO,C51L41,POINT (-61.1605379857615 -8.239850299696126)
2024,CORTE SELETIVO,C51L41,POINT (-61.17146939332383 -8.19796535127735)
2024,CORTE SELETIVO,C51L41,POINT (-61.159054034307026 -8.111588424021939)
2024,CORTE SELETIVO,C51L41,POINT (-61.15994630673222 -8.11065187019236)
2024,CORTE RASO,C51L41,POINT (-61.17385276708477 -8.102647509250426)
2024,CORTE SELETIVO,C51L41,POINT (-61.11604996092831 -8.24674752986551)
2024,CORTE SELETIVO,C51L41,POINT (-61.11105630569043 -8.24283758790602)
2024,CORTE SELETIVO,C51L41,POINT (-61.113767951809095 -8.240536306718242)
2024,CORTE SELETIVO,C51L41,POINT (-61.115768662287806 -8.239015503708686)
2024,CORTE SELETIVO,C51L41,POINT (-61.11535226818785 -8.238747733977055)
2024,CORTE SELETIVO,C51L41,POINT (-61.11305139140884 -8.237548686395431)
2024,CORTE SELETIVO,C51L41,POINT (-61.113150165524544 -8.237435506082635)
2024,CORTE SELETIVO,C51L41,POINT (-61.119710879193406 -8.23586394691274)
2024,CORTE SELETIVO,C51L41,POINT (-61.11773834369103 -8.235023711919185)
2024,CORTE SELETIVO,C51L41,POINT (-61.11444938104269 -8.233291229192359)
2024,CORTE SELETIVO,C51L41,POINT (-61.11632052950524 -8.232611183868103)
2024,CORTE SELETIVO,C51L41,POINT (-61.11523684166928 -8.230528339595523)
2024,CORTE SELETIVO,C51L41,POINT (-61.11535177164105 -8.230334357129664)
2024,CORTE SELETIVO,C51L41,POINT (-61.11544910949355 -8.229994544509255)
2024,CORTE SELETIVO,C51L41,POINT (-61.115247705068604 -8.229717820511956)
2024,CORTE SELETIVO,C51L41,POINT (-61.1212468643478 -8.226052560177965)
2024,CORTE SELETIVO,C51L41,POINT (-61.1210887694703 -8.225613964784547)
2024,CORTE SELETIVO,C51L41,POINT (-61.122545831930616 -8.223584956980435)
2024,CORTE SELETIVO,C51L41,POINT (-61.12745142953129 -8.222878682697294)
2024,CORTE SELETIVO,C51L41,POINT (-61.12595151559112 -8.222448279188397)
2024,CORTE SELETIVO,C51L41,POINT (-61.126949631722816 -8.22245404512534)
2024,CORTE SELETIVO,C51L41,POINT (-61.12734726086628 -8.222249684039339)
2024,CORTE SELETIVO,C51L41,POINT (-61.12389061613388 -8.220647334462667)
2024,CORTE SELETIVO,C51L41,POINT (-61.12375013864643 -8.220347094379306)
2024,CORTE SELETIVO,C51L41,POINT (-61.117751519250845 -8.219383308819928)
2024,CORTE SELETIVO,C51L41,POINT (-61.123949849383365 -8.216846996872729)
2024,CORTE SELETIVO,C51L41,POINT (-61.22428196114891 -8.243946132951327)
2024,CORTE SELETIVO,C51L41,POINT (-61.23114832228156 -8.240553912592235)
2024,CORTE SELETIVO,C51L41,POINT (-61.2307514218255 -8.23705125426394)
2024,CORTE SELETIVO,C51L41,POINT (-61.23045215962136 -8.236948038978245)
2024,CORTE SELETIVO,C51L41,POINT (-61.22885446726064 -8.236847556424335)
2024,CORTE SELETIVO,C51L41,POINT (-61.221829717011715 -8.235653635356998)
2024,CORTE SELETIVO,C51L41,POINT (-61.211351883110964 -8.235449100519572)
2024,CORTE SELETIVO,C51L41,POINT (-61.221752975197255 -8.235452376805538)
2024,CORTE SELETIVO,C51L41,POINT (-61.22555034599282 -8.235448111101213)
2024,CORTE SELETIVO,C51L41,POINT (-61.22415326510117 -8.235451443732972)
2024,CORTE SELETIVO,C51L41,POINT (-61.23085045930456 -8.235346902603895)
2024,CORTE SELETIVO,C51L41,POINT (-61.213450877863025 -8.234749748793917)
2024,CORTE SELETIVO,C51L41,POINT (-61.21925456269087 -8.234751283066572)
2024,CORTE SELETIVO,C51L41,POINT (-61.20715030811356 -8.23365365241672)
2024,CORTE SELETIVO,C51L41,POINT (-61.213722228303936 -8.23274707298953)
2024,CORTE SELETIVO,C51L41,POINT (-61.2279529310116 -8.232550917012016)
2024,CORTE SELETIVO,C51L41,POINT (-61.214149287420874 -8.232247687175848)
2024,CORTE SELETIVO,C51L41,POINT (-61.21994657857479 -8.231651130630059)
2024,CORTE SELETIVO,C51L41,POINT (-61.22172005002559 -8.23095398876746)
2024,CORTE SELETIVO,C51L41,POINT (-61.20884875665509 -8.23019461638733)
2024,CORTE SELETIVO,C51L41,POINT (-61.2087474746093 -8.230053152440826)
2024,CORTE SELETIVO,C51L41,POINT (-61.225653971804334 -8.22995177081775)
2024,CORTE SELETIVO,C51L41,POINT (-61.22145048292351 -8.2298462675829)
2024,CORTE SELETIVO,C51L41,POINT (-61.2257493131913 -8.229849468344593)
2024,CORTE SELETIVO,C51L41,POINT (-61.21505445806555 -8.22924735195001)
2024,CORTE RASO,C51L41,POINT (-61.20895413549827 -8.192049014110875)
2024,CORTE RASO,C51L41,POINT (-61.20944706968885 -8.190846476556787)
2024,CORTE RASO,C51L41,POINT (-61.20985085069636 -8.190753852904297)
2024,CORTE RASO,C51L41,POINT (-61.20955173147627 -8.183552606606792)
2024,CORTE RASO,C51L41,POINT (-61.20941377938461 -8.183350443252133)
2024,CORTE RASO,C51L41,POINT (-61.20582267087452 -8.1822501702082)
2024,CORTE RASO,C51L41,POINT (-61.20994828689977 -8.181446684840457)
2024,CORTE SELETIVO,C51L41,POINT (-61.20485061956643 -8.235946000811559)
2024,CORTE SELETIVO,C51L41,POINT (-61.205752265425744 -8.23534982792519)
2024,CORTE SELETIVO,C51L41,POINT (-61.205746353604624 -8.235146042374264)
2024,CORTE RASO,C51L41,POINT (-61.200545965316195 -8.185149111138806)
2024,CORTE SELETIVO,C51L41,POINT (-61.16294798229706 -8.247631338003302)
2024,CORTE SELETIVO,C51L41,POINT (-61.166147327630114 -8.246746828331938)
2024,CORTE SELETIVO,C51L41,POINT (-61.16621985490736 -8.246451644108793)
2024,CORTE SELETIVO,C51L41,POINT (-61.166246367103795 -8.244947830688822)
2024,CORTE SELETIVO,C51L41,POINT (-61.16545252398672 -8.244146163147727)
2024,CORTE SELETIVO,C51L41,POINT (-61.165744875790985 -8.244006713745183)
2024,CORTE SELETIVO,C51L41,POINT (-61.16549713276291 -8.243851446186007)
2024,CORTE SELETIVO,C51L41,POINT (-61.167547460832076 -8.24304567509713)
2024,CORTE SELETIVO,C51L41,POINT (-61.16644703465386 -8.242654494487159)
2024,CORTE SELETIVO,C51L41,POINT (-61.16304637688606 -8.241345353405169)
2024,CORTE SELETIVO,C51L41,POINT (-61.1657488395296 -8.241154301373758)
2024,CORTE RASO,C51L41,POINT (-61.17434848579677 -8.100896217829757)
2024,CORTE RASO,C51L41,POINT (-61.17445241407474 -8.100445728192877)
2024,CORTE SELETIVO,C51L41,POINT (-61.16144696732005 -8.2498504328322)
2024,CORTE SELETIVO,C51L41,POINT (-61.16025197028425 -8.246347315330713)
2024,CORTE SELETIVO,C51L41,POINT (-61.161249230666016 -8.244648778993195)
2024,CORTE SELETIVO,C51L41,POINT (-61.118251922766206 -8.24275267619305)
2024,CORTE SELETIVO,C51L41,POINT (-61.16125110007667 -8.241847879939224)
2024,CORTE SELETIVO,C51L41,POINT (-61.11815050425135 -8.241650351790206)
2024,CORTE SELETIVO,C51L41,POINT (-61.16025264157639 -8.24125285874966)
2024,CORTE SELETIVO,C51L41,POINT (-61.16055809033646 -8.240553524955773)
2024,CORTE SELETIVO,C51L41,POINT (-61.1178535793716 -8.239260578424338)
2024,CORTE SELETIVO,C51L41,POINT (-61.12125010463157 -8.235747884211147)
2024,CORTE SELETIVO,C51L41,POINT (-61.12133939593481 -8.235547726088742)
2024,CORTE SELETIVO,C51L41,POINT (-61.121145725216174 -8.235453822371591)
2024,CORTE SELETIVO,C51L41,POINT (-61.121046206287765 -8.235352282947044)
2024,CORTE SELETIVO,C51L41,POINT (-61.12114634456686 -8.235150910184139)
2024,CORTE SELETIVO,C51L41,POINT (-61.1220536970672 -8.231046838347444)
2024,CORTE SELETIVO,C51L41,POINT (-61.12174558623883 -8.230926894013237)
2024,CORTE SELETIVO,C51L41,POINT (-61.12165000163994 -8.227152054411834)
2024,CORTE SELETIVO,C51L41,POINT (-61.1245929966026 -8.227052790680839)
2024,CORTE SELETIVO,C51L41,POINT (-61.12455395662243 -8.226847099721393)
2024,CORTE SELETIVO,C51L41,POINT (-61.12285349542458 -8.226254553273229)
2024,CORTE SELETIVO,C51L41,POINT (-61.12495230200684 -8.224352734455792)
2024,CORTE SELETIVO,C51L41,POINT (-61.12515291581387 -8.224351104242974)
2024,CORTE SELETIVO,C51L41,POINT (-61.12386265412613 -8.221931502620954)
2024,CORTE SELETIVO,C51L41,POINT (-61.127149389517676 -8.221649660162134)
2024,CORTE SELETIVO,C51L41,POINT (-61.12285222630576 -8.220146473303759)
2024,CORTE SELETIVO,C51L41,POINT (-61.12365202152476 -8.218451860436767)
2024,CORTE SELETIVO,C51L41,POINT (-61.126452632381095 -8.217551554033928)
2024,CORTE SELETIVO,C51L41,POINT (-61.1250908569458 -8.217451553139773)
2024,CORTE SELETIVO,C51L41,POINT (-61.114512404719356 -8.2466474779066)
2024,CORTE SELETIVO,C51L41,POINT (-61.114253156621594 -8.246654149876779)
2024,CORTE SELETIVO,C51L41,POINT (-61.114353927388755 -8.246548986059096)
2024,CORTE SELETIVO,C51L41,POINT (-61.11435277807682 -8.246347938836909)
2024,CORTE SELETIVO,C51L41,POINT (-61.114252284330604 -8.246247291795607)
2024,CORTE SELETIVO,C51L41,POINT (-61.11435454596942 -8.246150543417711)
2024,CORTE SELETIVO,C51L41,POINT (-61.114057585252226 -8.24605047253433)
2024,CORTE SELETIVO,C51L41,POINT (-61.11255281641257 -8.2447460230011)
2024,CORTE SELETIVO,C51L41,POINT (-61.116450727197964 -8.240447610749312)
2024,CORTE SELETIVO,C51L41,POINT (-61.11654827148783 -8.240353255039707)
2024,CORTE SELETIVO,C51L41,POINT (-61.11615074542592 -8.239354045787318)
2024,CORTE SELETIVO,C51L41,POINT (-61.11780348416138 -8.238952841865423)
2024,CORTE SELETIVO,C51L41,POINT (-61.116052850721566 -8.238949179861732)
2024,CORTE SELETIVO,C51L41,POINT (-61.107254397089235 -8.238154111381743)
2024,CORTE SELETIVO,C51L41,POINT (-61.113049704428434 -8.237746742590836)
2024,CORTE SELETIVO,C51L41,POINT (-61.10725441446287 -8.237746681332847)
2024,CORTE SELETIVO,C51L41,POINT (-61.105749575604776 -8.237753337655658)
2024,CORTE SELETIVO,C51L41,POINT (-61.113151744068304 -8.237546024438062)
2024,CORTE SELETIVO,C51L41,POINT (-61.11305373977594 -8.237352037600479)
2024,CORTE SELETIVO,C51L41,POINT (-61.11380643875171 -8.236452635740786)
2024,CORTE SELETIVO,C51L41,POINT (-61.11485290656386 -8.23624686351015)
2024,CORTE SELETIVO,C51L41,POINT (-61.11464769943778 -8.23523204675677)
2024,CORTE SELETIVO,C51L41,POINT (-61.11466845834162 -8.23494603439486)
2024,CORTE SELETIVO,C51L41,POINT (-61.11494668487146 -8.231849770025176)
2024,CORTE SELETIVO,C51L41,POINT (-61.11465021474021 -8.231535932852177)
2024,CORTE SELETIVO,C51L41,POINT (-61.11474764503848 -8.231347391409278)
2024,CORTE SELETIVO,C51L41,POINT (-61.11525045156981 -8.229345754213137)
2024,CORTE SELETIVO,C51L41,POINT (-61.11554659178312 -8.228446346240956)
2024,CORTE SELETIVO,C51L41,POINT (-61.1154467043762 -8.227648485538218)
2024,CORTE SELETIVO,C51L41,POINT (-61.11544749856425 -8.227379950398106)
2024,CORTE SELETIVO,C51L41,POINT (-61.115446024101324 -8.227097204109231)
2024,CORTE SELETIVO,C51L41,POINT (-61.11604709770156 -8.225747470615094)
2024,CORTE SELETIVO,C51L41,POINT (-61.20434945629107 -8.228352793655338)
2024,CORTE RASO,C51L41,POINT (-61.20614659125751 -8.209249574884097)
2024,CORTE RASO,C51L41,POINT (-61.20774737810143 -8.184354132129403)
2024,CORTE RASO,C51L41,POINT (-61.17405123359988 -8.10194919152767)
2024,CORTE SELETIVO,C51L41,POINT (-61.20355445558374 -8.228545591829098)
2024,CORTE RASO,C51L41,POINT (-61.20615461896274 -8.181350953920807)
2024,CORTE RASO,C51L41,POINT (-61.1741461495455 -8.101748327547037)
2024,CORTE SELETIVO,C51L41,POINT (-61.230348765333815 -8.246549617588117)
2024,CORTE SELETIVO,C51L41,POINT (-61.22645349622922 -8.24245152740549)
2024,CORTE SELETIVO,C51L41,POINT (-61.20514988111129 -8.240252313687275)
2024,CORTE SELETIVO,C51L41,POINT (-61.227751104069995 -8.236454782451728)
2024,CORTE SELETIVO,C51L41,POINT (-61.197545858415296 -8.235346650282171)
2024,CORTE SELETIVO,C51L41,POINT (-61.20755439849094 -8.234448170367461)
2024,CORTE SELETIVO,C51L41,POINT (-61.2248485012284 -8.234045594796113)
2024,CORTE SELETIVO,C51L41,POINT (-61.198853372104544 -8.234051611208576)
2024,CORTE SELETIVO,C51L41,POINT (-61.197948269686904 -8.23275164290411)
2024,CORTE SELETIVO,C51L41,POINT (-61.223050698982 -8.232152011468486)
2024,CORTE SELETIVO,C51L41,POINT (-61.21015164852418 -8.232054092652799)
2024,CORTE SELETIVO,C51L41,POINT (-61.223152036912666 -8.22925454677026)
2024,CORTE RASO,C51L41,POINT (-61.21014606343475 -8.19205272219537)
2024,CORTE RASO,C51L41,POINT (-61.209151313193075 -8.191745440809006)
2024,CORTE RASO,C51L41,POINT (-61.209746426803285 -8.190948106053371)
2024,CORTE RASO,C51L41,POINT (-61.209345577251774 -8.190949284683077)
2024,CORTE RASO,C51L41,POINT (-61.21084959590634 -8.18624664463644)
2024,CORTE RASO,C51L41,POINT (-61.2080524229741 -8.182252464668219)
2024,CORTE RASO,C51L41,POINT (-61.20995296081036 -8.18184597191745)
2024,CORTE RASO,C51L41,POINT (-61.20814647823278 -8.181645578141879)
2024,CORTE RASO,C51L41,POINT (-61.209951587560184 -8.181350855424858)
2024,CORTE RASO,C51L41,POINT (-61.20922798319208 -8.17935342958316)
2024,CORTE RASO,C51L41,POINT (-61.206550647335895 -8.17904894030135)
2024,CORTE RASO,C51L41,POINT (-61.1899485554809 -8.113252376191438)
2024,CORTE SELETIVO,C51L41,POINT (-61.16604936662099 -8.247550214449598)
2024,CORTE SELETIVO,C51L41,POINT (-61.166248956116156 -8.247548176194103)
2024,CORTE SELETIVO,C51L41,POINT (-61.16585226880405 -8.244048032841992)
2024,CORTE SELETIVO,C51L41,POINT (-61.165949559175225 -8.2437545401858)
2024,CORTE SELETIVO,C51L41,POINT (-61.1656456086158 -8.241051216098265)
2024,CORTE SELETIVO,C51L41,POINT (-61.16564952898313 -8.240852770561807)
2024,CORTE RASO,C51L41,POINT (-61.17475143464489 -8.10265385034583)
2024,CORTE RASO,C51L41,POINT (-61.174449214201154 -8.099450910580032)
2024,CORTE RASO,C51L41,POINT (-61.177048541875074 -8.098452166926506)
2024,CORTE SELETIVO,C51L41,POINT (-61.16044634641744 -8.249949799260284)
2024,CORTE SELETIVO,C51L41,POINT (-61.161782828822865 -8.249652249460961)
2024,CORTE SELETIVO,C51L41,POINT (-61.160545641423255 -8.249248353544237)
2024,CORTE SELETIVO,C51L41,POINT (-61.16004589763522 -8.249148407560895)
2024,CORTE SELETIVO,C51L41,POINT (-61.16275203292102 -8.245852682816658)
2024,CORTE SELETIVO,C51L41,POINT (-61.16044690388118 -8.2455501393871)
2024,CORTE SELETIVO,C51L41,POINT (-61.159449878305594 -8.245354204806503)
2024,CORTE SELETIVO,C51L41,POINT (-61.16044806874426 -8.243746883014456)
2024,CORTE SELETIVO,C51L41,POINT (-61.16025378787446 -8.242953531218944)
2024,CORTE SELETIVO,C51L41,POINT (-61.160646702052496 -8.241447072057602)
2024,CORTE SELETIVO,C51L41,POINT (-61.16054992432599 -8.240748939700081)
2024,CORTE SELETIVO,C51L41,POINT (-61.16064773523469 -8.23915010896927)
2024,CORTE SELETIVO,C51L41,POINT (-61.11284699081939 -8.237449510430224)
2024,CORTE SELETIVO,C51L41,POINT (-61.113645784338296 -8.236550389133807)
2024,CORTE SELETIVO,C51L41,POINT (-61.11464670829741 -8.234650962273244)
2024,CORTE SELETIVO,C51L41,POINT (-61.122931090045995 -8.232153808139785)
2024,CORTE SELETIVO,C51L41,POINT (-61.11565422396721 -8.227243608133373)
2024,CORTE SELETIVO,C51L41,POINT (-61.12464584472698 -8.22635258394698)
2024,CORTE SELETIVO,C51L41,POINT (-61.11635392696174 -8.224447174450084)
2024,CORTE SELETIVO,C51L41,POINT (-61.124852683672216 -8.222152829050957)
2024,CORTE SELETIVO,C51L41,POINT (-61.12904681881552 -8.218553079973907)
2024,CORTE SELETIVO,C51L41,POINT (-61.12714781050142 -8.218148899395512)
2024,CORTE SELETIVO,C51L41,POINT (-61.22095369530379 -8.235251445654145)
2024,CORTE SELETIVO,C51L41,POINT (-61.20295287392797 -8.228352629883927)
2024,CORTE SELETIVO,C51L41,POINT (-61.126846379385974 -8.22265202764226)
2024,CORTE SELETIVO,C51L41,POINT (-61.22915171141255 -8.24914965413216)
2024,CORTE SELETIVO,C51L41,POINT (-61.22935337923647 -8.248847575816368)
2024,CORTE SELETIVO,C51L41,POINT (-61.214854029739705 -8.248647266758416)
2024,CORTE SELETIVO,C51L41,POINT (-61.22455459246522 -8.247045549032034)
2024,CORTE SELETIVO,C51L41,POINT (-61.22855065394254 -8.240349491499336)
2024,CORTE SELETIVO,C51L41,POINT (-61.227348468553416 -8.237447747725469)
2024,CORTE SELETIVO,C51L41,POINT (-61.222950576174526 -8.23704588805447)
2024,CORTE SELETIVO,C51L41,POINT (-61.228951626878505 -8.236846273269535)
2024,CORTE SELETIVO,C51L41,POINT (-61.22267984229526 -8.236848623936528)
2024,CORTE SELETIVO,C51L41,POINT (-61.224648057662556 -8.23575013825105)
2024,CORTE SELETIVO,C51L41,POINT (-61.20795225937121 -8.235654760793935)
2024,CORTE SELETIVO,C51L41,POINT (-61.221845701044394 -8.235527125875969)
2024,CORTE SELETIVO,C51L41,POINT (-61.22555440708116 -8.235352867818682)
2024,CORTE SELETIVO,C51L41,POINT (-61.22745459098449 -8.234450655111196)
2024,CORTE SELETIVO,C51L41,POINT (-61.22775310038809 -8.234350766385775)
2024,CORTE SELETIVO,C51L41,POINT (-61.224551272061305 -8.234249760754093)
2024,CORTE SELETIVO,C51L41,POINT (-61.22495214182468 -8.234053520562956)
2024,CORTE SELETIVO,C51L41,POINT (-61.213752222415536 -8.234052584846294)
2024,CORTE SELETIVO,C51L41,POINT (-61.22755026584515 -8.233450691448498)
2024,CORTE SELETIVO,C51L41,POINT (-61.22815304889222 -8.233145404198112)
2024,CORTE SELETIVO,C51L41,POINT (-61.21425252065187 -8.233047189596004)
2024,CORTE SELETIVO,C51L41,POINT (-61.21384674725 -8.232849662284389)
2024,CORTE SELETIVO,C51L41,POINT (-61.22165197805704 -8.232750987200122)
2024,CORTE SELETIVO,C51L41,POINT (-61.22804927741572 -8.232554009405503)
2024,CORTE SELETIVO,C51L41,POINT (-61.222245624004074 -8.232454418760302)
2024,CORTE SELETIVO,C51L41,POINT (-61.21704887292876 -8.232452224558479)
2024,CORTE SELETIVO,C51L41,POINT (-61.222546795460325 -8.232446088562472)
2024,CORTE SELETIVO,C51L41,POINT (-61.222647546446424 -8.232345762440666)
2024,CORTE SELETIVO,C51L41,POINT (-61.208553023978695 -8.232348284784528)
2024,CORTE SELETIVO,C51L41,POINT (-61.230649413253815 -8.232046168488045)
2024,CORTE SELETIVO,C51L41,POINT (-61.22174887336973 -8.230151759629633)
2024,CORTE RASO,C51L41,POINT (-61.20784790650724 -8.182650281601504)
2024,CORTE RASO,C51L41,POINT (-61.20835245537184 -8.181649638110954)
2024,CORTE RASO,C51L41,POINT (-61.207548865949185 -8.181245580660613)
2024,CORTE RASO,C51L41,POINT (-61.208450916745996 -8.17945127087616)
2024,CORTE RASO,C51L41,POINT (-61.209046621237086 -8.179363381940423)
2024,CORTE SELETIVO,C51L41,POINT (-61.20345240439834 -8.243546451309687)
2024,CORTE SELETIVO,C51L41,POINT (-61.20354699644748 -8.23614931844147)
2024,CORTE SELETIVO,C51L41,POINT (-61.206845899858436 -8.234448426657014)
2024,CORTE SELETIVO,C51L41,POINT (-61.20435410593106 -8.228451911307975)
2024,CORTE RASO,C51L41,POINT (-61.205945396200796 -8.18185101541645)
2024,CORTE SELETIVO,C51L41,POINT (-61.16545460229962 -8.24938014293082)
2024,CORTE SELETIVO,C51L41,POINT (-61.163751055338 -8.248951879920025)
2024,CORTE SELETIVO,C51L41,POINT (-61.166246680388305 -8.246552682502022)
2024,CORTE SELETIVO,C51L41,POINT (-61.16274654137788 -8.245950989067254)
2024,CORTE SELETIVO,C51L41,POINT (-61.16524567010235 -8.244453657864462)
2024,CORTE SELETIVO,C51L41,POINT (-61.16545070187363 -8.244345882927762)
2024,CORTE SELETIVO,C51L41,POINT (-61.16554753916075 -8.24405074916461)
2024,CORTE SELETIVO,C51L41,POINT (-61.16475101905967 -8.241748726096727)
2024,CORTE SELETIVO,C51L41,POINT (-61.164749161330775 -8.241549951280868)
2024,CORTE SELETIVO,C51L41,POINT (-61.165748264087455 -8.241245543823716)
2024,CORTE SELETIVO,C51L41,POINT (-61.160552561997555 -8.249549074316619)
2024,CORTE SELETIVO,C51L41,POINT (-61.16005372184483 -8.249454682017964)
2024,CORTE SELETIVO,C51L41,POINT (-61.16005246269889 -8.248951534505386)
2024,CORTE SELETIVO,C51L41,POINT (-61.160148555115505 -8.24885223222242)
2024,CORTE SELETIVO,C51L41,POINT (-61.159452827701095 -8.248752583434488)
2024,CORTE SELETIVO,C51L41,POINT (-61.16014988529908 -8.248201742391869)
2024,CORTE SELETIVO,C51L41,POINT (-61.160424821465405 -8.247854133790952)
2024,CORTE SELETIVO,C51L41,POINT (-61.15984864974139 -8.246146230164051)
2024,CORTE SELETIVO,C51L41,POINT (-61.15945177376591 -8.245739105665088)
2024,CORTE SELETIVO,C51L41,POINT (-61.15964619823149 -8.24494550230595)
2024,CORTE SELETIVO,C51L41,POINT (-61.16005001505091 -8.24385044997873)
2024,CORTE SELETIVO,C51L41,POINT (-61.161351056424834 -8.24224917058425)
2024,CORTE SELETIVO,C51L41,POINT (-61.16025037897633 -8.24164980838816)
2024,CORTE SELETIVO,C51L41,POINT (-61.16064674028167 -8.241650349089962)
2024,CORTE SELETIVO,C51L41,POINT (-61.16034735725681 -8.24154925170066)
2024,CORTE SELETIVO,C51L41,POINT (-61.16025054033271 -8.241149663531607)
2024,CORTE SELETIVO,C51L41,POINT (-61.12105098904622 -8.235250261684993)
2024,CORTE SELETIVO,C51L41,POINT (-61.12105397204292 -8.232547392754368)
2024,CORTE SELETIVO,C51L41,POINT (-61.12285010071575 -8.231052163341955)
2024,CORTE SELETIVO,C51L41,POINT (-61.124554065097655 -8.22814539087959)
2024,CORTE SELETIVO,C51L41,POINT (-61.12414903655076 -8.22645396748043)
2024,CORTE SELETIVO,C51L41,POINT (-61.12214586643495 -8.226251488764825)
2024,CORTE SELETIVO,C51L41,POINT (-61.12194948276245 -8.225852516860012)
2024,CORTE SELETIVO,C51L41,POINT (-61.122848539971386 -8.225546592042745)
2024,CORTE SELETIVO,C51L41,POINT (-61.12405098162007 -8.220349506978065)
2024,CORTE SELETIVO,C51L41,POINT (-61.12844955345893 -8.21824961803962)
2024,CORTE SELETIVO,C51L41,POINT (-61.12695202226632 -8.218152327175993)
2024,CORTE SELETIVO,C51L41,POINT (-61.1253507852062 -8.217501194680999)
2024,CORTE SELETIVO,C51L41,POINT (-61.119351444781394 -8.21544730041633)
2024,CORTE SELETIVO,C51L41,POINT (-61.11645330628989 -8.247446887353794)
2024,CORTE SELETIVO,C51L41,POINT (-61.11554631334341 -8.247146819377233)
2024,CORTE SELETIVO,C51L41,POINT (-61.11635259708039 -8.247153659168385)
2024,CORTE SELETIVO,C51L41,POINT (-61.11604625729932 -8.247059081979943)
2024,CORTE SELETIVO,C51L41,POINT (-61.11464546158113 -8.246547805472623)
2024,CORTE SELETIVO,C51L41,POINT (-61.11425318594131 -8.246448039248163)
2024,CORTE SELETIVO,C51L41,POINT (-61.11425061160968 -8.246047563334296)
2024,CORTE SELETIVO,C51L41,POINT (-61.11425210575793 -8.245347013155092)
2024,CORTE SELETIVO,C51L41,POINT (-61.1122518881661 -8.244816083108887)
2024,CORTE SELETIVO,C51L41,POINT (-61.11424592801663 -8.24384703437675)
2024,CORTE SELETIVO,C51L41,POINT (-61.11135381582301 -8.24295331746736)
2024,CORTE SELETIVO,C51L41,POINT (-61.1183512533029 -8.24165083433236)
2024,CORTE SELETIVO,C51L41,POINT (-61.1181464900958 -8.241447391040825)
2024,CORTE SELETIVO,C51L41,POINT (-61.11375184296206 -8.240754301060974)
2024,CORTE SELETIVO,C51L41,POINT (-61.11625088598921 -8.23944530552214)
2024,CORTE SELETIVO,C51L41,POINT (-61.11785093107607 -8.239450394252655)
2024,CORTE SELETIVO,C51L41,POINT (-61.11594620217085 -8.239251969420247)
2024,CORTE SELETIVO,C51L41,POINT (-61.11764762147542 -8.238947273173626)
2024,CORTE SELETIVO,C51L41,POINT (-61.11254579210897 -8.238652449064938)
2024,CORTE SELETIVO,C51L41,POINT (-61.112947273814385 -8.237653362094314)
2024,CORTE SELETIVO,C51L41,POINT (-61.11395097588453 -8.237645725076085)
2024,CORTE SELETIVO,C51L41,POINT (-61.11355339438175 -8.236853870611887)
2024,CORTE SELETIVO,C51L41,POINT (-61.1147491914119 -8.23484788987818)
2024,CORTE SELETIVO,C51L41,POINT (-61.11465143175923 -8.233446410910492)
2024,CORTE SELETIVO,C51L41,POINT (-61.11464982875854 -8.232969517937514)
2024,CORTE SELETIVO,C51L41,POINT (-61.11442886577925 -8.233151822038694)
2024,CORTE SELETIVO,C51L41,POINT (-61.1163466718111 -8.232850695878609)
2024,CORTE SELETIVO,C51L41,POINT (-61.11525427774097 -8.232652061341316)
2024,CORTE SELETIVO,C51L41,POINT (-61.11565281342005 -8.232146004789579)
2024,CORTE SELETIVO,C51L41,POINT (-61.114749599383245 -8.231449349608312)
2024,CORTE SELETIVO,C51L41,POINT (-61.11654911058032 -8.229948201837862)
2024,CORTE SELETIVO,C51L41,POINT (-61.11564557264785 -8.228147182302536)
2024,CORTE SELETIVO,C51L41,POINT (-61.115454571265396 -8.227837254894053)
2024,CORTE SELETIVO,C51L41,POINT (-61.11555359377203 -8.227347834790894)
2024,CORTE SELETIVO,C51L41,POINT (-61.1156516343053 -8.226947034110275)
2024,CORTE SELETIVO,C51L41,POINT (-61.21275162304069 -8.230247860673357)
2024,CORTE SELETIVO,C51L41,POINT (-61.20444642443447 -8.228445472499551)
2024,CORTE RASO,C51L41,POINT (-61.20804596408397 -8.183153784580476)
2024,CORTE RASO,C51L41,POINT (-61.207847124263424 -8.182551992489513)
2024,CORTE SELETIVO,C51L41,POINT (-61.12374589700535 -8.221849937261977)
2024,CORTE RASO,C51L41,POINT (-61.20074747346504 -8.185048943053168)
2024,CORTE RASO,C51L41,POINT (-61.20574753483532 -8.182054297665596)
2024,CORTE RASO,C51L41,POINT (-61.206145509241594 -8.181019944680047)
2024,CORTE SELETIVO,C51L41,POINT (-61.16005069528576 -8.247599035185287)
2024,CORTE SELETIVO,C51L41,POINT (-61.11325280027734 -8.23724776959805)
2024,CORTE SELETIVO,C51L41,POINT (-61.12856142984231 -8.218434662208875)
2024,CORTE SELETIVO,C51L41,POINT (-61.12535253423161 -8.21724637093017)
2024,CORTE SELETIVO,C51L41,POINT (-61.23034898831766 -8.246645947566394)
2024,CORTE SELETIVO,C51L41,POINT (-61.21904860428049 -8.242551781681222)
2024,CORTE SELETIVO,C51L41,POINT (-61.22335056615979 -8.240753634014483)
2024,CORTE SELETIVO,C51L41,POINT (-61.210247015880505 -8.232247502224778)
2024,CORTE SELETIVO,C51L41,POINT (-61.21016655055075 -8.231953813514757)
2024,CORTE SELETIVO,C51L41,POINT (-61.20445207397987 -8.228351893505952)
2024,CORTE RASO,C51L41,POINT (-61.205752173519606 -8.185054459619245)
2024,CORTE RASO,C51L41,POINT (-61.208949830503414 -8.179351327291615)
2024,CORTE RASO,C51L41,POINT (-61.175151219984244 -8.101854575999527)
2024,CORTE SELETIVO,C51L41,POINT (-61.16054564083609 -8.249430228207896)
2024,CORTE SELETIVO,C51L41,POINT (-61.160045448574124 -8.249254689986099)
2024,CORTE SELETIVO,C51L41,POINT (-61.16044742698745 -8.247350320001336)
2024,CORTE SELETIVO,C51L41,POINT (-61.114451514197356 -8.246752394659758)
2024,CORTE SELETIVO,C51L41,POINT (-61.16655388287778 -8.246545307389242)
2024,CORTE SELETIVO,C51L41,POINT (-61.114446877708836 -8.246446992809028)
2024,CORTE SELETIVO,C51L41,POINT (-61.11434821966362 -8.246050602393861)
2024,CORTE SELETIVO,C51L41,POINT (-61.11244995538307 -8.24495184000128)
2024,CORTE SELETIVO,C51L41,POINT (-61.16565042744596 -8.244349856330318)
2024,CORTE SELETIVO,C51L41,POINT (-61.166052780886325 -8.243851699317931)
2024,CORTE SELETIVO,C51L41,POINT (-61.11145317219146 -8.242949984494642)
2024,CORTE SELETIVO,C51L41,POINT (-61.160651313653624 -8.241350918635652)
2024,CORTE SELETIVO,C51L41,POINT (-61.11625112689328 -8.23934842602207)
2024,CORTE SELETIVO,C51L41,POINT (-61.1160463517092 -8.225648512820495)
2024,CORTE SELETIVO,C51L41,POINT (-61.12385208781772 -8.216949287748006)
2024,CORTE SELETIVO,C51L41,POINT (-61.20074891958396 -8.244219938739667)
2024,CORTE SELETIVO,C51L41,POINT (-61.2210456792291 -8.235249764433506)
2024,CORTE RASO,C51L41,POINT (-61.20785043359916 -8.184146526836965)
2024,CORTE RASO,C51L41,POINT (-61.20595087268047 -8.182154720743014)
2024,CORTE SELETIVO,C51L41,POINT (-61.17274668138203 -8.19974677338637)
2024,CORTE RASO,C51L41,POINT (-61.17435339949983 -8.101154770158272)
2024,CORTE SELETIVO,C51L41,POINT (-61.22434605041901 -8.247045687218158)
2024,CORTE SELETIVO,C51L41,POINT (-61.230250076756114 -8.24664764429812)
2024,CORTE SELETIVO,C51L41,POINT (-61.21055365397644 -8.241746169654999)
2024,CORTE SELETIVO,C51L41,POINT (-61.22215277178791 -8.240254254537458)
2024,CORTE SELETIVO,C51L41,POINT (-61.231350661762164 -8.240047988764049)
2024,CORTE SELETIVO,C51L41,POINT (-61.23025118730398 -8.23765072516295)
2024,CORTE SELETIVO,C51L41,POINT (-61.21904884000042 -8.237650964319803)
2024,CORTE SELETIVO,C51L41,POINT (-61.22264995613555 -8.236945550976143)
2024,CORTE SELETIVO,C51L41,POINT (-61.22165386862047 -8.235749179900536)
2024,CORTE SELETIVO,C51L41,POINT (-61.20574829380125 -8.235451371957888)
2024,CORTE SELETIVO,C51L41,POINT (-61.22415334781183 -8.23535219910043)
2024,CORTE SELETIVO,C51L41,POINT (-61.21945456319902 -8.235050177710638)
2024,CORTE SELETIVO,C51L41,POINT (-61.210147078017634 -8.234951647572982)
2024,CORTE SELETIVO,C51L41,POINT (-61.19899751254912 -8.234551292521084)
2024,CORTE SELETIVO,C51L41,POINT (-61.21484601715264 -8.234548473911163)
2024,CORTE SELETIVO,C51L41,POINT (-61.21924734250814 -8.234551044051688)
2024,CORTE SELETIVO,C51L41,POINT (-61.21635377558137 -8.234349356933892)
2024,CORTE SELETIVO,C51L41,POINT (-61.19905539324391 -8.234286084089444)
2024,CORTE SELETIVO,C51L41,POINT (-61.20565454201374 -8.234153691332741)
2024,CORTE SELETIVO,C51L41,POINT (-61.20725297453486 -8.234048844589088)
2024,CORTE SELETIVO,C51L41,POINT (-61.20615323407147 -8.233953926837401)
2024,CORTE SELETIVO,C51L41,POINT (-61.20724605668223 -8.233853904982958)
2024,CORTE SELETIVO,C51L41,POINT (-61.2134535386407 -8.233645337105994)
2024,CORTE SELETIVO,C51L41,POINT (-61.22334658341604 -8.233450386926101)
2024,CORTE SELETIVO,C51L41,POINT (-61.205649930509814 -8.23314854798273)
2024,CORTE SELETIVO,C51L41,POINT (-61.20544696732496 -8.232947411557852)
2024,CORTE SELETIVO,C51L41,POINT (-61.22255068421586 -8.23235270830609)
2024,CORTE SELETIVO,C51L41,POINT (-61.221950482007344 -8.232254320877177)
2024,CORTE SELETIVO,C51L41,POINT (-61.22215108762987 -8.232248861909357)
2024,CORTE SELETIVO,C51L41,POINT (-61.222650114094556 -8.232253818419279)
2024,CORTE SELETIVO,C51L41,POINT (-61.2255545024968 -8.232248818860878)
2024,CORTE SELETIVO,C51L41,POINT (-61.208747242388526 -8.23215021872039)
2024,CORTE SELETIVO,C51L41,POINT (-61.2254481370403 -8.229851316864153)
2024,CORTE RASO,C51L41,POINT (-61.209950294474396 -8.190849729677263)
2024,CORTE RASO,C51L41,POINT (-61.20944580370528 -8.183450360131037)
2024,CORTE RASO,C51L41,POINT (-61.20765044183426 -8.182150997189357)
2024,CORTE SELETIVO,C51L41,POINT (-61.19515362977486 -8.23984743672187)
2024,CORTE SELETIVO,C51L41,POINT (-61.189347537463 -8.187947856390673)
2024,CORTE SELETIVO,C51L41,POINT (-61.16364598687187 -8.248946774477398)
2024,CORTE SELETIVO,C51L41,POINT (-61.15944776444463 -8.248849059879104)
2024,CORTE SELETIVO,C51L41,POINT (-61.163052442835316 -8.248747381271048)
2024,CORTE SELETIVO,C51L41,POINT (-61.16015137282147 -8.248346909057723)
2024,CORTE SELETIVO,C51L41,POINT (-61.160146326811784 -8.247845545545148)
2024,CORTE SELETIVO,C51L41,POINT (-61.16454770664595 -8.247651778741057)
2024,CORTE SELETIVO,C51L41,POINT (-61.1657543313131 -8.244352240993768)
2024,CORTE SELETIVO,C51L41,POINT (-61.15535032905104 -8.244248088585158)
2024,CORTE SELETIVO,C51L41,POINT (-61.16554910795968 -8.243750471654142)
2024,CORTE SELETIVO,C51L41,POINT (-61.15765015215489 -8.24364993110917)
2024,CORTE SELETIVO,C51L41,POINT (-61.16754950483358 -8.24314634883726)
2024,CORTE SELETIVO,C51L41,POINT (-61.16124850790686 -8.242349366890366)
2024,CORTE SELETIVO,C51L41,POINT (-61.16114733476911 -8.242149167987298)
2024,CORTE SELETIVO,C51L41,POINT (-61.16025420439541 -8.24186662073805)
2024,CORTE SELETIVO,C51L41,POINT (-61.16074714057081 -8.241151680837017)
2024,CORTE SELETIVO,C51L41,POINT (-61.126053540423726 -8.222751106839423)
2024,CORTE SELETIVO,C51L41,POINT (-61.127053537490625 -8.218245468268181)
2024,CORTE SELETIVO,C51L41,POINT (-61.12434613421642 -8.218051763156009)
2024,CORTE SELETIVO,C51L41,POINT (-61.124092909078975 -8.21705323829255)
2024,CORTE SELETIVO,C51L41,POINT (-61.17135399511665 -8.19814979379824)
2024,CORTE RASO,C51L41,POINT (-61.17405243872475 -8.101847591644038)
2024,CORTE RASO,C51L41,POINT (-61.174754038200646 -8.10125237335298)
2024,CORTE RASO,C51L41,POINT (-61.174450211341814 -8.101153637200554)
2024,CORTE RASO,C51L41,POINT (-61.17704630650459 -8.098546613132328)
2024,CORTE SELETIVO,C51L41,POINT (-61.1164519416282 -8.247553233824684)
2024,CORTE SELETIVO,C51L41,POINT (-61.11255199096382 -8.244848896778256)
2024,CORTE SELETIVO,C51L41,POINT (-61.11435336690215 -8.24384935383968)
2024,CORTE SELETIVO,C51L41,POINT (-61.11815372691515 -8.241553314316594)
2024,CORTE SELETIVO,C51L41,POINT (-61.11804989831531 -8.239554295415521)
2024,CORTE SELETIVO,C51L41,POINT (-61.11775006671759 -8.239451268221227)
2024,CORTE SELETIVO,C51L41,POINT (-61.11534839484229 -8.23914819216761)
2024,CORTE SELETIVO,C51L41,POINT (-61.11775052924248 -8.239146357864103)
2024,CORTE SELETIVO,C51L41,POINT (-61.115351103621904 -8.23854803359664)
2024,CORTE SELETIVO,C51L41,POINT (-61.105850630067785 -8.237547982958512)
2024,CORTE SELETIVO,C51L41,POINT (-61.11295455959505 -8.237345790957823)
2024,CORTE SELETIVO,C51L41,POINT (-61.11355403198254 -8.236553113677944)
2024,CORTE SELETIVO,C51L41,POINT (-61.11474802085543 -8.236250734582521)
2024,CORTE SELETIVO,C51L41,POINT (-61.117547469275614 -8.235421628898253)
2024,CORTE SELETIVO,C51L41,POINT (-61.114746630110744 -8.23505429239839)
2024,CORTE SELETIVO,C51L41,POINT (-61.114350876221124 -8.234450952895505)
2024,CORTE SELETIVO,C51L41,POINT (-61.1219513429151 -8.234145939557429)
2024,CORTE SELETIVO,C51L41,POINT (-61.114448779021764 -8.232952846194735)
2024,CORTE SELETIVO,C51L41,POINT (-61.11464971527031 -8.232349817224094)
2024,CORTE SELETIVO,C51L41,POINT (-61.11675050983032 -8.230650452553503)
2024,CORTE SELETIVO,C51L41,POINT (-61.11815308855303 -8.227253558163083)
2024,CORTE SELETIVO,C51L41,POINT (-61.115646172405455 -8.226549527285465)
2024,CORTE SELETIVO,C51L41,POINT (-61.115846782044656 -8.226450488859793)
2024,CORTE SELETIVO,C51L41,POINT (-61.12286394954945 -8.226151371086038)
2024,CORTE SELETIVO,C51L41,POINT (-61.11605351419088 -8.225852802819977)
2024,CORTE SELETIVO,C51L41,POINT (-61.1225515376583 -8.225351047788637)
2024,CORTE SELETIVO,C51L41,POINT (-61.1226495590416 -8.225045914388923)
2024,CORTE SELETIVO,C51L41,POINT (-61.11915313061425 -8.222750012995734)
2024,CORTE SELETIVO,C51L41,POINT (-61.119253719595456 -8.221945420541983)
2024,CORTE SELETIVO,C51L41,POINT (-61.117148084983555 -8.221713788147074)
2024,CORTE SELETIVO,C51L41,POINT (-61.120951236970534 -8.216653090247842)
2024,CORTE SELETIVO,C51L41,POINT (-61.119452363122235 -8.215548053018846)
2024,CORTE SELETIVO,C51L41,POINT (-61.21035165639474 -8.244652081204324)
2024,CORTE SELETIVO,C51L41,POINT (-61.216052475580476 -8.24225396467887)
2024,CORTE SELETIVO,C51L41,POINT (-61.222161539168816 -8.24005255429556)
2024,CORTE SELETIVO,C51L41,POINT (-61.222946825625414 -8.236750119846647)
2024,CORTE SELETIVO,C51L41,POINT (-61.220949637900134 -8.235551185484097)
2024,CORTE SELETIVO,C51L41,POINT (-61.21955424501516 -8.234746680468294)
2024,CORTE SELETIVO,C51L41,POINT (-61.21965206419195 -8.234649227211728)
2024,CORTE SELETIVO,C51L41,POINT (-61.22777407895714 -8.234589840637044)
2024,CORTE SELETIVO,C51L41,POINT (-61.221149876798414 -8.232651750124612)
2024,CORTE SELETIVO,C51L41,POINT (-61.21024703699159 -8.232049692692112)
2024,CORTE SELETIVO,C51L41,POINT (-61.221577853861426 -8.23105092960506)
2024,CORTE SELETIVO,C51L41,POINT (-61.2142456373369 -8.229679528678547)
2024,CORTE SELETIVO,C51L41,POINT (-61.223051343177346 -8.22925285719666)
2024,CORTE RASO,C51L41,POINT (-61.209246143047665 -8.190861723305527)
2024,CORTE SELETIVO,C51L41,POINT (-61.207050665291376 -8.245752039877615)
2024,CORTE SELETIVO,C51L41,POINT (-61.20104983160329 -8.244549429403648)
2024,CORTE SELETIVO,C51L41,POINT (-61.20074541686052 -8.244352578204547)
2024,CORTE SELETIVO,C51L41,POINT (-61.20064588637496 -8.244253468752941)
2024,CORTE SELETIVO,C51L41,POINT (-61.201054105105584 -8.244048420522171)
2024,CORTE SELETIVO,C51L41,POINT (-61.20464940876193 -8.235246074013434)
2024,CORTE SELETIVO,C51L41,POINT (-61.1994390033059 -8.234088984907883)
2024,CORTE SELETIVO,C51L41,POINT (-61.207450120068664 -8.233651323397646)
2024,CORTE SELETIVO,C51L41,POINT (-61.20745397991334 -8.233354617642368)
2024,CORTE SELETIVO,C51L41,POINT (-61.20344571566117 -8.230330532822876)
2024,CORTE SELETIVO,C51L41,POINT (-61.203645594320214 -8.2302533411704)
2024,CORTE RASO,C51L41,POINT (-61.20605311729416 -8.207613016179002)
2024,CORTE RASO,C51L41,POINT (-61.20361252129091 -8.185254249648741)
2024,CORTE RASO,C51L41,POINT (-61.203358156659675 -8.185150445930002)
2024,CORTE RASO,C51L41,POINT (-61.204187181496536 -8.185114649401173)
2024,CORTE RASO,C51L41,POINT (-61.202447902241246 -8.185151292875757)
2024,CORTE RASO,C51L41,POINT (-61.20474695089346 -8.185052094120751)
2024,CORTE RASO,C51L41,POINT (-61.204346558681024 -8.184950745930006)
2024,CORTE RASO,C51L41,POINT (-61.20014620040361 -8.184954168348987)
2024,CORTE RASO,C51L41,POINT (-61.2062815143234 -8.184749715342296)
2024,CORTE RASO,C51L41,POINT (-61.20615401876519 -8.184450408234904)
2024,CORTE RASO,C51L41,POINT (-61.20795079022971 -8.184054594121136)
2024,CORTE RASO,C51L41,POINT (-61.20735454873319 -8.184048361252561)
2024,CORTE RASO,C51L41,POINT (-61.20595525105274 -8.182463533014237)
2024,CORTE RASO,C51L41,POINT (-61.20614906707332 -8.182334003295688)
2024,CORTE RASO,C51L41,POINT (-61.20594652572276 -8.181946982474386)
2024,CORTE RASO,C51L41,POINT (-61.20745202447005 -8.181251375820645)
2024,CORTE RASO,C51L41,POINT (-61.20775116918571 -8.18115038403713)
2024,CORTE RASO,C51L41,POINT (-61.20755410730629 -8.181153814559234)
2024,CORTE RASO,C51L41,POINT (-61.20704830546961 -8.178847518956893)
2024,CORTE RASO,C51L41,POINT (-61.1792922785792 -8.099050350350845)
2024,CORTE SELETIVO,C51L41,POINT (-61.16454913774495 -8.245351249843099)
2024,CORTE SELETIVO,C51L41,POINT (-61.16454821098695 -8.245147334684502)
2024,CORTE SELETIVO,C51L41,POINT (-61.164772469498 -8.245066537459454)
2024,CORTE SELETIVO,C51L41,POINT (-61.16035366410858 -8.243490518668319)
2024,CORTE SELETIVO,C51L41,POINT (-61.16059445984248 -8.242550428407775)
2024,CORTE SELETIVO,C51L41,POINT (-61.160753333534274 -8.242450555278028)
2024,CORTE SELETIVO,C51L41,POINT (-61.16045434810349 -8.242447085033588)
2024,CORTE SELETIVO,C51L41,POINT (-61.160754146009054 -8.241046792864168)
2024,CORTE SELETIVO,C51L41,POINT (-61.16064592705744 -8.240847577352547)
2024,CORTE SELETIVO,C51L41,POINT (-61.16054862817491 -8.239949922277098)
2024,CORTE RASO,C51L41,POINT (-61.177347760651145 -8.103453756164251)
2024,CORTE RASO,C51L41,POINT (-61.1753522359694 -8.10304888410653)
2024,CORTE RASO,C51L41,POINT (-61.1746539365856 -8.102746738280402)
2024,CORTE RASO,C51L41,POINT (-61.177809668026875 -8.102654473646146)
2024,CORTE RASO,C51L41,POINT (-61.1737485688427 -8.102561769846048)
2024,CORTE RASO,C51L41,POINT (-61.17615193772693 -8.10234933666479)
2024,CORTE RASO,C51L41,POINT (-61.17535424697742 -8.097948954672187)
2024,CORTE SELETIVO,C51L41,POINT (-61.16022848827786 -8.249536201032434)
2024,CORTE SELETIVO,C51L41,POINT (-61.16034555876082 -8.249149539479825)
2024,CORTE SELETIVO,C51L41,POINT (-61.16035355629099 -8.245300530471196)
2024,CORTE SELETIVO,C51L41,POINT (-61.14873416490829 -8.242740403973375)
2024,CORTE SELETIVO,C51L41,POINT (-61.11967973099809 -8.236051595845117)
2024,CORTE SELETIVO,C51L41,POINT (-61.11974989366469 -8.235645935683102)
2024,CORTE SELETIVO,C51L41,POINT (-61.121889978912876 -8.232447551433381)
2024,CORTE SELETIVO,C51L41,POINT (-61.121050842958034 -8.229545821618254)
2024,CORTE SELETIVO,C51L41,POINT (-61.12394553393679 -8.228745332263289)
2024,CORTE SELETIVO,C51L41,POINT (-61.12384750892764 -8.228581529658754)
2024,CORTE SELETIVO,C51L41,POINT (-61.12115860544357 -8.22575034012976)
2024,CORTE SELETIVO,C51L41,POINT (-61.124504384720275 -8.224449009433574)
2024,CORTE SELETIVO,C51L41,POINT (-61.12244813834753 -8.22356459383513)
2024,CORTE SELETIVO,C51L41,POINT (-61.12255213531463 -8.223449491108013)
2024,CORTE SELETIVO,C51L41,POINT (-61.12105070336599 -8.220554407418335)
2024,CORTE SELETIVO,C51L41,POINT (-61.12664724183479 -8.219647590848668)
2024,CORTE SELETIVO,C51L41,POINT (-61.12635002260513 -8.2194951413253)
2024,CORTE SELETIVO,C51L41,POINT (-61.124547438922896 -8.217772217698458)
2024,CORTE SELETIVO,C51L41,POINT (-61.11871844673282 -8.215749430071234)
2024,CORTE SELETIVO,C51L41,POINT (-61.15984639211868 -8.110918258174198)
2024,CORTE SELETIVO,C51L41,POINT (-61.116217928528506 -8.24677981333666)
2024,CORTE SELETIVO,C51L41,POINT (-61.11404911892573 -8.242449405017352)
2024,CORTE SELETIVO,C51L41,POINT (-61.11805779604653 -8.24124159212206)
2024,CORTE SELETIVO,C51L41,POINT (-61.113651889718454 -8.240657892942837)
2024,CORTE SELETIVO,C51L41,POINT (-61.11293325388617 -8.239466254649582)
2024,CORTE SELETIVO,C51L41,POINT (-61.11275441586988 -8.2386480603026)
2024,CORTE SELETIVO,C51L41,POINT (-61.10825323510958 -8.238148660921462)
2024,CORTE SELETIVO,C51L41,POINT (-61.10575129901175 -8.237550962153602)
2024,CORTE SELETIVO,C51L41,POINT (-61.11314772398066 -8.237050775674485)
2024,CORTE SELETIVO,C51L41,POINT (-61.11337722345735 -8.236787212279332)
2024,CORTE SELETIVO,C51L41,POINT (-61.117649981943686 -8.23533929188991)
2024,CORTE SELETIVO,C51L41,POINT (-61.1177467524202 -8.235146793272131)
2024,CORTE SELETIVO,C51L41,POINT (-61.11472900409969 -8.234446028443779)
2024,CORTE SELETIVO,C51L41,POINT (-61.11754795373005 -8.233447646848273)
2024,CORTE SELETIVO,C51L41,POINT (-61.10637087247274 -8.233163526385557)
2024,CORTE SELETIVO,C51L41,POINT (-61.11475189273095 -8.23305060003889)
2024,CORTE SELETIVO,C51L41,POINT (-61.11455421178985 -8.233191435898851)
2024,CORTE SELETIVO,C51L41,POINT (-61.117249577207204 -8.23314704868523)
2024,CORTE SELETIVO,C51L41,POINT (-61.11645381319467 -8.232345950079955)
2024,CORTE SELETIVO,C51L41,POINT (-61.1150491476835 -8.231181427490748)
2024,CORTE SELETIVO,C51L41,POINT (-61.116502299958306 -8.230954753811263)
2024,CORTE SELETIVO,C51L41,POINT (-61.11554571228807 -8.230035866404403)
2024,CORTE SELETIVO,C51L41,POINT (-61.11535287400857 -8.22915082402171)
2024,CORTE SELETIVO,C51L41,POINT (-61.116151066003695 -8.225550636873782)
2024,CORTE SELETIVO,C51L41,POINT (-61.11765044259554 -8.219746892468455)
2024,CORTE SELETIVO,C51L41,POINT (-61.11774790205429 -8.219547536621102)
2024,CORTE SELETIVO,C51L41,POINT (-61.199446389694174 -8.234245522172683)
2024,CORTE SELETIVO,C51L41,POINT (-61.212647294937675 -8.230160336402282)
2024,CORTE SELETIVO,C51L41,POINT (-61.202876162103834 -8.228445302949348)
2024,CORTE RASO,C51L41,POINT (-61.200849581997524 -8.18466643051316)
2024,CORTE RASO,C51L41,POINT (-61.20589585775726 -8.182645207180707)
2024,CORTE RASO,C51L41,POINT (-61.208654121481864 -8.181747520984281)
2024,CORTE RASO,C51L41,POINT (-61.2096479213601 -8.131051597634206)
2024,CORTE RASO,C51L41,POINT (-61.176050339786435 -8.09815096642242)
2024,CORTE SELETIVO,C51L41,POINT (-61.16034890978945 -8.249592987896497)
2024,CORTE SELETIVO,C51L41,POINT (-61.160145395927024 -8.24945205817591)
2024,CORTE SELETIVO,C51L41,POINT (-61.14589700461432 -8.248752362356367)
2024,CORTE SELETIVO,C51L41,POINT (-61.15927685126565 -8.24534951429867)
2024,CORTE SELETIVO,C51L41,POINT (-61.10965451032892 -8.239849801036323)
2024,CORTE SELETIVO,C51L41,POINT (-61.11285361965471 -8.236860154873423)
2024,CORTE SELETIVO,C51L41,POINT (-61.105928474747756 -8.236244520705268)
2024,CORTE SELETIVO,C51L41,POINT (-61.11464822678531 -8.234545699253323)
2024,CORTE SELETIVO,C51L41,POINT (-61.114853081105984 -8.231994990345278)
2024,CORTE SELETIVO,C51L41,POINT (-61.11674695647218 -8.224049860349316)
2024,CORTE SELETIVO,C51L41,POINT (-61.123481718422035 -8.221751262865656)
2024,CORTE SELETIVO,C51L41,POINT (-61.172533560188285 -8.199276952816202)
2024,CORTE RASO,C51L41,POINT (-61.17394732472548 -8.102048632659134)
2024,CORTE SELETIVO,C51L41,POINT (-61.22915188007856 -8.249045436266666)
2024,CORTE SELETIVO,C51L41,POINT (-61.23039576514171 -8.246754362547454)
2024,CORTE SELETIVO,C51L41,POINT (-61.22754780165213 -8.246545272470055)
2024,CORTE SELETIVO,C51L41,POINT (-61.230054294994076 -8.245154001972264)
2024,CORTE SELETIVO,C51L41,POINT (-61.22644842402855 -8.242551740289574)
2024,CORTE SELETIVO,C51L41,POINT (-61.23114997574359 -8.24064785956039)
2024,CORTE SELETIVO,C51L41,POINT (-61.22764740902697 -8.236252299092484)
2024,CORTE SELETIVO,C51L41,POINT (-61.21445292848026 -8.235445954798713)
2024,CORTE SELETIVO,C51L41,POINT (-61.219746665078226 -8.235048120095584)
2024,CORTE SELETIVO,C51L41,POINT (-61.2136469160095 -8.23494713505662)
2024,CORTE SELETIVO,C51L41,POINT (-61.227651418246815 -8.233548759328436)
2024,CORTE SELETIVO,C51L41,POINT (-61.22245423011019 -8.232551887189018)
2024,CORTE SELETIVO,C51L41,POINT (-61.21734543169542 -8.232451311780478)
2024,CORTE SELETIVO,C51L41,POINT (-61.225696529582365 -8.232251507112908)
2024,CORTE SELETIVO,C51L41,POINT (-61.21425251056202 -8.232147044616411)
2024,CORTE SELETIVO,C51L41,POINT (-61.21074986717624 -8.23214726651198)
2024,CORTE SELETIVO,C51L41,POINT (-61.2306500258323 -8.231949998137267)
2024,CORTE SELETIVO,C51L41,POINT (-61.208152653295414 -8.231953336331172)
2024,CORTE SELETIVO,C51L41,POINT (-61.22444805161542 -8.22885363413738)
2024,CORTE SELETIVO,C51L41,POINT (-61.22463550399237 -8.22864660544068)
2024,CORTE RASO,C51L41,POINT (-61.20974856628162 -8.191047003569023)
2024,CORTE RASO,C51L41,POINT (-61.209151660651 -8.188452186985522)
2024,CORTE RASO,C51L41,POINT (-61.209951172995694 -8.188353497655458)
2024,CORTE RASO,C51L41,POINT (-61.21015199334325 -8.187854300914339)
2024,CORTE RASO,C51L41,POINT (-61.209151169212795 -8.1852512656046)
2024,CORTE RASO,C51L41,POINT (-61.20935384313938 -8.185053253539223)
2024,CORTE RASO,C51L41,POINT (-61.209147300600414 -8.184953612417143)
2024,CORTE RASO,C51L41,POINT (-61.20945452195378 -8.18464550572997)
2024,CORTE RASO,C51L41,POINT (-61.20894733955597 -8.184450533683552)
2024,CORTE RASO,C51L41,POINT (-61.209850603511754 -8.181950437418065)
2024,CORTE RASO,C51L41,POINT (-61.208448763684515 -8.181750297416368)
2024,CORTE RASO,C51L41,POINT (-61.20822651134694 -8.181550507690801)
2024,CORTE RASO,C51L41,POINT (-61.20805204939127 -8.180045988376069)
2024,CORTE SELETIVO,C51L41,POINT (-61.20235263298019 -8.248346555456582)
2024,CORTE SELETIVO,C51L41,POINT (-61.19985104682954 -8.24225059472053)
2024,CORTE SELETIVO,C51L41,POINT (-61.20511718379952 -8.240447314052616)
2024,CORTE SELETIVO,C51L41,POINT (-61.19915195586199 -8.234749735972745)
2024,CORTE SELETIVO,C51L41,POINT (-61.19925563827168 -8.234486663452161)
2024,CORTE SELETIVO,C51L41,POINT (-61.205149766698405 -8.232947719612982)
2024,CORTE SELETIVO,C51L41,POINT (-61.20215192285498 -8.232853272036206)
2024,CORTE SELETIVO,C51L41,POINT (-61.201850153057535 -8.23275456020645)
2024,CORTE SELETIVO,C51L41,POINT (-61.20474735577064 -8.228647299135133)
2024,CORTE RASO,C51L41,POINT (-61.20734985642125 -8.182062406740034)
2024,CORTE RASO,C51L41,POINT (-61.20635147102311 -8.182093412312266)
2024,CORTE RASO,C51L41,POINT (-61.207632443444496 -8.182052957436182)
2024,CORTE RASO,C51L41,POINT (-61.207447672623466 -8.180545559617334)
2024,CORTE SELETIVO,C51L41,POINT (-61.161511949435415 -8.249946370501192)
2024,CORTE SELETIVO,C51L41,POINT (-61.164650610531595 -8.247647953480786)
2024,CORTE SELETIVO,C51L41,POINT (-61.15497195089977 -8.247050185178109)
2024,CORTE SELETIVO,C51L41,POINT (-61.16645121074738 -8.246647862438856)
2024,CORTE SELETIVO,C51L41,POINT (-61.15994965663496 -8.246146645590654)
2024,CORTE SELETIVO,C51L41,POINT (-61.15964795995135 -8.246091550042019)
2024,CORTE SELETIVO,C51L41,POINT (-61.16255033605484 -8.246052217140942)
2024,CORTE SELETIVO,C51L41,POINT (-61.15984949083926 -8.246052530891648)
2024,CORTE SELETIVO,C51L41,POINT (-61.15955236246887 -8.245752644587283)
2024,CORTE SELETIVO,C51L41,POINT (-61.165550367799696 -8.244245578372103)
2024,CORTE SELETIVO,C51L41,POINT (-61.16025007242966 -8.243947929185811)
2024,CORTE SELETIVO,C51L41,POINT (-61.16744585574392 -8.243150776080077)
2024,CORTE SELETIVO,C51L41,POINT (-61.16024692839276 -8.242352761196306)
2024,CORTE SELETIVO,C51L41,POINT (-61.16034958482567 -8.24225156041134)
2024,CORTE SELETIVO,C51L41,POINT (-61.16045146975584 -8.239646536486347)
2024,CORTE SELETIVO,C51L41,POINT (-61.160353206779575 -8.239349095112312)
2024,CORTE RASO,C51L41,POINT (-61.1769510107974 -8.103554174871574)
2024,CORTE RASO,C51L41,POINT (-61.173848951121926 -8.102352120173347)
2024,CORTE RASO,C51L41,POINT (-61.17394674373314 -8.102246039730975)
2024,CORTE RASO,C51L41,POINT (-61.17514584631333 -8.10214903769327)
2024,CORTE RASO,C51L41,POINT (-61.174710362469824 -8.10104789212925)
2024,CORTE SELETIVO,C51L41,POINT (-61.14854800735919 -8.2431530822321)
2024,CORTE SELETIVO,C51L41,POINT (-61.1175482144107 -8.235545471913479)
2024,CORTE SELETIVO,C51L41,POINT (-61.12105167681658 -8.2354515998674)
2024,CORTE SELETIVO,C51L41,POINT (-61.1151467576936 -8.230252950880429)
2024,CORTE SELETIVO,C51L41,POINT (-61.12375136187089 -8.22904765177282)
2024,CORTE SELETIVO,C51L41,POINT (-61.11545164272273 -8.228551995302377)
2024,CORTE SELETIVO,C51L41,POINT (-61.11954831483388 -8.228453120447943)
2024,CORTE SELETIVO,C51L41,POINT (-61.121952071142644 -8.227347567098024)
2024,CORTE SELETIVO,C51L41,POINT (-61.12415163555797 -8.226649625979915)
2024,CORTE SELETIVO,C51L41,POINT (-61.12436918917755 -8.226548463684283)
2024,CORTE SELETIVO,C51L41,POINT (-61.12185397508438 -8.22574564624214)
2024,CORTE SELETIVO,C51L41,POINT (-61.123652801888966 -8.221946388714493)
2024,CORTE SELETIVO,C51L41,POINT (-61.12465399547478 -8.219551552245743)
2024,CORTE SELETIVO,C51L41,POINT (-61.12884853309814 -8.21844573549082)
2024,CORTE SELETIVO,C51L41,POINT (-61.11814786674615 -8.21795117163144)
2024,CORTE SELETIVO,C51L41,POINT (-61.125449004715016 -8.21774604869804)
2024,CORTE SELETIVO,C51L41,POINT (-61.12654920612163 -8.217751644544386)
2024,CORTE SELETIVO,C51L41,POINT (-61.12425402114147 -8.217652703515533)
2024,CORTE SELETIVO,C51L41,POINT (-61.12585096072905 -8.217445703065072)
2024,CORTE SELETIVO,C51L41,POINT (-61.12435334877309 -8.217249957075186)
2024,CORTE SELETIVO,C51L41,POINT (-61.12395010627623 -8.216946219864282)
2024,CORTE SELETIVO,C51L41,POINT (-61.121154414270755 -8.216551243866899)
2024,CORTE SELETIVO,C51L41,POINT (-61.11934683593154 -8.215654537663697)
2024,CORTE SELETIVO,C51L41,POINT (-61.11935088755306 -8.215253222296173)
2024,CORTE RASO,C51L41,POINT (-61.206152730116706 -8.181249284789436)
2024,CORTE SELETIVO,C51L41,POINT (-61.1096530700335 -8.23995099263841)
2024,CORTE RASO,C51L41,POINT (-61.17395444276944 -8.102146314290104)
2024,CORTE SELETIVO,C51L41,POINT (-61.21495044550418 -8.248746445186605)
2024,CORTE SELETIVO,C51L41,POINT (-61.23025414743322 -8.246751967694522)
2024,CORTE SELETIVO,C51L41,POINT (-61.21614833027934 -8.242553584027691)
2024,CORTE SELETIVO,C51L41,POINT (-61.21444646811169 -8.241248423315806)
2024,CORTE SELETIVO,C51L41,POINT (-61.21594882614013 -8.240848548322905)
2024,CORTE SELETIVO,C51L41,POINT (-61.223548884990436 -8.236749007769111)
2024,CORTE SELETIVO,C51L41,POINT (-61.227547206859555 -8.236454356412251)
2024,CORTE SELETIVO,C51L41,POINT (-61.220852248160824 -8.235649429240896)
2024,CORTE SELETIVO,C51L41,POINT (-61.219551563716294 -8.235046832908619)
2024,CORTE SELETIVO,C51L41,POINT (-61.227526233493805 -8.233153152858236)
2024,CORTE SELETIVO,C51L41,POINT (-61.207153194153946 -8.232146402844979)
2024,CORTE SELETIVO,C51L41,POINT (-61.21994586476981 -8.231745624317783)
2024,CORTE RASO,C51L41,POINT (-61.209446704921696 -8.191047651851223)
2024,CORTE RASO,C51L41,POINT (-61.207346036865665 -8.185278657046265)
2024,CORTE RASO,C51L41,POINT (-61.20755388931964 -8.1850462661247)
2024,CORTE RASO,C51L41,POINT (-61.207406436659504 -8.184948642276824)
2024,CORTE RASO,C51L41,POINT (-61.20724721264896 -8.184851384795342)
2024,CORTE RASO,C51L41,POINT (-61.20755873752061 -8.184763250681062)
2024,CORTE RASO,C51L41,POINT (-61.20735605017269 -8.184645255089142)
2024,CORTE RASO,C51L41,POINT (-61.20715334971878 -8.184308113828818)
2024,CORTE RASO,C51L41,POINT (-61.207476266680885 -8.184330177007212)
2024,CORTE RASO,C51L41,POINT (-61.206878822412286 -8.18345687185125)
2024,CORTE RASO,C51L41,POINT (-61.2078469358691 -8.183271405698463)
2024,CORTE RASO,C51L41,POINT (-61.20805385829748 -8.183308881493524)
2024,CORTE RASO,C51L41,POINT (-61.20745011683402 -8.182951511707163)
2024,CORTE RASO,C51L41,POINT (-61.20775079055889 -8.18288017578941)
2024,CORTE RASO,C51L41,POINT (-61.2068538765475 -8.182749781953)
2024,CORTE RASO,C51L41,POINT (-61.20695386729119 -8.182345495476616)
2024,CORTE RASO,C51L41,POINT (-61.20825315890082 -8.181746516495977)
2024,CORTE RASO,C51L41,POINT (-61.2084544073267 -8.179348830762569)
2024,CORTE RASO,C51L41,POINT (-61.208757767656955 -8.179354393527662)
2024,CORTE SELETIVO,C51L41,POINT (-61.199046211769016 -8.234746009804258)
2024,CORTE SELETIVO,C51L41,POINT (-61.19935187122772 -8.234752242693508)
2024,CORTE SELETIVO,C51L41,POINT (-61.19924968423903 -8.234248714288288)
2024,CORTE SELETIVO,C51L41,POINT (-61.20505440443748 -8.232948689549321)
2024,CORTE RASO,C51L41,POINT (-61.205848850059205 -8.18460508989429)
2024,CORTE RASO,C51L41,POINT (-61.20609085552479 -8.184555718863965)
2024,CORTE RASO,C51L41,POINT (-61.20655169943433 -8.184546757148253)
2024,CORTE RASO,C51L41,POINT (-61.20633062275688 -8.184151289028199)
2024,CORTE RASO,C51L41,POINT (-61.20652261964851 -8.183546686740092)
2024,CORTE RASO,C51L41,POINT (-61.20665329734091 -8.183054534430518)
2024,CORTE RASO,C51L41,POINT (-61.20612847408967 -8.183137804722652)
2024,CORTE RASO,C51L41,POINT (-61.20674916587285 -8.18254932653577)
2024,CORTE RASO,C51L41,POINT (-61.205947348906925 -8.182251235864582)
2024,CORTE SELETIVO,C51L41,POINT (-61.16064741206852 -8.249951753088125)
2024,CORTE SELETIVO,C51L41,POINT (-61.15615455419305 -8.24545155255463)
2024,CORTE SELETIVO,C51L41,POINT (-61.16005127912219 -8.24374664976302)
2024,CORTE SELETIVO,C51L41,POINT (-61.16014646051543 -8.243651635479168)
2024,CORTE SELETIVO,C51L41,POINT (-61.16625003565378 -8.242651931421562)
2024,CORTE SELETIVO,C51L41,POINT (-61.16460543451267 -8.241753630508628)
2024,CORTE SELETIVO,C51L41,POINT (-61.160451666244825 -8.24165340127747)
2024,CORTE SELETIVO,C51L41,POINT (-61.16024917622842 -8.239348987961828)
2024,CORTE SELETIVO,C51L41,POINT (-61.12565114514347 -8.222557343455916)
2024,CORTE SELETIVO,C51L41,POINT (-61.12724740086702 -8.220047690139086)
2024,CORTE SELETIVO,C51L41,POINT (-61.12834587290679 -8.21824820371727)
2024,CORTE RASO,C51L41,POINT (-61.17394911066619 -8.10195428893018)
2024,CORTE RASO,C51L41,POINT (-61.17444610619145 -8.098853595410164)
2024,CORTE SELETIVO,C51L41,POINT (-61.114350159946284 -8.246646208602106)
2024,CORTE SELETIVO,C51L41,POINT (-61.114147609596486 -8.246147667359221)
2024,CORTE SELETIVO,C51L41,POINT (-61.11835396525859 -8.241748192919069)
2024,CORTE SELETIVO,C51L41,POINT (-61.11604764635523 -8.239251807877173)
2024,CORTE SELETIVO,C51L41,POINT (-61.10725196096873 -8.238051656729832)
2024,CORTE SELETIVO,C51L41,POINT (-61.10604868318877 -8.236250956665831)
2024,CORTE SELETIVO,C51L41,POINT (-61.11984929411681 -8.236047467389382)
2024,CORTE SELETIVO,C51L41,POINT (-61.12114883831871 -8.235647194824562)
2024,CORTE SELETIVO,C51L41,POINT (-61.1145483906238 -8.234846143642354)
2024,CORTE SELETIVO,C51L41,POINT (-61.114352100005185 -8.2335475156917)
2024,CORTE SELETIVO,C51L41,POINT (-61.11945041287452 -8.230150284843093)
2024,CORTE SELETIVO,C51L41,POINT (-61.12365288060933 -8.229051036887407)
2024,CORTE SELETIVO,C51L41,POINT (-61.11544673357047 -8.227247585065156)
2024,CORTE SELETIVO,C51L41,POINT (-61.1242500201374 -8.22655225083646)
2024,CORTE SELETIVO,C51L41,POINT (-61.115752693481106 -8.226452655775716)
2024,CORTE SELETIVO,C51L41,POINT (-61.12424591858388 -8.226352285182946)
2024,CORTE SELETIVO,C51L41,POINT (-61.12279841763849 -8.225953422724173)
2024,CORTE SELETIVO,C51L41,POINT (-61.123847599193255 -8.22594678407529)
2024,CORTE SELETIVO,C51L41,POINT (-61.116145406037155 -8.225048953705123)
2024,CORTE SELETIVO,C51L41,POINT (-61.11655369396213 -8.223945616579279)
2024,CORTE SELETIVO,C51L41,POINT (-61.11925275777257 -8.215647530650921)
2024,CORTE SELETIVO,C51L41,POINT (-61.22085234304232 -8.235549022811556)
2024,CORTE SELETIVO,C51L41,POINT (-61.220948399439216 -8.235449509612625)
2024,CORTE SELETIVO,C51L41,POINT (-61.21435147054898 -8.229847252520912)
2024,CORTE SELETIVO,C51L41,POINT (-61.203149934363985 -8.228445886785316)
2024,CORTE RASO,C51L41,POINT (-61.20774687115615 -8.211654783501759)
2024,CORTE RASO,C51L41,POINT (-61.19885082415046 -8.181691989149728)
2024,CORTE SELETIVO,C51L41,POINT (-61.14574743219757 -8.248847341447785)
2024,CORTE SELETIVO,C51L41,POINT (-61.15934788929093 -8.24544729403741)
2024,CORTE SELETIVO,C51L41,POINT (-61.109552866244336 -8.23974994798142)
2024,CORTE SELETIVO,C51L41,POINT (-61.10615339102028 -8.23625364306856)
2024,CORTE SELETIVO,C51L41,POINT (-61.1246471636836 -8.22684608796047)
2024,CORTE SELETIVO,C51L41,POINT (-61.21435184367121 -8.229947819344316)
2024,CORTE RASO,C51L41,POINT (-61.20905441594466 -8.19075122419102)
2024,CORTE RASO,C51L41,POINT (-61.200751713886085 -8.184751070814402)
2024,CORTE RASO,C51L41,POINT (-61.17455441094459 -8.101054018061669)
2024,CORTE SELETIVO,C51L41,POINT (-61.11464649659733 -8.231352405642687)
2024,CORTE SELETIVO,C51L41,POINT (-61.11674919073041 -8.223949492120925)
2024,CORTE SELETIVO,C51L41,POINT (-61.11655346901488 -8.22375392866169)
2024,CORTE SELETIVO,C51L41,POINT (-61.22095197412603 -8.235348354647728)
2024,CORTE RASO,C51L41,POINT (-61.21019943037296 -8.192150640957218)
2024,CORTE RASO,C51L41,POINT (-61.20945448160151 -8.190748702082898)
2024,CORTE RASO,C51L41,POINT (-61.20984813119566 -8.190368974927502)
2024,CORTE RASO,C51L41,POINT (-61.209447033478554 -8.189252389433468)
2024,CORTE RASO,C51L41,POINT (-61.20924877255056 -8.188622919934788)
2024,CORTE RASO,C51L41,POINT (-61.20984542566014 -8.188246945386187)
2024,CORTE RASO,C51L41,POINT (-61.20734616227387 -8.185445219308637)
2024,CORTE RASO,C51L41,POINT (-61.209323868323324 -8.185447851021909)
2024,CORTE RASO,C51L41,POINT (-61.209303956397974 -8.18514808980331)
2024,CORTE RASO,C51L41,POINT (-61.20945066143842 -8.184902729022935)
2024,CORTE RASO,C51L41,POINT (-61.20743163676122 -8.184822301961422)
2024,CORTE RASO,C51L41,POINT (-61.2073859993154 -8.18454653169124)
2024,CORTE RASO,C51L41,POINT (-61.207351900258985 -8.184351216812415)
2024,CORTE RASO,C51L41,POINT (-61.207234448884314 -8.183748618339441)
2024,CORTE RASO,C51L41,POINT (-61.20804872560803 -8.183545244371212)
2024,CORTE RASO,C51L41,POINT (-61.207353446015496 -8.183550860953993)
2024,CORTE RASO,C51L41,POINT (-61.209647966075785 -8.183048694882489)
2024,CORTE RASO,C51L41,POINT (-61.20765119475849 -8.18300352930419)
2024,CORTE RASO,C51L41,POINT (-61.207347548984 -8.18233496390943)
2024,CORTE RASO,C51L41,POINT (-61.207158606100485 -8.180650996334302)
2024,CORTE RASO,C51L41,POINT (-61.209748752365066 -8.179650369773004)
2024,CORTE RASO,C51L41,POINT (-61.205751731247375 -8.185249225661593)
2024,CORTE RASO,C51L41,POINT (-61.206550323167896 -8.18525146649731)
2024,CORTE RASO,C51L41,POINT (-61.20625296624917 -8.185235127188523)
2024,CORTE RASO,C51L41,POINT (-61.2065466893851 -8.184951680760674)
2024,CORTE RASO,C51L41,POINT (-61.206046940228475 -8.184851290643879)
2024,CORTE RASO,C51L41,POINT (-61.206568086058276 -8.184748187446987)
2024,CORTE RASO,C51L41,POINT (-61.20575170598043 -8.184753078754516)
2024,CORTE RASO,C51L41,POINT (-61.20715538205292 -8.184446346097523)
2024,CORTE RASO,C51L41,POINT (-61.20594704887123 -8.184608250841338)
2024,CORTE RASO,C51L41,POINT (-61.20574941971838 -8.1844518898348)
2024,CORTE RASO,C51L41,POINT (-61.20554591832675 -8.184453698204571)
2024,CORTE RASO,C51L41,POINT (-61.206552818065205 -8.184351390867574)
2024,CORTE RASO,C51L41,POINT (-61.205752616252994 -8.183947401136853)
2024,CORTE RASO,C51L41,POINT (-61.20602913888997 -8.183731485766833)
2024,CORTE RASO,C51L41,POINT (-61.206952271052806 -8.183748840152848)
2024,CORTE RASO,C51L41,POINT (-61.206363874985506 -8.183249002548228)
2024,CORTE RASO,C51L41,POINT (-61.20613473147717 -8.183246362423306)
2024,CORTE RASO,C51L41,POINT (-61.20699874957478 -8.183249061942593)
2024,CORTE RASO,C51L41,POINT (-61.206634809077215 -8.183151413839926)
2024,CORTE RASO,C51L41,POINT (-61.206249361764485 -8.18314640445839)
2024,CORTE RASO,C51L41,POINT (-61.206146623722894 -8.182954521232393)
2024,CORTE RASO,C51L41,POINT (-61.2068460797918 -8.182951846249933)
2024,CORTE RASO,C51L41,POINT (-61.20661159609132 -8.18284531033569)
2024,CORTE RASO,C51L41,POINT (-61.20696047360721 -8.18274953627565)
2024,CORTE RASO,C51L41,POINT (-61.206652474716286 -8.182053817779977)
2024,CORTE SELETIVO,C51L41,POINT (-61.199251445689434 -8.234654495672311)
2024,CORTE RASO,C51L41,POINT (-61.2055502213264 -8.185228008676857)
2024,CORTE RASO,C51L41,POINT (-61.20115058135548 -8.185016126071575)
2024,CORTE RASO,C51L41,POINT (-61.20495766352647 -8.184801080363213)
2024,CORTE RASO,C51L41,POINT (-61.20544657632884 -8.184620221010777)
2024,CORTE RASO,C51L41,POINT (-61.20024862619695 -8.184554652326467)
2024,CORTE RASO,C51L41,POINT (-61.204549665214365 -8.184497762271064)
2024,CORTE RASO,C51L41,POINT (-61.20523122415334 -8.184355152888926)
2024,CORTE RASO,C51L41,POINT (-61.199446161505215 -8.183952877123113)
2024,CORTE RASO,C51L41,POINT (-61.20534610091063 -8.184051718030322)
2024,CORTE RASO,C51L41,POINT (-61.20495207000915 -8.183546784880539)
2024,CORTE RASO,C51L41,POINT (-61.199220498179585 -8.182867635157972)
2024,CORTE SELETIVO,C51L41,POINT (-61.15975424029502 -8.24585396030948)
2024,CORTE SELETIVO,C51L41,POINT (-61.114152267488386 -8.243851876663761)
2024,CORTE SELETIVO,C51L41,POINT (-61.11264877453195 -8.238748442045196)
2024,CORTE SELETIVO,C51L41,POINT (-61.106146670469904 -8.236351844789432)
2024,CORTE SELETIVO,C51L41,POINT (-61.12194758829634 -8.227248110497358)
2024,CORTE SELETIVO,C51L41,POINT (-61.11964955951018 -8.216245632585165)
2024,CORTE RASO,C51L41,POINT (-61.17444790181057 -8.100752095077144)
2024,CORTE SELETIVO,C51L41,POINT (-61.21275433878814 -8.23034764224309)
2024,CORTE RASO,C51L41,POINT (-61.189753696166434 -8.11314745348425)
2024,CORTE SELETIVO,C51L41,POINT (-61.159347113170355 -8.245252045753304)
2024,CORTE RASO,C51L41,POINT (-61.17385415983173 -8.10224548176012)
2024,CORTE SELETIVO,C51L41,POINT (-61.221748301798634 -8.24074561115231)
2024,CORTE SELETIVO,C51L41,POINT (-61.22054853519682 -8.239954607500676)
2024,CORTE SELETIVO,C51L41,POINT (-61.21634718044997 -8.239809895996697)
2024,CORTE SELETIVO,C51L41,POINT (-61.20965355989506 -8.239149835979248)
2024,CORTE SELETIVO,C51L41,POINT (-61.21021332420436 -8.239050033504402)
2024,CORTE SELETIVO,C51L41,POINT (-61.22764758016334 -8.236452286537189)
2024,CORTE SELETIVO,C51L41,POINT (-61.22754694903256 -8.23355034154788)
2024,CORTE SELETIVO,C51L41,POINT (-61.22774832612005 -8.232551918404884)
2024,CORTE SELETIVO,C51L41,POINT (-61.21714909389928 -8.232450326003153)
2024,CORTE SELETIVO,C51L41,POINT (-61.21694796108596 -8.23234623524131)
2024,CORTE RASO,C51L41,POINT (-61.210353127539356 -8.19295049037835)
2024,CORTE RASO,C51L41,POINT (-61.20914168131561 -8.192347361067032)
2024,CORTE RASO,C51L41,POINT (-61.210248976280496 -8.192350028865167)
2024,CORTE RASO,C51L41,POINT (-61.209848358823415 -8.190851197915517)
2024,CORTE RASO,C51L41,POINT (-61.20934780768281 -8.1889998600358)
2024,CORTE RASO,C51L41,POINT (-61.20935338430409 -8.188552684185836)
2024,CORTE RASO,C51L41,POINT (-61.2100453843266 -8.187851785126087)
2024,CORTE RASO,C51L41,POINT (-61.20934626433951 -8.18525408547535)
2024,CORTE RASO,C51L41,POINT (-61.20924834556386 -8.184949007662727)
2024,CORTE RASO,C51L41,POINT (-61.20944831447927 -8.18355328786699)
2024,CORTE RASO,C51L41,POINT (-61.2080544860571 -8.183449141996103)
2024,CORTE RASO,C51L41,POINT (-61.20954929431739 -8.183423421527491)
2024,CORTE RASO,C51L41,POINT (-61.20745411301474 -8.183530288114913)
2024,CORTE RASO,C51L41,POINT (-61.20775156410527 -8.183299795616287)
2024,CORTE RASO,C51L41,POINT (-61.207946839908395 -8.183254060019024)
2024,CORTE RASO,C51L41,POINT (-61.20974970982909 -8.183076968504858)
2024,CORTE RASO,C51L41,POINT (-61.20775032620956 -8.183053487880766)
2024,CORTE RASO,C51L41,POINT (-61.20762832507127 -8.182760825805715)
2024,CORTE RASO,C51L41,POINT (-61.20725457672365 -8.182249644661125)
2024,CORTE RASO,C51L41,POINT (-61.20755108922027 -8.182448713719197)
2024,CORTE RASO,C51L41,POINT (-61.20767272032641 -8.18234928266222)
2024,CORTE RASO,C51L41,POINT (-61.20994413370795 -8.182182942520798)
2024,CORTE RASO,C51L41,POINT (-61.20845212303588 -8.181943914544824)
2024,CORTE RASO,C51L41,POINT (-61.2082464483163 -8.181646548697572)
2024,CORTE RASO,C51L41,POINT (-61.208348905402474 -8.181552331485223)
2024,CORTE RASO,C51L41,POINT (-61.20745445181477 -8.181152166042864)
2024,CORTE RASO,C51L41,POINT (-61.20754980562273 -8.180846334435179)
2024,CORTE RASO,C51L41,POINT (-61.20745023406945 -8.180650476737389)
2024,CORTE SELETIVO,C51L41,POINT (-61.205747806670026 -8.23294680472125)
2024,CORTE SELETIVO,C51L41,POINT (-61.20534879765094 -8.232945509561151)
2024,CORTE SELETIVO,C51L41,POINT (-61.2019463564422 -8.232753157035972)
2024,CORTE RASO,C51L41,POINT (-61.20648368675736 -8.18505312141147)
2024,CORTE RASO,C51L41,POINT (-61.201849462324546 -8.18504926153542)
2024,CORTE RASO,C51L41,POINT (-61.20696895695114 -8.184949976052904)
2024,CORTE RASO,C51L41,POINT (-61.2071537832544 -8.184847630234385)
2024,CORTE RASO,C51L41,POINT (-61.200752715268585 -8.184850174729542)
2024,CORTE RASO,C51L41,POINT (-61.20112161326082 -8.184765349818935)
2024,CORTE RASO,C51L41,POINT (-61.20155261901242 -8.184852161642794)
2024,CORTE RASO,C51L41,POINT (-61.204589947046564 -8.184737566007975)
2024,CORTE RASO,C51L41,POINT (-61.19974775612119 -8.184649793922729)
2024,CORTE RASO,C51L41,POINT (-61.20725200031589 -8.184696454296857)
2024,CORTE RASO,C51L41,POINT (-61.205248018022104 -8.184607153692047)
2024,CORTE RASO,C51L41,POINT (-61.20024541557029 -8.184447039157217)
2024,CORTE RASO,C51L41,POINT (-61.199953171602374 -8.184349894896444)
2024,CORTE RASO,C51L41,POINT (-61.20484751463273 -8.184351448787147)
2024,CORTE RASO,C51L41,POINT (-61.20655122688827 -8.184218917894084)
2024,CORTE RASO,C51L41,POINT (-61.19974999206933 -8.18414927345279)
2024,CORTE RASO,C51L41,POINT (-61.205850474705265 -8.184150485414994)
2024,CORTE RASO,C51L41,POINT (-61.20489288116477 -8.184127522549488)
2024,CORTE RASO,C51L41,POINT (-61.20705207851303 -8.183950353382064)
2024,CORTE RASO,C51L41,POINT (-61.20554561441333 -8.183948372970464)
2024,CORTE RASO,C51L41,POINT (-61.20595109330066 -8.183936671042762)
2024,CORTE RASO,C51L41,POINT (-61.20615234993798 -8.183941303012725)
2024,CORTE RASO,C51L41,POINT (-61.206646355689955 -8.183845577255202)
2024,CORTE RASO,C51L41,POINT (-61.206447261521625 -8.18374523655003)
2024,CORTE RASO,C51L41,POINT (-61.20684703406917 -8.183747835442178)
2024,CORTE RASO,C51L41,POINT (-61.205101915491575 -8.183682777250796)
2024,CORTE RASO,C51L41,POINT (-61.20624958310914 -8.183252658039157)
2024,CORTE RASO,C51L41,POINT (-61.20544837784238 -8.183145469041392)
2024,CORTE RASO,C51L41,POINT (-61.20704762993205 -8.18314996478238)
2024,CORTE RASO,C51L41,POINT (-61.20644322048666 -8.183154074952824)
2024,CORTE RASO,C51L41,POINT (-61.207248556573745 -8.183050878793967)
2024,CORTE RASO,C51L41,POINT (-61.20695115795516 -8.182944504831317)
2024,CORTE RASO,C51L41,POINT (-61.20605154704099 -8.182249109088486)
2024,CORTE RASO,C51L41,POINT (-61.20664984626203 -8.182153971939618)
2024,CORTE RASO,C51L41,POINT (-61.20654859696896 -8.182046701601875)
2024,CORTE RASO,C51L41,POINT (-61.206752439933744 -8.181053126936712)
2024,CORTE RASO,C51L41,POINT (-61.20684991504506 -8.180853874856734)
2024,CORTE RASO,C51L41,POINT (-61.207245838613346 -8.180847236329752)
2024,CORTE RASO,C51L41,POINT (-61.207052791843914 -8.180758338250437)
2024,CORTE SELETIVO,C51L41,POINT (-61.199252108401396 -8.234751039818764)
2024,CORTE SELETIVO,C51L41,POINT (-61.199045673526406 -8.23465250323097)
2024,CORTE SELETIVO,C51L41,POINT (-61.19955077561259 -8.23454922090198)
2024,CORTE RASO,C51L41,POINT (-61.19945036143268 -8.18484574548091)
2024,CORTE RASO,C51L41,POINT (-61.19954704514273 -8.184751152873668)
2024,CORTE RASO,C51L41,POINT (-61.19935172895749 -8.184750088656394)
2024,CORTE RASO,C51L41,POINT (-61.199247568487266 -8.184583775936364)
2024,CORTE RASO,C51L41,POINT (-61.199247808649254 -8.184249493348219)
2024,CORTE RASO,C51L41,POINT (-61.199045388017566 -8.18424548722088)
2024,CORTE RASO,C51L41,POINT (-61.19965305093843 -8.184046641294605)
2024,CORTE RASO,C51L41,POINT (-61.19954964048292 -8.1839001377065)
2024,CORTE RASO,C51L41,POINT (-61.19944799442072 -8.18374538236353)
2024,CORTE RASO,C51L41,POINT (-61.19895125773731 -8.183647757957155)
2024,CORTE RASO,C51L41,POINT (-61.199197264303 -8.183552709889701)
2024,CORTE RASO,C51L41,POINT (-61.19894424988773 -8.183350007043316)
2024,CORTE RASO,C51L41,POINT (-61.198752967218546 -8.183149895311795)
2024,CORTE RASO,C51L41,POINT (-61.19905351991397 -8.183151891492622)
2024,CORTE RASO,C51L41,POINT (-61.198850268612844 -8.182950887026106)
2024,CORTE RASO,C51L41,POINT (-61.199454238777065 -8.182547549450344)
2024,CORTE RASO,C51L41,POINT (-61.19924294207424 -8.18254148326178)
2024,CORTE RASO,C51L41,POINT (-61.1986474649673 -8.182071607531835)
2024,CORTE RASO,C51L41,POINT (-61.19900239931688 -8.18184700965345)
2024,CORTE RASO,C51L41,POINT (-61.17424841439891 -8.10135556769984)
2024,CORTE RASO,C51L41,POINT (-61.18025147493293 -8.099151845849269)
2024,CORTE RASO,C51L41,POINT (-61.175846044508525 -8.098351569352344)
2024,CORTE SELETIVO,C51L41,POINT (-61.16005034055015 -8.24955281269294)
2024,CORTE SELETIVO,C51L41,POINT (-61.160048979953224 -8.24775009367269)
2024,CORTE SELETIVO,C51L41,POINT (-61.16014964720207 -8.246353081019015)
2024,CORTE SELETIVO,C51L41,POINT (-61.15474704408083 -8.246352752614287)
2024,CORTE SELETIVO,C51L41,POINT (-61.15325265047745 -8.24635311319803)
2024,CORTE SELETIVO,C51L41,POINT (-61.16484804979565 -8.24534950383598)
2024,CORTE SELETIVO,C51L41,POINT (-61.16024598102432 -8.24425431531664)
2024,CORTE SELETIVO,C51L41,POINT (-61.16005254642319 -8.24415269490557)
2024,CORTE SELETIVO,C51L41,POINT (-61.16004781734923 -8.243946078787902)
2024,CORTE SELETIVO,C51L41,POINT (-61.15765081379784 -8.243746637016185)
2024,CORTE SELETIVO,C51L41,POINT (-61.16034580061387 -8.242351455541407)
2024,CORTE SELETIVO,C51L41,POINT (-61.16034695110826 -8.24164662380584)
2024,CORTE SELETIVO,C51L41,POINT (-61.12114949675439 -8.235550976530378)
2024,CORTE SELETIVO,C51L41,POINT (-61.117851777369296 -8.230653745119165)
2024,CORTE SELETIVO,C51L41,POINT (-61.12164914406745 -8.227353332006398)
2024,CORTE SELETIVO,C51L41,POINT (-61.121745655821144 -8.227254669843802)
2024,CORTE SELETIVO,C51L41,POINT (-61.12185066408058 -8.225654345715052)
2024,CORTE SELETIVO,C51L41,POINT (-61.122646497477966 -8.22524842507202)
2024,CORTE SELETIVO,C51L41,POINT (-61.11784812344022 -8.223247912910283)
2024,CORTE SELETIVO,C51L41,POINT (-61.117853543299844 -8.22304618539329)
2024,CORTE SELETIVO,C51L41,POINT (-61.11794841568203 -8.222749278358613)
2024,CORTE SELETIVO,C51L41,POINT (-61.125947739779534 -8.222753905954221)
2024,CORTE SELETIVO,C51L41,POINT (-61.12465106800587 -8.21964605970616)
2024,CORTE SELETIVO,C51L41,POINT (-61.128148188416795 -8.218251470347834)
2024,CORTE SELETIVO,C51L41,POINT (-61.12634856713477 -8.217751362907187)
2024,CORTE SELETIVO,C51L41,POINT (-61.12664731743289 -8.217753179560257)
2024,CORTE SELETIVO,C51L41,POINT (-61.12655352917387 -8.21764829355931)
2024,CORTE SELETIVO,C51L41,POINT (-61.12425430742859 -8.217152571016866)
2024,CORTE SELETIVO,C51L41,POINT (-61.11565179794511 -8.247152382567995)
2024,CORTE SELETIVO,C51L41,POINT (-61.114252342632476 -8.246348776087865)
2024,CORTE SELETIVO,C51L41,POINT (-61.11225019910134 -8.244947623830067)
2024,CORTE SELETIVO,C51L41,POINT (-61.112551980400305 -8.24495224924282)
2024,CORTE SELETIVO,C51L41,POINT (-61.11245054082579 -8.24485158461528)
2024,CORTE SELETIVO,C51L41,POINT (-61.113348380427404 -8.24365827807944)
2024,CORTE SELETIVO,C51L41,POINT (-61.111648776555 -8.241651056993524)
2024,CORTE SELETIVO,C51L41,POINT (-61.11614904521765 -8.239450655287635)
2024,CORTE SELETIVO,C51L41,POINT (-61.11244953401847 -8.238845441270676)
2024,CORTE SELETIVO,C51L41,POINT (-61.11275075210239 -8.238791576764761)
2024,CORTE SELETIVO,C51L41,POINT (-61.11254927428373 -8.238754461561363)
2024,CORTE SELETIVO,C51L41,POINT (-61.11545000160618 -8.238650563935137)
2024,CORTE SELETIVO,C51L41,POINT (-61.1131526818645 -8.23764928581213)
2024,CORTE SELETIVO,C51L41,POINT (-61.10585023755565 -8.237448906652485)
2024,CORTE SELETIVO,C51L41,POINT (-61.11310561349258 -8.237147916555614)
2024,CORTE SELETIVO,C51L41,POINT (-61.11365313691279 -8.236746540741269)
2024,CORTE SELETIVO,C51L41,POINT (-61.117453601830114 -8.235552237558425)
2024,CORTE SELETIVO,C51L41,POINT (-61.114551902149614 -8.235251432164574)
2024,CORTE SELETIVO,C51L41,POINT (-61.11475145541697 -8.235152249993488)
2024,CORTE SELETIVO,C51L41,POINT (-61.11455418835354 -8.23495012494975)
2024,CORTE SELETIVO,C51L41,POINT (-61.114251027523785 -8.233253927811298)
2024,CORTE SELETIVO,C51L41,POINT (-61.104151478114545 -8.232751210971434)
2024,CORTE SELETIVO,C51L41,POINT (-61.11674776541401 -8.230752187574558)
2024,CORTE SELETIVO,C51L41,POINT (-61.11575274564765 -8.230248781521688)
2024,CORTE SELETIVO,C51L41,POINT (-61.116747934646554 -8.229947163800508)
2024,CORTE SELETIVO,C51L41,POINT (-61.11525241243089 -8.22945053417268)
2024,CORTE SELETIVO,C51L41,POINT (-61.11554678310406 -8.228252852747511)
2024,CORTE SELETIVO,C51L41,POINT (-61.11565042834246 -8.226753271974909)
2024,CORTE SELETIVO,C51L41,POINT (-61.115949722868834 -8.226548602540753)
2024,CORTE SELETIVO,C51L41,POINT (-61.11635146499206 -8.224351922741366)
2024,CORTE SELETIVO,C51L41,POINT (-61.11645394971246 -8.22415042982054)
2024,CORTE SELETIVO,C51L41,POINT (-61.20714604769614 -8.233852158758426)
2024,CORTE SELETIVO,C51L41,POINT (-61.20335397745684 -8.229553585405826)
2024,CORTE SELETIVO,C51L41,POINT (-61.10964886952261 -8.239746522107367)
2024,CORTE SELETIVO,C51L41,POINT (-61.106052352360045 -8.236054490457182)
2024,CORTE SELETIVO,C51L41,POINT (-61.1236514128965 -8.22154842789804)
2024,CORTE SELETIVO,C51L41,POINT (-61.21974796110408 -8.244554279834999)
2024,CORTE SELETIVO,C51L41,POINT (-61.22425385650925 -8.244149529246394)
2024,CORTE SELETIVO,C51L41,POINT (-61.216251318543804 -8.242845790075718)
2024,CORTE SELETIVO,C51L41,POINT (-61.2162318326952 -8.242389803720647)
2024,CORTE SELETIVO,C51L41,POINT (-61.2166491839748 -8.24154692192623)
2024,CORTE SELETIVO,C51L41,POINT (-61.22234996163922 -8.24015315241263)
2024,CORTE SELETIVO,C51L41,POINT (-61.22404921440573 -8.240051094459508)
2024,CORTE SELETIVO,C51L41,POINT (-61.210350453651856 -8.239147818250059)
2024,CORTE SELETIVO,C51L41,POINT (-61.223054246113115 -8.23688104805884)
2024,CORTE SELETIVO,C51L41,POINT (-61.227851525477135 -8.236250223656945)
2024,CORTE SELETIVO,C51L41,POINT (-61.21566680928883 -8.235946862689726)
2024,CORTE SELETIVO,C51L41,POINT (-61.219549526974035 -8.23515078145934)
2024,CORTE SELETIVO,C51L41,POINT (-61.22029810470432 -8.235054332691627)
2024,CORTE SELETIVO,C51L41,POINT (-61.212945787229074 -8.23494544456396)
2024,CORTE SELETIVO,C51L41,POINT (-61.219649514938695 -8.235014413318549)
2024,CORTE SELETIVO,C51L41,POINT (-61.213750327675314 -8.234149817422729)
2024,CORTE SELETIVO,C51L41,POINT (-61.2136522861522 -8.23375332747616)
2024,CORTE SELETIVO,C51L41,POINT (-61.2172456003082 -8.232450918052825)
2024,CORTE SELETIVO,C51L41,POINT (-61.215651794505625 -8.23234794042169)
2024,CORTE SELETIVO,C51L41,POINT (-61.22214771316875 -8.23235441167935)
2024,CORTE SELETIVO,C51L41,POINT (-61.217348452587075 -8.232351101200296)
2024,CORTE SELETIVO,C51L41,POINT (-61.216884650888545 -8.231950347463542)
2024,CORTE SELETIVO,C51L41,POINT (-61.22144546949348 -8.231015813916672)
2024,CORTE SELETIVO,C51L41,POINT (-61.22347031408769 -8.230611788221278)
2024,CORTE SELETIVO,C51L41,POINT (-61.21265425021669 -8.230349642715437)
2024,CORTE SELETIVO,C51L41,POINT (-61.223249288721625 -8.229554343212234)
2024,CORTE SELETIVO,C51L41,POINT (-61.21634601285173 -8.22904939180621)
2024,CORTE RASO,C51L41,POINT (-61.21037058685369 -8.193125427953944)
2024,CORTE RASO,C51L41,POINT (-61.21085455225825 -8.186647507497296)
2024,CORTE RASO,C51L41,POINT (-61.21084863078056 -8.18643810345867)
2024,CORTE RASO,C51L41,POINT (-61.210654369351325 -8.186153655945178)
2024,CORTE SELETIVO,C51L41,POINT (-61.21004901909712 -8.232046251108107)
2024,CORTE SELETIVO,C51L41,POINT (-61.20974550080745 -8.228948662848696)
2024,CORTE RASO,C51L41,POINT (-61.209852231345415 -8.193091683704512)
2024,CORTE RASO,C51L41,POINT (-61.209255447073986 -8.192760240963764)
2024,CORTE RASO,C51L41,POINT (-61.20984846205902 -8.192705104063656)
2024,CORTE RASO,C51L41,POINT (-61.20910450719914 -8.192585250925426)
2024,CORTE RASO,C51L41,POINT (-61.210149204520924 -8.192304808838355)
2024,CORTE RASO,C51L41,POINT (-61.209053135115475 -8.192251862400376)
2024,CORTE RASO,C51L41,POINT (-61.2092522914114 -8.191665413814594)
2024,CORTE RASO,C51L41,POINT (-61.20884600338276 -8.191646359718014)
2024,CORTE RASO,C51L41,POINT (-61.210147990674244 -8.191549141340705)
2024,CORTE RASO,C51L41,POINT (-61.20934810674763 -8.191351545870724)
2024,CORTE RASO,C51L41,POINT (-61.20944983550327 -8.19117933185373)
2024,CORTE RASO,C51L41,POINT (-61.2099502508754 -8.19094953676841)
2024,CORTE RASO,C51L41,POINT (-61.20950671517509 -8.190950516862936)
2024,CORTE RASO,C51L41,POINT (-61.20920540214783 -8.190746455498118)
2024,CORTE RASO,C51L41,POINT (-61.20988494645029 -8.190555441769174)
2024,CORTE RASO,C51L41,POINT (-61.209949023602185 -8.19034847418016)
2024,CORTE RASO,C51L41,POINT (-61.20971549251253 -8.190147598174933)
2024,CORTE RASO,C51L41,POINT (-61.209451401788186 -8.189348851836387)
2024,CORTE RASO,C51L41,POINT (-61.209546712609445 -8.189251752500995)
2024,CORTE RASO,C51L41,POINT (-61.20945352558307 -8.18906570311485)
2024,CORTE RASO,C51L41,POINT (-61.209306227538065 -8.188853214865649)
2024,CORTE RASO,C51L41,POINT (-61.20945407828686 -8.188561187545453)
2024,CORTE RASO,C51L41,POINT (-61.2098456408336 -8.18835019555274)
2024,CORTE RASO,C51L41,POINT (-61.21005135367877 -8.187948481480696)
2024,CORTE RASO,C51L41,POINT (-61.210349004408265 -8.187645221627964)
2024,CORTE RASO,C51L41,POINT (-61.20955077539234 -8.186253487941181)
2024,CORTE RASO,C51L41,POINT (-61.210260512635465 -8.185905612645056)
2024,CORTE RASO,C51L41,POINT (-61.209507686664985 -8.185364339262636)
2024,CORTE RASO,C51L41,POINT (-61.209546747615896 -8.184846178673558)
2024,CORTE RASO,C51L41,POINT (-61.20944881099338 -8.184747781865259)
2024,CORTE RASO,C51L41,POINT (-61.20954553380297 -8.184654131335469)
2024,CORTE RASO,C51L41,POINT (-61.20764974358571 -8.184556437069029)
2024,CORTE RASO,C51L41,POINT (-61.209550462584886 -8.184048332404538)
2024,CORTE RASO,C51L41,POINT (-61.20964564439415 -8.183948572054039)
2024,CORTE RASO,C51L41,POINT (-61.20944941917888 -8.18385083626676)
2024,CORTE RASO,C51L41,POINT (-61.20964685505361 -8.183621223050153)
2024,CORTE RASO,C51L41,POINT (-61.20780960912581 -8.183639271324026)
2024,CORTE RASO,C51L41,POINT (-61.20754895334166 -8.183351465272047)
2024,CORTE RASO,C51L41,POINT (-61.20774857151192 -8.183145424994626)
2024,CORTE RASO,C51L41,POINT (-61.208948017471684 -8.182752129805218)
2024,CORTE RASO,C51L41,POINT (-61.20771053425613 -8.182519269202775)
2024,CORTE RASO,C51L41,POINT (-61.20863356881352 -8.182353643699289)
2024,CORTE RASO,C51L41,POINT (-61.208305224032536 -8.182354212703114)
2024,CORTE RASO,C51L41,POINT (-61.20774570964185 -8.182151948230079)
2024,CORTE RASO,C51L41,POINT (-61.209927369646216 -8.182038117843014)
2024,CORTE RASO,C51L41,POINT (-61.20832111758542 -8.181854100253398)
2024,CORTE RASO,C51L41,POINT (-61.20854799961105 -8.181783365403353)
2024,CORTE RASO,C51L41,POINT (-61.208103776463055 -8.181746453158148)
2024,CORTE RASO,C51L41,POINT (-61.2098488969873 -8.181403204031703)
2024,CORTE RASO,C51L41,POINT (-61.210066028040906 -8.181150145713302)
2024,CORTE RASO,C51L41,POINT (-61.21004920738789 -8.18084760353855)
2024,CORTE RASO,C51L41,POINT (-61.20774673888406 -8.18083446746208)
2024,CORTE RASO,C51L41,POINT (-61.207947439566546 -8.180314310624315)
2024,CORTE RASO,C51L41,POINT (-61.20764805142832 -8.180247397433838)
2024,CORTE RASO,C51L41,POINT (-61.20804571057165 -8.18015436588016)
2024,CORTE RASO,C51L41,POINT (-61.20834873506913 -8.180099618005842)
2024,CORTE RASO,C51L41,POINT (-61.209950512529275 -8.179852125643837)
2024,CORTE RASO,C51L41,POINT (-61.209947706696454 -8.179649796055656)
2024,CORTE RASO,C51L41,POINT (-61.20970518156036 -8.17955247472554)
2024,CORTE RASO,C51L41,POINT (-61.20857491869175 -8.179441965968222)
2024,CORTE RASO,C51L41,POINT (-61.20794033949046 -8.179191044207485)
2024,CORTE SELETIVO,C51L41,POINT (-61.2045477658685 -8.247464644646708)
2024,CORTE SELETIVO,C51L41,POINT (-61.20404833310865 -8.247448934609883)
2024,CORTE SELETIVO,C51L41,POINT (-61.207046961633466 -8.245598177729551)
2024,CORTE SELETIVO,C51L41,POINT (-61.20355066108685 -8.244548875941234)
2024,CORTE SELETIVO,C51L41,POINT (-61.20505317046407 -8.24054650777309)
2024,CORTE SELETIVO,C51L41,POINT (-61.20195404716191 -8.238348448387216)
2024,CORTE SELETIVO,C51L41,POINT (-61.20475323749618 -8.235001537292927)
2024,CORTE SELETIVO,C51L41,POINT (-61.19954720212681 -8.234753943051869)
2024,CORTE SELETIVO,C51L41,POINT (-61.2058757097954 -8.232951728653562)
2024,CORTE SELETIVO,C51L41,POINT (-61.2011488295167 -8.232752940905206)
2024,CORTE SELETIVO,C51L41,POINT (-61.204647631902105 -8.228652779470156)
2024,CORTE RASO,C51L41,POINT (-61.2044511961772 -8.209646776741332)
2024,CORTE RASO,C51L41,POINT (-61.20598195405908 -8.18531040491628)
2024,CORTE RASO,C51L41,POINT (-61.201152366829156 -8.18514869443088)
2024,CORTE RASO,C51L41,POINT (-61.20361085776362 -8.185066687966929)
2024,CORTE RASO,C51L41,POINT (-61.20181510274691 -8.18515314443119)
2024,CORTE RASO,C51L41,POINT (-61.20424805557472 -8.184952484906056)
2024,CORTE RASO,C51L41,POINT (-61.200566936460724 -8.184857759959355)
2024,CORTE RASO,C51L41,POINT (-61.20144148742336 -8.184813863752117)
2024,CORTE RASO,C51L41,POINT (-61.20444788907636 -8.184825124423226)
2024,CORTE RASO,C51L41,POINT (-61.20615461274389 -8.184798043563424)
2024,CORTE RASO,C51L41,POINT (-61.20686739865896 -8.184407808332537)
2024,CORTE RASO,C51L41,POINT (-61.20514569787124 -8.183888303423108)
2024,CORTE RASO,C51L41,POINT (-61.205053506226434 -8.184452434408144)
2024,CORTE RASO,C51L41,POINT (-61.20663670142905 -8.184443381009551)
2024,CORTE RASO,C51L41,POINT (-61.20534982688496 -8.184248189074864)
2024,CORTE RASO,C51L41,POINT (-61.204750218844296 -8.18425317961957)
2024,CORTE RASO,C51L41,POINT (-61.199953194488465 -8.18407962487844)
2024,CORTE RASO,C51L41,POINT (-61.20664962542539 -8.184147818812486)
2024,CORTE RASO,C51L41,POINT (-61.20715367769394 -8.184152590288623)
2024,CORTE RASO,C51L41,POINT (-61.206789641702755 -8.183941023216454)
2024,CORTE RASO,C51L41,POINT (-61.20721357156637 -8.183852284433154)
2024,CORTE RASO,C51L41,POINT (-61.204749082585806 -8.183847187941819)
2024,CORTE RASO,C51L41,POINT (-61.19967400851345 -8.18391770031688)
2024,CORTE RASO,C51L41,POINT (-61.20524575004423 -8.183453075544117)
2024,CORTE RASO,C51L41,POINT (-61.20735413581664 -8.183451790814981)
2024,CORTE RASO,C51L41,POINT (-61.20714995965198 -8.183448397955619)
2024,CORTE RASO,C51L41,POINT (-61.20560448031595 -8.183287061871)
2024,CORTE RASO,C51L41,POINT (-61.207247936003974 -8.18322138758942)
2024,CORTE RASO,C51L41,POINT (-61.20654717484175 -8.183006280505264)
2024,CORTE RASO,C51L41,POINT (-61.20677446016118 -8.182860098438242)
2024,CORTE RASO,C51L41,POINT (-61.207147394145885 -8.182845473793442)
2024,CORTE RASO,C51L41,POINT (-61.20612556704325 -8.182650136995905)
2024,CORTE RASO,C51L41,POINT (-61.20704944525574 -8.182650152285058)
2024,CORTE RASO,C51L41,POINT (-61.20725160359366 -8.18245440761262)
2024,CORTE RASO,C51L41,POINT (-61.20684658812298 -8.182393144094329)
2024,CORTE RASO,C51L41,POINT (-61.2063495901499 -8.182245705839794)
2024,CORTE RASO,C51L41,POINT (-61.20744718256991 -8.182091191590994)
2024,CORTE RASO,C51L41,POINT (-61.206554563221104 -8.18214785617835)
2024,CORTE RASO,C51L41,POINT (-61.2067465488704 -8.18114581234687)
2024,CORTE RASO,C51L41,POINT (-61.20692850848035 -8.18096066147538)
2024,CORTE RASO,C51L41,POINT (-61.20754878039696 -8.180746852004155)
2024,CORTE RASO,C51L41,POINT (-61.20735171337057 -8.18065193485429)
2024,CORTE RASO,C51L41,POINT (-61.20735171006531 -8.17904956931533)
2024,CORTE RASO,C51L41,POINT (-61.20715105664923 -8.178854692598824)
2024,CORTE SELETIVO,C51L41,POINT (-61.195152591304335 -8.239949349307308)
2024,CORTE SELETIVO,C51L41,POINT (-61.19945131978649 -8.234553202600658)
2024,CORTE SELETIVO,C51L41,POINT (-61.19915351221303 -8.234151190226784)
2024,CORTE SELETIVO,C51L41,POINT (-61.198946972490106 -8.23414730625823)
2024,CORTE RASO,C51L41,POINT (-61.19940447080708 -8.184569595358314)
2024,CORTE RASO,C51L41,POINT (-61.19940333537965 -8.184146627074005)
2024,CORTE RASO,C51L41,POINT (-61.199420529313834 -8.183354191382408)
2024,CORTE RASO,C51L41,POINT (-61.19941164028586 -8.182788549238609)
2024,CORTE RASO,C51L41,POINT (-61.199151379142336 -8.182251655657618)
2024,CORTE RASO,C51L41,POINT (-61.19894762269381 -8.181950503686663)
2024,CORTE RASO,C51L41,POINT (-61.19895085832617 -8.181476801302374)
2024,CORTE RASO,C51L41,POINT (-61.17735286558424 -8.103354524440201)
2024,CORTE RASO,C51L41,POINT (-61.17625170531073 -8.10331179225589)
2024,CORTE RASO,C51L41,POINT (-61.17734563595621 -8.10304956210928)
2024,CORTE RASO,C51L41,POINT (-61.17839994981298 -8.102048489096864)
2024,CORTE RASO,C51L41,POINT (-61.17564739566126 -8.101651287454095)
2024,CORTE SELETIVO,C51L41,POINT (-61.1605517910197 -8.2497465579515)
2024,CORTE SELETIVO,C51L41,POINT (-61.16015389618898 -8.248946926643878)
2024,CORTE SELETIVO,C51L41,POINT (-61.16014723453575 -8.248453369136506)
2024,CORTE SELETIVO,C51L41,POINT (-61.16045011323633 -8.247453960718975)
2024,CORTE SELETIVO,C51L41,POINT (-61.14396964166213 -8.24724440023678)
2024,CORTE SELETIVO,C51L41,POINT (-61.155148408113206 -8.246954724911372)
2024,CORTE SELETIVO,C51L41,POINT (-61.16035225436759 -8.245861200269735)
2024,CORTE SELETIVO,C51L41,POINT (-61.16515328882585 -8.24535348943527)
2024,CORTE SELETIVO,C51L41,POINT (-61.159445894699275 -8.24525027190435)
2024,CORTE SELETIVO,C51L41,POINT (-61.164548552171766 -8.245050606665686)
2024,CORTE SELETIVO,C51L41,POINT (-61.1542531872096 -8.244648158792858)
2024,CORTE SELETIVO,C51L41,POINT (-61.14878578642702 -8.242854310625127)
2024,CORTE SELETIVO,C51L41,POINT (-61.15934873017859 -8.241646667149684)
2024,CORTE SELETIVO,C51L41,POINT (-61.15635076421907 -8.241452686430998)
2024,CORTE SELETIVO,C51L41,POINT (-61.1608471366035 -8.241150881941794)
2024,CORTE SELETIVO,C51L41,POINT (-61.16045319758207 -8.240650815284187)
2024,CORTE SELETIVO,C51L41,POINT (-61.16058164948923 -8.2403493544678)
2024,CORTE SELETIVO,C51L41,POINT (-61.160452694694435 -8.240046996364827)
2024,CORTE SELETIVO,C51L41,POINT (-61.16045197529591 -8.239552059163445)
2024,CORTE SELETIVO,C51L41,POINT (-61.171753065114245 -8.198345740618226)
2024,CORTE SELETIVO,C51L41,POINT (-61.158350161347315 -8.114550770136605)
2024,CORTE RASO,C51L41,POINT (-61.17384831294971 -8.102153038915592)
2024,CORTE RASO,C51L41,POINT (-61.174650543450284 -8.10114576460047)
2024,CORTE SELETIVO,C51L41,POINT (-61.11815402028099 -8.241752801431126)
2024,CORTE SELETIVO,C51L41,POINT (-61.11805280031858 -8.241443615196253)
2024,CORTE SELETIVO,C51L41,POINT (-61.118340485140365 -8.241405033357298)
2024,CORTE SELETIVO,C51L41,POINT (-61.13967564196073 -8.240651166890393)
2024,CORTE SELETIVO,C51L41,POINT (-61.11724575875854 -8.233046363896888)
2024,CORTE SELETIVO,C51L41,POINT (-61.12184842269184 -8.233002870908198)
2024,CORTE SELETIVO,C51L41,POINT (-61.12185206637494 -8.232552735379397)
2024,CORTE SELETIVO,C51L41,POINT (-61.116547553737966 -8.231053806408251)
2024,CORTE SELETIVO,C51L41,POINT (-61.12125353397442 -8.229680516435584)
2024,CORTE SELETIVO,C51L41,POINT (-61.12364716111449 -8.228949967298368)
2024,CORTE SELETIVO,C51L41,POINT (-61.12375221417478 -8.228546098205776)
2024,CORTE SELETIVO,C51L41,POINT (-61.123851214539506 -8.2284459568013)
2024,CORTE SELETIVO,C51L41,POINT (-61.12409487411736 -8.226044128008299)
2024,CORTE SELETIVO,C51L41,POINT (-61.12477675416999 -8.224374435710295)
2024,CORTE SELETIVO,C51L41,POINT (-61.11659634828205 -8.224053792437129)
2024,CORTE SELETIVO,C51L41,POINT (-61.12235337713934 -8.223554099356303)
2024,CORTE SELETIVO,C51L41,POINT (-61.12575354238367 -8.222750841265675)
2024,CORTE SELETIVO,C51L41,POINT (-61.11705163500583 -8.222153695309688)
2024,CORTE SELETIVO,C51L41,POINT (-61.118809334640105 -8.221971478639107)
2024,CORTE SELETIVO,C51L41,POINT (-61.124946797536126 -8.220246068091217)
2024,CORTE SELETIVO,C51L41,POINT (-61.11883760649246 -8.218882881783516)
2024,CORTE SELETIVO,C51L41,POINT (-61.12824989641285 -8.218247226457388)
2024,CORTE SELETIVO,C51L41,POINT (-61.12595112626299 -8.217450873145086)
2024,CORTE SELETIVO,C51L41,POINT (-61.124447986199975 -8.217248836983316)
2024,CORTE SELETIVO,C51L41,POINT (-61.118445529108975 -8.21693600009579)
2024,CORTE SELETIVO,C51L41,POINT (-61.11615165651899 -8.247071203650435)
2024,CORTE SELETIVO,C51L41,POINT (-61.11595008680965 -8.246915567147653)
2024,CORTE SELETIVO,C51L41,POINT (-61.116157566625304 -8.246652554828696)
2024,CORTE SELETIVO,C51L41,POINT (-61.11395025558073 -8.24255338163786)
2024,CORTE SELETIVO,C51L41,POINT (-61.11364951151188 -8.24035890168324)
2024,CORTE SELETIVO,C51L41,POINT (-61.1133534965045 -8.240352880279527)
2024,CORTE SELETIVO,C51L41,POINT (-61.11384407144096 -8.240254390878132)
2024,CORTE SELETIVO,C51L41,POINT (-61.10954910480739 -8.239845791096517)
2024,CORTE SELETIVO,C51L41,POINT (-61.112946064629476 -8.239746819345175)
2024,CORTE SELETIVO,C51L41,POINT (-61.11305196193918 -8.239650385223461)
2024,CORTE SELETIVO,C51L41,POINT (-61.10955472717968 -8.239150079814728)
2024,CORTE SELETIVO,C51L41,POINT (-61.11609131790838 -8.238847140214986)
2024,CORTE SELETIVO,C51L41,POINT (-61.11275109216611 -8.238254818280637)
2024,CORTE SELETIVO,C51L41,POINT (-61.110953654385774 -8.238151067506926)
2024,CORTE SELETIVO,C51L41,POINT (-61.110911007766816 -8.237670427258495)
2024,CORTE SELETIVO,C51L41,POINT (-61.113253093103694 -8.237550265817456)
2024,CORTE SELETIVO,C51L41,POINT (-61.11345154995293 -8.236947984133757)
2024,CORTE SELETIVO,C51L41,POINT (-61.113551903701484 -8.236454637497829)
2024,CORTE SELETIVO,C51L41,POINT (-61.106150026454905 -8.236148538255923)
2024,CORTE SELETIVO,C51L41,POINT (-61.114848957541035 -8.235847497858096)
2024,CORTE SELETIVO,C51L41,POINT (-61.114621241829916 -8.235565972654964)
2024,CORTE SELETIVO,C51L41,POINT (-61.114547404784936 -8.234647543322835)
2024,CORTE SELETIVO,C51L41,POINT (-61.10616914625044 -8.233146037187566)
2024,CORTE SELETIVO,C51L41,POINT (-61.11644772734648 -8.231154054038258)
2024,CORTE SELETIVO,C51L41,POINT (-61.114848930123955 -8.230949498516722)
2024,CORTE SELETIVO,C51L41,POINT (-61.114946220512024 -8.230652582599722)
2024,CORTE SELETIVO,C51L41,POINT (-61.11545139045174 -8.230165080246064)
2024,CORTE SELETIVO,C51L41,POINT (-61.11513174364445 -8.230053657726769)
2024,CORTE SELETIVO,C51L41,POINT (-61.115351511076454 -8.23004922848095)
2024,CORTE SELETIVO,C51L41,POINT (-61.11524662162167 -8.229950165417801)
2024,CORTE SELETIVO,C51L41,POINT (-61.11515396989362 -8.229853469405803)
2024,CORTE SELETIVO,C51L41,POINT (-61.1134471568537 -8.229752676137446)
2024,CORTE SELETIVO,C51L41,POINT (-61.11624541030433 -8.225478059235284)
2024,CORTE SELETIVO,C51L41,POINT (-61.11635374130275 -8.224549076888078)
2024,CORTE SELETIVO,C51L41,POINT (-61.116532643634834 -8.223846128377597)
2024,CORTE SELETIVO,C51L41,POINT (-61.204148108471585 -8.247454047090839)
2024,CORTE SELETIVO,C51L41,POINT (-61.215751445808735 -8.236153525171856)
2024,CORTE SELETIVO,C51L41,POINT (-61.21584765801237 -8.236053851294217)
2024,CORTE SELETIVO,C51L41,POINT (-61.22075028090269 -8.235648550357523)
2024,CORTE SELETIVO,C51L41,POINT (-61.22085155216493 -8.235300908875871)
2024,CORTE SELETIVO,C51L41,POINT (-61.221104265958225 -8.23514957541767)
2024,CORTE SELETIVO,C51L41,POINT (-61.22467031513393 -8.234349186917411)
2024,CORTE SELETIVO,C51L41,POINT (-61.224450648933825 -8.23425262451916)
2024,CORTE SELETIVO,C51L41,POINT (-61.2229507876712 -8.230451483387679)
2024,CORTE SELETIVO,C51L41,POINT (-61.22315122389936 -8.23034608231749)
2024,CORTE SELETIVO,C51L41,POINT (-61.213653474776834 -8.228951876659956)
2024,CORTE SELETIVO,C51L41,POINT (-61.203053295836185 -8.228451454290749)
2024,CORTE RASO,C51L41,POINT (-61.20544873681552 -8.18404878492738)
2024,CORTE SELETIVO,C51L41,POINT (-61.17355253258449 -8.193847048196263)
2024,CORTE RASO,C51L41,POINT (-61.17444817217203 -8.099645678122503)
2024,CORTE SELETIVO,C51L41,POINT (-61.109451530820145 -8.239654416177506)
2024,CORTE SELETIVO,C51L41,POINT (-61.112847268166206 -8.237346407522317)
2024,CORTE SELETIVO,C51L41,POINT (-61.1136527776092 -8.236854402571563)
2024,CORTE SELETIVO,C51L41,POINT (-61.0968538253607 -8.23212312460533)
2024,CORTE SELETIVO,C51L41,POINT (-61.096950534148945 -8.231922391729388)
2024,CORTE SELETIVO,C51L41,POINT (-61.124651428896385 -8.22674825745695)
2024,CORTE SELETIVO,C51L41,POINT (-61.11664733459134 -8.224148862642917)
2024,CORTE SELETIVO,C51L41,POINT (-61.116679213904504 -8.22385151082253)
2024,CORTE SELETIVO,C51L41,POINT (-61.17135291219713 -8.198254545360724)
2024,CORTE SELETIVO,C51L41,POINT (-61.22075241874472 -8.235549548301256)
2024,CORTE RASO,C51L41,POINT (-61.209848725136446 -8.190249749384666)
2024,CORTE RASO,C51L41,POINT (-61.20974728387703 -8.189850378387076)
2024,CORTE RASO,C51L41,POINT (-61.210253143493105 -8.187647663463409)
2024,CORTE RASO,C51L41,POINT (-61.209347775368215 -8.185554738854107)
2024,CORTE RASO,C51L41,POINT (-61.209848538650874 -8.185547199903668)
2024,CORTE RASO,C51L41,POINT (-61.20964972864846 -8.185415355907733)
2024,CORTE RASO,C51L41,POINT (-61.209554383821455 -8.185045743782602)
2024,CORTE RASO,C51L41,POINT (-61.208848786283035 -8.184450316332025)
2024,CORTE RASO,C51L41,POINT (-61.20955393637873 -8.184146346128596)
2024,CORTE RASO,C51L41,POINT (-61.207552240648425 -8.183246206423533)
2024,CORTE RASO,C51L41,POINT (-61.207346965693766 -8.183197869223937)
2024,CORTE RASO,C51L41,POINT (-61.207548888035966 -8.182554489864664)
2024,CORTE RASO,C51L41,POINT (-61.208445759998256 -8.182352419855322)
2024,CORTE RASO,C51L41,POINT (-61.207749794074154 -8.182245780784676)
2024,CORTE RASO,C51L41,POINT (-61.20985456532846 -8.182248887443958)
2024,CORTE RASO,C51L41,POINT (-61.20774710479817 -8.181048167707074)
2024,CORTE RASO,C51L41,POINT (-61.207649781834604 -8.180852731825869)
2024,CORTE RASO,C51L41,POINT (-61.20765075507636 -8.180354067535173)
2024,CORTE RASO,C51L41,POINT (-61.20792521663114 -8.180046751276471)
2024,CORTE RASO,C51L41,POINT (-61.209777648988116 -8.179450745745234)
2024,CORTE SELETIVO,C51L41,POINT (-61.203753159766016 -8.241750857714624)
2024,CORTE RASO,C51L41,POINT (-61.206753850193955 -8.18451446698082)
2024,CORTE RASO,C51L41,POINT (-61.207045386854524 -8.184547566456873)
2024,CORTE RASO,C51L41,POINT (-61.2063959434937 -8.18425196448926)
2024,CORTE RASO,C51L41,POINT (-61.207254431474674 -8.184303064926237)
2024,CORTE RASO,C51L41,POINT (-61.20545406777183 -8.184216897176235)
2024,CORTE RASO,C51L41,POINT (-61.206953761571 -8.183952108075804)
2024,CORTE RASO,C51L41,POINT (-61.205808353618295 -8.183554905138418)
2024,CORTE RASO,C51L41,POINT (-61.205349354930604 -8.183545980383991)
2024,CORTE RASO,C51L41,POINT (-61.20664890262508 -8.183345729599178)
2024,CORTE RASO,C51L41,POINT (-61.20497070540365 -8.183346003016805)
2024,CORTE RASO,C51L41,POINT (-61.20715306512197 -8.18316533578485)
2024,CORTE RASO,C51L41,POINT (-61.206746889173864 -8.183149883769167)
2024,CORTE RASO,C51L41,POINT (-61.205351408309866 -8.183146202847956)
2024,CORTE RASO,C51L41,POINT (-61.20705326840579 -8.183046556524712)
2024,CORTE RASO,C51L41,POINT (-61.205715634959795 -8.183109168130503)
2024,CORTE RASO,C51L41,POINT (-61.20590313782428 -8.182777578204185)
2024,CORTE RASO,C51L41,POINT (-61.206889589475544 -8.182547858145476)
2024,CORTE RASO,C51L41,POINT (-61.206092059802906 -8.182546548167213)
2024,CORTE RASO,C51L41,POINT (-61.20674832713071 -8.182179217937543)
2024,CORTE RASO,C51L41,POINT (-61.207351410347 -8.180845722666673)
2024,CORTE RASO,C51L41,POINT (-61.207246537070105 -8.178854714084714)
2024,CORTE SELETIVO,C51L41,POINT (-61.19615229082978 -8.240054369059644)
2024,CORTE RASO,C51L41,POINT (-61.201751227285044 -8.185049040860108)
2024,CORTE RASO,C51L41,POINT (-61.20164618080869 -8.184945507481956)
2024,CORTE RASO,C51L41,POINT (-61.19975360173091 -8.184050804954543)
2024,CORTE RASO,C51L41,POINT (-61.1995515042893 -8.183652357026212)
2024,CORTE RASO,C51L41,POINT (-61.1994483733221 -8.18315340353916)
2024,CORTE SELETIVO,C51L41,POINT (-61.22484538321475 -8.234253633259517)
2024,CORTE SELETIVO,C51L41,POINT (-61.10944748537065 -8.239500137484997)
2024,CORTE SELETIVO,C51L41,POINT (-61.12234959946824 -8.227546270754617)
2024,CORTE SELETIVO,C51L41,POINT (-61.12674575072713 -8.222653564427809)
2024,CORTE SELETIVO,C51L41,POINT (-61.12375290551635 -8.221545611190932)
2024,CORTE SELETIVO,C51L41,POINT (-61.17135154367618 -8.198353343235775)
2024,CORTE SELETIVO,C51L41,POINT (-61.22085160456585 -8.235449412962497)
2024,CORTE RASO,C51L41,POINT (-61.206248703540716 -8.209246642293582)
2024,CORTE SELETIVO,C51L41,POINT (-61.22484597656735 -8.234151162092958)
2024,CORTE SELETIVO,C51L41,POINT (-61.203447541691986 -8.228551342439896)
2024,CORTE SELETIVO,C51L41,POINT (-61.11535110512047 -8.238653126830343)
2024,CORTE SELETIVO,C51L41,POINT (-61.10615213618914 -8.236454486431152)
2024,CORTE RASO,C51L41,POINT (-61.17405391332693 -8.101752788477466)
2024,CORTE SELETIVO,C51L41,POINT (-61.20374970518015 -8.241848791115112)
2024,CORTE SELETIVO,C51L41,POINT (-61.22495062111971 -8.23425286875606)
2024,CORTE RASO,C51L41,POINT (-61.20445073293977 -8.184649193607818)
2024,CORTE SELETIVO,C51L41,POINT (-61.16024547991491 -8.249350825823678)
2024,CORTE SELETIVO,C51L41,POINT (-61.11354860474718 -8.240750664259775)
2024,CORTE SELETIVO,C51L41,POINT (-61.1095460641312 -8.239350118762205)
2024,CORTE SELETIVO,C51L41,POINT (-61.105949188317894 -8.236346417152484)
2024,CORTE SELETIVO,C51L41,POINT (-61.115053865403176 -8.230152917576248)
2024,CORTE SELETIVO,C51L41,POINT (-61.171452181770384 -8.198351364842463)
2024,CORTE SELETIVO,C51L41,POINT (-61.2036526504462 -8.241780625425115)
2024,CORTE RASO,C51L41,POINT (-61.21014762023376 -8.191651075445794)
2024,CORTE RASO,C51L41,POINT (-61.20564635236488 -8.185245266999999)
2024,CORTE RASO,C51L41,POINT (-61.20525338077091 -8.184960997460603)
2024,CORTE RASO,C51L41,POINT (-61.19985177116876 -8.184454430276348)
2024,CORTE RASO,C51L41,POINT (-61.20704674685875 -8.184384843528795)
2024,CORTE RASO,C51L41,POINT (-61.20544610523573 -8.184382834621866)
2024,CORTE RASO,C51L41,POINT (-61.20695322334387 -8.183853735069931)
2024,CORTE RASO,C51L41,POINT (-61.20524943871262 -8.183546912299036)
2024,CORTE RASO,C51L41,POINT (-61.19934985017994 -8.183153050582288)
2024,CORTE RASO,C51L41,POINT (-61.199347461336274 -8.182654739848862)
2024,CORTE RASO,C51L41,POINT (-61.20865159806213 -8.182054266215028)
2024,CORTE RASO,C51L41,POINT (-61.19894622307522 -8.182053741434004)
2024,CORTE RASO,C51L41,POINT (-61.207548297636734 -8.180648699004706)
2024,CORTE RASO,C51L41,POINT (-61.20825446706618 -8.180050610362212)
2024,CORTE SELETIVO,C51L41,POINT (-61.172447834119296 -8.199149210819481)
2024,CORTE RASO,C51L41,POINT (-61.17655190564291 -8.103448638079765)
2024,CORTE RASO,C51L41,POINT (-61.17684555346281 -8.10325284821314)
2024,CORTE RASO,C51L41,POINT (-61.17844599231503 -8.103047884695565)
2024,CORTE RASO,C51L41,POINT (-61.17485141026692 -8.102545424088282)
2024,CORTE RASO,C51L41,POINT (-61.174552724473536 -8.101149057170487)
2024,CORTE RASO,C51L41,POINT (-61.17584674327625 -8.098447160841165)
2024,CORTE SELETIVO,C51L41,POINT (-61.164351039285606 -8.249750708733497)
2024,CORTE SELETIVO,C51L41,POINT (-61.160854241355636 -8.249452438550696)
2024,CORTE SELETIVO,C51L41,POINT (-61.159649301759146 -8.248954584189361)
2024,CORTE SELETIVO,C51L41,POINT (-61.160250619479214 -8.248261703338654)
2024,CORTE SELETIVO,C51L41,POINT (-61.16039225195962 -8.247952765424401)
2024,CORTE SELETIVO,C51L41,POINT (-61.159929393106445 -8.24763471746187)
2024,CORTE SELETIVO,C51L41,POINT (-61.160353980163414 -8.247451326330394)
2024,CORTE SELETIVO,C51L41,POINT (-61.159753153980425 -8.246151558905604)
2024,CORTE SELETIVO,C51L41,POINT (-61.15404618928857 -8.244745421043003)
2024,CORTE SELETIVO,C51L41,POINT (-61.16013350038932 -8.244268862553618)
2024,CORTE SELETIVO,C51L41,POINT (-61.16025425780137 -8.244120132388488)
2024,CORTE SELETIVO,C51L41,POINT (-61.16005045154641 -8.244051420942169)
2024,CORTE SELETIVO,C51L41,POINT (-61.15514769806406 -8.2439463212217)
2024,CORTE SELETIVO,C51L41,POINT (-61.16015149743509 -8.243853398760207)
2024,CORTE SELETIVO,C51L41,POINT (-61.14865190549541 -8.242047057407545)
2024,CORTE SELETIVO,C51L41,POINT (-61.16034898334484 -8.241293123992923)
2024,CORTE SELETIVO,C51L41,POINT (-61.12324625874773 -8.229745820150223)
2024,CORTE SELETIVO,C51L41,POINT (-61.125847788005814 -8.223047690767737)
2024,CORTE SELETIVO,C51L41,POINT (-61.1248461090723 -8.220445687845126)
2024,CORTE SELETIVO,C51L41,POINT (-61.12474573254305 -8.220352779695636)
2024,CORTE SELETIVO,C51L41,POINT (-61.12844573780815 -8.218349436834965)
2024,CORTE SELETIVO,C51L41,POINT (-61.12805127993829 -8.218345892872799)
2024,CORTE SELETIVO,C51L41,POINT (-61.12485278554364 -8.218248517541273)
2024,CORTE SELETIVO,C51L41,POINT (-61.12455065113956 -8.218245344900842)
2024,CORTE SELETIVO,C51L41,POINT (-61.126450905728554 -8.217745381890994)
2024,CORTE SELETIVO,C51L41,POINT (-61.125453767215625 -8.217646899598043)
2024,CORTE SELETIVO,C51L41,POINT (-61.12625346397552 -8.217554210166968)
2024,CORTE SELETIVO,C51L41,POINT (-61.12414499722966 -8.217147184742512)
2024,CORTE SELETIVO,C51L41,POINT (-61.11779080534863 -8.239550749443282)
2024,CORTE SELETIVO,C51L41,POINT (-61.116350036557456 -8.23935360925988)
2024,CORTE SELETIVO,C51L41,POINT (-61.11785010853672 -8.239145398001103)
2024,CORTE SELETIVO,C51L41,POINT (-61.11815144279025 -8.237853649000385)
2024,CORTE SELETIVO,C51L41,POINT (-61.11634957449801 -8.232952365443134)
2024,CORTE SELETIVO,C51L41,POINT (-61.12174657210554 -8.232545357582774)
2024,CORTE SELETIVO,C51L41,POINT (-61.11664616281427 -8.22995282943277)
2024,CORTE SELETIVO,C51L41,POINT (-61.12245342944956 -8.227547608095982)
2024,CORTE SELETIVO,C51L41,POINT (-61.11814807450674 -8.227451184490679)
2024,CORTE SELETIVO,C51L41,POINT (-61.121751920540035 -8.227346279856366)
2024,CORTE SELETIVO,C51L41,POINT (-61.121651523793126 -8.22725277590869)
2024,CORTE SELETIVO,C51L41,POINT (-61.116545454704834 -8.225246249240538)
2024,CORTE SELETIVO,C51L41,POINT (-61.11645362526489 -8.22405420236286)
2024,CORTE SELETIVO,C51L41,POINT (-61.11754546833383 -8.220248820141)
2024,CORTE SELETIVO,C51L41,POINT (-61.11833971978438 -8.217751278149613)
2024,CORTE SELETIVO,C51L41,POINT (-61.11814551991127 -8.217350261923402)
2024,CORTE SELETIVO,C51L41,POINT (-61.118347429181036 -8.217253035769334)
2024,CORTE SELETIVO,C51L41,POINT (-61.12124959238077 -8.216645689096968)
2024,CORTE SELETIVO,C51L41,POINT (-61.11974752732535 -8.21625373014181)
2024,CORTE SELETIVO,C51L41,POINT (-61.119452558104854 -8.215649935401837)
2024,CORTE SELETIVO,C51L41,POINT (-61.11954380621507 -8.21524556760352)
2024,CORTE SELETIVO,C51L41,POINT (-61.119047951590794 -8.215150508097421)
2024,CORTE SELETIVO,C51L41,POINT (-61.11555276424906 -8.247304189899074)
2024,CORTE SELETIVO,C51L41,POINT (-61.11405134038005 -8.24635226332567)
2024,CORTE SELETIVO,C51L41,POINT (-61.11235020972119 -8.24485463684302)
2024,CORTE SELETIVO,C51L41,POINT (-61.1140523714326 -8.243846852379907)
2024,CORTE SELETIVO,C51L41,POINT (-61.11105356024572 -8.243354239483102)
2024,CORTE SELETIVO,C51L41,POINT (-61.11594725107591 -8.23934765823822)
2024,CORTE SELETIVO,C51L41,POINT (-61.10945397721613 -8.239350670863036)
2024,CORTE SELETIVO,C51L41,POINT (-61.11184876221668 -8.23875039293214)
2024,CORTE SELETIVO,C51L41,POINT (-61.11264772460154 -8.238447997887171)
2024,CORTE SELETIVO,C51L41,POINT (-61.10725377854721 -8.238251002128173)
2024,CORTE SELETIVO,C51L41,POINT (-61.11295278581865 -8.237751969751182)
2024,CORTE SELETIVO,C51L41,POINT (-61.11315152326774 -8.23775337170878)
2024,CORTE SELETIVO,C51L41,POINT (-61.10578757503425 -8.237654394380986)
2024,CORTE SELETIVO,C51L41,POINT (-61.11285359029642 -8.237648714029925)
2024,CORTE SELETIVO,C51L41,POINT (-61.113246077444664 -8.23715079386718)
2024,CORTE SELETIVO,C51L41,POINT (-61.108149918302885 -8.236751890414666)
2024,CORTE SELETIVO,C51L41,POINT (-61.11474796523423 -8.235254703963097)
2024,CORTE SELETIVO,C51L41,POINT (-61.11364702819396 -8.23465305415566)
2024,CORTE SELETIVO,C51L41,POINT (-61.113449172140626 -8.234452350672159)
2024,CORTE SELETIVO,C51L41,POINT (-61.110485287879435 -8.234051218912168)
2024,CORTE SELETIVO,C51L41,POINT (-61.11024858379992 -8.233846964140822)
2024,CORTE SELETIVO,C51L41,POINT (-61.11464619780171 -8.231245393555968)
2024,CORTE SELETIVO,C51L41,POINT (-61.11524898205764 -8.229546994936616)
2024,CORTE SELETIVO,C51L41,POINT (-61.115552171307016 -8.228647589894296)
2024,CORTE SELETIVO,C51L41,POINT (-61.115648917278214 -8.226647059804947)
2024,CORTE SELETIVO,C51L41,POINT (-61.1160484552364 -8.225550058759275)
2024,CORTE SELETIVO,C51L41,POINT (-61.215854429547726 -8.236150176710757)
2024,CORTE RASO,C51L41,POINT (-61.210247017139444 -8.192247519710673)
2024,CORTE RASO,C51L41,POINT (-61.210220422144275 -8.191872900100886)
2024,CORTE RASO,C51L41,POINT (-61.21021132964837 -8.191105589758974)
2024,CORTE RASO,C51L41,POINT (-61.209670893873074 -8.189753244051406)
2024,CORTE RASO,C51L41,POINT (-61.20944701105225 -8.189450436330977)
2024,CORTE RASO,C51L41,POINT (-61.21004723455497 -8.188088570290407)
2024,CORTE RASO,C51L41,POINT (-61.210147679229024 -8.187947032458343)
2024,CORTE RASO,C51L41,POINT (-61.20705302456786 -8.184254719817774)
2024,CORTE RASO,C51L41,POINT (-61.206721628414535 -8.18405397820242)
2024,CORTE RASO,C51L41,POINT (-61.20974851594899 -8.183552558726323)
2024,CORTE RASO,C51L41,POINT (-61.20765013814145 -8.18326860045265)
2024,CORTE RASO,C51L41,POINT (-61.20555113509905 -8.183047977143428)
2024,CORTE RASO,C51L41,POINT (-61.20715361592309 -8.183013708969295)
2024,CORTE RASO,C51L41,POINT (-61.209747167831615 -8.182949409486817)
2024,CORTE RASO,C51L41,POINT (-61.20704938950012 -8.182849766094007)
2024,CORTE RASO,C51L41,POINT (-61.207352976162305 -8.182647326264043)
2024,CORTE RASO,C51L41,POINT (-61.206352093729855 -8.182649842902876)
2024,CORTE RASO,C51L41,POINT (-61.207368467294415 -8.182454336204787)
2024,CORTE RASO,C51L41,POINT (-61.20616323201756 -8.182450452318077)
2024,CORTE RASO,C51L41,POINT (-61.20605105315291 -8.182350766574451)
2024,CORTE RASO,C51L41,POINT (-61.210241288642905 -8.181070559292149)
2024,CORTE RASO,C51L41,POINT (-61.20604836283641 -8.181145141289344)
2024,CORTE RASO,C51L41,POINT (-61.20757068530793 -8.18104755447076)
2024,CORTE SELETIVO,C51L41,POINT (-61.19785312629827 -8.23274946494095)
2024,CORTE RASO,C51L41,POINT (-61.20165386746456 -8.185053514026025)
2024,CORTE RASO,C51L41,POINT (-61.20232552210659 -8.185143759245568)
2024,CORTE RASO,C51L41,POINT (-61.204348524387406 -8.184752990150454)
2024,CORTE RASO,C51L41,POINT (-61.20044607196723 -8.184590933900585)
2024,CORTE RASO,C51L41,POINT (-61.200247666428716 -8.184353704140165)
2024,CORTE RASO,C51L41,POINT (-61.19944955386973 -8.18264753172921)
2024,CORTE RASO,C51L41,POINT (-61.19934603947983 -8.182554141959502)
2024,CORTE SELETIVO,C51L41,POINT (-61.16024589052854 -8.244752882110596)
2024,CORTE SELETIVO,C51L41,POINT (-61.097050550670964 -8.231751891629582)
2024,CORTE RASO,C51L41,POINT (-61.17674828909455 -8.10344523083482)
2024,CORTE RASO,C51L41,POINT (-61.17687257871641 -8.102553057254053)
2024,CORTE RASO,C51L41,POINT (-61.17474615214281 -8.10274877781762)
2024,CORTE RASO,C51L41,POINT (-61.17545342125904 -8.102649905199074)
2024,CORTE RASO,C51L41,POINT (-61.17635135094064 -8.102052594789477)
2024,CORTE RASO,C51L41,POINT (-61.17533097312991 -8.101851352209316)
2024,CORTE RASO,C51L41,POINT (-61.174648569592186 -8.101551939230974)
2024,CORTE RASO,C51L41,POINT (-61.17588993990522 -8.099245726794658)
2024,CORTE RASO,C51L41,POINT (-61.1804284254599 -8.099249615867938)
2024,CORTE RASO,C51L41,POINT (-61.17575426902753 -8.098889706662385)
2024,CORTE RASO,C51L41,POINT (-61.175818889646855 -8.098645793964366)
2024,CORTE SELETIVO,C51L41,POINT (-61.21564828618957 -8.236148860023004)
2024,CORTE SELETIVO,C51L41,POINT (-61.2126488314383 -8.230452155569145)
2024,CORTE RASO,C51L41,POINT (-61.204349591442416 -8.18485363082901)
2024,CORTE SELETIVO,C51L41,POINT (-61.16444915620436 -8.245346257765036)
2024,CORTE SELETIVO,C51L41,POINT (-61.12225389137759 -8.227549238279693)
2024,CORTE SELETIVO,C51L41,POINT (-61.1245492666263 -8.22694591221967)
2024,CORTE SELETIVO,C51L41,POINT (-61.21234850034744 -8.248654242189318)
2024,CORTE SELETIVO,C51L41,POINT (-61.226251801221395 -8.247451172299236)
2024,CORTE SELETIVO,C51L41,POINT (-61.21054573157254 -8.247146737260937)
2024,CORTE SELETIVO,C51L41,POINT (-61.23034528461398 -8.246853133389626)
2024,CORTE SELETIVO,C51L41,POINT (-61.230548011924256 -8.246749227051017)
2024,CORTE SELETIVO,C51L41,POINT (-61.23005102697668 -8.246748733921581)
2024,CORTE SELETIVO,C51L41,POINT (-61.230050469797206 -8.245312590643708)
2024,CORTE SELETIVO,C51L41,POINT (-61.22994909569416 -8.245148936556879)
2024,CORTE SELETIVO,C51L41,POINT (-61.224254188610885 -8.244251155395732)
2024,CORTE SELETIVO,C51L41,POINT (-61.2232476975729 -8.240954694724772)
2024,CORTE SELETIVO,C51L41,POINT (-61.22864920052606 -8.240549203747463)
2024,CORTE SELETIVO,C51L41,POINT (-61.216351289217656 -8.239946611333702)
2024,CORTE SELETIVO,C51L41,POINT (-61.211750795914874 -8.23794578705278)
2024,CORTE SELETIVO,C51L41,POINT (-61.230654007634286 -8.237149453236652)
2024,CORTE SELETIVO,C51L41,POINT (-61.230650520755255 -8.23675353813708)
2024,CORTE SELETIVO,C51L41,POINT (-61.22764703678909 -8.236345550580397)
2024,CORTE SELETIVO,C51L41,POINT (-61.227545611385644 -8.236253438279519)
2024,CORTE SELETIVO,C51L41,POINT (-61.22544853212456 -8.235653967401012)
2024,CORTE SELETIVO,C51L41,POINT (-61.22555130640181 -8.23554753867507)
2024,CORTE SELETIVO,C51L41,POINT (-61.219548860878206 -8.23525359080976)
2024,CORTE SELETIVO,C51L41,POINT (-61.220251333097146 -8.235148266781367)
2024,CORTE SELETIVO,C51L41,POINT (-61.213849460590716 -8.235152029011173)
2024,CORTE SELETIVO,C51L41,POINT (-61.22815118810322 -8.233431923385382)
2024,CORTE SELETIVO,C51L41,POINT (-61.227753810084124 -8.23245415298368)
2024,CORTE SELETIVO,C51L41,POINT (-61.22804664482584 -8.23245264377374)
2024,CORTE SELETIVO,C51L41,POINT (-61.23074775321018 -8.23204741799357)
2024,CORTE SELETIVO,C51L41,POINT (-61.21045207401554 -8.23204905670474)
2024,CORTE SELETIVO,C51L41,POINT (-61.22565052298953 -8.230046367351239)
2024,CORTE SELETIVO,C51L41,POINT (-61.22145270812021 -8.230049753925922)
2024,CORTE SELETIVO,C51L41,POINT (-61.22435025774692 -8.228854750185757)
2024,CORTE SELETIVO,C51L41,POINT (-61.22444826336734 -8.228746431696718)
2024,CORTE RASO,C51L41,POINT (-61.21024614034549 -8.191649567106134)
2024,CORTE RASO,C51L41,POINT (-61.21005191244307 -8.190845472133722)
2024,CORTE RASO,C51L41,POINT (-61.210221896902254 -8.1882472719172)
2024,CORTE SELETIVO,C51L41,POINT (-61.20404811465647 -8.247351974125891)
2024,CORTE SELETIVO,C51L41,POINT (-61.20704561656997 -8.241151855216783)
2024,CORTE SELETIVO,C51L41,POINT (-61.205748391265224 -8.235550314574246)
2024,CORTE SELETIVO,C51L41,POINT (-61.207050788715804 -8.233952966083992)
2024,CORTE SELETIVO,C51L41,POINT (-61.205624955849515 -8.23305051269277)
2024,CORTE SELETIVO,C51L41,POINT (-61.2052474236361 -8.23304862222265)
2024,CORTE SELETIVO,C51L41,POINT (-61.20424681439545 -8.232665332655206)
2024,CORTE SELETIVO,C51L41,POINT (-61.20474545096269 -8.228552133942753)
2024,CORTE RASO,C51L41,POINT (-61.20985450823861 -8.190949621125819)
2024,CORTE RASO,C51L41,POINT (-61.20994877987329 -8.190645839630873)
2024,CORTE RASO,C51L41,POINT (-61.209845777837494 -8.190149721470041)
2024,CORTE RASO,C51L41,POINT (-61.205549526532195 -8.185047754402271)
2024,CORTE RASO,C51L41,POINT (-61.20174957647273 -8.184945836081758)
2024,CORTE RASO,C51L41,POINT (-61.20067840692268 -8.184559168925881)
2024,CORTE RASO,C51L41,POINT (-61.19995038210502 -8.184448173549251)
2024,CORTE RASO,C51L41,POINT (-61.20035177605039 -8.184453203119492)
2024,CORTE RASO,C51L41,POINT (-61.20455177805122 -8.184147139947246)
2024,CORTE RASO,C51L41,POINT (-61.20684975156851 -8.18411016519761)
2024,CORTE RASO,C51L41,POINT (-61.200178297531856 -8.184147326587725)
2024,CORTE RASO,C51L41,POINT (-61.20494983990781 -8.183846955110482)
2024,CORTE RASO,C51L41,POINT (-61.209651726725845 -8.18375042663276)
2024,CORTE RASO,C51L41,POINT (-61.2048460541227 -8.183748397160876)
2024,CORTE RASO,C51L41,POINT (-61.19964600930015 -8.18364688676749)
2024,CORTE RASO,C51L41,POINT (-61.20967912495426 -8.183430144090957)
2024,CORTE RASO,C51L41,POINT (-61.19954658573686 -8.183164349119643)
2024,CORTE RASO,C51L41,POINT (-61.199756877299535 -8.18315092996547)
2024,CORTE RASO,C51L41,POINT (-61.199600355512395 -8.182624461399968)
2024,CORTE RASO,C51L41,POINT (-61.207549227949244 -8.182353932758824)
2024,CORTE RASO,C51L41,POINT (-61.20644253098171 -8.18233266595586)
2024,CORTE RASO,C51L41,POINT (-61.20834792048124 -8.182241381689813)
2024,CORTE RASO,C51L41,POINT (-61.210050994985465 -8.181849646866498)
2024,CORTE RASO,C51L41,POINT (-61.20741861213669 -8.180747358789578)
2024,CORTE RASO,C51L41,POINT (-61.20754887950887 -8.180246316345842)
2024,CORTE RASO,C51L41,POINT (-61.20814788587258 -8.180151865518837)
2024,CORTE RASO,C51L41,POINT (-61.20964658900978 -8.179346186331617)
2024,CORTE SELETIVO,C51L41,POINT (-61.1952454388265 -8.239947292841117)
2024,CORTE SELETIVO,C51L41,POINT (-61.19944940993917 -8.234747067986103)
2024,CORTE SELETIVO,C51L41,POINT (-61.19884939122358 -8.234751121817384)
2024,CORTE SELETIVO,C51L41,POINT (-61.199152193556344 -8.234649741182945)
2024,CORTE SELETIVO,C51L41,POINT (-61.199550829132185 -8.234451436043388)
2024,CORTE RASO,C51L41,POINT (-61.19284954114818 -8.188649897324531)
2024,CORTE RASO,C51L41,POINT (-61.19914957631476 -8.184252864929194)
2024,CORTE RASO,C51L41,POINT (-61.199359616707305 -8.183048383753999)
2024,CORTE RASO,C51L41,POINT (-61.19945156373655 -8.182353436896042)
2024,CORTE RASO,C51L41,POINT (-61.199054569339516 -8.181482087005035)
2024,CORTE SELETIVO,C51L41,POINT (-61.159449351599235 -8.248951633389472)
2024,CORTE SELETIVO,C51L41,POINT (-61.164753285011834 -8.24765083104035)
2024,CORTE SELETIVO,C51L41,POINT (-61.15834649421981 -8.246254388035387)
2024,CORTE SELETIVO,C51L41,POINT (-61.1597470304672 -8.246049781190438)
2024,CORTE SELETIVO,C51L41,POINT (-61.15534572842875 -8.244354010658148)
2024,CORTE SELETIVO,C51L41,POINT (-61.160446546677946 -8.244246409720708)
2024,CORTE SELETIVO,C51L41,POINT (-61.16045390328204 -8.243918700447345)
2024,CORTE SELETIVO,C51L41,POINT (-61.159852547720206 -8.242553255405188)
2024,CORTE SELETIVO,C51L41,POINT (-61.16675078865142 -8.242048771345983)
2024,CORTE SELETIVO,C51L41,POINT (-61.159348971460126 -8.241847060903964)
2024,CORTE SELETIVO,C51L41,POINT (-61.164249553045096 -8.241549684606941)
2024,CORTE SELETIVO,C51L41,POINT (-61.16065315680435 -8.239946227285122)
2024,CORTE SELETIVO,C51L41,POINT (-61.115054620581624 -8.230251226389496)
2024,CORTE SELETIVO,C51L41,POINT (-61.12354613579133 -8.22905156955037)
2024,CORTE SELETIVO,C51L41,POINT (-61.12475209788673 -8.220454549028776)
2024,CORTE SELETIVO,C51L41,POINT (-61.11845442465701 -8.217050717960678)
2024,CORTE SELETIVO,C51L41,POINT (-61.123745807131996 -8.21694570026029)
2024,CORTE SELETIVO,C51L41,POINT (-61.121145640324805 -8.216653130937097)
2024,CORTE RASO,C51L41,POINT (-61.17474193330277 -8.10254660026837)
2024,CORTE RASO,C51L41,POINT (-61.17605402834609 -8.09914990322549)
2024,CORTE RASO,C51L41,POINT (-61.17735272459865 -8.098450125295571)
2024,CORTE SELETIVO,C51L41,POINT (-61.20095426710355 -8.244545348356276)
2024,CORTE SELETIVO,C51L41,POINT (-61.22074984413045 -8.235449351019136)
2024,CORTE SELETIVO,C51L41,POINT (-61.203548573807375 -8.228652072168948)
2024,CORTE RASO,C51L41,POINT (-61.192004469063114 -8.188547234074395)
2024,CORTE SELETIVO,C51L41,POINT (-61.11474932121264 -8.231254094094345)
2024,CORTE SELETIVO,C51L41,POINT (-61.12394616633958 -8.22155331879453)
2024,CORTE SELETIVO,C51L41,POINT (-61.123849988749754 -8.216848265401312)
2024,CORTE SELETIVO,C51L41,POINT (-61.15825212278731 -8.114551059622793)
2024,CORTE SELETIVO,C51L41,POINT (-61.23015130145626 -8.246848621263082)
2024,CORTE SELETIVO,C51L41,POINT (-61.227652752979246 -8.246554686322849)
2024,CORTE SELETIVO,C51L41,POINT (-61.21969073455224 -8.244347594684514)
2024,CORTE SELETIVO,C51L41,POINT (-61.216151457231966 -8.24266994129399)
2024,CORTE SELETIVO,C51L41,POINT (-61.216051272155745 -8.242346028297442)
2024,CORTE SELETIVO,C51L41,POINT (-61.222147873279425 -8.240350435625077)
2024,CORTE SELETIVO,C51L41,POINT (-61.22212405818431 -8.240152646734495)
2024,CORTE SELETIVO,C51L41,POINT (-61.21624729004324 -8.240047247629125)
2024,CORTE SELETIVO,C51L41,POINT (-61.211654165198276 -8.238314015704926)
2024,CORTE SELETIVO,C51L41,POINT (-61.21174834675636 -8.238054238074866)
2024,CORTE SELETIVO,C51L41,POINT (-61.21185234145311 -8.237954149500302)
2024,CORTE SELETIVO,C51L41,POINT (-61.21014775049463 -8.237838106856602)
2024,CORTE SELETIVO,C51L41,POINT (-61.22274891068377 -8.23700588612283)
2024,CORTE SELETIVO,C51L41,POINT (-61.21554882721869 -8.236181257064565)
2024,CORTE SELETIVO,C51L41,POINT (-61.21354871832953 -8.234948433383094)
2024,CORTE SELETIVO,C51L41,POINT (-61.21264666809665 -8.234853404728954)
2024,CORTE SELETIVO,C51L41,POINT (-61.21925431445202 -8.234345342877806)
2024,CORTE SELETIVO,C51L41,POINT (-61.22118575507218 -8.23275290165901)
2024,CORTE SELETIVO,C51L41,POINT (-61.22164219088664 -8.231254596191897)
2024,CORTE SELETIVO,C51L41,POINT (-61.22325242307012 -8.229446522936257)
2024,CORTE RASO,C51L41,POINT (-61.20845173546676 -8.20815044660108)
2024,CORTE RASO,C51L41,POINT (-61.210446892860176 -8.192548557693282)
2024,CORTE RASO,C51L41,POINT (-61.20974984302908 -8.185554506687302)
2024,CORTE RASO,C51L41,POINT (-61.20954656368131 -8.183850586004002)
2024,CORTE RASO,C51L41,POINT (-61.209592667626254 -8.17944673146933)
2024,CORTE SELETIVO,C51L41,POINT (-61.20425153277138 -8.24755228885317)
2024,CORTE SELETIVO,C51L41,POINT (-61.20454746033421 -8.2469454029903)
2024,CORTE SELETIVO,C51L41,POINT (-61.207550834287105 -8.241953832805377)
2024,CORTE SELETIVO,C51L41,POINT (-61.20455436305785 -8.235346107135623)
2024,CORTE SELETIVO,C51L41,POINT (-61.20675089610101 -8.234649144139059)
2024,CORTE SELETIVO,C51L41,POINT (-61.207251398320345 -8.233953780427056)
2024,CORTE SELETIVO,C51L41,POINT (-61.20575290043926 -8.23307255905139)
2024,CORTE SELETIVO,C51L41,POINT (-61.202251489774305 -8.232950637074213)
2024,CORTE SELETIVO,C51L41,POINT (-61.20255079325581 -8.232949776505686)
2024,CORTE SELETIVO,C51L41,POINT (-61.20204820926619 -8.2328542649581)
2024,CORTE SELETIVO,C51L41,POINT (-61.20354814390838 -8.229536132018481)
2024,CORTE RASO,C51L41,POINT (-61.208346383036044 -8.211549958295754)
2024,CORTE RASO,C51L41,POINT (-61.207588889333266 -8.210950559542049)
2024,CORTE RASO,C51L41,POINT (-61.20844900802086 -8.210047307889273)
2024,CORTE RASO,C51L41,POINT (-61.20455166248497 -8.209649988986637)
2024,CORTE RASO,C51L41,POINT (-61.204362204773325 -8.209551845603869)
2024,CORTE RASO,C51L41,POINT (-61.20423677811797 -8.184842567913702)
2024,CORTE RASO,C51L41,POINT (-61.203250182527945 -8.184647351770675)
2024,CORTE RASO,C51L41,POINT (-61.20444867750097 -8.1845529684243)
2024,CORTE RASO,C51L41,POINT (-61.200784659650864 -8.184375344744536)
2024,CORTE RASO,C51L41,POINT (-61.20034849500801 -8.184146885789932)
2024,CORTE RASO,C51L41,POINT (-61.200048242358044 -8.184049513635882)
2024,CORTE RASO,C51L41,POINT (-61.200151054384946 -8.183951282578898)
2024,CORTE RASO,C51L41,POINT (-61.199845706383535 -8.183920773902912)
2024,CORTE RASO,C51L41,POINT (-61.19965243601322 -8.183277233651234)
2024,CORTE RASO,C51L41,POINT (-61.20505410036032 -8.183220207096657)
2024,CORTE RASO,C51L41,POINT (-61.19955006884976 -8.183046119433723)
2024,CORTE RASO,C51L41,POINT (-61.199889608725 -8.182970087157198)
2024,CORTE RASO,C51L41,POINT (-61.20553871374715 -8.182918131620015)
2024,CORTE RASO,C51L41,POINT (-61.205745471779416 -8.182894370969828)
2024,CORTE RASO,C51L41,POINT (-61.19995056194047 -8.182749798309931)
2024,CORTE RASO,C51L41,POINT (-61.2058525771822 -8.182552072420954)
2024,CORTE RASO,C51L41,POINT (-61.20589069093402 -8.182348783498684)
2024,CORTE RASO,C51L41,POINT (-61.206547313293626 -8.182349797112128)
2024,CORTE RASO,C51L41,POINT (-61.20765032228427 -8.182248992188853)
2024,CORTE RASO,C51L41,POINT (-61.20845101112828 -8.182048765418998)
2024,CORTE RASO,C51L41,POINT (-61.20584941580961 -8.181847031107054)
2024,CORTE RASO,C51L41,POINT (-61.205945418690604 -8.18175360655554)
2024,CORTE RASO,C51L41,POINT (-61.20734833488108 -8.180952050642784)
2024,CORTE RASO,C51L41,POINT (-61.2061514561261 -8.180623462773662)
2024,CORTE RASO,C51L41,POINT (-61.20825021723869 -8.180449768642992)
2024,CORTE SELETIVO,C51L41,POINT (-61.19545932188935 -8.239949976045597)
2024,CORTE SELETIVO,C51L41,POINT (-61.19585236241578 -8.23984854043378)
2024,CORTE SELETIVO,C51L41,POINT (-61.190253228485695 -8.187949900090812)
2024,CORTE RASO,C51L41,POINT (-61.19937308213181 -8.182449008188158)
2024,CORTE RASO,C51L41,POINT (-61.19944980620026 -8.182192901484765)
2024,CORTE RASO,C51L41,POINT (-61.19915650285956 -8.181954719971484)
2024,CORTE RASO,C51L41,POINT (-61.19931754710541 -8.18115386771861)
2024,CORTE RASO,C51L41,POINT (-61.191546050563225 -8.113251382797896)
2024,CORTE RASO,C51L41,POINT (-61.176421349196275 -8.103347089524462)
2024,CORTE RASO,C51L41,POINT (-61.17671759982931 -8.102451472104674)
2024,CORTE RASO,C51L41,POINT (-61.17783855279802 -8.10215232952006)
2024,CORTE RASO,C51L41,POINT (-61.17715267827642 -8.098452978179168)
2024,CORTE RASO,C51L41,POINT (-61.17615046104298 -8.098149903482854)
2024,CORTE SELETIVO,C51L41,POINT (-61.16034708040035 -8.24734711993961)
2024,CORTE SELETIVO,C51L41,POINT (-61.16437548653667 -8.245251456281204)
2024,CORTE SELETIVO,C51L41,POINT (-61.16015094004816 -8.244152242439588)
2024,CORTE SELETIVO,C51L41,POINT (-61.1601507787048 -8.243948833113853)
2024,CORTE SELETIVO,C51L41,POINT (-61.160348311201794 -8.243848080919685)
2024,CORTE SELETIVO,C51L41,POINT (-61.160151462409445 -8.243753964495252)
2024,CORTE SELETIVO,C51L41,POINT (-61.16054711038787 -8.243746388901526)
2024,CORTE SELETIVO,C51L41,POINT (-61.160149630759825 -8.24155392755265)
2024,CORTE SELETIVO,C51L41,POINT (-61.16434879154219 -8.241547406812508)
2024,CORTE SELETIVO,C51L41,POINT (-61.16035107066956 -8.239254792740635)
2024,CORTE SELETIVO,C51L41,POINT (-61.171246563595815 -8.198254006685524)
2024,CORTE RASO,C51L41,POINT (-61.17495210832275 -8.102547476544114)
2024,CORTE RASO,C51L41,POINT (-61.17519157402481 -8.102276950905399)
2024,CORTE RASO,C51L41,POINT (-61.17424645775914 -8.101548192761769)
2024,CORTE RASO,C51L41,POINT (-61.174551634083656 -8.101445888573648)
2024,CORTE RASO,C51L41,POINT (-61.174149067888536 -8.10144606222144)
2024,CORTE RASO,C51L41,POINT (-61.17465288362087 -8.101246736169303)
2024,CORTE RASO,C51L41,POINT (-61.175546492245154 -8.099850268108112)
2024,CORTE SELETIVO,C51L41,POINT (-61.14395469094449 -8.247346771863059)
2024,CORTE SELETIVO,C51L41,POINT (-61.15954561977035 -8.24515143516188)
2024,CORTE SELETIVO,C51L41,POINT (-61.14875129340439 -8.242952831830134)
2024,CORTE SELETIVO,C51L41,POINT (-61.14894924942247 -8.242839387962922)
2024,CORTE SELETIVO,C51L41,POINT (-61.15964889754152 -8.241947357147076)
2024,CORTE SELETIVO,C51L41,POINT (-61.11803478687335 -8.239654607235385)
2024,CORTE SELETIVO,C51L41,POINT (-61.11985092940624 -8.235854671730012)
2024,CORTE SELETIVO,C51L41,POINT (-61.11992490936373 -8.23564118839897)
2024,CORTE SELETIVO,C51L41,POINT (-61.12184819134013 -8.233148644849082)
2024,CORTE SELETIVO,C51L41,POINT (-61.12194880501541 -8.232895241332502)
2024,CORTE SELETIVO,C51L41,POINT (-61.12134547611302 -8.229750446749962)
2024,CORTE SELETIVO,C51L41,POINT (-61.12114608892102 -8.229652860757547)
2024,CORTE SELETIVO,C51L41,POINT (-61.122320753837265 -8.22764697433099)
2024,CORTE SELETIVO,C51L41,POINT (-61.12245261439556 -8.227448293885157)
2024,CORTE SELETIVO,C51L41,POINT (-61.12455012487929 -8.226750842743193)
2024,CORTE SELETIVO,C51L41,POINT (-61.121351950665286 -8.22581476857971)
2024,CORTE SELETIVO,C51L41,POINT (-61.12564752596819 -8.223149064197228)
2024,CORTE SELETIVO,C51L41,POINT (-61.11783333649144 -8.22315128541109)
2024,CORTE SELETIVO,C51L41,POINT (-61.12711628172414 -8.222347909995)
2024,CORTE SELETIVO,C51L41,POINT (-61.11855006701863 -8.222007181409937)
2024,CORTE SELETIVO,C51L41,POINT (-61.11884670157685 -8.221699334316554)
2024,CORTE SELETIVO,C51L41,POINT (-61.12385157849743 -8.220350846464513)
2024,CORTE SELETIVO,C51L41,POINT (-61.12404751562917 -8.220249722612811)
2024,CORTE SELETIVO,C51L41,POINT (-61.12464862540152 -8.219748356693282)
2024,CORTE SELETIVO,C51L41,POINT (-61.11784727284193 -8.219645918078506)
2024,CORTE SELETIVO,C51L41,POINT (-61.11865112639729 -8.219047609725934)
2024,CORTE SELETIVO,C51L41,POINT (-61.12834709196119 -8.218349536160222)
2024,CORTE SELETIVO,C51L41,POINT (-61.12815289678073 -8.21814930860291)
2024,CORTE SELETIVO,C51L41,POINT (-61.123768508608585 -8.21719360147693)
2024,CORTE SELETIVO,C51L41,POINT (-61.113956025950245 -8.24377050237801)
2024,CORTE SELETIVO,C51L41,POINT (-61.11414850437338 -8.242449089744945)
2024,CORTE SELETIVO,C51L41,POINT (-61.1140486314463 -8.24224845335228)
2024,CORTE SELETIVO,C51L41,POINT (-61.10945428970673 -8.239750553909511)
2024,CORTE SELETIVO,C51L41,POINT (-61.10934654043709 -8.239487208804746)
2024,CORTE SELETIVO,C51L41,POINT (-61.109488800720214 -8.239253802112122)
2024,CORTE SELETIVO,C51L41,POINT (-61.115346762465656 -8.238847735147624)
2024,CORTE SELETIVO,C51L41,POINT (-61.11175450006798 -8.23875363434869)
2024,CORTE SELETIVO,C51L41,POINT (-61.111751878808064 -8.238482050268981)
2024,CORTE SELETIVO,C51L41,POINT (-61.11264770494872 -8.238329706528933)
2024,CORTE SELETIVO,C51L41,POINT (-61.11290690288862 -8.238154780299764)
2024,CORTE SELETIVO,C51L41,POINT (-61.113353953850364 -8.237189222404272)
2024,CORTE SELETIVO,C51L41,POINT (-61.11355002792015 -8.236948351778853)
2024,CORTE SELETIVO,C51L41,POINT (-61.105384117868894 -8.235331289455534)
2024,CORTE SELETIVO,C51L41,POINT (-61.09369967988253 -8.235011719048158)
2024,CORTE SELETIVO,C51L41,POINT (-61.10705109114552 -8.234954688246601)
2024,CORTE SELETIVO,C51L41,POINT (-61.113549482408054 -8.234454539732598)
2024,CORTE SELETIVO,C51L41,POINT (-61.1101467946002 -8.233847656371443)
2024,CORTE SELETIVO,C51L41,POINT (-61.106151648863666 -8.233254450233256)
2024,CORTE SELETIVO,C51L41,POINT (-61.106048155885574 -8.23315064382081)
2024,CORTE SELETIVO,C51L41,POINT (-61.10574744096471 -8.233147644385827)
2024,CORTE SELETIVO,C51L41,POINT (-61.10845365044899 -8.231594712249835)
2024,CORTE SELETIVO,C51L41,POINT (-61.1089357713125 -8.231447068178156)
2024,CORTE SELETIVO,C51L41,POINT (-61.1165424132759 -8.231224328781181)
2024,CORTE SELETIVO,C51L41,POINT (-61.114752298932245 -8.231154425927974)
2024,CORTE SELETIVO,C51L41,POINT (-61.11544615316658 -8.230348476165467)
2024,CORTE SELETIVO,C51L41,POINT (-61.11554961906965 -8.230252862295984)
2024,CORTE SELETIVO,C51L41,POINT (-61.115153946702684 -8.229949404116292)
2024,CORTE SELETIVO,C51L41,POINT (-61.11364365758609 -8.229770715170096)
2024,CORTE SELETIVO,C51L41,POINT (-61.11578098181057 -8.229363093204096)
2024,CORTE SELETIVO,C51L41,POINT (-61.11617602471923 -8.225647690909884)
2024,CORTE SELETIVO,C51L41,POINT (-61.11605799787913 -8.225429853890017)
2024,CORTE SELETIVO,C51L41,POINT (-61.116253870419 -8.225052261784477)
2024,CORTE SELETIVO,C51L41,POINT (-61.11644894794938 -8.2245502548416)
2024,CORTE SELETIVO,C51L41,POINT (-61.224953005752 -8.234148861837294)
2024,CORTE RASO,C51L41,POINT (-61.20944648412788 -8.179453289512956)
2024,CORTE RASO,C51L41,POINT (-61.17774973634611 -8.102251889413118)
2024,CORTE RASO,C51L41,POINT (-61.17414807315155 -8.101554417548735)
2024,CORTE SELETIVO,C51L41,POINT (-61.11545362654916 -8.238751066804426)
2024,CORTE SELETIVO,C51L41,POINT (-61.10857275140923 -8.231654767742533)
2024,CORTE SELETIVO,C51L41,POINT (-61.122350036232056 -8.227445466544507)
2024,CORTE SELETIVO,C51L41,POINT (-61.11844770624062 -8.221953945815397)
2024,CORTE SELETIVO,C51L41,POINT (-61.123653939471104 -8.21725163361477)
2024,CORTE SELETIVO,C51L41,POINT (-61.12385003252193 -8.217050335639883)
2024,CORTE SELETIVO,C51L41,POINT (-61.15734994661778 -8.117850299938304)
2024,CORTE RASO,C51L41,POINT (-61.1782495599403 -8.103147285353963)
2024,CORTE RASO,C51L41,POINT (-61.17795209814888 -8.102250744730897)
2024,CORTE SELETIVO,C51L41,POINT (-61.148650787611764 -8.243251103096474)
2024,CORTE SELETIVO,C51L41,POINT (-61.11304994780337 -8.238354660243013)
2024,CORTE SELETIVO,C51L41,POINT (-61.10605008982087 -8.236346506400817)
2024,CORTE SELETIVO,C51L41,POINT (-61.10834667543166 -8.231849992799777)
2024,CORTE SELETIVO,C51L41,POINT (-61.10874936248389 -8.231447542260197)
2024,CORTE SELETIVO,C51L41,POINT (-61.12394737754675 -8.217151404171403)
2024,CORTE SELETIVO,C51L41,POINT (-61.12364889194168 -8.21715281480678)
2024,CORTE SELETIVO,C51L41,POINT (-61.22305184787147 -8.245850706797414)
2024,CORTE SELETIVO,C51L41,POINT (-61.22284739869672 -8.24584745221275)
2024,CORTE SELETIVO,C51L41,POINT (-61.23094859900898 -8.241051953339358)
2024,CORTE SELETIVO,C51L41,POINT (-61.21955244582543 -8.240047637947544)
2024,CORTE SELETIVO,C51L41,POINT (-61.213352796306765 -8.239989748032167)
2024,CORTE SELETIVO,C51L41,POINT (-61.22044885360709 -8.239953035210553)
2024,CORTE SELETIVO,C51L41,POINT (-61.2194512910039 -8.239854237600719)
2024,CORTE SELETIVO,C51L41,POINT (-61.21330535782856 -8.239750662770971)
2024,CORTE SELETIVO,C51L41,POINT (-61.21925382408298 -8.23975366948317)
2024,CORTE SELETIVO,C51L41,POINT (-61.20974647512615 -8.239053519503996)
2024,CORTE SELETIVO,C51L41,POINT (-61.206546138993055 -8.238150825720108)
2024,CORTE SELETIVO,C51L41,POINT (-61.21895332487557 -8.237753282217904)
2024,CORTE SELETIVO,C51L41,POINT (-61.218846676576725 -8.237646181269177)
2024,CORTE SELETIVO,C51L41,POINT (-61.2192479759482 -8.235651162484906)
2024,CORTE SELETIVO,C51L41,POINT (-61.22012693795705 -8.235152904116859)
2024,CORTE SELETIVO,C51L41,POINT (-61.22024689852933 -8.234946178089062)
2024,CORTE SELETIVO,C51L41,POINT (-61.20415256451038 -8.232652068241281)
2024,CORTE SELETIVO,C51L41,POINT (-61.20715170444882 -8.232448433284521)
2024,CORTE SELETIVO,C51L41,POINT (-61.2172545014137 -8.23234955478207)
2024,CORTE SELETIVO,C51L41,POINT (-61.21354645012723 -8.232254137075255)
2024,CORTE SELETIVO,C51L41,POINT (-61.20795346222642 -8.232054737380459)
2024,CORTE SELETIVO,C51L41,POINT (-61.208247048670195 -8.231953013474264)
2024,CORTE SELETIVO,C51L41,POINT (-61.20465075640755 -8.22855233377025)
2024,CORTE RASO,C51L41,POINT (-61.20994986284787 -8.190253181156454)
2024,CORTE RASO,C51L41,POINT (-61.209748468705044 -8.185453643378343)
2024,CORTE RASO,C51L41,POINT (-61.20954905608115 -8.184747331242654)
2024,CORTE RASO,C51L41,POINT (-61.20970387597844 -8.18384550793266)
2024,CORTE RASO,C51L41,POINT (-61.20535224168268 -8.183049577624068)
2024,CORTE RASO,C51L41,POINT (-61.206648061120504 -8.182450201617527)
2024,CORTE RASO,C51L41,POINT (-61.21007021553971 -8.181946563605383)
2024,CORTE RASO,C51L41,POINT (-61.210149646779215 -8.181249441327223)
2024,CORTE RASO,C51L41,POINT (-61.207348221227484 -8.18105135443237)
2024,CORTE SELETIVO,C51L41,POINT (-61.19934614041765 -8.234654504657893)
2024,CORTE RASO,C51L41,POINT (-61.20335365232993 -8.18495050396051)
2024,CORTE RASO,C51L41,POINT (-61.200449647075395 -8.184446179907926)
2024,CORTE RASO,C51L41,POINT (-61.20035017508157 -8.184251628614776)
2024,CORTE RASO,C51L41,POINT (-61.202551294684085 -8.18404879562779)
2024,CORTE RASO,C51L41,POINT (-61.19974698350043 -8.183648763566067)
2024,CORTE RASO,C51L41,POINT (-61.19994926245712 -8.183353373815011)
2024,CORTE RASO,C51L41,POINT (-61.199045560602215 -8.181648620390852)
2024,CORTE RASO,C51L41,POINT (-61.17854760349232 -8.103647130514668)
2024,CORTE RASO,C51L41,POINT (-61.174942098151455 -8.102646436091781)
2024,CORTE RASO,C51L41,POINT (-61.17465027233327 -8.102648641286406)
2024,CORTE RASO,C51L41,POINT (-61.175047497324464 -8.102552790224774)
2024,CORTE RASO,C51L41,POINT (-61.17475223428327 -8.101349850958998)
2024,CORTE SELETIVO,C51L41,POINT (-61.161551122277444 -8.249746521632272)
2024,CORTE SELETIVO,C51L41,POINT (-61.153645730721486 -8.249252031014734)
2024,CORTE SELETIVO,C51L41,POINT (-61.16034960766246 -8.247607624283892)
2024,CORTE SELETIVO,C51L41,POINT (-61.114146394325864 -8.246353223730921)
2024,CORTE SELETIVO,C51L41,POINT (-61.16345072208174 -8.245852545162007)
2024,CORTE SELETIVO,C51L41,POINT (-61.164550116584834 -8.245250108375696)
2024,CORTE SELETIVO,C51L41,POINT (-61.154049198313736 -8.244849825625082)
2024,CORTE SELETIVO,C51L41,POINT (-61.15425402701019 -8.244551306531342)
2024,CORTE SELETIVO,C51L41,POINT (-61.15145429240152 -8.244390933608353)
2024,CORTE SELETIVO,C51L41,POINT (-61.1604478842722 -8.244148367642568)
2024,CORTE SELETIVO,C51L41,POINT (-61.11415101094553 -8.243946058600473)
2024,CORTE SELETIVO,C51L41,POINT (-61.15294883058153 -8.243848193569733)
2024,CORTE SELETIVO,C51L41,POINT (-61.148749344063134 -8.243051400006149)
2024,CORTE SELETIVO,C51L41,POINT (-61.14864732473614 -8.241944710482173)
2024,CORTE SELETIVO,C51L41,POINT (-61.15305053903346 -8.241347928539318)
2024,CORTE SELETIVO,C51L41,POINT (-61.111850826101005 -8.238551845776474)
2024,CORTE SELETIVO,C51L41,POINT (-61.11364892305867 -8.234448619263222)
2024,CORTE SELETIVO,C51L41,POINT (-61.11285022578556 -8.234350966551048)
2024,CORTE SELETIVO,C51L41,POINT (-61.10544910643928 -8.23302556346431)
2024,CORTE SELETIVO,C51L41,POINT (-61.10875010309751 -8.231346304282232)
2024,CORTE SELETIVO,C51L41,POINT (-61.12804637791385 -8.2181519437424)
2024,CORTE SELETIVO,C51L41,POINT (-61.15935360288667 -8.109450015067855)
2024,CORTE SELETIVO,C51L41,POINT (-61.19874892873149 -8.234888409793852)
2024,CORTE SELETIVO,C51L41,POINT (-61.20705355074804 -8.233648512189554)
2024,CORTE SELETIVO,C51L41,POINT (-61.14875080913177 -8.24315441223597)
2024,CORTE SELETIVO,C51L41,POINT (-61.148447443409836 -8.241849186016285)
2024,CORTE SELETIVO,C51L41,POINT (-61.115748115038244 -8.231947935866204)
2024,CORTE SELETIVO,C51L41,POINT (-61.12225168578163 -8.22744589211108)
2024,CORTE SELETIVO,C51L41,POINT (-61.17145255868916 -8.198446429359707)
2024,CORTE SELETIVO,C51L41,POINT (-61.171250102089566 -8.198153066808286)
2024,CORTE RASO,C51L41,POINT (-61.17665284463374 -8.10234898485623)
2024,CORTE RASO,C51L41,POINT (-61.17475410407806 -8.101146049570225)
2024,CORTE SELETIVO,C51L41,POINT (-61.22314939364698 -8.23044774477944)
2024,CORTE RASO,C51L41,POINT (-61.21098776932284 -8.186654436273676)
2024,CORTE RASO,C51L41,POINT (-61.21084919884074 -8.18614942745127)
2024,CORTE RASO,C51L41,POINT (-61.210447480389234 -8.185852003718116)
2024,CORTE RASO,C51L41,POINT (-61.209746875885614 -8.185350138068916)
2024,CORTE RASO,C51L41,POINT (-61.20965167671441 -8.184850692973157)
2024,CORTE RASO,C51L41,POINT (-61.20445179932029 -8.184454011036388)
2024,CORTE RASO,C51L41,POINT (-61.20454786914826 -8.184351280351637)
2024,CORTE RASO,C51L41,POINT (-61.2067461727148 -8.18434968154056)
2024,CORTE RASO,C51L41,POINT (-61.20527306141678 -8.182957071968449)
2024,CORTE RASO,C51L41,POINT (-61.2057483308935 -8.182653380403794)
2024,CORTE RASO,C51L41,POINT (-61.20585278915609 -8.181954519560863)
2024,CORTE RASO,C51L41,POINT (-61.207747752176765 -8.18054745238915)
2024,CORTE RASO,C51L41,POINT (-61.20945437149829 -8.179351321469987)
2024,CORTE RASO,C51L41,POINT (-61.2088488993863 -8.179250283683647)
2024,CORTE RASO,C51L41,POINT (-61.20855395225852 -8.179252707411758)
2024,CORTE RASO,C51L41,POINT (-61.20805158078176 -8.179151539219506)
2024,CORTE RASO,C51L41,POINT (-61.207417608810324 -8.17884642398657)
2024,CORTE SELETIVO,C51L41,POINT (-61.19565274520166 -8.239853165653933)
2024,CORTE RASO,C51L41,POINT (-61.178440573645794 -8.103145956874826)
2024,CORTE RASO,C51L41,POINT (-61.1746519237766 -8.101451678358165)
2024,CORTE RASO,C51L41,POINT (-61.17584893943446 -8.098153787454885)
2024,CORTE SELETIVO,C51L41,POINT (-61.160551332343616 -8.249954533786182)
2024,CORTE SELETIVO,C51L41,POINT (-61.162149288325665 -8.249952556236105)
2024,CORTE SELETIVO,C51L41,POINT (-61.160753870221086 -8.249851630284711)
2024,CORTE SELETIVO,C51L41,POINT (-61.160751632896314 -8.249649794497953)
2024,CORTE SELETIVO,C51L41,POINT (-61.16154942207261 -8.249645899270408)
2024,CORTE SELETIVO,C51L41,POINT (-61.16195244914598 -8.24965042236623)
2024,CORTE SELETIVO,C51L41,POINT (-61.153845914559184 -8.24947299780506)
2024,CORTE SELETIVO,C51L41,POINT (-61.153779032095684 -8.24924728517554)
2024,CORTE SELETIVO,C51L41,POINT (-61.15965240055699 -8.248822270181313)
2024,CORTE SELETIVO,C51L41,POINT (-61.160251198679035 -8.248151760641194)
2024,CORTE SELETIVO,C51L41,POINT (-61.157253521660024 -8.247350305855102)
2024,CORTE SELETIVO,C51L41,POINT (-61.15934681564939 -8.24695387829719)
2024,CORTE SELETIVO,C51L41,POINT (-61.155148659795024 -8.246854672269926)
2024,CORTE SELETIVO,C51L41,POINT (-61.155038784856494 -8.246746076240644)
2024,CORTE SELETIVO,C51L41,POINT (-61.16635017056958 -8.246347053750306)
2024,CORTE SELETIVO,C51L41,POINT (-61.154748327960554 -8.24619898175203)
2024,CORTE SELETIVO,C51L41,POINT (-61.15634750734614 -8.246151101687229)
2024,CORTE SELETIVO,C51L41,POINT (-61.159253630918705 -8.245549762362693)
2024,CORTE SELETIVO,C51L41,POINT (-61.154046618142516 -8.244645750359993)
2024,CORTE SELETIVO,C51L41,POINT (-61.15434829805466 -8.244554502675976)
2024,CORTE SELETIVO,C51L41,POINT (-61.15785224247393 -8.244454535209025)
2024,CORTE SELETIVO,C51L41,POINT (-61.154539601656275 -8.24434871221424)
2024,CORTE SELETIVO,C51L41,POINT (-61.15784816878112 -8.244246997931011)
2024,CORTE SELETIVO,C51L41,POINT (-61.15573840348062 -8.244248517302571)
2024,CORTE SELETIVO,C51L41,POINT (-61.15715635713517 -8.244248346404882)
2024,CORTE SELETIVO,C51L41,POINT (-61.16035452916694 -8.244215613956415)
2024,CORTE SELETIVO,C51L41,POINT (-61.15523772248488 -8.243848328175845)
2024,CORTE SELETIVO,C51L41,POINT (-61.15774798723081 -8.243748273036921)
2024,CORTE SELETIVO,C51L41,POINT (-61.157948515626856 -8.243551331011608)
2024,CORTE SELETIVO,C51L41,POINT (-61.15768402711823 -8.243447309906058)
2024,CORTE SELETIVO,C51L41,POINT (-61.156854331275994 -8.24344762727734)
2024,CORTE SELETIVO,C51L41,POINT (-61.158045616891116 -8.243349507381986)
2024,CORTE SELETIVO,C51L41,POINT (-61.15975385628339 -8.242049175196392)
2024,CORTE SELETIVO,C51L41,POINT (-61.15955066891037 -8.241951283175554)
2024,CORTE SELETIVO,C51L41,POINT (-61.15925353696983 -8.241648974524972)
2024,CORTE SELETIVO,C51L41,POINT (-61.160153131954566 -8.241145672904379)
2024,CORTE SELETIVO,C51L41,POINT (-61.160253955137655 -8.240752980958638)
2024,CORTE SELETIVO,C51L41,POINT (-61.159149867755204 -8.110052237348226)
2024,CORTE SELETIVO,C51L41,POINT (-61.153650443652396 -8.249348217568993)
2024,CORTE SELETIVO,C51L41,POINT (-61.14571629931304 -8.249046042685801)
2024,CORTE SELETIVO,C51L41,POINT (-61.152149637729224 -8.247450025213777)
2024,CORTE SELETIVO,C51L41,POINT (-61.13554860865211 -8.244446399759923)
2024,CORTE SELETIVO,C51L41,POINT (-61.151348353878014 -8.244349496107072)
2024,CORTE SELETIVO,C51L41,POINT (-61.15155348854459 -8.244250243153521)
2024,CORTE SELETIVO,C51L41,POINT (-61.15115325302458 -8.244155563183131)
2024,CORTE SELETIVO,C51L41,POINT (-61.1536518893869 -8.244146429475707)
2024,CORTE SELETIVO,C51L41,POINT (-61.15145388108004 -8.243952335758282)
2024,CORTE SELETIVO,C51L41,POINT (-61.152848979172816 -8.243904910685155)
2024,CORTE SELETIVO,C51L41,POINT (-61.15381452690241 -8.243847472207111)
2024,CORTE SELETIVO,C51L41,POINT (-61.151548917506986 -8.24235120035086)
2024,CORTE SELETIVO,C51L41,POINT (-61.15114858320472 -8.242350830775326)
2024,CORTE SELETIVO,C51L41,POINT (-61.15134755378375 -8.242348386995987)
2024,CORTE SELETIVO,C51L41,POINT (-61.151253299807216 -8.242250402366952)
2024,CORTE SELETIVO,C51L41,POINT (-61.148806591577916 -8.24205067651796)
2024,CORTE SELETIVO,C51L41,POINT (-61.14865418745455 -8.241550352521479)
2024,CORTE SELETIVO,C51L41,POINT (-61.14865415855018 -8.241254332510913)
2024,CORTE SELETIVO,C51L41,POINT (-61.12115306731866 -8.235247991871072)
2024,CORTE SELETIVO,C51L41,POINT (-61.12204698901087 -8.234048347691695)
2024,CORTE SELETIVO,C51L41,POINT (-61.12195193496861 -8.233946908962169)
2024,CORTE SELETIVO,C51L41,POINT (-61.12224710916917 -8.232853193748216)
2024,CORTE SELETIVO,C51L41,POINT (-61.12295422298111 -8.23105111314016)
2024,CORTE SELETIVO,C51L41,POINT (-61.12195216672656 -8.231053582620051)
2024,CORTE SELETIVO,C51L41,POINT (-61.12255438273417 -8.22744923159826)
2024,CORTE SELETIVO,C51L41,POINT (-61.122846199567256 -8.22604774539655)
2024,CORTE SELETIVO,C51L41,POINT (-61.121875919036874 -8.225450315243869)
2024,CORTE SELETIVO,C51L41,POINT (-61.12285356060243 -8.225252865334728)
2024,CORTE SELETIVO,C51L41,POINT (-61.1227544294022 -8.22515093458844)
2024,CORTE SELETIVO,C51L41,POINT (-61.125545377972685 -8.222749005313188)
2024,CORTE SELETIVO,C51L41,POINT (-61.12475120120423 -8.222251401000575)
2024,CORTE SELETIVO,C51L41,POINT (-61.124552780499315 -8.22214767472769)
2024,CORTE SELETIVO,C51L41,POINT (-61.12815013212582 -8.22055402041502)
2024,CORTE SELETIVO,C51L41,POINT (-61.12294939383289 -8.21804525402023)
2024,CORTE SELETIVO,C51L41,POINT (-61.12295084605948 -8.217853916281571)
2024,CORTE SELETIVO,C51L41,POINT (-61.12464728707823 -8.217151396676774)
2024,CORTE SELETIVO,C51L41,POINT (-61.12424988827502 -8.217046875264534)
2024,CORTE SELETIVO,C51L41,POINT (-61.11975172334617 -8.216147044458314)
2024,CORTE SELETIVO,C51L41,POINT (-61.12005281554013 -8.216146742128121)
2024,CORTE SELETIVO,C51L41,POINT (-61.119545528715115 -8.216045226159629)
2024,CORTE SELETIVO,C51L41,POINT (-61.11955370640508 -8.215753270880072)
2024,CORTE SELETIVO,C51L41,POINT (-61.11955277565056 -8.215353204360238)
2024,CORTE SELETIVO,C51L41,POINT (-61.115850754258354 -8.247148811679208)
2024,CORTE SELETIVO,C51L41,POINT (-61.11558620340188 -8.247053780405116)
2024,CORTE SELETIVO,C51L41,POINT (-61.115847934166524 -8.246951190222058)
2024,CORTE SELETIVO,C51L41,POINT (-61.11844607640068 -8.241650320366913)
2024,CORTE SELETIVO,C51L41,POINT (-61.11815125426188 -8.239552515586002)
2024,CORTE SELETIVO,C51L41,POINT (-61.11795363122591 -8.239549104624233)
2024,CORTE SELETIVO,C51L41,POINT (-61.11544821632775 -8.239153579679785)
2024,CORTE SELETIVO,C51L41,POINT (-61.115251273167935 -8.239152432149588)
2024,CORTE SELETIVO,C51L41,POINT (-61.11785055773922 -8.239048654615427)
2024,CORTE SELETIVO,C51L41,POINT (-61.11544830922847 -8.238553307867743)
2024,CORTE SELETIVO,C51L41,POINT (-61.11825050563114 -8.237750758553899)
2024,CORTE SELETIVO,C51L41,POINT (-61.115629571337145 -8.23695370115172)
2024,CORTE SELETIVO,C51L41,POINT (-61.11744882627434 -8.236251719904532)
2024,CORTE SELETIVO,C51L41,POINT (-61.116046339722175 -8.234852372914146)
2024,CORTE SELETIVO,C51L41,POINT (-61.1169543365606 -8.234649895745385)
2024,CORTE SELETIVO,C51L41,POINT (-61.11515030821221 -8.233549203101276)
2024,CORTE SELETIVO,C51L41,POINT (-61.11794778581206 -8.230650958503281)
2024,CORTE SELETIVO,C51L41,POINT (-61.11682120497833 -8.230446022959145)
2024,CORTE SELETIVO,C51L41,POINT (-61.11564887049598 -8.230252893632136)
2024,CORTE SELETIVO,C51L41,POINT (-61.1165470941648 -8.230049980639016)
2024,CORTE SELETIVO,C51L41,POINT (-61.11725427985489 -8.22954949706385)
2024,CORTE SELETIVO,C51L41,POINT (-61.11554730433431 -8.22854944819343)
2024,CORTE SELETIVO,C51L41,POINT (-61.115353028966176 -8.228453569168034)
2024,CORTE SELETIVO,C51L41,POINT (-61.11946290370567 -8.228354716590713)
2024,CORTE SELETIVO,C51L41,POINT (-61.115750579631985 -8.228146797312776)
2024,CORTE SELETIVO,C51L41,POINT (-61.115447356863314 -8.227950900220613)
2024,CORTE SELETIVO,C51L41,POINT (-61.11825126809924 -8.22724612167185)
2024,CORTE SELETIVO,C51L41,POINT (-61.1158457822403 -8.226350592500168)
2024,CORTE SELETIVO,C51L41,POINT (-61.11605378156552 -8.225946109235489)
2024,CORTE SELETIVO,C51L41,POINT (-61.11624788571163 -8.225154316400328)
2024,CORTE SELETIVO,C51L41,POINT (-61.11625210572257 -8.22495208042914)
2024,CORTE SELETIVO,C51L41,POINT (-61.11645297519199 -8.224253585385949)
2024,CORTE SELETIVO,C51L41,POINT (-61.11665308879663 -8.223751395889089)
2024,CORTE SELETIVO,C51L41,POINT (-61.116646850099634 -8.223349660988374)
2024,CORTE SELETIVO,C51L41,POINT (-61.11795091467568 -8.222549105351414)
2024,CORTE SELETIVO,C51L41,POINT (-61.11695417423341 -8.222451477251882)
2024,CORTE SELETIVO,C51L41,POINT (-61.11705177044138 -8.222253180229112)
2024,CORTE SELETIVO,C51L41,POINT (-61.11705406753347 -8.22205243662241)
2024,CORTE SELETIVO,C51L41,POINT (-61.119253895635595 -8.221847565369943)
2024,CORTE SELETIVO,C51L41,POINT (-61.11824690272063 -8.2201492360166)
2024,CORTE SELETIVO,C51L41,POINT (-61.117551943554865 -8.22005131001056)
2024,CORTE SELETIVO,C51L41,POINT (-61.11874643145874 -8.219047975913229)
2024,CORTE SELETIVO,C51L41,POINT (-61.11795273249236 -8.218945976333664)
2024,CORTE SELETIVO,C51L41,POINT (-61.118451990568616 -8.21864646691997)
2024,CORTE SELETIVO,C51L41,POINT (-61.11832585845715 -8.21765400118664)
2024,CORTE SELETIVO,C51L41,POINT (-61.11834963316297 -8.217353575565431)
2024,CORTE SELETIVO,C51L41,POINT (-61.11475157917402 -8.246950251118484)
2024,CORTE SELETIVO,C51L41,POINT (-61.11465088086097 -8.24685126633932)
2024,CORTE SELETIVO,C51L41,POINT (-61.114046471119394 -8.243646653913585)
2024,CORTE SELETIVO,C51L41,POINT (-61.113415132505004 -8.243446576172511)
2024,CORTE SELETIVO,C51L41,POINT (-61.10816154534438 -8.242751616389342)
2024,CORTE SELETIVO,C51L41,POINT (-61.11134874233662 -8.241746708981033)
2024,CORTE SELETIVO,C51L41,POINT (-61.11474763150176 -8.238948975733814)
2024,CORTE SELETIVO,C51L41,POINT (-61.11450660872482 -8.23895352833265)
2024,CORTE SELETIVO,C51L41,POINT (-61.11264698743582 -8.238845355041102)
2024,CORTE SELETIVO,C51L41,POINT (-61.112017068828195 -8.238548897672636)
2024,CORTE SELETIVO,C51L41,POINT (-61.1129494422475 -8.238454203324132)
2024,CORTE SELETIVO,C51L41,POINT (-61.10735069091909 -8.23824903557015)
2024,CORTE SELETIVO,C51L41,POINT (-61.10734973573951 -8.23804542196861)
2024,CORTE SELETIVO,C51L41,POINT (-61.11114757501743 -8.237647843235754)
2024,CORTE SELETIVO,C51L41,POINT (-61.1134473987568 -8.237450835321425)
2024,CORTE SELETIVO,C51L41,POINT (-61.10595042206848 -8.237451309403305)
2024,CORTE SELETIVO,C51L41,POINT (-61.10565153717502 -8.237346608329995)
2024,CORTE SELETIVO,C51L41,POINT (-61.113045994969305 -8.237049299119318)
2024,CORTE SELETIVO,C51L41,POINT (-61.11325258063313 -8.237053466216196)
2024,CORTE SELETIVO,C51L41,POINT (-61.113854285652515 -8.236848864049641)
2024,CORTE SELETIVO,C51L41,POINT (-61.11374690091217 -8.236751656025934)
2024,CORTE SELETIVO,C51L41,POINT (-61.10824554934918 -8.236651969099595)
2024,CORTE SELETIVO,C51L41,POINT (-61.113846852982356 -8.236549456337077)
2024,CORTE SELETIVO,C51L41,POINT (-61.10815283153056 -8.236548252633511)
2024,CORTE SELETIVO,C51L41,POINT (-61.10635037079939 -8.236445711067656)
2024,CORTE SELETIVO,C51L41,POINT (-61.11308168397406 -8.2364460372523)
2024,CORTE SELETIVO,C51L41,POINT (-61.11474947444326 -8.23614796721077)
2024,CORTE SELETIVO,C51L41,POINT (-61.110350415867 -8.236154198987544)
2024,CORTE SELETIVO,C51L41,POINT (-61.110550378054114 -8.236052930124988)
2024,CORTE SELETIVO,C51L41,POINT (-61.10535330466214 -8.236049088981208)
2024,CORTE SELETIVO,C51L41,POINT (-61.11294645954705 -8.235450071930945)
2024,CORTE SELETIVO,C51L41,POINT (-61.114546462256705 -8.235053181615537)
2024,CORTE SELETIVO,C51L41,POINT (-61.11465098684502 -8.234848129491297)
2024,CORTE SELETIVO,C51L41,POINT (-61.10454929531468 -8.234753243369493)
2024,CORTE SELETIVO,C51L41,POINT (-61.104752948375925 -8.234754700608784)
2024,CORTE SELETIVO,C51L41,POINT (-61.114350107931195 -8.234748271463353)
2024,CORTE SELETIVO,C51L41,POINT (-61.112852517636924 -8.23454558520938)
2024,CORTE SELETIVO,C51L41,POINT (-61.11385055315329 -8.234551045525205)
2024,CORTE SELETIVO,C51L41,POINT (-61.113651930410256 -8.234546198300182)
2024,CORTE SELETIVO,C51L41,POINT (-61.113549254066655 -8.234354523844601)
2024,CORTE SELETIVO,C51L41,POINT (-61.11294012773588 -8.234225374839799)
2024,CORTE SELETIVO,C51L41,POINT (-61.105049153662755 -8.234251738075182)
2024,CORTE SELETIVO,C51L41,POINT (-61.11044912149887 -8.233920256142781)
2024,CORTE SELETIVO,C51L41,POINT (-61.11064566820849 -8.23384862971474)
2024,CORTE SELETIVO,C51L41,POINT (-61.11144669374436 -8.233849228921258)
2024,CORTE SELETIVO,C51L41,POINT (-61.11020326992701 -8.233745462014227)
2024,CORTE SELETIVO,C51L41,POINT (-61.113651216873144 -8.233551210695872)
2024,CORTE SELETIVO,C51L41,POINT (-61.10594679575005 -8.233154209917458)
2024,CORTE SELETIVO,C51L41,POINT (-61.10574709004137 -8.233047793037693)
2024,CORTE SELETIVO,C51L41,POINT (-61.113153116655035 -8.232952577695956)
2024,CORTE SELETIVO,C51L41,POINT (-61.10556266436192 -8.232948034274367)
2024,CORTE SELETIVO,C51L41,POINT (-61.10535139695993 -8.232947187690085)
2024,CORTE SELETIVO,C51L41,POINT (-61.11465358999563 -8.232847431910011)
2024,CORTE SELETIVO,C51L41,POINT (-61.114752254660345 -8.23235293612008)
2024,CORTE SELETIVO,C51L41,POINT (-61.096349782243536 -8.231153018895759)
2024,CORTE SELETIVO,C51L41,POINT (-61.105347924433204 -8.230752409397809)
2024,CORTE SELETIVO,C51L41,POINT (-61.113653734826364 -8.230051248619931)
2024,CORTE SELETIVO,C51L41,POINT (-61.11355124904579 -8.229946124303702)
2024,CORTE SELETIVO,C51L41,POINT (-61.11504935970879 -8.229945708096976)
2024,CORTE SELETIVO,C51L41,POINT (-61.11304543560421 -8.22955428707331)
2024,CORTE SELETIVO,C51L41,POINT (-61.104946385883004 -8.228306710932634)
2024,CORTE RASO,C51L41,POINT (-61.20754876621779 -8.180548381597937)
2024,CORTE SELETIVO,C51L41,POINT (-61.108348760834666 -8.23195234151833)
2024,CORTE SELETIVO,C51L41,POINT (-61.126848389593974 -8.222547490872302)
2024,CORTE SELETIVO,C51L41,POINT (-61.11864762308006 -8.222054439400559)
2024,CORTE SELETIVO,C51L41,POINT (-61.118351802798216 -8.22194594205399)
2024,CORTE SELETIVO,C51L41,POINT (-61.17125145313179 -8.198051471484463)
2024,CORTE RASO,C51L41,POINT (-61.177847541925665 -8.102248801806644)
2024,CORTE RASO,C51L41,POINT (-61.20615079888028 -8.18044598500907)
2024,CORTE SELETIVO,C51L41,POINT (-61.11855148446286 -8.221849116617017)
2024,CORTE SELETIVO,C51L41,POINT (-61.17145418614683 -8.19855279940696)
2024,CORTE SELETIVO,C51L41,POINT (-61.21325234225753 -8.239953433111566)
2024,CORTE SELETIVO,C51L41,POINT (-61.209754426376705 -8.239225801732859)
2024,CORTE SELETIVO,C51L41,POINT (-61.2105537745684 -8.239148681635536)
2024,CORTE SELETIVO,C51L41,POINT (-61.20984716803797 -8.239045629504275)
2024,CORTE SELETIVO,C51L41,POINT (-61.20704638133953 -8.237853239863082)
2024,CORTE SELETIVO,C51L41,POINT (-61.207952246704345 -8.231948675946972)
2024,CORTE SELETIVO,C51L41,POINT (-61.223251971782254 -8.230452150306002)
2024,CORTE RASO,C51L41,POINT (-61.210348288804234 -8.19144892361651)
2024,CORTE RASO,C51L41,POINT (-61.21004843136325 -8.190948240533267)
2024,CORTE RASO,C51L41,POINT (-61.21004832251282 -8.190752690415037)
2024,CORTE RASO,C51L41,POINT (-61.20995048693637 -8.190448937714168)
2024,CORTE RASO,C51L41,POINT (-61.20985239346671 -8.189951985073622)
2024,CORTE RASO,C51L41,POINT (-61.209546265492115 -8.189549977826358)
2024,CORTE RASO,C51L41,POINT (-61.209551963660665 -8.189147432643807)
2024,CORTE RASO,C51L41,POINT (-61.21134736633169 -8.18723137478887)
2024,CORTE RASO,C51L41,POINT (-61.21054591171115 -8.185951274266456)
2024,CORTE RASO,C51L41,POINT (-61.21014775131894 -8.185648345357535)
2024,CORTE RASO,C51L41,POINT (-61.209849765289455 -8.185453096891523)
2024,CORTE RASO,C51L41,POINT (-61.20975194887651 -8.185246844260334)
2024,CORTE RASO,C51L41,POINT (-61.20965416624378 -8.184956303415499)
2024,CORTE RASO,C51L41,POINT (-61.20844589611283 -8.18225077648735)
2024,CORTE RASO,C51L41,POINT (-61.21014960891894 -8.181795895225157)
2024,CORTE RASO,C51L41,POINT (-61.20745388611971 -8.181052182071294)
2024,CORTE RASO,C51L41,POINT (-61.21015286815966 -8.1808526234449)
2024,CORTE RASO,C51L41,POINT (-61.20934729971112 -8.179448044376716)
2024,CORTE RASO,C51L41,POINT (-61.20914727675927 -8.179451842754709)
2024,CORTE RASO,C51L41,POINT (-61.20894631156498 -8.179246308649978)
2024,CORTE RASO,C51L41,POINT (-61.208725869050376 -8.179248732813704)
2024,CORTE RASO,C51L41,POINT (-61.20845298719 -8.179246218269634)
2024,CORTE RASO,C51L41,POINT (-61.20884686143017 -8.179147130161601)
2024,CORTE RASO,C51L41,POINT (-61.20785137925234 -8.179046047772319)
2024,CORTE SELETIVO,C51L41,POINT (-61.20364584550838 -8.24444896271681)
2024,CORTE SELETIVO,C51L41,POINT (-61.2050523417321 -8.24035030162234)
2024,CORTE SELETIVO,C51L41,POINT (-61.20595172625158 -8.23435461997916)
2024,CORTE SELETIVO,C51L41,POINT (-61.20234915961821 -8.23424823939032)
2024,CORTE RASO,C51L41,POINT (-61.20170568989645 -8.184842313049282)
2024,CORTE RASO,C51L41,POINT (-61.20265278916374 -8.18474722486393)
2024,CORTE RASO,C51L41,POINT (-61.20235345472787 -8.184754667149246)
2024,CORTE RASO,C51L41,POINT (-61.20334723554141 -8.18465252752709)
2024,CORTE RASO,C51L41,POINT (-61.20225244442779 -8.18462546850454)
2024,CORTE RASO,C51L41,POINT (-61.202450020326125 -8.1845504965581)
2024,CORTE RASO,C51L41,POINT (-61.20105024559363 -8.184448482277235)
2024,CORTE RASO,C51L41,POINT (-61.201748842480505 -8.184348577454854)
2024,CORTE RASO,C51L41,POINT (-61.20284579882725 -8.184348182767097)
2024,CORTE RASO,C51L41,POINT (-61.20675067007777 -8.184250770855472)
2024,CORTE RASO,C51L41,POINT (-61.20114252752073 -8.184249189075008)
2024,CORTE RASO,C51L41,POINT (-61.20095151341691 -8.184154174622199)
2024,CORTE RASO,C51L41,POINT (-61.200445393560706 -8.184151909298789)
2024,CORTE RASO,C51L41,POINT (-61.20245227561198 -8.184046095139697)
2024,CORTE RASO,C51L41,POINT (-61.201390715984076 -8.183951257070024)
2024,CORTE RASO,C51L41,POINT (-61.20002935895346 -8.183745470717739)
2024,CORTE RASO,C51L41,POINT (-61.19974578019601 -8.183375274084234)
2024,CORTE RASO,C51L41,POINT (-61.19975181517123 -8.183050254211073)
2024,CORTE RASO,C51L41,POINT (-61.20655300834306 -8.18245196705798)
2024,CORTE SELETIVO,C51L41,POINT (-61.197253216926654 -8.240750464033958)
2024,CORTE SELETIVO,C51L41,POINT (-61.19955370014218 -8.234348368094286)
2024,CORTE SELETIVO,C51L41,POINT (-61.19875445638897 -8.233846313133666)
2024,CORTE SELETIVO,C51L41,POINT (-61.199546250926794 -8.232750532103063)
2024,CORTE RASO,C51L41,POINT (-61.199549992149514 -8.182945646917597)
2024,CORTE RASO,C51L41,POINT (-61.19948387078113 -8.18204933609845)
2024,CORTE RASO,C51L41,POINT (-61.19955057112503 -8.181854748359456)
2024,CORTE RASO,C51L41,POINT (-61.19905298833974 -8.181347368854635)
2024,CORTE RASO,C51L41,POINT (-61.17417433131159 -8.100951717919912)
2024,CORTE SELETIVO,C51L41,POINT (-61.16225403275153 -8.249954763469287)
2024,CORTE SELETIVO,C51L41,POINT (-61.16054955205869 -8.249848859960965)
2024,CORTE SELETIVO,C51L41,POINT (-61.16434835466347 -8.24965420039799)
2024,CORTE SELETIVO,C51L41,POINT (-61.153853886232916 -8.249349363868486)
2024,CORTE SELETIVO,C51L41,POINT (-61.160850819915616 -8.249251839136031)
2024,CORTE SELETIVO,C51L41,POINT (-61.14587885516995 -8.249047531477263)
2024,CORTE SELETIVO,C51L41,POINT (-61.14575251790205 -8.2489535195149)
2024,CORTE SELETIVO,C51L41,POINT (-61.14555396429753 -8.24894849407982)
2024,CORTE SELETIVO,C51L41,POINT (-61.15975397397245 -8.248849330200937)
2024,CORTE SELETIVO,C51L41,POINT (-61.160346726924736 -8.247749829157254)
2024,CORTE SELETIVO,C51L41,POINT (-61.159854428812935 -8.247346263638043)
2024,CORTE SELETIVO,C51L41,POINT (-61.160452910341036 -8.247248679061117)
2024,CORTE SELETIVO,C51L41,POINT (-61.16016520734403 -8.247153204811683)
2024,CORTE SELETIVO,C51L41,POINT (-61.16664710903946 -8.246553402042784)
2024,CORTE SELETIVO,C51L41,POINT (-61.16055159396322 -8.246450511032128)
2024,CORTE SELETIVO,C51L41,POINT (-61.166352995231335 -8.246248757610056)
2024,CORTE SELETIVO,C51L41,POINT (-61.15835386581346 -8.246053309870941)
2024,CORTE SELETIVO,C51L41,POINT (-61.16305205476527 -8.24594815075407)
2024,CORTE SELETIVO,C51L41,POINT (-61.16544767230911 -8.24475327076174)
2024,CORTE SELETIVO,C51L41,POINT (-61.15905243721976 -8.244447483013229)
2024,CORTE SELETIVO,C51L41,POINT (-61.15714844392136 -8.244351314424355)
2024,CORTE SELETIVO,C51L41,POINT (-61.16034856242794 -8.244345621740461)
2024,CORTE SELETIVO,C51L41,POINT (-61.15684829294139 -8.24425292128766)
2024,CORTE SELETIVO,C51L41,POINT (-61.1565525125241 -8.244254769308446)
2024,CORTE SELETIVO,C51L41,POINT (-61.16045245872057 -8.24404973472649)
2024,CORTE SELETIVO,C51L41,POINT (-61.15153688941818 -8.244030966766028)
2024,CORTE SELETIVO,C51L41,POINT (-61.14780120803144 -8.243849987609218)
2024,CORTE SELETIVO,C51L41,POINT (-61.1578528857667 -8.243546074881582)
2024,CORTE SELETIVO,C51L41,POINT (-61.15985016448264 -8.242250418654413)
2024,CORTE SELETIVO,C51L41,POINT (-61.16165363970627 -8.242049848686996)
2024,CORTE SELETIVO,C51L41,POINT (-61.16674992979072 -8.241947444163756)
2024,CORTE SELETIVO,C51L41,POINT (-61.14875251457871 -8.241923812069903)
2024,CORTE SELETIVO,C51L41,POINT (-61.14864726089093 -8.241751263833873)
2024,CORTE SELETIVO,C51L41,POINT (-61.15304886677812 -8.241245837467291)
2024,CORTE SELETIVO,C51L41,POINT (-61.12585096517866 -8.222182971845358)
2024,CORTE SELETIVO,C51L41,POINT (-61.12674641165367 -8.217749143331787)
2024,CORTE SELETIVO,C51L41,POINT (-61.158848463096774 -8.111253402002493)
2024,CORTE SELETIVO,C51L41,POINT (-61.16004935130926 -8.107954123202603)
2024,CORTE SELETIVO,C51L41,POINT (-61.159948481651085 -8.107849103801028)
2024,CORTE SELETIVO,C51L41,POINT (-61.115754090764256 -8.247151979475465)
2024,CORTE SELETIVO,C51L41,POINT (-61.11464787355787 -8.246645627110071)
2024,CORTE SELETIVO,C51L41,POINT (-61.114753985616304 -8.246552313192888)
2024,CORTE SELETIVO,C51L41,POINT (-61.114550746226556 -8.246346581283744)
2024,CORTE SELETIVO,C51L41,POINT (-61.11264540989823 -8.244751594346061)
2024,CORTE SELETIVO,C51L41,POINT (-61.11414838506944 -8.243648341814493)
2024,CORTE SELETIVO,C51L41,POINT (-61.11135312229288 -8.243050474424685)
2024,CORTE SELETIVO,C51L41,POINT (-61.108349901621075 -8.242847961412217)
2024,CORTE SELETIVO,C51L41,POINT (-61.11825384773579 -8.239547595587721)
2024,CORTE SELETIVO,C51L41,POINT (-61.11184238025599 -8.238648183234183)
2024,CORTE SELETIVO,C51L41,POINT (-61.11285180745764 -8.238552820866067)
2024,CORTE SELETIVO,C51L41,POINT (-61.11535145892765 -8.238448174219462)
2024,CORTE SELETIVO,C51L41,POINT (-61.115652853390614 -8.238246761506552)
2024,CORTE SELETIVO,C51L41,POINT (-61.11284848576798 -8.23804930707791)
2024,CORTE SELETIVO,C51L41,POINT (-61.107245463116215 -8.237849104973495)
2024,CORTE SELETIVO,C51L41,POINT (-61.113350422123474 -8.23744586312652)
2024,CORTE SELETIVO,C51L41,POINT (-61.105754391412326 -8.23740737550228)
2024,CORTE SELETIVO,C51L41,POINT (-61.108148783410435 -8.23664569546359)
2024,CORTE SELETIVO,C51L41,POINT (-61.114845816130405 -8.236352748589765)
2024,CORTE SELETIVO,C51L41,POINT (-61.120253854809334 -8.235753213619866)
2024,CORTE SELETIVO,C51L41,POINT (-61.10704962832743 -8.235451038083585)
2024,CORTE SELETIVO,C51L41,POINT (-61.11455047517275 -8.234749448481974)
2024,CORTE SELETIVO,C51L41,POINT (-61.113852355202404 -8.234446744077438)
2024,CORTE SELETIVO,C51L41,POINT (-61.11364959256734 -8.234271052976581)
2024,CORTE SELETIVO,C51L41,POINT (-61.11065408855326 -8.233951908427503)
2024,CORTE SELETIVO,C51L41,POINT (-61.1115524826173 -8.23385017833732)
2024,CORTE SELETIVO,C51L41,POINT (-61.110747731364995 -8.233848780992908)
2024,CORTE SELETIVO,C51L41,POINT (-61.10615003925206 -8.233046702159996)
2024,CORTE SELETIVO,C51L41,POINT (-61.10565331588076 -8.233045471602583)
2024,CORTE SELETIVO,C51L41,POINT (-61.10794762812453 -8.232947375170886)
2024,CORTE SELETIVO,C51L41,POINT (-61.1054477465527 -8.232850905757479)
2024,CORTE SELETIVO,C51L41,POINT (-61.11454671800743 -8.232848497054722)
2024,CORTE SELETIVO,C51L41,POINT (-61.12265396287018 -8.232154665315052)
2024,CORTE SELETIVO,C51L41,POINT (-61.10885112170023 -8.231351904893636)
2024,CORTE SELETIVO,C51L41,POINT (-61.12345457802893 -8.230748385450585)
2024,CORTE SELETIVO,C51L41,POINT (-61.11365437310701 -8.22995043693414)
2024,CORTE SELETIVO,C51L41,POINT (-61.11345182254481 -8.229948925118862)
2024,CORTE SELETIVO,C51L41,POINT (-61.114346123228735 -8.22884844237402)
2024,CORTE SELETIVO,C51L41,POINT (-61.12305123868743 -8.227249434838743)
2024,CORTE SELETIVO,C51L41,POINT (-61.116152918161724 -8.22585130007342)
2024,CORTE SELETIVO,C51L41,POINT (-61.11654562170386 -8.224248155484931)
2024,CORTE SELETIVO,C51L41,POINT (-61.116853623603646 -8.223946550436692)
2024,CORTE SELETIVO,C51L41,POINT (-61.124980997344416 -8.220152583402918)
2024,CORTE SELETIVO,C51L41,POINT (-61.11794919895008 -8.21875352035304)
2024,CORTE SELETIVO,C51L41,POINT (-61.125154033468064 -8.21791173300938)
2024,CORTE SELETIVO,C51L41,POINT (-61.12465309910367 -8.217246272931165)
2024,CORTE SELETIVO,C51L41,POINT (-61.124290816935996 -8.21694947480199)
2024,CORTE SELETIVO,C51L41,POINT (-61.11864691280606 -8.21650587747947)
2024,CORTE SELETIVO,C51L41,POINT (-61.11995259856886 -8.216148846339038)
2024,CORTE SELETIVO,C51L41,POINT (-61.11975016881349 -8.215352956754446)
2024,CORTE SELETIVO,C51L41,POINT (-61.215846221988016 -8.236250125345197)
2024,CORTE SELETIVO,C51L41,POINT (-61.190054331480546 -8.18795299948998)
2024,CORTE SELETIVO,C51L41,POINT (-61.15315258741332 -8.241250701951936)
2024,CORTE SELETIVO,C51L41,POINT (-61.11494736290828 -8.23444826235766)
2024,CORTE SELETIVO,C51L41,POINT (-61.118445671531056 -8.221845698581939)
2024,CORTE SELETIVO,C51L41,POINT (-61.12394961312946 -8.217051708791935)
2024,CORTE SELETIVO,C51L41,POINT (-61.14874923696748 -8.243247578622556)
2024,CORTE SELETIVO,C51L41,POINT (-61.1129511755516 -8.238654546065415)
2024,CORTE SELETIVO,C51L41,POINT (-61.112952297508855 -8.236549185149139)
2024,CORTE SELETIVO,C51L41,POINT (-61.12565002513023 -8.223047043947886)
2024,CORTE SELETIVO,C51L41,POINT (-61.12554736839762 -8.222846281942797)
2024,CORTE SELETIVO,C51L41,POINT (-61.123753290872344 -8.216850798260918)
2024,CORTE RASO,C51L41,POINT (-61.17794575054787 -8.102346965774748)
2024,CORTE SELETIVO,C51L41,POINT (-61.20704686875506 -8.233554378816953)
2024,CORTE SELETIVO,C51L41,POINT (-61.109349966689166 -8.239245852967372)
2024,CORTE SELETIVO,C51L41,POINT (-61.11555267084385 -8.238249353829328)
2024,CORTE SELETIVO,C51L41,POINT (-61.10595376384921 -8.236447050845202)
2024,CORTE SELETIVO,C51L41,POINT (-61.122445814786445 -8.227354356142643)
2024,CORTE SELETIVO,C51L41,POINT (-61.2067544732438 -8.246149918389813)
2024,CORTE SELETIVO,C51L41,POINT (-61.2198510265076 -8.244485878912144)
2024,CORTE SELETIVO,C51L41,POINT (-61.211752767538485 -8.237848153262318)
2024,CORTE SELETIVO,C51L41,POINT (-61.22725672416715 -8.237779172873458)
2024,CORTE SELETIVO,C51L41,POINT (-61.21945187560028 -8.235147830653908)
2024,CORTE SELETIVO,C51L41,POINT (-61.219507695103346 -8.234850022010141)
2024,CORTE SELETIVO,C51L41,POINT (-61.21935369164746 -8.234746830286085)
2024,CORTE SELETIVO,C51L41,POINT (-61.21695219190749 -8.232252745340995)
2024,CORTE SELETIVO,C51L41,POINT (-61.21685050205801 -8.232046950848497)
2024,CORTE RASO,C51L41,POINT (-61.20744731598418 -8.211547042314377)
2024,CORTE RASO,C51L41,POINT (-61.21055393995658 -8.18584686259338)
2024,CORTE RASO,C51L41,POINT (-61.210251428224424 -8.185651591121157)
2024,CORTE SELETIVO,C51L41,POINT (-61.19575123630154 -8.23984813360255)
2024,CORTE SELETIVO,C51L41,POINT (-61.203150438515884 -8.2286481337661)
2024,CORTE RASO,C51L41,POINT (-61.204651905623145 -8.208846156120542)
2024,CORTE RASO,C51L41,POINT (-61.20474759075969 -8.208745248490079)
2024,CORTE RASO,C51L41,POINT (-61.20494870401296 -8.20864622725486)
2024,CORTE RASO,C51L41,POINT (-61.203873104491024 -8.184952692863837)
2024,CORTE RASO,C51L41,POINT (-61.20264490741568 -8.18493664608353)
2024,CORTE RASO,C51L41,POINT (-61.20554587041591 -8.182747432716326)
2024,CORTE RASO,C51L41,POINT (-61.20574042481624 -8.182546841638317)
2024,CORTE RASO,C51L41,POINT (-61.20634892642366 -8.182449918607825)
2024,CORTE RASO,C51L41,POINT (-61.20584771860852 -8.182453614222444)
2024,CORTE RASO,C51L41,POINT (-61.18965056026729 -8.113353681155901)
2024,CORTE RASO,C51L41,POINT (-61.178252735231624 -8.103052753332205)
2024,CORTE RASO,C51L41,POINT (-61.17795400459494 -8.10244928362215)
2024,CORTE RASO,C51L41,POINT (-61.177745717287266 -8.102446570819597)
2024,CORTE RASO,C51L41,POINT (-61.17784951960096 -8.102353748774835)
2024,CORTE SELETIVO,C51L41,POINT (-61.16654241725706 -8.2446807346668)
2024,CORTE SELETIVO,C51L41,POINT (-61.16055447820907 -8.243553567270158)
2024,CORTE SELETIVO,C51L41,POINT (-61.16044705088657 -8.243449275271372)
2024,CORTE SELETIVO,C51L41,POINT (-61.17169182738212 -8.198448169420653)
2024,CORTE SELETIVO,C51L41,POINT (-61.17115131030999 -8.197973023346318)
2024,CORTE SELETIVO,C51L41,POINT (-61.162353805088514 -8.115646526668101)
2024,CORTE SELETIVO,C51L41,POINT (-61.1575509690817 -8.114249426118352)
2024,CORTE SELETIVO,C51L41,POINT (-61.15994765821211 -8.110946867265177)
2024,CORTE RASO,C51L41,POINT (-61.17724616815721 -8.098448362605382)
2024,CORTE SELETIVO,C51L41,POINT (-61.1425579406902 -8.24849997935873)
2024,CORTE SELETIVO,C51L41,POINT (-61.151149079903476 -8.24485121604939)
2024,CORTE SELETIVO,C51L41,POINT (-61.15294887143778 -8.243751547460683)
2024,CORTE SELETIVO,C51L41,POINT (-61.153053606343654 -8.243652001323506)
2024,CORTE SELETIVO,C51L41,POINT (-61.148847784587964 -8.243130704289001)
2024,CORTE SELETIVO,C51L41,POINT (-61.11824821022705 -8.241746718915918)
2024,CORTE SELETIVO,C51L41,POINT (-61.121077592156205 -8.23505244129874)
2024,CORTE SELETIVO,C51L41,POINT (-61.1210534929634 -8.22975138358324)
2024,CORTE SELETIVO,C51L41,POINT (-61.122350520508355 -8.227349198873075)
2024,CORTE SELETIVO,C51L41,POINT (-61.12445129215652 -8.226861860385783)
2024,CORTE SELETIVO,C51L41,POINT (-61.124352542090875 -8.22664703383301)
2024,CORTE SELETIVO,C51L41,POINT (-61.122355789756966 -8.223804142711371)
2024,CORTE SELETIVO,C51L41,POINT (-61.12245434656924 -8.223445584301322)
2024,CORTE SELETIVO,C51L41,POINT (-61.12265019910026 -8.223437696257127)
2024,CORTE SELETIVO,C51L41,POINT (-61.11794804829909 -8.223176280251142)
2024,CORTE SELETIVO,C51L41,POINT (-61.125853571704845 -8.222954751864242)
2024,CORTE SELETIVO,C51L41,POINT (-61.12564612178269 -8.2227657437709)
2024,CORTE SELETIVO,C51L41,POINT (-61.12554851701117 -8.222646856575466)
2024,CORTE SELETIVO,C51L41,POINT (-61.12355250361725 -8.21701065413701)
2024,CORTE SELETIVO,C51L41,POINT (-61.12365168367288 -8.216797521417176)
2024,CORTE SELETIVO,C51L41,POINT (-61.11424563006432 -8.242452305091872)
2024,CORTE SELETIVO,C51L41,POINT (-61.114147952224194 -8.242354575356286)
2024,CORTE SELETIVO,C51L41,POINT (-61.11394587947356 -8.242248244730298)
2024,CORTE SELETIVO,C51L41,POINT (-61.114050462860845 -8.242152523734465)
2024,CORTE SELETIVO,C51L41,POINT (-61.113550913873425 -8.24092452272577)
2024,CORTE SELETIVO,C51L41,POINT (-61.11385115931253 -8.24038037094224)
2024,CORTE SELETIVO,C51L41,POINT (-61.10955416322255 -8.239954521739767)
2024,CORTE SELETIVO,C51L41,POINT (-61.11285403214714 -8.238650624243563)
2024,CORTE SELETIVO,C51L41,POINT (-61.113347354251545 -8.237348998864624)
2024,CORTE SELETIVO,C51L41,POINT (-61.106051394968304 -8.236447251075344)
2024,CORTE SELETIVO,C51L41,POINT (-61.097750353098995 -8.23634847396205)
2024,CORTE SELETIVO,C51L41,POINT (-61.1052519824224 -8.235920806055903)
2024,CORTE SELETIVO,C51L41,POINT (-61.10539071965417 -8.235151407376529)
2024,CORTE SELETIVO,C51L41,POINT (-61.11745094840797 -8.235095370303972)
2024,CORTE SELETIVO,C51L41,POINT (-61.106847951104626 -8.234913581893789)
2024,CORTE SELETIVO,C51L41,POINT (-61.107108816841354 -8.234854081822084)
2024,CORTE SELETIVO,C51L41,POINT (-61.10835022242219 -8.23425399951012)
2024,CORTE SELETIVO,C51L41,POINT (-61.09595227471044 -8.234046259169432)
2024,CORTE SELETIVO,C51L41,POINT (-61.105648330805444 -8.232548100555002)
2024,CORTE SELETIVO,C51L41,POINT (-61.113547788063585 -8.230054415471537)
2024,CORTE SELETIVO,C51L41,POINT (-61.115845863418166 -8.229254621732398)
2024,CORTE SELETIVO,C51L41,POINT (-61.116353964405825 -8.22549955203191)
2024,CORTE SELETIVO,C51L41,POINT (-61.11359967390737 -8.223779914582291)
2024,CORTE SELETIVO,C51L41,POINT (-61.117650888818105 -8.223053166626208)
2024,CORTE SELETIVO,C51L41,POINT (-61.22431731980405 -8.247275490291957)
2024,CORTE SELETIVO,C51L41,POINT (-61.22164906533353 -8.242249449885588)
2024,CORTE SELETIVO,C51L41,POINT (-61.22125304085338 -8.23504029862032)
2024,CORTE SELETIVO,C51L41,POINT (-61.223283820769694 -8.23074606894026)
2024,CORTE SELETIVO,C51L41,POINT (-61.19635249546247 -8.240048160087502)
2024,CORTE RASO,C51L41,POINT (-61.207150133772046 -8.206653279340616)
2024,CORTE RASO,C51L41,POINT (-61.20575332408575 -8.181852831799999)
2024,CORTE SELETIVO,C51L41,POINT (-61.14424565732674 -8.247348900576618)
2024,CORTE SELETIVO,C51L41,POINT (-61.144248154905775 -8.247150450584865)
2024,CORTE SELETIVO,C51L41,POINT (-61.14405889654056 -8.247052076134537)
2024,CORTE SELETIVO,C51L41,POINT (-61.14414932949705 -8.24675384450543)
2024,CORTE SELETIVO,C51L41,POINT (-61.11284759927434 -8.23649978538736)
2024,CORTE SELETIVO,C51L41,POINT (-61.09724876273305 -8.231487431549185)
2024,CORTE SELETIVO,C51L41,POINT (-61.11345029221684 -8.230073984941516)
2024,CORTE SELETIVO,C51L41,POINT (-61.09631081726077 -8.229548269065273)
2024,CORTE SELETIVO,C51L41,POINT (-61.12405171726409 -8.221751386989142)
2024,CORTE SELETIVO,C51L41,POINT (-61.17168648986239 -8.198851120795396)
2024,CORTE SELETIVO,C51L41,POINT (-61.171545528586165 -8.19855063744775)
2024,CORTE SELETIVO,C51L41,POINT (-61.22134780865943 -8.231349218558602)
2024,CORTE SELETIVO,C51L41,POINT (-61.112548123614744 -8.238450203976605)
2024,CORTE SELETIVO,C51L41,POINT (-61.113048463073504 -8.238450579992486)
2024,CORTE SELETIVO,C51L41,POINT (-61.122646318834036 -8.223653583154785)
2024,CORTE RASO,C51L41,POINT (-61.174152767304875 -8.101348866492538)
2024,CORTE SELETIVO,C51L41,POINT (-61.221553730318675 -8.242246522203299)
2024,CORTE SELETIVO,C51L41,POINT (-61.21975886517163 -8.241348378080268)
2024,CORTE SELETIVO,C51L41,POINT (-61.20704660779473 -8.233450488565556)
2024,CORTE SELETIVO,C51L41,POINT (-61.221349858636266 -8.231252366561346)
2024,CORTE SELETIVO,C51L41,POINT (-61.11345451023388 -8.230253783150156)
2024,CORTE SELETIVO,C51L41,POINT (-61.11354745435358 -8.2301515449304)
2024,CORTE SELETIVO,C51L41,POINT (-61.19744613261058 -8.24095270197142)
2024,CORTE SELETIVO,C51L41,POINT (-61.22334913509268 -8.230653830861224)
2024,CORTE SELETIVO,C51L41,POINT (-61.11294574787987 -8.236448513416892)
2024,CORTE SELETIVO,C51L41,POINT (-61.097150877397766 -8.23164872833611)
2024,CORTE SELETIVO,C51L41,POINT (-61.113448228592496 -8.230348687453043)
2024,CORTE SELETIVO,C51L41,POINT (-61.096446356730574 -8.229752059493306)
2024,CORTE RASO,C51L41,POINT (-61.20575036376902 -8.181947767126745)
2024,CORTE RASO,C51L41,POINT (-61.20805353725209 -8.18025285462744)
2024,CORTE SELETIVO,C51L41,POINT (-61.159350084634255 -8.24554797345483)
2024,CORTE SELETIVO,C51L41,POINT (-61.14854817624809 -8.24185332106131)
2024,CORTE SELETIVO,C51L41,POINT (-61.11254912451881 -8.238554072002307)
2024,CORTE SELETIVO,C51L41,POINT (-61.09714835410155 -8.231553148502819)
2024,CORTE SELETIVO,C51L41,POINT (-61.09655336710175 -8.22965386033805)
2024,CORTE SELETIVO,C51L41,POINT (-61.17164714384711 -8.1987492473715)
2024,CORTE SELETIVO,C51L41,POINT (-61.221654610865436 -8.242152853286525)
2024,CORTE RASO,C51L41,POINT (-61.20774601383184 -8.211752972110732)
2024,CORTE RASO,C51L41,POINT (-61.206449386998116 -8.179146768724406)
2024,CORTE SELETIVO,C51L41,POINT (-61.11955388445983 -8.235852213268474)
2024,CORTE SELETIVO,C51L41,POINT (-61.12214758250816 -8.227453796230634)
2024,CORTE SELETIVO,C51L41,POINT (-61.171554332274454 -8.198445509033187)
2024,CORTE SELETIVO,C51L41,POINT (-61.224350793698 -8.247146243083833)
2024,CORTE RASO,C51L41,POINT (-61.20565167394034 -8.181853168907194)
2024,CORTE SELETIVO,C51L41,POINT (-61.115352951419084 -8.238352662563253)
2024,CORTE SELETIVO,C51L41,POINT (-61.09714655179258 -8.231452705817585)
2024,CORTE SELETIVO,C51L41,POINT (-61.12225260339377 -8.227346615934922)
2024,CORTE SELETIVO,C51L41,POINT (-61.126745876634985 -8.222554628359775)
2024,CORTE SELETIVO,C51L41,POINT (-61.1717489073376 -8.198752280711485)
2024,CORTE SELETIVO,C51L41,POINT (-61.22324632275414 -8.230654738835844)
2024,CORTE SELETIVO,C51L41,POINT (-61.203351570879846 -8.22855149300803)
2024,CORTE SELETIVO,C51L41,POINT (-61.11534564503879 -8.238247088776209)
2024,CORTE SELETIVO,C51L41,POINT (-61.11365350599216 -8.230146301863867)
2024,CORTE SELETIVO,C51L41,POINT (-61.09635296363851 -8.229653629650365)
2024,CORTE SELETIVO,C51L41,POINT (-61.09644742154194 -8.229447150131474)
2024,CORTE SELETIVO,C51L41,POINT (-61.17135010381353 -8.197953219021839)
2024,CORTE SELETIVO,C51L41,POINT (-61.221745809206936 -8.242154129429991)
2024,CORTE RASO,C51L41,POINT (-61.20635258082235 -8.179353553124878)
2024,CORTE SELETIVO,C51L41,POINT (-61.14404935877627 -8.246751629608005)
2024,CORTE SELETIVO,C51L41,POINT (-61.12095392458945 -8.229652906151259)
2024,CORTE SELETIVO,C51L41,POINT (-61.221551713046836 -8.231345477029864)
2024,CORTE SELETIVO,C51L41,POINT (-61.14406052295334 -8.246947798283195)
2024,CORTE SELETIVO,C51L41,POINT (-61.109449252254244 -8.239852381330516)
2024,CORTE SELETIVO,C51L41,POINT (-61.115548081304524 -8.238347251729913)
2024,CORTE SELETIVO,C51L41,POINT (-61.11274635547806 -8.23754880466364)
2024,CORTE SELETIVO,C51L41,POINT (-61.11305204131937 -8.236554796537785)
2024,CORTE SELETIVO,C51L41,POINT (-61.22156735957266 -8.24204714395884)
2024,CORTE SELETIVO,C51L41,POINT (-61.221753141999955 -8.241845371834073)
2024,CORTE SELETIVO,C51L41,POINT (-61.21993892154967 -8.241254444931508)
2024,CORTE SELETIVO,C51L41,POINT (-61.22405359129054 -8.240154186394562)
2024,CORTE SELETIVO,C51L41,POINT (-61.219249096379755 -8.23995177237512)
2024,CORTE SELETIVO,C51L41,POINT (-61.22375236760248 -8.23965096259643)
2024,CORTE SELETIVO,C51L41,POINT (-61.2235458309074 -8.239647268837459)
2024,CORTE SELETIVO,C51L41,POINT (-61.21175136685983 -8.238451034915908)
2024,CORTE SELETIVO,C51L41,POINT (-61.22715194192472 -8.237717817996966)
2024,CORTE SELETIVO,C51L41,POINT (-61.210249039484744 -8.237610383573351)
2024,CORTE SELETIVO,C51L41,POINT (-61.21931482590735 -8.234855760982079)
2024,CORTE SELETIVO,C51L41,POINT (-61.21355050894049 -8.233747538767798)
2024,CORTE SELETIVO,C51L41,POINT (-61.22175096875419 -8.231151352757465)
2024,CORTE SELETIVO,C51L41,POINT (-61.22304819784906 -8.230554040672436)
2024,CORTE SELETIVO,C51L41,POINT (-61.20584937499274 -8.24884549249032)
2024,CORTE SELETIVO,C51L41,POINT (-61.20614617634764 -8.24854824650501)
2024,CORTE SELETIVO,C51L41,POINT (-61.20655321043919 -8.243846808678688)
2024,CORTE SELETIVO,C51L41,POINT (-61.197446108861406 -8.241052811214885)
2024,CORTE SELETIVO,C51L41,POINT (-61.20505019526288 -8.234653483776261)
2024,CORTE RASO,C51L41,POINT (-61.20645172780533 -8.212150808546253)
2024,CORTE RASO,C51L41,POINT (-61.20739690794675 -8.211853435721823)
2024,CORTE RASO,C51L41,POINT (-61.20609309466461 -8.211648887322857)
2024,CORTE RASO,C51L41,POINT (-61.207548753679475 -8.210849319280776)
2024,CORTE RASO,C51L41,POINT (-61.20703656338352 -8.209948542920714)
2024,CORTE RASO,C51L41,POINT (-61.20464879918529 -8.208752960553428)
2024,CORTE RASO,C51L41,POINT (-61.20734974569128 -8.208678849559613)
2024,CORTE RASO,C51L41,POINT (-61.20475387899285 -8.208652537681642)
2024,CORTE RASO,C51L41,POINT (-61.204650889858414 -8.208546272277658)
2024,CORTE RASO,C51L41,POINT (-61.20565167911205 -8.20786655248378)
2024,CORTE RASO,C51L41,POINT (-61.20584709402571 -8.207846702983037)
2024,CORTE RASO,C51L41,POINT (-61.20595023308316 -8.207547223459063)
2024,CORTE RASO,C51L41,POINT (-61.20605074376074 -8.207449281363687)
2024,CORTE RASO,C51L41,POINT (-61.20965309342417 -8.18555448161516)
2024,CORTE RASO,C51L41,POINT (-61.20345281701301 -8.18494611315967)
2024,CORTE RASO,C51L41,POINT (-61.20325153529478 -8.184950011311338)
2024,CORTE RASO,C51L41,POINT (-61.20235195626916 -8.184652944853775)
2024,CORTE RASO,C51L41,POINT (-61.2056511864478 -8.181946470484117)
2024,CORTE SELETIVO,C51L41,POINT (-61.171845449527616 -8.19845910813241)
2024,CORTE RASO,C51L41,POINT (-61.17394878736485 -8.101797829238347)
2024,CORTE RASO,C51L41,POINT (-61.17615091963831 -8.099151055836183)
2024,CORTE RASO,C51L41,POINT (-61.17524838605713 -8.09794924982024)
2024,CORTE SELETIVO,C51L41,POINT (-61.142470497397326 -8.248670266058287)
2024,CORTE SELETIVO,C51L41,POINT (-61.142449114373 -8.24845230959797)
2024,CORTE SELETIVO,C51L41,POINT (-61.142549994951004 -8.248295125856904)
2024,CORTE SELETIVO,C51L41,POINT (-61.14434835523177 -8.247147598039064)
2024,CORTE SELETIVO,C51L41,POINT (-61.14404096432135 -8.246645520739198)
2024,CORTE SELETIVO,C51L41,POINT (-61.14593404269693 -8.246354230923076)
2024,CORTE SELETIVO,C51L41,POINT (-61.14228573229885 -8.245445331734643)
2024,CORTE SELETIVO,C51L41,POINT (-61.160448438314454 -8.24543987204803)
2024,CORTE SELETIVO,C51L41,POINT (-61.15114566237238 -8.245149654314863)
2024,CORTE SELETIVO,C51L41,POINT (-61.151148756732226 -8.244951470291438)
2024,CORTE SELETIVO,C51L41,POINT (-61.160053065768 -8.244646089635392)
2024,CORTE SELETIVO,C51L41,POINT (-61.16054591648555 -8.243846762584509)
2024,CORTE SELETIVO,C51L41,POINT (-61.160652864231544 -8.24375413111733)
2024,CORTE SELETIVO,C51L41,POINT (-61.160053505047685 -8.243654486624118)
2024,CORTE SELETIVO,C51L41,POINT (-61.14380409901203 -8.24365335165267)
2024,CORTE SELETIVO,C51L41,POINT (-61.1437497601679 -8.243232682045111)
2024,CORTE SELETIVO,C51L41,POINT (-61.14855012525306 -8.24195251184572)
2024,CORTE SELETIVO,C51L41,POINT (-61.14834808162275 -8.241851721881769)
2024,CORTE SELETIVO,C51L41,POINT (-61.13984469488598 -8.240851145039006)
2024,CORTE SELETIVO,C51L41,POINT (-61.123551612016094 -8.228949173751804)
2024,CORTE SELETIVO,C51L41,POINT (-61.122147564013034 -8.227345441814435)
2024,CORTE SELETIVO,C51L41,POINT (-61.121850391761406 -8.22584878553448)
2024,CORTE SELETIVO,C51L41,POINT (-61.12725357403303 -8.222254636118533)
2024,CORTE SELETIVO,C51L41,POINT (-61.12695237272311 -8.221570590471307)
2024,CORTE SELETIVO,C51L41,POINT (-61.123847237288075 -8.22051353558104)
2024,CORTE SELETIVO,C51L41,POINT (-61.16195376438245 -8.116050941799891)
2024,CORTE SELETIVO,C51L41,POINT (-61.16235086059496 -8.115754317665774)
2024,CORTE SELETIVO,C51L41,POINT (-61.11625051886911 -8.247594587665592)
2024,CORTE SELETIVO,C51L41,POINT (-61.117346065066904 -8.244949011599918)
2024,CORTE SELETIVO,C51L41,POINT (-61.109504873063976 -8.239015357758538)
2024,CORTE SELETIVO,C51L41,POINT (-61.1119481578258 -8.238651798502538)
2024,CORTE SELETIVO,C51L41,POINT (-61.11295305341347 -8.238552946174847)
2024,CORTE SELETIVO,C51L41,POINT (-61.11094895456769 -8.23824690206981)
2024,CORTE SELETIVO,C51L41,POINT (-61.11284993810937 -8.237837392770992)
2024,CORTE SELETIVO,C51L41,POINT (-61.10825401328513 -8.23729076207841)
2024,CORTE SELETIVO,C51L41,POINT (-61.11984862923721 -8.236154715683126)
2024,CORTE SELETIVO,C51L41,POINT (-61.097572135722714 -8.2361491471113)
2024,CORTE SELETIVO,C51L41,POINT (-61.11037650846566 -8.235930865405175)
2024,CORTE SELETIVO,C51L41,POINT (-61.11987325277719 -8.235952403901127)
2024,CORTE SELETIVO,C51L41,POINT (-61.10544844639101 -8.235746288474488)
2024,CORTE SELETIVO,C51L41,POINT (-61.105453870810784 -8.2354464815847)
2024,CORTE SELETIVO,C51L41,POINT (-61.093662925693884 -8.235157019414247)
2024,CORTE SELETIVO,C51L41,POINT (-61.093446318876154 -8.235154531967456)
2024,CORTE SELETIVO,C51L41,POINT (-61.120842299351615 -8.234772886685573)
2024,CORTE SELETIVO,C51L41,POINT (-61.10724798103404 -8.234845655788739)
2024,CORTE SELETIVO,C51L41,POINT (-61.09386440482836 -8.234789920335086)
2024,CORTE SELETIVO,C51L41,POINT (-61.11755489994803 -8.233545902027272)
2024,CORTE SELETIVO,C51L41,POINT (-61.11425268083954 -8.233356176509202)
2024,CORTE SELETIVO,C51L41,POINT (-61.117537910987316 -8.233335004698574)
2024,CORTE SELETIVO,C51L41,POINT (-61.10845398829225 -8.231450048837965)
2024,CORTE SELETIVO,C51L41,POINT (-61.10888368065505 -8.231251530538362)
2024,CORTE SELETIVO,C51L41,POINT (-61.113548252921255 -8.230252487267597)
2024,CORTE SELETIVO,C51L41,POINT (-61.11515151176081 -8.22965155823282)
2024,CORTE SELETIVO,C51L41,POINT (-61.113584100271424 -8.229648287201897)
2024,CORTE SELETIVO,C51L41,POINT (-61.09645426503894 -8.22958027442875)
2024,CORTE SELETIVO,C51L41,POINT (-61.10615227879779 -8.22893716932204)
2024,CORTE SELETIVO,C51L41,POINT (-61.09585278780603 -8.228803760707548)
2024,CORTE SELETIVO,C51L41,POINT (-61.10645397038256 -8.228647311232963)
2024,CORTE SELETIVO,C51L41,POINT (-61.10474481329902 -8.228529198265319)
2024,CORTE SELETIVO,C51L41,POINT (-61.11335217628652 -8.227953164993734)
2024,CORTE SELETIVO,C51L41,POINT (-61.11376326277049 -8.224122950368347)
2024,CORTE SELETIVO,C51L41,POINT (-61.11795292529847 -8.223050147120048)
2024,CORTE SELETIVO,C51L41,POINT (-61.118350952334524 -8.22184912752222)
2024,CORTE SELETIVO,C51L41,POINT (-61.118532767547514 -8.221753235812903)
2024,CORTE SELETIVO,C51L41,POINT (-61.11875239477123 -8.221650754186408)
2024,CORTE SELETIVO,C51L41,POINT (-61.11729952660942 -8.22131712332077)
2024,CORTE SELETIVO,C51L41,POINT (-61.11876154774077 -8.218688314171104)
2024,CORTE SELETIVO,C51L41,POINT (-61.10924589678016 -8.200622847517897)
2024,CORTE SELETIVO,C51L41,POINT (-61.22444888160022 -8.247052950424418)
2024,CORTE RASO,C51L41,POINT (-61.20744647964558 -8.212054159048892)
2024,CORTE RASO,C51L41,POINT (-61.207549880946424 -8.211854067548)
2024,CORTE RASO,C51L41,POINT (-61.207272778795996 -8.20894881341689)
2024,CORTE RASO,C51L41,POINT (-61.205551303799545 -8.181847369187633)
2024,CORTE RASO,C51L41,POINT (-61.20444962335244 -8.210045262920188)
2024,CORTE RASO,C51L41,POINT (-61.20554175213532 -8.208050187076045)
2024,CORTE SELETIVO,C51L41,POINT (-61.14564861592383 -8.249345212195179)
2024,CORTE SELETIVO,C51L41,POINT (-61.14583841979128 -8.24914908873155)
2024,CORTE SELETIVO,C51L41,POINT (-61.153849835245495 -8.24915163553299)
2024,CORTE SELETIVO,C51L41,POINT (-61.14554947058245 -8.249045517680926)
2024,CORTE SELETIVO,C51L41,POINT (-61.115551473858204 -8.238448887890105)
2024,CORTE SELETIVO,C51L41,POINT (-61.115552660462484 -8.238146102295659)
2024,CORTE SELETIVO,C51L41,POINT (-61.1062465815496 -8.236396815970124)
2024,CORTE SELETIVO,C51L41,POINT (-61.09655355265246 -8.229550968480597)
2024,CORTE SELETIVO,C51L41,POINT (-61.124455284390045 -8.22724030486349)
2024,CORTE SELETIVO,C51L41,POINT (-61.121168881837924 -8.218523483257528)
2024,CORTE RASO,C51L41,POINT (-61.17445022291244 -8.099553187443313)
2024,CORTE SELETIVO,C51L41,POINT (-61.09355003361443 -8.235048619751785)
2024,CORTE SELETIVO,C51L41,POINT (-61.097045472051235 -8.23165275530417)
2024,CORTE SELETIVO,C51L41,POINT (-61.121345441960784 -8.21854995517859)
2024,CORTE SELETIVO,C51L41,POINT (-61.17165383802024 -8.198652892630731)
2024,CORTE SELETIVO,C51L41,POINT (-61.20985266153083 -8.232349510347554)
2024,CORTE SELETIVO,C51L41,POINT (-61.22294881916051 -8.230547106870103)
2024,CORTE RASO,C51L41,POINT (-61.20724798461634 -8.208848373629449)
2024,CORTE RASO,C51L41,POINT (-61.20625102282579 -8.208854567524272)
2024,CORTE RASO,C51L41,POINT (-61.20974945731146 -8.131253685312883)
2024,CORTE SELETIVO,C51L41,POINT (-61.22444997900308 -8.247146220673567)
2024,CORTE SELETIVO,C51L41,POINT (-61.196449149808494 -8.240151044210586)
2024,CORTE SELETIVO,C51L41,POINT (-61.21945222514524 -8.234948726823982)
2024,CORTE RASO,C51L41,POINT (-61.20725192003342 -8.212052783838525)
2024,CORTE RASO,C51L41,POINT (-61.20785313022704 -8.211748602327276)
2024,CORTE SELETIVO,C51L41,POINT (-61.09334859313158 -8.235048618821862)
2024,CORTE SELETIVO,C51L41,POINT (-61.09694843479077 -8.231647395898678)
2024,CORTE RASO,C51L41,POINT (-61.17404754126104 -8.101651644217858)
2024,CORTE RASO,C51L41,POINT (-61.17425282289077 -8.101145228031623)
2024,CORTE RASO,C51L41,POINT (-61.2053490317198 -8.208254237301055)
2024,CORTE SELETIVO,C51L41,POINT (-61.12144596042813 -8.218549830312153)
2024,CORTE RASO,C51L41,POINT (-61.17415378647373 -8.101249042176677)
2024,CORTE SELETIVO,C51L41,POINT (-61.22314795923183 -8.23054641089041)
2024,CORTE RASO,C51L41,POINT (-61.20604968296099 -8.181447419160428)
2024,CORTE RASO,C51L41,POINT (-61.2064473682001 -8.179052258457315)
2024,CORTE SELETIVO,C51L41,POINT (-61.11354789570394 -8.240649441592584)
2024,CORTE SELETIVO,C51L41,POINT (-61.11725451034066 -8.235354449642145)
2024,CORTE SELETIVO,C51L41,POINT (-61.12135061353122 -8.218429018469415)
2024,CORTE SELETIVO,C51L41,POINT (-61.22424663762323 -8.247046477866109)
2024,CORTE RASO,C51L41,POINT (-61.207351529187896 -8.211952935733148)
2024,CORTE RASO,C51L41,POINT (-61.20734770321975 -8.208847868886542)
2024,CORTE SELETIVO,C51L41,POINT (-61.14554060625467 -8.24915213600452)
2024,CORTE SELETIVO,C51L41,POINT (-61.09345221629057 -8.23505136206764)
2024,CORTE SELETIVO,C51L41,POINT (-61.22444682357483 -8.247251392474832)
2024,CORTE SELETIVO,C51L41,POINT (-61.22325286976122 -8.230551887844625)
2024,CORTE RASO,C51L41,POINT (-61.20725046182702 -8.211750692694883)
2024,CORTE RASO,C51L41,POINT (-61.20525413632791 -8.208350385662024)
2024,CORTE RASO,C51L41,POINT (-61.206052677300974 -8.18134699690763)
2024,CORTE SELETIVO,C51L41,POINT (-61.0970473913903 -8.231548715660642)
2024,CORTE RASO,C51L41,POINT (-61.206354153040586 -8.1792475632048)
2024,CORTE RASO,C51L41,POINT (-61.190951974154615 -8.11194957418225)
2024,CORTE SELETIVO,C51L41,POINT (-61.113051088047825 -8.23865185281439)
2024,CORTE SELETIVO,C51L41,POINT (-61.11734691912692 -8.235347268866409)
2024,CORTE SELETIVO,C51L41,POINT (-61.09354602052549 -8.234954502026165)
2024,CORTE SELETIVO,C51L41,POINT (-61.20974977350858 -8.232351265157968)
2024,CORTE RASO,C51L41,POINT (-61.207446090100966 -8.208953042041989)
2024,CORTE RASO,C51L41,POINT (-61.20735098758335 -8.21204561788095)
2024,CORTE RASO,C51L41,POINT (-61.205350971583336 -8.208346920710092)
2024,CORTE RASO,C51L41,POINT (-61.20604827319639 -8.181245748260134)
2024,CORTE RASO,C51L41,POINT (-61.17405219096787 -8.101549903807445)
2024,CORTE SELETIVO,C51L41,POINT (-61.224546219293096 -8.247149994810561)
2024,CORTE SELETIVO,C51L41,POINT (-61.221763503403025 -8.241954258174944)
2024,CORTE SELETIVO,C51L41,POINT (-61.21954822315747 -8.234950650527564)
2024,CORTE SELETIVO,C51L41,POINT (-61.213547068201805 -8.233849094331935)
2024,CORTE SELETIVO,C51L41,POINT (-61.221348931256166 -8.232884641174373)
2024,CORTE SELETIVO,C51L41,POINT (-61.20985216498639 -8.2324473122717)
2024,CORTE SELETIVO,C51L41,POINT (-61.22175196305685 -8.231248228947983)
2024,CORTE SELETIVO,C51L41,POINT (-61.221751557643486 -8.231048997331643)
2024,CORTE SELETIVO,C51L41,POINT (-61.22325300751471 -8.230846936042928)
2024,CORTE RASO,C51L41,POINT (-61.20755161553464 -8.211949899969055)
2024,CORTE RASO,C51L41,POINT (-61.207353928720124 -8.21067380350457)
2024,CORTE RASO,C51L41,POINT (-61.20775403479954 -8.210750563986487)
2024,CORTE RASO,C51L41,POINT (-61.208147313597 -8.210387811802304)
2024,CORTE RASO,C51L41,POINT (-61.207248859711186 -8.20845009083036)
2024,CORTE RASO,C51L41,POINT (-61.21064716454167 -8.185946803899105)
2024,CORTE SELETIVO,C51L41,POINT (-61.1973498370466 -8.240752498974608)
2024,CORTE SELETIVO,C51L41,POINT (-61.196552673708936 -8.240148943953843)
2024,CORTE SELETIVO,C51L41,POINT (-61.206954040550535 -8.233467960404747)
2024,CORTE SELETIVO,C51L41,POINT (-61.20335331140222 -8.229452647495018)
2024,CORTE SELETIVO,C51L41,POINT (-61.20334701512041 -8.22925130402544)
2024,CORTE SELETIVO,C51L41,POINT (-61.20454634747047 -8.228652041915353)
2024,CORTE RASO,C51L41,POINT (-61.205954607879626 -8.211753062348604)
2024,CORTE RASO,C51L41,POINT (-61.20495171493299 -8.211654120571659)
2024,CORTE RASO,C51L41,POINT (-61.20605100561656 -8.211548097168079)
2024,CORTE RASO,C51L41,POINT (-61.207121350873535 -8.21104665934342)
2024,CORTE RASO,C51L41,POINT (-61.20448719562352 -8.210649914914017)
2024,CORTE RASO,C51L41,POINT (-61.20400723261402 -8.21044641938118)
2024,CORTE RASO,C51L41,POINT (-61.20684644389329 -8.210052550049909)
2024,CORTE RASO,C51L41,POINT (-61.20714758074459 -8.209965930337104)
2024,CORTE RASO,C51L41,POINT (-61.20455303051928 -8.209549757031278)
2024,CORTE RASO,C51L41,POINT (-61.20624789221424 -8.20954696528483)
2024,CORTE RASO,C51L41,POINT (-61.20439374930511 -8.209448484395708)
2024,CORTE RASO,C51L41,POINT (-61.203903188079316 -8.209446648447166)
2024,CORTE RASO,C51L41,POINT (-61.20454944592252 -8.208775273285683)
2024,CORTE RASO,C51L41,POINT (-61.20454813508302 -8.208446462681223)
2024,CORTE RASO,C51L41,POINT (-61.205847284692986 -8.207951719195465)
2024,CORTE RASO,C51L41,POINT (-61.20445383837262 -8.207550559316473)
2024,CORTE RASO,C51L41,POINT (-61.20605105763622 -8.207333179234208)
2024,CORTE RASO,C51L41,POINT (-61.2031541805847 -8.184952343508591)
2024,CORTE RASO,C51L41,POINT (-61.20374885250805 -8.184949430185737)
2024,CORTE RASO,C51L41,POINT (-61.202460796238704 -8.18464970794606)
2024,CORTE RASO,C51L41,POINT (-61.20244841464223 -8.18437590190405)
2024,CORTE RASO,C51L41,POINT (-61.19095281517196 -8.112148119234787)
2024,CORTE RASO,C51L41,POINT (-61.17507414955037 -8.097846477691288)
2024,CORTE SELETIVO,C51L41,POINT (-61.16033429242652 -8.244658380045347)
2024,CORTE SELETIVO,C51L41,POINT (-61.1601536687781 -8.244048026027858)
2024,CORTE SELETIVO,C51L41,POINT (-61.171745714307114 -8.19864949566792)
2024,CORTE RASO,C51L41,POINT (-61.17425398429602 -8.10104636108619)
2024,CORTE SELETIVO,C51L41,POINT (-61.145546256790816 -8.24934684895079)
2024,CORTE SELETIVO,C51L41,POINT (-61.14235105528361 -8.24864655918852)
2024,CORTE SELETIVO,C51L41,POINT (-61.142746261717726 -8.248445455636872)
2024,CORTE SELETIVO,C51L41,POINT (-61.14274665004509 -8.248251159254913)
2024,CORTE SELETIVO,C51L41,POINT (-61.13254900168566 -8.247549665035397)
2024,CORTE SELETIVO,C51L41,POINT (-61.143951966579586 -8.247049999758351)
2024,CORTE SELETIVO,C51L41,POINT (-61.14385307611619 -8.246760787367858)
2024,CORTE SELETIVO,C51L41,POINT (-61.143947094349386 -8.246552729987101)
2024,CORTE SELETIVO,C51L41,POINT (-61.14244892918915 -8.245448004890875)
2024,CORTE SELETIVO,C51L41,POINT (-61.15114606300267 -8.245353784833135)
2024,CORTE SELETIVO,C51L41,POINT (-61.14235047811805 -8.245147661988943)
2024,CORTE SELETIVO,C51L41,POINT (-61.14444501353207 -8.244363054410165)
2024,CORTE SELETIVO,C51L41,POINT (-61.14364595334926 -8.243453162745935)
2024,CORTE SELETIVO,C51L41,POINT (-61.143651601565615 -8.243050153137343)
2024,CORTE SELETIVO,C51L41,POINT (-61.13410565897429 -8.242073772632782)
2024,CORTE SELETIVO,C51L41,POINT (-61.11475081392739 -8.23584677202517)
2024,CORTE SELETIVO,C51L41,POINT (-61.11736120968157 -8.235246700514526)
2024,CORTE SELETIVO,C51L41,POINT (-61.11754975167312 -8.234953291337648)
2024,CORTE SELETIVO,C51L41,POINT (-61.11424551199423 -8.23363722973593)
2024,CORTE SELETIVO,C51L41,POINT (-61.11734625536076 -8.233051047462688)
2024,CORTE SELETIVO,C51L41,POINT (-61.12164539641 -8.232827987732557)
2024,CORTE SELETIVO,C51L41,POINT (-61.121750420836406 -8.23245175948388)
2024,CORTE SELETIVO,C51L41,POINT (-61.116648243373966 -8.23104537970282)
2024,CORTE SELETIVO,C51L41,POINT (-61.11555361897262 -8.229447255920348)
2024,CORTE SELETIVO,C51L41,POINT (-61.11545087564665 -8.2291785536043)
2024,CORTE SELETIVO,C51L41,POINT (-61.124054363594794 -8.220152851803864)
2024,CORTE SELETIVO,C51L41,POINT (-61.11885267352113 -8.218551521961896)
2024,CORTE SELETIVO,C51L41,POINT (-61.148557241362724 -8.094549560159965)
2024,CORTE SELETIVO,C51L41,POINT (-61.10765253951448 -8.242451614058284)
2024,CORTE SELETIVO,C51L41,POINT (-61.10764604756356 -8.242146084333147)
2024,CORTE SELETIVO,C51L41,POINT (-61.11295178714341 -8.239346047015754)
2024,CORTE SELETIVO,C51L41,POINT (-61.10935365009188 -8.239049747673878)
2024,CORTE SELETIVO,C51L41,POINT (-61.11304601674652 -8.23855064104141)
2024,CORTE SELETIVO,C51L41,POINT (-61.108345485640925 -8.237246633088839)
2024,CORTE SELETIVO,C51L41,POINT (-61.097589642094256 -8.23627887764667)
2024,CORTE SELETIVO,C51L41,POINT (-61.11034654519845 -8.235747052876599)
2024,CORTE SELETIVO,C51L41,POINT (-61.10525180866851 -8.235353049436506)
2024,CORTE SELETIVO,C51L41,POINT (-61.093350161995886 -8.234954028004523)
2024,CORTE SELETIVO,C51L41,POINT (-61.10694799669869 -8.234806562236892)
2024,CORTE SELETIVO,C51L41,POINT (-61.09405022287557 -8.23474787899999)
2024,CORTE SELETIVO,C51L41,POINT (-61.09164818913909 -8.234652541287554)
2024,CORTE SELETIVO,C51L41,POINT (-61.09183059981994 -8.23455248868544)
2024,CORTE SELETIVO,C51L41,POINT (-61.10610377534052 -8.233450270701377)
2024,CORTE SELETIVO,C51L41,POINT (-61.105947223971306 -8.233350616611359)
2024,CORTE SELETIVO,C51L41,POINT (-61.094312871581145 -8.232454527729653)
2024,CORTE SELETIVO,C51L41,POINT (-61.10904815777661 -8.23129500151702)
2024,CORTE SELETIVO,C51L41,POINT (-61.10874614862225 -8.23125387907403)
2024,CORTE SELETIVO,C51L41,POINT (-61.108903649862974 -8.231150363498646)
2024,CORTE SELETIVO,C51L41,POINT (-61.113392383958065 -8.229647952519958)
2024,CORTE SELETIVO,C51L41,POINT (-61.1135494437792 -8.229554124399387)
2024,CORTE SELETIVO,C51L41,POINT (-61.09615045798351 -8.22953678324346)
2024,CORTE SELETIVO,C51L41,POINT (-61.09635347282481 -8.229347676106315)
2024,CORTE SELETIVO,C51L41,POINT (-61.10629124586254 -8.229154995700872)
2024,CORTE SELETIVO,C51L41,POINT (-61.10634641115863 -8.228947968563755)
2024,CORTE SELETIVO,C51L41,POINT (-61.0959470840626 -8.228754277946644)
2024,CORTE SELETIVO,C51L41,POINT (-61.0928077563879 -8.228349627210143)
2024,CORTE SELETIVO,C51L41,POINT (-61.11334965187789 -8.227849395794216)
2024,CORTE SELETIVO,C51L41,POINT (-61.11365247775793 -8.223946108605768)
2024,CORTE SELETIVO,C51L41,POINT (-61.09958986540727 -8.223255797745718)
2024,CORTE SELETIVO,C51L41,POINT (-61.22455318781043 -8.247247999231629)
2024,CORTE SELETIVO,C51L41,POINT (-61.20685421743181 -8.233529908548386)
2024,CORTE SELETIVO,C51L41,POINT (-61.20694674696241 -8.233352852927725)
2024,CORTE RASO,C51L41,POINT (-61.20744845598919 -8.212148809098554)
2024,CORTE RASO,C51L41,POINT (-61.20054674067008 -8.184345847483407)
2024,CORTE RASO,C51L41,POINT (-61.20965001804563 -8.131252957151839)
2024,CORTE SELETIVO,C51L41,POINT (-61.14554756918167 -8.249251204593715)
2024,CORTE SELETIVO,C51L41,POINT (-61.11315333033868 -8.238546402368016)
2024,CORTE SELETIVO,C51L41,POINT (-61.113046380552895 -8.236348665872985)
2024,CORTE SELETIVO,C51L41,POINT (-61.11715066773365 -8.235348325788971)
2024,CORTE SELETIVO,C51L41,POINT (-61.097029874392064 -8.231454198564688)
2024,CORTE SELETIVO,C51L41,POINT (-61.11354644500203 -8.230345946476692)
2024,CORTE SELETIVO,C51L41,POINT (-61.09774963263816 -8.229236825160994)
2024,CORTE SELETIVO,C51L41,POINT (-61.12545147369032 -8.226352321018705)
2024,CORTE SELETIVO,C51L41,POINT (-61.1214501015969 -8.218425624545317)
2024,CORTE SELETIVO,C51L41,POINT (-61.15474785193216 -8.093497865371926)
2024,CORTE RASO,C51L41,POINT (-61.20364870449184 -8.209754143833033)
2024,CORTE SELETIVO,C51L41,POINT (-61.091854530077484 -8.234652538007593)
2024,CORTE SELETIVO,C51L41,POINT (-61.09644942718192 -8.230188728621204)
2024,CORTE RASO,C51L41,POINT (-61.20784727003806 -8.21035120775234)
2024,CORTE SELETIVO,C51L41,POINT (-61.143853059697875 -8.24695067025129)
2024,CORTE SELETIVO,C51L41,POINT (-61.13365296996939 -8.245954444282376)
2024,CORTE SELETIVO,C51L41,POINT (-61.09645197889383 -8.230345889841363)
2024,CORTE SELETIVO,C51L41,POINT (-61.12535160179918 -8.226448790989119)
2024,CORTE SELETIVO,C51L41,POINT (-61.12264698287071 -8.223753493051053)
2024,CORTE SELETIVO,C51L41,POINT (-61.15484678011588 -8.093451421182973)
2024,CORTE SELETIVO,C51L41,POINT (-61.091648721751866 -8.23474980846144)
2024,CORTE SELETIVO,C51L41,POINT (-61.09175195520523 -8.23464604539154)
2024,CORTE SELETIVO,C51L41,POINT (-61.1546502952032 -8.09344893060286)
2024,CORTE RASO,C51L41,POINT (-61.20714820834628 -8.21204609016872)
2024,CORTE RASO,C51L41,POINT (-61.20795432798256 -8.210282084482422)
2024,CORTE RASO,C51L41,POINT (-61.2045531007832 -8.209952989299362)
2024,CORTE SELETIVO,C51L41,POINT (-61.11724877321495 -8.235246863814735)
2024,CORTE SELETIVO,C51L41,POINT (-61.09345434829292 -8.234949275514461)
2024,CORTE SELETIVO,C51L41,POINT (-61.113654211664056 -8.230250370420498)
2024,CORTE SELETIVO,C51L41,POINT (-61.125348724017236 -8.226354793592373)
2024,CORTE SELETIVO,C51L41,POINT (-61.12545304599513 -8.226248503499738)
2024,CORTE RASO,C51L41,POINT (-61.207547832695326 -8.212047191320577)
2024,CORTE RASO,C51L41,POINT (-61.20745134426496 -8.209054412032595)
2024,CORTE RASO,C51L41,POINT (-61.205248384497956 -8.208247375495315)
2024,CORTE SELETIVO,C51L41,POINT (-61.22445429381866 -8.247349351802306)
2024,CORTE RASO,C51L41,POINT (-61.2046493327558 -8.211053961181763)
2024,CORTE RASO,C51L41,POINT (-61.203549414133406 -8.209753904054175)
2024,CORTE RASO,C51L41,POINT (-61.174351780904466 -8.0997537611376)
2024,CORTE SELETIVO,C51L41,POINT (-61.15475254841362 -8.093348808852825)
2024,CORTE SELETIVO,C51L41,POINT (-61.11344855778322 -8.240745508845635)
2024,CORTE RASO,C51L41,POINT (-61.20584809874543 -8.207654666356003)
2024,CORTE RASO,C51L41,POINT (-61.20975095307439 -8.131346350527323)
2024,CORTE RASO,C51L41,POINT (-61.174150606258934 -8.101147542603602)
2024,CORTE RASO,C51L41,POINT (-61.20784832649529 -8.210246650119805)
2024,CORTE RASO,C51L41,POINT (-61.2059478193202 -8.181049275714354)
2024,CORTE RASO,C51L41,POINT (-61.20974745859777 -8.131450713034889)
2024,CORTE RASO,C51L41,POINT (-61.20535233983717 -8.208051379854693)
2024,CORTE SELETIVO,C51L41,POINT (-61.224348552334455 -8.247450863957589)
2024,CORTE SELETIVO,C51L41,POINT (-61.11315455569077 -8.236850752003791)
2024,CORTE SELETIVO,C51L41,POINT (-61.09715187553066 -8.231751453229014)
2024,CORTE SELETIVO,C51L41,POINT (-61.15485320188628 -8.093352337634693)
2024,CORTE RASO,C51L41,POINT (-61.20714652320969 -8.211752080047377)
2024,CORTE RASO,C51L41,POINT (-61.174153650322474 -8.101054044972432)
2024,CORTE SELETIVO,C51L41,POINT (-61.15465405878628 -8.093350824820865)
2024,CORTE SELETIVO,C51L41,POINT (-61.226654311755816 -8.248309627906952)
2024,CORTE SELETIVO,C51L41,POINT (-61.22675078673116 -8.248150459077504)
2024,CORTE SELETIVO,C51L41,POINT (-61.2265538460308 -8.247652747831925)
2024,CORTE SELETIVO,C51L41,POINT (-61.22624756640724 -8.247347119196355)
2024,CORTE SELETIVO,C51L41,POINT (-61.22974658847888 -8.246926448552061)
2024,CORTE SELETIVO,C51L41,POINT (-61.23005214336968 -8.246646964317137)
2024,CORTE SELETIVO,C51L41,POINT (-61.22994652549615 -8.245248423913168)
2024,CORTE SELETIVO,C51L41,POINT (-61.2313513664705 -8.243754109808789)
2024,CORTE SELETIVO,C51L41,POINT (-61.23144833088923 -8.24344969978272)
2024,CORTE SELETIVO,C51L41,POINT (-61.22734781290966 -8.242145756862659)
2024,CORTE SELETIVO,C51L41,POINT (-61.227750026497 -8.241818179950009)
2024,CORTE SELETIVO,C51L41,POINT (-61.22735075328919 -8.237874889064933)
2024,CORTE SELETIVO,C51L41,POINT (-61.229232594209726 -8.237747538053053)
2024,CORTE SELETIVO,C51L41,POINT (-61.23021647870154 -8.237852762373016)
2024,CORTE SELETIVO,C51L41,POINT (-61.22735227315894 -8.237650101506462)
2024,CORTE SELETIVO,C51L41,POINT (-61.229253542771524 -8.237251980957923)
2024,CORTE SELETIVO,C51L41,POINT (-61.23054790476761 -8.237154359980321)
2024,CORTE SELETIVO,C51L41,POINT (-61.22894630639838 -8.237048688805066)
2024,CORTE SELETIVO,C51L41,POINT (-61.23034814552362 -8.23515453189646)
2024,CORTE SELETIVO,C51L41,POINT (-61.229547669982146 -8.234610368996886)
2024,CORTE SELETIVO,C51L41,POINT (-61.2277459591257 -8.23234929789812)
2024,CORTE SELETIVO,C51L41,POINT (-61.22843439528512 -8.232291671227701)
2024,CORTE SELETIVO,C51L41,POINT (-61.228150903695294 -8.232247230555558)
2024,CORTE SELETIVO,C51L41,POINT (-61.224452994609365 -8.247449623018769)
2024,CORTE SELETIVO,C51L41,POINT (-61.22466336002894 -8.24709017983367)
2024,CORTE SELETIVO,C51L41,POINT (-61.224352431777156 -8.246858664959538)
2024,CORTE SELETIVO,C51L41,POINT (-61.22244988111976 -8.246073116252242)
2024,CORTE SELETIVO,C51L41,POINT (-61.22345458671639 -8.245854777351317)
2024,CORTE SELETIVO,C51L41,POINT (-61.22244983986144 -8.24582952808246)
2024,CORTE SELETIVO,C51L41,POINT (-61.22284970811975 -8.245654469273935)
2024,CORTE SELETIVO,C51L41,POINT (-61.22354743795823 -8.245711406094065)
2024,CORTE SELETIVO,C51L41,POINT (-61.22374605315244 -8.245466539454382)
2024,CORTE SELETIVO,C51L41,POINT (-61.22415212263699 -8.244946221614972)
2024,CORTE SELETIVO,C51L41,POINT (-61.222523472615656 -8.244905399475716)
2024,CORTE SELETIVO,C51L41,POINT (-61.22224909295538 -8.244683586032714)
2024,CORTE SELETIVO,C51L41,POINT (-61.22244711039249 -8.244647899328431)
2024,CORTE SELETIVO,C51L41,POINT (-61.224653981939454 -8.244550333274441)
2024,CORTE SELETIVO,C51L41,POINT (-61.22434969720254 -8.244252291580182)
2024,CORTE SELETIVO,C51L41,POINT (-61.22434680288759 -8.244051204022401)
2024,CORTE SELETIVO,C51L41,POINT (-61.224246909744565 -8.243832529909533)
2024,CORTE SELETIVO,C51L41,POINT (-61.223148868294864 -8.241042425850608)
2024,CORTE SELETIVO,C51L41,POINT (-61.22335110797814 -8.240936382095837)
2024,CORTE SELETIVO,C51L41,POINT (-61.22234752045521 -8.240249847801651)
2024,CORTE SELETIVO,C51L41,POINT (-61.22284773366867 -8.239233245070409)
2024,CORTE SELETIVO,C51L41,POINT (-61.22553856672404 -8.238563880686275)
2024,CORTE SELETIVO,C51L41,POINT (-61.22215187428458 -8.232051545732238)
2024,CORTE SELETIVO,C51L41,POINT (-61.2231075016011 -8.230646023225427)
2024,CORTE SELETIVO,C51L41,POINT (-61.223446284247416 -8.230454444706323)
2024,CORTE SELETIVO,C51L41,POINT (-61.22275189681946 -8.229148884266287)
2024,CORTE SELETIVO,C51L41,POINT (-61.21815118557215 -8.249346303962225)
2024,CORTE SELETIVO,C51L41,POINT (-61.22114642575893 -8.249052415148915)
2024,CORTE SELETIVO,C51L41,POINT (-61.21774812525891 -8.247099910733748)
2024,CORTE SELETIVO,C51L41,POINT (-61.21755249566008 -8.246870786225768)
2024,CORTE SELETIVO,C51L41,POINT (-61.217786821101456 -8.246846538882806)
2024,CORTE SELETIVO,C51L41,POINT (-61.21722974427656 -8.245662218338504)
2024,CORTE SELETIVO,C51L41,POINT (-61.217450231611075 -8.245529002003973)
2024,CORTE SELETIVO,C51L41,POINT (-61.22154805699439 -8.244845937443786)
2024,CORTE SELETIVO,C51L41,POINT (-61.21977166530985 -8.24474764002129)
2024,CORTE SELETIVO,C51L41,POINT (-61.22194908766237 -8.244645434879962)
2024,CORTE SELETIVO,C51L41,POINT (-61.21774682928002 -8.244224907420545)
2024,CORTE SELETIVO,C51L41,POINT (-61.22194984196577 -8.241948998936431)
2024,CORTE SELETIVO,C51L41,POINT (-61.22035305169151 -8.240042279026737)
2024,CORTE SELETIVO,C51L41,POINT (-61.21924930019246 -8.239846021988821)
2024,CORTE SELETIVO,C51L41,POINT (-61.218451477856604 -8.237848465673329)
2024,CORTE SELETIVO,C51L41,POINT (-61.21914121821429 -8.237738032249199)
2024,CORTE SELETIVO,C51L41,POINT (-61.21864612238413 -8.23765081812335)
2024,CORTE SELETIVO,C51L41,POINT (-61.21845081577 -8.237549506846332)
2024,CORTE SELETIVO,C51L41,POINT (-61.21885394124501 -8.237551774388855)
2024,CORTE SELETIVO,C51L41,POINT (-61.218951263246964 -8.237452274558661)
2024,CORTE SELETIVO,C51L41,POINT (-61.21675089428192 -8.233551283223926)
2024,CORTE SELETIVO,C51L41,POINT (-61.22205156876192 -8.232251365353768)
2024,CORTE SELETIVO,C51L41,POINT (-61.22185098456865 -8.23123874894799)
2024,CORTE SELETIVO,C51L41,POINT (-61.2144480159724 -8.241350498293695)
2024,CORTE SELETIVO,C51L41,POINT (-61.21312865706078 -8.239812428099981)
2024,CORTE SELETIVO,C51L41,POINT (-61.21614663570704 -8.239815706401039)
2024,CORTE SELETIVO,C51L41,POINT (-61.20995187823919 -8.239453833853586)
2024,CORTE SELETIVO,C51L41,POINT (-61.21085086052142 -8.239253233895528)
2024,CORTE SELETIVO,C51L41,POINT (-61.21415206036305 -8.238819973619737)
2024,CORTE SELETIVO,C51L41,POINT (-61.21374858420957 -8.238749158624923)
2024,CORTE SELETIVO,C51L41,POINT (-61.213647695593764 -8.23764956653639)
2024,CORTE SELETIVO,C51L41,POINT (-61.21325087522053 -8.237652695111915)
2024,CORTE SELETIVO,C51L41,POINT (-61.21365242246493 -8.237447936212376)
2024,CORTE SELETIVO,C51L41,POINT (-61.21341868730355 -8.237454149578316)
2024,CORTE SELETIVO,C51L41,POINT (-61.214151576475636 -8.237048807299134)
2024,CORTE SELETIVO,C51L41,POINT (-61.21544998566135 -8.236748952167222)
2024,CORTE SELETIVO,C51L41,POINT (-61.21524607764363 -8.236645510835157)
2024,CORTE SELETIVO,C51L41,POINT (-61.21565049643619 -8.236551751543061)
2024,CORTE SELETIVO,C51L41,POINT (-61.21284950935068 -8.23564690582359)
2024,CORTE SELETIVO,C51L41,POINT (-61.21505288020596 -8.234646410059101)
2024,CORTE SELETIVO,C51L41,POINT (-61.21634561495803 -8.234452289680688)
2024,CORTE SELETIVO,C51L41,POINT (-61.214149875007756 -8.233253908653301)
2024,CORTE SELETIVO,C51L41,POINT (-61.21344975903741 -8.232851601541483)
2024,CORTE SELETIVO,C51L41,POINT (-61.21354959119662 -8.232351671361139)
2024,CORTE SELETIVO,C51L41,POINT (-61.21555034780423 -8.23225169915264)
2024,CORTE SELETIVO,C51L41,POINT (-61.21444799279983 -8.229947544684308)
2024,CORTE SELETIVO,C51L41,POINT (-61.216554349769936 -8.229347215661601)
2024,CORTE RASO,C51L41,POINT (-61.2098493360223 -8.189852216423157)
2024,CORTE RASO,C51L41,POINT (-61.20973409856768 -8.189651014568271)
2024,CORTE RASO,C51L41,POINT (-61.207347326346785 -8.2121522260603)
2024,CORTE RASO,C51L41,POINT (-61.207552044252395 -8.21214641433912)
2024,CORTE RASO,C51L41,POINT (-61.20765410526211 -8.212053751539115)
2024,CORTE RASO,C51L41,POINT (-61.207953839978885 -8.211850442493091)
2024,CORTE RASO,C51L41,POINT (-61.204853566781004 -8.21174521318836)
2024,CORTE RASO,C51L41,POINT (-61.20735144791759 -8.210954724329062)
2024,CORTE RASO,C51L41,POINT (-61.20714083099662 -8.210940240015884)
2024,CORTE RASO,C51L41,POINT (-61.20565201733245 -8.210345319796879)
2024,CORTE RASO,C51L41,POINT (-61.20555030737898 -8.210254272676814)
2024,CORTE RASO,C51L41,POINT (-61.20424598105197 -8.209749935106297)
2024,CORTE RASO,C51L41,POINT (-61.203952853644175 -8.209711023968206)
2024,CORTE RASO,C51L41,POINT (-61.2037488368077 -8.209208916947274)
2024,CORTE RASO,C51L41,POINT (-61.204646264059775 -8.208647453867666)
2024,CORTE RASO,C51L41,POINT (-61.204850869610034 -8.208646559187876)
2024,CORTE RASO,C51L41,POINT (-61.20834819951065 -8.208550556365589)
2024,CORTE RASO,C51L41,POINT (-61.204553613766315 -8.20834938502262)
2024,CORTE RASO,C51L41,POINT (-61.204146525046326 -8.208246943210469)
2024,CORTE RASO,C51L41,POINT (-61.205347050223985 -8.208151615648347)
2024,CORTE RASO,C51L41,POINT (-61.20645861357108 -8.207954843294786)
2024,CORTE RASO,C51L41,POINT (-61.204335335423295 -8.208064160928796)
2024,CORTE RASO,C51L41,POINT (-61.205650058602785 -8.208053208047584)
2024,CORTE RASO,C51L41,POINT (-61.20624931259107 -8.20785448457844)
2024,CORTE RASO,C51L41,POINT (-61.20356725832708 -8.184952179003313)
2024,CORTE RASO,C51L41,POINT (-61.20345165286866 -8.184847237794457)
2024,CORTE RASO,C51L41,POINT (-61.202346819525104 -8.18455187133485)
2024,CORTE RASO,C51L41,POINT (-61.20614903896108 -8.180348444791871)
2024,CORTE RASO,C51L41,POINT (-61.19094680585893 -8.112053980152274)
2024,CORTE RASO,C51L41,POINT (-61.17685003917779 -8.103453507234015)
2024,CORTE RASO,C51L41,POINT (-61.17544686398861 -8.097945782674229)
2024,CORTE SELETIVO,C51L41,POINT (-61.1427177942821 -8.249047635586095)
2024,CORTE SELETIVO,C51L41,POINT (-61.14415398820811 -8.24755050209357)
2024,CORTE SELETIVO,C51L41,POINT (-61.14434704466821 -8.24704852033547)
2024,CORTE SELETIVO,C51L41,POINT (-61.14594719236366 -8.245976199245025)
2024,CORTE SELETIVO,C51L41,POINT (-61.14206502662315 -8.24564843427488)
2024,CORTE SELETIVO,C51L41,POINT (-61.164846975458936 -8.245454470662878)
2024,CORTE SELETIVO,C51L41,POINT (-61.16044912589075 -8.245247098720105)
2024,CORTE SELETIVO,C51L41,POINT (-61.165546629877326 -8.24465195519006)
2024,CORTE SELETIVO,C51L41,POINT (-61.16019374868411 -8.24444719115803)
2024,CORTE SELETIVO,C51L41,POINT (-61.153053994987445 -8.243745812252843)
2024,CORTE SELETIVO,C51L41,POINT (-61.167748366305695 -8.243751958690194)
2024,CORTE SELETIVO,C51L41,POINT (-61.15295434502361 -8.243581733030402)
2024,CORTE SELETIVO,C51L41,POINT (-61.14354970734447 -8.243047212487042)
2024,CORTE SELETIVO,C51L41,POINT (-61.12735224772209 -8.222346917336106)
2024,CORTE SELETIVO,C51L41,POINT (-61.12805420493459 -8.220948663042579)
2024,CORTE SELETIVO,C51L41,POINT (-61.128251873738684 -8.22085302178146)
2024,CORTE SELETIVO,C51L41,POINT (-61.12814619285433 -8.218352010970932)
2024,CORTE SELETIVO,C51L41,POINT (-61.12805330661174 -8.218253401858407)
2024,CORTE SELETIVO,C51L41,POINT (-61.12764908912878 -8.218045443941369)
2024,CORTE SELETIVO,C51L41,POINT (-61.127946939379356 -8.218050540082338)
2024,CORTE SELETIVO,C51L41,POINT (-61.148852839077925 -8.09475164980313)
2024,CORTE SELETIVO,C51L41,POINT (-61.15494677370649 -8.09354638153334)
2024,CORTE SELETIVO,C51L41,POINT (-61.15503400751618 -8.093259153008706)
2024,CORTE SELETIVO,C51L41,POINT (-61.153743445564785 -8.090444165407256)
2024,CORTE SELETIVO,C51L41,POINT (-61.1076466343593 -8.242046744613528)
2024,CORTE SELETIVO,C51L41,POINT (-61.10504654605492 -8.236247797341452)
2024,CORTE SELETIVO,C51L41,POINT (-61.10507158899156 -8.236051810030038)
2024,CORTE SELETIVO,C51L41,POINT (-61.105348202188516 -8.235920112356416)
2024,CORTE SELETIVO,C51L41,POINT (-61.11015018927772 -8.235745969775385)
2024,CORTE SELETIVO,C51L41,POINT (-61.11445123378868 -8.235453782122738)
2024,CORTE SELETIVO,C51L41,POINT (-61.11714652873848 -8.235248135189565)
2024,CORTE SELETIVO,C51L41,POINT (-61.11454541274233 -8.235152010900812)
2024,CORTE SELETIVO,C51L41,POINT (-61.091647888330236 -8.234847680907434)
2024,CORTE SELETIVO,C51L41,POINT (-61.109954293772745 -8.233400328502556)
2024,CORTE SELETIVO,C51L41,POINT (-61.11634690922913 -8.231051747610639)
2024,CORTE SELETIVO,C51L41,POINT (-61.1154526299746 -8.229547845736695)
2024,CORTE SELETIVO,C51L41,POINT (-61.10634690759414 -8.229325532719939)
2024,CORTE SELETIVO,C51L41,POINT (-61.106347798895285 -8.229047105005638)
2024,CORTE SELETIVO,C51L41,POINT (-61.09265174666664 -8.22835755349412)
2024,CORTE SELETIVO,C51L41,POINT (-61.092751697207234 -8.22824247136073)
2024,CORTE SELETIVO,C51L41,POINT (-61.12424923313375 -8.226654256790528)
2024,CORTE SELETIVO,C51L41,POINT (-61.12525162815217 -8.226432330686617)
2024,CORTE SELETIVO,C51L41,POINT (-61.12535279899215 -8.226248459814503)
2024,CORTE SELETIVO,C51L41,POINT (-61.12545034995353 -8.226153124197115)
2024,CORTE SELETIVO,C51L41,POINT (-61.113403034802126 -8.22564732167077)
2024,CORTE SELETIVO,C51L41,POINT (-61.11584968735205 -8.225152716631687)
2024,CORTE SELETIVO,C51L41,POINT (-61.1249500137955 -8.224849818991272)
2024,CORTE SELETIVO,C51L41,POINT (-61.125148456039724 -8.224561510157878)
2024,CORTE SELETIVO,C51L41,POINT (-61.12358663684195 -8.22434564639037)
2024,CORTE SELETIVO,C51L41,POINT (-61.122749868690924 -8.223348121336668)
2024,CORTE SELETIVO,C51L41,POINT (-61.12714813541771 -8.223149638094139)
2024,CORTE SELETIVO,C51L41,POINT (-61.124554050095256 -8.222879364839049)
2024,CORTE SELETIVO,C51L41,POINT (-61.126253091965935 -8.222847393904761)
2024,CORTE SELETIVO,C51L41,POINT (-61.124774632187645 -8.222348080636959)
2024,CORTE SELETIVO,C51L41,POINT (-61.12504875350315 -8.222254106058543)
2024,CORTE SELETIVO,C51L41,POINT (-61.12455134220249 -8.22225334226272)
2024,CORTE SELETIVO,C51L41,POINT (-61.12464605653584 -8.220446817614379)
2024,CORTE SELETIVO,C51L41,POINT (-61.124848989920224 -8.220354118533777)
2024,CORTE SELETIVO,C51L41,POINT (-61.12455005821876 -8.220347971597946)
2024,CORTE SELETIVO,C51L41,POINT (-61.124151978982574 -8.220333113545415)
2024,CORTE SELETIVO,C51L41,POINT (-61.12480563409208 -8.219949782938816)
2024,CORTE SELETIVO,C51L41,POINT (-61.12439614457654 -8.219853016832156)
2024,CORTE SELETIVO,C51L41,POINT (-61.12475334411424 -8.21974881490524)
2024,CORTE SELETIVO,C51L41,POINT (-61.123260010574306 -8.21955381364655)
2024,CORTE SELETIVO,C51L41,POINT (-61.123148822777964 -8.219450251390278)
2024,CORTE SELETIVO,C51L41,POINT (-61.12294671526191 -8.218150069160693)
2024,CORTE SELETIVO,C51L41,POINT (-61.124952797431284 -8.218110749010748)
2024,CORTE SELETIVO,C51L41,POINT (-61.12294901875098 -8.217946143702761)
2024,CORTE SELETIVO,C51L41,POINT (-61.12452281828032 -8.217949515070256)
2024,CORTE SELETIVO,C51L41,POINT (-61.12424639199579 -8.217753792811878)
2024,CORTE SELETIVO,C51L41,POINT (-61.12594062267122 -8.217549963148537)
2024,CORTE SELETIVO,C51L41,POINT (-61.12514787624789 -8.217550598256897)
2024,CORTE SELETIVO,C51L41,POINT (-61.12404677698446 -8.21724758179699)
2024,CORTE SELETIVO,C51L41,POINT (-61.122751559106185 -8.21704823873438)
2024,CORTE SELETIVO,C51L41,POINT (-61.12302079337617 -8.216952391752324)
2024,CORTE SELETIVO,C51L41,POINT (-61.12284601419798 -8.216751838151625)
2024,CORTE RASO,C51L41,POINT (-61.20774556563708 -8.211552096219537)
2024,CORTE RASO,C51L41,POINT (-61.20715372827877 -8.211252026828912)
2024,CORTE RASO,C51L41,POINT (-61.204296495970084 -8.211254670876528)
2024,CORTE RASO,C51L41,POINT (-61.20745010093283 -8.211147041549253)
2024,CORTE RASO,C51L41,POINT (-61.20725308304342 -8.211011001415462)
2024,CORTE RASO,C51L41,POINT (-61.2084121575907 -8.211034152896863)
2024,CORTE RASO,C51L41,POINT (-61.20415206145585 -8.210649527946302)
2024,CORTE RASO,C51L41,POINT (-61.20394573211256 -8.210636360096851)
2024,CORTE RASO,C51L41,POINT (-61.20554630492131 -8.210551958727356)
2024,CORTE RASO,C51L41,POINT (-61.207890531231776 -8.210445757611684)
2024,CORTE RASO,C51L41,POINT (-61.20422789481561 -8.208450925467663)
2024,CORTE RASO,C51L41,POINT (-61.20634883306278 -8.208308740296301)
2024,CORTE RASO,C51L41,POINT (-61.20574763079315 -8.20775267447493)
2024,CORTE RASO,C51L41,POINT (-61.20704966564933 -8.20745463782453)
2024,CORTE SELETIVO,C51L41,POINT (-61.138446015295024 -8.243046349852648)
2024,CORTE SELETIVO,C51L41,POINT (-61.10494865564551 -8.23624631138718)
2024,CORTE SELETIVO,C51L41,POINT (-61.096604664442054 -8.230298420724944)
2024,CORTE SELETIVO,C51L41,POINT (-61.154731327286946 -8.093246113425122)
2024,CORTE SELETIVO,C51L41,POINT (-61.22404686974872 -8.246849181781293)
2024,CORTE RASO,C51L41,POINT (-61.20785442725748 -8.210547737841496)
2024,CORTE SELETIVO,C51L41,POINT (-61.133745726704724 -8.245952481528855)
2024,CORTE SELETIVO,C51L41,POINT (-61.0965507118283 -8.22945140900043)
2024,CORTE RASO,C51L41,POINT (-61.177849464693544 -8.102452148442126)
2024,CORTE RASO,C51L41,POINT (-61.20654876181788 -8.208349964015687)
2024,CORTE RASO,C51L41,POINT (-61.20624965972214 -8.208345663579996)
2024,CORTE RASO,C51L41,POINT (-61.20524981997289 -8.208147900841691)
2024,CORTE SELETIVO,C51L41,POINT (-61.13835173319152 -8.243154126171975)
2024,CORTE SELETIVO,C51L41,POINT (-61.097247648584585 -8.231645749801821)
2024,CORTE SELETIVO,C51L41,POINT (-61.096554389407565 -8.230148129516932)
2024,CORTE SELETIVO,C51L41,POINT (-61.120846086844246 -8.229648208832222)
2024,CORTE RASO,C51L41,POINT (-61.204146264180046 -8.211151075648349)
2024,CORTE RASO,C51L41,POINT (-61.20454750895849 -8.211054204805267)
2024,CORTE RASO,C51L41,POINT (-61.2044543603893 -8.210946089662858)
2024,CORTE RASO,C51L41,POINT (-61.20795419595842 -8.210552939403104)
2024,CORTE RASO,C51L41,POINT (-61.20695097180407 -8.210152534448916)
2024,CORTE RASO,C51L41,POINT (-61.20744564830622 -8.208847888173871)
2024,CORTE RASO,C51L41,POINT (-61.206351528895766 -8.208448056029189)
2024,CORTE RASO,C51L41,POINT (-61.207054582305815 -8.208351048624055)
2024,CORTE SELETIVO,C51L41,POINT (-61.153746477191866 -8.249345846340288)
2024,CORTE SELETIVO,C51L41,POINT (-61.091751013682625 -8.234749617390081)
2024,CORTE SELETIVO,C51L41,POINT (-61.21924673796473 -8.243847087961665)
2024,CORTE SELETIVO,C51L41,POINT (-61.20864781089495 -8.24034671494089)
2024,CORTE SELETIVO,C51L41,POINT (-61.2139501673963 -8.240348065062122)
2024,CORTE SELETIVO,C51L41,POINT (-61.223747644376765 -8.239947411760912)
2024,CORTE SELETIVO,C51L41,POINT (-61.213052518774944 -8.239949159198542)
2024,CORTE SELETIVO,C51L41,POINT (-61.21329026080058 -8.239653040397812)
2024,CORTE SELETIVO,C51L41,POINT (-61.20994861549903 -8.239551528305663)
2024,CORTE SELETIVO,C51L41,POINT (-61.21375087913355 -8.239551997149873)
2024,CORTE SELETIVO,C51L41,POINT (-61.20976049326825 -8.239426810021842)
2024,CORTE SELETIVO,C51L41,POINT (-61.210048717814445 -8.239103996093522)
2024,CORTE SELETIVO,C51L41,POINT (-61.21994642731154 -8.23494679315256)
2024,CORTE SELETIVO,C51L41,POINT (-61.21714914248807 -8.232353897560875)
2024,CORTE SELETIVO,C51L41,POINT (-61.2215536087521 -8.230148318796456)
2024,CORTE SELETIVO,C51L41,POINT (-61.21434537701971 -8.230054784445887)
2024,CORTE RASO,C51L41,POINT (-61.20765041293263 -8.211553312005762)
2024,CORTE RASO,C51L41,POINT (-61.20714956522902 -8.211454261269918)
2024,CORTE RASO,C51L41,POINT (-61.20764983334678 -8.211273332945616)
2024,CORTE RASO,C51L41,POINT (-61.20739147827923 -8.211253830821681)
2024,CORTE RASO,C51L41,POINT (-61.20435384044829 -8.210951774534163)
2024,CORTE RASO,C51L41,POINT (-61.20524677000598 -8.21085148025656)
2024,CORTE RASO,C51L41,POINT (-61.2068486327618 -8.21074803361218)
2024,CORTE RASO,C51L41,POINT (-61.20644814603764 -8.210749284851289)
2024,CORTE RASO,C51L41,POINT (-61.20821812655637 -8.210750026767457)
2024,CORTE RASO,C51L41,POINT (-61.20775452032649 -8.210569214732276)
2024,CORTE RASO,C51L41,POINT (-61.207153103644934 -8.210550170418031)
2024,CORTE RASO,C51L41,POINT (-61.20774621721468 -8.21024673370142)
2024,CORTE RASO,C51L41,POINT (-61.20704914564325 -8.210338264356208)
2024,CORTE RASO,C51L41,POINT (-61.205047036337966 -8.210247940144734)
2024,CORTE RASO,C51L41,POINT (-61.207449430018016 -8.210105065537935)
2024,CORTE RASO,C51L41,POINT (-61.20560975472391 -8.210115518912357)
2024,CORTE RASO,C51L41,POINT (-61.206949958370735 -8.21005213747452)
2024,CORTE RASO,C51L41,POINT (-61.20785340055976 -8.20978746591102)
2024,CORTE RASO,C51L41,POINT (-61.20735009861535 -8.209750068442752)
2024,CORTE RASO,C51L41,POINT (-61.20517522712629 -8.209865504434845)
2024,CORTE RASO,C51L41,POINT (-61.20375137455837 -8.209649109985456)
2024,CORTE RASO,C51L41,POINT (-61.20685377725684 -8.208747823646934)
2024,CORTE RASO,C51L41,POINT (-61.20703236141915 -8.208588210070934)
2024,CORTE RASO,C51L41,POINT (-61.20764549158108 -8.208603268797996)
2024,CORTE RASO,C51L41,POINT (-61.2062468056215 -8.20853084407655)
2024,CORTE RASO,C51L41,POINT (-61.207552554229714 -8.208450611640108)
2024,CORTE RASO,C51L41,POINT (-61.20804937557942 -8.208448210692413)
2024,CORTE RASO,C51L41,POINT (-61.20585071206539 -8.208447784342248)
2024,CORTE RASO,C51L41,POINT (-61.20605046565804 -8.208252862209116)
2024,CORTE RASO,C51L41,POINT (-61.205452808383725 -8.208233947236177)
2024,CORTE RASO,C51L41,POINT (-61.20677613531819 -8.208156197052913)
2024,CORTE RASO,C51L41,POINT (-61.20524766995356 -8.208028194653645)
2024,CORTE RASO,C51L41,POINT (-61.206648785839846 -8.207948890931927)
2024,CORTE RASO,C51L41,POINT (-61.20687817625281 -8.207563082902235)
2024,CORTE RASO,C51L41,POINT (-61.206497794641095 -8.207748532264556)
2024,CORTE RASO,C51L41,POINT (-61.20574988804249 -8.207651879332266)
2024,CORTE RASO,C51L41,POINT (-61.20635049243424 -8.207245902947149)
2024,CORTE RASO,C51L41,POINT (-61.20665138995521 -8.207147315052959)
2024,CORTE SELETIVO,C51L41,POINT (-61.17474199081272 -8.191366291483197)
2024,CORTE SELETIVO,C51L41,POINT (-61.175313647218964 -8.179552498096323)
2024,CORTE SELETIVO,C51L41,POINT (-61.17553504661715 -8.179296540256006)
2024,CORTE SELETIVO,C51L41,POINT (-61.173569998534546 -8.177797538298197)
2024,CORTE SELETIVO,C51L41,POINT (-61.173446914748304 -8.178252547108974)
2024,CORTE SELETIVO,C51L41,POINT (-61.17314963867976 -8.178247124802693)
2024,CORTE SELETIVO,C51L41,POINT (-61.154228177240746 -8.244853624871665)
2024,CORTE SELETIVO,C51L41,POINT (-61.1543522665683 -8.24469024257558)
2024,CORTE SELETIVO,C51L41,POINT (-61.154050157338055 -8.244554529515428)
2024,CORTE SELETIVO,C51L41,POINT (-61.15425047349729 -8.24445282909862)
2024,CORTE SELETIVO,C51L41,POINT (-61.154354372468795 -8.24435461694434)
2024,CORTE SELETIVO,C51L41,POINT (-61.15484688604153 -8.093548689667902)
2024,CORTE SELETIVO,C51L41,POINT (-61.140621621808506 -8.249251743097432)
2024,CORTE SELETIVO,C51L41,POINT (-61.14594805265715 -8.249151882427642)
2024,CORTE SELETIVO,C51L41,POINT (-61.139353093789204 -8.248751805630171)
2024,CORTE SELETIVO,C51L41,POINT (-61.144251594081325 -8.247503823275634)
2024,CORTE SELETIVO,C51L41,POINT (-61.142749318599016 -8.247350481561337)
2024,CORTE SELETIVO,C51L41,POINT (-61.14235180777653 -8.24735228695606)
2024,CORTE SELETIVO,C51L41,POINT (-61.11574656382888 -8.246947480436203)
2024,CORTE SELETIVO,C51L41,POINT (-61.14435361615326 -8.246947048303591)
2024,CORTE SELETIVO,C51L41,POINT (-61.14404647327436 -8.246449507563574)
2024,CORTE SELETIVO,C51L41,POINT (-61.14235397533867 -8.24644603796014)
2024,CORTE SELETIVO,C51L41,POINT (-61.144353368134446 -8.246442199605427)
2024,CORTE SELETIVO,C51L41,POINT (-61.142231001369325 -8.24625321084689)
2024,CORTE SELETIVO,C51L41,POINT (-61.144345493384186 -8.246152452937697)
2024,CORTE SELETIVO,C51L41,POINT (-61.14334817876853 -8.24605439576583)
2024,CORTE SELETIVO,C51L41,POINT (-61.142651337979096 -8.245848190922981)
2024,CORTE SELETIVO,C51L41,POINT (-61.14555225273436 -8.24585032336703)
2024,CORTE SELETIVO,C51L41,POINT (-61.14590931634075 -8.245850492303587)
2024,CORTE SELETIVO,C51L41,POINT (-61.144755407675625 -8.245842799292806)
2024,CORTE SELETIVO,C51L41,POINT (-61.14231583339943 -8.245854254060799)
2024,CORTE SELETIVO,C51L41,POINT (-61.145349273854706 -8.24583764593237)
2024,CORTE SELETIVO,C51L41,POINT (-61.142452402294445 -8.24566701425865)
2024,CORTE SELETIVO,C51L41,POINT (-61.14224760291304 -8.245347893836142)
2024,CORTE SELETIVO,C51L41,POINT (-61.142447815103274 -8.24504811374853)
2024,CORTE SELETIVO,C51L41,POINT (-61.143445731763116 -8.24494835796582)
2024,CORTE SELETIVO,C51L41,POINT (-61.14254721229589 -8.244852219256279)
2024,CORTE SELETIVO,C51L41,POINT (-61.1337511652127 -8.24465471975548)
2024,CORTE SELETIVO,C51L41,POINT (-61.14303295970016 -8.244568825638952)
2024,CORTE SELETIVO,C51L41,POINT (-61.13755266550668 -8.244648157036595)
2024,CORTE SELETIVO,C51L41,POINT (-61.136828479167654 -8.244653662367194)
2024,CORTE SELETIVO,C51L41,POINT (-61.13395240761184 -8.244711121146336)
2024,CORTE SELETIVO,C51L41,POINT (-61.14482313867356 -8.244591603301965)
2024,CORTE SELETIVO,C51L41,POINT (-61.13545456070552 -8.244547677131937)
2024,CORTE SELETIVO,C51L41,POINT (-61.13778747871287 -8.24441126078892)
2024,CORTE SELETIVO,C51L41,POINT (-61.14127832670391 -8.244744957198025)
2024,CORTE SELETIVO,C51L41,POINT (-61.139347082916615 -8.244476837971053)
2024,CORTE SELETIVO,C51L41,POINT (-61.14455074638095 -8.244351306239189)
2024,CORTE SELETIVO,C51L41,POINT (-61.13386566017909 -8.244346344458855)
2024,CORTE SELETIVO,C51L41,POINT (-61.14404913698142 -8.244064900556404)
2024,CORTE SELETIVO,C51L41,POINT (-61.14454723059093 -8.244146525286757)
2024,CORTE SELETIVO,C51L41,POINT (-61.147711795395374 -8.244046166978192)
2024,CORTE SELETIVO,C51L41,POINT (-61.147946181494035 -8.243960075341871)
2024,CORTE SELETIVO,C51L41,POINT (-61.14365368502936 -8.243851671835804)
2024,CORTE SELETIVO,C51L41,POINT (-61.147648339584364 -8.243753867747031)
2024,CORTE SELETIVO,C51L41,POINT (-61.14798483013688 -8.243660368405486)
2024,CORTE SELETIVO,C51L41,POINT (-61.15044765817795 -8.243655051819877)
2024,CORTE SELETIVO,C51L41,POINT (-61.14404806049014 -8.243547439979446)
2024,CORTE SELETIVO,C51L41,POINT (-61.14026799470245 -8.243451803896336)
2024,CORTE SELETIVO,C51L41,POINT (-61.1485537559042 -8.243338358066795)
2024,CORTE SELETIVO,C51L41,POINT (-61.14404803190032 -8.243046401600957)
2024,CORTE SELETIVO,C51L41,POINT (-61.14164765208095 -8.242950859599462)
2024,CORTE SELETIVO,C51L41,POINT (-61.14664949555859 -8.242551495109943)
2024,CORTE SELETIVO,C51L41,POINT (-61.14164660795059 -8.242553894502269)
2024,CORTE SELETIVO,C51L41,POINT (-61.143252336342584 -8.242449616668242)
2024,CORTE SELETIVO,C51L41,POINT (-61.14705459024472 -8.24234711923754)
2024,CORTE SELETIVO,C51L41,POINT (-61.143152874913966 -8.242349518102738)
2024,CORTE SELETIVO,C51L41,POINT (-61.14885363692644 -8.241854401742975)
2024,CORTE SELETIVO,C51L41,POINT (-61.147846831597974 -8.241251787478486)
2024,CORTE SELETIVO,C51L41,POINT (-61.11555188397754 -8.237045316311283)
2024,CORTE SELETIVO,C51L41,POINT (-61.11474927217617 -8.236349252807008)
2024,CORTE SELETIVO,C51L41,POINT (-61.117852414426295 -8.23514052309398)
2024,CORTE SELETIVO,C51L41,POINT (-61.11435144148981 -8.234848402777356)
2024,CORTE SELETIVO,C51L41,POINT (-61.11803177820163 -8.230732810184406)
2024,CORTE SELETIVO,C51L41,POINT (-61.11685323905605 -8.230549012317674)
2024,CORTE SELETIVO,C51L41,POINT (-61.11790270029827 -8.230449785999262)
2024,CORTE SELETIVO,C51L41,POINT (-61.115251324850995 -8.229254168456293)
2024,CORTE SELETIVO,C51L41,POINT (-61.114350635333 -8.22874676939035)
2024,CORTE SELETIVO,C51L41,POINT (-61.115445813541825 -8.228749949699516)
2024,CORTE SELETIVO,C51L41,POINT (-61.115747576239606 -8.228510487517623)
2024,CORTE SELETIVO,C51L41,POINT (-61.1154514669481 -8.228343134765167)
2024,CORTE SELETIVO,C51L41,POINT (-61.114750483437675 -8.227452048692331)
2024,CORTE SELETIVO,C51L41,POINT (-61.12294589824468 -8.227354173386079)
2024,CORTE SELETIVO,C51L41,POINT (-61.12544755826068 -8.226453669510146)
2024,CORTE SELETIVO,C51L41,POINT (-61.11395311478062 -8.225448511135394)
2024,CORTE SELETIVO,C51L41,POINT (-61.11704995778005 -8.22244545947503)
2024,CORTE SELETIVO,C51L41,POINT (-61.1245463826863 -8.220153028794423)
2024,CORTE RASO,C51L41,POINT (-61.2036498933264 -8.208753242952165)
2024,CORTE SELETIVO,C51L41,POINT (-61.22766783453546 -8.249834029987863)
2024,CORTE SELETIVO,C51L41,POINT (-61.22952083250933 -8.249254339658263)
2024,CORTE SELETIVO,C51L41,POINT (-61.22675315997734 -8.248249420563312)
2024,CORTE SELETIVO,C51L41,POINT (-61.22647849475275 -8.248252170235553)
2024,CORTE SELETIVO,C51L41,POINT (-61.226653568232244 -8.248148792110095)
2024,CORTE SELETIVO,C51L41,POINT (-61.22681336369646 -8.247995703645262)
2024,CORTE SELETIVO,C51L41,POINT (-61.22604970672832 -8.24755137267412)
2024,CORTE SELETIVO,C51L41,POINT (-61.2263469947126 -8.24761799631505)
2024,CORTE SELETIVO,C51L41,POINT (-61.224547696284944 -8.247361145172457)
2024,CORTE SELETIVO,C51L41,POINT (-61.226152616592884 -8.247390093241755)
2024,CORTE SELETIVO,C51L41,POINT (-61.23050623301928 -8.246848485823744)
2024,CORTE SELETIVO,C51L41,POINT (-61.2300542276021 -8.24685217633106)
2024,CORTE SELETIVO,C51L41,POINT (-61.22964671958574 -8.246810078936587)
2024,CORTE SELETIVO,C51L41,POINT (-61.230645399062 -8.246750251247164)
2024,CORTE SELETIVO,C51L41,POINT (-61.22940477452699 -8.246745652459031)
2024,CORTE SELETIVO,C51L41,POINT (-61.22758916136853 -8.24665339970583)
2024,CORTE SELETIVO,C51L41,POINT (-61.23013963545026 -8.246551276812397)
2024,CORTE SELETIVO,C51L41,POINT (-61.2305451203657 -8.246646334441705)
2024,CORTE SELETIVO,C51L41,POINT (-61.22783628046081 -8.246529098087576)
2024,CORTE SELETIVO,C51L41,POINT (-61.225154541545734 -8.245954436151658)
2024,CORTE SELETIVO,C51L41,POINT (-61.22984972149838 -8.24530099669126)
2024,CORTE SELETIVO,C51L41,POINT (-61.230147841207916 -8.245146622505034)
2024,CORTE SELETIVO,C51L41,POINT (-61.23121586247067 -8.244736872768451)
2024,CORTE SELETIVO,C51L41,POINT (-61.224928215834616 -8.24465461859972)
2024,CORTE SELETIVO,C51L41,POINT (-61.23144868071106 -8.243605802135505)
2024,CORTE SELETIVO,C51L41,POINT (-61.23134598572877 -8.243345854774626)
2024,CORTE SELETIVO,C51L41,POINT (-61.23036772101302 -8.242361041718956)
2024,CORTE SELETIVO,C51L41,POINT (-61.22976841038522 -8.242247861315565)
2024,CORTE SELETIVO,C51L41,POINT (-61.23105315664626 -8.24194849821364)
2024,CORTE SELETIVO,C51L41,POINT (-61.22964632256418 -8.241947710768882)
2024,CORTE SELETIVO,C51L41,POINT (-61.23065731456253 -8.241002063592479)
2024,CORTE SELETIVO,C51L41,POINT (-61.23129066232185 -8.240545685515649)
2024,CORTE SELETIVO,C51L41,POINT (-61.23084765410692 -8.240549921685847)
2024,CORTE SELETIVO,C51L41,POINT (-61.23144548977271 -8.240056914522965)
2024,CORTE SELETIVO,C51L41,POINT (-61.227745444450136 -8.238351926159941)
2024,CORTE SELETIVO,C51L41,POINT (-61.2302532400506 -8.237954518607243)
2024,CORTE SELETIVO,C51L41,POINT (-61.22934882516348 -8.234346846022657)
2024,CORTE SELETIVO,C51L41,POINT (-61.22894853224848 -8.232850798226808)
2024,CORTE SELETIVO,C51L41,POINT (-61.231519126537705 -8.231514768107175)
2024,CORTE SELETIVO,C51L41,POINT (-61.22992034220923 -8.230085602507257)
2024,CORTE SELETIVO,C51L41,POINT (-61.2207464309186 -8.249946505058873)
2024,CORTE SELETIVO,C51L41,POINT (-61.22105033088608 -8.24905429674087)
2024,CORTE SELETIVO,C51L41,POINT (-61.22114694421121 -8.248851626887584)
2024,CORTE SELETIVO,C51L41,POINT (-61.224448591190324 -8.24695137356225)
2024,CORTE SELETIVO,C51L41,POINT (-61.2241814425907 -8.246846470492315)
2024,CORTE SELETIVO,C51L41,POINT (-61.22244701699976 -8.246248475351539)
2024,CORTE SELETIVO,C51L41,POINT (-61.223548454274734 -8.245854760235831)
2024,CORTE SELETIVO,C51L41,POINT (-61.223151042259445 -8.245850144694895)
2024,CORTE SELETIVO,C51L41,POINT (-61.222946271288954 -8.245853427353582)
2024,CORTE SELETIVO,C51L41,POINT (-61.223353847071614 -8.245847124748673)
2024,CORTE SELETIVO,C51L41,POINT (-61.22260307706262 -8.246045181701236)
2024,CORTE SELETIVO,C51L41,POINT (-61.223448121046815 -8.245648638753785)
2024,CORTE SELETIVO,C51L41,POINT (-61.22385438429249 -8.245651434514416)
2024,CORTE SELETIVO,C51L41,POINT (-61.2224530946411 -8.245639913189462)
2024,CORTE SELETIVO,C51L41,POINT (-61.22325151640608 -8.245545658707462)
2024,CORTE SELETIVO,C51L41,POINT (-61.22364826848477 -8.245584789765942)
2024,CORTE SELETIVO,C51L41,POINT (-61.222857133817854 -8.245552740752316)
2024,CORTE SELETIVO,C51L41,POINT (-61.22304927395993 -8.245449081072358)
2024,CORTE SELETIVO,C51L41,POINT (-61.22290798862792 -8.245247672922693)
2024,CORTE SELETIVO,C51L41,POINT (-61.22001610532746 -8.244945384752949)
2024,CORTE SELETIVO,C51L41,POINT (-61.221425967691744 -8.244853543786435)
2024,CORTE SELETIVO,C51L41,POINT (-61.222249958688096 -8.244900715039865)
2024,CORTE SELETIVO,C51L41,POINT (-61.22174622653972 -8.244701331657218)
2024,CORTE SELETIVO,C51L41,POINT (-61.22416104405909 -8.24475203649932)
2024,CORTE SELETIVO,C51L41,POINT (-61.219929729752934 -8.244658180420178)
2024,CORTE SELETIVO,C51L41,POINT (-61.22235791437815 -8.244721869808926)
2024,CORTE SELETIVO,C51L41,POINT (-61.22402883973523 -8.244618563947999)
2024,CORTE SELETIVO,C51L41,POINT (-61.219578927377896 -8.244554541758758)
2024,CORTE SELETIVO,C51L41,POINT (-61.22255060332904 -8.244551268184809)
2024,CORTE SELETIVO,C51L41,POINT (-61.22225119353101 -8.244503330874494)
2024,CORTE SELETIVO,C51L41,POINT (-61.224345811916336 -8.244150220877726)
2024,CORTE SELETIVO,C51L41,POINT (-61.21924624037551 -8.243949966140995)
2024,CORTE SELETIVO,C51L41,POINT (-61.224146418012225 -8.243775697973158)
2024,CORTE SELETIVO,C51L41,POINT (-61.22034556257333 -8.243877504912366)
2024,CORTE SELETIVO,C51L41,POINT (-61.2192543941778 -8.243746472754127)
2024,CORTE SELETIVO,C51L41,POINT (-61.224246437704146 -8.24365020847675)
2024,CORTE SELETIVO,C51L41,POINT (-61.22155237238248 -8.242368735056445)
2024,CORTE SELETIVO,C51L41,POINT (-61.221843927881 -8.242212504218113)
2024,CORTE SELETIVO,C51L41,POINT (-61.22024544714876 -8.24183276234333)
2024,CORTE SELETIVO,C51L41,POINT (-61.219885390091974 -8.241576098716042)
2024,CORTE SELETIVO,C51L41,POINT (-61.22005038123556 -8.241253253226482)
2024,CORTE SELETIVO,C51L41,POINT (-61.2229470572772 -8.2410492211058)
2024,CORTE SELETIVO,C51L41,POINT (-61.22194897996364 -8.241053795380864)
2024,CORTE SELETIVO,C51L41,POINT (-61.22175085171779 -8.240951186745269)
2024,CORTE SELETIVO,C51L41,POINT (-61.22254777278616 -8.240597505851875)
2024,CORTE SELETIVO,C51L41,POINT (-61.22208080075562 -8.240679903073497)
2024,CORTE SELETIVO,C51L41,POINT (-61.222655238173786 -8.240349297311312)
2024,CORTE SELETIVO,C51L41,POINT (-61.220347687368154 -8.24015055071341)
2024,CORTE SELETIVO,C51L41,POINT (-61.21944879044035 -8.239946240146944)
2024,CORTE SELETIVO,C51L41,POINT (-61.219894417312716 -8.239848725346107)
2024,CORTE SELETIVO,C51L41,POINT (-61.220299134167384 -8.239846180196551)
2024,CORTE SELETIVO,C51L41,POINT (-61.219694615854436 -8.239741067856656)
2024,CORTE SELETIVO,C51L41,POINT (-61.21909082045496 -8.23970215967904)
2024,CORTE SELETIVO,C51L41,POINT (-61.22304798196229 -8.239548482267004)
2024,CORTE SELETIVO,C51L41,POINT (-61.21944798960924 -8.237745205727226)
2024,CORTE SELETIVO,C51L41,POINT (-61.22034819729186 -8.236248094500066)
2024,CORTE SELETIVO,C51L41,POINT (-61.2216470407921 -8.235449854609636)
2024,CORTE SELETIVO,C51L41,POINT (-61.21954707140264 -8.235450961131017)
2024,CORTE SELETIVO,C51L41,POINT (-61.21986089187457 -8.235074082497574)
2024,CORTE SELETIVO,C51L41,POINT (-61.220361778479024 -8.234949634350526)
2024,CORTE SELETIVO,C51L41,POINT (-61.22015136767335 -8.23495136380548)
2024,CORTE SELETIVO,C51L41,POINT (-61.21994784432987 -8.234648137169454)
2024,CORTE SELETIVO,C51L41,POINT (-61.21954604176274 -8.231700178203086)
2024,CORTE SELETIVO,C51L41,POINT (-61.22124633455705 -8.231034405424328)
2024,CORTE SELETIVO,C51L41,POINT (-61.22159311024992 -8.23026672380162)
2024,CORTE SELETIVO,C51L41,POINT (-61.22154861929447 -8.229652857039474)
2024,CORTE SELETIVO,C51L41,POINT (-61.22110692995529 -8.229309695581621)
2024,CORTE SELETIVO,C51L41,POINT (-61.22014873343138 -8.229245792044566)
2024,CORTE SELETIVO,C51L41,POINT (-61.21505184306317 -8.249446081069182)
2024,CORTE SELETIVO,C51L41,POINT (-61.21800504059445 -8.249450917015393)
2024,CORTE SELETIVO,C51L41,POINT (-61.21495145304355 -8.24895322621065)
2024,CORTE SELETIVO,C51L41,POINT (-61.21545287898836 -8.248645720346412)
2024,CORTE SELETIVO,C51L41,POINT (-61.21494892583029 -8.248544967874011)
2024,CORTE SELETIVO,C51L41,POINT (-61.21470394170823 -8.248547873950535)
2024,CORTE SELETIVO,C51L41,POINT (-61.2164475557537 -8.2484470370685)
2024,CORTE SELETIVO,C51L41,POINT (-61.21915256069332 -8.248248584863829)
2024,CORTE SELETIVO,C51L41,POINT (-61.217449828037296 -8.246932661152979)
2024,CORTE SELETIVO,C51L41,POINT (-61.21462740704984 -8.246686513303574)
2024,CORTE SELETIVO,C51L41,POINT (-61.21766891483254 -8.246941685245458)
2024,CORTE SELETIVO,C51L41,POINT (-61.215752164783055 -8.246425120810315)
2024,CORTE SELETIVO,C51L41,POINT (-61.21585115773659 -8.24594668495946)
2024,CORTE SELETIVO,C51L41,POINT (-61.21659439568156 -8.246039944761343)
2024,CORTE SELETIVO,C51L41,POINT (-61.21715739695357 -8.245842797144922)
2024,CORTE SELETIVO,C51L41,POINT (-61.21449024565747 -8.245836353829791)
2024,CORTE SELETIVO,C51L41,POINT (-61.21495025109978 -8.245746781970984)
2024,CORTE SELETIVO,C51L41,POINT (-61.2142470066757 -8.245450137156885)
2024,CORTE SELETIVO,C51L41,POINT (-61.21733204448281 -8.245558609573036)
2024,CORTE SELETIVO,C51L41,POINT (-61.21394655986873 -8.245422700959692)
2024,CORTE SELETIVO,C51L41,POINT (-61.21435411202015 -8.245351161178133)
2024,CORTE SELETIVO,C51L41,POINT (-61.21415092399351 -8.245250117157099)
2024,CORTE SELETIVO,C51L41,POINT (-61.217074745111425 -8.244447671166078)
2024,CORTE SELETIVO,C51L41,POINT (-61.217904986859175 -8.244336590904892)
2024,CORTE SELETIVO,C51L41,POINT (-61.21905168612094 -8.243851529804695)
2024,CORTE SELETIVO,C51L41,POINT (-61.21829365367628 -8.243739061221182)
2024,CORTE SELETIVO,C51L41,POINT (-61.21755355896966 -8.243352929851081)
2024,CORTE SELETIVO,C51L41,POINT (-61.21605558101104 -8.24310851078105)
2024,CORTE SELETIVO,C51L41,POINT (-61.21874917548825 -8.243145669292872)
2024,CORTE SELETIVO,C51L41,POINT (-61.21894111884381 -8.242927319524682)
2024,CORTE SELETIVO,C51L41,POINT (-61.215051462357394 -8.24272956392556)
2024,CORTE SELETIVO,C51L41,POINT (-61.217767351458626 -8.242743668015843)
2024,CORTE SELETIVO,C51L41,POINT (-61.21635097168489 -8.242549092672432)
2024,CORTE SELETIVO,C51L41,POINT (-61.2160503473146 -8.242454193222827)
2024,CORTE SELETIVO,C51L41,POINT (-61.21375133753901 -8.241839541541026)
2024,CORTE SELETIVO,C51L41,POINT (-61.215831221743 -8.241946890415596)
2024,CORTE SELETIVO,C51L41,POINT (-61.212921834993494 -8.242000293473039)
2024,CORTE SELETIVO,C51L41,POINT (-61.21677445181665 -8.241641738492964)
2024,CORTE SELETIVO,C51L41,POINT (-61.21885134369814 -8.241298151756325)
2024,CORTE SELETIVO,C51L41,POINT (-61.215085853996946 -8.241323037544433)
2024,CORTE SELETIVO,C51L41,POINT (-61.215415930744136 -8.241050565592607)
2024,CORTE SELETIVO,C51L41,POINT (-61.215829712976515 -8.240849233692352)
2024,CORTE SELETIVO,C51L41,POINT (-61.21604658325337 -8.240698025761175)
2024,CORTE SELETIVO,C51L41,POINT (-61.21454967382011 -8.241134189519249)
2024,CORTE SELETIVO,C51L41,POINT (-61.21534683796631 -8.240351302963122)
2024,CORTE SELETIVO,C51L41,POINT (-61.21484961479956 -8.240247794421924)
2024,CORTE SELETIVO,C51L41,POINT (-61.21625046098149 -8.240150419492716)
2024,CORTE SELETIVO,C51L41,POINT (-61.21445339221666 -8.240153209439622)
2024,CORTE SELETIVO,C51L41,POINT (-61.21307170161463 -8.24020569280287)
2024,CORTE SELETIVO,C51L41,POINT (-61.2161501081619 -8.240052889743428)
2024,CORTE SELETIVO,C51L41,POINT (-61.21345819949086 -8.24004220365723)
2024,CORTE SELETIVO,C51L41,POINT (-61.21515311371786 -8.239946946356724)
2024,CORTE SELETIVO,C51L41,POINT (-61.21602622496583 -8.239758110110467)
2024,CORTE SELETIVO,C51L41,POINT (-61.21472512894694 -8.239612385207419)
2024,CORTE SELETIVO,C51L41,POINT (-61.21415404718953 -8.23954995480129)
2024,CORTE SELETIVO,C51L41,POINT (-61.21305162823068 -8.239574795759804)
2024,CORTE SELETIVO,C51L41,POINT (-61.216783025161504 -8.239250533870901)
2024,CORTE SELETIVO,C51L41,POINT (-61.21296936548772 -8.239250752728331)
2024,CORTE SELETIVO,C51L41,POINT (-61.21645018059652 -8.239052161669266)
2024,CORTE SELETIVO,C51L41,POINT (-61.21621388573001 -8.238553445180193)
2024,CORTE SELETIVO,C51L41,POINT (-61.214643017565834 -8.238864342913066)
2024,CORTE SELETIVO,C51L41,POINT (-61.21891183187997 -8.238350316309909)
2024,CORTE SELETIVO,C51L41,POINT (-61.21291273748909 -8.23843203562509)
2024,CORTE SELETIVO,C51L41,POINT (-61.21424820769376 -8.238153656939465)
2024,CORTE SELETIVO,C51L41,POINT (-61.213451605956266 -8.238146953264208)
2024,CORTE SELETIVO,C51L41,POINT (-61.218426790476734 -8.23797098358343)
2024,CORTE SELETIVO,C51L41,POINT (-61.21916838580859 -8.238015532644194)
2024,CORTE SELETIVO,C51L41,POINT (-61.21744798547206 -8.237850455840364)
2024,CORTE SELETIVO,C51L41,POINT (-61.21884781576559 -8.237745318047368)
2024,CORTE SELETIVO,C51L41,POINT (-61.21895071828106 -8.237627641403922)
2024,CORTE SELETIVO,C51L41,POINT (-61.217269761664944 -8.237488734891082)
2024,CORTE SELETIVO,C51L41,POINT (-61.21882333531679 -8.237360482810123)
2024,CORTE SELETIVO,C51L41,POINT (-61.21317781661795 -8.237527599318312)
2024,CORTE SELETIVO,C51L41,POINT (-61.21734585298285 -8.23724561449093)
2024,CORTE SELETIVO,C51L41,POINT (-61.214227613003345 -8.237148549576315)
2024,CORTE SELETIVO,C51L41,POINT (-61.2131093690004 -8.236930524942037)
2024,CORTE SELETIVO,C51L41,POINT (-61.21414825480118 -8.236915687377207)
2024,CORTE SELETIVO,C51L41,POINT (-61.21804034955863 -8.236946542176014)
2024,CORTE SELETIVO,C51L41,POINT (-61.21549203903314 -8.236612413246032)
2024,CORTE SELETIVO,C51L41,POINT (-61.21575199440879 -8.23645338306811)
2024,CORTE SELETIVO,C51L41,POINT (-61.219114646145975 -8.235543286718858)
2024,CORTE SELETIVO,C51L41,POINT (-61.212947561651575 -8.235650210512315)
2024,CORTE SELETIVO,C51L41,POINT (-61.21284747924431 -8.235549767818261)
2024,CORTE SELETIVO,C51L41,POINT (-61.21425967641503 -8.235398418497718)
2024,CORTE SELETIVO,C51L41,POINT (-61.21310731975308 -8.235076021697001)
2024,CORTE SELETIVO,C51L41,POINT (-61.21345626042865 -8.234876774313536)
2024,CORTE SELETIVO,C51L41,POINT (-61.21925315951472 -8.234953796458312)
2024,CORTE SELETIVO,C51L41,POINT (-61.214249317596774 -8.234845915024243)
2024,CORTE SELETIVO,C51L41,POINT (-61.21492642117157 -8.234865774522605)
2024,CORTE SELETIVO,C51L41,POINT (-61.2191811196094 -8.23465105175727)
2024,CORTE SELETIVO,C51L41,POINT (-61.214056595305756 -8.234645567994107)
2024,CORTE SELETIVO,C51L41,POINT (-61.215147090306445 -8.234645813620642)
2024,CORTE SELETIVO,C51L41,POINT (-61.213447715506284 -8.234619845474077)
2024,CORTE SELETIVO,C51L41,POINT (-61.21425089912562 -8.234553401466831)
2024,CORTE SELETIVO,C51L41,POINT (-61.215147023707196 -8.23434609929313)
2024,CORTE SELETIVO,C51L41,POINT (-61.21394733793994 -8.23434959289692)
2024,CORTE SELETIVO,C51L41,POINT (-61.213649467534374 -8.234254443970665)
2024,CORTE SELETIVO,C51L41,POINT (-61.21385123327064 -8.233913188133466)
2024,CORTE SELETIVO,C51L41,POINT (-61.21337835342959 -8.233750630254306)
2024,CORTE SELETIVO,C51L41,POINT (-61.214481696419014 -8.233448084777086)
2024,CORTE SELETIVO,C51L41,POINT (-61.213558667645266 -8.233047569109413)
2024,CORTE SELETIVO,C51L41,POINT (-61.21435334585613 -8.23304938304885)
2024,CORTE SELETIVO,C51L41,POINT (-61.21392245619512 -8.232952896552419)
2024,CORTE SELETIVO,C51L41,POINT (-61.21334749740724 -8.232849583512635)
2024,CORTE SELETIVO,C51L41,POINT (-61.21372482880688 -8.232646009331752)
2024,CORTE SELETIVO,C51L41,POINT (-61.217110429578405 -8.232622646850404)
2024,CORTE SELETIVO,C51L41,POINT (-61.214146269588944 -8.23238501068324)
2024,CORTE SELETIVO,C51L41,POINT (-61.21574063803656 -8.232423808867733)
2024,CORTE SELETIVO,C51L41,POINT (-61.21795297135368 -8.232303059236592)
2024,CORTE SELETIVO,C51L41,POINT (-61.216748336991195 -8.232142594231478)
2024,CORTE SELETIVO,C51L41,POINT (-61.214548746589124 -8.232252157309375)
2024,CORTE SELETIVO,C51L41,POINT (-61.21344893624566 -8.232250387485681)
2024,CORTE SELETIVO,C51L41,POINT (-61.217122221355375 -8.232252562581193)
2024,CORTE SELETIVO,C51L41,POINT (-61.21544856095929 -8.232164200878016)
2024,CORTE SELETIVO,C51L41,POINT (-61.214040707416025 -8.232154295219388)
2024,CORTE SELETIVO,C51L41,POINT (-61.2130670649934 -8.232234710957199)
2024,CORTE SELETIVO,C51L41,POINT (-61.217351435255004 -8.232152457109475)
2024,CORTE SELETIVO,C51L41,POINT (-61.213673453931925 -8.232219734950993)
2024,CORTE SELETIVO,C51L41,POINT (-61.214848294242294 -8.232147122139882)
2024,CORTE SELETIVO,C51L41,POINT (-61.214646554607754 -8.23215237937024)
2024,CORTE SELETIVO,C51L41,POINT (-61.21355432725007 -8.23088946777945)
2024,CORTE SELETIVO,C51L41,POINT (-61.214806901151604 -8.230696164934407)
2024,CORTE SELETIVO,C51L41,POINT (-61.21345269994715 -8.23065366091155)
2024,CORTE SELETIVO,C51L41,POINT (-61.21289830910264 -8.230150394194824)
2024,CORTE SELETIVO,C51L41,POINT (-61.21454613467057 -8.230046066225997)
2024,CORTE SELETIVO,C51L41,POINT (-61.21436332943798 -8.229752286004459)
2024,CORTE SELETIVO,C51L41,POINT (-61.21414860141779 -8.229837992434918)
2024,CORTE SELETIVO,C51L41,POINT (-61.216851235274724 -8.229149630054405)
2024,CORTE SELETIVO,C51L41,POINT (-61.209745523280425 -8.249790431533421)
2024,CORTE SELETIVO,C51L41,POINT (-61.20965138015135 -8.24963760178267)
2024,CORTE SELETIVO,C51L41,POINT (-61.20984028918345 -8.249356999023265)
2024,CORTE SELETIVO,C51L41,POINT (-61.212253217587524 -8.248693267591468)
2024,CORTE SELETIVO,C51L41,POINT (-61.212153267653754 -8.248553345163028)
2024,CORTE SELETIVO,C51L41,POINT (-61.21234762011402 -8.248546571379716)
2024,CORTE SELETIVO,C51L41,POINT (-61.212451478402016 -8.248249912072449)
2024,CORTE SELETIVO,C51L41,POINT (-61.21045138701821 -8.247249303831387)
2024,CORTE SELETIVO,C51L41,POINT (-61.21054112079959 -8.247049490347356)
2024,CORTE SELETIVO,C51L41,POINT (-61.2101472723401 -8.247046889175653)
2024,CORTE SELETIVO,C51L41,POINT (-61.21274864827661 -8.24624671491808)
2024,CORTE SELETIVO,C51L41,POINT (-61.21087861764766 -8.246149776236665)
2024,CORTE SELETIVO,C51L41,POINT (-61.209450528864934 -8.246052126242912)
2024,CORTE SELETIVO,C51L41,POINT (-61.210248317961394 -8.244253930862106)
2024,CORTE SELETIVO,C51L41,POINT (-61.211367940948435 -8.243851409392958)
2024,CORTE SELETIVO,C51L41,POINT (-61.21144558288364 -8.243646355589703)
2024,CORTE SELETIVO,C51L41,POINT (-61.21158023781068 -8.243549724970395)
2024,CORTE SELETIVO,C51L41,POINT (-61.21124699800978 -8.243547242217858)
2024,CORTE SELETIVO,C51L41,POINT (-61.209578442799085 -8.243146574701248)
2024,CORTE SELETIVO,C51L41,POINT (-61.21267049722093 -8.243151496969102)
2024,CORTE SELETIVO,C51L41,POINT (-61.21004987276967 -8.242747068744604)
2024,CORTE SELETIVO,C51L41,POINT (-61.209775276100096 -8.242404787167208)
2024,CORTE SELETIVO,C51L41,POINT (-61.21004863645797 -8.242247833178947)
2024,CORTE SELETIVO,C51L41,POINT (-61.210154225988646 -8.242149044611061)
2024,CORTE SELETIVO,C51L41,POINT (-61.21029655045166 -8.242031447467909)
2024,CORTE SELETIVO,C51L41,POINT (-61.21005079906391 -8.241950802795706)
2024,CORTE SELETIVO,C51L41,POINT (-61.209853317494115 -8.241847448707698)
2024,CORTE SELETIVO,C51L41,POINT (-61.209790076799905 -8.241631812173521)
2024,CORTE SELETIVO,C51L41,POINT (-61.2109097406344 -8.241634495233273)
2024,CORTE SELETIVO,C51L41,POINT (-61.21074283248415 -8.241382297222707)
2024,CORTE SELETIVO,C51L41,POINT (-61.20878467783737 -8.240574117646135)
2024,CORTE SELETIVO,C51L41,POINT (-61.21215426114189 -8.240853584922753)
2024,CORTE SELETIVO,C51L41,POINT (-61.209163419476226 -8.240095760993965)
2024,CORTE SELETIVO,C51L41,POINT (-61.21024600744639 -8.239554244726195)
2024,CORTE SELETIVO,C51L41,POINT (-61.20914091285609 -8.239361275807106)
2024,CORTE SELETIVO,C51L41,POINT (-61.210456394993535 -8.239330008740668)
2024,CORTE SELETIVO,C51L41,POINT (-61.21014954552584 -8.23934226551395)
2024,CORTE SELETIVO,C51L41,POINT (-61.21094598424134 -8.239250959863233)
2024,CORTE SELETIVO,C51L41,POINT (-61.210651044168095 -8.239098578940052)
2024,CORTE SELETIVO,C51L41,POINT (-61.209461378236846 -8.238926813479067)
2024,CORTE SELETIVO,C51L41,POINT (-61.21253482008345 -8.239121168445209)
2024,CORTE SELETIVO,C51L41,POINT (-61.21184646081687 -8.238946989411618)
2024,CORTE SELETIVO,C51L41,POINT (-61.21166611028484 -8.238757168748386)
2024,CORTE SELETIVO,C51L41,POINT (-61.2123479596163 -8.238850405814103)
2024,CORTE SELETIVO,C51L41,POINT (-61.21004197275117 -8.238003897982418)
2024,CORTE SELETIVO,C51L41,POINT (-61.21217647096916 -8.238357810571914)
2024,CORTE SELETIVO,C51L41,POINT (-61.21165113016056 -8.23786476916555)
2024,CORTE SELETIVO,C51L41,POINT (-61.20926763932145 -8.237566866750766)
2024,CORTE SELETIVO,C51L41,POINT (-61.21015259981465 -8.237449224943607)
2024,CORTE SELETIVO,C51L41,POINT (-61.209751363842344 -8.235847102995082)
2024,CORTE SELETIVO,C51L41,POINT (-61.208847138650725 -8.235751243104454)
2024,CORTE SELETIVO,C51L41,POINT (-61.20869035808335 -8.235646712390094)
2024,CORTE SELETIVO,C51L41,POINT (-61.20995621068897 -8.235595842627946)
2024,CORTE SELETIVO,C51L41,POINT (-61.211109338705086 -8.235484744502664)
2024,CORTE SELETIVO,C51L41,POINT (-61.20949676435748 -8.235454514435663)
2024,CORTE SELETIVO,C51L41,POINT (-61.21135284798537 -8.235347729981214)
2024,CORTE SELETIVO,C51L41,POINT (-61.211835089396374 -8.235231028673274)
2024,CORTE SELETIVO,C51L41,POINT (-61.21054697121002 -8.235144704847034)
2024,CORTE SELETIVO,C51L41,POINT (-61.212114054289636 -8.235107418998002)
2024,CORTE SELETIVO,C51L41,POINT (-61.21292463156215 -8.234764392269708)
2024,CORTE SELETIVO,C51L41,POINT (-61.21254560862342 -8.234853071263677)
2024,CORTE SELETIVO,C51L41,POINT (-61.21024681605652 -8.234747595402895)
2024,CORTE SELETIVO,C51L41,POINT (-61.21272013909545 -8.234652413971542)
2024,CORTE SELETIVO,C51L41,POINT (-61.20952670058821 -8.234630914888214)
2024,CORTE SELETIVO,C51L41,POINT (-61.20969410924305 -8.233934640483206)
2024,CORTE SELETIVO,C51L41,POINT (-61.21028611247175 -8.233749010547822)
2024,CORTE SELETIVO,C51L41,POINT (-61.210452224094865 -8.23352631563196)
2024,CORTE SELETIVO,C51L41,POINT (-61.21140732842941 -8.233260021084297)
2024,CORTE SELETIVO,C51L41,POINT (-61.20873887881286 -8.232256014052506)
2024,CORTE SELETIVO,C51L41,POINT (-61.20905329140034 -8.232152848243091)
2024,CORTE SELETIVO,C51L41,POINT (-61.209845936723305 -8.232151186127417)
2024,CORTE SELETIVO,C51L41,POINT (-61.21035175756044 -8.232153756530943)
2024,CORTE SELETIVO,C51L41,POINT (-61.21105265914648 -8.232147881098385)
2024,CORTE SELETIVO,C51L41,POINT (-61.20994793073442 -8.232048595498679)
2024,CORTE SELETIVO,C51L41,POINT (-61.21080792531186 -8.23202766425525)
2024,CORTE SELETIVO,C51L41,POINT (-61.210047489983474 -8.231945685533743)
2024,CORTE SELETIVO,C51L41,POINT (-61.21098911238062 -8.23153674586692)
2024,CORTE SELETIVO,C51L41,POINT (-61.21254950291851 -8.230493632920066)
2024,CORTE SELETIVO,C51L41,POINT (-61.20896854948012 -8.22995111551123)
2024,CORTE SELETIVO,C51L41,POINT (-61.20947877859006 -8.229055372681204)
2024,CORTE SELETIVO,C51L41,POINT (-61.20974776659481 -8.229074344634286)
2024,CORTE SELETIVO,C51L41,POINT (-61.21115254677195 -8.228952401758216)
2024,CORTE SELETIVO,C51L41,POINT (-61.21095016275182 -8.228954383724853)
2024,CORTE RASO,C51L41,POINT (-61.21035279262304 -8.192348008598344)
2024,CORTE RASO,C51L41,POINT (-61.21034639624652 -8.191703755647055)
2024,CORTE RASO,C51L41,POINT (-61.210345408778565 -8.191299044916034)
2024,CORTE RASO,C51L41,POINT (-61.21015442915477 -8.190750086884774)
2024,CORTE RASO,C51L41,POINT (-61.210048973167915 -8.190551758559563)
2024,CORTE RASO,C51L41,POINT (-61.20992951098899 -8.18969186518222)
2024,CORTE RASO,C51L41,POINT (-61.2095536415529 -8.189353077314687)
2024,CORTE RASO,C51L41,POINT (-61.20945220691572 -8.188951077552574)
2024,CORTE RASO,C51L41,POINT (-61.20944821894062 -8.188754256126119)
2024,CORTE RASO,C51L41,POINT (-61.20958961692863 -8.188625999422149)
2024,CORTE RASO,C51L41,POINT (-61.210053204658585 -8.18841935101016)
2024,CORTE RASO,C51L41,POINT (-61.211476164756085 -8.187446606666352)
2024,CORTE RASO,C51L41,POINT (-61.21135001931908 -8.186992596817442)
2024,CORTE RASO,C51L41,POINT (-61.211349066144685 -8.186751251310948)
2024,CORTE RASO,C51L41,POINT (-61.211013463970495 -8.186551160172467)
2024,CORTE RASO,C51L41,POINT (-61.21024539430414 -8.185446870203341)
2024,CORTE RASO,C51L41,POINT (-61.20994688563845 -8.185442764964195)
2024,CORTE RASO,C51L41,POINT (-61.209747604131515 -8.185026446833087)
2024,CORTE RASO,C51L41,POINT (-61.2097467081992 -8.18466048168164)
2024,CORTE RASO,C51L41,POINT (-61.20985453020263 -8.183853564992253)
2024,CORTE RASO,C51L41,POINT (-61.20990217870067 -8.183150911864576)
2024,CORTE RASO,C51L41,POINT (-61.210251477630024 -8.182650813162377)
2024,CORTE RASO,C51L41,POINT (-61.2099472656536 -8.181554002853119)
2024,CORTE RASO,C51L41,POINT (-61.21012920238897 -8.181380505427857)
2024,CORTE RASO,C51L41,POINT (-61.209352176411464 -8.179348268357296)
2024,CORTE RASO,C51L41,POINT (-61.20904669435383 -8.179183320676392)
2024,CORTE RASO,C51L41,POINT (-61.2086611125693 -8.179145340745361)
2024,CORTE RASO,C51L41,POINT (-61.20884941135825 -8.179015116022198)
2024,CORTE RASO,C51L41,POINT (-61.20937642367363 -8.130995038650918)
2024,CORTE SELETIVO,C51L41,POINT (-61.206048567095245 -8.24920654955315)
2024,CORTE SELETIVO,C51L41,POINT (-61.20625303171514 -8.24905086668665)
2024,CORTE SELETIVO,C51L41,POINT (-61.206002112571234 -8.248450992105116)
2024,CORTE SELETIVO,C51L41,POINT (-61.205954077916395 -8.248145672812782)
2024,CORTE SELETIVO,C51L41,POINT (-61.2060535413409 -8.248050490799425)
2024,CORTE SELETIVO,C51L41,POINT (-61.20562038443124 -8.247748119060931)
2024,CORTE SELETIVO,C51L41,POINT (-61.20861248082666 -8.247661705868317)
2024,CORTE SELETIVO,C51L41,POINT (-61.208252037296745 -8.246966445550607)
2024,CORTE SELETIVO,C51L41,POINT (-61.20655882051483 -8.246153646216781)
2024,CORTE SELETIVO,C51L41,POINT (-61.20805345310599 -8.245752776663904)
2024,CORTE SELETIVO,C51L41,POINT (-61.20724079393274 -8.243567591104318)
2024,CORTE SELETIVO,C51L41,POINT (-61.20742735496747 -8.242127671098354)
2024,CORTE SELETIVO,C51L41,POINT (-61.20514946188837 -8.241953542844389)
2024,CORTE SELETIVO,C51L41,POINT (-61.20644890608621 -8.241850334695823)
2024,CORTE SELETIVO,C51L41,POINT (-61.20585508252425 -8.241653109686098)
2024,CORTE SELETIVO,C51L41,POINT (-61.206550576004524 -8.241649653739973)
2024,CORTE SELETIVO,C51L41,POINT (-61.20616079771977 -8.241653764953275)
2024,CORTE SELETIVO,C51L41,POINT (-61.20641187955706 -8.24154582853144)
2024,CORTE SELETIVO,C51L41,POINT (-61.20595884073269 -8.241348471854245)
2024,CORTE SELETIVO,C51L41,POINT (-61.205746612773 -8.24074987286104)
2024,CORTE SELETIVO,C51L41,POINT (-61.20734522860867 -8.241115069948016)
2024,CORTE SELETIVO,C51L41,POINT (-61.20524890233844 -8.240883803826442)
2024,CORTE SELETIVO,C51L41,POINT (-61.20526576423687 -8.240446488483217)
2024,CORTE SELETIVO,C51L41,POINT (-61.204648331238985 -8.240346806426379)
2024,CORTE SELETIVO,C51L41,POINT (-61.204546753373606 -8.240253492267898)
2024,CORTE SELETIVO,C51L41,POINT (-61.20755293904695 -8.240247207110093)
2024,CORTE SELETIVO,C51L41,POINT (-61.20515395967308 -8.240146340037441)
2024,CORTE SELETIVO,C51L41,POINT (-61.20694862540961 -8.240150540399231)
2024,CORTE SELETIVO,C51L41,POINT (-61.204744382043536 -8.240147122199835)
2024,CORTE SELETIVO,C51L41,POINT (-61.20494723093626 -8.24016038428467)
2024,CORTE SELETIVO,C51L41,POINT (-61.206788935574565 -8.239963516329516)
2024,CORTE SELETIVO,C51L41,POINT (-61.204803345062096 -8.239750345454956)
2024,CORTE SELETIVO,C51L41,POINT (-61.20747348296184 -8.239850474416304)
2024,CORTE SELETIVO,C51L41,POINT (-61.20855411111307 -8.239854078384417)
2024,CORTE SELETIVO,C51L41,POINT (-61.20622531762022 -8.2395494147697)
2024,CORTE SELETIVO,C51L41,POINT (-61.20385591338186 -8.239685433647761)
2024,CORTE SELETIVO,C51L41,POINT (-61.20705909978669 -8.239647829505314)
2024,CORTE SELETIVO,C51L41,POINT (-61.206889527911315 -8.23955096923434)
2024,CORTE SELETIVO,C51L41,POINT (-61.203650248725005 -8.239551845427581)
2024,CORTE SELETIVO,C51L41,POINT (-61.20583494089831 -8.239650347918442)
2024,CORTE SELETIVO,C51L41,POINT (-61.204149058344136 -8.239181959827157)
2024,CORTE SELETIVO,C51L41,POINT (-61.20853807734324 -8.239184461788325)
2024,CORTE SELETIVO,C51L41,POINT (-61.20434986759219 -8.239153620018401)
2024,CORTE SELETIVO,C51L41,POINT (-61.20642127397451 -8.238936770705038)
2024,CORTE SELETIVO,C51L41,POINT (-61.20405048339573 -8.238946475679915)
2024,CORTE SELETIVO,C51L41,POINT (-61.20476342665252 -8.239083420608194)
2024,CORTE SELETIVO,C51L41,POINT (-61.20370568203637 -8.238916788998257)
2024,CORTE SELETIVO,C51L41,POINT (-61.20431304658334 -8.238653968034598)
2024,CORTE SELETIVO,C51L41,POINT (-61.20535238288759 -8.238166769617754)
2024,CORTE SELETIVO,C51L41,POINT (-61.20700262375283 -8.237977681612488)
2024,CORTE SELETIVO,C51L41,POINT (-61.20394751059694 -8.23751606452809)
2024,CORTE SELETIVO,C51L41,POINT (-61.203754401012816 -8.236728154390873)
2024,CORTE SELETIVO,C51L41,POINT (-61.20374890069642 -8.23624889380145)
2024,CORTE SELETIVO,C51L41,POINT (-61.20564784141954 -8.235976255725122)
2024,CORTE SELETIVO,C51L41,POINT (-61.206349863160916 -8.23585435294289)
2024,CORTE SELETIVO,C51L41,POINT (-61.204875207364964 -8.234716986053526)
2024,CORTE SELETIVO,C51L41,POINT (-61.20794553154608 -8.235748571422436)
2024,CORTE SELETIVO,C51L41,POINT (-61.206448445565954 -8.235695894421118)
2024,CORTE SELETIVO,C51L41,POINT (-61.20569870354266 -8.235647091372922)
2024,CORTE SELETIVO,C51L41,POINT (-61.20690121109987 -8.235613851237263)
2024,CORTE SELETIVO,C51L41,POINT (-61.208269424270405 -8.235369606047826)
2024,CORTE SELETIVO,C51L41,POINT (-61.2072528989651 -8.235301694869909)
2024,CORTE SELETIVO,C51L41,POINT (-61.20599714779077 -8.23524889616003)
2024,CORTE SELETIVO,C51L41,POINT (-61.20713642396694 -8.234863450047579)
2024,CORTE SELETIVO,C51L41,POINT (-61.2074675868763 -8.234745470355689)
2024,CORTE SELETIVO,C51L41,POINT (-61.206849477482294 -8.23454708572775)
2024,CORTE SELETIVO,C51L41,POINT (-61.20594656582988 -8.234447098153254)
2024,CORTE SELETIVO,C51L41,POINT (-61.205825795139795 -8.234576105237624)
2024,CORTE SELETIVO,C51L41,POINT (-61.206947102906746 -8.234452469759722)
2024,CORTE SELETIVO,C51L41,POINT (-61.20704808758325 -8.234549945496939)
2024,CORTE SELETIVO,C51L41,POINT (-61.206750912548806 -8.234249979951064)
2024,CORTE SELETIVO,C51L41,POINT (-61.207548323458795 -8.234229315148568)
2024,CORTE SELETIVO,C51L41,POINT (-61.20684774843741 -8.234147555330225)
2024,CORTE SELETIVO,C51L41,POINT (-61.20755358830018 -8.233647687219678)
2024,CORTE SELETIVO,C51L41,POINT (-61.205910847984065 -8.233154400547765)
2024,CORTE SELETIVO,C51L41,POINT (-61.2054497013004 -8.23308548858772)
2024,CORTE SELETIVO,C51L41,POINT (-61.20494978257349 -8.233046561592019)
2024,CORTE SELETIVO,C51L41,POINT (-61.20365348612004 -8.232953123405778)
2024,CORTE SELETIVO,C51L41,POINT (-61.20604796105943 -8.232766280861618)
2024,CORTE SELETIVO,C51L41,POINT (-61.20505253243761 -8.232651931558088)
2024,CORTE SELETIVO,C51L41,POINT (-61.20544773231284 -8.232340290868082)
2024,CORTE SELETIVO,C51L41,POINT (-61.20725369712017 -8.232454190709497)
2024,CORTE SELETIVO,C51L41,POINT (-61.20704681704114 -8.232259415950598)
2024,CORTE SELETIVO,C51L41,POINT (-61.20765385177807 -8.232252738571821)
2024,CORTE SELETIVO,C51L41,POINT (-61.20788875424785 -8.232185371284263)
2024,CORTE SELETIVO,C51L41,POINT (-61.20748559652679 -8.232149322153191)
2024,CORTE SELETIVO,C51L41,POINT (-61.20834587533609 -8.232150569569692)
2024,CORTE SELETIVO,C51L41,POINT (-61.2081279844048 -8.232054791893308)
2024,CORTE SELETIVO,C51L41,POINT (-61.205925509449855 -8.231256451305875)
2024,CORTE SELETIVO,C51L41,POINT (-61.205749445835735 -8.23105389592614)
2024,CORTE SELETIVO,C51L41,POINT (-61.20385358917187 -8.2290881876329)
2024,CORTE SELETIVO,C51L41,POINT (-61.20364331507561 -8.228933631905832)
2024,CORTE SELETIVO,C51L41,POINT (-61.203953292676836 -8.228954101364906)
2024,CORTE SELETIVO,C51L41,POINT (-61.20458118381803 -8.22874653120398)
2024,CORTE RASO,C51L41,POINT (-61.20401469727047 -8.212250808694947)
2024,CORTE RASO,C51L41,POINT (-61.20866968956248 -8.212095668225109)
2024,CORTE RASO,C51L41,POINT (-61.20425025490525 -8.21204932783004)
2024,CORTE RASO,C51L41,POINT (-61.20535056358792 -8.212049982372184)
2024,CORTE RASO,C51L41,POINT (-61.20575187460992 -8.211946964736228)
2024,CORTE RASO,C51L41,POINT (-61.20584659896738 -8.2118481945037)
2024,CORTE RASO,C51L41,POINT (-61.20455051272886 -8.211752177554498)
2024,CORTE RASO,C51L41,POINT (-61.20855864810611 -8.211749490908923)
2024,CORTE RASO,C51L41,POINT (-61.20404596925914 -8.211450862052391)
2024,CORTE RASO,C51L41,POINT (-61.208448031143256 -8.211249348374183)
2024,CORTE RASO,C51L41,POINT (-61.20755012650907 -8.211089157065727)
2024,CORTE RASO,C51L41,POINT (-61.20715171551003 -8.211149850559844)
2024,CORTE RASO,C51L41,POINT (-61.2082485552471 -8.211049203408685)
2024,CORTE RASO,C51L41,POINT (-61.2057687863326 -8.209997954018515)
2024,CORTE RASO,C51L41,POINT (-61.20854963638538 -8.21095368821698)
2024,CORTE RASO,C51L41,POINT (-61.20375040386865 -8.210852232992357)
2024,CORTE RASO,C51L41,POINT (-61.20384869718014 -8.210747375662537)
2024,CORTE RASO,C51L41,POINT (-61.20408286057621 -8.210551831049203)
2024,CORTE RASO,C51L41,POINT (-61.2037595102778 -8.210339466429717)
2024,CORTE RASO,C51L41,POINT (-61.206948534248674 -8.210252008688864)
2024,CORTE RASO,C51L41,POINT (-61.20634734793952 -8.21024648136176)
2024,CORTE RASO,C51L41,POINT (-61.2067492614796 -8.2100693093945)
2024,CORTE RASO,C51L41,POINT (-61.20705408115969 -8.210052951072136)
2024,CORTE RASO,C51L41,POINT (-61.206853828855806 -8.209946495986214)
2024,CORTE RASO,C51L41,POINT (-61.206545552058174 -8.209949941583414)
2024,CORTE RASO,C51L41,POINT (-61.20695002614797 -8.209751281701568)
2024,CORTE RASO,C51L41,POINT (-61.20568131671396 -8.209640025997091)
2024,CORTE RASO,C51L41,POINT (-61.20510657833967 -8.2096345260274)
2024,CORTE RASO,C51L41,POINT (-61.20695148623647 -8.20945055887044)
2024,CORTE RASO,C51L41,POINT (-61.206247101002816 -8.209428871099435)
2024,CORTE RASO,C51L41,POINT (-61.2078214427788 -8.20883413242912)
2024,CORTE RASO,C51L41,POINT (-61.20604815976191 -8.209248675004782)
2024,CORTE RASO,C51L41,POINT (-61.20685234291303 -8.209153545946682)
2024,CORTE RASO,C51L41,POINT (-61.205946664269874 -8.209045715940016)
2024,CORTE RASO,C51L41,POINT (-61.20835427811531 -8.20904540441319)
2024,CORTE RASO,C51L41,POINT (-61.20563936746117 -8.209069851783159)
2024,CORTE RASO,C51L41,POINT (-61.20685297709205 -8.208951692643437)
2024,CORTE RASO,C51L41,POINT (-61.20371439500568 -8.208907198328353)
2024,CORTE RASO,C51L41,POINT (-61.20475394536153 -8.208848515130027)
2024,CORTE RASO,C51L41,POINT (-61.206984098448245 -8.2088460623809)
2024,CORTE RASO,C51L41,POINT (-61.20559618113047 -8.208747757165126)
2024,CORTE RASO,C51L41,POINT (-61.20722131161871 -8.208646525626301)
2024,CORTE RASO,C51L41,POINT (-61.20754772272233 -8.208554716334106)
2024,CORTE RASO,C51L41,POINT (-61.205251286713604 -8.20844578159453)
2024,CORTE RASO,C51L41,POINT (-61.20659314823695 -8.208705522262376)
2024,CORTE RASO,C51L41,POINT (-61.20701103809953 -8.20811389503393)
2024,CORTE RASO,C51L41,POINT (-61.20514678735137 -8.208149532316176)
2024,CORTE RASO,C51L41,POINT (-61.20664764968967 -8.208053618042177)
2024,CORTE RASO,C51L41,POINT (-61.204353020059614 -8.2076137716155)
2024,CORTE RASO,C51L41,POINT (-61.20674779267104 -8.207557936130856)
2024,CORTE RASO,C51L41,POINT (-61.204060852627066 -8.20745012712765)
2024,CORTE RASO,C51L41,POINT (-61.20525414942065 -8.207451229020966)
2024,CORTE RASO,C51L41,POINT (-61.20775217537383 -8.207454244380259)
2024,CORTE RASO,C51L41,POINT (-61.205842358970145 -8.207507909661778)
2024,CORTE RASO,C51L41,POINT (-61.207346469303346 -8.20760830569138)
2024,CORTE RASO,C51L41,POINT (-61.20755439602101 -8.207347540112135)
2024,CORTE RASO,C51L41,POINT (-61.20794849803951 -8.207346027499732)
2024,CORTE RASO,C51L41,POINT (-61.20860674085885 -8.20654958078913)
2024,CORTE RASO,C51L41,POINT (-61.207747186431874 -8.206553507955661)
2024,CORTE RASO,C51L41,POINT (-61.20694569093988 -8.184073550934526)
2024,CORTE RASO,C51L41,POINT (-61.208546806216944 -8.182059313647166)
2024,CORTE RASO,C51L41,POINT (-61.20585361503332 -8.181752511088296)
2024,CORTE RASO,C51L41,POINT (-61.20594861612422 -8.181631108314955)
2024,CORTE RASO,C51L41,POINT (-61.20605122910943 -8.18053715965675)
2024,CORTE RASO,C51L41,POINT (-61.208169450713356 -8.18025821299634)
2024,CORTE RASO,C51L41,POINT (-61.20604987398944 -8.17974565797851)
2024,CORTE RASO,C51L41,POINT (-61.20625353265332 -8.179703683853814)
2024,CORTE RASO,C51L41,POINT (-61.206249185857075 -8.17935121533386)
2024,CORTE RASO,C51L41,POINT (-61.208345956708754 -8.179201130413901)
2024,CORTE SELETIVO,C51L41,POINT (-61.20154967289375 -8.241798128254874)
2024,CORTE SELETIVO,C51L41,POINT (-61.200153755185106 -8.241519740916187)
2024,CORTE SELETIVO,C51L41,POINT (-61.20125134425731 -8.241633551577383)
2024,CORTE SELETIVO,C51L41,POINT (-61.201750799458594 -8.24164765704611)
2024,CORTE SELETIVO,C51L41,POINT (-61.20198097180766 -8.24157497844006)
2024,CORTE SELETIVO,C51L41,POINT (-61.20287357829997 -8.241554515365959)
2024,CORTE SELETIVO,C51L41,POINT (-61.201549428499696 -8.241465705938886)
2024,CORTE SELETIVO,C51L41,POINT (-61.20275087989172 -8.241345746680103)
2024,CORTE SELETIVO,C51L41,POINT (-61.20315005388961 -8.241435182924688)
2024,CORTE SELETIVO,C51L41,POINT (-61.2006251765639 -8.241443675589155)
2024,CORTE SELETIVO,C51L41,POINT (-61.19866894765434 -8.241246338162444)
2024,CORTE SELETIVO,C51L41,POINT (-61.202051367055276 -8.241249902424656)
2024,CORTE SELETIVO,C51L41,POINT (-61.201450272281186 -8.24125243123324)
2024,CORTE SELETIVO,C51L41,POINT (-61.19945432017865 -8.241188541957783)
2024,CORTE SELETIVO,C51L41,POINT (-61.20074865818626 -8.241153158540719)
2024,CORTE SELETIVO,C51L41,POINT (-61.20185289274148 -8.241048094011727)
2024,CORTE SELETIVO,C51L41,POINT (-61.200964169025916 -8.241114529734162)
2024,CORTE SELETIVO,C51L41,POINT (-61.20034828608672 -8.24101246976149)
2024,CORTE SELETIVO,C51L41,POINT (-61.201350556655065 -8.240947871673992)
2024,CORTE SELETIVO,C51L41,POINT (-61.20054760760165 -8.240853612758693)
2024,CORTE SELETIVO,C51L41,POINT (-61.20075078352259 -8.240849454172103)
2024,CORTE SELETIVO,C51L41,POINT (-61.200151695561324 -8.240229644349155)
2024,CORTE SELETIVO,C51L41,POINT (-61.20039819172574 -8.240149690896345)
2024,CORTE SELETIVO,C51L41,POINT (-61.20244578404809 -8.239845865552928)
2024,CORTE SELETIVO,C51L41,POINT (-61.20275473494835 -8.23979382438124)
2024,CORTE SELETIVO,C51L41,POINT (-61.199650180916315 -8.239900743131892)
2024,CORTE SELETIVO,C51L41,POINT (-61.20074910134831 -8.239747926509278)
2024,CORTE SELETIVO,C51L41,POINT (-61.19893922611362 -8.239620249008903)
2024,CORTE SELETIVO,C51L41,POINT (-61.19955206812559 -8.239652605263595)
2024,CORTE SELETIVO,C51L41,POINT (-61.19984574696732 -8.239646380353422)
2024,CORTE SELETIVO,C51L41,POINT (-61.199351519468244 -8.239599512874376)
2024,CORTE SELETIVO,C51L41,POINT (-61.20255129783941 -8.239369959741378)
2024,CORTE SELETIVO,C51L41,POINT (-61.200882389747676 -8.23965282072517)
2024,CORTE SELETIVO,C51L41,POINT (-61.199547909406455 -8.23944573459633)
2024,CORTE SELETIVO,C51L41,POINT (-61.199850812253466 -8.239352318382544)
2024,CORTE SELETIVO,C51L41,POINT (-61.19945021724944 -8.239354015188832)
2024,CORTE SELETIVO,C51L41,POINT (-61.20325689633233 -8.23925051713108)
2024,CORTE SELETIVO,C51L41,POINT (-61.20265094413656 -8.239150074721351)
2024,CORTE SELETIVO,C51L41,POINT (-61.20355400526988 -8.239150243233228)
2024,CORTE SELETIVO,C51L41,POINT (-61.20285084902655 -8.239208839959359)
2024,CORTE SELETIVO,C51L41,POINT (-61.201151648466364 -8.239050847679984)
2024,CORTE SELETIVO,C51L41,POINT (-61.20249901587901 -8.239047175490398)
2024,CORTE SELETIVO,C51L41,POINT (-61.20274967754167 -8.239053801071913)
2024,CORTE SELETIVO,C51L41,POINT (-61.20134992884073 -8.238850130973399)
2024,CORTE SELETIVO,C51L41,POINT (-61.20044660721495 -8.238528778386177)
2024,CORTE SELETIVO,C51L41,POINT (-61.20072209308142 -8.238452910345213)
2024,CORTE SELETIVO,C51L41,POINT (-61.20222362698413 -8.238467425817849)
2024,CORTE SELETIVO,C51L41,POINT (-61.20095034004527 -8.238431987227164)
2024,CORTE SELETIVO,C51L41,POINT (-61.20205110398006 -8.238292238526304)
2024,CORTE SELETIVO,C51L41,POINT (-61.201684539011836 -8.238342802303238)
2024,CORTE SELETIVO,C51L41,POINT (-61.200545657508975 -8.23824750956133)
2024,CORTE SELETIVO,C51L41,POINT (-61.20174832973 -8.23804887002934)
2024,CORTE SELETIVO,C51L41,POINT (-61.201249568358314 -8.237983170392967)
2024,CORTE SELETIVO,C51L41,POINT (-61.20114711514013 -8.237847577204944)
2024,CORTE SELETIVO,C51L41,POINT (-61.20095363462216 -8.237745796978071)
2024,CORTE SELETIVO,C51L41,POINT (-61.203055935138444 -8.236753846264747)
2024,CORTE SELETIVO,C51L41,POINT (-61.20304793905247 -8.236435289441406)
2024,CORTE SELETIVO,C51L41,POINT (-61.20021190107669 -8.236251956119139)
2024,CORTE SELETIVO,C51L41,POINT (-61.19975384710233 -8.23635068602785)
2024,CORTE SELETIVO,C51L41,POINT (-61.20333967289201 -8.236359117360072)
2024,CORTE SELETIVO,C51L41,POINT (-61.19935159006736 -8.236053315660577)
2024,CORTE SELETIVO,C51L41,POINT (-61.19984658328988 -8.236052250788456)
2024,CORTE SELETIVO,C51L41,POINT (-61.20004963876788 -8.236053084974486)
2024,CORTE SELETIVO,C51L41,POINT (-61.20105450691469 -8.235951122639833)
2024,CORTE SELETIVO,C51L41,POINT (-61.19925436249724 -8.23594598283783)
2024,CORTE SELETIVO,C51L41,POINT (-61.200950523961325 -8.23575047365848)
2024,CORTE SELETIVO,C51L41,POINT (-61.2014914663536 -8.235347048232319)
2024,CORTE SELETIVO,C51L41,POINT (-61.201250730878414 -8.23525155702623)
2024,CORTE SELETIVO,C51L41,POINT (-61.19875052352382 -8.235051213529028)
2024,CORTE SELETIVO,C51L41,POINT (-61.19908706050789 -8.23488051764432)
2024,CORTE SELETIVO,C51L41,POINT (-61.20255216814212 -8.234645701350349)
2024,CORTE SELETIVO,C51L41,POINT (-61.202452822358126 -8.234545821369245)
2024,CORTE SELETIVO,C51L41,POINT (-61.19973822229093 -8.234578123113486)
2024,CORTE SELETIVO,C51L41,POINT (-61.20205139907139 -8.234446921964283)
2024,CORTE SELETIVO,C51L41,POINT (-61.20244538449654 -8.234352170748338)
2024,CORTE SELETIVO,C51L41,POINT (-61.2016172077356 -8.234184004251818)
2024,CORTE SELETIVO,C51L41,POINT (-61.20234972984949 -8.234154666342029)
2024,CORTE SELETIVO,C51L41,POINT (-61.19954866502877 -8.234200180956817)
2024,CORTE SELETIVO,C51L41,POINT (-61.19875299680175 -8.234039877567843)
2024,CORTE SELETIVO,C51L41,POINT (-61.20144908594008 -8.233952951630634)
2024,CORTE SELETIVO,C51L41,POINT (-61.20102932192815 -8.233954304064797)
2024,CORTE SELETIVO,C51L41,POINT (-61.2006514074272 -8.233749159466603)
2024,CORTE SELETIVO,C51L41,POINT (-61.20245174233971 -8.233748653395747)
2024,CORTE SELETIVO,C51L41,POINT (-61.19870243290757 -8.233646374474159)
2024,CORTE SELETIVO,C51L41,POINT (-61.20215629481112 -8.233564591664587)
2024,CORTE SELETIVO,C51L41,POINT (-61.198447304744924 -8.233545629362451)
2024,CORTE SELETIVO,C51L41,POINT (-61.20204737275491 -8.233351975558257)
2024,CORTE SELETIVO,C51L41,POINT (-61.20304719068398 -8.23337819854122)
2024,CORTE SELETIVO,C51L41,POINT (-61.199949988078764 -8.233248266501572)
2024,CORTE SELETIVO,C51L41,POINT (-61.20145447677435 -8.233247658642412)
2024,CORTE SELETIVO,C51L41,POINT (-61.20355028175038 -8.233152319115202)
2024,CORTE SELETIVO,C51L41,POINT (-61.19965168872467 -8.233153806579802)
2024,CORTE SELETIVO,C51L41,POINT (-61.202036275602396 -8.233102873502101)
2024,CORTE SELETIVO,C51L41,POINT (-61.20225266410267 -8.233086911888426)
2024,CORTE SELETIVO,C51L41,POINT (-61.20165013949904 -8.233050371714313)
2024,CORTE SELETIVO,C51L41,POINT (-61.19844697412983 -8.233049649141293)
2024,CORTE SELETIVO,C51L41,POINT (-61.2024476379014 -8.2330527968549)
2024,CORTE SELETIVO,C51L41,POINT (-61.2029859904722 -8.232951152446303)
2024,CORTE SELETIVO,C51L41,POINT (-61.199550274829576 -8.232863111890381)
2024,CORTE SELETIVO,C51L41,POINT (-61.19997253694426 -8.23271867254728)
2024,CORTE SELETIVO,C51L41,POINT (-61.19877208802276 -8.232849104680774)
2024,CORTE SELETIVO,C51L41,POINT (-61.199228428108256 -8.232849175398709)
2024,CORTE SELETIVO,C51L41,POINT (-61.20174907523596 -8.232755015507614)
2024,CORTE SELETIVO,C51L41,POINT (-61.20324405317214 -8.232744136055935)
2024,CORTE SELETIVO,C51L41,POINT (-61.20024991378949 -8.23272962778223)
2024,CORTE SELETIVO,C51L41,POINT (-61.199654277726914 -8.232708840214137)
2024,CORTE SELETIVO,C51L41,POINT (-61.1990170096567 -8.232754472875802)
2024,CORTE SELETIVO,C51L41,POINT (-61.203510959025614 -8.23284382347657)
2024,CORTE SELETIVO,C51L41,POINT (-61.20194925642027 -8.232653727028527)
2024,CORTE SELETIVO,C51L41,POINT (-61.20314961949103 -8.23214930511555)
2024,CORTE SELETIVO,C51L41,POINT (-61.203447360734316 -8.230554476251768)
2024,CORTE SELETIVO,C51L41,POINT (-61.203252998204256 -8.229280484782304)
2024,CORTE SELETIVO,C51L41,POINT (-61.20314337743717 -8.228754973739987)
2024,CORTE SELETIVO,C51L41,POINT (-61.203452316324224 -8.228752313078816)
2024,CORTE RASO,C51L41,POINT (-61.20064844270255 -8.184449139842197)
2024,CORTE RASO,C51L41,POINT (-61.19973005562025 -8.182803734821325)
2024,CORTE RASO,C51L41,POINT (-61.19955071642455 -8.182429458939568)
2024,CORTE SELETIVO,C51L41,POINT (-61.198353673271924 -8.24154634310812)
2024,CORTE SELETIVO,C51L41,POINT (-61.19815170338187 -8.241010884374514)
2024,CORTE SELETIVO,C51L41,POINT (-61.19798927032472 -8.240797928400129)
2024,CORTE SELETIVO,C51L41,POINT (-61.19705387962017 -8.240745928044305)
2024,CORTE SELETIVO,C51L41,POINT (-61.1966081959565 -8.240653606025276)
2024,CORTE SELETIVO,C51L41,POINT (-61.19715049615579 -8.240551020996904)
2024,CORTE SELETIVO,C51L41,POINT (-61.196246582777945 -8.240549946204515)
2024,CORTE SELETIVO,C51L41,POINT (-61.196896288685295 -8.240591767770438)
2024,CORTE SELETIVO,C51L41,POINT (-61.196051168276284 -8.240352492784872)
2024,CORTE SELETIVO,C51L41,POINT (-61.19635322333719 -8.240170603087037)
2024,CORTE SELETIVO,C51L41,POINT (-61.19601439495428 -8.240101513987536)
2024,CORTE SELETIVO,C51L41,POINT (-61.19765341388823 -8.238153040592604)
2024,CORTE SELETIVO,C51L41,POINT (-61.19784616576507 -8.236865637350398)
2024,CORTE SELETIVO,C51L41,POINT (-61.19774853597837 -8.236154125068147)
2024,CORTE SELETIVO,C51L41,POINT (-61.19744879611204 -8.23578959903976)
2024,CORTE SELETIVO,C51L41,POINT (-61.19813150570716 -8.235357776545996)
2024,CORTE SELETIVO,C51L41,POINT (-61.1979160774082 -8.235164466067445)
2024,CORTE SELETIVO,C51L41,POINT (-61.19825268553775 -8.233949299962468)
2024,CORTE SELETIVO,C51L41,POINT (-61.19835240711331 -8.232850215515217)
2024,CORTE RASO,C51L41,POINT (-61.1915507226699 -8.113346997345138)
2024,CORTE RASO,C51L41,POINT (-61.19075246284945 -8.112218164794662)
2024,CORTE SELETIVO,C51L41,POINT (-61.17485023303525 -8.191366694104389)
2024,CORTE SELETIVO,C51L41,POINT (-61.17523398569311 -8.17898170879032)
2024,CORTE SELETIVO,C51L41,POINT (-61.17455139957211 -8.178805898215279)
2024,CORTE RASO,C51L41,POINT (-61.17595183663418 -8.098143314905162)
2024,CORTE RASO,C51L41,POINT (-61.17464956160822 -8.098050805039446)
2024,CORTE SELETIVO,C51L41,POINT (-61.17277853517193 -8.199287046357156)
2024,CORTE SELETIVO,C51L41,POINT (-61.172247812042826 -8.194846719420159)
2024,CORTE SELETIVO,C51L41,POINT (-61.17324955640284 -8.194154700171977)
2024,CORTE SELETIVO,C51L41,POINT (-61.173153376069315 -8.193749940348544)
2024,CORTE SELETIVO,C51L41,POINT (-61.17314658208209 -8.193451448067067)
2024,CORTE SELETIVO,C51L41,POINT (-61.174348245430124 -8.179045815547147)
2024,CORTE SELETIVO,C51L41,POINT (-61.17424843922937 -8.178770922447224)
2024,CORTE SELETIVO,C51L41,POINT (-61.17390273401501 -8.178451621793378)
2024,CORTE SELETIVO,C51L41,POINT (-61.17346619493217 -8.178533263085573)
2024,CORTE SELETIVO,C51L41,POINT (-61.17325197121078 -8.178058586875727)
2024,CORTE SELETIVO,C51L41,POINT (-61.173451096529995 -8.17812744475754)
2024,CORTE SELETIVO,C51L41,POINT (-61.173452972362774 -8.17774584500203)
2024,CORTE RASO,C51L41,POINT (-61.174348432999395 -8.100749853510347)
2024,CORTE RASO,C51L41,POINT (-61.174347324060825 -8.100310738694077)
2024,CORTE RASO,C51L41,POINT (-61.17434816109532 -8.099910467510558)
2024,CORTE RASO,C51L41,POINT (-61.1743455244732 -8.098946699770435)
2024,CORTE SELETIVO,C51L41,POINT (-61.167324996570386 -8.247730568699225)
2024,CORTE SELETIVO,C51L41,POINT (-61.16715183706694 -8.247447444585077)
2024,CORTE SELETIVO,C51L41,POINT (-61.167690782777214 -8.247196311086755)
2024,CORTE SELETIVO,C51L41,POINT (-61.16714788640627 -8.24554656659325)
2024,CORTE SELETIVO,C51L41,POINT (-61.16775308614707 -8.245037861576069)
2024,CORTE SELETIVO,C51L41,POINT (-61.16726553468283 -8.243058688154653)
2024,CORTE SELETIVO,C51L41,POINT (-61.1673361732203 -8.23854939520786)
2024,CORTE SELETIVO,C51L41,POINT (-61.16799498667574 -8.238545320424446)
2024,CORTE SELETIVO,C51L41,POINT (-61.16763346111571 -8.23844745251352)
2024,CORTE SELETIVO,C51L41,POINT (-61.171449154760985 -8.198648366284056)
2024,CORTE SELETIVO,C51L41,POINT (-61.1625500646122 -8.2499541666211)
2024,CORTE SELETIVO,C51L41,POINT (-61.16329574350818 -8.249849985278834)
2024,CORTE SELETIVO,C51L41,POINT (-61.1637546016046 -8.249782071198354)
2024,CORTE SELETIVO,C51L41,POINT (-61.16556951933613 -8.24981583682065)
2024,CORTE SELETIVO,C51L41,POINT (-61.164147902961034 -8.249905580635854)
2024,CORTE SELETIVO,C51L41,POINT (-61.164881937505015 -8.249899419540617)
2024,CORTE SELETIVO,C51L41,POINT (-61.16533538605007 -8.24929647930933)
2024,CORTE SELETIVO,C51L41,POINT (-61.16384816221573 -8.249141654749678)
2024,CORTE SELETIVO,C51L41,POINT (-61.1636539362519 -8.249054049954294)
2024,CORTE SELETIVO,C51L41,POINT (-61.163058598703444 -8.248996467826796)
2024,CORTE SELETIVO,C51L41,POINT (-61.16334796858272 -8.24894091683249)
2024,CORTE SELETIVO,C51L41,POINT (-61.164822039846136 -8.248442250945132)
2024,CORTE SELETIVO,C51L41,POINT (-61.1658918148194 -8.247808297465802)
2024,CORTE SELETIVO,C51L41,POINT (-61.16315258280186 -8.247689359166143)
2024,CORTE SELETIVO,C51L41,POINT (-61.16297516106276 -8.247358525598445)
2024,CORTE SELETIVO,C51L41,POINT (-61.16484926798631 -8.24758842318871)
2024,CORTE SELETIVO,C51L41,POINT (-61.16639857800166 -8.247546283667171)
2024,CORTE SELETIVO,C51L41,POINT (-61.165393117605134 -8.247105169905534)
2024,CORTE SELETIVO,C51L41,POINT (-61.16614796940526 -8.24684779154535)
2024,CORTE SELETIVO,C51L41,POINT (-61.16551963074367 -8.24655381748481)
2024,CORTE SELETIVO,C51L41,POINT (-61.166245834379794 -8.24632750150577)
2024,CORTE SELETIVO,C51L41,POINT (-61.16681714290666 -8.246647231467369)
2024,CORTE SELETIVO,C51L41,POINT (-61.163053530972675 -8.246149850466093)
2024,CORTE SELETIVO,C51L41,POINT (-61.16286658958355 -8.245981978290095)
2024,CORTE SELETIVO,C51L41,POINT (-61.16494996850172 -8.245610314950707)
2024,CORTE SELETIVO,C51L41,POINT (-61.16594820370948 -8.24555203173892)
2024,CORTE SELETIVO,C51L41,POINT (-61.1668929789593 -8.245547664579608)
2024,CORTE SELETIVO,C51L41,POINT (-61.16443161953614 -8.245453921660783)
2024,CORTE SELETIVO,C51L41,POINT (-61.164649441982206 -8.245308406254766)
2024,CORTE SELETIVO,C51L41,POINT (-61.16699801238822 -8.24535364127212)
2024,CORTE SELETIVO,C51L41,POINT (-61.162563813747454 -8.24521318151064)
2024,CORTE SELETIVO,C51L41,POINT (-61.16444990574589 -8.245000897085035)
2024,CORTE SELETIVO,C51L41,POINT (-61.16542717996292 -8.244907314396395)
2024,CORTE SELETIVO,C51L41,POINT (-61.16366156254411 -8.245146910306168)
2024,CORTE SELETIVO,C51L41,POINT (-61.164953699098085 -8.244946346727685)
2024,CORTE SELETIVO,C51L41,POINT (-61.16633431303128 -8.245038329105347)
2024,CORTE SELETIVO,C51L41,POINT (-61.16664723899405 -8.244917736182662)
2024,CORTE SELETIVO,C51L41,POINT (-61.16485446903525 -8.244847121317397)
2024,CORTE SELETIVO,C51L41,POINT (-61.166053584106834 -8.244846223729262)
2024,CORTE SELETIVO,C51L41,POINT (-61.16364550115604 -8.24474944888278)
2024,CORTE SELETIVO,C51L41,POINT (-61.16554625260648 -8.244745612936597)
2024,CORTE SELETIVO,C51L41,POINT (-61.16454737571918 -8.244645265009115)
2024,CORTE SELETIVO,C51L41,POINT (-61.165455473244656 -8.244507039672897)
2024,CORTE SELETIVO,C51L41,POINT (-61.16525393488594 -8.244547430046959)
2024,CORTE SELETIVO,C51L41,POINT (-61.16464698247447 -8.244467720124321)
2024,CORTE SELETIVO,C51L41,POINT (-61.16514693711926 -8.244453184304351)
2024,CORTE SELETIVO,C51L41,POINT (-61.164404182100164 -8.244070882648384)
2024,CORTE SELETIVO,C51L41,POINT (-61.165929318386226 -8.244147497956313)
2024,CORTE SELETIVO,C51L41,POINT (-61.16711949707261 -8.244125721483831)
2024,CORTE SELETIVO,C51L41,POINT (-61.163342768323425 -8.243957664509487)
2024,CORTE SELETIVO,C51L41,POINT (-61.16257464506885 -8.243952744317562)
2024,CORTE SELETIVO,C51L41,POINT (-61.165648523339975 -8.24386795017863)
2024,CORTE SELETIVO,C51L41,POINT (-61.16475367919295 -8.243851273007914)
2024,CORTE SELETIVO,C51L41,POINT (-61.166097753556464 -8.243748618159897)
2024,CORTE SELETIVO,C51L41,POINT (-61.165451192127065 -8.243753261931918)
2024,CORTE SELETIVO,C51L41,POINT (-61.16526034055948 -8.24403481500201)
2024,CORTE SELETIVO,C51L41,POINT (-61.163047172089684 -8.243548992321218)
2024,CORTE SELETIVO,C51L41,POINT (-61.16590246653818 -8.2430046523882)
2024,CORTE SELETIVO,C51L41,POINT (-61.16391247216828 -8.24346226830764)
2024,CORTE SELETIVO,C51L41,POINT (-61.1649048745301 -8.243029915871354)
2024,CORTE SELETIVO,C51L41,POINT (-61.166652104526214 -8.242647650313755)
2024,CORTE SELETIVO,C51L41,POINT (-61.16524593404416 -8.242407215901483)
2024,CORTE SELETIVO,C51L41,POINT (-61.165349055262425 -8.24225463535373)
2024,CORTE SELETIVO,C51L41,POINT (-61.16566042222604 -8.242393369168846)
2024,CORTE SELETIVO,C51L41,POINT (-61.16661909427925 -8.241952760966166)
2024,CORTE SELETIVO,C51L41,POINT (-61.1624457186097 -8.242024102597792)
2024,CORTE SELETIVO,C51L41,POINT (-61.16690257121155 -8.24195193860245)
2024,CORTE SELETIVO,C51L41,POINT (-61.16335190999881 -8.241772415820236)
2024,CORTE SELETIVO,C51L41,POINT (-61.164119153665766 -8.241504484348848)
2024,CORTE SELETIVO,C51L41,POINT (-61.1650461988902 -8.241582639292169)
2024,CORTE SELETIVO,C51L41,POINT (-61.16315273823157 -8.24145477453212)
2024,CORTE SELETIVO,C51L41,POINT (-61.164749060198105 -8.241453611842848)
2024,CORTE SELETIVO,C51L41,POINT (-61.16583938954039 -8.241331392566844)
2024,CORTE SELETIVO,C51L41,POINT (-61.162950570068865 -8.24129755436794)
2024,CORTE SELETIVO,C51L41,POINT (-61.1669336611455 -8.24120494442255)
2024,CORTE SELETIVO,C51L41,POINT (-61.16265326521521 -8.241145269641843)
2024,CORTE SELETIVO,C51L41,POINT (-61.16285344809857 -8.241011867493372)
2024,CORTE SELETIVO,C51L41,POINT (-61.16560537226857 -8.2407183366846)
2024,CORTE SELETIVO,C51L41,POINT (-61.16386391901631 -8.240850948064235)
2024,CORTE SELETIVO,C51L41,POINT (-61.16705397834951 -8.240350008232678)
2024,CORTE SELETIVO,C51L41,POINT (-61.166745945986314 -8.240254658921181)
2024,CORTE SELETIVO,C51L41,POINT (-61.16574726226279 -8.23967938939166)
2024,CORTE SELETIVO,C51L41,POINT (-61.1663509243758 -8.239348124837433)
2024,CORTE SELETIVO,C51L41,POINT (-61.16671467681015 -8.238855752415764)
2024,CORTE SELETIVO,C51L41,POINT (-61.16634984894207 -8.238849722877582)
2024,CORTE SELETIVO,C51L41,POINT (-61.16694871522076 -8.238666032786062)
2024,CORTE SELETIVO,C51L41,POINT (-61.16644941247926 -8.238549108222458)
2024,CORTE SELETIVO,C51L41,POINT (-61.1659737696136 -8.238386118144188)
2024,CORTE SELETIVO,C51L41,POINT (-61.166869005425696 -8.238386880014945)
2024,CORTE SELETIVO,C51L41,POINT (-61.16275105328232 -8.113547063538624)
2024,CORTE SELETIVO,C51L41,POINT (-61.16431644687094 -8.11024747804515)
2024,CORTE SELETIVO,C51L41,POINT (-61.16234760946263 -8.249953207768524)
2024,CORTE SELETIVO,C51L41,POINT (-61.160257704509576 -8.24993677232388)
2024,CORTE SELETIVO,C51L41,POINT (-61.158395622894204 -8.249884916426177)
2024,CORTE SELETIVO,C51L41,POINT (-61.16128998753447 -8.24991010139011)
2024,CORTE SELETIVO,C51L41,POINT (-61.16005042363942 -8.249648611146426)
2024,CORTE SELETIVO,C51L41,POINT (-61.15945044470434 -8.249650901818184)
2024,CORTE SELETIVO,C51L41,POINT (-61.15993089827747 -8.249511556613522)
2024,CORTE SELETIVO,C51L41,POINT (-61.1609457999812 -8.249546350510428)
2024,CORTE SELETIVO,C51L41,POINT (-61.161605660503724 -8.249233336279143)
2024,CORTE SELETIVO,C51L41,POINT (-61.15993553273021 -8.249061610068948)
2024,CORTE SELETIVO,C51L41,POINT (-61.15934816619868 -8.2488736406599)
2024,CORTE SELETIVO,C51L41,POINT (-61.159494493177405 -8.248629348894472)
2024,CORTE SELETIVO,C51L41,POINT (-61.1603174090609 -8.248751335916513)
2024,CORTE SELETIVO,C51L41,POINT (-61.16025254726414 -8.248453586100727)
2024,CORTE SELETIVO,C51L41,POINT (-61.15894857523321 -8.248446163066015)
2024,CORTE SELETIVO,C51L41,POINT (-61.159751206922216 -8.248350631224223)
2024,CORTE SELETIVO,C51L41,POINT (-61.161047388061775 -8.248252226184936)
2024,CORTE SELETIVO,C51L41,POINT (-61.16116035932262 -8.248086339271733)
2024,CORTE SELETIVO,C51L41,POINT (-61.160785176014265 -8.248168552395857)
2024,CORTE SELETIVO,C51L41,POINT (-61.16004898728529 -8.248054164057534)
2024,CORTE SELETIVO,C51L41,POINT (-61.162347772745754 -8.24755476316781)
2024,CORTE SELETIVO,C51L41,POINT (-61.160753264820045 -8.247546139648339)
2024,CORTE SELETIVO,C51L41,POINT (-61.159954444758775 -8.247351329359917)
2024,CORTE SELETIVO,C51L41,POINT (-61.16055419162739 -8.24736122932043)
2024,CORTE SELETIVO,C51L41,POINT (-61.16005418520447 -8.24714818957723)
2024,CORTE SELETIVO,C51L41,POINT (-61.16034813843362 -8.247147693420887)
2024,CORTE SELETIVO,C51L41,POINT (-61.16034833792786 -8.246420591546748)
2024,CORTE SELETIVO,C51L41,POINT (-61.1611549059747 -8.246853617496747)
2024,CORTE SELETIVO,C51L41,POINT (-61.16092393793399 -8.246746777703835)
2024,CORTE SELETIVO,C51L41,POINT (-61.16165012568706 -8.24654707935335)
2024,CORTE SELETIVO,C51L41,POINT (-61.16057651162035 -8.246553273700123)
2024,CORTE SELETIVO,C51L41,POINT (-61.1597498415792 -8.246354255389159)
2024,CORTE SELETIVO,C51L41,POINT (-61.159437372849325 -8.246204652340055)
2024,CORTE SELETIVO,C51L41,POINT (-61.15844839864456 -8.246047781759822)
2024,CORTE SELETIVO,C51L41,POINT (-61.159947861296494 -8.246045315958618)
2024,CORTE SELETIVO,C51L41,POINT (-61.159447022569125 -8.245851022489028)
2024,CORTE SELETIVO,C51L41,POINT (-61.16206187175623 -8.245851432219542)
2024,CORTE SELETIVO,C51L41,POINT (-61.161766613990416 -8.245650485169485)
2024,CORTE SELETIVO,C51L41,POINT (-61.15935038309098 -8.245698221486848)
2024,CORTE SELETIVO,C51L41,POINT (-61.161047017041824 -8.245568265352189)
2024,CORTE SELETIVO,C51L41,POINT (-61.15915087910856 -8.24535488585651)
2024,CORTE SELETIVO,C51L41,POINT (-61.16124542536826 -8.245148417138456)
2024,CORTE SELETIVO,C51L41,POINT (-61.16202316665984 -8.244836638819605)
2024,CORTE SELETIVO,C51L41,POINT (-61.161438734400974 -8.244852057628659)
2024,CORTE SELETIVO,C51L41,POINT (-61.15884676958467 -8.244655186166602)
2024,CORTE SELETIVO,C51L41,POINT (-61.16165452736694 -8.244649845219689)
2024,CORTE SELETIVO,C51L41,POINT (-61.161146715331505 -8.244606873872206)
2024,CORTE SELETIVO,C51L41,POINT (-61.15835967161828 -8.244288970614587)
2024,CORTE SELETIVO,C51L41,POINT (-61.16045099654952 -8.244427004242706)
2024,CORTE SELETIVO,C51L41,POINT (-61.15987565902111 -8.244153079825884)
2024,CORTE SELETIVO,C51L41,POINT (-61.161463625073736 -8.243871026603795)
2024,CORTE SELETIVO,C51L41,POINT (-61.15988942989408 -8.243887153617372)
2024,CORTE SELETIVO,C51L41,POINT (-61.162252959798366 -8.243951368606847)
2024,CORTE SELETIVO,C51L41,POINT (-61.16077663801729 -8.243949217168641)
2024,CORTE SELETIVO,C51L41,POINT (-61.162047967899305 -8.243734379489176)
2024,CORTE SELETIVO,C51L41,POINT (-61.16014915409666 -8.243546123936394)
2024,CORTE SELETIVO,C51L41,POINT (-61.160247520500874 -8.24339458698615)
2024,CORTE SELETIVO,C51L41,POINT (-61.16165734329359 -8.243360503840453)
2024,CORTE SELETIVO,C51L41,POINT (-61.16044732578442 -8.242874737428387)
2024,CORTE SELETIVO,C51L41,POINT (-61.15995294017601 -8.242545661775758)
2024,CORTE SELETIVO,C51L41,POINT (-61.1603526505573 -8.242448207349813)
2024,CORTE SELETIVO,C51L41,POINT (-61.16085110186489 -8.242452087330205)
2024,CORTE SELETIVO,C51L41,POINT (-61.159442389861766 -8.242010778418642)
2024,CORTE SELETIVO,C51L41,POINT (-61.16242715943232 -8.242340916277199)
2024,CORTE SELETIVO,C51L41,POINT (-61.160150816477085 -8.24212957054762)
2024,CORTE SELETIVO,C51L41,POINT (-61.16109840545101 -8.241864603295072)
2024,CORTE SELETIVO,C51L41,POINT (-61.15974775348178 -8.241851307897129)
2024,CORTE SELETIVO,C51L41,POINT (-61.159260221330655 -8.241775175883204)
2024,CORTE SELETIVO,C51L41,POINT (-61.16056771796871 -8.241946968577299)
2024,CORTE SELETIVO,C51L41,POINT (-61.16224956903545 -8.241617395738563)
2024,CORTE SELETIVO,C51L41,POINT (-61.15914927835785 -8.241649882009721)
2024,CORTE SELETIVO,C51L41,POINT (-61.1600517824773 -8.241449231110002)
2024,CORTE SELETIVO,C51L41,POINT (-61.162426574027066 -8.241245790616489)
2024,CORTE SELETIVO,C51L41,POINT (-61.16089990052348 -8.240951831565189)
2024,CORTE SELETIVO,C51L41,POINT (-61.160354600812404 -8.240871718732912)
2024,CORTE SELETIVO,C51L41,POINT (-61.160449237506505 -8.240258583311608)
2024,CORTE SELETIVO,C51L41,POINT (-61.16065106720134 -8.24005890536524)
2024,CORTE SELETIVO,C51L41,POINT (-61.16031925707505 -8.239583804506552)
2024,CORTE SELETIVO,C51L41,POINT (-61.16065446350189 -8.239400377437882)
2024,CORTE SELETIVO,C51L41,POINT (-61.162479199159854 -8.116045210363323)
2024,CORTE SELETIVO,C51L41,POINT (-61.16185006298675 -8.115948451600737)
2024,CORTE SELETIVO,C51L41,POINT (-61.158145981016844 -8.115151401882857)
2024,CORTE SELETIVO,C51L41,POINT (-61.15815398098919 -8.114953546530504)
2024,CORTE SELETIVO,C51L41,POINT (-61.15869281912969 -8.112548051534167)
2024,CORTE SELETIVO,C51L41,POINT (-61.15895305995132 -8.1122525253863)
2024,CORTE SELETIVO,C51L41,POINT (-61.15874620403692 -8.112092366909906)
2024,CORTE SELETIVO,C51L41,POINT (-61.15842669250371 -8.112139716977365)
2024,CORTE SELETIVO,C51L41,POINT (-61.15825161476338 -8.111753692261235)
2024,CORTE SELETIVO,C51L41,POINT (-61.162005119710024 -8.11067624935657)
2024,CORTE SELETIVO,C51L41,POINT (-61.1592499118547 -8.110249234393311)
2024,CORTE SELETIVO,C51L41,POINT (-61.159048151466145 -8.109851976420536)
2024,CORTE SELETIVO,C51L41,POINT (-61.15904818157913 -8.109548433226635)
2024,CORTE SELETIVO,C51L41,POINT (-61.161854278274426 -8.108850826390125)
2024,CORTE SELETIVO,C51L41,POINT (-61.16005038099486 -8.108054080179118)
2024,CORTE SELETIVO,C51L41,POINT (-61.15995077205248 -8.10794896024424)
2024,CORTE SELETIVO,C51L41,POINT (-61.15794119221396 -8.2499458007343)
2024,CORTE SELETIVO,C51L41,POINT (-61.15374933659426 -8.249448742293163)
2024,CORTE SELETIVO,C51L41,POINT (-61.153948756595575 -8.249543499885524)
2024,CORTE SELETIVO,C51L41,POINT (-61.15804978117374 -8.248848605889352)
2024,CORTE SELETIVO,C51L41,POINT (-61.15739746532574 -8.248400175049303)
2024,CORTE SELETIVO,C51L41,POINT (-61.15655170523428 -8.24845164340471)
2024,CORTE SELETIVO,C51L41,POINT (-61.156406377144485 -8.248110468123667)
2024,CORTE SELETIVO,C51L41,POINT (-61.15694884434758 -8.248225584044478)
2024,CORTE SELETIVO,C51L41,POINT (-61.15683833054546 -8.247744258647685)
2024,CORTE SELETIVO,C51L41,POINT (-61.15718902330948 -8.247543523103277)
2024,CORTE SELETIVO,C51L41,POINT (-61.155548556348904 -8.24724961086663)
2024,CORTE SELETIVO,C51L41,POINT (-61.15724939533961 -8.247239024227742)
2024,CORTE SELETIVO,C51L41,POINT (-61.15544720938895 -8.24714761260514)
2024,CORTE SELETIVO,C51L41,POINT (-61.15605015872902 -8.247152653969112)
2024,CORTE SELETIVO,C51L41,POINT (-61.15524578547447 -8.247139492438285)
2024,CORTE SELETIVO,C51L41,POINT (-61.157717853793585 -8.24673802914846)
2024,CORTE SELETIVO,C51L41,POINT (-61.155329167962115 -8.24674603063307)
2024,CORTE SELETIVO,C51L41,POINT (-61.15725061959859 -8.246551088168896)
2024,CORTE SELETIVO,C51L41,POINT (-61.156145526261625 -8.246545310156355)
2024,CORTE SELETIVO,C51L41,POINT (-61.15484546448603 -8.24629490264299)
2024,CORTE SELETIVO,C51L41,POINT (-61.15634566419713 -8.246334381300821)
2024,CORTE SELETIVO,C51L41,POINT (-61.157057703797506 -8.246297849241348)
2024,CORTE SELETIVO,C51L41,POINT (-61.15464727966922 -8.246251499654672)
2024,CORTE SELETIVO,C51L41,POINT (-61.153073552592915 -8.246253495476049)
2024,CORTE SELETIVO,C51L41,POINT (-61.155688016916606 -8.246251320566435)
2024,CORTE SELETIVO,C51L41,POINT (-61.15460152457305 -8.246048788587695)
2024,CORTE SELETIVO,C51L41,POINT (-61.15604564501267 -8.2460535177424)
2024,CORTE SELETIVO,C51L41,POINT (-61.15575383110246 -8.246049174875095)
2024,CORTE SELETIVO,C51L41,POINT (-61.15545783742389 -8.246054775512178)
2024,CORTE SELETIVO,C51L41,POINT (-61.15811889123974 -8.246107931147126)
2024,CORTE SELETIVO,C51L41,POINT (-61.156348933364065 -8.245715955124872)
2024,CORTE SELETIVO,C51L41,POINT (-61.15605516094636 -8.245513061807234)
2024,CORTE SELETIVO,C51L41,POINT (-61.15385094722278 -8.24460898499084)
2024,CORTE SELETIVO,C51L41,POINT (-61.15419866150452 -8.244750875565398)
2024,CORTE SELETIVO,C51L41,POINT (-61.15438315030242 -8.244247999300041)
2024,CORTE SELETIVO,C51L41,POINT (-61.154249200870915 -8.244352524775726)
2024,CORTE SELETIVO,C51L41,POINT (-61.15663298033471 -8.244388655862625)
2024,CORTE SELETIVO,C51L41,POINT (-61.15764418380401 -8.244255649098589)
2024,CORTE SELETIVO,C51L41,POINT (-61.15595063896741 -8.244252969245325)
2024,CORTE SELETIVO,C51L41,POINT (-61.15702350510289 -8.244229925523047)
2024,CORTE SELETIVO,C51L41,POINT (-61.153623844821986 -8.244245719902548)
2024,CORTE SELETIVO,C51L41,POINT (-61.155656809784794 -8.244395739272495)
2024,CORTE SELETIVO,C51L41,POINT (-61.154953115298525 -8.24415933381944)
2024,CORTE SELETIVO,C51L41,POINT (-61.155150684270865 -8.24410956183367)
2024,CORTE SELETIVO,C51L41,POINT (-61.157246094142536 -8.244151057961355)
2024,CORTE SELETIVO,C51L41,POINT (-61.157351426272996 -8.244053400882262)
2024,CORTE SELETIVO,C51L41,POINT (-61.153703560356945 -8.244020729823221)
2024,CORTE SELETIVO,C51L41,POINT (-61.15324846422877 -8.243953475062456)
2024,CORTE SELETIVO,C51L41,POINT (-61.15305169713814 -8.243944693825)
2024,CORTE SELETIVO,C51L41,POINT (-61.15504092035785 -8.243739369857256)
2024,CORTE SELETIVO,C51L41,POINT (-61.15344829479551 -8.243747614504661)
2024,CORTE SELETIVO,C51L41,POINT (-61.1540484407854 -8.243699961588444)
2024,CORTE SELETIVO,C51L41,POINT (-61.157672444616615 -8.243876937211049)
2024,CORTE SELETIVO,C51L41,POINT (-61.157935756155545 -8.243654700734556)
2024,CORTE SELETIVO,C51L41,POINT (-61.15654701911981 -8.243150956837539)
2024,CORTE SELETIVO,C51L41,POINT (-61.15285319984273 -8.243448418820257)
2024,CORTE SELETIVO,C51L41,POINT (-61.15632916578863 -8.24346092893084)
2024,CORTE SELETIVO,C51L41,POINT (-61.15812246103362 -8.243540445176125)
2024,CORTE SELETIVO,C51L41,POINT (-61.155236639101666 -8.243228071570478)
2024,CORTE SELETIVO,C51L41,POINT (-61.1569898989797 -8.242949402434034)
2024,CORTE SELETIVO,C51L41,POINT (-61.154135503902815 -8.242836393015788)
2024,CORTE SELETIVO,C51L41,POINT (-61.15611646324857 -8.242051602068061)
2024,CORTE SELETIVO,C51L41,POINT (-61.15625256390251 -8.241601592983214)
2024,CORTE SELETIVO,C51L41,POINT (-61.155945598027884 -8.241549195370418)
2024,CORTE SELETIVO,C51L41,POINT (-61.15364779891706 -8.241501321397271)
2024,CORTE SELETIVO,C51L41,POINT (-61.15807979936747 -8.241838237270303)
2024,CORTE SELETIVO,C51L41,POINT (-61.15315448260507 -8.241348083789143)
2024,CORTE SELETIVO,C51L41,POINT (-61.157051261086266 -8.120419005304408)
2024,CORTE SELETIVO,C51L41,POINT (-61.15724819654227 -8.119645801486985)
2024,CORTE SELETIVO,C51L41,POINT (-61.15704592201767 -8.11854619902361)
2024,CORTE SELETIVO,C51L41,POINT (-61.15685150524562 -8.11844662243297)
2024,CORTE SELETIVO,C51L41,POINT (-61.157451802058425 -8.117854665638584)
2024,CORTE SELETIVO,C51L41,POINT (-61.157649990911494 -8.117749815001293)
2024,CORTE SELETIVO,C51L41,POINT (-61.15764700377569 -8.1173497244357)
2024,CORTE SELETIVO,C51L41,POINT (-61.15775155338501 -8.116250879399782)
2024,CORTE SELETIVO,C51L41,POINT (-61.15794754106469 -8.115550313464249)
2024,CORTE SELETIVO,C51L41,POINT (-61.15795454599123 -8.115253878021122)
2024,CORTE SELETIVO,C51L41,POINT (-61.15785004600185 -8.115145413665545)
2024,CORTE SELETIVO,C51L41,POINT (-61.157851586703295 -8.112150641727299)
2024,CORTE SELETIVO,C51L41,POINT (-61.157952491237694 -8.1119879698654)
2024,CORTE SELETIVO,C51L41,POINT (-61.15330177013343 -8.098889750495093)
2024,CORTE SELETIVO,C51L41,POINT (-61.153046505053965 -8.098546584559202)
2024,CORTE SELETIVO,C51L41,POINT (-61.15660848758315 -8.09781657212685)
2024,CORTE SELETIVO,C51L41,POINT (-61.155765218582715 -8.097783512892098)
2024,CORTE SELETIVO,C51L41,POINT (-61.15787059750025 -8.09766408032696)
2024,CORTE SELETIVO,C51L41,POINT (-61.15675307908663 -8.09724827699487)
2024,CORTE SELETIVO,C51L41,POINT (-61.157581010223375 -8.096775329608448)
2024,CORTE SELETIVO,C51L41,POINT (-61.15330997480171 -8.096791446746435)
2024,CORTE SELETIVO,C51L41,POINT (-61.15385163607774 -8.096590074695557)
2024,CORTE SELETIVO,C51L41,POINT (-61.153722720773835 -8.095263689756692)
2024,CORTE SELETIVO,C51L41,POINT (-61.15256564083747 -8.09466582110348)
2024,CORTE SELETIVO,C51L41,POINT (-61.15526215817341 -8.093571471519416)
2024,CORTE SELETIVO,C51L41,POINT (-61.15455387648112 -8.0933469888981)
2024,CORTE SELETIVO,C51L41,POINT (-61.15513668814121 -8.09343609808431)
2024,CORTE SELETIVO,C51L41,POINT (-61.154649012466784 -8.093075123323693)
2024,CORTE SELETIVO,C51L41,POINT (-61.15546944998042 -8.092248646070813)
2024,CORTE SELETIVO,C51L41,POINT (-61.15445380719142 -8.091648648851706)
2024,CORTE SELETIVO,C51L41,POINT (-61.153453965379185 -8.09165306724705)
2024,CORTE SELETIVO,C51L41,POINT (-61.15325181053014 -8.091247086181403)
2024,CORTE SELETIVO,C51L41,POINT (-61.15301854955493 -8.090928318531086)
2024,CORTE SELETIVO,C51L41,POINT (-61.1479332178456 -8.24905368394403)
2024,CORTE SELETIVO,C51L41,POINT (-61.1485724266449 -8.247873762218605)
2024,CORTE SELETIVO,C51L41,POINT (-61.152058408757235 -8.24775176017828)
2024,CORTE SELETIVO,C51L41,POINT (-61.15244656129929 -8.247648782719269)
2024,CORTE SELETIVO,C51L41,POINT (-61.15165624048196 -8.2476439099176)
2024,CORTE SELETIVO,C51L41,POINT (-61.152251684203435 -8.247446677524461)
2024,CORTE SELETIVO,C51L41,POINT (-61.15154880287662 -8.247397926483789)
2024,CORTE SELETIVO,C51L41,POINT (-61.15187086968192 -8.246952462629876)
2024,CORTE SELETIVO,C51L41,POINT (-61.148331845431 -8.246822293901602)
2024,CORTE SELETIVO,C51L41,POINT (-61.15175291222038 -8.246848774933211)
2024,CORTE SELETIVO,C51L41,POINT (-61.15264979913773 -8.246553237933549)
2024,CORTE SELETIVO,C51L41,POINT (-61.152750525148186 -8.246446630643948)
2024,CORTE SELETIVO,C51L41,POINT (-61.151690182372434 -8.24643809926132)
2024,CORTE SELETIVO,C51L41,POINT (-61.15174843292979 -8.246145421167094)
2024,CORTE SELETIVO,C51L41,POINT (-61.14835370034931 -8.245891242882344)
2024,CORTE SELETIVO,C51L41,POINT (-61.152746160353765 -8.245886178077438)
2024,CORTE SELETIVO,C51L41,POINT (-61.15170237231403 -8.245810997735113)
2024,CORTE SELETIVO,C51L41,POINT (-61.152559153622754 -8.245616745618285)
2024,CORTE SELETIVO,C51L41,POINT (-61.15264642300084 -8.244896942430241)
2024,CORTE SELETIVO,C51L41,POINT (-61.151946076467 -8.244690351994436)
2024,CORTE SELETIVO,C51L41,POINT (-61.152753562383985 -8.24475231243593)
2024,CORTE SELETIVO,C51L41,POINT (-61.15123544457934 -8.244531658140694)
2024,CORTE SELETIVO,C51L41,POINT (-61.15224955148536 -8.244639326266283)
2024,CORTE SELETIVO,C51L41,POINT (-61.15281798977785 -8.244335045207507)
2024,CORTE SELETIVO,C51L41,POINT (-61.148452505114996 -8.243948077401418)
2024,CORTE SELETIVO,C51L41,POINT (-61.151039898162814 -8.244151239326088)
2024,CORTE SELETIVO,C51L41,POINT (-61.14774750702006 -8.243948484082104)
2024,CORTE SELETIVO,C51L41,POINT (-61.14826498780582 -8.243751592628033)
2024,CORTE SELETIVO,C51L41,POINT (-61.147746049268946 -8.243754606327068)
2024,CORTE SELETIVO,C51L41,POINT (-61.14784878174166 -8.243649703928828)
2024,CORTE SELETIVO,C51L41,POINT (-61.14765302442691 -8.24364650565931)
2024,CORTE SELETIVO,C51L41,POINT (-61.14865075267678 -8.243554440257393)
2024,CORTE SELETIVO,C51L41,POINT (-61.15165819742024 -8.243437170354124)
2024,CORTE SELETIVO,C51L41,POINT (-61.152401840213216 -8.24332811833403)
2024,CORTE SELETIVO,C51L41,POINT (-61.14955382467508 -8.243352678859504)
2024,CORTE SELETIVO,C51L41,POINT (-61.1486546112947 -8.243353676219591)
2024,CORTE SELETIVO,C51L41,POINT (-61.149395199204704 -8.243151684346579)
2024,CORTE SELETIVO,C51L41,POINT (-61.14829036507831 -8.243286313611863)
2024,CORTE SELETIVO,C51L41,POINT (-61.15124160077694 -8.243164440232965)
2024,CORTE SELETIVO,C51L41,POINT (-61.14955458868755 -8.242371645673769)
2024,CORTE SELETIVO,C51L41,POINT (-61.147649740551174 -8.242453919329616)
2024,CORTE SELETIVO,C51L41,POINT (-61.15134563558539 -8.242448077812092)
2024,CORTE SELETIVO,C51L41,POINT (-61.15100658314911 -8.242269698084725)
2024,CORTE SELETIVO,C51L41,POINT (-61.14870656617593 -8.242146652652812)
2024,CORTE SELETIVO,C51L41,POINT (-61.15134980087245 -8.242190139373545)
2024,CORTE SELETIVO,C51L41,POINT (-61.14944138137355 -8.242097707412048)
2024,CORTE SELETIVO,C51L41,POINT (-61.148860391763854 -8.241951022047662)
2024,CORTE SELETIVO,C51L41,POINT (-61.1512528322003 -8.241849473186258)
2024,CORTE SELETIVO,C51L41,POINT (-61.151350866817225 -8.241951112651616)
2024,CORTE SELETIVO,C51L41,POINT (-61.14845180941611 -8.241945332969014)
2024,CORTE SELETIVO,C51L41,POINT (-61.147731903318 -8.241334981803123)
2024,CORTE SELETIVO,C51L41,POINT (-61.14826111556551 -8.241652068256471)
2024,CORTE SELETIVO,C51L41,POINT (-61.14827408150905 -8.241151587314347)
2024,CORTE SELETIVO,C51L41,POINT (-61.14834963335115 -8.100547958507812)
2024,CORTE SELETIVO,C51L41,POINT (-61.148149139533935 -8.10047147120607)
2024,CORTE SELETIVO,C51L41,POINT (-61.149354797557855 -8.100382217966608)
2024,CORTE SELETIVO,C51L41,POINT (-61.15254810990418 -8.099947498444783)
2024,CORTE SELETIVO,C51L41,POINT (-61.15241950897859 -8.099807834392353)
2024,CORTE SELETIVO,C51L41,POINT (-61.152153871284014 -8.099752162631386)
2024,CORTE SELETIVO,C51L41,POINT (-61.14807698183578 -8.099275823389322)
2024,CORTE SELETIVO,C51L41,POINT (-61.14765306429552 -8.09925091576932)
2024,CORTE SELETIVO,C51L41,POINT (-61.147852598336705 -8.099176996294423)
2024,CORTE SELETIVO,C51L41,POINT (-61.14794646736015 -8.098686643441896)
2024,CORTE SELETIVO,C51L41,POINT (-61.14774866739926 -8.098552523755)
2024,CORTE SELETIVO,C51L41,POINT (-61.15024838215624 -8.097548383346286)
2024,CORTE SELETIVO,C51L41,POINT (-61.14955192675693 -8.096648099095466)
2024,CORTE SELETIVO,C51L41,POINT (-61.14925110414537 -8.09724658930304)
2024,CORTE SELETIVO,C51L41,POINT (-61.14912731340554 -8.094561304498294)
2024,CORTE SELETIVO,C51L41,POINT (-61.15013428671064 -8.09655208170721)
2024,CORTE SELETIVO,C51L41,POINT (-61.14969458125607 -8.09562121363932)
2024,CORTE SELETIVO,C51L41,POINT (-61.148826886052234 -8.094290027989096)
2024,CORTE SELETIVO,C51L41,POINT (-61.14946189821002 -8.094102256492487)
2024,CORTE SELETIVO,C51L41,POINT (-61.14895019961999 -8.094149719629216)
2024,CORTE SELETIVO,C51L41,POINT (-61.148848886808565 -8.094049325099647)
2024,CORTE SELETIVO,C51L41,POINT (-61.14952613279113 -8.093388340769458)
2024,CORTE SELETIVO,C51L41,POINT (-61.152493958371146 -8.092852259150323)
2024,CORTE SELETIVO,C51L41,POINT (-61.15255353090556 -8.091282752828429)
2024,CORTE SELETIVO,C51L41,POINT (-61.14392551348236 -8.249890157822305)
2024,CORTE SELETIVO,C51L41,POINT (-61.1467503819279 -8.249547092710909)
2024,CORTE SELETIVO,C51L41,POINT (-61.14574724871896 -8.24935313298497)
2024,CORTE SELETIVO,C51L41,POINT (-61.145954591509984 -8.249246259765433)
2024,CORTE SELETIVO,C51L41,POINT (-61.14544750399932 -8.249286543496877)
2024,CORTE SELETIVO,C51L41,POINT (-61.143222006983166 -8.249231375250444)
2024,CORTE SELETIVO,C51L41,POINT (-61.142761735433595 -8.249151593985601)
2024,CORTE SELETIVO,C51L41,POINT (-61.145205363626644 -8.249196114597975)
2024,CORTE SELETIVO,C51L41,POINT (-61.14587278442137 -8.24894765958932)
2024,CORTE SELETIVO,C51L41,POINT (-61.14614695327766 -8.248946932121012)
2024,CORTE SELETIVO,C51L41,POINT (-61.144716466839995 -8.248871595705502)
2024,CORTE SELETIVO,C51L41,POINT (-61.14376660150044 -8.248628973227904)
2024,CORTE SELETIVO,C51L41,POINT (-61.14704575505971 -8.24858128928628)
2024,CORTE SELETIVO,C51L41,POINT (-61.144137651933974 -8.248547943873746)
2024,CORTE SELETIVO,C51L41,POINT (-61.14395373994036 -8.248451119852822)
2024,CORTE SELETIVO,C51L41,POINT (-61.144798577186826 -8.24735465047548)
2024,CORTE SELETIVO,C51L41,POINT (-61.146852428483 -8.247650525690197)
2024,CORTE SELETIVO,C51L41,POINT (-61.14644923375558 -8.247525801299117)
2024,CORTE SELETIVO,C51L41,POINT (-61.1451512504245 -8.247460374297722)
2024,CORTE SELETIVO,C51L41,POINT (-61.14395262314897 -8.247451607585898)
2024,CORTE SELETIVO,C51L41,POINT (-61.14527143095431 -8.24689540270239)
2024,CORTE SELETIVO,C51L41,POINT (-61.1463491277673 -8.247150459384885)
2024,CORTE SELETIVO,C51L41,POINT (-61.14634128910621 -8.246846546260292)
2024,CORTE SELETIVO,C51L41,POINT (-61.14368273365203 -8.246848012062227)
2024,CORTE SELETIVO,C51L41,POINT (-61.14429665205249 -8.24654578613155)
2024,CORTE SELETIVO,C51L41,POINT (-61.1438519870183 -8.246652241697292)
2024,CORTE SELETIVO,C51L41,POINT (-61.143191761323024 -8.2467036685397)
2024,CORTE SELETIVO,C51L41,POINT (-61.1426513146994 -8.24655421287114)
2024,CORTE SELETIVO,C51L41,POINT (-61.146046829920174 -8.246147131711604)
2024,CORTE SELETIVO,C51L41,POINT (-61.144253191342884 -8.246171946947719)
2024,CORTE SELETIVO,C51L41,POINT (-61.145602814914824 -8.245699090924257)
2024,CORTE SELETIVO,C51L41,POINT (-61.14344750729761 -8.246045342759112)
2024,CORTE SELETIVO,C51L41,POINT (-61.1453497513809 -8.245952425904639)
2024,CORTE SELETIVO,C51L41,POINT (-61.14496926230518 -8.245785226986452)
2024,CORTE SELETIVO,C51L41,POINT (-61.147353389534594 -8.245849524022567)
2024,CORTE SELETIVO,C51L41,POINT (-61.146053172199395 -8.245849237555078)
2024,CORTE SELETIVO,C51L41,POINT (-61.146622499159726 -8.24571714506713)
2024,CORTE SELETIVO,C51L41,POINT (-61.14281955012313 -8.245841798832899)
2024,CORTE SELETIVO,C51L41,POINT (-61.1433486689431 -8.245753861932165)
2024,CORTE SELETIVO,C51L41,POINT (-61.14264842350213 -8.245452185887807)
2024,CORTE SELETIVO,C51L41,POINT (-61.14359775624952 -8.245421368454412)
2024,CORTE SELETIVO,C51L41,POINT (-61.14645415287008 -8.245249089700854)
2024,CORTE SELETIVO,C51L41,POINT (-61.14770951468795 -8.245109325969372)
2024,CORTE SELETIVO,C51L41,POINT (-61.14591510956453 -8.245098978336685)
2024,CORTE SELETIVO,C51L41,POINT (-61.14487718105559 -8.24494605116249)
2024,CORTE SELETIVO,C51L41,POINT (-61.146565875431286 -8.24494159394855)
2024,CORTE SELETIVO,C51L41,POINT (-61.14615017161187 -8.244846790775908)
2024,CORTE SELETIVO,C51L41,POINT (-61.143548388992166 -8.244654281773734)
2024,CORTE SELETIVO,C51L41,POINT (-61.14432398398412 -8.244881567754195)
2024,CORTE SELETIVO,C51L41,POINT (-61.143477653261805 -8.244347543702403)
2024,CORTE SELETIVO,C51L41,POINT (-61.14689441014065 -8.244027846670374)
2024,CORTE SELETIVO,C51L41,POINT (-61.1457465135334 -8.244236698172424)
2024,CORTE SELETIVO,C51L41,POINT (-61.14542289174908 -8.244056047325698)
2024,CORTE SELETIVO,C51L41,POINT (-61.14354956465106 -8.24383822647517)
2024,CORTE SELETIVO,C51L41,POINT (-61.14415279023879 -8.244066533439147)
2024,CORTE SELETIVO,C51L41,POINT (-61.144352463007806 -8.244005487375237)
2024,CORTE SELETIVO,C51L41,POINT (-61.14384752414251 -8.243747685386374)
2024,CORTE SELETIVO,C51L41,POINT (-61.144349920067384 -8.24374549415953)
2024,CORTE SELETIVO,C51L41,POINT (-61.14617351763821 -8.243666356276597)
2024,CORTE SELETIVO,C51L41,POINT (-61.145721009377866 -8.243726764158756)
2024,CORTE SELETIVO,C51L41,POINT (-61.14345148796913 -8.243334799832066)
2024,CORTE SELETIVO,C51L41,POINT (-61.14399845414057 -8.242901821692652)
2024,CORTE SELETIVO,C51L41,POINT (-61.144552975947846 -8.242953503778038)
2024,CORTE SELETIVO,C51L41,POINT (-61.143647708165645 -8.243151927763297)
2024,CORTE SELETIVO,C51L41,POINT (-61.14340995715302 -8.242848252192314)
2024,CORTE SELETIVO,C51L41,POINT (-61.14524946093508 -8.242854447036546)
2024,CORTE SELETIVO,C51L41,POINT (-61.143641976919056 -8.24277439934141)
2024,CORTE SELETIVO,C51L41,POINT (-61.14508805143927 -8.242679087796287)
2024,CORTE SELETIVO,C51L41,POINT (-61.14694181356354 -8.242380041275538)
2024,CORTE SELETIVO,C51L41,POINT (-61.14632175820912 -8.242642461888401)
2024,CORTE SELETIVO,C51L41,POINT (-61.14295725816579 -8.242274043137387)
2024,CORTE SELETIVO,C51L41,POINT (-61.14724862273671 -8.242347480528105)
2024,CORTE SELETIVO,C51L41,POINT (-61.142740428193164 -8.241297090339236)
2024,CORTE SELETIVO,C51L41,POINT (-61.14404595052023 -8.241260248948114)
2024,CORTE SELETIVO,C51L41,POINT (-61.147548542332714 -8.241510503744971)
2024,CORTE SELETIVO,C51L41,POINT (-61.14532796735629 -8.241452515840518)
2024,CORTE SELETIVO,C51L41,POINT (-61.14345007376099 -8.241353814276493)
2024,CORTE SELETIVO,C51L41,POINT (-61.14524937035439 -8.241254525438029)
2024,CORTE SELETIVO,C51L41,POINT (-61.14545443540906 -8.241253850695301)
2024,CORTE SELETIVO,C51L41,POINT (-61.143434734965 -8.241111772762382)
2024,CORTE SELETIVO,C51L41,POINT (-61.14567229150683 -8.241045447788567)
2024,CORTE SELETIVO,C51L41,POINT (-61.14534597929541 -8.100745646953415)
2024,CORTE SELETIVO,C51L41,POINT (-61.143251567996806 -8.100148675629526)
2024,CORTE SELETIVO,C51L41,POINT (-61.14615064919334 -8.099949988807845)
2024,CORTE SELETIVO,C51L41,POINT (-61.14726161508556 -8.099553352523598)
2024,CORTE SELETIVO,C51L41,POINT (-61.14730241919835 -8.099347399997137)
2024,CORTE SELETIVO,C51L41,POINT (-61.146846418049584 -8.099245293327103)
2024,CORTE SELETIVO,C51L41,POINT (-61.14734596062635 -8.098853551708846)
2024,CORTE SELETIVO,C51L41,POINT (-61.142950309559325 -8.098848794142459)
2024,CORTE SELETIVO,C51L41,POINT (-61.14688285394616 -8.098271772634906)
2024,CORTE SELETIVO,C51L41,POINT (-61.14750664832926 -8.098548022114542)
2024,CORTE SELETIVO,C51L41,POINT (-61.1465521991435 -8.09814637496676)
2024,CORTE SELETIVO,C51L41,POINT (-61.14569986325939 -8.098128157230695)
2024,CORTE SELETIVO,C51L41,POINT (-61.1468531099081 -8.097549761357907)
2024,CORTE SELETIVO,C51L41,POINT (-61.146052855495626 -8.097546183805232)
2024,CORTE SELETIVO,C51L41,POINT (-61.14594689177341 -8.09739679892954)
2024,CORTE SELETIVO,C51L41,POINT (-61.14685206356558 -8.097353777043681)
2024,CORTE SELETIVO,C51L41,POINT (-61.14504663709326 -8.096847095616399)
2024,CORTE SELETIVO,C51L41,POINT (-61.146551899504196 -8.096689609367383)
2024,CORTE SELETIVO,C51L41,POINT (-61.14515284388056 -8.096675660680395)
2024,CORTE SELETIVO,C51L41,POINT (-61.146295850508764 -8.095709137040657)
2024,CORTE SELETIVO,C51L41,POINT (-61.141918595371784 -8.24995461151435)
2024,CORTE SELETIVO,C51L41,POINT (-61.13875375024976 -8.249951041345463)
2024,CORTE SELETIVO,C51L41,POINT (-61.139084537768255 -8.249954249551356)
2024,CORTE SELETIVO,C51L41,POINT (-61.14121151513101 -8.249702166428277)
2024,CORTE SELETIVO,C51L41,POINT (-61.14104858673147 -8.249447019476163)
2024,CORTE SELETIVO,C51L41,POINT (-61.14007063401633 -8.248887456783848)
2024,CORTE SELETIVO,C51L41,POINT (-61.142430987602864 -8.248846333323883)
2024,CORTE SELETIVO,C51L41,POINT (-61.13923390099269 -8.248177913217784)
2024,CORTE SELETIVO,C51L41,POINT (-61.141553126270665 -8.24874169571841)
2024,CORTE SELETIVO,C51L41,POINT (-61.13968745781894 -8.248332100032776)
2024,CORTE SELETIVO,C51L41,POINT (-61.13705802122376 -8.247969530951094)
2024,CORTE SELETIVO,C51L41,POINT (-61.140250559462174 -8.247648393209738)
2024,CORTE SELETIVO,C51L41,POINT (-61.13952773658218 -8.247570319024199)
2024,CORTE SELETIVO,C51L41,POINT (-61.14004634076811 -8.247439317141644)
2024,CORTE SELETIVO,C51L41,POINT (-61.140441415567196 -8.247345985232283)
2024,CORTE SELETIVO,C51L41,POINT (-61.13824919086241 -8.24735408958286)
2024,CORTE SELETIVO,C51L41,POINT (-61.13284820115986 -8.247493717493219)
2024,CORTE SELETIVO,C51L41,POINT (-61.140552697176815 -8.247251452063095)
2024,CORTE SELETIVO,C51L41,POINT (-61.13875337566915 -8.24724691733885)
2024,CORTE SELETIVO,C51L41,POINT (-61.13835338201451 -8.247102749187013)
2024,CORTE SELETIVO,C51L41,POINT (-61.140452069494884 -8.247050926465363)
2024,CORTE SELETIVO,C51L41,POINT (-61.13951790786238 -8.246904116766352)
2024,CORTE SELETIVO,C51L41,POINT (-61.14035425107894 -8.246756907317794)
2024,CORTE SELETIVO,C51L41,POINT (-61.13274589651316 -8.246696454374462)
2024,CORTE SELETIVO,C51L41,POINT (-61.14266743198552 -8.247479006669648)
2024,CORTE SELETIVO,C51L41,POINT (-61.13610073012421 -8.2470652158278)
2024,CORTE SELETIVO,C51L41,POINT (-61.13514768683353 -8.246452215212296)
2024,CORTE SELETIVO,C51L41,POINT (-61.1341512056752 -8.246270112347645)
2024,CORTE SELETIVO,C51L41,POINT (-61.133851338202795 -8.246320986828033)
2024,CORTE SELETIVO,C51L41,POINT (-61.13404641755838 -8.246146107523481)
2024,CORTE SELETIVO,C51L41,POINT (-61.13534686999446 -8.245824024655478)
2024,CORTE SELETIVO,C51L41,POINT (-61.139030142402 -8.245846282969012)
2024,CORTE SELETIVO,C51L41,POINT (-61.14254506475469 -8.245809291153774)
2024,CORTE SELETIVO,C51L41,POINT (-61.13654054356321 -8.245742700157235)
2024,CORTE SELETIVO,C51L41,POINT (-61.1341378011339 -8.24538365476858)
2024,CORTE SELETIVO,C51L41,POINT (-61.142269802360644 -8.245609089068456)
2024,CORTE SELETIVO,C51L41,POINT (-61.136973480788015 -8.245553168658954)
2024,CORTE SELETIVO,C51L41,POINT (-61.142549734274574 -8.24554750788149)
2024,CORTE SELETIVO,C51L41,POINT (-61.141447443769714 -8.24527413353841)
2024,CORTE SELETIVO,C51L41,POINT (-61.14160980911163 -8.245139781811043)
2024,CORTE SELETIVO,C51L41,POINT (-61.140650223171065 -8.244853528133852)
2024,CORTE SELETIVO,C51L41,POINT (-61.13384070016343 -8.244948439063121)
2024,CORTE SELETIVO,C51L41,POINT (-61.14105049219506 -8.24494907881731)
2024,CORTE SELETIVO,C51L41,POINT (-61.1372500866145 -8.244845842959354)
2024,CORTE SELETIVO,C51L41,POINT (-61.135776126802 -8.244754358447908)
2024,CORTE SELETIVO,C51L41,POINT (-61.13800586578692 -8.244950231302036)
2024,CORTE SELETIVO,C51L41,POINT (-61.13915845496866 -8.24488073450682)
2024,CORTE SELETIVO,C51L41,POINT (-61.13383145796384 -8.244748836216026)
2024,CORTE SELETIVO,C51L41,POINT (-61.13975351080684 -8.244748547180624)
2024,CORTE SELETIVO,C51L41,POINT (-61.14324911219253 -8.244519535900372)
2024,CORTE SELETIVO,C51L41,POINT (-61.14153805458654 -8.24472409357273)
2024,CORTE SELETIVO,C51L41,POINT (-61.1398715117473 -8.244580388970677)
2024,CORTE SELETIVO,C51L41,POINT (-61.1344928464599 -8.244501587329413)
2024,CORTE SELETIVO,C51L41,POINT (-61.137232143088944 -8.244452666313094)
2024,CORTE SELETIVO,C51L41,POINT (-61.141659631639165 -8.24404906703703)
2024,CORTE SELETIVO,C51L41,POINT (-61.137074298699254 -8.244251100984673)
2024,CORTE SELETIVO,C51L41,POINT (-61.13424616271143 -8.244252171409329)
2024,CORTE SELETIVO,C51L41,POINT (-61.14142092652116 -8.243646429098538)
2024,CORTE SELETIVO,C51L41,POINT (-61.13954820034273 -8.243448269203299)
2024,CORTE SELETIVO,C51L41,POINT (-61.1404771994875 -8.243445474790366)
2024,CORTE SELETIVO,C51L41,POINT (-61.137565773957135 -8.243284250475043)
2024,CORTE SELETIVO,C51L41,POINT (-61.139648055128895 -8.2432478747822)
2024,CORTE SELETIVO,C51L41,POINT (-61.13841538830586 -8.243337793459583)
2024,CORTE SELETIVO,C51L41,POINT (-61.14250547511573 -8.2427646015937)
2024,CORTE SELETIVO,C51L41,POINT (-61.13715734933086 -8.24298213362046)
2024,CORTE SELETIVO,C51L41,POINT (-61.14034638163881 -8.242846631183623)
2024,CORTE SELETIVO,C51L41,POINT (-61.140449843486444 -8.242648408161408)
2024,CORTE SELETIVO,C51L41,POINT (-61.14174726370367 -8.24254876350692)
2024,CORTE SELETIVO,C51L41,POINT (-61.14005215237701 -8.242343784321852)
2024,CORTE SELETIVO,C51L41,POINT (-61.14050907555048 -8.241511877021294)
2024,CORTE SELETIVO,C51L41,POINT (-61.13474879989773 -8.24164939063787)
2024,CORTE SELETIVO,C51L41,POINT (-61.13537657968374 -8.24124915093599)
2024,CORTE SELETIVO,C51L41,POINT (-61.13759873493491 -8.241304586381291)
2024,CORTE SELETIVO,C51L41,POINT (-61.13585283038848 -8.241349764474506)
2024,CORTE SELETIVO,C51L41,POINT (-61.14193099082833 -8.241095222948067)
2024,CORTE SELETIVO,C51L41,POINT (-61.13975345544872 -8.241106504219438)
2024,CORTE SELETIVO,C51L41,POINT (-61.14121357426642 -8.100047277648661)
2024,CORTE SELETIVO,C51L41,POINT (-61.14121186614345 -8.09914565714196)
2024,CORTE SELETIVO,C51L41,POINT (-61.14104964273343 -8.0990478518328)
2024,CORTE SELETIVO,C51L41,POINT (-61.1416627222987 -8.098571396692943)
2024,CORTE SELETIVO,C51L41,POINT (-61.14281896471312 -8.098509437603616)
2024,CORTE SELETIVO,C51L41,POINT (-61.12194551609315 -8.23404751512854)
2024,CORTE SELETIVO,C51L41,POINT (-61.12204584633509 -8.23394804671238)
2024,CORTE SELETIVO,C51L41,POINT (-61.12195385860609 -8.23323806253727)
2024,CORTE SELETIVO,C51L41,POINT (-61.1222340005974 -8.233140706568198)
2024,CORTE SELETIVO,C51L41,POINT (-61.12199009753809 -8.232584262429716)
2024,CORTE SELETIVO,C51L41,POINT (-61.122910747696125 -8.23254742873818)
2024,CORTE SELETIVO,C51L41,POINT (-61.12224458991792 -8.232349661835462)
2024,CORTE SELETIVO,C51L41,POINT (-61.1221787931651 -8.231691414384684)
2024,CORTE SELETIVO,C51L41,POINT (-61.12275574818848 -8.231333112879355)
2024,CORTE SELETIVO,C51L41,POINT (-61.12315153039042 -8.23113393174208)
2024,CORTE SELETIVO,C51L41,POINT (-61.12205434081951 -8.230945288789666)
2024,CORTE SELETIVO,C51L41,POINT (-61.12350598802358 -8.230931234208718)
2024,CORTE SELETIVO,C51L41,POINT (-61.12354818168974 -8.230648715246065)
2024,CORTE SELETIVO,C51L41,POINT (-61.123048166748816 -8.229783071975067)
2024,CORTE SELETIVO,C51L41,POINT (-61.12408641995712 -8.22862093354333)
2024,CORTE SELETIVO,C51L41,POINT (-61.124646281002235 -8.2281533697085)
2024,CORTE SELETIVO,C51L41,POINT (-61.12354883033741 -8.227752354393811)
2024,CORTE SELETIVO,C51L41,POINT (-61.12380146895226 -8.227591543935446)
2024,CORTE SELETIVO,C51L41,POINT (-61.12263243407573 -8.22754439272711)
2024,CORTE SELETIVO,C51L41,POINT (-61.12465110284439 -8.227270858784488)
2024,CORTE SELETIVO,C51L41,POINT (-61.123151470741185 -8.227328925133067)
2024,CORTE SELETIVO,C51L41,POINT (-61.12225093525313 -8.227254210623268)
2024,CORTE SELETIVO,C51L41,POINT (-61.12285237481576 -8.22705332959177)
2024,CORTE SELETIVO,C51L41,POINT (-61.124647601773354 -8.22694947789859)
2024,CORTE SELETIVO,C51L41,POINT (-61.125256361114886 -8.226846492973108)
2024,CORTE SELETIVO,C51L41,POINT (-61.12434588782915 -8.226846983719305)
2024,CORTE SELETIVO,C51L41,POINT (-61.12402747161781 -8.226555474094532)
2024,CORTE SELETIVO,C51L41,POINT (-61.124547398633084 -8.226549821947605)
2024,CORTE SELETIVO,C51L41,POINT (-61.12465137511478 -8.226245918405315)
2024,CORTE SELETIVO,C51L41,POINT (-61.12445452344764 -8.226147114540554)
2024,CORTE SELETIVO,C51L41,POINT (-61.123649492861546 -8.226085737444842)
2024,CORTE SELETIVO,C51L41,POINT (-61.123851015613674 -8.225848118631442)
2024,CORTE SELETIVO,C51L41,POINT (-61.122033973407426 -8.22657400870924)
2024,CORTE SELETIVO,C51L41,POINT (-61.125054856333456 -8.225718766787002)
2024,CORTE SELETIVO,C51L41,POINT (-61.12238351022678 -8.225353453766319)
2024,CORTE SELETIVO,C51L41,POINT (-61.12495462199403 -8.225009618986803)
2024,CORTE SELETIVO,C51L41,POINT (-61.12254743244404 -8.22504663186488)
2024,CORTE SELETIVO,C51L41,POINT (-61.12494537504003 -8.224697785702011)
2024,CORTE SELETIVO,C51L41,POINT (-61.124345172212834 -8.224710681771993)
2024,CORTE SELETIVO,C51L41,POINT (-61.125052067358666 -8.22444996562335)
2024,CORTE SELETIVO,C51L41,POINT (-61.12440918555125 -8.224349116868463)
2024,CORTE SELETIVO,C51L41,POINT (-61.12395112130207 -8.224153470516132)
2024,CORTE SELETIVO,C51L41,POINT (-61.12264926649284 -8.223847651936047)
2024,CORTE SELETIVO,C51L41,POINT (-61.123154355025044 -8.223809620727138)
2024,CORTE SELETIVO,C51L41,POINT (-61.126793924872 -8.223385321712712)
2024,CORTE SELETIVO,C51L41,POINT (-61.12304840860201 -8.223447459485225)
2024,CORTE SELETIVO,C51L41,POINT (-61.1271481746541 -8.223248458997762)
2024,CORTE SELETIVO,C51L41,POINT (-61.127450497147535 -8.223254089817736)
2024,CORTE SELETIVO,C51L41,POINT (-61.127251979226656 -8.223147968204474)
2024,CORTE SELETIVO,C51L41,POINT (-61.12434998676216 -8.223011708994157)
2024,CORTE SELETIVO,C51L41,POINT (-61.12637399576089 -8.222791040021725)
2024,CORTE SELETIVO,C51L41,POINT (-61.1255271854193 -8.223050231953295)
2024,CORTE SELETIVO,C51L41,POINT (-61.12277636045479 -8.22295065417137)
2024,CORTE SELETIVO,C51L41,POINT (-61.12490508578158 -8.2229495683811)
2024,CORTE SELETIVO,C51L41,POINT (-61.125354483850906 -8.222750951594472)
2024,CORTE SELETIVO,C51L41,POINT (-61.12754904081782 -8.22274870879221)
2024,CORTE SELETIVO,C51L41,POINT (-61.12280692418307 -8.22275390663365)
2024,CORTE SELETIVO,C51L41,POINT (-61.12747253453518 -8.222352082794945)
2024,CORTE SELETIVO,C51L41,POINT (-61.12460660997457 -8.22241252676713)
2024,CORTE SELETIVO,C51L41,POINT (-61.1256880041565 -8.2224370737396)
2024,CORTE SELETIVO,C51L41,POINT (-61.124913792621236 -8.222251310018645)
2024,CORTE SELETIVO,C51L41,POINT (-61.12715211811809 -8.22225283006818)
2024,CORTE SELETIVO,C51L41,POINT (-61.125050180485395 -8.22215429838445)
2024,CORTE SELETIVO,C51L41,POINT (-61.127535477010014 -8.222029562007688)
2024,CORTE SELETIVO,C51L41,POINT (-61.12354671746976 -8.22194562643495)
2024,CORTE SELETIVO,C51L41,POINT (-61.12404958017332 -8.221918055959547)
2024,CORTE SELETIVO,C51L41,POINT (-61.12775310715707 -8.221865046210963)
2024,CORTE SELETIVO,C51L41,POINT (-61.127289258692734 -8.22155313791785)
2024,CORTE SELETIVO,C51L41,POINT (-61.12345196452071 -8.221651717148049)
2024,CORTE SELETIVO,C51L41,POINT (-61.12794845310681 -8.220827661950835)
2024,CORTE SELETIVO,C51L41,POINT (-61.12815339757207 -8.220790545269525)
2024,CORTE SELETIVO,C51L41,POINT (-61.12438280691404 -8.220629885146414)
2024,CORTE SELETIVO,C51L41,POINT (-61.12374636281192 -8.220510250606345)
2024,CORTE SELETIVO,C51L41,POINT (-61.12295048504715 -8.220561449762029)
2024,CORTE SELETIVO,C51L41,POINT (-61.12814832187246 -8.220449942452777)
2024,CORTE SELETIVO,C51L41,POINT (-61.124553319307516 -8.220448764880695)
2024,CORTE SELETIVO,C51L41,POINT (-61.12571529510684 -8.220407647945967)
2024,CORTE SELETIVO,C51L41,POINT (-61.124953245118654 -8.220348116500556)
2024,CORTE SELETIVO,C51L41,POINT (-61.12279536785287 -8.220252051329732)
2024,CORTE SELETIVO,C51L41,POINT (-61.12335370038639 -8.220161245701586)
2024,CORTE SELETIVO,C51L41,POINT (-61.12655672821902 -8.220300035046577)
2024,CORTE SELETIVO,C51L41,POINT (-61.122951618166695 -8.220151119988799)
2024,CORTE SELETIVO,C51L41,POINT (-61.12368485504111 -8.220047329090274)
2024,CORTE SELETIVO,C51L41,POINT (-61.12274617109757 -8.220051280871997)
2024,CORTE SELETIVO,C51L41,POINT (-61.1250494263693 -8.219989509074141)
2024,CORTE SELETIVO,C51L41,POINT (-61.12414885965339 -8.219887017296008)
2024,CORTE SELETIVO,C51L41,POINT (-61.12205285438514 -8.219873777526225)
2024,CORTE SELETIVO,C51L41,POINT (-61.12304396642687 -8.219537512680947)
2024,CORTE SELETIVO,C51L41,POINT (-61.12601122861702 -8.219556022277594)
2024,CORTE SELETIVO,C51L41,POINT (-61.123246953849915 -8.219449769486094)
2024,CORTE SELETIVO,C51L41,POINT (-61.12455251748404 -8.219320965731912)
2024,CORTE SELETIVO,C51L41,POINT (-61.12320653066929 -8.219247364335265)
2024,CORTE SELETIVO,C51L41,POINT (-61.12893303710278 -8.218774896472887)
2024,CORTE SELETIVO,C51L41,POINT (-61.12864840573844 -8.218551928922794)
2024,CORTE SELETIVO,C51L41,POINT (-61.129146298373286 -8.218553856385805)
2024,CORTE SELETIVO,C51L41,POINT (-61.12695040220435 -8.218436608056479)
2024,CORTE SELETIVO,C51L41,POINT (-61.12378999604415 -8.218513886915774)
2024,CORTE SELETIVO,C51L41,POINT (-61.128346791301844 -8.218454590795844)
2024,CORTE SELETIVO,C51L41,POINT (-61.124853259227976 -8.218446652700107)
2024,CORTE SELETIVO,C51L41,POINT (-61.12430809077256 -8.2182285844457)
2024,CORTE SELETIVO,C51L41,POINT (-61.12545285336198 -8.218345396630163)
2024,CORTE SELETIVO,C51L41,POINT (-61.12794661354958 -8.218247452164963)
2024,CORTE SELETIVO,C51L41,POINT (-61.12468157171282 -8.218249429199025)
2024,CORTE SELETIVO,C51L41,POINT (-61.12523422108684 -8.21806921062907)
2024,CORTE SELETIVO,C51L41,POINT (-61.12747165259373 -8.21816019145668)
2024,CORTE SELETIVO,C51L41,POINT (-61.12774618079327 -8.218150780121235)
2024,CORTE SELETIVO,C51L41,POINT (-61.12279468682724 -8.218008431469464)
2024,CORTE SELETIVO,C51L41,POINT (-61.1230558006961 -8.217845809464144)
2024,CORTE SELETIVO,C51L41,POINT (-61.124349012797786 -8.217946177149386)
2024,CORTE SELETIVO,C51L41,POINT (-61.125701284055495 -8.21784964842268)
2024,CORTE SELETIVO,C51L41,POINT (-61.12696114145598 -8.217787661665575)
2024,CORTE SELETIVO,C51L41,POINT (-61.12535154910468 -8.217849094244873)
2024,CORTE SELETIVO,C51L41,POINT (-61.12631573038593 -8.217644736979466)
2024,CORTE SELETIVO,C51L41,POINT (-61.12414745501271 -8.217555951630777)
2024,CORTE SELETIVO,C51L41,POINT (-61.124790209330556 -8.217319006763152)
2024,CORTE SELETIVO,C51L41,POINT (-61.12304816662751 -8.21714615737737)
2024,CORTE SELETIVO,C51L41,POINT (-61.123158735636274 -8.216950099722908)
2024,CORTE SELETIVO,C51L41,POINT (-61.12256177752807 -8.217030683994844)
2024,CORTE SELETIVO,C51L41,POINT (-61.12354770767576 -8.216845684835818)
2024,CORTE SELETIVO,C51L41,POINT (-61.122444842434064 -8.216853618231543)
2024,CORTE SELETIVO,C51L41,POINT (-61.123442654058906 -8.216749964171191)
2024,CORTE SELETIVO,C51L41,POINT (-61.12416809876368 -8.216748972896866)
2024,CORTE SELETIVO,C51L41,POINT (-61.12305279973207 -8.21676994171231)
2024,CORTE SELETIVO,C51L41,POINT (-61.11835392722379 -8.24234951152407)
2024,CORTE SELETIVO,C51L41,POINT (-61.11814550496847 -8.242054691536172)
2024,CORTE SELETIVO,C51L41,POINT (-61.11825174837072 -8.241888549741612)
2024,CORTE SELETIVO,C51L41,POINT (-61.11858850900918 -8.241670925618045)
2024,CORTE SELETIVO,C51L41,POINT (-61.1180383976444 -8.241546270718215)
2024,CORTE SELETIVO,C51L41,POINT (-61.11831893070651 -8.241547370404511)
2024,CORTE SELETIVO,C51L41,POINT (-61.11775008630267 -8.240448197339903)
2024,CORTE SELETIVO,C51L41,POINT (-61.11774794634954 -8.239746097670055)
2024,CORTE SELETIVO,C51L41,POINT (-61.11796077982593 -8.239748626174935)
2024,CORTE SELETIVO,C51L41,POINT (-61.117853454849914 -8.239652712255015)
2024,CORTE SELETIVO,C51L41,POINT (-61.11825141191919 -8.239653827542005)
2024,CORTE SELETIVO,C51L41,POINT (-61.118033868799984 -8.2393807085177)
2024,CORTE SELETIVO,C51L41,POINT (-61.119989224523316 -8.238311464304802)
2024,CORTE SELETIVO,C51L41,POINT (-61.117965141468865 -8.237876361963318)
2024,CORTE SELETIVO,C51L41,POINT (-61.11814942888754 -8.237753597158566)
2024,CORTE SELETIVO,C51L41,POINT (-61.119846548986516 -8.236334567204253)
2024,CORTE SELETIVO,C51L41,POINT (-61.117822343231595 -8.236256912164215)
2024,CORTE SELETIVO,C51L41,POINT (-61.1195466770838 -8.235948019135574)
2024,CORTE SELETIVO,C51L41,POINT (-61.12110818361909 -8.235947531137146)
2024,CORTE SELETIVO,C51L41,POINT (-61.12055232922223 -8.235905820288902)
2024,CORTE SELETIVO,C51L41,POINT (-61.12013500545773 -8.235783949355943)
2024,CORTE SELETIVO,C51L41,POINT (-61.11955160852101 -8.235673066738615)
2024,CORTE SELETIVO,C51L41,POINT (-61.119650611713325 -8.235546168503914)
2024,CORTE SELETIVO,C51L41,POINT (-61.121053249967574 -8.235551504660027)
2024,CORTE SELETIVO,C51L41,POINT (-61.11805887700432 -8.23525845106018)
2024,CORTE SELETIVO,C51L41,POINT (-61.121154439042975 -8.235350971817399)
2024,CORTE SELETIVO,C51L41,POINT (-61.12094053034836 -8.235245432315148)
2024,CORTE SELETIVO,C51L41,POINT (-61.12134833245553 -8.235165743957564)
2024,CORTE SELETIVO,C51L41,POINT (-61.11784821913285 -8.23494692295405)
2024,CORTE SELETIVO,C51L41,POINT (-61.118650516431224 -8.234853542512726)
2024,CORTE SELETIVO,C51L41,POINT (-61.12065052930575 -8.234214996371943)
2024,CORTE SELETIVO,C51L41,POINT (-61.12085388900627 -8.233809431330224)
2024,CORTE SELETIVO,C51L41,POINT (-61.12106791150524 -8.233846192405693)
2024,CORTE SELETIVO,C51L41,POINT (-61.119450410153675 -8.233751123768831)
2024,CORTE SELETIVO,C51L41,POINT (-61.11774726782036 -8.232849751511834)
2024,CORTE SELETIVO,C51L41,POINT (-61.117834379056625 -8.232473301714554)
2024,CORTE SELETIVO,C51L41,POINT (-61.12149300911754 -8.2324286230277)
2024,CORTE SELETIVO,C51L41,POINT (-61.118850683335324 -8.231347971699613)
2024,CORTE SELETIVO,C51L41,POINT (-61.121753903164 -8.231137869747306)
2024,CORTE SELETIVO,C51L41,POINT (-61.12179350044204 -8.230533256820307)
2024,CORTE SELETIVO,C51L41,POINT (-61.117986676482076 -8.230546025960782)
2024,CORTE SELETIVO,C51L41,POINT (-61.11788848943425 -8.230353917420066)
2024,CORTE SELETIVO,C51L41,POINT (-61.11939639954377 -8.230252115950725)
2024,CORTE SELETIVO,C51L41,POINT (-61.11805275366701 -8.230250037746158)
2024,CORTE SELETIVO,C51L41,POINT (-61.11764624205318 -8.230227465424731)
2024,CORTE SELETIVO,C51L41,POINT (-61.12156605403823 -8.230025404508408)
2024,CORTE SELETIVO,C51L41,POINT (-61.12090465758317 -8.229752873614945)
2024,CORTE SELETIVO,C51L41,POINT (-61.121050389437805 -8.229653518670153)
2024,CORTE SELETIVO,C51L41,POINT (-61.12134897234946 -8.229646395761542)
2024,CORTE SELETIVO,C51L41,POINT (-61.12085110625718 -8.229549997217596)
2024,CORTE SELETIVO,C51L41,POINT (-61.121347045650424 -8.229399433818337)
2024,CORTE SELETIVO,C51L41,POINT (-61.12144925582646 -8.229251364423664)
2024,CORTE SELETIVO,C51L41,POINT (-61.12101849267255 -8.229326253438972)
2024,CORTE SELETIVO,C51L41,POINT (-61.11950537991828 -8.228547902077397)
2024,CORTE SELETIVO,C51L41,POINT (-61.12148320574301 -8.227087634345702)
2024,CORTE SELETIVO,C51L41,POINT (-61.11767961274949 -8.227149567123112)
2024,CORTE SELETIVO,C51L41,POINT (-61.12164855668753 -8.226851588768707)
2024,CORTE SELETIVO,C51L41,POINT (-61.121047155820726 -8.226684739944039)
2024,CORTE SELETIVO,C51L41,POINT (-61.12175073954732 -8.226252965760818)
2024,CORTE SELETIVO,C51L41,POINT (-61.121529003784 -8.226246759631085)
2024,CORTE SELETIVO,C51L41,POINT (-61.11845078988126 -8.226045392913159)
2024,CORTE SELETIVO,C51L41,POINT (-61.12135347661592 -8.226052740694303)
2024,CORTE SELETIVO,C51L41,POINT (-61.12172263599794 -8.225744603922413)
2024,CORTE SELETIVO,C51L41,POINT (-61.12164642939976 -8.225103529642787)
2024,CORTE SELETIVO,C51L41,POINT (-61.12085764452747 -8.224578541844405)
2024,CORTE SELETIVO,C51L41,POINT (-61.11914561329682 -8.224453480569052)
2024,CORTE SELETIVO,C51L41,POINT (-61.1207527307005 -8.224451725288686)
2024,CORTE SELETIVO,C51L41,POINT (-61.12062771309822 -8.224248257383193)
2024,CORTE SELETIVO,C51L41,POINT (-61.118148128440154 -8.223071535480985)
2024,CORTE SELETIVO,C51L41,POINT (-61.119136022292274 -8.222849472596018)
2024,CORTE SELETIVO,C51L41,POINT (-61.11785360735871 -8.222760555589455)
2024,CORTE SELETIVO,C51L41,POINT (-61.11925151677167 -8.222751032743387)
2024,CORTE SELETIVO,C51L41,POINT (-61.11915036198528 -8.222618567105137)
2024,CORTE SELETIVO,C51L41,POINT (-61.11805290979848 -8.222553034036576)
2024,CORTE SELETIVO,C51L41,POINT (-61.11856591225195 -8.222150212520427)
2024,CORTE SELETIVO,C51L41,POINT (-61.11934474092866 -8.222053396698687)
2024,CORTE SELETIVO,C51L41,POINT (-61.11775337249705 -8.221953002898632)
2024,CORTE SELETIVO,C51L41,POINT (-61.11895040030917 -8.221795474707605)
2024,CORTE SELETIVO,C51L41,POINT (-61.1191894294174 -8.22164884326117)
2024,CORTE SELETIVO,C51L41,POINT (-61.11809610619294 -8.221661662010106)
2024,CORTE SELETIVO,C51L41,POINT (-61.11763228727118 -8.221086891441239)
2024,CORTE SELETIVO,C51L41,POINT (-61.11825073149932 -8.22045256863417)
2024,CORTE SELETIVO,C51L41,POINT (-61.117947645403206 -8.220422599761825)
2024,CORTE SELETIVO,C51L41,POINT (-61.12128387460681 -8.220352481419875)
2024,CORTE SELETIVO,C51L41,POINT (-61.118167425626744 -8.220247191786514)
2024,CORTE SELETIVO,C51L41,POINT (-61.121653209828914 -8.22004834714786)
2024,CORTE SELETIVO,C51L41,POINT (-61.11774993883098 -8.219746641264294)
2024,CORTE SELETIVO,C51L41,POINT (-61.12130334560069 -8.219647508632049)
2024,CORTE SELETIVO,C51L41,POINT (-61.11943638448476 -8.21925265579482)
2024,CORTE SELETIVO,C51L41,POINT (-61.12155130109065 -8.219150607887448)
2024,CORTE SELETIVO,C51L41,POINT (-61.11786749850363 -8.21905216205639)
2024,CORTE SELETIVO,C51L41,POINT (-61.118325345585504 -8.218737919608456)
2024,CORTE SELETIVO,C51L41,POINT (-61.121553739290434 -8.218649926413816)
2024,CORTE SELETIVO,C51L41,POINT (-61.11884858092003 -8.218405812740158)
2024,CORTE SELETIVO,C51L41,POINT (-61.12102623676613 -8.217863387913333)
2024,CORTE SELETIVO,C51L41,POINT (-61.118250170690224 -8.218147111403114)
2024,CORTE SELETIVO,C51L41,POINT (-61.11815236405482 -8.218052776441267)
2024,CORTE SELETIVO,C51L41,POINT (-61.11922689882597 -8.218053158312847)
2024,CORTE SELETIVO,C51L41,POINT (-61.119653379262004 -8.217448200636642)
2024,CORTE SELETIVO,C51L41,POINT (-61.11826326704718 -8.217452075548378)
2024,CORTE SELETIVO,C51L41,POINT (-61.119545820386804 -8.217350776756156)
2024,CORTE SELETIVO,C51L41,POINT (-61.11914878154166 -8.21725154329662)
2024,CORTE SELETIVO,C51L41,POINT (-61.118447507899106 -8.217150364489791)
2024,CORTE SELETIVO,C51L41,POINT (-61.11948705142808 -8.21701593468684)
2024,CORTE SELETIVO,C51L41,POINT (-61.11854540717932 -8.216850867793916)
2024,CORTE SELETIVO,C51L41,POINT (-61.12094628829721 -8.21685083009734)
2024,CORTE SELETIVO,C51L41,POINT (-61.12185422774429 -8.216812743142578)
2024,CORTE SELETIVO,C51L41,POINT (-61.12145391960548 -8.216826537714342)
2024,CORTE SELETIVO,C51L41,POINT (-61.121047502812395 -8.216711988942171)
2024,CORTE SELETIVO,C51L41,POINT (-61.12135128769462 -8.2166530366821)
2024,CORTE SELETIVO,C51L41,POINT (-61.12085171307889 -8.216483635214576)
2024,CORTE SELETIVO,C51L41,POINT (-61.11989319162712 -8.216247689436372)
2024,CORTE SELETIVO,C51L41,POINT (-61.11877078945916 -8.216157045210585)
2024,CORTE SELETIVO,C51L41,POINT (-61.119045392050126 -8.216001147909722)
2024,CORTE SELETIVO,C51L41,POINT (-61.1205655028454 -8.216109746091977)
2024,CORTE SELETIVO,C51L41,POINT (-61.11960013557608 -8.215650875224668)
2024,CORTE SELETIVO,C51L41,POINT (-61.119750280894245 -8.215553569679894)
2024,CORTE SELETIVO,C51L41,POINT (-61.1192369878326 -8.215252820470372)
2024,CORTE SELETIVO,C51L41,POINT (-61.1161523718077 -8.247349623487715)
2024,CORTE SELETIVO,C51L41,POINT (-61.11567736811231 -8.24732304798795)
2024,CORTE SELETIVO,C51L41,POINT (-61.11561148836638 -8.246953879862543)
2024,CORTE SELETIVO,C51L41,POINT (-61.114562842227556 -8.24695975024259)
2024,CORTE SELETIVO,C51L41,POINT (-61.115849379714824 -8.247045933572482)
2024,CORTE SELETIVO,C51L41,POINT (-61.116348020540876 -8.247052707207978)
2024,CORTE SELETIVO,C51L41,POINT (-61.11429113549267 -8.246846419497379)
2024,CORTE SELETIVO,C51L41,POINT (-61.11460460907869 -8.246747010935353)
2024,CORTE SELETIVO,C51L41,POINT (-61.11405163791887 -8.246653248229332)
2024,CORTE SELETIVO,C51L41,POINT (-61.11605274629539 -8.24664819289626)
2024,CORTE SELETIVO,C51L41,POINT (-61.11415150565179 -8.246454078518864)
2024,CORTE SELETIVO,C51L41,POINT (-61.11475042341102 -8.246454436224848)
2024,CORTE SELETIVO,C51L41,POINT (-61.11493856529082 -8.24635303528557)
2024,CORTE SELETIVO,C51L41,POINT (-61.113950680886234 -8.246101781253099)
2024,CORTE SELETIVO,C51L41,POINT (-61.11425159787598 -8.245519591606378)
2024,CORTE SELETIVO,C51L41,POINT (-61.11434668938791 -8.245307018100558)
2024,CORTE SELETIVO,C51L41,POINT (-61.1141529332796 -8.245322789693668)
2024,CORTE SELETIVO,C51L41,POINT (-61.11424581232778 -8.245148829658838)
2024,CORTE SELETIVO,C51L41,POINT (-61.117411491558954 -8.244749461351597)
2024,CORTE SELETIVO,C51L41,POINT (-61.11494642801198 -8.244749524902412)
2024,CORTE SELETIVO,C51L41,POINT (-61.112449747776616 -8.244578604690691)
2024,CORTE SELETIVO,C51L41,POINT (-61.11345487271827 -8.244180347225884)
2024,CORTE SELETIVO,C51L41,POINT (-61.11415227262745 -8.244247046585418)
2024,CORTE SELETIVO,C51L41,POINT (-61.114345818103914 -8.244156829487045)
2024,CORTE SELETIVO,C51L41,POINT (-61.1140069994099 -8.243948690631994)
2024,CORTE SELETIVO,C51L41,POINT (-61.11434905207076 -8.24394677709023)
2024,CORTE SELETIVO,C51L41,POINT (-61.11324908207017 -8.243746466652047)
2024,CORTE SELETIVO,C51L41,POINT (-61.114147122152005 -8.243754369620644)
2024,CORTE SELETIVO,C51L41,POINT (-61.11357977400968 -8.24374849114078)
2024,CORTE SELETIVO,C51L41,POINT (-61.113369165923324 -8.243547337026008)
2024,CORTE SELETIVO,C51L41,POINT (-61.113152753415314 -8.24225285534246)
2024,CORTE SELETIVO,C51L41,POINT (-61.1155942934218 -8.241183441629707)
2024,CORTE SELETIVO,C51L41,POINT (-61.11375454378576 -8.240848849848625)
2024,CORTE SELETIVO,C51L41,POINT (-61.11394581931275 -8.240448296231639)
2024,CORTE SELETIVO,C51L41,POINT (-61.11574841702319 -8.240452126139253)
2024,CORTE SELETIVO,C51L41,POINT (-61.11635311190374 -8.240292957245575)
2024,CORTE SELETIVO,C51L41,POINT (-61.1162495674763 -8.239552534912269)
2024,CORTE SELETIVO,C51L41,POINT (-61.11434574702275 -8.239547117304848)
2024,CORTE SELETIVO,C51L41,POINT (-61.11634645380839 -8.239449950002998)
2024,CORTE SELETIVO,C51L41,POINT (-61.11524546398701 -8.239449097091569)
2024,CORTE SELETIVO,C51L41,POINT (-61.11604622998073 -8.23944329269166)
2024,CORTE SELETIVO,C51L41,POINT (-61.11755319102135 -8.23912973817234)
2024,CORTE SELETIVO,C51L41,POINT (-61.112460782940936 -8.239157108527479)
2024,CORTE SELETIVO,C51L41,POINT (-61.115138876713615 -8.239168160378606)
2024,CORTE SELETIVO,C51L41,POINT (-61.114354294306956 -8.239246155275971)
2024,CORTE SELETIVO,C51L41,POINT (-61.11478192537507 -8.23904533432892)
2024,CORTE SELETIVO,C51L41,POINT (-61.114505035202114 -8.239151627379247)
2024,CORTE SELETIVO,C51L41,POINT (-61.115251401295794 -8.239004042333281)
2024,CORTE SELETIVO,C51L41,POINT (-61.11595220637812 -8.238751908592562)
2024,CORTE SELETIVO,C51L41,POINT (-61.115557777984286 -8.238582054503174)
2024,CORTE SELETIVO,C51L41,POINT (-61.11524619453553 -8.238453091625255)
2024,CORTE SELETIVO,C51L41,POINT (-61.11255280298966 -8.238260234378494)
2024,CORTE SELETIVO,C51L41,POINT (-61.11264929762124 -8.238154005928635)
2024,CORTE SELETIVO,C51L41,POINT (-61.113049639104126 -8.23788058506268)
2024,CORTE SELETIVO,C51L41,POINT (-61.1138480898554 -8.237831375432817)
2024,CORTE SELETIVO,C51L41,POINT (-61.1141551318516 -8.237681991577292)
2024,CORTE SELETIVO,C51L41,POINT (-61.1154535861172 -8.2371231371604)
2024,CORTE SELETIVO,C51L41,POINT (-61.115651352911364 -8.237047582240152)
2024,CORTE SELETIVO,C51L41,POINT (-61.11738173610313 -8.236358077143079)
2024,CORTE SELETIVO,C51L41,POINT (-61.116151831340936 -8.236147704702319)
2024,CORTE SELETIVO,C51L41,POINT (-61.11624905671426 -8.236053568884193)
2024,CORTE SELETIVO,C51L41,POINT (-61.11244916664125 -8.235851807854717)
2024,CORTE SELETIVO,C51L41,POINT (-61.11745162558483 -8.235445247450794)
2024,CORTE SELETIVO,C51L41,POINT (-61.1124567954046 -8.23506619825318)
2024,CORTE SELETIVO,C51L41,POINT (-61.11588747093856 -8.235052977554291)
2024,CORTE SELETIVO,C51L41,POINT (-61.114146795595545 -8.234968521616173)
2024,CORTE SELETIVO,C51L41,POINT (-61.1122074971147 -8.235066697906953)
2024,CORTE SELETIVO,C51L41,POINT (-61.11662244633868 -8.2348516176415)
2024,CORTE SELETIVO,C51L41,POINT (-61.116216222420896 -8.234849786233983)
2024,CORTE SELETIVO,C51L41,POINT (-61.11425239126694 -8.234847968876213)
2024,CORTE SELETIVO,C51L41,POINT (-61.113653806583116 -8.234808882469856)
2024,CORTE SELETIVO,C51L41,POINT (-61.11355120192642 -8.23459647210862)
2024,CORTE SELETIVO,C51L41,POINT (-61.11602761408696 -8.234652110888147)
2024,CORTE SELETIVO,C51L41,POINT (-61.11375008894427 -8.23449830386092)
2024,CORTE SELETIVO,C51L41,POINT (-61.114051072715284 -8.234548048998876)
2024,CORTE SELETIVO,C51L41,POINT (-61.11441918038957 -8.23427618584184)
2024,CORTE SELETIVO,C51L41,POINT (-61.11258289908778 -8.234282941827171)
2024,CORTE SELETIVO,C51L41,POINT (-61.11549624174656 -8.234726248804488)
2024,CORTE SELETIVO,C51L41,POINT (-61.114950725510305 -8.234351630200363)
2024,CORTE SELETIVO,C51L41,POINT (-61.1134480095659 -8.23434541884913)
2024,CORTE SELETIVO,C51L41,POINT (-61.1135485300653 -8.234254182153979)
2024,CORTE SELETIVO,C51L41,POINT (-61.115552203432436 -8.234053813689439)
2024,CORTE SELETIVO,C51L41,POINT (-61.1131271070564 -8.234001890887573)
2024,CORTE SELETIVO,C51L41,POINT (-61.113603324182336 -8.233748603389497)
2024,CORTE SELETIVO,C51L41,POINT (-61.114364040194175 -8.233649259507054)
2024,CORTE SELETIVO,C51L41,POINT (-61.11505337433898 -8.233658559376297)
2024,CORTE SELETIVO,C51L41,POINT (-61.113848509255085 -8.233647304378206)
2024,CORTE SELETIVO,C51L41,POINT (-61.1123492286385 -8.233612591326375)
2024,CORTE SELETIVO,C51L41,POINT (-61.117252271396616 -8.233548076403835)
2024,CORTE SELETIVO,C51L41,POINT (-61.117354157290464 -8.233451038513582)
2024,CORTE SELETIVO,C51L41,POINT (-61.113349815872425 -8.233447531629912)
2024,CORTE SELETIVO,C51L41,POINT (-61.11459734730768 -8.233352854144064)
2024,CORTE SELETIVO,C51L41,POINT (-61.1156454268318 -8.233433535882455)
2024,CORTE SELETIVO,C51L41,POINT (-61.11365098389082 -8.233444752110472)
2024,CORTE SELETIVO,C51L41,POINT (-61.11417999008188 -8.233156152407263)
2024,CORTE SELETIVO,C51L41,POINT (-61.116148015596 -8.233252182135132)
2024,CORTE SELETIVO,C51L41,POINT (-61.11735439478268 -8.233246445264268)
2024,CORTE SELETIVO,C51L41,POINT (-61.11704667039869 -8.233246203711222)
2024,CORTE SELETIVO,C51L41,POINT (-61.115836617418985 -8.23319776076822)
2024,CORTE SELETIVO,C51L41,POINT (-61.11355342446132 -8.23315444659613)
2024,CORTE SELETIVO,C51L41,POINT (-61.11715362240706 -8.233061424889906)
2024,CORTE SELETIVO,C51L41,POINT (-61.11325803677916 -8.232984564935295)
2024,CORTE SELETIVO,C51L41,POINT (-61.11595090439834 -8.233049262677481)
2024,CORTE SELETIVO,C51L41,POINT (-61.11618175597192 -8.232850616447264)
2024,CORTE SELETIVO,C51L41,POINT (-61.11425090344027 -8.232949963552665)
2024,CORTE SELETIVO,C51L41,POINT (-61.11754951880854 -8.232906594512492)
2024,CORTE SELETIVO,C51L41,POINT (-61.11437104421331 -8.232850928488869)
2024,CORTE SELETIVO,C51L41,POINT (-61.115207195996256 -8.232823955831998)
2024,CORTE SELETIVO,C51L41,POINT (-61.116647109893584 -8.232749413297679)
2024,CORTE SELETIVO,C51L41,POINT (-61.112846938164154 -8.23265262893212)
2024,CORTE SELETIVO,C51L41,POINT (-61.11663926561941 -8.232445807981234)
2024,CORTE SELETIVO,C51L41,POINT (-61.114715708235885 -8.232541222258893)
2024,CORTE SELETIVO,C51L41,POINT (-61.11274860315528 -8.232350285600383)
2024,CORTE SELETIVO,C51L41,POINT (-61.11624684475435 -8.232354755062289)
2024,CORTE SELETIVO,C51L41,POINT (-61.11719264156986 -8.232153843104035)
2024,CORTE SELETIVO,C51L41,POINT (-61.11577504855755 -8.232150362998299)
2024,CORTE SELETIVO,C51L41,POINT (-61.11554739569686 -8.23181928529522)
2024,CORTE SELETIVO,C51L41,POINT (-61.11364811603166 -8.231695703820042)
2024,CORTE SELETIVO,C51L41,POINT (-61.115301339216266 -8.231607837822281)
2024,CORTE SELETIVO,C51L41,POINT (-61.117042615284895 -8.231147965553685)
2024,CORTE SELETIVO,C51L41,POINT (-61.11655328290222 -8.231346585950208)
2024,CORTE SELETIVO,C51L41,POINT (-61.114054114948786 -8.231050467479356)
2024,CORTE SELETIVO,C51L41,POINT (-61.11624173370171 -8.23105040186743)
2024,CORTE SELETIVO,C51L41,POINT (-61.11585436263542 -8.230900830538623)
2024,CORTE SELETIVO,C51L41,POINT (-61.113972185459936 -8.230757951542458)
2024,CORTE SELETIVO,C51L41,POINT (-61.11585015379695 -8.230549997779901)
2024,CORTE SELETIVO,C51L41,POINT (-61.11765244996317 -8.231391676602767)
2024,CORTE SELETIVO,C51L41,POINT (-61.11745287216779 -8.230453792862408)
2024,CORTE SELETIVO,C51L41,POINT (-61.11509172571191 -8.230348995755635)
2024,CORTE SELETIVO,C51L41,POINT (-61.11559549817179 -8.230404856753267)
2024,CORTE SELETIVO,C51L41,POINT (-61.11725276040381 -8.230151023974686)
2024,CORTE SELETIVO,C51L41,POINT (-61.11434932771827 -8.230152404778405)
2024,CORTE SELETIVO,C51L41,POINT (-61.11480718239639 -8.229999031205141)
2024,CORTE SELETIVO,C51L41,POINT (-61.11331427636237 -8.229950677374669)
2024,CORTE SELETIVO,C51L41,POINT (-61.11614465677795 -8.230054501093951)
2024,CORTE SELETIVO,C51L41,POINT (-61.11349950927811 -8.229384458898009)
2024,CORTE SELETIVO,C51L41,POINT (-61.11310768928262 -8.229691269172639)
2024,CORTE SELETIVO,C51L41,POINT (-61.115858625371104 -8.229747161100661)
2024,CORTE SELETIVO,C51L41,POINT (-61.117345881437664 -8.229551585360877)
2024,CORTE SELETIVO,C51L41,POINT (-61.115048908295286 -8.229383392249002)
2024,CORTE SELETIVO,C51L41,POINT (-61.1163498408563 -8.228746057251803)
2024,CORTE SELETIVO,C51L41,POINT (-61.11554908639554 -8.227668085733528)
2024,CORTE SELETIVO,C51L41,POINT (-61.114075930926276 -8.22780969249767)
2024,CORTE SELETIVO,C51L41,POINT (-61.11484455474195 -8.227638639799908)
2024,CORTE SELETIVO,C51L41,POINT (-61.11744889764004 -8.227549771217861)
2024,CORTE SELETIVO,C51L41,POINT (-61.1132511883322 -8.227649403761806)
2024,CORTE SELETIVO,C51L41,POINT (-61.11578288310723 -8.227374313030763)
2024,CORTE SELETIVO,C51L41,POINT (-61.11285340579983 -8.227153003796719)
2024,CORTE SELETIVO,C51L41,POINT (-61.11528323635982 -8.226885718421642)
2024,CORTE SELETIVO,C51L41,POINT (-61.112555895850775 -8.227127734985078)
2024,CORTE SELETIVO,C51L41,POINT (-61.113846452552366 -8.226830323308272)
2024,CORTE SELETIVO,C51L41,POINT (-61.114532514582145 -8.226651238648063)
2024,CORTE SELETIVO,C51L41,POINT (-61.11595336250311 -8.226732325703612)
2024,CORTE SELETIVO,C51L41,POINT (-61.11554979863138 -8.226645928962494)
2024,CORTE SELETIVO,C51L41,POINT (-61.11576685088054 -8.22655959673561)
2024,CORTE SELETIVO,C51L41,POINT (-61.11374561103631 -8.22656874875105)
2024,CORTE SELETIVO,C51L41,POINT (-61.11554904011799 -8.226448634406118)
2024,CORTE SELETIVO,C51L41,POINT (-61.11574404474461 -8.226349637921706)
2024,CORTE SELETIVO,C51L41,POINT (-61.11760932614955 -8.225847344097591)
2024,CORTE SELETIVO,C51L41,POINT (-61.11649002509005 -8.2258797188875)
2024,CORTE SELETIVO,C51L41,POINT (-61.113673310435 -8.22568859669296)
2024,CORTE SELETIVO,C51L41,POINT (-61.11662431095479 -8.225408223987436)
2024,CORTE SELETIVO,C51L41,POINT (-61.1159308098358 -8.22546810501604)
2024,CORTE SELETIVO,C51L41,POINT (-61.11634801140034 -8.225234579930621)
2024,CORTE SELETIVO,C51L41,POINT (-61.115751661193144 -8.225149660244643)
2024,CORTE SELETIVO,C51L41,POINT (-61.116418709064185 -8.224747374085691)
2024,CORTE SELETIVO,C51L41,POINT (-61.117351742444804 -8.224548505466853)
2024,CORTE SELETIVO,C51L41,POINT (-61.1157501622451 -8.224354105863316)
2024,CORTE SELETIVO,C51L41,POINT (-61.116645661353274 -8.224252318346363)
2024,CORTE SELETIVO,C51L41,POINT (-61.11695253606174 -8.224173630436791)
2024,CORTE SELETIVO,C51L41,POINT (-61.11544935324127 -8.224149335251923)
2024,CORTE SELETIVO,C51L41,POINT (-61.11364782791812 -8.224105609914291)
2024,CORTE SELETIVO,C51L41,POINT (-61.11409987655965 -8.22424696582346)
2024,CORTE SELETIVO,C51L41,POINT (-61.11405262015738 -8.223948700152853)
2024,CORTE SELETIVO,C51L41,POINT (-61.114782853270256 -8.223851806127627)
2024,CORTE SELETIVO,C51L41,POINT (-61.11685431946838 -8.22367325688775)
2024,CORTE SELETIVO,C51L41,POINT (-61.11485247529165 -8.223652609496014)
2024,CORTE SELETIVO,C51L41,POINT (-61.115054265576035 -8.223647741364498)
2024,CORTE SELETIVO,C51L41,POINT (-61.11375331620527 -8.223445413475547)
2024,CORTE SELETIVO,C51L41,POINT (-61.11675411965567 -8.22344116008651)
2024,CORTE SELETIVO,C51L41,POINT (-61.11694785839885 -8.223449347734055)
2024,CORTE SELETIVO,C51L41,POINT (-61.11754986570195 -8.223014075176414)
2024,CORTE SELETIVO,C51L41,POINT (-61.117049153705786 -8.222913238524058)
2024,CORTE SELETIVO,C51L41,POINT (-61.1172583063357 -8.222207518817953)
2024,CORTE SELETIVO,C51L41,POINT (-61.11715003371466 -8.222053325385048)
2024,CORTE SELETIVO,C51L41,POINT (-61.11704720405666 -8.221940810104654)
2024,CORTE SELETIVO,C51L41,POINT (-61.117454991855084 -8.221783870505652)
2024,CORTE SELETIVO,C51L41,POINT (-61.11715713628707 -8.221551519382949)
2024,CORTE SELETIVO,C51L41,POINT (-61.11115386694492 -8.243112502984411)
2024,CORTE SELETIVO,C51L41,POINT (-61.109252067861306 -8.243049934635561)
2024,CORTE SELETIVO,C51L41,POINT (-61.108551295268 -8.24274848952426)
2024,CORTE SELETIVO,C51L41,POINT (-61.10835000812856 -8.242745431558903)
2024,CORTE SELETIVO,C51L41,POINT (-61.10857360948613 -8.242494258563656)
2024,CORTE SELETIVO,C51L41,POINT (-61.107745469043515 -8.242348716212877)
2024,CORTE SELETIVO,C51L41,POINT (-61.111766686678045 -8.241896793555945)
2024,CORTE SELETIVO,C51L41,POINT (-61.10624899186906 -8.241994440590606)
2024,CORTE SELETIVO,C51L41,POINT (-61.11143710036485 -8.241655319756298)
2024,CORTE SELETIVO,C51L41,POINT (-61.10871770790867 -8.239981063978592)
2024,CORTE SELETIVO,C51L41,POINT (-61.10491603137513 -8.239959756264446)
2024,CORTE SELETIVO,C51L41,POINT (-61.109846673831186 -8.239447948431314)
2024,CORTE SELETIVO,C51L41,POINT (-61.10546682014473 -8.238764940292619)
2024,CORTE SELETIVO,C51L41,POINT (-61.11235448030267 -8.23878748582256)
2024,CORTE SELETIVO,C51L41,POINT (-61.1119505680673 -8.238453351080341)
2024,CORTE SELETIVO,C51L41,POINT (-61.11109949469164 -8.23816238290645)
2024,CORTE SELETIVO,C51L41,POINT (-61.107548296542454 -8.238246096538077)
2024,CORTE SELETIVO,C51L41,POINT (-61.10670748626365 -8.237999271486467)
2024,CORTE SELETIVO,C51L41,POINT (-61.10702450691357 -8.23816011058008)
2024,CORTE SELETIVO,C51L41,POINT (-61.10580557738405 -8.237847115766279)
2024,CORTE SELETIVO,C51L41,POINT (-61.10914727047797 -8.238174954998295)
2024,CORTE SELETIVO,C51L41,POINT (-61.10553499384254 -8.237547560524298)
2024,CORTE SELETIVO,C51L41,POINT (-61.108550186650056 -8.23755155326668)
2024,CORTE SELETIVO,C51L41,POINT (-61.10815168529107 -8.237372153512004)
2024,CORTE SELETIVO,C51L41,POINT (-61.108445700814514 -8.237345835167897)
2024,CORTE SELETIVO,C51L41,POINT (-61.10566859990685 -8.237004074138563)
2024,CORTE SELETIVO,C51L41,POINT (-61.10685536343735 -8.236384043120033)
2024,CORTE SELETIVO,C51L41,POINT (-61.097703415296785 -8.236446085494972)
2024,CORTE SELETIVO,C51L41,POINT (-61.10624898541389 -8.236194860806718)
2024,CORTE SELETIVO,C51L41,POINT (-61.0977543349039 -8.23618535579998)
2024,CORTE SELETIVO,C51L41,POINT (-61.1054540496234 -8.236461470207082)
2024,CORTE SELETIVO,C51L41,POINT (-61.106146236725486 -8.236048687084285)
2024,CORTE SELETIVO,C51L41,POINT (-61.10586809518012 -8.235645771682261)
2024,CORTE SELETIVO,C51L41,POINT (-61.11234828727828 -8.235947434643991)
2024,CORTE SELETIVO,C51L41,POINT (-61.10494983504413 -8.23555203444798)
2024,CORTE SELETIVO,C51L41,POINT (-61.10045155497056 -8.235447299471975)
2024,CORTE SELETIVO,C51L41,POINT (-61.10013730208583 -8.235407535971788)
2024,CORTE SELETIVO,C51L41,POINT (-61.10724893846915 -8.235010303602996)
2024,CORTE SELETIVO,C51L41,POINT (-61.10505150891764 -8.235146523723404)
2024,CORTE SELETIVO,C51L41,POINT (-61.104952845662766 -8.235054724703666)
2024,CORTE SELETIVO,C51L41,POINT (-61.09880561447095 -8.234853508705728)
2024,CORTE SELETIVO,C51L41,POINT (-61.10500317255583 -8.234757900987464)
2024,CORTE SELETIVO,C51L41,POINT (-61.10709138343667 -8.234750047845017)
2024,CORTE SELETIVO,C51L41,POINT (-61.10534701094233 -8.234645979905368)
2024,CORTE SELETIVO,C51L41,POINT (-61.09864938538199 -8.234546260002627)
2024,CORTE SELETIVO,C51L41,POINT (-61.10674742765981 -8.2343463149206)
2024,CORTE SELETIVO,C51L41,POINT (-61.106953187869756 -8.234348062693304)
2024,CORTE SELETIVO,C51L41,POINT (-61.10845102743019 -8.234247217903219)
2024,CORTE SELETIVO,C51L41,POINT (-61.10491445587934 -8.234254625326507)
2024,CORTE SELETIVO,C51L41,POINT (-61.11160429184395 -8.23424281891848)
2024,CORTE SELETIVO,C51L41,POINT (-61.10655341173707 -8.234164202330964)
2024,CORTE SELETIVO,C51L41,POINT (-61.10549926122456 -8.234127886543027)
2024,CORTE SELETIVO,C51L41,POINT (-61.106849833112406 -8.234149611659765)
2024,CORTE SELETIVO,C51L41,POINT (-61.10671147196303 -8.234045443808363)
2024,CORTE SELETIVO,C51L41,POINT (-61.10883134713488 -8.233813682328075)
2024,CORTE SELETIVO,C51L41,POINT (-61.107514731959455 -8.233848093867438)
2024,CORTE SELETIVO,C51L41,POINT (-61.110899754121036 -8.233853383188524)
2024,CORTE SELETIVO,C51L41,POINT (-61.107253395397635 -8.233817940286961)
2024,CORTE SELETIVO,C51L41,POINT (-61.1105814854498 -8.234306443471255)
2024,CORTE SELETIVO,C51L41,POINT (-61.11185072100486 -8.233547756671085)
2024,CORTE SELETIVO,C51L41,POINT (-61.101851708091104 -8.233452084535953)
2024,CORTE SELETIVO,C51L41,POINT (-61.10985016003282 -8.233374472979502)
2024,CORTE SELETIVO,C51L41,POINT (-61.10685591025836 -8.233414640436129)
2024,CORTE SELETIVO,C51L41,POINT (-61.10824143518698 -8.233364193492704)
2024,CORTE SELETIVO,C51L41,POINT (-61.10394941119315 -8.233345423299282)
2024,CORTE SELETIVO,C51L41,POINT (-61.10995392841155 -8.233248109015713)
2024,CORTE SELETIVO,C51L41,POINT (-61.1067520151646 -8.233166779184337)
2024,CORTE SELETIVO,C51L41,POINT (-61.105567277127065 -8.233238965165482)
2024,CORTE SELETIVO,C51L41,POINT (-61.10705014824594 -8.233233856975984)
2024,CORTE SELETIVO,C51L41,POINT (-61.10777245633354 -8.233552252200708)
2024,CORTE SELETIVO,C51L41,POINT (-61.11150618293945 -8.233119768856948)
2024,CORTE SELETIVO,C51L41,POINT (-61.102152141576035 -8.233053173272106)
2024,CORTE SELETIVO,C51L41,POINT (-61.11214748345125 -8.2330671265148)
2024,CORTE SELETIVO,C51L41,POINT (-61.11205190710631 -8.232945866989423)
2024,CORTE SELETIVO,C51L41,POINT (-61.105752703959 -8.232945554622043)
2024,CORTE SELETIVO,C51L41,POINT (-61.10422305133008 -8.232559454792362)
2024,CORTE SELETIVO,C51L41,POINT (-61.105639404089395 -8.232827463469674)
2024,CORTE SELETIVO,C51L41,POINT (-61.10865787139329 -8.232695230603209)
2024,CORTE SELETIVO,C51L41,POINT (-61.100422654877676 -8.23274800661303)
2024,CORTE SELETIVO,C51L41,POINT (-61.11181312635063 -8.232718441844133)
2024,CORTE SELETIVO,C51L41,POINT (-61.111454131165516 -8.232601547179115)
2024,CORTE SELETIVO,C51L41,POINT (-61.10329110027429 -8.232550147703243)
2024,CORTE SELETIVO,C51L41,POINT (-61.109249868123825 -8.232548222276296)
2024,CORTE SELETIVO,C51L41,POINT (-61.10845957993563 -8.232250897843853)
2024,CORTE SELETIVO,C51L41,POINT (-61.10110582358024 -8.232263008165567)
2024,CORTE SELETIVO,C51L41,POINT (-61.10385129916678 -8.232253843598476)
2024,CORTE SELETIVO,C51L41,POINT (-61.102849603906265 -8.232250243522685)
2024,CORTE SELETIVO,C51L41,POINT (-61.100851923234565 -8.232254381924514)
2024,CORTE SELETIVO,C51L41,POINT (-61.10605232423139 -8.232083976614756)
2024,CORTE SELETIVO,C51L41,POINT (-61.10053451764182 -8.232211703912862)
2024,CORTE SELETIVO,C51L41,POINT (-61.09931618790085 -8.232203819157004)
2024,CORTE SELETIVO,C51L41,POINT (-61.10835284474475 -8.232049482050842)
2024,CORTE SELETIVO,C51L41,POINT (-61.099048441260926 -8.231953639608918)
2024,CORTE SELETIVO,C51L41,POINT (-61.107949659065454 -8.231952125332104)
2024,CORTE SELETIVO,C51L41,POINT (-61.09850359074975 -8.231801684410256)
2024,CORTE SELETIVO,C51L41,POINT (-61.10075061307682 -8.23179783741824)
2024,CORTE SELETIVO,C51L41,POINT (-61.10865443816703 -8.231747940216213)
2024,CORTE SELETIVO,C51L41,POINT (-61.10796334971812 -8.231680681483809)
2024,CORTE SELETIVO,C51L41,POINT (-61.098051866876276 -8.231699240462659)
2024,CORTE SELETIVO,C51L41,POINT (-61.10896672407406 -8.231655290496821)
2024,CORTE SELETIVO,C51L41,POINT (-61.108352698935825 -8.23145426341082)
2024,CORTE SELETIVO,C51L41,POINT (-61.108047178318145 -8.231451522610397)
2024,CORTE SELETIVO,C51L41,POINT (-61.09785246619085 -8.230954771456497)
2024,CORTE SELETIVO,C51L41,POINT (-61.10515666911425 -8.230809174213036)
2024,CORTE SELETIVO,C51L41,POINT (-61.099478397922965 -8.231052289837551)
2024,CORTE SELETIVO,C51L41,POINT (-61.099339668068374 -8.23085109526544)
2024,CORTE SELETIVO,C51L41,POINT (-61.101149804239284 -8.230629108043077)
2024,CORTE SELETIVO,C51L41,POINT (-61.10630786624149 -8.230454776411177)
2024,CORTE SELETIVO,C51L41,POINT (-61.10085103969861 -8.23035408755869)
2024,CORTE SELETIVO,C51L41,POINT (-61.10794814635502 -8.230353601201381)
2024,CORTE SELETIVO,C51L41,POINT (-61.100647339700764 -8.230216625969248)
2024,CORTE SELETIVO,C51L41,POINT (-61.1099397198819 -8.22991522493976)
2024,CORTE SELETIVO,C51L41,POINT (-61.10788503629088 -8.229895505588924)
2024,CORTE SELETIVO,C51L41,POINT (-61.109454530241244 -8.229850184465315)
2024,CORTE SELETIVO,C51L41,POINT (-61.09972123850523 -8.229684389213677)
2024,CORTE SELETIVO,C51L41,POINT (-61.10114751549257 -8.229753861950588)
2024,CORTE SELETIVO,C51L41,POINT (-61.10464509192188 -8.229739860038435)
2024,CORTE SELETIVO,C51L41,POINT (-61.101480521197956 -8.229618944196462)
2024,CORTE SELETIVO,C51L41,POINT (-61.107360363071486 -8.229575597445198)
2024,CORTE SELETIVO,C51L41,POINT (-61.10098072514998 -8.229430060278503)
2024,CORTE SELETIVO,C51L41,POINT (-61.110228371198495 -8.229405275104472)
2024,CORTE SELETIVO,C51L41,POINT (-61.110651076382055 -8.229348108761458)
2024,CORTE SELETIVO,C51L41,POINT (-61.10535370188216 -8.229506753034068)
2024,CORTE SELETIVO,C51L41,POINT (-61.1120511505036 -8.229246159360851)
2024,CORTE SELETIVO,C51L41,POINT (-61.108051638428705 -8.22917473239804)
2024,CORTE SELETIVO,C51L41,POINT (-61.1082541890743 -8.22916037661361)
2024,CORTE SELETIVO,C51L41,POINT (-61.099137762714165 -8.229240043395354)
2024,CORTE SELETIVO,C51L41,POINT (-61.106574235921705 -8.228787712084744)
2024,CORTE SELETIVO,C51L41,POINT (-61.09764955052017 -8.228648933032376)
2024,CORTE SELETIVO,C51L41,POINT (-61.10632268599382 -8.228651213879406)
2024,CORTE SELETIVO,C51L41,POINT (-61.10763360120657 -8.228255079930747)
2024,CORTE SELETIVO,C51L41,POINT (-61.107247875258096 -8.228453623526608)
2024,CORTE SELETIVO,C51L41,POINT (-61.1080760271253 -8.228426496600799)
2024,CORTE SELETIVO,C51L41,POINT (-61.10110455054264 -8.228251540343635)
2024,CORTE SELETIVO,C51L41,POINT (-61.1044600964225 -8.227850617293676)
2024,CORTE SELETIVO,C51L41,POINT (-61.106098645363275 -8.228066005230556)
2024,CORTE SELETIVO,C51L41,POINT (-61.1084483942469 -8.227953554900234)
2024,CORTE SELETIVO,C51L41,POINT (-61.098083050261344 -8.228020149682246)
2024,CORTE SELETIVO,C51L41,POINT (-61.108347357940445 -8.227846359849917)
2024,CORTE SELETIVO,C51L41,POINT (-61.10354979950278 -8.227752534617133)
2024,CORTE SELETIVO,C51L41,POINT (-61.09974652142982 -8.227748442524808)
2024,CORTE SELETIVO,C51L41,POINT (-61.10283280251669 -8.227608475606084)
2024,CORTE SELETIVO,C51L41,POINT (-61.11234856156546 -8.227365610760634)
2024,CORTE SELETIVO,C51L41,POINT (-61.10454972518068 -8.22761135389132)
2024,CORTE SELETIVO,C51L41,POINT (-61.09808527380094 -8.2274538199929)
2024,CORTE SELETIVO,C51L41,POINT (-61.099636194889904 -8.227568741696032)
2024,CORTE SELETIVO,C51L41,POINT (-61.09784754805717 -8.2272525804209)
2024,CORTE SELETIVO,C51L41,POINT (-61.09837313392361 -8.227307603117103)
2024,CORTE SELETIVO,C51L41,POINT (-61.11235108395471 -8.22714685794036)
2024,CORTE SELETIVO,C51L41,POINT (-61.10013614944847 -8.226797666990462)
2024,CORTE SELETIVO,C51L41,POINT (-61.0984526698673 -8.226547799544777)
2024,CORTE SELETIVO,C51L41,POINT (-61.09825059104605 -8.226550035105454)
2024,CORTE SELETIVO,C51L41,POINT (-61.09815078263612 -8.225852156862148)
2024,CORTE SELETIVO,C51L41,POINT (-61.098252487437094 -8.22564929934932)
2024,CORTE SELETIVO,C51L41,POINT (-61.09944987630431 -8.22484695337887)
2024,CORTE SELETIVO,C51L41,POINT (-61.09835442615397 -8.224843641940453)
2024,CORTE SELETIVO,C51L41,POINT (-61.09974832127355 -8.22449828507467)
2024,CORTE SELETIVO,C51L41,POINT (-61.09925293256629 -8.223748212279336)
2024,CORTE SELETIVO,C51L41,POINT (-61.09935140955264 -8.22354994957525)
2024,CORTE SELETIVO,C51L41,POINT (-61.099663844014415 -8.223652706876736)
2024,CORTE SELETIVO,C51L41,POINT (-61.098157384367774 -8.223239180776687)
2024,CORTE SELETIVO,C51L41,POINT (-61.099166163929645 -8.222847654696395)
2024,CORTE SELETIVO,C51L41,POINT (-61.09945435412872 -8.222447409689096)
2024,CORTE SELETIVO,C51L41,POINT (-61.099553877132394 -8.222259162675229)
2024,CORTE SELETIVO,C51L41,POINT (-61.099447219756414 -8.221888049793337)
2024,CORTE SELETIVO,C51L41,POINT (-61.09849467167258 -8.221512249582668)
2024,CORTE SELETIVO,C51L41,POINT (-61.09915348747004 -8.220867654182186)
2024,CORTE SELETIVO,C51L41,POINT (-61.09894579072045 -8.219326731139601)
2024,CORTE SELETIVO,C51L41,POINT (-61.09889251864995 -8.218155419128319)
2024,CORTE SELETIVO,C51L41,POINT (-61.09864874566788 -8.218060512060035)
2024,CORTE SELETIVO,C51L41,POINT (-61.0959482922112 -8.236887342167618)
2024,CORTE SELETIVO,C51L41,POINT (-61.09591026007157 -8.236560720970635)
2024,CORTE SELETIVO,C51L41,POINT (-61.09420818515562 -8.235674230926907)
2024,CORTE SELETIVO,C51L41,POINT (-61.09732130608585 -8.235790300761096)
2024,CORTE SELETIVO,C51L41,POINT (-61.09139941965719 -8.235612730045645)
2024,CORTE SELETIVO,C51L41,POINT (-61.09326907562973 -8.235837960783801)
2024,CORTE SELETIVO,C51L41,POINT (-61.09198852892138 -8.235653832576572)
2024,CORTE SELETIVO,C51L41,POINT (-61.09205185487458 -8.235380514453846)
2024,CORTE SELETIVO,C51L41,POINT (-61.0965021011862 -8.235276960606356)
2024,CORTE SELETIVO,C51L41,POINT (-61.09235888138974 -8.235265933799434)
2024,CORTE SELETIVO,C51L41,POINT (-61.09264871182603 -8.23539450275848)
2024,CORTE SELETIVO,C51L41,POINT (-61.095133883208476 -8.235256599433367)
2024,CORTE SELETIVO,C51L41,POINT (-61.09344624694112 -8.235264829031227)
2024,CORTE SELETIVO,C51L41,POINT (-61.09385109331168 -8.235146153448525)
2024,CORTE SELETIVO,C51L41,POINT (-61.09061382212489 -8.234571705285676)
2024,CORTE SELETIVO,C51L41,POINT (-61.09492910750011 -8.235095645473093)
2024,CORTE SELETIVO,C51L41,POINT (-61.09313210796246 -8.23476132236845)
2024,CORTE SELETIVO,C51L41,POINT (-61.09175272777505 -8.23491183812045)
2024,CORTE SELETIVO,C51L41,POINT (-61.09351691440443 -8.23484916792916)
2024,CORTE SELETIVO,C51L41,POINT (-61.09404788069615 -8.23484575887426)
2024,CORTE SELETIVO,C51L41,POINT (-61.0915442265545 -8.234743526969963)
2024,CORTE SELETIVO,C51L41,POINT (-61.09196977823106 -8.234637640964008)
2024,CORTE SELETIVO,C51L41,POINT (-61.09364938029552 -8.234749938773748)
2024,CORTE SELETIVO,C51L41,POINT (-61.09423869888815 -8.234545281284564)
2024,CORTE SELETIVO,C51L41,POINT (-61.092545420977636 -8.234252121179187)
2024,CORTE SELETIVO,C51L41,POINT (-61.09599054684247 -8.234242646763956)
2024,CORTE SELETIVO,C51L41,POINT (-61.097451276276935 -8.233993758439265)
2024,CORTE SELETIVO,C51L41,POINT (-61.092966744493985 -8.233762417191185)
2024,CORTE SELETIVO,C51L41,POINT (-61.09624375671287 -8.233098313421454)
2024,CORTE SELETIVO,C51L41,POINT (-61.09315049563212 -8.233506575163236)
2024,CORTE SELETIVO,C51L41,POINT (-61.09466943116537 -8.233777365785118)
2024,CORTE SELETIVO,C51L41,POINT (-61.093916021409576 -8.233047733151341)
2024,CORTE SELETIVO,C51L41,POINT (-61.093558645135595 -8.232908529852146)
2024,CORTE SELETIVO,C51L41,POINT (-61.09705376411333 -8.23255362218803)
2024,CORTE SELETIVO,C51L41,POINT (-61.09620131004395 -8.23282989546135)
2024,CORTE SELETIVO,C51L41,POINT (-61.09127753787442 -8.232398605361988)
2024,CORTE SELETIVO,C51L41,POINT (-61.09438459002769 -8.232040946269551)
2024,CORTE SELETIVO,C51L41,POINT (-61.09694746877923 -8.231748218939991)
2024,CORTE SELETIVO,C51L41,POINT (-61.097342101527495 -8.231750884825276)
2024,CORTE SELETIVO,C51L41,POINT (-61.09675252633035 -8.231552763213312)
2024,CORTE SELETIVO,C51L41,POINT (-61.09385002485867 -8.23135300836694)
2024,CORTE SELETIVO,C51L41,POINT (-61.09261365515233 -8.231353885054473)
2024,CORTE SELETIVO,C51L41,POINT (-61.09654079050393 -8.23126099233446)
2024,CORTE SELETIVO,C51L41,POINT (-61.09235156992945 -8.231248255055501)
2024,CORTE SELETIVO,C51L41,POINT (-61.093827832457784 -8.231066017509777)
2024,CORTE SELETIVO,C51L41,POINT (-61.09255115416842 -8.230918535317471)
2024,CORTE SELETIVO,C51L41,POINT (-61.092147165366626 -8.230597846766443)
2024,CORTE SELETIVO,C51L41,POINT (-61.09265431707707 -8.23074641412219)
2024,CORTE SELETIVO,C51L41,POINT (-61.09615425493147 -8.230516336630304)
2024,CORTE SELETIVO,C51L41,POINT (-61.0968395034009 -8.230499628930188)
2024,CORTE SELETIVO,C51L41,POINT (-61.095908687992136 -8.230351613071997)
2024,CORTE SELETIVO,C51L41,POINT (-61.09466078150694 -8.230325884489188)
2024,CORTE SELETIVO,C51L41,POINT (-61.0966469151991 -8.230153375391627)
2024,CORTE SELETIVO,C51L41,POINT (-61.091517045537145 -8.230082077794691)
2024,CORTE SELETIVO,C51L41,POINT (-61.090549923567316 -8.230048531640886)
2024,CORTE SELETIVO,C51L41,POINT (-61.09577974187951 -8.230051846586099)
2024,CORTE SELETIVO,C51L41,POINT (-61.095648242867455 -8.229951170763751)
2024,CORTE SELETIVO,C51L41,POINT (-61.09632907990499 -8.229971009219556)
2024,CORTE SELETIVO,C51L41,POINT (-61.095753995534956 -8.229853078066615)
2024,CORTE SELETIVO,C51L41,POINT (-61.094438688560565 -8.229684680186837)
2024,CORTE SELETIVO,C51L41,POINT (-61.096645475249254 -8.229552902490708)
2024,CORTE SELETIVO,C51L41,POINT (-61.09455043214683 -8.229271814320967)
2024,CORTE SELETIVO,C51L41,POINT (-61.09699926942547 -8.229602845167292)
2024,CORTE SELETIVO,C51L41,POINT (-61.09338138623446 -8.22938891882172)
2024,CORTE SELETIVO,C51L41,POINT (-61.09655413964525 -8.228996279768083)
2024,CORTE SELETIVO,C51L41,POINT (-61.09564801304023 -8.22912103108256)
2024,CORTE SELETIVO,C51L41,POINT (-61.09581656904312 -8.22894829599992)
2024,CORTE SELETIVO,C51L41,POINT (-61.09255454256971 -8.228448574565517)
2024,CORTE SELETIVO,C51L41,POINT (-61.09294147199232 -8.228158090096892)
2024,CORTE SELETIVO,C51L41,POINT (-61.09729167355673 -8.228426840939706)
2024,CORTE SELETIVO,C51L41,POINT (-61.09464671891859 -8.227909409658658)
2024,CORTE SELETIVO,C51L41,POINT (-61.09422479953561 -8.227507721010706)
2024,CORTE SELETIVO,C51L41,POINT (-61.097075820864575 -8.227109810305521)
2024,CORTE SELETIVO,C51L41,POINT (-61.093216951650916 -8.227291906734987)
2024,CORTE SELETIVO,C51L41,POINT (-61.09555665407301 -8.227245445795514)
2024,CORTE SELETIVO,C51L41,POINT (-61.095350208403644 -8.227278498320304)
2024,CORTE SELETIVO,C51L41,POINT (-61.095151069077005 -8.227249271146697)
2024,CORTE SELETIVO,C51L41,POINT (-61.09755453074473 -8.227065959549703)
2024,CORTE SELETIVO,C51L41,POINT (-61.09287216166725 -8.227141448428688)
2024,CORTE SELETIVO,C51L41,POINT (-61.09545332447689 -8.227153347651953)
2024,CORTE SELETIVO,C51L41,POINT (-61.09673049987126 -8.226652296730682)
2024,CORTE SELETIVO,C51L41,POINT (-61.09460651739928 -8.226508572532527)
2024,CORTE SELETIVO,C51L41,POINT (-61.09655082288453 -8.226510621790018)
2024,CORTE SELETIVO,C51L41,POINT (-61.09393210578249 -8.226349670764789)
2024,CORTE SELETIVO,C51L41,POINT (-61.09664966017804 -8.226350844738473)
2024,CORTE SELETIVO,C51L41,POINT (-61.097668260614654 -8.226320288142174)
2024,CORTE SELETIVO,C51L41,POINT (-61.097346465703346 -8.225851712590723)
2024,CORTE SELETIVO,C51L41,POINT (-61.095350527748536 -8.225353984891013)
2024,CORTE SELETIVO,C51L41,POINT (-61.092834170951505 -8.225242055467893)
2024,CORTE SELETIVO,C51L41,POINT (-61.09555299374515 -8.225179771904319)
2024,CORTE SELETIVO,C51L41,POINT (-61.09635031106669 -8.225051531934142)
2024,CORTE SELETIVO,C51L41,POINT (-61.09614638195741 -8.225022571842477)
2024,CORTE SELETIVO,C51L41,POINT (-61.09587554208943 -8.224969637899239)
2024,CORTE SELETIVO,C51L41,POINT (-61.09631753716618 -8.2242453741092)
2024,CORTE SELETIVO,C51L41,POINT (-61.09571616884651 -8.224034564140997)
2024,CORTE SELETIVO,C51L41,POINT (-61.09709271930144 -8.223341735659465)
2024,CORTE SELETIVO,C51L41,POINT (-61.09675385297103 -8.223154035502626)
2024,CORTE SELETIVO,C51L41,POINT (-61.09473342098917 -8.223301548159135)
2024,CORTE SELETIVO,C51L41,POINT (-61.09474848766505 -8.222553929546558)
2024,CORTE SELETIVO,C51L41,POINT (-61.097507659283345 -8.222446840187587)
2024,CORTE SELETIVO,C51L41,POINT (-61.09682276610112 -8.2224765013601)
2024,CORTE SELETIVO,C51L41,POINT (-61.09654644037557 -8.222351676629389)
2024,CORTE SELETIVO,C51L41,POINT (-61.0952453797262 -8.222293417079925)
2024,CORTE SELETIVO,C51L41,POINT (-61.09664877421459 -8.222251006978208)
2024,CORTE SELETIVO,C51L41,POINT (-61.094929740695605 -8.222312590504174)
2024,CORTE SELETIVO,C51L41,POINT (-61.095350586566695 -8.22215466144675)
2024,CORTE SELETIVO,C51L41,POINT (-61.09565351419751 -8.222153519325865)
2024,CORTE SELETIVO,C51L41,POINT (-61.09605043957054 -8.222036948496408)
2024,CORTE SELETIVO,C51L41,POINT (-61.09551078833218 -8.22196659637034)
2024,CORTE SELETIVO,C51L41,POINT (-61.09704590134066 -8.218981637693112)
2024,CORTE SELETIVO,C51L41,POINT (-61.09654973691033 -8.23004873606248)
2024,CORTE SELETIVO,C51L41,POINT (-61.23135301478455 -8.247552924719294)
2024,CORTE SELETIVO,C51L41,POINT (-61.23075909904122 -8.246952050321331)
2024,CORTE SELETIVO,C51L41,POINT (-61.231346666367 -8.243548863714441)
2024,CORTE SELETIVO,C51L41,POINT (-61.23155068443513 -8.24332808466624)
2024,CORTE SELETIVO,C51L41,POINT (-61.230348164469405 -8.242646364366122)
2024,CORTE SELETIVO,C51L41,POINT (-61.22634888197674 -8.242448771853374)
2024,CORTE SELETIVO,C51L41,POINT (-61.226426382431 -8.242223649171358)
2024,CORTE SELETIVO,C51L41,POINT (-61.23035042367388 -8.24225274252397)
2024,CORTE SELETIVO,C51L41,POINT (-61.23024933650415 -8.242148498882527)
2024,CORTE SELETIVO,C51L41,POINT (-61.227652614635524 -8.241747398006803)
2024,CORTE SELETIVO,C51L41,POINT (-61.22595568802029 -8.241730201919633)
2024,CORTE SELETIVO,C51L41,POINT (-61.23054906961093 -8.240845216223471)
2024,CORTE SELETIVO,C51L41,POINT (-61.22832490461407 -8.240319017980262)
2024,CORTE SELETIVO,C51L41,POINT (-61.228648320023524 -8.240251109608437)
2024,CORTE SELETIVO,C51L41,POINT (-61.22954614250859 -8.239750140949495)
2024,CORTE SELETIVO,C51L41,POINT (-61.2296842403996 -8.239641017834153)
2024,CORTE SELETIVO,C51L41,POINT (-61.22997084815545 -8.239220764019718)
2024,CORTE SELETIVO,C51L41,POINT (-61.225395646850565 -8.238645985008686)
2024,CORTE SELETIVO,C51L41,POINT (-61.22564911354176 -8.238554774706902)
2024,CORTE SELETIVO,C51L41,POINT (-61.225389276203025 -8.238424495682645)
2024,CORTE SELETIVO,C51L41,POINT (-61.22907324412286 -8.237646430452894)
2024,CORTE SELETIVO,C51L41,POINT (-61.23015413096717 -8.237649925879737)
2024,CORTE SELETIVO,C51L41,POINT (-61.23035370053429 -8.237632113348099)
2024,CORTE SELETIVO,C51L41,POINT (-61.22734801907266 -8.237550333679096)
2024,CORTE SELETIVO,C51L41,POINT (-61.227453440469354 -8.237453934851798)
2024,CORTE SELETIVO,C51L41,POINT (-61.22724667681253 -8.237452193758298)
2024,CORTE SELETIVO,C51L41,POINT (-61.22735173593022 -8.237349817591756)
2024,CORTE SELETIVO,C51L41,POINT (-61.23054670992285 -8.237248982267799)
2024,CORTE SELETIVO,C51L41,POINT (-61.22533854655925 -8.237417133750878)
2024,CORTE SELETIVO,C51L41,POINT (-61.23088647766994 -8.237046175014061)
2024,CORTE SELETIVO,C51L41,POINT (-61.23043216599419 -8.237048952267722)
2024,CORTE SELETIVO,C51L41,POINT (-61.22924991213627 -8.237045651057429)
2024,CORTE SELETIVO,C51L41,POINT (-61.22907394778139 -8.23694924452329)
2024,CORTE SELETIVO,C51L41,POINT (-61.230459204873476 -8.236754380789137)
2024,CORTE SELETIVO,C51L41,POINT (-61.230748555424235 -8.236825441457345)
2024,CORTE SELETIVO,C51L41,POINT (-61.22905029799523 -8.236747136803569)
2024,CORTE SELETIVO,C51L41,POINT (-61.228750831440834 -8.236646052345053)
2024,CORTE SELETIVO,C51L41,POINT (-61.22545454410002 -8.23575400452818)
2024,CORTE SELETIVO,C51L41,POINT (-61.225653249058496 -8.235517814918586)
2024,CORTE SELETIVO,C51L41,POINT (-61.225449907837834 -8.23534956101508)
2024,CORTE SELETIVO,C51L41,POINT (-61.22578262418595 -8.235247992561545)
2024,CORTE SELETIVO,C51L41,POINT (-61.230452030013964 -8.234952524471968)
2024,CORTE SELETIVO,C51L41,POINT (-61.22754656072179 -8.234748704670595)
2024,CORTE SELETIVO,C51L41,POINT (-61.229652920399566 -8.234630509441708)
2024,CORTE SELETIVO,C51L41,POINT (-61.22945481224714 -8.234431101046553)
2024,CORTE SELETIVO,C51L41,POINT (-61.22559753694113 -8.234366203178153)
2024,CORTE SELETIVO,C51L41,POINT (-61.22935261780354 -8.234153638049566)
2024,CORTE SELETIVO,C51L41,POINT (-61.229647248425685 -8.233949602965804)
2024,CORTE SELETIVO,C51L41,POINT (-61.22754610441673 -8.23385297156631)
2024,CORTE SELETIVO,C51L41,POINT (-61.229498308529635 -8.233783116917213)
2024,CORTE SELETIVO,C51L41,POINT (-61.227369560842256 -8.233550366977237)
2024,CORTE SELETIVO,C51L41,POINT (-61.22805431654381 -8.233448274899501)
2024,CORTE SELETIVO,C51L41,POINT (-61.22824609714589 -8.233445304022961)
2024,CORTE SELETIVO,C51L41,POINT (-61.22755206519815 -8.233246953010847)
2024,CORTE SELETIVO,C51L41,POINT (-61.22786813707072 -8.233150559948175)
2024,CORTE SELETIVO,C51L41,POINT (-61.228250023034896 -8.233150672290286)
2024,CORTE SELETIVO,C51L41,POINT (-61.22765286043299 -8.232949861917106)
2024,CORTE SELETIVO,C51L41,POINT (-61.229141160431816 -8.232749969785287)
2024,CORTE SELETIVO,C51L41,POINT (-61.22834891967016 -8.232470524715696)
2024,CORTE SELETIVO,C51L41,POINT (-61.22764787551848 -8.232256739856957)
2024,CORTE SELETIVO,C51L41,POINT (-61.22784850491417 -8.232262709131078)
2024,CORTE SELETIVO,C51L41,POINT (-61.22544179498033 -8.232292076587456)
2024,CORTE SELETIVO,C51L41,POINT (-61.22854781549999 -8.232252377022265)
2024,CORTE SELETIVO,C51L41,POINT (-61.22836602710739 -8.23213102044704)
2024,CORTE SELETIVO,C51L41,POINT (-61.22524958317992 -8.232048014440831)
2024,CORTE SELETIVO,C51L41,POINT (-61.23051049389185 -8.231917544375433)
2024,CORTE SELETIVO,C51L41,POINT (-61.23075151379164 -8.231951550599618)
2024,CORTE SELETIVO,C51L41,POINT (-61.23094906247959 -8.231876828849037)
2024,CORTE SELETIVO,C51L41,POINT (-61.22744857311391 -8.230403973168817)
2024,CORTE SELETIVO,C51L41,POINT (-61.22524707926434 -8.230147734540495)
2024,CORTE SELETIVO,C51L41,POINT (-61.22551090952034 -8.230095182504503)
2024,CORTE SELETIVO,C51L41,POINT (-61.22575274611988 -8.229949961490352)
2024,CORTE SELETIVO,C51L41,POINT (-61.22549480880865 -8.22974639600123)
2024,CORTE SELETIVO,C51L41,POINT (-61.220848238979684 -8.249952532409068)
2024,CORTE SELETIVO,C51L41,POINT (-61.22454608225671 -8.246950822357046)
2024,CORTE SELETIVO,C51L41,POINT (-61.22285105743077 -8.245447719361415)
2024,CORTE SELETIVO,C51L41,POINT (-61.223748197217006 -8.245351227228882)
2024,CORTE SELETIVO,C51L41,POINT (-61.224649913851266 -8.244347957437602)
2024,CORTE SELETIVO,C51L41,POINT (-61.22004709195228 -8.243846137161993)
2024,CORTE SELETIVO,C51L41,POINT (-61.22315341666331 -8.241146588719156)
2024,CORTE SELETIVO,C51L41,POINT (-61.223252751553574 -8.240833772686527)
2024,CORTE SELETIVO,C51L41,POINT (-61.2218534934434 -8.240745695705403)
2024,CORTE SELETIVO,C51L41,POINT (-61.2217486446186 -8.240650736559095)
2024,CORTE SELETIVO,C51L41,POINT (-61.22256834427536 -8.240453833665523)
2024,CORTE SELETIVO,C51L41,POINT (-61.22235257290925 -8.240352132245908)
2024,CORTE SELETIVO,C51L41,POINT (-61.222253711846086 -8.239948948936599)
2024,CORTE SELETIVO,C51L41,POINT (-61.22384593600383 -8.239913533612354)
2024,CORTE SELETIVO,C51L41,POINT (-61.22355173284244 -8.239846045204459)
2024,CORTE SELETIVO,C51L41,POINT (-61.22364937741608 -8.239645791201273)
2024,CORTE SELETIVO,C51L41,POINT (-61.223046743335686 -8.239448172869729)
2024,CORTE SELETIVO,C51L41,POINT (-61.222879614451514 -8.239053497389026)
2024,CORTE SELETIVO,C51L41,POINT (-61.222947108242195 -8.237145471346599)
2024,CORTE SELETIVO,C51L41,POINT (-61.22285368163086 -8.23704831752442)
2024,CORTE SELETIVO,C51L41,POINT (-61.22294553489282 -8.236952838871806)
2024,CORTE SELETIVO,C51L41,POINT (-61.222845451977584 -8.236854105527264)
2024,CORTE SELETIVO,C51L41,POINT (-61.223464215216524 -8.236841598591965)
2024,CORTE SELETIVO,C51L41,POINT (-61.223796483608666 -8.236551393092851)
2024,CORTE SELETIVO,C51L41,POINT (-61.22047906399686 -8.236249390852388)
2024,CORTE SELETIVO,C51L41,POINT (-61.22075371065854 -8.236146906256504)
2024,CORTE SELETIVO,C51L41,POINT (-61.22398340549665 -8.236046313336557)
2024,CORTE SELETIVO,C51L41,POINT (-61.22454690146446 -8.235747532194182)
2024,CORTE SELETIVO,C51L41,POINT (-61.22474578715145 -8.235747091343214)
2024,CORTE SELETIVO,C51L41,POINT (-61.224649852910694 -8.235651028431217)
2024,CORTE SELETIVO,C51L41,POINT (-61.22449999519182 -8.235497825621014)
2024,CORTE SELETIVO,C51L41,POINT (-61.22474770587032 -8.235470245491754)
2024,CORTE SELETIVO,C51L41,POINT (-61.2231466472645 -8.23545045713205)
2024,CORTE SELETIVO,C51L41,POINT (-61.22045061358692 -8.235051767322696)
2024,CORTE SELETIVO,C51L41,POINT (-61.220051104654935 -8.234951935428388)
2024,CORTE SELETIVO,C51L41,POINT (-61.219980766335524 -8.234553502403116)
2024,CORTE SELETIVO,C51L41,POINT (-61.22395289938768 -8.234280716115016)
2024,CORTE SELETIVO,C51L41,POINT (-61.22465416257208 -8.234136366034658)
2024,CORTE SELETIVO,C51L41,POINT (-61.22345279531437 -8.233497880767544)
2024,CORTE SELETIVO,C51L41,POINT (-61.22150940499849 -8.232787085132223)
2024,CORTE SELETIVO,C51L41,POINT (-61.221750380409794 -8.232746653640211)
2024,CORTE SELETIVO,C51L41,POINT (-61.22164742383798 -8.232574187539921)
2024,CORTE SELETIVO,C51L41,POINT (-61.222550095516524 -8.232548187768785)
2024,CORTE SELETIVO,C51L41,POINT (-61.22105295446522 -8.232549312742265)
2024,CORTE SELETIVO,C51L41,POINT (-61.22075136410147 -8.232551940749943)
2024,CORTE SELETIVO,C51L41,POINT (-61.22194556552859 -8.232445897261789)
2024,CORTE SELETIVO,C51L41,POINT (-61.22265411616445 -8.232451478892449)
2024,CORTE SELETIVO,C51L41,POINT (-61.22215057950977 -8.232447605686655)
2024,CORTE SELETIVO,C51L41,POINT (-61.222346660872645 -8.232451482579577)
2024,CORTE SELETIVO,C51L41,POINT (-61.222053898321306 -8.232353243837942)
2024,CORTE SELETIVO,C51L41,POINT (-61.219947591965884 -8.23235109656133)
2024,CORTE SELETIVO,C51L41,POINT (-61.22364897760509 -8.232248950392128)
2024,CORTE SELETIVO,C51L41,POINT (-61.22175016111908 -8.232248489262673)
2024,CORTE SELETIVO,C51L41,POINT (-61.22254784618187 -8.232158634786636)
2024,CORTE SELETIVO,C51L41,POINT (-61.22295388813061 -8.232149849318972)
2024,CORTE SELETIVO,C51L41,POINT (-61.2231524586674 -8.232077811512777)
2024,CORTE SELETIVO,C51L41,POINT (-61.22205653110178 -8.23214416440518)
2024,CORTE SELETIVO,C51L41,POINT (-61.22284789425765 -8.23205455391448)
2024,CORTE SELETIVO,C51L41,POINT (-61.22288003761414 -8.231852217219373)
2024,CORTE SELETIVO,C51L41,POINT (-61.21983473711716 -8.231402726112787)
2024,CORTE SELETIVO,C51L41,POINT (-61.221855876335844 -8.231346515900809)
2024,CORTE SELETIVO,C51L41,POINT (-61.223545914351654 -8.231249172841874)
2024,CORTE SELETIVO,C51L41,POINT (-61.222048385414304 -8.231249784986364)
2024,CORTE SELETIVO,C51L41,POINT (-61.2219513159088 -8.231153777722264)
2024,CORTE SELETIVO,C51L41,POINT (-61.22124883997629 -8.231146212100555)
2024,CORTE SELETIVO,C51L41,POINT (-61.22345784738409 -8.230957949004999)
2024,CORTE SELETIVO,C51L41,POINT (-61.22135171172844 -8.230968882989536)
2024,CORTE SELETIVO,C51L41,POINT (-61.221248232638196 -8.230853388277747)
2024,CORTE SELETIVO,C51L41,POINT (-61.22165192403244 -8.230848346249331)
2024,CORTE SELETIVO,C51L41,POINT (-61.22335191070703 -8.230538663611854)
2024,CORTE SELETIVO,C51L41,POINT (-61.221846244524116 -8.230152561933942)
2024,CORTE SELETIVO,C51L41,POINT (-61.22351288433819 -8.230169738291702)
2024,CORTE SELETIVO,C51L41,POINT (-61.22164960394258 -8.229947052628592)
2024,CORTE SELETIVO,C51L41,POINT (-61.221553181999056 -8.229745334589047)
2024,CORTE SELETIVO,C51L41,POINT (-61.22284867685103 -8.229445873814287)
2024,CORTE SELETIVO,C51L41,POINT (-61.22258866406998 -8.229251696266626)
2024,CORTE SELETIVO,C51L41,POINT (-61.214480139022136 -8.245648525925871)
2024,CORTE SELETIVO,C51L41,POINT (-61.2173539317097 -8.2453544285472)
2024,CORTE SELETIVO,C51L41,POINT (-61.21855320432808 -8.243647445949767)
2024,CORTE SELETIVO,C51L41,POINT (-61.219248249481744 -8.243651732965324)
2024,CORTE SELETIVO,C51L41,POINT (-61.21915391450882 -8.24355335953813)
2024,CORTE SELETIVO,C51L41,POINT (-61.216348271614685 -8.24224525893729)
2024,CORTE SELETIVO,C51L41,POINT (-61.214749418516654 -8.24154553924869)
2024,CORTE SELETIVO,C51L41,POINT (-61.21689713172779 -8.24144747118674)
2024,CORTE SELETIVO,C51L41,POINT (-61.21511012004651 -8.241154770836282)
2024,CORTE SELETIVO,C51L41,POINT (-61.21425395838185 -8.240252163686923)
2024,CORTE SELETIVO,C51L41,POINT (-61.21444677526263 -8.240250335518967)
2024,CORTE SELETIVO,C51L41,POINT (-61.21274946453618 -8.239952986460283)
2024,CORTE SELETIVO,C51L41,POINT (-61.2194467668594 -8.23975224443712)
2024,CORTE SELETIVO,C51L41,POINT (-61.21575312351568 -8.23964818972297)
2024,CORTE SELETIVO,C51L41,POINT (-61.21314894075173 -8.239651544847979)
2024,CORTE SELETIVO,C51L41,POINT (-61.21414560950715 -8.239650095780155)
2024,CORTE SELETIVO,C51L41,POINT (-61.21394976535412 -8.239550976331548)
2024,CORTE SELETIVO,C51L41,POINT (-61.21644571078008 -8.239154635386218)
2024,CORTE SELETIVO,C51L41,POINT (-61.21444737847593 -8.238746434624765)
2024,CORTE SELETIVO,C51L41,POINT (-61.21625340235588 -8.238452406214616)
2024,CORTE SELETIVO,C51L41,POINT (-61.21304817076289 -8.23845045319103)
2024,CORTE SELETIVO,C51L41,POINT (-61.21275157196555 -8.238250688696379)
2024,CORTE SELETIVO,C51L41,POINT (-61.213549445445494 -8.238147757486963)
2024,CORTE SELETIVO,C51L41,POINT (-61.213952256717214 -8.2374540566106)
2024,CORTE SELETIVO,C51L41,POINT (-61.21605376074649 -8.236150590727505)
2024,CORTE SELETIVO,C51L41,POINT (-61.21905185143627 -8.23535143550737)
2024,CORTE SELETIVO,C51L41,POINT (-61.21444795113004 -8.23525284930954)
2024,CORTE SELETIVO,C51L41,POINT (-61.213154508908836 -8.235248765119756)
2024,CORTE SELETIVO,C51L41,POINT (-61.213553476509354 -8.234547358184923)
2024,CORTE SELETIVO,C51L41,POINT (-61.219546202783526 -8.234446335475301)
2024,CORTE SELETIVO,C51L41,POINT (-61.21934246192221 -8.234445995218922)
2024,CORTE SELETIVO,C51L41,POINT (-61.21913250347311 -8.234350113666443)
2024,CORTE SELETIVO,C51L41,POINT (-61.21774841022369 -8.232246445216616)
2024,CORTE SELETIVO,C51L41,POINT (-61.21564651611297 -8.232253660740291)
2024,CORTE SELETIVO,C51L41,POINT (-61.21493195294539 -8.232248259140658)
2024,CORTE SELETIVO,C51L41,POINT (-61.21904945688458 -8.232098344094)
2024,CORTE SELETIVO,C51L41,POINT (-61.21275329748517 -8.230053939045154)
2024,CORTE SELETIVO,C51L41,POINT (-61.21465436071532 -8.229947336385564)
2024,CORTE SELETIVO,C51L41,POINT (-61.209455543721894 -8.240049750836846)
2024,CORTE SELETIVO,C51L41,POINT (-61.20914673551153 -8.23995052209475)
2024,CORTE SELETIVO,C51L41,POINT (-61.21084922798157 -8.239049402595251)
2024,CORTE SELETIVO,C51L41,POINT (-61.21224830501549 -8.238945280938871)
2024,CORTE SELETIVO,C51L41,POINT (-61.209846900457904 -8.23884561478089)
2024,CORTE SELETIVO,C51L41,POINT (-61.20794560461538 -8.238049824488355)
2024,CORTE SELETIVO,C51L41,POINT (-61.209750523794064 -8.237946543558163)
2024,CORTE SELETIVO,C51L41,POINT (-61.20764765561853 -8.237845730816218)
2024,CORTE SELETIVO,C51L41,POINT (-61.20734801269141 -8.23735268965348)
2024,CORTE SELETIVO,C51L41,POINT (-61.209844742515685 -8.23574974307233)
2024,CORTE SELETIVO,C51L41,POINT (-61.20994997211814 -8.235352648940731)
2024,CORTE SELETIVO,C51L41,POINT (-61.20754723178347 -8.23504720949367)
2024,CORTE SELETIVO,C51L41,POINT (-61.21024604654956 -8.234951916064597)
2024,CORTE SELETIVO,C51L41,POINT (-61.210360901419484 -8.233652818694535)
2024,CORTE SELETIVO,C51L41,POINT (-61.210146771750715 -8.23364873960914)
2024,CORTE SELETIVO,C51L41,POINT (-61.211746322244736 -8.23335359677299)
2024,CORTE SELETIVO,C51L41,POINT (-61.20894614238087 -8.232151135384257)
2024,CORTE SELETIVO,C51L41,POINT (-61.20845261151778 -8.232153794003555)
2024,CORTE SELETIVO,C51L41,POINT (-61.21105453677213 -8.2320465582897)
2024,CORTE SELETIVO,C51L41,POINT (-61.208050182815214 -8.231847314825286)
2024,CORTE SELETIVO,C51L41,POINT (-61.21144563666079 -8.23105293139756)
2024,CORTE SELETIVO,C51L41,POINT (-61.208647736948755 -8.22996948790163)
2024,CORTE RASO,C51L41,POINT (-61.208547785245024 -8.211846286755849)
2024,CORTE RASO,C51L41,POINT (-61.20844640431867 -8.211647448029346)
2024,CORTE RASO,C51L41,POINT (-61.208448499863565 -8.211347149425103)
2024,CORTE RASO,C51L41,POINT (-61.20855115359004 -8.210850337500489)
2024,CORTE RASO,C51L41,POINT (-61.207351301368476 -8.210466200002214)
2024,CORTE RASO,C51L41,POINT (-61.20831321221493 -8.2097815255873)
2024,CORTE RASO,C51L41,POINT (-61.207649824185495 -8.209624992866766)
2024,CORTE RASO,C51L41,POINT (-61.20807232327296 -8.20918257211104)
2024,CORTE RASO,C51L41,POINT (-61.20778344793834 -8.208954270430457)
2024,CORTE RASO,C51L41,POINT (-61.20750449711673 -8.208658579056179)
2024,CORTE RASO,C51L41,POINT (-61.20805005867165 -8.208648498239421)
2024,CORTE RASO,C51L41,POINT (-61.20824972169238 -8.208552696299527)
2024,CORTE RASO,C51L41,POINT (-61.207962029115734 -8.208271665234646)
2024,CORTE RASO,C51L41,POINT (-61.2074545534151 -8.208054636685201)
2024,CORTE RASO,C51L41,POINT (-61.208447234183986 -8.207946318055688)
2024,CORTE RASO,C51L41,POINT (-61.20735099764235 -8.207954262880763)
2024,CORTE RASO,C51L41,POINT (-61.20745144639615 -8.207748597752017)
2024,CORTE RASO,C51L41,POINT (-61.207647460644424 -8.20744623236617)
2024,CORTE RASO,C51L41,POINT (-61.207753109167975 -8.20727265185312)
2024,CORTE RASO,C51L41,POINT (-61.2075523972339 -8.207087042202824)
2024,CORTE RASO,C51L41,POINT (-61.20785367503892 -8.207046133402628)
2024,CORTE RASO,C51L41,POINT (-61.20834957187398 -8.206946779606609)
2024,CORTE RASO,C51L41,POINT (-61.20745080752543 -8.206857142998153)
2024,CORTE RASO,C51L41,POINT (-61.20824587694295 -8.206652876808153)
2024,CORTE RASO,C51L41,POINT (-61.20874558760218 -8.206554319576757)
2024,CORTE RASO,C51L41,POINT (-61.21155254512453 -8.187318535794294)
2024,CORTE RASO,C51L41,POINT (-61.21152506583685 -8.186887406945472)
2024,CORTE RASO,C51L41,POINT (-61.21066577906532 -8.18520370277092)
2024,CORTE RASO,C51L41,POINT (-61.20984949104605 -8.183946355126643)
2024,CORTE RASO,C51L41,POINT (-61.209930247290814 -8.183554128345106)
2024,CORTE RASO,C51L41,POINT (-61.21012473617724 -8.182808491480307)
2024,CORTE RASO,C51L41,POINT (-61.2100510835271 -8.182247581258212)
2024,CORTE RASO,C51L41,POINT (-61.20946597334523 -8.179235771153166)
2024,CORTE RASO,C51L41,POINT (-61.20895428660647 -8.179147882641086)
2024,CORTE RASO,C51L41,POINT (-61.20794118635618 -8.178958859924704)
2024,CORTE RASO,C51L41,POINT (-61.20904730396649 -8.178992896500912)
2024,CORTE SELETIVO,C51L41,POINT (-61.20194621844381 -8.248648519150501)
2024,CORTE SELETIVO,C51L41,POINT (-61.2018539290359 -8.248548703272089)
2024,CORTE SELETIVO,C51L41,POINT (-61.20220793067811 -8.248246555626599)
2024,CORTE SELETIVO,C51L41,POINT (-61.20185190621331 -8.246647044626657)
2024,CORTE SELETIVO,C51L41,POINT (-61.2019533512858 -8.246547341728881)
2024,CORTE SELETIVO,C51L41,POINT (-61.20345325372436 -8.2446427949005)
2024,CORTE SELETIVO,C51L41,POINT (-61.20365067851696 -8.24455052062911)
2024,CORTE SELETIVO,C51L41,POINT (-61.20255254060059 -8.244018333653923)
2024,CORTE SELETIVO,C51L41,POINT (-61.2031489999517 -8.243749653604944)
2024,CORTE SELETIVO,C51L41,POINT (-61.20265097863482 -8.243745256601882)
2024,CORTE SELETIVO,C51L41,POINT (-61.20325212947991 -8.243553190998107)
2024,CORTE SELETIVO,C51L41,POINT (-61.203348209705574 -8.243400700318187)
2024,CORTE SELETIVO,C51L41,POINT (-61.20454585559635 -8.242753121422435)
2024,CORTE SELETIVO,C51L41,POINT (-61.2063544104263 -8.241681674429225)
2024,CORTE SELETIVO,C51L41,POINT (-61.205749339530946 -8.241709155892641)
2024,CORTE SELETIVO,C51L41,POINT (-61.20605474685858 -8.24158130134609)
2024,CORTE SELETIVO,C51L41,POINT (-61.201447619231345 -8.24155275908009)
2024,CORTE SELETIVO,C51L41,POINT (-61.20185381325049 -8.24154961059432)
2024,CORTE SELETIVO,C51L41,POINT (-61.20215408809857 -8.241245257747861)
2024,CORTE SELETIVO,C51L41,POINT (-61.206948123901576 -8.240847341665898)
2024,CORTE SELETIVO,C51L41,POINT (-61.20555250562618 -8.239548705096686)
2024,CORTE SELETIVO,C51L41,POINT (-61.200952123080555 -8.239552991791028)
2024,CORTE SELETIVO,C51L41,POINT (-61.20544895742576 -8.23945349294912)
2024,CORTE SELETIVO,C51L41,POINT (-61.20475427558389 -8.239251778483446)
2024,CORTE SELETIVO,C51L41,POINT (-61.20334933343653 -8.238854023032602)
2024,CORTE SELETIVO,C51L41,POINT (-61.205047593609265 -8.238848894072538)
2024,CORTE SELETIVO,C51L41,POINT (-61.204953477152756 -8.238246001737908)
2024,CORTE SELETIVO,C51L41,POINT (-61.2062520039777 -8.237447815626123)
2024,CORTE SELETIVO,C51L41,POINT (-61.20657501030611 -8.237450348176083)
2024,CORTE SELETIVO,C51L41,POINT (-61.2061460124929 -8.237347238939641)
2024,CORTE SELETIVO,C51L41,POINT (-61.20404863012555 -8.236750239225382)
2024,CORTE SELETIVO,C51L41,POINT (-61.20315095241052 -8.236553237126378)
2024,CORTE SELETIVO,C51L41,POINT (-61.203952329224556 -8.23645399717901)
2024,CORTE SELETIVO,C51L41,POINT (-61.20425130371076 -8.235849962922838)
2024,CORTE SELETIVO,C51L41,POINT (-61.2063537159834 -8.23574787064425)
2024,CORTE SELETIVO,C51L41,POINT (-61.201653748925715 -8.23544733671359)
2024,CORTE SELETIVO,C51L41,POINT (-61.20685082476481 -8.23424759143301)
2024,CORTE SELETIVO,C51L41,POINT (-61.20507859832648 -8.232747246115634)
2024,CORTE SELETIVO,C51L41,POINT (-61.20535262712698 -8.23264908882037)
2024,CORTE SELETIVO,C51L41,POINT (-61.20584565417859 -8.231052106316863)
2024,CORTE SELETIVO,C51L41,POINT (-61.20374995284993 -8.228954731218172)
2024,CORTE SELETIVO,C51L41,POINT (-61.20325226682641 -8.228735834623164)
2024,CORTE RASO,C51L41,POINT (-61.203946170106015 -8.211524284216843)
2024,CORTE RASO,C51L41,POINT (-61.206049055059445 -8.21125204329847)
2024,CORTE RASO,C51L41,POINT (-61.20375582676839 -8.211018108753068)
2024,CORTE RASO,C51L41,POINT (-61.2039466695414 -8.21085359652959)
2024,CORTE RASO,C51L41,POINT (-61.2066501737074 -8.210848952768693)
2024,CORTE RASO,C51L41,POINT (-61.20395359713814 -8.210353186145166)
2024,CORTE RASO,C51L41,POINT (-61.205047188959405 -8.209754451400178)
2024,CORTE RASO,C51L41,POINT (-61.20461259397474 -8.209447253246433)
2024,CORTE RASO,C51L41,POINT (-61.20684934293099 -8.209368650375529)
2024,CORTE RASO,C51L41,POINT (-61.207145867967206 -8.208523607153278)
2024,CORTE RASO,C51L41,POINT (-61.20674549089072 -8.207748432647934)
2024,CORTE RASO,C51L41,POINT (-61.203846057152724 -8.207647175859748)
2024,CORTE RASO,C51L41,POINT (-61.204097482108544 -8.207550527141102)
2024,CORTE RASO,C51L41,POINT (-61.204646955961394 -8.207351358846882)
2024,CORTE RASO,C51L41,POINT (-61.20725414077908 -8.206652188001627)
2024,CORTE RASO,C51L41,POINT (-61.20295253315621 -8.184746721534363)
2024,CORTE RASO,C51L41,POINT (-61.204152548585775 -8.184749764406709)
2024,CORTE RASO,C51L41,POINT (-61.204245389232796 -8.1845544092324)
2024,CORTE RASO,C51L41,POINT (-61.203748587135685 -8.184354125120676)
2024,CORTE RASO,C51L41,POINT (-61.203582705738256 -8.184760253865775)
2024,CORTE RASO,C51L41,POINT (-61.20297181051505 -8.184247460759181)
2024,CORTE RASO,C51L41,POINT (-61.20394572437291 -8.184053351377736)
2024,CORTE RASO,C51L41,POINT (-61.20062669974777 -8.18409003617647)
2024,CORTE RASO,C51L41,POINT (-61.20195017357919 -8.18384586646157)
2024,CORTE RASO,C51L41,POINT (-61.20504801899435 -8.18245266130342)
2024,CORTE RASO,C51L41,POINT (-61.205257108139094 -8.182285030915201)
2024,CORTE RASO,C51L41,POINT (-61.20489355849125 -8.182145414186767)
2024,CORTE RASO,C51L41,POINT (-61.20525339349823 -8.181893110783912)
2024,CORTE RASO,C51L41,POINT (-61.20566020780683 -8.181746957018657)
2024,CORTE RASO,C51L41,POINT (-61.20544641003794 -8.181660098544848)
2024,CORTE RASO,C51L41,POINT (-61.20514567782566 -8.181654484474427)
2024,CORTE RASO,C51L41,POINT (-61.205848930779766 -8.18148629070461)
2024,CORTE RASO,C51L41,POINT (-61.2059529936671 -8.181348993925083)
2024,CORTE RASO,C51L41,POINT (-61.205550199266646 -8.1811493011532)
2024,CORTE RASO,C51L41,POINT (-61.2051484583529 -8.18104899886711)
2024,CORTE RASO,C51L41,POINT (-61.206079142050264 -8.17959613735477)
2024,CORTE RASO,C51L41,POINT (-61.20633065694081 -8.179148283505949)
2024,CORTE RASO,C51L41,POINT (-61.20614998058046 -8.178953152039622)
2024,CORTE SELETIVO,C51L41,POINT (-61.20022752166168 -8.246449496197094)
2024,CORTE SELETIVO,C51L41,POINT (-61.19974572474508 -8.246245677636177)
2024,CORTE SELETIVO,C51L41,POINT (-61.199153169801605 -8.241546762234943)
2024,CORTE SELETIVO,C51L41,POINT (-61.198849519767585 -8.2414460242351)
2024,CORTE SELETIVO,C51L41,POINT (-61.19595206152701 -8.240549573771537)
2024,CORTE SELETIVO,C51L41,POINT (-61.19643492100554 -8.240470083716122)
2024,CORTE SELETIVO,C51L41,POINT (-61.19664938327389 -8.24044597418634)
2024,CORTE SELETIVO,C51L41,POINT (-61.19585254896982 -8.240445212639344)
2024,CORTE SELETIVO,C51L41,POINT (-61.19624554723948 -8.240350804864981)
2024,CORTE SELETIVO,C51L41,POINT (-61.19684759558214 -8.240345911254138)
2024,CORTE SELETIVO,C51L41,POINT (-61.19604738992147 -8.240254781179043)
2024,CORTE SELETIVO,C51L41,POINT (-61.19754780121945 -8.236949495124659)
2024,CORTE SELETIVO,C51L41,POINT (-61.197652314518066 -8.236848179163463)
2024,CORTE SELETIVO,C51L41,POINT (-61.19771080110929 -8.235629992653472)
2024,CORTE SELETIVO,C51L41,POINT (-61.19834695837103 -8.235447830839444)
2024,CORTE SELETIVO,C51L41,POINT (-61.19928314414321 -8.233950019901311)
2024,CORTE SELETIVO,C51L41,POINT (-61.19855037939058 -8.233652897891917)
2024,CORTE SELETIVO,C51L41,POINT (-61.19914718899216 -8.232753039099862)
2024,CORTE RASO,C51L41,POINT (-61.199154184718765 -8.18155199296233)
2024,CORTE SELETIVO,C51L41,POINT (-61.172571723043475 -8.19514763248972)
2024,CORTE SELETIVO,C51L41,POINT (-61.173346369307154 -8.194148662414364)
2024,CORTE SELETIVO,C51L41,POINT (-61.17295304111486 -8.193754687905326)
2024,CORTE SELETIVO,C51L41,POINT (-61.17375394143765 -8.193371889294419)
2024,CORTE SELETIVO,C51L41,POINT (-61.173251706005345 -8.193347604213418)
2024,CORTE SELETIVO,C51L41,POINT (-61.17355389517928 -8.193251875758143)
2024,CORTE SELETIVO,C51L41,POINT (-61.17404737245983 -8.192452362365636)
2024,CORTE SELETIVO,C51L41,POINT (-61.1741466692304 -8.192252724678069)
2024,CORTE SELETIVO,C51L41,POINT (-61.16775017123393 -8.247048744749003)
2024,CORTE SELETIVO,C51L41,POINT (-61.167850868603765 -8.243649134580451)
2024,CORTE SELETIVO,C51L41,POINT (-61.167607482796946 -8.238946784014205)
2024,CORTE SELETIVO,C51L41,POINT (-61.167768323617345 -8.23836743703073)
2024,CORTE SELETIVO,C51L41,POINT (-61.17145180839891 -8.197845971260206)
2024,CORTE SELETIVO,C51L41,POINT (-61.15854997855161 -8.249953868060311)
2024,CORTE SELETIVO,C51L41,POINT (-61.16535255445613 -8.249947481064629)
2024,CORTE SELETIVO,C51L41,POINT (-61.16245121868467 -8.24994700160038)
2024,CORTE SELETIVO,C51L41,POINT (-61.16092498697435 -8.249850619099028)
2024,CORTE SELETIVO,C51L41,POINT (-61.16124588778769 -8.249752397376847)
2024,CORTE SELETIVO,C51L41,POINT (-61.15954974112775 -8.249747315020322)
2024,CORTE SELETIVO,C51L41,POINT (-61.16454863004916 -8.249748261501775)
2024,CORTE SELETIVO,C51L41,POINT (-61.16325119503167 -8.249051852738114)
2024,CORTE SELETIVO,C51L41,POINT (-61.16538177535674 -8.24905473236491)
2024,CORTE SELETIVO,C51L41,POINT (-61.16367126908023 -8.24885057787466)
2024,CORTE SELETIVO,C51L41,POINT (-61.16015355252617 -8.248647720600962)
2024,CORTE SELETIVO,C51L41,POINT (-61.163053624282554 -8.248649523694406)
2024,CORTE SELETIVO,C51L41,POINT (-61.16515087523582 -8.248448167079838)
2024,CORTE SELETIVO,C51L41,POINT (-61.159549558844255 -8.248451295063765)
2024,CORTE SELETIVO,C51L41,POINT (-61.166150721629656 -8.247454039979775)
2024,CORTE SELETIVO,C51L41,POINT (-61.16699177359902 -8.247450915699888)
2024,CORTE SELETIVO,C51L41,POINT (-61.167248079363574 -8.247448197228515)
2024,CORTE SELETIVO,C51L41,POINT (-61.16715245848415 -8.247350145207765)
2024,CORTE SELETIVO,C51L41,POINT (-61.16465390321902 -8.247342266368745)
2024,CORTE SELETIVO,C51L41,POINT (-61.16065182249488 -8.247246325886245)
2024,CORTE SELETIVO,C51L41,POINT (-61.15985411008907 -8.247146644370671)
2024,CORTE SELETIVO,C51L41,POINT (-61.15932265426062 -8.246850186975196)
2024,CORTE SELETIVO,C51L41,POINT (-61.16102809265469 -8.246839368647976)
2024,CORTE SELETIVO,C51L41,POINT (-61.161547730640685 -8.246749426731416)
2024,CORTE SELETIVO,C51L41,POINT (-61.16094603857321 -8.246648392584731)
2024,CORTE SELETIVO,C51L41,POINT (-61.160746532855775 -8.246646509370388)
2024,CORTE SELETIVO,C51L41,POINT (-61.165651592505576 -8.246547844264697)
2024,CORTE SELETIVO,C51L41,POINT (-61.15945146423875 -8.24654521652566)
2024,CORTE SELETIVO,C51L41,POINT (-61.159886003048314 -8.246350293429316)
2024,CORTE SELETIVO,C51L41,POINT (-61.16614652253412 -8.24625095580939)
2024,CORTE SELETIVO,C51L41,POINT (-61.158352807848125 -8.2461458415182)
2024,CORTE SELETIVO,C51L41,POINT (-61.159553892246656 -8.246147985090072)
2024,CORTE SELETIVO,C51L41,POINT (-61.15944808250007 -8.2460515334884)
2024,CORTE SELETIVO,C51L41,POINT (-61.16194570063788 -8.245949157256238)
2024,CORTE SELETIVO,C51L41,POINT (-61.16345144488078 -8.245749225523062)
2024,CORTE SELETIVO,C51L41,POINT (-61.166552391550916 -8.245649622976082)
2024,CORTE SELETIVO,C51L41,POINT (-61.16105449108203 -8.245350104744805)
2024,CORTE SELETIVO,C51L41,POINT (-61.160850870450005 -8.245251298504092)
2024,CORTE SELETIVO,C51L41,POINT (-61.15924486406956 -8.245214156555898)
2024,CORTE SELETIVO,C51L41,POINT (-61.16714592848785 -8.245147607430845)
2024,CORTE SELETIVO,C51L41,POINT (-61.162552193210914 -8.245053618131923)
2024,CORTE SELETIVO,C51L41,POINT (-61.16364892741588 -8.244954444131496)
2024,CORTE SELETIVO,C51L41,POINT (-61.166353503294225 -8.244853062368716)
2024,CORTE SELETIVO,C51L41,POINT (-61.159450902710745 -8.244752733976682)
2024,CORTE SELETIVO,C51L41,POINT (-61.16175322476589 -8.244750716345917)
2024,CORTE SELETIVO,C51L41,POINT (-61.16145448909954 -8.244747131129731)
2024,CORTE SELETIVO,C51L41,POINT (-61.1653487966194 -8.244748452764101)
2024,CORTE SELETIVO,C51L41,POINT (-61.159748279522525 -8.244650902078597)
2024,CORTE SELETIVO,C51L41,POINT (-61.1587511058784 -8.244652955056498)
2024,CORTE SELETIVO,C51L41,POINT (-61.1642480810742 -8.243950840604155)
2024,CORTE SELETIVO,C51L41,POINT (-61.1655460071072 -8.243949521102705)
2024,CORTE SELETIVO,C51L41,POINT (-61.16164865022101 -8.24374786631905)
2024,CORTE SELETIVO,C51L41,POINT (-61.1631500366814 -8.243652247642794)
2024,CORTE SELETIVO,C51L41,POINT (-61.16185186679998 -8.243446576841395)
2024,CORTE SELETIVO,C51L41,POINT (-61.16365090808567 -8.243185399228524)
2024,CORTE SELETIVO,C51L41,POINT (-61.1618466262614 -8.243151883911175)
2024,CORTE SELETIVO,C51L41,POINT (-61.160754566652 -8.242907702786987)
2024,CORTE SELETIVO,C51L41,POINT (-61.16745431759099 -8.242853612136347)
2024,CORTE SELETIVO,C51L41,POINT (-61.16514827418151 -8.242851229863406)
2024,CORTE SELETIVO,C51L41,POINT (-61.160747607813654 -8.242546587592384)
2024,CORTE SELETIVO,C51L41,POINT (-61.165953263593 -8.242348773818224)
2024,CORTE SELETIVO,C51L41,POINT (-61.16434612039496 -8.242154641223848)
2024,CORTE SELETIVO,C51L41,POINT (-61.159946721119724 -8.242045427869668)
2024,CORTE SELETIVO,C51L41,POINT (-61.165451555656595 -8.241952636572638)
2024,CORTE SELETIVO,C51L41,POINT (-61.16695370273842 -8.241852051714064)
2024,CORTE SELETIVO,C51L41,POINT (-61.15945250188415 -8.241854057269657)
2024,CORTE SELETIVO,C51L41,POINT (-61.16394879122164 -8.241745322414141)
2024,CORTE SELETIVO,C51L41,POINT (-61.165347427522676 -8.241752749444291)
2024,CORTE SELETIVO,C51L41,POINT (-61.161351140686655 -8.24165350712623)
2024,CORTE SELETIVO,C51L41,POINT (-61.164154076731265 -8.241349459291856)
2024,CORTE SELETIVO,C51L41,POINT (-61.16494992498707 -8.24117960982998)
2024,CORTE SELETIVO,C51L41,POINT (-61.16334762982232 -8.241248175161347)
2024,CORTE SELETIVO,C51L41,POINT (-61.160147427896604 -8.240751097584464)
2024,CORTE SELETIVO,C51L41,POINT (-61.16065438867948 -8.240251179410949)
2024,CORTE SELETIVO,C51L41,POINT (-61.16662248570139 -8.239796281540569)
2024,CORTE SELETIVO,C51L41,POINT (-61.16577208549239 -8.23890004375456)
2024,CORTE SELETIVO,C51L41,POINT (-61.1663286502114 -8.238354612523898)
2024,CORTE SELETIVO,C51L41,POINT (-61.16674969056813 -8.23824966740583)
2024,CORTE SELETIVO,C51L41,POINT (-61.16334578611726 -8.111249809686637)
2024,CORTE SELETIVO,C51L41,POINT (-61.15813425101687 -8.249950901803846)
2024,CORTE SELETIVO,C51L41,POINT (-61.15023737373719 -8.24995243220474)
2024,CORTE SELETIVO,C51L41,POINT (-61.14904039035923 -8.249949269015719)
2024,CORTE SELETIVO,C51L41,POINT (-61.14709068805982 -8.249948551546213)
2024,CORTE SELETIVO,C51L41,POINT (-61.149950795581006 -8.249852611349361)
2024,CORTE SELETIVO,C51L41,POINT (-61.144151369170764 -8.249848966800325)
2024,CORTE SELETIVO,C51L41,POINT (-61.146775274335546 -8.249812092502378)
2024,CORTE SELETIVO,C51L41,POINT (-61.151054463740614 -8.249555603765549)
2024,CORTE SELETIVO,C51L41,POINT (-61.147152458934244 -8.249554644680112)
2024,CORTE SELETIVO,C51L41,POINT (-61.15374713867616 -8.249550892474426)
2024,CORTE SELETIVO,C51L41,POINT (-61.15365425167837 -8.24945394689014)
2024,CORTE SELETIVO,C51L41,POINT (-61.14564822413638 -8.24945133920972)
2024,CORTE SELETIVO,C51L41,POINT (-61.147646862526166 -8.249351905748119)
2024,CORTE SELETIVO,C51L41,POINT (-61.147858145729785 -8.249353747519992)
2024,CORTE SELETIVO,C51L41,POINT (-61.141349517194634 -8.249251774030823)
2024,CORTE SELETIVO,C51L41,POINT (-61.153499682400835 -8.249335437740248)
2024,CORTE SELETIVO,C51L41,POINT (-61.14774902320396 -8.249152128873456)
2024,CORTE SELETIVO,C51L41,POINT (-61.140949879505314 -8.249046509610796)
2024,CORTE SELETIVO,C51L41,POINT (-61.157853188727124 -8.248949011720057)
2024,CORTE SELETIVO,C51L41,POINT (-61.146048396314626 -8.248948083928449)
2024,CORTE SELETIVO,C51L41,POINT (-61.14284856446253 -8.248847570813577)
2024,CORTE SELETIVO,C51L41,POINT (-61.144547006661526 -8.248852661492682)
2024,CORTE SELETIVO,C51L41,POINT (-61.15835432023871 -8.248746805033232)
2024,CORTE SELETIVO,C51L41,POINT (-61.1577458911658 -8.24865157483388)
2024,CORTE SELETIVO,C51L41,POINT (-61.13954835750041 -8.248550083935214)
2024,CORTE SELETIVO,C51L41,POINT (-61.14365388314643 -8.248552683455115)
2024,CORTE SELETIVO,C51L41,POINT (-61.14405319953559 -8.248452316198005)
2024,CORTE SELETIVO,C51L41,POINT (-61.156550905416374 -8.248346380978852)
2024,CORTE SELETIVO,C51L41,POINT (-61.15725121710266 -8.248248319636978)
2024,CORTE SELETIVO,C51L41,POINT (-61.157145725807204 -8.248050544703128)
2024,CORTE SELETIVO,C51L41,POINT (-61.148552622895785 -8.247748477816597)
2024,CORTE SELETIVO,C51L41,POINT (-61.151561628316465 -8.2477386902845)
2024,CORTE SELETIVO,C51L41,POINT (-61.145347226626264 -8.247550962494753)
2024,CORTE SELETIVO,C51L41,POINT (-61.14525144944997 -8.247448460987643)
2024,CORTE SELETIVO,C51L41,POINT (-61.151807896217434 -8.247312064532911)
2024,CORTE SELETIVO,C51L41,POINT (-61.14245107784072 -8.247151829395996)
2024,CORTE SELETIVO,C51L41,POINT (-61.15554850518852 -8.247153925167728)
2024,CORTE SELETIVO,C51L41,POINT (-61.1396454633511 -8.246908094776565)
2024,CORTE SELETIVO,C51L41,POINT (-61.146053263712346 -8.246752507435886)
2024,CORTE SELETIVO,C51L41,POINT (-61.143754297543545 -8.2467480613066)
2024,CORTE SELETIVO,C51L41,POINT (-61.14475291616983 -8.246751698703632)
2024,CORTE SELETIVO,C51L41,POINT (-61.14524616191674 -8.24667564659229)
2024,CORTE SELETIVO,C51L41,POINT (-61.15144692215738 -8.24660400303133)
2024,CORTE SELETIVO,C51L41,POINT (-61.15518822527848 -8.246654145994217)
2024,CORTE SELETIVO,C51L41,POINT (-61.14474831994617 -8.246549276407253)
2024,CORTE SELETIVO,C51L41,POINT (-61.142749479593135 -8.246552422368783)
2024,CORTE SELETIVO,C51L41,POINT (-61.15255432068755 -8.246445678760411)
2024,CORTE SELETIVO,C51L41,POINT (-61.14635146397073 -8.246245867580674)
2024,CORTE SELETIVO,C51L41,POINT (-61.14415157559441 -8.246251608279424)
2024,CORTE SELETIVO,C51L41,POINT (-61.15164538510759 -8.24615841074073)
2024,CORTE SELETIVO,C51L41,POINT (-61.14595082931333 -8.246147797142399)
2024,CORTE SELETIVO,C51L41,POINT (-61.146047930093886 -8.246049534291178)
2024,CORTE SELETIVO,C51L41,POINT (-61.15174683838856 -8.24604646095421)
2024,CORTE SELETIVO,C51L41,POINT (-61.14415455862856 -8.24595308083841)
2024,CORTE SELETIVO,C51L41,POINT (-61.156052470947515 -8.245952322095539)
2024,CORTE SELETIVO,C51L41,POINT (-61.14190079554009 -8.245954245584159)
2024,CORTE SELETIVO,C51L41,POINT (-61.14425084324806 -8.245848468920688)
2024,CORTE SELETIVO,C51L41,POINT (-61.14845263069189 -8.245753132325678)
2024,CORTE SELETIVO,C51L41,POINT (-61.15265228207406 -8.245748427442885)
2024,CORTE SELETIVO,C51L41,POINT (-61.14344848608491 -8.245750324148537)
2024,CORTE SELETIVO,C51L41,POINT (-61.14334887166631 -8.24565332054819)
2024,CORTE SELETIVO,C51L41,POINT (-61.14254794048985 -8.245447938487127)
2024,CORTE SELETIVO,C51L41,POINT (-61.1561468016073 -8.245353458318506)
2024,CORTE SELETIVO,C51L41,POINT (-61.14075410216035 -8.244765021240566)
2024,CORTE SELETIVO,C51L41,POINT (-61.14655313600843 -8.244749302408207)
2024,CORTE SELETIVO,C51L41,POINT (-61.14265413611301 -8.24475080056925)
2024,CORTE SELETIVO,C51L41,POINT (-61.15204760761369 -8.244647523025199)
2024,CORTE SELETIVO,C51L41,POINT (-61.141952832992075 -8.244647601643734)
2024,CORTE SELETIVO,C51L41,POINT (-61.14024859264568 -8.244345305651118)
2024,CORTE SELETIVO,C51L41,POINT (-61.14435137161198 -8.244249843626578)
2024,CORTE SELETIVO,C51L41,POINT (-61.152652146508274 -8.244149314439717)
2024,CORTE SELETIVO,C51L41,POINT (-61.1545584911392 -8.244146333175639)
2024,CORTE SELETIVO,C51L41,POINT (-61.15715157529603 -8.244146246768874)
2024,CORTE SELETIVO,C51L41,POINT (-61.157750462835665 -8.244146298216771)
2024,CORTE SELETIVO,C51L41,POINT (-61.14455008616099 -8.243947687169335)
2024,CORTE SELETIVO,C51L41,POINT (-61.15095405534064 -8.243949218406097)
2024,CORTE SELETIVO,C51L41,POINT (-61.1511531302747 -8.243945913135498)
2024,CORTE SELETIVO,C51L41,POINT (-61.15075008741751 -8.243853410007112)
2024,CORTE SELETIVO,C51L41,POINT (-61.140948427041266 -8.243851570290186)
2024,CORTE SELETIVO,C51L41,POINT (-61.15394928923241 -8.243747065244847)
2024,CORTE SELETIVO,C51L41,POINT (-61.15155182575753 -8.243749991552473)
2024,CORTE SELETIVO,C51L41,POINT (-61.14775220053306 -8.243652389793942)
2024,CORTE SELETIVO,C51L41,POINT (-61.15515024047941 -8.24364632311057)
2024,CORTE SELETIVO,C51L41,POINT (-61.149354311972914 -8.243545992115084)
2024,CORTE SELETIVO,C51L41,POINT (-61.15645454646522 -8.243545298754443)
2024,CORTE SELETIVO,C51L41,POINT (-61.15275291442357 -8.243550681015275)
2024,CORTE SELETIVO,C51L41,POINT (-61.15214955724617 -8.24344670039117)
2024,CORTE SELETIVO,C51L41,POINT (-61.15155310858468 -8.243448791786813)
2024,CORTE SELETIVO,C51L41,POINT (-61.15705132811038 -8.243448595029912)
2024,CORTE SELETIVO,C51L41,POINT (-61.15665251423548 -8.243453857445383)
2024,CORTE SELETIVO,C51L41,POINT (-61.14144562679782 -8.243454437853018)
2024,CORTE SELETIVO,C51L41,POINT (-61.143646680119026 -8.243347439948108)
2024,CORTE SELETIVO,C51L41,POINT (-61.14026425843196 -8.243254048648067)
2024,CORTE SELETIVO,C51L41,POINT (-61.149747467479 -8.242952729423882)
2024,CORTE SELETIVO,C51L41,POINT (-61.1552499219243 -8.242946472143887)
2024,CORTE SELETIVO,C51L41,POINT (-61.1436483152404 -8.242646592021906)
2024,CORTE SELETIVO,C51L41,POINT (-61.1466505463402 -8.242450700678901)
2024,CORTE SELETIVO,C51L41,POINT (-61.141648055000104 -8.242450610663006)
2024,CORTE SELETIVO,C51L41,POINT (-61.14595446005906 -8.242448097224495)
2024,CORTE SELETIVO,C51L41,POINT (-61.147153343345344 -8.242448496569263)
2024,CORTE SELETIVO,C51L41,POINT (-61.140652482360906 -8.242347470300112)
2024,CORTE SELETIVO,C51L41,POINT (-61.140349750773716 -8.242250832622284)
2024,CORTE SELETIVO,C51L41,POINT (-61.15605705028991 -8.241947332915446)
2024,CORTE SELETIVO,C51L41,POINT (-61.151149793879874 -8.241753705882115)
2024,CORTE SELETIVO,C51L41,POINT (-61.14314545198582 -8.241653673986065)
2024,CORTE SELETIVO,C51L41,POINT (-61.15605152259452 -8.241447690760278)
2024,CORTE SELETIVO,C51L41,POINT (-61.14814616409407 -8.241250082451456)
2024,CORTE SELETIVO,C51L41,POINT (-61.14205165418256 -8.241151499538297)
2024,CORTE SELETIVO,C51L41,POINT (-61.14855213103211 -8.241146090582363)
2024,CORTE SELETIVO,C51L41,POINT (-61.147753943590075 -8.241146899107033)
2024,CORTE SELETIVO,C51L41,POINT (-61.143050910144616 -8.240951511074847)
2024,CORTE SELETIVO,C51L41,POINT (-61.14175283157094 -8.240950742631304)
2024,CORTE SELETIVO,C51L41,POINT (-61.142045540228594 -8.240850840365125)
2024,CORTE SELETIVO,C51L41,POINT (-61.148753275016084 -8.094751900399192)
2024,CORTE SELETIVO,C51L41,POINT (-61.14874854849574 -8.094535402882512)
2024,CORTE SELETIVO,C51L41,POINT (-61.15458732635311 -8.093551486630995)
2024,CORTE SELETIVO,C51L41,POINT (-61.15504779251846 -8.09355347870059)
2024,CORTE SELETIVO,C51L41,POINT (-61.15495282813241 -8.093454487622132)
2024,CORTE SELETIVO,C51L41,POINT (-61.1388522988733 -8.249949347294717)
2024,CORTE SELETIVO,C51L41,POINT (-61.13945424185523 -8.248452161969176)
2024,CORTE SELETIVO,C51L41,POINT (-61.1390530831108 -8.248050572491247)
2024,CORTE SELETIVO,C51L41,POINT (-61.13915244904813 -8.24784837758459)
2024,CORTE SELETIVO,C51L41,POINT (-61.137150469420106 -8.24774650740017)
2024,CORTE SELETIVO,C51L41,POINT (-61.13915309006229 -8.247446824450472)
2024,CORTE SELETIVO,C51L41,POINT (-61.13944246068688 -8.247388990604263)
2024,CORTE SELETIVO,C51L41,POINT (-61.13265102190658 -8.247352893738597)
2024,CORTE SELETIVO,C51L41,POINT (-61.13864834281011 -8.247250961999613)
2024,CORTE SELETIVO,C51L41,POINT (-61.13594976444409 -8.246054234725293)
2024,CORTE SELETIVO,C51L41,POINT (-61.13914807658774 -8.245948133200962)
2024,CORTE SELETIVO,C51L41,POINT (-61.135746767150614 -8.245749016321216)
2024,CORTE SELETIVO,C51L41,POINT (-61.13895249268099 -8.245741042787104)
2024,CORTE SELETIVO,C51L41,POINT (-61.13395315917226 -8.2456529878907)
2024,CORTE SELETIVO,C51L41,POINT (-61.13425349587837 -8.245546360338968)
2024,CORTE SELETIVO,C51L41,POINT (-61.13355122096486 -8.245450498932666)
2024,CORTE SELETIVO,C51L41,POINT (-61.13695329398961 -8.245354000919166)
2024,CORTE SELETIVO,C51L41,POINT (-61.133953190365276 -8.245261565848223)
2024,CORTE SELETIVO,C51L41,POINT (-61.13425377318179 -8.245250707620427)
2024,CORTE SELETIVO,C51L41,POINT (-61.13735391464374 -8.245054713182975)
2024,CORTE SELETIVO,C51L41,POINT (-61.137151019830256 -8.244949774996314)
2024,CORTE SELETIVO,C51L41,POINT (-61.13363636542994 -8.244944034844071)
2024,CORTE SELETIVO,C51L41,POINT (-61.13385185263741 -8.244650453536671)
2024,CORTE SELETIVO,C51L41,POINT (-61.13690361171497 -8.24455119275015)
2024,CORTE SELETIVO,C51L41,POINT (-61.13924972641539 -8.244452176397223)
2024,CORTE SELETIVO,C51L41,POINT (-61.13405050533588 -8.244347307572301)
2024,CORTE SELETIVO,C51L41,POINT (-61.13425412949359 -8.244353670569469)
2024,CORTE SELETIVO,C51L41,POINT (-61.13804600188422 -8.24425370116501)
2024,CORTE SELETIVO,C51L41,POINT (-61.13395824018794 -8.244051875168736)
2024,CORTE SELETIVO,C51L41,POINT (-61.139153183900866 -8.243950695955714)
2024,CORTE SELETIVO,C51L41,POINT (-61.133950282360075 -8.243851927509168)
2024,CORTE SELETIVO,C51L41,POINT (-61.133774728744754 -8.243568457549783)
2024,CORTE SELETIVO,C51L41,POINT (-61.13365305024702 -8.243448707844276)
2024,CORTE SELETIVO,C51L41,POINT (-61.13406653047749 -8.243345613545726)
2024,CORTE SELETIVO,C51L41,POINT (-61.13874589084367 -8.243152396645026)
2024,CORTE SELETIVO,C51L41,POINT (-61.138496486422426 -8.2429533895979)
2024,CORTE SELETIVO,C51L41,POINT (-61.13470778644938 -8.242354766921316)
2024,CORTE SELETIVO,C51L41,POINT (-61.13455386899515 -8.24215264562787)
2024,CORTE SELETIVO,C51L41,POINT (-61.134749394200796 -8.24196966833277)
2024,CORTE SELETIVO,C51L41,POINT (-61.137645441926715 -8.241148746997494)
2024,CORTE SELETIVO,C51L41,POINT (-61.123045619032354 -8.231087596429568)
2024,CORTE SELETIVO,C51L41,POINT (-61.12355298656636 -8.230754378451573)
2024,CORTE SELETIVO,C51L41,POINT (-61.123427623320545 -8.230646757610703)
2024,CORTE SELETIVO,C51L41,POINT (-61.12314962522088 -8.229552682400087)
2024,CORTE SELETIVO,C51L41,POINT (-61.123452677332565 -8.229445293970777)
2024,CORTE SELETIVO,C51L41,POINT (-61.12425233781761 -8.228748245466399)
2024,CORTE SELETIVO,C51L41,POINT (-61.12355309601011 -8.228654465158716)
2024,CORTE SELETIVO,C51L41,POINT (-61.12374540200462 -8.228454783648901)
2024,CORTE SELETIVO,C51L41,POINT (-61.12385271111993 -8.22825476848757)
2024,CORTE SELETIVO,C51L41,POINT (-61.12463171777161 -8.228052877031338)
2024,CORTE SELETIVO,C51L41,POINT (-61.123449529887004 -8.22764778128056)
2024,CORTE SELETIVO,C51L41,POINT (-61.12324647649984 -8.226350492691383)
2024,CORTE SELETIVO,C51L41,POINT (-61.1245529979731 -8.226348165881054)
2024,CORTE SELETIVO,C51L41,POINT (-61.12334905257283 -8.226254563015846)
2024,CORTE SELETIVO,C51L41,POINT (-61.12464718983439 -8.22614812905407)
2024,CORTE SELETIVO,C51L41,POINT (-61.12515346171047 -8.225547920118354)
2024,CORTE SELETIVO,C51L41,POINT (-61.12484937547506 -8.224952665813522)
2024,CORTE SELETIVO,C51L41,POINT (-61.124352027836196 -8.224849957925015)
2024,CORTE SELETIVO,C51L41,POINT (-61.12437655753268 -8.224252005526763)
2024,CORTE SELETIVO,C51L41,POINT (-61.12494804504975 -8.224245742524573)
2024,CORTE SELETIVO,C51L41,POINT (-61.123948352107405 -8.224253683513641)
2024,CORTE SELETIVO,C51L41,POINT (-61.12514555548841 -8.224152202332972)
2024,CORTE SELETIVO,C51L41,POINT (-61.123852642455205 -8.224147378267075)
2024,CORTE SELETIVO,C51L41,POINT (-61.123449758197914 -8.22404714154047)
2024,CORTE SELETIVO,C51L41,POINT (-61.12315123639726 -8.2232530316445)
2024,CORTE SELETIVO,C51L41,POINT (-61.12425156794318 -8.222953604391638)
2024,CORTE SELETIVO,C51L41,POINT (-61.1247513229508 -8.222848797528316)
2024,CORTE SELETIVO,C51L41,POINT (-61.127550851708 -8.222848277790971)
2024,CORTE SELETIVO,C51L41,POINT (-61.12444695702962 -8.222848163012985)
2024,CORTE SELETIVO,C51L41,POINT (-61.12475225359995 -8.222654718661982)
2024,CORTE SELETIVO,C51L41,POINT (-61.12755040627364 -8.222554081961025)
2024,CORTE SELETIVO,C51L41,POINT (-61.12484567531035 -8.222546237318406)
2024,CORTE SELETIVO,C51L41,POINT (-61.12575308203503 -8.222153183864513)
2024,CORTE SELETIVO,C51L41,POINT (-61.12565252654033 -8.222053128835103)
2024,CORTE SELETIVO,C51L41,POINT (-61.12482147582787 -8.222051666273993)
2024,CORTE SELETIVO,C51L41,POINT (-61.127647239974145 -8.221951413228096)
2024,CORTE SELETIVO,C51L41,POINT (-61.1274494951295 -8.221863076321688)
2024,CORTE SELETIVO,C51L41,POINT (-61.12725020841191 -8.221872903363415)
2024,CORTE SELETIVO,C51L41,POINT (-61.12714914118728 -8.221546655079301)
2024,CORTE SELETIVO,C51L41,POINT (-61.123748284647874 -8.221453153979676)
2024,CORTE SELETIVO,C51L41,POINT (-61.12364807109942 -8.2207532525332)
2024,CORTE SELETIVO,C51L41,POINT (-61.128051949458296 -8.220446088004215)
2024,CORTE SELETIVO,C51L41,POINT (-61.124448265375506 -8.220450035799558)
2024,CORTE SELETIVO,C51L41,POINT (-61.12705175489387 -8.22035468673919)
2024,CORTE SELETIVO,C51L41,POINT (-61.12580671949655 -8.220245325303917)
2024,CORTE SELETIVO,C51L41,POINT (-61.12552447552677 -8.220254580447662)
2024,CORTE SELETIVO,C51L41,POINT (-61.12634727752913 -8.220146894211782)
2024,CORTE SELETIVO,C51L41,POINT (-61.12695287021898 -8.22004889821753)
2024,CORTE SELETIVO,C51L41,POINT (-61.1243517634881 -8.220049744817274)
2024,CORTE SELETIVO,C51L41,POINT (-61.12395127660059 -8.21995418517849)
2024,CORTE SELETIVO,C51L41,POINT (-61.12365088000983 -8.219948033859701)
2024,CORTE SELETIVO,C51L41,POINT (-61.12735381187339 -8.219845372850653)
2024,CORTE SELETIVO,C51L41,POINT (-61.12434733402514 -8.219752039021312)
2024,CORTE SELETIVO,C51L41,POINT (-61.12595141758436 -8.219345336158856)
2024,CORTE SELETIVO,C51L41,POINT (-61.123329631427175 -8.219339282381817)
2024,CORTE SELETIVO,C51L41,POINT (-61.12354768448891 -8.21845136272633)
2024,CORTE SELETIVO,C51L41,POINT (-61.125552746473346 -8.218051994611763)
2024,CORTE SELETIVO,C51L41,POINT (-61.12494596160179 -8.217949091416514)
2024,CORTE SELETIVO,C51L41,POINT (-61.125352265932484 -8.217947970589512)
2024,CORTE SELETIVO,C51L41,POINT (-61.12415292921762 -8.21795376542545)
2024,CORTE SELETIVO,C51L41,POINT (-61.12434610827561 -8.217845677060705)
2024,CORTE SELETIVO,C51L41,POINT (-61.12524779504198 -8.21784793198792)
2024,CORTE SELETIVO,C51L41,POINT (-61.12505459649958 -8.2178539467616)
2024,CORTE SELETIVO,C51L41,POINT (-61.12424643972808 -8.217553292230178)
2024,CORTE SELETIVO,C51L41,POINT (-61.12445265389214 -8.217354229931901)
2024,CORTE SELETIVO,C51L41,POINT (-61.12415415884406 -8.217247622209948)
2024,CORTE SELETIVO,C51L41,POINT (-61.12439277950948 -8.2170504414646)
2024,CORTE SELETIVO,C51L41,POINT (-61.12314537646056 -8.21684530534825)
2024,CORTE SELETIVO,C51L41,POINT (-61.12341801270734 -8.216652960059568)
2024,CORTE SELETIVO,C51L41,POINT (-61.11844546978257 -8.241552423388404)
2024,CORTE SELETIVO,C51L41,POINT (-61.11795083720428 -8.241450541887945)
2024,CORTE SELETIVO,C51L41,POINT (-61.11744693943226 -8.239449298873467)
2024,CORTE SELETIVO,C51L41,POINT (-61.120228393584824 -8.238246880521665)
2024,CORTE SELETIVO,C51L41,POINT (-61.12034918218352 -8.238147845521462)
2024,CORTE SELETIVO,C51L41,POINT (-61.11745440448502 -8.236145726679014)
2024,CORTE SELETIVO,C51L41,POINT (-61.12094782582753 -8.23606658575218)
2024,CORTE SELETIVO,C51L41,POINT (-61.11774696413002 -8.236047420611355)
2024,CORTE SELETIVO,C51L41,POINT (-61.120453893599944 -8.235952177474152)
2024,CORTE SELETIVO,C51L41,POINT (-61.12024842557635 -8.235450719692153)
2024,CORTE SELETIVO,C51L41,POINT (-61.121248920809435 -8.235249903412356)
2024,CORTE SELETIVO,C51L41,POINT (-61.118245563573666 -8.23514924565735)
2024,CORTE SELETIVO,C51L41,POINT (-61.12095377150303 -8.235153610106973)
2024,CORTE SELETIVO,C51L41,POINT (-61.11745136454319 -8.23494980303301)
2024,CORTE SELETIVO,C51L41,POINT (-61.12074793027921 -8.233852117063273)
2024,CORTE SELETIVO,C51L41,POINT (-61.122054334848485 -8.233350761601386)
2024,CORTE SELETIVO,C51L41,POINT (-61.122151054205716 -8.232550980752007)
2024,CORTE SELETIVO,C51L41,POINT (-61.12274957541334 -8.23255106347341)
2024,CORTE SELETIVO,C51L41,POINT (-61.122153012409335 -8.232250403260359)
2024,CORTE SELETIVO,C51L41,POINT (-61.12265066354585 -8.232048540529975)
2024,CORTE SELETIVO,C51L41,POINT (-61.12285243283262 -8.232048062777963)
2024,CORTE SELETIVO,C51L41,POINT (-61.122949879381636 -8.23195327303715)
2024,CORTE SELETIVO,C51L41,POINT (-61.12225286744488 -8.231553658456207)
2024,CORTE SELETIVO,C51L41,POINT (-61.11894996357243 -8.231054331722872)
2024,CORTE SELETIVO,C51L41,POINT (-61.12195000345416 -8.230751869261173)
2024,CORTE SELETIVO,C51L41,POINT (-61.11754889279206 -8.230449151690848)
2024,CORTE SELETIVO,C51L41,POINT (-61.122053836198035 -8.230371323749958)
2024,CORTE SELETIVO,C51L41,POINT (-61.117887912556064 -8.23025027829492)
2024,CORTE SELETIVO,C51L41,POINT (-61.119051581257885 -8.23015222535074)
2024,CORTE SELETIVO,C51L41,POINT (-61.12164911132081 -8.229748941250993)
2024,CORTE SELETIVO,C51L41,POINT (-61.12094975447149 -8.229547246477972)
2024,CORTE SELETIVO,C51L41,POINT (-61.11755387289501 -8.229550327601713)
2024,CORTE SELETIVO,C51L41,POINT (-61.121246104794714 -8.229052498648313)
2024,CORTE SELETIVO,C51L41,POINT (-61.12075335374782 -8.228951817167221)
2024,CORTE SELETIVO,C51L41,POINT (-61.12245059342454 -8.22725006218599)
2024,CORTE SELETIVO,C51L41,POINT (-61.122952053177926 -8.227063684563511)
2024,CORTE SELETIVO,C51L41,POINT (-61.12274656761369 -8.22704622675861)
2024,CORTE SELETIVO,C51L41,POINT (-61.121450855445495 -8.226951676814203)
2024,CORTE SELETIVO,C51L41,POINT (-61.117646151912766 -8.22674789514306)
2024,CORTE SELETIVO,C51L41,POINT (-61.12164957961405 -8.22625000634238)
2024,CORTE SELETIVO,C51L41,POINT (-61.12145162724125 -8.226052197784353)
2024,CORTE SELETIVO,C51L41,POINT (-61.122147610843776 -8.226047081567932)
2024,CORTE SELETIVO,C51L41,POINT (-61.12265029947932 -8.225949920470889)
2024,CORTE SELETIVO,C51L41,POINT (-61.12175335783283 -8.225945943236306)
2024,CORTE SELETIVO,C51L41,POINT (-61.11825148451385 -8.2259524615261)
2024,CORTE SELETIVO,C51L41,POINT (-61.118746143800195 -8.225753132643323)
2024,CORTE SELETIVO,C51L41,POINT (-61.122053301780994 -8.22544624855173)
2024,CORTE SELETIVO,C51L41,POINT (-61.12225000956516 -8.225453963962847)
2024,CORTE SELETIVO,C51L41,POINT (-61.12185265193643 -8.225352721349124)
2024,CORTE SELETIVO,C51L41,POINT (-61.122449633495876 -8.225150209391424)
2024,CORTE SELETIVO,C51L41,POINT (-61.12295233359424 -8.224649626288835)
2024,CORTE SELETIVO,C51L41,POINT (-61.1228544777493 -8.223346537406739)
2024,CORTE SELETIVO,C51L41,POINT (-61.11744584372831 -8.222952582707341)
2024,CORTE SELETIVO,C51L41,POINT (-61.11754725293207 -8.22285053521396)
2024,CORTE SELETIVO,C51L41,POINT (-61.12255093542328 -8.222849687099234)
2024,CORTE SELETIVO,C51L41,POINT (-61.122646552841196 -8.222754743006243)
2024,CORTE SELETIVO,C51L41,POINT (-61.1180513470989 -8.22275252197583)
2024,CORTE SELETIVO,C51L41,POINT (-61.11764953869433 -8.221853567590173)
2024,CORTE SELETIVO,C51L41,POINT (-61.11805018843924 -8.221545469270445)
2024,CORTE SELETIVO,C51L41,POINT (-61.11914636394041 -8.221450439522707)
2024,CORTE SELETIVO,C51L41,POINT (-61.11795081111134 -8.221319046480598)
2024,CORTE SELETIVO,C51L41,POINT (-61.12135276354369 -8.220453802975321)
2024,CORTE SELETIVO,C51L41,POINT (-61.11800277840249 -8.22024534481138)
2024,CORTE SELETIVO,C51L41,POINT (-61.121348207317666 -8.220150488963512)
2024,CORTE SELETIVO,C51L41,POINT (-61.11814543065565 -8.220152545772814)
2024,CORTE SELETIVO,C51L41,POINT (-61.11784691736054 -8.220013459410378)
2024,CORTE SELETIVO,C51L41,POINT (-61.12195265235179 -8.21985374639846)
2024,CORTE SELETIVO,C51L41,POINT (-61.11825325660793 -8.218049571238145)
2024,CORTE SELETIVO,C51L41,POINT (-61.11995250825002 -8.217851756543793)
2024,CORTE SELETIVO,C51L41,POINT (-61.119193274975174 -8.217845593291434)
2024,CORTE SELETIVO,C51L41,POINT (-61.11861992597041 -8.217745212214862)
2024,CORTE SELETIVO,C51L41,POINT (-61.12295097136374 -8.217745866226592)
2024,CORTE SELETIVO,C51L41,POINT (-61.12005031471806 -8.217651749286725)
2024,CORTE SELETIVO,C51L41,POINT (-61.12024540704294 -8.217551509950354)
2024,CORTE SELETIVO,C51L41,POINT (-61.12155272012607 -8.216854363745044)
2024,CORTE SELETIVO,C51L41,POINT (-61.12254289807831 -8.216775817997855)
2024,CORTE SELETIVO,C51L41,POINT (-61.121746848878885 -8.216648008441712)
2024,CORTE SELETIVO,C51L41,POINT (-61.122846149792494 -8.216350467583709)
2024,CORTE SELETIVO,C51L41,POINT (-61.12094590906709 -8.216249366092782)
2024,CORTE SELETIVO,C51L41,POINT (-61.1208483624842 -8.216089365512643)
2024,CORTE SELETIVO,C51L41,POINT (-61.120149563861105 -8.215750729074308)
2024,CORTE SELETIVO,C51L41,POINT (-61.12035226228197 -8.215754260832314)
2024,CORTE SELETIVO,C51L41,POINT (-61.11964986576827 -8.215260037374625)
2024,CORTE SELETIVO,C51L41,POINT (-61.11517412497117 -8.247047802806755)
2024,CORTE SELETIVO,C51L41,POINT (-61.114646275788125 -8.246449829009721)
2024,CORTE SELETIVO,C51L41,POINT (-61.1145484561186 -8.246150744911375)
2024,CORTE SELETIVO,C51L41,POINT (-61.114050260051286 -8.24594780573862)
2024,CORTE SELETIVO,C51L41,POINT (-61.117249637094446 -8.244854210971777)
2024,CORTE SELETIVO,C51L41,POINT (-61.114254381428765 -8.243952796916938)
2024,CORTE SELETIVO,C51L41,POINT (-61.114254097893316 -8.243752595414453)
2024,CORTE SELETIVO,C51L41,POINT (-61.11354652775303 -8.243459132444405)
2024,CORTE SELETIVO,C51L41,POINT (-61.11325183713584 -8.243446305709172)
2024,CORTE SELETIVO,C51L41,POINT (-61.11535024072757 -8.241249484332153)
2024,CORTE SELETIVO,C51L41,POINT (-61.11574710756116 -8.241049147583634)
2024,CORTE SELETIVO,C51L41,POINT (-61.11644890852128 -8.24034682310966)
2024,CORTE SELETIVO,C51L41,POINT (-61.11435403656145 -8.239448723120132)
2024,CORTE SELETIVO,C51L41,POINT (-61.11724789041934 -8.239346239895886)
2024,CORTE SELETIVO,C51L41,POINT (-61.11455177820701 -8.239053598805963)
2024,CORTE SELETIVO,C51L41,POINT (-61.114249156612395 -8.239051405248588)
2024,CORTE SELETIVO,C51L41,POINT (-61.11506431443638 -8.239047646975171)
2024,CORTE SELETIVO,C51L41,POINT (-61.116065233569884 -8.238752632352657)
2024,CORTE SELETIVO,C51L41,POINT (-61.114022456235595 -8.237746887292518)
2024,CORTE SELETIVO,C51L41,POINT (-61.11366136822378 -8.237724715382008)
2024,CORTE SELETIVO,C51L41,POINT (-61.113252223078916 -8.237669353614637)
2024,CORTE SELETIVO,C51L41,POINT (-61.11274543137546 -8.237650257660551)
2024,CORTE SELETIVO,C51L41,POINT (-61.11271800784761 -8.23718152584326)
2024,CORTE SELETIVO,C51L41,POINT (-61.11295399060855 -8.237151094033617)
2024,CORTE SELETIVO,C51L41,POINT (-61.113450859218915 -8.237205227395124)
2024,CORTE SELETIVO,C51L41,POINT (-61.115523263283194 -8.23685037796809)
2024,CORTE SELETIVO,C51L41,POINT (-61.11329324515168 -8.236450143076494)
2024,CORTE SELETIVO,C51L41,POINT (-61.11394821772332 -8.2363701409186)
2024,CORTE SELETIVO,C51L41,POINT (-61.112845867460955 -8.236348860108423)
2024,CORTE SELETIVO,C51L41,POINT (-61.113153741381105 -8.236349232193017)
2024,CORTE SELETIVO,C51L41,POINT (-61.11304916021803 -8.236251779365135)
2024,CORTE SELETIVO,C51L41,POINT (-61.11495100113215 -8.236248619353326)
2024,CORTE SELETIVO,C51L41,POINT (-61.11484776142362 -8.236078008355106)
2024,CORTE SELETIVO,C51L41,POINT (-61.114247832262016 -8.236053682153527)
2024,CORTE SELETIVO,C51L41,POINT (-61.114527384092376 -8.23607698916388)
2024,CORTE SELETIVO,C51L41,POINT (-61.11675255655428 -8.235946218862695)
2024,CORTE SELETIVO,C51L41,POINT (-61.11634800510593 -8.23584550415145)
2024,CORTE SELETIVO,C51L41,POINT (-61.114247023483834 -8.234953123941427)
2024,CORTE SELETIVO,C51L41,POINT (-61.11583226585134 -8.23475420076571)
2024,CORTE SELETIVO,C51L41,POINT (-61.11604630116632 -8.234748849979008)
2024,CORTE SELETIVO,C51L41,POINT (-61.11285356594271 -8.234752993322834)
2024,CORTE SELETIVO,C51L41,POINT (-61.11649703603452 -8.234745738300266)
2024,CORTE SELETIVO,C51L41,POINT (-61.1153489027895 -8.234651943443035)
2024,CORTE SELETIVO,C51L41,POINT (-61.11515386419703 -8.23447042429375)
2024,CORTE SELETIVO,C51L41,POINT (-61.11405254096431 -8.234451991152888)
2024,CORTE SELETIVO,C51L41,POINT (-61.11384916300702 -8.234353253182125)
2024,CORTE SELETIVO,C51L41,POINT (-61.11508667585901 -8.234246250197245)
2024,CORTE SELETIVO,C51L41,POINT (-61.11345418415175 -8.234247937556884)
2024,CORTE SELETIVO,C51L41,POINT (-61.11285318179413 -8.234147287961001)
2024,CORTE SELETIVO,C51L41,POINT (-61.11414667933825 -8.234151656016858)
2024,CORTE SELETIVO,C51L41,POINT (-61.11438860219397 -8.234153931048317)
2024,CORTE SELETIVO,C51L41,POINT (-61.11545211411443 -8.234046278393082)
2024,CORTE SELETIVO,C51L41,POINT (-61.114224010110675 -8.233952796758249)
2024,CORTE SELETIVO,C51L41,POINT (-61.113949465045614 -8.233752128905955)
2024,CORTE SELETIVO,C51L41,POINT (-61.11475262723649 -8.233653930411581)
2024,CORTE SELETIVO,C51L41,POINT (-61.11445189542627 -8.233554558220753)
2024,CORTE SELETIVO,C51L41,POINT (-61.1172472377953 -8.23344998628541)
2024,CORTE SELETIVO,C51L41,POINT (-61.11625221069992 -8.233396986142038)
2024,CORTE SELETIVO,C51L41,POINT (-61.11334842083813 -8.233354779536251)
2024,CORTE SELETIVO,C51L41,POINT (-61.11514902731435 -8.233347829888183)
2024,CORTE SELETIVO,C51L41,POINT (-61.11735244592096 -8.23335338340974)
2024,CORTE SELETIVO,C51L41,POINT (-61.11364843437757 -8.233150878751935)
2024,CORTE SELETIVO,C51L41,POINT (-61.11584540064279 -8.233046086730253)
2024,CORTE SELETIVO,C51L41,POINT (-61.11545131248431 -8.232953021288042)
2024,CORTE SELETIVO,C51L41,POINT (-61.11735424584878 -8.232856276280618)
2024,CORTE SELETIVO,C51L41,POINT (-61.1133497274574 -8.232750647760898)
2024,CORTE SELETIVO,C51L41,POINT (-61.112953644461776 -8.232651244753939)
2024,CORTE SELETIVO,C51L41,POINT (-61.115062438678216 -8.232648395016728)
2024,CORTE SELETIVO,C51L41,POINT (-61.11665408711064 -8.232553230729108)
2024,CORTE SELETIVO,C51L41,POINT (-61.115946040963166 -8.231946317460084)
2024,CORTE SELETIVO,C51L41,POINT (-61.116254247203244 -8.231746230771773)
2024,CORTE SELETIVO,C51L41,POINT (-61.11564587975806 -8.231746918892693)
2024,CORTE SELETIVO,C51L41,POINT (-61.11365228636757 -8.23155223774578)
2024,CORTE SELETIVO,C51L41,POINT (-61.11534550044196 -8.23125003521969)
2024,CORTE SELETIVO,C51L41,POINT (-61.11685241647605 -8.231251614192265)
2024,CORTE SELETIVO,C51L41,POINT (-61.11714997421698 -8.23125062073201)
2024,CORTE SELETIVO,C51L41,POINT (-61.11635121061146 -8.231150567024283)
2024,CORTE SELETIVO,C51L41,POINT (-61.11705161036771 -8.231047944417554)
2024,CORTE SELETIVO,C51L41,POINT (-61.11385086453615 -8.230752242235926)
2024,CORTE SELETIVO,C51L41,POINT (-61.11585181474876 -8.230749696078421)
2024,CORTE SELETIVO,C51L41,POINT (-61.11394709523148 -8.230652711901865)
2024,CORTE SELETIVO,C51L41,POINT (-61.114945793855036 -8.23054844653111)
2024,CORTE SELETIVO,C51L41,POINT (-61.11634686721618 -8.230452885332342)
2024,CORTE SELETIVO,C51L41,POINT (-61.11675367854651 -8.230346191007916)
2024,CORTE SELETIVO,C51L41,POINT (-61.11695148962351 -8.230284857620639)
2024,CORTE SELETIVO,C51L41,POINT (-61.116059945982855 -8.230254126998611)
2024,CORTE SELETIVO,C51L41,POINT (-61.116349462762734 -8.230047955582295)
2024,CORTE SELETIVO,C51L41,POINT (-61.1164471207581 -8.22994742274447)
2024,CORTE SELETIVO,C51L41,POINT (-61.11329375265291 -8.229847584534124)
2024,CORTE SELETIVO,C51L41,POINT (-61.11664636608552 -8.22985194937491)
2024,CORTE SELETIVO,C51L41,POINT (-61.114950477255015 -8.229747489889844)
2024,CORTE SELETIVO,C51L41,POINT (-61.11544815802721 -8.229653862678676)
2024,CORTE SELETIVO,C51L41,POINT (-61.116952834353 -8.229651887913617)
2024,CORTE SELETIVO,C51L41,POINT (-61.1173505056882 -8.229647948638277)
2024,CORTE SELETIVO,C51L41,POINT (-61.11685376247229 -8.22954757269783)
2024,CORTE SELETIVO,C51L41,POINT (-61.1129610935984 -8.229446672106583)
2024,CORTE SELETIVO,C51L41,POINT (-61.11614922296177 -8.22944779355296)
2024,CORTE SELETIVO,C51L41,POINT (-61.11584882224098 -8.22915100178186)
2024,CORTE SELETIVO,C51L41,POINT (-61.11524673171872 -8.22914574664362)
2024,CORTE SELETIVO,C51L41,POINT (-61.114745910968935 -8.228751555871408)
2024,CORTE SELETIVO,C51L41,POINT (-61.11494821493168 -8.22872782263515)
2024,CORTE SELETIVO,C51L41,POINT (-61.11464570734285 -8.228654539442973)
2024,CORTE SELETIVO,C51L41,POINT (-61.114167037902405 -8.228451841742809)
2024,CORTE SELETIVO,C51L41,POINT (-61.115551589350275 -8.22814852750529)
2024,CORTE SELETIVO,C51L41,POINT (-61.11584759445537 -8.228150894253975)
2024,CORTE SELETIVO,C51L41,POINT (-61.11434559969303 -8.2278456271984)
2024,CORTE SELETIVO,C51L41,POINT (-61.115548231112236 -8.227547874200738)
2024,CORTE SELETIVO,C51L41,POINT (-61.11605345507887 -8.227346552924546)
2024,CORTE SELETIVO,C51L41,POINT (-61.11395319987703 -8.227253690693061)
2024,CORTE SELETIVO,C51L41,POINT (-61.11305282940991 -8.22725181463853)
2024,CORTE SELETIVO,C51L41,POINT (-61.113854340001005 -8.22715194865982)
2024,CORTE SELETIVO,C51L41,POINT (-61.114353405641594 -8.226754135375863)
2024,CORTE SELETIVO,C51L41,POINT (-61.115549329934574 -8.226751358492354)
2024,CORTE SELETIVO,C51L41,POINT (-61.115051791422495 -8.226749833411493)
2024,CORTE SELETIVO,C51L41,POINT (-61.11524756736775 -8.226656820943097)
2024,CORTE SELETIVO,C51L41,POINT (-61.1146532741248 -8.226651602236691)
2024,CORTE SELETIVO,C51L41,POINT (-61.11605428565106 -8.226495310820038)
2024,CORTE SELETIVO,C51L41,POINT (-61.115946809037 -8.226346761157739)
2024,CORTE SELETIVO,C51L41,POINT (-61.11385079588704 -8.226353609438908)
2024,CORTE SELETIVO,C51L41,POINT (-61.11724654499267 -8.225754108111703)
2024,CORTE SELETIVO,C51L41,POINT (-61.1140461461158 -8.225253312583952)
2024,CORTE SELETIVO,C51L41,POINT (-61.113548800252254 -8.225250411207643)
2024,CORTE SELETIVO,C51L41,POINT (-61.1158471682735 -8.225251909223276)
2024,CORTE SELETIVO,C51L41,POINT (-61.116554082087596 -8.225146790813632)
2024,CORTE SELETIVO,C51L41,POINT (-61.11645369399896 -8.225054462223063)
2024,CORTE SELETIVO,C51L41,POINT (-61.11465132786515 -8.224948326487317)
2024,CORTE SELETIVO,C51L41,POINT (-61.11625182173425 -8.224853055461999)
2024,CORTE SELETIVO,C51L41,POINT (-61.11565443937707 -8.22434709730446)
2024,CORTE SELETIVO,C51L41,POINT (-61.114049469133086 -8.224047868349222)
2024,CORTE SELETIVO,C51L41,POINT (-61.11705249379961 -8.223976543672382)
2024,CORTE SELETIVO,C51L41,POINT (-61.114552166530345 -8.223959753761124)
2024,CORTE SELETIVO,C51L41,POINT (-61.11375136911225 -8.22394553728194)
2024,CORTE SELETIVO,C51L41,POINT (-61.1149509006683 -8.223552046489308)
2024,CORTE SELETIVO,C51L41,POINT (-61.11704716852219 -8.223525975829894)
2024,CORTE SELETIVO,C51L41,POINT (-61.11715017986403 -8.221449993836247)
2024,CORTE SELETIVO,C51L41,POINT (-61.10845419999045 -8.242908125422753)
2024,CORTE SELETIVO,C51L41,POINT (-61.10804627339599 -8.242606432742566)
2024,CORTE SELETIVO,C51L41,POINT (-61.111545769824104 -8.241748168228698)
2024,CORTE SELETIVO,C51L41,POINT (-61.11175324916941 -8.241746935096069)
2024,CORTE SELETIVO,C51L41,POINT (-61.111865354010746 -8.241654270583268)
2024,CORTE SELETIVO,C51L41,POINT (-61.111382908646085 -8.241548486979939)
2024,CORTE SELETIVO,C51L41,POINT (-61.10535437816854 -8.23985111433956)
2024,CORTE SELETIVO,C51L41,POINT (-61.10504625878243 -8.239645770112405)
2024,CORTE SELETIVO,C51L41,POINT (-61.11235015567841 -8.2385539791924)
2024,CORTE SELETIVO,C51L41,POINT (-61.11115216627944 -8.23845454302037)
2024,CORTE SELETIVO,C51L41,POINT (-61.11235255926806 -8.23824907661515)
2024,CORTE SELETIVO,C51L41,POINT (-61.10784541124814 -8.238154591619747)
2024,CORTE SELETIVO,C51L41,POINT (-61.10755327179806 -8.238154375032131)
2024,CORTE SELETIVO,C51L41,POINT (-61.10775046660199 -8.2380481564182)
2024,CORTE SELETIVO,C51L41,POINT (-61.11264737712935 -8.238045487595466)
2024,CORTE SELETIVO,C51L41,POINT (-61.111113806599434 -8.237906570935325)
2024,CORTE SELETIVO,C51L41,POINT (-61.10894634115031 -8.237845750677538)
2024,CORTE SELETIVO,C51L41,POINT (-61.107148105235 -8.237751030155168)
2024,CORTE SELETIVO,C51L41,POINT (-61.11104736507109 -8.237648148822549)
2024,CORTE SELETIVO,C51L41,POINT (-61.11115450472771 -8.23750438554142)
2024,CORTE SELETIVO,C51L41,POINT (-61.108548834246236 -8.237349774729525)
2024,CORTE SELETIVO,C51L41,POINT (-61.10815371689257 -8.236849732984046)
2024,CORTE SELETIVO,C51L41,POINT (-61.108251506535275 -8.236753782965286)
2024,CORTE SELETIVO,C51L41,POINT (-61.11200686862426 -8.236635176710958)
2024,CORTE SELETIVO,C51L41,POINT (-61.108040356004025 -8.236610104286456)
2024,CORTE SELETIVO,C51L41,POINT (-61.10824946617633 -8.236548824171917)
2024,CORTE SELETIVO,C51L41,POINT (-61.110152085752226 -8.235997358270637)
2024,CORTE SELETIVO,C51L41,POINT (-61.105047456801735 -8.235946843926774)
2024,CORTE SELETIVO,C51L41,POINT (-61.11234679305027 -8.23584591746391)
2024,CORTE SELETIVO,C51L41,POINT (-61.10836835693584 -8.235912439872882)
2024,CORTE SELETIVO,C51L41,POINT (-61.112879661496684 -8.23554784317583)
2024,CORTE SELETIVO,C51L41,POINT (-61.110151024091905 -8.235648367364659)
2024,CORTE SELETIVO,C51L41,POINT (-61.10495154781191 -8.235653395192717)
2024,CORTE SELETIVO,C51L41,POINT (-61.10674834721631 -8.235455223603157)
2024,CORTE SELETIVO,C51L41,POINT (-61.111928369165845 -8.235449655199721)
2024,CORTE SELETIVO,C51L41,POINT (-61.111519984615306 -8.235396786761838)
2024,CORTE SELETIVO,C51L41,POINT (-61.112083452756316 -8.235314174186017)
2024,CORTE SELETIVO,C51L41,POINT (-61.10504973958726 -8.235052036813288)
2024,CORTE SELETIVO,C51L41,POINT (-61.11104641927996 -8.234752056400012)
2024,CORTE SELETIVO,C51L41,POINT (-61.109594503646356 -8.234720152846506)
2024,CORTE SELETIVO,C51L41,POINT (-61.104547670199544 -8.234651298629453)
2024,CORTE SELETIVO,C51L41,POINT (-61.11259263892763 -8.23465273588398)
2024,CORTE SELETIVO,C51L41,POINT (-61.10475135141445 -8.234548357672375)
2024,CORTE SELETIVO,C51L41,POINT (-61.11164917367823 -8.23455464108895)
2024,CORTE SELETIVO,C51L41,POINT (-61.110380317569586 -8.234546824422587)
2024,CORTE SELETIVO,C51L41,POINT (-61.10834368509816 -8.23434987677342)
2024,CORTE SELETIVO,C51L41,POINT (-61.110453839026995 -8.234253088789918)
2024,CORTE SELETIVO,C51L41,POINT (-61.1124539200199 -8.234249943058469)
2024,CORTE SELETIVO,C51L41,POINT (-61.10234836816957 -8.234246276469332)
2024,CORTE SELETIVO,C51L41,POINT (-61.10694812904922 -8.2340544872057)
2024,CORTE SELETIVO,C51L41,POINT (-61.112647945241726 -8.234046945468046)
2024,CORTE SELETIVO,C51L41,POINT (-61.10548459996279 -8.233953405123044)
2024,CORTE SELETIVO,C51L41,POINT (-61.11204981292746 -8.23394922258809)
2024,CORTE SELETIVO,C51L41,POINT (-61.111649434208026 -8.233953643493509)
2024,CORTE SELETIVO,C51L41,POINT (-61.11084671941921 -8.233947945549897)
2024,CORTE SELETIVO,C51L41,POINT (-61.108047533748056 -8.233850899489623)
2024,CORTE SELETIVO,C51L41,POINT (-61.105692887590386 -8.233853005503725)
2024,CORTE SELETIVO,C51L41,POINT (-61.11004623257669 -8.233850904206957)
2024,CORTE SELETIVO,C51L41,POINT (-61.10964101593883 -8.23374712268667)
2024,CORTE SELETIVO,C51L41,POINT (-61.10785045527631 -8.233752864640726)
2024,CORTE SELETIVO,C51L41,POINT (-61.10734633146075 -8.233750211424445)
2024,CORTE SELETIVO,C51L41,POINT (-61.108846211000916 -8.233654020219067)
2024,CORTE SELETIVO,C51L41,POINT (-61.10873352306225 -8.23354811707698)
2024,CORTE SELETIVO,C51L41,POINT (-61.10954613227803 -8.233545204938682)
2024,CORTE SELETIVO,C51L41,POINT (-61.110154091704146 -8.233551074922364)
2024,CORTE SELETIVO,C51L41,POINT (-61.10794563305851 -8.233452788689556)
2024,CORTE SELETIVO,C51L41,POINT (-61.11235103298446 -8.23344670016974)
2024,CORTE SELETIVO,C51L41,POINT (-61.10405095492344 -8.233354295827612)
2024,CORTE SELETIVO,C51L41,POINT (-61.10824765523643 -8.233249012291957)
2024,CORTE SELETIVO,C51L41,POINT (-61.106948869825445 -8.233250347080167)
2024,CORTE SELETIVO,C51L41,POINT (-61.11025216936282 -8.233251091894488)
2024,CORTE SELETIVO,C51L41,POINT (-61.11004761666336 -8.233177638484994)
2024,CORTE SELETIVO,C51L41,POINT (-61.105351359438316 -8.233147910176159)
2024,CORTE SELETIVO,C51L41,POINT (-61.1113535449747 -8.233047539396402)
2024,CORTE SELETIVO,C51L41,POINT (-61.10605061290411 -8.233046314071906)
2024,CORTE SELETIVO,C51L41,POINT (-61.11225152895655 -8.232952007770239)
2024,CORTE SELETIVO,C51L41,POINT (-61.105852677098646 -8.232951704306092)
2024,CORTE SELETIVO,C51L41,POINT (-61.1079523854612 -8.232851679137287)
2024,CORTE SELETIVO,C51L41,POINT (-61.11134647930181 -8.232845294757674)
2024,CORTE SELETIVO,C51L41,POINT (-61.112745884736455 -8.232748551884963)
2024,CORTE SELETIVO,C51L41,POINT (-61.11055239842577 -8.232750688688634)
2024,CORTE SELETIVO,C51L41,POINT (-61.108850585100356 -8.232745912845125)
2024,CORTE SELETIVO,C51L41,POINT (-61.10334931512842 -8.23264650405293)
2024,CORTE SELETIVO,C51L41,POINT (-61.104022351944295 -8.232647684795849)
2024,CORTE SELETIVO,C51L41,POINT (-61.10464945112401 -8.23257039738857)
2024,CORTE SELETIVO,C51L41,POINT (-61.10525033187279 -8.232551845926654)
2024,CORTE SELETIVO,C51L41,POINT (-61.11165203597913 -8.232520488645573)
2024,CORTE SELETIVO,C51L41,POINT (-61.103002419908144 -8.23234874451635)
2024,CORTE SELETIVO,C51L41,POINT (-61.1114479174686 -8.232331669591263)
2024,CORTE SELETIVO,C51L41,POINT (-61.10275346925074 -8.23225280903832)
2024,CORTE SELETIVO,C51L41,POINT (-61.10815081758707 -8.232148517549732)
2024,CORTE SELETIVO,C51L41,POINT (-61.108346403701916 -8.232146890149497)
2024,CORTE SELETIVO,C51L41,POINT (-61.10864730059358 -8.232053116198928)
2024,CORTE SELETIVO,C51L41,POINT (-61.108149487885946 -8.231851634095888)
2024,CORTE SELETIVO,C51L41,POINT (-61.108050443003435 -8.231547968650801)
2024,CORTE SELETIVO,C51L41,POINT (-61.10914898222712 -8.231254242041462)
2024,CORTE SELETIVO,C51L41,POINT (-61.10905365145695 -8.231150841771926)
2024,CORTE SELETIVO,C51L41,POINT (-61.107851672619965 -8.230354791099169)
2024,CORTE SELETIVO,C51L41,POINT (-61.1062498736869 -8.230327458000435)
2024,CORTE SELETIVO,C51L41,POINT (-61.107950499811075 -8.23004898462693)
2024,CORTE SELETIVO,C51L41,POINT (-61.10825172820809 -8.229748906783112)
2024,CORTE SELETIVO,C51L41,POINT (-61.10754752414246 -8.229452022359181)
2024,CORTE SELETIVO,C51L41,POINT (-61.11065410626601 -8.229246536411683)
2024,CORTE SELETIVO,C51L41,POINT (-61.110246088722434 -8.22925031170619)
2024,CORTE SELETIVO,C51L41,POINT (-61.10814676819346 -8.229147052174035)
2024,CORTE SELETIVO,C51L41,POINT (-61.11044899062405 -8.229145853557252)
2024,CORTE SELETIVO,C51L41,POINT (-61.105051135049 -8.228852562786203)
2024,CORTE SELETIVO,C51L41,POINT (-61.10605081754448 -8.228652402571859)
2024,CORTE SELETIVO,C51L41,POINT (-61.106552628496786 -8.228646797696134)
2024,CORTE SELETIVO,C51L41,POINT (-61.10795351649398 -8.228651678023414)
2024,CORTE SELETIVO,C51L41,POINT (-61.108153235804465 -8.228653965675965)
2024,CORTE SELETIVO,C51L41,POINT (-61.10785027966948 -8.228548919701195)
2024,CORTE SELETIVO,C51L41,POINT (-61.10835399200932 -8.228350634137389)
2024,CORTE SELETIVO,C51L41,POINT (-61.10724970869912 -8.228346297491084)
2024,CORTE SELETIVO,C51L41,POINT (-61.1075508609549 -8.228091359686758)
2024,CORTE SELETIVO,C51L41,POINT (-61.10644879790215 -8.228048234347858)
2024,CORTE SELETIVO,C51L41,POINT (-61.10845060590448 -8.228054323623665)
2024,CORTE SELETIVO,C51L41,POINT (-61.105145891340214 -8.22795264594788)
2024,CORTE SELETIVO,C51L41,POINT (-61.106150023104156 -8.22785381523306)
2024,CORTE SELETIVO,C51L41,POINT (-61.108244881316885 -8.227746771074338)
2024,CORTE SELETIVO,C51L41,POINT (-61.11224634749946 -8.227346919005765)
2024,CORTE SELETIVO,C51L41,POINT (-61.09624971939604 -8.236948631978674)
2024,CORTE SELETIVO,C51L41,POINT (-61.09676029694119 -8.236939681010734)
2024,CORTE SELETIVO,C51L41,POINT (-61.095047678053916 -8.236667761270295)
2024,CORTE SELETIVO,C51L41,POINT (-61.095947470315004 -8.236446582889878)
2024,CORTE SELETIVO,C51L41,POINT (-61.096047600671334 -8.236349322814457)
2024,CORTE SELETIVO,C51L41,POINT (-61.09214728936191 -8.235647851631379)
2024,CORTE SELETIVO,C51L41,POINT (-61.09704953961656 -8.235548987105686)
2024,CORTE SELETIVO,C51L41,POINT (-61.09735033853801 -8.235547100750995)
2024,CORTE SELETIVO,C51L41,POINT (-61.09754606490895 -8.235546388863657)
2024,CORTE SELETIVO,C51L41,POINT (-61.097451548663074 -8.235447462740256)
2024,CORTE SELETIVO,C51L41,POINT (-61.09624815974144 -8.235445241847282)
2024,CORTE SELETIVO,C51L41,POINT (-61.09244975851165 -8.23535304086375)
2024,CORTE SELETIVO,C51L41,POINT (-61.095646840335206 -8.235347060167754)
2024,CORTE SELETIVO,C51L41,POINT (-61.09205090839216 -8.235247156430232)
2024,CORTE SELETIVO,C51L41,POINT (-61.100752233021815 -8.235146747967788)
2024,CORTE SELETIVO,C51L41,POINT (-61.09594866655882 -8.235147857051185)
2024,CORTE SELETIVO,C51L41,POINT (-61.09414858196397 -8.234950567877071)
2024,CORTE SELETIVO,C51L41,POINT (-61.09154589139808 -8.234945275999394)
2024,CORTE SELETIVO,C51L41,POINT (-61.09464802460963 -8.234907117300812)
2024,CORTE SELETIVO,C51L41,POINT (-61.09424660163116 -8.2348517743949)
2024,CORTE SELETIVO,C51L41,POINT (-61.09274868955108 -8.234754305689927)
2024,CORTE SELETIVO,C51L41,POINT (-61.09144619569761 -8.234551584608312)
2024,CORTE SELETIVO,C51L41,POINT (-61.09345090642135 -8.233650201469828)
2024,CORTE SELETIVO,C51L41,POINT (-61.093252850396624 -8.233249255254215)
2024,CORTE SELETIVO,C51L41,POINT (-61.10044552787163 -8.23295015611313)
2024,CORTE SELETIVO,C51L41,POINT (-61.10056332295396 -8.232552229006041)
2024,CORTE SELETIVO,C51L41,POINT (-61.10024625548411 -8.232447028169)
2024,CORTE SELETIVO,C51L41,POINT (-61.10074834601964 -8.232247103713913)
2024,CORTE SELETIVO,C51L41,POINT (-61.096347836983156 -8.232148575206379)
2024,CORTE SELETIVO,C51L41,POINT (-61.10061841452365 -8.232048838928739)
2024,CORTE SELETIVO,C51L41,POINT (-61.09615238171463 -8.232050441311854)
2024,CORTE SELETIVO,C51L41,POINT (-61.098748022239064 -8.231954294448714)
2024,CORTE SELETIVO,C51L41,POINT (-61.098768949985796 -8.231649783711303)
2024,CORTE SELETIVO,C51L41,POINT (-61.09805036671199 -8.231548954973055)
2024,CORTE SELETIVO,C51L41,POINT (-61.09655420371584 -8.231551804737624)
2024,CORTE SELETIVO,C51L41,POINT (-61.09845459565543 -8.231548607348874)
2024,CORTE SELETIVO,C51L41,POINT (-61.09265458865762 -8.231049738685384)
2024,CORTE SELETIVO,C51L41,POINT (-61.09585258082118 -8.230946483079263)
2024,CORTE SELETIVO,C51L41,POINT (-61.091946730924796 -8.230852590397067)
2024,CORTE SELETIVO,C51L41,POINT (-61.09944909463912 -8.230850720447462)
2024,CORTE SELETIVO,C51L41,POINT (-61.092251605676715 -8.230851341501698)
2024,CORTE SELETIVO,C51L41,POINT (-61.09927524763455 -8.23075355673011)
2024,CORTE SELETIVO,C51L41,POINT (-61.092546205242385 -8.230650537135524)
2024,CORTE SELETIVO,C51L41,POINT (-61.10134608179998 -8.230554806686879)
2024,CORTE SELETIVO,C51L41,POINT (-61.092247747282286 -8.23056374802957)
2024,CORTE SELETIVO,C51L41,POINT (-61.092048546319475 -8.230653360255666)
2024,CORTE SELETIVO,C51L41,POINT (-61.0963484227341 -8.230491955821861)
2024,CORTE SELETIVO,C51L41,POINT (-61.09625202493196 -8.230250301425658)
2024,CORTE SELETIVO,C51L41,POINT (-61.095849577295155 -8.230149564475173)
2024,CORTE SELETIVO,C51L41,POINT (-61.10078054162347 -8.230148432690354)
2024,CORTE SELETIVO,C51L41,POINT (-61.09584927393963 -8.229869683286015)
2024,CORTE SELETIVO,C51L41,POINT (-61.09994996454331 -8.229749249451292)
2024,CORTE SELETIVO,C51L41,POINT (-61.09445007880475 -8.229449380797035)
2024,CORTE SELETIVO,C51L41,POINT (-61.09885397453672 -8.22924664321219)
2024,CORTE SELETIVO,C51L41,POINT (-61.09444815015589 -8.229245963516366)
2024,CORTE SELETIVO,C51L41,POINT (-61.095747048158096 -8.229152803100765)
2024,CORTE SELETIVO,C51L41,POINT (-61.09924928418144 -8.228946566220118)
2024,CORTE SELETIVO,C51L41,POINT (-61.09934575388029 -8.228591175949171)
2024,CORTE SELETIVO,C51L41,POINT (-61.09764901540818 -8.228552880293478)
2024,CORTE SELETIVO,C51L41,POINT (-61.09715282285437 -8.228447993365371)
2024,CORTE SELETIVO,C51L41,POINT (-61.097455183507044 -8.228150615670964)
2024,CORTE SELETIVO,C51L41,POINT (-61.10114996526002 -8.228150554565568)
2024,CORTE SELETIVO,C51L41,POINT (-61.098145554588264 -8.227752773813473)
2024,CORTE SELETIVO,C51L41,POINT (-61.09475372302113 -8.227651862267564)
2024,CORTE SELETIVO,C51L41,POINT (-61.09814275228258 -8.227546701894962)
2024,CORTE SELETIVO,C51L41,POINT (-61.093345592323104 -8.22734560114553)
2024,CORTE SELETIVO,C51L41,POINT (-61.09959781058395 -8.227351344756471)
2024,CORTE SELETIVO,C51L41,POINT (-61.0952487780457 -8.227349016998401)
2024,CORTE SELETIVO,C51L41,POINT (-61.09805293678312 -8.227349487018827)
2024,CORTE SELETIVO,C51L41,POINT (-61.09745032744601 -8.227251099889877)
2024,CORTE SELETIVO,C51L41,POINT (-61.096247813102885 -8.227251259268607)
2024,CORTE SELETIVO,C51L41,POINT (-61.096648913429334 -8.227193404809105)
2024,CORTE SELETIVO,C51L41,POINT (-61.09766600747496 -8.227150310259859)
2024,CORTE SELETIVO,C51L41,POINT (-61.0972192718202 -8.226853323947916)
2024,CORTE SELETIVO,C51L41,POINT (-61.095446204218185 -8.22674716229005)
2024,CORTE SELETIVO,C51L41,POINT (-61.09844587924223 -8.226751743614367)
2024,CORTE SELETIVO,C51L41,POINT (-61.09703579099453 -8.22665376214464)
2024,CORTE SELETIVO,C51L41,POINT (-61.09672654510739 -8.22655400511553)
2024,CORTE SELETIVO,C51L41,POINT (-61.09284762687115 -8.226448230651863)
2024,CORTE SELETIVO,C51L41,POINT (-61.09844767878873 -8.226450275809427)
2024,CORTE SELETIVO,C51L41,POINT (-61.09865196472521 -8.22644687012267)
2024,CORTE SELETIVO,C51L41,POINT (-61.09734909559853 -8.226314853282073)
2024,CORTE SELETIVO,C51L41,POINT (-61.09324865694714 -8.226250243407264)
2024,CORTE SELETIVO,C51L41,POINT (-61.09449247268029 -8.226246215810155)
2024,CORTE SELETIVO,C51L41,POINT (-61.09714701669861 -8.22624678631696)
2024,CORTE SELETIVO,C51L41,POINT (-61.092450412153894 -8.225945298937159)
2024,CORTE SELETIVO,C51L41,POINT (-61.096278379679 -8.22494797359874)
2024,CORTE SELETIVO,C51L41,POINT (-61.09945023487253 -8.22474942829456)
2024,CORTE SELETIVO,C51L41,POINT (-61.09615286003218 -8.224745611096612)
2024,CORTE SELETIVO,C51L41,POINT (-61.095948529866604 -8.22474858852116)
2024,CORTE SELETIVO,C51L41,POINT (-61.095854282264824 -8.224652210556211)
2024,CORTE SELETIVO,C51L41,POINT (-61.09917933025473 -8.224552919469733)
2024,CORTE SELETIVO,C51L41,POINT (-61.09575204763872 -8.224452603178134)
2024,CORTE SELETIVO,C51L41,POINT (-61.099551444931464 -8.224450906549857)
2024,CORTE SELETIVO,C51L41,POINT (-61.099849732389536 -8.224454649089115)
2024,CORTE SELETIVO,C51L41,POINT (-61.09625056830405 -8.22415160858135)
2024,CORTE SELETIVO,C51L41,POINT (-61.095850711561496 -8.22374702092483)
2024,CORTE SELETIVO,C51L41,POINT (-61.099346570579044 -8.223648154605014)
2024,CORTE SELETIVO,C51L41,POINT (-61.0997483755001 -8.223350218750594)
2024,CORTE SELETIVO,C51L41,POINT (-61.09725416061487 -8.223345914213938)
2024,CORTE SELETIVO,C51L41,POINT (-61.098247625132174 -8.223150580865696)
2024,CORTE SELETIVO,C51L41,POINT (-61.09491314557703 -8.223053878113863)
2024,CORTE SELETIVO,C51L41,POINT (-61.09975450961751 -8.22269986867188)
2024,CORTE SELETIVO,C51L41,POINT (-61.09825069982261 -8.22285370694666)
2024,CORTE SELETIVO,C51L41,POINT (-61.09483288108769 -8.222460533036282)
2024,CORTE SELETIVO,C51L41,POINT (-61.09465050802936 -8.222551800526729)
2024,CORTE SELETIVO,C51L41,POINT (-61.097353711157865 -8.222553051236815)
2024,CORTE SELETIVO,C51L41,POINT (-61.09654613927334 -8.222553124403168)
2024,CORTE SELETIVO,C51L41,POINT (-61.094252259174404 -8.222555736677444)
2024,CORTE SELETIVO,C51L41,POINT (-61.09927953091582 -8.22244570207742)
2024,CORTE SELETIVO,C51L41,POINT (-61.0994671846933 -8.222547064055629)
2024,CORTE SELETIVO,C51L41,POINT (-61.097754041579215 -8.222446193686242)
2024,CORTE SELETIVO,C51L41,POINT (-61.09447294092184 -8.222450809171528)
2024,CORTE SELETIVO,C51L41,POINT (-61.09664665125919 -8.222351409929932)
2024,CORTE SELETIVO,C51L41,POINT (-61.096751103231846 -8.22225206038125)
2024,CORTE SELETIVO,C51L41,POINT (-61.09544671702028 -8.222154738148966)
2024,CORTE SELETIVO,C51L41,POINT (-61.095190341683 -8.222100677719753)
2024,CORTE SELETIVO,C51L41,POINT (-61.09478587977536 -8.22205778462018)
2024,CORTE SELETIVO,C51L41,POINT (-61.096248892475096 -8.222047665669367)
2024,CORTE SELETIVO,C51L41,POINT (-61.09954547467813 -8.222046189151342)
2024,CORTE SELETIVO,C51L41,POINT (-61.09574661170026 -8.221977351885503)
2024,CORTE SELETIVO,C51L41,POINT (-61.09559256533316 -8.221647235611812)
2024,CORTE SELETIVO,C51L41,POINT (-61.09855427739032 -8.221246077286038)
2024,CORTE SELETIVO,C51L41,POINT (-61.09605266948313 -8.220445436512945)
2024,CORTE SELETIVO,C51L41,POINT (-61.098947203282506 -8.219149920389796)
2024,CORTE SELETIVO,C51L41,POINT (-61.09715120493209 -8.219049078725527)
2024,CORTE SELETIVO,C51L41,POINT (-61.09694906613331 -8.218846247439677)
2024,CORTE SELETIVO,C51L41,POINT (-61.10214817751564 -8.232052164021734)
2024,CORTE SELETIVO,C51L41,POINT (-61.22785055962002 -8.249952250820423)
2024,CORTE SELETIVO,C51L41,POINT (-61.22654890471715 -8.248148963290907)
2024,CORTE SELETIVO,C51L41,POINT (-61.22644961311694 -8.248048451867222)
2024,CORTE SELETIVO,C51L41,POINT (-61.22674620953745 -8.24264598832459)
2024,CORTE SELETIVO,C51L41,POINT (-61.22974935420426 -8.241954433617368)
2024,CORTE SELETIVO,C51L41,POINT (-61.22592459487352 -8.241551317425087)
2024,CORTE SELETIVO,C51L41,POINT (-61.228047355760076 -8.241449836052617)
2024,CORTE SELETIVO,C51L41,POINT (-61.22575274838503 -8.241447811421896)
2024,CORTE SELETIVO,C51L41,POINT (-61.22891537442064 -8.240447389659035)
2024,CORTE SELETIVO,C51L41,POINT (-61.227753707194694 -8.238445854850792)
2024,CORTE SELETIVO,C51L41,POINT (-61.22804516961528 -8.238452183786269)
2024,CORTE SELETIVO,C51L41,POINT (-61.22795009716253 -8.238254429831274)
2024,CORTE SELETIVO,C51L41,POINT (-61.22924912349872 -8.237947312665929)
2024,CORTE SELETIVO,C51L41,POINT (-61.23034020608211 -8.237752346727405)
2024,CORTE SELETIVO,C51L41,POINT (-61.22934815588939 -8.237748164882488)
2024,CORTE SELETIVO,C51L41,POINT (-61.229449737977276 -8.237645992037743)
2024,CORTE SELETIVO,C51L41,POINT (-61.23035341219628 -8.237445448603781)
2024,CORTE SELETIVO,C51L41,POINT (-61.229246823065736 -8.237153547576536)
2024,CORTE SELETIVO,C51L41,POINT (-61.23085094837272 -8.236854691449983)
2024,CORTE SELETIVO,C51L41,POINT (-61.22904774821121 -8.236853482046005)
2024,CORTE SELETIVO,C51L41,POINT (-61.22925444400167 -8.236749750121483)
2024,CORTE SELETIVO,C51L41,POINT (-61.227848513750416 -8.236452777904724)
2024,CORTE SELETIVO,C51L41,POINT (-61.22775182317583 -8.236349838177235)
2024,CORTE SELETIVO,C51L41,POINT (-61.227449773842245 -8.236352208076429)
2024,CORTE SELETIVO,C51L41,POINT (-61.227723178743446 -8.234846367485133)
2024,CORTE SELETIVO,C51L41,POINT (-61.227545990844035 -8.234647917629797)
2024,CORTE SELETIVO,C51L41,POINT (-61.22925251638644 -8.23435348309)
2024,CORTE SELETIVO,C51L41,POINT (-61.22770328478736 -8.234246410509014)
2024,CORTE SELETIVO,C51L41,POINT (-61.22784571149184 -8.234151547901162)
2024,CORTE SELETIVO,C51L41,POINT (-61.22754670853775 -8.233727379659182)
2024,CORTE SELETIVO,C51L41,POINT (-61.23005329496591 -8.233551792797648)
2024,CORTE SELETIVO,C51L41,POINT (-61.22724917567521 -8.233550708649881)
2024,CORTE SELETIVO,C51L41,POINT (-61.229057870414074 -8.232847556099705)
2024,CORTE SELETIVO,C51L41,POINT (-61.2278535385811 -8.232654561831843)
2024,CORTE SELETIVO,C51L41,POINT (-61.22584945818225 -8.23244675282351)
2024,CORTE SELETIVO,C51L41,POINT (-61.22854826006695 -8.232345798836961)
2024,CORTE SELETIVO,C51L41,POINT (-61.23035402579455 -8.23205387652246)
2024,CORTE SELETIVO,C51L41,POINT (-61.22334858312543 -8.245649176057904)
2024,CORTE SELETIVO,C51L41,POINT (-61.22294612905535 -8.245452246623511)
2024,CORTE SELETIVO,C51L41,POINT (-61.22284605782141 -8.245348516641842)
2024,CORTE SELETIVO,C51L41,POINT (-61.224650772908845 -8.244447521444181)
2024,CORTE SELETIVO,C51L41,POINT (-61.22555308949309 -8.238452288685426)
2024,CORTE SELETIVO,C51L41,POINT (-61.22564590827066 -8.23835385444902)
2024,CORTE SELETIVO,C51L41,POINT (-61.225351857771955 -8.23715439815712)
2024,CORTE SELETIVO,C51L41,POINT (-61.22397115738766 -8.23567106985025)
2024,CORTE SELETIVO,C51L41,POINT (-61.225649499836884 -8.235148192349394)
2024,CORTE SELETIVO,C51L41,POINT (-61.223853934816674 -8.234346864465847)
2024,CORTE SELETIVO,C51L41,POINT (-61.22404685881131 -8.234354184667353)
2024,CORTE SELETIVO,C51L41,POINT (-61.22415013519909 -8.234248636366463)
2024,CORTE SELETIVO,C51L41,POINT (-61.224249456660814 -8.234152753093056)
2024,CORTE SELETIVO,C51L41,POINT (-61.22395397338756 -8.234046762264185)
2024,CORTE SELETIVO,C51L41,POINT (-61.22454704434118 -8.233954200495484)
2024,CORTE SELETIVO,C51L41,POINT (-61.223550712299925 -8.233652989413045)
2024,CORTE SELETIVO,C51L41,POINT (-61.223550527705015 -8.23344806190714)
2024,CORTE SELETIVO,C51L41,POINT (-61.223453610903 -8.233347025226363)
2024,CORTE SELETIVO,C51L41,POINT (-61.2255544904377 -8.232350415943547)
2024,CORTE SELETIVO,C51L41,POINT (-61.2238274866202 -8.232354712256146)
2024,CORTE SELETIVO,C51L41,POINT (-61.2227506017698 -8.232250820950467)
2024,CORTE SELETIVO,C51L41,POINT (-61.22335360617909 -8.23224781992081)
2024,CORTE SELETIVO,C51L41,POINT (-61.2252545874773 -8.232151020179597)
2024,CORTE SELETIVO,C51L41,POINT (-61.22285009591543 -8.232146584853318)
2024,CORTE SELETIVO,C51L41,POINT (-61.225353402404394 -8.23204865787891)
2024,CORTE SELETIVO,C51L41,POINT (-61.22224819712634 -8.23205377008198)
2024,CORTE SELETIVO,C51L41,POINT (-61.22292361524911 -8.231959471748834)
2024,CORTE SELETIVO,C51L41,POINT (-61.22204557559959 -8.23135246886472)
2024,CORTE SELETIVO,C51L41,POINT (-61.22195268580171 -8.23125244590515)
2024,CORTE SELETIVO,C51L41,POINT (-61.22204552287579 -8.23115156371855)
2024,CORTE SELETIVO,C51L41,POINT (-61.22354965878455 -8.231148700747465)
2024,CORTE SELETIVO,C51L41,POINT (-61.22194798024387 -8.230996347664384)
2024,CORTE SELETIVO,C51L41,POINT (-61.2233515146585 -8.230849763570736)
2024,CORTE SELETIVO,C51L41,POINT (-61.225551805966546 -8.230349581190136)
2024,CORTE SELETIVO,C51L41,POINT (-61.225350077328805 -8.230047175264605)
2024,CORTE SELETIVO,C51L41,POINT (-61.22175445605185 -8.229949335773119)
2024,CORTE SELETIVO,C51L41,POINT (-61.225549149117626 -8.22935162402568)
2024,CORTE SELETIVO,C51L41,POINT (-61.22000682043481 -8.244551780918115)
2024,CORTE SELETIVO,C51L41,POINT (-61.21735033912316 -8.24405167124893)
2024,CORTE SELETIVO,C51L41,POINT (-61.220445814651974 -8.243747769186468)
2024,CORTE SELETIVO,C51L41,POINT (-61.21924770404881 -8.235849381738518)
2024,CORTE SELETIVO,C51L41,POINT (-61.219823114150905 -8.232346312888334)
2024,CORTE SELETIVO,C51L41,POINT (-61.21734904029551 -8.232248776590858)
2024,CORTE SELETIVO,C51L41,POINT (-61.2192535040426 -8.231650269927647)
2024,CORTE SELETIVO,C51L41,POINT (-61.21968043128506 -8.231542024381765)
2024,CORTE SELETIVO,C51L41,POINT (-61.22164634800641 -8.231350178460819)
2024,CORTE SELETIVO,C51L41,POINT (-61.219953015210315 -8.231253113681369)
2024,CORTE SELETIVO,C51L41,POINT (-61.22135344727595 -8.230849232360692)
2024,CORTE SELETIVO,C51L41,POINT (-61.22124731053716 -8.230752621873647)
2024,CORTE SELETIVO,C51L41,POINT (-61.22115240465062 -8.23004762169243)
2024,CORTE SELETIVO,C51L41,POINT (-61.214750853834666 -8.245607153856069)
2024,CORTE SELETIVO,C51L41,POINT (-61.21495444936156 -8.242551142673125)
2024,CORTE SELETIVO,C51L41,POINT (-61.2150461041207 -8.242454215596576)
2024,CORTE SELETIVO,C51L41,POINT (-61.215149908410346 -8.2423511373375)
2024,CORTE SELETIVO,C51L41,POINT (-61.21595460407946 -8.241945983123797)
2024,CORTE SELETIVO,C51L41,POINT (-61.21484732489688 -8.241549726590987)
2024,CORTE SELETIVO,C51L41,POINT (-61.214949008597394 -8.239554060080938)
2024,CORTE SELETIVO,C51L41,POINT (-61.21654736291584 -8.239048522539402)
2024,CORTE SELETIVO,C51L41,POINT (-61.213446358833586 -8.237249135680363)
2024,CORTE SELETIVO,C51L41,POINT (-61.21582316991851 -8.236553358548107)
2024,CORTE SELETIVO,C51L41,POINT (-61.21324825723734 -8.235145491354332)
2024,CORTE SELETIVO,C51L41,POINT (-61.21435196321976 -8.235153068084063)
2024,CORTE SELETIVO,C51L41,POINT (-61.21293781142125 -8.234545330627338)
2024,CORTE SELETIVO,C51L41,POINT (-61.21344644719357 -8.230550867583533)
2024,CORTE SELETIVO,C51L41,POINT (-61.212851550818485 -8.230053175191845)
2024,CORTE SELETIVO,C51L41,POINT (-61.212747021433586 -8.22994988400137)
2024,CORTE SELETIVO,C51L41,POINT (-61.21047657418179 -8.246846582294781)
2024,CORTE SELETIVO,C51L41,POINT (-61.209748304261474 -8.241451144821713)
2024,CORTE SELETIVO,C51L41,POINT (-61.210951884455724 -8.239051145697253)
2024,CORTE SELETIVO,C51L41,POINT (-61.210554326361446 -8.238850143172673)
2024,CORTE SELETIVO,C51L41,POINT (-61.2098529245156 -8.235845329831374)
2024,CORTE SELETIVO,C51L41,POINT (-61.211353731145365 -8.235249640462106)
2024,CORTE SELETIVO,C51L41,POINT (-61.21195090814238 -8.235148988482722)
2024,CORTE SELETIVO,C51L41,POINT (-61.210546570850006 -8.233950407249067)
2024,CORTE SELETIVO,C51L41,POINT (-61.21035232193975 -8.233848454658958)
2024,CORTE SELETIVO,C51L41,POINT (-61.210048940585764 -8.233652214078177)
2024,CORTE RASO,C51L41,POINT (-61.2102453939057 -8.189649197833383)
2024,CORTE RASO,C51L41,POINT (-61.21021526757366 -8.189011405926465)
2024,CORTE RASO,C51L41,POINT (-61.210254029978465 -8.18865232750667)
2024,CORTE RASO,C51L41,POINT (-61.211546746300215 -8.186652430300564)
2024,CORTE RASO,C51L41,POINT (-61.21145506813705 -8.186359208086227)
2024,CORTE RASO,C51L41,POINT (-61.21125094496768 -8.185848531309741)
2024,CORTE RASO,C51L41,POINT (-61.21094596489433 -8.1859455007388)
2024,CORTE RASO,C51L41,POINT (-61.210746572598346 -8.18581361261336)
2024,CORTE RASO,C51L41,POINT (-61.21104747134809 -8.185667523386646)
2024,CORTE RASO,C51L41,POINT (-61.2106508669459 -8.185548835312334)
2024,CORTE RASO,C51L41,POINT (-61.210153967472536 -8.18484785199821)
2024,CORTE RASO,C51L41,POINT (-61.21022096676609 -8.184649014693267)
2024,CORTE RASO,C51L41,POINT (-61.21005088788435 -8.18455278815958)
2024,CORTE RASO,C51L41,POINT (-61.209854212657866 -8.184267071515974)
2024,CORTE RASO,C51L41,POINT (-61.2101542035523 -8.18425031533469)
2024,CORTE RASO,C51L41,POINT (-61.20995265491967 -8.184004841895575)
2024,CORTE RASO,C51L41,POINT (-61.20984705938821 -8.183452846374786)
2024,CORTE RASO,C51L41,POINT (-61.21016551848932 -8.183453343268573)
2024,CORTE RASO,C51L41,POINT (-61.20994557558351 -8.183246986470794)
2024,CORTE RASO,C51L41,POINT (-61.210053281520224 -8.183149250777431)
2024,CORTE RASO,C51L41,POINT (-61.20986992644824 -8.182848007102972)
2024,CORTE RASO,C51L41,POINT (-61.21005052454567 -8.18160278459876)
2024,CORTE SELETIVO,C51L41,POINT (-61.20864691312342 -8.247450956670786)
2024,CORTE SELETIVO,C51L41,POINT (-61.203346341624304 -8.244447199146569)
2024,CORTE SELETIVO,C51L41,POINT (-61.203648182396805 -8.24322453562826)
2024,CORTE SELETIVO,C51L41,POINT (-61.20360824549264 -8.242947015663217)
2024,CORTE SELETIVO,C51L41,POINT (-61.205879492537605 -8.241851145709859)
2024,CORTE SELETIVO,C51L41,POINT (-61.205950228841964 -8.241546187689993)
2024,CORTE SELETIVO,C51L41,POINT (-61.2062477771872 -8.241436235154145)
2024,CORTE SELETIVO,C51L41,POINT (-61.20805121696189 -8.241148863018093)
2024,CORTE SELETIVO,C51L41,POINT (-61.20904860603886 -8.240948353198533)
2024,CORTE SELETIVO,C51L41,POINT (-61.20564770509364 -8.240727499497392)
2024,CORTE SELETIVO,C51L41,POINT (-61.20532761391913 -8.240160303004012)
2024,CORTE SELETIVO,C51L41,POINT (-61.20855453663091 -8.239948846405637)
2024,CORTE SELETIVO,C51L41,POINT (-61.2039491958801 -8.239751644846987)
2024,CORTE SELETIVO,C51L41,POINT (-61.2090525842275 -8.23925220015989)
2024,CORTE SELETIVO,C51L41,POINT (-61.203447546994546 -8.23914677100989)
2024,CORTE SELETIVO,C51L41,POINT (-61.204051664041586 -8.239052081293602)
2024,CORTE SELETIVO,C51L41,POINT (-61.20361344542545 -8.23905409357093)
2024,CORTE SELETIVO,C51L41,POINT (-61.206948534093975 -8.238247709282591)
2024,CORTE SELETIVO,C51L41,POINT (-61.206947311983804 -8.237577170185224)
2024,CORTE SELETIVO,C51L41,POINT (-61.20645029467882 -8.237348533074684)
2024,CORTE SELETIVO,C51L41,POINT (-61.2040529211043 -8.236652994612916)
2024,CORTE SELETIVO,C51L41,POINT (-61.20454901155428 -8.23575056813367)
2024,CORTE SELETIVO,C51L41,POINT (-61.20584981311614 -8.235545624641647)
2024,CORTE SELETIVO,C51L41,POINT (-61.206853111137406 -8.235347511547927)
2024,CORTE SELETIVO,C51L41,POINT (-61.207652960418535 -8.235046771271946)
2024,CORTE SELETIVO,C51L41,POINT (-61.20605188395319 -8.234945532326593)
2024,CORTE SELETIVO,C51L41,POINT (-61.20705079554727 -8.234954644242237)
2024,CORTE SELETIVO,C51L41,POINT (-61.20705353764307 -8.234649105983083)
2024,CORTE SELETIVO,C51L41,POINT (-61.20734907965294 -8.234449747412427)
2024,CORTE SELETIVO,C51L41,POINT (-61.209650527624405 -8.234348420413516)
2024,CORTE SELETIVO,C51L41,POINT (-61.209652754962875 -8.23414922822678)
2024,CORTE SELETIVO,C51L41,POINT (-61.205846726154775 -8.233945292292898)
2024,CORTE SELETIVO,C51L41,POINT (-61.20314763345511 -8.232946849928508)
2024,CORTE SELETIVO,C51L41,POINT (-61.20595416066192 -8.232647313281614)
2024,CORTE SELETIVO,C51L41,POINT (-61.20555099885145 -8.232346893699717)
2024,CORTE SELETIVO,C51L41,POINT (-61.20915119480024 -8.232147606373912)
2024,CORTE SELETIVO,C51L41,POINT (-61.20614783944475 -8.23135067847366)
2024,CORTE SELETIVO,C51L41,POINT (-61.203848678194724 -8.230748648120557)
2024,CORTE SELETIVO,C51L41,POINT (-61.20905270385385 -8.230053721711458)
2024,CORTE SELETIVO,C51L41,POINT (-61.20964927240156 -8.229148404961254)
2024,CORTE SELETIVO,C51L41,POINT (-61.209253517206605 -8.229048912808857)
2024,CORTE RASO,C51L41,POINT (-61.20845132514666 -8.209949116806627)
2024,CORTE RASO,C51L41,POINT (-61.208448508737945 -8.20964845161035)
2024,CORTE RASO,C51L41,POINT (-61.20774601330495 -8.208154265455091)
2024,CORTE RASO,C51L41,POINT (-61.20774563349143 -8.207051148606416)
2024,CORTE RASO,C51L41,POINT (-61.20724933857476 -8.206750579498916)
2024,CORTE RASO,C51L41,POINT (-61.20741698577478 -8.206649653420651)
2024,CORTE RASO,C51L41,POINT (-61.20382125591606 -8.184048506222105)
2024,CORTE RASO,C51L41,POINT (-61.20354961629343 -8.184053918800494)
2024,CORTE RASO,C51L41,POINT (-61.203354093706864 -8.183878371649037)
2024,CORTE RASO,C51L41,POINT (-61.20315268907659 -8.183753870069474)
2024,CORTE RASO,C51L41,POINT (-61.20514739067255 -8.181890168141244)
2024,CORTE RASO,C51L41,POINT (-61.20604555685107 -8.180350598454757)
2024,CORTE RASO,C51L41,POINT (-61.20605390549944 -8.179947950128827)
2024,CORTE RASO,C51L41,POINT (-61.206149203057066 -8.179749613281595)
2024,CORTE RASO,C51L41,POINT (-61.20604717651558 -8.179449858977154)
2024,CORTE RASO,C51L41,POINT (-61.20615375064178 -8.179252638619298)
2024,CORTE RASO,C51L41,POINT (-61.20855111670042 -8.179045460958088)
2024,CORTE RASO,C51L41,POINT (-61.20915384582575 -8.178977563317117)
2024,CORTE RASO,C51L41,POINT (-61.20894541674689 -8.179024042487784)
2024,CORTE RASO,C51L41,POINT (-61.20805182045251 -8.178945607520735)
2024,CORTE RASO,C51L41,POINT (-61.208280259604265 -8.178953302115646)
2024,CORTE SELETIVO,C51L41,POINT (-61.2022532705569 -8.248346165951434)
2024,CORTE SELETIVO,C51L41,POINT (-61.202553432676645 -8.2442536763198)
2024,CORTE SELETIVO,C51L41,POINT (-61.202752629067064 -8.243848895142303)
2024,CORTE SELETIVO,C51L41,POINT (-61.20138862152589 -8.241653034270712)
2024,CORTE SELETIVO,C51L41,POINT (-61.199848834988764 -8.241652882870723)
2024,CORTE SELETIVO,C51L41,POINT (-61.202249357136864 -8.241069547762148)
2024,CORTE SELETIVO,C51L41,POINT (-61.201748801575974 -8.241050011494053)
2024,CORTE SELETIVO,C51L41,POINT (-61.201951109998085 -8.241045427075166)
2024,CORTE SELETIVO,C51L41,POINT (-61.198577385118845 -8.240948844058213)
2024,CORTE SELETIVO,C51L41,POINT (-61.20185060052906 -8.240952165186448)
2024,CORTE SELETIVO,C51L41,POINT (-61.20133776466989 -8.240846087080941)
2024,CORTE SELETIVO,C51L41,POINT (-61.200848440204304 -8.240845808034692)
2024,CORTE SELETIVO,C51L41,POINT (-61.196469415231114 -8.24074836244105)
2024,CORTE SELETIVO,C51L41,POINT (-61.19627713803308 -8.240645211841104)
2024,CORTE SELETIVO,C51L41,POINT (-61.196753197679584 -8.24043175577966)
2024,CORTE SELETIVO,C51L41,POINT (-61.19654962265485 -8.240448182605641)
2024,CORTE SELETIVO,C51L41,POINT (-61.196254275690436 -8.240452126124005)
2024,CORTE SELETIVO,C51L41,POINT (-61.19594730653915 -8.240360595269264)
2024,CORTE SELETIVO,C51L41,POINT (-61.19754647346106 -8.240352205472051)
2024,CORTE SELETIVO,C51L41,POINT (-61.19545257802948 -8.240276291265133)
2024,CORTE SELETIVO,C51L41,POINT (-61.19564694189042 -8.240246431938035)
2024,CORTE SELETIVO,C51L41,POINT (-61.196167612957495 -8.24025432926555)
2024,CORTE SELETIVO,C51L41,POINT (-61.201252874157184 -8.239647346502055)
2024,CORTE SELETIVO,C51L41,POINT (-61.20106111123492 -8.23885215656861)
2024,CORTE SELETIVO,C51L41,POINT (-61.2001513870662 -8.238749663520245)
2024,CORTE SELETIVO,C51L41,POINT (-61.19775001446828 -8.238645117008241)
2024,CORTE SELETIVO,C51L41,POINT (-61.201151622017804 -8.237653156894364)
2024,CORTE SELETIVO,C51L41,POINT (-61.19765120805261 -8.236948062227418)
2024,CORTE SELETIVO,C51L41,POINT (-61.19774561808748 -8.236851521668589)
2024,CORTE SELETIVO,C51L41,POINT (-61.19764615220608 -8.236054789875878)
2024,CORTE SELETIVO,C51L41,POINT (-61.19794539979195 -8.235945263700854)
2024,CORTE SELETIVO,C51L41,POINT (-61.19785412022218 -8.235852054402104)
2024,CORTE SELETIVO,C51L41,POINT (-61.19785271444078 -8.235554245833722)
2024,CORTE SELETIVO,C51L41,POINT (-61.1977533864876 -8.235446150521227)
2024,CORTE SELETIVO,C51L41,POINT (-61.19834652266118 -8.235352620608861)
2024,CORTE SELETIVO,C51L41,POINT (-61.19974540529181 -8.234250407569169)
2024,CORTE SELETIVO,C51L41,POINT (-61.19914689402133 -8.233946139973206)
2024,CORTE SELETIVO,C51L41,POINT (-61.19894587816995 -8.233949930489239)
2024,CORTE SELETIVO,C51L41,POINT (-61.1988455170114 -8.23385319214111)
2024,CORTE SELETIVO,C51L41,POINT (-61.20205076033475 -8.233748441867007)
2024,CORTE SELETIVO,C51L41,POINT (-61.19874700836331 -8.233552273343584)
2024,CORTE RASO,C51L41,POINT (-61.17415460529519 -8.100849743882652)
2024,CORTE SELETIVO,C51L41,POINT (-61.17255068926599 -8.19964570858743)
2024,CORTE SELETIVO,C51L41,POINT (-61.17212929291034 -8.196346879545798)
2024,CORTE SELETIVO,C51L41,POINT (-61.17134686485693 -8.196251814286764)
2024,CORTE SELETIVO,C51L41,POINT (-61.17144841196712 -8.196147424279696)
2024,CORTE SELETIVO,C51L41,POINT (-61.171772899096304 -8.195550046767679)
2024,CORTE SELETIVO,C51L41,POINT (-61.17274572738274 -8.195147822933798)
2024,CORTE SELETIVO,C51L41,POINT (-61.17275065766422 -8.194750024424092)
2024,CORTE SELETIVO,C51L41,POINT (-61.1731483876968 -8.194146072439706)
2024,CORTE SELETIVO,C51L41,POINT (-61.173148088616735 -8.193351428600657)
2024,CORTE SELETIVO,C51L41,POINT (-61.17354770082729 -8.193146771065491)
2024,CORTE SELETIVO,C51L41,POINT (-61.173851431359125 -8.192346847103718)
2024,CORTE SELETIVO,C51L41,POINT (-61.16554571625682 -8.248995938329042)
2024,CORTE SELETIVO,C51L41,POINT (-61.16605233676611 -8.247425697651094)
2024,CORTE SELETIVO,C51L41,POINT (-61.166252457181876 -8.247352510308223)
2024,CORTE SELETIVO,C51L41,POINT (-61.16774849865893 -8.246946934416638)
2024,CORTE SELETIVO,C51L41,POINT (-61.16555353359923 -8.246446955457499)
2024,CORTE SELETIVO,C51L41,POINT (-61.166646348541015 -8.246150235331164)
2024,CORTE SELETIVO,C51L41,POINT (-61.16680537004232 -8.241853661069452)
2024,CORTE SELETIVO,C51L41,POINT (-61.16655036016349 -8.241249357578953)
2024,CORTE SELETIVO,C51L41,POINT (-61.16695342508992 -8.240546570408226)
2024,CORTE SELETIVO,C51L41,POINT (-61.166548187860215 -8.240530904667745)
2024,CORTE SELETIVO,C51L41,POINT (-61.166748724983854 -8.240353559129254)
2024,CORTE SELETIVO,C51L41,POINT (-61.167150441745655 -8.240152730230449)
2024,CORTE SELETIVO,C51L41,POINT (-61.16685227120938 -8.240239750643603)
2024,CORTE SELETIVO,C51L41,POINT (-61.16644874028044 -8.240047667720427)
2024,CORTE SELETIVO,C51L41,POINT (-61.16704312224004 -8.240028481273995)
2024,CORTE SELETIVO,C51L41,POINT (-61.166754572257915 -8.239853779438445)
2024,CORTE SELETIVO,C51L41,POINT (-61.16623896287888 -8.239628577910963)
2024,CORTE SELETIVO,C51L41,POINT (-61.167451177962796 -8.239553463761231)
2024,CORTE SELETIVO,C51L41,POINT (-61.16574896460649 -8.239547652852334)
2024,CORTE SELETIVO,C51L41,POINT (-61.16562035285745 -8.239448749502786)
2024,CORTE SELETIVO,C51L41,POINT (-61.16652760017331 -8.23914617780853)
2024,CORTE SELETIVO,C51L41,POINT (-61.16683214012148 -8.239154414438914)
2024,CORTE SELETIVO,C51L41,POINT (-61.16724433915595 -8.238982772900695)
2024,CORTE SELETIVO,C51L41,POINT (-61.16624899529983 -8.238469779122225)
2024,CORTE SELETIVO,C51L41,POINT (-61.167754025323525 -8.238670282890876)
2024,CORTE SELETIVO,C51L41,POINT (-61.165046786564716 -8.249858772129826)
2024,CORTE SELETIVO,C51L41,POINT (-61.16524747409157 -8.249852772807495)
2024,CORTE SELETIVO,C51L41,POINT (-61.16464764863104 -8.24915137370229)
2024,CORTE SELETIVO,C51L41,POINT (-61.164947498824475 -8.248253913974366)
2024,CORTE SELETIVO,C51L41,POINT (-61.1630506854034 -8.246049106079102)
2024,CORTE SELETIVO,C51L41,POINT (-61.16494680364923 -8.245053335689265)
2024,CORTE SELETIVO,C51L41,POINT (-61.163752204953674 -8.243154022193915)
2024,CORTE SELETIVO,C51L41,POINT (-61.16514589492316 -8.241649048353874)
2024,CORTE SELETIVO,C51L41,POINT (-61.16495125834393 -8.241548124055186)
2024,CORTE SELETIVO,C51L41,POINT (-61.164752176191215 -8.241349989678923)
2024,CORTE SELETIVO,C51L41,POINT (-61.16504677441791 -8.241171049110797)
2024,CORTE SELETIVO,C51L41,POINT (-61.163347633100024 -8.2411468270182)
2024,CORTE SELETIVO,C51L41,POINT (-61.160746340436916 -8.249950740863683)
2024,CORTE SELETIVO,C51L41,POINT (-61.16204848530715 -8.249712835173273)
2024,CORTE SELETIVO,C51L41,POINT (-61.15824975142819 -8.249152976014985)
2024,CORTE SELETIVO,C51L41,POINT (-61.159845962396695 -8.247953264686137)
2024,CORTE SELETIVO,C51L41,POINT (-61.16045177877529 -8.24714627194327)
2024,CORTE SELETIVO,C51L41,POINT (-61.1606541673993 -8.247148296281608)
2024,CORTE SELETIVO,C51L41,POINT (-61.157845818084226 -8.246751776475879)
2024,CORTE SELETIVO,C51L41,POINT (-61.161351260903416 -8.246745819262648)
2024,CORTE SELETIVO,C51L41,POINT (-61.16095387868571 -8.246553722064064)
2024,CORTE SELETIVO,C51L41,POINT (-61.16195148195587 -8.24645165808284)
2024,CORTE SELETIVO,C51L41,POINT (-61.15664931711603 -8.246253910433335)
2024,CORTE SELETIVO,C51L41,POINT (-61.159293259960045 -8.246048584783598)
2024,CORTE SELETIVO,C51L41,POINT (-61.159549006292686 -8.246048147942828)
2024,CORTE SELETIVO,C51L41,POINT (-61.16184983569253 -8.245554753519787)
2024,CORTE SELETIVO,C51L41,POINT (-61.16264629990612 -8.245047677001368)
2024,CORTE SELETIVO,C51L41,POINT (-61.16065177867853 -8.244968041353294)
2024,CORTE SELETIVO,C51L41,POINT (-61.15354807355793 -8.244851157495622)
2024,CORTE SELETIVO,C51L41,POINT (-61.16044836183064 -8.244813670498383)
2024,CORTE SELETIVO,C51L41,POINT (-61.16144557684435 -8.24425474932405)
2024,CORTE SELETIVO,C51L41,POINT (-61.16195160405909 -8.243753506373768)
2024,CORTE SELETIVO,C51L41,POINT (-61.15514569546271 -8.243745681259178)
2024,CORTE SELETIVO,C51L41,POINT (-61.16225164942079 -8.243750977985965)
2024,CORTE SELETIVO,C51L41,POINT (-61.16183321260882 -8.2436468696877)
2024,CORTE SELETIVO,C51L41,POINT (-61.15974932265652 -8.241949870833079)
2024,CORTE SELETIVO,C51L41,POINT (-61.15834658666177 -8.241654381081535)
2024,CORTE SELETIVO,C51L41,POINT (-61.160550299580564 -8.240249004358994)
2024,CORTE SELETIVO,C51L41,POINT (-61.16055214926165 -8.240051353720078)
2024,CORTE SELETIVO,C51L41,POINT (-61.160651759392664 -8.23924590767907)
2024,CORTE SELETIVO,C51L41,POINT (-61.1601209990935 -8.119250283891589)
2024,CORTE SELETIVO,C51L41,POINT (-61.15775039032567 -8.11714525951324)
2024,CORTE SELETIVO,C51L41,POINT (-61.15364654320709 -8.098950326425499)
2024,CORTE SELETIVO,C51L41,POINT (-61.15705392111217 -8.09774660748642)
2024,CORTE SELETIVO,C51L41,POINT (-61.15794582839069 -8.09754725838254)
2024,CORTE SELETIVO,C51L41,POINT (-61.15765171497874 -8.097250696418689)
2024,CORTE SELETIVO,C51L41,POINT (-61.15764551415444 -8.096651094332467)
2024,CORTE SELETIVO,C51L41,POINT (-61.154451428601845 -8.091546783345864)
2024,CORTE SELETIVO,C51L41,POINT (-61.1509477671333 -8.24955115317134)
2024,CORTE SELETIVO,C51L41,POINT (-61.15104717716938 -8.249452651533634)
2024,CORTE SELETIVO,C51L41,POINT (-61.13955354533142 -8.248445827406568)
2024,CORTE SELETIVO,C51L41,POINT (-61.137252713630836 -8.247834110001785)
2024,CORTE SELETIVO,C51L41,POINT (-61.14665349040701 -8.247552320302203)
2024,CORTE SELETIVO,C51L41,POINT (-61.15154783340733 -8.247552359525892)
2024,CORTE SELETIVO,C51L41,POINT (-61.144454430825434 -8.247448024384449)
2024,CORTE SELETIVO,C51L41,POINT (-61.15145202561515 -8.247449139178922)
2024,CORTE SELETIVO,C51L41,POINT (-61.13894604740479 -8.247353893732159)
2024,CORTE SELETIVO,C51L41,POINT (-61.1444478447876 -8.247046905681465)
2024,CORTE SELETIVO,C51L41,POINT (-61.1424505515002 -8.246851488638756)
2024,CORTE SELETIVO,C51L41,POINT (-61.13944643468876 -8.246751453561467)
2024,CORTE SELETIVO,C51L41,POINT (-61.15335131298627 -8.246247115975867)
2024,CORTE SELETIVO,C51L41,POINT (-61.145847443070345 -8.24565356707219)
2024,CORTE SELETIVO,C51L41,POINT (-61.145053623136086 -8.245650510425664)
2024,CORTE SELETIVO,C51L41,POINT (-61.14285441168562 -8.245648588029022)
2024,CORTE SELETIVO,C51L41,POINT (-61.142646806091186 -8.245552073983637)
2024,CORTE SELETIVO,C51L41,POINT (-61.14565352409323 -8.245506212143615)
2024,CORTE SELETIVO,C51L41,POINT (-61.13664927465276 -8.24525461413586)
2024,CORTE SELETIVO,C51L41,POINT (-61.13954951682184 -8.245149392063714)
2024,CORTE SELETIVO,C51L41,POINT (-61.14345204060143 -8.244580997363565)
2024,CORTE SELETIVO,C51L41,POINT (-61.13815410565216 -8.244354625229338)
2024,CORTE SELETIVO,C51L41,POINT (-61.14425325485902 -8.24424753286804)
2024,CORTE SELETIVO,C51L41,POINT (-61.134092988200045 -8.244247214686597)
2024,CORTE SELETIVO,C51L41,POINT (-61.14435182039291 -8.244150652197511)
2024,CORTE SELETIVO,C51L41,POINT (-61.144348552325155 -8.243849495589417)
2024,CORTE SELETIVO,C51L41,POINT (-61.14170253019784 -8.243747714357438)
2024,CORTE SELETIVO,C51L41,POINT (-61.15044793401943 -8.243545973095284)
2024,CORTE SELETIVO,C51L41,POINT (-61.139550102433965 -8.243348778566808)
2024,CORTE SELETIVO,C51L41,POINT (-61.140354471824956 -8.242445290536843)
2024,CORTE SELETIVO,C51L41,POINT (-61.134753111434684 -8.242251246102994)
2024,CORTE SELETIVO,C51L41,POINT (-61.148989508564085 -8.241850272508342)
2024,CORTE SELETIVO,C51L41,POINT (-61.14585367980694 -8.100947407339184)
2024,CORTE SELETIVO,C51L41,POINT (-61.14985029787711 -8.100454553999265)
2024,CORTE SELETIVO,C51L41,POINT (-61.14974929320219 -8.100350268644346)
2024,CORTE SELETIVO,C51L41,POINT (-61.14944677217942 -8.100060832530314)
2024,CORTE SELETIVO,C51L41,POINT (-61.149247862180246 -8.099853705439255)
2024,CORTE SELETIVO,C51L41,POINT (-61.14735406989902 -8.099447200464462)
2024,CORTE SELETIVO,C51L41,POINT (-61.147949786726635 -8.099153747021626)
2024,CORTE SELETIVO,C51L41,POINT (-61.14935442799984 -8.09915180900586)
2024,CORTE SELETIVO,C51L41,POINT (-61.1482473966239 -8.09915301175075)
2024,CORTE SELETIVO,C51L41,POINT (-61.147054399899304 -8.099150501643674)
2024,CORTE SELETIVO,C51L41,POINT (-61.145349273928055 -8.099051822389738)
2024,CORTE SELETIVO,C51L41,POINT (-61.14574616358662 -8.098445513807471)
2024,CORTE SELETIVO,C51L41,POINT (-61.14504678256476 -8.098346095821862)
2024,CORTE SELETIVO,C51L41,POINT (-61.148745978061655 -8.098339762856819)
2024,CORTE SELETIVO,C51L41,POINT (-61.148547958914975 -8.098154269181041)
2024,CORTE SELETIVO,C51L41,POINT (-61.14495392872948 -8.098067322700457)
2024,CORTE SELETIVO,C51L41,POINT (-61.14475162769509 -8.097954233437658)
2024,CORTE SELETIVO,C51L41,POINT (-61.15024654588188 -8.097853484729765)
2024,CORTE SELETIVO,C51L41,POINT (-61.14985024411699 -8.097545958523089)
2024,CORTE SELETIVO,C51L41,POINT (-61.150153009435606 -8.097550314781733)
2024,CORTE SELETIVO,C51L41,POINT (-61.14825166467871 -8.097353999065717)
2024,CORTE SELETIVO,C51L41,POINT (-61.14504542672061 -8.097246595753827)
2024,CORTE SELETIVO,C51L41,POINT (-61.14814818626573 -8.097249454168747)
2024,CORTE SELETIVO,C51L41,POINT (-61.14974781734233 -8.097048242801575)
2024,CORTE SELETIVO,C51L41,POINT (-61.15034658107811 -8.09644977460241)
2024,CORTE SELETIVO,C51L41,POINT (-61.147348252227665 -8.096250626495213)
2024,CORTE SELETIVO,C51L41,POINT (-61.14884622652747 -8.096148650476641)
2024,CORTE SELETIVO,C51L41,POINT (-61.14750569570328 -8.095750120062393)
2024,CORTE SELETIVO,C51L41,POINT (-61.1472474870845 -8.09575212640012)
2024,CORTE SELETIVO,C51L41,POINT (-61.14715176825167 -8.09565233622368)
2024,CORTE SELETIVO,C51L41,POINT (-61.14695160710063 -8.09555011632033)
2024,CORTE SELETIVO,C51L41,POINT (-61.14805403505608 -8.095552284164066)
2024,CORTE SELETIVO,C51L41,POINT (-61.14954937630371 -8.095447344126063)
2024,CORTE SELETIVO,C51L41,POINT (-61.1494523516964 -8.095149076252813)
2024,CORTE SELETIVO,C51L41,POINT (-61.14924733977162 -8.09475443019578)
2024,CORTE SELETIVO,C51L41,POINT (-61.14975202636391 -8.094053660442876)
2024,CORTE SELETIVO,C51L41,POINT (-61.133953786786826 -8.246347384585174)
2024,CORTE SELETIVO,C51L41,POINT (-61.13395089499568 -8.24554650531448)
2024,CORTE SELETIVO,C51L41,POINT (-61.133952903042285 -8.244947897306897)
2024,CORTE SELETIVO,C51L41,POINT (-61.133851557506794 -8.24384531856816)
2024,CORTE SELETIVO,C51L41,POINT (-61.13365282109826 -8.243550592498394)
2024,CORTE SELETIVO,C51L41,POINT (-61.1187527276555 -8.241553065087826)
2024,CORTE SELETIVO,C51L41,POINT (-61.10885119193552 -8.238254617651927)
2024,CORTE SELETIVO,C51L41,POINT (-61.10595038126297 -8.237745682543517)
2024,CORTE SELETIVO,C51L41,POINT (-61.113446712265336 -8.237348754112155)
2024,CORTE SELETIVO,C51L41,POINT (-61.11204926764543 -8.236845686763768)
2024,CORTE SELETIVO,C51L41,POINT (-61.095051547942894 -8.235345500301136)
2024,CORTE SELETIVO,C51L41,POINT (-61.0961470235239 -8.235153017116398)
2024,CORTE SELETIVO,C51L41,POINT (-61.11275035969356 -8.23495399228433)
2024,CORTE SELETIVO,C51L41,POINT (-61.11055395735738 -8.234551084882904)
2024,CORTE SELETIVO,C51L41,POINT (-61.11474893356907 -8.232846916886338)
2024,CORTE SELETIVO,C51L41,POINT (-61.0943478231778 -8.232650326211381)
2024,CORTE SELETIVO,C51L41,POINT (-61.10024755976802 -8.232353065041854)
2024,CORTE SELETIVO,C51L41,POINT (-61.09434580478196 -8.232347216865477)
2024,CORTE SELETIVO,C51L41,POINT (-61.116451899584845 -8.231850463772432)
2024,CORTE SELETIVO,C51L41,POINT (-61.09384942210131 -8.231252978373817)
2024,CORTE SELETIVO,C51L41,POINT (-61.116252092059355 -8.231152164400202)
2024,CORTE SELETIVO,C51L41,POINT (-61.09265055214054 -8.231152793602623)
2024,CORTE SELETIVO,C51L41,POINT (-61.094053401881325 -8.23115408267638)
2024,CORTE SELETIVO,C51L41,POINT (-61.0939454512227 -8.23104947517992)
2024,CORTE SELETIVO,C51L41,POINT (-61.09384600175908 -8.230951049043538)
2024,CORTE SELETIVO,C51L41,POINT (-61.09640087626451 -8.230848884712128)
2024,CORTE SELETIVO,C51L41,POINT (-61.092554486534524 -8.230750831482412)
2024,CORTE SELETIVO,C51L41,POINT (-61.096348281814436 -8.230245985558124)
2024,CORTE SELETIVO,C51L41,POINT (-61.0968405988729 -8.230153170519715)
2024,CORTE SELETIVO,C51L41,POINT (-61.09145225195131 -8.22994918266059)
2024,CORTE SELETIVO,C51L41,POINT (-61.12384754538907 -8.229949715023913)
2024,CORTE SELETIVO,C51L41,POINT (-61.11744713457429 -8.229596083135991)
2024,CORTE SELETIVO,C51L41,POINT (-61.12324618829268 -8.22951836851928)
2024,CORTE SELETIVO,C51L41,POINT (-61.12305155048766 -8.229446704977942)
2024,CORTE SELETIVO,C51L41,POINT (-61.09435361831619 -8.22931405498107)
2024,CORTE SELETIVO,C51L41,POINT (-61.093350375300865 -8.229249182789738)
2024,CORTE SELETIVO,C51L41,POINT (-61.09355291983322 -8.229179403169276)
2024,CORTE SELETIVO,C51L41,POINT (-61.11534802953391 -8.229048020244715)
2024,CORTE SELETIVO,C51L41,POINT (-61.09595218795497 -8.228950645725343)
2024,CORTE SELETIVO,C51L41,POINT (-61.09775204741059 -8.228446824114725)
2024,CORTE SELETIVO,C51L41,POINT (-61.097752825985225 -8.228250865790113)
2024,CORTE SELETIVO,C51L41,POINT (-61.12394840959286 -8.22825164173126)
2024,CORTE SELETIVO,C51L41,POINT (-61.09314571105078 -8.228209351952113)
2024,CORTE SELETIVO,C51L41,POINT (-61.09295232158648 -8.228053012391227)
2024,CORTE SELETIVO,C51L41,POINT (-61.09746897431288 -8.228046291301588)
2024,CORTE SELETIVO,C51L41,POINT (-61.09274955426054 -8.228047569885511)
2024,CORTE SELETIVO,C51L41,POINT (-61.09484903504253 -8.2276547104528)
2024,CORTE SELETIVO,C51L41,POINT (-61.115453932915834 -8.22755234602555)
2024,CORTE SELETIVO,C51L41,POINT (-61.094351411634186 -8.22744803759203)
2024,CORTE SELETIVO,C51L41,POINT (-61.094046407813515 -8.227445770234919)
2024,CORTE SELETIVO,C51L41,POINT (-61.094250847137864 -8.227343486438496)
2024,CORTE SELETIVO,C51L41,POINT (-61.11784669317147 -8.227149165637142)
2024,CORTE SELETIVO,C51L41,POINT (-61.11795197140934 -8.227047799316027)
2024,CORTE SELETIVO,C51L41,POINT (-61.12454683858836 -8.226654134360551)
2024,CORTE SELETIVO,C51L41,POINT (-61.12464816853392 -8.226456753973633)
2024,CORTE SELETIVO,C51L41,POINT (-61.098546040684006 -8.226446263429061)
2024,CORTE SELETIVO,C51L41,POINT (-61.09264904078823 -8.226450716495728)
2024,CORTE SELETIVO,C51L41,POINT (-61.094746445018906 -8.226352670373142)
2024,CORTE SELETIVO,C51L41,POINT (-61.09464663486339 -8.22624714180038)
2024,CORTE SELETIVO,C51L41,POINT (-61.09268675892036 -8.226152069722003)
2024,CORTE SELETIVO,C51L41,POINT (-61.09734593843921 -8.226150862468844)
2024,CORTE SELETIVO,C51L41,POINT (-61.097046071024444 -8.226047793933622)
2024,CORTE SELETIVO,C51L41,POINT (-61.095453566089766 -8.225349091419725)
2024,CORTE SELETIVO,C51L41,POINT (-61.09604647051868 -8.224968275074394)
2024,CORTE SELETIVO,C51L41,POINT (-61.09555334853251 -8.224947325661619)
2024,CORTE SELETIVO,C51L41,POINT (-61.122953952342115 -8.224845267889968)
2024,CORTE SELETIVO,C51L41,POINT (-61.09623358394872 -8.224836845636531)
2024,CORTE SELETIVO,C51L41,POINT (-61.09954592378886 -8.224554303693724)
2024,CORTE SELETIVO,C51L41,POINT (-61.09608076854702 -8.224349227415633)
2024,CORTE SELETIVO,C51L41,POINT (-61.122952163315254 -8.223445908965266)
2024,CORTE SELETIVO,C51L41,POINT (-61.096754287972416 -8.223247178345254)
2024,CORTE SELETIVO,C51L41,POINT (-61.09825368506725 -8.222749677774795)
2024,CORTE SELETIVO,C51L41,POINT (-61.09534715367456 -8.222345236806685)
2024,CORTE SELETIVO,C51L41,POINT (-61.09624690143704 -8.222347184507207)
2024,CORTE SELETIVO,C51L41,POINT (-61.09635247872664 -8.222051906557784)
2024,CORTE SELETIVO,C51L41,POINT (-61.124966708555 -8.22205340440589)
2024,CORTE SELETIVO,C51L41,POINT (-61.09614693740858 -8.221845711175028)
2024,CORTE SELETIVO,C51L41,POINT (-61.12385011352885 -8.221450451416382)
2024,CORTE SELETIVO,C51L41,POINT (-61.09844666050274 -8.221154677183108)
2024,CORTE SELETIVO,C51L41,POINT (-61.121348182325285 -8.21954738506402)
2024,CORTE SELETIVO,C51L41,POINT (-61.12465076587121 -8.217054297882692)
2024,CORTE SELETIVO,C51L41,POINT (-61.22235009602652 -8.24045097182542)
2024,CORTE SELETIVO,C51L41,POINT (-61.22285365307823 -8.23935227822038)
2024,CORTE SELETIVO,C51L41,POINT (-61.22305356812559 -8.239153065199817)
2024,CORTE SELETIVO,C51L41,POINT (-61.22935227128792 -8.237848362340348)
2024,CORTE SELETIVO,C51L41,POINT (-61.22595365441239 -8.234249243818246)
2024,CORTE SELETIVO,C51L41,POINT (-61.227651682342376 -8.233246269437425)
2024,CORTE SELETIVO,C51L41,POINT (-61.20835171423041 -8.24664746350854)
2024,CORTE SELETIVO,C51L41,POINT (-61.21955409436475 -8.239848015977534)
2024,CORTE SELETIVO,C51L41,POINT (-61.21954637829442 -8.239650177369978)
2024,CORTE SELETIVO,C51L41,POINT (-61.209545400745085 -8.23935485473794)
2024,CORTE SELETIVO,C51L41,POINT (-61.209848286523325 -8.238746057829403)
2024,CORTE SELETIVO,C51L41,POINT (-61.21154955864433 -8.231128923833401)
2024,CORTE RASO,C51L41,POINT (-61.20844774518305 -8.20984545463128)
2024,CORTE RASO,C51L41,POINT (-61.207749671034385 -8.206949500084047)
2024,CORTE RASO,C51L41,POINT (-61.211445607696724 -8.186570985937884)
2024,CORTE RASO,C51L41,POINT (-61.20555153513634 -8.181747986103163)
2024,CORTE RASO,C51L41,POINT (-61.20605141394945 -8.180253151306111)
2024,CORTE RASO,C51L41,POINT (-61.20955078505122 -8.131245883034138)
2024,CORTE SELETIVO,C51L41,POINT (-61.19575304865551 -8.240254639977385)
2024,CORTE SELETIVO,C51L41,POINT (-61.19765072704147 -8.236593397011864)
2024,CORTE SELETIVO,C51L41,POINT (-61.19944873979454 -8.23464687142278)
2024,CORTE RASO,C51L41,POINT (-61.19084938485402 -8.11196041476115)
2024,CORTE SELETIVO,C51L41,POINT (-61.17355144548553 -8.193954087749779)
2024,CORTE SELETIVO,C51L41,POINT (-61.17355461932148 -8.193753647664085)
2024,CORTE RASO,C51L41,POINT (-61.17404706340882 -8.101381498941752)
2024,CORTE SELETIVO,C51L41,POINT (-61.16574559789163 -8.239445540123226)
2024,CORTE SELETIVO,C51L41,POINT (-61.167449467101136 -8.238347497552509)
2024,CORTE SELETIVO,C51L41,POINT (-61.159939722572915 -8.24725173706653)
2024,CORTE SELETIVO,C51L41,POINT (-61.145446626883135 -8.245952294212227)
2024,CORTE SELETIVO,C51L41,POINT (-61.15955002565601 -8.24591280726558)
2024,CORTE SELETIVO,C51L41,POINT (-61.144846460554206 -8.245552343208843)
2024,CORTE SELETIVO,C51L41,POINT (-61.14284934254582 -8.244648847979045)
2024,CORTE SELETIVO,C51L41,POINT (-61.14424785040947 -8.243787635006173)
2024,CORTE SELETIVO,C51L41,POINT (-61.14875208345557 -8.241747995596558)
2024,CORTE SELETIVO,C51L41,POINT (-61.11644761509952 -8.23905104373056)
2024,CORTE SELETIVO,C51L41,POINT (-61.11215353710026 -8.238599390611423)
2024,CORTE SELETIVO,C51L41,POINT (-61.10555386956729 -8.237352041239243)
2024,CORTE SELETIVO,C51L41,POINT (-61.105949641866914 -8.237249668946967)
2024,CORTE SELETIVO,C51L41,POINT (-61.10724595576349 -8.234752548537369)
2024,CORTE SELETIVO,C51L41,POINT (-61.113749539653014 -8.234306154686365)
2024,CORTE SELETIVO,C51L41,POINT (-61.09614774986603 -8.231348792286521)
2024,CORTE SELETIVO,C51L41,POINT (-61.096747626282045 -8.231268709714016)
2024,CORTE SELETIVO,C51L41,POINT (-61.10924779451105 -8.231342317442268)
2024,CORTE SELETIVO,C51L41,POINT (-61.11564005298677 -8.22805421655608)
2024,CORTE SELETIVO,C51L41,POINT (-61.1221463962105 -8.227154569493063)
2024,CORTE SELETIVO,C51L41,POINT (-61.09605288311788 -8.224756478810354)
2024,CORTE SELETIVO,C51L41,POINT (-61.117259130689824 -8.221647646198749)
2024,CORTE SELETIVO,C51L41,POINT (-61.117447708805855 -8.220901225551634)
2024,CORTE SELETIVO,C51L41,POINT (-61.12845054193516 -8.218450345499296)
2024,CORTE SELETIVO,C51L41,POINT (-61.11875007789724 -8.216568279262388)
2024,CORTE SELETIVO,C51L41,POINT (-61.16005014766928 -8.1081474887466)
2024,CORTE SELETIVO,C51L41,POINT (-61.14964570077241 -8.100549577019976)
2024,CORTE SELETIVO,C51L41,POINT (-61.14525057755485 -8.09875362253528)
2024,CORTE SELETIVO,C51L41,POINT (-61.14505236443762 -8.098648741976863)
2024,CORTE SELETIVO,C51L41,POINT (-61.145252892509006 -8.09826161938235)
2024,CORTE SELETIVO,C51L41,POINT (-61.14843946123422 -8.096652993197367)
2024,CORTE SELETIVO,C51L41,POINT (-61.23085457692649 -8.247078419664582)
2024,CORTE SELETIVO,C51L41,POINT (-61.230479067351595 -8.246952800644388)
2024,CORTE SELETIVO,C51L41,POINT (-61.22954781380836 -8.242246871635736)
2024,CORTE SELETIVO,C51L41,POINT (-61.22755393835411 -8.230650027838971)
2024,CORTE SELETIVO,C51L41,POINT (-61.227353260786884 -8.23052442257873)
2024,CORTE SELETIVO,C51L41,POINT (-61.22545250207108 -8.230446117828953)
2024,CORTE SELETIVO,C51L41,POINT (-61.222854142477736 -8.229547510906816)
2024,CORTE SELETIVO,C51L41,POINT (-61.22544716394132 -8.229451565843044)
2024,CORTE SELETIVO,C51L41,POINT (-61.22254978410795 -8.22942070921765)
2024,CORTE SELETIVO,C51L41,POINT (-61.2214502380654 -8.23034830999085)
2024,CORTE SELETIVO,C51L41,POINT (-61.22175396538411 -8.23034546546241)
2024,CORTE SELETIVO,C51L41,POINT (-61.221261076061495 -8.230254371206538)
2024,CORTE SELETIVO,C51L41,POINT (-61.221083110634986 -8.230145887579273)
2024,CORTE SELETIVO,C51L41,POINT (-61.22127783918702 -8.230050875679684)
2024,CORTE SELETIVO,C51L41,POINT (-61.22014675296378 -8.229348538387923)
2024,CORTE SELETIVO,C51L41,POINT (-61.209154552189126 -8.232546607764915)
2024,CORTE RASO,C51L41,POINT (-61.21125086287861 -8.185945304023276)
2024,CORTE RASO,C51L41,POINT (-61.21014886928908 -8.183251832810281)
2024,CORTE SELETIVO,C51L41,POINT (-61.20175341179548 -8.24894587811946)
2024,CORTE SELETIVO,C51L41,POINT (-61.20385076189616 -8.248353799614831)
2024,CORTE SELETIVO,C51L41,POINT (-61.20204624025813 -8.248051103390612)
2024,CORTE SELETIVO,C51L41,POINT (-61.203647012986245 -8.247950092724729)
2024,CORTE SELETIVO,C51L41,POINT (-61.20494837646564 -8.247049692638084)
2024,CORTE SELETIVO,C51L41,POINT (-61.201946191096056 -8.246750517349227)
2024,CORTE SELETIVO,C51L41,POINT (-61.206647459165 -8.2442526837907)
2024,CORTE SELETIVO,C51L41,POINT (-61.2032464619435 -8.243648295718017)
2024,CORTE SELETIVO,C51L41,POINT (-61.201748343064374 -8.24174979763043)
2024,CORTE SELETIVO,C51L41,POINT (-61.202946239203634 -8.241652788015388)
2024,CORTE SELETIVO,C51L41,POINT (-61.20685006497649 -8.241427890225447)
2024,CORTE SELETIVO,C51L41,POINT (-61.200846100530676 -8.241348977785865)
2024,CORTE SELETIVO,C51L41,POINT (-61.201263293127354 -8.241254408483089)
2024,CORTE SELETIVO,C51L41,POINT (-61.204795597536226 -8.240547487955697)
2024,CORTE SELETIVO,C51L41,POINT (-61.20524826518167 -8.240353167645694)
2024,CORTE SELETIVO,C51L41,POINT (-61.20514690637407 -8.240053163281138)
2024,CORTE SELETIVO,C51L41,POINT (-61.2026302297391 -8.23995151877435)
2024,CORTE SELETIVO,C51L41,POINT (-61.20125115061216 -8.239752788920052)
2024,CORTE SELETIVO,C51L41,POINT (-61.20275452022788 -8.239349336054325)
2024,CORTE SELETIVO,C51L41,POINT (-61.20264938619149 -8.239254561818225)
2024,CORTE SELETIVO,C51L41,POINT (-61.20254745476452 -8.239147919324346)
2024,CORTE SELETIVO,C51L41,POINT (-61.20085273611124 -8.239154370230294)
2024,CORTE SELETIVO,C51L41,POINT (-61.202048514815196 -8.238548793780055)
2024,CORTE SELETIVO,C51L41,POINT (-61.201753654757304 -8.238453659745026)
2024,CORTE SELETIVO,C51L41,POINT (-61.20075176101548 -8.238345489204015)
2024,CORTE SELETIVO,C51L41,POINT (-61.20175317848933 -8.23824564238603)
2024,CORTE SELETIVO,C51L41,POINT (-61.202885588182845 -8.236752087550505)
2024,CORTE SELETIVO,C51L41,POINT (-61.20314557540227 -8.23665432285856)
2024,CORTE SELETIVO,C51L41,POINT (-61.20392580381621 -8.23665389739778)
2024,CORTE SELETIVO,C51L41,POINT (-61.203748821776394 -8.236348445972554)
2024,CORTE SELETIVO,C51L41,POINT (-61.204149535953746 -8.236246091662782)
2024,CORTE SELETIVO,C51L41,POINT (-61.20424663477455 -8.236152265927108)
2024,CORTE SELETIVO,C51L41,POINT (-61.20574765465306 -8.23595176577071)
2024,CORTE SELETIVO,C51L41,POINT (-61.2065306516838 -8.235852164416565)
2024,CORTE SELETIVO,C51L41,POINT (-61.20567919369472 -8.235751926686653)
2024,CORTE SELETIVO,C51L41,POINT (-61.20164671677483 -8.235748463176249)
2024,CORTE SELETIVO,C51L41,POINT (-61.20549306590396 -8.235648989249258)
2024,CORTE SELETIVO,C51L41,POINT (-61.20154621739284 -8.235645862274676)
2024,CORTE SELETIVO,C51L41,POINT (-61.20465455621321 -8.23544650375156)
2024,CORTE SELETIVO,C51L41,POINT (-61.207346038996064 -8.234749269812225)
2024,CORTE SELETIVO,C51L41,POINT (-61.20515163060805 -8.234548248592567)
2024,CORTE SELETIVO,C51L41,POINT (-61.202448436360825 -8.23444913632807)
2024,CORTE SELETIVO,C51L41,POINT (-61.207048155531304 -8.234220093331112)
2024,CORTE SELETIVO,C51L41,POINT (-61.20734898013822 -8.234149630948354)
2024,CORTE SELETIVO,C51L41,POINT (-61.20714932895671 -8.23395275927184)
2024,CORTE SELETIVO,C51L41,POINT (-61.20592812338601 -8.233049325265174)
2024,CORTE SELETIVO,C51L41,POINT (-61.20495182122611 -8.232852174558596)
2024,CORTE SELETIVO,C51L41,POINT (-61.205552701354584 -8.232247903454043)
2024,CORTE RASO,C51L41,POINT (-61.20567632112994 -8.181546269856831)
2024,CORTE RASO,C51L41,POINT (-61.206045734485755 -8.180109620270319)
2024,CORTE RASO,C51L41,POINT (-61.205953157663124 -8.179951013928733)
2024,CORTE SELETIVO,C51L41,POINT (-61.196850887266535 -8.240754310460552)
2024,CORTE SELETIVO,C51L41,POINT (-61.19634899917313 -8.240549506380816)
2024,CORTE SELETIVO,C51L41,POINT (-61.195745748295366 -8.240352090929452)
2024,CORTE SELETIVO,C51L41,POINT (-61.19555031652356 -8.240249957898058)
2024,CORTE SELETIVO,C51L41,POINT (-61.19644577388204 -8.240245401466417)
2024,CORTE SELETIVO,C51L41,POINT (-61.19528564720357 -8.24005376563903)
2024,CORTE SELETIVO,C51L41,POINT (-61.19944836298675 -8.239653547529619)
2024,CORTE SELETIVO,C51L41,POINT (-61.20065303356219 -8.238652900091571)
2024,CORTE SELETIVO,C51L41,POINT (-61.19774778775275 -8.238253786279342)
2024,CORTE SELETIVO,C51L41,POINT (-61.19765072352357 -8.23704753349098)
2024,CORTE SELETIVO,C51L41,POINT (-61.19798063333962 -8.236345484330425)
2024,CORTE SELETIVO,C51L41,POINT (-61.199249820320425 -8.236147995012903)
2024,CORTE SELETIVO,C51L41,POINT (-61.19794912759098 -8.23544843900569)
2024,CORTE SELETIVO,C51L41,POINT (-61.198348132246196 -8.233148893546767)
2024,CORTE SELETIVO,C51L41,POINT (-61.199703470908744 -8.233048879840347)
2024,CORTE SELETIVO,C51L41,POINT (-61.19872460356342 -8.23294615022453)
2024,CORTE SELETIVO,C51L41,POINT (-61.1726249381787 -8.199945988740824)
2024,CORTE SELETIVO,C51L41,POINT (-61.17245061727538 -8.199504348437845)
2024,CORTE SELETIVO,C51L41,POINT (-61.172249138840215 -8.198962803409707)
2024,CORTE SELETIVO,C51L41,POINT (-61.17135131704765 -8.198447800502153)
2024,CORTE SELETIVO,C51L41,POINT (-61.171453535876054 -8.196246340791783)
2024,CORTE SELETIVO,C51L41,POINT (-61.1718476359427 -8.19564934196183)
2024,CORTE SELETIVO,C51L41,POINT (-61.17195387809582 -8.19525210720847)
2024,CORTE SELETIVO,C51L41,POINT (-61.17272518701899 -8.19494579036579)
2024,CORTE SELETIVO,C51L41,POINT (-61.17215683965 -8.194950230381506)
2024,CORTE SELETIVO,C51L41,POINT (-61.17254844001642 -8.194830423247268)
2024,CORTE SELETIVO,C51L41,POINT (-61.17293577948711 -8.194362752964038)
2024,CORTE SELETIVO,C51L41,POINT (-61.17284841771137 -8.194147714779154)
2024,CORTE SELETIVO,C51L41,POINT (-61.17284566309518 -8.193851016340494)
2024,CORTE SELETIVO,C51L41,POINT (-61.17315128954059 -8.193551604999723)
2024,CORTE SELETIVO,C51L41,POINT (-61.17334586348265 -8.193491744949299)
2024,CORTE SELETIVO,C51L41,POINT (-61.17304543848561 -8.193449067022396)
2024,CORTE SELETIVO,C51L41,POINT (-61.17314826866076 -8.193146175462589)
2024,CORTE SELETIVO,C51L41,POINT (-61.17325212959681 -8.193051560561399)
2024,CORTE SELETIVO,C51L41,POINT (-61.173546501878555 -8.192850724742135)
2024,CORTE SELETIVO,C51L41,POINT (-61.174147264973065 -8.192348893904398)
2024,CORTE SELETIVO,C51L41,POINT (-61.17495152764896 -8.179346266095841)
2024,CORTE RASO,C51L41,POINT (-61.17424691342979 -8.100149371920104)
2024,CORTE SELETIVO,C51L41,POINT (-61.167253496948284 -8.243453188332367)
2024,CORTE SELETIVO,C51L41,POINT (-61.16664868321864 -8.242150154765186)
2024,CORTE SELETIVO,C51L41,POINT (-61.16725302684431 -8.241449484634657)
2024,CORTE SELETIVO,C51L41,POINT (-61.16689037065723 -8.241354211501054)
2024,CORTE SELETIVO,C51L41,POINT (-61.16684569749957 -8.240652126326966)
2024,CORTE SELETIVO,C51L41,POINT (-61.16665342591549 -8.24045181987023)
2024,CORTE SELETIVO,C51L41,POINT (-61.166756440596764 -8.239953467484334)
2024,CORTE SELETIVO,C51L41,POINT (-61.167051010022426 -8.239805649450883)
2024,CORTE SELETIVO,C51L41,POINT (-61.16744996706802 -8.239651468893442)
2024,CORTE SELETIVO,C51L41,POINT (-61.16759415264472 -8.239342749937677)
2024,CORTE SELETIVO,C51L41,POINT (-61.16674654449531 -8.239250538854824)
2024,CORTE SELETIVO,C51L41,POINT (-61.166645419074534 -8.239151567994858)
2024,CORTE SELETIVO,C51L41,POINT (-61.16701161283597 -8.23915259739445)
2024,CORTE SELETIVO,C51L41,POINT (-61.16744764405645 -8.239053157775516)
2024,CORTE SELETIVO,C51L41,POINT (-61.16764990929181 -8.23874981878084)
2024,CORTE SELETIVO,C51L41,POINT (-61.16795217823835 -8.23875350055779)
2024,CORTE SELETIVO,C51L41,POINT (-61.16534957382727 -8.24454973281251)
2024,CORTE SELETIVO,C51L41,POINT (-61.16422191047948 -8.244245774180014)
2024,CORTE SELETIVO,C51L41,POINT (-61.163650756390666 -8.243446634889764)
2024,CORTE SELETIVO,C51L41,POINT (-61.166150123294486 -8.242850184142055)
2024,CORTE SELETIVO,C51L41,POINT (-61.163950367569534 -8.241848250638999)
2024,CORTE SELETIVO,C51L41,POINT (-61.1633482049871 -8.241449132919161)
2024,CORTE SELETIVO,C51L41,POINT (-61.16565284274325 -8.241424259953853)
2024,CORTE SELETIVO,C51L41,POINT (-61.16545380330759 -8.241248219649657)
2024,CORTE SELETIVO,C51L41,POINT (-61.16644573420274 -8.240553253997343)
2024,CORTE SELETIVO,C51L41,POINT (-61.16654987789593 -8.240046938082534)
2024,CORTE SELETIVO,C51L41,POINT (-61.16645424114614 -8.239854553497091)
2024,CORTE SELETIVO,C51L41,POINT (-61.166264630478274 -8.239769789483187)
2024,CORTE SELETIVO,C51L41,POINT (-61.16603136165845 -8.239640551487764)
2024,CORTE SELETIVO,C51L41,POINT (-61.165546982590676 -8.239545507925156)
2024,CORTE SELETIVO,C51L41,POINT (-61.16584893340006 -8.239545221893835)
2024,CORTE SELETIVO,C51L41,POINT (-61.14374927212095 -8.24995174825034)
2024,CORTE SELETIVO,C51L41,POINT (-61.14674800807756 -8.249953169082563)
2024,CORTE SELETIVO,C51L41,POINT (-61.14665348865982 -8.249849427387302)
2024,CORTE SELETIVO,C51L41,POINT (-61.151050075274654 -8.249746465344508)
2024,CORTE SELETIVO,C51L41,POINT (-61.147047501650945 -8.249748021980345)
2024,CORTE SELETIVO,C51L41,POINT (-61.14124694780287 -8.249452802048507)
2024,CORTE SELETIVO,C51L41,POINT (-61.14315443257376 -8.249346965960548)
2024,CORTE SELETIVO,C51L41,POINT (-61.14584585086589 -8.249346835885405)
2024,CORTE SELETIVO,C51L41,POINT (-61.14477438732955 -8.249145339653994)
2024,CORTE SELETIVO,C51L41,POINT (-61.14464637455461 -8.249049383800147)
2024,CORTE SELETIVO,C51L41,POINT (-61.14365186261481 -8.248846426837204)
2024,CORTE SELETIVO,C51L41,POINT (-61.14354678130863 -8.248752802707985)
2024,CORTE SELETIVO,C51L41,POINT (-61.143950910026284 -8.248552178651115)
2024,CORTE SELETIVO,C51L41,POINT (-61.1443516855492 -8.248154728318884)
2024,CORTE SELETIVO,C51L41,POINT (-61.14664671990938 -8.247654670341657)
2024,CORTE SELETIVO,C51L41,POINT (-61.13585438564521 -8.246747184864208)
2024,CORTE SELETIVO,C51L41,POINT (-61.1455504557977 -8.246054480426688)
2024,CORTE SELETIVO,C51L41,POINT (-61.14835030050614 -8.246049346393454)
2024,CORTE SELETIVO,C51L41,POINT (-61.14535048810508 -8.246051584139096)
2024,CORTE SELETIVO,C51L41,POINT (-61.1342694912177 -8.246041619812239)
2024,CORTE SELETIVO,C51L41,POINT (-61.14825028009332 -8.245945467462708)
2024,CORTE SELETIVO,C51L41,POINT (-61.14524563270416 -8.245951161515716)
2024,CORTE SELETIVO,C51L41,POINT (-61.13545349958695 -8.245946763984238)
2024,CORTE SELETIVO,C51L41,POINT (-61.146450211602314 -8.245845887562089)
2024,CORTE SELETIVO,C51L41,POINT (-61.146447871561456 -8.245652384568091)
2024,CORTE SELETIVO,C51L41,POINT (-61.13625377008433 -8.245653786036264)
2024,CORTE SELETIVO,C51L41,POINT (-61.13714913381194 -8.24525442047941)
2024,CORTE SELETIVO,C51L41,POINT (-61.1367502033745 -8.245254582976543)
2024,CORTE SELETIVO,C51L41,POINT (-61.133745520350054 -8.24504559160987)
2024,CORTE SELETIVO,C51L41,POINT (-61.153853193412566 -8.245017157807455)
2024,CORTE SELETIVO,C51L41,POINT (-61.135452149669696 -8.244745314369224)
2024,CORTE SELETIVO,C51L41,POINT (-61.14274888068749 -8.244546751371672)
2024,CORTE SELETIVO,C51L41,POINT (-61.15135009146533 -8.244547778309645)
2024,CORTE SELETIVO,C51L41,POINT (-61.15155106678033 -8.244549799605869)
2024,CORTE SELETIVO,C51L41,POINT (-61.135049958642234 -8.244552256055652)
2024,CORTE SELETIVO,C51L41,POINT (-61.13494894046718 -8.244449837061754)
2024,CORTE SELETIVO,C51L41,POINT (-61.13704915783459 -8.24435291417241)
2024,CORTE SELETIVO,C51L41,POINT (-61.148450629868364 -8.244352269613703)
2024,CORTE SELETIVO,C51L41,POINT (-61.15085084930253 -8.244249843019377)
2024,CORTE SELETIVO,C51L41,POINT (-61.13924859743948 -8.244246436648075)
2024,CORTE SELETIVO,C51L41,POINT (-61.1477487129496 -8.244203023175261)
2024,CORTE SELETIVO,C51L41,POINT (-61.15354861523532 -8.243951677395067)
2024,CORTE SELETIVO,C51L41,POINT (-61.14024843441647 -8.243849556312895)
2024,CORTE SELETIVO,C51L41,POINT (-61.13935049864811 -8.243447568354874)
2024,CORTE SELETIVO,C51L41,POINT (-61.15135330146238 -8.243347830448425)
2024,CORTE SELETIVO,C51L41,POINT (-61.142048431175795 -8.243348404411213)
2024,CORTE SELETIVO,C51L41,POINT (-61.15075194433276 -8.243352600043401)
2024,CORTE SELETIVO,C51L41,POINT (-61.14955147575907 -8.243248898346136)
2024,CORTE SELETIVO,C51L41,POINT (-61.14144597666671 -8.243252731029099)
2024,CORTE SELETIVO,C51L41,POINT (-61.14494716146852 -8.242749712167821)
2024,CORTE SELETIVO,C51L41,POINT (-61.14584889271746 -8.242754734993191)
2024,CORTE SELETIVO,C51L41,POINT (-61.140349764163254 -8.242749044759748)
2024,CORTE SELETIVO,C51L41,POINT (-61.145253298955765 -8.242749871889217)
2024,CORTE SELETIVO,C51L41,POINT (-61.151192314536914 -8.242614327165182)
2024,CORTE SELETIVO,C51L41,POINT (-61.147248658832204 -8.242647583246505)
2024,CORTE SELETIVO,C51L41,POINT (-61.140546816198366 -8.242552598625396)
2024,CORTE SELETIVO,C51L41,POINT (-61.14694599544403 -8.24255297107893)
2024,CORTE SELETIVO,C51L41,POINT (-61.153946323484746 -8.242549003163932)
2024,CORTE SELETIVO,C51L41,POINT (-61.14295812814332 -8.242553972626677)
2024,CORTE SELETIVO,C51L41,POINT (-61.14855360413365 -8.242050981256831)
2024,CORTE SELETIVO,C51L41,POINT (-61.1346543662956 -8.242046163973534)
2024,CORTE SELETIVO,C51L41,POINT (-61.15924609362764 -8.241952906383602)
2024,CORTE SELETIVO,C51L41,POINT (-61.151245524362736 -8.241954181145008)
2024,CORTE SELETIVO,C51L41,POINT (-61.143746509824666 -8.241854637351034)
2024,CORTE SELETIVO,C51L41,POINT (-61.14284669693325 -8.241745361128482)
2024,CORTE SELETIVO,C51L41,POINT (-61.14045326206213 -8.241748475367473)
2024,CORTE SELETIVO,C51L41,POINT (-61.1453479362838 -8.241664567970313)
2024,CORTE SELETIVO,C51L41,POINT (-61.14274760144003 -8.241646043983426)
2024,CORTE SELETIVO,C51L41,POINT (-61.15635035147719 -8.241649759751322)
2024,CORTE SELETIVO,C51L41,POINT (-61.15725217234848 -8.241552448394865)
2024,CORTE SELETIVO,C51L41,POINT (-61.142153305281575 -8.241553349842441)
2024,CORTE SELETIVO,C51L41,POINT (-61.145551441155966 -8.24124845377424)
2024,CORTE SELETIVO,C51L41,POINT (-61.15024972763429 -8.241150385501763)
2024,CORTE SELETIVO,C51L41,POINT (-61.148947955835254 -8.241048864358731)
2024,CORTE SELETIVO,C51L41,POINT (-61.111850127407784 -8.236848492298313)
2024,CORTE SELETIVO,C51L41,POINT (-61.1080529454072 -8.236747676903978)
2024,CORTE SELETIVO,C51L41,POINT (-61.12294754561841 -8.22695152876375)
2024,CORTE SELETIVO,C51L41,POINT (-61.12465423263708 -8.223050139867652)
2024,CORTE SELETIVO,C51L41,POINT (-61.12624882577413 -8.223053548217889)
2024,CORTE SELETIVO,C51L41,POINT (-61.122354254806915 -8.22304661946545)
2024,CORTE SELETIVO,C51L41,POINT (-61.12224982773215 -8.222950349065508)
2024,CORTE SELETIVO,C51L41,POINT (-61.12774774267289 -8.221751240403092)
2024,CORTE SELETIVO,C51L41,POINT (-61.123249978244715 -8.220348422121502)
2024,CORTE SELETIVO,C51L41,POINT (-61.12354671767621 -8.220153867104042)
2024,CORTE SELETIVO,C51L41,POINT (-61.12384899507786 -8.21765416275932)
2024,CORTE SELETIVO,C51L41,POINT (-61.14325143558282 -8.099845707787509)
2024,CORTE RASO,C51L41,POINT (-61.2074513907191 -8.208336969597177)
2024,CORTE SELETIVO,C51L41,POINT (-61.165454202144005 -8.24894938615512)
2024,CORTE SELETIVO,C51L41,POINT (-61.163445107502795 -8.111341249906921)
2024,CORTE SELETIVO,C51L41,POINT (-61.13384606582446 -8.245948235792996)
2024,CORTE SELETIVO,C51L41,POINT (-61.13364775624977 -8.245852429049457)
2024,CORTE SELETIVO,C51L41,POINT (-61.134251291999504 -8.242048349150531)
2024,CORTE SELETIVO,C51L41,POINT (-61.118146039461266 -8.24194118109503)
2024,CORTE SELETIVO,C51L41,POINT (-61.11835248189362 -8.241853109937017)
2024,CORTE SELETIVO,C51L41,POINT (-61.1139523034524 -8.240649242362533)
2024,CORTE SELETIVO,C51L41,POINT (-61.1157162927326 -8.229045212056937)
2024,CORTE SELETIVO,C51L41,POINT (-61.092654262068585 -8.228245609419817)
2024,CORTE SELETIVO,C51L41,POINT (-61.215850278041785 -8.246352651647591)
2024,CORTE SELETIVO,C51L41,POINT (-61.20204712184147 -8.241052176555634)
2024,CORTE SELETIVO,C51L41,POINT (-61.201747258118125 -8.2409507407426)
2024,CORTE SELETIVO,C51L41,POINT (-61.2019493871853 -8.24095477144566)
2024,CORTE SELETIVO,C51L41,POINT (-61.2021458061539 -8.240949245349384)
2024,CORTE SELETIVO,C51L41,POINT (-61.19675149667371 -8.240853036999754)
2024,CORTE SELETIVO,C51L41,POINT (-61.22294974728504 -8.2394461215888)
2024,CORTE SELETIVO,C51L41,POINT (-61.20015045212244 -8.238845572881978)
2024,CORTE SELETIVO,C51L41,POINT (-61.222751361073065 -8.237254460144387)
2024,CORTE SELETIVO,C51L41,POINT (-61.1383496032152 -8.243451232223594)
2024,CORTE SELETIVO,C51L41,POINT (-61.22655386975633 -8.248380295360349)
2024,CORTE SELETIVO,C51L41,POINT (-61.226750429518624 -8.248348096862058)
2024,CORTE SELETIVO,C51L41,POINT (-61.22645311720922 -8.247652644662274)
2024,CORTE SELETIVO,C51L41,POINT (-61.22760988473249 -8.246749345207302)
2024,CORTE SELETIVO,C51L41,POINT (-61.225150064564716 -8.246150017303686)
2024,CORTE SELETIVO,C51L41,POINT (-61.2252511709521 -8.246052500167254)
2024,CORTE SELETIVO,C51L41,POINT (-61.200654081578826 -8.244547200201641)
2024,CORTE SELETIVO,C51L41,POINT (-61.22605979174102 -8.241551559388144)
2024,CORTE SELETIVO,C51L41,POINT (-61.22595207563749 -8.241454502347404)
2024,CORTE SELETIVO,C51L41,POINT (-61.201952645243715 -8.241154455821253)
2024,CORTE SELETIVO,C51L41,POINT (-61.228494004009214 -8.240551756734353)
2024,CORTE SELETIVO,C51L41,POINT (-61.2227538993991 -8.23715046537761)
2024,CORTE SELETIVO,C51L41,POINT (-61.22435372525737 -8.235449159665055)
2024,CORTE SELETIVO,C51L41,POINT (-61.21895685561154 -8.23234577134962)
2024,CORTE SELETIVO,C51L41,POINT (-61.221154554805366 -8.231047255845246)
2024,CORTE SELETIVO,C51L41,POINT (-61.22184649707367 -8.230351163374786)
2024,CORTE RASO,C51L41,POINT (-61.2073494468005 -8.208446868937635)
2024,CORTE RASO,C51L41,POINT (-61.20984991286986 -8.183345821967002)
2024,CORTE RASO,C51L41,POINT (-61.20615417586281 -8.17985062869177)
2024,CORTE SELETIVO,C51L41,POINT (-61.17304840500382 -8.1935515268463)
2024,CORTE SELETIVO,C51L41,POINT (-61.17404558717137 -8.192346303870659)
2024,CORTE RASO,C51L41,POINT (-61.174347961487776 -8.100053640062862)
2024,CORTE SELETIVO,C51L41,POINT (-61.17244951601629 -8.199846508794682)
2024,CORTE SELETIVO,C51L41,POINT (-61.17201597857377 -8.195648553144954)
2024,CORTE SELETIVO,C51L41,POINT (-61.17215343519288 -8.195282155498369)
2024,CORTE SELETIVO,C51L41,POINT (-61.16695245820381 -8.241453327098315)
2024,CORTE SELETIVO,C51L41,POINT (-61.16714791034414 -8.241375308941457)
2024,CORTE SELETIVO,C51L41,POINT (-61.16674564981314 -8.241046301186401)
2024,CORTE SELETIVO,C51L41,POINT (-61.166768487823944 -8.240521320250863)
2024,CORTE SELETIVO,C51L41,POINT (-61.167093459395595 -8.240549992470676)
2024,CORTE SELETIVO,C51L41,POINT (-61.16724899167188 -8.240347174085999)
2024,CORTE SELETIVO,C51L41,POINT (-61.16695409038936 -8.24035156348387)
2024,CORTE SELETIVO,C51L41,POINT (-61.16415083465627 -8.241949636349924)
2024,CORTE SELETIVO,C51L41,POINT (-61.165145969566 -8.24135301294394)
2024,CORTE SELETIVO,C51L41,POINT (-61.165353519286015 -8.241149147494381)
2024,CORTE SELETIVO,C51L41,POINT (-61.165948723751335 -8.239553191644205)
2024,CORTE SELETIVO,C51L41,POINT (-61.163553019038005 -8.241949258025967)
2024,CORTE SELETIVO,C51L41,POINT (-61.163353104981056 -8.241952726914583)
2024,CORTE SELETIVO,C51L41,POINT (-61.163947893968576 -8.24162470589214)
2024,CORTE SELETIVO,C51L41,POINT (-61.16364790630498 -8.241546879611295)
2024,CORTE SELETIVO,C51L41,POINT (-61.16345385509923 -8.241449699039736)
2024,CORTE SELETIVO,C51L41,POINT (-61.16295254407139 -8.241452469865992)
2024,CORTE SELETIVO,C51L41,POINT (-61.16185057209085 -8.108949913407045)
2024,CORTE SELETIVO,C51L41,POINT (-61.15784593571588 -8.249552321860266)
2024,CORTE SELETIVO,C51L41,POINT (-61.15355253081609 -8.249446300015029)
2024,CORTE SELETIVO,C51L41,POINT (-61.15815268178984 -8.24934852620402)
2024,CORTE SELETIVO,C51L41,POINT (-61.15774665477235 -8.249345493943224)
2024,CORTE SELETIVO,C51L41,POINT (-61.157951571083686 -8.249251339076366)
2024,CORTE SELETIVO,C51L41,POINT (-61.15938317325976 -8.249050360348503)
2024,CORTE SELETIVO,C51L41,POINT (-61.15835155989445 -8.248899269766513)
2024,CORTE SELETIVO,C51L41,POINT (-61.15765170445458 -8.248848240530092)
2024,CORTE SELETIVO,C51L41,POINT (-61.157449466304485 -8.248754157709389)
2024,CORTE SELETIVO,C51L41,POINT (-61.15932858176765 -8.24874575522743)
2024,CORTE SELETIVO,C51L41,POINT (-61.158949145757994 -8.24857500101183)
2024,CORTE SELETIVO,C51L41,POINT (-61.15911165171579 -8.248360156730007)
2024,CORTE SELETIVO,C51L41,POINT (-61.15504728893946 -8.244049726170893)
2024,CORTE SELETIVO,C51L41,POINT (-61.15705077096728 -8.243951965653864)
2024,CORTE SELETIVO,C51L41,POINT (-61.15689359570639 -8.243750094906185)
2024,CORTE SELETIVO,C51L41,POINT (-61.15694876960524 -8.243053564234543)
2024,CORTE SELETIVO,C51L41,POINT (-61.157846347446814 -8.115460406422581)
2024,CORTE SELETIVO,C51L41,POINT (-61.15214808540351 -8.099850452347386)
2024,CORTE SELETIVO,C51L41,POINT (-61.15645140834921 -8.098153109218893)
2024,CORTE SELETIVO,C51L41,POINT (-61.15694572523503 -8.097949747005028)
2024,CORTE SELETIVO,C51L41,POINT (-61.15634736742187 -8.097553441875037)
2024,CORTE SELETIVO,C51L41,POINT (-61.15024889055389 -8.096849208390632)
2024,CORTE SELETIVO,C51L41,POINT (-61.15265017666178 -8.092847617682855)
2024,CORTE SELETIVO,C51L41,POINT (-61.15394661894008 -8.09174982839137)
2024,CORTE SELETIVO,C51L41,POINT (-61.145848609124016 -8.24684980515379)
2024,CORTE SELETIVO,C51L41,POINT (-61.13384897482916 -8.246451657907581)
2024,CORTE SELETIVO,C51L41,POINT (-61.14825321294441 -8.246046427330349)
2024,CORTE SELETIVO,C51L41,POINT (-61.1339529115848 -8.2459495626417)
2024,CORTE SELETIVO,C51L41,POINT (-61.11664970728335 -8.236054595570375)
2024,CORTE SELETIVO,C51L41,POINT (-61.11585002113875 -8.234950433472)
2024,CORTE SELETIVO,C51L41,POINT (-61.115749818665 -8.230481227931465)
2024,CORTE SELETIVO,C51L41,POINT (-61.11584568474913 -8.226654555852091)
2024,CORTE SELETIVO,C51L41,POINT (-61.1164456694796 -8.225348480963955)
2024,CORTE SELETIVO,C51L41,POINT (-61.11704586328479 -8.224250890321418)
2024,CORTE SELETIVO,C51L41,POINT (-61.116947648896996 -8.223749669922372)
2024,CORTE SELETIVO,C51L41,POINT (-61.12475060786648 -8.223046972968731)
2024,CORTE SELETIVO,C51L41,POINT (-61.11924853356897 -8.222850506716576)
2024,CORTE SELETIVO,C51L41,POINT (-61.11864715872429 -8.222245446682145)
2024,CORTE SELETIVO,C51L41,POINT (-61.12704642570857 -8.22175174198704)
2024,CORTE SELETIVO,C51L41,POINT (-61.12725010489713 -8.220254521290778)
2024,CORTE SELETIVO,C51L41,POINT (-61.12914996914694 -8.218751882874908)
2024,CORTE SELETIVO,C51L41,POINT (-61.149483162619994 -8.100851641054025)
2024,CORTE SELETIVO,C51L41,POINT (-61.145450529349716 -8.099751308717984)
2024,CORTE SELETIVO,C51L41,POINT (-61.1466518735889 -8.099745683189745)
2024,CORTE SELETIVO,C51L41,POINT (-61.144752916215886 -8.09964603208945)
2024,CORTE SELETIVO,C51L41,POINT (-61.149150301539976 -8.099445388569418)
2024,CORTE SELETIVO,C51L41,POINT (-61.14225050993531 -8.0984459343178)
2024,CORTE SELETIVO,C51L41,POINT (-61.14754726532612 -8.098451130822403)
2024,CORTE SELETIVO,C51L41,POINT (-61.14774969226036 -8.09834933017864)
2024,CORTE SELETIVO,C51L41,POINT (-61.1473457746009 -8.097645823369472)
2024,CORTE SELETIVO,C51L41,POINT (-61.149749122410746 -8.094350943996197)
2024,CORTE SELETIVO,C51L41,POINT (-61.149245396562996 -8.093353060973412)
2024,CORTE SELETIVO,C51L41,POINT (-61.11434552276987 -8.24674548597829)
2024,CORTE SELETIVO,C51L41,POINT (-61.114146937193766 -8.245450357199855)
2024,CORTE SELETIVO,C51L41,POINT (-61.11235340273554 -8.244946460775036)
2024,CORTE SELETIVO,C51L41,POINT (-61.11355154068162 -8.244450686220814)
2024,CORTE SELETIVO,C51L41,POINT (-61.114052648358864 -8.244051759554388)
2024,CORTE SELETIVO,C51L41,POINT (-61.11534687852787 -8.241447128916565)
2024,CORTE SELETIVO,C51L41,POINT (-61.113651847642515 -8.240951939581516)
2024,CORTE SELETIVO,C51L41,POINT (-61.11524959834758 -8.239347199328805)
2024,CORTE SELETIVO,C51L41,POINT (-61.11475101718933 -8.239254719606812)
2024,CORTE SELETIVO,C51L41,POINT (-61.11155125817599 -8.238849254055005)
2024,CORTE SELETIVO,C51L41,POINT (-61.107548523304935 -8.238348179130176)
2024,CORTE SELETIVO,C51L41,POINT (-61.10714753129004 -8.238354705215642)
2024,CORTE SELETIVO,C51L41,POINT (-61.10904975136027 -8.238253093292666)
2024,CORTE SELETIVO,C51L41,POINT (-61.10655070764689 -8.238046467731646)
2024,CORTE SELETIVO,C51L41,POINT (-61.10574588189452 -8.237946845868912)
2024,CORTE SELETIVO,C51L41,POINT (-61.10534775066626 -8.237847534822423)
2024,CORTE SELETIVO,C51L41,POINT (-61.10825007239449 -8.237553342414492)
2024,CORTE SELETIVO,C51L41,POINT (-61.10454630263193 -8.237051080859745)
2024,CORTE SELETIVO,C51L41,POINT (-61.10824585519866 -8.236852976675888)
2024,CORTE SELETIVO,C51L41,POINT (-61.10804966817319 -8.236847284804693)
2024,CORTE SELETIVO,C51L41,POINT (-61.10794884891605 -8.236748943268266)
2024,CORTE SELETIVO,C51L41,POINT (-61.10654665025346 -8.236547308538734)
2024,CORTE SELETIVO,C51L41,POINT (-61.105151552633906 -8.236454538327557)
2024,CORTE SELETIVO,C51L41,POINT (-61.11055076915546 -8.236348062186044)
2024,CORTE SELETIVO,C51L41,POINT (-61.10504654627861 -8.23634693306647)
2024,CORTE SELETIVO,C51L41,POINT (-61.11255421530635 -8.236145637551058)
2024,CORTE SELETIVO,C51L41,POINT (-61.10435255552624 -8.235349346399115)
2024,CORTE SELETIVO,C51L41,POINT (-61.11435210691694 -8.235246229185584)
2024,CORTE SELETIVO,C51L41,POINT (-61.10935246137734 -8.235051286136908)
2024,CORTE SELETIVO,C51L41,POINT (-61.1083941311062 -8.234764497606934)
2024,CORTE SELETIVO,C51L41,POINT (-61.11044548889464 -8.234649922789501)
2024,CORTE SELETIVO,C51L41,POINT (-61.110651329189935 -8.234548714333025)
2024,CORTE SELETIVO,C51L41,POINT (-61.10494766754747 -8.234352646973132)
2024,CORTE SELETIVO,C51L41,POINT (-61.11075271130548 -8.234347797450171)
2024,CORTE SELETIVO,C51L41,POINT (-61.10544854699195 -8.234245919578681)
2024,CORTE SELETIVO,C51L41,POINT (-61.1074506263787 -8.23404910382814)
2024,CORTE SELETIVO,C51L41,POINT (-61.107852535892974 -8.233848812658705)
2024,CORTE SELETIVO,C51L41,POINT (-61.11384931107248 -8.233545998014822)
2024,CORTE SELETIVO,C51L41,POINT (-61.10834894240271 -8.233447289112098)
2024,CORTE SELETIVO,C51L41,POINT (-61.11304727037434 -8.233153966079973)
2024,CORTE SELETIVO,C51L41,POINT (-61.10854709253974 -8.232847560743952)
2024,CORTE SELETIVO,C51L41,POINT (-61.10052395375242 -8.232352418207489)
2024,CORTE SELETIVO,C51L41,POINT (-61.10524717148889 -8.231046299644609)
2024,CORTE SELETIVO,C51L41,POINT (-61.096990763002076 -8.229746826759763)
2024,CORTE SELETIVO,C51L41,POINT (-61.11504968765235 -8.229253856171033)
2024,CORTE SELETIVO,C51L41,POINT (-61.09265025229374 -8.228654700025777)
2024,CORTE SELETIVO,C51L41,POINT (-61.10625220813474 -8.228352333239565)
2024,CORTE SELETIVO,C51L41,POINT (-61.113949309117785 -8.228254308057798)
2024,CORTE SELETIVO,C51L41,POINT (-61.1045493710692 -8.228051395238058)
2024,CORTE SELETIVO,C51L41,POINT (-61.112351726755755 -8.227850437095224)
2024,CORTE SELETIVO,C51L41,POINT (-61.11445148263254 -8.226949220001483)
2024,CORTE SELETIVO,C51L41,POINT (-61.1138541489947 -8.226249141242375)
2024,CORTE SELETIVO,C51L41,POINT (-61.113945539203634 -8.225951993701822)
2024,CORTE SELETIVO,C51L41,POINT (-61.11345249800815 -8.225347461760206)
2024,CORTE SELETIVO,C51L41,POINT (-61.113723236009896 -8.224251959100803)
2024,CORTE SELETIVO,C51L41,POINT (-61.114547404595314 -8.224249001663098)
2024,CORTE SELETIVO,C51L41,POINT (-61.11443453964038 -8.224053533442339)
2024,CORTE SELETIVO,C51L41,POINT (-61.096345617473936 -8.222252869153726)
2024,CORTE SELETIVO,C51L41,POINT (-61.09514876582703 -8.222254472549013)
2024,CORTE SELETIVO,C51L41,POINT (-61.095546552288305 -8.222152543082922)
2024,CORTE SELETIVO,C51L41,POINT (-61.09604967196807 -8.220545824055728)
2024,CORTE SELETIVO,C51L41,POINT (-61.09614820457176 -8.22044981816744)
2024,CORTE SELETIVO,C51L41,POINT (-61.22414867993824 -8.247047904180615)
2024,CORTE SELETIVO,C51L41,POINT (-61.14444999869751 -8.24424534348462)
2024,CORTE SELETIVO,C51L41,POINT (-61.172139421109485 -8.196247054380054)
2024,CORTE RASO,C51L41,POINT (-61.20735225828831 -8.208548105320334)
2024,CORTE SELETIVO,C51L41,POINT (-61.10225330849852 -8.232048426937835)
2024,CORTE SELETIVO,C51L41,POINT (-61.22305220473343 -8.24104733521072)
2024,CORTE SELETIVO,C51L41,POINT (-61.22055317044619 -8.239851340234987)
2024,CORTE SELETIVO,C51L41,POINT (-61.22394894418452 -8.234554028515634)
2024,CORTE SELETIVO,C51L41,POINT (-61.2242500944878 -8.234247344231092)
2024,CORTE SELETIVO,C51L41,POINT (-61.21384581937667 -8.23224883787244)
2024,CORTE SELETIVO,C51L41,POINT (-61.17507965485056 -8.179145414243658)
2024,CORTE SELETIVO,C51L41,POINT (-61.17224977066646 -8.19614742844076)
2024,CORTE SELETIVO,C51L41,POINT (-61.167947797938666 -8.238851020367184)
2024,CORTE SELETIVO,C51L41,POINT (-61.15968760716186 -8.249854757413715)
2024,CORTE SELETIVO,C51L41,POINT (-61.15505404759751 -8.24514536528796)
2024,CORTE SELETIVO,C51L41,POINT (-61.15478624715627 -8.245148730854911)
2024,CORTE SELETIVO,C51L41,POINT (-61.13845200232622 -8.243447645804187)
2024,CORTE SELETIVO,C51L41,POINT (-61.204653178662184 -8.235117159964156)
2024,CORTE SELETIVO,C51L41,POINT (-61.20785717026999 -8.229957754396168)
2024,CORTE SELETIVO,C51L41,POINT (-61.171351313123644 -8.197847023717923)
2024,CORTE SELETIVO,C51L41,POINT (-61.15965236346525 -8.247146883136594)
2024,CORTE SELETIVO,C51L41,POINT (-61.1444455696575 -8.24415256040833)
2024,CORTE SELETIVO,C51L41,POINT (-61.16228717976409 -8.113149256110113)
2024,CORTE SELETIVO,C51L41,POINT (-61.224048531769085 -8.247178224317375)
2024,CORTE RASO,C51L41,POINT (-61.20605110822643 -8.17934721796555)
2024,CORTE SELETIVO,C51L41,POINT (-61.14570778607991 -8.249551901947108)
2024,CORTE SELETIVO,C51L41,POINT (-61.14836694847515 -8.094434194982057)
2024,CORTE SELETIVO,C51L41,POINT (-61.21594862284519 -8.24215076592787)
2024,CORTE SELETIVO,C51L41,POINT (-61.22614776539041 -8.24144660118791)
2024,CORTE SELETIVO,C51L41,POINT (-61.22295390516287 -8.23914578188209)
2024,CORTE SELETIVO,C51L41,POINT (-61.22785093838292 -8.23845202804892)
2024,CORTE SELETIVO,C51L41,POINT (-61.229153579584874 -8.237851819562655)
2024,CORTE SELETIVO,C51L41,POINT (-61.220702470061646 -8.236345943635795)
2024,CORTE SELETIVO,C51L41,POINT (-61.22375001347536 -8.236047007336326)
2024,CORTE SELETIVO,C51L41,POINT (-61.19784558375514 -8.235648569182633)
2024,CORTE SELETIVO,C51L41,POINT (-61.224249955849224 -8.234447326712814)
2024,CORTE SELETIVO,C51L41,POINT (-61.21325052559448 -8.233151081773551)
2024,CORTE SELETIVO,C51L41,POINT (-61.22154987022087 -8.232950291003425)
2024,CORTE SELETIVO,C51L41,POINT (-61.221051373051054 -8.232652976489923)
2024,CORTE SELETIVO,C51L41,POINT (-61.22255426664088 -8.232648138199167)
2024,CORTE SELETIVO,C51L41,POINT (-61.22225189661759 -8.23255194902588)
2024,CORTE SELETIVO,C51L41,POINT (-61.22405014818766 -8.232451175667515)
2024,CORTE SELETIVO,C51L41,POINT (-61.21965288206763 -8.231753689908013)
2024,CORTE RASO,C51L41,POINT (-61.20354685369929 -8.183948498137632)
2024,CORTE SELETIVO,C51L41,POINT (-61.1726782995178 -8.194845541113414)
2024,CORTE SELETIVO,C51L41,POINT (-61.173046327605235 -8.193953696913322)
2024,CORTE SELETIVO,C51L41,POINT (-61.17321981939324 -8.193847699840793)
2024,CORTE SELETIVO,C51L41,POINT (-61.17425413820878 -8.19235129650312)
2024,CORTE SELETIVO,C51L41,POINT (-61.174946533406946 -8.179511115396322)
2024,CORTE SELETIVO,C51L41,POINT (-61.17185017002166 -8.19655237365782)
2024,CORTE SELETIVO,C51L41,POINT (-61.1712513670676 -8.196449457990976)
2024,CORTE SELETIVO,C51L41,POINT (-61.17137622722012 -8.196348778707156)
2024,CORTE SELETIVO,C51L41,POINT (-61.171607227017404 -8.196247060064808)
2024,CORTE SELETIVO,C51L41,POINT (-61.17174553427752 -8.195750219537377)
2024,CORTE SELETIVO,C51L41,POINT (-61.17212663091787 -8.195553022006631)
2024,CORTE SELETIVO,C51L41,POINT (-61.172053535480295 -8.195345577781142)
2024,CORTE SELETIVO,C51L41,POINT (-61.17205701750438 -8.195033089052599)
2024,CORTE SELETIVO,C51L41,POINT (-61.167949119280294 -8.248122062183787)
2024,CORTE SELETIVO,C51L41,POINT (-61.16770785257131 -8.239445254510853)
2024,CORTE SELETIVO,C51L41,POINT (-61.16792283827908 -8.239179248764168)
2024,CORTE SELETIVO,C51L41,POINT (-61.167049146341235 -8.246552050120771)
2024,CORTE SELETIVO,C51L41,POINT (-61.16715167953048 -8.24004283735714)
2024,CORTE SELETIVO,C51L41,POINT (-61.16664887370089 -8.239646688360489)
2024,CORTE SELETIVO,C51L41,POINT (-61.166453289474056 -8.239350061040305)
2024,CORTE SELETIVO,C51L41,POINT (-61.16655309071133 -8.239247824648913)
2024,CORTE SELETIVO,C51L41,POINT (-61.16734856274256 -8.239134048947491)
2024,CORTE SELETIVO,C51L41,POINT (-61.15964869208868 -8.24994565810271)
2024,CORTE SELETIVO,C51L41,POINT (-61.15944882186457 -8.249785379095535)
2024,CORTE SELETIVO,C51L41,POINT (-61.157464090919476 -8.248233427060558)
2024,CORTE SELETIVO,C51L41,POINT (-61.146749239825866 -8.24775055580287)
2024,CORTE SELETIVO,C51L41,POINT (-61.14654646250708 -8.247547787878434)
2024,CORTE SELETIVO,C51L41,POINT (-61.14665258592137 -8.247445515223061)
2024,CORTE SELETIVO,C51L41,POINT (-61.1561518033554 -8.24715221089283)
2024,CORTE SELETIVO,C51L41,POINT (-61.15494870076913 -8.245145779776747)
2024,CORTE SELETIVO,C51L41,POINT (-61.155153051106595 -8.243345606769507)
2024,CORTE SELETIVO,C51L41,POINT (-61.14652879494593 -8.24312069489569)
2024,CORTE SELETIVO,C51L41,POINT (-61.148049064811964 -8.242927005363846)
2024,CORTE SELETIVO,C51L41,POINT (-61.15144781893534 -8.242346464353263)
2024,CORTE SELETIVO,C51L41,POINT (-61.14737536925269 -8.242258192286444)
2024,CORTE SELETIVO,C51L41,POINT (-61.16205139433998 -8.24158925997389)
2024,CORTE SELETIVO,C51L41,POINT (-61.16315418582107 -8.241546950929925)
2024,CORTE SELETIVO,C51L41,POINT (-61.163046153034614 -8.24144721725353)
2024,CORTE SELETIVO,C51L41,POINT (-61.16368479883048 -8.241362701430917)
2024,CORTE SELETIVO,C51L41,POINT (-61.15915265316626 -8.110250478088025)
2024,CORTE SELETIVO,C51L41,POINT (-61.14534367146099 -8.100650230422964)
2024,CORTE SELETIVO,C51L41,POINT (-61.14784546231322 -8.098450872187025)
2024,CORTE SELETIVO,C51L41,POINT (-61.14675010418234 -8.098451038876226)
2024,CORTE SELETIVO,C51L41,POINT (-61.148047157304106 -8.098251196725514)
2024,CORTE SELETIVO,C51L41,POINT (-61.146545403806265 -8.09824748643505)
2024,CORTE SELETIVO,C51L41,POINT (-61.147545417015856 -8.097652092146458)
2024,CORTE SELETIVO,C51L41,POINT (-61.1453509057175 -8.096748184132014)
2024,CORTE SELETIVO,C51L41,POINT (-61.14725185600578 -8.09604709448842)
2024,CORTE SELETIVO,C51L41,POINT (-61.14735224755118 -8.095748077409391)
2024,CORTE SELETIVO,C51L41,POINT (-61.149145550432294 -8.095268767748543)
2024,CORTE SELETIVO,C51L41,POINT (-61.149549008111315 -8.094250722133255)
2024,CORTE SELETIVO,C51L41,POINT (-61.14895232707914 -8.09424840244583)
2024,CORTE SELETIVO,C51L41,POINT (-61.14934624021528 -8.0942535696215)
2024,CORTE SELETIVO,C51L41,POINT (-61.15285123883841 -8.092866189330248)
2024,CORTE SELETIVO,C51L41,POINT (-61.14255662342649 -8.249148907753263)
2024,CORTE SELETIVO,C51L41,POINT (-61.14125387227986 -8.245347927843628)
2024,CORTE SELETIVO,C51L41,POINT (-61.14284795596878 -8.24535137764823)
2024,CORTE SELETIVO,C51L41,POINT (-61.14114857443358 -8.245251722682356)
2024,CORTE SELETIVO,C51L41,POINT (-61.14154951684805 -8.244347274828916)
2024,CORTE SELETIVO,C51L41,POINT (-61.141652328406 -8.244147462940512)
2024,CORTE SELETIVO,C51L41,POINT (-61.141719860579926 -8.243650708178171)
2024,CORTE SELETIVO,C51L41,POINT (-61.107748969053425 -8.242451863233514)
2024,CORTE SELETIVO,C51L41,POINT (-61.10785423501643 -8.242151339352032)
2024,CORTE SELETIVO,C51L41,POINT (-61.142250362983134 -8.24155325374899)
2024,CORTE SELETIVO,C51L41,POINT (-61.11115026872146 -8.238353144408064)
2024,CORTE SELETIVO,C51L41,POINT (-61.10735389005918 -8.238348637401042)
2024,CORTE SELETIVO,C51L41,POINT (-61.112953565537126 -8.237249414347831)
2024,CORTE SELETIVO,C51L41,POINT (-61.1070486789345 -8.235545539200475)
2024,CORTE SELETIVO,C51L41,POINT (-61.113146756000866 -8.23516791321511)
2024,CORTE SELETIVO,C51L41,POINT (-61.10725253576656 -8.235152669952162)
2024,CORTE SELETIVO,C51L41,POINT (-61.10514766099187 -8.234848920354223)
2024,CORTE SELETIVO,C51L41,POINT (-61.10825003264793 -8.233949937289383)
2024,CORTE SELETIVO,C51L41,POINT (-61.10844621544672 -8.23384998227708)
2024,CORTE SELETIVO,C51L41,POINT (-61.10405021146531 -8.233482590436905)
2024,CORTE SELETIVO,C51L41,POINT (-61.11404660993696 -8.233447947736689)
2024,CORTE SELETIVO,C51L41,POINT (-61.1136459981942 -8.23324745745816)
2024,CORTE SELETIVO,C51L41,POINT (-61.115948851487246 -8.2331511583711)
2024,CORTE SELETIVO,C51L41,POINT (-61.11355227206013 -8.23302427516256)
2024,CORTE SELETIVO,C51L41,POINT (-61.113349026076925 -8.232853339557185)
2024,CORTE SELETIVO,C51L41,POINT (-61.108947960382174 -8.232748326982044)
2024,CORTE SELETIVO,C51L41,POINT (-61.10255273502076 -8.232251127563675)
2024,CORTE SELETIVO,C51L41,POINT (-61.113853865376065 -8.231949690020757)
2024,CORTE SELETIVO,C51L41,POINT (-61.11354538054146 -8.231848690996856)
2024,CORTE SELETIVO,C51L41,POINT (-61.10814551027686 -8.231150248080114)
2024,CORTE SELETIVO,C51L41,POINT (-61.11404879481655 -8.230147293354419)
2024,CORTE SELETIVO,C51L41,POINT (-61.09715061088562 -8.229752615687183)
2024,CORTE SELETIVO,C51L41,POINT (-61.09685149811599 -8.229753793509335)
2024,CORTE SELETIVO,C51L41,POINT (-61.10104925326652 -8.229746833849248)
2024,CORTE SELETIVO,C51L41,POINT (-61.10504568203409 -8.229654687307791)
2024,CORTE SELETIVO,C51L41,POINT (-61.11614940660729 -8.229549113128977)
2024,CORTE SELETIVO,C51L41,POINT (-61.100850967198795 -8.229453584692937)
2024,CORTE SELETIVO,C51L41,POINT (-61.09665071310947 -8.229451036967896)
2024,CORTE SELETIVO,C51L41,POINT (-61.098953905396094 -8.229250182670958)
2024,CORTE SELETIVO,C51L41,POINT (-61.09924745472555 -8.229251315643378)
2024,CORTE SELETIVO,C51L41,POINT (-61.1143495762938 -8.229053015375372)
2024,CORTE SELETIVO,C51L41,POINT (-61.10641777697593 -8.228854171840943)
2024,CORTE SELETIVO,C51L41,POINT (-61.106252586384215 -8.228746880940886)
2024,CORTE SELETIVO,C51L41,POINT (-61.10105142917059 -8.228350208236543)
2024,CORTE SELETIVO,C51L41,POINT (-61.11395317763853 -8.22814729145299)
2024,CORTE SELETIVO,C51L41,POINT (-61.11435007312359 -8.227953742251279)
2024,CORTE SELETIVO,C51L41,POINT (-61.11354729037453 -8.227854341427863)
2024,CORTE SELETIVO,C51L41,POINT (-61.11305277466359 -8.227749690600307)
2024,CORTE SELETIVO,C51L41,POINT (-61.113345896493136 -8.227751682950682)
2024,CORTE SELETIVO,C51L41,POINT (-61.11214718518418 -8.227550477863012)
2024,CORTE SELETIVO,C51L41,POINT (-61.113147287578236 -8.227551569349993)
2024,CORTE SELETIVO,C51L41,POINT (-61.1134495731419 -8.227549797578238)
2024,CORTE SELETIVO,C51L41,POINT (-61.09624555840009 -8.227454093106266)
2024,CORTE SELETIVO,C51L41,POINT (-61.097949043742254 -8.227252559644164)
2024,CORTE SELETIVO,C51L41,POINT (-61.097753941755634 -8.22724911628228)
2024,CORTE SELETIVO,C51L41,POINT (-61.11275094017756 -8.227152219761797)
2024,CORTE SELETIVO,C51L41,POINT (-61.0978545206865 -8.227005948754362)
2024,CORTE SELETIVO,C51L41,POINT (-61.09835161487479 -8.226847948895001)
2024,CORTE SELETIVO,C51L41,POINT (-61.09825293725369 -8.226685500945164)
2024,CORTE SELETIVO,C51L41,POINT (-61.098351872881295 -8.22654581171499)
2024,CORTE SELETIVO,C51L41,POINT (-61.098250228109485 -8.226451290305745)
2024,CORTE SELETIVO,C51L41,POINT (-61.097352156890175 -8.225948237229733)
2024,CORTE SELETIVO,C51L41,POINT (-61.117253581267825 -8.224654047487519)
2024,CORTE SELETIVO,C51L41,POINT (-61.11565224101118 -8.22445447540941)
2024,CORTE SELETIVO,C51L41,POINT (-61.115747661037254 -8.224246935964198)
2024,CORTE SELETIVO,C51L41,POINT (-61.12294589860527 -8.223849131273285)
2024,CORTE SELETIVO,C51L41,POINT (-61.11795429978948 -8.223450131710713)
2024,CORTE SELETIVO,C51L41,POINT (-61.11684998617841 -8.222847433978641)
2024,CORTE SELETIVO,C51L41,POINT (-61.09939451092593 -8.220752991870613)
2024,CORTE SELETIVO,C51L41,POINT (-61.11904923631517 -8.215751100715835)
2024,CORTE SELETIVO,C51L41,POINT (-61.14394636770709 -8.100289214858819)
2024,CORTE SELETIVO,C51L41,POINT (-61.143354427512264 -8.1001458110792)
2024,CORTE SELETIVO,C51L41,POINT (-61.142949222695336 -8.09945365807777)
2024,CORTE SELETIVO,C51L41,POINT (-61.143948715225086 -8.099248632825669)
2024,CORTE SELETIVO,C51L41,POINT (-61.148253300013835 -8.094547623654698)
2024,CORTE SELETIVO,C51L41,POINT (-61.10225086066027 -8.231852629478377)
2024,CORTE SELETIVO,C51L41,POINT (-61.111851637449625 -8.238446907620991)
2024,CORTE SELETIVO,C51L41,POINT (-61.10242333188937 -8.231747646991263)
2024,CORTE SELETIVO,C51L41,POINT (-61.20944915988242 -8.237446295293122)
2024,CORTE SELETIVO,C51L41,POINT (-61.10237890506148 -8.231853077894698)
2024,CORTE SELETIVO,C51L41,POINT (-61.124150091917315 -8.217852524494004)
2024,CORTE SELETIVO,C51L41,POINT (-61.15525347260816 -8.093453463494619)
2024,CORTE SELETIVO,C51L41,POINT (-61.12425405874888 -8.217951858462376)
2024,CORTE SELETIVO,C51L41,POINT (-61.1730513011171 -8.193751287975166)
2024,CORTE SELETIVO,C51L41,POINT (-61.1023544944253 -8.231945668910322)
2024,CORTE SELETIVO,C51L41,POINT (-61.10234932832116 -8.232049906590687)
2024,CORTE SELETIVO,C51L41,POINT (-61.226754504548424 -8.239145279425285)
2024,CORTE SELETIVO,C51L41,POINT (-61.21585055277936 -8.235945771693192)
2024,CORTE SELETIVO,C51L41,POINT (-61.22324946383906 -8.230347384872868)
2024,CORTE SELETIVO,C51L41,POINT (-61.208039126923104 -8.229876036009914)
2024,CORTE SELETIVO,C51L41,POINT (-61.165351192006014 -8.248954772890848)
2024,CORTE SELETIVO,C51L41,POINT (-61.11714706441424 -8.244926334340677)
2024,CORTE SELETIVO,C51L41,POINT (-61.11724981029951 -8.244652936516545)
2024,CORTE SELETIVO,C51L41,POINT (-61.09645316070517 -8.22934560947628)
2024,CORTE SELETIVO,C51L41,POINT (-61.09609529625882 -8.225828781483012)
2024,CORTE SELETIVO,C51L41,POINT (-61.12464686713143 -8.21785074994994)
2024,CORTE SELETIVO,C51L41,POINT (-61.12443595057559 -8.21769492166936)
2024,CORTE SELETIVO,C51L41,POINT (-61.10246007202033 -8.23207372138788)
2024,CORTE SELETIVO,C51L41,POINT (-61.21434686451044 -8.245549435031524)
2024,CORTE SELETIVO,C51L41,POINT (-61.22203078866043 -8.241846682803303)
2024,CORTE SELETIVO,C51L41,POINT (-61.22364979428025 -8.241061454894442)
2024,CORTE SELETIVO,C51L41,POINT (-61.22075313789984 -8.236250222176063)
2024,CORTE SELETIVO,C51L41,POINT (-61.21145018355039 -8.235346905539034)
2024,CORTE SELETIVO,C51L41,POINT (-61.211448112888036 -8.231151660558366)
2024,CORTE RASO,C51L41,POINT (-61.20364015286896 -8.183851339705773)
2024,CORTE SELETIVO,C51L41,POINT (-61.172149667848444 -8.195752517275787)
2024,CORTE SELETIVO,C51L41,POINT (-61.172347444387356 -8.195552530484086)
2024,CORTE SELETIVO,C51L41,POINT (-61.22384676381036 -8.240047457634853)
2024,CORTE SELETIVO,C51L41,POINT (-61.207753820584564 -8.230347706917819)
2024,CORTE SELETIVO,C51L41,POINT (-61.20794828804673 -8.230150519139409)
2024,CORTE SELETIVO,C51L41,POINT (-61.14275174309879 -8.249249290570368)
2024,CORTE SELETIVO,C51L41,POINT (-61.11745217472688 -8.244650020326231)
2024,CORTE SELETIVO,C51L41,POINT (-61.09604683430091 -8.225950086052352)
2024,CORTE SELETIVO,C51L41,POINT (-61.095948315044296 -8.225731452126677)
2024,CORTE SELETIVO,C51L41,POINT (-61.096051986943635 -8.225547928762122)
2024,CORTE SELETIVO,C51L41,POINT (-61.143851065192884 -8.24655403541523)
2024,CORTE SELETIVO,C51L41,POINT (-61.22204658687117 -8.241954149459843)
2024,CORTE SELETIVO,C51L41,POINT (-61.17695323561418 -8.180553800806031)
2024,CORTE SELETIVO,C51L41,POINT (-61.16652311936953 -8.247452333274769)
2024,CORTE SELETIVO,C51L41,POINT (-61.167153092450036 -8.246654256939191)
2024,CORTE SELETIVO,C51L41,POINT (-61.16705177865945 -8.246453679332067)
2024,CORTE SELETIVO,C51L41,POINT (-61.14654822625998 -8.247352581999309)
2024,CORTE SELETIVO,C51L41,POINT (-61.15634672362526 -8.247023290520278)
2024,CORTE SELETIVO,C51L41,POINT (-61.15745118182263 -8.24655322091991)
2024,CORTE SELETIVO,C51L41,POINT (-61.14128409184794 -8.245082007846127)
2024,CORTE SELETIVO,C51L41,POINT (-61.155053815087406 -8.244994989982327)
2024,CORTE SELETIVO,C51L41,POINT (-61.14184770134158 -8.24364602330555)
2024,CORTE SELETIVO,C51L41,POINT (-61.134853272470934 -8.24234609374904)
2024,CORTE SELETIVO,C51L41,POINT (-61.14095048763832 -8.242150150073664)
2024,CORTE SELETIVO,C51L41,POINT (-61.134751755155214 -8.241754630132348)
2024,CORTE SELETIVO,C51L41,POINT (-61.14485038027404 -8.09784807116809)
2024,CORTE SELETIVO,C51L41,POINT (-61.21984832120933 -8.244351347111545)
2024,CORTE SELETIVO,C51L41,POINT (-61.22365339166279 -8.239852351208071)
2024,CORTE SELETIVO,C51L41,POINT (-61.21175011985191 -8.23823992292397)
2024,CORTE SELETIVO,C51L41,POINT (-61.207945839190245 -8.230316447841725)
2024,CORTE SELETIVO,C51L41,POINT (-61.20784991261017 -8.230154310067656)
2024,CORTE SELETIVO,C51L41,POINT (-61.20804744004099 -8.230153938672409)
2024,CORTE SELETIVO,C51L41,POINT (-61.20384666039667 -8.229528787634317)
2024,CORTE SELETIVO,C51L41,POINT (-61.201853924363306 -8.248654668725026)
2024,CORTE SELETIVO,C51L41,POINT (-61.20175347209528 -8.248552320193166)
2024,CORTE SELETIVO,C51L41,POINT (-61.20195062666156 -8.2483938446718)
2024,CORTE SELETIVO,C51L41,POINT (-61.15684796931713 -8.12044879079399)
2024,CORTE SELETIVO,C51L41,POINT (-61.11724920953769 -8.244749900192401)
2024,CORTE SELETIVO,C51L41,POINT (-61.11364654911898 -8.240249987778189)
2024,CORTE SELETIVO,C51L41,POINT (-61.09754790534241 -8.23594945542515)
2024,CORTE SELETIVO,C51L41,POINT (-61.11585415026222 -8.231951242819438)
2024,CORTE SELETIVO,C51L41,POINT (-61.09611469284897 -8.229292857476347)
2024,CORTE SELETIVO,C51L41,POINT (-61.09593623654344 -8.229050440619412)
2024,CORTE SELETIVO,C51L41,POINT (-61.095949127382504 -8.228845673821578)
2024,CORTE SELETIVO,C51L41,POINT (-61.096178465548824 -8.225554138978321)
2024,CORTE SELETIVO,C51L41,POINT (-61.11764778817076 -8.220252590202296)
2024,CORTE SELETIVO,C51L41,POINT (-61.143747481755454 -8.246550691811555)
2024,VEGETAÇÃO,C51L41,POINT (-61.04104715899995 -8.103924166999967)
2024,VEGETAÇÃO,C51L41,POINT (-61.05301715899995 -8.190954166999965)
2024,VEGETAÇÃO,C51L41,POINT (-61.10746715899995 -8.072964166999967)
2024,VEGETAÇÃO,C51L41,POINT (-61.109267158999955 -8.214354166999966)
2024,VEGETAÇÃO,C51L41,POINT (-61.004057158999956 -8.167194166999966)
2024,VEGETAÇÃO,C51L41,POINT (-61.08082715899995 -8.176914166999966)
2024,VEGETAÇÃO,C51L41,POINT (-61.14958715899995 -8.087004166999966)
2024,VEGETAÇÃO,C51L41,POINT (-61.223657158999956 -8.040384166999965)
2024,VEGETAÇÃO,C51L41,POINT (-61.00459715899996 -8.249994166999967)
2024,VEGETAÇÃO,C51L41,POINT (-61.126097158999954 -8.239824166999966)
2024,VEGETAÇÃO,C51L41,POINT (-61.16956715899995 -8.017254166999967)
2024,VEGETAÇÃO,C51L41,POINT (-61.15435715899996 -8.113914166999967)
2024,VEGETAÇÃO,C51L41,POINT (-61.16668715899995 -8.117604166999966)
2024,VEGETAÇÃO,C51L41,POINT (-61.11610715899995 -8.039934166999966)
2024,VEGETAÇÃO,C51L41,POINT (-61.03303715899995 -8.017074166999967)
2024,VEGETAÇÃO,C51L41,POINT (-61.06138715899995 -8.235954166999965)
2024,VEGETAÇÃO,C51L41,POINT (-61.00171715899995 -8.007804166999966)
2024,VEGETAÇÃO,C51L41,POINT (-61.090997158999954 -8.070714166999966)
2024,VEGETAÇÃO,C51L41,POINT (-61.139057158999954 -8.241714166999966)
2024,VEGETAÇÃO,C51L41,POINT (-61.192157158999954 -8.016354166999966)
2024,VEGETAÇÃO,C51L41,POINT (-61.15975715899995 -8.199324166999967)
2024,VEGETAÇÃO,C51L41,POINT (-61.24651715899995 -8.030034166999966)
2024,VEGETAÇÃO,C51L41,POINT (-61.17343715899995 -8.206524166999966)
2024,VEGETAÇÃO,C51L41,POINT (-61.165787158999954 -8.114544166999966)
2024,VEGETAÇÃO,C51L41,POINT (-61.16335715899995 -8.169174166999966)
2024,VEGETAÇÃO,C51L41,POINT (-61.21150715899995 -8.022654166999967)
2024,VEGETAÇÃO,C51L41,POINT (-61.18639715899995 -8.076114166999966)
2024,VEGETAÇÃO,C51L41,POINT (-61.04563715899995 -8.165934166999966)
2024,VEGETAÇÃO,C51L41,POINT (-61.08559715899995 -8.244234166999966)
2024,VEGETAÇÃO,C51L41,POINT (-61.01809715899995 -8.046324166999966)
2024,VEGETAÇÃO,C51L41,POINT (-61.22473715899996 -8.238384166999966)
2024,VEGETAÇÃO,C51L41,POINT (-61.07110715899995 -8.038494166999966)
2024,VEGETAÇÃO,C51L41,POINT (-61.24777715899995 -8.022654166999967)
2024,VEGETAÇÃO,C51L41,POINT (-61.04383715899995 -8.062794166999966)
2024,VEGETAÇÃO,C51L41,POINT (-61.099547158999954 -8.051274166999967)
2024,VEGETAÇÃO,C51L41,POINT (-61.03222715899995 -8.137854166999967)
2024,VEGETAÇÃO,C51L41,POINT (-61.22959715899995 -8.194554166999966)
2024,VEGETAÇÃO,C51L41,POINT (-61.201157158999955 -8.167824166999965)
2024,VEGETAÇÃO,C51L41,POINT (-61.04068715899995 -8.066844166999966)
2024,VEGETAÇÃO,C51L41,POINT (-61.200707158999954 -8.017344166999965)
2024,VEGETAÇÃO,C51L41,POINT (-61.15993715899995 -8.040384166999965)
2024,VEGETAÇÃO,C51L41,POINT (-61.07218715899995 -8.000154166999966)
2024,VEGETAÇÃO,C51L41,POINT (-61.02754715899995 -8.108244166999967)
2024,VEGETAÇÃO,C51L41,POINT (-61.07974715899995 -8.172864166999966)
2024,VEGETAÇÃO,C51L41,POINT (-61.12960715899995 -8.171604166999966)
2024,VEGETAÇÃO,C51L41,POINT (-61.083257158999956 -8.110494166999967)
2024,VEGETAÇÃO,C51L41,POINT (-61.178567158999954 -8.216874166999967)
2024,VEGETAÇÃO,C51L41,POINT (-61.144997158999956 -8.216424166999966)
2024,VEGETAÇÃO,C51L41,POINT (-61.241297158999956 -8.100684166999967)
2024,VEGETAÇÃO,C51L41,POINT (-61.15912715899995 -8.015814166999967)
2024,VEGETAÇÃO,C51L41,POINT (-61.15903715899995 -8.024544166999966)
2024,VEGETAÇÃO,C51L41,POINT (-61.135547158999955 -8.212824166999967)
2024,VEGETAÇÃO,C51L41,POINT (-61.22014715899995 -8.179434166999966)
2024,VEGETAÇÃO,C51L41,POINT (-61.179557158999955 -8.018424166999965)
2024,VEGETAÇÃO,C51L41,POINT (-61.04473715899995 -8.063964166999966)
2024,VEGETAÇÃO,C51L41,POINT (-61.06165715899995 -8.163504166999966)
2024,VEGETAÇÃO,C51L41,POINT (-61.06174715899995 -8.068824166999967)
2024,VEGETAÇÃO,C51L41,POINT (-61.103867158999954 -8.128314166999965)
2024,VEGETAÇÃO,C51L41,POINT (-61.13671715899996 -8.221014166999966)
2024,VEGETAÇÃO,C51L41,POINT (-61.161197158999954 -8.212194166999966)
2024,VEGETAÇÃO,C51L41,POINT (-61.07479715899996 -8.188884166999966)
2024,VEGETAÇÃO,C51L41,POINT (-61.15399715899996 -8.223804166999967)
2024,VEGETAÇÃO,C51L41,POINT (-61.068947158999954 -8.084394166999965)
2024,VEGETAÇÃO,C51L41,POINT (-61.20475715899995 -8.210034166999966)
2024,VEGETAÇÃO,C51L41,POINT (-61.08046715899995 -8.207154166999967)
2024,VEGETAÇÃO,C51L41,POINT (-61.19593715899995 -8.134074166999966)
2024,VEGETAÇÃO,C51L41,POINT (-61.10719715899995 -8.125164166999966)
2024,VEGETAÇÃO,C51L41,POINT (-61.03645715899995 -8.139564166999966)
2024,VEGETAÇÃO,C51L41,POINT (-61.00558715899995 -8.092314166999966)
2024,VEGETAÇÃO,C51L41,POINT (-61.16902715899995 -8.036604166999966)
2024,VEGETAÇÃO,C51L41,POINT (-61.22059715899995 -8.077194166999966)
2024,VEGETAÇÃO,C51L41,POINT (-61.20394715899995 -8.058834166999967)
2024,VEGETAÇÃO,C51L41,POINT (-61.15183715899995 -8.143074166999966)
2024,VEGETAÇÃO,C51L41,POINT (-61.00081715899995 -8.144514166999967)
2024,VEGETAÇÃO,C51L41,POINT (-61.16407715899995 -8.109594166999965)
2024,VEGETAÇÃO,C51L41,POINT (-61.236167158999955 -8.040564166999966)
2024,VEGETAÇÃO,C51L41,POINT (-61.05382715899995 -8.202744166999967)
2024,VEGETAÇÃO,C51L41,POINT (-61.01026715899995 -8.203644166999966)
2024,VEGETAÇÃO,C51L41,POINT (-61.15084715899995 -8.218134166999967)
2024,VEGETAÇÃO,C51L41,POINT (-61.12438715899995 -8.045784166999967)
2024,VEGETAÇÃO,C51L41,POINT (-61.17694715899995 -8.077554166999967)
2024,VEGETAÇÃO,C51L41,POINT (-61.22185715899995 -8.138844166999966)
2024,VEGETAÇÃO,C51L41,POINT (-61.14256715899995 -8.139924166999966)
2024,VEGETAÇÃO,C51L41,POINT (-61.00018715899995 -8.141724166999966)
2024,VEGETAÇÃO,C51L41,POINT (-61.23103715899995 -8.167284166999966)
2024,VEGETAÇÃO,C51L41,POINT (-61.051577158999955 -8.137314166999966)
2024,VEGETAÇÃO,C51L41,POINT (-61.047167158999954 -8.024634166999967)
2024,VEGETAÇÃO,C51L41,POINT (-61.161647158999955 -8.224254166999966)
2024,VEGETAÇÃO,C51L41,POINT (-61.14085715899995 -8.182494166999966)
2024,VEGETAÇÃO,C51L41,POINT (-61.00981715899995 -8.034084166999966)
2024,VEGETAÇÃO,C51L41,POINT (-61.00576715899995 -8.018874166999966)
2024,VEGETAÇÃO,C51L41,POINT (-61.02277715899995 -8.161794166999966)
2024,VEGETAÇÃO,C51L41,POINT (-61.024667158999954 -8.110944166999966)
2024,VEGETAÇÃO,C51L41,POINT (-61.06804715899995 -8.004834166999967)
2024,VEGETAÇÃO,C51L41,POINT (-61.11403715899995 -8.062704166999966)
2024,VEGETAÇÃO,C51L41,POINT (-61.165967158999955 -8.205534166999966)
2024,VEGETAÇÃO,C51L41,POINT (-61.144547158999956 -8.184204166999967)
2024,VEGETAÇÃO,C51L41,POINT (-61.05085715899995 -8.223714166999967)
2024,VEGETAÇÃO,C51L41,POINT (-61.17316715899995 -8.105094166999967)
2024,VEGETAÇÃO,C51L41,POINT (-61.01971715899995 -8.018604166999966)
2024,VEGETAÇÃO,C51L41,POINT (-61.004417158999956 -8.038854166999966)
2024,VEGETAÇÃO,C51L41,POINT (-61.00621715899995 -8.163774166999966)
2024,VEGETAÇÃO,C51L41,POINT (-61.091357158999955 -8.046234166999966)
2024,VEGETAÇÃO,C51L41,POINT (-61.169927158999954 -8.053254166999967)
2024,VEGETAÇÃO,C51L41,POINT (-61.12843715899995 -8.196084166999967)
2024,VEGETAÇÃO,C51L41,POINT (-61.008017158999955 -8.171604166999966)
2024,VEGETAÇÃO,C51L41,POINT (-61.068947158999954 -8.133624166999967)
2024,VEGETAÇÃO,C51L41,POINT (-61.06759715899995 -8.212104166999966)
2024,VEGETAÇÃO,C51L41,POINT (-61.113857158999956 -8.245314166999966)
2024,VEGETAÇÃO,C51L41,POINT (-61.12456715899995 -8.244054166999966)
2024,VEGETAÇÃO,C51L41,POINT (-61.08469715899995 -8.175294166999967)
2024,VEGETAÇÃO,C51L41,POINT (-61.21996715899995 -8.056134166999966)
2024,VEGETAÇÃO,C51L41,POINT (-61.109717158999956 -8.215434166999966)
2024,VEGETAÇÃO,C51L41,POINT (-61.19080715899995 -8.210664166999967)
2024,VEGETAÇÃO,C51L41,POINT (-61.20367715899995 -8.061084166999967)
2024,VEGETAÇÃO,C51L41,POINT (-61.03996715899996 -8.069544166999966)
2024,VEGETAÇÃO,C51L41,POINT (-61.021787158999956 -8.013654166999967)
2024,VEGETAÇÃO,C51L41,POINT (-61.07254715899995 -8.216694166999966)
2024,VEGETAÇÃO,C51L41,POINT (-61.12411715899995 -8.107434166999965)
2024,VEGETAÇÃO,C51L41,POINT (-61.09792715899995 -8.195184166999967)
2024,VEGETAÇÃO,C51L41,POINT (-61.11574715899995 -8.048934166999967)
2024,VEGETAÇÃO,C51L41,POINT (-61.07146715899995 -8.020854166999966)
2024,VEGETAÇÃO,C51L41,POINT (-61.12879715899995 -8.208414166999967)
2024,VEGETAÇÃO,C51L41,POINT (-61.161107158999954 -8.151534166999966)
2024,VEGETAÇÃO,C51L41,POINT (-61.05256715899995 -8.155404166999967)
2024,VEGETAÇÃO,C51L41,POINT (-61.148867158999956 -8.232534166999967)
2024,VEGETAÇÃO,C51L41,POINT (-61.20745715899995 -8.176284166999967)
2024,VEGETAÇÃO,C51L41,POINT (-61.074617158999956 -8.089794166999967)
2024,VEGETAÇÃO,C51L41,POINT (-61.092167158999956 -8.243784166999966)
2024,VEGETAÇÃO,C51L41,POINT (-61.22545715899995 -8.190234166999966)
2024,VEGETAÇÃO,C51L41,POINT (-61.02232715899996 -8.249814166999967)
2024,VEGETAÇÃO,C51L41,POINT (-61.223117158999955 -8.179884166999967)
2024,VEGETAÇÃO,C51L41,POINT (-61.23832715899995 -8.181504166999966)
2024,VEGETAÇÃO,C51L41,POINT (-61.01557715899995 -8.224074166999966)
2024,VEGETAÇÃO,C51L41,POINT (-61.08955715899995 -8.228574166999966)
2024,VEGETAÇÃO,C51L41,POINT (-61.139687158999955 -8.071704166999966)
2024,VEGETAÇÃO,C51L41,POINT (-61.214657158999955 -8.225604166999966)
2024,VEGETAÇÃO,C51L41,POINT (-61.20817715899995 -8.163774166999966)
2024,VEGETAÇÃO,C51L41,POINT (-61.14607715899995 -8.173494166999966)
2024,VEGETAÇÃO,C51L41,POINT (-61.19539715899995 -8.012034166999966)
2024,VEGETAÇÃO,C51L41,POINT (-61.18576715899995 -8.164314166999967)
2024,VEGETAÇÃO,C51L41,POINT (-61.18945715899996 -8.065674166999965)
2024,VEGETAÇÃO,C51L41,POINT (-61.11529715899995 -8.194284166999966)
2024,VEGETAÇÃO,C51L41,POINT (-61.14319715899995 -8.011674166999967)
2024,VEGETAÇÃO,C51L41,POINT (-61.08757715899995 -8.236044166999966)
2024,VEGETAÇÃO,C51L41,POINT (-61.223837158999956 -8.225514166999966)
2024,VEGETAÇÃO,C51L41,POINT (-61.14265715899995 -8.071614166999966)
2024,VEGETAÇÃO,C51L41,POINT (-61.074617158999956 -8.101044166999966)
2024,VEGETAÇÃO,C51L41,POINT (-61.135817158999956 -8.195004166999967)
2024,VEGETAÇÃO,C51L41,POINT (-61.00099715899995 -8.175024166999966)
2024,VEGETAÇÃO,C51L41,POINT (-61.00549715899995 -8.210754166999966)
2024,VEGETAÇÃO,C51L41,POINT (-61.047887158999956 -8.029764166999966)
2024,VEGETAÇÃO,C51L41,POINT (-61.08802715899995 -8.142354166999967)
2024,VEGETAÇÃO,C51L41,POINT (-61.22626715899995 -8.123004166999966)
2024,VEGETAÇÃO,C51L41,POINT (-61.13707715899995 -8.102034166999966)
2024,VEGETAÇÃO,C51L41,POINT (-61.23787715899995 -8.132364166999967)
2024,VEGETAÇÃO,C51L41,POINT (-61.11988715899995 -8.227944166999967)
2024,VEGETAÇÃO,C51L41,POINT (-61.086947158999955 -8.231544166999965)
2024,VEGETAÇÃO,C51L41,POINT (-61.04212715899995 -8.091504166999966)
2024,VEGETAÇÃO,C51L41,POINT (-61.201427158999955 -8.158284166999966)
2024,VEGETAÇÃO,C51L41,POINT (-61.17694715899995 -8.127144166999967)
2024,VEGETAÇÃO,C51L41,POINT (-61.11079715899995 -8.162964166999966)
2024,VEGETAÇÃO,C51L41,POINT (-61.16776715899995 -8.097444166999967)
2024,VEGETAÇÃO,C51L41,POINT (-61.06174715899995 -8.009424166999967)
2024,VEGETAÇÃO,C51L41,POINT (-61.09783715899995 -8.197974166999966)
2024,VEGETAÇÃO,C51L41,POINT (-61.103867158999954 -8.123274166999966)
2024,VEGETAÇÃO,C51L41,POINT (-61.095947158999955 -8.087184166999966)
2024,VEGETAÇÃO,C51L41,POINT (-61.056707158999956 -8.041284166999967)
2024,VEGETAÇÃO,C51L41,POINT (-61.11187715899995 -8.199864166999966)
2024,VEGETAÇÃO,C51L41,POINT (-61.029707158999955 -8.003574166999966)
2024,VEGETAÇÃO,C51L41,POINT (-61.12348715899995 -8.248734166999967)
2024,VEGETAÇÃO,C51L41,POINT (-61.15507715899995 -8.068014166999966)
2024,VEGETAÇÃO,C51L41,POINT (-61.197557158999956 -8.128404166999966)
2024,VEGETAÇÃO,C51L41,POINT (-61.01998715899995 -8.168184166999966)
2024,VEGETAÇÃO,C51L41,POINT (-61.22842715899995 -8.025264166999966)
2024,VEGETAÇÃO,C51L41,POINT (-61.14544715899996 -8.047944166999967)
2024,VEGETAÇÃO,C51L41,POINT (-61.17748715899995 -8.072064166999967)
2024,VEGETAÇÃO,C51L41,POINT (-61.147877158999954 -8.188074166999966)
2024,VEGETAÇÃO,C51L41,POINT (-61.23868715899995 -8.178624166999967)
2024,VEGETAÇÃO,C51L41,POINT (-61.04032715899995 -8.102754166999967)
2024,VEGETAÇÃO,C51L41,POINT (-61.22464715899996 -8.234154166999966)
2024,VEGETAÇÃO,C51L41,POINT (-61.08442715899995 -8.166204166999966)
2024,VEGETAÇÃO,C51L41,POINT (-61.08010715899995 -8.245764166999967)
2024,VEGETAÇÃO,C51L41,POINT (-61.039157158999956 -8.002224166999966)
2024,VEGETAÇÃO,C51L41,POINT (-61.05292715899995 -8.061804166999966)
2024,VEGETAÇÃO,C51L41,POINT (-61.18081715899996 -8.149014166999967)
2024,VEGETAÇÃO,C51L41,POINT (-61.08901715899995 -8.049024166999967)
2024,VEGETAÇÃO,C51L41,POINT (-61.042667158999954 -8.211744166999967)
2024,VEGETAÇÃO,C51L41,POINT (-61.227437158999955 -8.172144166999967)
2024,VEGETAÇÃO,C51L41,POINT (-61.249667158999955 -8.003304166999966)
2024,VEGETAÇÃO,C51L41,POINT (-61.03582715899995 -8.016624166999966)
2024,VEGETAÇÃO,C51L41,POINT (-61.04563715899995 -8.191314166999966)
2024,VEGETAÇÃO,C51L41,POINT (-61.09315715899995 -8.140104166999967)
2024,VEGETAÇÃO,C51L41,POINT (-61.18072715899996 -8.055324166999966)
2024,VEGETAÇÃO,C51L41,POINT (-61.086767158999955 -8.040924166999966)
2024,VEGETAÇÃO,C51L41,POINT (-61.214297158999955 -8.074944166999966)
2024,VEGETAÇÃO,C51L41,POINT (-61.00468715899996 -8.066844166999966)
2024,VEGETAÇÃO,C51L41,POINT (-61.24273715899995 -8.205714166999966)
2024,VEGETAÇÃO,C51L41,POINT (-61.138967158999954 -8.001954166999965)
2024,VEGETAÇÃO,C51L41,POINT (-61.23508715899995 -8.249004166999967)
2024,VEGETAÇÃO,C51L41,POINT (-61.051487158999954 -8.109864166999966)
2024,VEGETAÇÃO,C51L41,POINT (-61.236797158999956 -8.077554166999967)
2024,VEGETAÇÃO,C51L41,POINT (-61.056977158999956 -8.131284166999967)
2024,VEGETAÇÃO,C51L41,POINT (-61.165967158999955 -8.072784166999966)
2024,VEGETAÇÃO,C51L41,POINT (-61.01962715899995 -8.240454166999966)
2024,VEGETAÇÃO,C51L41,POINT (-61.21717715899995 -8.174124166999967)
2024,VEGETAÇÃO,C51L41,POINT (-61.04176715899995 -8.175474166999967)
2024,VEGETAÇÃO,C51L41,POINT (-61.17739715899995 -8.063514166999965)
2024,VEGETAÇÃO,C51L41,POINT (-61.14526715899996 -8.119044166999966)
2024,VEGETAÇÃO,C51L41,POINT (-61.038347158999954 -8.136774166999967)
2024,VEGETAÇÃO,C51L41,POINT (-61.073357158999954 -8.082864166999967)
2024,VEGETAÇÃO,C51L41,POINT (-61.12069715899995 -8.197344166999967)
2024,VEGETAÇÃO,C51L41,POINT (-61.04977715899995 -8.169984166999967)
2024,VEGETAÇÃO,C51L41,POINT (-61.08091715899995 -8.200134166999966)
2024,VEGETAÇÃO,C51L41,POINT (-61.034387158999955 -8.082234166999966)
2024,VEGETAÇÃO,C51L41,POINT (-61.06273715899995 -8.197524166999965)
2024,VEGETAÇÃO,C51L41,POINT (-61.23706715899995 -8.128044166999967)
2024,VEGETAÇÃO,C51L41,POINT (-61.01521715899995 -8.111304166999966)
2024,VEGETAÇÃO,C51L41,POINT (-61.01431715899995 -8.105634166999966)
2024,VEGETAÇÃO,C51L41,POINT (-61.08496715899995 -8.045064166999966)
2024,VEGETAÇÃO,C51L41,POINT (-61.10773715899995 -8.051634166999966)
2024,VEGETAÇÃO,C51L41,POINT (-61.23796715899995 -8.243694166999965)
2024,VEGETAÇÃO,C51L41,POINT (-61.24714715899995 -8.139204166999967)
2024,VEGETAÇÃO,C51L41,POINT (-61.077947158999955 -8.218584166999966)
2024,VEGETAÇÃO,C51L41,POINT (-61.16074715899995 -8.114094166999966)
2024,VEGETAÇÃO,C51L41,POINT (-61.13680715899996 -8.075754166999966)
2024,VEGETAÇÃO,C51L41,POINT (-61.17649715899995 -8.008884166999966)
2024,VEGETAÇÃO,C51L41,POINT (-61.22842715899995 -8.226414166999966)
2024,VEGETAÇÃO,C51L41,POINT (-61.14310715899995 -8.023014166999966)
2024,VEGETAÇÃO,C51L41,POINT (-61.10683715899995 -8.061804166999966)
2024,VEGETAÇÃO,C51L41,POINT (-61.24858715899995 -8.091774166999967)
2024,VEGETAÇÃO,C51L41,POINT (-61.223657158999956 -8.124174166999966)
2024,VEGETAÇÃO,C51L41,POINT (-61.15156715899995 -8.101674166999967)
2024,VEGETAÇÃO,C51L41,POINT (-61.210427158999956 -8.233974166999966)
2024,VEGETAÇÃO,C51L41,POINT (-61.183067158999954 -8.159094166999965)
2024,VEGETAÇÃO,C51L41,POINT (-61.178927158999954 -8.001954166999965)
2024,VEGETAÇÃO,C51L41,POINT (-61.14697715899995 -8.090514166999967)
2024,VEGETAÇÃO,C51L41,POINT (-61.05040715899995 -8.231544166999965)
2024,VEGETAÇÃO,C51L41,POINT (-61.205927158999955 -8.053344166999967)
2024,VEGETAÇÃO,C51L41,POINT (-61.10161715899996 -8.049114166999967)
2024,VEGETAÇÃO,C51L41,POINT (-61.042307158999954 -8.060364166999966)
2024,VEGETAÇÃO,C51L41,POINT (-61.20781715899995 -8.078094166999966)
2024,VEGETAÇÃO,C51L41,POINT (-61.077767158999954 -8.100504166999967)
2024,VEGETAÇÃO,C51L41,POINT (-61.08811715899995 -8.023554166999967)
2024,VEGETAÇÃO,C51L41,POINT (-61.23436715899995 -8.022834166999965)
2024,VEGETAÇÃO,C51L41,POINT (-61.23814715899995 -8.150004166999967)
2024,VEGETAÇÃO,C51L41,POINT (-61.03708715899995 -8.205174166999965)
2024,VEGETAÇÃO,C51L41,POINT (-61.22473715899996 -8.003844166999967)
2024,VEGETAÇÃO,C51L41,POINT (-61.205387158999955 -8.133624166999967)
2024,VEGETAÇÃO,C51L41,POINT (-61.206107158999956 -8.140374166999965)
2024,VEGETAÇÃO,C51L41,POINT (-61.13374715899995 -8.108784166999966)
2024,VEGETAÇÃO,C51L41,POINT (-61.165247158999954 -8.168634166999967)
2024,VEGETAÇÃO,C51L41,POINT (-61.21744715899995 -8.164674166999966)
2024,VEGETAÇÃO,C51L41,POINT (-61.091717158999955 -8.082234166999966)
2024,VEGETAÇÃO,C51L41,POINT (-61.14688715899995 -8.129484166999966)
2024,VEGETAÇÃO,C51L41,POINT (-61.048067158999956 -8.038764166999966)
2024,VEGETAÇÃO,C51L41,POINT (-61.24813715899995 -8.019684166999966)
2024,VEGETAÇÃO,C51L41,POINT (-61.14679715899995 -8.172054166999967)
2024,VEGETAÇÃO,C51L41,POINT (-61.16353715899995 -8.153064166999966)
2024,VEGETAÇÃO,C51L41,POINT (-61.15417715899996 -8.024724166999967)
2024,VEGETAÇÃO,C51L41,POINT (-61.04059715899995 -8.231364166999967)
2024,VEGETAÇÃO,C51L41,POINT (-61.00189715899995 -8.118684166999966)
2024,VEGETAÇÃO,C51L41,POINT (-61.227077158999954 -8.095644166999966)
2024,VEGETAÇÃO,C51L41,POINT (-61.02457715899995 -8.107254166999967)
2024,VEGETAÇÃO,C51L41,POINT (-61.011437158999954 -8.012844166999967)
2024,VEGETAÇÃO,C51L41,POINT (-61.18063715899996 -8.156394166999966)
2024,VEGETAÇÃO,C51L41,POINT (-61.038527158999955 -8.170074166999965)
2024,VEGETAÇÃO,C51L41,POINT (-61.11214715899995 -8.057844166999967)
2024,VEGETAÇÃO,C51L41,POINT (-61.15003715899995 -8.043534166999967)
2024,VEGETAÇÃO,C51L41,POINT (-61.17217715899995 -8.030394166999967)
2024,VEGETAÇÃO,C51L41,POINT (-61.16074715899995 -8.196714166999966)
2024,VEGETAÇÃO,C51L41,POINT (-61.23769715899995 -8.111304166999966)
2024,VEGETAÇÃO,C51L41,POINT (-61.21240715899995 -8.104824166999967)
2024,VEGETAÇÃO,C51L41,POINT (-61.15606715899995 -8.091954166999967)
2024,VEGETAÇÃO,C51L41,POINT (-61.205747158999955 -8.092134166999966)
2024,VEGETAÇÃO,C51L41,POINT (-61.196387158999954 -8.122644166999967)
2024,VEGETAÇÃO,C51L41,POINT (-61.11511715899995 -8.171874166999967)
2024,VEGETAÇÃO,C51L41,POINT (-61.21717715899995 -8.031474166999967)
2024,VEGETAÇÃO,C51L41,POINT (-61.15876715899995 -8.121294166999967)
2024,VEGETAÇÃO,C51L41,POINT (-61.13689715899996 -8.046774166999967)
2024,VEGETAÇÃO,C51L41,POINT (-61.03627715899995 -8.047224166999966)
2024,VEGETAÇÃO,C51L41,POINT (-61.24417715899995 -8.089164166999966)
2024,VEGETAÇÃO,C51L41,POINT (-61.08127715899995 -8.222904166999966)
2024,VEGETAÇÃO,C51L41,POINT (-61.08136715899995 -8.065584166999967)
2024,VEGETAÇÃO,C51L41,POINT (-61.21636715899995 -8.064144166999967)
2024,VEGETAÇÃO,C51L41,POINT (-61.13437715899995 -8.143704166999965)
2024,VEGETAÇÃO,C51L41,POINT (-61.00567715899995 -8.005734166999966)
2024,VEGETAÇÃO,C51L41,POINT (-61.06651715899996 -8.002764166999967)
2024,VEGETAÇÃO,C51L41,POINT (-61.14589715899995 -8.169804166999967)
2024,VEGETAÇÃO,C51L41,POINT (-61.04428715899995 -8.185194166999967)
2024,VEGETAÇÃO,C51L41,POINT (-61.05472715899995 -8.208774166999966)
2024,VEGETAÇÃO,C51L41,POINT (-61.130597158999954 -8.207244166999967)
2024,VEGETAÇÃO,C51L41,POINT (-61.12483715899995 -8.138394166999966)
2024,VEGETAÇÃO,C51L41,POINT (-61.108547158999954 -8.205624166999966)
2024,VEGETAÇÃO,C51L41,POINT (-61.09810715899995 -8.031384166999967)
2024,VEGETAÇÃO,C51L41,POINT (-61.12330715899995 -8.121204166999966)
2024,VEGETAÇÃO,C51L41,POINT (-61.15444715899996 -8.067924166999966)
2024,VEGETAÇÃO,C51L41,POINT (-61.22095715899995 -8.044974166999966)
2024,VEGETAÇÃO,C51L41,POINT (-61.10746715899995 -8.027694166999966)
2024,VEGETAÇÃO,C51L41,POINT (-61.16011715899995 -8.173764166999966)
2024,VEGETAÇÃO,C51L41,POINT (-61.21699715899995 -8.199774166999966)
2024,VEGETAÇÃO,C51L41,POINT (-61.126097158999954 -8.156664166999967)
2024,VEGETAÇÃO,C51L41,POINT (-61.09720715899995 -8.050104166999967)
2024,VEGETAÇÃO,C51L41,POINT (-61.11529715899995 -8.185464166999965)
2024,VEGETAÇÃO,C51L41,POINT (-61.087127158999955 -8.225784166999967)
2024,VEGETAÇÃO,C51L41,POINT (-61.126277158999955 -8.217774166999966)
2024,VEGETAÇÃO,C51L41,POINT (-61.09252715899996 -8.120844166999966)
2024,VEGETAÇÃO,C51L41,POINT (-61.214837158999956 -8.042724166999966)
2024,VEGETAÇÃO,C51L41,POINT (-61.24732715899995 -8.026344166999966)
2024,VEGETAÇÃO,C51L41,POINT (-61.14283715899995 -8.226234166999966)
2024,VEGETAÇÃO,C51L41,POINT (-61.187477158999954 -8.065674166999965)
2024,VEGETAÇÃO,C51L41,POINT (-61.22572715899995 -8.171784166999966)
2024,VEGETAÇÃO,C51L41,POINT (-61.13716715899995 -8.053254166999967)
2024,VEGETAÇÃO,C51L41,POINT (-61.08514715899995 -8.204724166999966)
2024,VEGETAÇÃO,C51L41,POINT (-61.00621715899995 -8.013114166999966)
2024,VEGETAÇÃO,C51L41,POINT (-61.003067158999954 -8.200674166999967)
2024,VEGETAÇÃO,C51L41,POINT (-61.10998715899996 -8.240544166999966)
2024,VEGETAÇÃO,C51L41,POINT (-61.100897158999956 -8.235144166999966)
2024,VEGETAÇÃO,C51L41,POINT (-61.05841715899995 -8.045514166999967)
2024,VEGETAÇÃO,C51L41,POINT (-61.09414715899995 -8.144244166999966)
2024,VEGETAÇÃO,C51L41,POINT (-61.21096715899995 -8.060814166999966)
2024,VEGETAÇÃO,C51L41,POINT (-61.13194715899995 -8.225424166999966)
2024,VEGETAÇÃO,C51L41,POINT (-61.033487158999954 -8.064414166999967)
2024,VEGETAÇÃO,C51L41,POINT (-61.074077158999955 -8.054514166999967)
2024,VEGETAÇÃO,C51L41,POINT (-61.23481715899995 -8.197074166999966)
2024,VEGETAÇÃO,C51L41,POINT (-61.06210715899995 -8.136594166999966)
2024,VEGETAÇÃO,C51L41,POINT (-61.144187158999955 -8.098704166999966)
2024,VEGETAÇÃO,C51L41,POINT (-61.08856715899995 -8.055324166999966)
2024,VEGETAÇÃO,C51L41,POINT (-61.08856715899995 -8.239734166999966)
2024,VEGETAÇÃO,C51L41,POINT (-61.18162715899995 -8.138934166999967)
2024,VEGETAÇÃO,C51L41,POINT (-61.09810715899995 -8.164404166999967)
2024,VEGETAÇÃO,C51L41,POINT (-61.07929715899995 -8.219844166999966)
2024,VEGETAÇÃO,C51L41,POINT (-61.16065715899995 -8.179434166999966)
2024,VEGETAÇÃO,C51L41,POINT (-61.11538715899995 -8.187534166999967)
2024,VEGETAÇÃO,C51L41,POINT (-61.016657158999955 -8.126604166999966)
2024,VEGETAÇÃO,C51L41,POINT (-61.218077158999954 -8.090514166999967)
2024,VEGETAÇÃO,C51L41,POINT (-61.08100715899995 -8.134254166999966)
2024,VEGETAÇÃO,C51L41,POINT (-61.19458715899995 -8.042274166999967)
2024,VEGETAÇÃO,C51L41,POINT (-61.056347158999955 -8.020404166999967)
2024,VEGETAÇÃO,C51L41,POINT (-61.249937158999955 -8.229474166999966)
2024,VEGETAÇÃO,C51L41,POINT (-61.14247715899995 -8.019234166999967)
2024,VEGETAÇÃO,C51L41,POINT (-61.00864715899995 -8.220294166999967)
2024,VEGETAÇÃO,C51L41,POINT (-61.01755715899995 -8.096544166999966)
2024,VEGETAÇÃO,C51L41,POINT (-61.13644715899996 -8.087004166999966)
2024,VEGETAÇÃO,C51L41,POINT (-61.029527158999954 -8.104194166999966)
2024,VEGETAÇÃO,C51L41,POINT (-61.18072715899996 -8.029404166999965)
2024,VEGETAÇÃO,C51L41,POINT (-61.24633715899995 -8.088804166999966)
2024,VEGETAÇÃO,C51L41,POINT (-61.09306715899995 -8.103384166999966)
2024,VEGETAÇÃO,C51L41,POINT (-61.038437158999955 -8.060634166999966)
2024,VEGETAÇÃO,C51L41,POINT (-61.14760715899995 -8.193294166999966)
2024,VEGETAÇÃO,C51L41,POINT (-61.14706715899995 -8.013204166999966)
2024,VEGETAÇÃO,C51L41,POINT (-61.02763715899995 -8.233794166999965)
2024,VEGETAÇÃO,C51L41,POINT (-61.017017158999955 -8.126964166999967)
2024,VEGETAÇÃO,C51L41,POINT (-61.10602715899995 -8.219304166999967)
2024,VEGETAÇÃO,C51L41,POINT (-61.152737158999955 -8.075484166999967)
2024,VEGETAÇÃO,C51L41,POINT (-61.12294715899995 -8.151264166999967)
2024,VEGETAÇÃO,C51L41,POINT (-61.20682715899996 -8.118054166999967)
2024,VEGETAÇÃO,C51L41,POINT (-61.03996715899996 -8.104464166999966)
2024,VEGETAÇÃO,C51L41,POINT (-61.13860715899995 -8.181054166999965)
2024,VEGETAÇÃO,C51L41,POINT (-61.02394715899995 -8.243964166999966)
2024,VEGETAÇÃO,C51L41,POINT (-61.099367158999954 -8.138844166999966)
2024,VEGETAÇÃO,C51L41,POINT (-61.034567158999955 -8.224074166999966)
2024,VEGETAÇÃO,C51L41,POINT (-61.14571715899996 -8.185104166999967)
2024,VEGETAÇÃO,C51L41,POINT (-61.11511715899995 -8.113554166999966)
2024,VEGETAÇÃO,C51L41,POINT (-61.091627158999955 -8.111754166999967)
2024,VEGETAÇÃO,C51L41,POINT (-61.16704715899995 -8.211294166999966)
2024,VEGETAÇÃO,C51L41,POINT (-61.20421715899995 -8.007894166999966)
2024,VEGETAÇÃO,C51L41,POINT (-61.11115715899995 -8.249994166999967)
2024,VEGETAÇÃO,C51L41,POINT (-61.169657158999954 -8.081064166999965)
2024,VEGETAÇÃO,C51L41,POINT (-61.241117158999955 -8.077644166999967)
2024,VEGETAÇÃO,C51L41,POINT (-61.02799715899995 -8.128224166999967)
2024,VEGETAÇÃO,C51L41,POINT (-61.16344715899995 -8.203734166999967)
2024,VEGETAÇÃO,C51L41,POINT (-61.00990715899995 -8.023014166999966)
2024,VEGETAÇÃO,C51L41,POINT (-61.18153715899995 -8.120304166999967)
2024,VEGETAÇÃO,C51L41,POINT (-61.23724715899995 -8.068734166999967)
2024,VEGETAÇÃO,C51L41,POINT (-61.012157158999955 -8.213634166999967)
2024,VEGETAÇÃO,C51L41,POINT (-61.029797158999955 -8.164404166999967)
2024,VEGETAÇÃO,C51L41,POINT (-61.14607715899995 -8.037594166999966)
2024,VEGETAÇÃO,C51L41,POINT (-61.08091715899995 -8.119224166999967)
2024,VEGETAÇÃO,C51L41,POINT (-61.10305715899995 -8.048574166999966)
2024,VEGETAÇÃO,C51L41,POINT (-61.14112715899995 -8.174394166999967)
2024,VEGETAÇÃO,C51L41,POINT (-61.09891715899995 -8.081514166999966)
2024,VEGETAÇÃO,C51L41,POINT (-61.23841715899995 -8.083584166999966)
2024,VEGETAÇÃO,C51L41,POINT (-61.00882715899995 -8.158464166999966)
2024,VEGETAÇÃO,C51L41,POINT (-61.16020715899995 -8.185644166999966)
2024,VEGETAÇÃO,C51L41,POINT (-61.03762715899995 -8.049204166999965)
2024,VEGETAÇÃO,C51L41,POINT (-61.015847158999954 -8.135334166999966)
2024,VEGETAÇÃO,C51L41,POINT (-61.07047715899995 -8.099244166999966)
2024,VEGETAÇÃO,C51L41,POINT (-61.05742715899996 -8.059464166999966)
2024,VEGETAÇÃO,C51L41,POINT (-61.08127715899995 -8.088984166999966)
2024,VEGETAÇÃO,C51L41,POINT (-61.021157158999955 -8.025534166999966)
2024,VEGETAÇÃO,C51L41,POINT (-61.152827158999955 -8.055684166999967)
2024,VEGETAÇÃO,C51L41,POINT (-61.07245715899995 -8.079534166999967)
2024,VEGETAÇÃO,C51L41,POINT (-61.135997158999956 -8.057844166999967)
2024,VEGETAÇÃO,C51L41,POINT (-61.244987158999955 -8.005824166999966)
2024,VEGETAÇÃO,C51L41,POINT (-61.06759715899995 -8.093754166999966)
2024,VEGETAÇÃO,C51L41,POINT (-61.24399715899995 -8.203194166999966)
2024,VEGETAÇÃO,C51L41,POINT (-61.21276715899995 -8.016084166999967)
2024,VEGETAÇÃO,C51L41,POINT (-61.24759715899995 -8.085834166999966)
2024,VEGETAÇÃO,C51L41,POINT (-61.030787158999956 -8.213274166999966)
2024,VEGETAÇÃO,C51L41,POINT (-61.04932715899995 -8.079624166999967)
2024,VEGETAÇÃO,C51L41,POINT (-61.11988715899995 -8.056314166999966)
2024,VEGETAÇÃO,C51L41,POINT (-61.06273715899995 -8.059644166999966)
2024,VEGETAÇÃO,C51L41,POINT (-61.09882715899995 -8.029494166999966)
2024,VEGETAÇÃO,C51L41,POINT (-61.15507715899995 -8.171424166999966)
2024,VEGETAÇÃO,C51L41,POINT (-61.157147158999955 -8.153334166999967)
2024,VEGETAÇÃO,C51L41,POINT (-61.241207158999956 -8.097174166999967)
2024,VEGETAÇÃO,C51L41,POINT (-61.16713715899995 -8.166474166999967)
2024,VEGETAÇÃO,C51L41,POINT (-61.14589715899995 -8.048124166999965)
2024,VEGETAÇÃO,C51L41,POINT (-61.24840715899995 -8.002944166999967)
2024,VEGETAÇÃO,C51L41,POINT (-61.179107158999955 -8.244504166999967)
2024,VEGETAÇÃO,C51L41,POINT (-61.17739715899995 -8.131824166999966)
2024,VEGETAÇÃO,C51L41,POINT (-61.20475715899995 -8.021664166999967)
2024,VEGETAÇÃO,C51L41,POINT (-61.23490715899995 -8.110854166999966)
2024,VEGETAÇÃO,C51L41,POINT (-61.02619715899995 -8.103474166999966)
2024,VEGETAÇÃO,C51L41,POINT (-61.08136715899995 -8.214084166999966)
2024,VEGETAÇÃO,C51L41,POINT (-61.11880715899996 -8.188704166999965)
2024,VEGETAÇÃO,C51L41,POINT (-61.10143715899996 -8.245314166999966)
2024,VEGETAÇÃO,C51L41,POINT (-61.170107158999954 -8.136774166999967)
2024,VEGETAÇÃO,C51L41,POINT (-61.042217158999954 -8.245764166999967)
2024,VEGETAÇÃO,C51L41,POINT (-61.086587158999954 -8.106444166999966)
2024,VEGETAÇÃO,C51L41,POINT (-61.08919715899995 -8.208954166999966)
2024,VEGETAÇÃO,C51L41,POINT (-61.15156715899995 -8.175834166999966)
2024,VEGETAÇÃO,C51L41,POINT (-61.23319715899996 -8.130384166999967)
2024,VEGETAÇÃO,C51L41,POINT (-61.08424715899995 -8.198244166999967)
2024,VEGETAÇÃO,C51L41,POINT (-61.14508715899996 -8.021574166999967)
2024,VEGETAÇÃO,C51L41,POINT (-61.153097158999955 -8.189154166999966)
2024,VEGETAÇÃO,C51L41,POINT (-61.10224715899995 -8.157294166999966)
2024,VEGETAÇÃO,C51L41,POINT (-61.095497158999954 -8.192484166999966)
2024,VEGETAÇÃO,C51L41,POINT (-61.147967158999954 -8.035614166999967)
2024,VEGETAÇÃO,C51L41,POINT (-61.135637158999955 -8.197884166999966)
2024,VEGETAÇÃO,C51L41,POINT (-61.15795715899995 -8.011854166999965)
2024,VEGETAÇÃO,C51L41,POINT (-61.043477158999956 -8.107614166999966)
2024,VEGETAÇÃO,C51L41,POINT (-61.04950715899995 -8.110764166999965)
2024,VEGETAÇÃO,C51L41,POINT (-61.16371715899995 -8.143704166999965)
2024,VEGETAÇÃO,C51L41,POINT (-61.14148715899995 -8.090604166999967)
2024,VEGETAÇÃO,C51L41,POINT (-61.19935715899995 -8.245044166999966)
2024,VEGETAÇÃO,C51L41,POINT (-61.03222715899995 -8.026074166999967)
2024,VEGETAÇÃO,C51L41,POINT (-61.16785715899995 -8.245944166999966)
2024,VEGETAÇÃO,C51L41,POINT (-61.02763715899995 -8.111304166999966)
2024,VEGETAÇÃO,C51L41,POINT (-61.245257158999955 -8.249814166999967)
2024,VEGETAÇÃO,C51L41,POINT (-61.174967158999955 -8.069184166999966)
2024,VEGETAÇÃO,C51L41,POINT (-61.249307158999954 -8.157564166999967)
2024,VEGETAÇÃO,C51L41,POINT (-61.18936715899996 -8.109234166999967)
2024,VEGETAÇÃO,C51L41,POINT (-61.09333715899995 -8.206254166999967)
2024,VEGETAÇÃO,C51L41,POINT (-61.05238715899995 -8.087274166999967)
2024,VEGETAÇÃO,C51L41,POINT (-61.047077158999954 -8.192844166999967)
2024,VEGETAÇÃO,C51L41,POINT (-61.07011715899995 -8.072604166999966)
2024,VEGETAÇÃO,C51L41,POINT (-61.08442715899995 -8.184834166999966)
2024,VEGETAÇÃO,C51L41,POINT (-61.21150715899995 -8.160894166999967)
2024,VEGETAÇÃO,C51L41,POINT (-61.015847158999954 -8.058834166999967)
2024,VEGETAÇÃO,C51L41,POINT (-61.20358715899995 -8.059194166999966)
2024,VEGETAÇÃO,C51L41,POINT (-61.135997158999956 -8.069904166999967)
2024,VEGETAÇÃO,C51L41,POINT (-61.096037158999955 -8.084034166999967)
2024,VEGETAÇÃO,C51L41,POINT (-61.24309715899995 -8.071704166999966)
2024,VEGETAÇÃO,C51L41,POINT (-61.082267158999954 -8.230824166999966)
2024,VEGETAÇÃO,C51L41,POINT (-61.23436715899995 -8.052444166999967)
2024,VEGETAÇÃO,C51L41,POINT (-61.17163715899996 -8.140464166999966)
2024,VEGETAÇÃO,C51L41,POINT (-61.12519715899995 -8.094474166999966)
2024,VEGETAÇÃO,C51L41,POINT (-61.15444715899996 -8.134974166999966)
2024,VEGETAÇÃO,C51L41,POINT (-61.147697158999954 -8.233794166999965)
2024,VEGETAÇÃO,C51L41,POINT (-61.011707158999954 -8.149374166999966)
2024,VEGETAÇÃO,C51L41,POINT (-61.08379715899996 -8.053074166999966)
2024,VEGETAÇÃO,C51L41,POINT (-61.021787158999956 -8.218314166999967)
2024,VEGETAÇÃO,C51L41,POINT (-61.201067158999955 -8.151804166999966)
2024,VEGETAÇÃO,C51L41,POINT (-61.249577158999955 -8.123094166999966)
2024,VEGETAÇÃO,C51L41,POINT (-61.01737715899995 -8.167824166999965)
2024,VEGETAÇÃO,C51L41,POINT (-61.12312715899995 -8.038494166999966)
2024,VEGETAÇÃO,C51L41,POINT (-61.14562715899996 -8.022384166999966)
2024,VEGETAÇÃO,C51L41,POINT (-61.11115715899995 -8.167194166999966)
2024,VEGETAÇÃO,C51L41,POINT (-61.20880715899995 -8.063424166999967)
2024,VEGETAÇÃO,C51L41,POINT (-61.214207158999955 -8.153424166999967)
2024,VEGETAÇÃO,C51L41,POINT (-61.23076715899995 -8.181324166999966)
2024,VEGETAÇÃO,C51L41,POINT (-61.095407158999954 -8.157294166999966)
2024,VEGETAÇÃO,C51L41,POINT (-61.08856715899995 -8.170434166999966)
2024,VEGETAÇÃO,C51L41,POINT (-61.05022715899995 -8.084664166999966)
2024,VEGETAÇÃO,C51L41,POINT (-61.02259715899996 -8.211114166999966)
2024,VEGETAÇÃO,C51L41,POINT (-61.175057158999955 -8.165484166999967)
2024,VEGETAÇÃO,C51L41,POINT (-61.209977158999955 -8.023644166999967)
2024,VEGETAÇÃO,C51L41,POINT (-61.13230715899995 -8.212644166999967)
2024,VEGETAÇÃO,C51L41,POINT (-61.23418715899995 -8.055774166999965)
2024,VEGETAÇÃO,C51L41,POINT (-61.02313715899995 -8.145144166999966)
2024,VEGETAÇÃO,C51L41,POINT (-61.00036715899995 -8.099964166999966)
2024,VEGETAÇÃO,C51L41,POINT (-61.166327158999955 -8.012394166999966)
2024,VEGETAÇÃO,C51L41,POINT (-61.096037158999955 -8.200854166999965)
2024,VEGETAÇÃO,C51L41,POINT (-61.126727158999955 -8.038944166999967)
2024,VEGETAÇÃO,C51L41,POINT (-61.016027158999954 -8.244774166999965)
2024,VEGETAÇÃO,C51L41,POINT (-61.03114715899996 -8.036064166999966)
2024,VEGETAÇÃO,C51L41,POINT (-61.14670715899995 -8.018334166999967)
2024,VEGETAÇÃO,C51L41,POINT (-61.11061715899995 -8.043624166999967)
2024,VEGETAÇÃO,C51L41,POINT (-61.16380715899995 -8.028324166999965)
2024,VEGETAÇÃO,C51L41,POINT (-61.24858715899995 -8.069724166999967)
2024,VEGETAÇÃO,C51L41,POINT (-61.169657158999954 -8.215254166999966)
2024,VEGETAÇÃO,C51L41,POINT (-61.178567158999954 -8.096454166999965)
2024,VEGETAÇÃO,C51L41,POINT (-61.223567158999955 -8.145954166999966)
2024,VEGETAÇÃO,C51L41,POINT (-61.209347158999954 -8.038224166999965)
2024,VEGETAÇÃO,C51L41,POINT (-61.05292715899995 -8.141994166999966)
2024,VEGETAÇÃO,C51L41,POINT (-61.117997158999955 -8.241354166999967)
2024,VEGETAÇÃO,C51L41,POINT (-61.09792715899995 -8.044524166999967)
2024,VEGETAÇÃO,C51L41,POINT (-61.01989715899995 -8.010594166999967)
2024,VEGETAÇÃO,C51L41,POINT (-61.01017715899995 -8.060724166999966)
2024,VEGETAÇÃO,C51L41,POINT (-61.24795715899995 -8.062074166999967)
2024,VEGETAÇÃO,C51L41,POINT (-61.19359715899995 -8.151354166999965)
2024,VEGETAÇÃO,C51L41,POINT (-61.02772715899995 -8.154324166999967)
2024,VEGETAÇÃO,C51L41,POINT (-61.23940715899995 -8.101314166999966)
2024,VEGETAÇÃO,C51L41,POINT (-61.104587158999955 -8.098164166999966)
2024,VEGETAÇÃO,C51L41,POINT (-61.03150715899996 -8.147754166999967)
2024,VEGETAÇÃO,C51L41,POINT (-61.209707158999954 -8.096094166999967)
2024,VEGETAÇÃO,C51L41,POINT (-61.22194715899995 -8.050644166999966)
2024,VEGETAÇÃO,C51L41,POINT (-61.12483715899995 -8.247924166999967)
2024,VEGETAÇÃO,C51L41,POINT (-61.06399715899995 -8.236224166999966)
2024,VEGETAÇÃO,C51L41,POINT (-61.136087158999956 -8.029674166999966)
2024,VEGETAÇÃO,C51L41,POINT (-61.18918715899996 -8.061264166999965)
2024,VEGETAÇÃO,C51L41,POINT (-61.03645715899995 -8.102484166999966)
2024,VEGETAÇÃO,C51L41,POINT (-61.05058715899995 -8.014014166999965)
2024,VEGETAÇÃO,C51L41,POINT (-61.13653715899996 -8.113734166999967)
2024,VEGETAÇÃO,C51L41,POINT (-61.19989715899995 -8.026524166999966)
2024,VEGETAÇÃO,C51L41,POINT (-61.017017158999955 -8.226324166999966)
2024,VEGETAÇÃO,C51L41,POINT (-61.192427158999955 -8.001594166999967)
2024,VEGETAÇÃO,C51L41,POINT (-61.22023715899995 -8.168364166999966)
2024,VEGETAÇÃO,C51L41,POINT (-61.05796715899995 -8.071344166999966)
2024,VEGETAÇÃO,C51L41,POINT (-61.05976715899995 -8.224434166999966)
2024,VEGETAÇÃO,C51L41,POINT (-61.17676715899995 -8.134344166999966)
2024,VEGETAÇÃO,C51L41,POINT (-61.206017158999956 -8.078904166999965)
2024,VEGETAÇÃO,C51L41,POINT (-61.09342715899995 -8.203374166999966)
2024,VEGETAÇÃO,C51L41,POINT (-61.171277158999956 -8.241264166999967)
2024,VEGETAÇÃO,C51L41,POINT (-61.051397158999954 -8.189064166999966)
2024,VEGETAÇÃO,C51L41,POINT (-61.14949715899995 -8.006724166999966)
2024,VEGETAÇÃO,C51L41,POINT (-61.011977158999954 -8.171604166999966)
2024,VEGETAÇÃO,C51L41,POINT (-61.14670715899995 -8.002404166999966)
2024,VEGETAÇÃO,C51L41,POINT (-61.042847158999955 -8.131824166999966)
2024,VEGETAÇÃO,C51L41,POINT (-61.20223715899995 -8.127954166999967)
2024,VEGETAÇÃO,C51L41,POINT (-61.21204715899995 -8.176194166999966)
2024,VEGETAÇÃO,C51L41,POINT (-61.214927158999956 -8.145054166999966)
2024,VEGETAÇÃO,C51L41,POINT (-61.00252715899995 -8.194734166999966)
2024,VEGETAÇÃO,C51L41,POINT (-61.14715715899995 -8.091504166999966)
2024,VEGETAÇÃO,C51L41,POINT (-61.21636715899995 -8.108424166999967)
2024,VEGETAÇÃO,C51L41,POINT (-61.20682715899996 -8.018874166999966)
2024,VEGETAÇÃO,C51L41,POINT (-61.14913715899995 -8.037054166999967)
2024,VEGETAÇÃO,C51L41,POINT (-61.046627158999954 -8.152254166999967)
2024,VEGETAÇÃO,C51L41,POINT (-61.10611715899995 -8.221464166999967)
2024,VEGETAÇÃO,C51L41,POINT (-61.15048715899995 -8.102034166999966)
2024,VEGETAÇÃO,C51L41,POINT (-61.03753715899995 -8.183754166999966)
2024,VEGETAÇÃO,C51L41,POINT (-61.17784715899995 -8.037504166999966)
2024,VEGETAÇÃO,C51L41,POINT (-61.187567158999954 -8.052624166999966)
2024,VEGETAÇÃO,C51L41,POINT (-61.15606715899995 -8.087004166999966)
2024,VEGETAÇÃO,C51L41,POINT (-61.060397158999955 -8.141274166999967)
2024,VEGETAÇÃO,C51L41,POINT (-61.091267158999955 -8.067294166999966)
2024,VEGETAÇÃO,C51L41,POINT (-61.05886715899995 -8.163144166999967)
2024,VEGETAÇÃO,C51L41,POINT (-61.14616715899995 -8.019234166999967)
2024,VEGETAÇÃO,C51L41,POINT (-61.20007715899995 -8.041284166999967)
2024,VEGETAÇÃO,C51L41,POINT (-61.122587158999956 -8.168904166999967)
2024,VEGETAÇÃO,C51L41,POINT (-61.07011715899995 -8.215344166999966)
2024,VEGETAÇÃO,C51L41,POINT (-61.126547158999955 -8.129394166999965)
2024,VEGETAÇÃO,C51L41,POINT (-61.091627158999955 -8.112114166999966)
2024,VEGETAÇÃO,C51L41,POINT (-61.012967158999956 -8.188614166999967)
2024,VEGETAÇÃO,C51L41,POINT (-61.161737158999955 -8.044164166999966)
2024,VEGETAÇÃO,C51L41,POINT (-61.165877158999955 -8.125974166999967)
2024,VEGETAÇÃO,C51L41,POINT (-61.09648715899995 -8.132454166999967)
2024,VEGETAÇÃO,C51L41,POINT (-61.12483715899995 -8.125524166999966)
2024,VEGETAÇÃO,C51L41,POINT (-61.11493715899995 -8.172324166999966)
2024,VEGETAÇÃO,C51L41,POINT (-61.23400715899995 -8.178354166999966)
2024,VEGETAÇÃO,C51L41,POINT (-61.047707158999955 -8.218404166999965)
2024,VEGETAÇÃO,C51L41,POINT (-61.180187158999956 -8.007894166999966)
2024,VEGETAÇÃO,C51L41,POINT (-61.01980715899995 -8.239284166999965)
2024,VEGETAÇÃO,C51L41,POINT (-61.15786715899995 -8.144784166999965)
2024,VEGETAÇÃO,C51L41,POINT (-61.24273715899995 -8.171244166999966)
2024,VEGETAÇÃO,C51L41,POINT (-61.030787158999956 -8.229834166999966)
2024,VEGETAÇÃO,C51L41,POINT (-61.196207158999954 -8.045694166999967)
2024,VEGETAÇÃO,C51L41,POINT (-61.140227158999956 -8.063694166999966)
2024,VEGETAÇÃO,C51L41,POINT (-61.130417158999954 -8.233974166999966)
2024,VEGETAÇÃO,C51L41,POINT (-61.196837158999955 -8.124444166999966)
2024,VEGETAÇÃO,C51L41,POINT (-61.15471715899995 -8.074224166999967)
2024,VEGETAÇÃO,C51L41,POINT (-61.16938715899995 -8.029764166999966)
2024,VEGETAÇÃO,C51L41,POINT (-61.065167158999955 -8.179704166999967)
2024,VEGETAÇÃO,C51L41,POINT (-61.244807158999954 -8.052714166999966)
2024,VEGETAÇÃO,C51L41,POINT (-61.081997158999954 -8.216514166999966)
2024,VEGETAÇÃO,C51L41,POINT (-61.12024715899995 -8.207964166999966)
2024,VEGETAÇÃO,C51L41,POINT (-61.201427158999955 -8.013294166999966)
2024,VEGETAÇÃO,C51L41,POINT (-61.056527158999955 -8.085654166999966)
2024,VEGETAÇÃO,C51L41,POINT (-61.19098715899995 -8.012934166999965)
2024,VEGETAÇÃO,C51L41,POINT (-61.042847158999955 -8.126154166999966)
2024,VEGETAÇÃO,C51L41,POINT (-61.05085715899995 -8.211474166999967)
2024,VEGETAÇÃO,C51L41,POINT (-61.10170715899996 -8.051814166999966)
2024,VEGETAÇÃO,C51L41,POINT (-61.19494715899995 -8.146044166999966)
2024,VEGETAÇÃO,C51L41,POINT (-61.04383715899995 -8.065584166999967)
2024,VEGETAÇÃO,C51L41,POINT (-61.22491715899995 -8.181504166999966)
2024,VEGETAÇÃO,C51L41,POINT (-61.22968715899995 -8.075304166999967)
2024,VEGETAÇÃO,C51L41,POINT (-61.209617158999954 -8.169894166999967)
2024,VEGETAÇÃO,C51L41,POINT (-61.10791715899995 -8.111754166999967)
2024,VEGETAÇÃO,C51L41,POINT (-61.218797158999955 -8.057034166999966)
2024,VEGETAÇÃO,C51L41,POINT (-61.11106715899995 -8.110044166999966)
2024,VEGETAÇÃO,C51L41,POINT (-61.23463715899995 -8.122014166999966)
2024,VEGETAÇÃO,C51L41,POINT (-61.104767158999955 -8.068464166999966)
2024,VEGETAÇÃO,C51L41,POINT (-61.00927715899995 -8.050284166999965)
2024,VEGETAÇÃO,C51L41,POINT (-61.226987158999954 -8.150904166999966)
2024,VEGETAÇÃO,C51L41,POINT (-61.07236715899995 -8.124354166999966)
2024,VEGETAÇÃO,C51L41,POINT (-61.156607158999954 -8.129574166999966)
2024,VEGETAÇÃO,C51L41,POINT (-61.12015715899995 -8.213094166999966)
2024,VEGETAÇÃO,C51L41,POINT (-61.078577158999956 -8.072784166999966)
2024,VEGETAÇÃO,C51L41,POINT (-61.109897158999956 -8.045154166999966)
2024,VEGETAÇÃO,C51L41,POINT (-61.126547158999955 -8.034804166999967)
2024,VEGETAÇÃO,C51L41,POINT (-61.03978715899996 -8.192574166999966)
2024,VEGETAÇÃO,C51L41,POINT (-61.012337158999955 -8.065674166999965)
2024,VEGETAÇÃO,C51L41,POINT (-61.16281715899996 -8.125704166999967)
2024,VEGETAÇÃO,C51L41,POINT (-61.08775715899995 -8.115534166999966)
2024,VEGETAÇÃO,C51L41,POINT (-61.00522715899995 -8.133714166999967)
2024,VEGETAÇÃO,C51L41,POINT (-61.10197715899995 -8.081694166999966)
2024,VEGETAÇÃO,C51L41,POINT (-61.19125715899995 -8.000334166999966)
2024,VEGETAÇÃO,C51L41,POINT (-61.08802715899995 -8.138034166999967)
2024,VEGETAÇÃO,C51L41,POINT (-61.17604715899995 -8.070894166999967)
2024,VEGETAÇÃO,C51L41,POINT (-61.02601715899995 -8.072784166999966)
2024,VEGETAÇÃO,C51L41,POINT (-61.16344715899995 -8.151444166999966)
2024,VEGETAÇÃO,C51L41,POINT (-61.18504715899995 -8.038494166999966)
2024,VEGETAÇÃO,C51L41,POINT (-61.170557158999955 -8.125974166999967)
2024,VEGETAÇÃO,C51L41,POINT (-61.073177158999954 -8.204994166999967)
2024,VEGETAÇÃO,C51L41,POINT (-61.08406715899996 -8.197254166999967)
2024,VEGETAÇÃO,C51L41,POINT (-61.05355715899995 -8.067024166999966)
2024,VEGETAÇÃO,C51L41,POINT (-61.126457158999955 -8.132994166999966)
2024,VEGETAÇÃO,C51L41,POINT (-61.210337158999955 -8.231454166999967)
2024,VEGETAÇÃO,C51L41,POINT (-61.05742715899996 -8.106174166999967)
2024,VEGETAÇÃO,C51L41,POINT (-61.12447715899995 -8.240544166999966)
2024,VEGETAÇÃO,C51L41,POINT (-61.214297158999955 -8.025354166999966)
2024,VEGETAÇÃO,C51L41,POINT (-61.02898715899995 -8.109324166999967)
2024,VEGETAÇÃO,C51L41,POINT (-61.03600715899995 -8.233884166999966)
2024,VEGETAÇÃO,C51L41,POINT (-61.15156715899995 -8.210034166999966)
2024,VEGETAÇÃO,C51L41,POINT (-61.03294715899995 -8.067744166999967)
2024,VEGETAÇÃO,C51L41,POINT (-61.20808715899995 -8.066124166999966)
2024,VEGETAÇÃO,C51L41,POINT (-61.113407158999955 -8.219394166999967)
2024,VEGETAÇÃO,C51L41,POINT (-61.11025715899996 -8.234154166999966)
2024,VEGETAÇÃO,C51L41,POINT (-61.05958715899995 -8.020134166999966)
2024,VEGETAÇÃO,C51L41,POINT (-61.073987158999955 -8.079714166999967)
2024,VEGETAÇÃO,C51L41,POINT (-61.100807158999956 -8.212914166999965)
2024,VEGETAÇÃO,C51L41,POINT (-61.109627158999956 -8.232894166999966)
2024,VEGETAÇÃO,C51L41,POINT (-61.148687158999955 -8.164494166999967)
2024,VEGETAÇÃO,C51L41,POINT (-61.07551715899995 -8.228124166999967)
2024,VEGETAÇÃO,C51L41,POINT (-61.196117158999954 -8.249994166999967)
2024,VEGETAÇÃO,C51L41,POINT (-61.10125715899996 -8.118324166999967)
2024,VEGETAÇÃO,C51L41,POINT (-61.165607158999954 -8.189064166999966)
2024,VEGETAÇÃO,C51L41,POINT (-61.135367158999955 -8.147124166999966)
2024,VEGETAÇÃO,C51L41,POINT (-61.04527715899995 -8.145954166999966)
2024,VEGETAÇÃO,C51L41,POINT (-61.24282715899995 -8.000604166999967)
2024,VEGETAÇÃO,C51L41,POINT (-61.22914715899995 -8.019504166999965)
2024,VEGETAÇÃO,C51L41,POINT (-61.12996715899995 -8.130294166999967)
2024,VEGETAÇÃO,C51L41,POINT (-61.24642715899995 -8.107614166999966)
2024,VEGETAÇÃO,C51L41,POINT (-61.10710715899995 -8.122104166999966)
2024,VEGETAÇÃO,C51L41,POINT (-61.227077158999954 -8.109414166999967)
2024,VEGETAÇÃO,C51L41,POINT (-61.008017158999955 -8.151084166999967)
2024,VEGETAÇÃO,C51L41,POINT (-61.14139715899995 -8.101134166999966)
2024,VEGETAÇÃO,C51L41,POINT (-61.13365715899995 -8.180514166999966)
2024,VEGETAÇÃO,C51L41,POINT (-61.16461715899995 -8.157924166999967)
2024,VEGETAÇÃO,C51L41,POINT (-61.17298715899995 -8.241534166999966)
2024,VEGETAÇÃO,C51L41,POINT (-61.157597158999955 -8.041104166999967)
2024,VEGETAÇÃO,C51L41,POINT (-61.037987158999954 -8.211024166999966)
2024,VEGETAÇÃO,C51L41,POINT (-61.218437158999954 -8.249994166999967)
2024,VEGETAÇÃO,C51L41,POINT (-61.17613715899995 -8.007444166999965)
2024,VEGETAÇÃO,C51L41,POINT (-61.04068715899995 -8.077194166999966)
2024,VEGETAÇÃO,C51L41,POINT (-61.109177158999955 -8.112294166999966)
2024,VEGETAÇÃO,C51L41,POINT (-61.22122715899995 -8.093304166999966)
2024,VEGETAÇÃO,C51L41,POINT (-61.07110715899995 -8.216514166999966)
2024,VEGETAÇÃO,C51L41,POINT (-61.05427715899995 -8.064774166999966)
2024,VEGETAÇÃO,C51L41,POINT (-61.18279715899995 -8.085564166999966)
2024,VEGETAÇÃO,C51L41,POINT (-61.00846715899995 -8.244594166999967)
2024,VEGETAÇÃO,C51L41,POINT (-61.18171715899995 -8.115084166999965)
2024,VEGETAÇÃO,C51L41,POINT (-61.12483715899995 -8.057034166999966)
2024,VEGETAÇÃO,C51L41,POINT (-61.01917715899995 -8.143614166999967)
2024,VEGETAÇÃO,C51L41,POINT (-61.069847158999956 -8.181324166999966)
2024,VEGETAÇÃO,C51L41,POINT (-61.004417158999956 -8.226054166999965)
2024,VEGETAÇÃO,C51L41,POINT (-61.20844715899995 -8.028594166999966)
2024,VEGETAÇÃO,C51L41,POINT (-61.16326715899996 -8.193114166999965)
2024,VEGETAÇÃO,C51L41,POINT (-61.180007158999956 -8.012754166999967)
2024,VEGETAÇÃO,C51L41,POINT (-61.03186715899995 -8.166114166999966)
2024,VEGETAÇÃO,C51L41,POINT (-61.231487158999954 -8.200044166999966)
2024,VEGETAÇÃO,C51L41,POINT (-61.024667158999954 -8.228664166999966)
2024,VEGETAÇÃO,C51L41,POINT (-61.08946715899995 -8.100684166999967)
2024,VEGETAÇÃO,C51L41,POINT (-61.21942715899995 -8.223084166999966)
2024,VEGETAÇÃO,C51L41,POINT (-61.183247158999954 -8.119944166999966)
2024,VEGETAÇÃO,C51L41,POINT (-61.02835715899995 -8.226144166999966)
2024,VEGETAÇÃO,C51L41,POINT (-61.10764715899995 -8.195364166999966)
2024,VEGETAÇÃO,C51L41,POINT (-61.16443715899995 -8.192484166999966)
2024,VEGETAÇÃO,C51L41,POINT (-61.205297158999954 -8.074944166999966)
2024,VEGETAÇÃO,C51L41,POINT (-61.03159715899995 -8.060274166999966)
2024,VEGETAÇÃO,C51L41,POINT (-61.03303715899995 -8.220744166999966)
2024,VEGETAÇÃO,C51L41,POINT (-61.09819715899995 -8.191944166999967)
2024,VEGETAÇÃO,C51L41,POINT (-61.15021715899995 -8.007264166999967)
2024,VEGETAÇÃO,C51L41,POINT (-61.01872715899995 -8.217504166999966)
2024,VEGETAÇÃO,C51L41,POINT (-61.007837158999955 -8.042274166999967)
2024,VEGETAÇÃO,C51L41,POINT (-61.090637158999954 -8.246484166999966)
2024,VEGETAÇÃO,C51L41,POINT (-61.029527158999954 -8.236224166999966)
2024,VEGETAÇÃO,C51L41,POINT (-61.18495715899995 -8.012574166999967)
2024,VEGETAÇÃO,C51L41,POINT (-61.13671715899996 -8.152974166999966)
2024,VEGETAÇÃO,C51L41,POINT (-61.11115715899995 -8.068194166999966)
2024,VEGETAÇÃO,C51L41,POINT (-61.201337158999955 -8.009064166999966)
2024,VEGETAÇÃO,C51L41,POINT (-61.171367158999956 -8.186004166999966)
2024,VEGETAÇÃO,C51L41,POINT (-61.180187158999956 -8.132454166999967)
2024,VEGETAÇÃO,C51L41,POINT (-61.17361715899995 -8.010414166999967)
2024,VEGETAÇÃO,C51L41,POINT (-61.23706715899995 -8.041194166999967)
2024,VEGETAÇÃO,C51L41,POINT (-61.245617158999956 -8.051454166999966)
2024,VEGETAÇÃO,C51L41,POINT (-61.16416715899995 -8.088174166999966)
2024,VEGETAÇÃO,C51L41,POINT (-61.06768715899995 -8.127054166999967)
2024,VEGETAÇÃO,C51L41,POINT (-61.165517158999954 -8.092404166999966)
2024,VEGETAÇÃO,C51L41,POINT (-61.01332715899996 -8.081064166999965)
2024,VEGETAÇÃO,C51L41,POINT (-61.11394715899995 -8.229744166999966)
2024,VEGETAÇÃO,C51L41,POINT (-61.073537158999954 -8.240904166999966)
2024,VEGETAÇÃO,C51L41,POINT (-61.23085715899995 -8.078274166999966)
2024,VEGETAÇÃO,C51L41,POINT (-61.162457158999956 -8.083944166999967)
2024,VEGETAÇÃO,C51L41,POINT (-61.033847158999954 -8.204004166999967)
2024,VEGETAÇÃO,C51L41,POINT (-61.22104715899995 -8.107704166999966)
2024,VEGETAÇÃO,C51L41,POINT (-61.24309715899995 -8.035434166999966)
2024,VEGETAÇÃO,C51L41,POINT (-61.03087715899996 -8.084754166999966)
2024,VEGETAÇÃO,C51L41,POINT (-61.06750715899995 -8.006994166999966)
2024,VEGETAÇÃO,C51L41,POINT (-61.24327715899995 -8.101764166999967)
2024,VEGETAÇÃO,C51L41,POINT (-61.23391715899995 -8.178894166999966)
2024,VEGETAÇÃO,C51L41,POINT (-61.18225715899995 -8.032464166999967)
2024,VEGETAÇÃO,C51L41,POINT (-61.18639715899995 -8.008524166999965)
2024,VEGETAÇÃO,C51L41,POINT (-61.07956715899995 -8.195364166999966)
2024,VEGETAÇÃO,C51L41,POINT (-61.00882715899995 -8.118774166999966)
2024,VEGETAÇÃO,C51L41,POINT (-61.021067158999955 -8.058924166999967)
2024,VEGETAÇÃO,C51L41,POINT (-61.07272715899995 -8.166114166999966)
2024,VEGETAÇÃO,C51L41,POINT (-61.14976715899995 -8.052264166999967)
2024,VEGETAÇÃO,C51L41,POINT (-61.03744715899995 -8.238744166999966)
2024,VEGETAÇÃO,C51L41,POINT (-61.11547715899995 -8.182224166999966)
2024,VEGETAÇÃO,C51L41,POINT (-61.23382715899995 -8.209404166999967)
2024,VEGETAÇÃO,C51L41,POINT (-61.06849715899995 -8.247204166999966)
2024,VEGETAÇÃO,C51L41,POINT (-61.00180715899995 -8.055144166999966)
2024,VEGETAÇÃO,C51L41,POINT (-61.112777158999954 -8.149014166999967)
2024,VEGETAÇÃO,C51L41,POINT (-61.215017158999956 -8.154594166999967)
2024,VEGETAÇÃO,C51L41,POINT (-61.204937158999954 -8.084754166999966)
2024,VEGETAÇÃO,C51L41,POINT (-61.18090715899996 -8.071164166999965)
2024,VEGETAÇÃO,C51L41,POINT (-61.09747715899995 -8.249814166999967)
2024,VEGETAÇÃO,C51L41,POINT (-61.03114715899996 -8.114994166999967)
2024,VEGETAÇÃO,C51L41,POINT (-61.13329715899995 -8.090064166999966)
2024,VEGETAÇÃO,C51L41,POINT (-61.087127158999955 -8.060184166999965)
2024,VEGETAÇÃO,C51L41,POINT (-61.07695715899995 -8.248374166999966)
2024,VEGETAÇÃO,C51L41,POINT (-61.17622715899995 -8.115894166999967)
2024,VEGETAÇÃO,C51L41,POINT (-61.12339715899995 -8.099064166999966)
2024,VEGETAÇÃO,C51L41,POINT (-61.22437715899996 -8.068914166999967)
2024,VEGETAÇÃO,C51L41,POINT (-61.02250715899996 -8.189424166999967)
2024,VEGETAÇÃO,C51L41,POINT (-61.08532715899995 -8.241444166999965)
2024,VEGETAÇÃO,C51L41,POINT (-61.19872715899995 -8.001504166999966)
2024,VEGETAÇÃO,C51L41,POINT (-61.117367158999954 -8.059464166999966)
2024,VEGETAÇÃO,C51L41,POINT (-61.18459715899995 -8.000784166999967)
2024,VEGETAÇÃO,C51L41,POINT (-61.100357158999955 -8.150274166999965)
2024,VEGETAÇÃO,C51L41,POINT (-61.108637158999954 -8.231994166999966)
2024,VEGETAÇÃO,C51L41,POINT (-61.01845715899995 -8.017974166999966)
2024,VEGETAÇÃO,C51L41,POINT (-61.17775715899995 -8.143074166999966)
2024,VEGETAÇÃO,C51L41,POINT (-61.218797158999955 -8.161614166999966)
2024,VEGETAÇÃO,C51L41,POINT (-61.22608715899995 -8.184474166999966)
2024,VEGETAÇÃO,C51L41,POINT (-61.11214715899995 -8.109414166999967)
2024,VEGETAÇÃO,C51L41,POINT (-61.16335715899995 -8.012844166999967)
2024,VEGETAÇÃO,C51L41,POINT (-61.15489715899995 -8.247024166999966)
2024,VEGETAÇÃO,C51L41,POINT (-61.00576715899995 -8.012844166999967)
2024,VEGETAÇÃO,C51L41,POINT (-61.03582715899995 -8.142444166999967)
2024,VEGETAÇÃO,C51L41,POINT (-61.08874715899995 -8.111754166999967)
2024,VEGETAÇÃO,C51L41,POINT (-61.231307158999954 -8.222544166999967)
2024,VEGETAÇÃO,C51L41,POINT (-61.056797158999956 -8.050194166999967)
2024,VEGETAÇÃO,C51L41,POINT (-61.073897158999955 -8.131734166999966)
2024,VEGETAÇÃO,C51L41,POINT (-61.087217158999955 -8.239734166999966)
2024,VEGETAÇÃO,C51L41,POINT (-61.210517158999956 -8.043084166999966)
2024,VEGETAÇÃO,C51L41,POINT (-61.18234715899995 -8.092854166999967)
2024,VEGETAÇÃO,C51L41,POINT (-61.073897158999955 -8.122104166999966)
2024,VEGETAÇÃO,C51L41,POINT (-61.112777158999954 -8.108244166999967)
2024,VEGETAÇÃO,C51L41,POINT (-61.05922715899995 -8.075844166999966)
2024,VEGETAÇÃO,C51L41,POINT (-61.19899715899995 -8.049024166999967)
2024,VEGETAÇÃO,C51L41,POINT (-61.11934715899996 -8.138664166999966)
2024,VEGETAÇÃO,C51L41,POINT (-61.18684715899995 -8.081964166999967)
2024,VEGETAÇÃO,C51L41,POINT (-61.121507158999954 -8.048124166999965)
2024,VEGETAÇÃO,C51L41,POINT (-61.04437715899995 -8.171964166999967)
2024,VEGETAÇÃO,C51L41,POINT (-61.16740715899995 -8.009514166999967)
2024,VEGETAÇÃO,C51L41,POINT (-61.11088715899995 -8.244504166999967)
2024,VEGETAÇÃO,C51L41,POINT (-61.23796715899995 -8.097174166999967)
2024,VEGETAÇÃO,C51L41,POINT (-61.08118715899995 -8.227494166999966)
2024,VEGETAÇÃO,C51L41,POINT (-61.10314715899995 -8.196624166999966)
2024,VEGETAÇÃO,C51L41,POINT (-61.074527158999956 -8.194194166999965)
2024,VEGETAÇÃO,C51L41,POINT (-61.22635715899995 -8.140554166999966)
2024,VEGETAÇÃO,C51L41,POINT (-61.07488715899996 -8.060364166999966)
2024,VEGETAÇÃO,C51L41,POINT (-61.03294715899995 -8.123544166999967)
2024,VEGETAÇÃO,C51L41,POINT (-61.130777158999955 -8.228124166999967)
2024,VEGETAÇÃO,C51L41,POINT (-61.10197715899995 -8.180874166999967)
2024,VEGETAÇÃO,C51L41,POINT (-61.241117158999955 -8.177724166999965)
2024,VEGETAÇÃO,C51L41,POINT (-61.144367158999955 -8.212644166999967)
2024,VEGETAÇÃO,C51L41,POINT (-61.14085715899995 -8.095104166999967)
2024,VEGETAÇÃO,C51L41,POINT (-61.05373715899995 -8.096904166999966)
2024,VEGETAÇÃO,C51L41,POINT (-61.19431715899995 -8.037954166999967)
2024,VEGETAÇÃO,C51L41,POINT (-61.23724715899995 -8.026254166999966)
2024,VEGETAÇÃO,C51L41,POINT (-61.064267158999954 -8.229204166999967)
2024,VEGETAÇÃO,C51L41,POINT (-61.19953715899995 -8.135604166999967)
2024,VEGETAÇÃO,C51L41,POINT (-61.00000715899995 -8.052174166999967)
2024,VEGETAÇÃO,C51L41,POINT (-61.05346715899995 -8.116794166999966)
2024,VEGETAÇÃO,C51L41,POINT (-61.13626715899996 -8.220384166999967)
2024,VEGETAÇÃO,C51L41,POINT (-61.118267158999956 -8.154774166999966)
2024,VEGETAÇÃO,C51L41,POINT (-61.15489715899995 -8.095824166999966)
2024,VEGETAÇÃO,C51L41,POINT (-61.144367158999955 -8.043264166999966)
2024,VEGETAÇÃO,C51L41,POINT (-61.020437158999954 -8.201844166999967)
2024,VEGETAÇÃO,C51L41,POINT (-61.100807158999956 -8.168364166999966)
2024,VEGETAÇÃO,C51L41,POINT (-61.07263715899995 -8.056494166999967)
2024,VEGETAÇÃO,C51L41,POINT (-61.021157158999955 -8.066124166999966)
2024,VEGETAÇÃO,C51L41,POINT (-61.13662715899996 -8.084124166999967)
2024,VEGETAÇÃO,C51L41,POINT (-61.06219715899995 -8.229474166999966)
2024,VEGETAÇÃO,C51L41,POINT (-61.148687158999955 -8.030664166999966)
2024,VEGETAÇÃO,C51L41,POINT (-61.135997158999956 -8.028774166999966)
2024,VEGETAÇÃO,C51L41,POINT (-61.043477158999956 -8.020044166999966)
2024,VEGETAÇÃO,C51L41,POINT (-61.13338715899995 -8.189154166999966)
2024,VEGETAÇÃO,C51L41,POINT (-61.14229715899995 -8.033094166999966)
2024,VEGETAÇÃO,C51L41,POINT (-61.07272715899995 -8.175204166999967)
2024,VEGETAÇÃO,C51L41,POINT (-61.15183715899995 -8.222274166999966)
2024,VEGETAÇÃO,C51L41,POINT (-61.08406715899996 -8.243334166999967)
2024,VEGETAÇÃO,C51L41,POINT (-61.078307158999955 -8.109504166999967)
2024,VEGETAÇÃO,C51L41,POINT (-61.16812715899995 -8.104194166999966)
2024,VEGETAÇÃO,C51L41,POINT (-61.118627158999956 -8.106534166999966)
2024,VEGETAÇÃO,C51L41,POINT (-61.03177715899995 -8.029674166999966)
2024,VEGETAÇÃO,C51L41,POINT (-61.134737158999954 -8.029854166999966)
2024,VEGETAÇÃO,C51L41,POINT (-61.11232715899995 -8.164854166999966)
2024,VEGETAÇÃO,C51L41,POINT (-61.23382715899995 -8.149824166999966)
2024,VEGETAÇÃO,C51L41,POINT (-61.07083715899995 -8.194104166999967)
2024,VEGETAÇÃO,C51L41,POINT (-61.09405715899995 -8.119494166999965)
2024,VEGETAÇÃO,C51L41,POINT (-61.15858715899995 -8.162244166999967)
2024,VEGETAÇÃO,C51L41,POINT (-61.051397158999954 -8.209494166999967)
2024,VEGETAÇÃO,C51L41,POINT (-61.11394715899995 -8.245764166999967)
2024,VEGETAÇÃO,C51L41,POINT (-61.223117158999955 -8.069004166999965)
2024,VEGETAÇÃO,C51L41,POINT (-61.11448715899995 -8.218494166999966)
2024,VEGETAÇÃO,C51L41,POINT (-61.152827158999955 -8.198424166999967)
2024,VEGETAÇÃO,C51L41,POINT (-61.051127158999954 -8.241444166999965)
2024,VEGETAÇÃO,C51L41,POINT (-61.183517158999955 -8.054964166999966)
2024,VEGETAÇÃO,C51L41,POINT (-61.013147158999956 -8.158554166999966)
2024,VEGETAÇÃO,C51L41,POINT (-61.21546715899996 -8.012484166999966)
2024,VEGETAÇÃO,C51L41,POINT (-61.03276715899995 -8.094024166999967)
2024,VEGETAÇÃO,C51L41,POINT (-61.147787158999954 -8.002944166999967)
2024,VEGETAÇÃO,C51L41,POINT (-61.002977158999954 -8.058834166999967)
2024,VEGETAÇÃO,C51L41,POINT (-61.00576715899995 -8.095644166999966)
2024,VEGETAÇÃO,C51L41,POINT (-61.05364715899995 -8.053704166999966)
2024,VEGETAÇÃO,C51L41,POINT (-61.00963715899995 -8.227584166999966)
2024,VEGETAÇÃO,C51L41,POINT (-61.046627158999954 -8.063244166999967)
2024,VEGETAÇÃO,C51L41,POINT (-61.03600715899995 -8.132454166999967)
2024,VEGETAÇÃO,C51L41,POINT (-61.24732715899995 -8.248464166999966)
2024,VEGETAÇÃO,C51L41,POINT (-61.072997158999954 -8.178894166999966)
2024,VEGETAÇÃO,C51L41,POINT (-61.117457158999954 -8.115264166999966)
2024,VEGETAÇÃO,C51L41,POINT (-61.18477715899995 -8.014734166999967)
2024,VEGETAÇÃO,C51L41,POINT (-61.20430715899995 -8.209674166999966)
2024,VEGETAÇÃO,C51L41,POINT (-61.22491715899995 -8.166744166999965)
2024,VEGETAÇÃO,C51L41,POINT (-61.056977158999956 -8.207964166999966)
2024,VEGETAÇÃO,C51L41,POINT (-61.095767158999955 -8.089164166999966)
2024,VEGETAÇÃO,C51L41,POINT (-61.16461715899995 -8.091324166999966)
2024,VEGETAÇÃO,C51L41,POINT (-61.232207158999955 -8.225154166999966)
2024,VEGETAÇÃO,C51L41,POINT (-61.01881715899995 -8.115084166999965)
2024,VEGETAÇÃO,C51L41,POINT (-61.17613715899995 -8.134704166999967)
2024,VEGETAÇÃO,C51L41,POINT (-61.16389715899995 -8.098614166999965)
2024,VEGETAÇÃO,C51L41,POINT (-61.05967715899995 -8.201574166999967)
2024,VEGETAÇÃO,C51L41,POINT (-61.01449715899995 -8.207154166999967)
2024,VEGETAÇÃO,C51L41,POINT (-61.11124715899995 -8.220564166999965)
2024,VEGETAÇÃO,C51L41,POINT (-61.104137158999954 -8.192034166999965)
2024,VEGETAÇÃO,C51L41,POINT (-61.05751715899996 -8.106804166999966)
2024,VEGETAÇÃO,C51L41,POINT (-61.206557158999956 -8.178084166999966)
2024,VEGETAÇÃO,C51L41,POINT (-61.065887158999956 -8.043444166999967)
2024,VEGETAÇÃO,C51L41,POINT (-61.236887158999956 -8.092674166999966)
2024,VEGETAÇÃO,C51L41,POINT (-61.01836715899995 -8.056764166999967)
2024,VEGETAÇÃO,C51L41,POINT (-61.08937715899995 -8.039754166999966)
2024,VEGETAÇÃO,C51L41,POINT (-61.20340715899995 -8.025084166999966)
2024,VEGETAÇÃO,C51L41,POINT (-61.00576715899995 -8.025804166999967)
2024,VEGETAÇÃO,C51L41,POINT (-61.18450715899995 -8.149104166999967)
2024,VEGETAÇÃO,C51L41,POINT (-61.034747158999956 -8.228664166999966)
2024,VEGETAÇÃO,C51L41,POINT (-61.149047158999956 -8.142534166999967)
2024,VEGETAÇÃO,C51L41,POINT (-61.183247158999954 -8.137134166999966)
2024,VEGETAÇÃO,C51L41,POINT (-61.14958715899995 -8.133984166999966)
2024,VEGETAÇÃO,C51L41,POINT (-61.143377158999954 -8.235234166999966)
2024,VEGETAÇÃO,C51L41,POINT (-61.23040715899995 -8.162514166999966)
2024,VEGETAÇÃO,C51L41,POINT (-61.130327158999954 -8.192304166999966)
2024,VEGETAÇÃO,C51L41,POINT (-61.02799715899995 -8.173404166999966)
2024,VEGETAÇÃO,C51L41,POINT (-61.11214715899995 -8.220744166999966)
2024,VEGETAÇÃO,C51L41,POINT (-61.051307158999954 -8.219484166999965)
2024,VEGETAÇÃO,C51L41,POINT (-61.00990715899995 -8.132274166999967)
2024,VEGETAÇÃO,C51L41,POINT (-61.10602715899995 -8.035794166999967)
2024,VEGETAÇÃO,C51L41,POINT (-61.01431715899995 -8.113644166999967)
2024,VEGETAÇÃO,C51L41,POINT (-61.06696715899995 -8.126244166999966)
2024,VEGETAÇÃO,C51L41,POINT (-61.143287158999954 -8.035884166999967)
2024,VEGETAÇÃO,C51L41,POINT (-61.043027158999955 -8.050914166999966)
2024,VEGETAÇÃO,C51L41,POINT (-61.007837158999955 -8.157294166999966)
2024,VEGETAÇÃO,C51L41,POINT (-61.23013715899995 -8.023734166999967)
2024,VEGETAÇÃO,C51L41,POINT (-61.086767158999955 -8.057574166999967)
2024,VEGETAÇÃO,C51L41,POINT (-61.003967158999956 -8.109504166999967)
2024,VEGETAÇÃO,C51L41,POINT (-61.09648715899995 -8.085564166999966)
2024,VEGETAÇÃO,C51L41,POINT (-61.09765715899995 -8.113464166999966)
2024,VEGETAÇÃO,C51L41,POINT (-61.19818715899996 -8.248734166999967)
2024,VEGETAÇÃO,C51L41,POINT (-61.03105715899996 -8.148474166999966)
2024,VEGETAÇÃO,C51L41,POINT (-61.10710715899995 -8.122734166999967)
2024,VEGETAÇÃO,C51L41,POINT (-61.05976715899995 -8.150904166999966)
2024,VEGETAÇÃO,C51L41,POINT (-61.02862715899995 -8.007804166999966)
2024,VEGETAÇÃO,C51L41,POINT (-61.13194715899995 -8.158284166999966)
2024,VEGETAÇÃO,C51L41,POINT (-61.02682715899995 -8.116704166999966)
2024,VEGETAÇÃO,C51L41,POINT (-61.22212715899995 -8.163864166999966)
2024,VEGETAÇÃO,C51L41,POINT (-61.15408715899996 -8.195184166999967)
2024,VEGETAÇÃO,C51L41,POINT (-61.04851715899996 -8.119044166999966)
2024,VEGETAÇÃO,C51L41,POINT (-61.068857158999954 -8.025174166999966)
2024,VEGETAÇÃO,C51L41,POINT (-61.153277158999956 -8.089974166999966)
2024,VEGETAÇÃO,C51L41,POINT (-61.14157715899995 -8.062434166999966)
2024,VEGETAÇÃO,C51L41,POINT (-61.153187158999955 -8.181774166999967)
2024,VEGETAÇÃO,C51L41,POINT (-61.100717158999956 -8.056224166999966)
2024,VEGETAÇÃO,C51L41,POINT (-61.06381715899995 -8.168274166999966)
2024,VEGETAÇÃO,C51L41,POINT (-61.14625715899995 -8.021394166999967)
2024,VEGETAÇÃO,C51L41,POINT (-61.231577158999954 -8.021844166999966)
2024,VEGETAÇÃO,C51L41,POINT (-61.01890715899995 -8.229204166999967)
2024,VEGETAÇÃO,C51L41,POINT (-61.13752715899995 -8.091594166999966)
2024,VEGETAÇÃO,C51L41,POINT (-61.02817715899995 -8.211384166999967)
2024,VEGETAÇÃO,C51L41,POINT (-61.16389715899995 -8.088624166999967)
2024,VEGETAÇÃO,C51L41,POINT (-61.18693715899995 -8.210934166999966)
2024,VEGETAÇÃO,C51L41,POINT (-61.18900715899996 -8.106264166999967)
2024,VEGETAÇÃO,C51L41,POINT (-61.117997158999955 -8.041734166999966)
2024,VEGETAÇÃO,C51L41,POINT (-61.24795715899995 -8.181144166999966)
2024,VEGETAÇÃO,C51L41,POINT (-61.17676715899995 -8.245044166999966)
2024,VEGETAÇÃO,C51L41,POINT (-61.24705715899995 -8.074584166999966)
2024,VEGETAÇÃO,C51L41,POINT (-61.148507158999955 -8.178714166999967)
2024,VEGETAÇÃO,C51L41,POINT (-61.23733715899995 -8.092314166999966)
2024,VEGETAÇÃO,C51L41,POINT (-61.09918715899995 -8.067924166999966)
2024,VEGETAÇÃO,C51L41,POINT (-61.15939715899995 -8.089794166999967)
2024,VEGETAÇÃO,C51L41,POINT (-61.01998715899995 -8.074314166999967)
2024,VEGETAÇÃO,C51L41,POINT (-61.03519715899995 -8.082144166999965)
2024,VEGETAÇÃO,C51L41,POINT (-61.22599715899995 -8.076744166999966)
2024,VEGETAÇÃO,C51L41,POINT (-61.131317158999956 -8.174394166999967)
2024,VEGETAÇÃO,C51L41,POINT (-61.021247158999955 -8.222004166999966)
2024,VEGETAÇÃO,C51L41,POINT (-61.24399715899995 -8.046954166999967)
2024,VEGETAÇÃO,C51L41,POINT (-61.074347158999956 -8.057934166999967)
2024,VEGETAÇÃO,C51L41,POINT (-61.24273715899995 -8.020404166999967)
2024,VEGETAÇÃO,C51L41,POINT (-61.23373715899995 -8.018154166999967)
2024,VEGETAÇÃO,C51L41,POINT (-61.07227715899995 -8.128404166999966)
2024,VEGETAÇÃO,C51L41,POINT (-61.074077158999955 -8.211744166999967)
2024,VEGETAÇÃO,C51L41,POINT (-61.03519715899995 -8.181594166999966)
2024,VEGETAÇÃO,C51L41,POINT (-61.02880715899995 -8.123994166999966)
2024,VEGETAÇÃO,C51L41,POINT (-61.12807715899996 -8.115084166999965)
2024,VEGETAÇÃO,C51L41,POINT (-61.03744715899995 -8.111934166999966)
2024,VEGETAÇÃO,C51L41,POINT (-61.17811715899995 -8.040924166999966)
2024,VEGETAÇÃO,C51L41,POINT (-61.03753715899995 -8.061624166999966)
2024,VEGETAÇÃO,C51L41,POINT (-61.11961715899995 -8.046594166999967)
2024,VEGETAÇÃO,C51L41,POINT (-61.14031715899995 -8.098164166999966)
2024,VEGETAÇÃO,C51L41,POINT (-61.029077158999954 -8.099334166999967)
2024,VEGETAÇÃO,C51L41,POINT (-61.02862715899995 -8.017434166999966)
2024,VEGETAÇÃO,C51L41,POINT (-61.14985715899995 -8.140824166999966)
2024,VEGETAÇÃO,C51L41,POINT (-61.096127158999955 -8.077194166999966)
2024,VEGETAÇÃO,C51L41,POINT (-61.004417158999956 -8.143524166999967)
2024,VEGETAÇÃO,C51L41,POINT (-61.029437158999954 -8.109774166999966)
2024,VEGETAÇÃO,C51L41,POINT (-61.24723715899995 -8.040114166999967)
2024,VEGETAÇÃO,C51L41,POINT (-61.02439715899995 -8.120304166999967)
2024,VEGETAÇÃO,C51L41,POINT (-61.135187158999955 -8.089434166999967)
2024,VEGETAÇÃO,C51L41,POINT (-61.03339715899995 -8.200584166999967)
2024,VEGETAÇÃO,C51L41,POINT (-61.07641715899995 -8.183664166999966)
2024,VEGETAÇÃO,C51L41,POINT (-61.07569715899995 -8.199684166999965)
2024,VEGETAÇÃO,C51L41,POINT (-61.17307715899995 -8.063154166999967)
2024,VEGETAÇÃO,C51L41,POINT (-61.22644715899995 -8.071974166999967)
2024,VEGETAÇÃO,C51L41,POINT (-61.24408715899995 -8.233614166999967)
2024,VEGETAÇÃO,C51L41,POINT (-61.13806715899995 -8.221914166999966)
2024,VEGETAÇÃO,C51L41,POINT (-61.18981715899995 -8.006904166999966)
2024,VEGETAÇÃO,C51L41,POINT (-61.16263715899996 -8.247024166999966)
2024,VEGETAÇÃO,C51L41,POINT (-61.24237715899996 -8.163504166999966)
2024,VEGETAÇÃO,C51L41,POINT (-61.09891715899995 -8.181054166999965)
2024,VEGETAÇÃO,C51L41,POINT (-61.02619715899995 -8.227224166999966)
2024,VEGETAÇÃO,C51L41,POINT (-61.22941715899995 -8.188344166999967)
2024,VEGETAÇÃO,C51L41,POINT (-61.23886715899995 -8.069094166999966)
2024,VEGETAÇÃO,C51L41,POINT (-61.249847158999955 -8.153244166999967)
2024,VEGETAÇÃO,C51L41,POINT (-61.01026715899995 -8.168094166999966)
2024,VEGETAÇÃO,C51L41,POINT (-61.02313715899995 -8.216424166999966)
2024,VEGETAÇÃO,C51L41,POINT (-61.17397715899995 -8.080794166999967)
2024,VEGETAÇÃO,C51L41,POINT (-61.109537158999956 -8.206794166999966)
2024,VEGETAÇÃO,C51L41,POINT (-61.091537158999955 -8.139564166999966)
2024,VEGETAÇÃO,C51L41,POINT (-61.231487158999954 -8.212374166999966)
2024,VEGETAÇÃO,C51L41,POINT (-61.060217158999954 -8.236674166999967)
2024,VEGETAÇÃO,C51L41,POINT (-61.227347158999955 -8.047044166999965)
2024,VEGETAÇÃO,C51L41,POINT (-61.23481715899995 -8.050014166999967)
2024,VEGETAÇÃO,C51L41,POINT (-61.21087715899995 -8.190504166999967)
2024,VEGETAÇÃO,C51L41,POINT (-61.19575715899995 -8.037684166999966)
2024,VEGETAÇÃO,C51L41,POINT (-61.15084715899995 -8.132364166999967)
2024,VEGETAÇÃO,C51L41,POINT (-61.16803715899995 -8.074404166999967)
2024,VEGETAÇÃO,C51L41,POINT (-61.060757158999955 -8.158914166999967)
2024,VEGETAÇÃO,C51L41,POINT (-61.17577715899995 -8.136414166999966)
2024,VEGETAÇÃO,C51L41,POINT (-61.152377158999954 -8.138844166999966)
2024,VEGETAÇÃO,C51L41,POINT (-61.12942715899995 -8.088264166999966)
2024,VEGETAÇÃO,C51L41,POINT (-61.18189715899995 -8.162604166999966)
2024,VEGETAÇÃO,C51L41,POINT (-61.020437158999954 -8.214084166999966)
2024,VEGETAÇÃO,C51L41,POINT (-61.034297158999955 -8.163504166999966)
2024,VEGETAÇÃO,C51L41,POINT (-61.10584715899995 -8.222904166999966)
2024,VEGETAÇÃO,C51L41,POINT (-61.00153715899995 -8.015724166999966)
2024,VEGETAÇÃO,C51L41,POINT (-61.00225715899995 -8.033004166999966)
2024,VEGETAÇÃO,C51L41,POINT (-61.02448715899995 -8.078184166999966)
2024,VEGETAÇÃO,C51L41,POINT (-61.236797158999956 -8.197614166999966)
2024,VEGETAÇÃO,C51L41,POINT (-61.10233715899995 -8.180244166999966)
2024,VEGETAÇÃO,C51L41,POINT (-61.11070715899995 -8.048394166999966)
2024,VEGETAÇÃO,C51L41,POINT (-61.122317158999955 -8.118774166999966)
2024,VEGETAÇÃO,C51L41,POINT (-61.00099715899995 -8.242524166999967)
2024,VEGETAÇÃO,C51L41,POINT (-61.23346715899996 -8.198154166999966)
2024,VEGETAÇÃO,C51L41,POINT (-61.07200715899995 -8.147754166999967)
2024,VEGETAÇÃO,C51L41,POINT (-61.04041715899995 -8.159904166999967)
2024,VEGETAÇÃO,C51L41,POINT (-61.122677158999956 -8.226954166999967)
2024,VEGETAÇÃO,C51L41,POINT (-61.05526715899995 -8.006184166999967)
2024,VEGETAÇÃO,C51L41,POINT (-61.24759715899995 -8.196534166999966)
2024,VEGETAÇÃO,C51L41,POINT (-61.15552715899995 -8.134794166999967)
2024,VEGETAÇÃO,C51L41,POINT (-61.200887158999954 -8.060904166999967)
2024,VEGETAÇÃO,C51L41,POINT (-61.039067158999956 -8.109414166999967)
2024,VEGETAÇÃO,C51L41,POINT (-61.18576715899995 -8.242704166999966)
2024,VEGETAÇÃO,C51L41,POINT (-61.139327158999954 -8.140824166999966)
2024,VEGETAÇÃO,C51L41,POINT (-61.214747158999955 -8.034444166999966)
2024,VEGETAÇÃO,C51L41,POINT (-61.22653715899995 -8.029944166999966)
2024,VEGETAÇÃO,C51L41,POINT (-61.07020715899995 -8.126604166999966)
