year,label,tile,geometry
2024,CORTE SELETIVO,C60L63,"POLYGON ((-58.968999999999994 -2.570700000000001, -58.96889999999999 -2.570700000000001, -58.96889999999999 -2.570800000000001, -58.968999999999994 -2.570800000000001, -58.968999999999994 -2.570700000000001))"
2024,CORTE SELETIVO,C60L63,"POLYGON ((-58.96119999999999 -2.6828000000000007, -58.96119999999999 -2.682700000000001, -58.961099999999995 -2.682700000000001, -58.961099999999995 -2.6828000000000007, -58.96119999999999 -2.6828000000000007))"
2024,CORTE SELETIVO,C60L63,"POLYGON ((-58.94219999999999 -2.665300000000001, -58.94219999999999 -2.665200000000001, -58.942099999999996 -2.665200000000001, -58.942099999999996 -2.665300000000001, -58.94219999999999 -2.665300000000001))"
2024,CORTE SELETIVO,C60L63,"POLYGON ((-58.942099999999996 -2.6651000000000007, -58.942099999999996 -2.665000000000001, -58.94199999999999 -2.665000000000001, -58.94199999999999 -2.6651000000000007, -58.942099999999996 -2.6651000000000007))"
2024,CORTE SELETIVO,C60L63,"POLYGON ((-58.969899999999996 -2.655700000000001, -58.969899999999996 -2.655600000000001, -58.96979999999999 -2.655600000000001, -58.96979999999999 -2.655700000000001, -58.969899999999996 -2.655700000000001))"
2024,CORTE SELETIVO,C60L63,"POLYGON ((-58.924099999999996 -2.645400000000001, -58.924099999999996 -2.645300000000001, -58.92399999999999 -2.645300000000001, -58.92399999999999 -2.645400000000001, -58.924099999999996 -2.645400000000001))"
2024,CORTE SELETIVO,C60L63,"POLYGON ((-58.949799999999996 -2.602900000000001, -58.949799999999996 -2.602800000000001, -58.94969999999999 -2.602800000000001, -58.94969999999999 -2.602900000000001, -58.949799999999996 -2.602900000000001))"
2024,CORTE SELETIVO,C60L63,"POLYGON ((-58.96119999999999 -2.595400000000001, -58.96119999999999 -2.595300000000001, -58.961099999999995 -2.595300000000001, -58.961099999999995 -2.595400000000001, -58.96119999999999 -2.595400000000001))"
2024,CORTE SELETIVO,C60L63,"POLYGON ((-58.87579999999999 -2.543800000000001, -58.87579999999999 -2.5437000000000007, -58.875699999999995 -2.5437000000000007, -58.875699999999995 -2.543800000000001, -58.87579999999999 -2.543800000000001))"
2024,CORTE SELETIVO,C60L63,"POLYGON ((-58.98969999999999 -2.525300000000001, -58.989599999999996 -2.525300000000001, -58.989599999999996 -2.5254000000000008, -58.98969999999999 -2.5254000000000008, -58.98969999999999 -2.525300000000001))"
2024,CORTE SELETIVO,C60L63,"POLYGON ((-58.934799999999996 -2.612600000000001, -58.93469999999999 -2.612600000000001, -58.93469999999999 -2.6127000000000007, -58.934799999999996 -2.6127000000000007, -58.934799999999996 -2.612600000000001))"
2024,CORTE SELETIVO,C60L63,"POLYGON ((-58.95139999999999 -2.597500000000001, -58.951299999999996 -2.597500000000001, -58.951299999999996 -2.597600000000001, -58.95139999999999 -2.597600000000001, -58.95139999999999 -2.597500000000001))"
2024,CORTE SELETIVO,C60L63,"POLYGON ((-58.952999999999996 -2.6807000000000007, -58.952999999999996 -2.680800000000001, -58.95309999999999 -2.680800000000001, -58.95309999999999 -2.6807000000000007, -58.952999999999996 -2.6807000000000007))"
2024,CORTE SELETIVO,C60L63,"POLYGON ((-58.95369999999999 -2.674700000000001, -58.95369999999999 -2.6748000000000007, -58.953799999999994 -2.6748000000000007, -58.953799999999994 -2.674700000000001, -58.95369999999999 -2.674700000000001))"
2024,CORTE SELETIVO,C60L63,"POLYGON ((-58.95349999999999 -2.674500000000001, -58.95349999999999 -2.674700000000001, -58.953599999999994 -2.674700000000001, -58.953599999999994 -2.674500000000001, -58.95349999999999 -2.674500000000001))"
2024,CORTE SELETIVO,C60L63,"POLYGON ((-58.96509999999999 -2.662300000000001, -58.96509999999999 -2.6624000000000008, -58.965199999999996 -2.6624000000000008, -58.965199999999996 -2.662300000000001, -58.96509999999999 -2.662300000000001))"
2024,CORTE SELETIVO,C60L63,"POLYGON ((-58.960899999999995 -2.657300000000001, -58.960899999999995 -2.657400000000001, -58.961099999999995 -2.657400000000001, -58.961099999999995 -2.657300000000001, -58.960899999999995 -2.657300000000001))"
2024,CORTE SELETIVO,C60L63,"POLYGON ((-58.959199999999996 -2.656600000000001, -58.959199999999996 -2.6567000000000007, -58.95929999999999 -2.6567000000000007, -58.95929999999999 -2.6565000000000007, -58.958999999999996 -2.6565000000000007, -58.958999999999996 -2.6567000000000007, -58.95909999999999 -2.6567000000000007, -58.95909999999999 -2.656600000000001, -58.959199999999996 -2.656600000000001))"
2024,CORTE SELETIVO,C60L63,"POLYGON ((-58.96849999999999 -2.653700000000001, -58.96849999999999 -2.653800000000001, -58.96869999999999 -2.653800000000001, -58.96869999999999 -2.653700000000001, -58.96849999999999 -2.653700000000001))"
2024,CORTE SELETIVO,C60L63,"POLYGON ((-58.968399999999995 -2.653700000000001, -58.96849999999999 -2.653700000000001, -58.96849999999999 -2.653600000000001, -58.968399999999995 -2.653600000000001, -58.968399999999995 -2.653700000000001))"
2024,CORTE SELETIVO,C60L63,"POLYGON ((-58.96829999999999 -2.653600000000001, -58.968399999999995 -2.653600000000001, -58.968399999999995 -2.653500000000001, -58.96829999999999 -2.653500000000001, -58.96829999999999 -2.653600000000001))"
2024,CORTE SELETIVO,C60L63,"POLYGON ((-58.968599999999995 -2.652000000000001, -58.968599999999995 -2.652100000000001, -58.96869999999999 -2.652100000000001, -58.96869999999999 -2.652000000000001, -58.968599999999995 -2.652000000000001))"
2024,CORTE SELETIVO,C60L63,"POLYGON ((-58.968799999999995 -2.6489000000000007, -58.968799999999995 -2.649000000000001, -58.96889999999999 -2.649000000000001, -58.96889999999999 -2.6489000000000007, -58.968799999999995 -2.6489000000000007))"
2024,CORTE SELETIVO,C60L63,"POLYGON ((-58.925399999999996 -2.6020000000000008, -58.925399999999996 -2.602100000000001, -58.92549999999999 -2.602100000000001, -58.92549999999999 -2.6020000000000008, -58.925399999999996 -2.6020000000000008))"
2024,CORTE SELETIVO,C60L63,"POLYGON ((-58.924099999999996 -2.592600000000001, -58.924099999999996 -2.5927000000000007, -58.92419999999999 -2.5927000000000007, -58.92419999999999 -2.592600000000001, -58.924099999999996 -2.592600000000001))"
2024,CORTE SELETIVO,C60L63,"POLYGON ((-58.92399999999999 -2.592400000000001, -58.92399999999999 -2.5925000000000007, -58.92419999999999 -2.5925000000000007, -58.92419999999999 -2.592400000000001, -58.92399999999999 -2.592400000000001))"
2024,CORTE SELETIVO,C60L63,"POLYGON ((-58.95859999999999 -2.5839000000000008, -58.95859999999999 -2.584000000000001, -58.95869999999999 -2.584000000000001, -58.95869999999999 -2.5839000000000008, -58.95859999999999 -2.5839000000000008))"
2024,CORTE SELETIVO,C60L63,"POLYGON ((-58.95889999999999 -2.581600000000001, -58.95889999999999 -2.581700000000001, -58.95909999999999 -2.581700000000001, -58.95909999999999 -2.581600000000001, -58.95889999999999 -2.581600000000001))"
2024,CORTE SELETIVO,C60L63,"POLYGON ((-58.937999999999995 -2.5018000000000007, -58.93809999999999 -2.5018000000000007, -58.93809999999999 -2.5014000000000007, -58.937999999999995 -2.5014000000000007, -58.937999999999995 -2.5018000000000007))"
2024,CORTE SELETIVO,C60L63,"POLYGON ((-58.924099999999996 -2.500100000000001, -58.92419999999999 -2.500100000000001, -58.92419999999999 -2.500000000000001, -58.924099999999996 -2.500000000000001, -58.924099999999996 -2.500100000000001))"
2024,CORTE SELETIVO,C60L63,"POLYGON ((-58.910799999999995 -2.748400000000001, -58.910799999999995 -2.748500000000001, -58.91109999999999 -2.748500000000001, -58.91109999999999 -2.748400000000001, -58.910799999999995 -2.748400000000001))"
2024,CORTE SELETIVO,C60L63,"POLYGON ((-58.922999999999995 -2.697800000000001, -58.922999999999995 -2.697900000000001, -58.92309999999999 -2.697900000000001, -58.92309999999999 -2.697800000000001, -58.922999999999995 -2.697800000000001))"
2024,CORTE SELETIVO,C60L63,"POLYGON ((-58.92309999999999 -2.6975000000000007, -58.92309999999999 -2.697800000000001, -58.923199999999994 -2.697800000000001, -58.923199999999994 -2.6975000000000007, -58.92309999999999 -2.6975000000000007))"
2024,CORTE SELETIVO,C60L63,"POLYGON ((-58.88499999999999 -2.684800000000001, -58.88499999999999 -2.6849000000000007, -58.885099999999994 -2.6849000000000007, -58.885099999999994 -2.684800000000001, -58.88499999999999 -2.684800000000001))"
2024,CORTE SELETIVO,C60L63,"POLYGON ((-58.781499999999994 -2.594300000000001, -58.781499999999994 -2.5944000000000007, -58.78159999999999 -2.5944000000000007, -58.78159999999999 -2.594300000000001, -58.781499999999994 -2.594300000000001))"
2024,CORTE SELETIVO,C60L63,"POLYGON ((-58.787499999999994 -2.586500000000001, -58.787499999999994 -2.5866000000000007, -58.787699999999994 -2.5866000000000007, -58.787699999999994 -2.586500000000001, -58.787499999999994 -2.586500000000001))"
2024,CORTE SELETIVO,C60L63,"POLYGON ((-58.90509999999999 -2.544900000000001, -58.90509999999999 -2.545000000000001, -58.905199999999994 -2.545000000000001, -58.905199999999994 -2.544900000000001, -58.90509999999999 -2.544900000000001))"
2024,CORTE SELETIVO,C60L63,"POLYGON ((-58.84119999999999 -2.543300000000001, -58.84129999999999 -2.543300000000001, -58.84129999999999 -2.543200000000001, -58.84119999999999 -2.543200000000001, -58.84119999999999 -2.543300000000001))"
2024,CORTE SELETIVO,C60L63,"POLYGON ((-58.81629999999999 -2.542700000000001, -58.81609999999999 -2.542700000000001, -58.81609999999999 -2.542900000000001, -58.816199999999995 -2.542900000000001, -58.816199999999995 -2.542800000000001, -58.81629999999999 -2.542800000000001, -58.81629999999999 -2.542700000000001))"
2024,CORTE SELETIVO,C60L63,"POLYGON ((-58.82759999999999 -2.541500000000001, -58.82759999999999 -2.5416000000000007, -58.82769999999999 -2.5416000000000007, -58.82769999999999 -2.541500000000001, -58.82759999999999 -2.541500000000001))"
2024,CORTE SELETIVO,C60L63,"POLYGON ((-58.87539999999999 -2.534700000000001, -58.87539999999999 -2.534800000000001, -58.875499999999995 -2.534800000000001, -58.875499999999995 -2.534700000000001, -58.87539999999999 -2.534700000000001))"
2024,CORTE SELETIVO,C60L63,"POLYGON ((-58.87559999999999 -2.534500000000001, -58.87559999999999 -2.534400000000001, -58.875699999999995 -2.534400000000001, -58.875699999999995 -2.534500000000001, -58.87579999999999 -2.534500000000001, -58.87579999999999 -2.534300000000001, -58.875499999999995 -2.534300000000001, -58.875499999999995 -2.534400000000001, -58.87539999999999 -2.534400000000001, -58.87539999999999 -2.534500000000001, -58.87559999999999 -2.534500000000001))"
2024,CORTE SELETIVO,C60L63,"POLYGON ((-58.78829999999999 -2.533100000000001, -58.78829999999999 -2.533200000000001, -58.788399999999996 -2.533200000000001, -58.788399999999996 -2.533100000000001, -58.78829999999999 -2.533100000000001))"
2024,CORTE SELETIVO,C60L63,"POLYGON ((-58.793699999999994 -2.531400000000001, -58.793699999999994 -2.5315000000000007, -58.79379999999999 -2.5315000000000007, -58.79379999999999 -2.531400000000001, -58.793699999999994 -2.531400000000001))"
2024,CORTE SELETIVO,C60L63,"POLYGON ((-58.807599999999994 -2.523000000000001, -58.807599999999994 -2.522800000000001, -58.807399999999994 -2.522800000000001, -58.807399999999994 -2.522900000000001, -58.80749999999999 -2.522900000000001, -58.80749999999999 -2.523000000000001, -58.807599999999994 -2.523000000000001))"
2024,CORTE SELETIVO,C60L63,"POLYGON ((-58.822599999999994 -2.518500000000001, -58.822599999999994 -2.518600000000001, -58.82269999999999 -2.518600000000001, -58.82269999999999 -2.518500000000001, -58.822599999999994 -2.518500000000001))"
2024,CORTE SELETIVO,C60L63,"POLYGON ((-58.83389999999999 -2.512600000000001, -58.833999999999996 -2.512600000000001, -58.833999999999996 -2.512500000000001, -58.83389999999999 -2.512500000000001, -58.83389999999999 -2.512600000000001))"
2024,CORTE SELETIVO,C60L63,"POLYGON ((-58.837399999999995 -2.507800000000001, -58.83749999999999 -2.507800000000001, -58.83749999999999 -2.5077000000000007, -58.837399999999995 -2.5077000000000007, -58.837399999999995 -2.507800000000001))"
2024,CORTE SELETIVO,C60L63,"POLYGON ((-58.978899999999996 -2.7350000000000008, -58.978899999999996 -2.735100000000001, -58.97899999999999 -2.735100000000001, -58.97899999999999 -2.7350000000000008, -58.978899999999996 -2.7350000000000008))"
2024,CORTE SELETIVO,C60L63,"POLYGON ((-58.981199999999994 -2.5902000000000007, -58.981199999999994 -2.590300000000001, -58.98129999999999 -2.590300000000001, -58.98129999999999 -2.5902000000000007, -58.981199999999994 -2.5902000000000007))"
2024,CORTE SELETIVO,C60L63,"POLYGON ((-58.94409999999999 -2.671700000000001, -58.94409999999999 -2.671800000000001, -58.944199999999995 -2.671800000000001, -58.944199999999995 -2.671700000000001, -58.94409999999999 -2.671700000000001))"
2024,CORTE SELETIVO,C60L63,"POLYGON ((-58.828399999999995 -2.533200000000001, -58.828399999999995 -2.533300000000001, -58.82849999999999 -2.533300000000001, -58.82849999999999 -2.533200000000001, -58.828399999999995 -2.533200000000001))"
2024,CORTE SELETIVO,C60L63,"POLYGON ((-58.815599999999996 -2.6969000000000007, -58.815599999999996 -2.697000000000001, -58.81569999999999 -2.697000000000001, -58.81569999999999 -2.6969000000000007, -58.815599999999996 -2.6969000000000007))"
2024,CORTE SELETIVO,C60L63,"POLYGON ((-58.81219999999999 -2.588700000000001, -58.81219999999999 -2.588800000000001, -58.81229999999999 -2.588800000000001, -58.81229999999999 -2.588700000000001, -58.81219999999999 -2.588700000000001))"
2024,CORTE SELETIVO,C60L63,"POLYGON ((-58.945499999999996 -2.6729000000000007, -58.945499999999996 -2.672800000000001, -58.94539999999999 -2.672800000000001, -58.94539999999999 -2.6729000000000007, -58.945499999999996 -2.6729000000000007))"
2024,CORTE SELETIVO,C60L63,"POLYGON ((-58.952299999999994 -2.668600000000001, -58.952299999999994 -2.6685000000000008, -58.95219999999999 -2.6685000000000008, -58.95219999999999 -2.668600000000001, -58.952299999999994 -2.668600000000001))"
2024,CORTE SELETIVO,C60L63,"POLYGON ((-58.955499999999994 -2.664800000000001, -58.955499999999994 -2.6647000000000007, -58.95539999999999 -2.6647000000000007, -58.95539999999999 -2.664800000000001, -58.955499999999994 -2.664800000000001))"
2024,CORTE SELETIVO,C60L63,"POLYGON ((-58.81439999999999 -2.621200000000001, -58.814299999999996 -2.621200000000001, -58.814299999999996 -2.621300000000001, -58.81439999999999 -2.621300000000001, -58.81439999999999 -2.621200000000001))"
2024,CORTE SELETIVO,C60L63,"POLYGON ((-58.92829999999999 -2.6085000000000007, -58.92819999999999 -2.6085000000000007, -58.92819999999999 -2.608600000000001, -58.92829999999999 -2.608600000000001, -58.92829999999999 -2.6085000000000007))"
2024,CORTE SELETIVO,C60L63,"POLYGON ((-58.956199999999995 -2.607600000000001, -58.956199999999995 -2.607500000000001, -58.95609999999999 -2.607500000000001, -58.95609999999999 -2.607600000000001, -58.956199999999995 -2.607600000000001))"
2024,CORTE SELETIVO,C60L63,"POLYGON ((-58.95119999999999 -2.606300000000001, -58.95119999999999 -2.6062000000000007, -58.95109999999999 -2.6062000000000007, -58.95109999999999 -2.606300000000001, -58.95119999999999 -2.606300000000001))"
2024,CORTE SELETIVO,C60L63,"POLYGON ((-58.80799999999999 -2.594700000000001, -58.80799999999999 -2.5946000000000007, -58.80789999999999 -2.5946000000000007, -58.80789999999999 -2.594700000000001, -58.80799999999999 -2.594700000000001))"
2024,CORTE SELETIVO,C60L63,"POLYGON ((-58.94319999999999 -2.591300000000001, -58.943099999999994 -2.591300000000001, -58.943099999999994 -2.591400000000001, -58.94319999999999 -2.591400000000001, -58.94319999999999 -2.591300000000001))"
2024,CORTE SELETIVO,C60L63,"POLYGON ((-58.81219999999999 -2.5437000000000007, -58.812099999999994 -2.5437000000000007, -58.812099999999994 -2.543800000000001, -58.81219999999999 -2.543800000000001, -58.81219999999999 -2.5437000000000007))"
2024,CORTE SELETIVO,C60L63,"POLYGON ((-58.956999999999994 -2.597700000000001, -58.95689999999999 -2.597700000000001, -58.95689999999999 -2.5978000000000008, -58.956999999999994 -2.5978000000000008, -58.956999999999994 -2.597700000000001))"
2024,CORTE SELETIVO,C60L63,"POLYGON ((-58.952999999999996 -2.680600000000001, -58.952999999999996 -2.6807000000000007, -58.95309999999999 -2.6807000000000007, -58.95309999999999 -2.680600000000001, -58.952999999999996 -2.680600000000001))"
2024,CORTE SELETIVO,C60L63,"POLYGON ((-58.942699999999995 -2.668300000000001, -58.94279999999999 -2.668300000000001, -58.94279999999999 -2.668200000000001, -58.942699999999995 -2.668200000000001, -58.942699999999995 -2.668300000000001))"
2024,CORTE SELETIVO,C60L63,"POLYGON ((-58.95249999999999 -2.668300000000001, -58.95259999999999 -2.668300000000001, -58.95259999999999 -2.668200000000001, -58.95249999999999 -2.668200000000001, -58.95249999999999 -2.668300000000001))"
2024,CORTE SELETIVO,C60L63,"POLYGON ((-58.964499999999994 -2.663300000000001, -58.964499999999994 -2.663400000000001, -58.96459999999999 -2.663400000000001, -58.96459999999999 -2.663300000000001, -58.964499999999994 -2.663300000000001))"
2024,CORTE SELETIVO,C60L63,"POLYGON ((-58.96509999999999 -2.662500000000001, -58.965199999999996 -2.662500000000001, -58.965199999999996 -2.6624000000000008, -58.96509999999999 -2.6624000000000008, -58.96509999999999 -2.662500000000001))"
2024,CORTE SELETIVO,C60L63,"POLYGON ((-58.98199999999999 -2.599000000000001, -58.982099999999996 -2.599000000000001, -58.982099999999996 -2.598900000000001, -58.98199999999999 -2.598900000000001, -58.98199999999999 -2.599000000000001))"
2024,CORTE SELETIVO,C60L63,"POLYGON ((-58.962199999999996 -2.597500000000001, -58.962199999999996 -2.597700000000001, -58.962399999999995 -2.597700000000001, -58.962399999999995 -2.597500000000001, -58.962199999999996 -2.597500000000001))"
2024,CORTE SELETIVO,C60L63,"POLYGON ((-58.97019999999999 -2.596900000000001, -58.970099999999995 -2.596900000000001, -58.970099999999995 -2.597000000000001, -58.96999999999999 -2.597000000000001, -58.96999999999999 -2.597100000000001, -58.97019999999999 -2.597100000000001, -58.97019999999999 -2.596900000000001))"
2024,CORTE SELETIVO,C60L63,"POLYGON ((-58.960899999999995 -2.595400000000001, -58.961099999999995 -2.595400000000001, -58.961099999999995 -2.595100000000001, -58.960899999999995 -2.595100000000001, -58.960899999999995 -2.595400000000001))"
2024,CORTE SELETIVO,C60L63,"POLYGON ((-58.95869999999999 -2.594300000000001, -58.95879999999999 -2.594300000000001, -58.95879999999999 -2.5942000000000007, -58.95869999999999 -2.5942000000000007, -58.95869999999999 -2.594300000000001))"
2024,CORTE SELETIVO,C60L63,"POLYGON ((-58.948499999999996 -2.590700000000001, -58.94859999999999 -2.590700000000001, -58.94859999999999 -2.5904000000000007, -58.948499999999996 -2.5904000000000007, -58.948499999999996 -2.590700000000001))"
2024,CORTE SELETIVO,C60L63,"POLYGON ((-58.948699999999995 -2.590500000000001, -58.94879999999999 -2.590500000000001, -58.94879999999999 -2.5904000000000007, -58.948699999999995 -2.5904000000000007, -58.948699999999995 -2.590500000000001))"
2024,CORTE SELETIVO,C60L63,"POLYGON ((-58.943299999999994 -2.587000000000001, -58.94339999999999 -2.587000000000001, -58.94339999999999 -2.586900000000001, -58.943299999999994 -2.586900000000001, -58.943299999999994 -2.587000000000001))"
2024,CORTE SELETIVO,C60L63,"POLYGON ((-58.943299999999994 -2.586700000000001, -58.943299999999994 -2.586800000000001, -58.94339999999999 -2.586800000000001, -58.94339999999999 -2.586700000000001, -58.943299999999994 -2.586700000000001))"
2024,CORTE SELETIVO,C60L63,"POLYGON ((-58.95419999999999 -2.585500000000001, -58.95439999999999 -2.585500000000001, -58.95439999999999 -2.585400000000001, -58.95419999999999 -2.585400000000001, -58.95419999999999 -2.585500000000001))"
2024,CORTE SELETIVO,C60L63,"POLYGON ((-58.95399999999999 -2.585400000000001, -58.95419999999999 -2.585400000000001, -58.95419999999999 -2.585200000000001, -58.95399999999999 -2.585200000000001, -58.95399999999999 -2.585400000000001))"
2024,CORTE SELETIVO,C60L63,"POLYGON ((-58.95889999999999 -2.581600000000001, -58.95909999999999 -2.581600000000001, -58.95909999999999 -2.581500000000001, -58.95889999999999 -2.581500000000001, -58.95889999999999 -2.581600000000001))"
2024,CORTE SELETIVO,C60L63,"POLYGON ((-58.96929999999999 -2.570500000000001, -58.96939999999999 -2.570500000000001, -58.96939999999999 -2.5704000000000007, -58.96929999999999 -2.5704000000000007, -58.96929999999999 -2.570500000000001))"
2024,CORTE SELETIVO,C60L63,"POLYGON ((-58.98969999999999 -2.5254000000000008, -58.989799999999995 -2.5254000000000008, -58.989799999999995 -2.525300000000001, -58.98969999999999 -2.525300000000001, -58.98969999999999 -2.5254000000000008))"
2024,CORTE SELETIVO,C60L63,"POLYGON ((-58.910799999999995 -2.748600000000001, -58.91089999999999 -2.748600000000001, -58.91089999999999 -2.748500000000001, -58.910799999999995 -2.748500000000001, -58.910799999999995 -2.748600000000001))"
2024,CORTE SELETIVO,C60L63,"POLYGON ((-58.91069999999999 -2.748400000000001, -58.91069999999999 -2.748500000000001, -58.910799999999995 -2.748500000000001, -58.910799999999995 -2.748400000000001, -58.91069999999999 -2.748400000000001))"
2024,CORTE SELETIVO,C60L63,"POLYGON ((-58.910799999999995 -2.748400000000001, -58.91089999999999 -2.748400000000001, -58.91089999999999 -2.748300000000001, -58.910799999999995 -2.748300000000001, -58.910799999999995 -2.748400000000001))"
2024,CORTE SELETIVO,C60L63,"POLYGON ((-58.91089999999999 -2.748300000000001, -58.910999999999994 -2.748300000000001, -58.910999999999994 -2.748100000000001, -58.91089999999999 -2.748100000000001, -58.91089999999999 -2.748300000000001))"
2024,CORTE SELETIVO,C60L63,"POLYGON ((-58.85659999999999 -2.706900000000001, -58.85669999999999 -2.706900000000001, -58.85669999999999 -2.7068000000000008, -58.85659999999999 -2.7068000000000008, -58.85659999999999 -2.706900000000001))"
2024,CORTE SELETIVO,C60L63,"POLYGON ((-58.92329999999999 -2.697700000000001, -58.923199999999994 -2.697700000000001, -58.923199999999994 -2.697800000000001, -58.92309999999999 -2.697800000000001, -58.92309999999999 -2.697900000000001, -58.92329999999999 -2.697900000000001, -58.92329999999999 -2.697700000000001))"
2024,CORTE SELETIVO,C60L63,"POLYGON ((-58.92289999999999 -2.697900000000001, -58.922999999999995 -2.697900000000001, -58.922999999999995 -2.697700000000001, -58.92289999999999 -2.697700000000001, -58.92289999999999 -2.697900000000001))"
2024,CORTE SELETIVO,C60L63,"POLYGON ((-58.922999999999995 -2.697600000000001, -58.92309999999999 -2.697600000000001, -58.92309999999999 -2.6975000000000007, -58.922999999999995 -2.6975000000000007, -58.922999999999995 -2.697600000000001))"
2024,CORTE SELETIVO,C60L63,"POLYGON ((-58.90839999999999 -2.6504000000000008, -58.90839999999999 -2.6506000000000007, -58.90849999999999 -2.6506000000000007, -58.90849999999999 -2.6504000000000008, -58.90839999999999 -2.6504000000000008))"
2024,CORTE SELETIVO,C60L63,"POLYGON ((-58.83839999999999 -2.6363000000000008, -58.83859999999999 -2.6363000000000008, -58.83859999999999 -2.636200000000001, -58.83839999999999 -2.636200000000001, -58.83839999999999 -2.6363000000000008))"
2024,CORTE SELETIVO,C60L63,"POLYGON ((-58.93849999999999 -2.609300000000001, -58.938599999999994 -2.609300000000001, -58.938599999999994 -2.609200000000001, -58.93849999999999 -2.609200000000001, -58.93849999999999 -2.609300000000001))"
2024,CORTE SELETIVO,C60L63,"POLYGON ((-58.92499999999999 -2.603400000000001, -58.92479999999999 -2.603400000000001, -58.92479999999999 -2.603500000000001, -58.924899999999994 -2.603500000000001, -58.924899999999994 -2.603800000000001, -58.92499999999999 -2.603800000000001, -58.92499999999999 -2.603400000000001))"
2024,CORTE SELETIVO,C60L63,"POLYGON ((-58.92399999999999 -2.592400000000001, -58.924099999999996 -2.592400000000001, -58.924099999999996 -2.5923000000000007, -58.92399999999999 -2.5923000000000007, -58.92399999999999 -2.592400000000001))"
2024,CORTE SELETIVO,C60L63,"POLYGON ((-58.851299999999995 -2.553500000000001, -58.85139999999999 -2.553500000000001, -58.85139999999999 -2.553400000000001, -58.851299999999995 -2.553400000000001, -58.851299999999995 -2.553500000000001))"
2024,CORTE SELETIVO,C60L63,"POLYGON ((-58.875499999999995 -2.534300000000001, -58.875699999999995 -2.534300000000001, -58.875699999999995 -2.5342000000000007, -58.875499999999995 -2.5342000000000007, -58.875499999999995 -2.534300000000001))"
2024,CORTE SELETIVO,C60L63,"POLYGON ((-58.882099999999994 -2.519000000000001, -58.882099999999994 -2.519100000000001, -58.88219999999999 -2.519100000000001, -58.88219999999999 -2.519000000000001, -58.882099999999994 -2.519000000000001))"
2024,CORTE SELETIVO,C60L63,"POLYGON ((-58.83959999999999 -2.518400000000001, -58.83969999999999 -2.518400000000001, -58.83969999999999 -2.518300000000001, -58.83959999999999 -2.518300000000001, -58.83959999999999 -2.518400000000001))"
2024,CORTE SELETIVO,C60L63,"POLYGON ((-58.84119999999999 -2.506400000000001, -58.84129999999999 -2.506400000000001, -58.84129999999999 -2.506300000000001, -58.84119999999999 -2.506300000000001, -58.84119999999999 -2.506400000000001))"
2024,CORTE SELETIVO,C60L63,"POLYGON ((-58.93679999999999 -2.500800000000001, -58.936899999999994 -2.500800000000001, -58.936899999999994 -2.500700000000001, -58.93679999999999 -2.500700000000001, -58.93679999999999 -2.500800000000001))"
2024,CORTE SELETIVO,C60L63,"POLYGON ((-58.762299999999996 -2.734400000000001, -58.76239999999999 -2.734400000000001, -58.76239999999999 -2.734300000000001, -58.76209999999999 -2.734300000000001, -58.76209999999999 -2.734400000000001, -58.76219999999999 -2.734400000000001, -58.76219999999999 -2.734500000000001, -58.762299999999996 -2.734500000000001, -58.762299999999996 -2.734400000000001))"
2024,CORTE SELETIVO,C60L63,"POLYGON ((-58.75339999999999 -2.627600000000001, -58.753499999999995 -2.627600000000001, -58.753499999999995 -2.627500000000001, -58.75339999999999 -2.627500000000001, -58.75339999999999 -2.627600000000001))"
2024,CORTE SELETIVO,C60L63,"POLYGON ((-58.76749999999999 -2.564900000000001, -58.767599999999995 -2.564900000000001, -58.767599999999995 -2.564800000000001, -58.76749999999999 -2.564800000000001, -58.76749999999999 -2.564900000000001))"
2024,CORTE SELETIVO,C60L63,"POLYGON ((-58.76769999999999 -2.564800000000001, -58.76769999999999 -2.564900000000001, -58.767799999999994 -2.564900000000001, -58.767799999999994 -2.564800000000001, -58.76769999999999 -2.564800000000001))"
2024,CORTE SELETIVO,C60L63,"POLYGON ((-58.767399999999995 -2.564800000000001, -58.76749999999999 -2.564800000000001, -58.76749999999999 -2.564700000000001, -58.767399999999995 -2.564700000000001, -58.767399999999995 -2.564800000000001))"
2024,CORTE SELETIVO,C60L63,"POLYGON ((-58.767599999999995 -2.564800000000001, -58.76769999999999 -2.564800000000001, -58.76769999999999 -2.564700000000001, -58.767599999999995 -2.564700000000001, -58.767599999999995 -2.564800000000001))"
2024,CORTE SELETIVO,C60L63,"POLYGON ((-58.816599999999994 -2.543300000000001, -58.81669999999999 -2.543300000000001, -58.81669999999999 -2.543200000000001, -58.816599999999994 -2.543200000000001, -58.816599999999994 -2.543300000000001))"
2024,CORTE SELETIVO,C60L63,"POLYGON ((-58.823699999999995 -2.5374000000000008, -58.82379999999999 -2.5374000000000008, -58.82379999999999 -2.537200000000001, -58.823699999999995 -2.537200000000001, -58.823699999999995 -2.5374000000000008))"
2024,CORTE SELETIVO,C60L63,"POLYGON ((-58.833999999999996 -2.5363000000000007, -58.83409999999999 -2.5363000000000007, -58.83409999999999 -2.536200000000001, -58.833999999999996 -2.536200000000001, -58.833999999999996 -2.5363000000000007))"
2024,CORTE SELETIVO,C60L63,"POLYGON ((-58.83169999999999 -2.518800000000001, -58.83149999999999 -2.518800000000001, -58.83149999999999 -2.519000000000001, -58.831599999999995 -2.519000000000001, -58.831599999999995 -2.518900000000001, -58.83169999999999 -2.518900000000001, -58.83169999999999 -2.518800000000001))"
2024,CORTE SELETIVO,C60L63,"POLYGON ((-58.83059999999999 -2.517900000000001, -58.83059999999999 -2.5180000000000007, -58.83069999999999 -2.5180000000000007, -58.83069999999999 -2.517900000000001, -58.83059999999999 -2.517900000000001))"
2024,CORTE SELETIVO,C60L63,"POLYGON ((-58.83749999999999 -2.512700000000001, -58.83769999999999 -2.512700000000001, -58.83769999999999 -2.512600000000001, -58.83749999999999 -2.512600000000001, -58.83749999999999 -2.512700000000001))"
2024,CORTE SELETIVO,C60L63,"POLYGON ((-58.833999999999996 -2.512600000000001, -58.83409999999999 -2.512600000000001, -58.83409999999999 -2.512500000000001, -58.833999999999996 -2.512500000000001, -58.833999999999996 -2.512600000000001))"
2024,CORTE SELETIVO,C60L63,"POLYGON ((-58.816199999999995 -2.5079000000000007, -58.816399999999994 -2.5079000000000007, -58.816399999999994 -2.507800000000001, -58.816199999999995 -2.507800000000001, -58.816199999999995 -2.5079000000000007))"
2024,CORTE SELETIVO,C60L63,"POLYGON ((-58.816399999999994 -2.507800000000001, -58.81649999999999 -2.507800000000001, -58.81649999999999 -2.5077000000000007, -58.816399999999994 -2.5077000000000007, -58.816399999999994 -2.507800000000001))"
2024,CORTE SELETIVO,C60L63,"POLYGON ((-58.81799999999999 -2.505300000000001, -58.818099999999994 -2.505300000000001, -58.818099999999994 -2.5052000000000008, -58.81799999999999 -2.5052000000000008, -58.81799999999999 -2.505300000000001))"
2024,CORTE SELETIVO,C60L63,"POLYGON ((-58.77419999999999 -2.500700000000001, -58.77429999999999 -2.500700000000001, -58.77429999999999 -2.500600000000001, -58.77419999999999 -2.500600000000001, -58.77419999999999 -2.500700000000001))"
2024,CORTE SELETIVO,C60L63,"POLYGON ((-58.819199999999995 -2.532500000000001, -58.81909999999999 -2.532500000000001, -58.81909999999999 -2.532600000000001, -58.819199999999995 -2.532600000000001, -58.819199999999995 -2.532500000000001))"
2024,CORTE SELETIVO,C60L63,"POLYGON ((-58.77009999999999 -2.514700000000001, -58.769999999999996 -2.514700000000001, -58.769999999999996 -2.514800000000001, -58.77009999999999 -2.514800000000001, -58.77009999999999 -2.514700000000001))"
2024,CORTE SELETIVO,C60L63,"POLYGON ((-58.96059999999999 -2.687900000000001, -58.96059999999999 -2.688000000000001, -58.960699999999996 -2.688000000000001, -58.960699999999996 -2.687900000000001, -58.96059999999999 -2.687900000000001))"
2024,CORTE SELETIVO,C60L63,"POLYGON ((-58.95499999999999 -2.609700000000001, -58.95499999999999 -2.609800000000001, -58.955099999999995 -2.609800000000001, -58.955099999999995 -2.609700000000001, -58.95499999999999 -2.609700000000001))"
2024,CORTE SELETIVO,C60L63,"POLYGON ((-58.96909999999999 -2.570700000000001, -58.968999999999994 -2.570700000000001, -58.968999999999994 -2.570800000000001, -58.96909999999999 -2.570800000000001, -58.96909999999999 -2.570700000000001))"
2024,CORTE SELETIVO,C60L63,"POLYGON ((-58.88219999999999 -2.518900000000001, -58.882099999999994 -2.518900000000001, -58.882099999999994 -2.519000000000001, -58.88219999999999 -2.519000000000001, -58.88219999999999 -2.518900000000001))"
2024,CORTE SELETIVO,C60L63,"POLYGON ((-58.85039999999999 -2.551600000000001, -58.85029999999999 -2.551600000000001, -58.85029999999999 -2.5517000000000007, -58.85039999999999 -2.5517000000000007, -58.85039999999999 -2.551600000000001))"
2024,CORTE SELETIVO,C60L63,"POLYGON ((-58.91349999999999 -2.7478000000000007, -58.913399999999996 -2.7478000000000007, -58.913399999999996 -2.747900000000001, -58.91349999999999 -2.747900000000001, -58.91349999999999 -2.7478000000000007))"
2024,CORTE SELETIVO,C60L63,"POLYGON ((-58.913399999999996 -2.7478000000000007, -58.91329999999999 -2.7478000000000007, -58.91329999999999 -2.747900000000001, -58.913399999999996 -2.747900000000001, -58.913399999999996 -2.7478000000000007))"
2024,CORTE SELETIVO,C60L63,"POLYGON ((-58.95419999999999 -2.6788000000000007, -58.954299999999996 -2.6788000000000007, -58.954299999999996 -2.678700000000001, -58.95419999999999 -2.678700000000001, -58.95419999999999 -2.6788000000000007))"
2024,CORTE SELETIVO,C60L63,"POLYGON ((-58.969699999999996 -2.667400000000001, -58.96979999999999 -2.667400000000001, -58.96979999999999 -2.667300000000001, -58.969699999999996 -2.667300000000001, -58.969699999999996 -2.667400000000001))"
2024,CORTE SELETIVO,C60L63,"POLYGON ((-58.96479999999999 -2.6632000000000007, -58.96489999999999 -2.6632000000000007, -58.96489999999999 -2.663100000000001, -58.96479999999999 -2.663100000000001, -58.96479999999999 -2.6632000000000007))"
2024,CORTE SELETIVO,C60L63,"POLYGON ((-58.964499999999994 -2.6628000000000007, -58.96459999999999 -2.6628000000000007, -58.96459999999999 -2.662700000000001, -58.964499999999994 -2.662700000000001, -58.964499999999994 -2.6628000000000007))"
2024,CORTE SELETIVO,C60L63,"POLYGON ((-58.96459999999999 -2.662700000000001, -58.96469999999999 -2.662700000000001, -58.96469999999999 -2.6626000000000007, -58.96459999999999 -2.6626000000000007, -58.96459999999999 -2.662700000000001))"
2024,CORTE SELETIVO,C60L63,"POLYGON ((-58.97939999999999 -2.660200000000001, -58.979499999999994 -2.660200000000001, -58.979499999999994 -2.660100000000001, -58.97939999999999 -2.660100000000001, -58.97939999999999 -2.660200000000001))"
2024,CORTE SELETIVO,C60L63,"POLYGON ((-58.960899999999995 -2.657300000000001, -58.961099999999995 -2.657300000000001, -58.961099999999995 -2.657200000000001, -58.960899999999995 -2.657200000000001, -58.960899999999995 -2.657300000000001))"
2024,CORTE SELETIVO,C60L63,"POLYGON ((-58.95389999999999 -2.653800000000001, -58.95399999999999 -2.653800000000001, -58.95399999999999 -2.653700000000001, -58.95389999999999 -2.653700000000001, -58.95389999999999 -2.653800000000001))"
2024,CORTE SELETIVO,C60L63,"POLYGON ((-58.96699999999999 -2.651600000000001, -58.967099999999995 -2.651600000000001, -58.967099999999995 -2.651500000000001, -58.96699999999999 -2.651500000000001, -58.96699999999999 -2.651600000000001))"
2024,CORTE SELETIVO,C60L63,"POLYGON ((-58.97429999999999 -2.650100000000001, -58.974599999999995 -2.650100000000001, -58.974599999999995 -2.650000000000001, -58.97429999999999 -2.650000000000001, -58.97429999999999 -2.650100000000001))"
2024,CORTE SELETIVO,C60L63,"POLYGON ((-58.95409999999999 -2.6142000000000007, -58.95419999999999 -2.6142000000000007, -58.95419999999999 -2.614100000000001, -58.95409999999999 -2.614100000000001, -58.95409999999999 -2.6142000000000007))"
2024,CORTE SELETIVO,C60L63,"POLYGON ((-58.967699999999994 -2.6142000000000007, -58.96779999999999 -2.6142000000000007, -58.96779999999999 -2.6140000000000008, -58.967699999999994 -2.6140000000000008, -58.967699999999994 -2.613900000000001, -58.96759999999999 -2.613900000000001, -58.96759999999999 -2.6140000000000008, -58.967499999999994 -2.6140000000000008, -58.967499999999994 -2.614100000000001, -58.967699999999994 -2.614100000000001, -58.967699999999994 -2.6142000000000007))"
2024,CORTE SELETIVO,C60L63,"POLYGON ((-58.968999999999994 -2.597900000000001, -58.96909999999999 -2.597900000000001, -58.96909999999999 -2.597700000000001, -58.968999999999994 -2.597700000000001, -58.968999999999994 -2.597900000000001))"
2024,CORTE SELETIVO,C60L63,"POLYGON ((-58.96889999999999 -2.597700000000001, -58.968999999999994 -2.597700000000001, -58.968999999999994 -2.597600000000001, -58.96889999999999 -2.597600000000001, -58.96889999999999 -2.597700000000001))"
2024,CORTE SELETIVO,C60L63,"POLYGON ((-58.962199999999996 -2.597300000000001, -58.96209999999999 -2.597300000000001, -58.96209999999999 -2.597500000000001, -58.962399999999995 -2.597500000000001, -58.962399999999995 -2.597400000000001, -58.962199999999996 -2.597400000000001, -58.962199999999996 -2.597300000000001))"
2024,CORTE SELETIVO,C60L63,"POLYGON ((-58.96439999999999 -2.595200000000001, -58.964499999999994 -2.595200000000001, -58.964499999999994 -2.595100000000001, -58.96439999999999 -2.595100000000001, -58.96439999999999 -2.595200000000001))"
2024,CORTE SELETIVO,C60L63,"POLYGON ((-58.961099999999995 -2.595200000000001, -58.96119999999999 -2.595200000000001, -58.96119999999999 -2.595100000000001, -58.961099999999995 -2.595100000000001, -58.961099999999995 -2.595200000000001))"
2024,CORTE SELETIVO,C60L63,"POLYGON ((-58.97979999999999 -2.590700000000001, -58.979899999999994 -2.590700000000001, -58.979899999999994 -2.5906000000000007, -58.97979999999999 -2.5906000000000007, -58.97979999999999 -2.590700000000001))"
2024,CORTE SELETIVO,C60L63,"POLYGON ((-58.979899999999994 -2.5906000000000007, -58.97999999999999 -2.5906000000000007, -58.97999999999999 -2.5904000000000007, -58.979899999999994 -2.5904000000000007, -58.979899999999994 -2.5906000000000007))"
2024,CORTE SELETIVO,C60L63,"POLYGON ((-58.96889999999999 -2.570500000000001, -58.968999999999994 -2.570500000000001, -58.968999999999994 -2.5704000000000007, -58.96889999999999 -2.5704000000000007, -58.96889999999999 -2.570500000000001))"
2024,CORTE SELETIVO,C60L63,"POLYGON ((-58.96909999999999 -2.570300000000001, -58.969199999999994 -2.570300000000001, -58.969199999999994 -2.5702000000000007, -58.96909999999999 -2.5702000000000007, -58.96909999999999 -2.570300000000001))"
2024,CORTE SELETIVO,C60L63,"POLYGON ((-58.96929999999999 -2.5704000000000007, -58.96939999999999 -2.5704000000000007, -58.96939999999999 -2.570100000000001, -58.96929999999999 -2.570100000000001, -58.96929999999999 -2.5704000000000007))"
2024,CORTE SELETIVO,C60L63,"POLYGON ((-58.996399999999994 -2.517000000000001, -58.99649999999999 -2.517000000000001, -58.99649999999999 -2.516900000000001, -58.996399999999994 -2.516900000000001, -58.996399999999994 -2.517000000000001))"
2024,CORTE SELETIVO,C60L63,"POLYGON ((-58.91109999999999 -2.748300000000001, -58.911199999999994 -2.748300000000001, -58.911199999999994 -2.748200000000001, -58.91109999999999 -2.748200000000001, -58.91109999999999 -2.748300000000001))"
2024,CORTE SELETIVO,C60L63,"POLYGON ((-58.913399999999996 -2.748000000000001, -58.91349999999999 -2.748000000000001, -58.91349999999999 -2.747900000000001, -58.913399999999996 -2.747900000000001, -58.913399999999996 -2.748000000000001))"
2024,CORTE SELETIVO,C60L63,"POLYGON ((-58.91349999999999 -2.746400000000001, -58.913599999999995 -2.746400000000001, -58.913599999999995 -2.746300000000001, -58.91349999999999 -2.746300000000001, -58.91349999999999 -2.746400000000001))"
2024,CORTE SELETIVO,C60L63,"POLYGON ((-58.85649999999999 -2.706900000000001, -58.85659999999999 -2.706900000000001, -58.85659999999999 -2.7068000000000008, -58.85649999999999 -2.7068000000000008, -58.85649999999999 -2.706900000000001))"
2024,CORTE SELETIVO,C60L63,"POLYGON ((-58.922999999999995 -2.698000000000001, -58.92329999999999 -2.698000000000001, -58.92329999999999 -2.697900000000001, -58.922999999999995 -2.697900000000001, -58.922999999999995 -2.698000000000001))"
2024,CORTE SELETIVO,C60L63,"POLYGON ((-58.885099999999994 -2.6849000000000007, -58.88519999999999 -2.6849000000000007, -58.88519999999999 -2.684800000000001, -58.885099999999994 -2.684800000000001, -58.885099999999994 -2.6849000000000007))"
2024,CORTE SELETIVO,C60L63,"POLYGON ((-58.94409999999999 -2.6712000000000007, -58.944199999999995 -2.6712000000000007, -58.944199999999995 -2.6710000000000007, -58.94409999999999 -2.6710000000000007, -58.94409999999999 -2.6712000000000007))"
2024,CORTE SELETIVO,C60L63,"POLYGON ((-58.94839999999999 -2.670000000000001, -58.948499999999996 -2.670000000000001, -58.948499999999996 -2.669900000000001, -58.94839999999999 -2.669900000000001, -58.94839999999999 -2.670000000000001))"
2024,CORTE SELETIVO,C60L63,"POLYGON ((-58.942699999999995 -2.668000000000001, -58.942699999999995 -2.668200000000001, -58.94279999999999 -2.668200000000001, -58.94279999999999 -2.668100000000001, -58.942899999999995 -2.668100000000001, -58.942899999999995 -2.668000000000001, -58.942699999999995 -2.668000000000001))"
2024,CORTE SELETIVO,C60L63,"POLYGON ((-58.953599999999994 -2.617200000000001, -58.953599999999994 -2.617100000000001, -58.95349999999999 -2.617100000000001, -58.95349999999999 -2.617200000000001, -58.953599999999994 -2.617200000000001))"
2024,CORTE SELETIVO,C60L63,"POLYGON ((-58.94279999999999 -2.599800000000001, -58.942899999999995 -2.599800000000001, -58.942899999999995 -2.599700000000001, -58.94279999999999 -2.599700000000001, -58.94279999999999 -2.599800000000001))"
2024,CORTE SELETIVO,C60L63,"POLYGON ((-58.84759999999999 -2.597200000000001, -58.847699999999996 -2.597200000000001, -58.847699999999996 -2.597100000000001, -58.84759999999999 -2.597100000000001, -58.84759999999999 -2.597200000000001))"
2024,CORTE SELETIVO,C60L63,"POLYGON ((-58.84749999999999 -2.597000000000001, -58.84759999999999 -2.597000000000001, -58.84759999999999 -2.596900000000001, -58.84749999999999 -2.596900000000001, -58.84749999999999 -2.597000000000001))"
2024,CORTE SELETIVO,C60L63,"POLYGON ((-58.94349999999999 -2.5866000000000007, -58.94359999999999 -2.5866000000000007, -58.94359999999999 -2.586500000000001, -58.94349999999999 -2.586500000000001, -58.94349999999999 -2.5866000000000007))"
2024,CORTE SELETIVO,C60L63,"POLYGON ((-58.842699999999994 -2.5620000000000007, -58.84279999999999 -2.5620000000000007, -58.84279999999999 -2.561900000000001, -58.842699999999994 -2.561900000000001, -58.842699999999994 -2.5620000000000007))"
2024,CORTE SELETIVO,C60L63,"POLYGON ((-58.852599999999995 -2.534900000000001, -58.85269999999999 -2.534900000000001, -58.85269999999999 -2.534600000000001, -58.85229999999999 -2.534600000000001, -58.85229999999999 -2.534700000000001, -58.852399999999996 -2.534700000000001, -58.852399999999996 -2.534800000000001, -58.852599999999995 -2.534800000000001, -58.852599999999995 -2.534900000000001))"
2024,CORTE SELETIVO,C60L63,"POLYGON ((-58.87449999999999 -2.521900000000001, -58.874599999999994 -2.521900000000001, -58.874599999999994 -2.5218000000000007, -58.87449999999999 -2.5218000000000007, -58.87449999999999 -2.521900000000001))"
2024,CORTE SELETIVO,C60L63,"POLYGON ((-58.874599999999994 -2.5218000000000007, -58.87469999999999 -2.5218000000000007, -58.87469999999999 -2.521700000000001, -58.874599999999994 -2.521700000000001, -58.874599999999994 -2.5218000000000007))"
2024,CORTE SELETIVO,C60L63,"POLYGON ((-58.882099999999994 -2.519200000000001, -58.88219999999999 -2.519200000000001, -58.88219999999999 -2.519100000000001, -58.882099999999994 -2.519100000000001, -58.882099999999994 -2.519200000000001))"
2024,CORTE SELETIVO,C60L63,"POLYGON ((-58.86249999999999 -2.512300000000001, -58.86259999999999 -2.512300000000001, -58.86259999999999 -2.512100000000001, -58.86249999999999 -2.512100000000001, -58.86249999999999 -2.512300000000001))"
2024,CORTE SELETIVO,C60L63,"POLYGON ((-58.86409999999999 -2.509500000000001, -58.86419999999999 -2.509500000000001, -58.86419999999999 -2.5096000000000007, -58.86429999999999 -2.5096000000000007, -58.86429999999999 -2.5094000000000007, -58.86419999999999 -2.5094000000000007, -58.86419999999999 -2.509300000000001, -58.864399999999996 -2.509300000000001, -58.864399999999996 -2.5092000000000008, -58.86429999999999 -2.5092000000000008, -58.86429999999999 -2.509100000000001, -58.86419999999999 -2.509100000000001, -58.86419999999999 -2.5092000000000008, -58.86399999999999 -2.5092000000000008, -58.86399999999999 -2.5094000000000007, -58.86409999999999 -2.5094000000000007, -58.86409999999999 -2.509500000000001))"
2024,CORTE SELETIVO,C60L63,"POLYGON ((-58.93489999999999 -2.508500000000001, -58.934999999999995 -2.508500000000001, -58.934999999999995 -2.508400000000001, -58.93489999999999 -2.508400000000001, -58.93489999999999 -2.508500000000001))"
2024,CORTE SELETIVO,C60L63,"POLYGON ((-58.93809999999999 -2.501500000000001, -58.938199999999995 -2.501500000000001, -58.938199999999995 -2.5014000000000007, -58.93809999999999 -2.5014000000000007, -58.93809999999999 -2.501500000000001))"
2024,CORTE SELETIVO,C60L63,"POLYGON ((-58.762499999999996 -2.734400000000001, -58.76259999999999 -2.734400000000001, -58.76259999999999 -2.734300000000001, -58.762499999999996 -2.734300000000001, -58.762499999999996 -2.734400000000001))"
2024,CORTE SELETIVO,C60L63,"POLYGON ((-58.80799999999999 -2.594100000000001, -58.808099999999996 -2.594100000000001, -58.808099999999996 -2.593900000000001, -58.80799999999999 -2.593900000000001, -58.80799999999999 -2.594100000000001))"
2024,CORTE SELETIVO,C60L63,"POLYGON ((-58.80819999999999 -2.593900000000001, -58.80819999999999 -2.5938000000000008, -58.808099999999996 -2.5938000000000008, -58.808099999999996 -2.593900000000001, -58.80819999999999 -2.593900000000001))"
2024,CORTE SELETIVO,C60L63,"POLYGON ((-58.78779999999999 -2.586700000000001, -58.78779999999999 -2.5866000000000007, -58.787699999999994 -2.5866000000000007, -58.787699999999994 -2.586700000000001, -58.78779999999999 -2.586700000000001))"
2024,CORTE SELETIVO,C60L63,"POLYGON ((-58.82869999999999 -2.582500000000001, -58.828799999999994 -2.582500000000001, -58.828799999999994 -2.5824000000000007, -58.82869999999999 -2.5824000000000007, -58.82869999999999 -2.582500000000001))"
2024,CORTE SELETIVO,C60L63,"POLYGON ((-58.787499999999994 -2.579800000000001, -58.78759999999999 -2.579800000000001, -58.78759999999999 -2.5797000000000008, -58.787499999999994 -2.5797000000000008, -58.787499999999994 -2.579800000000001))"
2024,CORTE SELETIVO,C60L63,"POLYGON ((-58.819199999999995 -2.5681000000000007, -58.81929999999999 -2.5681000000000007, -58.81929999999999 -2.568000000000001, -58.819199999999995 -2.568000000000001, -58.819199999999995 -2.5681000000000007))"
2024,CORTE SELETIVO,C60L63,"POLYGON ((-58.810399999999994 -2.5681000000000007, -58.81049999999999 -2.5681000000000007, -58.81049999999999 -2.568000000000001, -58.810399999999994 -2.568000000000001, -58.810399999999994 -2.5681000000000007))"
2024,CORTE SELETIVO,C60L63,"POLYGON ((-58.76749999999999 -2.565000000000001, -58.767799999999994 -2.565000000000001, -58.767799999999994 -2.564900000000001, -58.76749999999999 -2.564900000000001, -58.76749999999999 -2.565000000000001))"
2024,CORTE SELETIVO,C60L63,"POLYGON ((-58.76769999999999 -2.564800000000001, -58.767799999999994 -2.564800000000001, -58.767799999999994 -2.564700000000001, -58.76769999999999 -2.564700000000001, -58.76769999999999 -2.564800000000001))"
2024,CORTE SELETIVO,C60L63,"POLYGON ((-58.84259999999999 -2.562100000000001, -58.842699999999994 -2.562100000000001, -58.842699999999994 -2.5620000000000007, -58.84259999999999 -2.5620000000000007, -58.84259999999999 -2.562100000000001))"
2024,CORTE SELETIVO,C60L63,"POLYGON ((-58.842499999999994 -2.5620000000000007, -58.84259999999999 -2.5620000000000007, -58.84259999999999 -2.561500000000001, -58.842499999999994 -2.561500000000001, -58.842499999999994 -2.561700000000001, -58.84239999999999 -2.561700000000001, -58.84239999999999 -2.561900000000001, -58.842499999999994 -2.561900000000001, -58.842499999999994 -2.5620000000000007))"
2024,CORTE SELETIVO,C60L63,"POLYGON ((-58.81589999999999 -2.542700000000001, -58.815999999999995 -2.542700000000001, -58.815999999999995 -2.542500000000001, -58.81589999999999 -2.542500000000001, -58.81589999999999 -2.542700000000001))"
2024,CORTE SELETIVO,C60L63,"POLYGON ((-58.81529999999999 -2.534700000000001, -58.815599999999996 -2.534700000000001, -58.815599999999996 -2.534600000000001, -58.81529999999999 -2.534600000000001, -58.81529999999999 -2.534700000000001))"
2024,CORTE SELETIVO,C60L63,"POLYGON ((-58.815599999999996 -2.534600000000001, -58.81569999999999 -2.534600000000001, -58.81569999999999 -2.534500000000001, -58.815599999999996 -2.534500000000001, -58.815599999999996 -2.534600000000001))"
2024,CORTE SELETIVO,C60L63,"POLYGON ((-58.823899999999995 -2.5273000000000008, -58.824099999999994 -2.5273000000000008, -58.824099999999994 -2.527200000000001, -58.823899999999995 -2.527200000000001, -58.823899999999995 -2.5273000000000008))"
2024,CORTE SELETIVO,C60L63,"POLYGON ((-58.835499999999996 -2.522300000000001, -58.83559999999999 -2.522300000000001, -58.83559999999999 -2.522200000000001, -58.835499999999996 -2.522200000000001, -58.835499999999996 -2.522300000000001))"
2024,CORTE SELETIVO,C60L63,"POLYGON ((-58.83149999999999 -2.519100000000001, -58.83169999999999 -2.519100000000001, -58.83169999999999 -2.519000000000001, -58.83149999999999 -2.519000000000001, -58.83149999999999 -2.519100000000001))"
2024,CORTE SELETIVO,C60L63,"POLYGON ((-58.83059999999999 -2.518100000000001, -58.83069999999999 -2.518100000000001, -58.83069999999999 -2.5180000000000007, -58.83059999999999 -2.5180000000000007, -58.83059999999999 -2.518100000000001))"
2024,CORTE SELETIVO,C60L63,"POLYGON ((-58.816399999999994 -2.507800000000001, -58.816399999999994 -2.5077000000000007, -58.81629999999999 -2.5077000000000007, -58.81629999999999 -2.507800000000001, -58.816399999999994 -2.507800000000001))"
2024,CORTE SELETIVO,C60L63,"POLYGON ((-58.81649999999999 -2.5077000000000007, -58.81649999999999 -2.507600000000001, -58.816399999999994 -2.507600000000001, -58.816399999999994 -2.5077000000000007, -58.81649999999999 -2.5077000000000007))"
2024,CORTE SELETIVO,C60L63,"POLYGON ((-58.814099999999996 -2.621400000000001, -58.81399999999999 -2.621400000000001, -58.81399999999999 -2.621500000000001, -58.814099999999996 -2.621500000000001, -58.814099999999996 -2.621400000000001))"
2024,CORTE SELETIVO,C60L63,"POLYGON ((-58.913399999999996 -2.748700000000001, -58.91349999999999 -2.748700000000001, -58.91349999999999 -2.748600000000001, -58.913399999999996 -2.748600000000001, -58.913399999999996 -2.748700000000001))"
2024,CORTE SELETIVO,C60L63,"POLYGON ((-58.953399999999995 -2.668800000000001, -58.95349999999999 -2.668800000000001, -58.95349999999999 -2.6687000000000007, -58.953399999999995 -2.6687000000000007, -58.953399999999995 -2.668800000000001))"
2024,CORTE SELETIVO,C60L63,"POLYGON ((-58.968199999999996 -2.609900000000001, -58.96829999999999 -2.609900000000001, -58.96829999999999 -2.609800000000001, -58.968199999999996 -2.609800000000001, -58.968199999999996 -2.609900000000001))"
2024,CORTE SELETIVO,C60L63,"POLYGON ((-58.958299999999994 -2.590800000000001, -58.95839999999999 -2.590800000000001, -58.95839999999999 -2.590700000000001, -58.958299999999994 -2.590700000000001, -58.958299999999994 -2.590800000000001))"
2024,CORTE SELETIVO,C60L63,"POLYGON ((-58.81219999999999 -2.588800000000001, -58.812099999999994 -2.588800000000001, -58.812099999999994 -2.588900000000001, -58.81219999999999 -2.588900000000001, -58.81219999999999 -2.588800000000001))"
2024,CORTE SELETIVO,C60L63,"POLYGON ((-58.84499999999999 -2.570300000000001, -58.844899999999996 -2.570300000000001, -58.844899999999996 -2.5704000000000007, -58.84499999999999 -2.5704000000000007, -58.84499999999999 -2.570300000000001))"
2024,CORTE SELETIVO,C60L63,"POLYGON ((-58.82509999999999 -2.513900000000001, -58.824999999999996 -2.513900000000001, -58.824999999999996 -2.5140000000000007, -58.82509999999999 -2.5140000000000007, -58.82509999999999 -2.513900000000001))"
2024,CORTE SELETIVO,C60L63,"POLYGON ((-58.83409999999999 -2.514700000000001, -58.833999999999996 -2.514700000000001, -58.833999999999996 -2.514800000000001, -58.83409999999999 -2.514800000000001, -58.83409999999999 -2.514700000000001))"
2024,CORTE SELETIVO,C60L63,"POLYGON ((-58.939299999999996 -2.607500000000001, -58.93919999999999 -2.607500000000001, -58.93919999999999 -2.607600000000001, -58.939299999999996 -2.607600000000001, -58.939299999999996 -2.607500000000001))"
2024,CORTE SELETIVO,C60L63,"POLYGON ((-58.991299999999995 -2.679100000000001, -58.99139999999999 -2.679100000000001, -58.99139999999999 -2.6790000000000007, -58.991299999999995 -2.6790000000000007, -58.991299999999995 -2.679100000000001))"
2024,CORTE SELETIVO,C60L63,"POLYGON ((-58.95419999999999 -2.678500000000001, -58.95439999999999 -2.678500000000001, -58.95439999999999 -2.678400000000001, -58.95419999999999 -2.678400000000001, -58.95419999999999 -2.678500000000001))"
2024,CORTE SELETIVO,C60L63,"POLYGON ((-58.94539999999999 -2.672800000000001, -58.945499999999996 -2.672800000000001, -58.945499999999996 -2.6727000000000007, -58.94539999999999 -2.6727000000000007, -58.94539999999999 -2.672800000000001))"
2024,CORTE SELETIVO,C60L63,"POLYGON ((-58.97809999999999 -2.671700000000001, -58.978199999999994 -2.671700000000001, -58.978199999999994 -2.671600000000001, -58.97809999999999 -2.671600000000001, -58.97809999999999 -2.671700000000001))"
2024,CORTE SELETIVO,C60L63,"POLYGON ((-58.952299999999994 -2.6687000000000007, -58.95239999999999 -2.6687000000000007, -58.95239999999999 -2.668600000000001, -58.952299999999994 -2.668600000000001, -58.952299999999994 -2.6687000000000007))"
2024,CORTE SELETIVO,C60L63,"POLYGON ((-58.96249999999999 -2.6186000000000007, -58.96229999999999 -2.6186000000000007, -58.96229999999999 -2.618700000000001, -58.962199999999996 -2.618700000000001, -58.962199999999996 -2.6188000000000007, -58.96249999999999 -2.6188000000000007, -58.96249999999999 -2.6186000000000007))"
2024,CORTE SELETIVO,C60L63,"POLYGON ((-58.95369999999999 -2.617200000000001, -58.953799999999994 -2.617200000000001, -58.953799999999994 -2.617100000000001, -58.95369999999999 -2.617100000000001, -58.95369999999999 -2.617200000000001))"
2024,CORTE SELETIVO,C60L63,"POLYGON ((-58.953599999999994 -2.617100000000001, -58.95369999999999 -2.617100000000001, -58.95369999999999 -2.616900000000001, -58.953599999999994 -2.616900000000001, -58.953599999999994 -2.617100000000001))"
2024,CORTE SELETIVO,C60L63,"POLYGON ((-58.96209999999999 -2.599300000000001, -58.962199999999996 -2.599300000000001, -58.962199999999996 -2.599400000000001, -58.96229999999999 -2.599400000000001, -58.96229999999999 -2.599300000000001, -58.962399999999995 -2.599300000000001, -58.962399999999995 -2.599100000000001, -58.96249999999999 -2.599100000000001, -58.96249999999999 -2.599000000000001, -58.962399999999995 -2.599000000000001, -58.962399999999995 -2.598900000000001, -58.96229999999999 -2.598900000000001, -58.96229999999999 -2.599000000000001, -58.962199999999996 -2.599000000000001, -58.962199999999996 -2.599200000000001, -58.96209999999999 -2.599200000000001, -58.96209999999999 -2.599300000000001))"
2024,CORTE SELETIVO,C60L63,"POLYGON ((-58.96889999999999 -2.597600000000001, -58.968799999999995 -2.597600000000001, -58.968799999999995 -2.597700000000001, -58.96869999999999 -2.597700000000001, -58.96869999999999 -2.5978000000000008, -58.96889999999999 -2.5978000000000008, -58.96889999999999 -2.597600000000001))"
2024,CORTE SELETIVO,C60L63,"POLYGON ((-58.962399999999995 -2.597700000000001, -58.96249999999999 -2.597700000000001, -58.96249999999999 -2.597600000000001, -58.962399999999995 -2.597600000000001, -58.962399999999995 -2.597700000000001))"
2024,CORTE SELETIVO,C60L63,"POLYGON ((-58.970099999999995 -2.597500000000001, -58.97019999999999 -2.597500000000001, -58.97019999999999 -2.597400000000001, -58.970099999999995 -2.597400000000001, -58.970099999999995 -2.597500000000001))"
2024,CORTE SELETIVO,C60L63,"POLYGON ((-58.96209999999999 -2.597300000000001, -58.962199999999996 -2.597300000000001, -58.962199999999996 -2.597200000000001, -58.96209999999999 -2.597200000000001, -58.96209999999999 -2.597300000000001))"
2024,CORTE SELETIVO,C60L63,"POLYGON ((-58.970099999999995 -2.597200000000001, -58.97019999999999 -2.597200000000001, -58.97019999999999 -2.597100000000001, -58.970099999999995 -2.597100000000001, -58.970099999999995 -2.597200000000001))"
2024,CORTE SELETIVO,C60L63,"POLYGON ((-58.96119999999999 -2.595400000000001, -58.961299999999994 -2.595400000000001, -58.961299999999994 -2.595100000000001, -58.96119999999999 -2.595100000000001, -58.96119999999999 -2.595400000000001))"
2024,CORTE SELETIVO,C60L63,"POLYGON ((-58.953599999999994 -2.592900000000001, -58.95369999999999 -2.592900000000001, -58.95369999999999 -2.592800000000001, -58.953599999999994 -2.592800000000001, -58.953599999999994 -2.592900000000001))"
2024,CORTE SELETIVO,C60L63,"POLYGON ((-58.97999999999999 -2.5904000000000007, -58.98009999999999 -2.5904000000000007, -58.98009999999999 -2.590300000000001, -58.97999999999999 -2.590300000000001, -58.97999999999999 -2.5904000000000007))"
2024,CORTE SELETIVO,C60L63,"POLYGON ((-58.954299999999996 -2.585300000000001, -58.954499999999996 -2.585300000000001, -58.954499999999996 -2.585200000000001, -58.954299999999996 -2.585200000000001, -58.954299999999996 -2.585300000000001))"
2024,CORTE SELETIVO,C60L63,"POLYGON ((-58.95409999999999 -2.585200000000001, -58.954299999999996 -2.585200000000001, -58.954299999999996 -2.585100000000001, -58.95409999999999 -2.585100000000001, -58.95409999999999 -2.585200000000001))"
2024,CORTE SELETIVO,C60L63,"POLYGON ((-58.94519999999999 -2.5841000000000007, -58.945299999999996 -2.5841000000000007, -58.945299999999996 -2.584000000000001, -58.94519999999999 -2.584000000000001, -58.94519999999999 -2.5841000000000007))"
2024,CORTE SELETIVO,C60L63,"POLYGON ((-58.96289999999999 -2.5801000000000007, -58.962999999999994 -2.5801000000000007, -58.962999999999994 -2.580000000000001, -58.96289999999999 -2.580000000000001, -58.96289999999999 -2.5801000000000007))"
2024,CORTE SELETIVO,C60L63,"POLYGON ((-58.99009999999999 -2.524800000000001, -58.990199999999994 -2.524800000000001, -58.990199999999994 -2.524700000000001, -58.99009999999999 -2.524700000000001, -58.99009999999999 -2.524800000000001))"
2024,CORTE SELETIVO,C60L63,"POLYGON ((-58.913199999999996 -2.747900000000001, -58.91329999999999 -2.747900000000001, -58.91329999999999 -2.7478000000000007, -58.913199999999996 -2.7478000000000007, -58.913199999999996 -2.747900000000001))"
2024,CORTE SELETIVO,C60L63,"POLYGON ((-58.911199999999994 -2.747900000000001, -58.91129999999999 -2.747900000000001, -58.91129999999999 -2.747700000000001, -58.911199999999994 -2.747700000000001, -58.911199999999994 -2.747900000000001))"
2024,CORTE SELETIVO,C60L63,"POLYGON ((-58.911199999999994 -2.7476000000000007, -58.91129999999999 -2.7476000000000007, -58.91129999999999 -2.747300000000001, -58.911199999999994 -2.747300000000001, -58.911199999999994 -2.7476000000000007))"
2024,CORTE SELETIVO,C60L63,"POLYGON ((-58.91329999999999 -2.746600000000001, -58.913399999999996 -2.746600000000001, -58.913399999999996 -2.746500000000001, -58.91329999999999 -2.746500000000001, -58.91329999999999 -2.746600000000001))"
2024,CORTE SELETIVO,C60L63,"POLYGON ((-58.913399999999996 -2.746500000000001, -58.91349999999999 -2.746500000000001, -58.91349999999999 -2.746300000000001, -58.913399999999996 -2.746300000000001, -58.913399999999996 -2.746500000000001))"
2024,CORTE SELETIVO,C60L63,"POLYGON ((-58.91349999999999 -2.746300000000001, -58.913599999999995 -2.746300000000001, -58.913599999999995 -2.746200000000001, -58.91349999999999 -2.746200000000001, -58.91349999999999 -2.746300000000001))"
2024,CORTE SELETIVO,C60L63,"POLYGON ((-58.935399999999994 -2.613300000000001, -58.93549999999999 -2.613300000000001, -58.93549999999999 -2.613200000000001, -58.935399999999994 -2.613200000000001, -58.935399999999994 -2.613300000000001))"
2024,CORTE SELETIVO,C60L63,"POLYGON ((-58.933899999999994 -2.6102000000000007, -58.93399999999999 -2.6102000000000007, -58.93399999999999 -2.610100000000001, -58.933899999999994 -2.610100000000001, -58.933899999999994 -2.6102000000000007))"
2024,CORTE SELETIVO,C60L63,"POLYGON ((-58.933899999999994 -2.609900000000001, -58.93399999999999 -2.609900000000001, -58.93399999999999 -2.609800000000001, -58.933899999999994 -2.609800000000001, -58.933899999999994 -2.609900000000001))"
2024,CORTE SELETIVO,C60L63,"POLYGON ((-58.94299999999999 -2.599600000000001, -58.942899999999995 -2.599600000000001, -58.942899999999995 -2.599500000000001, -58.94279999999999 -2.599500000000001, -58.94279999999999 -2.599700000000001, -58.942899999999995 -2.599700000000001, -58.942899999999995 -2.599800000000001, -58.94299999999999 -2.599800000000001, -58.94299999999999 -2.599600000000001))"
2024,CORTE SELETIVO,C60L63,"POLYGON ((-58.92249999999999 -2.597700000000001, -58.922599999999996 -2.597700000000001, -58.922599999999996 -2.597500000000001, -58.92249999999999 -2.597500000000001, -58.92249999999999 -2.597700000000001))"
2024,CORTE SELETIVO,C60L63,"POLYGON ((-58.922599999999996 -2.597500000000001, -58.92269999999999 -2.597500000000001, -58.92269999999999 -2.597400000000001, -58.922599999999996 -2.597400000000001, -58.922599999999996 -2.597500000000001))"
2024,CORTE SELETIVO,C60L63,"POLYGON ((-58.92249999999999 -2.597400000000001, -58.922599999999996 -2.597400000000001, -58.922599999999996 -2.597300000000001, -58.92249999999999 -2.597300000000001, -58.92249999999999 -2.597400000000001))"
2024,CORTE SELETIVO,C60L63,"POLYGON ((-58.922399999999996 -2.597300000000001, -58.92249999999999 -2.597300000000001, -58.92249999999999 -2.597200000000001, -58.922399999999996 -2.597200000000001, -58.922399999999996 -2.597300000000001))"
2024,CORTE SELETIVO,C60L63,"POLYGON ((-58.922399999999996 -2.597000000000001, -58.92249999999999 -2.597000000000001, -58.92249999999999 -2.596900000000001, -58.922399999999996 -2.596900000000001, -58.922399999999996 -2.597000000000001))"
2024,CORTE SELETIVO,C60L63,"POLYGON ((-58.944599999999994 -2.596700000000001, -58.94469999999999 -2.596700000000001, -58.94469999999999 -2.596600000000001, -58.944599999999994 -2.596600000000001, -58.944599999999994 -2.596700000000001))"
2024,CORTE SELETIVO,C60L63,"POLYGON ((-58.92209999999999 -2.596600000000001, -58.92219999999999 -2.596600000000001, -58.92219999999999 -2.5965000000000007, -58.92209999999999 -2.5965000000000007, -58.92209999999999 -2.596600000000001))"
2024,CORTE SELETIVO,C60L63,"POLYGON ((-58.92479999999999 -2.593300000000001, -58.924899999999994 -2.593300000000001, -58.924899999999994 -2.593200000000001, -58.92479999999999 -2.593200000000001, -58.92479999999999 -2.593300000000001))"
2024,CORTE SELETIVO,C60L63,"POLYGON ((-58.93319999999999 -2.507400000000001, -58.93299999999999 -2.507400000000001, -58.93299999999999 -2.507200000000001, -58.93289999999999 -2.507200000000001, -58.93289999999999 -2.5073000000000008, -58.93279999999999 -2.5073000000000008, -58.93279999999999 -2.5075000000000007, -58.93319999999999 -2.5075000000000007, -58.93319999999999 -2.507400000000001))"
2024,CORTE SELETIVO,C60L63,"POLYGON ((-58.93789999999999 -2.5016000000000007, -58.937999999999995 -2.5016000000000007, -58.937999999999995 -2.5014000000000007, -58.93789999999999 -2.5014000000000007, -58.93789999999999 -2.5016000000000007))"
2024,CORTE SELETIVO,C60L63,"POLYGON ((-58.936299999999996 -2.501500000000001, -58.93639999999999 -2.501500000000001, -58.93639999999999 -2.5014000000000007, -58.936299999999996 -2.5014000000000007, -58.936299999999996 -2.501500000000001))"
2024,CORTE SELETIVO,C60L63,"POLYGON ((-58.924499999999995 -2.500300000000001, -58.92439999999999 -2.500300000000001, -58.92439999999999 -2.500400000000001, -58.924299999999995 -2.500400000000001, -58.924299999999995 -2.500600000000001, -58.924499999999995 -2.500600000000001, -58.924499999999995 -2.500300000000001))"
2024,CORTE SELETIVO,C60L63,"POLYGON ((-58.85679999999999 -2.7070000000000007, -58.856899999999996 -2.7070000000000007, -58.856899999999996 -2.706900000000001, -58.85679999999999 -2.706900000000001, -58.85679999999999 -2.7070000000000007))"
2024,CORTE SELETIVO,C60L63,"POLYGON ((-58.765299999999996 -2.666500000000001, -58.76539999999999 -2.666500000000001, -58.76539999999999 -2.6664000000000008, -58.765299999999996 -2.6664000000000008, -58.765299999999996 -2.666500000000001))"
2024,CORTE SELETIVO,C60L63,"POLYGON ((-58.81419999999999 -2.621100000000001, -58.814299999999996 -2.621100000000001, -58.814299999999996 -2.621000000000001, -58.81419999999999 -2.621000000000001, -58.81419999999999 -2.621100000000001))"
2024,CORTE SELETIVO,C60L63,"POLYGON ((-58.89359999999999 -2.6026000000000007, -58.893699999999995 -2.6026000000000007, -58.893699999999995 -2.602500000000001, -58.89359999999999 -2.602500000000001, -58.89359999999999 -2.6026000000000007))"
2024,CORTE SELETIVO,C60L63,"POLYGON ((-58.828599999999994 -2.582800000000001, -58.82869999999999 -2.582800000000001, -58.82869999999999 -2.582700000000001, -58.828599999999994 -2.582700000000001, -58.828599999999994 -2.582800000000001))"
2024,CORTE SELETIVO,C60L63,"POLYGON ((-58.79019999999999 -2.580200000000001, -58.78999999999999 -2.580200000000001, -58.78999999999999 -2.580400000000001, -58.790099999999995 -2.580400000000001, -58.790099999999995 -2.5803000000000007, -58.79019999999999 -2.5803000000000007, -58.79019999999999 -2.580200000000001))"
2024,CORTE SELETIVO,C60L63,"POLYGON ((-58.79449999999999 -2.571600000000001, -58.794599999999996 -2.571600000000001, -58.794599999999996 -2.571500000000001, -58.79449999999999 -2.571500000000001, -58.79449999999999 -2.571600000000001))"
2024,CORTE SELETIVO,C60L63,"POLYGON ((-58.76749999999999 -2.564700000000001, -58.767599999999995 -2.564700000000001, -58.767599999999995 -2.564600000000001, -58.76749999999999 -2.564600000000001, -58.76749999999999 -2.564700000000001))"
2024,CORTE SELETIVO,C60L63,"POLYGON ((-58.84279999999999 -2.5620000000000007, -58.84289999999999 -2.5620000000000007, -58.84289999999999 -2.561900000000001, -58.84279999999999 -2.561900000000001, -58.84279999999999 -2.5620000000000007))"
2024,CORTE SELETIVO,C60L63,"POLYGON ((-58.90509999999999 -2.545200000000001, -58.905199999999994 -2.545200000000001, -58.905199999999994 -2.545000000000001, -58.90509999999999 -2.545000000000001, -58.90509999999999 -2.545200000000001))"
2024,CORTE SELETIVO,C60L63,"POLYGON ((-58.816399999999994 -2.542800000000001, -58.816199999999995 -2.542800000000001, -58.816199999999995 -2.543000000000001, -58.81629999999999 -2.543000000000001, -58.81629999999999 -2.542900000000001, -58.816399999999994 -2.542900000000001, -58.816399999999994 -2.542800000000001))"
2024,CORTE SELETIVO,C60L63,"POLYGON ((-58.788199999999996 -2.533100000000001, -58.788399999999996 -2.533100000000001, -58.788399999999996 -2.533000000000001, -58.788199999999996 -2.533000000000001, -58.788199999999996 -2.533100000000001))"
2024,CORTE SELETIVO,C60L63,"POLYGON ((-58.82829999999999 -2.5321000000000007, -58.828399999999995 -2.5321000000000007, -58.828399999999995 -2.532000000000001, -58.82829999999999 -2.532000000000001, -58.82829999999999 -2.5321000000000007))"
2024,CORTE SELETIVO,C60L63,"POLYGON ((-58.82419999999999 -2.5273000000000008, -58.824299999999994 -2.5273000000000008, -58.824299999999994 -2.527200000000001, -58.82419999999999 -2.527200000000001, -58.82419999999999 -2.5273000000000008))"
2024,CORTE SELETIVO,C60L63,"POLYGON ((-58.86099999999999 -2.526600000000001, -58.86109999999999 -2.526600000000001, -58.86109999999999 -2.526500000000001, -58.86099999999999 -2.526500000000001, -58.86099999999999 -2.526600000000001))"
2024,CORTE SELETIVO,C60L63,"POLYGON ((-58.83639999999999 -2.514500000000001, -58.836499999999994 -2.514500000000001, -58.836499999999994 -2.514400000000001, -58.83639999999999 -2.514400000000001, -58.83639999999999 -2.514500000000001))"
2024,CORTE SELETIVO,C60L63,"POLYGON ((-58.86249999999999 -2.512400000000001, -58.86259999999999 -2.512400000000001, -58.86259999999999 -2.512300000000001, -58.86249999999999 -2.512300000000001, -58.86249999999999 -2.512400000000001))"
2024,CORTE SELETIVO,C60L63,"POLYGON ((-58.86409999999999 -2.5096000000000007, -58.86419999999999 -2.5096000000000007, -58.86419999999999 -2.509500000000001, -58.86409999999999 -2.509500000000001, -58.86409999999999 -2.5096000000000007))"
2024,CORTE SELETIVO,C60L63,"POLYGON ((-58.82639999999999 -2.508400000000001, -58.826499999999996 -2.508400000000001, -58.826499999999996 -2.508300000000001, -58.82639999999999 -2.508300000000001, -58.82639999999999 -2.508400000000001))"
2024,CORTE SELETIVO,C60L63,"POLYGON ((-58.79319999999999 -2.504300000000001, -58.79319999999999 -2.504200000000001, -58.793099999999995 -2.504200000000001, -58.793099999999995 -2.504300000000001, -58.79319999999999 -2.504300000000001))"
2024,CORTE SELETIVO,C60L63,"POLYGON ((-58.85039999999999 -2.502700000000001, -58.85039999999999 -2.502600000000001, -58.85029999999999 -2.502600000000001, -58.85029999999999 -2.502700000000001, -58.85039999999999 -2.502700000000001))"
2024,CORTE SELETIVO,C60L63,"POLYGON ((-58.93659999999999 -2.661600000000001, -58.936499999999995 -2.661600000000001, -58.936499999999995 -2.661700000000001, -58.93659999999999 -2.661700000000001, -58.93659999999999 -2.661600000000001))"
2024,CORTE SELETIVO,C60L63,"POLYGON ((-58.98279999999999 -2.589400000000001, -58.982699999999994 -2.589400000000001, -58.982699999999994 -2.589500000000001, -58.98279999999999 -2.589500000000001, -58.98279999999999 -2.589400000000001))"
2024,CORTE SELETIVO,C60L63,"POLYGON ((-58.96459999999999 -2.663400000000001, -58.96469999999999 -2.663400000000001, -58.96469999999999 -2.663300000000001, -58.96459999999999 -2.663300000000001, -58.96459999999999 -2.663400000000001))"
2024,CORTE SELETIVO,C60L63,"POLYGON ((-58.93639999999999 -2.612800000000001, -58.93639999999999 -2.6127000000000007, -58.936299999999996 -2.6127000000000007, -58.936299999999996 -2.612800000000001, -58.93639999999999 -2.612800000000001))"
2024,CORTE SELETIVO,C60L63,"POLYGON ((-58.85009999999999 -2.600800000000001, -58.85009999999999 -2.6007000000000007, -58.849999999999994 -2.6007000000000007, -58.849999999999994 -2.600800000000001, -58.85009999999999 -2.600800000000001))"
2024,CORTE SELETIVO,C60L63,"POLYGON ((-58.80799999999999 -2.5944000000000007, -58.80799999999999 -2.594300000000001, -58.80789999999999 -2.594300000000001, -58.80789999999999 -2.5944000000000007, -58.80799999999999 -2.5944000000000007))"
2024,CORTE SELETIVO,C60L63,"POLYGON ((-58.963499999999996 -2.5942000000000007, -58.963499999999996 -2.594100000000001, -58.96339999999999 -2.594100000000001, -58.96339999999999 -2.5942000000000007, -58.963499999999996 -2.5942000000000007))"
2024,CORTE SELETIVO,C60L63,"POLYGON ((-58.95799999999999 -2.591100000000001, -58.95799999999999 -2.591000000000001, -58.957899999999995 -2.591000000000001, -58.957899999999995 -2.591100000000001, -58.95799999999999 -2.591100000000001))"
2024,CORTE SELETIVO,C60L63,"POLYGON ((-58.965999999999994 -2.578800000000001, -58.965999999999994 -2.578700000000001, -58.96589999999999 -2.578700000000001, -58.96589999999999 -2.578800000000001, -58.965999999999994 -2.578800000000001))"
2024,CORTE SELETIVO,C60L63,"POLYGON ((-58.85439999999999 -2.530800000000001, -58.85439999999999 -2.530900000000001, -58.854499999999994 -2.530900000000001, -58.854499999999994 -2.530800000000001, -58.85439999999999 -2.530800000000001))"
2024,CORTE SELETIVO,C60L63,"POLYGON ((-58.86419999999999 -2.509900000000001, -58.86419999999999 -2.5100000000000007, -58.86429999999999 -2.5100000000000007, -58.86429999999999 -2.509900000000001, -58.86419999999999 -2.509900000000001))"
2024,CORTE SELETIVO,C60L63,"POLYGON ((-58.93659999999999 -2.661500000000001, -58.936499999999995 -2.661500000000001, -58.936499999999995 -2.661600000000001, -58.93659999999999 -2.661600000000001, -58.93659999999999 -2.661500000000001))"
2024,CORTE SELETIVO,C60L63,"POLYGON ((-58.93139999999999 -2.749900000000001, -58.93139999999999 -2.750000000000001, -58.93149999999999 -2.750000000000001, -58.93149999999999 -2.749900000000001, -58.93139999999999 -2.749900000000001))"
2024,CORTE SELETIVO,C60L63,"POLYGON ((-58.93139999999999 -2.7497000000000007, -58.93139999999999 -2.749800000000001, -58.93149999999999 -2.749800000000001, -58.93149999999999 -2.7497000000000007, -58.93139999999999 -2.7497000000000007))"
2024,CORTE SELETIVO,C60L63,"POLYGON ((-58.972899999999996 -2.679700000000001, -58.972899999999996 -2.679900000000001, -58.97299999999999 -2.679900000000001, -58.97299999999999 -2.679700000000001, -58.972899999999996 -2.679700000000001))"
2024,CORTE SELETIVO,C60L63,"POLYGON ((-58.95439999999999 -2.678300000000001, -58.95439999999999 -2.678400000000001, -58.954499999999996 -2.678400000000001, -58.954499999999996 -2.678300000000001, -58.95439999999999 -2.678300000000001))"
2024,CORTE SELETIVO,C60L63,"POLYGON ((-58.95219999999999 -2.668200000000001, -58.95219999999999 -2.668300000000001, -58.952299999999994 -2.668300000000001, -58.952299999999994 -2.668200000000001, -58.95219999999999 -2.668200000000001))"
2024,CORTE SELETIVO,C60L63,"POLYGON ((-58.93589999999999 -2.655700000000001, -58.93589999999999 -2.655800000000001, -58.93599999999999 -2.655800000000001, -58.93599999999999 -2.655700000000001, -58.93589999999999 -2.655700000000001))"
2024,CORTE SELETIVO,C60L63,"POLYGON ((-58.96809999999999 -2.653400000000001, -58.96809999999999 -2.653500000000001, -58.968199999999996 -2.653500000000001, -58.968199999999996 -2.653400000000001, -58.96809999999999 -2.653400000000001))"
2024,CORTE SELETIVO,C60L63,"POLYGON ((-58.968199999999996 -2.653400000000001, -58.96829999999999 -2.653400000000001, -58.96829999999999 -2.653200000000001, -58.968199999999996 -2.653200000000001, -58.968199999999996 -2.653400000000001))"
2024,CORTE SELETIVO,C60L63,"POLYGON ((-58.967099999999995 -2.651300000000001, -58.96719999999999 -2.651300000000001, -58.96719999999999 -2.651200000000001, -58.967099999999995 -2.651200000000001, -58.967099999999995 -2.651300000000001))"
2024,CORTE SELETIVO,C60L63,"POLYGON ((-58.968599999999995 -2.647700000000001, -58.968599999999995 -2.647500000000001, -58.96849999999999 -2.647500000000001, -58.96849999999999 -2.647600000000001, -58.96829999999999 -2.647600000000001, -58.96829999999999 -2.647700000000001, -58.968599999999995 -2.647700000000001))"
2024,CORTE SELETIVO,C60L63,"POLYGON ((-58.95389999999999 -2.613900000000001, -58.95389999999999 -2.6140000000000008, -58.95399999999999 -2.6140000000000008, -58.95399999999999 -2.613900000000001, -58.95389999999999 -2.613900000000001))"
2024,CORTE SELETIVO,C60L63,"POLYGON ((-58.933899999999994 -2.610500000000001, -58.933899999999994 -2.6106000000000007, -58.93399999999999 -2.6106000000000007, -58.93399999999999 -2.610500000000001, -58.933899999999994 -2.610500000000001))"
2024,CORTE SELETIVO,C60L63,"POLYGON ((-58.933899999999994 -2.610300000000001, -58.933899999999994 -2.6104000000000007, -58.93399999999999 -2.6104000000000007, -58.93399999999999 -2.610300000000001, -58.933899999999994 -2.610300000000001))"
2024,CORTE SELETIVO,C60L63,"POLYGON ((-58.96889999999999 -2.597700000000001, -58.96889999999999 -2.5978000000000008, -58.968999999999994 -2.5978000000000008, -58.968999999999994 -2.597700000000001, -58.96889999999999 -2.597700000000001))"
2024,CORTE SELETIVO,C60L63,"POLYGON ((-58.96909999999999 -2.597700000000001, -58.96909999999999 -2.5978000000000008, -58.969199999999994 -2.5978000000000008, -58.969199999999994 -2.597700000000001, -58.96909999999999 -2.597700000000001))"
2024,CORTE SELETIVO,C60L63,"POLYGON ((-58.96889999999999 -2.597500000000001, -58.96889999999999 -2.597600000000001, -58.968999999999994 -2.597600000000001, -58.968999999999994 -2.597500000000001, -58.96889999999999 -2.597500000000001))"
2024,CORTE SELETIVO,C60L63,"POLYGON ((-58.943799999999996 -2.5866000000000007, -58.94389999999999 -2.5866000000000007, -58.94389999999999 -2.586500000000001, -58.943799999999996 -2.586500000000001, -58.943799999999996 -2.5866000000000007))"
2024,CORTE SELETIVO,C60L63,"POLYGON ((-58.93299999999999 -2.5778000000000008, -58.933099999999996 -2.5778000000000008, -58.933099999999996 -2.577700000000001, -58.93299999999999 -2.577700000000001, -58.93299999999999 -2.5778000000000008))"
2024,CORTE SELETIVO,C60L63,"POLYGON ((-58.93099999999999 -2.7493000000000007, -58.93099999999999 -2.749400000000001, -58.931099999999994 -2.749400000000001, -58.931099999999994 -2.7493000000000007, -58.93099999999999 -2.7493000000000007))"
2024,CORTE SELETIVO,C60L63,"POLYGON ((-58.91069999999999 -2.748500000000001, -58.91069999999999 -2.748600000000001, -58.910799999999995 -2.748600000000001, -58.910799999999995 -2.748500000000001, -58.91069999999999 -2.748500000000001))"
2024,CORTE SELETIVO,C60L63,"POLYGON ((-58.91329999999999 -2.746600000000001, -58.91329999999999 -2.746700000000001, -58.913399999999996 -2.746700000000001, -58.913399999999996 -2.746600000000001, -58.91329999999999 -2.746600000000001))"
2024,CORTE SELETIVO,C60L63,"POLYGON ((-58.91329999999999 -2.746400000000001, -58.91329999999999 -2.746500000000001, -58.913399999999996 -2.746500000000001, -58.913399999999996 -2.746400000000001, -58.91329999999999 -2.746400000000001))"
2024,CORTE SELETIVO,C60L63,"POLYGON ((-58.81759999999999 -2.7369000000000008, -58.81759999999999 -2.737000000000001, -58.817699999999995 -2.737000000000001, -58.817699999999995 -2.7369000000000008, -58.81759999999999 -2.7369000000000008))"
2024,CORTE SELETIVO,C60L63,"POLYGON ((-58.752199999999995 -2.670700000000001, -58.752199999999995 -2.671100000000001, -58.75229999999999 -2.671100000000001, -58.75229999999999 -2.670700000000001, -58.752199999999995 -2.670700000000001))"
2024,CORTE SELETIVO,C60L63,"POLYGON ((-58.76519999999999 -2.6664000000000008, -58.76519999999999 -2.666500000000001, -58.765299999999996 -2.666500000000001, -58.765299999999996 -2.6664000000000008, -58.76519999999999 -2.6664000000000008))"
2024,CORTE SELETIVO,C60L63,"POLYGON ((-58.770999999999994 -2.5961000000000007, -58.77109999999999 -2.5961000000000007, -58.77109999999999 -2.596000000000001, -58.770999999999994 -2.596000000000001, -58.770999999999994 -2.5961000000000007))"
2024,CORTE SELETIVO,C60L63,"POLYGON ((-58.92419999999999 -2.592900000000001, -58.924299999999995 -2.592900000000001, -58.924299999999995 -2.592800000000001, -58.92419999999999 -2.592800000000001, -58.92419999999999 -2.592900000000001))"
2024,CORTE SELETIVO,C60L63,"POLYGON ((-58.91149999999999 -2.5881000000000007, -58.91149999999999 -2.5883000000000007, -58.91159999999999 -2.5883000000000007, -58.91159999999999 -2.5881000000000007, -58.91149999999999 -2.5881000000000007))"
2024,CORTE SELETIVO,C60L63,"POLYGON ((-58.91159999999999 -2.588000000000001, -58.91159999999999 -2.5881000000000007, -58.911699999999996 -2.5881000000000007, -58.911699999999996 -2.588000000000001, -58.91159999999999 -2.588000000000001))"
2024,CORTE SELETIVO,C60L63,"POLYGON ((-58.921099999999996 -2.582500000000001, -58.921099999999996 -2.582600000000001, -58.92119999999999 -2.582600000000001, -58.92119999999999 -2.582500000000001, -58.921099999999996 -2.582500000000001))"
2024,CORTE SELETIVO,C60L63,"POLYGON ((-58.92099999999999 -2.5822000000000007, -58.92099999999999 -2.582300000000001, -58.92119999999999 -2.582300000000001, -58.92119999999999 -2.5822000000000007, -58.92099999999999 -2.5822000000000007))"
2024,CORTE SELETIVO,C60L63,"POLYGON ((-58.767599999999995 -2.564800000000001, -58.767599999999995 -2.564900000000001, -58.76769999999999 -2.564900000000001, -58.76769999999999 -2.564800000000001, -58.767599999999995 -2.564800000000001))"
2024,CORTE SELETIVO,C60L63,"POLYGON ((-58.76749999999999 -2.564700000000001, -58.76749999999999 -2.564800000000001, -58.767599999999995 -2.564800000000001, -58.767599999999995 -2.564700000000001, -58.76749999999999 -2.564700000000001))"
2024,CORTE SELETIVO,C60L63,"POLYGON ((-58.794599999999996 -2.544200000000001, -58.794599999999996 -2.5443000000000007, -58.79469999999999 -2.5443000000000007, -58.79469999999999 -2.544200000000001, -58.794599999999996 -2.544200000000001))"
2024,CORTE SELETIVO,C60L63,"POLYGON ((-58.840199999999996 -2.531600000000001, -58.84029999999999 -2.531600000000001, -58.84029999999999 -2.531400000000001, -58.840199999999996 -2.531400000000001, -58.840199999999996 -2.531600000000001))"
2024,CORTE SELETIVO,C60L63,"POLYGON ((-58.83039999999999 -2.5060000000000007, -58.830499999999994 -2.5060000000000007, -58.830499999999994 -2.505900000000001, -58.83039999999999 -2.505900000000001, -58.83039999999999 -2.5060000000000007))"
2024,CORTE SELETIVO,C60L63,"POLYGON ((-58.83409999999999 -2.514400000000001, -58.833999999999996 -2.514400000000001, -58.833999999999996 -2.514500000000001, -58.83409999999999 -2.514500000000001, -58.83409999999999 -2.514400000000001))"
2024,CORTE SELETIVO,C60L63,"POLYGON ((-58.82399999999999 -2.566800000000001, -58.823899999999995 -2.566800000000001, -58.823899999999995 -2.566900000000001, -58.82399999999999 -2.566900000000001, -58.82399999999999 -2.566800000000001))"
2024,CORTE SELETIVO,C60L63,"POLYGON ((-58.99519999999999 -2.519100000000001, -58.995099999999994 -2.519100000000001, -58.995099999999994 -2.519200000000001, -58.99519999999999 -2.519200000000001, -58.99519999999999 -2.519100000000001))"
2024,CORTE SELETIVO,C60L63,"POLYGON ((-58.955099999999995 -2.609800000000001, -58.955099999999995 -2.609900000000001, -58.95519999999999 -2.609900000000001, -58.95519999999999 -2.609800000000001, -58.955099999999995 -2.609800000000001))"
2024,CORTE SELETIVO,C60L63,"POLYGON ((-58.85609999999999 -2.545300000000001, -58.85609999999999 -2.5454000000000008, -58.856199999999994 -2.5454000000000008, -58.856199999999994 -2.545300000000001, -58.85609999999999 -2.545300000000001))"
2024,CORTE SELETIVO,C60L63,"POLYGON ((-58.96099999999999 -2.663300000000001, -58.960899999999995 -2.663300000000001, -58.960899999999995 -2.663400000000001, -58.96099999999999 -2.663400000000001, -58.96099999999999 -2.663300000000001))"
2024,CORTE SELETIVO,C60L63,"POLYGON ((-58.96439999999999 -2.662900000000001, -58.96439999999999 -2.6630000000000007, -58.964499999999994 -2.6630000000000007, -58.964499999999994 -2.662900000000001, -58.96439999999999 -2.662900000000001))"
2024,CORTE SELETIVO,C60L63,"POLYGON ((-58.959599999999995 -2.660600000000001, -58.959599999999995 -2.6607000000000007, -58.95969999999999 -2.6607000000000007, -58.95969999999999 -2.660600000000001, -58.959599999999995 -2.660600000000001))"
2024,CORTE SELETIVO,C60L63,"POLYGON ((-58.967099999999995 -2.651400000000001, -58.967099999999995 -2.651600000000001, -58.96719999999999 -2.651600000000001, -58.96719999999999 -2.651400000000001, -58.967099999999995 -2.651400000000001))"
2024,CORTE SELETIVO,C60L63,"POLYGON ((-58.96849999999999 -2.647400000000001, -58.96849999999999 -2.647500000000001, -58.968599999999995 -2.647500000000001, -58.968599999999995 -2.647400000000001, -58.96849999999999 -2.647400000000001))"
2024,CORTE SELETIVO,C60L63,"POLYGON ((-58.962199999999996 -2.6186000000000007, -58.962199999999996 -2.618700000000001, -58.96229999999999 -2.618700000000001, -58.96229999999999 -2.6186000000000007, -58.962199999999996 -2.6186000000000007))"
2024,CORTE SELETIVO,C60L63,"POLYGON ((-58.93469999999999 -2.611800000000001, -58.93469999999999 -2.6119000000000008, -58.934799999999996 -2.6119000000000008, -58.934799999999996 -2.611800000000001, -58.93469999999999 -2.611800000000001))"
2024,CORTE SELETIVO,C60L63,"POLYGON ((-58.94049999999999 -2.6045000000000007, -58.94039999999999 -2.6045000000000007, -58.94039999999999 -2.6047000000000007, -58.94049999999999 -2.6047000000000007, -58.94049999999999 -2.6045000000000007))"
2024,CORTE SELETIVO,C60L63,"POLYGON ((-58.942699999999995 -2.599500000000001, -58.942699999999995 -2.599600000000001, -58.94279999999999 -2.599600000000001, -58.94279999999999 -2.599500000000001, -58.942699999999995 -2.599500000000001))"
2024,CORTE SELETIVO,C60L63,"POLYGON ((-58.962399999999995 -2.599100000000001, -58.962399999999995 -2.599200000000001, -58.96249999999999 -2.599200000000001, -58.96249999999999 -2.599100000000001, -58.962399999999995 -2.599100000000001))"
2024,CORTE SELETIVO,C60L63,"POLYGON ((-58.968799999999995 -2.597500000000001, -58.968799999999995 -2.597600000000001, -58.96889999999999 -2.597600000000001, -58.96889999999999 -2.597500000000001, -58.968799999999995 -2.597500000000001))"
2024,CORTE SELETIVO,C60L63,"POLYGON ((-58.96209999999999 -2.597500000000001, -58.96209999999999 -2.597600000000001, -58.962199999999996 -2.597600000000001, -58.962199999999996 -2.597500000000001, -58.96209999999999 -2.597500000000001))"
2024,CORTE SELETIVO,C60L63,"POLYGON ((-58.962399999999995 -2.597400000000001, -58.962399999999995 -2.597600000000001, -58.96249999999999 -2.597600000000001, -58.96249999999999 -2.597400000000001, -58.962399999999995 -2.597400000000001))"
2024,CORTE SELETIVO,C60L63,"POLYGON ((-58.93639999999999 -2.5014000000000007, -58.93639999999999 -2.501500000000001, -58.936499999999995 -2.501500000000001, -58.936499999999995 -2.5014000000000007, -58.93639999999999 -2.5014000000000007))"
2024,CORTE SELETIVO,C60L63,"POLYGON ((-58.93139999999999 -2.749900000000001, -58.93149999999999 -2.749900000000001, -58.93149999999999 -2.749800000000001, -58.93129999999999 -2.749800000000001, -58.93129999999999 -2.750000000000001, -58.93139999999999 -2.750000000000001, -58.93139999999999 -2.749900000000001))"
2024,CORTE SELETIVO,C60L63,"POLYGON ((-58.91299999999999 -2.7478000000000007, -58.91299999999999 -2.747900000000001, -58.913199999999996 -2.747900000000001, -58.913199999999996 -2.7478000000000007, -58.91299999999999 -2.7478000000000007))"
2024,CORTE SELETIVO,C60L63,"POLYGON ((-58.75229999999999 -2.6708000000000007, -58.75229999999999 -2.6710000000000007, -58.752399999999994 -2.6710000000000007, -58.752399999999994 -2.6708000000000007, -58.75229999999999 -2.6708000000000007))"
2024,CORTE SELETIVO,C60L63,"POLYGON ((-58.93419999999999 -2.611200000000001, -58.93419999999999 -2.611300000000001, -58.93429999999999 -2.611300000000001, -58.93429999999999 -2.611200000000001, -58.93419999999999 -2.611200000000001))"
2024,CORTE SELETIVO,C60L63,"POLYGON ((-58.925399999999996 -2.602100000000001, -58.925399999999996 -2.6022000000000007, -58.92549999999999 -2.6022000000000007, -58.92549999999999 -2.602100000000001, -58.925399999999996 -2.602100000000001))"
2024,CORTE SELETIVO,C60L63,"POLYGON ((-58.92529999999999 -2.6020000000000008, -58.92529999999999 -2.602100000000001, -58.925399999999996 -2.602100000000001, -58.925399999999996 -2.6020000000000008, -58.92529999999999 -2.6020000000000008))"
2024,CORTE SELETIVO,C60L63,"POLYGON ((-58.925399999999996 -2.601900000000001, -58.925399999999996 -2.6020000000000008, -58.92549999999999 -2.6020000000000008, -58.92549999999999 -2.601900000000001, -58.925399999999996 -2.601900000000001))"
2024,CORTE SELETIVO,C60L63,"POLYGON ((-58.82039999999999 -2.586300000000001, -58.820299999999996 -2.586300000000001, -58.820299999999996 -2.5864000000000007, -58.82039999999999 -2.5864000000000007, -58.82039999999999 -2.586300000000001))"
2024,CORTE SELETIVO,C60L63,"POLYGON ((-58.92119999999999 -2.582600000000001, -58.92119999999999 -2.582700000000001, -58.92139999999999 -2.582700000000001, -58.92139999999999 -2.582600000000001, -58.92119999999999 -2.582600000000001))"
2024,CORTE SELETIVO,C60L63,"POLYGON ((-58.828599999999994 -2.582600000000001, -58.828599999999994 -2.582700000000001, -58.82869999999999 -2.582700000000001, -58.82869999999999 -2.582600000000001, -58.828599999999994 -2.582600000000001))"
2024,CORTE SELETIVO,C60L63,"POLYGON ((-58.92099999999999 -2.582100000000001, -58.92099999999999 -2.5822000000000007, -58.921099999999996 -2.5822000000000007, -58.921099999999996 -2.582100000000001, -58.92099999999999 -2.582100000000001))"
2024,CORTE SELETIVO,C60L63,"POLYGON ((-58.84499999999999 -2.5702000000000007, -58.84499999999999 -2.570300000000001, -58.845099999999995 -2.570300000000001, -58.845099999999995 -2.5702000000000007, -58.84499999999999 -2.5702000000000007))"
2024,CORTE SELETIVO,C60L63,"POLYGON ((-58.81009999999999 -2.567800000000001, -58.81009999999999 -2.568000000000001, -58.81029999999999 -2.568000000000001, -58.81029999999999 -2.567800000000001, -58.81009999999999 -2.567800000000001))"
2024,CORTE SELETIVO,C60L63,"POLYGON ((-58.796899999999994 -2.548800000000001, -58.796899999999994 -2.548900000000001, -58.79699999999999 -2.548900000000001, -58.79699999999999 -2.548800000000001, -58.796899999999994 -2.548800000000001))"
2024,CORTE SELETIVO,C60L63,"POLYGON ((-58.96569999999999 -2.618500000000001, -58.96569999999999 -2.6186000000000007, -58.965799999999994 -2.6186000000000007, -58.965799999999994 -2.618500000000001, -58.96569999999999 -2.618500000000001))"
2024,CORTE SELETIVO,C60L63,"POLYGON ((-58.77129999999999 -2.596200000000001, -58.77129999999999 -2.5963000000000007, -58.77139999999999 -2.5963000000000007, -58.77139999999999 -2.596200000000001, -58.77129999999999 -2.596200000000001))"
2024,CORTE SELETIVO,C60L63,"POLYGON ((-58.97409999999999 -2.649900000000001, -58.97399999999999 -2.649900000000001, -58.97399999999999 -2.650000000000001, -58.97409999999999 -2.650000000000001, -58.97409999999999 -2.649900000000001))"
2024,CORTE SELETIVO,C60L63,"POLYGON ((-58.856199999999994 -2.5454000000000008, -58.85609999999999 -2.5454000000000008, -58.85609999999999 -2.545500000000001, -58.856199999999994 -2.545500000000001, -58.856199999999994 -2.5454000000000008))"
2024,CORTE SELETIVO,C60L63,"POLYGON ((-58.952299999999994 -2.668600000000001, -58.95219999999999 -2.668600000000001, -58.95219999999999 -2.6687000000000007, -58.952299999999994 -2.6687000000000007, -58.952299999999994 -2.668600000000001))"
2024,CORTE SELETIVO,C60L63,"POLYGON ((-58.95239999999999 -2.6687000000000007, -58.952299999999994 -2.6687000000000007, -58.952299999999994 -2.668800000000001, -58.95239999999999 -2.668800000000001, -58.95239999999999 -2.6687000000000007))"
2024,CORTE SELETIVO,C60L63,"POLYGON ((-58.94659999999999 -2.672000000000001, -58.94649999999999 -2.672000000000001, -58.94649999999999 -2.672100000000001, -58.94659999999999 -2.672100000000001, -58.94659999999999 -2.672000000000001))"
2024,CORTE SELETIVO,C60L63,"POLYGON ((-58.882799999999996 -2.515600000000001, -58.88269999999999 -2.515600000000001, -58.88269999999999 -2.5157000000000007, -58.882799999999996 -2.5157000000000007, -58.882799999999996 -2.515600000000001))"
2024,CORTE SELETIVO,C60L63,"POLYGON ((-58.953199999999995 -2.6807000000000007, -58.95309999999999 -2.6807000000000007, -58.95309999999999 -2.680800000000001, -58.953199999999995 -2.680800000000001, -58.953199999999995 -2.6807000000000007))"
2024,CORTE SELETIVO,C60L63,"POLYGON ((-58.94029999999999 -2.662900000000001, -58.94019999999999 -2.662900000000001, -58.94019999999999 -2.6630000000000007, -58.94029999999999 -2.6630000000000007, -58.94029999999999 -2.662900000000001))"
2024,CORTE SELETIVO,C60L63,"POLYGON ((-58.962199999999996 -2.6186000000000007, -58.962399999999995 -2.6186000000000007, -58.962399999999995 -2.618500000000001, -58.96209999999999 -2.618500000000001, -58.96209999999999 -2.618700000000001, -58.962199999999996 -2.618700000000001, -58.962199999999996 -2.6186000000000007))"
2024,CORTE SELETIVO,C60L63,"POLYGON ((-58.935399999999994 -2.613100000000001, -58.935399999999994 -2.613200000000001, -58.93549999999999 -2.613200000000001, -58.93549999999999 -2.613100000000001, -58.935399999999994 -2.613100000000001))"
2024,CORTE SELETIVO,C60L63,"POLYGON ((-58.93509999999999 -2.612800000000001, -58.93509999999999 -2.613000000000001, -58.935199999999995 -2.613000000000001, -58.935199999999995 -2.612800000000001, -58.93509999999999 -2.612800000000001))"
2024,CORTE SELETIVO,C60L63,"POLYGON ((-58.93489999999999 -2.612200000000001, -58.93469999999999 -2.612200000000001, -58.93469999999999 -2.6123000000000007, -58.93489999999999 -2.6123000000000007, -58.93489999999999 -2.612200000000001))"
2024,CORTE SELETIVO,C60L63,"POLYGON ((-58.92419999999999 -2.608000000000001, -58.924099999999996 -2.608000000000001, -58.924099999999996 -2.6081000000000008, -58.92419999999999 -2.6081000000000008, -58.92419999999999 -2.608000000000001))"
2024,CORTE SELETIVO,C60L63,"POLYGON ((-58.92509999999999 -2.6022000000000007, -58.92499999999999 -2.6022000000000007, -58.92499999999999 -2.602300000000001, -58.92509999999999 -2.602300000000001, -58.92509999999999 -2.6022000000000007))"
2024,CORTE SELETIVO,C60L63,"POLYGON ((-58.94199999999999 -2.588400000000001, -58.94199999999999 -2.5885000000000007, -58.942099999999996 -2.5885000000000007, -58.942099999999996 -2.588400000000001, -58.94199999999999 -2.588400000000001))"
2024,CORTE SELETIVO,C60L63,"POLYGON ((-58.921299999999995 -2.582500000000001, -58.921299999999995 -2.582600000000001, -58.92139999999999 -2.582600000000001, -58.92139999999999 -2.582500000000001, -58.921299999999995 -2.582500000000001))"
2024,CORTE SELETIVO,C60L63,"POLYGON ((-58.92099999999999 -2.582100000000001, -58.921099999999996 -2.582100000000001, -58.921099999999996 -2.5822000000000007, -58.92119999999999 -2.5822000000000007, -58.92119999999999 -2.5820000000000007, -58.920899999999996 -2.5820000000000007, -58.920899999999996 -2.5822000000000007, -58.92099999999999 -2.5822000000000007, -58.92099999999999 -2.582100000000001))"
2024,CORTE SELETIVO,C60L63,"POLYGON ((-58.913799999999995 -2.745600000000001, -58.91369999999999 -2.745600000000001, -58.91369999999999 -2.7457000000000007, -58.913799999999995 -2.7457000000000007, -58.913799999999995 -2.745600000000001))"
2024,CORTE SELETIVO,C60L63,"POLYGON ((-58.856899999999996 -2.707100000000001, -58.85679999999999 -2.707100000000001, -58.85679999999999 -2.707300000000001, -58.856899999999996 -2.707300000000001, -58.856899999999996 -2.707100000000001))"
2024,CORTE SELETIVO,C60L63,"POLYGON ((-58.76969999999999 -2.685200000000001, -58.76969999999999 -2.6853000000000007, -58.76979999999999 -2.6853000000000007, -58.76979999999999 -2.685200000000001, -58.76969999999999 -2.685200000000001))"
2024,CORTE SELETIVO,C60L63,"POLYGON ((-58.75229999999999 -2.6710000000000007, -58.75229999999999 -2.671100000000001, -58.752399999999994 -2.671100000000001, -58.752399999999994 -2.6710000000000007, -58.75229999999999 -2.6710000000000007))"
2024,CORTE SELETIVO,C60L63,"POLYGON ((-58.80839999999999 -2.5938000000000008, -58.808299999999996 -2.5938000000000008, -58.808299999999996 -2.593900000000001, -58.80839999999999 -2.593900000000001, -58.80839999999999 -2.5938000000000008))"
2024,CORTE SELETIVO,C60L63,"POLYGON ((-58.80819999999999 -2.593700000000001, -58.80819999999999 -2.5938000000000008, -58.808299999999996 -2.5938000000000008, -58.808299999999996 -2.593700000000001, -58.80819999999999 -2.593700000000001))"
2024,CORTE SELETIVO,C60L63,"POLYGON ((-58.809999999999995 -2.567800000000001, -58.809999999999995 -2.5679000000000007, -58.81009999999999 -2.5679000000000007, -58.81009999999999 -2.567800000000001, -58.809999999999995 -2.567800000000001))"
2024,CORTE SELETIVO,C60L63,"POLYGON ((-58.80799999999999 -2.549500000000001, -58.80789999999999 -2.549500000000001, -58.80789999999999 -2.5496000000000008, -58.80799999999999 -2.5496000000000008, -58.80799999999999 -2.549500000000001))"
2024,CORTE SELETIVO,C60L63,"POLYGON ((-58.823899999999995 -2.527100000000001, -58.823899999999995 -2.527200000000001, -58.824099999999994 -2.527200000000001, -58.824099999999994 -2.527100000000001, -58.823899999999995 -2.527100000000001))"
2024,CORTE SELETIVO,C60L63,"POLYGON ((-58.86259999999999 -2.512300000000001, -58.86259999999999 -2.512400000000001, -58.86269999999999 -2.512400000000001, -58.86269999999999 -2.512300000000001, -58.86259999999999 -2.512300000000001))"
2024,CORTE SELETIVO,C60L63,"POLYGON ((-58.77109999999999 -2.6889000000000007, -58.77109999999999 -2.689000000000001, -58.77119999999999 -2.689000000000001, -58.77119999999999 -2.6889000000000007, -58.77109999999999 -2.6889000000000007))"
2024,CORTE SELETIVO,C60L63,"POLYGON ((-58.982699999999994 -2.589300000000001, -58.982699999999994 -2.589400000000001, -58.98279999999999 -2.589400000000001, -58.98279999999999 -2.589300000000001, -58.982699999999994 -2.589300000000001))"
2024,CORTE SELETIVO,C60L63,"POLYGON ((-58.93999999999999 -2.6630000000000007, -58.93999999999999 -2.663100000000001, -58.940099999999994 -2.663100000000001, -58.940099999999994 -2.6630000000000007, -58.93999999999999 -2.6630000000000007))"
2024,CORTE SELETIVO,C60L63,"POLYGON ((-58.95969999999999 -2.6613000000000007, -58.959799999999994 -2.6613000000000007, -58.959799999999994 -2.661200000000001, -58.95969999999999 -2.661200000000001, -58.95969999999999 -2.6613000000000007))"
2024,CORTE SELETIVO,C60L63,"POLYGON ((-58.93469999999999 -2.612600000000001, -58.934799999999996 -2.612600000000001, -58.934799999999996 -2.6125000000000007, -58.93469999999999 -2.6125000000000007, -58.93469999999999 -2.612600000000001))"
2024,CORTE SELETIVO,C60L63,"POLYGON ((-58.80769999999999 -2.550500000000001, -58.807599999999994 -2.550500000000001, -58.807599999999994 -2.550600000000001, -58.80769999999999 -2.550600000000001, -58.80769999999999 -2.550500000000001))"
2024,CORTE SELETIVO,C60L63,"POLYGON ((-58.871599999999994 -2.533000000000001, -58.87149999999999 -2.533000000000001, -58.87149999999999 -2.533100000000001, -58.871599999999994 -2.533100000000001, -58.871599999999994 -2.533000000000001))"
2024,CORTE SELETIVO,C60L63,"POLYGON ((-58.97679999999999 -2.605500000000001, -58.97679999999999 -2.605600000000001, -58.97689999999999 -2.605600000000001, -58.97689999999999 -2.605500000000001, -58.97679999999999 -2.605500000000001))"
2024,CORTE SELETIVO,C60L63,"POLYGON ((-58.787699999999994 -2.587400000000001, -58.787699999999994 -2.587500000000001, -58.78779999999999 -2.587500000000001, -58.78779999999999 -2.587400000000001, -58.787699999999994 -2.587400000000001))"
2024,CORTE SELETIVO,C60L63,"POLYGON ((-58.91309999999999 -2.747900000000001, -58.91299999999999 -2.747900000000001, -58.91299999999999 -2.748000000000001, -58.91309999999999 -2.748000000000001, -58.91309999999999 -2.747900000000001))"
2024,CORTE SELETIVO,C60L63,"POLYGON ((-58.92119999999999 -2.716100000000001, -58.92119999999999 -2.716300000000001, -58.92139999999999 -2.716300000000001, -58.92139999999999 -2.716100000000001, -58.92119999999999 -2.716100000000001))"
2024,CORTE SELETIVO,C60L63,"POLYGON ((-58.85669999999999 -2.7070000000000007, -58.85669999999999 -2.707300000000001, -58.85679999999999 -2.707300000000001, -58.85679999999999 -2.7070000000000007, -58.85669999999999 -2.7070000000000007))"
2024,CORTE SELETIVO,C60L63,"POLYGON ((-58.954499999999996 -2.683300000000001, -58.95439999999999 -2.683300000000001, -58.95439999999999 -2.6834000000000007, -58.954499999999996 -2.6834000000000007, -58.954499999999996 -2.683300000000001))"
2024,CORTE SELETIVO,C60L63,"POLYGON ((-58.95459999999999 -2.679300000000001, -58.95459999999999 -2.679400000000001, -58.954699999999995 -2.679400000000001, -58.954699999999995 -2.679300000000001, -58.95459999999999 -2.679300000000001))"
2024,CORTE SELETIVO,C60L63,"POLYGON ((-58.991099999999996 -2.678900000000001, -58.991099999999996 -2.6790000000000007, -58.99119999999999 -2.6790000000000007, -58.99119999999999 -2.678900000000001, -58.991099999999996 -2.678900000000001))"
2024,CORTE SELETIVO,C60L63,"POLYGON ((-58.979899999999994 -2.6603000000000008, -58.97979999999999 -2.6603000000000008, -58.97979999999999 -2.660400000000001, -58.979899999999994 -2.660400000000001, -58.979899999999994 -2.6603000000000008))"
2024,CORTE SELETIVO,C60L63,"POLYGON ((-58.924099999999996 -2.6079000000000008, -58.924099999999996 -2.608000000000001, -58.92419999999999 -2.608000000000001, -58.92419999999999 -2.6079000000000008, -58.924099999999996 -2.6079000000000008))"
2024,CORTE SELETIVO,C60L63,"POLYGON ((-58.939699999999995 -2.606700000000001, -58.939699999999995 -2.6066000000000007, -58.939499999999995 -2.6066000000000007, -58.939499999999995 -2.6068000000000007, -58.93959999999999 -2.6068000000000007, -58.93959999999999 -2.606700000000001, -58.939699999999995 -2.606700000000001))"
2024,CORTE SELETIVO,C60L63,"POLYGON ((-58.944599999999994 -2.5942000000000007, -58.944599999999994 -2.5940000000000007, -58.94449999999999 -2.5940000000000007, -58.94449999999999 -2.594100000000001, -58.944399999999995 -2.594100000000001, -58.944399999999995 -2.5942000000000007, -58.944599999999994 -2.5942000000000007))"
2024,CORTE SELETIVO,C60L63,"POLYGON ((-58.986799999999995 -2.552400000000001, -58.986799999999995 -2.552700000000001, -58.98689999999999 -2.552700000000001, -58.98689999999999 -2.552400000000001, -58.986799999999995 -2.552400000000001))"
2024,CORTE SELETIVO,C60L63,"POLYGON ((-58.945899999999995 -2.549000000000001, -58.945899999999995 -2.549100000000001, -58.94599999999999 -2.549100000000001, -58.94599999999999 -2.549000000000001, -58.945899999999995 -2.549000000000001))"
2024,CORTE SELETIVO,C60L63,"POLYGON ((-58.945899999999995 -2.548800000000001, -58.945899999999995 -2.548900000000001, -58.94599999999999 -2.548900000000001, -58.94599999999999 -2.548800000000001, -58.945899999999995 -2.548800000000001))"
2024,CORTE SELETIVO,C60L63,"POLYGON ((-58.946099999999994 -2.548600000000001, -58.94599999999999 -2.548600000000001, -58.94599999999999 -2.548800000000001, -58.946099999999994 -2.548800000000001, -58.946099999999994 -2.548600000000001))"
2024,CORTE SELETIVO,C60L63,"POLYGON ((-58.85659999999999 -2.706900000000001, -58.85659999999999 -2.7070000000000007, -58.85669999999999 -2.7070000000000007, -58.85669999999999 -2.706900000000001, -58.85659999999999 -2.706900000000001))"
2024,CORTE SELETIVO,C60L63,"POLYGON ((-58.776199999999996 -2.7047000000000008, -58.776199999999996 -2.704800000000001, -58.77629999999999 -2.704800000000001, -58.77629999999999 -2.7047000000000008, -58.776199999999996 -2.7047000000000008))"
2024,CORTE SELETIVO,C60L63,"POLYGON ((-58.76979999999999 -2.685500000000001, -58.76979999999999 -2.685600000000001, -58.76989999999999 -2.685600000000001, -58.76989999999999 -2.6853000000000007, -58.769499999999994 -2.6853000000000007, -58.769499999999994 -2.685400000000001, -58.76969999999999 -2.685400000000001, -58.76969999999999 -2.685500000000001, -58.76979999999999 -2.685500000000001))"
2024,CORTE SELETIVO,C60L63,"POLYGON ((-58.769499999999994 -2.685000000000001, -58.769499999999994 -2.6851000000000007, -58.76969999999999 -2.6851000000000007, -58.76969999999999 -2.685000000000001, -58.769499999999994 -2.685000000000001))"
2024,CORTE SELETIVO,C60L63,"POLYGON ((-58.752399999999994 -2.670900000000001, -58.752399999999994 -2.6710000000000007, -58.75249999999999 -2.6710000000000007, -58.75249999999999 -2.670900000000001, -58.752399999999994 -2.670900000000001))"
2024,CORTE SELETIVO,C60L63,"POLYGON ((-58.84219999999999 -2.5723000000000007, -58.84219999999999 -2.5725000000000007, -58.842299999999994 -2.5725000000000007, -58.842299999999994 -2.5723000000000007, -58.84219999999999 -2.5723000000000007))"
2024,CORTE SELETIVO,C60L63,"POLYGON ((-58.78199999999999 -2.5662000000000007, -58.78189999999999 -2.5662000000000007, -58.78189999999999 -2.566300000000001, -58.78199999999999 -2.566300000000001, -58.78199999999999 -2.5662000000000007))"
2024,CORTE SELETIVO,C60L63,"POLYGON ((-58.78199999999999 -2.566100000000001, -58.78199999999999 -2.5662000000000007, -58.78209999999999 -2.5662000000000007, -58.78209999999999 -2.566100000000001, -58.78199999999999 -2.566100000000001))"
2024,CORTE SELETIVO,C60L63,"POLYGON ((-58.837799999999994 -2.551800000000001, -58.837799999999994 -2.5519000000000007, -58.83789999999999 -2.5519000000000007, -58.83789999999999 -2.551800000000001, -58.837799999999994 -2.551800000000001))"
2024,CORTE SELETIVO,C60L63,"POLYGON ((-58.82059999999999 -2.541700000000001, -58.82059999999999 -2.5418000000000007, -58.820699999999995 -2.5418000000000007, -58.820699999999995 -2.541700000000001, -58.82059999999999 -2.541700000000001))"
2024,CORTE SELETIVO,C60L63,"POLYGON ((-58.81719999999999 -2.5376000000000007, -58.81719999999999 -2.537700000000001, -58.817299999999996 -2.537700000000001, -58.817299999999996 -2.5376000000000007, -58.81719999999999 -2.5376000000000007))"
2024,CORTE SELETIVO,C60L63,"POLYGON ((-58.817299999999996 -2.537500000000001, -58.817299999999996 -2.5376000000000007, -58.81739999999999 -2.5376000000000007, -58.81739999999999 -2.537500000000001, -58.817299999999996 -2.537500000000001))"
2024,CORTE SELETIVO,C60L63,"POLYGON ((-58.817099999999996 -2.537200000000001, -58.817099999999996 -2.537300000000001, -58.817299999999996 -2.537300000000001, -58.817299999999996 -2.537200000000001, -58.817099999999996 -2.537200000000001))"
2024,CORTE SELETIVO,C60L63,"POLYGON ((-58.960699999999996 -2.688000000000001, -58.96059999999999 -2.688000000000001, -58.96059999999999 -2.688100000000001, -58.960699999999996 -2.688100000000001, -58.960699999999996 -2.688000000000001))"
2024,CORTE SELETIVO,C60L63,"POLYGON ((-58.96719999999999 -2.6047000000000007, -58.967099999999995 -2.6047000000000007, -58.967099999999995 -2.604800000000001, -58.96719999999999 -2.604800000000001, -58.96719999999999 -2.6047000000000007))"
2024,CORTE SELETIVO,C60L63,"POLYGON ((-58.92269999999999 -2.591500000000001, -58.922599999999996 -2.591500000000001, -58.922599999999996 -2.591600000000001, -58.92269999999999 -2.591600000000001, -58.92269999999999 -2.591500000000001))"
2024,CORTE SELETIVO,C60L63,"POLYGON ((-58.94409999999999 -2.671900000000001, -58.944199999999995 -2.671900000000001, -58.944199999999995 -2.671800000000001, -58.94409999999999 -2.671800000000001, -58.94409999999999 -2.671900000000001))"
2024,CORTE SELETIVO,C60L63,"POLYGON ((-58.934599999999996 -2.612600000000001, -58.93469999999999 -2.612600000000001, -58.93469999999999 -2.6125000000000007, -58.934599999999996 -2.6125000000000007, -58.934599999999996 -2.612600000000001))"
2024,CORTE SELETIVO,C60L63,"POLYGON ((-58.982699999999994 -2.589300000000001, -58.98279999999999 -2.589300000000001, -58.98279999999999 -2.589200000000001, -58.982699999999994 -2.589200000000001, -58.982699999999994 -2.589300000000001))"
2024,CORTE SELETIVO,C60L63,"POLYGON ((-58.84479999999999 -2.570300000000001, -58.844899999999996 -2.570300000000001, -58.844899999999996 -2.5702000000000007, -58.84479999999999 -2.5702000000000007, -58.84479999999999 -2.570300000000001))"
2024,CORTE SELETIVO,C60L63,"POLYGON ((-58.834599999999995 -2.5576000000000008, -58.834599999999995 -2.5578000000000007, -58.83469999999999 -2.5578000000000007, -58.83469999999999 -2.5576000000000008, -58.834599999999995 -2.5576000000000008))"
2024,CORTE SELETIVO,C60L63,"POLYGON ((-58.83409999999999 -2.514700000000001, -58.83409999999999 -2.514800000000001, -58.834199999999996 -2.514800000000001, -58.834199999999996 -2.514700000000001, -58.83409999999999 -2.514700000000001))"
2024,CORTE SELETIVO,C60L63,"POLYGON ((-58.913599999999995 -2.748100000000001, -58.913599999999995 -2.748300000000001, -58.91369999999999 -2.748300000000001, -58.91369999999999 -2.748100000000001, -58.913599999999995 -2.748100000000001))"
2024,CORTE SELETIVO,C60L63,"POLYGON ((-58.95439999999999 -2.6834000000000007, -58.95439999999999 -2.683500000000001, -58.95459999999999 -2.683500000000001, -58.95459999999999 -2.6834000000000007, -58.95439999999999 -2.6834000000000007))"
2024,CORTE SELETIVO,C60L63,"POLYGON ((-58.95329999999999 -2.680800000000001, -58.95329999999999 -2.6809000000000007, -58.953399999999995 -2.6809000000000007, -58.953399999999995 -2.680800000000001, -58.95329999999999 -2.680800000000001))"
2024,CORTE SELETIVO,C60L63,"POLYGON ((-58.98319999999999 -2.6712000000000007, -58.98319999999999 -2.671300000000001, -58.98329999999999 -2.671300000000001, -58.98329999999999 -2.6712000000000007, -58.98319999999999 -2.6712000000000007))"
2024,CORTE SELETIVO,C60L63,"POLYGON ((-58.979699999999994 -2.6603000000000008, -58.979699999999994 -2.660400000000001, -58.97979999999999 -2.660400000000001, -58.97979999999999 -2.6603000000000008, -58.979699999999994 -2.6603000000000008))"
2024,CORTE SELETIVO,C60L63,"POLYGON ((-58.93599999999999 -2.655600000000001, -58.93599999999999 -2.655700000000001, -58.936099999999996 -2.655700000000001, -58.936099999999996 -2.655600000000001, -58.93599999999999 -2.655600000000001))"
2024,CORTE SELETIVO,C60L63,"POLYGON ((-58.96889999999999 -2.648800000000001, -58.96889999999999 -2.6489000000000007, -58.968999999999994 -2.6489000000000007, -58.968999999999994 -2.648800000000001, -58.96889999999999 -2.648800000000001))"
2024,CORTE SELETIVO,C60L63,"POLYGON ((-58.96949999999999 -2.643900000000001, -58.96959999999999 -2.643900000000001, -58.96959999999999 -2.643700000000001, -58.96949999999999 -2.643700000000001, -58.96949999999999 -2.643900000000001))"
2024,CORTE SELETIVO,C60L63,"POLYGON ((-58.937999999999995 -2.609900000000001, -58.93809999999999 -2.609900000000001, -58.93809999999999 -2.609800000000001, -58.937999999999995 -2.609800000000001, -58.937999999999995 -2.609900000000001))"
2024,CORTE SELETIVO,C60L63,"POLYGON ((-58.977599999999995 -2.605600000000001, -58.977599999999995 -2.605700000000001, -58.97769999999999 -2.605700000000001, -58.97769999999999 -2.605600000000001, -58.977599999999995 -2.605600000000001))"
2024,CORTE SELETIVO,C60L63,"POLYGON ((-58.97789999999999 -2.604900000000001, -58.97789999999999 -2.605000000000001, -58.977999999999994 -2.605000000000001, -58.977999999999994 -2.604900000000001, -58.97789999999999 -2.604900000000001))"
2024,CORTE SELETIVO,C60L63,"POLYGON ((-58.95629999999999 -2.597900000000001, -58.95629999999999 -2.5980000000000008, -58.956399999999995 -2.5980000000000008, -58.956399999999995 -2.597900000000001, -58.95629999999999 -2.597900000000001))"
2024,CORTE SELETIVO,C60L63,"POLYGON ((-58.922399999999996 -2.597000000000001, -58.922399999999996 -2.597200000000001, -58.92249999999999 -2.597200000000001, -58.92249999999999 -2.597000000000001, -58.922399999999996 -2.597000000000001))"
2024,CORTE SELETIVO,C60L63,"POLYGON ((-58.944799999999994 -2.595800000000001, -58.944799999999994 -2.5959000000000008, -58.94489999999999 -2.5959000000000008, -58.94489999999999 -2.595800000000001, -58.944799999999994 -2.595800000000001))"
2024,CORTE SELETIVO,C60L63,"POLYGON ((-58.92359999999999 -2.5921000000000007, -58.92359999999999 -2.592200000000001, -58.92369999999999 -2.592200000000001, -58.92369999999999 -2.5921000000000007, -58.92359999999999 -2.5921000000000007))"
2024,CORTE SELETIVO,C60L63,"POLYGON ((-58.92329999999999 -2.5919000000000008, -58.92329999999999 -2.592000000000001, -58.923399999999994 -2.592000000000001, -58.923399999999994 -2.5919000000000008, -58.92329999999999 -2.5919000000000008))"
2024,CORTE SELETIVO,C60L63,"POLYGON ((-58.98689999999999 -2.552700000000001, -58.986999999999995 -2.552700000000001, -58.986999999999995 -2.552600000000001, -58.98689999999999 -2.552600000000001, -58.98689999999999 -2.552700000000001))"
2024,CORTE SELETIVO,C60L63,"POLYGON ((-58.94579999999999 -2.548900000000001, -58.945899999999995 -2.548900000000001, -58.945899999999995 -2.548800000000001, -58.94579999999999 -2.548800000000001, -58.94579999999999 -2.548900000000001))"
2024,CORTE SELETIVO,C60L63,"POLYGON ((-58.93319999999999 -2.500400000000001, -58.93319999999999 -2.500500000000001, -58.933299999999996 -2.500500000000001, -58.933299999999996 -2.500400000000001, -58.93319999999999 -2.500400000000001))"
2024,CORTE SELETIVO,C60L63,"POLYGON ((-58.856399999999994 -2.706900000000001, -58.856399999999994 -2.7070000000000007, -58.85659999999999 -2.7070000000000007, -58.85659999999999 -2.706900000000001, -58.856399999999994 -2.706900000000001))"
2024,CORTE SELETIVO,C60L63,"POLYGON ((-58.770399999999995 -2.686900000000001, -58.770399999999995 -2.6870000000000007, -58.770599999999995 -2.6870000000000007, -58.770599999999995 -2.686900000000001, -58.770399999999995 -2.686900000000001))"
2024,CORTE SELETIVO,C60L63,"POLYGON ((-58.76979999999999 -2.685600000000001, -58.76979999999999 -2.685700000000001, -58.76989999999999 -2.685700000000001, -58.76989999999999 -2.685600000000001, -58.76979999999999 -2.685600000000001))"
2024,CORTE SELETIVO,C60L63,"POLYGON ((-58.76959999999999 -2.6849000000000007, -58.76959999999999 -2.685000000000001, -58.76969999999999 -2.685000000000001, -58.76969999999999 -2.6849000000000007, -58.76959999999999 -2.6849000000000007))"
2024,CORTE SELETIVO,C60L63,"POLYGON ((-58.752399999999994 -2.6708000000000007, -58.752399999999994 -2.670900000000001, -58.75249999999999 -2.670900000000001, -58.75249999999999 -2.6708000000000007, -58.752399999999994 -2.6708000000000007))"
2024,CORTE SELETIVO,C60L63,"POLYGON ((-58.90239999999999 -2.657700000000001, -58.90239999999999 -2.657800000000001, -58.902499999999996 -2.657800000000001, -58.902499999999996 -2.657700000000001, -58.90239999999999 -2.657700000000001))"
2024,CORTE SELETIVO,C60L63,"POLYGON ((-58.799299999999995 -2.598100000000001, -58.79939999999999 -2.598100000000001, -58.79939999999999 -2.5980000000000008, -58.799299999999995 -2.5980000000000008, -58.799299999999995 -2.598100000000001))"
2024,CORTE SELETIVO,C60L63,"POLYGON ((-58.80159999999999 -2.5978000000000008, -58.80169999999999 -2.5978000000000008, -58.80169999999999 -2.597700000000001, -58.80159999999999 -2.597700000000001, -58.80159999999999 -2.5978000000000008))"
2024,CORTE SELETIVO,C60L63,"POLYGON ((-58.85929999999999 -2.5940000000000007, -58.85929999999999 -2.5942000000000007, -58.859399999999994 -2.5942000000000007, -58.859399999999994 -2.5940000000000007, -58.85929999999999 -2.5940000000000007))"
2024,CORTE SELETIVO,C60L63,"POLYGON ((-58.823499999999996 -2.585200000000001, -58.823499999999996 -2.585400000000001, -58.82359999999999 -2.585400000000001, -58.82359999999999 -2.585200000000001, -58.823499999999996 -2.585200000000001))"
2024,CORTE SELETIVO,C60L63,"POLYGON ((-58.823299999999996 -2.585300000000001, -58.823299999999996 -2.585200000000001, -58.82339999999999 -2.585200000000001, -58.82339999999999 -2.585100000000001, -58.82319999999999 -2.585100000000001, -58.82319999999999 -2.585400000000001, -58.82339999999999 -2.585400000000001, -58.82339999999999 -2.585300000000001, -58.823299999999996 -2.585300000000001))"
2024,CORTE SELETIVO,C60L63,"POLYGON ((-58.82339999999999 -2.585100000000001, -58.823499999999996 -2.585100000000001, -58.823499999999996 -2.585000000000001, -58.82339999999999 -2.585000000000001, -58.82339999999999 -2.585100000000001))"
2024,CORTE SELETIVO,C60L63,"POLYGON ((-58.78489999999999 -2.583500000000001, -58.78499999999999 -2.583500000000001, -58.78499999999999 -2.583400000000001, -58.78489999999999 -2.583400000000001, -58.78489999999999 -2.583500000000001))"
2024,CORTE SELETIVO,C60L63,"POLYGON ((-58.848299999999995 -2.566900000000001, -58.848299999999995 -2.567000000000001, -58.84859999999999 -2.567000000000001, -58.84859999999999 -2.566900000000001, -58.848299999999995 -2.566900000000001))"
2024,CORTE SELETIVO,C60L63,"POLYGON ((-58.78159999999999 -2.565900000000001, -58.78159999999999 -2.5660000000000007, -58.781699999999994 -2.5660000000000007, -58.781699999999994 -2.565900000000001, -58.78159999999999 -2.565900000000001))"
2024,CORTE SELETIVO,C60L63,"POLYGON ((-58.805899999999994 -2.532500000000001, -58.805899999999994 -2.532600000000001, -58.80599999999999 -2.532600000000001, -58.80599999999999 -2.532500000000001, -58.805899999999994 -2.532500000000001))"
2024,CORTE SELETIVO,C60L63,"POLYGON ((-58.842699999999994 -2.516600000000001, -58.84289999999999 -2.516600000000001, -58.84289999999999 -2.516500000000001, -58.842699999999994 -2.516500000000001, -58.842699999999994 -2.516600000000001))"
2024,CORTE SELETIVO,C60L63,"POLYGON ((-58.818799999999996 -2.514200000000001, -58.818999999999996 -2.514200000000001, -58.818999999999996 -2.514100000000001, -58.818799999999996 -2.514100000000001, -58.818799999999996 -2.514200000000001))"
2024,CORTE SELETIVO,C60L63,"POLYGON ((-58.82119999999999 -2.543200000000001, -58.821099999999994 -2.543200000000001, -58.821099999999994 -2.543300000000001, -58.82119999999999 -2.543300000000001, -58.82119999999999 -2.543200000000001))"
2024,CORTE SELETIVO,C60L63,"POLYGON ((-58.953399999999995 -2.6689000000000007, -58.95329999999999 -2.6689000000000007, -58.95329999999999 -2.669000000000001, -58.953399999999995 -2.669000000000001, -58.953399999999995 -2.6689000000000007))"
2024,CORTE SELETIVO,C60L63,"POLYGON ((-58.770599999999995 -2.5959000000000008, -58.77049999999999 -2.5959000000000008, -58.77049999999999 -2.596000000000001, -58.770599999999995 -2.596000000000001, -58.770599999999995 -2.5959000000000008))"
2024,CORTE SELETIVO,C60L63,"POLYGON ((-58.93999999999999 -2.662900000000001, -58.93999999999999 -2.6630000000000007, -58.940099999999994 -2.6630000000000007, -58.940099999999994 -2.662900000000001, -58.93999999999999 -2.662900000000001))"
2024,CORTE SELETIVO,C60L63,"POLYGON ((-58.967099999999995 -2.604800000000001, -58.967099999999995 -2.604900000000001, -58.96719999999999 -2.604900000000001, -58.96719999999999 -2.604800000000001, -58.967099999999995 -2.604800000000001))"
2024,CORTE SELETIVO,C60L63,"POLYGON ((-58.944199999999995 -2.672000000000001, -58.94429999999999 -2.672000000000001, -58.94429999999999 -2.671900000000001, -58.944199999999995 -2.671900000000001, -58.944199999999995 -2.672000000000001))"
2024,CORTE SELETIVO,C60L63,"POLYGON ((-58.93429999999999 -2.6121000000000008, -58.93439999999999 -2.6121000000000008, -58.93439999999999 -2.612000000000001, -58.93429999999999 -2.612000000000001, -58.93429999999999 -2.6121000000000008))"
2024,CORTE SELETIVO,C60L63,"POLYGON ((-58.770599999999995 -2.595700000000001, -58.77069999999999 -2.595700000000001, -58.77069999999999 -2.595600000000001, -58.770599999999995 -2.595600000000001, -58.770599999999995 -2.595700000000001))"
2024,CORTE SELETIVO,C60L63,"POLYGON ((-58.882099999999994 -2.5201000000000007, -58.88219999999999 -2.5201000000000007, -58.88219999999999 -2.520000000000001, -58.882099999999994 -2.520000000000001, -58.882099999999994 -2.5201000000000007))"
2024,CORTE SELETIVO,C60L63,"POLYGON ((-58.98369999999999 -2.685800000000001, -58.98369999999999 -2.685900000000001, -58.983799999999995 -2.685900000000001, -58.983799999999995 -2.685800000000001, -58.98369999999999 -2.685800000000001))"
2024,CORTE SELETIVO,C60L63,"POLYGON ((-58.98369999999999 -2.685700000000001, -58.983799999999995 -2.685700000000001, -58.983799999999995 -2.685600000000001, -58.98369999999999 -2.685600000000001, -58.98369999999999 -2.685700000000001))"
2024,CORTE SELETIVO,C60L63,"POLYGON ((-58.98649999999999 -2.593000000000001, -58.986599999999996 -2.593000000000001, -58.986599999999996 -2.592900000000001, -58.98649999999999 -2.592900000000001, -58.98649999999999 -2.593000000000001))"
2024,CORTE SELETIVO,C60L63,"POLYGON ((-58.953399999999995 -2.669000000000001, -58.95329999999999 -2.669000000000001, -58.95329999999999 -2.6691000000000007, -58.953399999999995 -2.6691000000000007, -58.953399999999995 -2.669000000000001))"
2024,CORTE SELETIVO,C60L63,"POLYGON ((-58.96739999999999 -2.6851000000000007, -58.967299999999994 -2.6851000000000007, -58.967299999999994 -2.685200000000001, -58.96739999999999 -2.685200000000001, -58.96739999999999 -2.6851000000000007))"
2024,CORTE SELETIVO,C60L63,"POLYGON ((-58.95739999999999 -2.671100000000001, -58.95739999999999 -2.6712000000000007, -58.957499999999996 -2.6712000000000007, -58.957499999999996 -2.671100000000001, -58.95739999999999 -2.671100000000001))"
2024,CORTE SELETIVO,C60L63,"POLYGON ((-58.965399999999995 -2.654700000000001, -58.965399999999995 -2.6548000000000007, -58.96549999999999 -2.6548000000000007, -58.96549999999999 -2.6546000000000007, -58.965399999999995 -2.6546000000000007, -58.965399999999995 -2.654500000000001, -58.96529999999999 -2.654500000000001, -58.96529999999999 -2.654300000000001, -58.965199999999996 -2.654300000000001, -58.965199999999996 -2.6544000000000008, -58.96509999999999 -2.6544000000000008, -58.96509999999999 -2.654700000000001, -58.965399999999995 -2.654700000000001))"
2024,CORTE SELETIVO,C60L63,"POLYGON ((-58.938199999999995 -2.609900000000001, -58.93829999999999 -2.609900000000001, -58.93829999999999 -2.609600000000001, -58.93809999999999 -2.609600000000001, -58.93809999999999 -2.609800000000001, -58.938199999999995 -2.609800000000001, -58.938199999999995 -2.609900000000001))"
2024,CORTE SELETIVO,C60L63,"POLYGON ((-58.938399999999994 -2.609200000000001, -58.938399999999994 -2.609300000000001, -58.93849999999999 -2.609300000000001, -58.93849999999999 -2.609200000000001, -58.938399999999994 -2.609200000000001))"
2024,CORTE SELETIVO,C60L63,"POLYGON ((-58.93919999999999 -2.607400000000001, -58.93919999999999 -2.607500000000001, -58.93939999999999 -2.607500000000001, -58.93939999999999 -2.607400000000001, -58.93919999999999 -2.607400000000001))"
2024,CORTE SELETIVO,C60L63,"POLYGON ((-58.939499999999995 -2.607100000000001, -58.93939999999999 -2.607100000000001, -58.93939999999999 -2.607400000000001, -58.939499999999995 -2.607400000000001, -58.939499999999995 -2.607100000000001))"
2024,CORTE SELETIVO,C60L63,"POLYGON ((-58.939499999999995 -2.606900000000001, -58.939499999999995 -2.607000000000001, -58.93959999999999 -2.607000000000001, -58.93959999999999 -2.606900000000001, -58.939499999999995 -2.606900000000001))"
2024,CORTE SELETIVO,C60L63,"POLYGON ((-58.941599999999994 -2.601800000000001, -58.941599999999994 -2.601900000000001, -58.94169999999999 -2.601900000000001, -58.94169999999999 -2.601800000000001, -58.941599999999994 -2.601800000000001))"
2024,CORTE SELETIVO,C60L63,"POLYGON ((-58.953799999999994 -2.5986000000000007, -58.953799999999994 -2.598700000000001, -58.95389999999999 -2.598700000000001, -58.95389999999999 -2.5986000000000007, -58.953799999999994 -2.5986000000000007))"
2024,CORTE SELETIVO,C60L63,"POLYGON ((-58.96229999999999 -2.597700000000001, -58.96229999999999 -2.5978000000000008, -58.962399999999995 -2.5978000000000008, -58.962399999999995 -2.597700000000001, -58.96229999999999 -2.597700000000001))"
2024,CORTE SELETIVO,C60L63,"POLYGON ((-58.962999999999994 -2.5965000000000007, -58.962999999999994 -2.596600000000001, -58.96309999999999 -2.596600000000001, -58.96309999999999 -2.5965000000000007, -58.962999999999994 -2.5965000000000007))"
2024,CORTE SELETIVO,C60L63,"POLYGON ((-58.944199999999995 -2.594100000000001, -58.944199999999995 -2.5942000000000007, -58.944399999999995 -2.5942000000000007, -58.944399999999995 -2.594100000000001, -58.944199999999995 -2.594100000000001))"
2024,CORTE SELETIVO,C60L63,"POLYGON ((-58.962599999999995 -2.5757000000000008, -58.96249999999999 -2.5757000000000008, -58.96249999999999 -2.575800000000001, -58.962599999999995 -2.575800000000001, -58.962599999999995 -2.5757000000000008))"
2024,CORTE SELETIVO,C60L63,"POLYGON ((-58.77609999999999 -2.704600000000001, -58.77609999999999 -2.704800000000001, -58.776199999999996 -2.704800000000001, -58.776199999999996 -2.704600000000001, -58.77609999999999 -2.704600000000001))"
2024,CORTE SELETIVO,C60L63,"POLYGON ((-58.76979999999999 -2.685200000000001, -58.76979999999999 -2.6853000000000007, -58.76989999999999 -2.6853000000000007, -58.76989999999999 -2.685200000000001, -58.76979999999999 -2.685200000000001))"
2024,CORTE SELETIVO,C60L63,"POLYGON ((-58.76979999999999 -2.685000000000001, -58.76979999999999 -2.6849000000000007, -58.76969999999999 -2.6849000000000007, -58.76969999999999 -2.6851000000000007, -58.76989999999999 -2.6851000000000007, -58.76989999999999 -2.685000000000001, -58.76979999999999 -2.685000000000001))"
2024,CORTE SELETIVO,C60L63,"POLYGON ((-58.769499999999994 -2.6849000000000007, -58.769499999999994 -2.685000000000001, -58.76959999999999 -2.685000000000001, -58.76959999999999 -2.6849000000000007, -58.769499999999994 -2.6849000000000007))"
2024,CORTE SELETIVO,C60L63,"POLYGON ((-58.93419999999999 -2.653900000000001, -58.93419999999999 -2.654000000000001, -58.93429999999999 -2.654000000000001, -58.93429999999999 -2.653900000000001, -58.93419999999999 -2.653900000000001))"
2024,CORTE SELETIVO,C60L63,"POLYGON ((-58.92679999999999 -2.6365000000000007, -58.92679999999999 -2.636600000000001, -58.926899999999996 -2.636600000000001, -58.926899999999996 -2.6365000000000007, -58.92679999999999 -2.6365000000000007))"
2024,CORTE SELETIVO,C60L63,"POLYGON ((-58.92519999999999 -2.599600000000001, -58.92509999999999 -2.599600000000001, -58.92509999999999 -2.599700000000001, -58.92519999999999 -2.599700000000001, -58.92519999999999 -2.599600000000001))"
2024,CORTE SELETIVO,C60L63,"POLYGON ((-58.79959999999999 -2.598100000000001, -58.79959999999999 -2.5984000000000007, -58.799699999999994 -2.5984000000000007, -58.799699999999994 -2.597900000000001, -58.79939999999999 -2.597900000000001, -58.79939999999999 -2.5980000000000008, -58.799499999999995 -2.5980000000000008, -58.799499999999995 -2.598100000000001, -58.79959999999999 -2.598100000000001))"
2024,CORTE SELETIVO,C60L63,"POLYGON ((-58.859399999999994 -2.5940000000000007, -58.859399999999994 -2.5942000000000007, -58.85949999999999 -2.5942000000000007, -58.85949999999999 -2.5940000000000007, -58.859399999999994 -2.5940000000000007))"
2024,CORTE SELETIVO,C60L63,"POLYGON ((-58.823299999999996 -2.585000000000001, -58.823299999999996 -2.585100000000001, -58.82339999999999 -2.585100000000001, -58.82339999999999 -2.585000000000001, -58.823299999999996 -2.585000000000001))"
2024,CORTE SELETIVO,C60L63,"POLYGON ((-58.78639999999999 -2.583800000000001, -58.78639999999999 -2.5839000000000008, -58.78649999999999 -2.5839000000000008, -58.78649999999999 -2.583800000000001, -58.78639999999999 -2.583800000000001))"
2024,CORTE SELETIVO,C60L63,"POLYGON ((-58.81719999999999 -2.537000000000001, -58.81719999999999 -2.537200000000001, -58.817299999999996 -2.537200000000001, -58.817299999999996 -2.537000000000001, -58.81719999999999 -2.537000000000001))"
2024,CORTE SELETIVO,C60L63,"POLYGON ((-58.933099999999996 -2.500000000000001, -58.933099999999996 -2.500100000000001, -58.93319999999999 -2.500100000000001, -58.93319999999999 -2.500000000000001, -58.933099999999996 -2.500000000000001))"
2024,CORTE SELETIVO,C60L63,"POLYGON ((-58.93919999999999 -2.607600000000001, -58.93919999999999 -2.607700000000001, -58.939299999999996 -2.607700000000001, -58.939299999999996 -2.607600000000001, -58.93919999999999 -2.607600000000001))"
2024,CORTE SELETIVO,C60L63,"POLYGON ((-58.833999999999996 -2.514800000000001, -58.833999999999996 -2.514900000000001, -58.83409999999999 -2.514900000000001, -58.83409999999999 -2.514800000000001, -58.833999999999996 -2.514800000000001))"
2024,CORTE SELETIVO,C60L63,"POLYGON ((-58.770799999999994 -2.6906000000000008, -58.770799999999994 -2.690700000000001, -58.77089999999999 -2.690700000000001, -58.77089999999999 -2.6906000000000008, -58.770799999999994 -2.6906000000000008))"
2024,CORTE SELETIVO,C60L63,"POLYGON ((-58.962799999999994 -2.6872000000000007, -58.962799999999994 -2.687300000000001, -58.96289999999999 -2.687300000000001, -58.96289999999999 -2.6872000000000007, -58.962799999999994 -2.6872000000000007))"
2024,CORTE SELETIVO,C60L63,"POLYGON ((-58.96999999999999 -2.672300000000001, -58.96999999999999 -2.672400000000001, -58.970099999999995 -2.672400000000001, -58.970099999999995 -2.672300000000001, -58.96999999999999 -2.672300000000001))"
2024,CORTE SELETIVO,C60L63,"POLYGON ((-58.95739999999999 -2.6712000000000007, -58.95739999999999 -2.671300000000001, -58.957499999999996 -2.671300000000001, -58.957499999999996 -2.6712000000000007, -58.95739999999999 -2.6712000000000007))"
2024,CORTE SELETIVO,C60L63,"POLYGON ((-58.976499999999994 -2.657000000000001, -58.976499999999994 -2.6571000000000007, -58.97659999999999 -2.6571000000000007, -58.97659999999999 -2.657000000000001, -58.976499999999994 -2.657000000000001))"
2024,CORTE SELETIVO,C60L63,"POLYGON ((-58.965399999999995 -2.654900000000001, -58.96549999999999 -2.654900000000001, -58.96549999999999 -2.6548000000000007, -58.965399999999995 -2.6548000000000007, -58.965399999999995 -2.654900000000001))"
2024,CORTE SELETIVO,C60L63,"POLYGON ((-58.965199999999996 -2.6548000000000007, -58.96529999999999 -2.6548000000000007, -58.96529999999999 -2.654700000000001, -58.965199999999996 -2.654700000000001, -58.965199999999996 -2.6548000000000007))"
2024,CORTE SELETIVO,C60L63,"POLYGON ((-58.965599999999995 -2.6548000000000007, -58.965599999999995 -2.654500000000001, -58.965399999999995 -2.654500000000001, -58.965399999999995 -2.6546000000000007, -58.96549999999999 -2.6546000000000007, -58.96549999999999 -2.6548000000000007, -58.965599999999995 -2.6548000000000007))"
2024,CORTE SELETIVO,C60L63,"POLYGON ((-58.96529999999999 -2.654500000000001, -58.965399999999995 -2.654500000000001, -58.965399999999995 -2.6544000000000008, -58.96529999999999 -2.6544000000000008, -58.96529999999999 -2.654500000000001))"
2024,CORTE SELETIVO,C60L63,"POLYGON ((-58.96509999999999 -2.6544000000000008, -58.965199999999996 -2.6544000000000008, -58.965199999999996 -2.654300000000001, -58.96509999999999 -2.654300000000001, -58.96509999999999 -2.6544000000000008))"
2024,CORTE SELETIVO,C60L63,"POLYGON ((-58.967699999999994 -2.613800000000001, -58.967699999999994 -2.6140000000000008, -58.96779999999999 -2.6140000000000008, -58.96779999999999 -2.613800000000001, -58.967699999999994 -2.613800000000001))"
2024,CORTE SELETIVO,C60L63,"POLYGON ((-58.955499999999994 -2.610100000000001, -58.95559999999999 -2.610100000000001, -58.95559999999999 -2.6100000000000008, -58.955499999999994 -2.6100000000000008, -58.955499999999994 -2.610100000000001))"
2024,CORTE SELETIVO,C60L63,"POLYGON ((-58.964499999999994 -2.604200000000001, -58.96459999999999 -2.604200000000001, -58.96459999999999 -2.604000000000001, -58.964499999999994 -2.604000000000001, -58.964499999999994 -2.604200000000001))"
2024,CORTE SELETIVO,C60L63,"POLYGON ((-58.96229999999999 -2.596800000000001, -58.96229999999999 -2.596900000000001, -58.96249999999999 -2.596900000000001, -58.96249999999999 -2.596800000000001, -58.96229999999999 -2.596800000000001))"
2024,CORTE SELETIVO,C60L63,"POLYGON ((-58.97409999999999 -2.5925000000000007, -58.974199999999996 -2.5925000000000007, -58.974199999999996 -2.592400000000001, -58.97409999999999 -2.592400000000001, -58.97409999999999 -2.5925000000000007))"
2024,CORTE SELETIVO,C60L63,"POLYGON ((-58.99009999999999 -2.525300000000001, -58.990199999999994 -2.525300000000001, -58.990199999999994 -2.5252000000000008, -58.99009999999999 -2.5252000000000008, -58.99009999999999 -2.525300000000001))"
2024,CORTE SELETIVO,C60L63,"POLYGON ((-58.990199999999994 -2.525100000000001, -58.990199999999994 -2.5252000000000008, -58.99029999999999 -2.5252000000000008, -58.99029999999999 -2.525100000000001, -58.990199999999994 -2.525100000000001))"
2024,CORTE SELETIVO,C60L63,"POLYGON ((-58.990199999999994 -2.525000000000001, -58.99029999999999 -2.525000000000001, -58.99029999999999 -2.524800000000001, -58.990199999999994 -2.524800000000001, -58.990199999999994 -2.525000000000001))"
2024,CORTE SELETIVO,C60L63,"POLYGON ((-58.95239999999999 -2.668200000000001, -58.95249999999999 -2.668200000000001, -58.95249999999999 -2.668100000000001, -58.95239999999999 -2.668100000000001, -58.95239999999999 -2.668200000000001))"
2024,CORTE SELETIVO,C60L63,"POLYGON ((-58.942499999999995 -2.665600000000001, -58.942499999999995 -2.665700000000001, -58.94259999999999 -2.665700000000001, -58.94259999999999 -2.665600000000001, -58.942499999999995 -2.665600000000001))"
2024,CORTE SELETIVO,C60L63,"POLYGON ((-58.95539999999999 -2.665400000000001, -58.955499999999994 -2.665400000000001, -58.955499999999994 -2.665300000000001, -58.95539999999999 -2.665300000000001, -58.95539999999999 -2.665400000000001))"
2024,CORTE SELETIVO,C60L63,"POLYGON ((-58.953599999999994 -2.617200000000001, -58.95369999999999 -2.617200000000001, -58.95369999999999 -2.617100000000001, -58.953599999999994 -2.617100000000001, -58.953599999999994 -2.617200000000001))"
2024,CORTE SELETIVO,C60L63,"POLYGON ((-58.95499999999999 -2.609400000000001, -58.95499999999999 -2.609500000000001, -58.955099999999995 -2.609500000000001, -58.955099999999995 -2.609400000000001, -58.95499999999999 -2.609400000000001))"
2024,CORTE SELETIVO,C60L63,"POLYGON ((-58.955099999999995 -2.609400000000001, -58.95519999999999 -2.609400000000001, -58.95519999999999 -2.609300000000001, -58.955099999999995 -2.609300000000001, -58.955099999999995 -2.609400000000001))"
2024,CORTE SELETIVO,C60L63,"POLYGON ((-58.953599999999994 -2.5988000000000007, -58.953799999999994 -2.5988000000000007, -58.953799999999994 -2.598700000000001, -58.953599999999994 -2.598700000000001, -58.953599999999994 -2.5988000000000007))"
2024,CORTE SELETIVO,C60L63,"POLYGON ((-58.95349999999999 -2.5986000000000007, -58.95349999999999 -2.598700000000001, -58.953599999999994 -2.598700000000001, -58.953599999999994 -2.5986000000000007, -58.95349999999999 -2.5986000000000007))"
2024,CORTE SELETIVO,C60L63,"POLYGON ((-58.95369999999999 -2.5986000000000007, -58.953799999999994 -2.5986000000000007, -58.953799999999994 -2.598500000000001, -58.95369999999999 -2.598500000000001, -58.95369999999999 -2.5986000000000007))"
2024,CORTE SELETIVO,C60L63,"POLYGON ((-58.94959999999999 -2.5984000000000007, -58.94969999999999 -2.5984000000000007, -58.94969999999999 -2.598300000000001, -58.94959999999999 -2.598300000000001, -58.94959999999999 -2.5984000000000007))"
2024,CORTE SELETIVO,C60L63,"POLYGON ((-58.944599999999994 -2.597100000000001, -58.944599999999994 -2.597200000000001, -58.94469999999999 -2.597200000000001, -58.94469999999999 -2.597100000000001, -58.944599999999994 -2.597100000000001))"
2024,CORTE SELETIVO,C60L63,"POLYGON ((-58.953799999999994 -2.592800000000001, -58.95389999999999 -2.592800000000001, -58.95389999999999 -2.5927000000000007, -58.953799999999994 -2.5927000000000007, -58.953799999999994 -2.592800000000001))"
2024,CORTE SELETIVO,C60L63,"POLYGON ((-58.953599999999994 -2.5927000000000007, -58.953799999999994 -2.5927000000000007, -58.953799999999994 -2.592600000000001, -58.953599999999994 -2.592600000000001, -58.953599999999994 -2.5927000000000007))"
2024,CORTE SELETIVO,C60L63,"POLYGON ((-58.94339999999999 -2.590800000000001, -58.94339999999999 -2.591000000000001, -58.94349999999999 -2.591000000000001, -58.94349999999999 -2.590800000000001, -58.94339999999999 -2.590800000000001))"
2024,CORTE SELETIVO,C60L63,"POLYGON ((-58.94179999999999 -2.588400000000001, -58.94189999999999 -2.588400000000001, -58.94189999999999 -2.5885000000000007, -58.94199999999999 -2.5885000000000007, -58.94199999999999 -2.5883000000000007, -58.942099999999996 -2.5883000000000007, -58.942099999999996 -2.5881000000000007, -58.94199999999999 -2.5881000000000007, -58.94199999999999 -2.588200000000001, -58.94189999999999 -2.588200000000001, -58.94189999999999 -2.5883000000000007, -58.94179999999999 -2.5883000000000007, -58.94179999999999 -2.588400000000001))"
2024,CORTE SELETIVO,C60L63,"POLYGON ((-58.94799999999999 -2.586300000000001, -58.94809999999999 -2.586300000000001, -58.94809999999999 -2.5862000000000007, -58.94799999999999 -2.5862000000000007, -58.94799999999999 -2.586300000000001))"
2024,CORTE SELETIVO,C60L63,"POLYGON ((-58.93589999999999 -2.6552000000000007, -58.93589999999999 -2.655300000000001, -58.93599999999999 -2.655300000000001, -58.93599999999999 -2.6552000000000007, -58.93589999999999 -2.6552000000000007))"
2024,CORTE SELETIVO,C60L63,"POLYGON ((-58.94069999999999 -2.603200000000001, -58.94089999999999 -2.603200000000001, -58.94089999999999 -2.603100000000001, -58.94069999999999 -2.603100000000001, -58.94069999999999 -2.603200000000001))"
2024,CORTE SELETIVO,C60L63,"POLYGON ((-58.92519999999999 -2.5999000000000008, -58.92529999999999 -2.5999000000000008, -58.92529999999999 -2.599800000000001, -58.92519999999999 -2.599800000000001, -58.92519999999999 -2.5999000000000008))"
2024,CORTE SELETIVO,C60L63,"POLYGON ((-58.94179999999999 -2.5885000000000007, -58.94179999999999 -2.588600000000001, -58.94189999999999 -2.588600000000001, -58.94189999999999 -2.5885000000000007, -58.94179999999999 -2.5885000000000007))"
2024,CORTE SELETIVO,C60L63,"POLYGON ((-58.823499999999996 -2.585100000000001, -58.82359999999999 -2.585100000000001, -58.82359999999999 -2.585000000000001, -58.823499999999996 -2.585000000000001, -58.823499999999996 -2.585100000000001))"
2024,CORTE SELETIVO,C60L63,"POLYGON ((-58.78489999999999 -2.583200000000001, -58.784699999999994 -2.583200000000001, -58.784699999999994 -2.583300000000001, -58.78479999999999 -2.583300000000001, -58.78479999999999 -2.583600000000001, -58.78489999999999 -2.583600000000001, -58.78489999999999 -2.583200000000001))"
2024,CORTE SELETIVO,C60L63,"POLYGON ((-58.78999999999999 -2.579800000000001, -58.78999999999999 -2.5799000000000007, -58.790099999999995 -2.5799000000000007, -58.790099999999995 -2.579800000000001, -58.78999999999999 -2.579800000000001))"
2024,CORTE SELETIVO,C60L63,"POLYGON ((-58.81949999999999 -2.569100000000001, -58.819599999999994 -2.569100000000001, -58.819599999999994 -2.569000000000001, -58.81949999999999 -2.569000000000001, -58.81949999999999 -2.569100000000001))"
2024,CORTE SELETIVO,C60L63,"POLYGON ((-58.848499999999994 -2.566900000000001, -58.84859999999999 -2.566900000000001, -58.84859999999999 -2.566800000000001, -58.848499999999994 -2.566800000000001, -58.848499999999994 -2.566900000000001))"
2024,CORTE SELETIVO,C60L63,"POLYGON ((-58.767399999999995 -2.565000000000001, -58.767399999999995 -2.565100000000001, -58.76749999999999 -2.565100000000001, -58.76749999999999 -2.565000000000001, -58.767399999999995 -2.565000000000001))"
2024,CORTE SELETIVO,C60L63,"POLYGON ((-58.767399999999995 -2.564900000000001, -58.76749999999999 -2.564900000000001, -58.76749999999999 -2.564800000000001, -58.767399999999995 -2.564800000000001, -58.767399999999995 -2.564900000000001))"
2024,CORTE SELETIVO,C60L63,"POLYGON ((-58.82699999999999 -2.561200000000001, -58.827099999999994 -2.561200000000001, -58.827099999999994 -2.561100000000001, -58.82699999999999 -2.561100000000001, -58.82699999999999 -2.561200000000001))"
2024,CORTE SELETIVO,C60L63,"POLYGON ((-58.84139999999999 -2.543300000000001, -58.84139999999999 -2.543400000000001, -58.841499999999996 -2.543400000000001, -58.841499999999996 -2.543300000000001, -58.84139999999999 -2.543300000000001))"
2024,CORTE SELETIVO,C60L63,"POLYGON ((-58.823899999999995 -2.527400000000001, -58.82399999999999 -2.527400000000001, -58.82399999999999 -2.5273000000000008, -58.823899999999995 -2.5273000000000008, -58.823899999999995 -2.527400000000001))"
2024,CORTE SELETIVO,C60L63,"POLYGON ((-58.864799999999995 -2.5052000000000008, -58.86489999999999 -2.5052000000000008, -58.86489999999999 -2.505000000000001, -58.864799999999995 -2.505000000000001, -58.864799999999995 -2.5052000000000008))"
2024,CORTE SELETIVO,C60L63,"POLYGON ((-58.913599999999995 -2.747700000000001, -58.913599999999995 -2.7478000000000007, -58.91369999999999 -2.7478000000000007, -58.91369999999999 -2.747700000000001, -58.913599999999995 -2.747700000000001))"
2024,CORTE SELETIVO,C60L63,"POLYGON ((-58.833999999999996 -2.514600000000001, -58.833999999999996 -2.514700000000001, -58.83409999999999 -2.514700000000001, -58.83409999999999 -2.514600000000001, -58.833999999999996 -2.514600000000001))"
2024,CORTE SELETIVO,C60L63,"POLYGON ((-58.821299999999994 -2.543200000000001, -58.82119999999999 -2.543200000000001, -58.82119999999999 -2.543300000000001, -58.821299999999994 -2.543300000000001, -58.821299999999994 -2.543200000000001))"
2024,CORTE SELETIVO,C60L63,"POLYGON ((-58.962999999999994 -2.6872000000000007, -58.96289999999999 -2.6872000000000007, -58.96289999999999 -2.687300000000001, -58.962999999999994 -2.687300000000001, -58.962999999999994 -2.6872000000000007))"
2024,CORTE SELETIVO,C60L63,"POLYGON ((-58.924899999999994 -2.662700000000001, -58.92479999999999 -2.662700000000001, -58.92479999999999 -2.6628000000000007, -58.924899999999994 -2.6628000000000007, -58.924899999999994 -2.662700000000001))"
2024,CORTE SELETIVO,C60L63,"POLYGON ((-58.93659999999999 -2.6586000000000007, -58.93659999999999 -2.658700000000001, -58.936699999999995 -2.658700000000001, -58.936699999999995 -2.6586000000000007, -58.93659999999999 -2.6586000000000007))"
2024,CORTE SELETIVO,C60L63,"POLYGON ((-58.92479999999999 -2.5946000000000007, -58.924899999999994 -2.5946000000000007, -58.924899999999994 -2.594500000000001, -58.92479999999999 -2.594500000000001, -58.92479999999999 -2.5946000000000007))"
2024,CORTE SELETIVO,C60L63,"POLYGON ((-58.989599999999996 -2.525500000000001, -58.98969999999999 -2.525500000000001, -58.98969999999999 -2.5254000000000008, -58.989599999999996 -2.5254000000000008, -58.989599999999996 -2.525500000000001))"
2024,CORTE SELETIVO,C60L63,"POLYGON ((-58.866699999999994 -2.5313000000000008, -58.86659999999999 -2.5313000000000008, -58.86659999999999 -2.531400000000001, -58.866699999999994 -2.531400000000001, -58.866699999999994 -2.5313000000000008))"
2024,CORTE SELETIVO,C60L63,"POLYGON ((-58.989799999999995 -2.5252000000000008, -58.98969999999999 -2.5252000000000008, -58.98969999999999 -2.525300000000001, -58.989799999999995 -2.525300000000001, -58.989799999999995 -2.5252000000000008))"
2024,CORTE SELETIVO,C60L63,"POLYGON ((-58.955299999999994 -2.609900000000001, -58.95519999999999 -2.609900000000001, -58.95519999999999 -2.6100000000000008, -58.955299999999994 -2.6100000000000008, -58.955299999999994 -2.609900000000001))"
2024,CORTE SELETIVO,C60L63,"POLYGON ((-58.95249999999999 -2.589600000000001, -58.95249999999999 -2.589700000000001, -58.95259999999999 -2.589700000000001, -58.95259999999999 -2.589600000000001, -58.95249999999999 -2.589600000000001))"
2024,CORTE SELETIVO,C60L63,"POLYGON ((-58.819199999999995 -2.505300000000001, -58.819199999999995 -2.5054000000000007, -58.81929999999999 -2.5054000000000007, -58.81929999999999 -2.505300000000001, -58.819199999999995 -2.505300000000001))"
2024,CORTE SELETIVO,C60L63,"POLYGON ((-58.94019999999999 -2.6630000000000007, -58.940099999999994 -2.6630000000000007, -58.940099999999994 -2.663100000000001, -58.94019999999999 -2.663100000000001, -58.94019999999999 -2.6630000000000007))"
2024,CORTE SELETIVO,C60L63,"POLYGON ((-58.95219999999999 -2.6687000000000007, -58.95219999999999 -2.668800000000001, -58.952299999999994 -2.668800000000001, -58.952299999999994 -2.6687000000000007, -58.95219999999999 -2.6687000000000007))"
2024,CORTE SELETIVO,C60L63,"POLYGON ((-58.771899999999995 -2.595800000000001, -58.771899999999995 -2.5959000000000008, -58.77199999999999 -2.5959000000000008, -58.77199999999999 -2.595800000000001, -58.771899999999995 -2.595800000000001))"
2024,CORTE SELETIVO,C60L63,"POLYGON ((-58.94409999999999 -2.594100000000001, -58.943999999999996 -2.594100000000001, -58.943999999999996 -2.5942000000000007, -58.94409999999999 -2.5942000000000007, -58.94409999999999 -2.594100000000001))"
2024,CORTE SELETIVO,C60L63,"POLYGON ((-58.971399999999996 -2.681800000000001, -58.971399999999996 -2.681700000000001, -58.97149999999999 -2.681700000000001, -58.97149999999999 -2.681600000000001, -58.971199999999996 -2.681600000000001, -58.971199999999996 -2.681700000000001, -58.97129999999999 -2.681700000000001, -58.97129999999999 -2.681800000000001, -58.971399999999996 -2.681800000000001))"
2024,CORTE SELETIVO,C60L63,"POLYGON ((-58.95219999999999 -2.676400000000001, -58.95219999999999 -2.6765000000000008, -58.952299999999994 -2.6765000000000008, -58.952299999999994 -2.676400000000001, -58.95219999999999 -2.676400000000001))"
2024,CORTE SELETIVO,C60L63,"POLYGON ((-58.97089999999999 -2.6645000000000008, -58.97089999999999 -2.664400000000001, -58.97079999999999 -2.664400000000001, -58.97079999999999 -2.664600000000001, -58.97099999999999 -2.664600000000001, -58.97099999999999 -2.6645000000000008, -58.97089999999999 -2.6645000000000008))"
2024,CORTE SELETIVO,C60L63,"POLYGON ((-58.964999999999996 -2.657400000000001, -58.964999999999996 -2.657200000000001, -58.96479999999999 -2.657200000000001, -58.96479999999999 -2.657500000000001, -58.96489999999999 -2.657500000000001, -58.96489999999999 -2.657400000000001, -58.964999999999996 -2.657400000000001))"
2024,CORTE SELETIVO,C60L63,"POLYGON ((-58.97619999999999 -2.657000000000001, -58.97619999999999 -2.6571000000000007, -58.976299999999995 -2.6571000000000007, -58.976299999999995 -2.657000000000001, -58.97619999999999 -2.657000000000001))"
2024,CORTE SELETIVO,C60L63,"POLYGON ((-58.974199999999996 -2.649700000000001, -58.974199999999996 -2.649800000000001, -58.974399999999996 -2.649800000000001, -58.974399999999996 -2.649700000000001, -58.974199999999996 -2.649700000000001))"
2024,CORTE SELETIVO,C60L63,"POLYGON ((-58.95859999999999 -2.6083000000000007, -58.95859999999999 -2.608200000000001, -58.958499999999994 -2.608200000000001, -58.958499999999994 -2.608400000000001, -58.95869999999999 -2.608400000000001, -58.95869999999999 -2.6083000000000007, -58.95859999999999 -2.6083000000000007))"
2024,CORTE SELETIVO,C60L63,"POLYGON ((-58.940799999999996 -2.603300000000001, -58.94089999999999 -2.603300000000001, -58.94089999999999 -2.603200000000001, -58.940799999999996 -2.603200000000001, -58.940799999999996 -2.603300000000001))"
2024,CORTE SELETIVO,C60L63,"POLYGON ((-58.972199999999994 -2.603100000000001, -58.97229999999999 -2.603100000000001, -58.97229999999999 -2.603000000000001, -58.972199999999994 -2.603000000000001, -58.972199999999994 -2.603100000000001))"
2024,CORTE SELETIVO,C60L63,"POLYGON ((-58.97129999999999 -2.6005000000000007, -58.97129999999999 -2.6007000000000007, -58.97149999999999 -2.6007000000000007, -58.97149999999999 -2.6005000000000007, -58.97129999999999 -2.6005000000000007))"
2024,CORTE SELETIVO,C60L63,"POLYGON ((-58.962399999999995 -2.597300000000001, -58.962399999999995 -2.597400000000001, -58.96249999999999 -2.597400000000001, -58.96249999999999 -2.597300000000001, -58.962399999999995 -2.597300000000001))"
2024,CORTE SELETIVO,C60L63,"POLYGON ((-58.961999999999996 -2.596900000000001, -58.961999999999996 -2.597100000000001, -58.962199999999996 -2.597100000000001, -58.962199999999996 -2.596900000000001, -58.961999999999996 -2.596900000000001))"
2024,CORTE SELETIVO,C60L63,"POLYGON ((-58.962199999999996 -2.596800000000001, -58.962199999999996 -2.596900000000001, -58.96229999999999 -2.596900000000001, -58.96229999999999 -2.596800000000001, -58.962199999999996 -2.596800000000001))"
2024,CORTE SELETIVO,C60L63,"POLYGON ((-58.96739999999999 -2.593200000000001, -58.96739999999999 -2.593300000000001, -58.967499999999994 -2.593300000000001, -58.967499999999994 -2.593200000000001, -58.96739999999999 -2.593200000000001))"
2024,CORTE SELETIVO,C60L63,"POLYGON ((-58.94819999999999 -2.587800000000001, -58.94819999999999 -2.5877000000000008, -58.94799999999999 -2.5877000000000008, -58.94799999999999 -2.5879000000000008, -58.94809999999999 -2.5879000000000008, -58.94809999999999 -2.587800000000001, -58.94819999999999 -2.587800000000001))"
2024,CORTE SELETIVO,C60L63,"POLYGON ((-58.96269999999999 -2.578300000000001, -58.96269999999999 -2.578100000000001, -58.962599999999995 -2.578100000000001, -58.962599999999995 -2.5782000000000007, -58.96249999999999 -2.5782000000000007, -58.96249999999999 -2.578300000000001, -58.96269999999999 -2.578300000000001))"
2024,CORTE SELETIVO,C60L63,"POLYGON ((-58.96329999999999 -2.576700000000001, -58.96339999999999 -2.576700000000001, -58.96339999999999 -2.576600000000001, -58.96329999999999 -2.576600000000001, -58.96329999999999 -2.576700000000001))"
2024,CORTE SELETIVO,C60L63,"POLYGON ((-58.996599999999994 -2.517100000000001, -58.99669999999999 -2.517100000000001, -58.99669999999999 -2.517000000000001, -58.996599999999994 -2.517000000000001, -58.996599999999994 -2.517100000000001))"
2024,CORTE SELETIVO,C60L63,"POLYGON ((-58.996599999999994 -2.516700000000001, -58.996599999999994 -2.516800000000001, -58.99669999999999 -2.516800000000001, -58.99669999999999 -2.516700000000001, -58.996599999999994 -2.516700000000001))"
2024,CORTE SELETIVO,C60L63,"POLYGON ((-58.88539999999999 -2.690700000000001, -58.88539999999999 -2.6908000000000007, -58.88549999999999 -2.6908000000000007, -58.88549999999999 -2.690700000000001, -58.88539999999999 -2.690700000000001))"
2024,CORTE SELETIVO,C60L63,"POLYGON ((-58.77139999999999 -2.689900000000001, -58.77139999999999 -2.690100000000001, -58.771499999999996 -2.690100000000001, -58.771499999999996 -2.689900000000001, -58.77139999999999 -2.689900000000001))"
2024,CORTE SELETIVO,C60L63,"POLYGON ((-58.77129999999999 -2.688600000000001, -58.77129999999999 -2.688500000000001, -58.77109999999999 -2.688500000000001, -58.77109999999999 -2.6887000000000008, -58.77119999999999 -2.6887000000000008, -58.77119999999999 -2.688600000000001, -58.77129999999999 -2.688600000000001))"
2024,CORTE SELETIVO,C60L63,"POLYGON ((-58.90189999999999 -2.658000000000001, -58.90189999999999 -2.658100000000001, -58.901999999999994 -2.658100000000001, -58.901999999999994 -2.658000000000001, -58.90189999999999 -2.658000000000001))"
2024,CORTE SELETIVO,C60L63,"POLYGON ((-58.93599999999999 -2.655700000000001, -58.93599999999999 -2.655600000000001, -58.936099999999996 -2.655600000000001, -58.936099999999996 -2.655500000000001, -58.93599999999999 -2.655500000000001, -58.93599999999999 -2.655300000000001, -58.93589999999999 -2.655300000000001, -58.93589999999999 -2.655100000000001, -58.93579999999999 -2.655100000000001, -58.93579999999999 -2.655400000000001, -58.93589999999999 -2.655400000000001, -58.93589999999999 -2.655700000000001, -58.93599999999999 -2.655700000000001))"
2024,CORTE SELETIVO,C60L63,"POLYGON ((-58.93449999999999 -2.611500000000001, -58.93449999999999 -2.611600000000001, -58.934599999999996 -2.611600000000001, -58.934599999999996 -2.611500000000001, -58.93449999999999 -2.611500000000001))"
2024,CORTE SELETIVO,C60L63,"POLYGON ((-58.93439999999999 -2.611400000000001, -58.93449999999999 -2.611400000000001, -58.93449999999999 -2.611300000000001, -58.93439999999999 -2.611300000000001, -58.93439999999999 -2.611400000000001))"
2024,CORTE SELETIVO,C60L63,"POLYGON ((-58.92249999999999 -2.597200000000001, -58.922599999999996 -2.597200000000001, -58.922599999999996 -2.597100000000001, -58.92249999999999 -2.597100000000001, -58.92249999999999 -2.597200000000001))"
2024,CORTE SELETIVO,C60L63,"POLYGON ((-58.78639999999999 -2.5837000000000008, -58.78639999999999 -2.583800000000001, -58.78649999999999 -2.583800000000001, -58.78649999999999 -2.5837000000000008, -58.78639999999999 -2.5837000000000008))"
2024,CORTE SELETIVO,C60L63,"POLYGON ((-58.78489999999999 -2.583200000000001, -58.78489999999999 -2.583400000000001, -58.78499999999999 -2.583400000000001, -58.78499999999999 -2.583200000000001, -58.78489999999999 -2.583200000000001))"
2024,CORTE SELETIVO,C60L63,"POLYGON ((-58.816599999999994 -2.571200000000001, -58.816599999999994 -2.571300000000001, -58.81669999999999 -2.571300000000001, -58.81669999999999 -2.571200000000001, -58.816599999999994 -2.571200000000001))"
2024,CORTE SELETIVO,C60L63,"POLYGON ((-58.76749999999999 -2.565100000000001, -58.767599999999995 -2.565100000000001, -58.767599999999995 -2.565000000000001, -58.76749999999999 -2.565000000000001, -58.76749999999999 -2.565100000000001))"
2024,CORTE SELETIVO,C60L63,"POLYGON ((-58.81799999999999 -2.544500000000001, -58.818099999999994 -2.544500000000001, -58.818099999999994 -2.544400000000001, -58.81799999999999 -2.544400000000001, -58.81799999999999 -2.544500000000001))"
2024,CORTE SELETIVO,C60L63,"POLYGON ((-58.80089999999999 -2.5317000000000007, -58.80089999999999 -2.5319000000000007, -58.800999999999995 -2.5319000000000007, -58.800999999999995 -2.5317000000000007, -58.80089999999999 -2.5317000000000007))"
2024,CORTE SELETIVO,C60L63,"POLYGON ((-58.87559999999999 -2.5279000000000007, -58.87559999999999 -2.528000000000001, -58.875699999999995 -2.528000000000001, -58.875699999999995 -2.5279000000000007, -58.87559999999999 -2.5279000000000007))"
2024,CORTE SELETIVO,C60L63,"POLYGON ((-58.75569999999999 -2.522400000000001, -58.75569999999999 -2.522500000000001, -58.755799999999994 -2.522500000000001, -58.755799999999994 -2.522400000000001, -58.75569999999999 -2.522400000000001))"
2024,CORTE SELETIVO,C60L63,"POLYGON ((-58.840199999999996 -2.5159000000000007, -58.84029999999999 -2.5159000000000007, -58.84029999999999 -2.515800000000001, -58.840199999999996 -2.515800000000001, -58.840199999999996 -2.5159000000000007))"
2024,CORTE SELETIVO,C60L63,"POLYGON ((-58.84479999999999 -2.509000000000001, -58.844899999999996 -2.509000000000001, -58.844899999999996 -2.508900000000001, -58.84479999999999 -2.508900000000001, -58.84479999999999 -2.509000000000001))"
2024,CORTE SELETIVO,C60L63,"POLYGON ((-58.98299999999999 -2.589500000000001, -58.982899999999994 -2.589500000000001, -58.982899999999994 -2.589600000000001, -58.98299999999999 -2.589600000000001, -58.98299999999999 -2.589500000000001))"
2024,CORTE SELETIVO,C60L63,"POLYGON ((-58.92379999999999 -2.607300000000001, -58.923899999999996 -2.607300000000001, -58.923899999999996 -2.607200000000001, -58.92379999999999 -2.607200000000001, -58.92379999999999 -2.607300000000001))"
2024,CORTE SELETIVO,C60L63,"POLYGON ((-58.97839999999999 -2.605500000000001, -58.97849999999999 -2.605500000000001, -58.97849999999999 -2.605400000000001, -58.97839999999999 -2.605400000000001, -58.97839999999999 -2.605500000000001))"
2024,CORTE SELETIVO,C60L63,"POLYGON ((-58.95409999999999 -2.602300000000001, -58.95419999999999 -2.602300000000001, -58.95419999999999 -2.6022000000000007, -58.95409999999999 -2.6022000000000007, -58.95409999999999 -2.602300000000001))"
2024,CORTE SELETIVO,C60L63,"POLYGON ((-58.96869999999999 -2.595200000000001, -58.968799999999995 -2.595200000000001, -58.968799999999995 -2.595100000000001, -58.96869999999999 -2.595100000000001, -58.96869999999999 -2.595200000000001))"
2024,CORTE SELETIVO,C60L63,"POLYGON ((-58.81219999999999 -2.543800000000001, -58.812099999999994 -2.543800000000001, -58.812099999999994 -2.5439000000000007, -58.81219999999999 -2.5439000000000007, -58.81219999999999 -2.543800000000001))"
2024,CORTE SELETIVO,C60L63,"POLYGON ((-58.94789999999999 -2.667400000000001, -58.94789999999999 -2.667500000000001, -58.94799999999999 -2.667500000000001, -58.94799999999999 -2.667400000000001, -58.94789999999999 -2.667400000000001))"
2024,CORTE SELETIVO,C60L63,"POLYGON ((-58.98149999999999 -2.5999000000000008, -58.98159999999999 -2.5999000000000008, -58.98159999999999 -2.599800000000001, -58.98149999999999 -2.599800000000001, -58.98149999999999 -2.5999000000000008))"
2024,CORTE SELETIVO,C60L63,"POLYGON ((-58.96309999999999 -2.582700000000001, -58.96319999999999 -2.582700000000001, -58.96319999999999 -2.582600000000001, -58.96309999999999 -2.582600000000001, -58.96309999999999 -2.582700000000001))"
2024,CORTE SELETIVO,C60L63,"POLYGON ((-58.789699999999996 -2.526800000000001, -58.78959999999999 -2.526800000000001, -58.78959999999999 -2.526900000000001, -58.789699999999996 -2.526900000000001, -58.789699999999996 -2.526800000000001))"
2024,CORTE SELETIVO,C60L63,"POLYGON ((-58.943999999999996 -2.594100000000001, -58.94389999999999 -2.594100000000001, -58.94389999999999 -2.5942000000000007, -58.943999999999996 -2.5942000000000007, -58.943999999999996 -2.594100000000001))"
2024,CORTE SELETIVO,C60L63,"POLYGON ((-58.84009999999999 -2.550800000000001, -58.839999999999996 -2.550800000000001, -58.839999999999996 -2.550900000000001, -58.84009999999999 -2.550900000000001, -58.84009999999999 -2.550800000000001))"
2024,CORTE SELETIVO,C60L63,"POLYGON ((-58.913399999999996 -2.748200000000001, -58.913399999999996 -2.748100000000001, -58.91329999999999 -2.748100000000001, -58.91329999999999 -2.748200000000001, -58.913399999999996 -2.748200000000001))"
2024,CORTE SELETIVO,C60L63,"POLYGON ((-58.913799999999995 -2.745600000000001, -58.913799999999995 -2.7455000000000007, -58.91369999999999 -2.7455000000000007, -58.91369999999999 -2.745600000000001, -58.913799999999995 -2.745600000000001))"
2024,CORTE SELETIVO,C60L63,"POLYGON ((-58.894099999999995 -2.649300000000001, -58.894099999999995 -2.649200000000001, -58.89399999999999 -2.649200000000001, -58.89399999999999 -2.649300000000001, -58.894099999999995 -2.649300000000001))"
2024,CORTE SELETIVO,C60L63,"POLYGON ((-58.893699999999995 -2.6491000000000007, -58.893699999999995 -2.649000000000001, -58.89359999999999 -2.649000000000001, -58.89359999999999 -2.6491000000000007, -58.893699999999995 -2.6491000000000007))"
2024,CORTE SELETIVO,C60L63,"POLYGON ((-58.89189999999999 -2.645200000000001, -58.89189999999999 -2.645100000000001, -58.891799999999996 -2.645100000000001, -58.891799999999996 -2.645200000000001, -58.89189999999999 -2.645200000000001))"
2024,CORTE SELETIVO,C60L63,"POLYGON ((-58.97379999999999 -2.606900000000001, -58.97379999999999 -2.6068000000000007, -58.973699999999994 -2.6068000000000007, -58.973699999999994 -2.606900000000001, -58.97379999999999 -2.606900000000001))"
2024,CORTE SELETIVO,C60L63,"POLYGON ((-58.787499999999994 -2.5860000000000007, -58.787499999999994 -2.585900000000001, -58.78739999999999 -2.585900000000001, -58.78739999999999 -2.5860000000000007, -58.787499999999994 -2.5860000000000007))"
2024,CORTE SELETIVO,C60L63,"POLYGON ((-58.89549999999999 -2.581500000000001, -58.89549999999999 -2.581400000000001, -58.895399999999995 -2.581400000000001, -58.895399999999995 -2.581500000000001, -58.89549999999999 -2.581500000000001))"
2024,CORTE SELETIVO,C60L63,"POLYGON ((-58.95539999999999 -2.680000000000001, -58.95539999999999 -2.680100000000001, -58.955499999999994 -2.680100000000001, -58.955499999999994 -2.680000000000001, -58.95539999999999 -2.680000000000001))"
2024,CORTE SELETIVO,C60L63,"POLYGON ((-58.97979999999999 -2.5906000000000007, -58.979899999999994 -2.5906000000000007, -58.979899999999994 -2.590500000000001, -58.97979999999999 -2.590500000000001, -58.97979999999999 -2.5906000000000007))"
2024,CORTE SELETIVO,C60L63,"POLYGON ((-58.863899999999994 -2.5353000000000008, -58.86399999999999 -2.5353000000000008, -58.86399999999999 -2.535200000000001, -58.863899999999994 -2.535200000000001, -58.863899999999994 -2.5353000000000008))"
2024,CORTE SELETIVO,C60L63,"POLYGON ((-58.97539999999999 -2.710100000000001, -58.97549999999999 -2.710100000000001, -58.97549999999999 -2.710000000000001, -58.97539999999999 -2.710000000000001, -58.97539999999999 -2.710100000000001))"
2024,CORTE SELETIVO,C60L63,"POLYGON ((-58.931999999999995 -2.609100000000001, -58.931999999999995 -2.609000000000001, -58.93189999999999 -2.609000000000001, -58.93189999999999 -2.609100000000001, -58.931999999999995 -2.609100000000001))"
2024,CORTE SELETIVO,C60L63,"POLYGON ((-58.96939999999999 -2.572200000000001, -58.96939999999999 -2.5721000000000007, -58.96929999999999 -2.5721000000000007, -58.96929999999999 -2.572200000000001, -58.96939999999999 -2.572200000000001))"
2024,CORTE SELETIVO,C60L63,"POLYGON ((-58.989799999999995 -2.5256000000000007, -58.989799999999995 -2.525500000000001, -58.98969999999999 -2.525500000000001, -58.98969999999999 -2.5256000000000007, -58.989799999999995 -2.5256000000000007))"
2024,CORTE SELETIVO,C60L63,"POLYGON ((-58.869899999999994 -2.513500000000001, -58.869899999999994 -2.5134000000000007, -58.86979999999999 -2.5134000000000007, -58.86979999999999 -2.513500000000001, -58.869899999999994 -2.513500000000001))"
2024,CORTE SELETIVO,C60L63,"POLYGON ((-58.869899999999994 -2.513300000000001, -58.869899999999994 -2.5132000000000008, -58.86979999999999 -2.5132000000000008, -58.86979999999999 -2.513300000000001, -58.869899999999994 -2.513300000000001))"
2024,CORTE SELETIVO,C60L63,"POLYGON ((-58.97259999999999 -2.508600000000001, -58.97259999999999 -2.508500000000001, -58.97249999999999 -2.508500000000001, -58.97249999999999 -2.508600000000001, -58.97259999999999 -2.508600000000001))"
2024,CORTE SELETIVO,C60L63,"POLYGON ((-58.824099999999994 -2.566800000000001, -58.82399999999999 -2.566800000000001, -58.82399999999999 -2.566900000000001, -58.824099999999994 -2.566900000000001, -58.824099999999994 -2.566800000000001))"
2024,CORTE SELETIVO,C60L63,"POLYGON ((-58.965599999999995 -2.728600000000001, -58.96549999999999 -2.728600000000001, -58.96549999999999 -2.728700000000001, -58.965399999999995 -2.728700000000001, -58.965399999999995 -2.728800000000001, -58.965599999999995 -2.728800000000001, -58.965599999999995 -2.728600000000001))"
2024,CORTE SELETIVO,C60L63,"POLYGON ((-58.96029999999999 -2.6613000000000007, -58.96029999999999 -2.661400000000001, -58.96019999999999 -2.661400000000001, -58.96019999999999 -2.661500000000001, -58.96039999999999 -2.661500000000001, -58.96039999999999 -2.6613000000000007, -58.96029999999999 -2.6613000000000007))"
2024,CORTE SELETIVO,C60L63,"POLYGON ((-58.959599999999995 -2.6607000000000007, -58.959599999999995 -2.660600000000001, -58.95949999999999 -2.660600000000001, -58.95949999999999 -2.6607000000000007, -58.959599999999995 -2.6607000000000007))"
2024,CORTE SELETIVO,C60L63,"POLYGON ((-58.959799999999994 -2.660600000000001, -58.95989999999999 -2.660600000000001, -58.95989999999999 -2.6605000000000008, -58.959799999999994 -2.6605000000000008, -58.959799999999994 -2.660600000000001))"
2024,CORTE SELETIVO,C60L63,"POLYGON ((-58.958099999999995 -2.660000000000001, -58.958099999999995 -2.659800000000001, -58.95799999999999 -2.659800000000001, -58.95799999999999 -2.660000000000001, -58.958099999999995 -2.660000000000001))"
2024,CORTE SELETIVO,C60L63,"POLYGON ((-58.968999999999994 -2.6529000000000007, -58.968999999999994 -2.653000000000001, -58.96889999999999 -2.653000000000001, -58.96889999999999 -2.653100000000001, -58.96909999999999 -2.653100000000001, -58.96909999999999 -2.6529000000000007, -58.968999999999994 -2.6529000000000007))"
2024,CORTE SELETIVO,C60L63,"POLYGON ((-58.97209999999999 -2.613300000000001, -58.972199999999994 -2.613300000000001, -58.972199999999994 -2.613200000000001, -58.97209999999999 -2.613200000000001, -58.97209999999999 -2.613300000000001))"
2024,CORTE SELETIVO,C60L63,"POLYGON ((-58.97209999999999 -2.613100000000001, -58.97209999999999 -2.613000000000001, -58.971999999999994 -2.613000000000001, -58.971999999999994 -2.613100000000001, -58.97209999999999 -2.613100000000001))"
2024,CORTE SELETIVO,C60L63,"POLYGON ((-58.97319999999999 -2.6087000000000007, -58.97319999999999 -2.6085000000000007, -58.973099999999995 -2.6085000000000007, -58.973099999999995 -2.6087000000000007, -58.97319999999999 -2.6087000000000007))"
2024,CORTE SELETIVO,C60L63,"POLYGON ((-58.96459999999999 -2.604200000000001, -58.96469999999999 -2.604200000000001, -58.96469999999999 -2.6041000000000007, -58.96459999999999 -2.6041000000000007, -58.96459999999999 -2.604200000000001))"
2024,CORTE SELETIVO,C60L63,"POLYGON ((-58.97549999999999 -2.602500000000001, -58.97549999999999 -2.602700000000001, -58.975699999999996 -2.602700000000001, -58.975699999999996 -2.6026000000000007, -58.97559999999999 -2.6026000000000007, -58.97559999999999 -2.602500000000001, -58.97549999999999 -2.602500000000001))"
2024,CORTE SELETIVO,C60L63,"POLYGON ((-58.962199999999996 -2.6003000000000007, -58.962199999999996 -2.6001000000000007, -58.96209999999999 -2.6001000000000007, -58.96209999999999 -2.6003000000000007, -58.962199999999996 -2.6003000000000007))"
2024,CORTE SELETIVO,C60L63,"POLYGON ((-58.983399999999996 -2.600000000000001, -58.98349999999999 -2.600000000000001, -58.98349999999999 -2.5999000000000008, -58.983399999999996 -2.5999000000000008, -58.983399999999996 -2.600000000000001))"
2024,CORTE SELETIVO,C60L63,"POLYGON ((-58.95879999999999 -2.5940000000000007, -58.95879999999999 -2.594100000000001, -58.95869999999999 -2.594100000000001, -58.95869999999999 -2.5942000000000007, -58.95889999999999 -2.5942000000000007, -58.95889999999999 -2.5940000000000007, -58.95879999999999 -2.5940000000000007))"
2024,CORTE SELETIVO,C60L63,"POLYGON ((-58.967499999999994 -2.593200000000001, -58.967499999999994 -2.593100000000001, -58.96739999999999 -2.593100000000001, -58.96739999999999 -2.593200000000001, -58.967499999999994 -2.593200000000001))"
2024,CORTE SELETIVO,C60L63,"POLYGON ((-58.97409999999999 -2.592600000000001, -58.974199999999996 -2.592600000000001, -58.974199999999996 -2.5925000000000007, -58.97409999999999 -2.5925000000000007, -58.97409999999999 -2.592600000000001))"
2024,CORTE SELETIVO,C60L63,"POLYGON ((-58.97449999999999 -2.5925000000000007, -58.97449999999999 -2.592400000000001, -58.974399999999996 -2.592400000000001, -58.974399999999996 -2.5925000000000007, -58.97449999999999 -2.5925000000000007))"
2024,CORTE SELETIVO,C60L63,"POLYGON ((-58.95859999999999 -2.5841000000000007, -58.95859999999999 -2.584000000000001, -58.958499999999994 -2.584000000000001, -58.958499999999994 -2.5841000000000007, -58.95859999999999 -2.5841000000000007))"
2024,CORTE SELETIVO,C60L63,"POLYGON ((-58.95839999999999 -2.584000000000001, -58.958499999999994 -2.584000000000001, -58.958499999999994 -2.5839000000000008, -58.95839999999999 -2.5839000000000008, -58.95839999999999 -2.584000000000001))"
2024,CORTE SELETIVO,C60L63,"POLYGON ((-58.971999999999994 -2.581200000000001, -58.971999999999994 -2.581400000000001, -58.97209999999999 -2.581400000000001, -58.97209999999999 -2.581300000000001, -58.972199999999994 -2.581300000000001, -58.972199999999994 -2.581200000000001, -58.971999999999994 -2.581200000000001))"
2024,CORTE SELETIVO,C60L63,"POLYGON ((-58.962399999999995 -2.5778000000000008, -58.962399999999995 -2.577700000000001, -58.96229999999999 -2.577700000000001, -58.96229999999999 -2.5778000000000008, -58.962399999999995 -2.5778000000000008))"
2024,CORTE SELETIVO,C60L63,"POLYGON ((-58.962599999999995 -2.575200000000001, -58.962599999999995 -2.575100000000001, -58.96249999999999 -2.575100000000001, -58.96249999999999 -2.575200000000001, -58.962599999999995 -2.575200000000001))"
2024,CORTE SELETIVO,C60L63,"POLYGON ((-58.969199999999994 -2.570800000000001, -58.969199999999994 -2.570700000000001, -58.96909999999999 -2.570700000000001, -58.96909999999999 -2.570800000000001, -58.969199999999994 -2.570800000000001))"
2024,CORTE SELETIVO,C60L63,"POLYGON ((-58.96939999999999 -2.570600000000001, -58.96939999999999 -2.570500000000001, -58.96929999999999 -2.570500000000001, -58.96929999999999 -2.570600000000001, -58.96939999999999 -2.570600000000001))"
2024,CORTE SELETIVO,C60L63,"POLYGON ((-58.96949999999999 -2.570300000000001, -58.96949999999999 -2.5702000000000007, -58.96939999999999 -2.5702000000000007, -58.96939999999999 -2.570300000000001, -58.96949999999999 -2.570300000000001))"
2024,CORTE SELETIVO,C60L63,"POLYGON ((-58.990199999999994 -2.525100000000001, -58.99029999999999 -2.525100000000001, -58.99029999999999 -2.525000000000001, -58.990199999999994 -2.525000000000001, -58.990199999999994 -2.525100000000001))"
2024,CORTE SELETIVO,C60L63,"POLYGON ((-58.94659999999999 -2.6790000000000007, -58.94659999999999 -2.678900000000001, -58.94649999999999 -2.678900000000001, -58.94649999999999 -2.6790000000000007, -58.94659999999999 -2.6790000000000007))"
2024,CORTE SELETIVO,C60L63,"POLYGON ((-58.95459999999999 -2.678500000000001, -58.95459999999999 -2.678200000000001, -58.954499999999996 -2.678200000000001, -58.954499999999996 -2.678500000000001, -58.95459999999999 -2.678500000000001))"
2024,CORTE SELETIVO,C60L63,"POLYGON ((-58.95719999999999 -2.6744000000000008, -58.95729999999999 -2.6744000000000008, -58.95729999999999 -2.674300000000001, -58.95719999999999 -2.674300000000001, -58.95719999999999 -2.6744000000000008))"
2024,CORTE SELETIVO,C60L63,"POLYGON ((-58.95719999999999 -2.671100000000001, -58.95719999999999 -2.6712000000000007, -58.95729999999999 -2.6712000000000007, -58.95729999999999 -2.671300000000001, -58.95739999999999 -2.671300000000001, -58.95739999999999 -2.671100000000001, -58.95719999999999 -2.671100000000001))"
2024,CORTE SELETIVO,C60L63,"POLYGON ((-58.95249999999999 -2.668100000000001, -58.95249999999999 -2.668200000000001, -58.95259999999999 -2.668200000000001, -58.95259999999999 -2.668300000000001, -58.95269999999999 -2.668300000000001, -58.95269999999999 -2.668100000000001, -58.95249999999999 -2.668100000000001))"
2024,CORTE SELETIVO,C60L63,"POLYGON ((-58.952299999999994 -2.668100000000001, -58.95249999999999 -2.668100000000001, -58.95249999999999 -2.668000000000001, -58.952299999999994 -2.668000000000001, -58.952299999999994 -2.668100000000001))"
2024,CORTE SELETIVO,C60L63,"POLYGON ((-58.955499999999994 -2.6651000000000007, -58.955499999999994 -2.6649000000000007, -58.95539999999999 -2.6649000000000007, -58.95539999999999 -2.6651000000000007, -58.955499999999994 -2.6651000000000007))"
2024,CORTE SELETIVO,C60L63,"POLYGON ((-58.938399999999994 -2.664200000000001, -58.938399999999994 -2.664300000000001, -58.93849999999999 -2.664300000000001, -58.93849999999999 -2.664400000000001, -58.938599999999994 -2.664400000000001, -58.938599999999994 -2.664200000000001, -58.938399999999994 -2.664200000000001))"
2024,CORTE SELETIVO,C60L63,"POLYGON ((-58.93939999999999 -2.661100000000001, -58.93939999999999 -2.6609000000000007, -58.939299999999996 -2.6609000000000007, -58.939299999999996 -2.661100000000001, -58.93939999999999 -2.661100000000001))"
2024,CORTE SELETIVO,C60L63,"POLYGON ((-58.93919999999999 -2.660800000000001, -58.93919999999999 -2.6607000000000007, -58.939099999999996 -2.6607000000000007, -58.939099999999996 -2.660800000000001, -58.93919999999999 -2.660800000000001))"
2024,CORTE SELETIVO,C60L63,"POLYGON ((-58.953399999999995 -2.617000000000001, -58.953399999999995 -2.617200000000001, -58.95349999999999 -2.617200000000001, -58.95349999999999 -2.617100000000001, -58.953599999999994 -2.617100000000001, -58.953599999999994 -2.617000000000001, -58.953399999999995 -2.617000000000001))"
2024,CORTE SELETIVO,C60L63,"POLYGON ((-58.93939999999999 -2.607700000000001, -58.93939999999999 -2.607500000000001, -58.939299999999996 -2.607500000000001, -58.939299999999996 -2.607700000000001, -58.93939999999999 -2.607700000000001))"
2024,CORTE SELETIVO,C60L63,"POLYGON ((-58.951299999999996 -2.605900000000001, -58.95139999999999 -2.605900000000001, -58.95139999999999 -2.605600000000001, -58.951299999999996 -2.605600000000001, -58.951299999999996 -2.605900000000001))"
2024,CORTE SELETIVO,C60L63,"POLYGON ((-58.941599999999994 -2.601900000000001, -58.941599999999994 -2.601800000000001, -58.94149999999999 -2.601800000000001, -58.94149999999999 -2.601900000000001, -58.941599999999994 -2.601900000000001))"
2024,CORTE SELETIVO,C60L63,"POLYGON ((-58.94169999999999 -2.601800000000001, -58.94169999999999 -2.601700000000001, -58.941599999999994 -2.601700000000001, -58.941599999999994 -2.601800000000001, -58.94169999999999 -2.601800000000001))"
2024,CORTE SELETIVO,C60L63,"POLYGON ((-58.94169999999999 -2.601500000000001, -58.941599999999994 -2.601500000000001, -58.941599999999994 -2.601400000000001, -58.94149999999999 -2.601400000000001, -58.94149999999999 -2.601700000000001, -58.941599999999994 -2.601700000000001, -58.941599999999994 -2.601600000000001, -58.94169999999999 -2.601600000000001, -58.94169999999999 -2.601500000000001))"
2024,CORTE SELETIVO,C60L63,"POLYGON ((-58.94169999999999 -2.601400000000001, -58.94169999999999 -2.601300000000001, -58.941599999999994 -2.601300000000001, -58.941599999999994 -2.601400000000001, -58.94169999999999 -2.601400000000001))"
2024,CORTE SELETIVO,C60L63,"POLYGON ((-58.94989999999999 -2.5984000000000007, -58.94989999999999 -2.598300000000001, -58.94969999999999 -2.598300000000001, -58.94969999999999 -2.5984000000000007, -58.94989999999999 -2.5984000000000007))"
2024,CORTE SELETIVO,C60L63,"POLYGON ((-58.95389999999999 -2.592900000000001, -58.95399999999999 -2.592900000000001, -58.95399999999999 -2.592800000000001, -58.95389999999999 -2.592800000000001, -58.95389999999999 -2.592900000000001))"
2024,CORTE SELETIVO,C60L63,"POLYGON ((-58.95369999999999 -2.592800000000001, -58.95369999999999 -2.5927000000000007, -58.953599999999994 -2.5927000000000007, -58.953599999999994 -2.592800000000001, -58.95369999999999 -2.592800000000001))"
2024,CORTE SELETIVO,C60L63,"POLYGON ((-58.94359999999999 -2.591000000000001, -58.94359999999999 -2.590900000000001, -58.94349999999999 -2.590900000000001, -58.94349999999999 -2.591000000000001, -58.94359999999999 -2.591000000000001))"
2024,CORTE SELETIVO,C60L63,"POLYGON ((-58.94599999999999 -2.583800000000001, -58.94599999999999 -2.5837000000000008, -58.945899999999995 -2.5837000000000008, -58.945899999999995 -2.583800000000001, -58.94599999999999 -2.583800000000001))"
2024,CORTE SELETIVO,C60L63,"POLYGON ((-58.94559999999999 -2.583500000000001, -58.94559999999999 -2.583400000000001, -58.945499999999996 -2.583400000000001, -58.945499999999996 -2.583500000000001, -58.94559999999999 -2.583500000000001))"
2024,CORTE SELETIVO,C60L63,"POLYGON ((-58.93659999999999 -2.5016000000000007, -58.93659999999999 -2.501500000000001, -58.936299999999996 -2.501500000000001, -58.936299999999996 -2.5016000000000007, -58.93659999999999 -2.5016000000000007))"
2024,CORTE SELETIVO,C60L63,"POLYGON ((-58.93699999999999 -2.500800000000001, -58.93699999999999 -2.500600000000001, -58.936899999999994 -2.500600000000001, -58.936899999999994 -2.500800000000001, -58.93699999999999 -2.500800000000001))"
2024,CORTE SELETIVO,C60L63,"POLYGON ((-58.93679999999999 -2.500600000000001, -58.936899999999994 -2.500600000000001, -58.936899999999994 -2.500500000000001, -58.93679999999999 -2.500500000000001, -58.93679999999999 -2.500600000000001))"
2024,CORTE SELETIVO,C60L63,"POLYGON ((-58.91279999999999 -2.748600000000001, -58.91279999999999 -2.748500000000001, -58.912699999999994 -2.748500000000001, -58.912699999999994 -2.748600000000001, -58.91279999999999 -2.748600000000001))"
2024,CORTE SELETIVO,C60L63,"POLYGON ((-58.91139999999999 -2.7476000000000007, -58.91139999999999 -2.7474000000000007, -58.91129999999999 -2.7474000000000007, -58.91129999999999 -2.7476000000000007, -58.91139999999999 -2.7476000000000007))"
2024,CORTE SELETIVO,C60L63,"POLYGON ((-58.911199999999994 -2.747300000000001, -58.91129999999999 -2.747300000000001, -58.91129999999999 -2.7472000000000008, -58.911199999999994 -2.7472000000000008, -58.911199999999994 -2.747300000000001))"
2024,CORTE SELETIVO,C60L63,"POLYGON ((-58.913799999999995 -2.7455000000000007, -58.913799999999995 -2.745400000000001, -58.91369999999999 -2.745400000000001, -58.91369999999999 -2.7455000000000007, -58.913799999999995 -2.7455000000000007))"
2024,CORTE SELETIVO,C60L63,"POLYGON ((-58.91459999999999 -2.744300000000001, -58.91459999999999 -2.744200000000001, -58.91449999999999 -2.744200000000001, -58.91449999999999 -2.744300000000001, -58.91459999999999 -2.744300000000001))"
2024,CORTE SELETIVO,C60L63,"POLYGON ((-58.90239999999999 -2.657900000000001, -58.902499999999996 -2.657900000000001, -58.902499999999996 -2.657800000000001, -58.90239999999999 -2.657800000000001, -58.90239999999999 -2.657900000000001))"
2024,CORTE SELETIVO,C60L63,"POLYGON ((-58.902499999999996 -2.657700000000001, -58.902499999999996 -2.657600000000001, -58.90239999999999 -2.657600000000001, -58.90239999999999 -2.657700000000001, -58.902499999999996 -2.657700000000001))"
2024,CORTE SELETIVO,C60L63,"POLYGON ((-58.93589999999999 -2.655100000000001, -58.93589999999999 -2.654900000000001, -58.93579999999999 -2.654900000000001, -58.93579999999999 -2.655100000000001, -58.93589999999999 -2.655100000000001))"
2024,CORTE SELETIVO,C60L63,"POLYGON ((-58.935599999999994 -2.654700000000001, -58.935599999999994 -2.654900000000001, -58.93579999999999 -2.654900000000001, -58.93579999999999 -2.6548000000000007, -58.93569999999999 -2.6548000000000007, -58.93569999999999 -2.654700000000001, -58.935599999999994 -2.654700000000001))"
2024,CORTE SELETIVO,C60L63,"POLYGON ((-58.93529999999999 -2.613000000000001, -58.93529999999999 -2.6129000000000007, -58.935199999999995 -2.6129000000000007, -58.935199999999995 -2.613000000000001, -58.93529999999999 -2.613000000000001))"
2024,CORTE SELETIVO,C60L63,"POLYGON ((-58.92229999999999 -2.597400000000001, -58.92229999999999 -2.597300000000001, -58.92219999999999 -2.597300000000001, -58.92219999999999 -2.597400000000001, -58.92229999999999 -2.597400000000001))"
2024,CORTE SELETIVO,C60L63,"POLYGON ((-58.922599999999996 -2.597300000000001, -58.922599999999996 -2.597200000000001, -58.92249999999999 -2.597200000000001, -58.92249999999999 -2.597300000000001, -58.922599999999996 -2.597300000000001))"
2024,CORTE SELETIVO,C60L63,"POLYGON ((-58.92249999999999 -2.597100000000001, -58.922599999999996 -2.597100000000001, -58.922599999999996 -2.597000000000001, -58.92249999999999 -2.597000000000001, -58.92249999999999 -2.597100000000001))"
2024,CORTE SELETIVO,C60L63,"POLYGON ((-58.924899999999994 -2.594700000000001, -58.924899999999994 -2.5946000000000007, -58.92479999999999 -2.5946000000000007, -58.92479999999999 -2.594700000000001, -58.924899999999994 -2.594700000000001))"
2024,CORTE SELETIVO,C60L63,"POLYGON ((-58.924899999999994 -2.5944000000000007, -58.924899999999994 -2.594300000000001, -58.92479999999999 -2.594300000000001, -58.92479999999999 -2.5944000000000007, -58.924899999999994 -2.5944000000000007))"
2024,CORTE SELETIVO,C60L63,"POLYGON ((-58.919399999999996 -2.5925000000000007, -58.91969999999999 -2.5925000000000007, -58.91969999999999 -2.592400000000001, -58.919399999999996 -2.592400000000001, -58.919399999999996 -2.5925000000000007))"
2024,CORTE SELETIVO,C60L63,"POLYGON ((-58.874599999999994 -2.589700000000001, -58.874599999999994 -2.589600000000001, -58.87449999999999 -2.589600000000001, -58.87449999999999 -2.589700000000001, -58.874599999999994 -2.589700000000001))"
2024,CORTE SELETIVO,C60L63,"POLYGON ((-58.866099999999996 -2.539000000000001, -58.866099999999996 -2.538900000000001, -58.86599999999999 -2.538900000000001, -58.86599999999999 -2.539000000000001, -58.866099999999996 -2.539000000000001))"
2024,CORTE SELETIVO,C60L63,"POLYGON ((-58.88459999999999 -2.5300000000000007, -58.884699999999995 -2.5300000000000007, -58.884699999999995 -2.5298000000000007, -58.88459999999999 -2.5298000000000007, -58.88459999999999 -2.5300000000000007))"
2024,CORTE SELETIVO,C60L63,"POLYGON ((-58.87559999999999 -2.527800000000001, -58.87559999999999 -2.527600000000001, -58.87539999999999 -2.527600000000001, -58.87539999999999 -2.527800000000001, -58.875499999999995 -2.527800000000001, -58.875499999999995 -2.5279000000000007, -58.875699999999995 -2.5279000000000007, -58.875699999999995 -2.527800000000001, -58.87559999999999 -2.527800000000001))"
2024,CORTE SELETIVO,C60L63,"POLYGON ((-58.87489999999999 -2.522100000000001, -58.87489999999999 -2.5220000000000007, -58.87479999999999 -2.5220000000000007, -58.87479999999999 -2.522100000000001, -58.87489999999999 -2.522100000000001))"
2024,CORTE SELETIVO,C60L63,"POLYGON ((-58.874599999999994 -2.521500000000001, -58.874599999999994 -2.521700000000001, -58.87479999999999 -2.521700000000001, -58.87479999999999 -2.5216000000000007, -58.87469999999999 -2.5216000000000007, -58.87469999999999 -2.521500000000001, -58.874599999999994 -2.521500000000001))"
2024,CORTE SELETIVO,C60L63,"POLYGON ((-58.86619999999999 -2.507000000000001, -58.86619999999999 -2.506900000000001, -58.866099999999996 -2.506900000000001, -58.866099999999996 -2.507000000000001, -58.86619999999999 -2.507000000000001))"
2024,CORTE SELETIVO,C60L63,"POLYGON ((-58.93449999999999 -2.5054000000000007, -58.93449999999999 -2.505300000000001, -58.93429999999999 -2.505300000000001, -58.93429999999999 -2.5054000000000007, -58.93449999999999 -2.5054000000000007))"
2024,CORTE SELETIVO,C60L63,"POLYGON ((-58.86509999999999 -2.5052000000000008, -58.86509999999999 -2.505000000000001, -58.86489999999999 -2.505000000000001, -58.86489999999999 -2.5052000000000008, -58.86509999999999 -2.5052000000000008))"
2024,CORTE SELETIVO,C60L63,"POLYGON ((-58.864599999999996 -2.505100000000001, -58.864799999999995 -2.505100000000001, -58.864799999999995 -2.505000000000001, -58.864599999999996 -2.505000000000001, -58.864599999999996 -2.505100000000001))"
2024,CORTE SELETIVO,C60L63,"POLYGON ((-58.85629999999999 -2.7068000000000008, -58.85629999999999 -2.7070000000000007, -58.856399999999994 -2.7070000000000007, -58.856399999999994 -2.706900000000001, -58.85649999999999 -2.706900000000001, -58.85649999999999 -2.7068000000000008, -58.85629999999999 -2.7068000000000008))"
2024,CORTE SELETIVO,C60L63,"POLYGON ((-58.77109999999999 -2.688600000000001, -58.77109999999999 -2.688400000000001, -58.770999999999994 -2.688400000000001, -58.770999999999994 -2.688600000000001, -58.77109999999999 -2.688600000000001))"
2024,CORTE SELETIVO,C60L63,"POLYGON ((-58.80799999999999 -2.5942000000000007, -58.808099999999996 -2.5942000000000007, -58.808099999999996 -2.594100000000001, -58.80799999999999 -2.594100000000001, -58.80799999999999 -2.5942000000000007))"
2024,CORTE SELETIVO,C60L63,"POLYGON ((-58.80799999999999 -2.594100000000001, -58.80799999999999 -2.5940000000000007, -58.80789999999999 -2.5940000000000007, -58.80789999999999 -2.594100000000001, -58.80799999999999 -2.594100000000001))"
2024,CORTE SELETIVO,C60L63,"POLYGON ((-58.808099999999996 -2.593900000000001, -58.808099999999996 -2.5938000000000008, -58.80799999999999 -2.5938000000000008, -58.80799999999999 -2.593900000000001, -58.808099999999996 -2.593900000000001))"
2024,CORTE SELETIVO,C60L63,"POLYGON ((-58.808099999999996 -2.5938000000000008, -58.80819999999999 -2.5938000000000008, -58.80819999999999 -2.593700000000001, -58.808099999999996 -2.593700000000001, -58.808099999999996 -2.5938000000000008))"
2024,CORTE SELETIVO,C60L63,"POLYGON ((-58.823499999999996 -2.585500000000001, -58.823499999999996 -2.585400000000001, -58.82319999999999 -2.585400000000001, -58.82319999999999 -2.585500000000001, -58.823499999999996 -2.585500000000001))"
2024,CORTE SELETIVO,C60L63,"POLYGON ((-58.82009999999999 -2.584400000000001, -58.82009999999999 -2.5843000000000007, -58.81999999999999 -2.5843000000000007, -58.81999999999999 -2.584400000000001, -58.82009999999999 -2.584400000000001))"
2024,CORTE SELETIVO,C60L63,"POLYGON ((-58.78639999999999 -2.583800000000001, -58.78639999999999 -2.5837000000000008, -58.78629999999999 -2.5837000000000008, -58.78629999999999 -2.583800000000001, -58.78639999999999 -2.583800000000001))"
2024,CORTE SELETIVO,C60L63,"POLYGON ((-58.84069999999999 -2.5664000000000007, -58.84069999999999 -2.566300000000001, -58.840599999999995 -2.566300000000001, -58.840599999999995 -2.5664000000000007, -58.84069999999999 -2.5664000000000007))"
2024,CORTE SELETIVO,C60L63,"POLYGON ((-58.82699999999999 -2.561100000000001, -58.82699999999999 -2.561000000000001, -58.826899999999995 -2.561000000000001, -58.826899999999995 -2.561100000000001, -58.82699999999999 -2.561100000000001))"
2024,CORTE SELETIVO,C60L63,"POLYGON ((-58.804399999999994 -2.547800000000001, -58.804399999999994 -2.5477000000000007, -58.80429999999999 -2.5477000000000007, -58.80429999999999 -2.547800000000001, -58.804399999999994 -2.547800000000001))"
2024,CORTE SELETIVO,C60L63,"POLYGON ((-58.817899999999995 -2.544600000000001, -58.81799999999999 -2.544600000000001, -58.81799999999999 -2.544500000000001, -58.817899999999995 -2.544500000000001, -58.817899999999995 -2.544600000000001))"
2024,CORTE SELETIVO,C60L63,"POLYGON ((-58.818099999999994 -2.544400000000001, -58.818099999999994 -2.544200000000001, -58.81799999999999 -2.544200000000001, -58.81799999999999 -2.544400000000001, -58.818099999999994 -2.544400000000001))"
2024,CORTE SELETIVO,C60L63,"POLYGON ((-58.81799999999999 -2.5441000000000007, -58.81799999999999 -2.544000000000001, -58.817899999999995 -2.544000000000001, -58.817899999999995 -2.5441000000000007, -58.81799999999999 -2.5441000000000007))"
2024,CORTE SELETIVO,C60L63,"POLYGON ((-58.816199999999995 -2.541500000000001, -58.81629999999999 -2.541500000000001, -58.81629999999999 -2.5414000000000008, -58.816199999999995 -2.5414000000000008, -58.816199999999995 -2.541500000000001))"
2024,CORTE SELETIVO,C60L63,"POLYGON ((-58.81249999999999 -2.540700000000001, -58.81249999999999 -2.540600000000001, -58.81239999999999 -2.540600000000001, -58.81239999999999 -2.540700000000001, -58.81249999999999 -2.540700000000001))"
2024,CORTE SELETIVO,C60L63,"POLYGON ((-58.86409999999999 -2.534900000000001, -58.86409999999999 -2.534700000000001, -58.86399999999999 -2.534700000000001, -58.86399999999999 -2.534900000000001, -58.86409999999999 -2.534900000000001))"
2024,CORTE SELETIVO,C60L63,"POLYGON ((-58.80579999999999 -2.532600000000001, -58.805899999999994 -2.532600000000001, -58.805899999999994 -2.532500000000001, -58.80579999999999 -2.532500000000001, -58.80579999999999 -2.532600000000001))"
2024,CORTE SELETIVO,C60L63,"POLYGON ((-58.840199999999996 -2.531600000000001, -58.840199999999996 -2.5315000000000007, -58.84009999999999 -2.5315000000000007, -58.84009999999999 -2.531600000000001, -58.840199999999996 -2.531600000000001))"
2024,CORTE SELETIVO,C60L63,"POLYGON ((-58.860299999999995 -2.526300000000001, -58.860299999999995 -2.526200000000001, -58.86019999999999 -2.526200000000001, -58.86019999999999 -2.526300000000001, -58.860299999999995 -2.526300000000001))"
2024,CORTE SELETIVO,C60L63,"POLYGON ((-58.756299999999996 -2.524600000000001, -58.756299999999996 -2.524500000000001, -58.75619999999999 -2.524500000000001, -58.75619999999999 -2.524600000000001, -58.756299999999996 -2.524600000000001))"
2024,CORTE SELETIVO,C60L63,"POLYGON ((-58.784499999999994 -2.5098000000000007, -58.784499999999994 -2.509700000000001, -58.78439999999999 -2.509700000000001, -58.78439999999999 -2.5098000000000007, -58.784499999999994 -2.5098000000000007))"
2024,CORTE SELETIVO,C60L63,"POLYGON ((-58.86379999999999 -2.504500000000001, -58.86379999999999 -2.504400000000001, -58.863699999999994 -2.504400000000001, -58.863699999999994 -2.504500000000001, -58.86379999999999 -2.504500000000001))"
2024,CORTE SELETIVO,C60L63,"POLYGON ((-58.81399999999999 -2.501500000000001, -58.81399999999999 -2.5014000000000007, -58.81389999999999 -2.5014000000000007, -58.81389999999999 -2.501500000000001, -58.81399999999999 -2.501500000000001))"
2024,CORTE SELETIVO,C60L63,"POLYGON ((-58.87169999999999 -2.533000000000001, -58.871599999999994 -2.533000000000001, -58.871599999999994 -2.533100000000001, -58.87169999999999 -2.533100000000001, -58.87169999999999 -2.533000000000001))"
2024,CORTE SELETIVO,C60L63,"POLYGON ((-58.963499999999996 -2.686900000000001, -58.96339999999999 -2.686900000000001, -58.96339999999999 -2.6870000000000007, -58.963499999999996 -2.6870000000000007, -58.963499999999996 -2.686900000000001))"
2024,CORTE SELETIVO,C60L63,"POLYGON ((-58.952099999999994 -2.668600000000001, -58.952099999999994 -2.6687000000000007, -58.95219999999999 -2.6687000000000007, -58.95219999999999 -2.668600000000001, -58.952099999999994 -2.668600000000001))"
2024,CORTE SELETIVO,C60L63,"POLYGON ((-58.95199999999999 -2.668200000000001, -58.95199999999999 -2.668300000000001, -58.952099999999994 -2.668300000000001, -58.952099999999994 -2.668200000000001, -58.95199999999999 -2.668200000000001))"
2024,CORTE SELETIVO,C60L63,"POLYGON ((-58.979299999999995 -2.659800000000001, -58.97919999999999 -2.659800000000001, -58.97919999999999 -2.659900000000001, -58.979299999999995 -2.659900000000001, -58.979299999999995 -2.659800000000001))"
2024,CORTE SELETIVO,C60L63,"POLYGON ((-58.97939999999999 -2.607500000000001, -58.97939999999999 -2.607600000000001, -58.979499999999994 -2.607600000000001, -58.979499999999994 -2.607500000000001, -58.97939999999999 -2.607500000000001))"
2024,CORTE SELETIVO,C60L63,"POLYGON ((-58.97359999999999 -2.6066000000000007, -58.97359999999999 -2.606700000000001, -58.973699999999994 -2.606700000000001, -58.973699999999994 -2.6066000000000007, -58.97359999999999 -2.6066000000000007))"
2024,CORTE SELETIVO,C60L63,"POLYGON ((-58.95559999999999 -2.603500000000001, -58.955499999999994 -2.603500000000001, -58.955499999999994 -2.603600000000001, -58.95559999999999 -2.603600000000001, -58.95559999999999 -2.603500000000001))"
2024,CORTE SELETIVO,C60L63,"POLYGON ((-58.961099999999995 -2.596000000000001, -58.961099999999995 -2.5961000000000007, -58.96119999999999 -2.5961000000000007, -58.96119999999999 -2.596000000000001, -58.961099999999995 -2.596000000000001))"
2024,CORTE SELETIVO,C60L63,"POLYGON ((-58.968599999999995 -2.595300000000001, -58.968599999999995 -2.595400000000001, -58.96869999999999 -2.595400000000001, -58.96869999999999 -2.595300000000001, -58.968599999999995 -2.595300000000001))"
2024,CORTE SELETIVO,C60L63,"POLYGON ((-58.957699999999996 -2.590700000000001, -58.957699999999996 -2.590800000000001, -58.95779999999999 -2.590800000000001, -58.95779999999999 -2.590700000000001, -58.957699999999996 -2.590700000000001))"
2024,CORTE SELETIVO,C60L63,"POLYGON ((-58.97549999999999 -2.588900000000001, -58.97549999999999 -2.589000000000001, -58.97559999999999 -2.589000000000001, -58.97559999999999 -2.588900000000001, -58.97549999999999 -2.588900000000001))"
2024,CORTE SELETIVO,C60L63,"POLYGON ((-58.97579999999999 -2.588700000000001, -58.97579999999999 -2.588800000000001, -58.97599999999999 -2.588800000000001, -58.97599999999999 -2.588700000000001, -58.97579999999999 -2.588700000000001))"
2024,CORTE SELETIVO,C60L63,"POLYGON ((-58.972699999999996 -2.508700000000001, -58.972699999999996 -2.508800000000001, -58.97279999999999 -2.508800000000001, -58.97279999999999 -2.508700000000001, -58.972699999999996 -2.508700000000001))"
2024,CORTE SELETIVO,C60L63,"POLYGON ((-58.94949999999999 -2.683500000000001, -58.949299999999994 -2.683500000000001, -58.949299999999994 -2.683600000000001, -58.94949999999999 -2.683600000000001, -58.94949999999999 -2.683500000000001))"
2024,CORTE SELETIVO,C60L63,"POLYGON ((-58.937599999999996 -2.659900000000001, -58.937599999999996 -2.660000000000001, -58.93769999999999 -2.660000000000001, -58.93769999999999 -2.659900000000001, -58.937599999999996 -2.659900000000001))"
2024,CORTE SELETIVO,C60L63,"POLYGON ((-58.893699999999995 -2.649300000000001, -58.893699999999995 -2.649400000000001, -58.89379999999999 -2.649400000000001, -58.89379999999999 -2.649300000000001, -58.893699999999995 -2.649300000000001))"
2024,CORTE SELETIVO,C60L63,"POLYGON ((-58.88779999999999 -2.640800000000001, -58.887699999999995 -2.640800000000001, -58.887699999999995 -2.6409000000000007, -58.88779999999999 -2.6409000000000007, -58.88779999999999 -2.640800000000001))"
2024,CORTE SELETIVO,C60L63,"POLYGON ((-58.886799999999994 -2.633300000000001, -58.886799999999994 -2.633400000000001, -58.88689999999999 -2.633400000000001, -58.88689999999999 -2.633300000000001, -58.886799999999994 -2.633300000000001))"
2024,CORTE SELETIVO,C60L63,"POLYGON ((-58.850199999999994 -2.600800000000001, -58.850199999999994 -2.600900000000001, -58.85029999999999 -2.600900000000001, -58.85029999999999 -2.600800000000001, -58.850199999999994 -2.600800000000001))"
2024,CORTE SELETIVO,C60L63,"POLYGON ((-58.807199999999995 -2.595100000000001, -58.80709999999999 -2.595100000000001, -58.80709999999999 -2.595200000000001, -58.807199999999995 -2.595200000000001, -58.807199999999995 -2.595100000000001))"
2024,CORTE SELETIVO,C60L63,"POLYGON ((-58.80729999999999 -2.594900000000001, -58.80729999999999 -2.595000000000001, -58.807399999999994 -2.595000000000001, -58.807399999999994 -2.594900000000001, -58.80729999999999 -2.594900000000001))"
2024,CORTE SELETIVO,C60L63,"POLYGON ((-58.80989999999999 -2.592400000000001, -58.80989999999999 -2.5925000000000007, -58.809999999999995 -2.5925000000000007, -58.809999999999995 -2.592400000000001, -58.80989999999999 -2.592400000000001))"
2024,CORTE SELETIVO,C60L63,"POLYGON ((-58.94409999999999 -2.592000000000001, -58.94409999999999 -2.5921000000000007, -58.944199999999995 -2.5921000000000007, -58.944199999999995 -2.592000000000001, -58.94409999999999 -2.592000000000001))"
2024,CORTE SELETIVO,C60L63,"POLYGON ((-58.916399999999996 -2.590800000000001, -58.916399999999996 -2.590900000000001, -58.91649999999999 -2.590900000000001, -58.91649999999999 -2.590800000000001, -58.916399999999996 -2.590800000000001))"
2024,CORTE SELETIVO,C60L63,"POLYGON ((-58.911699999999996 -2.588200000000001, -58.911699999999996 -2.5883000000000007, -58.91179999999999 -2.5883000000000007, -58.91179999999999 -2.588200000000001, -58.911699999999996 -2.588200000000001))"
2024,CORTE SELETIVO,C60L63,"POLYGON ((-58.94409999999999 -2.586700000000001, -58.94409999999999 -2.586800000000001, -58.944199999999995 -2.586800000000001, -58.944199999999995 -2.586700000000001, -58.94409999999999 -2.586700000000001))"
2024,CORTE SELETIVO,C60L63,"POLYGON ((-58.95329999999999 -2.668800000000001, -58.953199999999995 -2.668800000000001, -58.953199999999995 -2.6689000000000007, -58.95329999999999 -2.6689000000000007, -58.95329999999999 -2.668800000000001))"
2024,CORTE SELETIVO,C60L63,"POLYGON ((-58.85029999999999 -2.5515000000000008, -58.850199999999994 -2.5515000000000008, -58.850199999999994 -2.551600000000001, -58.85029999999999 -2.551600000000001, -58.85029999999999 -2.5515000000000008))"
2024,CORTE SELETIVO,C60L63,"POLYGON ((-58.943099999999994 -2.591200000000001, -58.943099999999994 -2.591300000000001, -58.94319999999999 -2.591300000000001, -58.94319999999999 -2.591200000000001, -58.943099999999994 -2.591200000000001))"
2024,CORTE SELETIVO,C60L63,"POLYGON ((-58.944199999999995 -2.586500000000001, -58.94429999999999 -2.586500000000001, -58.94429999999999 -2.5864000000000007, -58.944199999999995 -2.5864000000000007, -58.944199999999995 -2.586500000000001))"
2024,CORTE SELETIVO,C60L63,"POLYGON ((-58.82319999999999 -2.585600000000001, -58.823299999999996 -2.585600000000001, -58.823299999999996 -2.585500000000001, -58.82319999999999 -2.585500000000001, -58.82319999999999 -2.585600000000001))"
2024,CORTE SELETIVO,C60L63,"POLYGON ((-58.944199999999995 -2.5942000000000007, -58.94409999999999 -2.5942000000000007, -58.94409999999999 -2.594300000000001, -58.944199999999995 -2.594300000000001, -58.944199999999995 -2.5942000000000007))"
2024,CORTE SELETIVO,C60L63,"POLYGON ((-58.855799999999995 -2.534900000000001, -58.85569999999999 -2.534900000000001, -58.85569999999999 -2.535000000000001, -58.855799999999995 -2.535000000000001, -58.855799999999995 -2.534900000000001))"
2024,CORTE SELETIVO,C60L63,"POLYGON ((-58.967299999999994 -2.685200000000001, -58.967299999999994 -2.6851000000000007, -58.96719999999999 -2.6851000000000007, -58.96719999999999 -2.685200000000001, -58.967299999999994 -2.685200000000001))"
2024,CORTE SELETIVO,C60L63,"POLYGON ((-58.96739999999999 -2.6851000000000007, -58.96739999999999 -2.685000000000001, -58.967299999999994 -2.685000000000001, -58.967299999999994 -2.6851000000000007, -58.96739999999999 -2.6851000000000007))"
2024,CORTE SELETIVO,C60L63,"POLYGON ((-58.973499999999994 -2.666900000000001, -58.973499999999994 -2.6668000000000007, -58.973299999999995 -2.6668000000000007, -58.973299999999995 -2.666900000000001, -58.973499999999994 -2.666900000000001))"
2024,CORTE SELETIVO,C60L63,"POLYGON ((-58.97109999999999 -2.664400000000001, -58.97099999999999 -2.664400000000001, -58.97099999999999 -2.6645000000000008, -58.97109999999999 -2.6645000000000008, -58.97109999999999 -2.664400000000001))"
2024,CORTE SELETIVO,C60L63,"POLYGON ((-58.96959999999999 -2.664100000000001, -58.96949999999999 -2.664100000000001, -58.96949999999999 -2.664200000000001, -58.96959999999999 -2.664200000000001, -58.96959999999999 -2.664100000000001))"
2024,CORTE SELETIVO,C60L63,"POLYGON ((-58.97939999999999 -2.659700000000001, -58.97939999999999 -2.659600000000001, -58.979299999999995 -2.659600000000001, -58.979299999999995 -2.659700000000001, -58.97939999999999 -2.659700000000001))"
2024,CORTE SELETIVO,C60L63,"POLYGON ((-58.979499999999994 -2.659400000000001, -58.979499999999994 -2.659500000000001, -58.97939999999999 -2.659500000000001, -58.97939999999999 -2.659600000000001, -58.97959999999999 -2.659600000000001, -58.97959999999999 -2.659400000000001, -58.979499999999994 -2.659400000000001))"
2024,CORTE SELETIVO,C60L63,"POLYGON ((-58.96909999999999 -2.653400000000001, -58.96909999999999 -2.653200000000001, -58.968999999999994 -2.653200000000001, -58.968999999999994 -2.653400000000001, -58.96909999999999 -2.653400000000001))"
2024,CORTE SELETIVO,C60L63,"POLYGON ((-58.969199999999994 -2.653100000000001, -58.96909999999999 -2.653100000000001, -58.96909999999999 -2.653200000000001, -58.969199999999994 -2.653200000000001, -58.969199999999994 -2.653100000000001))"
2024,CORTE SELETIVO,C60L63,"POLYGON ((-58.968999999999994 -2.653100000000001, -58.96889999999999 -2.653100000000001, -58.96889999999999 -2.653200000000001, -58.968999999999994 -2.653200000000001, -58.968999999999994 -2.653100000000001))"
2024,CORTE SELETIVO,C60L63,"POLYGON ((-58.96889999999999 -2.653100000000001, -58.96889999999999 -2.653000000000001, -58.968799999999995 -2.653000000000001, -58.968799999999995 -2.653100000000001, -58.96889999999999 -2.653100000000001))"
2024,CORTE SELETIVO,C60L63,"POLYGON ((-58.974399999999996 -2.649700000000001, -58.974399999999996 -2.649600000000001, -58.97429999999999 -2.649600000000001, -58.97429999999999 -2.649700000000001, -58.974399999999996 -2.649700000000001))"
2024,CORTE SELETIVO,C60L63,"POLYGON ((-58.96849999999999 -2.647400000000001, -58.96849999999999 -2.647300000000001, -58.968399999999995 -2.647300000000001, -58.968399999999995 -2.647400000000001, -58.96849999999999 -2.647400000000001))"
2024,CORTE SELETIVO,C60L63,"POLYGON ((-58.96929999999999 -2.6443000000000008, -58.969199999999994 -2.6443000000000008, -58.969199999999994 -2.644400000000001, -58.96929999999999 -2.644400000000001, -58.96929999999999 -2.6443000000000008))"
2024,CORTE SELETIVO,C60L63,"POLYGON ((-58.97209999999999 -2.613200000000001, -58.972199999999994 -2.613200000000001, -58.972199999999994 -2.613000000000001, -58.97209999999999 -2.613000000000001, -58.97209999999999 -2.613100000000001, -58.971999999999994 -2.613100000000001, -58.971999999999994 -2.613400000000001, -58.972199999999994 -2.613400000000001, -58.972199999999994 -2.613300000000001, -58.97209999999999 -2.613300000000001, -58.97209999999999 -2.613200000000001))"
2024,CORTE SELETIVO,C60L63,"POLYGON ((-58.971999999999994 -2.613100000000001, -58.971999999999994 -2.613000000000001, -58.97189999999999 -2.613000000000001, -58.97189999999999 -2.613100000000001, -58.971999999999994 -2.613100000000001))"
2024,CORTE SELETIVO,C60L63,"POLYGON ((-58.979899999999994 -2.608900000000001, -58.97979999999999 -2.608900000000001, -58.97979999999999 -2.609000000000001, -58.979899999999994 -2.609000000000001, -58.979899999999994 -2.608900000000001))"
2024,CORTE SELETIVO,C60L63,"POLYGON ((-58.972899999999996 -2.605300000000001, -58.97279999999999 -2.605300000000001, -58.97279999999999 -2.605400000000001, -58.972899999999996 -2.605400000000001, -58.972899999999996 -2.605300000000001))"
2024,CORTE SELETIVO,C60L63,"POLYGON ((-58.972699999999996 -2.605200000000001, -58.972699999999996 -2.605100000000001, -58.97259999999999 -2.605100000000001, -58.97259999999999 -2.605200000000001, -58.972699999999996 -2.605200000000001))"
2024,CORTE SELETIVO,C60L63,"POLYGON ((-58.97239999999999 -2.602900000000001, -58.972199999999994 -2.602900000000001, -58.972199999999994 -2.603000000000001, -58.97239999999999 -2.603000000000001, -58.97239999999999 -2.602900000000001))"
2024,CORTE SELETIVO,C60L63,"POLYGON ((-58.98559999999999 -2.601000000000001, -58.985499999999995 -2.601000000000001, -58.985499999999995 -2.601100000000001, -58.98559999999999 -2.601100000000001, -58.98559999999999 -2.601000000000001))"
2024,CORTE SELETIVO,C60L63,"POLYGON ((-58.97149999999999 -2.600800000000001, -58.97149999999999 -2.6007000000000007, -58.971399999999996 -2.6007000000000007, -58.971399999999996 -2.600800000000001, -58.97149999999999 -2.600800000000001))"
2024,CORTE SELETIVO,C60L63,"POLYGON ((-58.971599999999995 -2.6007000000000007, -58.971599999999995 -2.6005000000000007, -58.97149999999999 -2.6005000000000007, -58.97149999999999 -2.6007000000000007, -58.971599999999995 -2.6007000000000007))"
2024,CORTE SELETIVO,C60L63,"POLYGON ((-58.97149999999999 -2.6005000000000007, -58.97149999999999 -2.600400000000001, -58.97129999999999 -2.600400000000001, -58.97129999999999 -2.6005000000000007, -58.97149999999999 -2.6005000000000007))"
2024,CORTE SELETIVO,C60L63,"POLYGON ((-58.980799999999995 -2.600400000000001, -58.98069999999999 -2.600400000000001, -58.98069999999999 -2.6005000000000007, -58.980799999999995 -2.6005000000000007, -58.980799999999995 -2.600400000000001))"
2024,CORTE SELETIVO,C60L63,"POLYGON ((-58.98349999999999 -2.600000000000001, -58.983399999999996 -2.600000000000001, -58.983399999999996 -2.6001000000000007, -58.98319999999999 -2.6001000000000007, -58.98319999999999 -2.600200000000001, -58.98329999999999 -2.600200000000001, -58.98329999999999 -2.6003000000000007, -58.98349999999999 -2.6003000000000007, -58.98349999999999 -2.600000000000001))"
2024,CORTE SELETIVO,C60L63,"POLYGON ((-58.983399999999996 -2.600000000000001, -58.983399999999996 -2.599800000000001, -58.98329999999999 -2.599800000000001, -58.98329999999999 -2.600000000000001, -58.983399999999996 -2.600000000000001))"
2024,CORTE SELETIVO,C60L63,"POLYGON ((-58.96739999999999 -2.593200000000001, -58.96739999999999 -2.593100000000001, -58.967299999999994 -2.593100000000001, -58.967299999999994 -2.593200000000001, -58.96739999999999 -2.593200000000001))"
2024,CORTE SELETIVO,C60L63,"POLYGON ((-58.982499999999995 -2.591200000000001, -58.982499999999995 -2.591100000000001, -58.98239999999999 -2.591100000000001, -58.98239999999999 -2.591200000000001, -58.982499999999995 -2.591200000000001))"
2024,CORTE SELETIVO,C60L63,"POLYGON ((-58.977999999999994 -2.591000000000001, -58.97789999999999 -2.591000000000001, -58.97789999999999 -2.591100000000001, -58.977999999999994 -2.591100000000001, -58.977999999999994 -2.591000000000001))"
2024,CORTE SELETIVO,C60L63,"POLYGON ((-58.981399999999994 -2.590300000000001, -58.98159999999999 -2.590300000000001, -58.98159999999999 -2.5902000000000007, -58.98149999999999 -2.5902000000000007, -58.98149999999999 -2.590100000000001, -58.981399999999994 -2.590100000000001, -58.981399999999994 -2.590300000000001))"
2024,CORTE SELETIVO,C60L63,"POLYGON ((-58.980199999999996 -2.590100000000001, -58.980199999999996 -2.589900000000001, -58.98009999999999 -2.589900000000001, -58.98009999999999 -2.590100000000001, -58.980199999999996 -2.590100000000001))"
2024,CORTE SELETIVO,C60L63,"POLYGON ((-58.99539999999999 -2.519200000000001, -58.99539999999999 -2.519100000000001, -58.99529999999999 -2.519100000000001, -58.99529999999999 -2.519200000000001, -58.99539999999999 -2.519200000000001))"
2024,CORTE SELETIVO,C60L63,"POLYGON ((-58.99679999999999 -2.516700000000001, -58.99679999999999 -2.516600000000001, -58.99669999999999 -2.516600000000001, -58.99669999999999 -2.516700000000001, -58.99679999999999 -2.516700000000001))"
2024,CORTE SELETIVO,C60L63,"POLYGON ((-58.96469999999999 -2.682200000000001, -58.96459999999999 -2.682200000000001, -58.96459999999999 -2.682300000000001, -58.96469999999999 -2.682300000000001, -58.96469999999999 -2.682200000000001))"
2024,CORTE SELETIVO,C60L63,"POLYGON ((-58.95459999999999 -2.679100000000001, -58.954499999999996 -2.679100000000001, -58.954499999999996 -2.679300000000001, -58.95459999999999 -2.679300000000001, -58.95459999999999 -2.679100000000001))"
2024,CORTE SELETIVO,C60L63,"POLYGON ((-58.946799999999996 -2.6790000000000007, -58.946799999999996 -2.678700000000001, -58.94669999999999 -2.678700000000001, -58.94669999999999 -2.6790000000000007, -58.946799999999996 -2.6790000000000007))"
2024,CORTE SELETIVO,C60L63,"POLYGON ((-58.95459999999999 -2.678000000000001, -58.954499999999996 -2.678000000000001, -58.954499999999996 -2.678100000000001, -58.95439999999999 -2.678100000000001, -58.95439999999999 -2.678300000000001, -58.954499999999996 -2.678300000000001, -58.954499999999996 -2.678200000000001, -58.95459999999999 -2.678200000000001, -58.95459999999999 -2.678000000000001))"
2024,CORTE SELETIVO,C60L63,"POLYGON ((-58.95719999999999 -2.674700000000001, -58.95739999999999 -2.674700000000001, -58.95739999999999 -2.6746000000000008, -58.95729999999999 -2.6746000000000008, -58.95729999999999 -2.6744000000000008, -58.95719999999999 -2.6744000000000008, -58.95719999999999 -2.674700000000001))"
2024,CORTE SELETIVO,C60L63,"POLYGON ((-58.959199999999996 -2.673700000000001, -58.959199999999996 -2.673600000000001, -58.95909999999999 -2.673600000000001, -58.95909999999999 -2.673700000000001, -58.959199999999996 -2.673700000000001))"
2024,CORTE SELETIVO,C60L63,"POLYGON ((-58.947199999999995 -2.671600000000001, -58.94709999999999 -2.671600000000001, -58.94709999999999 -2.671700000000001, -58.947199999999995 -2.671700000000001, -58.947199999999995 -2.671600000000001))"
2024,CORTE SELETIVO,C60L63,"POLYGON ((-58.957699999999996 -2.671100000000001, -58.95759999999999 -2.671100000000001, -58.95759999999999 -2.671300000000001, -58.957699999999996 -2.671300000000001, -58.957699999999996 -2.671100000000001))"
2024,CORTE SELETIVO,C60L63,"POLYGON ((-58.95159999999999 -2.668400000000001, -58.95159999999999 -2.668300000000001, -58.951499999999996 -2.668300000000001, -58.951499999999996 -2.668400000000001, -58.95159999999999 -2.668400000000001))"
2024,CORTE SELETIVO,C60L63,"POLYGON ((-58.951499999999996 -2.667900000000001, -58.951499999999996 -2.667800000000001, -58.95139999999999 -2.667800000000001, -58.95139999999999 -2.667900000000001, -58.951499999999996 -2.667900000000001))"
2024,CORTE SELETIVO,C60L63,"POLYGON ((-58.95119999999999 -2.667600000000001, -58.95119999999999 -2.667800000000001, -58.95139999999999 -2.667800000000001, -58.95139999999999 -2.667700000000001, -58.951299999999996 -2.667700000000001, -58.951299999999996 -2.667600000000001, -58.95119999999999 -2.667600000000001))"
2024,CORTE SELETIVO,C60L63,"POLYGON ((-58.94669999999999 -2.665400000000001, -58.94659999999999 -2.665400000000001, -58.94659999999999 -2.665500000000001, -58.94669999999999 -2.665500000000001, -58.94669999999999 -2.665400000000001))"
2024,CORTE SELETIVO,C60L63,"POLYGON ((-58.95539999999999 -2.665300000000001, -58.955499999999994 -2.665300000000001, -58.955499999999994 -2.665200000000001, -58.95559999999999 -2.665200000000001, -58.95559999999999 -2.6651000000000007, -58.95539999999999 -2.6651000000000007, -58.95539999999999 -2.665300000000001))"
2024,CORTE SELETIVO,C60L63,"POLYGON ((-58.967099999999995 -2.651700000000001, -58.967099999999995 -2.651600000000001, -58.96699999999999 -2.651600000000001, -58.96699999999999 -2.651700000000001, -58.967099999999995 -2.651700000000001))"
2024,CORTE SELETIVO,C60L63,"POLYGON ((-58.954499999999996 -2.614500000000001, -58.954499999999996 -2.614300000000001, -58.95459999999999 -2.614300000000001, -58.95459999999999 -2.6140000000000008, -58.954499999999996 -2.6140000000000008, -58.954499999999996 -2.614100000000001, -58.95439999999999 -2.614100000000001, -58.95439999999999 -2.6142000000000007, -58.95419999999999 -2.6142000000000007, -58.95419999999999 -2.614500000000001, -58.954499999999996 -2.614500000000001))"
2024,CORTE SELETIVO,C60L63,"POLYGON ((-58.955499999999994 -2.609900000000001, -58.955499999999994 -2.609800000000001, -58.955299999999994 -2.609800000000001, -58.955299999999994 -2.609900000000001, -58.955499999999994 -2.609900000000001))"
2024,CORTE SELETIVO,C60L63,"POLYGON ((-58.955099999999995 -2.609500000000001, -58.954899999999995 -2.609500000000001, -58.954899999999995 -2.609600000000001, -58.955099999999995 -2.609600000000001, -58.955099999999995 -2.609500000000001))"
2024,CORTE SELETIVO,C60L63,"POLYGON ((-58.958299999999994 -2.608200000000001, -58.95839999999999 -2.608200000000001, -58.95839999999999 -2.608000000000001, -58.958299999999994 -2.608000000000001, -58.958299999999994 -2.6081000000000008, -58.95819999999999 -2.6081000000000008, -58.95819999999999 -2.608200000000001, -58.958099999999995 -2.608200000000001, -58.958099999999995 -2.6083000000000007, -58.958299999999994 -2.6083000000000007, -58.958299999999994 -2.608200000000001))"
2024,CORTE SELETIVO,C60L63,"POLYGON ((-58.94989999999999 -2.598500000000001, -58.94989999999999 -2.5984000000000007, -58.949799999999996 -2.5984000000000007, -58.949799999999996 -2.598500000000001, -58.94989999999999 -2.598500000000001))"
2024,CORTE SELETIVO,C60L63,"POLYGON ((-58.96039999999999 -2.597000000000001, -58.96039999999999 -2.596900000000001, -58.96019999999999 -2.596900000000001, -58.96019999999999 -2.597000000000001, -58.96039999999999 -2.597000000000001))"
2024,CORTE SELETIVO,C60L63,"POLYGON ((-58.95889999999999 -2.593900000000001, -58.95889999999999 -2.5938000000000008, -58.95869999999999 -2.5938000000000008, -58.95869999999999 -2.593900000000001, -58.95889999999999 -2.593900000000001))"
2024,CORTE SELETIVO,C60L63,"POLYGON ((-58.95399999999999 -2.592900000000001, -58.95389999999999 -2.592900000000001, -58.95389999999999 -2.593000000000001, -58.95399999999999 -2.593000000000001, -58.95399999999999 -2.592900000000001))"
2024,CORTE SELETIVO,C60L63,"POLYGON ((-58.95369999999999 -2.592900000000001, -58.953599999999994 -2.592900000000001, -58.953599999999994 -2.593000000000001, -58.95369999999999 -2.593000000000001, -58.95369999999999 -2.592900000000001))"
2024,CORTE SELETIVO,C60L63,"POLYGON ((-58.94839999999999 -2.587800000000001, -58.94839999999999 -2.5877000000000008, -58.948299999999996 -2.5877000000000008, -58.948299999999996 -2.587800000000001, -58.94839999999999 -2.587800000000001))"
2024,CORTE SELETIVO,C60L63,"POLYGON ((-58.95389999999999 -2.586500000000001, -58.953799999999994 -2.586500000000001, -58.953799999999994 -2.5866000000000007, -58.95389999999999 -2.5866000000000007, -58.95389999999999 -2.586500000000001))"
2024,CORTE SELETIVO,C60L63,"POLYGON ((-58.94749999999999 -2.584600000000001, -58.947399999999995 -2.584600000000001, -58.947399999999995 -2.5847000000000007, -58.94749999999999 -2.5847000000000007, -58.94749999999999 -2.584600000000001))"
2024,CORTE SELETIVO,C60L63,"POLYGON ((-58.959399999999995 -2.581700000000001, -58.959399999999995 -2.581400000000001, -58.95929999999999 -2.581400000000001, -58.95929999999999 -2.581300000000001, -58.959199999999996 -2.581300000000001, -58.959199999999996 -2.581400000000001, -58.958999999999996 -2.581400000000001, -58.958999999999996 -2.581500000000001, -58.95929999999999 -2.581500000000001, -58.95929999999999 -2.581700000000001, -58.959399999999995 -2.581700000000001))"
2024,CORTE SELETIVO,C60L63,"POLYGON ((-58.962399999999995 -2.578900000000001, -58.96229999999999 -2.578900000000001, -58.96229999999999 -2.579100000000001, -58.962399999999995 -2.579100000000001, -58.962399999999995 -2.578900000000001))"
2024,CORTE SELETIVO,C60L63,"POLYGON ((-58.962399999999995 -2.5782000000000007, -58.962599999999995 -2.5782000000000007, -58.962599999999995 -2.578100000000001, -58.96249999999999 -2.578100000000001, -58.96249999999999 -2.5780000000000007, -58.962399999999995 -2.5780000000000007, -58.962399999999995 -2.5782000000000007))"
2024,CORTE SELETIVO,C60L63,"POLYGON ((-58.96269999999999 -2.578100000000001, -58.96269999999999 -2.577900000000001, -58.962599999999995 -2.577900000000001, -58.962599999999995 -2.578100000000001, -58.96269999999999 -2.578100000000001))"
2024,CORTE SELETIVO,C60L63,"POLYGON ((-58.96359999999999 -2.577100000000001, -58.96359999999999 -2.577000000000001, -58.963499999999996 -2.577000000000001, -58.963499999999996 -2.577100000000001, -58.96359999999999 -2.577100000000001))"
2024,CORTE SELETIVO,C60L63,"POLYGON ((-58.96329999999999 -2.577000000000001, -58.96329999999999 -2.576900000000001, -58.96319999999999 -2.576900000000001, -58.96319999999999 -2.577000000000001, -58.96329999999999 -2.577000000000001))"
2024,CORTE SELETIVO,C60L63,"POLYGON ((-58.96329999999999 -2.576700000000001, -58.96319999999999 -2.576700000000001, -58.96319999999999 -2.576800000000001, -58.96329999999999 -2.576800000000001, -58.96329999999999 -2.576700000000001))"
2024,CORTE SELETIVO,C60L63,"POLYGON ((-58.96359999999999 -2.5765000000000007, -58.96329999999999 -2.5765000000000007, -58.96329999999999 -2.576600000000001, -58.96359999999999 -2.576600000000001, -58.96359999999999 -2.5765000000000007))"
2024,CORTE SELETIVO,C60L63,"POLYGON ((-58.93129999999999 -2.7495000000000007, -58.93129999999999 -2.749400000000001, -58.93119999999999 -2.749400000000001, -58.93119999999999 -2.7495000000000007, -58.93129999999999 -2.7495000000000007))"
2024,CORTE SELETIVO,C60L63,"POLYGON ((-58.93119999999999 -2.749400000000001, -58.93119999999999 -2.7493000000000007, -58.931099999999994 -2.7493000000000007, -58.931099999999994 -2.749400000000001, -58.93119999999999 -2.749400000000001))"
2024,CORTE SELETIVO,C60L63,"POLYGON ((-58.94659999999999 -2.680600000000001, -58.94659999999999 -2.680300000000001, -58.94639999999999 -2.680300000000001, -58.94639999999999 -2.680400000000001, -58.94649999999999 -2.680400000000001, -58.94649999999999 -2.6805000000000008, -58.94639999999999 -2.6805000000000008, -58.94639999999999 -2.680600000000001, -58.94659999999999 -2.680600000000001))"
2024,CORTE SELETIVO,C60L63,"POLYGON ((-58.94429999999999 -2.6704000000000008, -58.944199999999995 -2.6704000000000008, -58.944199999999995 -2.670500000000001, -58.944399999999995 -2.670500000000001, -58.944399999999995 -2.670300000000001, -58.94429999999999 -2.670300000000001, -58.94429999999999 -2.6704000000000008))"
2024,CORTE SELETIVO,C60L63,"POLYGON ((-58.94219999999999 -2.6651000000000007, -58.942299999999996 -2.6651000000000007, -58.942299999999996 -2.665200000000001, -58.94239999999999 -2.665200000000001, -58.94239999999999 -2.665000000000001, -58.94219999999999 -2.665000000000001, -58.94219999999999 -2.6651000000000007))"
2024,CORTE SELETIVO,C60L63,"POLYGON ((-58.939499999999995 -2.661200000000001, -58.939499999999995 -2.661100000000001, -58.93939999999999 -2.661100000000001, -58.93939999999999 -2.661200000000001, -58.939499999999995 -2.661200000000001))"
2024,CORTE SELETIVO,C60L63,"POLYGON ((-58.937799999999996 -2.659900000000001, -58.937799999999996 -2.659800000000001, -58.93769999999999 -2.659800000000001, -58.93769999999999 -2.659900000000001, -58.937799999999996 -2.659900000000001))"
2024,CORTE SELETIVO,C60L63,"POLYGON ((-58.93769999999999 -2.659700000000001, -58.93769999999999 -2.659600000000001, -58.937599999999996 -2.659600000000001, -58.937599999999996 -2.659700000000001, -58.93769999999999 -2.659700000000001))"
2024,CORTE SELETIVO,C60L63,"POLYGON ((-58.93659999999999 -2.657500000000001, -58.936499999999995 -2.657500000000001, -58.936499999999995 -2.657600000000001, -58.93659999999999 -2.657600000000001, -58.93659999999999 -2.657500000000001))"
2024,CORTE SELETIVO,C60L63,"POLYGON ((-58.934799999999996 -2.6127000000000007, -58.93469999999999 -2.6127000000000007, -58.93469999999999 -2.612800000000001, -58.934799999999996 -2.612800000000001, -58.934799999999996 -2.6127000000000007))"
2024,CORTE SELETIVO,C60L63,"POLYGON ((-58.93489999999999 -2.612000000000001, -58.93489999999999 -2.6123000000000007, -58.934799999999996 -2.6123000000000007, -58.934799999999996 -2.612400000000001, -58.934999999999995 -2.612400000000001, -58.934999999999995 -2.612000000000001, -58.93489999999999 -2.612000000000001))"
2024,CORTE SELETIVO,C60L63,"POLYGON ((-58.934599999999996 -2.612000000000001, -58.93449999999999 -2.612000000000001, -58.93449999999999 -2.6121000000000008, -58.934599999999996 -2.6121000000000008, -58.934599999999996 -2.612000000000001))"
2024,CORTE SELETIVO,C60L63,"POLYGON ((-58.938199999999995 -2.609500000000001, -58.93809999999999 -2.609500000000001, -58.93809999999999 -2.609600000000001, -58.938199999999995 -2.609600000000001, -58.938199999999995 -2.609500000000001))"
2024,CORTE SELETIVO,C60L63,"POLYGON ((-58.92589999999999 -2.608900000000001, -58.92589999999999 -2.608800000000001, -58.925799999999995 -2.608800000000001, -58.925799999999995 -2.608900000000001, -58.92589999999999 -2.608900000000001))"
2024,CORTE SELETIVO,C60L63,"POLYGON ((-58.940599999999996 -2.603500000000001, -58.94049999999999 -2.603500000000001, -58.94049999999999 -2.603600000000001, -58.940599999999996 -2.603600000000001, -58.940599999999996 -2.603500000000001))"
2024,CORTE SELETIVO,C60L63,"POLYGON ((-58.940999999999995 -2.603100000000001, -58.94089999999999 -2.603100000000001, -58.94089999999999 -2.603200000000001, -58.940999999999995 -2.603200000000001, -58.940999999999995 -2.603100000000001))"
2024,CORTE SELETIVO,C60L63,"POLYGON ((-58.940999999999995 -2.602900000000001, -58.940999999999995 -2.602800000000001, -58.94089999999999 -2.602800000000001, -58.94089999999999 -2.602900000000001, -58.940999999999995 -2.602900000000001))"
2024,CORTE SELETIVO,C60L63,"POLYGON ((-58.940799999999996 -2.6026000000000007, -58.940799999999996 -2.602700000000001, -58.94069999999999 -2.602700000000001, -58.94069999999999 -2.602800000000001, -58.94089999999999 -2.602800000000001, -58.94089999999999 -2.6026000000000007, -58.940799999999996 -2.6026000000000007))"
2024,CORTE SELETIVO,C60L63,"POLYGON ((-58.940999999999995 -2.6026000000000007, -58.940999999999995 -2.602500000000001, -58.94089999999999 -2.602500000000001, -58.94089999999999 -2.6026000000000007, -58.940999999999995 -2.6026000000000007))"
2024,CORTE SELETIVO,C60L63,"POLYGON ((-58.94179999999999 -2.601700000000001, -58.94169999999999 -2.601700000000001, -58.94169999999999 -2.601800000000001, -58.94179999999999 -2.601800000000001, -58.94179999999999 -2.601700000000001))"
2024,CORTE SELETIVO,C60L63,"POLYGON ((-58.94169999999999 -2.601600000000001, -58.941599999999994 -2.601600000000001, -58.941599999999994 -2.601700000000001, -58.94169999999999 -2.601700000000001, -58.94169999999999 -2.601600000000001))"
2024,CORTE SELETIVO,C60L63,"POLYGON ((-58.941399999999994 -2.601400000000001, -58.941399999999994 -2.601800000000001, -58.941599999999994 -2.601800000000001, -58.941599999999994 -2.601700000000001, -58.94149999999999 -2.601700000000001, -58.94149999999999 -2.601400000000001, -58.941399999999994 -2.601400000000001))"
2024,CORTE SELETIVO,C60L63,"POLYGON ((-58.94179999999999 -2.601500000000001, -58.94179999999999 -2.601400000000001, -58.94169999999999 -2.601400000000001, -58.94169999999999 -2.601500000000001, -58.94179999999999 -2.601500000000001))"
2024,CORTE SELETIVO,C60L63,"POLYGON ((-58.94469999999999 -2.597300000000001, -58.94469999999999 -2.597200000000001, -58.944599999999994 -2.597200000000001, -58.944599999999994 -2.597300000000001, -58.94469999999999 -2.597300000000001))"
2024,CORTE SELETIVO,C60L63,"POLYGON ((-58.944799999999994 -2.597000000000001, -58.94469999999999 -2.597000000000001, -58.94469999999999 -2.597200000000001, -58.944799999999994 -2.597200000000001, -58.944799999999994 -2.597000000000001))"
2024,CORTE SELETIVO,C60L63,"POLYGON ((-58.94489999999999 -2.596000000000001, -58.944799999999994 -2.596000000000001, -58.944799999999994 -2.596200000000001, -58.94489999999999 -2.596200000000001, -58.94489999999999 -2.596000000000001))"
2024,CORTE SELETIVO,C60L63,"POLYGON ((-58.924899999999994 -2.594800000000001, -58.924899999999994 -2.594700000000001, -58.92479999999999 -2.594700000000001, -58.92479999999999 -2.594800000000001, -58.924899999999994 -2.594800000000001))"
2024,CORTE SELETIVO,C60L63,"POLYGON ((-58.94449999999999 -2.594700000000001, -58.94449999999999 -2.5946000000000007, -58.944399999999995 -2.5946000000000007, -58.944399999999995 -2.594700000000001, -58.94449999999999 -2.594700000000001))"
2024,CORTE SELETIVO,C60L63,"POLYGON ((-58.94469999999999 -2.5942000000000007, -58.94469999999999 -2.594100000000001, -58.944599999999994 -2.594100000000001, -58.944599999999994 -2.5942000000000007, -58.94469999999999 -2.5942000000000007))"
2024,CORTE SELETIVO,C60L63,"POLYGON ((-58.944199999999995 -2.5938000000000008, -58.94409999999999 -2.5938000000000008, -58.94409999999999 -2.594100000000001, -58.944199999999995 -2.594100000000001, -58.944199999999995 -2.5940000000000007, -58.94429999999999 -2.5940000000000007, -58.94429999999999 -2.593900000000001, -58.944199999999995 -2.593900000000001, -58.944199999999995 -2.5938000000000008))"
2024,CORTE SELETIVO,C60L63,"POLYGON ((-58.94349999999999 -2.591200000000001, -58.94339999999999 -2.591200000000001, -58.94339999999999 -2.591300000000001, -58.94349999999999 -2.591300000000001, -58.94349999999999 -2.591200000000001))"
2024,CORTE SELETIVO,C60L63,"POLYGON ((-58.94049999999999 -2.5904000000000007, -58.94049999999999 -2.590300000000001, -58.94039999999999 -2.590300000000001, -58.94039999999999 -2.5904000000000007, -58.94049999999999 -2.5904000000000007))"
2024,CORTE SELETIVO,C60L63,"POLYGON ((-58.94559999999999 -2.583300000000001, -58.945499999999996 -2.583300000000001, -58.945499999999996 -2.583400000000001, -58.94559999999999 -2.583400000000001, -58.94559999999999 -2.583300000000001))"
2024,CORTE SELETIVO,C60L63,"POLYGON ((-58.93419999999999 -2.5056000000000007, -58.934099999999994 -2.5056000000000007, -58.934099999999994 -2.505700000000001, -58.93419999999999 -2.505700000000001, -58.93419999999999 -2.5056000000000007))"
2024,CORTE SELETIVO,C60L63,"POLYGON ((-58.91129999999999 -2.747700000000001, -58.91129999999999 -2.7476000000000007, -58.911199999999994 -2.7476000000000007, -58.911199999999994 -2.747700000000001, -58.91129999999999 -2.747700000000001))"
2024,CORTE SELETIVO,C60L63,"POLYGON ((-58.91139999999999 -2.747300000000001, -58.91129999999999 -2.747300000000001, -58.91129999999999 -2.7474000000000007, -58.91139999999999 -2.7474000000000007, -58.91139999999999 -2.747300000000001))"
2024,CORTE SELETIVO,C60L63,"POLYGON ((-58.914699999999996 -2.744100000000001, -58.91459999999999 -2.744100000000001, -58.91459999999999 -2.744200000000001, -58.914699999999996 -2.744200000000001, -58.914699999999996 -2.744100000000001))"
2024,CORTE SELETIVO,C60L63,"POLYGON ((-58.856899999999996 -2.706900000000001, -58.856899999999996 -2.7068000000000008, -58.85679999999999 -2.7068000000000008, -58.85679999999999 -2.706900000000001, -58.856899999999996 -2.706900000000001))"
2024,CORTE SELETIVO,C60L63,"POLYGON ((-58.842099999999995 -2.633500000000001, -58.842099999999995 -2.633400000000001, -58.841899999999995 -2.633400000000001, -58.841899999999995 -2.633500000000001, -58.842099999999995 -2.633500000000001))"
2024,CORTE SELETIVO,C60L63,"POLYGON ((-58.84199999999999 -2.633200000000001, -58.84199999999999 -2.6331000000000007, -58.84159999999999 -2.6331000000000007, -58.84159999999999 -2.633200000000001, -58.84179999999999 -2.633200000000001, -58.84179999999999 -2.633300000000001, -58.841899999999995 -2.633300000000001, -58.841899999999995 -2.633200000000001, -58.84199999999999 -2.633200000000001))"
2024,CORTE SELETIVO,C60L63,"POLYGON ((-58.903099999999995 -2.609000000000001, -58.90299999999999 -2.609000000000001, -58.90299999999999 -2.609100000000001, -58.903099999999995 -2.609100000000001, -58.903099999999995 -2.609000000000001))"
2024,CORTE SELETIVO,C60L63,"POLYGON ((-58.90299999999999 -2.608900000000001, -58.902899999999995 -2.608900000000001, -58.902899999999995 -2.609000000000001, -58.90299999999999 -2.609000000000001, -58.90299999999999 -2.608900000000001))"
2024,CORTE SELETIVO,C60L63,"POLYGON ((-58.83959999999999 -2.599500000000001, -58.83959999999999 -2.599400000000001, -58.839499999999994 -2.599400000000001, -58.839499999999994 -2.599500000000001, -58.83959999999999 -2.599500000000001))"
2024,CORTE SELETIVO,C60L63,"POLYGON ((-58.83939999999999 -2.599300000000001, -58.83939999999999 -2.599200000000001, -58.839299999999994 -2.599200000000001, -58.839299999999994 -2.599300000000001, -58.83939999999999 -2.599300000000001))"
2024,CORTE SELETIVO,C60L63,"POLYGON ((-58.92219999999999 -2.597100000000001, -58.92219999999999 -2.596900000000001, -58.92209999999999 -2.596900000000001, -58.92209999999999 -2.597100000000001, -58.92219999999999 -2.597100000000001))"
2024,CORTE SELETIVO,C60L63,"POLYGON ((-58.92479999999999 -2.5946000000000007, -58.924699999999994 -2.5946000000000007, -58.924699999999994 -2.594700000000001, -58.92479999999999 -2.594700000000001, -58.92479999999999 -2.5946000000000007))"
2024,CORTE SELETIVO,C60L63,"POLYGON ((-58.924699999999994 -2.593300000000001, -58.92459999999999 -2.593300000000001, -58.92459999999999 -2.593400000000001, -58.924699999999994 -2.593400000000001, -58.924699999999994 -2.593300000000001))"
2024,CORTE SELETIVO,C60L63,"POLYGON ((-58.924499999999995 -2.592800000000001, -58.924499999999995 -2.5927000000000007, -58.92439999999999 -2.5927000000000007, -58.92439999999999 -2.592800000000001, -58.924499999999995 -2.592800000000001))"
2024,CORTE SELETIVO,C60L63,"POLYGON ((-58.924299999999995 -2.5927000000000007, -58.924299999999995 -2.592600000000001, -58.92419999999999 -2.592600000000001, -58.92419999999999 -2.5927000000000007, -58.924299999999995 -2.5927000000000007))"
2024,CORTE SELETIVO,C60L63,"POLYGON ((-58.923199999999994 -2.591400000000001, -58.923199999999994 -2.591300000000001, -58.92309999999999 -2.591300000000001, -58.92309999999999 -2.591400000000001, -58.923199999999994 -2.591400000000001))"
2024,CORTE SELETIVO,C60L63,"POLYGON ((-58.91089999999999 -2.576400000000001, -58.91109999999999 -2.576400000000001, -58.91109999999999 -2.5763000000000007, -58.910999999999994 -2.5763000000000007, -58.910999999999994 -2.576200000000001, -58.91089999999999 -2.576200000000001, -58.91089999999999 -2.576400000000001))"
2024,CORTE SELETIVO,C60L63,"POLYGON ((-58.84279999999999 -2.561500000000001, -58.842699999999994 -2.561500000000001, -58.842699999999994 -2.561400000000001, -58.842499999999994 -2.561400000000001, -58.842499999999994 -2.561500000000001, -58.84259999999999 -2.561500000000001, -58.84259999999999 -2.5616000000000008, -58.842699999999994 -2.5616000000000008, -58.842699999999994 -2.561700000000001, -58.84279999999999 -2.561700000000001, -58.84279999999999 -2.561500000000001))"
2024,CORTE SELETIVO,C60L63,"POLYGON ((-58.88259999999999 -2.543600000000001, -58.88259999999999 -2.5435000000000008, -58.88249999999999 -2.5435000000000008, -58.88249999999999 -2.543600000000001, -58.88259999999999 -2.543600000000001))"
2024,CORTE SELETIVO,C60L63,"POLYGON ((-58.88249999999999 -2.543300000000001, -58.882299999999994 -2.543300000000001, -58.882299999999994 -2.543400000000001, -58.88249999999999 -2.543400000000001, -58.88249999999999 -2.543300000000001))"
2024,CORTE SELETIVO,C60L63,"POLYGON ((-58.841499999999996 -2.543000000000001, -58.84139999999999 -2.543000000000001, -58.84139999999999 -2.543100000000001, -58.841499999999996 -2.543100000000001, -58.841499999999996 -2.543000000000001))"
2024,CORTE SELETIVO,C60L63,"POLYGON ((-58.83129999999999 -2.541000000000001, -58.83129999999999 -2.540900000000001, -58.831199999999995 -2.540900000000001, -58.831199999999995 -2.541000000000001, -58.83129999999999 -2.541000000000001))"
2024,CORTE SELETIVO,C60L63,"POLYGON ((-58.826299999999996 -2.537500000000001, -58.82619999999999 -2.537500000000001, -58.82619999999999 -2.5376000000000007, -58.826299999999996 -2.5376000000000007, -58.826299999999996 -2.537500000000001))"
2024,CORTE SELETIVO,C60L63,"POLYGON ((-58.82639999999999 -2.5374000000000008, -58.826299999999996 -2.5374000000000008, -58.826299999999996 -2.537500000000001, -58.82639999999999 -2.537500000000001, -58.82639999999999 -2.5374000000000008))"
2024,CORTE SELETIVO,C60L63,"POLYGON ((-58.86729999999999 -2.530700000000001, -58.86729999999999 -2.530600000000001, -58.86709999999999 -2.530600000000001, -58.86709999999999 -2.530700000000001, -58.86729999999999 -2.530700000000001))"
2024,CORTE SELETIVO,C60L63,"POLYGON ((-58.884699999999995 -2.530100000000001, -58.884699999999995 -2.5300000000000007, -58.88459999999999 -2.5300000000000007, -58.88459999999999 -2.530100000000001, -58.884699999999995 -2.530100000000001))"
2024,CORTE SELETIVO,C60L63,"POLYGON ((-58.860699999999994 -2.529200000000001, -58.860699999999994 -2.529100000000001, -58.86059999999999 -2.529100000000001, -58.86059999999999 -2.529200000000001, -58.860699999999994 -2.529200000000001))"
2024,CORTE SELETIVO,C60L63,"POLYGON ((-58.828599999999994 -2.520600000000001, -58.82849999999999 -2.520600000000001, -58.82849999999999 -2.520700000000001, -58.828599999999994 -2.520700000000001, -58.828599999999994 -2.520600000000001))"
2024,CORTE SELETIVO,C60L63,"POLYGON ((-58.83429999999999 -2.514700000000001, -58.834199999999996 -2.514700000000001, -58.834199999999996 -2.514800000000001, -58.83429999999999 -2.514800000000001, -58.83429999999999 -2.514700000000001))"
2024,CORTE SELETIVO,C60L63,"POLYGON ((-58.86549999999999 -2.511600000000001, -58.86549999999999 -2.5115000000000007, -58.865399999999994 -2.5115000000000007, -58.865399999999994 -2.511600000000001, -58.86549999999999 -2.511600000000001))"
2024,CORTE SELETIVO,C60L63,"POLYGON ((-58.86549999999999 -2.511400000000001, -58.86549999999999 -2.5115000000000007, -58.86569999999999 -2.5115000000000007, -58.86569999999999 -2.511600000000001, -58.86579999999999 -2.511600000000001, -58.86579999999999 -2.511400000000001, -58.86549999999999 -2.511400000000001))"
2024,CORTE SELETIVO,C60L63,"POLYGON ((-58.864999999999995 -2.505300000000001, -58.864999999999995 -2.5052000000000008, -58.86489999999999 -2.5052000000000008, -58.86489999999999 -2.505300000000001, -58.864999999999995 -2.505300000000001))"
2024,CORTE SELETIVO,C60L63,"POLYGON ((-58.864599999999996 -2.505000000000001, -58.86449999999999 -2.505000000000001, -58.86449999999999 -2.505100000000001, -58.864599999999996 -2.505100000000001, -58.864599999999996 -2.505000000000001))"
2024,CORTE SELETIVO,C60L63,"POLYGON ((-58.86509999999999 -2.504400000000001, -58.864999999999995 -2.504400000000001, -58.864999999999995 -2.504600000000001, -58.86509999999999 -2.504600000000001, -58.86509999999999 -2.504400000000001))"
2024,CORTE SELETIVO,C60L63,"POLYGON ((-58.817699999999995 -2.737200000000001, -58.817699999999995 -2.7371000000000008, -58.81759999999999 -2.7371000000000008, -58.81759999999999 -2.737200000000001, -58.817699999999995 -2.737200000000001))"
2024,CORTE SELETIVO,C60L63,"POLYGON ((-58.77629999999999 -2.7051000000000007, -58.77629999999999 -2.7049000000000007, -58.77609999999999 -2.7049000000000007, -58.77609999999999 -2.7051000000000007, -58.77629999999999 -2.7051000000000007))"
2024,CORTE SELETIVO,C60L63,"POLYGON ((-58.770799999999994 -2.688000000000001, -58.770799999999994 -2.688300000000001, -58.77089999999999 -2.688300000000001, -58.77089999999999 -2.688200000000001, -58.770999999999994 -2.688200000000001, -58.770999999999994 -2.688000000000001, -58.770799999999994 -2.688000000000001))"
2024,CORTE SELETIVO,C60L63,"POLYGON ((-58.752399999999994 -2.670700000000001, -58.75229999999999 -2.670700000000001, -58.75229999999999 -2.6708000000000007, -58.752399999999994 -2.6708000000000007, -58.752399999999994 -2.670700000000001))"
2024,CORTE SELETIVO,C60L63,"POLYGON ((-58.752599999999994 -2.670700000000001, -58.75249999999999 -2.670700000000001, -58.75249999999999 -2.6708000000000007, -58.752599999999994 -2.6708000000000007, -58.752599999999994 -2.670700000000001))"
2024,CORTE SELETIVO,C60L63,"POLYGON ((-58.753299999999996 -2.627300000000001, -58.753299999999996 -2.627100000000001, -58.75319999999999 -2.627100000000001, -58.75319999999999 -2.627300000000001, -58.753299999999996 -2.627300000000001))"
2024,CORTE SELETIVO,C60L63,"POLYGON ((-58.75339999999999 -2.6270000000000007, -58.753299999999996 -2.6270000000000007, -58.753299999999996 -2.627100000000001, -58.75339999999999 -2.627100000000001, -58.75339999999999 -2.6270000000000007))"
2024,CORTE SELETIVO,C60L63,"POLYGON ((-58.80629999999999 -2.5959000000000008, -58.80619999999999 -2.5959000000000008, -58.80619999999999 -2.596000000000001, -58.80629999999999 -2.596000000000001, -58.80629999999999 -2.5959000000000008))"
2024,CORTE SELETIVO,C60L63,"POLYGON ((-58.82319999999999 -2.5858000000000008, -58.82319999999999 -2.585700000000001, -58.82309999999999 -2.585700000000001, -58.82309999999999 -2.5858000000000008, -58.82319999999999 -2.5858000000000008))"
2024,CORTE SELETIVO,C60L63,"POLYGON ((-58.82299999999999 -2.585600000000001, -58.82289999999999 -2.585600000000001, -58.82289999999999 -2.585700000000001, -58.82299999999999 -2.585700000000001, -58.82299999999999 -2.585600000000001))"
2024,CORTE SELETIVO,C60L63,"POLYGON ((-58.82339999999999 -2.585500000000001, -58.823299999999996 -2.585500000000001, -58.823299999999996 -2.585700000000001, -58.82339999999999 -2.585700000000001, -58.82339999999999 -2.585500000000001))"
2024,CORTE SELETIVO,C60L63,"POLYGON ((-58.78639999999999 -2.5837000000000008, -58.78639999999999 -2.583600000000001, -58.78629999999999 -2.583600000000001, -58.78629999999999 -2.5837000000000008, -58.78639999999999 -2.5837000000000008))"
2024,CORTE SELETIVO,C60L63,"POLYGON ((-58.81699999999999 -2.583500000000001, -58.81699999999999 -2.583400000000001, -58.81689999999999 -2.583400000000001, -58.81689999999999 -2.583500000000001, -58.81699999999999 -2.583500000000001))"
2024,CORTE SELETIVO,C60L63,"POLYGON ((-58.81689999999999 -2.583400000000001, -58.81689999999999 -2.583300000000001, -58.81679999999999 -2.583300000000001, -58.81679999999999 -2.583400000000001, -58.81689999999999 -2.583400000000001))"
2024,CORTE SELETIVO,C60L63,"POLYGON ((-58.82459999999999 -2.582100000000001, -58.82449999999999 -2.582100000000001, -58.82449999999999 -2.5822000000000007, -58.82459999999999 -2.5822000000000007, -58.82459999999999 -2.582100000000001))"
2024,CORTE SELETIVO,C60L63,"POLYGON ((-58.790499999999994 -2.5805000000000007, -58.79039999999999 -2.5805000000000007, -58.79039999999999 -2.580800000000001, -58.790499999999994 -2.580800000000001, -58.790499999999994 -2.5805000000000007))"
2024,CORTE SELETIVO,C60L63,"POLYGON ((-58.79019999999999 -2.5801000000000007, -58.79019999999999 -2.579800000000001, -58.790099999999995 -2.579800000000001, -58.790099999999995 -2.5799000000000007, -58.78999999999999 -2.5799000000000007, -58.78999999999999 -2.580000000000001, -58.790099999999995 -2.580000000000001, -58.790099999999995 -2.5801000000000007, -58.79019999999999 -2.5801000000000007))"
2024,CORTE SELETIVO,C60L63,"POLYGON ((-58.81969999999999 -2.569200000000001, -58.819599999999994 -2.569200000000001, -58.819599999999994 -2.569300000000001, -58.81969999999999 -2.569300000000001, -58.81969999999999 -2.569200000000001))"
2024,CORTE SELETIVO,C60L63,"POLYGON ((-58.82379999999999 -2.568700000000001, -58.823699999999995 -2.568700000000001, -58.823699999999995 -2.568800000000001, -58.82379999999999 -2.568800000000001, -58.82379999999999 -2.568700000000001))"
2024,CORTE SELETIVO,C60L63,"POLYGON ((-58.79919999999999 -2.556800000000001, -58.79919999999999 -2.556700000000001, -58.799099999999996 -2.556700000000001, -58.799099999999996 -2.556800000000001, -58.79919999999999 -2.556800000000001))"
2024,CORTE SELETIVO,C60L63,"POLYGON ((-58.79939999999999 -2.556900000000001, -58.79939999999999 -2.557100000000001, -58.799499999999995 -2.557100000000001, -58.799499999999995 -2.557000000000001, -58.79959999999999 -2.557000000000001, -58.79959999999999 -2.556900000000001, -58.799499999999995 -2.556900000000001, -58.799499999999995 -2.5563000000000007, -58.79939999999999 -2.5563000000000007, -58.79939999999999 -2.556200000000001, -58.79919999999999 -2.556200000000001, -58.79919999999999 -2.556400000000001, -58.799099999999996 -2.556400000000001, -58.799099999999996 -2.556600000000001, -58.79919999999999 -2.556600000000001, -58.79919999999999 -2.556700000000001, -58.799299999999995 -2.556700000000001, -58.799299999999995 -2.556900000000001, -58.79939999999999 -2.556900000000001), (-58.79939999999999 -2.556500000000001, -58.799299999999995 -2.556500000000001, -58.799299999999995 -2.5563000000000007, -58.79939999999999 -2.5563000000000007, -58.79939999999999 -2.556500000000001))"
2024,CORTE SELETIVO,C60L63,"POLYGON ((-58.799499999999995 -2.556000000000001, -58.79939999999999 -2.556000000000001, -58.79939999999999 -2.556200000000001, -58.799499999999995 -2.556200000000001, -58.799499999999995 -2.556000000000001))"
2024,CORTE SELETIVO,C60L63,"POLYGON ((-58.81249999999999 -2.5536000000000008, -58.81249999999999 -2.553500000000001, -58.81239999999999 -2.553500000000001, -58.81239999999999 -2.5536000000000008, -58.81249999999999 -2.5536000000000008))"
2024,CORTE SELETIVO,C60L63,"POLYGON ((-58.81399999999999 -2.552200000000001, -58.81399999999999 -2.5521000000000007, -58.81389999999999 -2.5521000000000007, -58.81389999999999 -2.552200000000001, -58.81399999999999 -2.552200000000001))"
2024,CORTE SELETIVO,C60L63,"POLYGON ((-58.80449999999999 -2.547800000000001, -58.80449999999999 -2.5477000000000007, -58.804399999999994 -2.5477000000000007, -58.804399999999994 -2.547800000000001, -58.80449999999999 -2.547800000000001))"
2024,CORTE SELETIVO,C60L63,"POLYGON ((-58.79919999999999 -2.547600000000001, -58.79899999999999 -2.547600000000001, -58.79899999999999 -2.547800000000001, -58.79919999999999 -2.547800000000001, -58.79919999999999 -2.547600000000001))"
2024,CORTE SELETIVO,C60L63,"POLYGON ((-58.81799999999999 -2.5443000000000007, -58.817899999999995 -2.5443000000000007, -58.817899999999995 -2.544400000000001, -58.81799999999999 -2.544400000000001, -58.81799999999999 -2.5443000000000007))"
2024,CORTE SELETIVO,C60L63,"POLYGON ((-58.788199999999996 -2.533300000000001, -58.788199999999996 -2.533200000000001, -58.78809999999999 -2.533200000000001, -58.78809999999999 -2.533300000000001, -58.788199999999996 -2.533300000000001))"
2024,CORTE SELETIVO,C60L63,"POLYGON ((-58.80599999999999 -2.532400000000001, -58.80579999999999 -2.532400000000001, -58.80579999999999 -2.532500000000001, -58.80599999999999 -2.532500000000001, -58.80599999999999 -2.532400000000001))"
2024,CORTE SELETIVO,C60L63,"POLYGON ((-58.811099999999996 -2.532400000000001, -58.81099999999999 -2.532400000000001, -58.81099999999999 -2.532500000000001, -58.811099999999996 -2.532500000000001, -58.811099999999996 -2.532400000000001))"
2024,CORTE SELETIVO,C60L63,"POLYGON ((-58.81099999999999 -2.532400000000001, -58.81099999999999 -2.532200000000001, -58.81079999999999 -2.532200000000001, -58.81079999999999 -2.532400000000001, -58.81099999999999 -2.532400000000001))"
2024,CORTE SELETIVO,C60L63,"POLYGON ((-58.80019999999999 -2.531100000000001, -58.80009999999999 -2.531100000000001, -58.80009999999999 -2.531200000000001, -58.80019999999999 -2.531200000000001, -58.80019999999999 -2.531100000000001))"
2024,CORTE SELETIVO,C60L63,"POLYGON ((-58.75619999999999 -2.524500000000001, -58.75609999999999 -2.524500000000001, -58.75609999999999 -2.524600000000001, -58.75619999999999 -2.524600000000001, -58.75619999999999 -2.524500000000001))"
2024,CORTE SELETIVO,C60L63,"POLYGON ((-58.94469999999999 -2.594500000000001, -58.94469999999999 -2.5944000000000007, -58.944599999999994 -2.5944000000000007, -58.944599999999994 -2.594500000000001, -58.94469999999999 -2.594500000000001))"
2024,CORTE SELETIVO,C60L63,"POLYGON ((-58.855999999999995 -2.589700000000001, -58.855799999999995 -2.589700000000001, -58.855799999999995 -2.5898000000000008, -58.855999999999995 -2.5898000000000008, -58.855999999999995 -2.589700000000001))"
2024,CORTE SELETIVO,C60L63,"POLYGON ((-58.975699999999996 -2.588800000000001, -58.97559999999999 -2.588800000000001, -58.97559999999999 -2.588900000000001, -58.975699999999996 -2.588900000000001, -58.975699999999996 -2.588800000000001))"
2024,CORTE SELETIVO,C60L63,"POLYGON ((-58.82319999999999 -2.585900000000001, -58.82319999999999 -2.5858000000000008, -58.82309999999999 -2.5858000000000008, -58.82309999999999 -2.585900000000001, -58.82319999999999 -2.585900000000001))"
2024,CORTE SELETIVO,C60L63,"POLYGON ((-58.969199999999994 -2.572000000000001, -58.96909999999999 -2.572000000000001, -58.96909999999999 -2.5721000000000007, -58.969199999999994 -2.5721000000000007, -58.969199999999994 -2.572000000000001))"
2024,CORTE SELETIVO,C60L63,"POLYGON ((-58.96929999999999 -2.5717000000000008, -58.969199999999994 -2.5717000000000008, -58.969199999999994 -2.571800000000001, -58.96929999999999 -2.571800000000001, -58.96929999999999 -2.5717000000000008))"
2024,CORTE SELETIVO,C60L63,"POLYGON ((-58.75959999999999 -2.598300000000001, -58.75959999999999 -2.598500000000001, -58.759899999999995 -2.598500000000001, -58.759899999999995 -2.5982000000000007, -58.759699999999995 -2.5982000000000007, -58.759699999999995 -2.598100000000001, -58.759499999999996 -2.598100000000001, -58.759499999999996 -2.598300000000001, -58.75959999999999 -2.598300000000001))"
2024,CORTE SELETIVO,C60L63,"POLYGON ((-58.80199999999999 -2.597700000000001, -58.80179999999999 -2.597700000000001, -58.80179999999999 -2.5978000000000008, -58.80199999999999 -2.5978000000000008, -58.80199999999999 -2.597700000000001))"
2024,CORTE SELETIVO,C60L63,"POLYGON ((-58.771499999999996 -2.596200000000001, -58.77139999999999 -2.596200000000001, -58.77139999999999 -2.5963000000000007, -58.771499999999996 -2.5963000000000007, -58.771499999999996 -2.596200000000001))"
2024,CORTE SELETIVO,C60L63,"POLYGON ((-58.80749999999999 -2.595000000000001, -58.80749999999999 -2.594900000000001, -58.807399999999994 -2.594900000000001, -58.807399999999994 -2.595000000000001, -58.80749999999999 -2.595000000000001))"
2024,CORTE SELETIVO,C60L63,"POLYGON ((-58.807599999999994 -2.594800000000001, -58.80749999999999 -2.594800000000001, -58.80749999999999 -2.594900000000001, -58.807599999999994 -2.594900000000001, -58.807599999999994 -2.594800000000001))"
2024,CORTE SELETIVO,C60L63,"POLYGON ((-58.79919999999999 -2.556600000000001, -58.799099999999996 -2.556600000000001, -58.799099999999996 -2.556700000000001, -58.79919999999999 -2.556700000000001, -58.79919999999999 -2.556600000000001))"
2024,CORTE SELETIVO,C60L63,"POLYGON ((-58.94449999999999 -2.5946000000000007, -58.94449999999999 -2.594700000000001, -58.944599999999994 -2.594700000000001, -58.944599999999994 -2.5946000000000007, -58.94449999999999 -2.5946000000000007))"
2024,CORTE SELETIVO,C60L63,"POLYGON ((-58.82299999999999 -2.585700000000001, -58.82299999999999 -2.5858000000000008, -58.82309999999999 -2.5858000000000008, -58.82309999999999 -2.585700000000001, -58.82299999999999 -2.585700000000001))"
2024,CORTE SELETIVO,C60L63,"POLYGON ((-58.759499999999996 -2.598300000000001, -58.759499999999996 -2.5984000000000007, -58.75959999999999 -2.5984000000000007, -58.75959999999999 -2.598300000000001, -58.759499999999996 -2.598300000000001))"
2024,CORTE SELETIVO,C60L63,"POLYGON ((-58.83409999999999 -2.514800000000001, -58.83409999999999 -2.514900000000001, -58.834199999999996 -2.514900000000001, -58.834199999999996 -2.514800000000001, -58.83409999999999 -2.514800000000001))"
2024,CORTE SELETIVO,C60L63,"POLYGON ((-58.75959999999999 -2.5984000000000007, -58.759499999999996 -2.5984000000000007, -58.759499999999996 -2.598500000000001, -58.75959999999999 -2.598500000000001, -58.75959999999999 -2.5984000000000007))"
2024,CORTE SELETIVO,C60L63,"POLYGON ((-58.96809999999999 -2.652600000000001, -58.968199999999996 -2.652600000000001, -58.968199999999996 -2.6525000000000007, -58.96809999999999 -2.6525000000000007, -58.96809999999999 -2.652600000000001))"
2024,CORTE SELETIVO,C60L63,"POLYGON ((-58.944599999999994 -2.594700000000001, -58.94469999999999 -2.594700000000001, -58.94469999999999 -2.5946000000000007, -58.944599999999994 -2.5946000000000007, -58.944599999999994 -2.594700000000001))"
2024,CORTE SELETIVO,C60L63,"POLYGON ((-58.762499999999996 -2.551300000000001, -58.76259999999999 -2.551300000000001, -58.76259999999999 -2.551200000000001, -58.762499999999996 -2.551200000000001, -58.762499999999996 -2.551300000000001))"
2024,CORTE SELETIVO,C60L63,"POLYGON ((-58.88259999999999 -2.5159000000000007, -58.88269999999999 -2.5159000000000007, -58.88269999999999 -2.515800000000001, -58.88259999999999 -2.515800000000001, -58.88259999999999 -2.5159000000000007))"
2024,CORTE SELETIVO,C60L63,"POLYGON ((-58.82299999999999 -2.585600000000001, -58.82299999999999 -2.585700000000001, -58.82309999999999 -2.585700000000001, -58.82309999999999 -2.585600000000001, -58.82299999999999 -2.585600000000001))"
2024,CORTE SELETIVO,C60L63,"POLYGON ((-58.85029999999999 -2.5515000000000008, -58.85029999999999 -2.551600000000001, -58.85039999999999 -2.551600000000001, -58.85039999999999 -2.5515000000000008, -58.85029999999999 -2.5515000000000008))"
2024,CORTE SELETIVO,C60L63,"POLYGON ((-58.960699999999996 -2.688100000000001, -58.96059999999999 -2.688100000000001, -58.96059999999999 -2.688200000000001, -58.960699999999996 -2.688200000000001, -58.960699999999996 -2.688100000000001))"
2024,CORTE SELETIVO,C60L63,"POLYGON ((-58.963499999999996 -2.686700000000001, -58.96339999999999 -2.686700000000001, -58.96339999999999 -2.686900000000001, -58.963499999999996 -2.686900000000001, -58.963499999999996 -2.686700000000001))"
2024,CORTE SELETIVO,C60L63,"POLYGON ((-58.96549999999999 -2.670300000000001, -58.965399999999995 -2.670300000000001, -58.965399999999995 -2.6704000000000008, -58.96549999999999 -2.6704000000000008, -58.96549999999999 -2.670300000000001))"
2024,CORTE SELETIVO,C60L63,"POLYGON ((-58.974199999999996 -2.653500000000001, -58.974199999999996 -2.653600000000001, -58.97429999999999 -2.653600000000001, -58.97429999999999 -2.653500000000001, -58.974199999999996 -2.653500000000001))"
2024,CORTE SELETIVO,C60L63,"POLYGON ((-58.96849999999999 -2.6527000000000007, -58.96849999999999 -2.652800000000001, -58.968599999999995 -2.652800000000001, -58.968599999999995 -2.6527000000000007, -58.96849999999999 -2.6527000000000007))"
2024,CORTE SELETIVO,C60L63,"POLYGON ((-58.962799999999994 -2.602500000000001, -58.96269999999999 -2.602500000000001, -58.96269999999999 -2.6026000000000007, -58.962799999999994 -2.6026000000000007, -58.962799999999994 -2.602500000000001))"
2024,CORTE SELETIVO,C60L63,"POLYGON ((-58.968799999999995 -2.595200000000001, -58.96869999999999 -2.595200000000001, -58.96869999999999 -2.595300000000001, -58.968799999999995 -2.595300000000001, -58.968799999999995 -2.595200000000001))"
2024,CORTE SELETIVO,C60L63,"POLYGON ((-58.968399999999995 -2.594900000000001, -58.96829999999999 -2.594900000000001, -58.96829999999999 -2.595000000000001, -58.968399999999995 -2.595000000000001, -58.968399999999995 -2.594900000000001))"
2024,CORTE SELETIVO,C60L63,"POLYGON ((-58.95929999999999 -2.589600000000001, -58.95929999999999 -2.589700000000001, -58.959399999999995 -2.589700000000001, -58.959399999999995 -2.589600000000001, -58.95929999999999 -2.589600000000001))"
2024,CORTE SELETIVO,C60L63,"POLYGON ((-58.96309999999999 -2.582700000000001, -58.96309999999999 -2.582800000000001, -58.96319999999999 -2.582800000000001, -58.96319999999999 -2.582700000000001, -58.96309999999999 -2.582700000000001))"
2024,CORTE SELETIVO,C60L63,"POLYGON ((-58.965999999999994 -2.578900000000001, -58.96589999999999 -2.578900000000001, -58.96589999999999 -2.579000000000001, -58.965999999999994 -2.579000000000001, -58.965999999999994 -2.578900000000001))"
2024,CORTE SELETIVO,C60L63,"POLYGON ((-58.93599999999999 -2.657300000000001, -58.93589999999999 -2.657300000000001, -58.93589999999999 -2.657400000000001, -58.93599999999999 -2.657400000000001, -58.93599999999999 -2.657300000000001))"
2024,CORTE SELETIVO,C60L63,"POLYGON ((-58.934599999999996 -2.612600000000001, -58.93449999999999 -2.612600000000001, -58.93449999999999 -2.6127000000000007, -58.934599999999996 -2.6127000000000007, -58.934599999999996 -2.612600000000001))"
2024,CORTE SELETIVO,C60L63,"POLYGON ((-58.92969999999999 -2.6083000000000007, -58.92969999999999 -2.608400000000001, -58.92979999999999 -2.608400000000001, -58.92979999999999 -2.6083000000000007, -58.92969999999999 -2.6083000000000007))"
2024,CORTE SELETIVO,C60L63,"POLYGON ((-58.83449999999999 -2.597900000000001, -58.83449999999999 -2.5980000000000008, -58.834599999999995 -2.5980000000000008, -58.834599999999995 -2.597900000000001, -58.83449999999999 -2.597900000000001))"
2024,CORTE SELETIVO,C60L63,"POLYGON ((-58.805499999999995 -2.5963000000000007, -58.80539999999999 -2.5963000000000007, -58.80539999999999 -2.596400000000001, -58.805499999999995 -2.596400000000001, -58.805499999999995 -2.5963000000000007))"
2024,CORTE SELETIVO,C60L63,"POLYGON ((-58.943799999999996 -2.5927000000000007, -58.943799999999996 -2.592800000000001, -58.94389999999999 -2.592800000000001, -58.94389999999999 -2.5927000000000007, -58.943799999999996 -2.5927000000000007))"
2024,CORTE SELETIVO,C60L63,"POLYGON ((-58.944199999999995 -2.592000000000001, -58.944199999999995 -2.5921000000000007, -58.94429999999999 -2.5921000000000007, -58.94429999999999 -2.592000000000001, -58.944199999999995 -2.592000000000001))"
2024,CORTE SELETIVO,C60L63,"POLYGON ((-58.91629999999999 -2.590800000000001, -58.916199999999996 -2.590800000000001, -58.916199999999996 -2.590900000000001, -58.91629999999999 -2.590900000000001, -58.91629999999999 -2.590800000000001))"
2024,CORTE SELETIVO,C60L63,"POLYGON ((-58.944199999999995 -2.586800000000001, -58.944199999999995 -2.586900000000001, -58.94429999999999 -2.586900000000001, -58.94429999999999 -2.586800000000001, -58.944199999999995 -2.586800000000001))"
2024,CORTE SELETIVO,C60L63,"POLYGON ((-58.81439999999999 -2.542600000000001, -58.81439999999999 -2.542700000000001, -58.814499999999995 -2.542700000000001, -58.814499999999995 -2.542600000000001, -58.81439999999999 -2.542600000000001))"
2024,CORTE SELETIVO,C60L63,"POLYGON ((-58.970099999999995 -2.6725000000000008, -58.970099999999995 -2.672400000000001, -58.96999999999999 -2.672400000000001, -58.96999999999999 -2.6725000000000008, -58.970099999999995 -2.6725000000000008))"
2024,CORTE SELETIVO,C60L63,"POLYGON ((-58.98309999999999 -2.671300000000001, -58.98309999999999 -2.6712000000000007, -58.98319999999999 -2.6712000000000007, -58.98319999999999 -2.671100000000001, -58.98309999999999 -2.671100000000001, -58.98309999999999 -2.6710000000000007, -58.98299999999999 -2.6710000000000007, -58.98299999999999 -2.670900000000001, -58.982899999999994 -2.670900000000001, -58.982899999999994 -2.6710000000000007, -58.98279999999999 -2.6710000000000007, -58.98279999999999 -2.6712000000000007, -58.982899999999994 -2.6712000000000007, -58.982899999999994 -2.671300000000001, -58.98309999999999 -2.671300000000001))"
2024,CORTE SELETIVO,C60L63,"POLYGON ((-58.97389999999999 -2.6666000000000007, -58.97389999999999 -2.666500000000001, -58.973699999999994 -2.666500000000001, -58.973699999999994 -2.6666000000000007, -58.97389999999999 -2.6666000000000007))"
2024,CORTE SELETIVO,C60L63,"POLYGON ((-58.96169999999999 -2.663300000000001, -58.96159999999999 -2.663300000000001, -58.96159999999999 -2.663400000000001, -58.96169999999999 -2.663400000000001, -58.96169999999999 -2.663300000000001))"
2024,CORTE SELETIVO,C60L63,"POLYGON ((-58.97959999999999 -2.659300000000001, -58.979499999999994 -2.659300000000001, -58.979499999999994 -2.659400000000001, -58.97959999999999 -2.659400000000001, -58.97959999999999 -2.659300000000001))"
2024,CORTE SELETIVO,C60L63,"POLYGON ((-58.96489999999999 -2.6571000000000007, -58.96489999999999 -2.657200000000001, -58.964999999999996 -2.657200000000001, -58.964999999999996 -2.657300000000001, -58.96509999999999 -2.657300000000001, -58.96509999999999 -2.6571000000000007, -58.96489999999999 -2.6571000000000007))"
2024,CORTE SELETIVO,C60L63,"POLYGON ((-58.96949999999999 -2.6445000000000007, -58.96949999999999 -2.644400000000001, -58.96939999999999 -2.644400000000001, -58.96939999999999 -2.6445000000000007, -58.96949999999999 -2.6445000000000007))"
2024,CORTE SELETIVO,C60L63,"POLYGON ((-58.972199999999994 -2.610800000000001, -58.972199999999994 -2.610900000000001, -58.97209999999999 -2.610900000000001, -58.97209999999999 -2.611000000000001, -58.97239999999999 -2.611000000000001, -58.97239999999999 -2.610800000000001, -58.972199999999994 -2.610800000000001))"
2024,CORTE SELETIVO,C60L63,"POLYGON ((-58.967099999999995 -2.604800000000001, -58.96699999999999 -2.604800000000001, -58.96699999999999 -2.604900000000001, -58.967099999999995 -2.604900000000001, -58.967099999999995 -2.604800000000001))"
2024,CORTE SELETIVO,C60L63,"POLYGON ((-58.96719999999999 -2.604600000000001, -58.967099999999995 -2.604600000000001, -58.967099999999995 -2.6047000000000007, -58.96719999999999 -2.6047000000000007, -58.96719999999999 -2.604600000000001))"
2024,CORTE SELETIVO,C60L63,"POLYGON ((-58.97659999999999 -2.604600000000001, -58.97659999999999 -2.6045000000000007, -58.976499999999994 -2.6045000000000007, -58.976499999999994 -2.604600000000001, -58.97659999999999 -2.604600000000001))"
2024,CORTE SELETIVO,C60L63,"POLYGON ((-58.96739999999999 -2.604200000000001, -58.96739999999999 -2.6041000000000007, -58.967299999999994 -2.6041000000000007, -58.967299999999994 -2.604200000000001, -58.96739999999999 -2.604200000000001))"
2024,CORTE SELETIVO,C60L63,"POLYGON ((-58.96779999999999 -2.6041000000000007, -58.96779999999999 -2.604000000000001, -58.967699999999994 -2.604000000000001, -58.967699999999994 -2.6041000000000007, -58.96779999999999 -2.6041000000000007))"
2024,CORTE SELETIVO,C60L63,"POLYGON ((-58.96759999999999 -2.6039000000000008, -58.96739999999999 -2.6039000000000008, -58.96739999999999 -2.604000000000001, -58.96759999999999 -2.604000000000001, -58.96759999999999 -2.6039000000000008))"
2024,CORTE SELETIVO,C60L63,"POLYGON ((-58.97019999999999 -2.6024000000000007, -58.970099999999995 -2.6024000000000007, -58.970099999999995 -2.602500000000001, -58.97019999999999 -2.602500000000001, -58.97019999999999 -2.6024000000000007))"
2024,CORTE SELETIVO,C60L63,"POLYGON ((-58.980399999999996 -2.6007000000000007, -58.980399999999996 -2.600600000000001, -58.98029999999999 -2.600600000000001, -58.98029999999999 -2.6007000000000007, -58.980399999999996 -2.6007000000000007))"
2024,CORTE SELETIVO,C60L63,"POLYGON ((-58.980599999999995 -2.6005000000000007, -58.980599999999995 -2.600400000000001, -58.980399999999996 -2.600400000000001, -58.980399999999996 -2.6005000000000007, -58.980599999999995 -2.6005000000000007))"
2024,CORTE SELETIVO,C60L63,"POLYGON ((-58.96249999999999 -2.6001000000000007, -58.96249999999999 -2.5999000000000008, -58.96269999999999 -2.5999000000000008, -58.96269999999999 -2.599800000000001, -58.96249999999999 -2.599800000000001, -58.96249999999999 -2.599700000000001, -58.962399999999995 -2.599700000000001, -58.962399999999995 -2.5999000000000008, -58.96229999999999 -2.5999000000000008, -58.96229999999999 -2.600000000000001, -58.962199999999996 -2.600000000000001, -58.962199999999996 -2.6001000000000007, -58.96249999999999 -2.6001000000000007))"
2024,CORTE SELETIVO,C60L63,"POLYGON ((-58.983799999999995 -2.599800000000001, -58.98369999999999 -2.599800000000001, -58.98369999999999 -2.5999000000000008, -58.983799999999995 -2.5999000000000008, -58.983799999999995 -2.599800000000001))"
2024,CORTE SELETIVO,C60L63,"POLYGON ((-58.98349999999999 -2.599800000000001, -58.983399999999996 -2.599800000000001, -58.983399999999996 -2.5999000000000008, -58.98349999999999 -2.5999000000000008, -58.98349999999999 -2.599800000000001))"
2024,CORTE SELETIVO,C60L63,"POLYGON ((-58.970299999999995 -2.597200000000001, -58.970299999999995 -2.597100000000001, -58.97019999999999 -2.597100000000001, -58.97019999999999 -2.597200000000001, -58.970299999999995 -2.597200000000001))"
2024,CORTE SELETIVO,C60L63,"POLYGON ((-58.970299999999995 -2.597000000000001, -58.970299999999995 -2.596800000000001, -58.97019999999999 -2.596800000000001, -58.97019999999999 -2.597000000000001, -58.970299999999995 -2.597000000000001))"
2024,CORTE SELETIVO,C60L63,"POLYGON ((-58.96439999999999 -2.595000000000001, -58.96439999999999 -2.594900000000001, -58.964299999999994 -2.594900000000001, -58.964299999999994 -2.595000000000001, -58.96439999999999 -2.595000000000001))"
2024,CORTE SELETIVO,C60L63,"POLYGON ((-58.965599999999995 -2.5942000000000007, -58.96549999999999 -2.5942000000000007, -58.96549999999999 -2.5944000000000007, -58.965599999999995 -2.5944000000000007, -58.965599999999995 -2.5942000000000007))"
2024,CORTE SELETIVO,C60L63,"POLYGON ((-58.974399999999996 -2.592400000000001, -58.97429999999999 -2.592400000000001, -58.97429999999999 -2.592600000000001, -58.974399999999996 -2.592600000000001, -58.974399999999996 -2.592400000000001))"
2024,CORTE SELETIVO,C60L63,"POLYGON ((-58.971999999999994 -2.581500000000001, -58.971999999999994 -2.581400000000001, -58.97189999999999 -2.581400000000001, -58.97189999999999 -2.581500000000001, -58.971999999999994 -2.581500000000001))"
2024,CORTE SELETIVO,C60L63,"POLYGON ((-58.97229999999999 -2.581400000000001, -58.97229999999999 -2.581100000000001, -58.972199999999994 -2.581100000000001, -58.972199999999994 -2.581400000000001, -58.97229999999999 -2.581400000000001))"
2024,CORTE SELETIVO,C60L63,"POLYGON ((-58.962399999999995 -2.5782000000000007, -58.962399999999995 -2.578100000000001, -58.96229999999999 -2.578100000000001, -58.96229999999999 -2.5782000000000007, -58.962399999999995 -2.5782000000000007))"
2024,CORTE SELETIVO,C60L63,"POLYGON ((-58.96329999999999 -2.5765000000000007, -58.96309999999999 -2.5765000000000007, -58.96309999999999 -2.576900000000001, -58.96329999999999 -2.576900000000001, -58.96329999999999 -2.576800000000001, -58.96319999999999 -2.576800000000001, -58.96319999999999 -2.576700000000001, -58.96329999999999 -2.576700000000001, -58.96329999999999 -2.5765000000000007))"
2024,CORTE SELETIVO,C60L63,"POLYGON ((-58.96269999999999 -2.575100000000001, -58.962599999999995 -2.575100000000001, -58.962599999999995 -2.575200000000001, -58.96269999999999 -2.575200000000001, -58.96269999999999 -2.575100000000001))"
2024,CORTE SELETIVO,C60L63,"POLYGON ((-58.99539999999999 -2.5193000000000008, -58.99539999999999 -2.519200000000001, -58.99529999999999 -2.519200000000001, -58.99529999999999 -2.5193000000000008, -58.99539999999999 -2.5193000000000008))"
2024,CORTE SELETIVO,C60L63,"POLYGON ((-58.99529999999999 -2.519200000000001, -58.99529999999999 -2.519100000000001, -58.99519999999999 -2.519100000000001, -58.99519999999999 -2.519200000000001, -58.99529999999999 -2.519200000000001))"
2024,CORTE SELETIVO,C60L63,"POLYGON ((-58.996599999999994 -2.5172000000000008, -58.996599999999994 -2.517100000000001, -58.99649999999999 -2.517100000000001, -58.99649999999999 -2.5172000000000008, -58.996599999999994 -2.5172000000000008))"
2024,CORTE SELETIVO,C60L63,"POLYGON ((-58.95459999999999 -2.683300000000001, -58.954499999999996 -2.683300000000001, -58.954499999999996 -2.6834000000000007, -58.95459999999999 -2.6834000000000007, -58.95459999999999 -2.683300000000001))"
2024,CORTE SELETIVO,C60L63,"POLYGON ((-58.94639999999999 -2.680400000000001, -58.946299999999994 -2.680400000000001, -58.946299999999994 -2.6805000000000008, -58.94639999999999 -2.6805000000000008, -58.94639999999999 -2.680400000000001))"
2024,CORTE SELETIVO,C60L63,"POLYGON ((-58.94649999999999 -2.679900000000001, -58.94649999999999 -2.679800000000001, -58.94639999999999 -2.679800000000001, -58.94639999999999 -2.679900000000001, -58.94649999999999 -2.679900000000001))"
2024,CORTE SELETIVO,C60L63,"POLYGON ((-58.95729999999999 -2.674700000000001, -58.95719999999999 -2.674700000000001, -58.95719999999999 -2.6748000000000007, -58.95729999999999 -2.6748000000000007, -58.95729999999999 -2.674700000000001))"
2024,CORTE SELETIVO,C60L63,"POLYGON ((-58.957499999999996 -2.674500000000001, -58.95739999999999 -2.674500000000001, -58.95739999999999 -2.6746000000000008, -58.957499999999996 -2.6746000000000008, -58.957499999999996 -2.674500000000001))"
2024,CORTE SELETIVO,C60L63,"POLYGON ((-58.946999999999996 -2.671600000000001, -58.946999999999996 -2.671500000000001, -58.94689999999999 -2.671500000000001, -58.94689999999999 -2.671600000000001, -58.946999999999996 -2.671600000000001))"
2024,CORTE SELETIVO,C60L63,"POLYGON ((-58.94409999999999 -2.6706000000000008, -58.944199999999995 -2.6706000000000008, -58.944199999999995 -2.670300000000001, -58.944399999999995 -2.670300000000001, -58.944399999999995 -2.670200000000001, -58.94409999999999 -2.670200000000001, -58.94409999999999 -2.6706000000000008))"
2024,CORTE SELETIVO,C60L63,"POLYGON ((-58.95099999999999 -2.668000000000001, -58.95089999999999 -2.668000000000001, -58.95089999999999 -2.668100000000001, -58.95099999999999 -2.668100000000001, -58.95099999999999 -2.668000000000001))"
2024,CORTE SELETIVO,C60L63,"POLYGON ((-58.947199999999995 -2.666200000000001, -58.947199999999995 -2.666300000000001, -58.947399999999995 -2.666300000000001, -58.947399999999995 -2.666100000000001, -58.947199999999995 -2.666100000000001, -58.947199999999995 -2.666000000000001, -58.94709999999999 -2.666000000000001, -58.94709999999999 -2.666100000000001, -58.946999999999996 -2.666100000000001, -58.946999999999996 -2.666000000000001, -58.946799999999996 -2.666000000000001, -58.946799999999996 -2.666200000000001, -58.947199999999995 -2.666200000000001))"
2024,CORTE SELETIVO,C60L63,"POLYGON ((-58.95859999999999 -2.665600000000001, -58.95859999999999 -2.665500000000001, -58.958499999999994 -2.665500000000001, -58.958499999999994 -2.665600000000001, -58.95859999999999 -2.665600000000001))"
2024,CORTE SELETIVO,C60L63,"POLYGON ((-58.955299999999994 -2.665300000000001, -58.955299999999994 -2.665200000000001, -58.95519999999999 -2.665200000000001, -58.95519999999999 -2.665300000000001, -58.955299999999994 -2.665300000000001))"
2024,CORTE SELETIVO,C60L63,"POLYGON ((-58.94029999999999 -2.662300000000001, -58.94019999999999 -2.662300000000001, -58.94019999999999 -2.6626000000000007, -58.94029999999999 -2.6626000000000007, -58.94029999999999 -2.662300000000001))"
2024,CORTE SELETIVO,C60L63,"POLYGON ((-58.95349999999999 -2.616900000000001, -58.953399999999995 -2.616900000000001, -58.953399999999995 -2.617000000000001, -58.95349999999999 -2.617000000000001, -58.95349999999999 -2.616900000000001))"
2024,CORTE SELETIVO,C60L63,"POLYGON ((-58.960499999999996 -2.609500000000001, -58.960499999999996 -2.609400000000001, -58.96029999999999 -2.609400000000001, -58.96029999999999 -2.609500000000001, -58.960499999999996 -2.609500000000001))"
2024,CORTE SELETIVO,C60L63,"POLYGON ((-58.95519999999999 -2.609300000000001, -58.95519999999999 -2.609200000000001, -58.955099999999995 -2.609200000000001, -58.955099999999995 -2.609300000000001, -58.95519999999999 -2.609300000000001))"
2024,CORTE SELETIVO,C60L63,"POLYGON ((-58.95839999999999 -2.6081000000000008, -58.95839999999999 -2.608200000000001, -58.958299999999994 -2.608200000000001, -58.958299999999994 -2.6083000000000007, -58.958499999999994 -2.6083000000000007, -58.958499999999994 -2.6081000000000008, -58.95839999999999 -2.6081000000000008))"
2024,CORTE SELETIVO,C60L63,"POLYGON ((-58.951499999999996 -2.605600000000001, -58.95139999999999 -2.605600000000001, -58.95139999999999 -2.605700000000001, -58.951499999999996 -2.605700000000001, -58.951499999999996 -2.605600000000001))"
2024,CORTE SELETIVO,C60L63,"POLYGON ((-58.943099999999994 -2.603700000000001, -58.94299999999999 -2.603700000000001, -58.94299999999999 -2.603800000000001, -58.943099999999994 -2.603800000000001, -58.943099999999994 -2.603700000000001))"
2024,CORTE SELETIVO,C60L63,"POLYGON ((-58.940999999999995 -2.603700000000001, -58.940999999999995 -2.603300000000001, -58.94089999999999 -2.603300000000001, -58.94089999999999 -2.603700000000001, -58.940999999999995 -2.603700000000001))"
2024,CORTE SELETIVO,C60L63,"POLYGON ((-58.94179999999999 -2.601700000000001, -58.94179999999999 -2.601500000000001, -58.94169999999999 -2.601500000000001, -58.94169999999999 -2.601700000000001, -58.94179999999999 -2.601700000000001))"
2024,CORTE SELETIVO,C60L63,"POLYGON ((-58.94189999999999 -2.601400000000001, -58.94189999999999 -2.601300000000001, -58.94169999999999 -2.601300000000001, -58.94169999999999 -2.601400000000001, -58.94189999999999 -2.601400000000001))"
2024,CORTE SELETIVO,C60L63,"POLYGON ((-58.960499999999996 -2.597300000000001, -58.96039999999999 -2.597300000000001, -58.96039999999999 -2.597400000000001, -58.960499999999996 -2.597400000000001, -58.960499999999996 -2.597300000000001))"
2024,CORTE SELETIVO,C60L63,"POLYGON ((-58.96039999999999 -2.597200000000001, -58.96029999999999 -2.597200000000001, -58.96029999999999 -2.597300000000001, -58.96039999999999 -2.597300000000001, -58.96039999999999 -2.597200000000001))"
2024,CORTE SELETIVO,C60L63,"POLYGON ((-58.960499999999996 -2.597000000000001, -58.960499999999996 -2.596900000000001, -58.96039999999999 -2.596900000000001, -58.96039999999999 -2.597000000000001, -58.960499999999996 -2.597000000000001))"
2024,CORTE SELETIVO,C60L63,"POLYGON ((-58.95199999999999 -2.5965000000000007, -58.95199999999999 -2.5963000000000007, -58.951899999999995 -2.5963000000000007, -58.951899999999995 -2.5965000000000007, -58.95199999999999 -2.5965000000000007))"
2024,CORTE SELETIVO,C60L63,"POLYGON ((-58.960899999999995 -2.593200000000001, -58.960899999999995 -2.593100000000001, -58.96079999999999 -2.593100000000001, -58.96079999999999 -2.593200000000001, -58.960899999999995 -2.593200000000001))"
2024,CORTE SELETIVO,C60L63,"POLYGON ((-58.949099999999994 -2.590700000000001, -58.94899999999999 -2.590700000000001, -58.94899999999999 -2.590900000000001, -58.949099999999994 -2.590900000000001, -58.949099999999994 -2.590700000000001))"
2024,CORTE SELETIVO,C60L63,"POLYGON ((-58.94839999999999 -2.5879000000000008, -58.948299999999996 -2.5879000000000008, -58.948299999999996 -2.588000000000001, -58.94839999999999 -2.588000000000001, -58.94839999999999 -2.5879000000000008))"
2024,CORTE SELETIVO,C60L63,"POLYGON ((-58.948499999999996 -2.587800000000001, -58.948499999999996 -2.5877000000000008, -58.94839999999999 -2.5877000000000008, -58.94839999999999 -2.587800000000001, -58.948499999999996 -2.587800000000001))"
2024,CORTE SELETIVO,C60L63,"POLYGON ((-58.959399999999995 -2.5818000000000008, -58.959399999999995 -2.581700000000001, -58.95929999999999 -2.581700000000001, -58.95929999999999 -2.5818000000000008, -58.959399999999995 -2.5818000000000008))"
2024,CORTE SELETIVO,C60L63,"POLYGON ((-58.958999999999996 -2.581500000000001, -58.958999999999996 -2.581400000000001, -58.95889999999999 -2.581400000000001, -58.95889999999999 -2.581500000000001, -58.958999999999996 -2.581500000000001))"
2024,CORTE SELETIVO,C60L63,"POLYGON ((-58.959199999999996 -2.581300000000001, -58.958999999999996 -2.581300000000001, -58.958999999999996 -2.581400000000001, -58.959199999999996 -2.581400000000001, -58.959199999999996 -2.581300000000001))"
2024,CORTE SELETIVO,C60L63,"POLYGON ((-58.959199999999996 -2.575200000000001, -58.958999999999996 -2.575200000000001, -58.958999999999996 -2.575300000000001, -58.959199999999996 -2.575300000000001, -58.959199999999996 -2.575200000000001))"
2024,CORTE SELETIVO,C60L63,"POLYGON ((-58.93139999999999 -2.749600000000001, -58.93139999999999 -2.7495000000000007, -58.93129999999999 -2.7495000000000007, -58.93129999999999 -2.749600000000001, -58.93139999999999 -2.749600000000001))"
2024,CORTE SELETIVO,C60L63,"POLYGON ((-58.856399999999994 -2.707100000000001, -58.856399999999994 -2.7070000000000007, -58.85629999999999 -2.7070000000000007, -58.85629999999999 -2.707100000000001, -58.856399999999994 -2.707100000000001))"
2024,CORTE SELETIVO,C60L63,"POLYGON ((-58.922999999999995 -2.697700000000001, -58.922999999999995 -2.697600000000001, -58.92289999999999 -2.697600000000001, -58.92289999999999 -2.697700000000001, -58.922999999999995 -2.697700000000001))"
2024,CORTE SELETIVO,C60L63,"POLYGON ((-58.885299999999994 -2.684800000000001, -58.88519999999999 -2.684800000000001, -58.88519999999999 -2.6849000000000007, -58.885299999999994 -2.6849000000000007, -58.885299999999994 -2.684800000000001))"
2024,CORTE SELETIVO,C60L63,"POLYGON ((-58.94029999999999 -2.663700000000001, -58.94019999999999 -2.663700000000001, -58.94019999999999 -2.663800000000001, -58.94029999999999 -2.663800000000001, -58.94029999999999 -2.663700000000001))"
2024,CORTE SELETIVO,C60L63,"POLYGON ((-58.94019999999999 -2.662700000000001, -58.94019999999999 -2.6626000000000007, -58.940099999999994 -2.6626000000000007, -58.940099999999994 -2.662700000000001, -58.94019999999999 -2.662700000000001))"
2024,CORTE SELETIVO,C60L63,"POLYGON ((-58.939099999999996 -2.661900000000001, -58.939099999999996 -2.661800000000001, -58.93889999999999 -2.661800000000001, -58.93889999999999 -2.661900000000001, -58.939099999999996 -2.661900000000001))"
2024,CORTE SELETIVO,C60L63,"POLYGON ((-58.936699999999995 -2.661500000000001, -58.936699999999995 -2.661400000000001, -58.93659999999999 -2.661400000000001, -58.93659999999999 -2.661500000000001, -58.936699999999995 -2.661500000000001))"
2024,CORTE SELETIVO,C60L63,"POLYGON ((-58.937999999999995 -2.661000000000001, -58.93789999999999 -2.661000000000001, -58.93789999999999 -2.661100000000001, -58.937999999999995 -2.661100000000001, -58.937999999999995 -2.661000000000001))"
2024,CORTE SELETIVO,C60L63,"POLYGON ((-58.939499999999995 -2.6609000000000007, -58.93939999999999 -2.6609000000000007, -58.93939999999999 -2.661100000000001, -58.939499999999995 -2.661100000000001, -58.939499999999995 -2.6609000000000007))"
2024,CORTE SELETIVO,C60L63,"POLYGON ((-58.90089999999999 -2.659500000000001, -58.90089999999999 -2.659400000000001, -58.90079999999999 -2.659400000000001, -58.90079999999999 -2.659300000000001, -58.90069999999999 -2.659300000000001, -58.90069999999999 -2.659200000000001, -58.90089999999999 -2.659200000000001, -58.90089999999999 -2.659100000000001, -58.90059999999999 -2.659100000000001, -58.90059999999999 -2.659500000000001, -58.90069999999999 -2.659500000000001, -58.90069999999999 -2.659600000000001, -58.90079999999999 -2.659600000000001, -58.90079999999999 -2.659500000000001, -58.90089999999999 -2.659500000000001))"
2024,CORTE SELETIVO,C60L63,"POLYGON ((-58.93469999999999 -2.612200000000001, -58.93449999999999 -2.612200000000001, -58.93449999999999 -2.6123000000000007, -58.93469999999999 -2.6123000000000007, -58.93469999999999 -2.612200000000001))"
2024,CORTE SELETIVO,C60L63,"POLYGON ((-58.93509999999999 -2.6121000000000008, -58.934999999999995 -2.6121000000000008, -58.934999999999995 -2.612200000000001, -58.93509999999999 -2.612200000000001, -58.93509999999999 -2.6121000000000008))"
2024,CORTE SELETIVO,C60L63,"POLYGON ((-58.93399999999999 -2.610500000000001, -58.93399999999999 -2.6104000000000007, -58.933899999999994 -2.6104000000000007, -58.933899999999994 -2.610500000000001, -58.93399999999999 -2.610500000000001))"
2024,CORTE SELETIVO,C60L63,"POLYGON ((-58.934099999999994 -2.609600000000001, -58.93399999999999 -2.609600000000001, -58.93399999999999 -2.609700000000001, -58.934099999999994 -2.609700000000001, -58.934099999999994 -2.609600000000001))"
2024,CORTE SELETIVO,C60L63,"POLYGON ((-58.93829999999999 -2.609500000000001, -58.938199999999995 -2.609500000000001, -58.938199999999995 -2.609600000000001, -58.93829999999999 -2.609600000000001, -58.93829999999999 -2.609500000000001))"
2024,CORTE SELETIVO,C60L63,"POLYGON ((-58.93939999999999 -2.6079000000000008, -58.93939999999999 -2.607700000000001, -58.939299999999996 -2.607700000000001, -58.939299999999996 -2.6079000000000008, -58.93939999999999 -2.6079000000000008))"
2024,CORTE SELETIVO,C60L63,"POLYGON ((-58.939499999999995 -2.607700000000001, -58.939499999999995 -2.607600000000001, -58.93939999999999 -2.607600000000001, -58.93939999999999 -2.607700000000001, -58.939499999999995 -2.607700000000001))"
2024,CORTE SELETIVO,C60L63,"POLYGON ((-58.93919999999999 -2.607600000000001, -58.93919999999999 -2.607400000000001, -58.939099999999996 -2.607400000000001, -58.939099999999996 -2.607600000000001, -58.93919999999999 -2.607600000000001))"
2024,CORTE SELETIVO,C60L63,"POLYGON ((-58.939699999999995 -2.6060000000000008, -58.93959999999999 -2.6060000000000008, -58.93959999999999 -2.606100000000001, -58.939699999999995 -2.606100000000001, -58.939699999999995 -2.6060000000000008))"
2024,CORTE SELETIVO,C60L63,"POLYGON ((-58.902499999999996 -2.598900000000001, -58.90239999999999 -2.598900000000001, -58.90239999999999 -2.599000000000001, -58.902499999999996 -2.599000000000001, -58.902499999999996 -2.598900000000001))"
2024,CORTE SELETIVO,C60L63,"POLYGON ((-58.859199999999994 -2.594100000000001, -58.859199999999994 -2.5940000000000007, -58.85909999999999 -2.5940000000000007, -58.85909999999999 -2.594100000000001, -58.859199999999994 -2.594100000000001))"
2024,CORTE SELETIVO,C60L63,"POLYGON ((-58.86269999999999 -2.589600000000001, -58.86269999999999 -2.589400000000001, -58.86259999999999 -2.589400000000001, -58.86259999999999 -2.589600000000001, -58.86269999999999 -2.589600000000001))"
2024,CORTE SELETIVO,C60L63,"POLYGON ((-58.91109999999999 -2.5765000000000007, -58.91109999999999 -2.576400000000001, -58.910999999999994 -2.576400000000001, -58.910999999999994 -2.5765000000000007, -58.91109999999999 -2.5765000000000007))"
2024,CORTE SELETIVO,C60L63,"POLYGON ((-58.88249999999999 -2.5435000000000008, -58.882299999999994 -2.5435000000000008, -58.882299999999994 -2.543600000000001, -58.88249999999999 -2.543600000000001, -58.88249999999999 -2.5435000000000008))"
2024,CORTE SELETIVO,C60L63,"POLYGON ((-58.858999999999995 -2.538300000000001, -58.858799999999995 -2.538300000000001, -58.858799999999995 -2.538500000000001, -58.858999999999995 -2.538500000000001, -58.858999999999995 -2.538300000000001))"
2024,CORTE SELETIVO,C60L63,"POLYGON ((-58.881499999999996 -2.537500000000001, -58.881499999999996 -2.5376000000000007, -58.88159999999999 -2.5376000000000007, -58.88159999999999 -2.537700000000001, -58.881699999999995 -2.537700000000001, -58.881699999999995 -2.537500000000001, -58.881499999999996 -2.537500000000001))"
2024,CORTE SELETIVO,C60L63,"POLYGON ((-58.86419999999999 -2.534700000000001, -58.86419999999999 -2.534600000000001, -58.86409999999999 -2.534600000000001, -58.86409999999999 -2.534700000000001, -58.86419999999999 -2.534700000000001))"
2024,CORTE SELETIVO,C60L63,"POLYGON ((-58.86559999999999 -2.511600000000001, -58.86559999999999 -2.5115000000000007, -58.86549999999999 -2.5115000000000007, -58.86549999999999 -2.511600000000001, -58.86559999999999 -2.511600000000001))"
2024,CORTE SELETIVO,C60L63,"POLYGON ((-58.859399999999994 -2.511400000000001, -58.85929999999999 -2.511400000000001, -58.85929999999999 -2.5115000000000007, -58.859399999999994 -2.5115000000000007, -58.859399999999994 -2.511400000000001))"
2024,CORTE SELETIVO,C60L63,"POLYGON ((-58.85929999999999 -2.5113000000000008, -58.859199999999994 -2.5113000000000008, -58.859199999999994 -2.511400000000001, -58.85929999999999 -2.511400000000001, -58.85929999999999 -2.5113000000000008))"
2024,CORTE SELETIVO,C60L63,"POLYGON ((-58.86379999999999 -2.504400000000001, -58.86379999999999 -2.504300000000001, -58.863699999999994 -2.504300000000001, -58.863699999999994 -2.504400000000001, -58.86379999999999 -2.504400000000001))"
2024,CORTE SELETIVO,C60L63,"POLYGON ((-58.864999999999995 -2.504500000000001, -58.864999999999995 -2.504400000000001, -58.86509999999999 -2.504400000000001, -58.86509999999999 -2.504100000000001, -58.86489999999999 -2.504100000000001, -58.86489999999999 -2.504300000000001, -58.864799999999995 -2.504300000000001, -58.864799999999995 -2.504400000000001, -58.86489999999999 -2.504400000000001, -58.86489999999999 -2.504500000000001, -58.864999999999995 -2.504500000000001))"
2024,CORTE SELETIVO,C60L63,"POLYGON ((-58.84179999999999 -2.6331000000000007, -58.84179999999999 -2.633000000000001, -58.84159999999999 -2.633000000000001, -58.84159999999999 -2.6331000000000007, -58.84179999999999 -2.6331000000000007))"
2024,CORTE SELETIVO,C60L63,"POLYGON ((-58.855999999999995 -2.589600000000001, -58.85589999999999 -2.589600000000001, -58.85589999999999 -2.589700000000001, -58.855999999999995 -2.589700000000001, -58.855999999999995 -2.589600000000001))"
2024,CORTE SELETIVO,C60L63,"POLYGON ((-58.82289999999999 -2.5860000000000007, -58.82309999999999 -2.5860000000000007, -58.82309999999999 -2.585900000000001, -58.82299999999999 -2.585900000000001, -58.82299999999999 -2.5858000000000008, -58.82289999999999 -2.5858000000000008, -58.82289999999999 -2.5860000000000007))"
2024,CORTE SELETIVO,C60L63,"POLYGON ((-58.82309999999999 -2.585600000000001, -58.82309999999999 -2.585500000000001, -58.82299999999999 -2.585500000000001, -58.82299999999999 -2.585600000000001, -58.82309999999999 -2.585600000000001))"
2024,CORTE SELETIVO,C60L63,"POLYGON ((-58.82319999999999 -2.585400000000001, -58.82319999999999 -2.585300000000001, -58.82309999999999 -2.585300000000001, -58.82309999999999 -2.585400000000001, -58.82319999999999 -2.585400000000001))"
2024,CORTE SELETIVO,C60L63,"POLYGON ((-58.81699999999999 -2.583600000000001, -58.81699999999999 -2.583500000000001, -58.81689999999999 -2.583500000000001, -58.81689999999999 -2.583600000000001, -58.81699999999999 -2.583600000000001))"
2024,CORTE SELETIVO,C60L63,"POLYGON ((-58.82189999999999 -2.570800000000001, -58.821799999999996 -2.570800000000001, -58.821799999999996 -2.570900000000001, -58.82189999999999 -2.570900000000001, -58.82189999999999 -2.570800000000001))"
2024,CORTE SELETIVO,C60L63,"POLYGON ((-58.844699999999996 -2.569700000000001, -58.84459999999999 -2.569700000000001, -58.84459999999999 -2.5698000000000008, -58.844699999999996 -2.5698000000000008, -58.844699999999996 -2.569700000000001))"
2024,CORTE SELETIVO,C60L63,"POLYGON ((-58.817699999999995 -2.5662000000000007, -58.817699999999995 -2.566100000000001, -58.817499999999995 -2.566100000000001, -58.817499999999995 -2.5662000000000007, -58.817699999999995 -2.5662000000000007))"
2024,CORTE SELETIVO,C60L63,"POLYGON ((-58.817499999999995 -2.566100000000001, -58.817499999999995 -2.5660000000000007, -58.81739999999999 -2.5660000000000007, -58.81739999999999 -2.566100000000001, -58.817499999999995 -2.566100000000001))"
2024,CORTE SELETIVO,C60L63,"POLYGON ((-58.840799999999994 -2.565900000000001, -58.840799999999994 -2.5658000000000007, -58.84069999999999 -2.5658000000000007, -58.84069999999999 -2.565900000000001, -58.840799999999994 -2.565900000000001))"
2024,CORTE SELETIVO,C60L63,"POLYGON ((-58.84069999999999 -2.565700000000001, -58.840599999999995 -2.565700000000001, -58.840599999999995 -2.5658000000000007, -58.84069999999999 -2.5658000000000007, -58.84069999999999 -2.565700000000001))"
2024,CORTE SELETIVO,C60L63,"POLYGON ((-58.83279999999999 -2.564000000000001, -58.832699999999996 -2.564000000000001, -58.832699999999996 -2.5641000000000007, -58.83279999999999 -2.5641000000000007, -58.83279999999999 -2.564000000000001))"
2024,CORTE SELETIVO,C60L63,"POLYGON ((-58.83259999999999 -2.5639000000000007, -58.83259999999999 -2.563800000000001, -58.832499999999996 -2.563800000000001, -58.832499999999996 -2.5639000000000007, -58.83259999999999 -2.5639000000000007))"
2024,CORTE SELETIVO,C60L63,"POLYGON ((-58.842699999999994 -2.561400000000001, -58.842699999999994 -2.561300000000001, -58.84259999999999 -2.561300000000001, -58.84259999999999 -2.561400000000001, -58.842699999999994 -2.561400000000001))"
2024,CORTE SELETIVO,C60L63,"POLYGON ((-58.84559999999999 -2.555200000000001, -58.84559999999999 -2.555100000000001, -58.845499999999994 -2.555100000000001, -58.845499999999994 -2.555200000000001, -58.84559999999999 -2.555200000000001))"
2024,CORTE SELETIVO,C60L63,"POLYGON ((-58.85359999999999 -2.5483000000000007, -58.85349999999999 -2.5483000000000007, -58.85349999999999 -2.548400000000001, -58.85359999999999 -2.548400000000001, -58.85359999999999 -2.5483000000000007))"
2024,CORTE SELETIVO,C60L63,"POLYGON ((-58.83599999999999 -2.547800000000001, -58.835899999999995 -2.547800000000001, -58.835899999999995 -2.548000000000001, -58.83599999999999 -2.548000000000001, -58.83599999999999 -2.547800000000001))"
2024,CORTE SELETIVO,C60L63,"POLYGON ((-58.836099999999995 -2.547800000000001, -58.836099999999995 -2.5477000000000007, -58.83599999999999 -2.5477000000000007, -58.83599999999999 -2.547800000000001, -58.836099999999995 -2.547800000000001))"
2024,CORTE SELETIVO,C60L63,"POLYGON ((-58.836099999999995 -2.547400000000001, -58.83599999999999 -2.547400000000001, -58.83599999999999 -2.547600000000001, -58.83619999999999 -2.547600000000001, -58.83619999999999 -2.547300000000001, -58.836099999999995 -2.547300000000001, -58.836099999999995 -2.547400000000001))"
2024,CORTE SELETIVO,C60L63,"POLYGON ((-58.82139999999999 -2.543200000000001, -58.821299999999994 -2.543200000000001, -58.821299999999994 -2.543300000000001, -58.82139999999999 -2.543300000000001, -58.82139999999999 -2.543200000000001))"
2024,CORTE SELETIVO,C60L63,"POLYGON ((-58.83129999999999 -2.540900000000001, -58.83129999999999 -2.540800000000001, -58.831199999999995 -2.540800000000001, -58.831199999999995 -2.540900000000001, -58.83129999999999 -2.540900000000001))"
2024,CORTE SELETIVO,C60L63,"POLYGON ((-58.839999999999996 -2.540700000000001, -58.83989999999999 -2.540700000000001, -58.83989999999999 -2.540800000000001, -58.839999999999996 -2.540800000000001, -58.839999999999996 -2.540700000000001))"
2024,CORTE SELETIVO,C60L63,"POLYGON ((-58.840399999999995 -2.531400000000001, -58.84029999999999 -2.531400000000001, -58.84029999999999 -2.5315000000000007, -58.840399999999995 -2.5315000000000007, -58.840399999999995 -2.531400000000001))"
2024,CORTE SELETIVO,C60L63,"POLYGON ((-58.84009999999999 -2.529100000000001, -58.84009999999999 -2.528900000000001, -58.839999999999996 -2.528900000000001, -58.839999999999996 -2.529100000000001, -58.84009999999999 -2.529100000000001))"
2024,CORTE SELETIVO,C60L63,"POLYGON ((-58.83959999999999 -2.528800000000001, -58.83959999999999 -2.529000000000001, -58.83989999999999 -2.529000000000001, -58.83989999999999 -2.528900000000001, -58.83969999999999 -2.528900000000001, -58.83969999999999 -2.528800000000001, -58.83959999999999 -2.528800000000001))"
2024,CORTE SELETIVO,C60L63,"POLYGON ((-58.828599999999994 -2.520600000000001, -58.828599999999994 -2.520700000000001, -58.82869999999999 -2.520700000000001, -58.82869999999999 -2.520400000000001, -58.828599999999994 -2.520400000000001, -58.828599999999994 -2.520500000000001, -58.82849999999999 -2.520500000000001, -58.82849999999999 -2.520400000000001, -58.828399999999995 -2.520400000000001, -58.828399999999995 -2.520600000000001, -58.828599999999994 -2.520600000000001))"
2024,CORTE SELETIVO,C60L63,"POLYGON ((-58.828199999999995 -2.519200000000001, -58.82809999999999 -2.519200000000001, -58.82809999999999 -2.5193000000000008, -58.828199999999995 -2.5193000000000008, -58.828199999999995 -2.519200000000001))"
2024,CORTE SELETIVO,C60L63,"POLYGON ((-58.82809999999999 -2.519100000000001, -58.827999999999996 -2.519100000000001, -58.827999999999996 -2.519200000000001, -58.82809999999999 -2.519200000000001, -58.82809999999999 -2.519100000000001))"
2024,CORTE SELETIVO,C60L63,"POLYGON ((-58.837199999999996 -2.516700000000001, -58.837199999999996 -2.516600000000001, -58.83709999999999 -2.516600000000001, -58.83709999999999 -2.516700000000001, -58.837199999999996 -2.516700000000001))"
2024,CORTE SELETIVO,C60L63,"POLYGON ((-58.840199999999996 -2.516000000000001, -58.840199999999996 -2.5159000000000007, -58.84009999999999 -2.5159000000000007, -58.84009999999999 -2.516000000000001, -58.840199999999996 -2.516000000000001))"
2024,CORTE SELETIVO,C60L63,"POLYGON ((-58.84219999999999 -2.5115000000000007, -58.84219999999999 -2.5113000000000008, -58.842099999999995 -2.5113000000000008, -58.842099999999995 -2.5115000000000007, -58.84219999999999 -2.5115000000000007))"
2024,CORTE SELETIVO,C60L63,"POLYGON ((-58.819199999999995 -2.506700000000001, -58.81909999999999 -2.506700000000001, -58.81909999999999 -2.506800000000001, -58.819199999999995 -2.506800000000001, -58.819199999999995 -2.506700000000001))"
2024,CORTE SELETIVO,C60L63,"POLYGON ((-58.79619999999999 -2.714300000000001, -58.79599999999999 -2.714300000000001, -58.79599999999999 -2.714600000000001, -58.79619999999999 -2.714600000000001, -58.79619999999999 -2.714300000000001))"
2024,CORTE SELETIVO,C60L63,"POLYGON ((-58.77629999999999 -2.7049000000000007, -58.77629999999999 -2.704800000000001, -58.77609999999999 -2.704800000000001, -58.77609999999999 -2.7049000000000007, -58.77629999999999 -2.7049000000000007))"
2024,CORTE SELETIVO,C60L63,"POLYGON ((-58.779399999999995 -2.697600000000001, -58.779399999999995 -2.6975000000000007, -58.77929999999999 -2.6975000000000007, -58.77929999999999 -2.697600000000001, -58.779399999999995 -2.697600000000001))"
2024,CORTE SELETIVO,C60L63,"POLYGON ((-58.75249999999999 -2.671100000000001, -58.75249999999999 -2.6710000000000007, -58.752399999999994 -2.6710000000000007, -58.752399999999994 -2.671100000000001, -58.75249999999999 -2.671100000000001))"
2024,CORTE SELETIVO,C60L63,"POLYGON ((-58.752599999999994 -2.6708000000000007, -58.75249999999999 -2.6708000000000007, -58.75249999999999 -2.670900000000001, -58.752599999999994 -2.670900000000001, -58.752599999999994 -2.6708000000000007))"
2024,CORTE SELETIVO,C60L63,"POLYGON ((-58.752199999999995 -2.670700000000001, -58.752399999999994 -2.670700000000001, -58.752399999999994 -2.6708000000000007, -58.75249999999999 -2.6708000000000007, -58.75249999999999 -2.6706000000000008, -58.752199999999995 -2.6706000000000008, -58.752199999999995 -2.670700000000001))"
2024,CORTE SELETIVO,C60L63,"POLYGON ((-58.814499999999995 -2.621400000000001, -58.814499999999995 -2.621300000000001, -58.81439999999999 -2.621300000000001, -58.81439999999999 -2.621400000000001, -58.814499999999995 -2.621400000000001))"
2024,CORTE SELETIVO,C60L63,"POLYGON ((-58.81419999999999 -2.621000000000001, -58.81399999999999 -2.621000000000001, -58.81399999999999 -2.621100000000001, -58.81419999999999 -2.621100000000001, -58.81419999999999 -2.621000000000001))"
2024,CORTE SELETIVO,C60L63,"POLYGON ((-58.799299999999995 -2.5980000000000008, -58.79919999999999 -2.5980000000000008, -58.79919999999999 -2.598100000000001, -58.799299999999995 -2.598100000000001, -58.799299999999995 -2.5980000000000008))"
2024,CORTE SELETIVO,C60L63,"POLYGON ((-58.79939999999999 -2.5980000000000008, -58.79939999999999 -2.597900000000001, -58.799299999999995 -2.597900000000001, -58.799299999999995 -2.5980000000000008, -58.79939999999999 -2.5980000000000008))"
2024,CORTE SELETIVO,C60L63,"POLYGON ((-58.802499999999995 -2.597600000000001, -58.80259999999999 -2.597600000000001, -58.80259999999999 -2.597700000000001, -58.802699999999994 -2.597700000000001, -58.802699999999994 -2.597500000000001, -58.802499999999995 -2.597500000000001, -58.802499999999995 -2.597600000000001))"
2024,CORTE SELETIVO,C60L63,"POLYGON ((-58.787699999999994 -2.587000000000001, -58.78789999999999 -2.587000000000001, -58.78789999999999 -2.586800000000001, -58.78779999999999 -2.586800000000001, -58.78779999999999 -2.586700000000001, -58.787699999999994 -2.586700000000001, -58.787699999999994 -2.587000000000001))"
2024,CORTE SELETIVO,C60L63,"POLYGON ((-58.78789999999999 -2.586700000000001, -58.78789999999999 -2.5866000000000007, -58.78779999999999 -2.5866000000000007, -58.78779999999999 -2.586700000000001, -58.78789999999999 -2.586700000000001))"
2024,CORTE SELETIVO,C60L63,"POLYGON ((-58.78759999999999 -2.5862000000000007, -58.78759999999999 -2.586500000000001, -58.787699999999994 -2.586500000000001, -58.787699999999994 -2.5866000000000007, -58.78779999999999 -2.5866000000000007, -58.78779999999999 -2.5862000000000007, -58.78759999999999 -2.5862000000000007))"
2024,CORTE SELETIVO,C60L63,"POLYGON ((-58.799299999999995 -2.556800000000001, -58.799299999999995 -2.556700000000001, -58.79919999999999 -2.556700000000001, -58.79919999999999 -2.556800000000001, -58.799299999999995 -2.556800000000001))"
2024,CORTE SELETIVO,C60L63,"POLYGON ((-58.79939999999999 -2.556400000000001, -58.799299999999995 -2.556400000000001, -58.799299999999995 -2.556500000000001, -58.79939999999999 -2.556500000000001, -58.79939999999999 -2.556400000000001))"
2024,CORTE SELETIVO,C60L63,"POLYGON ((-58.81239999999999 -2.553500000000001, -58.81229999999999 -2.553500000000001, -58.81229999999999 -2.5536000000000008, -58.81239999999999 -2.5536000000000008, -58.81239999999999 -2.553500000000001))"
2024,CORTE SELETIVO,C60L63,"POLYGON ((-58.81249999999999 -2.553500000000001, -58.81249999999999 -2.553400000000001, -58.81239999999999 -2.553400000000001, -58.81239999999999 -2.553500000000001, -58.81249999999999 -2.553500000000001))"
2024,CORTE SELETIVO,C60L63,"POLYGON ((-58.80559999999999 -2.5500000000000007, -58.80559999999999 -2.549900000000001, -58.805499999999995 -2.549900000000001, -58.805499999999995 -2.5500000000000007, -58.80559999999999 -2.5500000000000007))"
2024,CORTE SELETIVO,C60L63,"POLYGON ((-58.79729999999999 -2.549900000000001, -58.79729999999999 -2.5498000000000007, -58.79719999999999 -2.5498000000000007, -58.79719999999999 -2.549900000000001, -58.79729999999999 -2.549900000000001))"
2024,CORTE SELETIVO,C60L63,"POLYGON ((-58.79919999999999 -2.547800000000001, -58.799099999999996 -2.547800000000001, -58.799099999999996 -2.5479000000000007, -58.79919999999999 -2.5479000000000007, -58.79919999999999 -2.547800000000001))"
2024,CORTE SELETIVO,C60L63,"POLYGON ((-58.78829999999999 -2.533200000000001, -58.788199999999996 -2.533200000000001, -58.788199999999996 -2.533300000000001, -58.78829999999999 -2.533300000000001, -58.78829999999999 -2.533200000000001))"
2024,CORTE SELETIVO,C60L63,"POLYGON ((-58.788199999999996 -2.533200000000001, -58.788199999999996 -2.533100000000001, -58.78809999999999 -2.533100000000001, -58.78809999999999 -2.533200000000001, -58.788199999999996 -2.533200000000001))"
2024,CORTE SELETIVO,C60L63,"POLYGON ((-58.81119999999999 -2.532500000000001, -58.81119999999999 -2.532400000000001, -58.811099999999996 -2.532400000000001, -58.811099999999996 -2.532500000000001, -58.81099999999999 -2.532500000000001, -58.81099999999999 -2.532600000000001, -58.811299999999996 -2.532600000000001, -58.811299999999996 -2.532500000000001, -58.81119999999999 -2.532500000000001))"
2024,CORTE SELETIVO,C60L63,"POLYGON ((-58.810399999999994 -2.532300000000001, -58.810399999999994 -2.532200000000001, -58.810199999999995 -2.532200000000001, -58.810199999999995 -2.532300000000001, -58.810399999999994 -2.532300000000001))"
2024,CORTE SELETIVO,C60L63,"POLYGON ((-58.801199999999994 -2.5319000000000007, -58.800999999999995 -2.5319000000000007, -58.800999999999995 -2.532000000000001, -58.80089999999999 -2.532000000000001, -58.80089999999999 -2.531800000000001, -58.800799999999995 -2.531800000000001, -58.800799999999995 -2.532200000000001, -58.800999999999995 -2.532200000000001, -58.800999999999995 -2.532300000000001, -58.80109999999999 -2.532300000000001, -58.80109999999999 -2.532200000000001, -58.801199999999994 -2.532200000000001, -58.801199999999994 -2.5319000000000007))"
2024,CORTE SELETIVO,C60L63,"POLYGON ((-58.789899999999996 -2.532000000000001, -58.78999999999999 -2.532000000000001, -58.78999999999999 -2.5319000000000007, -58.790099999999995 -2.5319000000000007, -58.790099999999995 -2.531800000000001, -58.789899999999996 -2.531800000000001, -58.789899999999996 -2.532000000000001))"
2024,CORTE SELETIVO,C60L63,"POLYGON ((-58.810599999999994 -2.513900000000001, -58.810599999999994 -2.5138000000000007, -58.81049999999999 -2.5138000000000007, -58.81049999999999 -2.514100000000001, -58.810599999999994 -2.514100000000001, -58.810599999999994 -2.5140000000000007, -58.81069999999999 -2.5140000000000007, -58.81069999999999 -2.513900000000001, -58.810599999999994 -2.513900000000001))"
2024,CORTE SELETIVO,C60L63,"POLYGON ((-58.78419999999999 -2.509500000000001, -58.784099999999995 -2.509500000000001, -58.784099999999995 -2.5096000000000007, -58.78419999999999 -2.5096000000000007, -58.78419999999999 -2.509500000000001))"
2024,CORTE SELETIVO,C60L63,"POLYGON ((-58.78099999999999 -2.509000000000001, -58.780899999999995 -2.509000000000001, -58.780899999999995 -2.508900000000001, -58.78079999999999 -2.508900000000001, -58.78079999999999 -2.509000000000001, -58.780699999999996 -2.509000000000001, -58.780699999999996 -2.509300000000001, -58.78079999999999 -2.509300000000001, -58.78079999999999 -2.509100000000001, -58.78099999999999 -2.509100000000001, -58.78099999999999 -2.509000000000001))"
2024,CORTE SELETIVO,C60L63,"POLYGON ((-58.813399999999994 -2.5033000000000007, -58.813399999999994 -2.503200000000001, -58.81329999999999 -2.503200000000001, -58.81329999999999 -2.5033000000000007, -58.813399999999994 -2.5033000000000007))"
2024,CORTE SELETIVO,C60L63,"POLYGON ((-58.81389999999999 -2.501500000000001, -58.813599999999994 -2.501500000000001, -58.813599999999994 -2.5016000000000007, -58.81389999999999 -2.5016000000000007, -58.81389999999999 -2.501500000000001))"
2024,CORTE SELETIVO,C60L63,"POLYGON ((-58.813599999999994 -2.5014000000000007, -58.81349999999999 -2.5014000000000007, -58.81349999999999 -2.501500000000001, -58.813599999999994 -2.501500000000001, -58.813599999999994 -2.5014000000000007))"
2024,CORTE SELETIVO,C60L63,"POLYGON ((-58.759299999999996 -2.598300000000001, -58.759299999999996 -2.5984000000000007, -58.75939999999999 -2.5984000000000007, -58.75939999999999 -2.598500000000001, -58.759499999999996 -2.598500000000001, -58.759499999999996 -2.598300000000001, -58.759299999999996 -2.598300000000001))"
2024,CORTE SELETIVO,C60L63,"POLYGON ((-58.762299999999996 -2.551300000000001, -58.762499999999996 -2.551300000000001, -58.762499999999996 -2.551200000000001, -58.762299999999996 -2.551200000000001, -58.762299999999996 -2.551300000000001))"
2024,CORTE SELETIVO,C60L63,"POLYGON ((-58.762499999999996 -2.551200000000001, -58.76259999999999 -2.551200000000001, -58.76259999999999 -2.551300000000001, -58.76279999999999 -2.551300000000001, -58.76279999999999 -2.551000000000001, -58.762499999999996 -2.551000000000001, -58.762499999999996 -2.551200000000001))"
2024,CORTE SELETIVO,C60L63,"POLYGON ((-58.82229999999999 -2.5725000000000007, -58.82229999999999 -2.572600000000001, -58.822399999999995 -2.572600000000001, -58.822399999999995 -2.5725000000000007, -58.82229999999999 -2.5725000000000007))"
2024,CORTE SELETIVO,C60L63,"POLYGON ((-58.813599999999994 -2.5355000000000008, -58.813599999999994 -2.535600000000001, -58.81369999999999 -2.535600000000001, -58.81369999999999 -2.5355000000000008, -58.813599999999994 -2.5355000000000008))"
2024,CORTE SELETIVO,C60L63,"POLYGON ((-58.93449999999999 -2.6123000000000007, -58.93449999999999 -2.612400000000001, -58.934599999999996 -2.612400000000001, -58.934599999999996 -2.6123000000000007, -58.93449999999999 -2.6123000000000007))"
2024,CORTE SELETIVO,C60L63,"POLYGON ((-58.855799999999995 -2.589600000000001, -58.855799999999995 -2.589700000000001, -58.85589999999999 -2.589700000000001, -58.85589999999999 -2.589600000000001, -58.855799999999995 -2.589600000000001))"
2024,CORTE SELETIVO,C60L63,"POLYGON ((-58.977399999999996 -2.670700000000001, -58.97749999999999 -2.670700000000001, -58.97749999999999 -2.670500000000001, -58.977399999999996 -2.670500000000001, -58.977399999999996 -2.670700000000001))"
2024,CORTE SELETIVO,C60L63,"POLYGON ((-58.976699999999994 -2.670200000000001, -58.976699999999994 -2.670100000000001, -58.97659999999999 -2.670100000000001, -58.97659999999999 -2.670200000000001, -58.976699999999994 -2.670200000000001))"
2024,CORTE SELETIVO,C60L63,"POLYGON ((-58.97639999999999 -2.669500000000001, -58.97639999999999 -2.669400000000001, -58.976299999999995 -2.669400000000001, -58.976299999999995 -2.669500000000001, -58.97639999999999 -2.669500000000001))"
2024,CORTE SELETIVO,C60L63,"POLYGON ((-58.97599999999999 -2.6693000000000007, -58.97599999999999 -2.669200000000001, -58.975899999999996 -2.669200000000001, -58.975899999999996 -2.6693000000000007, -58.97599999999999 -2.6693000000000007))"
2024,CORTE SELETIVO,C60L63,"POLYGON ((-58.97899999999999 -2.665200000000001, -58.97899999999999 -2.6651000000000007, -58.97879999999999 -2.6651000000000007, -58.97879999999999 -2.665200000000001, -58.97899999999999 -2.665200000000001))"
2024,CORTE SELETIVO,C60L63,"POLYGON ((-58.978699999999996 -2.665000000000001, -58.978699999999996 -2.6649000000000007, -58.97859999999999 -2.6649000000000007, -58.97859999999999 -2.665000000000001, -58.978699999999996 -2.665000000000001))"
2024,CORTE SELETIVO,C60L63,"POLYGON ((-58.979299999999995 -2.660000000000001, -58.979299999999995 -2.659900000000001, -58.979099999999995 -2.659900000000001, -58.979099999999995 -2.660000000000001, -58.979299999999995 -2.660000000000001))"
2024,CORTE SELETIVO,C60L63,"POLYGON ((-58.97319999999999 -2.657000000000001, -58.97339999999999 -2.657000000000001, -58.97339999999999 -2.6569000000000007, -58.97319999999999 -2.6569000000000007, -58.97319999999999 -2.657000000000001))"
2024,CORTE SELETIVO,C60L63,"POLYGON ((-58.97359999999999 -2.656800000000001, -58.97359999999999 -2.6567000000000007, -58.973499999999994 -2.6567000000000007, -58.973499999999994 -2.656800000000001, -58.97359999999999 -2.656800000000001))"
2024,CORTE SELETIVO,C60L63,"POLYGON ((-58.97449999999999 -2.654000000000001, -58.97449999999999 -2.653900000000001, -58.974399999999996 -2.653900000000001, -58.974399999999996 -2.654000000000001, -58.97449999999999 -2.654000000000001))"
2024,CORTE SELETIVO,C60L63,"POLYGON ((-58.97429999999999 -2.653700000000001, -58.97429999999999 -2.653600000000001, -58.974199999999996 -2.653600000000001, -58.974199999999996 -2.653700000000001, -58.97429999999999 -2.653700000000001))"
2024,CORTE SELETIVO,C60L63,"POLYGON ((-58.96849999999999 -2.6529000000000007, -58.96849999999999 -2.652800000000001, -58.968399999999995 -2.652800000000001, -58.968399999999995 -2.6529000000000007, -58.96849999999999 -2.6529000000000007))"
2024,CORTE SELETIVO,C60L63,"POLYGON ((-58.97129999999999 -2.607100000000001, -58.97129999999999 -2.607000000000001, -58.971199999999996 -2.607000000000001, -58.971199999999996 -2.607100000000001, -58.97129999999999 -2.607100000000001))"
2024,CORTE SELETIVO,C60L63,"POLYGON ((-58.967699999999994 -2.605100000000001, -58.967699999999994 -2.605000000000001, -58.967499999999994 -2.605000000000001, -58.967499999999994 -2.605100000000001, -58.967699999999994 -2.605100000000001))"
2024,CORTE SELETIVO,C60L63,"POLYGON ((-58.96719999999999 -2.605000000000001, -58.967299999999994 -2.605000000000001, -58.967299999999994 -2.604900000000001, -58.96719999999999 -2.604900000000001, -58.96719999999999 -2.605000000000001))"
2024,CORTE SELETIVO,C60L63,"POLYGON ((-58.970299999999995 -2.599500000000001, -58.970299999999995 -2.599400000000001, -58.97019999999999 -2.599400000000001, -58.97019999999999 -2.599500000000001, -58.970299999999995 -2.599500000000001))"
2024,CORTE SELETIVO,C60L63,"POLYGON ((-58.968399999999995 -2.595200000000001, -58.968399999999995 -2.595400000000001, -58.968599999999995 -2.595400000000001, -58.968599999999995 -2.595300000000001, -58.96849999999999 -2.595300000000001, -58.96849999999999 -2.595200000000001, -58.968399999999995 -2.595200000000001))"
2024,CORTE SELETIVO,C60L63,"POLYGON ((-58.96869999999999 -2.595300000000001, -58.96869999999999 -2.595200000000001, -58.968599999999995 -2.595200000000001, -58.968599999999995 -2.595300000000001, -58.96869999999999 -2.595300000000001))"
2024,CORTE SELETIVO,C60L63,"POLYGON ((-58.968399999999995 -2.595100000000001, -58.968399999999995 -2.595000000000001, -58.96829999999999 -2.595000000000001, -58.96829999999999 -2.595100000000001, -58.968399999999995 -2.595100000000001))"
2024,CORTE SELETIVO,C60L63,"POLYGON ((-58.968199999999996 -2.594700000000001, -58.968199999999996 -2.5946000000000007, -58.96809999999999 -2.5946000000000007, -58.96809999999999 -2.594700000000001, -58.968199999999996 -2.594700000000001))"
2024,CORTE SELETIVO,C60L63,"POLYGON ((-58.968399999999995 -2.5946000000000007, -58.968399999999995 -2.594500000000001, -58.96829999999999 -2.594500000000001, -58.96829999999999 -2.5946000000000007, -58.968399999999995 -2.5946000000000007))"
2024,CORTE SELETIVO,C60L63,"POLYGON ((-58.97389999999999 -2.592600000000001, -58.97389999999999 -2.5925000000000007, -58.97379999999999 -2.5925000000000007, -58.97379999999999 -2.592600000000001, -58.97389999999999 -2.592600000000001))"
2024,CORTE SELETIVO,C60L63,"POLYGON ((-58.96949999999999 -2.591700000000001, -58.96949999999999 -2.591600000000001, -58.96939999999999 -2.591600000000001, -58.96939999999999 -2.591700000000001, -58.96949999999999 -2.591700000000001))"
2024,CORTE SELETIVO,C60L63,"POLYGON ((-58.982899999999994 -2.5898000000000008, -58.982899999999994 -2.589700000000001, -58.98279999999999 -2.589700000000001, -58.98279999999999 -2.5898000000000008, -58.982899999999994 -2.5898000000000008))"
2024,CORTE SELETIVO,C60L63,"POLYGON ((-58.975699999999996 -2.589000000000001, -58.975699999999996 -2.588900000000001, -58.97559999999999 -2.588900000000001, -58.97559999999999 -2.589000000000001, -58.975699999999996 -2.589000000000001))"
2024,CORTE SELETIVO,C60L63,"POLYGON ((-58.970499999999994 -2.5837000000000008, -58.970499999999994 -2.583400000000001, -58.97039999999999 -2.583400000000001, -58.97039999999999 -2.5837000000000008, -58.970499999999994 -2.5837000000000008))"
2024,CORTE SELETIVO,C60L63,"POLYGON ((-58.96929999999999 -2.572200000000001, -58.96929999999999 -2.5721000000000007, -58.96909999999999 -2.5721000000000007, -58.96909999999999 -2.572200000000001, -58.96929999999999 -2.572200000000001))"
2024,CORTE SELETIVO,C60L63,"POLYGON ((-58.96949999999999 -2.5721000000000007, -58.96949999999999 -2.572000000000001, -58.96939999999999 -2.572000000000001, -58.96939999999999 -2.5721000000000007, -58.96949999999999 -2.5721000000000007))"
2024,CORTE SELETIVO,C60L63,"POLYGON ((-58.96929999999999 -2.572000000000001, -58.96929999999999 -2.5719000000000007, -58.969199999999994 -2.5719000000000007, -58.969199999999994 -2.572000000000001, -58.96929999999999 -2.572000000000001))"
2024,CORTE SELETIVO,C60L63,"POLYGON ((-58.981199999999994 -2.504600000000001, -58.981399999999994 -2.504600000000001, -58.981399999999994 -2.504400000000001, -58.981199999999994 -2.504400000000001, -58.981199999999994 -2.504600000000001))"
2024,CORTE SELETIVO,C60L63,"POLYGON ((-58.96329999999999 -2.686900000000001, -58.96329999999999 -2.6868000000000007, -58.96319999999999 -2.6868000000000007, -58.96319999999999 -2.686900000000001, -58.96329999999999 -2.686900000000001))"
2024,CORTE SELETIVO,C60L63,"POLYGON ((-58.961099999999995 -2.682900000000001, -58.961099999999995 -2.6828000000000007, -58.96099999999999 -2.6828000000000007, -58.96099999999999 -2.682900000000001, -58.961099999999995 -2.682900000000001))"
2024,CORTE SELETIVO,C60L63,"POLYGON ((-58.954299999999996 -2.679100000000001, -58.954299999999996 -2.6790000000000007, -58.95419999999999 -2.6790000000000007, -58.95419999999999 -2.679100000000001, -58.954299999999996 -2.679100000000001))"
2024,CORTE SELETIVO,C60L63,"POLYGON ((-58.95419999999999 -2.678900000000001, -58.95419999999999 -2.6788000000000007, -58.95409999999999 -2.6788000000000007, -58.95409999999999 -2.678900000000001, -58.95419999999999 -2.678900000000001))"
2024,CORTE SELETIVO,C60L63,"POLYGON ((-58.95459999999999 -2.6704000000000008, -58.95459999999999 -2.670300000000001, -58.954499999999996 -2.670300000000001, -58.954499999999996 -2.6704000000000008, -58.95459999999999 -2.6704000000000008))"
2024,CORTE SELETIVO,C60L63,"POLYGON ((-58.954699999999995 -2.670200000000001, -58.954699999999995 -2.670100000000001, -58.95459999999999 -2.670100000000001, -58.95459999999999 -2.670200000000001, -58.954699999999995 -2.670200000000001))"
2024,CORTE SELETIVO,C60L63,"POLYGON ((-58.95219999999999 -2.668600000000001, -58.95219999999999 -2.6685000000000008, -58.952099999999994 -2.6685000000000008, -58.952099999999994 -2.668600000000001, -58.95219999999999 -2.668600000000001))"
2024,CORTE SELETIVO,C60L63,"POLYGON ((-58.952099999999994 -2.668400000000001, -58.952099999999994 -2.668300000000001, -58.95199999999999 -2.668300000000001, -58.95199999999999 -2.668400000000001, -58.952099999999994 -2.668400000000001))"
2024,CORTE SELETIVO,C60L63,"POLYGON ((-58.965999999999994 -2.662900000000001, -58.965999999999994 -2.6628000000000007, -58.96589999999999 -2.6628000000000007, -58.96589999999999 -2.662900000000001, -58.965999999999994 -2.662900000000001))"
2024,CORTE SELETIVO,C60L63,"POLYGON ((-58.961299999999994 -2.662300000000001, -58.961299999999994 -2.662200000000001, -58.96119999999999 -2.662200000000001, -58.96119999999999 -2.662300000000001, -58.961299999999994 -2.662300000000001))"
2024,CORTE SELETIVO,C60L63,"POLYGON ((-58.967099999999995 -2.651500000000001, -58.967099999999995 -2.651400000000001, -58.96699999999999 -2.651400000000001, -58.96699999999999 -2.651500000000001, -58.967099999999995 -2.651500000000001))"
2024,CORTE SELETIVO,C60L63,"POLYGON ((-58.962799999999994 -2.621200000000001, -58.962799999999994 -2.621000000000001, -58.96269999999999 -2.621000000000001, -58.96269999999999 -2.621200000000001, -58.962799999999994 -2.621200000000001))"
2024,CORTE SELETIVO,C60L63,"POLYGON ((-58.95649999999999 -2.6140000000000008, -58.95649999999999 -2.613900000000001, -58.956399999999995 -2.613900000000001, -58.956399999999995 -2.6140000000000008, -58.95649999999999 -2.6140000000000008))"
2024,CORTE SELETIVO,C60L63,"POLYGON ((-58.95609999999999 -2.607800000000001, -58.95609999999999 -2.607700000000001, -58.955999999999996 -2.607700000000001, -58.955999999999996 -2.607800000000001, -58.95609999999999 -2.607800000000001))"
2024,CORTE SELETIVO,C60L63,"POLYGON ((-58.95539999999999 -2.603600000000001, -58.955499999999994 -2.603600000000001, -58.955499999999994 -2.603500000000001, -58.95539999999999 -2.603500000000001, -58.95539999999999 -2.603600000000001))"
2024,CORTE SELETIVO,C60L63,"POLYGON ((-58.963499999999996 -2.603300000000001, -58.963499999999996 -2.603200000000001, -58.96339999999999 -2.603200000000001, -58.96339999999999 -2.603300000000001, -58.963499999999996 -2.603300000000001))"
2024,CORTE SELETIVO,C60L63,"POLYGON ((-58.96339999999999 -2.603200000000001, -58.96339999999999 -2.603100000000001, -58.96329999999999 -2.603100000000001, -58.96329999999999 -2.603200000000001, -58.96339999999999 -2.603200000000001))"
2024,CORTE SELETIVO,C60L63,"POLYGON ((-58.96319999999999 -2.603000000000001, -58.96319999999999 -2.602900000000001, -58.962999999999994 -2.602900000000001, -58.962999999999994 -2.603000000000001, -58.96319999999999 -2.603000000000001))"
2024,CORTE SELETIVO,C60L63,"POLYGON ((-58.96329999999999 -2.602900000000001, -58.96329999999999 -2.602800000000001, -58.96319999999999 -2.602800000000001, -58.96319999999999 -2.602900000000001, -58.96329999999999 -2.602900000000001))"
2024,CORTE SELETIVO,C60L63,"POLYGON ((-58.962999999999994 -2.602800000000001, -58.962999999999994 -2.6026000000000007, -58.96289999999999 -2.6026000000000007, -58.96289999999999 -2.602800000000001, -58.962999999999994 -2.602800000000001))"
2024,CORTE SELETIVO,C60L63,"POLYGON ((-58.962799999999994 -2.602500000000001, -58.962799999999994 -2.6024000000000007, -58.96269999999999 -2.6024000000000007, -58.96269999999999 -2.602500000000001, -58.962799999999994 -2.602500000000001))"
2024,CORTE SELETIVO,C60L63,"POLYGON ((-58.96269999999999 -2.6024000000000007, -58.96269999999999 -2.602300000000001, -58.962599999999995 -2.602300000000001, -58.962599999999995 -2.6024000000000007, -58.96269999999999 -2.6024000000000007))"
2024,CORTE SELETIVO,C60L63,"POLYGON ((-58.96079999999999 -2.5938000000000008, -58.96079999999999 -2.593600000000001, -58.960699999999996 -2.593600000000001, -58.960699999999996 -2.5938000000000008, -58.96079999999999 -2.5938000000000008))"
2024,CORTE SELETIVO,C60L63,"POLYGON ((-58.957699999999996 -2.591100000000001, -58.957699999999996 -2.591000000000001, -58.95759999999999 -2.591000000000001, -58.95759999999999 -2.591100000000001, -58.957699999999996 -2.591100000000001))"
2024,CORTE SELETIVO,C60L63,"POLYGON ((-58.958099999999995 -2.591000000000001, -58.958099999999995 -2.590900000000001, -58.957899999999995 -2.590900000000001, -58.957899999999995 -2.591000000000001, -58.958099999999995 -2.591000000000001))"
2024,CORTE SELETIVO,C60L63,"POLYGON ((-58.958099999999995 -2.586700000000001, -58.958099999999995 -2.5866000000000007, -58.95799999999999 -2.5866000000000007, -58.95799999999999 -2.586700000000001, -58.958099999999995 -2.586700000000001))"
2024,CORTE SELETIVO,C60L63,"POLYGON ((-58.96339999999999 -2.582800000000001, -58.96339999999999 -2.582700000000001, -58.96329999999999 -2.582700000000001, -58.96329999999999 -2.582800000000001, -58.96339999999999 -2.582800000000001))"
2024,CORTE SELETIVO,C60L63,"POLYGON ((-58.96589999999999 -2.579000000000001, -58.96589999999999 -2.578900000000001, -58.965799999999994 -2.578900000000001, -58.965799999999994 -2.579000000000001, -58.96589999999999 -2.579000000000001))"
2024,CORTE SELETIVO,C60L63,"POLYGON ((-58.96609999999999 -2.579000000000001, -58.96609999999999 -2.578900000000001, -58.965999999999994 -2.578900000000001, -58.965999999999994 -2.579000000000001, -58.96609999999999 -2.579000000000001))"
2024,CORTE SELETIVO,C60L63,"POLYGON ((-58.96249999999999 -2.576000000000001, -58.962599999999995 -2.576000000000001, -58.962599999999995 -2.5759000000000007, -58.96249999999999 -2.5759000000000007, -58.96249999999999 -2.576000000000001))"
2024,CORTE SELETIVO,C60L63,"POLYGON ((-58.94489999999999 -2.679400000000001, -58.94489999999999 -2.679300000000001, -58.944799999999994 -2.679300000000001, -58.944799999999994 -2.679400000000001, -58.94489999999999 -2.679400000000001))"
2024,CORTE SELETIVO,C60L63,"POLYGON ((-58.944399999999995 -2.6725000000000008, -58.944399999999995 -2.672400000000001, -58.94429999999999 -2.672400000000001, -58.94429999999999 -2.6725000000000008, -58.944399999999995 -2.6725000000000008))"
2024,CORTE SELETIVO,C60L63,"POLYGON ((-58.94659999999999 -2.672300000000001, -58.94659999999999 -2.672200000000001, -58.94649999999999 -2.672200000000001, -58.94649999999999 -2.672300000000001, -58.94659999999999 -2.672300000000001))"
2024,CORTE SELETIVO,C60L63,"POLYGON ((-58.943799999999996 -2.670900000000001, -58.943799999999996 -2.6708000000000007, -58.94369999999999 -2.6708000000000007, -58.94369999999999 -2.670900000000001, -58.943799999999996 -2.670900000000001))"
2024,CORTE SELETIVO,C60L63,"POLYGON ((-58.950799999999994 -2.668400000000001, -58.950799999999994 -2.668300000000001, -58.95069999999999 -2.668300000000001, -58.95069999999999 -2.668400000000001, -58.950799999999994 -2.668400000000001))"
2024,CORTE SELETIVO,C60L63,"POLYGON ((-58.94799999999999 -2.667900000000001, -58.94799999999999 -2.667700000000001, -58.94789999999999 -2.667700000000001, -58.94789999999999 -2.667900000000001, -58.94799999999999 -2.667900000000001))"
2024,CORTE SELETIVO,C60L63,"POLYGON ((-58.94409999999999 -2.667500000000001, -58.944199999999995 -2.667500000000001, -58.944199999999995 -2.667400000000001, -58.94409999999999 -2.667400000000001, -58.94409999999999 -2.667500000000001))"
2024,CORTE SELETIVO,C60L63,"POLYGON ((-58.94199999999999 -2.665200000000001, -58.94199999999999 -2.665000000000001, -58.94189999999999 -2.665000000000001, -58.94189999999999 -2.665200000000001, -58.94199999999999 -2.665200000000001))"
2024,CORTE SELETIVO,C60L63,"POLYGON ((-58.94019999999999 -2.663800000000001, -58.94019999999999 -2.663600000000001, -58.940099999999994 -2.663600000000001, -58.940099999999994 -2.663800000000001, -58.94019999999999 -2.663800000000001))"
2024,CORTE SELETIVO,C60L63,"POLYGON ((-58.93879999999999 -2.661100000000001, -58.93879999999999 -2.661000000000001, -58.93869999999999 -2.661000000000001, -58.93869999999999 -2.661100000000001, -58.93879999999999 -2.661100000000001))"
2024,CORTE SELETIVO,C60L63,"POLYGON ((-58.937799999999996 -2.660200000000001, -58.937799999999996 -2.660100000000001, -58.93769999999999 -2.660100000000001, -58.93769999999999 -2.660200000000001, -58.937799999999996 -2.660200000000001))"
2024,CORTE SELETIVO,C60L63,"POLYGON ((-58.93769999999999 -2.659900000000001, -58.93769999999999 -2.659800000000001, -58.937599999999996 -2.659800000000001, -58.937599999999996 -2.659900000000001, -58.93769999999999 -2.659900000000001))"
2024,CORTE SELETIVO,C60L63,"POLYGON ((-58.93729999999999 -2.659800000000001, -58.93729999999999 -2.659700000000001, -58.93719999999999 -2.659700000000001, -58.93719999999999 -2.659800000000001, -58.93729999999999 -2.659800000000001))"
2024,CORTE SELETIVO,C60L63,"POLYGON ((-58.93699999999999 -2.6590000000000007, -58.937099999999994 -2.6590000000000007, -58.937099999999994 -2.658900000000001, -58.93699999999999 -2.658900000000001, -58.93699999999999 -2.6590000000000007))"
2024,CORTE SELETIVO,C60L63,"POLYGON ((-58.93679999999999 -2.6590000000000007, -58.93679999999999 -2.658900000000001, -58.936699999999995 -2.658900000000001, -58.936699999999995 -2.6590000000000007, -58.93679999999999 -2.6590000000000007))"
2024,CORTE SELETIVO,C60L63,"POLYGON ((-58.93589999999999 -2.657600000000001, -58.93589999999999 -2.657500000000001, -58.93579999999999 -2.657500000000001, -58.93579999999999 -2.657600000000001, -58.93589999999999 -2.657600000000001))"
2024,CORTE SELETIVO,C60L63,"POLYGON ((-58.93589999999999 -2.657400000000001, -58.93589999999999 -2.657300000000001, -58.935599999999994 -2.657300000000001, -58.935599999999994 -2.657400000000001, -58.93589999999999 -2.657400000000001))"
2024,CORTE SELETIVO,C60L63,"POLYGON ((-58.93549999999999 -2.655500000000001, -58.93549999999999 -2.655300000000001, -58.935399999999994 -2.655300000000001, -58.935399999999994 -2.655500000000001, -58.93549999999999 -2.655500000000001))"
2024,CORTE SELETIVO,C60L63,"POLYGON ((-58.92849999999999 -2.647800000000001, -58.92849999999999 -2.647700000000001, -58.928399999999996 -2.647700000000001, -58.928399999999996 -2.647800000000001, -58.92849999999999 -2.647800000000001))"
2024,CORTE SELETIVO,C60L63,"POLYGON ((-58.92349999999999 -2.645300000000001, -58.92349999999999 -2.645200000000001, -58.923399999999994 -2.645200000000001, -58.923399999999994 -2.645300000000001, -58.92349999999999 -2.645300000000001))"
2024,CORTE SELETIVO,C60L63,"POLYGON ((-58.92679999999999 -2.6449000000000007, -58.92679999999999 -2.644800000000001, -58.92669999999999 -2.644800000000001, -58.92669999999999 -2.6449000000000007, -58.92679999999999 -2.6449000000000007))"
2024,CORTE SELETIVO,C60L63,"POLYGON ((-58.93449999999999 -2.6123000000000007, -58.93449999999999 -2.612200000000001, -58.93439999999999 -2.612200000000001, -58.93439999999999 -2.6123000000000007, -58.93449999999999 -2.6123000000000007))"
2024,CORTE SELETIVO,C60L63,"POLYGON ((-58.93749999999999 -2.610900000000001, -58.93749999999999 -2.610800000000001, -58.93739999999999 -2.610800000000001, -58.93739999999999 -2.610900000000001, -58.93749999999999 -2.610900000000001))"
2024,CORTE SELETIVO,C60L63,"POLYGON ((-58.94969999999999 -2.602800000000001, -58.94969999999999 -2.602700000000001, -58.94959999999999 -2.602700000000001, -58.94959999999999 -2.602800000000001, -58.94969999999999 -2.602800000000001))"
2024,CORTE SELETIVO,C60L63,"POLYGON ((-58.919399999999996 -2.592600000000001, -58.919399999999996 -2.5925000000000007, -58.91929999999999 -2.5925000000000007, -58.91929999999999 -2.592600000000001, -58.919399999999996 -2.592600000000001))"
2024,CORTE SELETIVO,C60L63,"POLYGON ((-58.92349999999999 -2.5921000000000007, -58.92349999999999 -2.592000000000001, -58.923399999999994 -2.592000000000001, -58.923399999999994 -2.5921000000000007, -58.92349999999999 -2.5921000000000007))"
2024,CORTE SELETIVO,C60L63,"POLYGON ((-58.92269999999999 -2.592000000000001, -58.92269999999999 -2.5919000000000008, -58.922599999999996 -2.5919000000000008, -58.922599999999996 -2.592000000000001, -58.92269999999999 -2.592000000000001))"
2024,CORTE SELETIVO,C60L63,"POLYGON ((-58.948699999999995 -2.591300000000001, -58.948699999999995 -2.591200000000001, -58.94859999999999 -2.591200000000001, -58.94859999999999 -2.591300000000001, -58.948699999999995 -2.591300000000001))"
2024,CORTE SELETIVO,C60L63,"POLYGON ((-58.94899999999999 -2.591200000000001, -58.94919999999999 -2.591200000000001, -58.94919999999999 -2.591100000000001, -58.94899999999999 -2.591100000000001, -58.94899999999999 -2.591200000000001))"
2024,CORTE SELETIVO,C60L63,"POLYGON ((-58.94769999999999 -2.5847000000000007, -58.94769999999999 -2.584600000000001, -58.947599999999994 -2.584600000000001, -58.947599999999994 -2.5847000000000007, -58.94769999999999 -2.5847000000000007))"
2024,CORTE SELETIVO,C60L63,"POLYGON ((-58.90189999999999 -2.658300000000001, -58.90189999999999 -2.658200000000001, -58.901799999999994 -2.658200000000001, -58.901799999999994 -2.658300000000001, -58.90189999999999 -2.658300000000001))"
2024,CORTE SELETIVO,C60L63,"POLYGON ((-58.904599999999995 -2.654300000000001, -58.904599999999995 -2.654100000000001, -58.90449999999999 -2.654100000000001, -58.90449999999999 -2.654300000000001, -58.904599999999995 -2.654300000000001))"
2024,CORTE SELETIVO,C60L63,"POLYGON ((-58.91919999999999 -2.643800000000001, -58.91919999999999 -2.643700000000001, -58.91909999999999 -2.643700000000001, -58.91909999999999 -2.643800000000001, -58.91919999999999 -2.643800000000001))"
2024,CORTE SELETIVO,C60L63,"POLYGON ((-58.918699999999994 -2.643700000000001, -58.918699999999994 -2.643600000000001, -58.91859999999999 -2.643600000000001, -58.91859999999999 -2.643700000000001, -58.918699999999994 -2.643700000000001))"
2024,CORTE SELETIVO,C60L63,"POLYGON ((-58.91759999999999 -2.642900000000001, -58.91759999999999 -2.6428000000000007, -58.91749999999999 -2.6428000000000007, -58.91749999999999 -2.642900000000001, -58.91759999999999 -2.642900000000001))"
2024,CORTE SELETIVO,C60L63,"POLYGON ((-58.88839999999999 -2.642100000000001, -58.88839999999999 -2.642000000000001, -58.888299999999994 -2.642000000000001, -58.888299999999994 -2.642100000000001, -58.88839999999999 -2.642100000000001))"
2024,CORTE SELETIVO,C60L63,"POLYGON ((-58.887899999999995 -2.641500000000001, -58.887899999999995 -2.641400000000001, -58.88779999999999 -2.641400000000001, -58.88779999999999 -2.641500000000001, -58.887899999999995 -2.641500000000001))"
2024,CORTE SELETIVO,C60L63,"POLYGON ((-58.88699999999999 -2.633400000000001, -58.88699999999999 -2.633300000000001, -58.88689999999999 -2.633300000000001, -58.88689999999999 -2.633400000000001, -58.88699999999999 -2.633400000000001))"
2024,CORTE SELETIVO,C60L63,"POLYGON ((-58.848699999999994 -2.599200000000001, -58.848699999999994 -2.599100000000001, -58.84859999999999 -2.599100000000001, -58.84859999999999 -2.599200000000001, -58.848699999999994 -2.599200000000001))"
2024,CORTE SELETIVO,C60L63,"POLYGON ((-58.848099999999995 -2.598500000000001, -58.848099999999995 -2.5984000000000007, -58.84799999999999 -2.5984000000000007, -58.84799999999999 -2.598500000000001, -58.848099999999995 -2.598500000000001))"
2024,CORTE SELETIVO,C60L63,"POLYGON ((-58.848299999999995 -2.5984000000000007, -58.848299999999995 -2.598300000000001, -58.84819999999999 -2.598300000000001, -58.84819999999999 -2.5984000000000007, -58.848299999999995 -2.5984000000000007))"
2024,CORTE SELETIVO,C60L63,"POLYGON ((-58.84729999999999 -2.597100000000001, -58.84729999999999 -2.597000000000001, -58.847199999999994 -2.597000000000001, -58.847199999999994 -2.597100000000001, -58.84729999999999 -2.597100000000001))"
2024,CORTE SELETIVO,C60L63,"POLYGON ((-58.916199999999996 -2.591100000000001, -58.916199999999996 -2.591000000000001, -58.91609999999999 -2.591000000000001, -58.91609999999999 -2.591100000000001, -58.916199999999996 -2.591100000000001))"
2024,CORTE SELETIVO,C60L63,"POLYGON ((-58.91629999999999 -2.591000000000001, -58.91649999999999 -2.591000000000001, -58.91649999999999 -2.590900000000001, -58.91629999999999 -2.590900000000001, -58.91629999999999 -2.591000000000001))"
2024,CORTE SELETIVO,C60L63,"POLYGON ((-58.913599999999995 -2.588700000000001, -58.913599999999995 -2.588600000000001, -58.913399999999996 -2.588600000000001, -58.913399999999996 -2.588700000000001, -58.913599999999995 -2.588700000000001))"
2024,CORTE SELETIVO,C60L63,"POLYGON ((-58.912099999999995 -2.5885000000000007, -58.912099999999995 -2.588400000000001, -58.91199999999999 -2.588400000000001, -58.91199999999999 -2.5885000000000007, -58.912099999999995 -2.5885000000000007))"
2024,CORTE SELETIVO,C60L63,"POLYGON ((-58.91159999999999 -2.588400000000001, -58.91159999999999 -2.5883000000000007, -58.91149999999999 -2.5883000000000007, -58.91149999999999 -2.588400000000001, -58.91159999999999 -2.588400000000001))"
2024,CORTE SELETIVO,C60L63,"POLYGON ((-58.91139999999999 -2.588400000000001, -58.91139999999999 -2.5883000000000007, -58.911199999999994 -2.5883000000000007, -58.911199999999994 -2.588400000000001, -58.91139999999999 -2.588400000000001))"
2024,CORTE SELETIVO,C60L63,"POLYGON ((-58.79579999999999 -2.553700000000001, -58.79579999999999 -2.553500000000001, -58.79569999999999 -2.553500000000001, -58.79569999999999 -2.553700000000001, -58.79579999999999 -2.553700000000001))"
2024,CORTE SELETIVO,C60L63,"POLYGON ((-58.840199999999996 -2.551000000000001, -58.840199999999996 -2.550900000000001, -58.84009999999999 -2.550900000000001, -58.84009999999999 -2.551000000000001, -58.840199999999996 -2.551000000000001))"
2024,CORTE SELETIVO,C60L63,"POLYGON ((-58.813599999999994 -2.545900000000001, -58.813599999999994 -2.5458000000000007, -58.81349999999999 -2.5458000000000007, -58.81349999999999 -2.545900000000001, -58.813599999999994 -2.545900000000001))"
2024,CORTE SELETIVO,C60L63,"POLYGON ((-58.81329999999999 -2.545900000000001, -58.81329999999999 -2.545700000000001, -58.813199999999995 -2.545700000000001, -58.813199999999995 -2.545900000000001, -58.81329999999999 -2.545900000000001))"
2024,CORTE SELETIVO,C60L63,"POLYGON ((-58.79549999999999 -2.543600000000001, -58.79549999999999 -2.543400000000001, -58.795399999999994 -2.543400000000001, -58.795399999999994 -2.543600000000001, -58.79549999999999 -2.543600000000001))"
2024,CORTE SELETIVO,C60L63,"POLYGON ((-58.829699999999995 -2.539800000000001, -58.829699999999995 -2.5397000000000007, -58.82959999999999 -2.5397000000000007, -58.82959999999999 -2.539800000000001, -58.829699999999995 -2.539800000000001))"
2024,CORTE SELETIVO,C60L63,"POLYGON ((-58.80669999999999 -2.5395000000000008, -58.80669999999999 -2.539400000000001, -58.806599999999996 -2.539400000000001, -58.806599999999996 -2.5395000000000008, -58.80669999999999 -2.5395000000000008))"
2024,CORTE SELETIVO,C60L63,"POLYGON ((-58.79149999999999 -2.529300000000001, -58.79149999999999 -2.529200000000001, -58.791399999999996 -2.529200000000001, -58.791399999999996 -2.529300000000001, -58.79149999999999 -2.529300000000001))"
2024,CORTE SELETIVO,C60L63,"POLYGON ((-58.83429999999999 -2.514900000000001, -58.83429999999999 -2.514800000000001, -58.834199999999996 -2.514800000000001, -58.834199999999996 -2.514900000000001, -58.83429999999999 -2.514900000000001))"
2024,CORTE SELETIVO,C60L63,"POLYGON ((-58.80579999999999 -2.502900000000001, -58.80579999999999 -2.502800000000001, -58.805699999999995 -2.502800000000001, -58.805699999999995 -2.502900000000001, -58.80579999999999 -2.502900000000001))"
2024,CORTE SELETIVO,C60L63,"POLYGON ((-58.93469999999999 -2.612400000000001, -58.93469999999999 -2.6125000000000007, -58.934799999999996 -2.6125000000000007, -58.934799999999996 -2.612400000000001, -58.93469999999999 -2.612400000000001))"
2024,CORTE SELETIVO,C60L63,"POLYGON ((-58.85569999999999 -2.5898000000000008, -58.855799999999995 -2.5898000000000008, -58.855799999999995 -2.589700000000001, -58.85569999999999 -2.589700000000001, -58.85569999999999 -2.5898000000000008))"
2024,CORTE SELETIVO,C60L63,"POLYGON ((-58.82229999999999 -2.572400000000001, -58.822399999999995 -2.572400000000001, -58.822399999999995 -2.5723000000000007, -58.82229999999999 -2.5723000000000007, -58.82229999999999 -2.572400000000001))"
2024,CORTE SELETIVO,C60L63,"POLYGON ((-58.940099999999994 -2.6630000000000007, -58.94019999999999 -2.6630000000000007, -58.94019999999999 -2.662900000000001, -58.940099999999994 -2.662900000000001, -58.940099999999994 -2.6630000000000007))"
2024,CORTE SELETIVO,C60L63,"POLYGON ((-58.93449999999999 -2.612600000000001, -58.934599999999996 -2.612600000000001, -58.934599999999996 -2.6125000000000007, -58.93449999999999 -2.6125000000000007, -58.93449999999999 -2.612600000000001))"
2024,CORTE SELETIVO,C60L63,"POLYGON ((-58.934599999999996 -2.6125000000000007, -58.93469999999999 -2.6125000000000007, -58.93469999999999 -2.612400000000001, -58.934599999999996 -2.612400000000001, -58.934599999999996 -2.6125000000000007))"
2024,CORTE SELETIVO,C60L63,"POLYGON ((-58.93439999999999 -2.612200000000001, -58.93439999999999 -2.6121000000000008, -58.93429999999999 -2.6121000000000008, -58.93429999999999 -2.612200000000001, -58.93439999999999 -2.612200000000001))"
2024,CORTE SELETIVO,C60L63,"POLYGON ((-58.905699999999996 -2.531200000000001, -58.905699999999996 -2.531100000000001, -58.90559999999999 -2.531100000000001, -58.90559999999999 -2.531200000000001, -58.905699999999996 -2.531200000000001))"
2024,CORTE SELETIVO,C60L63,"POLYGON ((-58.968199999999996 -2.5946000000000007, -58.968199999999996 -2.594700000000001, -58.96829999999999 -2.594700000000001, -58.96829999999999 -2.5946000000000007, -58.968199999999996 -2.5946000000000007))"
2024,CORTE SELETIVO,C60L63,"POLYGON ((-58.953199999999995 -2.5864000000000007, -58.953199999999995 -2.586500000000001, -58.95329999999999 -2.586500000000001, -58.95329999999999 -2.5864000000000007, -58.953199999999995 -2.5864000000000007))"
2024,CORTE SELETIVO,C60L63,"POLYGON ((-58.934599999999996 -2.6123000000000007, -58.934599999999996 -2.612400000000001, -58.93469999999999 -2.612400000000001, -58.93469999999999 -2.6123000000000007, -58.934599999999996 -2.6123000000000007))"
2024,CORTE SELETIVO,C60L63,"POLYGON ((-58.93439999999999 -2.612400000000001, -58.93449999999999 -2.612400000000001, -58.93449999999999 -2.6123000000000007, -58.93439999999999 -2.6123000000000007, -58.93439999999999 -2.612400000000001))"
2024,CORTE SELETIVO,C60L63,"POLYGON ((-58.82229999999999 -2.5725000000000007, -58.822399999999995 -2.5725000000000007, -58.822399999999995 -2.572400000000001, -58.82229999999999 -2.572400000000001, -58.82229999999999 -2.5725000000000007))"
2024,CORTE SELETIVO,C60L63,"POLYGON ((-58.96549999999999 -2.729000000000001, -58.96549999999999 -2.7289000000000008, -58.965399999999995 -2.7289000000000008, -58.965399999999995 -2.729000000000001, -58.96549999999999 -2.729000000000001))"
2024,CORTE SELETIVO,C60L63,"POLYGON ((-58.95729999999999 -2.671100000000001, -58.95729999999999 -2.6710000000000007, -58.95719999999999 -2.6710000000000007, -58.95719999999999 -2.671100000000001, -58.95729999999999 -2.671100000000001))"
2024,CORTE SELETIVO,C60L63,"POLYGON ((-58.96949999999999 -2.667400000000001, -58.96949999999999 -2.667300000000001, -58.96939999999999 -2.667300000000001, -58.96939999999999 -2.667400000000001, -58.96949999999999 -2.667400000000001))"
2024,CORTE SELETIVO,C60L63,"POLYGON ((-58.97389999999999 -2.667100000000001, -58.97389999999999 -2.666900000000001, -58.97379999999999 -2.666900000000001, -58.97379999999999 -2.667100000000001, -58.97389999999999 -2.667100000000001))"
2024,CORTE SELETIVO,C60L63,"POLYGON ((-58.97359999999999 -2.6668000000000007, -58.97359999999999 -2.6670000000000007, -58.973699999999994 -2.6670000000000007, -58.973699999999994 -2.666500000000001, -58.97359999999999 -2.666500000000001, -58.97359999999999 -2.6666000000000007, -58.973499999999994 -2.6666000000000007, -58.973499999999994 -2.666700000000001, -58.97339999999999 -2.666700000000001, -58.97339999999999 -2.6668000000000007, -58.97359999999999 -2.6668000000000007))"
2024,CORTE SELETIVO,C60L63,"POLYGON ((-58.955299999999994 -2.665000000000001, -58.955299999999994 -2.6651000000000007, -58.95519999999999 -2.6651000000000007, -58.95519999999999 -2.665200000000001, -58.95539999999999 -2.665200000000001, -58.95539999999999 -2.665000000000001, -58.955299999999994 -2.665000000000001))"
2024,CORTE SELETIVO,C60L63,"POLYGON ((-58.979899999999994 -2.659900000000001, -58.979899999999994 -2.659800000000001, -58.97979999999999 -2.659800000000001, -58.97979999999999 -2.659900000000001, -58.979899999999994 -2.659900000000001))"
2024,CORTE SELETIVO,C60L63,"POLYGON ((-58.965199999999996 -2.6571000000000007, -58.96509999999999 -2.6571000000000007, -58.96509999999999 -2.657300000000001, -58.964999999999996 -2.657300000000001, -58.964999999999996 -2.657400000000001, -58.96489999999999 -2.657400000000001, -58.96489999999999 -2.657500000000001, -58.965199999999996 -2.657500000000001, -58.965199999999996 -2.6571000000000007))"
2024,CORTE SELETIVO,C60L63,"POLYGON ((-58.96489999999999 -2.6571000000000007, -58.96479999999999 -2.6571000000000007, -58.96479999999999 -2.657200000000001, -58.96489999999999 -2.657200000000001, -58.96489999999999 -2.6571000000000007))"
2024,CORTE SELETIVO,C60L63,"POLYGON ((-58.959399999999995 -2.6567000000000007, -58.959399999999995 -2.656600000000001, -58.95929999999999 -2.656600000000001, -58.95929999999999 -2.6567000000000007, -58.959399999999995 -2.6567000000000007))"
2024,CORTE SELETIVO,C60L63,"POLYGON ((-58.968599999999995 -2.648000000000001, -58.968599999999995 -2.647900000000001, -58.968399999999995 -2.647900000000001, -58.968399999999995 -2.648000000000001, -58.968599999999995 -2.648000000000001))"
2024,CORTE SELETIVO,C60L63,"POLYGON ((-58.972899999999996 -2.609200000000001, -58.972899999999996 -2.609100000000001, -58.97279999999999 -2.609100000000001, -58.97279999999999 -2.609200000000001, -58.972899999999996 -2.609200000000001))"
2024,CORTE SELETIVO,C60L63,"POLYGON ((-58.97959999999999 -2.609000000000001, -58.97959999999999 -2.609200000000001, -58.97979999999999 -2.609200000000001, -58.97979999999999 -2.609100000000001, -58.979899999999994 -2.609100000000001, -58.979899999999994 -2.609000000000001, -58.97959999999999 -2.609000000000001))"
2024,CORTE SELETIVO,C60L63,"POLYGON ((-58.97319999999999 -2.608800000000001, -58.97319999999999 -2.6087000000000007, -58.973099999999995 -2.6087000000000007, -58.973099999999995 -2.608800000000001, -58.97319999999999 -2.608800000000001))"
2024,CORTE SELETIVO,C60L63,"POLYGON ((-58.958499999999994 -2.6085000000000007, -58.958499999999994 -2.608400000000001, -58.95839999999999 -2.608400000000001, -58.95839999999999 -2.6085000000000007, -58.958499999999994 -2.6085000000000007))"
2024,CORTE SELETIVO,C60L63,"POLYGON ((-58.97169999999999 -2.607100000000001, -58.97169999999999 -2.606900000000001, -58.971399999999996 -2.606900000000001, -58.971399999999996 -2.607100000000001, -58.97169999999999 -2.607100000000001))"
2024,CORTE SELETIVO,C60L63,"POLYGON ((-58.972699999999996 -2.605600000000001, -58.97259999999999 -2.605600000000001, -58.97259999999999 -2.605700000000001, -58.972699999999996 -2.605700000000001, -58.972699999999996 -2.605600000000001))"
2024,CORTE SELETIVO,C60L63,"POLYGON ((-58.97249999999999 -2.605300000000001, -58.97229999999999 -2.605300000000001, -58.97229999999999 -2.605400000000001, -58.97249999999999 -2.605400000000001, -58.97249999999999 -2.605300000000001))"
2024,CORTE SELETIVO,C60L63,"POLYGON ((-58.97259999999999 -2.605200000000001, -58.97259999999999 -2.605100000000001, -58.97249999999999 -2.605100000000001, -58.97249999999999 -2.605200000000001, -58.97259999999999 -2.605200000000001))"
2024,CORTE SELETIVO,C60L63,"POLYGON ((-58.976699999999994 -2.604800000000001, -58.976699999999994 -2.6045000000000007, -58.97659999999999 -2.6045000000000007, -58.97659999999999 -2.604800000000001, -58.976699999999994 -2.604800000000001))"
2024,CORTE SELETIVO,C60L63,"POLYGON ((-58.962399999999995 -2.601500000000001, -58.962399999999995 -2.601400000000001, -58.96229999999999 -2.601400000000001, -58.96229999999999 -2.601500000000001, -58.962399999999995 -2.601500000000001))"
2024,CORTE SELETIVO,C60L63,"POLYGON ((-58.98049999999999 -2.600800000000001, -58.98049999999999 -2.6007000000000007, -58.980399999999996 -2.6007000000000007, -58.980399999999996 -2.600800000000001, -58.98049999999999 -2.600800000000001))"
2024,CORTE SELETIVO,C60L63,"POLYGON ((-58.971599999999995 -2.600800000000001, -58.971599999999995 -2.6007000000000007, -58.97149999999999 -2.6007000000000007, -58.97149999999999 -2.600800000000001, -58.971599999999995 -2.600800000000001))"
2024,CORTE SELETIVO,C60L63,"POLYGON ((-58.97169999999999 -2.6007000000000007, -58.97169999999999 -2.600600000000001, -58.971599999999995 -2.600600000000001, -58.971599999999995 -2.6007000000000007, -58.97169999999999 -2.6007000000000007))"
2024,CORTE SELETIVO,C60L63,"POLYGON ((-58.971399999999996 -2.600800000000001, -58.971399999999996 -2.6007000000000007, -58.97129999999999 -2.6007000000000007, -58.97129999999999 -2.600400000000001, -58.971199999999996 -2.600400000000001, -58.971199999999996 -2.6005000000000007, -58.97109999999999 -2.6005000000000007, -58.97109999999999 -2.6007000000000007, -58.971199999999996 -2.6007000000000007, -58.971199999999996 -2.600800000000001, -58.971399999999996 -2.600800000000001))"
2024,CORTE SELETIVO,C60L63,"POLYGON ((-58.96249999999999 -2.599600000000001, -58.962399999999995 -2.599600000000001, -58.962399999999995 -2.599700000000001, -58.96249999999999 -2.599700000000001, -58.96249999999999 -2.599600000000001))"
2024,CORTE SELETIVO,C60L63,"POLYGON ((-58.96629999999999 -2.5978000000000008, -58.96619999999999 -2.5978000000000008, -58.96619999999999 -2.5980000000000008, -58.96629999999999 -2.5980000000000008, -58.96629999999999 -2.5978000000000008))"
2024,CORTE SELETIVO,C60L63,"POLYGON ((-58.96679999999999 -2.595000000000001, -58.96679999999999 -2.594700000000001, -58.966699999999996 -2.594700000000001, -58.966699999999996 -2.594800000000001, -58.96659999999999 -2.594800000000001, -58.96659999999999 -2.594900000000001, -58.966699999999996 -2.594900000000001, -58.966699999999996 -2.595000000000001, -58.96679999999999 -2.595000000000001))"
2024,CORTE SELETIVO,C60L63,"POLYGON ((-58.958499999999994 -2.593900000000001, -58.958499999999994 -2.5940000000000007, -58.95859999999999 -2.5940000000000007, -58.95859999999999 -2.594100000000001, -58.95869999999999 -2.594100000000001, -58.95869999999999 -2.593900000000001, -58.958499999999994 -2.593900000000001))"
2024,CORTE SELETIVO,C60L63,"POLYGON ((-58.96739999999999 -2.593400000000001, -58.96739999999999 -2.593200000000001, -58.967299999999994 -2.593200000000001, -58.967299999999994 -2.593400000000001, -58.96739999999999 -2.593400000000001))"
2024,CORTE SELETIVO,C60L63,"POLYGON ((-58.960699999999996 -2.592900000000001, -58.96059999999999 -2.592900000000001, -58.96059999999999 -2.593000000000001, -58.960699999999996 -2.593000000000001, -58.960699999999996 -2.592900000000001))"
2024,CORTE SELETIVO,C60L63,"POLYGON ((-58.971999999999994 -2.581300000000001, -58.97189999999999 -2.581300000000001, -58.97189999999999 -2.581400000000001, -58.971999999999994 -2.581400000000001, -58.971999999999994 -2.581300000000001))"
2024,CORTE SELETIVO,C60L63,"POLYGON ((-58.972199999999994 -2.581200000000001, -58.972199999999994 -2.581100000000001, -58.97209999999999 -2.581100000000001, -58.97209999999999 -2.581200000000001, -58.972199999999994 -2.581200000000001))"
2024,CORTE SELETIVO,C60L63,"POLYGON ((-58.97229999999999 -2.581100000000001, -58.97229999999999 -2.581000000000001, -58.972199999999994 -2.581000000000001, -58.972199999999994 -2.581100000000001, -58.97229999999999 -2.581100000000001))"
2024,CORTE SELETIVO,C60L63,"POLYGON ((-58.963699999999996 -2.577000000000001, -58.963699999999996 -2.576900000000001, -58.96359999999999 -2.576900000000001, -58.96359999999999 -2.577000000000001, -58.963699999999996 -2.577000000000001))"
2024,CORTE SELETIVO,C60L63,"POLYGON ((-58.95949999999999 -2.575600000000001, -58.959799999999994 -2.575600000000001, -58.959799999999994 -2.575500000000001, -58.95969999999999 -2.575500000000001, -58.95969999999999 -2.575400000000001, -58.95949999999999 -2.575400000000001, -58.95949999999999 -2.575600000000001))"
2024,CORTE SELETIVO,C60L63,"POLYGON ((-58.96909999999999 -2.5702000000000007, -58.96889999999999 -2.5702000000000007, -58.96889999999999 -2.570300000000001, -58.96909999999999 -2.570300000000001, -58.96909999999999 -2.5702000000000007))"
2024,CORTE SELETIVO,C60L63,"POLYGON ((-58.96159999999999 -2.535100000000001, -58.96159999999999 -2.535000000000001, -58.961499999999994 -2.535000000000001, -58.961499999999994 -2.535100000000001, -58.96159999999999 -2.535100000000001))"
2024,CORTE SELETIVO,C60L63,"POLYGON ((-58.95459999999999 -2.6832000000000007, -58.95459999999999 -2.683100000000001, -58.954499999999996 -2.683100000000001, -58.954499999999996 -2.6832000000000007, -58.95459999999999 -2.6832000000000007))"
2024,CORTE SELETIVO,C60L63,"POLYGON ((-58.952299999999994 -2.676800000000001, -58.952299999999994 -2.676600000000001, -58.95219999999999 -2.676600000000001, -58.95219999999999 -2.676800000000001, -58.952299999999994 -2.676800000000001))"
2024,CORTE SELETIVO,C60L63,"POLYGON ((-58.95349999999999 -2.6689000000000007, -58.95349999999999 -2.668800000000001, -58.953399999999995 -2.668800000000001, -58.953399999999995 -2.6689000000000007, -58.95349999999999 -2.6689000000000007))"
2024,CORTE SELETIVO,C60L63,"POLYGON ((-58.95219999999999 -2.668400000000001, -58.95219999999999 -2.668300000000001, -58.952099999999994 -2.668300000000001, -58.952099999999994 -2.668400000000001, -58.95219999999999 -2.668400000000001))"
2024,CORTE SELETIVO,C60L63,"POLYGON ((-58.95159999999999 -2.668100000000001, -58.95159999999999 -2.668000000000001, -58.951499999999996 -2.668000000000001, -58.951499999999996 -2.668100000000001, -58.95159999999999 -2.668100000000001))"
2024,CORTE SELETIVO,C60L63,"POLYGON ((-58.95099999999999 -2.668000000000001, -58.95099999999999 -2.667900000000001, -58.95089999999999 -2.667900000000001, -58.95089999999999 -2.668000000000001, -58.95099999999999 -2.668000000000001))"
2024,CORTE SELETIVO,C60L63,"POLYGON ((-58.951499999999996 -2.667900000000001, -58.95139999999999 -2.667900000000001, -58.95139999999999 -2.668000000000001, -58.951499999999996 -2.668000000000001, -58.951499999999996 -2.667900000000001))"
2024,CORTE SELETIVO,C60L63,"POLYGON ((-58.95119999999999 -2.667600000000001, -58.95109999999999 -2.667600000000001, -58.95109999999999 -2.667700000000001, -58.95119999999999 -2.667700000000001, -58.95119999999999 -2.667600000000001))"
2024,CORTE SELETIVO,C60L63,"POLYGON ((-58.95139999999999 -2.667700000000001, -58.95139999999999 -2.667600000000001, -58.951299999999996 -2.667600000000001, -58.951299999999996 -2.667700000000001, -58.95139999999999 -2.667700000000001))"
2024,CORTE SELETIVO,C60L63,"POLYGON ((-58.938599999999994 -2.664600000000001, -58.938599999999994 -2.664400000000001, -58.93849999999999 -2.664400000000001, -58.93849999999999 -2.664600000000001, -58.938599999999994 -2.664600000000001))"
2024,CORTE SELETIVO,C60L63,"POLYGON ((-58.940599999999996 -2.662100000000001, -58.940599999999996 -2.662000000000001, -58.94049999999999 -2.662000000000001, -58.94049999999999 -2.662100000000001, -58.940599999999996 -2.662100000000001))"
2024,CORTE SELETIVO,C60L63,"POLYGON ((-58.94029999999999 -2.662100000000001, -58.94039999999999 -2.662100000000001, -58.94039999999999 -2.662000000000001, -58.94049999999999 -2.662000000000001, -58.94049999999999 -2.661900000000001, -58.94029999999999 -2.661900000000001, -58.94029999999999 -2.662100000000001))"
2024,CORTE SELETIVO,C60L63,"POLYGON ((-58.94029999999999 -2.661800000000001, -58.94019999999999 -2.661800000000001, -58.94019999999999 -2.661900000000001, -58.94029999999999 -2.661900000000001, -58.94029999999999 -2.661800000000001))"
2024,CORTE SELETIVO,C60L63,"POLYGON ((-58.952999999999996 -2.6567000000000007, -58.952999999999996 -2.6565000000000007, -58.95289999999999 -2.6565000000000007, -58.95289999999999 -2.6567000000000007, -58.952999999999996 -2.6567000000000007))"
2024,CORTE SELETIVO,C60L63,"POLYGON ((-58.93509999999999 -2.6127000000000007, -58.93509999999999 -2.612600000000001, -58.934999999999995 -2.612600000000001, -58.934999999999995 -2.6127000000000007, -58.93509999999999 -2.6127000000000007))"
2024,CORTE SELETIVO,C60L63,"POLYGON ((-58.934999999999995 -2.612600000000001, -58.934999999999995 -2.6125000000000007, -58.934799999999996 -2.6125000000000007, -58.934799999999996 -2.612600000000001, -58.934999999999995 -2.612600000000001))"
2024,CORTE SELETIVO,C60L63,"POLYGON ((-58.934599999999996 -2.612400000000001, -58.93449999999999 -2.612400000000001, -58.93449999999999 -2.6125000000000007, -58.934599999999996 -2.6125000000000007, -58.934599999999996 -2.612400000000001))"
2024,CORTE SELETIVO,C60L63,"POLYGON ((-58.93439999999999 -2.612200000000001, -58.93429999999999 -2.612200000000001, -58.93429999999999 -2.6123000000000007, -58.93439999999999 -2.6123000000000007, -58.93439999999999 -2.612200000000001))"
2024,CORTE SELETIVO,C60L63,"POLYGON ((-58.93419999999999 -2.611400000000001, -58.93419999999999 -2.611200000000001, -58.934099999999994 -2.611200000000001, -58.934099999999994 -2.611400000000001, -58.93419999999999 -2.611400000000001))"
2024,CORTE SELETIVO,C60L63,"POLYGON ((-58.955099999999995 -2.609400000000001, -58.955099999999995 -2.609300000000001, -58.95499999999999 -2.609300000000001, -58.95499999999999 -2.609400000000001, -58.955099999999995 -2.609400000000001))"
2024,CORTE SELETIVO,C60L63,"POLYGON ((-58.93939999999999 -2.607400000000001, -58.93939999999999 -2.607100000000001, -58.939299999999996 -2.607100000000001, -58.939299999999996 -2.607200000000001, -58.93919999999999 -2.607200000000001, -58.93919999999999 -2.607300000000001, -58.939099999999996 -2.607300000000001, -58.939099999999996 -2.607400000000001, -58.93939999999999 -2.607400000000001))"
2024,CORTE SELETIVO,C60L63,"POLYGON ((-58.95109999999999 -2.6062000000000007, -58.95109999999999 -2.606100000000001, -58.95099999999999 -2.606100000000001, -58.95099999999999 -2.6062000000000007, -58.95109999999999 -2.6062000000000007))"
2024,CORTE SELETIVO,C60L63,"POLYGON ((-58.940799999999996 -2.603300000000001, -58.940799999999996 -2.603200000000001, -58.94069999999999 -2.603200000000001, -58.94069999999999 -2.603300000000001, -58.940799999999996 -2.603300000000001))"
2024,CORTE SELETIVO,C60L63,"POLYGON ((-58.94109999999999 -2.603000000000001, -58.94109999999999 -2.602900000000001, -58.94089999999999 -2.602900000000001, -58.94089999999999 -2.603000000000001, -58.94109999999999 -2.603000000000001))"
2024,CORTE SELETIVO,C60L63,"POLYGON ((-58.94089999999999 -2.602900000000001, -58.94089999999999 -2.602800000000001, -58.940799999999996 -2.602800000000001, -58.940799999999996 -2.602900000000001, -58.94089999999999 -2.602900000000001))"
2024,CORTE SELETIVO,C60L63,"POLYGON ((-58.940999999999995 -2.6026000000000007, -58.94089999999999 -2.6026000000000007, -58.94089999999999 -2.602800000000001, -58.940999999999995 -2.602800000000001, -58.940999999999995 -2.6026000000000007))"
2024,CORTE SELETIVO,C60L63,"POLYGON ((-58.944799999999994 -2.597200000000001, -58.94469999999999 -2.597200000000001, -58.94469999999999 -2.597300000000001, -58.944799999999994 -2.597300000000001, -58.944799999999994 -2.597200000000001))"
2024,CORTE SELETIVO,C60L63,"POLYGON ((-58.95159999999999 -2.597300000000001, -58.95159999999999 -2.597200000000001, -58.951499999999996 -2.597200000000001, -58.951499999999996 -2.597300000000001, -58.95159999999999 -2.597300000000001))"
2024,CORTE SELETIVO,C60L63,"POLYGON ((-58.94429999999999 -2.593900000000001, -58.94429999999999 -2.5938000000000008, -58.944199999999995 -2.5938000000000008, -58.944199999999995 -2.593900000000001, -58.94429999999999 -2.593900000000001))"
2024,CORTE SELETIVO,C60L63,"POLYGON ((-58.95089999999999 -2.593700000000001, -58.95089999999999 -2.593600000000001, -58.950799999999994 -2.593600000000001, -58.950799999999994 -2.593700000000001, -58.95089999999999 -2.593700000000001))"
2024,CORTE SELETIVO,C60L63,"POLYGON ((-58.924899999999994 -2.593300000000001, -58.924699999999994 -2.593300000000001, -58.924699999999994 -2.593400000000001, -58.924899999999994 -2.593400000000001, -58.924899999999994 -2.593300000000001))"
2024,CORTE SELETIVO,C60L63,"POLYGON ((-58.94349999999999 -2.591300000000001, -58.943299999999994 -2.591300000000001, -58.943299999999994 -2.591400000000001, -58.94339999999999 -2.591400000000001, -58.94339999999999 -2.591500000000001, -58.94359999999999 -2.591500000000001, -58.94359999999999 -2.591400000000001, -58.94349999999999 -2.591400000000001, -58.94349999999999 -2.591300000000001))"
2024,CORTE SELETIVO,C60L63,"POLYGON ((-58.94369999999999 -2.591400000000001, -58.94369999999999 -2.591300000000001, -58.94359999999999 -2.591300000000001, -58.94359999999999 -2.591400000000001, -58.94369999999999 -2.591400000000001))"
2024,CORTE SELETIVO,C60L63,"POLYGON ((-58.94189999999999 -2.588700000000001, -58.94189999999999 -2.588600000000001, -58.94179999999999 -2.588600000000001, -58.94179999999999 -2.588700000000001, -58.94189999999999 -2.588700000000001))"
2024,CORTE SELETIVO,C60L63,"POLYGON ((-58.942099999999996 -2.588400000000001, -58.942099999999996 -2.5883000000000007, -58.94199999999999 -2.5883000000000007, -58.94199999999999 -2.588400000000001, -58.942099999999996 -2.588400000000001))"
2024,CORTE SELETIVO,C60L63,"POLYGON ((-58.94809999999999 -2.588000000000001, -58.94799999999999 -2.588000000000001, -58.94799999999999 -2.5881000000000007, -58.94809999999999 -2.5881000000000007, -58.94809999999999 -2.588000000000001))"
2024,CORTE SELETIVO,C60L63,"POLYGON ((-58.947599999999994 -2.5845000000000007, -58.94749999999999 -2.5845000000000007, -58.94749999999999 -2.584600000000001, -58.947599999999994 -2.584600000000001, -58.947599999999994 -2.5845000000000007))"
2024,CORTE SELETIVO,C60L63,"POLYGON ((-58.93169999999999 -2.500600000000001, -58.93169999999999 -2.500500000000001, -58.931599999999996 -2.500500000000001, -58.931599999999996 -2.500600000000001, -58.93169999999999 -2.500600000000001))"
2024,CORTE SELETIVO,C60L63,"POLYGON ((-58.91289999999999 -2.748500000000001, -58.91289999999999 -2.748400000000001, -58.91279999999999 -2.748400000000001, -58.91279999999999 -2.748500000000001, -58.91289999999999 -2.748500000000001))"
2024,CORTE SELETIVO,C60L63,"POLYGON ((-58.92289999999999 -2.697800000000001, -58.92289999999999 -2.697700000000001, -58.922799999999995 -2.697700000000001, -58.922799999999995 -2.697800000000001, -58.92289999999999 -2.697800000000001))"
2024,CORTE SELETIVO,C60L63,"POLYGON ((-58.87349999999999 -2.668600000000001, -58.87349999999999 -2.6685000000000008, -58.87339999999999 -2.6685000000000008, -58.87339999999999 -2.668600000000001, -58.87349999999999 -2.668600000000001))"
2024,CORTE SELETIVO,C60L63,"POLYGON ((-58.902499999999996 -2.657600000000001, -58.902499999999996 -2.657500000000001, -58.90239999999999 -2.657500000000001, -58.90239999999999 -2.657600000000001, -58.902499999999996 -2.657600000000001))"
2024,CORTE SELETIVO,C60L63,"POLYGON ((-58.89099999999999 -2.628400000000001, -58.89099999999999 -2.6283000000000007, -58.890899999999995 -2.6283000000000007, -58.890899999999995 -2.628400000000001, -58.89099999999999 -2.628400000000001))"
2024,CORTE SELETIVO,C60L63,"POLYGON ((-58.846799999999995 -2.6281000000000008, -58.846799999999995 -2.628000000000001, -58.84669999999999 -2.628000000000001, -58.84669999999999 -2.6281000000000008, -58.846799999999995 -2.6281000000000008))"
2024,CORTE SELETIVO,C60L63,"POLYGON ((-58.92419999999999 -2.607700000000001, -58.924099999999996 -2.607700000000001, -58.924099999999996 -2.607800000000001, -58.92419999999999 -2.607800000000001, -58.92419999999999 -2.607700000000001))"
2024,CORTE SELETIVO,C60L63,"POLYGON ((-58.85289999999999 -2.601100000000001, -58.852799999999995 -2.601100000000001, -58.852799999999995 -2.601200000000001, -58.85289999999999 -2.601200000000001, -58.85289999999999 -2.601100000000001))"
2024,CORTE SELETIVO,C60L63,"POLYGON ((-58.92219999999999 -2.596900000000001, -58.92219999999999 -2.596800000000001, -58.92209999999999 -2.596800000000001, -58.92209999999999 -2.596900000000001, -58.92219999999999 -2.596900000000001))"
2024,CORTE SELETIVO,C60L63,"POLYGON ((-58.92419999999999 -2.592600000000001, -58.92419999999999 -2.5925000000000007, -58.924099999999996 -2.5925000000000007, -58.924099999999996 -2.592600000000001, -58.92419999999999 -2.592600000000001))"
2024,CORTE SELETIVO,C60L63,"POLYGON ((-58.820299999999996 -2.5858000000000008, -58.820299999999996 -2.585600000000001, -58.82019999999999 -2.585600000000001, -58.82019999999999 -2.5858000000000008, -58.820299999999996 -2.5858000000000008))"
2024,CORTE SELETIVO,C60L63,"POLYGON ((-58.817099999999996 -2.583600000000001, -58.817099999999996 -2.583500000000001, -58.81699999999999 -2.583500000000001, -58.81699999999999 -2.583600000000001, -58.817099999999996 -2.583600000000001))"
2024,CORTE SELETIVO,C60L63,"POLYGON ((-58.82229999999999 -2.5723000000000007, -58.82229999999999 -2.572200000000001, -58.822199999999995 -2.572200000000001, -58.822199999999995 -2.5723000000000007, -58.82229999999999 -2.5723000000000007))"
2024,CORTE SELETIVO,C60L63,"POLYGON ((-58.84459999999999 -2.569700000000001, -58.84459999999999 -2.5696000000000008, -58.84449999999999 -2.5696000000000008, -58.84449999999999 -2.569700000000001, -58.84459999999999 -2.569700000000001))"
2024,CORTE SELETIVO,C60L63,"POLYGON ((-58.84049999999999 -2.5660000000000007, -58.84049999999999 -2.5658000000000007, -58.840399999999995 -2.5658000000000007, -58.840399999999995 -2.5660000000000007, -58.84049999999999 -2.5660000000000007))"
2024,CORTE SELETIVO,C60L63,"POLYGON ((-58.83259999999999 -2.5639000000000007, -58.832499999999996 -2.5639000000000007, -58.832499999999996 -2.5641000000000007, -58.83259999999999 -2.5641000000000007, -58.83259999999999 -2.5639000000000007))"
2024,CORTE SELETIVO,C60L63,"POLYGON ((-58.83769999999999 -2.551400000000001, -58.837599999999995 -2.551400000000001, -58.837599999999995 -2.5515000000000008, -58.83769999999999 -2.5515000000000008, -58.83769999999999 -2.551400000000001))"
2024,CORTE SELETIVO,C60L63,"POLYGON ((-58.837799999999994 -2.551400000000001, -58.837799999999994 -2.551300000000001, -58.83769999999999 -2.551300000000001, -58.83769999999999 -2.551400000000001, -58.837799999999994 -2.551400000000001))"
2024,CORTE SELETIVO,C60L63,"POLYGON ((-58.845499999999994 -2.5500000000000007, -58.845499999999994 -2.5498000000000007, -58.845299999999995 -2.5498000000000007, -58.845299999999995 -2.5500000000000007, -58.845499999999994 -2.5500000000000007))"
2024,CORTE SELETIVO,C60L63,"POLYGON ((-58.825799999999994 -2.548800000000001, -58.825799999999994 -2.548700000000001, -58.82569999999999 -2.548700000000001, -58.82569999999999 -2.548800000000001, -58.825799999999994 -2.548800000000001))"
2024,CORTE SELETIVO,C60L63,"POLYGON ((-58.836099999999995 -2.548000000000001, -58.836099999999995 -2.547800000000001, -58.83599999999999 -2.547800000000001, -58.83599999999999 -2.548000000000001, -58.836099999999995 -2.548000000000001))"
2024,CORTE SELETIVO,C60L63,"POLYGON ((-58.83619999999999 -2.5477000000000007, -58.83619999999999 -2.547600000000001, -58.836099999999995 -2.547600000000001, -58.836099999999995 -2.5477000000000007, -58.83619999999999 -2.5477000000000007))"
2024,CORTE SELETIVO,C60L63,"POLYGON ((-58.86699999999999 -2.540800000000001, -58.86699999999999 -2.540700000000001, -58.866899999999994 -2.540700000000001, -58.866899999999994 -2.540800000000001, -58.86699999999999 -2.540800000000001))"
2024,CORTE SELETIVO,C60L63,"POLYGON ((-58.858999999999995 -2.538300000000001, -58.858999999999995 -2.5382000000000007, -58.85889999999999 -2.5382000000000007, -58.85889999999999 -2.538300000000001, -58.858999999999995 -2.538300000000001))"
2024,CORTE SELETIVO,C60L63,"POLYGON ((-58.827799999999996 -2.5378000000000007, -58.82769999999999 -2.5378000000000007, -58.82769999999999 -2.537900000000001, -58.827799999999996 -2.537900000000001, -58.827799999999996 -2.5378000000000007))"
2024,CORTE SELETIVO,C60L63,"POLYGON ((-58.87539999999999 -2.534700000000001, -58.875299999999996 -2.534700000000001, -58.875299999999996 -2.534800000000001, -58.87539999999999 -2.534800000000001, -58.87539999999999 -2.534700000000001))"
2024,CORTE SELETIVO,C60L63,"POLYGON ((-58.85269999999999 -2.534600000000001, -58.85269999999999 -2.534500000000001, -58.852199999999996 -2.534500000000001, -58.852199999999996 -2.534600000000001, -58.85269999999999 -2.534600000000001))"
2024,CORTE SELETIVO,C60L63,"POLYGON ((-58.817099999999996 -2.534400000000001, -58.817099999999996 -2.534300000000001, -58.81699999999999 -2.534300000000001, -58.81699999999999 -2.534400000000001, -58.817099999999996 -2.534400000000001))"
2024,CORTE SELETIVO,C60L63,"POLYGON ((-58.81289999999999 -2.531200000000001, -58.81289999999999 -2.531100000000001, -58.812799999999996 -2.531100000000001, -58.812799999999996 -2.531200000000001, -58.81289999999999 -2.531200000000001))"
2024,CORTE SELETIVO,C60L63,"POLYGON ((-58.872099999999996 -2.530800000000001, -58.87199999999999 -2.530800000000001, -58.87199999999999 -2.530900000000001, -58.872099999999996 -2.530900000000001, -58.872099999999996 -2.530800000000001))"
2024,CORTE SELETIVO,C60L63,"POLYGON ((-58.87639999999999 -2.524300000000001, -58.87629999999999 -2.524300000000001, -58.87629999999999 -2.524400000000001, -58.87639999999999 -2.524400000000001, -58.87639999999999 -2.524300000000001))"
2024,CORTE SELETIVO,C60L63,"POLYGON ((-58.87469999999999 -2.522400000000001, -58.87469999999999 -2.522300000000001, -58.874599999999994 -2.522300000000001, -58.874599999999994 -2.522400000000001, -58.87469999999999 -2.522400000000001))"
2024,CORTE SELETIVO,C60L63,"POLYGON ((-58.82829999999999 -2.520600000000001, -58.82829999999999 -2.520500000000001, -58.828199999999995 -2.520500000000001, -58.828199999999995 -2.520600000000001, -58.82829999999999 -2.520600000000001))"
2024,CORTE SELETIVO,C60L63,"POLYGON ((-58.883399999999995 -2.514100000000001, -58.883399999999995 -2.5140000000000007, -58.88329999999999 -2.5140000000000007, -58.88329999999999 -2.514100000000001, -58.883399999999995 -2.514100000000001))"
2024,CORTE SELETIVO,C60L63,"POLYGON ((-58.84239999999999 -2.5113000000000008, -58.842299999999994 -2.5113000000000008, -58.842299999999994 -2.511400000000001, -58.84239999999999 -2.511400000000001, -58.84239999999999 -2.5113000000000008))"
2024,CORTE SELETIVO,C60L63,"POLYGON ((-58.85979999999999 -2.5100000000000007, -58.85999999999999 -2.5100000000000007, -58.85999999999999 -2.509900000000001, -58.859899999999996 -2.509900000000001, -58.859899999999996 -2.5098000000000007, -58.85979999999999 -2.5098000000000007, -58.85979999999999 -2.5100000000000007))"
2024,CORTE SELETIVO,C60L63,"POLYGON ((-58.81929999999999 -2.506800000000001, -58.81929999999999 -2.506700000000001, -58.819199999999995 -2.506700000000001, -58.819199999999995 -2.506800000000001, -58.81929999999999 -2.506800000000001))"
2024,CORTE SELETIVO,C60L63,"POLYGON ((-58.86469999999999 -2.504200000000001, -58.86469999999999 -2.504400000000001, -58.864799999999995 -2.504400000000001, -58.864799999999995 -2.504300000000001, -58.86489999999999 -2.504300000000001, -58.86489999999999 -2.504200000000001, -58.86469999999999 -2.504200000000001))"
2024,CORTE SELETIVO,C60L63,"POLYGON ((-58.770999999999994 -2.688300000000001, -58.770999999999994 -2.688200000000001, -58.77089999999999 -2.688200000000001, -58.77089999999999 -2.688300000000001, -58.770999999999994 -2.688300000000001))"
2024,CORTE SELETIVO,C60L63,"POLYGON ((-58.770399999999995 -2.687700000000001, -58.770399999999995 -2.687600000000001, -58.770199999999996 -2.687600000000001, -58.770199999999996 -2.687700000000001, -58.770399999999995 -2.687700000000001))"
2024,CORTE SELETIVO,C60L63,"POLYGON ((-58.76859999999999 -2.680600000000001, -58.76859999999999 -2.6805000000000008, -58.768499999999996 -2.6805000000000008, -58.768499999999996 -2.680600000000001, -58.76859999999999 -2.680600000000001))"
2024,CORTE SELETIVO,C60L63,"POLYGON ((-58.79959999999999 -2.597900000000001, -58.79959999999999 -2.5978000000000008, -58.79939999999999 -2.5978000000000008, -58.79939999999999 -2.597900000000001, -58.79959999999999 -2.597900000000001))"
2024,CORTE SELETIVO,C60L63,"POLYGON ((-58.80279999999999 -2.597700000000001, -58.80279999999999 -2.597500000000001, -58.802699999999994 -2.597500000000001, -58.802699999999994 -2.597700000000001, -58.80279999999999 -2.597700000000001))"
2024,CORTE SELETIVO,C60L63,"POLYGON ((-58.805899999999994 -2.596000000000001, -58.80599999999999 -2.596000000000001, -58.80599999999999 -2.5959000000000008, -58.806099999999994 -2.5959000000000008, -58.806099999999994 -2.595800000000001, -58.805899999999994 -2.595800000000001, -58.805899999999994 -2.596000000000001))"
2024,CORTE SELETIVO,C60L63,"POLYGON ((-58.80839999999999 -2.5940000000000007, -58.808299999999996 -2.5940000000000007, -58.808299999999996 -2.594100000000001, -58.80839999999999 -2.594100000000001, -58.80839999999999 -2.5940000000000007))"
2024,CORTE SELETIVO,C60L63,"POLYGON ((-58.80839999999999 -2.5938000000000008, -58.80839999999999 -2.593700000000001, -58.808299999999996 -2.593700000000001, -58.808299999999996 -2.5938000000000008, -58.80839999999999 -2.5938000000000008))"
2024,CORTE SELETIVO,C60L63,"POLYGON ((-58.81249999999999 -2.588900000000001, -58.81249999999999 -2.588800000000001, -58.81239999999999 -2.588800000000001, -58.81239999999999 -2.588900000000001, -58.81249999999999 -2.588900000000001))"
2024,CORTE SELETIVO,C60L63,"POLYGON ((-58.812599999999996 -2.588700000000001, -58.812599999999996 -2.588400000000001, -58.81249999999999 -2.588400000000001, -58.81249999999999 -2.588700000000001, -58.812599999999996 -2.588700000000001))"
2024,CORTE SELETIVO,C60L63,"POLYGON ((-58.787699999999994 -2.586900000000001, -58.78759999999999 -2.586900000000001, -58.78759999999999 -2.587100000000001, -58.787699999999994 -2.587100000000001, -58.787699999999994 -2.586900000000001))"
2024,CORTE SELETIVO,C60L63,"POLYGON ((-58.79019999999999 -2.5803000000000007, -58.790099999999995 -2.5803000000000007, -58.790099999999995 -2.580600000000001, -58.79019999999999 -2.580600000000001, -58.79019999999999 -2.5803000000000007))"
2024,CORTE SELETIVO,C60L63,"POLYGON ((-58.79019999999999 -2.580200000000001, -58.79019999999999 -2.5801000000000007, -58.790099999999995 -2.5801000000000007, -58.790099999999995 -2.580200000000001, -58.79019999999999 -2.580200000000001))"
2024,CORTE SELETIVO,C60L63,"POLYGON ((-58.790099999999995 -2.5801000000000007, -58.790099999999995 -2.580000000000001, -58.78999999999999 -2.580000000000001, -58.78999999999999 -2.5801000000000007, -58.790099999999995 -2.5801000000000007))"
2024,CORTE SELETIVO,C60L63,"POLYGON ((-58.79959999999999 -2.556700000000001, -58.79959999999999 -2.556500000000001, -58.799499999999995 -2.556500000000001, -58.799499999999995 -2.556700000000001, -58.79959999999999 -2.556700000000001))"
2024,CORTE SELETIVO,C60L63,"POLYGON ((-58.799499999999995 -2.556200000000001, -58.79939999999999 -2.556200000000001, -58.79939999999999 -2.5563000000000007, -58.799499999999995 -2.5563000000000007, -58.799499999999995 -2.556200000000001))"
2024,CORTE SELETIVO,C60L63,"POLYGON ((-58.807399999999994 -2.551300000000001, -58.80729999999999 -2.551300000000001, -58.80729999999999 -2.551400000000001, -58.807399999999994 -2.551400000000001, -58.807399999999994 -2.551300000000001))"
2024,CORTE SELETIVO,C60L63,"POLYGON ((-58.80789999999999 -2.547300000000001, -58.80789999999999 -2.547200000000001, -58.80779999999999 -2.547200000000001, -58.80779999999999 -2.547300000000001, -58.80789999999999 -2.547300000000001))"
2024,CORTE SELETIVO,C60L63,"POLYGON ((-58.81249999999999 -2.544000000000001, -58.81249999999999 -2.5439000000000007, -58.81239999999999 -2.5439000000000007, -58.81239999999999 -2.544000000000001, -58.81249999999999 -2.544000000000001))"
2024,CORTE SELETIVO,C60L63,"POLYGON ((-58.81079999999999 -2.532400000000001, -58.81079999999999 -2.532200000000001, -58.81069999999999 -2.532200000000001, -58.81069999999999 -2.532500000000001, -58.81079999999999 -2.532500000000001, -58.81079999999999 -2.532600000000001, -58.81099999999999 -2.532600000000001, -58.81099999999999 -2.532400000000001, -58.81079999999999 -2.532400000000001))"
2024,CORTE SELETIVO,C60L63,"POLYGON ((-58.811099999999996 -2.532400000000001, -58.811099999999996 -2.532300000000001, -58.81099999999999 -2.532300000000001, -58.81099999999999 -2.532400000000001, -58.811099999999996 -2.532400000000001))"
2024,CORTE SELETIVO,C60L63,"POLYGON ((-58.78999999999999 -2.5321000000000007, -58.78999999999999 -2.532000000000001, -58.789899999999996 -2.532000000000001, -58.789899999999996 -2.5321000000000007, -58.78999999999999 -2.5321000000000007))"
2024,CORTE SELETIVO,C60L63,"POLYGON ((-58.79039999999999 -2.5321000000000007, -58.79039999999999 -2.531800000000001, -58.790299999999995 -2.531800000000001, -58.790299999999995 -2.5321000000000007, -58.79039999999999 -2.5321000000000007))"
2024,CORTE SELETIVO,C60L63,"POLYGON ((-58.790099999999995 -2.532000000000001, -58.790099999999995 -2.5319000000000007, -58.78999999999999 -2.5319000000000007, -58.78999999999999 -2.532000000000001, -58.790099999999995 -2.532000000000001))"
2024,CORTE SELETIVO,C60L63,"POLYGON ((-58.79019999999999 -2.531800000000001, -58.790099999999995 -2.531800000000001, -58.790099999999995 -2.5319000000000007, -58.79019999999999 -2.5319000000000007, -58.79019999999999 -2.531800000000001))"
2024,CORTE SELETIVO,C60L63,"POLYGON ((-58.79999999999999 -2.530900000000001, -58.799899999999994 -2.530900000000001, -58.799899999999994 -2.531000000000001, -58.79999999999999 -2.531000000000001, -58.79999999999999 -2.530900000000001))"
2024,CORTE SELETIVO,C60L63,"POLYGON ((-58.756299999999996 -2.525000000000001, -58.756299999999996 -2.524800000000001, -58.75619999999999 -2.524800000000001, -58.75619999999999 -2.525000000000001, -58.756299999999996 -2.525000000000001))"
2024,CORTE SELETIVO,C60L63,"POLYGON ((-58.791999999999994 -2.523600000000001, -58.791999999999994 -2.5235000000000007, -58.79189999999999 -2.5235000000000007, -58.79189999999999 -2.523600000000001, -58.791999999999994 -2.523600000000001))"
2024,CORTE SELETIVO,C60L63,"POLYGON ((-58.77409999999999 -2.523200000000001, -58.77409999999999 -2.523100000000001, -58.773999999999994 -2.523100000000001, -58.773999999999994 -2.523200000000001, -58.77409999999999 -2.523200000000001))"
2024,CORTE SELETIVO,C60L63,"POLYGON ((-58.755399999999995 -2.522600000000001, -58.75569999999999 -2.522600000000001, -58.75569999999999 -2.522500000000001, -58.75549999999999 -2.522500000000001, -58.75549999999999 -2.522400000000001, -58.755399999999995 -2.522400000000001, -58.755399999999995 -2.522600000000001))"
2024,CORTE SELETIVO,C60L63,"POLYGON ((-58.78419999999999 -2.5096000000000007, -58.784499999999994 -2.5096000000000007, -58.784499999999994 -2.509500000000001, -58.78439999999999 -2.509500000000001, -58.78439999999999 -2.5094000000000007, -58.78419999999999 -2.5094000000000007, -58.78419999999999 -2.5096000000000007))"
2024,CORTE SELETIVO,C60L63,"POLYGON ((-58.78609999999999 -2.5092000000000008, -58.78609999999999 -2.509100000000001, -58.78589999999999 -2.509100000000001, -58.78589999999999 -2.5092000000000008, -58.78609999999999 -2.5092000000000008))"
2024,CORTE SELETIVO,C60L63,"POLYGON ((-58.780899999999995 -2.508900000000001, -58.780899999999995 -2.508800000000001, -58.78079999999999 -2.508800000000001, -58.78079999999999 -2.508900000000001, -58.780899999999995 -2.508900000000001))"
2024,CORTE SELETIVO,C60L63,"POLYGON ((-58.76809999999999 -2.501900000000001, -58.76809999999999 -2.501700000000001, -58.767999999999994 -2.501700000000001, -58.767999999999994 -2.5018000000000007, -58.76789999999999 -2.5018000000000007, -58.76789999999999 -2.5020000000000007, -58.767999999999994 -2.5020000000000007, -58.767999999999994 -2.501900000000001, -58.76809999999999 -2.501900000000001))"
2024,CORTE SELETIVO,C60L63,"POLYGON ((-58.785999999999994 -2.501300000000001, -58.78589999999999 -2.501300000000001, -58.78589999999999 -2.5014000000000007, -58.785999999999994 -2.5014000000000007, -58.785999999999994 -2.501300000000001))"
2024,CORTE SELETIVO,C60L63,"POLYGON ((-58.774499999999996 -2.500800000000001, -58.77439999999999 -2.500800000000001, -58.77439999999999 -2.500900000000001, -58.774499999999996 -2.500900000000001, -58.774499999999996 -2.500800000000001))"
2024,CORTE SELETIVO,C60L63,"POLYGON ((-58.96439999999999 -2.663100000000001, -58.964499999999994 -2.663100000000001, -58.964499999999994 -2.6630000000000007, -58.96439999999999 -2.6630000000000007, -58.96439999999999 -2.663100000000001))"
2024,CORTE SELETIVO,C60L63,"POLYGON ((-58.955099999999995 -2.6100000000000008, -58.95519999999999 -2.6100000000000008, -58.95519999999999 -2.609900000000001, -58.955099999999995 -2.609900000000001, -58.955099999999995 -2.6100000000000008))"
2024,CORTE SELETIVO,C60L63,"POLYGON ((-58.85589999999999 -2.589600000000001, -58.855999999999995 -2.589600000000001, -58.855999999999995 -2.589500000000001, -58.85589999999999 -2.589500000000001, -58.85589999999999 -2.589600000000001))"
2024,CORTE SELETIVO,C60L63,"POLYGON ((-58.822399999999995 -2.5723000000000007, -58.822399999999995 -2.572200000000001, -58.82229999999999 -2.572200000000001, -58.82229999999999 -2.5723000000000007, -58.822399999999995 -2.5723000000000007))"
2024,CORTE SELETIVO,C60L63,"POLYGON ((-58.905899999999995 -2.530900000000001, -58.905899999999995 -2.530800000000001, -58.90579999999999 -2.530800000000001, -58.90579999999999 -2.530900000000001, -58.905899999999995 -2.530900000000001))"
2024,CORTE SELETIVO,C60L63,"POLYGON ((-58.96329999999999 -2.6868000000000007, -58.96329999999999 -2.686700000000001, -58.96319999999999 -2.686700000000001, -58.96319999999999 -2.6868000000000007, -58.96329999999999 -2.6868000000000007))"
2024,CORTE SELETIVO,C60L63,"POLYGON ((-58.979299999999995 -2.660000000000001, -58.97919999999999 -2.660000000000001, -58.97919999999999 -2.660100000000001, -58.979299999999995 -2.660100000000001, -58.979299999999995 -2.660000000000001))"
2024,CORTE SELETIVO,C60L63,"POLYGON ((-58.97699999999999 -2.605500000000001, -58.97689999999999 -2.605500000000001, -58.97689999999999 -2.605600000000001, -58.97699999999999 -2.605600000000001, -58.97699999999999 -2.605500000000001))"
2024,CORTE SELETIVO,C60L63,"POLYGON ((-58.957699999999996 -2.590900000000001, -58.95759999999999 -2.590900000000001, -58.95759999999999 -2.591000000000001, -58.957699999999996 -2.591000000000001, -58.957699999999996 -2.590900000000001))"
2024,CORTE SELETIVO,C60L63,"POLYGON ((-58.95759999999999 -2.590800000000001, -58.957499999999996 -2.590800000000001, -58.957499999999996 -2.590900000000001, -58.95759999999999 -2.590900000000001, -58.95759999999999 -2.590800000000001))"
2024,CORTE SELETIVO,C60L63,"POLYGON ((-58.95799999999999 -2.590700000000001, -58.957899999999995 -2.590700000000001, -58.957899999999995 -2.590900000000001, -58.95799999999999 -2.590900000000001, -58.95799999999999 -2.590700000000001))"
2024,CORTE SELETIVO,C60L63,"POLYGON ((-58.958299999999994 -2.590700000000001, -58.95819999999999 -2.590700000000001, -58.95819999999999 -2.590800000000001, -58.958299999999994 -2.590800000000001, -58.958299999999994 -2.590700000000001))"
2024,CORTE SELETIVO,C60L63,"POLYGON ((-58.957699999999996 -2.590700000000001, -58.95759999999999 -2.590700000000001, -58.95759999999999 -2.590800000000001, -58.957699999999996 -2.590800000000001, -58.957699999999996 -2.590700000000001))"
2024,CORTE SELETIVO,C60L63,"POLYGON ((-58.80689999999999 -2.595300000000001, -58.806799999999996 -2.595300000000001, -58.806799999999996 -2.595400000000001, -58.80689999999999 -2.595400000000001, -58.80689999999999 -2.595300000000001))"
2024,CORTE SELETIVO,C60L63,"POLYGON ((-58.94409999999999 -2.5940000000000007, -58.943999999999996 -2.5940000000000007, -58.943999999999996 -2.594100000000001, -58.94409999999999 -2.594100000000001, -58.94409999999999 -2.5940000000000007))"
2024,CORTE SELETIVO,C60L63,"POLYGON ((-58.94409999999999 -2.592200000000001, -58.943999999999996 -2.592200000000001, -58.943999999999996 -2.5923000000000007, -58.94409999999999 -2.5923000000000007, -58.94409999999999 -2.592200000000001))"
2024,CORTE SELETIVO,C60L63,"POLYGON ((-58.91929999999999 -2.592000000000001, -58.91919999999999 -2.592000000000001, -58.91919999999999 -2.5921000000000007, -58.91929999999999 -2.5921000000000007, -58.91929999999999 -2.592000000000001))"
2024,CORTE SELETIVO,C60L63,"POLYGON ((-58.855599999999995 -2.589700000000001, -58.85549999999999 -2.589700000000001, -58.85549999999999 -2.5898000000000008, -58.855599999999995 -2.5898000000000008, -58.855599999999995 -2.589700000000001))"
2024,CORTE SELETIVO,C60L63,"POLYGON ((-58.913599999999995 -2.588400000000001, -58.91329999999999 -2.588400000000001, -58.91329999999999 -2.5885000000000007, -58.913599999999995 -2.5885000000000007, -58.913599999999995 -2.588400000000001))"
2024,CORTE SELETIVO,C60L63,"POLYGON ((-58.905699999999996 -2.531000000000001, -58.90559999999999 -2.531000000000001, -58.90559999999999 -2.531100000000001, -58.905699999999996 -2.531100000000001, -58.905699999999996 -2.531000000000001))"
2024,CORTE SELETIVO,C60L63,"POLYGON ((-58.943999999999996 -2.5940000000000007, -58.94389999999999 -2.5940000000000007, -58.94389999999999 -2.594100000000001, -58.943999999999996 -2.594100000000001, -58.943999999999996 -2.5940000000000007))"
2024,CORTE SELETIVO,C60L63,"POLYGON ((-58.96159999999999 -2.534900000000001, -58.96159999999999 -2.535000000000001, -58.96169999999999 -2.535000000000001, -58.96169999999999 -2.534900000000001, -58.96159999999999 -2.534900000000001))"
2024,CORTE SELETIVO,C60L63,"POLYGON ((-58.905699999999996 -2.530900000000001, -58.905699999999996 -2.531000000000001, -58.90579999999999 -2.531000000000001, -58.90579999999999 -2.530900000000001, -58.905699999999996 -2.530900000000001))"
2024,CORTE SELETIVO,C60L63,"POLYGON ((-58.819199999999995 -2.5054000000000007, -58.81909999999999 -2.5054000000000007, -58.81909999999999 -2.505500000000001, -58.819199999999995 -2.505500000000001, -58.819199999999995 -2.5054000000000007))"
2024,CORTE SELETIVO,C60L63,"POLYGON ((-58.961099999999995 -2.682900000000001, -58.96119999999999 -2.682900000000001, -58.96119999999999 -2.6828000000000007, -58.961099999999995 -2.6828000000000007, -58.961099999999995 -2.682900000000001))"
2024,CORTE SELETIVO,C60L63,"POLYGON ((-58.95439999999999 -2.679100000000001, -58.95439999999999 -2.6790000000000007, -58.954299999999996 -2.6790000000000007, -58.954299999999996 -2.679100000000001, -58.95439999999999 -2.679100000000001))"
2024,CORTE SELETIVO,C60L63,"POLYGON ((-58.97939999999999 -2.6603000000000008, -58.97939999999999 -2.660200000000001, -58.979299999999995 -2.660200000000001, -58.979299999999995 -2.6603000000000008, -58.97939999999999 -2.6603000000000008))"
2024,CORTE SELETIVO,C60L63,"POLYGON ((-58.96829999999999 -2.6529000000000007, -58.968399999999995 -2.6529000000000007, -58.968399999999995 -2.652800000000001, -58.96829999999999 -2.652800000000001, -58.96829999999999 -2.6529000000000007))"
2024,CORTE SELETIVO,C60L63,"POLYGON ((-58.968199999999996 -2.609900000000001, -58.968199999999996 -2.609800000000001, -58.96809999999999 -2.609800000000001, -58.96809999999999 -2.609900000000001, -58.968199999999996 -2.609900000000001))"
2024,CORTE SELETIVO,C60L63,"POLYGON ((-58.97109999999999 -2.607100000000001, -58.97109999999999 -2.607000000000001, -58.97099999999999 -2.607000000000001, -58.97099999999999 -2.607100000000001, -58.97109999999999 -2.607100000000001))"
2024,CORTE SELETIVO,C60L63,"POLYGON ((-58.977799999999995 -2.605900000000001, -58.97789999999999 -2.605900000000001, -58.97789999999999 -2.605800000000001, -58.977799999999995 -2.605800000000001, -58.977799999999995 -2.605900000000001))"
2024,CORTE SELETIVO,C60L63,"POLYGON ((-58.97769999999999 -2.605800000000001, -58.97769999999999 -2.605700000000001, -58.977599999999995 -2.605700000000001, -58.977599999999995 -2.605800000000001, -58.97769999999999 -2.605800000000001))"
2024,CORTE SELETIVO,C60L63,"POLYGON ((-58.977999999999994 -2.605600000000001, -58.977999999999994 -2.605500000000001, -58.97789999999999 -2.605500000000001, -58.97789999999999 -2.605600000000001, -58.977999999999994 -2.605600000000001))"
2024,CORTE SELETIVO,C60L63,"POLYGON ((-58.968199999999996 -2.605300000000001, -58.968199999999996 -2.605200000000001, -58.967999999999996 -2.605200000000001, -58.967999999999996 -2.605300000000001, -58.968199999999996 -2.605300000000001))"
2024,CORTE SELETIVO,C60L63,"POLYGON ((-58.95589999999999 -2.604200000000001, -58.95589999999999 -2.6041000000000007, -58.955799999999996 -2.6041000000000007, -58.955799999999996 -2.604200000000001, -58.95589999999999 -2.604200000000001))"
2024,CORTE SELETIVO,C60L63,"POLYGON ((-58.971999999999994 -2.601100000000001, -58.971999999999994 -2.601000000000001, -58.97189999999999 -2.601000000000001, -58.97189999999999 -2.601100000000001, -58.971999999999994 -2.601100000000001))"
2024,CORTE SELETIVO,C60L63,"POLYGON ((-58.96999999999999 -2.5978000000000008, -58.96999999999999 -2.597700000000001, -58.969899999999996 -2.597700000000001, -58.969899999999996 -2.5978000000000008, -58.96999999999999 -2.5978000000000008))"
2024,CORTE SELETIVO,C60L63,"POLYGON ((-58.956999999999994 -2.5978000000000008, -58.95709999999999 -2.5978000000000008, -58.95709999999999 -2.597700000000001, -58.956999999999994 -2.597700000000001, -58.956999999999994 -2.5978000000000008))"
2024,CORTE SELETIVO,C60L63,"POLYGON ((-58.968399999999995 -2.594800000000001, -58.968399999999995 -2.594700000000001, -58.96829999999999 -2.594700000000001, -58.96829999999999 -2.594800000000001, -58.968399999999995 -2.594800000000001))"
2024,CORTE SELETIVO,C60L63,"POLYGON ((-58.955299999999994 -2.5942000000000007, -58.955299999999994 -2.594100000000001, -58.95519999999999 -2.594100000000001, -58.95519999999999 -2.5942000000000007, -58.955299999999994 -2.5942000000000007))"
2024,CORTE SELETIVO,C60L63,"POLYGON ((-58.957499999999996 -2.591100000000001, -58.95759999999999 -2.591100000000001, -58.95759999999999 -2.591000000000001, -58.957499999999996 -2.591000000000001, -58.957499999999996 -2.591100000000001))"
2024,CORTE SELETIVO,C60L63,"POLYGON ((-58.958099999999995 -2.591100000000001, -58.958099999999995 -2.591000000000001, -58.95799999999999 -2.591000000000001, -58.95799999999999 -2.591100000000001, -58.958099999999995 -2.591100000000001))"
2024,CORTE SELETIVO,C60L63,"POLYGON ((-58.98309999999999 -2.5898000000000008, -58.98309999999999 -2.589700000000001, -58.98299999999999 -2.589700000000001, -58.98299999999999 -2.5898000000000008, -58.98309999999999 -2.5898000000000008))"
2024,CORTE SELETIVO,C60L63,"POLYGON ((-58.98279999999999 -2.589700000000001, -58.982899999999994 -2.589700000000001, -58.982899999999994 -2.589600000000001, -58.98279999999999 -2.589600000000001, -58.98279999999999 -2.589700000000001))"
2024,CORTE SELETIVO,C60L63,"POLYGON ((-58.959599999999995 -2.589700000000001, -58.959599999999995 -2.589600000000001, -58.959399999999995 -2.589600000000001, -58.959399999999995 -2.589700000000001, -58.959599999999995 -2.589700000000001))"
2024,CORTE SELETIVO,C60L63,"POLYGON ((-58.957899999999995 -2.586500000000001, -58.957899999999995 -2.5864000000000007, -58.95779999999999 -2.5864000000000007, -58.95779999999999 -2.586500000000001, -58.957899999999995 -2.586500000000001))"
2024,CORTE SELETIVO,C60L63,"POLYGON ((-58.97059999999999 -2.583500000000001, -58.97059999999999 -2.583400000000001, -58.970499999999994 -2.583400000000001, -58.970499999999994 -2.583500000000001, -58.97059999999999 -2.583500000000001))"
2024,CORTE SELETIVO,C60L63,"POLYGON ((-58.96309999999999 -2.583000000000001, -58.96309999999999 -2.582900000000001, -58.962999999999994 -2.582900000000001, -58.962999999999994 -2.583000000000001, -58.96309999999999 -2.583000000000001))"
2024,CORTE SELETIVO,C60L63,"POLYGON ((-58.96329999999999 -2.582800000000001, -58.96329999999999 -2.582700000000001, -58.96319999999999 -2.582700000000001, -58.96319999999999 -2.582800000000001, -58.96329999999999 -2.582800000000001))"
2024,CORTE SELETIVO,C60L63,"POLYGON ((-58.96609999999999 -2.579300000000001, -58.96609999999999 -2.579100000000001, -58.965999999999994 -2.579100000000001, -58.965999999999994 -2.579300000000001, -58.96609999999999 -2.579300000000001))"
2024,CORTE SELETIVO,C60L63,"POLYGON ((-58.98109999999999 -2.504600000000001, -58.981199999999994 -2.504600000000001, -58.981199999999994 -2.504500000000001, -58.98109999999999 -2.504500000000001, -58.98109999999999 -2.504600000000001))"
2024,CORTE SELETIVO,C60L63,"POLYGON ((-58.94939999999999 -2.683600000000001, -58.94939999999999 -2.683700000000001, -58.949299999999994 -2.683700000000001, -58.949299999999994 -2.683800000000001, -58.94949999999999 -2.683800000000001, -58.94949999999999 -2.683600000000001, -58.94939999999999 -2.683600000000001))"
2024,CORTE SELETIVO,C60L63,"POLYGON ((-58.94489999999999 -2.679500000000001, -58.94489999999999 -2.679400000000001, -58.944799999999994 -2.679400000000001, -58.944799999999994 -2.679500000000001, -58.94489999999999 -2.679500000000001))"
2024,CORTE SELETIVO,C60L63,"POLYGON ((-58.95399999999999 -2.6790000000000007, -58.95409999999999 -2.6790000000000007, -58.95409999999999 -2.678900000000001, -58.95399999999999 -2.678900000000001, -58.95399999999999 -2.6790000000000007))"
2024,CORTE SELETIVO,C60L63,"POLYGON ((-58.94469999999999 -2.6729000000000007, -58.94469999999999 -2.672800000000001, -58.944599999999994 -2.672800000000001, -58.944599999999994 -2.6729000000000007, -58.94469999999999 -2.6729000000000007))"
2024,CORTE SELETIVO,C60L63,"POLYGON ((-58.95089999999999 -2.668400000000001, -58.95089999999999 -2.668300000000001, -58.950799999999994 -2.668300000000001, -58.950799999999994 -2.668400000000001, -58.95089999999999 -2.668400000000001))"
2024,CORTE SELETIVO,C60L63,"POLYGON ((-58.938199999999995 -2.664600000000001, -58.93829999999999 -2.664600000000001, -58.93829999999999 -2.6645000000000008, -58.938199999999995 -2.6645000000000008, -58.938199999999995 -2.664600000000001))"
2024,CORTE SELETIVO,C60L63,"POLYGON ((-58.936499999999995 -2.6127000000000007, -58.936499999999995 -2.612600000000001, -58.93639999999999 -2.612600000000001, -58.93639999999999 -2.6127000000000007, -58.936499999999995 -2.6127000000000007))"
2024,CORTE SELETIVO,C60L63,"POLYGON ((-58.93739999999999 -2.611300000000001, -58.93739999999999 -2.611200000000001, -58.93729999999999 -2.611200000000001, -58.93729999999999 -2.611300000000001, -58.93739999999999 -2.611300000000001))"
2024,CORTE SELETIVO,C60L63,"POLYGON ((-58.950799999999994 -2.6064000000000007, -58.950799999999994 -2.606300000000001, -58.950599999999994 -2.606300000000001, -58.950599999999994 -2.6064000000000007, -58.950799999999994 -2.6064000000000007))"
2024,CORTE SELETIVO,C60L63,"POLYGON ((-58.94959999999999 -2.5988000000000007, -58.94959999999999 -2.598700000000001, -58.94949999999999 -2.598700000000001, -58.94949999999999 -2.5988000000000007, -58.94959999999999 -2.5988000000000007))"
2024,CORTE SELETIVO,C60L63,"POLYGON ((-58.94989999999999 -2.5988000000000007, -58.94989999999999 -2.598700000000001, -58.949799999999996 -2.598700000000001, -58.949799999999996 -2.5988000000000007, -58.94989999999999 -2.5988000000000007))"
2024,CORTE SELETIVO,C60L63,"POLYGON ((-58.94369999999999 -2.598100000000001, -58.94369999999999 -2.5980000000000008, -58.94359999999999 -2.5980000000000008, -58.94359999999999 -2.598100000000001, -58.94369999999999 -2.598100000000001))"
2024,CORTE SELETIVO,C60L63,"POLYGON ((-58.94449999999999 -2.597400000000001, -58.944599999999994 -2.597400000000001, -58.944599999999994 -2.597300000000001, -58.94449999999999 -2.597300000000001, -58.94449999999999 -2.597400000000001))"
2024,CORTE SELETIVO,C60L63,"POLYGON ((-58.943799999999996 -2.592800000000001, -58.943799999999996 -2.5927000000000007, -58.94369999999999 -2.5927000000000007, -58.94369999999999 -2.592800000000001, -58.943799999999996 -2.592800000000001))"
2024,CORTE SELETIVO,C60L63,"POLYGON ((-58.94339999999999 -2.591600000000001, -58.94339999999999 -2.591500000000001, -58.94319999999999 -2.591500000000001, -58.94319999999999 -2.591600000000001, -58.94339999999999 -2.591600000000001))"
2024,CORTE SELETIVO,C60L63,"POLYGON ((-58.94319999999999 -2.591500000000001, -58.94319999999999 -2.591400000000001, -58.94299999999999 -2.591400000000001, -58.94299999999999 -2.591500000000001, -58.94319999999999 -2.591500000000001))"
2024,CORTE SELETIVO,C60L63,"POLYGON ((-58.952299999999994 -2.590300000000001, -58.952299999999994 -2.5902000000000007, -58.95219999999999 -2.5902000000000007, -58.95219999999999 -2.590300000000001, -58.952299999999994 -2.590300000000001))"
2024,CORTE SELETIVO,C60L63,"POLYGON ((-58.95239999999999 -2.590100000000001, -58.95239999999999 -2.5900000000000007, -58.952299999999994 -2.5900000000000007, -58.952299999999994 -2.590100000000001, -58.95239999999999 -2.590100000000001))"
2024,CORTE SELETIVO,C60L63,"POLYGON ((-58.94799999999999 -2.589400000000001, -58.94799999999999 -2.589300000000001, -58.94789999999999 -2.589300000000001, -58.94789999999999 -2.589400000000001, -58.94799999999999 -2.589400000000001))"
2024,CORTE SELETIVO,C60L63,"POLYGON ((-58.94839999999999 -2.5881000000000007, -58.948499999999996 -2.5881000000000007, -58.948499999999996 -2.588000000000001, -58.94839999999999 -2.588000000000001, -58.94839999999999 -2.5881000000000007))"
2024,CORTE SELETIVO,C60L63,"POLYGON ((-58.94429999999999 -2.587000000000001, -58.94429999999999 -2.586900000000001, -58.944199999999995 -2.586900000000001, -58.944199999999995 -2.587000000000001, -58.94429999999999 -2.587000000000001))"
2024,CORTE SELETIVO,C60L63,"POLYGON ((-58.94809999999999 -2.586900000000001, -58.94809999999999 -2.586700000000001, -58.94799999999999 -2.586700000000001, -58.94799999999999 -2.586900000000001, -58.94809999999999 -2.586900000000001))"
2024,CORTE SELETIVO,C60L63,"POLYGON ((-58.94789999999999 -2.586800000000001, -58.94789999999999 -2.586700000000001, -58.947799999999994 -2.586700000000001, -58.947799999999994 -2.586800000000001, -58.94789999999999 -2.586800000000001))"
2024,CORTE SELETIVO,C60L63,"POLYGON ((-58.94839999999999 -2.586700000000001, -58.94839999999999 -2.5866000000000007, -58.948299999999996 -2.5866000000000007, -58.948299999999996 -2.586700000000001, -58.94839999999999 -2.586700000000001))"
2024,CORTE SELETIVO,C60L63,"POLYGON ((-58.94769999999999 -2.585400000000001, -58.94769999999999 -2.585300000000001, -58.947599999999994 -2.585300000000001, -58.947599999999994 -2.585400000000001, -58.94769999999999 -2.585400000000001))"
2024,CORTE SELETIVO,C60L63,"POLYGON ((-58.94639999999999 -2.584200000000001, -58.94639999999999 -2.5841000000000007, -58.946299999999994 -2.5841000000000007, -58.946299999999994 -2.584200000000001, -58.94639999999999 -2.584200000000001))"
2024,CORTE SELETIVO,C60L63,"POLYGON ((-58.93719999999999 -2.500300000000001, -58.93739999999999 -2.500300000000001, -58.93739999999999 -2.500200000000001, -58.93719999999999 -2.500200000000001, -58.93719999999999 -2.500300000000001))"
2024,CORTE SELETIVO,C60L63,"POLYGON ((-58.913599999999995 -2.748700000000001, -58.913599999999995 -2.748600000000001, -58.91349999999999 -2.748600000000001, -58.91349999999999 -2.748700000000001, -58.913599999999995 -2.748700000000001))"
2024,CORTE SELETIVO,C60L63,"POLYGON ((-58.92499999999999 -2.662900000000001, -58.92499999999999 -2.6628000000000007, -58.924899999999994 -2.6628000000000007, -58.924899999999994 -2.662900000000001, -58.92499999999999 -2.662900000000001))"
2024,CORTE SELETIVO,C60L63,"POLYGON ((-58.904599999999995 -2.654300000000001, -58.90469999999999 -2.654300000000001, -58.90469999999999 -2.654200000000001, -58.904599999999995 -2.654200000000001, -58.904599999999995 -2.654300000000001))"
2024,CORTE SELETIVO,C60L63,"POLYGON ((-58.904799999999994 -2.654200000000001, -58.904799999999994 -2.654100000000001, -58.90469999999999 -2.654100000000001, -58.90469999999999 -2.654200000000001, -58.904799999999994 -2.654200000000001))"
2024,CORTE SELETIVO,C60L63,"POLYGON ((-58.89359999999999 -2.649400000000001, -58.89359999999999 -2.649200000000001, -58.893499999999996 -2.649200000000001, -58.893499999999996 -2.649400000000001, -58.89359999999999 -2.649400000000001))"
2024,CORTE SELETIVO,C60L63,"POLYGON ((-58.892199999999995 -2.645400000000001, -58.89229999999999 -2.645400000000001, -58.89229999999999 -2.645300000000001, -58.892199999999995 -2.645300000000001, -58.892199999999995 -2.645400000000001))"
2024,CORTE SELETIVO,C60L63,"POLYGON ((-58.891799999999996 -2.645200000000001, -58.891799999999996 -2.645400000000001, -58.89189999999999 -2.645400000000001, -58.89189999999999 -2.645300000000001, -58.89209999999999 -2.645300000000001, -58.89209999999999 -2.645200000000001, -58.891799999999996 -2.645200000000001))"
2024,CORTE SELETIVO,C60L63,"POLYGON ((-58.92199999999999 -2.6449000000000007, -58.92199999999999 -2.644800000000001, -58.921899999999994 -2.644800000000001, -58.921899999999994 -2.6449000000000007, -58.92199999999999 -2.6449000000000007))"
2024,CORTE SELETIVO,C60L63,"POLYGON ((-58.88849999999999 -2.641900000000001, -58.88849999999999 -2.641800000000001, -58.88839999999999 -2.641800000000001, -58.88839999999999 -2.641900000000001, -58.88849999999999 -2.641900000000001))"
2024,CORTE SELETIVO,C60L63,"POLYGON ((-58.890699999999995 -2.628800000000001, -58.890699999999995 -2.6287000000000007, -58.89059999999999 -2.6287000000000007, -58.89059999999999 -2.628800000000001, -58.890699999999995 -2.628800000000001))"
2024,CORTE SELETIVO,C60L63,"POLYGON ((-58.93299999999999 -2.609400000000001, -58.93299999999999 -2.609300000000001, -58.93279999999999 -2.609300000000001, -58.93279999999999 -2.609400000000001, -58.93299999999999 -2.609400000000001))"
2024,CORTE SELETIVO,C60L63,"POLYGON ((-58.93229999999999 -2.609400000000001, -58.93229999999999 -2.609300000000001, -58.93209999999999 -2.609300000000001, -58.93209999999999 -2.609400000000001, -58.93229999999999 -2.609400000000001))"
2024,CORTE SELETIVO,C60L63,"POLYGON ((-58.927299999999995 -2.608900000000001, -58.92739999999999 -2.608900000000001, -58.92739999999999 -2.608800000000001, -58.927299999999995 -2.608800000000001, -58.927299999999995 -2.608900000000001))"
2024,CORTE SELETIVO,C60L63,"POLYGON ((-58.928799999999995 -2.608600000000001, -58.928799999999995 -2.6085000000000007, -58.92869999999999 -2.6085000000000007, -58.92869999999999 -2.608600000000001, -58.928799999999995 -2.608600000000001))"
2024,CORTE SELETIVO,C60L63,"POLYGON ((-58.92459999999999 -2.6085000000000007, -58.92459999999999 -2.608400000000001, -58.924499999999995 -2.608400000000001, -58.924499999999995 -2.6085000000000007, -58.92459999999999 -2.6085000000000007))"
2024,CORTE SELETIVO,C60L63,"POLYGON ((-58.93019999999999 -2.6085000000000007, -58.930699999999995 -2.6085000000000007, -58.930699999999995 -2.608400000000001, -58.93019999999999 -2.608400000000001, -58.93019999999999 -2.6085000000000007))"
2024,CORTE SELETIVO,C60L63,"POLYGON ((-58.931099999999994 -2.6085000000000007, -58.931099999999994 -2.608400000000001, -58.930899999999994 -2.608400000000001, -58.930899999999994 -2.6085000000000007, -58.931099999999994 -2.6085000000000007))"
2024,CORTE SELETIVO,C60L63,"POLYGON ((-58.930099999999996 -2.608400000000001, -58.930099999999996 -2.6083000000000007, -58.92979999999999 -2.6083000000000007, -58.92979999999999 -2.608400000000001, -58.930099999999996 -2.608400000000001))"
2024,CORTE SELETIVO,C60L63,"POLYGON ((-58.93129999999999 -2.608400000000001, -58.93139999999999 -2.608400000000001, -58.93139999999999 -2.6083000000000007, -58.93129999999999 -2.6083000000000007, -58.93129999999999 -2.608400000000001))"
2024,CORTE SELETIVO,C60L63,"POLYGON ((-58.93079999999999 -2.608200000000001, -58.93079999999999 -2.6081000000000008, -58.930699999999995 -2.6081000000000008, -58.930699999999995 -2.608200000000001, -58.93079999999999 -2.608200000000001))"
2024,CORTE SELETIVO,C60L63,"POLYGON ((-58.922999999999995 -2.592200000000001, -58.922999999999995 -2.5923000000000007, -58.92289999999999 -2.5923000000000007, -58.92289999999999 -2.592400000000001, -58.92309999999999 -2.592400000000001, -58.92309999999999 -2.592200000000001, -58.922999999999995 -2.592200000000001))"
2024,CORTE SELETIVO,C60L63,"POLYGON ((-58.922799999999995 -2.592400000000001, -58.922799999999995 -2.592200000000001, -58.92269999999999 -2.592200000000001, -58.92269999999999 -2.592400000000001, -58.922799999999995 -2.592400000000001))"
2024,CORTE SELETIVO,C60L63,"POLYGON ((-58.916599999999995 -2.591000000000001, -58.916599999999995 -2.590900000000001, -58.91649999999999 -2.590900000000001, -58.91649999999999 -2.591000000000001, -58.916599999999995 -2.591000000000001))"
2024,CORTE SELETIVO,C60L63,"POLYGON ((-58.911699999999996 -2.5885000000000007, -58.911699999999996 -2.588400000000001, -58.91159999999999 -2.588400000000001, -58.91159999999999 -2.5885000000000007, -58.911699999999996 -2.5885000000000007))"
2024,CORTE SELETIVO,C60L63,"POLYGON ((-58.90709999999999 -2.587500000000001, -58.90709999999999 -2.587300000000001, -58.90699999999999 -2.587300000000001, -58.90699999999999 -2.587500000000001, -58.90709999999999 -2.587500000000001))"
2024,CORTE SELETIVO,C60L63,"POLYGON ((-58.89339999999999 -2.538300000000001, -58.893499999999996 -2.538300000000001, -58.893499999999996 -2.5382000000000007, -58.89339999999999 -2.5382000000000007, -58.89339999999999 -2.538300000000001))"
2024,CORTE SELETIVO,C60L63,"POLYGON ((-58.93359999999999 -2.506400000000001, -58.93359999999999 -2.506300000000001, -58.933499999999995 -2.506300000000001, -58.933499999999995 -2.506400000000001, -58.93359999999999 -2.506400000000001))"
2024,CORTE SELETIVO,C60L63,"POLYGON ((-58.885099999999994 -2.634900000000001, -58.885099999999994 -2.635100000000001, -58.88519999999999 -2.635100000000001, -58.88519999999999 -2.6350000000000007, -58.885299999999994 -2.6350000000000007, -58.885299999999994 -2.634900000000001, -58.885099999999994 -2.634900000000001))"
2024,CORTE SELETIVO,C60L63,"POLYGON ((-58.886799999999994 -2.633700000000001, -58.88699999999999 -2.633700000000001, -58.88699999999999 -2.633600000000001, -58.886799999999994 -2.633600000000001, -58.886799999999994 -2.633700000000001))"
2024,CORTE SELETIVO,C60L63,"POLYGON ((-58.88719999999999 -2.633400000000001, -58.88719999999999 -2.633300000000001, -58.88709999999999 -2.633300000000001, -58.88709999999999 -2.633400000000001, -58.88719999999999 -2.633400000000001))"
2024,CORTE SELETIVO,C60L63,"POLYGON ((-58.850199999999994 -2.601200000000001, -58.850199999999994 -2.601100000000001, -58.85009999999999 -2.601100000000001, -58.85009999999999 -2.601200000000001, -58.850199999999994 -2.601200000000001))"
2024,CORTE SELETIVO,C60L63,"POLYGON ((-58.84989999999999 -2.600900000000001, -58.849999999999994 -2.600900000000001, -58.849999999999994 -2.600800000000001, -58.84989999999999 -2.600800000000001, -58.84989999999999 -2.600900000000001))"
2024,CORTE SELETIVO,C60L63,"POLYGON ((-58.828199999999995 -2.599800000000001, -58.828199999999995 -2.599700000000001, -58.82809999999999 -2.599700000000001, -58.82809999999999 -2.599800000000001, -58.828199999999995 -2.599800000000001))"
2024,CORTE SELETIVO,C60L63,"POLYGON ((-58.82769999999999 -2.599800000000001, -58.82769999999999 -2.599700000000001, -58.82759999999999 -2.599700000000001, -58.82759999999999 -2.599800000000001, -58.82769999999999 -2.599800000000001))"
2024,CORTE SELETIVO,C60L63,"POLYGON ((-58.84899999999999 -2.599300000000001, -58.84899999999999 -2.599200000000001, -58.84889999999999 -2.599200000000001, -58.84889999999999 -2.599300000000001, -58.84899999999999 -2.599300000000001))"
2024,CORTE SELETIVO,C60L63,"POLYGON ((-58.84879999999999 -2.599300000000001, -58.84879999999999 -2.599200000000001, -58.848699999999994 -2.599200000000001, -58.848699999999994 -2.599300000000001, -58.84879999999999 -2.599300000000001))"
2024,CORTE SELETIVO,C60L63,"POLYGON ((-58.82739999999999 -2.599200000000001, -58.82739999999999 -2.599100000000001, -58.827299999999994 -2.599100000000001, -58.827299999999994 -2.599200000000001, -58.82739999999999 -2.599200000000001))"
2024,CORTE SELETIVO,C60L63,"POLYGON ((-58.83449999999999 -2.598100000000001, -58.83449999999999 -2.5980000000000008, -58.834399999999995 -2.5980000000000008, -58.834399999999995 -2.598100000000001, -58.83449999999999 -2.598100000000001))"
2024,CORTE SELETIVO,C60L63,"POLYGON ((-58.80169999999999 -2.597900000000001, -58.80199999999999 -2.597900000000001, -58.80199999999999 -2.5978000000000008, -58.80169999999999 -2.5978000000000008, -58.80169999999999 -2.597900000000001))"
2024,CORTE SELETIVO,C60L63,"POLYGON ((-58.77139999999999 -2.596600000000001, -58.77139999999999 -2.5965000000000007, -58.77129999999999 -2.5965000000000007, -58.77129999999999 -2.596600000000001, -58.77139999999999 -2.596600000000001))"
2024,CORTE SELETIVO,C60L63,"POLYGON ((-58.770799999999994 -2.596400000000001, -58.770799999999994 -2.5963000000000007, -58.770599999999995 -2.5963000000000007, -58.770599999999995 -2.596400000000001, -58.770799999999994 -2.596400000000001))"
2024,CORTE SELETIVO,C60L63,"POLYGON ((-58.80599999999999 -2.5963000000000007, -58.80599999999999 -2.596200000000001, -58.805899999999994 -2.596200000000001, -58.805899999999994 -2.5963000000000007, -58.80599999999999 -2.5963000000000007))"
2024,CORTE SELETIVO,C60L63,"POLYGON ((-58.772099999999995 -2.596000000000001, -58.772099999999995 -2.5959000000000008, -58.77199999999999 -2.5959000000000008, -58.77199999999999 -2.596000000000001, -58.772099999999995 -2.596000000000001))"
2024,CORTE SELETIVO,C60L63,"POLYGON ((-58.80709999999999 -2.595400000000001, -58.80709999999999 -2.595300000000001, -58.806999999999995 -2.595300000000001, -58.806999999999995 -2.595400000000001, -58.80709999999999 -2.595400000000001))"
2024,CORTE SELETIVO,C60L63,"POLYGON ((-58.80789999999999 -2.594500000000001, -58.80789999999999 -2.5944000000000007, -58.80779999999999 -2.5944000000000007, -58.80779999999999 -2.594500000000001, -58.80789999999999 -2.594500000000001))"
2024,CORTE SELETIVO,C60L63,"POLYGON ((-58.80839999999999 -2.5938000000000008, -58.808499999999995 -2.5938000000000008, -58.808499999999995 -2.593700000000001, -58.80839999999999 -2.593700000000001, -58.80839999999999 -2.5938000000000008))"
2024,CORTE SELETIVO,C60L63,"POLYGON ((-58.80879999999999 -2.593400000000001, -58.80879999999999 -2.593300000000001, -58.808699999999995 -2.593300000000001, -58.808699999999995 -2.593400000000001, -58.80879999999999 -2.593400000000001))"
2024,CORTE SELETIVO,C60L63,"POLYGON ((-58.80969999999999 -2.592600000000001, -58.80969999999999 -2.5925000000000007, -58.809599999999996 -2.5925000000000007, -58.809599999999996 -2.592600000000001, -58.80969999999999 -2.592600000000001))"
2024,CORTE SELETIVO,C60L63,"POLYGON ((-58.81029999999999 -2.592400000000001, -58.81029999999999 -2.5923000000000007, -58.810199999999995 -2.5923000000000007, -58.810199999999995 -2.592400000000001, -58.81029999999999 -2.592400000000001))"
2024,CORTE SELETIVO,C60L63,"POLYGON ((-58.811499999999995 -2.590300000000001, -58.811499999999995 -2.590100000000001, -58.81139999999999 -2.590100000000001, -58.81139999999999 -2.590300000000001, -58.811499999999995 -2.590300000000001))"
2024,CORTE SELETIVO,C60L63,"POLYGON ((-58.82309999999999 -2.564900000000001, -58.82309999999999 -2.564800000000001, -58.82289999999999 -2.564800000000001, -58.82289999999999 -2.564900000000001, -58.82309999999999 -2.564900000000001))"
2024,CORTE SELETIVO,C60L63,"POLYGON ((-58.85589999999999 -2.507400000000001, -58.85589999999999 -2.5073000000000008, -58.855799999999995 -2.5073000000000008, -58.855799999999995 -2.507400000000001, -58.85589999999999 -2.507400000000001))"
2024,CORTE SELETIVO,C60L63,"POLYGON ((-58.955099999999995 -2.609700000000001, -58.955099999999995 -2.609800000000001, -58.95519999999999 -2.609800000000001, -58.95519999999999 -2.609700000000001, -58.955099999999995 -2.609700000000001))"
2024,CORTE SELETIVO,C60L63,"POLYGON ((-58.85569999999999 -2.589700000000001, -58.855799999999995 -2.589700000000001, -58.855799999999995 -2.589600000000001, -58.85569999999999 -2.589600000000001, -58.85569999999999 -2.589700000000001))"
2024,CORTE SELETIVO,C60L63,"POLYGON ((-58.882099999999994 -2.520200000000001, -58.88219999999999 -2.520200000000001, -58.88219999999999 -2.5201000000000007, -58.882099999999994 -2.5201000000000007, -58.882099999999994 -2.520200000000001))"
2024,CORTE SELETIVO,C60L63,"POLYGON ((-58.955299999999994 -2.609800000000001, -58.95519999999999 -2.609800000000001, -58.95519999999999 -2.609900000000001, -58.955299999999994 -2.609900000000001, -58.955299999999994 -2.609800000000001))"
2024,CORTE SELETIVO,C60L63,"POLYGON ((-58.93339999999999 -2.609500000000001, -58.933299999999996 -2.609500000000001, -58.933299999999996 -2.609600000000001, -58.93339999999999 -2.609600000000001, -58.93339999999999 -2.609500000000001))"
2024,CORTE SELETIVO,C60L63,"POLYGON ((-58.940099999999994 -2.6626000000000007, -58.94019999999999 -2.6626000000000007, -58.94019999999999 -2.6624000000000008, -58.940099999999994 -2.6624000000000008, -58.940099999999994 -2.6626000000000007))"
2024,CORTE SELETIVO,C60L63,"POLYGON ((-58.771699999999996 -2.594900000000001, -58.77179999999999 -2.594900000000001, -58.77179999999999 -2.594800000000001, -58.771699999999996 -2.594800000000001, -58.771699999999996 -2.594900000000001))"
2024,CORTE SELETIVO,C60L63,"POLYGON ((-58.855599999999995 -2.5898000000000008, -58.85569999999999 -2.5898000000000008, -58.85569999999999 -2.589700000000001, -58.855599999999995 -2.589700000000001, -58.855599999999995 -2.5898000000000008))"
2024,CORTE SELETIVO,C60L63,"POLYGON ((-58.905899999999995 -2.531000000000001, -58.905899999999995 -2.530900000000001, -58.90579999999999 -2.530900000000001, -58.90579999999999 -2.531000000000001, -58.905899999999995 -2.531000000000001))"
2024,CORTE SELETIVO,C60L63,"POLYGON ((-58.82829999999999 -2.520500000000001, -58.82829999999999 -2.520400000000001, -58.828199999999995 -2.520400000000001, -58.828199999999995 -2.520500000000001, -58.82829999999999 -2.520500000000001))"
2024,CORTE SELETIVO,C60L63,"POLYGON ((-58.998999999999995 -2.703100000000001, -58.99909999999999 -2.703100000000001, -58.99909999999999 -2.7030000000000007, -58.998999999999995 -2.7030000000000007, -58.998999999999995 -2.703100000000001))"
2024,CORTE SELETIVO,C60L63,"POLYGON ((-58.964499999999994 -2.682000000000001, -58.964499999999994 -2.681900000000001, -58.96439999999999 -2.681900000000001, -58.96439999999999 -2.682000000000001, -58.964499999999994 -2.682000000000001))"
2024,CORTE SELETIVO,C60L63,"POLYGON ((-58.98299999999999 -2.670900000000001, -58.98299999999999 -2.6710000000000007, -58.98309999999999 -2.6710000000000007, -58.98309999999999 -2.671100000000001, -58.98329999999999 -2.671100000000001, -58.98329999999999 -2.670900000000001, -58.98299999999999 -2.670900000000001))"
2024,CORTE SELETIVO,C60L63,"POLYGON ((-58.973699999999994 -2.667200000000001, -58.97379999999999 -2.667200000000001, -58.97379999999999 -2.6666000000000007, -58.973699999999994 -2.6666000000000007, -58.973699999999994 -2.6670000000000007, -58.97359999999999 -2.6670000000000007, -58.97359999999999 -2.667100000000001, -58.973699999999994 -2.667100000000001, -58.973699999999994 -2.667200000000001))"
2024,CORTE SELETIVO,C60L63,"POLYGON ((-58.973699999999994 -2.666500000000001, -58.973699999999994 -2.6664000000000008, -58.97359999999999 -2.6664000000000008, -58.97359999999999 -2.666500000000001, -58.973699999999994 -2.666500000000001))"
2024,CORTE SELETIVO,C60L63,"POLYGON ((-58.97099999999999 -2.664100000000001, -58.97099999999999 -2.664000000000001, -58.970699999999994 -2.664000000000001, -58.970699999999994 -2.664300000000001, -58.97079999999999 -2.664300000000001, -58.97079999999999 -2.664200000000001, -58.97089999999999 -2.664200000000001, -58.97089999999999 -2.664100000000001, -58.97099999999999 -2.664100000000001))"
2024,CORTE SELETIVO,C60L63,"POLYGON ((-58.96079999999999 -2.663700000000001, -58.960899999999995 -2.663700000000001, -58.960899999999995 -2.663600000000001, -58.96079999999999 -2.663600000000001, -58.96079999999999 -2.663700000000001))"
2024,CORTE SELETIVO,C60L63,"POLYGON ((-58.96469999999999 -2.662500000000001, -58.96469999999999 -2.6624000000000008, -58.96459999999999 -2.6624000000000008, -58.96459999999999 -2.662500000000001, -58.96469999999999 -2.662500000000001))"
2024,CORTE SELETIVO,C60L63,"POLYGON ((-58.96509999999999 -2.662500000000001, -58.96509999999999 -2.662300000000001, -58.964999999999996 -2.662300000000001, -58.964999999999996 -2.662500000000001, -58.96509999999999 -2.662500000000001))"
2024,CORTE SELETIVO,C60L63,"POLYGON ((-58.97919999999999 -2.659800000000001, -58.979299999999995 -2.659800000000001, -58.979299999999995 -2.659700000000001, -58.97919999999999 -2.659700000000001, -58.97919999999999 -2.659800000000001))"
2024,CORTE SELETIVO,C60L63,"POLYGON ((-58.95949999999999 -2.6567000000000007, -58.95949999999999 -2.656600000000001, -58.959399999999995 -2.656600000000001, -58.959399999999995 -2.6567000000000007, -58.95949999999999 -2.6567000000000007))"
2024,CORTE SELETIVO,C60L63,"POLYGON ((-58.968799999999995 -2.653800000000001, -58.968799999999995 -2.653700000000001, -58.96869999999999 -2.653700000000001, -58.96869999999999 -2.653800000000001, -58.968799999999995 -2.653800000000001))"
2024,CORTE SELETIVO,C60L63,"POLYGON ((-58.96889999999999 -2.6487000000000007, -58.968999999999994 -2.6487000000000007, -58.968999999999994 -2.648600000000001, -58.96889999999999 -2.648600000000001, -58.96889999999999 -2.6487000000000007))"
2024,CORTE SELETIVO,C60L63,"POLYGON ((-58.96269999999999 -2.6127000000000007, -58.96269999999999 -2.612400000000001, -58.962599999999995 -2.612400000000001, -58.962599999999995 -2.6127000000000007, -58.96269999999999 -2.6127000000000007))"
2024,CORTE SELETIVO,C60L63,"POLYGON ((-58.962599999999995 -2.612400000000001, -58.962599999999995 -2.6123000000000007, -58.96249999999999 -2.6123000000000007, -58.96249999999999 -2.612400000000001, -58.962599999999995 -2.612400000000001))"
2024,CORTE SELETIVO,C60L63,"POLYGON ((-58.976499999999994 -2.604800000000001, -58.97659999999999 -2.604800000000001, -58.97659999999999 -2.604600000000001, -58.976499999999994 -2.604600000000001, -58.976499999999994 -2.604800000000001))"
2024,CORTE SELETIVO,C60L63,"POLYGON ((-58.974799999999995 -2.604200000000001, -58.974799999999995 -2.604000000000001, -58.97469999999999 -2.604000000000001, -58.97469999999999 -2.604200000000001, -58.974799999999995 -2.604200000000001))"
2024,CORTE SELETIVO,C60L63,"POLYGON ((-58.96759999999999 -2.6039000000000008, -58.96759999999999 -2.603800000000001, -58.967499999999994 -2.603800000000001, -58.967499999999994 -2.6039000000000008, -58.96759999999999 -2.6039000000000008))"
2024,CORTE SELETIVO,C60L63,"POLYGON ((-58.969899999999996 -2.602500000000001, -58.96999999999999 -2.602500000000001, -58.96999999999999 -2.6024000000000007, -58.969899999999996 -2.6024000000000007, -58.969899999999996 -2.602500000000001))"
2024,CORTE SELETIVO,C60L63,"POLYGON ((-58.983799999999995 -2.600000000000001, -58.983799999999995 -2.5999000000000008, -58.98369999999999 -2.5999000000000008, -58.98369999999999 -2.600000000000001, -58.983799999999995 -2.600000000000001))"
2024,CORTE SELETIVO,C60L63,"POLYGON ((-58.98219999999999 -2.599000000000001, -58.98219999999999 -2.5988000000000007, -58.982099999999996 -2.5988000000000007, -58.982099999999996 -2.599000000000001, -58.98219999999999 -2.599000000000001))"
2024,CORTE SELETIVO,C60L63,"POLYGON ((-58.961299999999994 -2.595600000000001, -58.96139999999999 -2.595600000000001, -58.96139999999999 -2.595300000000001, -58.961299999999994 -2.595300000000001, -58.961299999999994 -2.595400000000001, -58.96119999999999 -2.595400000000001, -58.96119999999999 -2.595700000000001, -58.961299999999994 -2.595700000000001, -58.961299999999994 -2.595600000000001))"
2024,CORTE SELETIVO,C60L63,"POLYGON ((-58.96889999999999 -2.570700000000001, -58.96889999999999 -2.570600000000001, -58.968799999999995 -2.570600000000001, -58.968799999999995 -2.570700000000001, -58.96889999999999 -2.570700000000001))"
2024,CORTE SELETIVO,C60L63,"POLYGON ((-58.96889999999999 -2.570300000000001, -58.96889999999999 -2.5702000000000007, -58.968799999999995 -2.5702000000000007, -58.968799999999995 -2.570500000000001, -58.96889999999999 -2.570500000000001, -58.96889999999999 -2.5704000000000007, -58.968999999999994 -2.5704000000000007, -58.968999999999994 -2.570300000000001, -58.96889999999999 -2.570300000000001))"
2024,CORTE SELETIVO,C60L63,"POLYGON ((-58.99519999999999 -2.5193000000000008, -58.99529999999999 -2.5193000000000008, -58.99529999999999 -2.519200000000001, -58.99519999999999 -2.519200000000001, -58.99519999999999 -2.5193000000000008))"
2024,CORTE SELETIVO,C60L63,"POLYGON ((-58.950599999999994 -2.686300000000001, -58.950599999999994 -2.686200000000001, -58.950399999999995 -2.686200000000001, -58.950399999999995 -2.686300000000001, -58.950599999999994 -2.686300000000001))"
2024,CORTE SELETIVO,C60L63,"POLYGON ((-58.94449999999999 -2.672600000000001, -58.94449999999999 -2.6725000000000008, -58.944399999999995 -2.6725000000000008, -58.944399999999995 -2.672600000000001, -58.94449999999999 -2.672600000000001))"
2024,CORTE SELETIVO,C60L63,"POLYGON ((-58.95419999999999 -2.654000000000001, -58.954299999999996 -2.654000000000001, -58.954299999999996 -2.653900000000001, -58.95419999999999 -2.653900000000001, -58.95419999999999 -2.654000000000001))"
2024,CORTE SELETIVO,C60L63,"POLYGON ((-58.934999999999995 -2.6129000000000007, -58.934999999999995 -2.612800000000001, -58.934799999999996 -2.612800000000001, -58.934799999999996 -2.6129000000000007, -58.934999999999995 -2.6129000000000007))"
2024,CORTE SELETIVO,C60L63,"POLYGON ((-58.93749999999999 -2.611500000000001, -58.93749999999999 -2.611300000000001, -58.93739999999999 -2.611300000000001, -58.93739999999999 -2.611500000000001, -58.93749999999999 -2.611500000000001))"
2024,CORTE SELETIVO,C60L63,"POLYGON ((-58.93379999999999 -2.609400000000001, -58.933899999999994 -2.609400000000001, -58.933899999999994 -2.609300000000001, -58.93379999999999 -2.609300000000001, -58.93379999999999 -2.609400000000001))"
2024,CORTE SELETIVO,C60L63,"POLYGON ((-58.932399999999994 -2.6087000000000007, -58.932399999999994 -2.608600000000001, -58.93229999999999 -2.608600000000001, -58.93229999999999 -2.6087000000000007, -58.932399999999994 -2.6087000000000007))"
2024,CORTE SELETIVO,C60L63,"POLYGON ((-58.958499999999994 -2.608400000000001, -58.958499999999994 -2.6083000000000007, -58.95839999999999 -2.6083000000000007, -58.95839999999999 -2.608400000000001, -58.958499999999994 -2.608400000000001))"
2024,CORTE SELETIVO,C60L63,"POLYGON ((-58.93939999999999 -2.607100000000001, -58.939499999999995 -2.607100000000001, -58.939499999999995 -2.606900000000001, -58.93939999999999 -2.606900000000001, -58.93939999999999 -2.607100000000001))"
2024,CORTE SELETIVO,C60L63,"POLYGON ((-58.940999999999995 -2.603800000000001, -58.940999999999995 -2.603700000000001, -58.94089999999999 -2.603700000000001, -58.94089999999999 -2.603800000000001, -58.940999999999995 -2.603800000000001))"
2024,CORTE SELETIVO,C60L63,"POLYGON ((-58.940999999999995 -2.603100000000001, -58.940999999999995 -2.603000000000001, -58.940799999999996 -2.603000000000001, -58.940799999999996 -2.603100000000001, -58.940999999999995 -2.603100000000001))"
2024,CORTE SELETIVO,C60L63,"POLYGON ((-58.940999999999995 -2.602900000000001, -58.94109999999999 -2.602900000000001, -58.94109999999999 -2.602800000000001, -58.940999999999995 -2.602800000000001, -58.940999999999995 -2.602900000000001))"
2024,CORTE SELETIVO,C60L63,"POLYGON ((-58.94149999999999 -2.6020000000000008, -58.94149999999999 -2.601900000000001, -58.941399999999994 -2.601900000000001, -58.941399999999994 -2.6020000000000008, -58.94149999999999 -2.6020000000000008))"
2024,CORTE SELETIVO,C60L63,"POLYGON ((-58.94189999999999 -2.601500000000001, -58.94189999999999 -2.601400000000001, -58.94179999999999 -2.601400000000001, -58.94179999999999 -2.601500000000001, -58.94189999999999 -2.601500000000001))"
2024,CORTE SELETIVO,C60L63,"POLYGON ((-58.92499999999999 -2.599600000000001, -58.92509999999999 -2.599600000000001, -58.92509999999999 -2.599500000000001, -58.92499999999999 -2.599500000000001, -58.92499999999999 -2.599600000000001))"
2024,CORTE SELETIVO,C60L63,"POLYGON ((-58.92479999999999 -2.599500000000001, -58.92479999999999 -2.599400000000001, -58.924699999999994 -2.599400000000001, -58.924699999999994 -2.599500000000001, -58.92479999999999 -2.599500000000001))"
2024,CORTE SELETIVO,C60L63,"POLYGON ((-58.951499999999996 -2.597700000000001, -58.951499999999996 -2.597600000000001, -58.951299999999996 -2.597600000000001, -58.951299999999996 -2.597700000000001, -58.951499999999996 -2.597700000000001))"
2024,CORTE SELETIVO,C60L63,"POLYGON ((-58.95859999999999 -2.5942000000000007, -58.95869999999999 -2.5942000000000007, -58.95869999999999 -2.594100000000001, -58.95859999999999 -2.594100000000001, -58.95859999999999 -2.5942000000000007))"
2024,CORTE SELETIVO,C60L63,"POLYGON ((-58.95859999999999 -2.5938000000000008, -58.95859999999999 -2.593700000000001, -58.95839999999999 -2.593700000000001, -58.95839999999999 -2.5938000000000008, -58.958499999999994 -2.5938000000000008, -58.958499999999994 -2.593900000000001, -58.95869999999999 -2.593900000000001, -58.95869999999999 -2.5938000000000008, -58.95859999999999 -2.5938000000000008))"
2024,CORTE SELETIVO,C60L63,"POLYGON ((-58.943999999999996 -2.593000000000001, -58.943999999999996 -2.592900000000001, -58.94389999999999 -2.592900000000001, -58.94389999999999 -2.593000000000001, -58.943999999999996 -2.593000000000001))"
2024,CORTE SELETIVO,C60L63,"POLYGON ((-58.94429999999999 -2.593000000000001, -58.94429999999999 -2.592900000000001, -58.944199999999995 -2.592900000000001, -58.944199999999995 -2.593000000000001, -58.94429999999999 -2.593000000000001))"
2024,CORTE SELETIVO,C60L63,"POLYGON ((-58.94409999999999 -2.592600000000001, -58.94409999999999 -2.592400000000001, -58.943999999999996 -2.592400000000001, -58.943999999999996 -2.592600000000001, -58.94409999999999 -2.592600000000001))"
2024,CORTE SELETIVO,C60L63,"POLYGON ((-58.92329999999999 -2.591500000000001, -58.92329999999999 -2.591400000000001, -58.923199999999994 -2.591400000000001, -58.923199999999994 -2.591500000000001, -58.92329999999999 -2.591500000000001))"
2024,CORTE SELETIVO,C60L63,"POLYGON ((-58.94219999999999 -2.588800000000001, -58.94219999999999 -2.5881000000000007, -58.942099999999996 -2.5881000000000007, -58.942099999999996 -2.588800000000001, -58.94219999999999 -2.588800000000001))"
2024,CORTE SELETIVO,C60L63,"POLYGON ((-58.93489999999999 -2.508600000000001, -58.93509999999999 -2.508600000000001, -58.93509999999999 -2.508500000000001, -58.93489999999999 -2.508500000000001, -58.93489999999999 -2.508600000000001))"
2024,CORTE SELETIVO,C60L63,"POLYGON ((-58.913799999999995 -2.748200000000001, -58.913799999999995 -2.748100000000001, -58.91369999999999 -2.748100000000001, -58.91369999999999 -2.748200000000001, -58.913799999999995 -2.748200000000001))"
2024,CORTE SELETIVO,C60L63,"POLYGON ((-58.88499999999999 -2.6849000000000007, -58.88499999999999 -2.684800000000001, -58.884899999999995 -2.684800000000001, -58.884899999999995 -2.6849000000000007, -58.88499999999999 -2.6849000000000007))"
2024,CORTE SELETIVO,C60L63,"POLYGON ((-58.890299999999996 -2.6754000000000007, -58.89009999999999 -2.6754000000000007, -58.89009999999999 -2.675600000000001, -58.89019999999999 -2.675600000000001, -58.89019999999999 -2.675500000000001, -58.890299999999996 -2.675500000000001, -58.890299999999996 -2.6754000000000007))"
2024,CORTE SELETIVO,C60L63,"POLYGON ((-58.90079999999999 -2.659300000000001, -58.90079999999999 -2.659200000000001, -58.90069999999999 -2.659200000000001, -58.90069999999999 -2.659300000000001, -58.90079999999999 -2.659300000000001))"
2024,CORTE SELETIVO,C60L63,"POLYGON ((-58.901199999999996 -2.641600000000001, -58.901199999999996 -2.641500000000001, -58.90109999999999 -2.641500000000001, -58.90109999999999 -2.641600000000001, -58.901199999999996 -2.641600000000001))"
2024,CORTE SELETIVO,C60L63,"POLYGON ((-58.82309999999999 -2.585300000000001, -58.82319999999999 -2.585300000000001, -58.82319999999999 -2.585200000000001, -58.82309999999999 -2.585200000000001, -58.82309999999999 -2.585300000000001))"
2024,CORTE SELETIVO,C60L63,"POLYGON ((-58.84539999999999 -2.571100000000001, -58.84539999999999 -2.571000000000001, -58.845299999999995 -2.571000000000001, -58.845299999999995 -2.571100000000001, -58.84539999999999 -2.571100000000001))"
2024,CORTE SELETIVO,C60L63,"POLYGON ((-58.84859999999999 -2.567100000000001, -58.84859999999999 -2.567000000000001, -58.848499999999994 -2.567000000000001, -58.848499999999994 -2.567100000000001, -58.84859999999999 -2.567100000000001))"
2024,CORTE SELETIVO,C60L63,"POLYGON ((-58.84819999999999 -2.567000000000001, -58.848299999999995 -2.567000000000001, -58.848299999999995 -2.566900000000001, -58.84819999999999 -2.566900000000001, -58.84819999999999 -2.567000000000001))"
2024,CORTE SELETIVO,C60L63,"POLYGON ((-58.845699999999994 -2.5557000000000007, -58.845699999999994 -2.5555000000000008, -58.84559999999999 -2.5555000000000008, -58.84559999999999 -2.5557000000000007, -58.845699999999994 -2.5557000000000007))"
2024,CORTE SELETIVO,C60L63,"POLYGON ((-58.81819999999999 -2.544400000000001, -58.81819999999999 -2.5443000000000007, -58.818099999999994 -2.5443000000000007, -58.818099999999994 -2.544400000000001, -58.81819999999999 -2.544400000000001))"
2024,CORTE SELETIVO,C60L63,"POLYGON ((-58.82769999999999 -2.538100000000001, -58.827799999999996 -2.538100000000001, -58.827799999999996 -2.5380000000000007, -58.82769999999999 -2.5380000000000007, -58.82769999999999 -2.538100000000001))"
2024,CORTE SELETIVO,C60L63,"POLYGON ((-58.86409999999999 -2.534600000000001, -58.86409999999999 -2.534500000000001, -58.86399999999999 -2.534500000000001, -58.86399999999999 -2.534600000000001, -58.86409999999999 -2.534600000000001))"
2024,CORTE SELETIVO,C60L63,"POLYGON ((-58.81239999999999 -2.533900000000001, -58.81239999999999 -2.5338000000000007, -58.81229999999999 -2.5338000000000007, -58.81229999999999 -2.533900000000001, -58.81239999999999 -2.533900000000001))"
2024,CORTE SELETIVO,C60L63,"POLYGON ((-58.88629999999999 -2.533300000000001, -58.886399999999995 -2.533300000000001, -58.886399999999995 -2.533200000000001, -58.88629999999999 -2.533200000000001, -58.88629999999999 -2.533300000000001))"
2024,CORTE SELETIVO,C60L63,"POLYGON ((-58.812999999999995 -2.5313000000000008, -58.812999999999995 -2.531200000000001, -58.81289999999999 -2.531200000000001, -58.81289999999999 -2.5313000000000008, -58.812999999999995 -2.5313000000000008))"
2024,CORTE SELETIVO,C60L63,"POLYGON ((-58.87729999999999 -2.5296000000000007, -58.87729999999999 -2.529500000000001, -58.877199999999995 -2.529500000000001, -58.877199999999995 -2.5296000000000007, -58.87729999999999 -2.5296000000000007))"
2024,CORTE SELETIVO,C60L63,"POLYGON ((-58.87729999999999 -2.529500000000001, -58.877399999999994 -2.529500000000001, -58.877399999999994 -2.5294000000000008, -58.87729999999999 -2.5294000000000008, -58.87729999999999 -2.529500000000001))"
2024,CORTE SELETIVO,C60L63,"POLYGON ((-58.876599999999996 -2.524300000000001, -58.876599999999996 -2.524200000000001, -58.87649999999999 -2.524200000000001, -58.87649999999999 -2.524300000000001, -58.87639999999999 -2.524300000000001, -58.87639999999999 -2.524400000000001, -58.87669999999999 -2.524400000000001, -58.87669999999999 -2.524300000000001, -58.876599999999996 -2.524300000000001))"
2024,CORTE SELETIVO,C60L63,"POLYGON ((-58.82829999999999 -2.520300000000001, -58.82829999999999 -2.520200000000001, -58.828199999999995 -2.520200000000001, -58.828199999999995 -2.520400000000001, -58.82829999999999 -2.520400000000001, -58.82829999999999 -2.520500000000001, -58.828399999999995 -2.520500000000001, -58.828399999999995 -2.520300000000001, -58.82829999999999 -2.520300000000001))"
2024,CORTE SELETIVO,C60L63,"POLYGON ((-58.82269999999999 -2.519100000000001, -58.822799999999994 -2.519100000000001, -58.822799999999994 -2.519000000000001, -58.82269999999999 -2.519000000000001, -58.82269999999999 -2.519100000000001))"
2024,CORTE SELETIVO,C60L63,"POLYGON ((-58.819599999999994 -2.506900000000001, -58.819599999999994 -2.506800000000001, -58.81949999999999 -2.506800000000001, -58.81949999999999 -2.506900000000001, -58.819599999999994 -2.506900000000001))"
2024,CORTE SELETIVO,C60L63,"POLYGON ((-58.86399999999999 -2.504500000000001, -58.86399999999999 -2.504400000000001, -58.863899999999994 -2.504400000000001, -58.863899999999994 -2.504500000000001, -58.86399999999999 -2.504500000000001))"
2024,CORTE SELETIVO,C60L63,"POLYGON ((-58.86379999999999 -2.504400000000001, -58.863899999999994 -2.504400000000001, -58.863899999999994 -2.504300000000001, -58.86379999999999 -2.504300000000001, -58.86379999999999 -2.504400000000001))"
2024,CORTE SELETIVO,C60L63,"POLYGON ((-58.813599999999994 -2.5031000000000008, -58.813599999999994 -2.502900000000001, -58.81349999999999 -2.502900000000001, -58.81349999999999 -2.5031000000000008, -58.813599999999994 -2.5031000000000008))"
2024,CORTE SELETIVO,C60L63,"POLYGON ((-58.778299999999994 -2.730800000000001, -58.778299999999994 -2.730700000000001, -58.77819999999999 -2.730700000000001, -58.77819999999999 -2.730800000000001, -58.778099999999995 -2.730800000000001, -58.778099999999995 -2.730900000000001, -58.77839999999999 -2.730900000000001, -58.77839999999999 -2.730800000000001, -58.778299999999994 -2.730800000000001))"
2024,CORTE SELETIVO,C60L63,"POLYGON ((-58.770399999999995 -2.6868000000000007, -58.77049999999999 -2.6868000000000007, -58.77049999999999 -2.686700000000001, -58.770399999999995 -2.686700000000001, -58.770399999999995 -2.6868000000000007))"
2024,CORTE SELETIVO,C60L63,"POLYGON ((-58.76989999999999 -2.685200000000001, -58.76989999999999 -2.6851000000000007, -58.76979999999999 -2.6851000000000007, -58.76979999999999 -2.685200000000001, -58.76989999999999 -2.685200000000001))"
2024,CORTE SELETIVO,C60L63,"POLYGON ((-58.797799999999995 -2.634300000000001, -58.797799999999995 -2.6342000000000008, -58.79769999999999 -2.6342000000000008, -58.79769999999999 -2.634300000000001, -58.797799999999995 -2.634300000000001))"
2024,CORTE SELETIVO,C60L63,"POLYGON ((-58.75339999999999 -2.627100000000001, -58.753499999999995 -2.627100000000001, -58.753499999999995 -2.6270000000000007, -58.75339999999999 -2.6270000000000007, -58.75339999999999 -2.627100000000001))"
2024,CORTE SELETIVO,C60L63,"POLYGON ((-58.79719999999999 -2.6100000000000008, -58.79719999999999 -2.609900000000001, -58.79709999999999 -2.609900000000001, -58.79709999999999 -2.6100000000000008, -58.79719999999999 -2.6100000000000008))"
2024,CORTE SELETIVO,C60L63,"POLYGON ((-58.80259999999999 -2.597700000000001, -58.80259999999999 -2.597600000000001, -58.80239999999999 -2.597600000000001, -58.80239999999999 -2.597700000000001, -58.80259999999999 -2.597700000000001))"
2024,CORTE SELETIVO,C60L63,"POLYGON ((-58.80279999999999 -2.597700000000001, -58.802899999999994 -2.597700000000001, -58.802899999999994 -2.597500000000001, -58.80279999999999 -2.597500000000001, -58.80279999999999 -2.597700000000001))"
2024,CORTE SELETIVO,C60L63,"POLYGON ((-58.787499999999994 -2.5866000000000007, -58.787499999999994 -2.586900000000001, -58.787699999999994 -2.586900000000001, -58.787699999999994 -2.586700000000001, -58.78759999999999 -2.586700000000001, -58.78759999999999 -2.5866000000000007, -58.787499999999994 -2.5866000000000007))"
2024,CORTE SELETIVO,C60L63,"POLYGON ((-58.78759999999999 -2.586500000000001, -58.78759999999999 -2.5864000000000007, -58.787499999999994 -2.5864000000000007, -58.787499999999994 -2.586500000000001, -58.78759999999999 -2.586500000000001))"
2024,CORTE SELETIVO,C60L63,"POLYGON ((-58.78459999999999 -2.583300000000001, -58.784699999999994 -2.583300000000001, -58.784699999999994 -2.583200000000001, -58.78459999999999 -2.583200000000001, -58.78459999999999 -2.583300000000001))"
2024,CORTE SELETIVO,C60L63,"POLYGON ((-58.81239999999999 -2.544000000000001, -58.81239999999999 -2.5439000000000007, -58.81229999999999 -2.5439000000000007, -58.81229999999999 -2.544000000000001, -58.81239999999999 -2.544000000000001))"
2024,CORTE SELETIVO,C60L63,"POLYGON ((-58.81229999999999 -2.5338000000000007, -58.81229999999999 -2.5336000000000007, -58.81219999999999 -2.5336000000000007, -58.81219999999999 -2.5338000000000007, -58.81229999999999 -2.5338000000000007))"
2024,CORTE SELETIVO,C60L63,"POLYGON ((-58.79019999999999 -2.532400000000001, -58.79039999999999 -2.532400000000001, -58.79039999999999 -2.532300000000001, -58.79019999999999 -2.532300000000001, -58.79019999999999 -2.532400000000001))"
2024,CORTE SELETIVO,C60L63,"POLYGON ((-58.800799999999995 -2.532200000000001, -58.800799999999995 -2.532400000000001, -58.800999999999995 -2.532400000000001, -58.800999999999995 -2.532300000000001, -58.80089999999999 -2.532300000000001, -58.80089999999999 -2.532200000000001, -58.800799999999995 -2.532200000000001))"
2024,CORTE SELETIVO,C60L63,"POLYGON ((-58.79039999999999 -2.532200000000001, -58.79039999999999 -2.5321000000000007, -58.790299999999995 -2.5321000000000007, -58.790299999999995 -2.532200000000001, -58.79039999999999 -2.532200000000001))"
2024,CORTE SELETIVO,C60L63,"POLYGON ((-58.79999999999999 -2.531100000000001, -58.80009999999999 -2.531100000000001, -58.80009999999999 -2.531000000000001, -58.79999999999999 -2.531000000000001, -58.79999999999999 -2.531100000000001))"
2024,CORTE SELETIVO,C60L63,"POLYGON ((-58.791599999999995 -2.523600000000001, -58.791599999999995 -2.5235000000000007, -58.79149999999999 -2.5235000000000007, -58.79149999999999 -2.523600000000001, -58.791599999999995 -2.523600000000001))"
2024,CORTE SELETIVO,C60L63,"POLYGON ((-58.77419999999999 -2.523100000000001, -58.77419999999999 -2.522900000000001, -58.77389999999999 -2.522900000000001, -58.77389999999999 -2.523100000000001, -58.77419999999999 -2.523100000000001))"
2024,CORTE SELETIVO,C60L63,"POLYGON ((-58.77819999999999 -2.5075000000000007, -58.77819999999999 -2.507400000000001, -58.778099999999995 -2.507400000000001, -58.778099999999995 -2.5075000000000007, -58.77819999999999 -2.5075000000000007))"
2024,CORTE SELETIVO,C60L63,"POLYGON ((-58.778299999999994 -2.507400000000001, -58.778299999999994 -2.5073000000000008, -58.77819999999999 -2.5073000000000008, -58.77819999999999 -2.507400000000001, -58.778299999999994 -2.507400000000001))"
2024,CORTE SELETIVO,C60L63,"POLYGON ((-58.77859999999999 -2.5073000000000008, -58.77859999999999 -2.507200000000001, -58.778499999999994 -2.507200000000001, -58.778499999999994 -2.5073000000000008, -58.77859999999999 -2.5073000000000008))"
2024,CORTE SELETIVO,C60L63,"POLYGON ((-58.80239999999999 -2.501000000000001, -58.80239999999999 -2.500900000000001, -58.80219999999999 -2.500900000000001, -58.80219999999999 -2.501000000000001, -58.80239999999999 -2.501000000000001))"
2024,CORTE SELETIVO,C60L63,"POLYGON ((-58.95029999999999 -2.686300000000001, -58.950399999999995 -2.686300000000001, -58.950399999999995 -2.686200000000001, -58.95029999999999 -2.686200000000001, -58.95029999999999 -2.686300000000001))"
2024,CORTE SELETIVO,C60L63,"POLYGON ((-58.85549999999999 -2.589900000000001, -58.855599999999995 -2.589900000000001, -58.855599999999995 -2.5898000000000008, -58.85549999999999 -2.5898000000000008, -58.85549999999999 -2.589900000000001))"
2024,CORTE SELETIVO,C60L63,"POLYGON ((-58.855599999999995 -2.589700000000001, -58.85569999999999 -2.589700000000001, -58.85569999999999 -2.589600000000001, -58.855599999999995 -2.589600000000001, -58.855599999999995 -2.589700000000001))"
2024,CORTE SELETIVO,C60L63,"POLYGON ((-58.905899999999995 -2.531000000000001, -58.90599999999999 -2.531000000000001, -58.90599999999999 -2.530900000000001, -58.905899999999995 -2.530900000000001, -58.905899999999995 -2.531000000000001))"
2024,CORTE SELETIVO,C60L63,"POLYGON ((-58.822199999999995 -2.572400000000001, -58.822199999999995 -2.5725000000000007, -58.82229999999999 -2.5725000000000007, -58.82229999999999 -2.572400000000001, -58.822199999999995 -2.572400000000001))"
2024,CORTE SELETIVO,C60L63,"POLYGON ((-58.905699999999996 -2.531100000000001, -58.90599999999999 -2.531100000000001, -58.90599999999999 -2.531000000000001, -58.905699999999996 -2.531000000000001, -58.905699999999996 -2.531100000000001))"
2024,CORTE SELETIVO,C60L63,"POLYGON ((-58.82509999999999 -2.514100000000001, -58.825199999999995 -2.514100000000001, -58.825199999999995 -2.5140000000000007, -58.82509999999999 -2.5140000000000007, -58.82509999999999 -2.514100000000001))"
2024,CORTE SELETIVO,C60L63,"POLYGON ((-58.975699999999996 -2.695800000000001, -58.975699999999996 -2.695900000000001, -58.97579999999999 -2.695900000000001, -58.97579999999999 -2.695800000000001, -58.975699999999996 -2.695800000000001))"
2024,CORTE SELETIVO,C60L63,"POLYGON ((-58.96489999999999 -2.682000000000001, -58.964999999999996 -2.682000000000001, -58.964999999999996 -2.681900000000001, -58.96489999999999 -2.681900000000001, -58.96489999999999 -2.682000000000001))"
2024,CORTE SELETIVO,C60L63,"POLYGON ((-58.979299999999995 -2.660200000000001, -58.97939999999999 -2.660200000000001, -58.97939999999999 -2.660100000000001, -58.979299999999995 -2.660100000000001, -58.979299999999995 -2.660200000000001))"
2024,CORTE SELETIVO,C60L63,"POLYGON ((-58.979499999999994 -2.609000000000001, -58.979499999999994 -2.609100000000001, -58.97959999999999 -2.609100000000001, -58.97959999999999 -2.609000000000001, -58.979499999999994 -2.609000000000001))"
2024,CORTE SELETIVO,C60L63,"POLYGON ((-58.973699999999994 -2.606700000000001, -58.97379999999999 -2.606700000000001, -58.97379999999999 -2.6066000000000007, -58.973699999999994 -2.6066000000000007, -58.973699999999994 -2.606700000000001))"
2024,CORTE SELETIVO,C60L63,"POLYGON ((-58.97809999999999 -2.605700000000001, -58.978199999999994 -2.605700000000001, -58.978199999999994 -2.605500000000001, -58.97809999999999 -2.605500000000001, -58.97809999999999 -2.605700000000001))"
2024,CORTE SELETIVO,C60L63,"POLYGON ((-58.977799999999995 -2.605500000000001, -58.977799999999995 -2.605600000000001, -58.97789999999999 -2.605600000000001, -58.97789999999999 -2.605500000000001, -58.977799999999995 -2.605500000000001))"
2024,CORTE SELETIVO,C60L63,"POLYGON ((-58.97189999999999 -2.601200000000001, -58.971999999999994 -2.601200000000001, -58.971999999999994 -2.601100000000001, -58.97189999999999 -2.601100000000001, -58.97189999999999 -2.601200000000001))"
2024,CORTE SELETIVO,C60L63,"POLYGON ((-58.98669999999999 -2.593000000000001, -58.986799999999995 -2.593000000000001, -58.986799999999995 -2.592900000000001, -58.98669999999999 -2.592900000000001, -58.98669999999999 -2.593000000000001))"
2024,CORTE SELETIVO,C60L63,"POLYGON ((-58.97379999999999 -2.592400000000001, -58.97379999999999 -2.5925000000000007, -58.97399999999999 -2.5925000000000007, -58.97399999999999 -2.592200000000001, -58.97379999999999 -2.592200000000001, -58.97379999999999 -2.5923000000000007, -58.97389999999999 -2.5923000000000007, -58.97389999999999 -2.592400000000001, -58.97379999999999 -2.592400000000001))"
2024,CORTE SELETIVO,C60L63,"POLYGON ((-58.979899999999994 -2.5919000000000008, -58.97999999999999 -2.5919000000000008, -58.97999999999999 -2.591800000000001, -58.979899999999994 -2.591800000000001, -58.979899999999994 -2.5919000000000008))"
2024,CORTE SELETIVO,C60L63,"POLYGON ((-58.95949999999999 -2.5900000000000007, -58.959599999999995 -2.5900000000000007, -58.959599999999995 -2.589900000000001, -58.95949999999999 -2.589900000000001, -58.95949999999999 -2.5900000000000007))"
2024,CORTE SELETIVO,C60L63,"POLYGON ((-58.95929999999999 -2.589500000000001, -58.95929999999999 -2.589600000000001, -58.95949999999999 -2.589600000000001, -58.95949999999999 -2.589500000000001, -58.95929999999999 -2.589500000000001))"
2024,CORTE SELETIVO,C60L63,"POLYGON ((-58.96589999999999 -2.579300000000001, -58.965999999999994 -2.579300000000001, -58.965999999999994 -2.579200000000001, -58.96589999999999 -2.579200000000001, -58.96589999999999 -2.579300000000001))"
2024,CORTE SELETIVO,C60L63,"POLYGON ((-58.965999999999994 -2.579100000000001, -58.96609999999999 -2.579100000000001, -58.96609999999999 -2.579000000000001, -58.965999999999994 -2.579000000000001, -58.965999999999994 -2.579100000000001))"
2024,CORTE SELETIVO,C60L63,"POLYGON ((-58.96569999999999 -2.578900000000001, -58.96569999999999 -2.579000000000001, -58.965799999999994 -2.579000000000001, -58.965799999999994 -2.578900000000001, -58.96569999999999 -2.578900000000001))"
2024,CORTE SELETIVO,C60L63,"POLYGON ((-58.965799999999994 -2.578900000000001, -58.965999999999994 -2.578900000000001, -58.965999999999994 -2.578800000000001, -58.965799999999994 -2.578800000000001, -58.965799999999994 -2.578900000000001))"
2024,CORTE SELETIVO,C60L63,"POLYGON ((-58.953199999999995 -2.669000000000001, -58.95329999999999 -2.669000000000001, -58.95329999999999 -2.6689000000000007, -58.953199999999995 -2.6689000000000007, -58.953199999999995 -2.669000000000001))"
2024,CORTE SELETIVO,C60L63,"POLYGON ((-58.956599999999995 -2.613900000000001, -58.956599999999995 -2.6140000000000008, -58.95669999999999 -2.6140000000000008, -58.95669999999999 -2.613900000000001, -58.956599999999995 -2.613900000000001))"
2024,CORTE SELETIVO,C60L63,"POLYGON ((-58.95649999999999 -2.613800000000001, -58.956599999999995 -2.613800000000001, -58.956599999999995 -2.613700000000001, -58.95649999999999 -2.613700000000001, -58.95649999999999 -2.613800000000001))"
2024,CORTE SELETIVO,C60L63,"POLYGON ((-58.956599999999995 -2.611400000000001, -58.95669999999999 -2.611400000000001, -58.95669999999999 -2.611300000000001, -58.956599999999995 -2.611300000000001, -58.956599999999995 -2.611400000000001))"
2024,CORTE SELETIVO,C60L63,"POLYGON ((-58.95109999999999 -2.606100000000001, -58.95119999999999 -2.606100000000001, -58.95119999999999 -2.6060000000000008, -58.95109999999999 -2.6060000000000008, -58.95109999999999 -2.606100000000001))"
2024,CORTE SELETIVO,C60L63,"POLYGON ((-58.949799999999996 -2.602700000000001, -58.949999999999996 -2.602700000000001, -58.949999999999996 -2.6026000000000007, -58.949799999999996 -2.6026000000000007, -58.949799999999996 -2.602700000000001))"
2024,CORTE SELETIVO,C60L63,"POLYGON ((-58.94339999999999 -2.600200000000001, -58.94359999999999 -2.600200000000001, -58.94359999999999 -2.6001000000000007, -58.94339999999999 -2.6001000000000007, -58.94339999999999 -2.600200000000001))"
2024,CORTE SELETIVO,C60L63,"POLYGON ((-58.942699999999995 -2.600000000000001, -58.94279999999999 -2.600000000000001, -58.94279999999999 -2.5999000000000008, -58.942699999999995 -2.5999000000000008, -58.942699999999995 -2.600000000000001))"
2024,CORTE SELETIVO,C60L63,"POLYGON ((-58.943999999999996 -2.5978000000000008, -58.943999999999996 -2.597900000000001, -58.944199999999995 -2.597900000000001, -58.944199999999995 -2.5978000000000008, -58.943999999999996 -2.5978000000000008))"
2024,CORTE SELETIVO,C60L63,"POLYGON ((-58.956599999999995 -2.5942000000000007, -58.95669999999999 -2.5942000000000007, -58.95669999999999 -2.594100000000001, -58.956599999999995 -2.594100000000001, -58.956599999999995 -2.5942000000000007))"
2024,CORTE SELETIVO,C60L63,"POLYGON ((-58.949099999999994 -2.591100000000001, -58.94919999999999 -2.591100000000001, -58.94919999999999 -2.591000000000001, -58.949099999999994 -2.591000000000001, -58.949099999999994 -2.591100000000001))"
2024,CORTE SELETIVO,C60L63,"POLYGON ((-58.958099999999995 -2.591000000000001, -58.958099999999995 -2.591100000000001, -58.958299999999994 -2.591100000000001, -58.958299999999994 -2.591000000000001, -58.958099999999995 -2.591000000000001))"
2024,CORTE SELETIVO,C60L63,"POLYGON ((-58.95759999999999 -2.590900000000001, -58.957699999999996 -2.590900000000001, -58.957699999999996 -2.590800000000001, -58.95759999999999 -2.590800000000001, -58.95759999999999 -2.590900000000001))"
2024,CORTE SELETIVO,C60L63,"POLYGON ((-58.94769999999999 -2.586800000000001, -58.947799999999994 -2.586800000000001, -58.947799999999994 -2.586700000000001, -58.94769999999999 -2.586700000000001, -58.94769999999999 -2.586800000000001))"
2024,CORTE SELETIVO,C60L63,"POLYGON ((-58.94789999999999 -2.5866000000000007, -58.94789999999999 -2.586700000000001, -58.94799999999999 -2.586700000000001, -58.94799999999999 -2.5866000000000007, -58.94789999999999 -2.5866000000000007))"
2024,CORTE SELETIVO,C60L63,"POLYGON ((-58.947399999999995 -2.585300000000001, -58.94749999999999 -2.585300000000001, -58.94749999999999 -2.585200000000001, -58.947399999999995 -2.585200000000001, -58.947399999999995 -2.585300000000001))"
2024,CORTE SELETIVO,C60L63,"POLYGON ((-58.94749999999999 -2.5845000000000007, -58.947599999999994 -2.5845000000000007, -58.947599999999994 -2.584400000000001, -58.94749999999999 -2.584400000000001, -58.94749999999999 -2.5845000000000007))"
2024,CORTE SELETIVO,C60L63,"POLYGON ((-58.94169999999999 -2.6647000000000007, -58.94169999999999 -2.664800000000001, -58.94179999999999 -2.664800000000001, -58.94179999999999 -2.6647000000000007, -58.94169999999999 -2.6647000000000007))"
2024,CORTE SELETIVO,C60L63,"POLYGON ((-58.940099999999994 -2.6624000000000008, -58.94019999999999 -2.6624000000000008, -58.94019999999999 -2.662300000000001, -58.940099999999994 -2.662300000000001, -58.940099999999994 -2.6624000000000008))"
2024,CORTE SELETIVO,C60L63,"POLYGON ((-58.932399999999994 -2.609300000000001, -58.93249999999999 -2.609300000000001, -58.93249999999999 -2.609200000000001, -58.93229999999999 -2.609200000000001, -58.93229999999999 -2.609500000000001, -58.93249999999999 -2.609500000000001, -58.93249999999999 -2.609400000000001, -58.932399999999994 -2.609400000000001, -58.932399999999994 -2.609300000000001))"
2024,CORTE SELETIVO,C60L63,"POLYGON ((-58.94069999999999 -2.603000000000001, -58.94069999999999 -2.603100000000001, -58.940799999999996 -2.603100000000001, -58.940799999999996 -2.603000000000001, -58.94069999999999 -2.603000000000001))"
2024,CORTE SELETIVO,C60L63,"POLYGON ((-58.83409999999999 -2.598100000000001, -58.834199999999996 -2.598100000000001, -58.834199999999996 -2.5980000000000008, -58.83409999999999 -2.5980000000000008, -58.83409999999999 -2.598100000000001))"
2024,CORTE SELETIVO,C60L63,"POLYGON ((-58.80299999999999 -2.597700000000001, -58.80329999999999 -2.597700000000001, -58.80329999999999 -2.597500000000001, -58.80299999999999 -2.597500000000001, -58.80299999999999 -2.597700000000001))"
2024,CORTE SELETIVO,C60L63,"POLYGON ((-58.80579999999999 -2.596200000000001, -58.80579999999999 -2.5963000000000007, -58.805899999999994 -2.5963000000000007, -58.805899999999994 -2.596200000000001, -58.80579999999999 -2.596200000000001))"
2024,CORTE SELETIVO,C60L63,"POLYGON ((-58.807199999999995 -2.595200000000001, -58.80729999999999 -2.595200000000001, -58.80729999999999 -2.595100000000001, -58.807199999999995 -2.595100000000001, -58.807199999999995 -2.595200000000001))"
2024,CORTE SELETIVO,C60L63,"POLYGON ((-58.807599999999994 -2.594800000000001, -58.80769999999999 -2.594800000000001, -58.80769999999999 -2.594700000000001, -58.807599999999994 -2.594700000000001, -58.807599999999994 -2.594800000000001))"
2024,CORTE SELETIVO,C60L63,"POLYGON ((-58.808499999999995 -2.5942000000000007, -58.808499999999995 -2.5938000000000008, -58.80839999999999 -2.5938000000000008, -58.80839999999999 -2.594100000000001, -58.808299999999996 -2.594100000000001, -58.808299999999996 -2.5942000000000007, -58.808499999999995 -2.5942000000000007))"
2024,CORTE SELETIVO,C60L63,"POLYGON ((-58.808499999999995 -2.593700000000001, -58.80879999999999 -2.593700000000001, -58.80879999999999 -2.593500000000001, -58.808699999999995 -2.593500000000001, -58.808699999999995 -2.593600000000001, -58.80859999999999 -2.593600000000001, -58.80859999999999 -2.593500000000001, -58.808499999999995 -2.593500000000001, -58.808499999999995 -2.593700000000001))"
2024,CORTE SELETIVO,C60L63,"POLYGON ((-58.81009999999999 -2.5923000000000007, -58.810199999999995 -2.5923000000000007, -58.810199999999995 -2.592200000000001, -58.81009999999999 -2.592200000000001, -58.81009999999999 -2.5923000000000007))"
2024,CORTE SELETIVO,C60L63,"POLYGON ((-58.91349999999999 -2.588600000000001, -58.913599999999995 -2.588600000000001, -58.913599999999995 -2.5885000000000007, -58.91349999999999 -2.5885000000000007, -58.91349999999999 -2.588600000000001))"
2024,CORTE SELETIVO,C60L63,"POLYGON ((-58.911899999999996 -2.5883000000000007, -58.91199999999999 -2.5883000000000007, -58.91199999999999 -2.588200000000001, -58.911899999999996 -2.588200000000001, -58.911899999999996 -2.5883000000000007))"
2024,CORTE SELETIVO,C60L63,"POLYGON ((-58.91139999999999 -2.5883000000000007, -58.91149999999999 -2.5883000000000007, -58.91149999999999 -2.588200000000001, -58.91139999999999 -2.588200000000001, -58.91139999999999 -2.5883000000000007))"
2024,CORTE SELETIVO,C60L63,"POLYGON ((-58.91369999999999 -2.556000000000001, -58.913799999999995 -2.556000000000001, -58.913799999999995 -2.5559000000000007, -58.91369999999999 -2.5559000000000007, -58.91369999999999 -2.556000000000001))"
2024,CORTE SELETIVO,C60L63,"POLYGON ((-58.95029999999999 -2.686200000000001, -58.950399999999995 -2.686200000000001, -58.950399999999995 -2.686100000000001, -58.95029999999999 -2.686100000000001, -58.95029999999999 -2.686200000000001))"
2024,CORTE SELETIVO,C60L63,"POLYGON ((-58.95499999999999 -2.609900000000001, -58.955099999999995 -2.609900000000001, -58.955099999999995 -2.609800000000001, -58.95499999999999 -2.609800000000001, -58.95499999999999 -2.609900000000001))"
2024,CORTE SELETIVO,C60L63,"POLYGON ((-58.97679999999999 -2.605700000000001, -58.97689999999999 -2.605700000000001, -58.97689999999999 -2.605600000000001, -58.97679999999999 -2.605600000000001, -58.97679999999999 -2.605700000000001))"
2024,CORTE SELETIVO,C60L63,"POLYGON ((-58.81219999999999 -2.588900000000001, -58.81229999999999 -2.588900000000001, -58.81229999999999 -2.588800000000001, -58.81219999999999 -2.588800000000001, -58.81219999999999 -2.588900000000001))"
2024,CORTE SELETIVO,C60L63,"POLYGON ((-58.93449999999999 -2.654100000000001, -58.934599999999996 -2.654100000000001, -58.934599999999996 -2.654000000000001, -58.93449999999999 -2.654000000000001, -58.93449999999999 -2.654100000000001))"
2024,CORTE SELETIVO,C60L63,"POLYGON ((-58.93939999999999 -2.606300000000001, -58.939499999999995 -2.606300000000001, -58.939499999999995 -2.6062000000000007, -58.93939999999999 -2.6062000000000007, -58.93939999999999 -2.606300000000001))"
2024,CORTE SELETIVO,C60L63,"POLYGON ((-58.97249999999999 -2.605600000000001, -58.97259999999999 -2.605600000000001, -58.97259999999999 -2.605500000000001, -58.97249999999999 -2.605500000000001, -58.97249999999999 -2.605600000000001))"
2024,CORTE SELETIVO,C60L63,"POLYGON ((-58.97979999999999 -2.590500000000001, -58.979899999999994 -2.590500000000001, -58.979899999999994 -2.5904000000000007, -58.97979999999999 -2.5904000000000007, -58.97979999999999 -2.590500000000001))"
2024,CORTE SELETIVO,C60L63,"POLYGON ((-58.94449999999999 -2.668800000000001, -58.94449999999999 -2.6689000000000007, -58.944599999999994 -2.6689000000000007, -58.944599999999994 -2.668800000000001, -58.94449999999999 -2.668800000000001))"
2024,CORTE SELETIVO,C60L63,"POLYGON ((-58.812099999999994 -2.5439000000000007, -58.812099999999994 -2.544000000000001, -58.81219999999999 -2.544000000000001, -58.81219999999999 -2.5439000000000007, -58.812099999999994 -2.5439000000000007))"
2024,CORTE SELETIVO,C60L63,"POLYGON ((-58.97859999999999 -2.664800000000001, -58.97859999999999 -2.6649000000000007, -58.978699999999996 -2.6649000000000007, -58.978699999999996 -2.664800000000001, -58.97859999999999 -2.664800000000001))"
2024,CORTE SELETIVO,C60L63,"POLYGON ((-58.969699999999996 -2.655700000000001, -58.969699999999996 -2.655800000000001, -58.96979999999999 -2.655800000000001, -58.96979999999999 -2.655700000000001, -58.969699999999996 -2.655700000000001))"
2024,CORTE SELETIVO,C60L63,"POLYGON ((-58.979499999999994 -2.609400000000001, -58.979499999999994 -2.609500000000001, -58.97959999999999 -2.609500000000001, -58.97959999999999 -2.609400000000001, -58.979499999999994 -2.609400000000001))"
2024,CORTE SELETIVO,C60L63,"POLYGON ((-58.973499999999994 -2.607000000000001, -58.97359999999999 -2.607000000000001, -58.97359999999999 -2.606900000000001, -58.973499999999994 -2.606900000000001, -58.973499999999994 -2.607000000000001))"
2024,CORTE SELETIVO,C60L63,"POLYGON ((-58.977799999999995 -2.605800000000001, -58.97789999999999 -2.605800000000001, -58.97789999999999 -2.605700000000001, -58.977799999999995 -2.605700000000001, -58.977799999999995 -2.605800000000001))"
2024,CORTE SELETIVO,C60L63,"POLYGON ((-58.97689999999999 -2.605600000000001, -58.97689999999999 -2.605700000000001, -58.97699999999999 -2.605700000000001, -58.97699999999999 -2.605600000000001, -58.97689999999999 -2.605600000000001))"
2024,CORTE SELETIVO,C60L63,"POLYGON ((-58.97839999999999 -2.605500000000001, -58.97839999999999 -2.605600000000001, -58.97849999999999 -2.605600000000001, -58.97849999999999 -2.605500000000001, -58.97839999999999 -2.605500000000001))"
2024,CORTE SELETIVO,C60L63,"POLYGON ((-58.968199999999996 -2.605200000000001, -58.968199999999996 -2.605300000000001, -58.96829999999999 -2.605300000000001, -58.96829999999999 -2.605200000000001, -58.968199999999996 -2.605200000000001))"
2024,CORTE SELETIVO,C60L63,"POLYGON ((-58.96549999999999 -2.6047000000000007, -58.965599999999995 -2.6047000000000007, -58.965599999999995 -2.604600000000001, -58.96549999999999 -2.604600000000001, -58.96549999999999 -2.6047000000000007))"
2024,CORTE SELETIVO,C60L63,"POLYGON ((-58.962999999999994 -2.602900000000001, -58.96309999999999 -2.602900000000001, -58.96309999999999 -2.602800000000001, -58.962999999999994 -2.602800000000001, -58.962999999999994 -2.602900000000001))"
2024,CORTE SELETIVO,C60L63,"POLYGON ((-58.96019999999999 -2.593300000000001, -58.96019999999999 -2.593400000000001, -58.96029999999999 -2.593400000000001, -58.96029999999999 -2.593300000000001, -58.96019999999999 -2.593300000000001))"
2024,CORTE SELETIVO,C60L63,"POLYGON ((-58.979699999999994 -2.591800000000001, -58.979699999999994 -2.5919000000000008, -58.97979999999999 -2.5919000000000008, -58.97979999999999 -2.591800000000001, -58.979699999999994 -2.591800000000001))"
2024,CORTE SELETIVO,C60L63,"POLYGON ((-58.982899999999994 -2.589700000000001, -58.982899999999994 -2.5898000000000008, -58.98299999999999 -2.5898000000000008, -58.98299999999999 -2.589700000000001, -58.982899999999994 -2.589700000000001))"
2024,CORTE SELETIVO,C60L63,"POLYGON ((-58.962999999999994 -2.583100000000001, -58.96309999999999 -2.583100000000001, -58.96309999999999 -2.583000000000001, -58.962999999999994 -2.583000000000001, -58.962999999999994 -2.583100000000001))"
2024,CORTE SELETIVO,C60L63,"POLYGON ((-58.94489999999999 -2.679500000000001, -58.94499999999999 -2.679500000000001, -58.94499999999999 -2.679400000000001, -58.94489999999999 -2.679400000000001, -58.94489999999999 -2.679500000000001))"
2024,CORTE SELETIVO,C60L63,"POLYGON ((-58.95539999999999 -2.656600000000001, -58.95539999999999 -2.6567000000000007, -58.955499999999994 -2.6567000000000007, -58.955499999999994 -2.656600000000001, -58.95539999999999 -2.656600000000001))"
2024,CORTE SELETIVO,C60L63,"POLYGON ((-58.923899999999996 -2.645300000000001, -58.92399999999999 -2.645300000000001, -58.92399999999999 -2.645200000000001, -58.923899999999996 -2.645200000000001, -58.923899999999996 -2.645300000000001))"
2024,CORTE SELETIVO,C60L63,"POLYGON ((-58.921899999999994 -2.645000000000001, -58.92199999999999 -2.645000000000001, -58.92199999999999 -2.6449000000000007, -58.921899999999994 -2.6449000000000007, -58.921899999999994 -2.645000000000001))"
2024,CORTE SELETIVO,C60L63,"POLYGON ((-58.95669999999999 -2.613900000000001, -58.95669999999999 -2.6140000000000008, -58.956799999999994 -2.6140000000000008, -58.956799999999994 -2.613900000000001, -58.95669999999999 -2.613900000000001))"
2024,CORTE SELETIVO,C60L63,"POLYGON ((-58.959999999999994 -2.593000000000001, -58.96009999999999 -2.593000000000001, -58.96009999999999 -2.592900000000001, -58.959999999999994 -2.592900000000001, -58.959999999999994 -2.593000000000001))"
2024,CORTE SELETIVO,C60L63,"POLYGON ((-58.948699999999995 -2.591300000000001, -58.94879999999999 -2.591300000000001, -58.94879999999999 -2.591200000000001, -58.948699999999995 -2.591200000000001, -58.948699999999995 -2.591300000000001))"
2024,CORTE SELETIVO,C60L63,"POLYGON ((-58.957699999999996 -2.591000000000001, -58.957699999999996 -2.591100000000001, -58.95779999999999 -2.591100000000001, -58.95779999999999 -2.591000000000001, -58.957699999999996 -2.591000000000001))"
2024,CORTE SELETIVO,C60L63,"POLYGON ((-58.958299999999994 -2.590800000000001, -58.958299999999994 -2.590900000000001, -58.95839999999999 -2.590900000000001, -58.95839999999999 -2.590800000000001, -58.958299999999994 -2.590800000000001))"
2024,CORTE SELETIVO,C60L63,"POLYGON ((-58.958099999999995 -2.5866000000000007, -58.958099999999995 -2.586700000000001, -58.95819999999999 -2.586700000000001, -58.95819999999999 -2.5866000000000007, -58.958099999999995 -2.5866000000000007))"
2024,CORTE SELETIVO,C60L63,"POLYGON ((-58.95799999999999 -2.5866000000000007, -58.958099999999995 -2.5866000000000007, -58.958099999999995 -2.586500000000001, -58.95799999999999 -2.586500000000001, -58.95799999999999 -2.5866000000000007))"
2024,CORTE SELETIVO,C60L63,"POLYGON ((-58.94809999999999 -2.5866000000000007, -58.94819999999999 -2.5866000000000007, -58.94819999999999 -2.586500000000001, -58.94809999999999 -2.586500000000001, -58.94809999999999 -2.5866000000000007))"
2024,CORTE SELETIVO,C60L63,"POLYGON ((-58.94729999999999 -2.585200000000001, -58.94729999999999 -2.585300000000001, -58.947399999999995 -2.585300000000001, -58.947399999999995 -2.585200000000001, -58.94729999999999 -2.585200000000001))"
2024,CORTE SELETIVO,C60L63,"POLYGON ((-58.946299999999994 -2.584000000000001, -58.946299999999994 -2.5841000000000007, -58.94639999999999 -2.5841000000000007, -58.94639999999999 -2.584000000000001, -58.946299999999994 -2.584000000000001))"
2024,CORTE SELETIVO,C60L63,"POLYGON ((-58.88709999999999 -2.633200000000001, -58.88709999999999 -2.633300000000001, -58.88719999999999 -2.633300000000001, -58.88719999999999 -2.633200000000001, -58.88709999999999 -2.633200000000001))"
2024,CORTE SELETIVO,C60L63,"POLYGON ((-58.85009999999999 -2.601100000000001, -58.850199999999994 -2.601100000000001, -58.850199999999994 -2.601000000000001, -58.85009999999999 -2.601000000000001, -58.85009999999999 -2.601100000000001))"
2024,CORTE SELETIVO,C60L63,"POLYGON ((-58.827299999999994 -2.599100000000001, -58.82739999999999 -2.599100000000001, -58.82739999999999 -2.599000000000001, -58.827299999999994 -2.599000000000001, -58.827299999999994 -2.599100000000001))"
2024,CORTE SELETIVO,C60L63,"POLYGON ((-58.834199999999996 -2.5980000000000008, -58.834199999999996 -2.598100000000001, -58.83429999999999 -2.598100000000001, -58.83429999999999 -2.5980000000000008, -58.834199999999996 -2.5980000000000008))"
2024,CORTE SELETIVO,C60L63,"POLYGON ((-58.83389999999999 -2.5980000000000008, -58.83389999999999 -2.598100000000001, -58.83409999999999 -2.598100000000001, -58.83409999999999 -2.5980000000000008, -58.83389999999999 -2.5980000000000008))"
2024,CORTE SELETIVO,C60L63,"POLYGON ((-58.834399999999995 -2.597900000000001, -58.834399999999995 -2.5980000000000008, -58.83449999999999 -2.5980000000000008, -58.83449999999999 -2.597900000000001, -58.834399999999995 -2.597900000000001))"
2024,CORTE SELETIVO,C60L63,"POLYGON ((-58.80159999999999 -2.597900000000001, -58.80169999999999 -2.597900000000001, -58.80169999999999 -2.5978000000000008, -58.80159999999999 -2.5978000000000008, -58.80159999999999 -2.597900000000001))"
2024,CORTE SELETIVO,C60L63,"POLYGON ((-58.805499999999995 -2.596400000000001, -58.80559999999999 -2.596400000000001, -58.80559999999999 -2.5963000000000007, -58.805499999999995 -2.5963000000000007, -58.805499999999995 -2.596400000000001))"
2024,CORTE SELETIVO,C60L63,"POLYGON ((-58.806999999999995 -2.595200000000001, -58.806999999999995 -2.595300000000001, -58.80709999999999 -2.595300000000001, -58.80709999999999 -2.595200000000001, -58.806999999999995 -2.595200000000001))"
2024,CORTE SELETIVO,C60L63,"POLYGON ((-58.808699999999995 -2.593300000000001, -58.80879999999999 -2.593300000000001, -58.80879999999999 -2.593200000000001, -58.808699999999995 -2.593200000000001, -58.808699999999995 -2.593300000000001))"
2024,CORTE SELETIVO,C60L63,"POLYGON ((-58.81029999999999 -2.592400000000001, -58.810399999999994 -2.592400000000001, -58.810399999999994 -2.5923000000000007, -58.81029999999999 -2.5923000000000007, -58.81029999999999 -2.592400000000001))"
2024,CORTE SELETIVO,C60L63,"POLYGON ((-58.809999999999995 -2.5923000000000007, -58.809999999999995 -2.592400000000001, -58.81009999999999 -2.592400000000001, -58.81009999999999 -2.5923000000000007, -58.809999999999995 -2.5923000000000007))"
2024,CORTE SELETIVO,C60L63,"POLYGON ((-58.855799999999995 -2.589600000000001, -58.85589999999999 -2.589600000000001, -58.85589999999999 -2.589500000000001, -58.855799999999995 -2.589500000000001, -58.855799999999995 -2.589600000000001))"
2024,CORTE SELETIVO,C60L63,"POLYGON ((-58.81329999999999 -2.545900000000001, -58.813399999999994 -2.545900000000001, -58.813399999999994 -2.5458000000000007, -58.81329999999999 -2.5458000000000007, -58.81329999999999 -2.545900000000001))"
2024,CORTE SELETIVO,C60L63,"POLYGON ((-58.998999999999995 -2.7030000000000007, -58.99909999999999 -2.7030000000000007, -58.99909999999999 -2.702900000000001, -58.998999999999995 -2.702900000000001, -58.998999999999995 -2.7030000000000007))"
2024,CORTE SELETIVO,C60L63,"POLYGON ((-58.950199999999995 -2.686200000000001, -58.95029999999999 -2.686200000000001, -58.95029999999999 -2.686100000000001, -58.950199999999995 -2.686100000000001, -58.950199999999995 -2.686200000000001))"
2024,CORTE SELETIVO,C60L63,"POLYGON ((-58.952999999999996 -2.6811000000000007, -58.95309999999999 -2.6811000000000007, -58.95309999999999 -2.681000000000001, -58.952999999999996 -2.681000000000001, -58.952999999999996 -2.6811000000000007))"
2024,CORTE SELETIVO,C60L63,"POLYGON ((-58.946299999999994 -2.680300000000001, -58.94639999999999 -2.680300000000001, -58.94639999999999 -2.680200000000001, -58.946299999999994 -2.680200000000001, -58.946299999999994 -2.680300000000001))"
2024,CORTE SELETIVO,C60L63,"POLYGON ((-58.95909999999999 -2.674000000000001, -58.959199999999996 -2.674000000000001, -58.959199999999996 -2.673900000000001, -58.95909999999999 -2.673900000000001, -58.95909999999999 -2.674000000000001))"
2024,CORTE SELETIVO,C60L63,"POLYGON ((-58.98309999999999 -2.671300000000001, -58.98319999999999 -2.671300000000001, -58.98319999999999 -2.6712000000000007, -58.98309999999999 -2.6712000000000007, -58.98309999999999 -2.671300000000001))"
2024,CORTE SELETIVO,C60L63,"POLYGON ((-58.98319999999999 -2.6712000000000007, -58.98329999999999 -2.6712000000000007, -58.98329999999999 -2.671100000000001, -58.98319999999999 -2.671100000000001, -58.98319999999999 -2.6712000000000007))"
2024,CORTE SELETIVO,C60L63,"POLYGON ((-58.97389999999999 -2.666900000000001, -58.97389999999999 -2.6666000000000007, -58.97379999999999 -2.6666000000000007, -58.97379999999999 -2.666900000000001, -58.97389999999999 -2.666900000000001))"
2024,CORTE SELETIVO,C60L63,"POLYGON ((-58.97389999999999 -2.666500000000001, -58.97389999999999 -2.6664000000000008, -58.973699999999994 -2.6664000000000008, -58.973699999999994 -2.666500000000001, -58.97389999999999 -2.666500000000001))"
2024,CORTE SELETIVO,C60L63,"POLYGON ((-58.966899999999995 -2.663500000000001, -58.96699999999999 -2.663500000000001, -58.96699999999999 -2.663400000000001, -58.966899999999995 -2.663400000000001, -58.966899999999995 -2.663500000000001))"
2024,CORTE SELETIVO,C60L63,"POLYGON ((-58.964299999999994 -2.6632000000000007, -58.96439999999999 -2.6632000000000007, -58.96439999999999 -2.663100000000001, -58.964299999999994 -2.663100000000001, -58.964299999999994 -2.6632000000000007))"
2024,CORTE SELETIVO,C60L63,"POLYGON ((-58.965199999999996 -2.657200000000001, -58.96529999999999 -2.657200000000001, -58.96529999999999 -2.6571000000000007, -58.965199999999996 -2.6571000000000007, -58.965199999999996 -2.657200000000001))"
2024,CORTE SELETIVO,C60L63,"POLYGON ((-58.965199999999996 -2.6571000000000007, -58.965199999999996 -2.657000000000001, -58.96509999999999 -2.657000000000001, -58.96509999999999 -2.6571000000000007, -58.965199999999996 -2.6571000000000007))"
2024,CORTE SELETIVO,C60L63,"POLYGON ((-58.968999999999994 -2.649000000000001, -58.968999999999994 -2.6489000000000007, -58.96889999999999 -2.6489000000000007, -58.96889999999999 -2.649000000000001, -58.968999999999994 -2.649000000000001))"
2024,CORTE SELETIVO,C60L63,"POLYGON ((-58.97189999999999 -2.645600000000001, -58.97169999999999 -2.645600000000001, -58.97169999999999 -2.645700000000001, -58.971599999999995 -2.645700000000001, -58.971599999999995 -2.645800000000001, -58.97189999999999 -2.645800000000001, -58.97189999999999 -2.645600000000001))"
2024,CORTE SELETIVO,C60L63,"POLYGON ((-58.97959999999999 -2.609300000000001, -58.979699999999994 -2.609300000000001, -58.979699999999994 -2.609200000000001, -58.97959999999999 -2.609200000000001, -58.97959999999999 -2.609300000000001))"
2024,CORTE SELETIVO,C60L63,"POLYGON ((-58.96909999999999 -2.606900000000001, -58.969199999999994 -2.606900000000001, -58.969199999999994 -2.6068000000000007, -58.96909999999999 -2.6068000000000007, -58.96909999999999 -2.606900000000001))"
2024,CORTE SELETIVO,C60L63,"POLYGON ((-58.97279999999999 -2.605700000000001, -58.97279999999999 -2.605600000000001, -58.972699999999996 -2.605600000000001, -58.972699999999996 -2.605700000000001, -58.97279999999999 -2.605700000000001))"
2024,CORTE SELETIVO,C60L63,"POLYGON ((-58.96229999999999 -2.601600000000001, -58.96229999999999 -2.601500000000001, -58.96209999999999 -2.601500000000001, -58.96209999999999 -2.601600000000001, -58.96229999999999 -2.601600000000001))"
2024,CORTE SELETIVO,C60L63,"POLYGON ((-58.97169999999999 -2.6007000000000007, -58.97189999999999 -2.6007000000000007, -58.97189999999999 -2.6005000000000007, -58.97169999999999 -2.6005000000000007, -58.97169999999999 -2.6007000000000007))"
2024,CORTE SELETIVO,C60L63,"POLYGON ((-58.971599999999995 -2.6005000000000007, -58.97169999999999 -2.6005000000000007, -58.97169999999999 -2.600400000000001, -58.971599999999995 -2.600400000000001, -58.971599999999995 -2.6005000000000007))"
2024,CORTE SELETIVO,C60L63,"POLYGON ((-58.95119999999999 -2.597500000000001, -58.951299999999996 -2.597500000000001, -58.951299999999996 -2.597400000000001, -58.95119999999999 -2.597400000000001, -58.95119999999999 -2.597500000000001))"
2024,CORTE SELETIVO,C60L63,"POLYGON ((-58.94359999999999 -2.591600000000001, -58.94359999999999 -2.591500000000001, -58.94349999999999 -2.591500000000001, -58.94349999999999 -2.591700000000001, -58.94359999999999 -2.591700000000001, -58.94359999999999 -2.5919000000000008, -58.94369999999999 -2.5919000000000008, -58.94369999999999 -2.591600000000001, -58.94359999999999 -2.591600000000001))"
2024,CORTE SELETIVO,C60L63,"POLYGON ((-58.94899999999999 -2.5906000000000007, -58.94899999999999 -2.590500000000001, -58.948899999999995 -2.590500000000001, -58.948899999999995 -2.5906000000000007, -58.94899999999999 -2.5906000000000007))"
2024,CORTE SELETIVO,C60L63,"POLYGON ((-58.97639999999999 -2.586800000000001, -58.976499999999994 -2.586800000000001, -58.976499999999994 -2.586700000000001, -58.97639999999999 -2.586700000000001, -58.97639999999999 -2.586800000000001))"
2024,CORTE SELETIVO,C60L63,"POLYGON ((-58.962999999999994 -2.5801000000000007, -58.96309999999999 -2.5801000000000007, -58.96309999999999 -2.580000000000001, -58.962999999999994 -2.580000000000001, -58.962999999999994 -2.5801000000000007))"
2024,CORTE SELETIVO,C60L63,"POLYGON ((-58.83729999999999 -2.682000000000001, -58.83709999999999 -2.682000000000001, -58.83709999999999 -2.682200000000001, -58.837199999999996 -2.682200000000001, -58.837199999999996 -2.682300000000001, -58.83729999999999 -2.682300000000001, -58.83729999999999 -2.682000000000001))"
2024,CORTE SELETIVO,C60L63,"POLYGON ((-58.89019999999999 -2.674900000000001, -58.89019999999999 -2.675300000000001, -58.890299999999996 -2.675300000000001, -58.890299999999996 -2.675100000000001, -58.89039999999999 -2.675100000000001, -58.89039999999999 -2.674900000000001, -58.89019999999999 -2.674900000000001))"
2024,CORTE SELETIVO,C60L63,"POLYGON ((-58.900499999999994 -2.6590000000000007, -58.900499999999994 -2.659200000000001, -58.90059999999999 -2.659200000000001, -58.90059999999999 -2.659100000000001, -58.90069999999999 -2.659100000000001, -58.90069999999999 -2.6590000000000007, -58.900499999999994 -2.6590000000000007))"
2024,CORTE SELETIVO,C60L63,"POLYGON ((-58.902699999999996 -2.657600000000001, -58.90259999999999 -2.657600000000001, -58.90259999999999 -2.657500000000001, -58.902499999999996 -2.657500000000001, -58.902499999999996 -2.657800000000001, -58.90259999999999 -2.657800000000001, -58.90259999999999 -2.657700000000001, -58.902699999999996 -2.657700000000001, -58.902699999999996 -2.657600000000001))"
2024,CORTE SELETIVO,C60L63,"POLYGON ((-58.92399999999999 -2.608000000000001, -58.924099999999996 -2.608000000000001, -58.924099999999996 -2.6079000000000008, -58.92399999999999 -2.6079000000000008, -58.92399999999999 -2.608000000000001))"
2024,CORTE SELETIVO,C60L63,"POLYGON ((-58.92419999999999 -2.607700000000001, -58.924299999999995 -2.607700000000001, -58.924299999999995 -2.607600000000001, -58.92419999999999 -2.607600000000001, -58.92419999999999 -2.607700000000001))"
2024,CORTE SELETIVO,C60L63,"POLYGON ((-58.93939999999999 -2.607100000000001, -58.93939999999999 -2.607000000000001, -58.939299999999996 -2.607000000000001, -58.939299999999996 -2.607100000000001, -58.93939999999999 -2.607100000000001))"
2024,CORTE SELETIVO,C60L63,"POLYGON ((-58.830499999999994 -2.604000000000001, -58.830499999999994 -2.6039000000000008, -58.83039999999999 -2.6039000000000008, -58.83039999999999 -2.604000000000001, -58.830499999999994 -2.604000000000001))"
2024,CORTE SELETIVO,C60L63,"POLYGON ((-58.943299999999994 -2.591800000000001, -58.94339999999999 -2.591800000000001, -58.94339999999999 -2.591700000000001, -58.943299999999994 -2.591700000000001, -58.943299999999994 -2.591800000000001))"
2024,CORTE SELETIVO,C60L63,"POLYGON ((-58.834799999999994 -2.5799000000000007, -58.83489999999999 -2.5799000000000007, -58.83489999999999 -2.579800000000001, -58.834799999999994 -2.579800000000001, -58.834799999999994 -2.5799000000000007))"
2024,CORTE SELETIVO,C60L63,"POLYGON ((-58.845499999999994 -2.571000000000001, -58.84539999999999 -2.571000000000001, -58.84539999999999 -2.571100000000001, -58.84519999999999 -2.571100000000001, -58.84519999999999 -2.571200000000001, -58.845499999999994 -2.571200000000001, -58.845499999999994 -2.571000000000001))"
2024,CORTE SELETIVO,C60L63,"POLYGON ((-58.851299999999995 -2.5622000000000007, -58.851299999999995 -2.562100000000001, -58.851099999999995 -2.562100000000001, -58.851099999999995 -2.5622000000000007, -58.851299999999995 -2.5622000000000007))"
2024,CORTE SELETIVO,C60L63,"POLYGON ((-58.874399999999994 -2.549700000000001, -58.874399999999994 -2.5496000000000008, -58.87429999999999 -2.5496000000000008, -58.87429999999999 -2.549700000000001, -58.874399999999994 -2.549700000000001))"
2024,CORTE SELETIVO,C60L63,"POLYGON ((-58.882099999999994 -2.543300000000001, -58.88219999999999 -2.543300000000001, -58.88219999999999 -2.543200000000001, -58.882099999999994 -2.543200000000001, -58.882099999999994 -2.543300000000001))"
2024,CORTE SELETIVO,C60L63,"POLYGON ((-58.875699999999995 -2.534700000000001, -58.87579999999999 -2.534700000000001, -58.87579999999999 -2.534600000000001, -58.875699999999995 -2.534600000000001, -58.875699999999995 -2.534700000000001))"
2024,CORTE SELETIVO,C60L63,"POLYGON ((-58.852199999999996 -2.534500000000001, -58.852599999999995 -2.534500000000001, -58.852599999999995 -2.534400000000001, -58.852199999999996 -2.534400000000001, -58.852199999999996 -2.534500000000001))"
2024,CORTE SELETIVO,C60L63,"POLYGON ((-58.875299999999996 -2.534500000000001, -58.87539999999999 -2.534500000000001, -58.87539999999999 -2.534400000000001, -58.875299999999996 -2.534400000000001, -58.875299999999996 -2.534500000000001))"
2024,CORTE SELETIVO,C60L63,"POLYGON ((-58.886599999999994 -2.5334000000000008, -58.88669999999999 -2.5334000000000008, -58.88669999999999 -2.533300000000001, -58.886599999999994 -2.533300000000001, -58.886599999999994 -2.5334000000000008))"
2024,CORTE SELETIVO,C60L63,"POLYGON ((-58.86639999999999 -2.532900000000001, -58.86619999999999 -2.532900000000001, -58.86619999999999 -2.533000000000001, -58.866299999999995 -2.533000000000001, -58.866299999999995 -2.533100000000001, -58.86639999999999 -2.533100000000001, -58.86639999999999 -2.532900000000001))"
2024,CORTE SELETIVO,C60L63,"POLYGON ((-58.877199999999995 -2.529700000000001, -58.87729999999999 -2.529700000000001, -58.87729999999999 -2.5296000000000007, -58.877199999999995 -2.5296000000000007, -58.877199999999995 -2.529700000000001))"
2024,CORTE SELETIVO,C60L63,"POLYGON ((-58.838699999999996 -2.513700000000001, -58.838699999999996 -2.5136000000000007, -58.838499999999996 -2.5136000000000007, -58.838499999999996 -2.513700000000001, -58.838699999999996 -2.513700000000001))"
2024,CORTE SELETIVO,C60L63,"POLYGON ((-58.85999999999999 -2.509900000000001, -58.85999999999999 -2.5098000000000007, -58.859899999999996 -2.5098000000000007, -58.859899999999996 -2.509900000000001, -58.85999999999999 -2.509900000000001))"
2024,CORTE SELETIVO,C60L63,"POLYGON ((-58.83729999999999 -2.507800000000001, -58.837399999999995 -2.507800000000001, -58.837399999999995 -2.5077000000000007, -58.83729999999999 -2.5077000000000007, -58.83729999999999 -2.507800000000001))"
2024,CORTE SELETIVO,C60L63,"POLYGON ((-58.83539999999999 -2.506800000000001, -58.835499999999996 -2.506800000000001, -58.835499999999996 -2.506700000000001, -58.83539999999999 -2.506700000000001, -58.83539999999999 -2.506800000000001))"
2024,CORTE SELETIVO,C60L63,"POLYGON ((-58.85909999999999 -2.505500000000001, -58.859199999999994 -2.505500000000001, -58.859199999999994 -2.505300000000001, -58.85909999999999 -2.505300000000001, -58.85909999999999 -2.505500000000001))"
2024,CORTE SELETIVO,C60L63,"POLYGON ((-58.937799999999996 -2.5018000000000007, -58.937799999999996 -2.501700000000001, -58.93769999999999 -2.501700000000001, -58.93769999999999 -2.5018000000000007, -58.937799999999996 -2.5018000000000007))"
2024,CORTE SELETIVO,C60L63,"POLYGON ((-58.77839999999999 -2.730800000000001, -58.77839999999999 -2.730700000000001, -58.778299999999994 -2.730700000000001, -58.778299999999994 -2.730800000000001, -58.77839999999999 -2.730800000000001))"
2024,CORTE SELETIVO,C60L63,"POLYGON ((-58.76539999999999 -2.725900000000001, -58.765499999999996 -2.725900000000001, -58.765499999999996 -2.725800000000001, -58.76539999999999 -2.725800000000001, -58.76539999999999 -2.725900000000001))"
2024,CORTE SELETIVO,C60L63,"POLYGON ((-58.755599999999994 -2.705600000000001, -58.755799999999994 -2.705600000000001, -58.755799999999994 -2.705400000000001, -58.755599999999994 -2.705400000000001, -58.755599999999994 -2.705600000000001))"
2024,CORTE SELETIVO,C60L63,"POLYGON ((-58.756499999999996 -2.6870000000000007, -58.75659999999999 -2.6870000000000007, -58.75659999999999 -2.686900000000001, -58.756499999999996 -2.686900000000001, -58.756499999999996 -2.6870000000000007))"
2024,CORTE SELETIVO,C60L63,"POLYGON ((-58.756699999999995 -2.686700000000001, -58.756699999999995 -2.6868000000000007, -58.75679999999999 -2.6868000000000007, -58.75679999999999 -2.6870000000000007, -58.756899999999995 -2.6870000000000007, -58.756899999999995 -2.686700000000001, -58.756699999999995 -2.686700000000001))"
2024,CORTE SELETIVO,C60L63,"POLYGON ((-58.756699999999995 -2.686700000000001, -58.756699999999995 -2.6866000000000008, -58.75659999999999 -2.6866000000000008, -58.75659999999999 -2.686700000000001, -58.756699999999995 -2.686700000000001))"
2024,CORTE SELETIVO,C60L63,"POLYGON ((-58.752599999999994 -2.6708000000000007, -58.75269999999999 -2.6708000000000007, -58.75269999999999 -2.670700000000001, -58.752599999999994 -2.670700000000001, -58.752599999999994 -2.6708000000000007))"
2024,CORTE SELETIVO,C60L63,"POLYGON ((-58.75249999999999 -2.670700000000001, -58.752599999999994 -2.670700000000001, -58.752599999999994 -2.6706000000000008, -58.75249999999999 -2.6706000000000008, -58.75249999999999 -2.670700000000001))"
2024,CORTE SELETIVO,C60L63,"POLYGON ((-58.79749999999999 -2.634700000000001, -58.797599999999996 -2.634700000000001, -58.797599999999996 -2.6346000000000007, -58.79749999999999 -2.6346000000000007, -58.79749999999999 -2.634700000000001))"
2024,CORTE SELETIVO,C60L63,"POLYGON ((-58.79789999999999 -2.634500000000001, -58.79789999999999 -2.6344000000000007, -58.797799999999995 -2.6344000000000007, -58.797799999999995 -2.634500000000001, -58.79789999999999 -2.634500000000001))"
2024,CORTE SELETIVO,C60L63,"POLYGON ((-58.799099999999996 -2.5982000000000007, -58.799099999999996 -2.598100000000001, -58.79899999999999 -2.598100000000001, -58.79899999999999 -2.5982000000000007, -58.799099999999996 -2.5982000000000007))"
2024,CORTE SELETIVO,C60L63,"POLYGON ((-58.80239999999999 -2.597600000000001, -58.802499999999995 -2.597600000000001, -58.802499999999995 -2.597500000000001, -58.80239999999999 -2.597500000000001, -58.80239999999999 -2.597600000000001))"
2024,CORTE SELETIVO,C60L63,"POLYGON ((-58.802499999999995 -2.597500000000001, -58.80259999999999 -2.597500000000001, -58.80259999999999 -2.597400000000001, -58.802499999999995 -2.597400000000001, -58.802499999999995 -2.597500000000001))"
2024,CORTE SELETIVO,C60L63,"POLYGON ((-58.81219999999999 -2.589000000000001, -58.81229999999999 -2.589000000000001, -58.81229999999999 -2.588900000000001, -58.81219999999999 -2.588900000000001, -58.81219999999999 -2.589000000000001))"
2024,CORTE SELETIVO,C60L63,"POLYGON ((-58.812599999999996 -2.588400000000001, -58.812599999999996 -2.5883000000000007, -58.81239999999999 -2.5883000000000007, -58.81239999999999 -2.588400000000001, -58.812599999999996 -2.588400000000001))"
2024,CORTE SELETIVO,C60L63,"POLYGON ((-58.78759999999999 -2.5864000000000007, -58.78759999999999 -2.586300000000001, -58.787499999999994 -2.586300000000001, -58.787499999999994 -2.5864000000000007, -58.78759999999999 -2.5864000000000007))"
2024,CORTE SELETIVO,C60L63,"POLYGON ((-58.81239999999999 -2.562100000000001, -58.81249999999999 -2.562100000000001, -58.81249999999999 -2.5620000000000007, -58.81239999999999 -2.5620000000000007, -58.81239999999999 -2.562100000000001))"
2024,CORTE SELETIVO,C60L63,"POLYGON ((-58.805499999999995 -2.549900000000001, -58.80559999999999 -2.549900000000001, -58.80559999999999 -2.5498000000000007, -58.805499999999995 -2.5498000000000007, -58.805499999999995 -2.549900000000001))"
2024,CORTE SELETIVO,C60L63,"POLYGON ((-58.81799999999999 -2.539400000000001, -58.818099999999994 -2.539400000000001, -58.818099999999994 -2.539300000000001, -58.81799999999999 -2.539300000000001, -58.81799999999999 -2.539400000000001))"
2024,CORTE SELETIVO,C60L63,"POLYGON ((-58.81529999999999 -2.536600000000001, -58.81529999999999 -2.536400000000001, -58.81519999999999 -2.536400000000001, -58.81519999999999 -2.536600000000001, -58.81529999999999 -2.536600000000001))"
2024,CORTE SELETIVO,C60L63,"POLYGON ((-58.773999999999994 -2.523200000000001, -58.773999999999994 -2.523100000000001, -58.77389999999999 -2.523100000000001, -58.77389999999999 -2.523200000000001, -58.773999999999994 -2.523200000000001))"
2024,CORTE SELETIVO,C60L63,"POLYGON ((-58.773799999999994 -2.523100000000001, -58.77389999999999 -2.523100000000001, -58.77389999999999 -2.522800000000001, -58.773799999999994 -2.522800000000001, -58.773799999999994 -2.523100000000001))"
2024,CORTE SELETIVO,C60L63,"POLYGON ((-58.828199999999995 -2.5193000000000008, -58.828399999999995 -2.5193000000000008, -58.828399999999995 -2.519200000000001, -58.828199999999995 -2.519200000000001, -58.828199999999995 -2.5193000000000008))"
2024,CORTE SELETIVO,C60L63,"POLYGON ((-58.82269999999999 -2.518800000000001, -58.822799999999994 -2.518800000000001, -58.822799999999994 -2.518700000000001, -58.82269999999999 -2.518700000000001, -58.82269999999999 -2.518800000000001))"
2024,CORTE SELETIVO,C60L63,"POLYGON ((-58.813599999999994 -2.513700000000001, -58.813599999999994 -2.5136000000000007, -58.81349999999999 -2.5136000000000007, -58.81349999999999 -2.513700000000001, -58.813599999999994 -2.513700000000001))"
2024,CORTE SELETIVO,C60L63,"POLYGON ((-58.815799999999996 -2.506700000000001, -58.815799999999996 -2.506600000000001, -58.815599999999996 -2.506600000000001, -58.815599999999996 -2.506700000000001, -58.815799999999996 -2.506700000000001))"
2024,CORTE SELETIVO,C60L63,"POLYGON ((-58.90599999999999 -2.531100000000001, -58.90579999999999 -2.531100000000001, -58.90579999999999 -2.5313000000000008, -58.90599999999999 -2.5313000000000008, -58.90599999999999 -2.531100000000001))"
2024,CORTE SELETIVO,C60L63,"POLYGON ((-58.90359999999999 -2.659100000000001, -58.90359999999999 -2.659200000000001, -58.90369999999999 -2.659200000000001, -58.90369999999999 -2.659100000000001, -58.90359999999999 -2.659100000000001))"
2024,CORTE SELETIVO,C60L63,"POLYGON ((-58.980399999999996 -2.600800000000001, -58.980399999999996 -2.600900000000001, -58.98049999999999 -2.600900000000001, -58.98049999999999 -2.600800000000001, -58.980399999999996 -2.600800000000001))"
2024,CORTE SELETIVO,C60L63,"POLYGON ((-58.77009999999999 -2.514800000000001, -58.769999999999996 -2.514800000000001, -58.769999999999996 -2.514900000000001, -58.77009999999999 -2.514900000000001, -58.77009999999999 -2.514800000000001))"
2024,CORTE SELETIVO,C60L63,"POLYGON ((-58.96889999999999 -2.570800000000001, -58.96889999999999 -2.570900000000001, -58.968999999999994 -2.570900000000001, -58.968999999999994 -2.570800000000001, -58.96889999999999 -2.570800000000001))"
2024,CORTE SELETIVO,C60L63,"POLYGON ((-58.83639999999999 -2.514700000000001, -58.83639999999999 -2.514800000000001, -58.836499999999994 -2.514800000000001, -58.836499999999994 -2.514700000000001, -58.83639999999999 -2.514700000000001))"
2024,CORTE SELETIVO,C60L63,"POLYGON ((-58.934599999999996 -2.654100000000001, -58.93449999999999 -2.654100000000001, -58.93449999999999 -2.654200000000001, -58.934599999999996 -2.654200000000001, -58.934599999999996 -2.654100000000001))"
2024,CORTE SELETIVO,C60L63,"POLYGON ((-58.875699999999995 -2.523000000000001, -58.87559999999999 -2.523000000000001, -58.87559999999999 -2.523100000000001, -58.875699999999995 -2.523100000000001, -58.875699999999995 -2.523000000000001))"
2024,CORTE SELETIVO,C60L63,"POLYGON ((-58.95649999999999 -2.611800000000001, -58.95649999999999 -2.6119000000000008, -58.956599999999995 -2.6119000000000008, -58.956599999999995 -2.611800000000001, -58.95649999999999 -2.611800000000001))"
2024,CORTE SELETIVO,C60L63,"POLYGON ((-58.968399999999995 -2.6100000000000008, -58.96849999999999 -2.6100000000000008, -58.96849999999999 -2.609900000000001, -58.968399999999995 -2.609900000000001, -58.968399999999995 -2.6100000000000008))"
2024,CORTE SELETIVO,C60L63,"POLYGON ((-58.97919999999999 -2.607700000000001, -58.979299999999995 -2.607700000000001, -58.979299999999995 -2.607600000000001, -58.97919999999999 -2.607600000000001, -58.97919999999999 -2.607700000000001))"
2024,CORTE SELETIVO,C60L63,"POLYGON ((-58.982299999999995 -2.604000000000001, -58.982299999999995 -2.6041000000000007, -58.98239999999999 -2.6041000000000007, -58.98239999999999 -2.604000000000001, -58.982299999999995 -2.604000000000001))"
2024,CORTE SELETIVO,C60L63,"POLYGON ((-58.98299999999999 -2.601900000000001, -58.98309999999999 -2.601900000000001, -58.98309999999999 -2.601800000000001, -58.98299999999999 -2.601800000000001, -58.98299999999999 -2.601900000000001))"
2024,CORTE SELETIVO,C60L63,"POLYGON ((-58.971799999999995 -2.601200000000001, -58.97189999999999 -2.601200000000001, -58.97189999999999 -2.601100000000001, -58.971799999999995 -2.601100000000001, -58.971799999999995 -2.601200000000001))"
2024,CORTE SELETIVO,C60L63,"POLYGON ((-58.97169999999999 -2.601000000000001, -58.97169999999999 -2.600900000000001, -58.971599999999995 -2.600900000000001, -58.971599999999995 -2.600800000000001, -58.971399999999996 -2.600800000000001, -58.971399999999996 -2.600900000000001, -58.97149999999999 -2.600900000000001, -58.97149999999999 -2.601000000000001, -58.97169999999999 -2.601000000000001))"
2024,CORTE SELETIVO,C60L63,"POLYGON ((-58.96249999999999 -2.596900000000001, -58.962599999999995 -2.596900000000001, -58.962599999999995 -2.596800000000001, -58.96249999999999 -2.596800000000001, -58.96249999999999 -2.596900000000001))"
2024,CORTE SELETIVO,C60L63,"POLYGON ((-58.96229999999999 -2.595000000000001, -58.962399999999995 -2.595000000000001, -58.962399999999995 -2.594900000000001, -58.96229999999999 -2.594900000000001, -58.96229999999999 -2.595000000000001))"
2024,CORTE SELETIVO,C60L63,"POLYGON ((-58.96019999999999 -2.593100000000001, -58.96019999999999 -2.593200000000001, -58.96029999999999 -2.593200000000001, -58.96029999999999 -2.593100000000001, -58.96019999999999 -2.593100000000001))"
2024,CORTE SELETIVO,C60L63,"POLYGON ((-58.94919999999999 -2.591200000000001, -58.949299999999994 -2.591200000000001, -58.949299999999994 -2.591100000000001, -58.94919999999999 -2.591100000000001, -58.94919999999999 -2.591200000000001))"
2024,CORTE SELETIVO,C60L63,"POLYGON ((-58.958299999999994 -2.591100000000001, -58.95839999999999 -2.591100000000001, -58.95839999999999 -2.591000000000001, -58.958299999999994 -2.591000000000001, -58.958299999999994 -2.591100000000001))"
2024,CORTE SELETIVO,C60L63,"POLYGON ((-58.95199999999999 -2.5902000000000007, -58.95199999999999 -2.590300000000001, -58.952099999999994 -2.590300000000001, -58.952099999999994 -2.5902000000000007, -58.95199999999999 -2.5902000000000007))"
2024,CORTE SELETIVO,C60L63,"POLYGON ((-58.951699999999995 -2.590300000000001, -58.95179999999999 -2.590300000000001, -58.95179999999999 -2.5902000000000007, -58.951699999999995 -2.5902000000000007, -58.951699999999995 -2.590300000000001))"
2024,CORTE SELETIVO,C60L63,"POLYGON ((-58.94769999999999 -2.586900000000001, -58.947799999999994 -2.586900000000001, -58.947799999999994 -2.586800000000001, -58.94769999999999 -2.586800000000001, -58.94769999999999 -2.586900000000001))"
2024,CORTE SELETIVO,C60L63,"POLYGON ((-58.94799999999999 -2.5866000000000007, -58.94799999999999 -2.586700000000001, -58.94809999999999 -2.586700000000001, -58.94809999999999 -2.5866000000000007, -58.94799999999999 -2.5866000000000007))"
2024,CORTE SELETIVO,C60L63,"POLYGON ((-58.963899999999995 -2.5719000000000007, -58.96399999999999 -2.5719000000000007, -58.96399999999999 -2.5717000000000008, -58.963899999999995 -2.5717000000000008, -58.963899999999995 -2.5719000000000007))"
2024,CORTE SELETIVO,C60L63,"POLYGON ((-58.900099999999995 -2.659700000000001, -58.90019999999999 -2.659700000000001, -58.90019999999999 -2.659600000000001, -58.900099999999995 -2.659600000000001, -58.900099999999995 -2.659700000000001))"
2024,CORTE SELETIVO,C60L63,"POLYGON ((-58.93509999999999 -2.654700000000001, -58.93509999999999 -2.6548000000000007, -58.935199999999995 -2.6548000000000007, -58.935199999999995 -2.654700000000001, -58.93509999999999 -2.654700000000001))"
2024,CORTE SELETIVO,C60L63,"POLYGON ((-58.927099999999996 -2.645400000000001, -58.92719999999999 -2.645400000000001, -58.92719999999999 -2.645300000000001, -58.927099999999996 -2.645300000000001, -58.927099999999996 -2.645400000000001))"
2024,CORTE SELETIVO,C60L63,"POLYGON ((-58.931099999999994 -2.6085000000000007, -58.93119999999999 -2.6085000000000007, -58.93119999999999 -2.608400000000001, -58.931099999999994 -2.608400000000001, -58.931099999999994 -2.6085000000000007))"
2024,CORTE SELETIVO,C60L63,"POLYGON ((-58.94299999999999 -2.599800000000001, -58.94299999999999 -2.5999000000000008, -58.943099999999994 -2.5999000000000008, -58.943099999999994 -2.599800000000001, -58.94299999999999 -2.599800000000001))"
2024,CORTE SELETIVO,C60L63,"POLYGON ((-58.943099999999994 -2.599800000000001, -58.94319999999999 -2.599800000000001, -58.94319999999999 -2.599700000000001, -58.943099999999994 -2.599700000000001, -58.943099999999994 -2.599800000000001))"
2024,CORTE SELETIVO,C60L63,"POLYGON ((-58.924899999999994 -2.599800000000001, -58.92499999999999 -2.599800000000001, -58.92499999999999 -2.599700000000001, -58.924899999999994 -2.599700000000001, -58.924899999999994 -2.599800000000001))"
2024,CORTE SELETIVO,C60L63,"POLYGON ((-58.92399999999999 -2.592800000000001, -58.92399999999999 -2.592900000000001, -58.924099999999996 -2.592900000000001, -58.924099999999996 -2.592800000000001, -58.92399999999999 -2.592800000000001))"
2024,CORTE SELETIVO,C60L63,"POLYGON ((-58.922799999999995 -2.592400000000001, -58.92289999999999 -2.592400000000001, -58.92289999999999 -2.5923000000000007, -58.922799999999995 -2.5923000000000007, -58.922799999999995 -2.592400000000001))"
2024,CORTE SELETIVO,C60L63,"POLYGON ((-58.94339999999999 -2.592000000000001, -58.94349999999999 -2.592000000000001, -58.94349999999999 -2.591700000000001, -58.94339999999999 -2.591700000000001, -58.94339999999999 -2.592000000000001))"
2024,CORTE SELETIVO,C60L63,"POLYGON ((-58.942899999999995 -2.591500000000001, -58.942899999999995 -2.591600000000001, -58.94299999999999 -2.591600000000001, -58.94299999999999 -2.591500000000001, -58.942899999999995 -2.591500000000001))"
2024,CORTE SELETIVO,C60L63,"POLYGON ((-58.91609999999999 -2.591000000000001, -58.916199999999996 -2.591000000000001, -58.916199999999996 -2.590900000000001, -58.91609999999999 -2.590900000000001, -58.91609999999999 -2.591000000000001))"
2024,CORTE SELETIVO,C60L63,"POLYGON ((-58.91329999999999 -2.588800000000001, -58.913399999999996 -2.588800000000001, -58.913399999999996 -2.588700000000001, -58.91329999999999 -2.588700000000001, -58.91329999999999 -2.588800000000001))"
2024,CORTE SELETIVO,C60L63,"POLYGON ((-58.91149999999999 -2.5885000000000007, -58.91149999999999 -2.588600000000001, -58.911699999999996 -2.588600000000001, -58.911699999999996 -2.5885000000000007, -58.91149999999999 -2.5885000000000007))"
2024,CORTE SELETIVO,C60L63,"POLYGON ((-58.913199999999996 -2.5885000000000007, -58.91329999999999 -2.5885000000000007, -58.91329999999999 -2.588400000000001, -58.913199999999996 -2.588400000000001, -58.913199999999996 -2.5885000000000007))"
2024,CORTE SELETIVO,C60L63,"POLYGON ((-58.91159999999999 -2.588400000000001, -58.911699999999996 -2.588400000000001, -58.911699999999996 -2.5883000000000007, -58.91159999999999 -2.5883000000000007, -58.91159999999999 -2.588400000000001))"
2024,CORTE SELETIVO,C60L63,"POLYGON ((-58.91499999999999 -2.554600000000001, -58.91499999999999 -2.554800000000001, -58.915099999999995 -2.554800000000001, -58.915099999999995 -2.554600000000001, -58.91499999999999 -2.554600000000001))"
2024,CORTE SELETIVO,C60L63,"POLYGON ((-58.88689999999999 -2.633600000000001, -58.88699999999999 -2.633600000000001, -58.88699999999999 -2.633500000000001, -58.88689999999999 -2.633500000000001, -58.88689999999999 -2.633600000000001))"
2024,CORTE SELETIVO,C60L63,"POLYGON ((-58.890899999999995 -2.6285000000000007, -58.89099999999999 -2.6285000000000007, -58.89099999999999 -2.628400000000001, -58.890899999999995 -2.628400000000001, -58.890899999999995 -2.6285000000000007))"
2024,CORTE SELETIVO,C60L63,"POLYGON ((-58.890499999999996 -2.6283000000000007, -58.890499999999996 -2.628400000000001, -58.89059999999999 -2.628400000000001, -58.89059999999999 -2.6283000000000007, -58.890499999999996 -2.6283000000000007))"
2024,CORTE SELETIVO,C60L63,"POLYGON ((-58.80149999999999 -2.597900000000001, -58.80159999999999 -2.597900000000001, -58.80159999999999 -2.5978000000000008, -58.80149999999999 -2.5978000000000008, -58.80149999999999 -2.597900000000001))"
2024,CORTE SELETIVO,C60L63,"POLYGON ((-58.77139999999999 -2.596600000000001, -58.771499999999996 -2.596600000000001, -58.771499999999996 -2.5965000000000007, -58.77139999999999 -2.5965000000000007, -58.77139999999999 -2.596600000000001))"
2024,CORTE SELETIVO,C60L63,"POLYGON ((-58.80579999999999 -2.596400000000001, -58.80579999999999 -2.5965000000000007, -58.805899999999994 -2.5965000000000007, -58.805899999999994 -2.596400000000001, -58.80579999999999 -2.596400000000001))"
2024,CORTE SELETIVO,C60L63,"POLYGON ((-58.80559999999999 -2.596400000000001, -58.805699999999995 -2.596400000000001, -58.805699999999995 -2.5963000000000007, -58.80559999999999 -2.5963000000000007, -58.80559999999999 -2.596400000000001))"
2024,CORTE SELETIVO,C60L63,"POLYGON ((-58.80949999999999 -2.592800000000001, -58.809599999999996 -2.592800000000001, -58.809599999999996 -2.5927000000000007, -58.80949999999999 -2.5927000000000007, -58.80949999999999 -2.592800000000001))"
2024,CORTE SELETIVO,C60L63,"POLYGON ((-58.80989999999999 -2.5925000000000007, -58.80989999999999 -2.5927000000000007, -58.809999999999995 -2.5927000000000007, -58.809999999999995 -2.5925000000000007, -58.80989999999999 -2.5925000000000007))"
2024,CORTE SELETIVO,C60L63,"POLYGON ((-58.810199999999995 -2.5923000000000007, -58.810399999999994 -2.5923000000000007, -58.810399999999994 -2.592200000000001, -58.810199999999995 -2.592200000000001, -58.810199999999995 -2.5923000000000007))"
2024,CORTE SELETIVO,C60L63,"POLYGON ((-58.810199999999995 -2.5921000000000007, -58.810399999999994 -2.5921000000000007, -58.810399999999994 -2.592000000000001, -58.810199999999995 -2.592000000000001, -58.810199999999995 -2.5921000000000007))"
2024,CORTE SELETIVO,C60L63,"POLYGON ((-58.811499999999995 -2.590100000000001, -58.81159999999999 -2.590100000000001, -58.81159999999999 -2.5900000000000007, -58.811499999999995 -2.5900000000000007, -58.811499999999995 -2.590100000000001))"
2024,CORTE SELETIVO,C60L63,"POLYGON ((-58.811699999999995 -2.5900000000000007, -58.81179999999999 -2.5900000000000007, -58.81179999999999 -2.589900000000001, -58.811699999999995 -2.589900000000001, -58.811699999999995 -2.5900000000000007))"
2024,CORTE SELETIVO,C60L63,"POLYGON ((-58.80219999999999 -2.562600000000001, -58.802299999999995 -2.562600000000001, -58.802299999999995 -2.562500000000001, -58.80219999999999 -2.562500000000001, -58.80219999999999 -2.562600000000001))"
2024,CORTE SELETIVO,C60L63,"POLYGON ((-58.86959999999999 -2.513300000000001, -58.869699999999995 -2.513300000000001, -58.869699999999995 -2.5132000000000008, -58.86959999999999 -2.5132000000000008, -58.86959999999999 -2.513300000000001))"
2024,CORTE SELETIVO,C60L63,"POLYGON ((-58.98319999999999 -2.589600000000001, -58.98299999999999 -2.589600000000001, -58.98299999999999 -2.589700000000001, -58.98329999999999 -2.589700000000001, -58.98329999999999 -2.589500000000001, -58.98319999999999 -2.589500000000001, -58.98319999999999 -2.589600000000001))"
2024,CORTE SELETIVO,C60L63,"POLYGON ((-58.81229999999999 -2.589000000000001, -58.81249999999999 -2.589000000000001, -58.81249999999999 -2.588900000000001, -58.81229999999999 -2.588900000000001, -58.81229999999999 -2.589000000000001))"
2024,CORTE SELETIVO,C60L63,"POLYGON ((-58.947799999999994 -2.5847000000000007, -58.94799999999999 -2.5847000000000007, -58.94799999999999 -2.5845000000000007, -58.947799999999994 -2.5845000000000007, -58.947799999999994 -2.5847000000000007))"
2024,CORTE SELETIVO,C60L63,"POLYGON ((-58.97429999999999 -2.5780000000000007, -58.97429999999999 -2.577500000000001, -58.97399999999999 -2.577500000000001, -58.97399999999999 -2.5780000000000007, -58.97429999999999 -2.5780000000000007))"
2024,CORTE SELETIVO,C60L63,"POLYGON ((-58.891799999999996 -2.5757000000000008, -58.891799999999996 -2.575500000000001, -58.89149999999999 -2.575500000000001, -58.89149999999999 -2.5757000000000008, -58.891799999999996 -2.5757000000000008))"
2024,CORTE SELETIVO,C60L63,"POLYGON ((-58.90579999999999 -2.531100000000001, -58.905699999999996 -2.531100000000001, -58.905699999999996 -2.5313000000000008, -58.90579999999999 -2.5313000000000008, -58.90579999999999 -2.531100000000001))"
2024,CORTE SELETIVO,C60L63,"POLYGON ((-58.96759999999999 -2.6847000000000008, -58.96759999999999 -2.684800000000001, -58.967699999999994 -2.684800000000001, -58.967699999999994 -2.6847000000000008, -58.96759999999999 -2.6847000000000008))"
2024,CORTE SELETIVO,C60L63,"POLYGON ((-58.946299999999994 -2.680600000000001, -58.94639999999999 -2.680600000000001, -58.94639999999999 -2.6805000000000008, -58.946299999999994 -2.6805000000000008, -58.946299999999994 -2.680600000000001))"
2024,CORTE SELETIVO,C60L63,"POLYGON ((-58.958999999999996 -2.674100000000001, -58.95909999999999 -2.674100000000001, -58.95909999999999 -2.674000000000001, -58.958999999999996 -2.674000000000001, -58.958999999999996 -2.674100000000001))"
2024,CORTE SELETIVO,C60L63,"POLYGON ((-58.97789999999999 -2.671600000000001, -58.97789999999999 -2.671700000000001, -58.97809999999999 -2.671700000000001, -58.97809999999999 -2.671600000000001, -58.97789999999999 -2.671600000000001))"
2024,CORTE SELETIVO,C60L63,"POLYGON ((-58.98329999999999 -2.671100000000001, -58.983399999999996 -2.671100000000001, -58.983399999999996 -2.6710000000000007, -58.98329999999999 -2.6710000000000007, -58.98329999999999 -2.671100000000001))"
2024,CORTE SELETIVO,C60L63,"POLYGON ((-58.96719999999999 -2.651500000000001, -58.967299999999994 -2.651500000000001, -58.967299999999994 -2.651400000000001, -58.96719999999999 -2.651400000000001, -58.96719999999999 -2.651500000000001))"
2024,CORTE SELETIVO,C60L63,"POLYGON ((-58.96679999999999 -2.651300000000001, -58.96679999999999 -2.651600000000001, -58.966899999999995 -2.651600000000001, -58.966899999999995 -2.651300000000001, -58.96679999999999 -2.651300000000001))"
2024,CORTE SELETIVO,C60L63,"POLYGON ((-58.966899999999995 -2.651300000000001, -58.967099999999995 -2.651300000000001, -58.967099999999995 -2.651200000000001, -58.966899999999995 -2.651200000000001, -58.966899999999995 -2.651300000000001))"
2024,CORTE SELETIVO,C60L63,"POLYGON ((-58.90109999999999 -2.641700000000001, -58.901199999999996 -2.641700000000001, -58.901199999999996 -2.641600000000001, -58.90109999999999 -2.641600000000001, -58.90109999999999 -2.641700000000001))"
2024,CORTE SELETIVO,C60L63,"POLYGON ((-58.96949999999999 -2.606700000000001, -58.96949999999999 -2.6066000000000007, -58.968999999999994 -2.6066000000000007, -58.968999999999994 -2.6068000000000007, -58.96939999999999 -2.6068000000000007, -58.96939999999999 -2.606700000000001, -58.96949999999999 -2.606700000000001))"
2024,CORTE SELETIVO,C60L63,"POLYGON ((-58.94029999999999 -2.604900000000001, -58.94039999999999 -2.604900000000001, -58.94039999999999 -2.604800000000001, -58.94029999999999 -2.604800000000001, -58.94029999999999 -2.604900000000001))"
2024,CORTE SELETIVO,C60L63,"POLYGON ((-58.98029999999999 -2.601000000000001, -58.980599999999995 -2.601000000000001, -58.980599999999995 -2.600900000000001, -58.98029999999999 -2.600900000000001, -58.98029999999999 -2.601000000000001))"
2024,CORTE SELETIVO,C60L63,"POLYGON ((-58.964299999999994 -2.595100000000001, -58.964299999999994 -2.595200000000001, -58.96439999999999 -2.595200000000001, -58.96439999999999 -2.595100000000001, -58.964299999999994 -2.595100000000001))"
2024,CORTE SELETIVO,C60L63,"POLYGON ((-58.96459999999999 -2.594900000000001, -58.96439999999999 -2.594900000000001, -58.96439999999999 -2.595000000000001, -58.964499999999994 -2.595000000000001, -58.964499999999994 -2.595100000000001, -58.96459999999999 -2.595100000000001, -58.96459999999999 -2.594900000000001))"
2024,CORTE SELETIVO,C60L63,"POLYGON ((-58.98109999999999 -2.5904000000000007, -58.981199999999994 -2.5904000000000007, -58.981199999999994 -2.5902000000000007, -58.98109999999999 -2.5902000000000007, -58.98109999999999 -2.5904000000000007))"
2024,CORTE SELETIVO,C60L63,"POLYGON ((-58.95369999999999 -2.5866000000000007, -58.95369999999999 -2.586700000000001, -58.953799999999994 -2.586700000000001, -58.953799999999994 -2.5866000000000007, -58.95369999999999 -2.5866000000000007))"
2024,CORTE SELETIVO,C60L63,"POLYGON ((-58.962199999999996 -2.578100000000001, -58.96229999999999 -2.578100000000001, -58.96229999999999 -2.5780000000000007, -58.962199999999996 -2.5780000000000007, -58.962199999999996 -2.578100000000001))"
2024,CORTE SELETIVO,C60L63,"POLYGON ((-58.89399999999999 -2.649200000000001, -58.894099999999995 -2.649200000000001, -58.894099999999995 -2.6491000000000007, -58.89399999999999 -2.6491000000000007, -58.89399999999999 -2.649200000000001))"
2024,CORTE SELETIVO,C60L63,"POLYGON ((-58.900999999999996 -2.641500000000001, -58.900999999999996 -2.641600000000001, -58.90109999999999 -2.641600000000001, -58.90109999999999 -2.641500000000001, -58.900999999999996 -2.641500000000001))"
2024,CORTE SELETIVO,C60L63,"POLYGON ((-58.81439999999999 -2.621200000000001, -58.814499999999995 -2.621200000000001, -58.814499999999995 -2.6209000000000007, -58.814299999999996 -2.6209000000000007, -58.814299999999996 -2.620800000000001, -58.814099999999996 -2.620800000000001, -58.814099999999996 -2.6209000000000007, -58.81399999999999 -2.6209000000000007, -58.81399999999999 -2.621000000000001, -58.81439999999999 -2.621000000000001, -58.81439999999999 -2.621200000000001))"
2024,CORTE SELETIVO,C60L63,"POLYGON ((-58.89359999999999 -2.602800000000001, -58.89379999999999 -2.602800000000001, -58.89379999999999 -2.602700000000001, -58.89359999999999 -2.602700000000001, -58.89359999999999 -2.602800000000001))"
2024,CORTE SELETIVO,C60L63,"POLYGON ((-58.85569999999999 -2.589600000000001, -58.855799999999995 -2.589600000000001, -58.855799999999995 -2.589500000000001, -58.85569999999999 -2.589500000000001, -58.85569999999999 -2.589600000000001))"
2024,CORTE SELETIVO,C60L63,"POLYGON ((-58.818999999999996 -2.577900000000001, -58.81909999999999 -2.577900000000001, -58.81909999999999 -2.5778000000000008, -58.818999999999996 -2.5778000000000008, -58.818999999999996 -2.577900000000001))"
2024,CORTE SELETIVO,C60L63,"POLYGON ((-58.819199999999995 -2.557000000000001, -58.81929999999999 -2.557000000000001, -58.81929999999999 -2.556900000000001, -58.819199999999995 -2.556900000000001, -58.819199999999995 -2.557000000000001))"
2024,CORTE SELETIVO,C60L63,"POLYGON ((-58.84119999999999 -2.543000000000001, -58.84129999999999 -2.543000000000001, -58.84129999999999 -2.542900000000001, -58.84139999999999 -2.542900000000001, -58.84139999999999 -2.543000000000001, -58.84159999999999 -2.543000000000001, -58.84159999999999 -2.542900000000001, -58.841499999999996 -2.542900000000001, -58.841499999999996 -2.542800000000001, -58.84139999999999 -2.542800000000001, -58.84139999999999 -2.542700000000001, -58.840999999999994 -2.542700000000001, -58.840999999999994 -2.542800000000001, -58.84089999999999 -2.542800000000001, -58.84089999999999 -2.542900000000001, -58.84119999999999 -2.542900000000001, -58.84119999999999 -2.543000000000001))"
2024,CORTE SELETIVO,C60L63,"POLYGON ((-58.84879999999999 -2.538400000000001, -58.84879999999999 -2.538500000000001, -58.84889999999999 -2.538500000000001, -58.84889999999999 -2.538400000000001, -58.84879999999999 -2.538400000000001))"
2024,CORTE SELETIVO,C60L63,"POLYGON ((-58.81519999999999 -2.536400000000001, -58.81529999999999 -2.536400000000001, -58.81529999999999 -2.5363000000000007, -58.81519999999999 -2.5363000000000007, -58.81519999999999 -2.536400000000001))"
2024,CORTE SELETIVO,C60L63,"POLYGON ((-58.84069999999999 -2.5336000000000007, -58.840799999999994 -2.5336000000000007, -58.840799999999994 -2.533500000000001, -58.84069999999999 -2.533500000000001, -58.84069999999999 -2.5336000000000007))"
2024,CORTE SELETIVO,C60L63,"POLYGON ((-58.87919999999999 -2.525500000000001, -58.87919999999999 -2.5256000000000007, -58.87929999999999 -2.5256000000000007, -58.87929999999999 -2.525500000000001, -58.87919999999999 -2.525500000000001))"
2024,CORTE SELETIVO,C60L63,"POLYGON ((-58.88269999999999 -2.515800000000001, -58.882799999999996 -2.515800000000001, -58.882799999999996 -2.5157000000000007, -58.88269999999999 -2.5157000000000007, -58.88269999999999 -2.515800000000001))"
2024,CORTE SELETIVO,C60L63,"POLYGON ((-58.835499999999996 -2.506800000000001, -58.83559999999999 -2.506800000000001, -58.83559999999999 -2.506700000000001, -58.835499999999996 -2.506700000000001, -58.835499999999996 -2.506800000000001))"
2024,CORTE SELETIVO,C60L63,"POLYGON ((-58.83529999999999 -2.506700000000001, -58.83529999999999 -2.506800000000001, -58.83539999999999 -2.506800000000001, -58.83539999999999 -2.506700000000001, -58.83529999999999 -2.506700000000001))"
2024,CORTE SELETIVO,C60L63,"POLYGON ((-58.86429999999999 -2.506600000000001, -58.864399999999996 -2.506600000000001, -58.864399999999996 -2.506400000000001, -58.86429999999999 -2.506400000000001, -58.86429999999999 -2.506600000000001))"
2024,CORTE SELETIVO,C60L63,"POLYGON ((-58.86449999999999 -2.506500000000001, -58.864599999999996 -2.506500000000001, -58.864599999999996 -2.506400000000001, -58.86449999999999 -2.506400000000001, -58.86449999999999 -2.506500000000001))"
2024,CORTE SELETIVO,C60L63,"POLYGON ((-58.77839999999999 -2.730800000000001, -58.77839999999999 -2.730900000000001, -58.778499999999994 -2.730900000000001, -58.778499999999994 -2.730800000000001, -58.77839999999999 -2.730800000000001))"
2024,CORTE SELETIVO,C60L63,"POLYGON ((-58.770999999999994 -2.688200000000001, -58.77109999999999 -2.688200000000001, -58.77109999999999 -2.688100000000001, -58.770999999999994 -2.688100000000001, -58.770999999999994 -2.688200000000001))"
2024,CORTE SELETIVO,C60L63,"POLYGON ((-58.79789999999999 -2.634500000000001, -58.797999999999995 -2.634500000000001, -58.797999999999995 -2.6342000000000008, -58.79789999999999 -2.6342000000000008, -58.79789999999999 -2.634500000000001))"
2024,CORTE SELETIVO,C60L63,"POLYGON ((-58.797799999999995 -2.634100000000001, -58.797799999999995 -2.6342000000000008, -58.79789999999999 -2.6342000000000008, -58.79789999999999 -2.634100000000001, -58.797799999999995 -2.634100000000001))"
2024,CORTE SELETIVO,C60L63,"POLYGON ((-58.78779999999999 -2.586500000000001, -58.78789999999999 -2.586500000000001, -58.78789999999999 -2.5864000000000007, -58.78779999999999 -2.5864000000000007, -58.78779999999999 -2.586500000000001))"
2024,CORTE SELETIVO,C60L63,"POLYGON ((-58.787499999999994 -2.580000000000001, -58.787699999999994 -2.580000000000001, -58.787699999999994 -2.579800000000001, -58.787499999999994 -2.579800000000001, -58.787499999999994 -2.580000000000001))"
2024,CORTE SELETIVO,C60L63,"POLYGON ((-58.81239999999999 -2.562100000000001, -58.81239999999999 -2.5622000000000007, -58.81249999999999 -2.5622000000000007, -58.81249999999999 -2.562100000000001, -58.81239999999999 -2.562100000000001))"
2024,CORTE SELETIVO,C60L63,"POLYGON ((-58.81229999999999 -2.534100000000001, -58.81239999999999 -2.534100000000001, -58.81239999999999 -2.533900000000001, -58.81229999999999 -2.533900000000001, -58.81229999999999 -2.534100000000001))"
2024,CORTE SELETIVO,C60L63,"POLYGON ((-58.78979999999999 -2.5321000000000007, -58.789899999999996 -2.5321000000000007, -58.789899999999996 -2.5319000000000007, -58.78979999999999 -2.5319000000000007, -58.78979999999999 -2.5321000000000007))"
2024,CORTE SELETIVO,C60L63,"POLYGON ((-58.77409999999999 -2.523100000000001, -58.77409999999999 -2.523200000000001, -58.77419999999999 -2.523200000000001, -58.77419999999999 -2.523100000000001, -58.77409999999999 -2.523100000000001))"
2024,CORTE SELETIVO,C60L63,"POLYGON ((-58.81009999999999 -2.517300000000001, -58.810399999999994 -2.517300000000001, -58.810399999999994 -2.5172000000000008, -58.81009999999999 -2.5172000000000008, -58.81009999999999 -2.517300000000001))"
2024,CORTE SELETIVO,C60L63,"POLYGON ((-58.77819999999999 -2.507600000000001, -58.778299999999994 -2.507600000000001, -58.778299999999994 -2.5075000000000007, -58.77819999999999 -2.5075000000000007, -58.77819999999999 -2.507600000000001))"
2024,CORTE SELETIVO,C60L63,"POLYGON ((-58.807399999999994 -2.507400000000001, -58.80749999999999 -2.507400000000001, -58.80749999999999 -2.507200000000001, -58.807399999999994 -2.507200000000001, -58.807399999999994 -2.507400000000001))"
2024,CORTE SELETIVO,C60L63,"POLYGON ((-58.80729999999999 -2.507200000000001, -58.807399999999994 -2.507200000000001, -58.807399999999994 -2.5071000000000008, -58.80729999999999 -2.5071000000000008, -58.80729999999999 -2.507200000000001))"
2024,CORTE SELETIVO,C60L63,"POLYGON ((-58.81389999999999 -2.5012000000000008, -58.81399999999999 -2.5012000000000008, -58.81399999999999 -2.501100000000001, -58.81389999999999 -2.501100000000001, -58.81389999999999 -2.5012000000000008))"
2024,CORTE SELETIVO,C60L63,"POLYGON ((-58.78829999999999 -2.500100000000001, -58.788399999999996 -2.500100000000001, -58.788399999999996 -2.500000000000001, -58.78829999999999 -2.500000000000001, -58.78829999999999 -2.500100000000001))"
2024,CORTE SELETIVO,C60L63,"POLYGON ((-58.96359999999999 -2.686900000000001, -58.963499999999996 -2.686900000000001, -58.963499999999996 -2.6870000000000007, -58.96359999999999 -2.6870000000000007, -58.96359999999999 -2.686900000000001))"
2024,CORTE SELETIVO,C60L63,"POLYGON ((-58.954499999999996 -2.670200000000001, -58.954499999999996 -2.670300000000001, -58.95459999999999 -2.670300000000001, -58.95459999999999 -2.670200000000001, -58.954499999999996 -2.670200000000001))"
2024,CORTE SELETIVO,C60L63,"POLYGON ((-58.97829999999999 -2.605600000000001, -58.97829999999999 -2.605700000000001, -58.97839999999999 -2.605700000000001, -58.97839999999999 -2.605600000000001, -58.97829999999999 -2.605600000000001))"
2024,CORTE SELETIVO,C60L63,"POLYGON ((-58.97259999999999 -2.605600000000001, -58.97249999999999 -2.605600000000001, -58.97249999999999 -2.605700000000001, -58.97259999999999 -2.605700000000001, -58.97259999999999 -2.605600000000001))"
2024,CORTE SELETIVO,C60L63,"POLYGON ((-58.970299999999995 -2.599300000000001, -58.970299999999995 -2.599400000000001, -58.97039999999999 -2.599400000000001, -58.97039999999999 -2.599300000000001, -58.970299999999995 -2.599300000000001))"
2024,CORTE SELETIVO,C60L63,"POLYGON ((-58.96119999999999 -2.595700000000001, -58.96119999999999 -2.595800000000001, -58.961299999999994 -2.595800000000001, -58.961299999999994 -2.595700000000001, -58.96119999999999 -2.595700000000001))"
2024,CORTE SELETIVO,C60L63,"POLYGON ((-58.95889999999999 -2.5942000000000007, -58.95879999999999 -2.5942000000000007, -58.95879999999999 -2.594300000000001, -58.95889999999999 -2.594300000000001, -58.95889999999999 -2.5942000000000007))"
2024,CORTE SELETIVO,C60L63,"POLYGON ((-58.979899999999994 -2.591600000000001, -58.979899999999994 -2.591700000000001, -58.97999999999999 -2.591700000000001, -58.97999999999999 -2.591600000000001, -58.979899999999994 -2.591600000000001))"
2024,CORTE SELETIVO,C60L63,"POLYGON ((-58.95799999999999 -2.590700000000001, -58.95799999999999 -2.590800000000001, -58.95819999999999 -2.590800000000001, -58.95819999999999 -2.590700000000001, -58.95799999999999 -2.590700000000001))"
2024,CORTE SELETIVO,C60L63,"POLYGON ((-58.980199999999996 -2.588200000000001, -58.980199999999996 -2.5883000000000007, -58.98029999999999 -2.5883000000000007, -58.98029999999999 -2.588200000000001, -58.980199999999996 -2.588200000000001))"
2024,CORTE SELETIVO,C60L63,"POLYGON ((-58.96569999999999 -2.579000000000001, -58.96569999999999 -2.579100000000001, -58.965799999999994 -2.579100000000001, -58.965799999999994 -2.579000000000001, -58.96569999999999 -2.579000000000001))"
2024,CORTE SELETIVO,C60L63,"POLYGON ((-58.96569999999999 -2.578800000000001, -58.96569999999999 -2.578900000000001, -58.965799999999994 -2.578900000000001, -58.965799999999994 -2.578800000000001, -58.96569999999999 -2.578800000000001))"
2024,CORTE SELETIVO,C60L63,"POLYGON ((-58.969199999999994 -2.572000000000001, -58.969199999999994 -2.5721000000000007, -58.96929999999999 -2.5721000000000007, -58.96929999999999 -2.572000000000001, -58.969199999999994 -2.572000000000001))"
2024,CORTE SELETIVO,C60L63,"POLYGON ((-58.95419999999999 -2.608900000000001, -58.95409999999999 -2.608900000000001, -58.95409999999999 -2.609000000000001, -58.95419999999999 -2.609000000000001, -58.95419999999999 -2.608900000000001))"
2024,CORTE SELETIVO,C60L63,"POLYGON ((-58.94339999999999 -2.5984000000000007, -58.94339999999999 -2.598500000000001, -58.94349999999999 -2.598500000000001, -58.94349999999999 -2.5984000000000007, -58.94339999999999 -2.5984000000000007))"
2024,CORTE SELETIVO,C60L63,"POLYGON ((-58.80169999999999 -2.597900000000001, -58.80169999999999 -2.5980000000000008, -58.80179999999999 -2.5980000000000008, -58.80179999999999 -2.597900000000001, -58.80169999999999 -2.597900000000001))"
2024,CORTE SELETIVO,C60L63,"POLYGON ((-58.944199999999995 -2.597700000000001, -58.94409999999999 -2.597700000000001, -58.94409999999999 -2.5978000000000008, -58.944199999999995 -2.5978000000000008, -58.944199999999995 -2.597700000000001))"
2024,CORTE SELETIVO,C60L63,"POLYGON ((-58.944199999999995 -2.597600000000001, -58.944199999999995 -2.597700000000001, -58.94429999999999 -2.597700000000001, -58.94429999999999 -2.597600000000001, -58.944199999999995 -2.597600000000001))"
2024,CORTE SELETIVO,C60L63,"POLYGON ((-58.80689999999999 -2.595100000000001, -58.80689999999999 -2.595200000000001, -58.806999999999995 -2.595200000000001, -58.806999999999995 -2.595100000000001, -58.80689999999999 -2.595100000000001))"
2024,CORTE SELETIVO,C60L63,"POLYGON ((-58.80879999999999 -2.593100000000001, -58.808699999999995 -2.593100000000001, -58.808699999999995 -2.593200000000001, -58.80879999999999 -2.593200000000001, -58.80879999999999 -2.593100000000001))"
2024,CORTE SELETIVO,C60L63,"POLYGON ((-58.80949999999999 -2.592600000000001, -58.80949999999999 -2.5927000000000007, -58.809599999999996 -2.5927000000000007, -58.809599999999996 -2.592600000000001, -58.80949999999999 -2.592600000000001))"
2024,CORTE SELETIVO,C60L63,"POLYGON ((-58.943999999999996 -2.5921000000000007, -58.943999999999996 -2.592200000000001, -58.94409999999999 -2.592200000000001, -58.94409999999999 -2.5921000000000007, -58.943999999999996 -2.5921000000000007))"
2024,CORTE SELETIVO,C60L63,"POLYGON ((-58.810399999999994 -2.5921000000000007, -58.810399999999994 -2.592200000000001, -58.81049999999999 -2.592200000000001, -58.81049999999999 -2.5921000000000007, -58.810399999999994 -2.5921000000000007))"
2024,CORTE SELETIVO,C60L63,"POLYGON ((-58.942899999999995 -2.591400000000001, -58.942899999999995 -2.591500000000001, -58.94299999999999 -2.591500000000001, -58.94299999999999 -2.591400000000001, -58.942899999999995 -2.591400000000001))"
2024,CORTE SELETIVO,C60L63,"POLYGON ((-58.811699999999995 -2.590100000000001, -58.811699999999995 -2.5902000000000007, -58.81179999999999 -2.5902000000000007, -58.81179999999999 -2.590100000000001, -58.811699999999995 -2.590100000000001))"
2024,CORTE SELETIVO,C60L63,"POLYGON ((-58.913799999999995 -2.588600000000001, -58.913799999999995 -2.588700000000001, -58.91389999999999 -2.588700000000001, -58.91389999999999 -2.588600000000001, -58.913799999999995 -2.588600000000001))"
2024,CORTE SELETIVO,C60L63,"POLYGON ((-58.94409999999999 -2.672000000000001, -58.944199999999995 -2.672000000000001, -58.944199999999995 -2.671900000000001, -58.94409999999999 -2.671900000000001, -58.94409999999999 -2.672000000000001))"
2024,CORTE SELETIVO,C60L63,"POLYGON ((-58.954899999999995 -2.609700000000001, -58.95499999999999 -2.609700000000001, -58.95499999999999 -2.609600000000001, -58.954899999999995 -2.609600000000001, -58.954899999999995 -2.609700000000001))"
2024,CORTE SELETIVO,C60L63,"POLYGON ((-58.88139999999999 -2.534700000000001, -58.881499999999996 -2.534700000000001, -58.881499999999996 -2.534600000000001, -58.88139999999999 -2.534600000000001, -58.88139999999999 -2.534700000000001))"
2024,CORTE SELETIVO,C60L63,"POLYGON ((-58.86659999999999 -2.5313000000000008, -58.866699999999994 -2.5313000000000008, -58.866699999999994 -2.531200000000001, -58.86659999999999 -2.531200000000001, -58.86659999999999 -2.5313000000000008))"
2024,CORTE SELETIVO,C60L63,"POLYGON ((-58.94199999999999 -2.665200000000001, -58.942099999999996 -2.665200000000001, -58.942099999999996 -2.6651000000000007, -58.94199999999999 -2.6651000000000007, -58.94199999999999 -2.665200000000001))"
2024,CORTE SELETIVO,C60L63,"POLYGON ((-58.92499999999999 -2.6628000000000007, -58.92499999999999 -2.662700000000001, -58.924899999999994 -2.662700000000001, -58.924899999999994 -2.6628000000000007, -58.92499999999999 -2.6628000000000007))"
2024,CORTE SELETIVO,C60L63,"POLYGON ((-58.809999999999995 -2.592400000000001, -58.809999999999995 -2.5925000000000007, -58.81029999999999 -2.5925000000000007, -58.81029999999999 -2.592400000000001, -58.810199999999995 -2.592400000000001, -58.810199999999995 -2.5923000000000007, -58.81009999999999 -2.5923000000000007, -58.81009999999999 -2.592400000000001, -58.809999999999995 -2.592400000000001))"
2024,CORTE SELETIVO,C60L63,"POLYGON ((-58.947599999999994 -2.584600000000001, -58.94769999999999 -2.584600000000001, -58.94769999999999 -2.5847000000000007, -58.947799999999994 -2.5847000000000007, -58.947799999999994 -2.5845000000000007, -58.947599999999994 -2.5845000000000007, -58.947599999999994 -2.584600000000001))"
2024,CORTE SELETIVO,C60L63,"POLYGON ((-58.947399999999995 -2.584600000000001, -58.947399999999995 -2.5845000000000007, -58.94729999999999 -2.5845000000000007, -58.94729999999999 -2.584600000000001, -58.947399999999995 -2.584600000000001))"
2024,CORTE SELETIVO,C60L63,"POLYGON ((-58.98149999999999 -2.582500000000001, -58.98149999999999 -2.5822000000000007, -58.98129999999999 -2.5822000000000007, -58.98129999999999 -2.582500000000001, -58.98149999999999 -2.582500000000001))"
2024,CORTE SELETIVO,C60L63,"POLYGON ((-58.917199999999994 -2.6428000000000007, -58.91709999999999 -2.6428000000000007, -58.91709999999999 -2.642900000000001, -58.917199999999994 -2.642900000000001, -58.917199999999994 -2.6428000000000007))"
2024,CORTE SELETIVO,C60L63,"POLYGON ((-58.96829999999999 -2.609900000000001, -58.96829999999999 -2.6100000000000008, -58.968399999999995 -2.6100000000000008, -58.968399999999995 -2.609900000000001, -58.96829999999999 -2.609900000000001))"
2024,CORTE SELETIVO,C60L63,"POLYGON ((-58.979699999999994 -2.609200000000001, -58.979699999999994 -2.609300000000001, -58.97979999999999 -2.609300000000001, -58.97979999999999 -2.609200000000001, -58.979699999999994 -2.609200000000001))"
2024,CORTE SELETIVO,C60L63,"POLYGON ((-58.92659999999999 -2.608800000000001, -58.92649999999999 -2.608800000000001, -58.92649999999999 -2.608900000000001, -58.92659999999999 -2.608900000000001, -58.92659999999999 -2.608800000000001))"
2024,CORTE SELETIVO,C60L63,"POLYGON ((-58.97379999999999 -2.606500000000001, -58.97379999999999 -2.6066000000000007, -58.97389999999999 -2.6066000000000007, -58.97389999999999 -2.606500000000001, -58.97379999999999 -2.606500000000001))"
2024,CORTE SELETIVO,C60L63,"POLYGON ((-58.978199999999994 -2.605600000000001, -58.978199999999994 -2.605700000000001, -58.97829999999999 -2.605700000000001, -58.97829999999999 -2.605600000000001, -58.978199999999994 -2.605600000000001))"
2024,CORTE SELETIVO,C60L63,"POLYGON ((-58.97809999999999 -2.605500000000001, -58.977999999999994 -2.605500000000001, -58.977999999999994 -2.605600000000001, -58.97809999999999 -2.605600000000001, -58.97809999999999 -2.605500000000001))"
2024,CORTE SELETIVO,C60L63,"POLYGON ((-58.92479999999999 -2.604400000000001, -58.92479999999999 -2.6045000000000007, -58.924899999999994 -2.6045000000000007, -58.924899999999994 -2.604400000000001, -58.92479999999999 -2.604400000000001))"
2024,CORTE SELETIVO,C60L63,"POLYGON ((-58.971199999999996 -2.600900000000001, -58.971199999999996 -2.601000000000001, -58.97149999999999 -2.601000000000001, -58.97149999999999 -2.600900000000001, -58.971199999999996 -2.600900000000001))"
2024,CORTE SELETIVO,C60L63,"POLYGON ((-58.94359999999999 -2.600400000000001, -58.94349999999999 -2.600400000000001, -58.94349999999999 -2.6005000000000007, -58.94359999999999 -2.6005000000000007, -58.94359999999999 -2.600400000000001))"
2024,CORTE SELETIVO,C60L63,"POLYGON ((-58.91969999999999 -2.592600000000001, -58.91969999999999 -2.5927000000000007, -58.919799999999995 -2.5927000000000007, -58.919799999999995 -2.592600000000001, -58.91969999999999 -2.592600000000001))"
2024,CORTE SELETIVO,C60L63,"POLYGON ((-58.962399999999995 -2.575800000000001, -58.962399999999995 -2.5759000000000007, -58.96249999999999 -2.5759000000000007, -58.96249999999999 -2.575800000000001, -58.962399999999995 -2.575800000000001))"
2024,CORTE SELETIVO,C60L63,"POLYGON ((-58.981199999999994 -2.504400000000001, -58.98109999999999 -2.504400000000001, -58.98109999999999 -2.504500000000001, -58.981199999999994 -2.504500000000001, -58.981199999999994 -2.504400000000001))"
2024,CORTE SELETIVO,C60L63,"POLYGON ((-58.77119999999999 -2.689000000000001, -58.77119999999999 -2.6891000000000007, -58.77129999999999 -2.6891000000000007, -58.77129999999999 -2.689000000000001, -58.77119999999999 -2.689000000000001))"
2024,CORTE SELETIVO,C60L63,"POLYGON ((-58.893699999999995 -2.6489000000000007, -58.893699999999995 -2.649000000000001, -58.89379999999999 -2.649000000000001, -58.89379999999999 -2.6489000000000007, -58.893699999999995 -2.6489000000000007))"
2024,CORTE SELETIVO,C60L63,"POLYGON ((-58.80169999999999 -2.597900000000001, -58.80159999999999 -2.597900000000001, -58.80159999999999 -2.5980000000000008, -58.80169999999999 -2.5980000000000008, -58.80169999999999 -2.597900000000001))"
2024,CORTE SELETIVO,C60L63,"POLYGON ((-58.80779999999999 -2.5946000000000007, -58.80779999999999 -2.594700000000001, -58.80789999999999 -2.594700000000001, -58.80789999999999 -2.5946000000000007, -58.80779999999999 -2.5946000000000007))"
2024,CORTE SELETIVO,C60L63,"POLYGON ((-58.80769999999999 -2.594500000000001, -58.80769999999999 -2.5946000000000007, -58.80779999999999 -2.5946000000000007, -58.80779999999999 -2.594500000000001, -58.80769999999999 -2.594500000000001))"
2024,CORTE SELETIVO,C60L63,"POLYGON ((-58.808899999999994 -2.593100000000001, -58.80879999999999 -2.593100000000001, -58.80879999999999 -2.593200000000001, -58.808899999999994 -2.593200000000001, -58.808899999999994 -2.593100000000001))"
2024,CORTE SELETIVO,C60L63,"POLYGON ((-58.809799999999996 -2.592600000000001, -58.809799999999996 -2.5927000000000007, -58.80989999999999 -2.5927000000000007, -58.80989999999999 -2.592600000000001, -58.809799999999996 -2.592600000000001))"
2024,CORTE SELETIVO,C60L63,"POLYGON ((-58.80969999999999 -2.5925000000000007, -58.80969999999999 -2.592600000000001, -58.809799999999996 -2.592600000000001, -58.809799999999996 -2.5925000000000007, -58.80969999999999 -2.5925000000000007))"
2024,CORTE SELETIVO,C60L63,"POLYGON ((-58.810199999999995 -2.5921000000000007, -58.810199999999995 -2.592200000000001, -58.81029999999999 -2.592200000000001, -58.81029999999999 -2.5921000000000007, -58.810199999999995 -2.5921000000000007))"
2024,CORTE SELETIVO,C60L63,"POLYGON ((-58.913399999999996 -2.588700000000001, -58.913399999999996 -2.588800000000001, -58.91349999999999 -2.588800000000001, -58.91349999999999 -2.588700000000001, -58.913399999999996 -2.588700000000001))"
2024,CORTE SELETIVO,C60L63,"POLYGON ((-58.911699999999996 -2.5885000000000007, -58.911699999999996 -2.588600000000001, -58.911899999999996 -2.588600000000001, -58.911899999999996 -2.5885000000000007, -58.911699999999996 -2.5885000000000007))"
2024,CORTE SELETIVO,C60L63,"POLYGON ((-58.814699999999995 -2.542700000000001, -58.814699999999995 -2.542800000000001, -58.81479999999999 -2.542800000000001, -58.81479999999999 -2.542700000000001, -58.814699999999995 -2.542700000000001))"
2024,CORTE SELETIVO,C60L63,"POLYGON ((-58.875899999999994 -2.5439000000000007, -58.87579999999999 -2.5439000000000007, -58.87579999999999 -2.544000000000001, -58.875899999999994 -2.544000000000001, -58.875899999999994 -2.5439000000000007))"
2024,CORTE SELETIVO,C60L63,"POLYGON ((-58.79769999999999 -2.6346000000000007, -58.797599999999996 -2.6346000000000007, -58.797599999999996 -2.634700000000001, -58.79769999999999 -2.634700000000001, -58.79769999999999 -2.6346000000000007))"
2024,CORTE SELETIVO,C60L63,"POLYGON ((-58.946299999999994 -2.680300000000001, -58.94619999999999 -2.680300000000001, -58.94619999999999 -2.680400000000001, -58.946299999999994 -2.680400000000001, -58.946299999999994 -2.680300000000001))"
2024,CORTE SELETIVO,C60L63,"POLYGON ((-58.96909999999999 -2.666900000000001, -58.96909999999999 -2.6668000000000007, -58.968999999999994 -2.6668000000000007, -58.968999999999994 -2.666900000000001, -58.96909999999999 -2.666900000000001))"
2024,CORTE SELETIVO,C60L63,"POLYGON ((-58.977999999999994 -2.605900000000001, -58.977999999999994 -2.605800000000001, -58.97789999999999 -2.605800000000001, -58.97789999999999 -2.605900000000001, -58.977999999999994 -2.605900000000001))"
2024,CORTE SELETIVO,C60L63,"POLYGON ((-58.96719999999999 -2.605000000000001, -58.96719999999999 -2.604900000000001, -58.967099999999995 -2.604900000000001, -58.967099999999995 -2.605000000000001, -58.96719999999999 -2.605000000000001))"
2024,CORTE SELETIVO,C60L63,"POLYGON ((-58.94359999999999 -2.600400000000001, -58.94359999999999 -2.6003000000000007, -58.94349999999999 -2.6003000000000007, -58.94349999999999 -2.600400000000001, -58.94359999999999 -2.600400000000001))"
2024,CORTE SELETIVO,C60L63,"POLYGON ((-58.94339999999999 -2.599600000000001, -58.94339999999999 -2.599500000000001, -58.943299999999994 -2.599500000000001, -58.943299999999994 -2.599600000000001, -58.94339999999999 -2.599600000000001))"
2024,CORTE SELETIVO,C60L63,"POLYGON ((-58.943799999999996 -2.5982000000000007, -58.943799999999996 -2.598100000000001, -58.94369999999999 -2.598100000000001, -58.94369999999999 -2.5982000000000007, -58.943799999999996 -2.5982000000000007))"
2024,CORTE SELETIVO,C60L63,"POLYGON ((-58.94469999999999 -2.5946000000000007, -58.94469999999999 -2.594500000000001, -58.944599999999994 -2.594500000000001, -58.944599999999994 -2.5946000000000007, -58.94469999999999 -2.5946000000000007))"
2024,CORTE SELETIVO,C60L63,"POLYGON ((-58.81179999999999 -2.590100000000001, -58.81179999999999 -2.5900000000000007, -58.811699999999995 -2.5900000000000007, -58.811699999999995 -2.590100000000001, -58.81179999999999 -2.590100000000001))"
2024,CORTE SELETIVO,C60L63,"POLYGON ((-58.96779999999999 -2.684600000000001, -58.96759999999999 -2.684600000000001, -58.96759999999999 -2.6847000000000008, -58.967699999999994 -2.6847000000000008, -58.967699999999994 -2.684800000000001, -58.96779999999999 -2.684800000000001, -58.96779999999999 -2.684600000000001))"
2024,CORTE SELETIVO,C60L63,"POLYGON ((-58.946099999999994 -2.680400000000001, -58.94619999999999 -2.680400000000001, -58.94619999999999 -2.680300000000001, -58.946099999999994 -2.680300000000001, -58.946099999999994 -2.680400000000001))"
2024,CORTE SELETIVO,C60L63,"POLYGON ((-58.94619999999999 -2.680300000000001, -58.946299999999994 -2.680300000000001, -58.946299999999994 -2.680100000000001, -58.94619999999999 -2.680100000000001, -58.94619999999999 -2.680300000000001))"
2024,CORTE SELETIVO,C60L63,"POLYGON ((-58.95689999999999 -2.675900000000001, -58.956999999999994 -2.675900000000001, -58.956999999999994 -2.675800000000001, -58.95689999999999 -2.675800000000001, -58.95689999999999 -2.675900000000001))"
2024,CORTE SELETIVO,C60L63,"POLYGON ((-58.943999999999996 -2.671900000000001, -58.94409999999999 -2.671900000000001, -58.94409999999999 -2.671700000000001, -58.943999999999996 -2.671700000000001, -58.943999999999996 -2.671900000000001))"
2024,CORTE SELETIVO,C60L63,"POLYGON ((-58.98329999999999 -2.671300000000001, -58.983399999999996 -2.671300000000001, -58.983399999999996 -2.671100000000001, -58.98329999999999 -2.671100000000001, -58.98329999999999 -2.671300000000001))"
2024,CORTE SELETIVO,C60L63,"POLYGON ((-58.96959999999999 -2.667800000000001, -58.969699999999996 -2.667800000000001, -58.969699999999996 -2.667700000000001, -58.96959999999999 -2.667700000000001, -58.96959999999999 -2.667800000000001))"
2024,CORTE SELETIVO,C60L63,"POLYGON ((-58.96949999999999 -2.667300000000001, -58.96949999999999 -2.667200000000001, -58.96939999999999 -2.667200000000001, -58.96939999999999 -2.667300000000001, -58.96949999999999 -2.667300000000001))"
2024,CORTE SELETIVO,C60L63,"POLYGON ((-58.97079999999999 -2.6645000000000008, -58.97079999999999 -2.664300000000001, -58.970699999999994 -2.664300000000001, -58.970699999999994 -2.6645000000000008, -58.97079999999999 -2.6645000000000008))"
2024,CORTE SELETIVO,C60L63,"POLYGON ((-58.953799999999994 -2.664400000000001, -58.95389999999999 -2.664400000000001, -58.95389999999999 -2.664200000000001, -58.953799999999994 -2.664200000000001, -58.953799999999994 -2.664100000000001, -58.95369999999999 -2.664100000000001, -58.95369999999999 -2.664200000000001, -58.953599999999994 -2.664200000000001, -58.953599999999994 -2.6645000000000008, -58.953799999999994 -2.6645000000000008, -58.953799999999994 -2.664400000000001))"
2024,CORTE SELETIVO,C60L63,"POLYGON ((-58.979899999999994 -2.660000000000001, -58.97999999999999 -2.660000000000001, -58.97999999999999 -2.659900000000001, -58.979899999999994 -2.659900000000001, -58.979899999999994 -2.660000000000001))"
2024,CORTE SELETIVO,C60L63,"POLYGON ((-58.96679999999999 -2.651300000000001, -58.966899999999995 -2.651300000000001, -58.966899999999995 -2.651200000000001, -58.96679999999999 -2.651200000000001, -58.96679999999999 -2.651300000000001))"
2024,CORTE SELETIVO,C60L63,"POLYGON ((-58.96019999999999 -2.629800000000001, -58.96029999999999 -2.629800000000001, -58.96029999999999 -2.629700000000001, -58.959999999999994 -2.629700000000001, -58.959999999999994 -2.629800000000001, -58.96009999999999 -2.629800000000001, -58.96009999999999 -2.629900000000001, -58.96019999999999 -2.629900000000001, -58.96019999999999 -2.629800000000001))"
2024,CORTE SELETIVO,C60L63,"POLYGON ((-58.96269999999999 -2.6125000000000007, -58.962799999999994 -2.6125000000000007, -58.962799999999994 -2.612400000000001, -58.96269999999999 -2.612400000000001, -58.96269999999999 -2.6125000000000007))"
2024,CORTE SELETIVO,C60L63,"POLYGON ((-58.968999999999994 -2.606900000000001, -58.96909999999999 -2.606900000000001, -58.96909999999999 -2.6068000000000007, -58.968999999999994 -2.6068000000000007, -58.968999999999994 -2.606900000000001))"
2024,CORTE SELETIVO,C60L63,"POLYGON ((-58.97239999999999 -2.605700000000001, -58.97249999999999 -2.605700000000001, -58.97249999999999 -2.605500000000001, -58.97239999999999 -2.605500000000001, -58.97239999999999 -2.605700000000001))"
2024,CORTE SELETIVO,C60L63,"POLYGON ((-58.969899999999996 -2.603000000000001, -58.969899999999996 -2.602800000000001, -58.969699999999996 -2.602800000000001, -58.969699999999996 -2.603000000000001, -58.969899999999996 -2.603000000000001))"
2024,CORTE SELETIVO,C60L63,"POLYGON ((-58.964499999999994 -2.594900000000001, -58.964499999999994 -2.594800000000001, -58.964299999999994 -2.594800000000001, -58.964299999999994 -2.594900000000001, -58.964499999999994 -2.594900000000001))"
2024,CORTE SELETIVO,C60L63,"POLYGON ((-58.97399999999999 -2.5923000000000007, -58.97409999999999 -2.5923000000000007, -58.97409999999999 -2.592200000000001, -58.97399999999999 -2.592200000000001, -58.97399999999999 -2.5923000000000007))"
2024,CORTE SELETIVO,C60L63,"POLYGON ((-58.949099999999994 -2.590800000000001, -58.94919999999999 -2.590800000000001, -58.94919999999999 -2.590700000000001, -58.949099999999994 -2.590700000000001, -58.949099999999994 -2.590800000000001))"
2024,CORTE SELETIVO,C60L63,"POLYGON ((-58.94899999999999 -2.590700000000001, -58.949099999999994 -2.590700000000001, -58.949099999999994 -2.5906000000000007, -58.94899999999999 -2.5906000000000007, -58.94899999999999 -2.590700000000001))"
2024,CORTE SELETIVO,C60L63,"POLYGON ((-58.95779999999999 -2.585500000000001, -58.957699999999996 -2.585500000000001, -58.957699999999996 -2.585700000000001, -58.957899999999995 -2.585700000000001, -58.957899999999995 -2.585600000000001, -58.95779999999999 -2.585600000000001, -58.95779999999999 -2.585500000000001))"
2024,CORTE SELETIVO,C60L63,"POLYGON ((-58.954499999999996 -2.585500000000001, -58.95459999999999 -2.585500000000001, -58.95459999999999 -2.585400000000001, -58.954499999999996 -2.585400000000001, -58.954499999999996 -2.585500000000001))"
2024,CORTE SELETIVO,C60L63,"POLYGON ((-58.94559999999999 -2.583300000000001, -58.945699999999995 -2.583300000000001, -58.945699999999995 -2.583200000000001, -58.94559999999999 -2.583200000000001, -58.94559999999999 -2.583300000000001))"
2024,CORTE SELETIVO,C60L63,"POLYGON ((-58.95889999999999 -2.582300000000001, -58.95909999999999 -2.582300000000001, -58.95909999999999 -2.5822000000000007, -58.95889999999999 -2.5822000000000007, -58.95889999999999 -2.582300000000001))"
2024,CORTE SELETIVO,C60L63,"POLYGON ((-58.93119999999999 -2.7493000000000007, -58.93119999999999 -2.749200000000001, -58.93099999999999 -2.749200000000001, -58.93099999999999 -2.7493000000000007, -58.93119999999999 -2.7493000000000007))"
2024,CORTE SELETIVO,C60L63,"POLYGON ((-58.942099999999996 -2.665300000000001, -58.942099999999996 -2.665200000000001, -58.94199999999999 -2.665200000000001, -58.94199999999999 -2.665300000000001, -58.942099999999996 -2.665300000000001))"
2024,CORTE SELETIVO,C60L63,"POLYGON ((-58.94179999999999 -2.6651000000000007, -58.94189999999999 -2.6651000000000007, -58.94189999999999 -2.665000000000001, -58.94179999999999 -2.665000000000001, -58.94179999999999 -2.6651000000000007))"
2024,CORTE SELETIVO,C60L63,"POLYGON ((-58.94169999999999 -2.665000000000001, -58.94179999999999 -2.665000000000001, -58.94179999999999 -2.6649000000000007, -58.94169999999999 -2.6649000000000007, -58.94169999999999 -2.665000000000001))"
2024,CORTE SELETIVO,C60L63,"POLYGON ((-58.901999999999994 -2.657600000000001, -58.90209999999999 -2.657600000000001, -58.90209999999999 -2.657500000000001, -58.901999999999994 -2.657500000000001, -58.901999999999994 -2.657600000000001))"
2024,CORTE SELETIVO,C60L63,"POLYGON ((-58.90239999999999 -2.657500000000001, -58.90239999999999 -2.657400000000001, -58.90229999999999 -2.657400000000001, -58.90229999999999 -2.657500000000001, -58.90239999999999 -2.657500000000001))"
2024,CORTE SELETIVO,C60L63,"POLYGON ((-58.93619999999999 -2.656600000000001, -58.93619999999999 -2.6565000000000007, -58.936099999999996 -2.6565000000000007, -58.936099999999996 -2.656600000000001, -58.93619999999999 -2.656600000000001))"
2024,CORTE SELETIVO,C60L63,"POLYGON ((-58.90849999999999 -2.650300000000001, -58.90859999999999 -2.650300000000001, -58.90859999999999 -2.6502000000000008, -58.90849999999999 -2.6502000000000008, -58.90849999999999 -2.650300000000001))"
2024,CORTE SELETIVO,C60L63,"POLYGON ((-58.84159999999999 -2.633000000000001, -58.841699999999996 -2.633000000000001, -58.841699999999996 -2.632900000000001, -58.84159999999999 -2.632900000000001, -58.84159999999999 -2.633000000000001))"
2024,CORTE SELETIVO,C60L63,"POLYGON ((-58.939099999999996 -2.6083000000000007, -58.93919999999999 -2.6083000000000007, -58.93919999999999 -2.608200000000001, -58.939099999999996 -2.608200000000001, -58.939099999999996 -2.6083000000000007))"
2024,CORTE SELETIVO,C60L63,"POLYGON ((-58.939099999999996 -2.608200000000001, -58.939099999999996 -2.6081000000000008, -58.93899999999999 -2.6081000000000008, -58.93899999999999 -2.608200000000001, -58.939099999999996 -2.608200000000001))"
2024,CORTE SELETIVO,C60L63,"POLYGON ((-58.939499999999995 -2.6079000000000008, -58.939499999999995 -2.607800000000001, -58.93939999999999 -2.607800000000001, -58.93939999999999 -2.6079000000000008, -58.939499999999995 -2.6079000000000008))"
2024,CORTE SELETIVO,C60L63,"POLYGON ((-58.858999999999995 -2.594300000000001, -58.85909999999999 -2.594300000000001, -58.85909999999999 -2.594100000000001, -58.858999999999995 -2.594100000000001, -58.858999999999995 -2.594300000000001))"
2024,CORTE SELETIVO,C60L63,"POLYGON ((-58.94359999999999 -2.586500000000001, -58.94369999999999 -2.586500000000001, -58.94369999999999 -2.5864000000000007, -58.94359999999999 -2.5864000000000007, -58.94359999999999 -2.586500000000001))"
2024,CORTE SELETIVO,C60L63,"POLYGON ((-58.921099999999996 -2.582700000000001, -58.92119999999999 -2.582700000000001, -58.92119999999999 -2.582600000000001, -58.921099999999996 -2.582600000000001, -58.921099999999996 -2.582700000000001))"
2024,CORTE SELETIVO,C60L63,"POLYGON ((-58.83749999999999 -2.573400000000001, -58.837599999999995 -2.573400000000001, -58.837599999999995 -2.573100000000001, -58.83749999999999 -2.573100000000001, -58.83749999999999 -2.573200000000001, -58.837399999999995 -2.573200000000001, -58.837399999999995 -2.573300000000001, -58.83749999999999 -2.573300000000001, -58.83749999999999 -2.573400000000001))"
2024,CORTE SELETIVO,C60L63,"POLYGON ((-58.834599999999995 -2.5576000000000008, -58.83469999999999 -2.5576000000000008, -58.83469999999999 -2.557500000000001, -58.834599999999995 -2.557500000000001, -58.834599999999995 -2.5576000000000008))"
2024,CORTE SELETIVO,C60L63,"POLYGON ((-58.851299999999995 -2.553400000000001, -58.85159999999999 -2.553400000000001, -58.85159999999999 -2.553200000000001, -58.851299999999995 -2.553200000000001, -58.851299999999995 -2.553400000000001))"
2024,CORTE SELETIVO,C60L63,"POLYGON ((-58.85199999999999 -2.551000000000001, -58.851699999999994 -2.551000000000001, -58.851699999999994 -2.551200000000001, -58.85179999999999 -2.551200000000001, -58.85179999999999 -2.551300000000001, -58.85199999999999 -2.551300000000001, -58.85199999999999 -2.551000000000001))"
2024,CORTE SELETIVO,C60L63,"POLYGON ((-58.874399999999994 -2.549900000000001, -58.874399999999994 -2.549700000000001, -58.87429999999999 -2.549700000000001, -58.87429999999999 -2.549900000000001, -58.874399999999994 -2.549900000000001))"
2024,CORTE SELETIVO,C60L63,"POLYGON ((-58.841499999999996 -2.543200000000001, -58.841499999999996 -2.543100000000001, -58.84139999999999 -2.543100000000001, -58.84139999999999 -2.543200000000001, -58.841499999999996 -2.543200000000001))"
2024,CORTE SELETIVO,C60L63,"POLYGON ((-58.866699999999994 -2.540800000000001, -58.86679999999999 -2.540800000000001, -58.86679999999999 -2.540700000000001, -58.866699999999994 -2.540700000000001, -58.866699999999994 -2.540800000000001))"
2024,CORTE SELETIVO,C60L63,"POLYGON ((-58.84759999999999 -2.538100000000001, -58.847699999999996 -2.538100000000001, -58.847699999999996 -2.537900000000001, -58.84759999999999 -2.537900000000001, -58.84759999999999 -2.538100000000001))"
2024,CORTE SELETIVO,C60L63,"POLYGON ((-58.86619999999999 -2.532900000000001, -58.866299999999995 -2.532900000000001, -58.866299999999995 -2.532800000000001, -58.86619999999999 -2.532800000000001, -58.86619999999999 -2.532900000000001))"
2024,CORTE SELETIVO,C60L63,"POLYGON ((-58.82959999999999 -2.505500000000001, -58.82959999999999 -2.5054000000000007, -58.82939999999999 -2.5054000000000007, -58.82939999999999 -2.505500000000001, -58.82959999999999 -2.505500000000001))"
2024,CORTE SELETIVO,C60L63,"POLYGON ((-58.762499999999996 -2.734400000000001, -58.762499999999996 -2.734300000000001, -58.76239999999999 -2.734300000000001, -58.76239999999999 -2.734400000000001, -58.762499999999996 -2.734400000000001))"
2024,CORTE SELETIVO,C60L63,"POLYGON ((-58.77089999999999 -2.726300000000001, -58.77109999999999 -2.726300000000001, -58.77109999999999 -2.726000000000001, -58.77089999999999 -2.726000000000001, -58.77089999999999 -2.726300000000001))"
2024,CORTE SELETIVO,C60L63,"POLYGON ((-58.766799999999996 -2.723300000000001, -58.76709999999999 -2.723300000000001, -58.76709999999999 -2.7232000000000007, -58.767199999999995 -2.7232000000000007, -58.767199999999995 -2.7228000000000008, -58.76729999999999 -2.7228000000000008, -58.76729999999999 -2.722700000000001, -58.766999999999996 -2.722700000000001, -58.766999999999996 -2.7228000000000008, -58.76689999999999 -2.7228000000000008, -58.76689999999999 -2.7230000000000008, -58.766799999999996 -2.7230000000000008, -58.766799999999996 -2.723300000000001))"
2024,CORTE SELETIVO,C60L63,"POLYGON ((-58.76709999999999 -2.720600000000001, -58.767199999999995 -2.720600000000001, -58.767199999999995 -2.720500000000001, -58.76709999999999 -2.720500000000001, -58.76709999999999 -2.720600000000001))"
2024,CORTE SELETIVO,C60L63,"POLYGON ((-58.781499999999994 -2.698200000000001, -58.781499999999994 -2.698100000000001, -58.78139999999999 -2.698100000000001, -58.78139999999999 -2.698200000000001, -58.781499999999994 -2.698200000000001))"
2024,CORTE SELETIVO,C60L63,"POLYGON ((-58.770599999999995 -2.690700000000001, -58.770599999999995 -2.6906000000000008, -58.77049999999999 -2.6906000000000008, -58.77049999999999 -2.690700000000001, -58.770599999999995 -2.690700000000001))"
2024,CORTE SELETIVO,C60L63,"POLYGON ((-58.771499999999996 -2.689200000000001, -58.77119999999999 -2.689200000000001, -58.77119999999999 -2.689400000000001, -58.77139999999999 -2.689400000000001, -58.77139999999999 -2.6893000000000007, -58.771499999999996 -2.6893000000000007, -58.771499999999996 -2.689200000000001))"
2024,CORTE SELETIVO,C60L63,"POLYGON ((-58.771499999999996 -2.688800000000001, -58.77159999999999 -2.688800000000001, -58.77159999999999 -2.6887000000000008, -58.771499999999996 -2.6887000000000008, -58.771499999999996 -2.688800000000001))"
2024,CORTE SELETIVO,C60L63,"POLYGON ((-58.77109999999999 -2.688500000000001, -58.77119999999999 -2.688500000000001, -58.77119999999999 -2.688400000000001, -58.77109999999999 -2.688400000000001, -58.77109999999999 -2.688500000000001))"
2024,CORTE SELETIVO,C60L63,"POLYGON ((-58.770999999999994 -2.688300000000001, -58.77109999999999 -2.688300000000001, -58.77109999999999 -2.688200000000001, -58.770999999999994 -2.688200000000001, -58.770999999999994 -2.688300000000001))"
2024,CORTE SELETIVO,C60L63,"POLYGON ((-58.76879999999999 -2.682400000000001, -58.768899999999995 -2.682400000000001, -58.768899999999995 -2.682300000000001, -58.76879999999999 -2.682300000000001, -58.76879999999999 -2.682400000000001))"
2024,CORTE SELETIVO,C60L63,"POLYGON ((-58.752399999999994 -2.671100000000001, -58.752199999999995 -2.671100000000001, -58.752199999999995 -2.671300000000001, -58.75229999999999 -2.671300000000001, -58.75229999999999 -2.6712000000000007, -58.752399999999994 -2.6712000000000007, -58.752399999999994 -2.671100000000001))"
2024,CORTE SELETIVO,C60L63,"POLYGON ((-58.79769999999999 -2.634700000000001, -58.79789999999999 -2.634700000000001, -58.79789999999999 -2.6346000000000007, -58.79769999999999 -2.6346000000000007, -58.79769999999999 -2.634700000000001))"
2024,CORTE SELETIVO,C60L63,"POLYGON ((-58.798199999999994 -2.6344000000000007, -58.798199999999994 -2.634300000000001, -58.79809999999999 -2.634300000000001, -58.79809999999999 -2.634100000000001, -58.79789999999999 -2.634100000000001, -58.79789999999999 -2.6342000000000008, -58.797999999999995 -2.6342000000000008, -58.797999999999995 -2.634500000000001, -58.79809999999999 -2.634500000000001, -58.79809999999999 -2.6344000000000007, -58.798199999999994 -2.6344000000000007))"
2024,CORTE SELETIVO,C60L63,"POLYGON ((-58.820299999999996 -2.585400000000001, -58.820299999999996 -2.585300000000001, -58.82019999999999 -2.585300000000001, -58.82019999999999 -2.585400000000001, -58.820299999999996 -2.585400000000001))"
2024,CORTE SELETIVO,C60L63,"POLYGON ((-58.787499999999994 -2.5801000000000007, -58.78759999999999 -2.5801000000000007, -58.78759999999999 -2.580000000000001, -58.787499999999994 -2.580000000000001, -58.787499999999994 -2.5801000000000007))"
2024,CORTE SELETIVO,C60L63,"POLYGON ((-58.78739999999999 -2.580000000000001, -58.787499999999994 -2.580000000000001, -58.787499999999994 -2.579800000000001, -58.78739999999999 -2.579800000000001, -58.78739999999999 -2.580000000000001))"
2024,CORTE SELETIVO,C60L63,"POLYGON ((-58.82249999999999 -2.571600000000001, -58.822399999999995 -2.571600000000001, -58.822399999999995 -2.571500000000001, -58.82229999999999 -2.571500000000001, -58.82229999999999 -2.571800000000001, -58.822399999999995 -2.571800000000001, -58.822399999999995 -2.5719000000000007, -58.82249999999999 -2.5719000000000007, -58.82249999999999 -2.571600000000001))"
2024,CORTE SELETIVO,C60L63,"POLYGON ((-58.807399999999994 -2.5515000000000008, -58.807399999999994 -2.551400000000001, -58.80729999999999 -2.551400000000001, -58.80729999999999 -2.5515000000000008, -58.807399999999994 -2.5515000000000008))"
2024,CORTE SELETIVO,C60L63,"POLYGON ((-58.826499999999996 -2.541000000000001, -58.826499999999996 -2.540900000000001, -58.82639999999999 -2.540900000000001, -58.82639999999999 -2.541000000000001, -58.826499999999996 -2.541000000000001))"
2024,CORTE SELETIVO,C60L63,"POLYGON ((-58.822799999999994 -2.519100000000001, -58.82289999999999 -2.519100000000001, -58.82289999999999 -2.518900000000001, -58.822799999999994 -2.518900000000001, -58.822799999999994 -2.519100000000001))"
2024,CORTE SELETIVO,C60L63,"POLYGON ((-58.81349999999999 -2.517100000000001, -58.813599999999994 -2.517100000000001, -58.813599999999994 -2.517000000000001, -58.81349999999999 -2.517000000000001, -58.81349999999999 -2.517100000000001))"
2024,CORTE SELETIVO,C60L63,"POLYGON ((-58.78569999999999 -2.510800000000001, -58.785799999999995 -2.510800000000001, -58.785799999999995 -2.510700000000001, -58.78569999999999 -2.510700000000001, -58.78569999999999 -2.510800000000001))"
2024,CORTE SELETIVO,C60L63,"POLYGON ((-58.78549999999999 -2.502900000000001, -58.78549999999999 -2.502800000000001, -58.785399999999996 -2.502800000000001, -58.785399999999996 -2.502900000000001, -58.78549999999999 -2.502900000000001))"
2024,CORTE SELETIVO,C60L63,"POLYGON ((-58.81679999999999 -2.5012000000000008, -58.81679999999999 -2.501100000000001, -58.81669999999999 -2.501100000000001, -58.81669999999999 -2.5012000000000008, -58.81679999999999 -2.5012000000000008))"
2024,CORTE SELETIVO,C60L63,"POLYGON ((-58.956999999999994 -2.675900000000001, -58.95709999999999 -2.675900000000001, -58.95709999999999 -2.675800000000001, -58.956999999999994 -2.675800000000001, -58.956999999999994 -2.675900000000001))"
2024,CORTE SELETIVO,C60L63,"POLYGON ((-58.95689999999999 -2.675800000000001, -58.95689999999999 -2.675700000000001, -58.956799999999994 -2.675700000000001, -58.956799999999994 -2.675800000000001, -58.95689999999999 -2.675800000000001))"
2024,CORTE SELETIVO,C60L63,"POLYGON ((-58.84799999999999 -2.6603000000000008, -58.84799999999999 -2.6605000000000008, -58.848099999999995 -2.6605000000000008, -58.848099999999995 -2.660600000000001, -58.84819999999999 -2.660600000000001, -58.84819999999999 -2.6605000000000008, -58.848299999999995 -2.6605000000000008, -58.848299999999995 -2.6603000000000008, -58.84819999999999 -2.6603000000000008, -58.84819999999999 -2.660200000000001, -58.848099999999995 -2.660200000000001, -58.848099999999995 -2.6603000000000008, -58.84799999999999 -2.6603000000000008))"
2024,CORTE SELETIVO,C60L63,"POLYGON ((-58.921299999999995 -2.6447000000000007, -58.921299999999995 -2.6445000000000007, -58.92099999999999 -2.6445000000000007, -58.92099999999999 -2.6447000000000007, -58.921299999999995 -2.6447000000000007))"
2024,CORTE SELETIVO,C60L63,"POLYGON ((-58.887899999999995 -2.641400000000001, -58.887899999999995 -2.641300000000001, -58.88799999999999 -2.641300000000001, -58.88799999999999 -2.641200000000001, -58.88779999999999 -2.641200000000001, -58.88779999999999 -2.641400000000001, -58.887899999999995 -2.641400000000001))"
2024,CORTE SELETIVO,C60L63,"POLYGON ((-58.88699999999999 -2.6331000000000007, -58.88699999999999 -2.633000000000001, -58.886799999999994 -2.633000000000001, -58.886799999999994 -2.6331000000000007, -58.88699999999999 -2.6331000000000007))"
2024,CORTE SELETIVO,C60L63,"POLYGON ((-58.95499999999999 -2.609800000000001, -58.95499999999999 -2.609700000000001, -58.954899999999995 -2.609700000000001, -58.954899999999995 -2.609800000000001, -58.95499999999999 -2.609800000000001))"
2024,CORTE SELETIVO,C60L63,"POLYGON ((-58.844699999999996 -2.5698000000000008, -58.84459999999999 -2.5698000000000008, -58.84459999999999 -2.569900000000001, -58.844699999999996 -2.569900000000001, -58.844699999999996 -2.5698000000000008))"
2024,CORTE SELETIVO,C60L63,"POLYGON ((-58.956999999999994 -2.675700000000001, -58.95689999999999 -2.675700000000001, -58.95689999999999 -2.675800000000001, -58.956999999999994 -2.675800000000001, -58.956999999999994 -2.675700000000001))"
2024,CORTE SELETIVO,C60L63,"POLYGON ((-58.79769999999999 -2.634500000000001, -58.79769999999999 -2.6346000000000007, -58.797799999999995 -2.6346000000000007, -58.797799999999995 -2.634500000000001, -58.79769999999999 -2.634500000000001))"
2024,CORTE SELETIVO,C60L63,"POLYGON ((-58.822199999999995 -2.572400000000001, -58.82229999999999 -2.572400000000001, -58.82229999999999 -2.5723000000000007, -58.822199999999995 -2.5723000000000007, -58.822199999999995 -2.572400000000001))"
2024,CORTE SELETIVO,C60L63,"POLYGON ((-58.855999999999995 -2.545500000000001, -58.85609999999999 -2.545500000000001, -58.85609999999999 -2.5454000000000008, -58.855999999999995 -2.5454000000000008, -58.855999999999995 -2.545500000000001))"
2024,CORTE SELETIVO,C60L63,"POLYGON ((-58.952299999999994 -2.668800000000001, -58.952299999999994 -2.6689000000000007, -58.95239999999999 -2.6689000000000007, -58.95239999999999 -2.668800000000001, -58.952299999999994 -2.668800000000001))"
2024,CORTE SELETIVO,C60L63,"POLYGON ((-58.883399999999995 -2.513100000000001, -58.883399999999995 -2.5132000000000008, -58.88349999999999 -2.5132000000000008, -58.88349999999999 -2.513100000000001, -58.883399999999995 -2.513100000000001))"
2024,CORTE SELETIVO,C60L63,"POLYGON ((-58.956999999999994 -2.675700000000001, -58.956999999999994 -2.675800000000001, -58.95709999999999 -2.675800000000001, -58.95709999999999 -2.675700000000001, -58.956999999999994 -2.675700000000001))"
2024,CORTE SELETIVO,C60L63,"POLYGON ((-58.87499999999999 -2.5401000000000007, -58.87499999999999 -2.540200000000001, -58.875099999999996 -2.540200000000001, -58.875099999999996 -2.5401000000000007, -58.87499999999999 -2.5401000000000007))"
2024,CORTE SELETIVO,C60L63,"POLYGON ((-58.76659999999999 -2.7173000000000007, -58.76659999999999 -2.717400000000001, -58.76669999999999 -2.717400000000001, -58.76669999999999 -2.7173000000000007, -58.76659999999999 -2.7173000000000007))"
2024,CORTE SELETIVO,C60L63,"POLYGON ((-58.81389999999999 -2.621300000000001, -58.81389999999999 -2.621400000000001, -58.81399999999999 -2.621400000000001, -58.81399999999999 -2.621300000000001, -58.81389999999999 -2.621300000000001))"
2024,CORTE SELETIVO,C60L63,"POLYGON ((-58.96759999999999 -2.6849000000000007, -58.967699999999994 -2.6849000000000007, -58.967699999999994 -2.684800000000001, -58.96759999999999 -2.684800000000001, -58.96759999999999 -2.6849000000000007))"
2024,CORTE SELETIVO,C60L63,"POLYGON ((-58.967499999999994 -2.6845000000000008, -58.967499999999994 -2.6847000000000008, -58.96759999999999 -2.6847000000000008, -58.96759999999999 -2.684600000000001, -58.96779999999999 -2.684600000000001, -58.96779999999999 -2.6845000000000008, -58.967499999999994 -2.6845000000000008))"
2024,CORTE SELETIVO,C60L63,"POLYGON ((-58.95719999999999 -2.675800000000001, -58.95719999999999 -2.675700000000001, -58.95709999999999 -2.675700000000001, -58.95709999999999 -2.675800000000001, -58.95719999999999 -2.675800000000001))"
2024,CORTE SELETIVO,C60L63,"POLYGON ((-58.95709999999999 -2.675700000000001, -58.95709999999999 -2.675600000000001, -58.95689999999999 -2.675600000000001, -58.95689999999999 -2.675700000000001, -58.95709999999999 -2.675700000000001))"
2024,CORTE SELETIVO,C60L63,"POLYGON ((-58.95329999999999 -2.6691000000000007, -58.95329999999999 -2.669000000000001, -58.953199999999995 -2.669000000000001, -58.953199999999995 -2.6691000000000007, -58.95329999999999 -2.6691000000000007))"
2024,CORTE SELETIVO,C60L63,"POLYGON ((-58.96949999999999 -2.667800000000001, -58.96949999999999 -2.667700000000001, -58.96939999999999 -2.667700000000001, -58.96939999999999 -2.667800000000001, -58.96949999999999 -2.667800000000001))"
2024,CORTE SELETIVO,C60L63,"POLYGON ((-58.968999999999994 -2.6664000000000008, -58.968999999999994 -2.666300000000001, -58.96889999999999 -2.666300000000001, -58.96889999999999 -2.6664000000000008, -58.968999999999994 -2.6664000000000008))"
2024,CORTE SELETIVO,C60L63,"POLYGON ((-58.95839999999999 -2.665800000000001, -58.958499999999994 -2.665800000000001, -58.958499999999994 -2.665600000000001, -58.95839999999999 -2.665600000000001, -58.95839999999999 -2.665800000000001))"
2024,CORTE SELETIVO,C60L63,"POLYGON ((-58.938399999999994 -2.664300000000001, -58.938399999999994 -2.664200000000001, -58.93829999999999 -2.664200000000001, -58.93829999999999 -2.664300000000001, -58.938399999999994 -2.664300000000001))"
2024,CORTE SELETIVO,C60L63,"POLYGON ((-58.95369999999999 -2.664200000000001, -58.95369999999999 -2.664100000000001, -58.953599999999994 -2.664100000000001, -58.953599999999994 -2.664200000000001, -58.95369999999999 -2.664200000000001))"
2024,CORTE SELETIVO,C60L63,"POLYGON ((-58.952999999999996 -2.6565000000000007, -58.952999999999996 -2.656400000000001, -58.95289999999999 -2.656400000000001, -58.95289999999999 -2.6565000000000007, -58.952999999999996 -2.6565000000000007))"
2024,CORTE SELETIVO,C60L63,"POLYGON ((-58.935599999999994 -2.654700000000001, -58.935599999999994 -2.6546000000000007, -58.93549999999999 -2.6546000000000007, -58.93549999999999 -2.654700000000001, -58.935599999999994 -2.654700000000001))"
2024,CORTE SELETIVO,C60L63,"POLYGON ((-58.959599999999995 -2.650700000000001, -58.959599999999995 -2.6506000000000007, -58.95949999999999 -2.6506000000000007, -58.95949999999999 -2.650700000000001, -58.959599999999995 -2.650700000000001))"
2024,CORTE SELETIVO,C60L63,"POLYGON ((-58.962799999999994 -2.6127000000000007, -58.962799999999994 -2.6125000000000007, -58.96269999999999 -2.6125000000000007, -58.96269999999999 -2.6127000000000007, -58.962799999999994 -2.6127000000000007))"
2024,CORTE SELETIVO,C60L63,"POLYGON ((-58.96249999999999 -2.612600000000001, -58.962599999999995 -2.612600000000001, -58.962599999999995 -2.6125000000000007, -58.96249999999999 -2.6125000000000007, -58.96249999999999 -2.612600000000001))"
2024,CORTE SELETIVO,C60L63,"POLYGON ((-58.96249999999999 -2.6125000000000007, -58.96249999999999 -2.612400000000001, -58.962399999999995 -2.612400000000001, -58.962399999999995 -2.6125000000000007, -58.96249999999999 -2.6125000000000007))"
2024,CORTE SELETIVO,C60L63,"POLYGON ((-58.973099999999995 -2.609000000000001, -58.973099999999995 -2.608900000000001, -58.97299999999999 -2.608900000000001, -58.97299999999999 -2.609000000000001, -58.973099999999995 -2.609000000000001))"
2024,CORTE SELETIVO,C60L63,"POLYGON ((-58.939099999999996 -2.6083000000000007, -58.939099999999996 -2.608200000000001, -58.93899999999999 -2.608200000000001, -58.93899999999999 -2.6083000000000007, -58.939099999999996 -2.6083000000000007))"
2024,CORTE SELETIVO,C60L63,"POLYGON ((-58.939099999999996 -2.6081000000000008, -58.939099999999996 -2.608000000000001, -58.93899999999999 -2.608000000000001, -58.93899999999999 -2.6081000000000008, -58.939099999999996 -2.6081000000000008))"
2024,CORTE SELETIVO,C60L63,"POLYGON ((-58.956199999999995 -2.6068000000000007, -58.956199999999995 -2.606700000000001, -58.95609999999999 -2.606700000000001, -58.95609999999999 -2.6068000000000007, -58.956199999999995 -2.6068000000000007))"
2024,CORTE SELETIVO,C60L63,"POLYGON ((-58.94509999999999 -2.5946000000000007, -58.94509999999999 -2.594500000000001, -58.94499999999999 -2.594500000000001, -58.94499999999999 -2.5946000000000007, -58.94509999999999 -2.5946000000000007))"
2024,CORTE SELETIVO,C60L63,"POLYGON ((-58.977599999999995 -2.591400000000001, -58.97769999999999 -2.591400000000001, -58.97769999999999 -2.591300000000001, -58.977599999999995 -2.591300000000001, -58.977599999999995 -2.591400000000001))"
2024,CORTE SELETIVO,C60L63,"POLYGON ((-58.97979999999999 -2.5902000000000007, -58.97979999999999 -2.590100000000001, -58.979699999999994 -2.590100000000001, -58.979699999999994 -2.5902000000000007, -58.97979999999999 -2.5902000000000007))"
2024,CORTE SELETIVO,C60L63,"POLYGON ((-58.979899999999994 -2.590100000000001, -58.979899999999994 -2.5900000000000007, -58.97979999999999 -2.5900000000000007, -58.97979999999999 -2.590100000000001, -58.979899999999994 -2.590100000000001))"
2024,CORTE SELETIVO,C60L63,"POLYGON ((-58.942699999999995 -2.589500000000001, -58.942699999999995 -2.589400000000001, -58.94259999999999 -2.589400000000001, -58.94259999999999 -2.589500000000001, -58.942699999999995 -2.589500000000001))"
2024,CORTE SELETIVO,C60L63,"POLYGON ((-58.942499999999995 -2.589500000000001, -58.942499999999995 -2.589300000000001, -58.94239999999999 -2.589300000000001, -58.94239999999999 -2.589500000000001, -58.942499999999995 -2.589500000000001))"
2024,CORTE SELETIVO,C60L63,"POLYGON ((-58.976299999999995 -2.586500000000001, -58.976299999999995 -2.5864000000000007, -58.97619999999999 -2.5864000000000007, -58.97619999999999 -2.586500000000001, -58.976299999999995 -2.586500000000001))"
2024,CORTE SELETIVO,C60L63,"POLYGON ((-58.963899999999995 -2.580800000000001, -58.963899999999995 -2.580700000000001, -58.96379999999999 -2.580700000000001, -58.96379999999999 -2.580800000000001, -58.963899999999995 -2.580800000000001))"
2024,CORTE SELETIVO,C60L63,"POLYGON ((-58.96869999999999 -2.570500000000001, -58.968799999999995 -2.570500000000001, -58.968799999999995 -2.5704000000000007, -58.96869999999999 -2.5704000000000007, -58.96869999999999 -2.570500000000001))"
2024,CORTE SELETIVO,C60L63,"POLYGON ((-58.91439999999999 -2.744600000000001, -58.91439999999999 -2.744400000000001, -58.91429999999999 -2.744400000000001, -58.91429999999999 -2.744600000000001, -58.91439999999999 -2.744600000000001))"
2024,CORTE SELETIVO,C60L63,"POLYGON ((-58.91449999999999 -2.744300000000001, -58.91449999999999 -2.744200000000001, -58.91439999999999 -2.744200000000001, -58.91439999999999 -2.744300000000001, -58.91449999999999 -2.744300000000001))"
2024,CORTE SELETIVO,C60L63,"POLYGON ((-58.85649999999999 -2.7068000000000008, -58.85649999999999 -2.706700000000001, -58.856399999999994 -2.706700000000001, -58.856399999999994 -2.7068000000000008, -58.85649999999999 -2.7068000000000008))"
2024,CORTE SELETIVO,C60L63,"POLYGON ((-58.901999999999994 -2.657800000000001, -58.901999999999994 -2.657500000000001, -58.90189999999999 -2.657500000000001, -58.90189999999999 -2.657800000000001, -58.901999999999994 -2.657800000000001))"
2024,CORTE SELETIVO,C60L63,"POLYGON ((-58.90109999999999 -2.641700000000001, -58.90109999999999 -2.641600000000001, -58.900999999999996 -2.641600000000001, -58.900999999999996 -2.641700000000001, -58.90109999999999 -2.641700000000001))"
2024,CORTE SELETIVO,C60L63,"POLYGON ((-58.83839999999999 -2.635600000000001, -58.83839999999999 -2.635500000000001, -58.83829999999999 -2.635500000000001, -58.83829999999999 -2.635600000000001, -58.83839999999999 -2.635600000000001))"
2024,CORTE SELETIVO,C60L63,"POLYGON ((-58.924299999999995 -2.607700000000001, -58.92439999999999 -2.607700000000001, -58.92439999999999 -2.607600000000001, -58.924299999999995 -2.607600000000001, -58.924299999999995 -2.607700000000001))"
2024,CORTE SELETIVO,C60L63,"POLYGON ((-58.924099999999996 -2.607700000000001, -58.924099999999996 -2.607600000000001, -58.92399999999999 -2.607600000000001, -58.92399999999999 -2.607700000000001, -58.924099999999996 -2.607700000000001))"
2024,CORTE SELETIVO,C60L63,"POLYGON ((-58.92529999999999 -2.602100000000001, -58.92529999999999 -2.6020000000000008, -58.92519999999999 -2.6020000000000008, -58.92519999999999 -2.602100000000001, -58.92529999999999 -2.602100000000001))"
2024,CORTE SELETIVO,C60L63,"POLYGON ((-58.92399999999999 -2.5925000000000007, -58.92399999999999 -2.592400000000001, -58.923899999999996 -2.592400000000001, -58.923899999999996 -2.5925000000000007, -58.92399999999999 -2.5925000000000007))"
2024,CORTE SELETIVO,C60L63,"POLYGON ((-58.92399999999999 -2.5923000000000007, -58.92399999999999 -2.592200000000001, -58.923899999999996 -2.592200000000001, -58.923899999999996 -2.5923000000000007, -58.92399999999999 -2.5923000000000007))"
2024,CORTE SELETIVO,C60L63,"POLYGON ((-58.92329999999999 -2.591400000000001, -58.92329999999999 -2.591300000000001, -58.923199999999994 -2.591300000000001, -58.923199999999994 -2.591400000000001, -58.92329999999999 -2.591400000000001))"
2024,CORTE SELETIVO,C60L63,"POLYGON ((-58.83769999999999 -2.573500000000001, -58.83769999999999 -2.573400000000001, -58.837599999999995 -2.573400000000001, -58.837599999999995 -2.573500000000001, -58.83769999999999 -2.573500000000001))"
2024,CORTE SELETIVO,C60L63,"POLYGON ((-58.85209999999999 -2.563600000000001, -58.852199999999996 -2.563600000000001, -58.852199999999996 -2.563500000000001, -58.85209999999999 -2.563500000000001, -58.85209999999999 -2.563600000000001))"
2024,CORTE SELETIVO,C60L63,"POLYGON ((-58.851299999999995 -2.553500000000001, -58.851299999999995 -2.553300000000001, -58.85119999999999 -2.553300000000001, -58.85119999999999 -2.553500000000001, -58.851299999999995 -2.553500000000001))"
2024,CORTE SELETIVO,C60L63,"POLYGON ((-58.875699999999995 -2.5437000000000007, -58.875699999999995 -2.543600000000001, -58.87559999999999 -2.543600000000001, -58.87559999999999 -2.5437000000000007, -58.875699999999995 -2.5437000000000007))"
2024,CORTE SELETIVO,C60L63,"POLYGON ((-58.84119999999999 -2.543000000000001, -58.84119999999999 -2.542900000000001, -58.84109999999999 -2.542900000000001, -58.84109999999999 -2.543000000000001, -58.84119999999999 -2.543000000000001))"
2024,CORTE SELETIVO,C60L63,"POLYGON ((-58.85909999999999 -2.538400000000001, -58.85909999999999 -2.5380000000000007, -58.858999999999995 -2.5380000000000007, -58.858999999999995 -2.538400000000001, -58.85909999999999 -2.538400000000001))"
2024,CORTE SELETIVO,C60L63,"POLYGON ((-58.86409999999999 -2.534700000000001, -58.86409999999999 -2.534600000000001, -58.86399999999999 -2.534600000000001, -58.86399999999999 -2.534700000000001, -58.86409999999999 -2.534700000000001))"
2024,CORTE SELETIVO,C60L63,"POLYGON ((-58.863899999999994 -2.534700000000001, -58.863899999999994 -2.534600000000001, -58.86379999999999 -2.534600000000001, -58.86379999999999 -2.534700000000001, -58.863899999999994 -2.534700000000001))"
2024,CORTE SELETIVO,C60L63,"POLYGON ((-58.85819999999999 -2.5342000000000007, -58.85819999999999 -2.534100000000001, -58.85809999999999 -2.534100000000001, -58.85809999999999 -2.5342000000000007, -58.85819999999999 -2.5342000000000007))"
2024,CORTE SELETIVO,C60L63,"POLYGON ((-58.86619999999999 -2.532900000000001, -58.86619999999999 -2.532700000000001, -58.866099999999996 -2.532700000000001, -58.866099999999996 -2.532900000000001, -58.86619999999999 -2.532900000000001))"
2024,CORTE SELETIVO,C60L63,"POLYGON ((-58.872099999999996 -2.530800000000001, -58.872099999999996 -2.530700000000001, -58.87199999999999 -2.530700000000001, -58.87199999999999 -2.530800000000001, -58.872099999999996 -2.530800000000001))"
2024,CORTE SELETIVO,C60L63,"POLYGON ((-58.837599999999995 -2.529900000000001, -58.837599999999995 -2.5298000000000007, -58.83749999999999 -2.5298000000000007, -58.83749999999999 -2.529900000000001, -58.837599999999995 -2.529900000000001))"
2024,CORTE SELETIVO,C60L63,"POLYGON ((-58.87769999999999 -2.528400000000001, -58.87769999999999 -2.528300000000001, -58.877599999999994 -2.528300000000001, -58.877599999999994 -2.528400000000001, -58.87769999999999 -2.528400000000001))"
2024,CORTE SELETIVO,C60L63,"POLYGON ((-58.879099999999994 -2.525700000000001, -58.879099999999994 -2.5256000000000007, -58.878699999999995 -2.5256000000000007, -58.878699999999995 -2.525700000000001, -58.87879999999999 -2.525700000000001, -58.87879999999999 -2.5258000000000007, -58.878899999999994 -2.5258000000000007, -58.878899999999994 -2.525700000000001, -58.879099999999994 -2.525700000000001))"
2024,CORTE SELETIVO,C60L63,"POLYGON ((-58.86429999999999 -2.510100000000001, -58.86429999999999 -2.510200000000001, -58.86419999999999 -2.510200000000001, -58.86419999999999 -2.510300000000001, -58.864399999999996 -2.510300000000001, -58.864399999999996 -2.510100000000001, -58.86429999999999 -2.510100000000001))"
2024,CORTE SELETIVO,C60L63,"POLYGON ((-58.86399999999999 -2.5094000000000007, -58.86399999999999 -2.509300000000001, -58.863899999999994 -2.509300000000001, -58.863899999999994 -2.5094000000000007, -58.86399999999999 -2.5094000000000007))"
2024,CORTE SELETIVO,C60L63,"POLYGON ((-58.86429999999999 -2.506700000000001, -58.864399999999996 -2.506700000000001, -58.864399999999996 -2.506600000000001, -58.86429999999999 -2.506600000000001, -58.86429999999999 -2.506700000000001))"
2024,CORTE SELETIVO,C60L63,"POLYGON ((-58.814499999999995 -2.621300000000001, -58.814499999999995 -2.621200000000001, -58.81439999999999 -2.621200000000001, -58.81439999999999 -2.621300000000001, -58.814499999999995 -2.621300000000001))"
2024,CORTE SELETIVO,C60L63,"POLYGON ((-58.78779999999999 -2.5799000000000007, -58.78779999999999 -2.579800000000001, -58.787699999999994 -2.579800000000001, -58.787699999999994 -2.5799000000000007, -58.78779999999999 -2.5799000000000007))"
2024,CORTE SELETIVO,C60L63,"POLYGON ((-58.834599999999995 -2.5799000000000007, -58.834599999999995 -2.5797000000000008, -58.83449999999999 -2.5797000000000008, -58.83449999999999 -2.5799000000000007, -58.834599999999995 -2.5799000000000007))"
2024,CORTE SELETIVO,C60L63,"POLYGON ((-58.83749999999999 -2.573200000000001, -58.83749999999999 -2.573100000000001, -58.837399999999995 -2.573100000000001, -58.837399999999995 -2.573200000000001, -58.83749999999999 -2.573200000000001))"
2024,CORTE SELETIVO,C60L63,"POLYGON ((-58.816599999999994 -2.543200000000001, -58.816599999999994 -2.543000000000001, -58.81649999999999 -2.543000000000001, -58.81649999999999 -2.543200000000001, -58.816599999999994 -2.543200000000001))"
2024,CORTE SELETIVO,C60L63,"POLYGON ((-58.82659999999999 -2.541200000000001, -58.82659999999999 -2.541100000000001, -58.82639999999999 -2.541100000000001, -58.82639999999999 -2.541200000000001, -58.82659999999999 -2.541200000000001))"
2024,CORTE SELETIVO,C60L63,"POLYGON ((-58.81969999999999 -2.532700000000001, -58.819799999999994 -2.532700000000001, -58.819799999999994 -2.532600000000001, -58.81969999999999 -2.532600000000001, -58.81969999999999 -2.532700000000001))"
2024,CORTE SELETIVO,C60L63,"POLYGON ((-58.836999999999996 -2.532400000000001, -58.836999999999996 -2.532300000000001, -58.83689999999999 -2.532300000000001, -58.83689999999999 -2.532400000000001, -58.836999999999996 -2.532400000000001))"
2024,CORTE SELETIVO,C60L63,"POLYGON ((-58.837199999999996 -2.532400000000001, -58.837199999999996 -2.532300000000001, -58.83709999999999 -2.532300000000001, -58.83709999999999 -2.532400000000001, -58.837199999999996 -2.532400000000001))"
2024,CORTE SELETIVO,C60L63,"POLYGON ((-58.83729999999999 -2.532200000000001, -58.83729999999999 -2.5321000000000007, -58.837199999999996 -2.5321000000000007, -58.837199999999996 -2.532200000000001, -58.83729999999999 -2.532200000000001))"
2024,CORTE SELETIVO,C60L63,"POLYGON ((-58.83729999999999 -2.532000000000001, -58.83729999999999 -2.5319000000000007, -58.837199999999996 -2.5319000000000007, -58.837199999999996 -2.532000000000001, -58.83729999999999 -2.532000000000001))"
2024,CORTE SELETIVO,C60L63,"POLYGON ((-58.83729999999999 -2.5300000000000007, -58.83729999999999 -2.529900000000001, -58.837199999999996 -2.529900000000001, -58.837199999999996 -2.5300000000000007, -58.83729999999999 -2.5300000000000007))"
2024,CORTE SELETIVO,C60L63,"POLYGON ((-58.83749999999999 -2.5300000000000007, -58.83749999999999 -2.529900000000001, -58.837399999999995 -2.529900000000001, -58.837399999999995 -2.5300000000000007, -58.83749999999999 -2.5300000000000007))"
2024,CORTE SELETIVO,C60L63,"POLYGON ((-58.82469999999999 -2.524700000000001, -58.824799999999996 -2.524700000000001, -58.824799999999996 -2.524600000000001, -58.82469999999999 -2.524600000000001, -58.82469999999999 -2.524700000000001))"
2024,CORTE SELETIVO,C60L63,"POLYGON ((-58.83559999999999 -2.522200000000001, -58.83559999999999 -2.522100000000001, -58.835499999999996 -2.522100000000001, -58.835499999999996 -2.522200000000001, -58.83559999999999 -2.522200000000001))"
2024,CORTE SELETIVO,C60L63,"POLYGON ((-58.83559999999999 -2.5197000000000007, -58.83559999999999 -2.519600000000001, -58.835499999999996 -2.519600000000001, -58.835499999999996 -2.5197000000000007, -58.83559999999999 -2.5197000000000007))"
2024,CORTE SELETIVO,C60L63,"POLYGON ((-58.83559999999999 -2.518900000000001, -58.83559999999999 -2.518800000000001, -58.835499999999996 -2.518800000000001, -58.835499999999996 -2.518900000000001, -58.83559999999999 -2.518900000000001))"
2024,CORTE SELETIVO,C60L63,"POLYGON ((-58.82289999999999 -2.518800000000001, -58.82289999999999 -2.518700000000001, -58.822799999999994 -2.518700000000001, -58.822799999999994 -2.518800000000001, -58.82289999999999 -2.518800000000001))"
2024,CORTE SELETIVO,C60L63,"POLYGON ((-58.81349999999999 -2.517500000000001, -58.81349999999999 -2.5174000000000007, -58.813399999999994 -2.5174000000000007, -58.813399999999994 -2.517500000000001, -58.81349999999999 -2.517500000000001))"
2024,CORTE SELETIVO,C60L63,"POLYGON ((-58.81349999999999 -2.517100000000001, -58.81349999999999 -2.517000000000001, -58.813399999999994 -2.517000000000001, -58.813399999999994 -2.517100000000001, -58.81349999999999 -2.517100000000001))"
2024,CORTE SELETIVO,C60L63,"POLYGON ((-58.813599999999994 -2.517000000000001, -58.813599999999994 -2.516900000000001, -58.81349999999999 -2.516900000000001, -58.81349999999999 -2.517000000000001, -58.813599999999994 -2.517000000000001))"
2024,CORTE SELETIVO,C60L63,"POLYGON ((-58.785799999999995 -2.510900000000001, -58.785799999999995 -2.510800000000001, -58.78569999999999 -2.510800000000001, -58.78569999999999 -2.510900000000001, -58.785799999999995 -2.510900000000001))"
2024,CORTE SELETIVO,C60L63,"POLYGON ((-58.79279999999999 -2.508700000000001, -58.79279999999999 -2.508600000000001, -58.792699999999996 -2.508600000000001, -58.792699999999996 -2.508700000000001, -58.79279999999999 -2.508700000000001))"
2024,CORTE SELETIVO,C60L63,"POLYGON ((-58.830299999999994 -2.506300000000001, -58.830299999999994 -2.506200000000001, -58.83019999999999 -2.506200000000001, -58.83019999999999 -2.506300000000001, -58.830299999999994 -2.506300000000001))"
2024,CORTE SELETIVO,C60L63,"POLYGON ((-58.819799999999994 -2.504800000000001, -58.819799999999994 -2.504700000000001, -58.81969999999999 -2.504700000000001, -58.81969999999999 -2.504800000000001, -58.819799999999994 -2.504800000000001))"
2024,CORTE SELETIVO,C60L63,"POLYGON ((-58.80279999999999 -2.501100000000001, -58.80279999999999 -2.500900000000001, -58.802699999999994 -2.500900000000001, -58.802699999999994 -2.501100000000001, -58.80279999999999 -2.501100000000001))"
2024,CORTE SELETIVO,C60L63,"POLYGON ((-58.80259999999999 -2.500800000000001, -58.80259999999999 -2.500700000000001, -58.802499999999995 -2.500700000000001, -58.802499999999995 -2.500800000000001, -58.80259999999999 -2.500800000000001))"
2024,CORTE SELETIVO,C60L63,"POLYGON ((-58.83509999999999 -2.500600000000001, -58.83509999999999 -2.500500000000001, -58.834799999999994 -2.500500000000001, -58.834799999999994 -2.500600000000001, -58.83509999999999 -2.500600000000001))"
2024,CORTE SELETIVO,C60L63,"POLYGON ((-58.834799999999994 -2.500300000000001, -58.834599999999995 -2.500300000000001, -58.834599999999995 -2.500600000000001, -58.83469999999999 -2.500600000000001, -58.83469999999999 -2.500500000000001, -58.834799999999994 -2.500500000000001, -58.834799999999994 -2.500300000000001))"
2024,CORTE SELETIVO,C60L63,"POLYGON ((-58.771499999999996 -2.732000000000001, -58.771499999999996 -2.731900000000001, -58.77129999999999 -2.731900000000001, -58.77129999999999 -2.732000000000001, -58.771499999999996 -2.732000000000001))"
2024,CORTE SELETIVO,C60L63,"POLYGON ((-58.77139999999999 -2.726200000000001, -58.77139999999999 -2.726000000000001, -58.77129999999999 -2.726000000000001, -58.77129999999999 -2.725800000000001, -58.77089999999999 -2.725800000000001, -58.77089999999999 -2.726000000000001, -58.77109999999999 -2.726000000000001, -58.77109999999999 -2.726400000000001, -58.77129999999999 -2.726400000000001, -58.77129999999999 -2.726200000000001, -58.77139999999999 -2.726200000000001))"
2024,CORTE SELETIVO,C60L63,"POLYGON ((-58.770799999999994 -2.725800000000001, -58.770799999999994 -2.7257000000000007, -58.77069999999999 -2.7257000000000007, -58.77069999999999 -2.725800000000001, -58.770799999999994 -2.725800000000001))"
2024,CORTE SELETIVO,C60L63,"POLYGON ((-58.77049999999999 -2.7253000000000007, -58.77049999999999 -2.7255000000000007, -58.770599999999995 -2.7255000000000007, -58.770599999999995 -2.725600000000001, -58.77069999999999 -2.725600000000001, -58.77069999999999 -2.7253000000000007, -58.77049999999999 -2.7253000000000007))"
2024,CORTE SELETIVO,C60L63,"POLYGON ((-58.77069999999999 -2.723900000000001, -58.77069999999999 -2.7238000000000007, -58.770599999999995 -2.7238000000000007, -58.770599999999995 -2.723900000000001, -58.77069999999999 -2.723900000000001))"
2024,CORTE SELETIVO,C60L63,"POLYGON ((-58.766999999999996 -2.7234000000000007, -58.766999999999996 -2.723300000000001, -58.76669999999999 -2.723300000000001, -58.76669999999999 -2.7234000000000007, -58.766999999999996 -2.7234000000000007))"
2024,CORTE SELETIVO,C60L63,"POLYGON ((-58.766999999999996 -2.722700000000001, -58.76729999999999 -2.722700000000001, -58.76729999999999 -2.722600000000001, -58.767199999999995 -2.722600000000001, -58.767199999999995 -2.722500000000001, -58.766999999999996 -2.722500000000001, -58.766999999999996 -2.722600000000001, -58.76689999999999 -2.722600000000001, -58.76689999999999 -2.7228000000000008, -58.766999999999996 -2.7228000000000008, -58.766999999999996 -2.722700000000001))"
2024,CORTE SELETIVO,C60L63,"POLYGON ((-58.767399999999995 -2.722400000000001, -58.767399999999995 -2.722300000000001, -58.767199999999995 -2.722300000000001, -58.767199999999995 -2.722400000000001, -58.767399999999995 -2.722400000000001))"
2024,CORTE SELETIVO,C60L63,"POLYGON ((-58.768899999999995 -2.722300000000001, -58.768899999999995 -2.722100000000001, -58.76899999999999 -2.722100000000001, -58.76899999999999 -2.722000000000001, -58.768899999999995 -2.722000000000001, -58.768899999999995 -2.721900000000001, -58.768699999999995 -2.721900000000001, -58.768699999999995 -2.722000000000001, -58.768499999999996 -2.722000000000001, -58.768499999999996 -2.722100000000001, -58.76839999999999 -2.722100000000001, -58.76839999999999 -2.722300000000001, -58.768899999999995 -2.722300000000001))"
2024,CORTE SELETIVO,C60L63,"POLYGON ((-58.766299999999994 -2.722100000000001, -58.766299999999994 -2.722000000000001, -58.76619999999999 -2.722000000000001, -58.76619999999999 -2.722100000000001, -58.766299999999994 -2.722100000000001))"
2024,CORTE SELETIVO,C60L63,"POLYGON ((-58.76839999999999 -2.721800000000001, -58.76839999999999 -2.721700000000001, -58.768299999999996 -2.721700000000001, -58.768299999999996 -2.721800000000001, -58.76839999999999 -2.721800000000001))"
2024,CORTE SELETIVO,C60L63,"POLYGON ((-58.76509999999999 -2.721400000000001, -58.76509999999999 -2.721700000000001, -58.76539999999999 -2.721700000000001, -58.76539999999999 -2.721600000000001, -58.765499999999996 -2.721600000000001, -58.765499999999996 -2.721400000000001, -58.76509999999999 -2.721400000000001))"
2024,CORTE SELETIVO,C60L63,"POLYGON ((-58.76839999999999 -2.721400000000001, -58.76839999999999 -2.7211000000000007, -58.768499999999996 -2.7211000000000007, -58.768499999999996 -2.7209000000000008, -58.76809999999999 -2.7209000000000008, -58.76809999999999 -2.7211000000000007, -58.76819999999999 -2.7211000000000007, -58.76819999999999 -2.721200000000001, -58.768299999999996 -2.721200000000001, -58.768299999999996 -2.721400000000001, -58.76839999999999 -2.721400000000001))"
2024,CORTE SELETIVO,C60L63,"POLYGON ((-58.76649999999999 -2.7177000000000007, -58.76669999999999 -2.7177000000000007, -58.76669999999999 -2.7175000000000007, -58.76649999999999 -2.7175000000000007, -58.76649999999999 -2.7177000000000007))"
2024,CORTE SELETIVO,C60L63,"POLYGON ((-58.757999999999996 -2.710400000000001, -58.757999999999996 -2.710300000000001, -58.75789999999999 -2.710300000000001, -58.75789999999999 -2.710400000000001, -58.757999999999996 -2.710400000000001))"
2024,CORTE SELETIVO,C60L63,"POLYGON ((-58.75789999999999 -2.710200000000001, -58.75789999999999 -2.710100000000001, -58.757799999999996 -2.710100000000001, -58.757799999999996 -2.710200000000001, -58.75789999999999 -2.710200000000001))"
2024,CORTE SELETIVO,C60L63,"POLYGON ((-58.75769999999999 -2.710000000000001, -58.75769999999999 -2.709900000000001, -58.757799999999996 -2.709900000000001, -58.757799999999996 -2.7097000000000007, -58.75759999999999 -2.7097000000000007, -58.75759999999999 -2.709900000000001, -58.75749999999999 -2.709900000000001, -58.75749999999999 -2.710100000000001, -58.75759999999999 -2.710100000000001, -58.75759999999999 -2.710000000000001, -58.75769999999999 -2.710000000000001))"
2024,CORTE SELETIVO,C60L63,"POLYGON ((-58.75569999999999 -2.705800000000001, -58.75569999999999 -2.705600000000001, -58.755599999999994 -2.705600000000001, -58.755599999999994 -2.705800000000001, -58.75569999999999 -2.705800000000001))"
2024,CORTE SELETIVO,C60L63,"POLYGON ((-58.755599999999994 -2.705600000000001, -58.755599999999994 -2.7055000000000007, -58.75549999999999 -2.7055000000000007, -58.75549999999999 -2.705600000000001, -58.755599999999994 -2.705600000000001))"
2024,CORTE SELETIVO,C60L63,"POLYGON ((-58.770599999999995 -2.6908000000000007, -58.770599999999995 -2.690700000000001, -58.77049999999999 -2.690700000000001, -58.77049999999999 -2.6908000000000007, -58.770599999999995 -2.6908000000000007))"
2024,CORTE SELETIVO,C60L63,"POLYGON ((-58.770599999999995 -2.6906000000000008, -58.770599999999995 -2.690500000000001, -58.77049999999999 -2.690500000000001, -58.77049999999999 -2.6906000000000008, -58.770599999999995 -2.6906000000000008))"
2024,CORTE SELETIVO,C60L63,"POLYGON ((-58.771499999999996 -2.690200000000001, -58.771499999999996 -2.690100000000001, -58.77139999999999 -2.690100000000001, -58.77139999999999 -2.690200000000001, -58.771499999999996 -2.690200000000001))"
2024,CORTE SELETIVO,C60L63,"POLYGON ((-58.770999999999994 -2.688600000000001, -58.770999999999994 -2.6889000000000007, -58.77119999999999 -2.6889000000000007, -58.77119999999999 -2.6887000000000008, -58.77109999999999 -2.6887000000000008, -58.77109999999999 -2.688600000000001, -58.770999999999994 -2.688600000000001))"
2024,CORTE SELETIVO,C60L63,"POLYGON ((-58.771499999999996 -2.688600000000001, -58.771499999999996 -2.688500000000001, -58.77139999999999 -2.688500000000001, -58.77139999999999 -2.688600000000001, -58.771499999999996 -2.688600000000001))"
2024,CORTE SELETIVO,C60L63,"POLYGON ((-58.770999999999994 -2.688500000000001, -58.770999999999994 -2.688400000000001, -58.77089999999999 -2.688400000000001, -58.77089999999999 -2.688500000000001, -58.770999999999994 -2.688500000000001))"
2024,CORTE SELETIVO,C60L63,"POLYGON ((-58.769099999999995 -2.6834000000000007, -58.769099999999995 -2.683300000000001, -58.76899999999999 -2.683300000000001, -58.76899999999999 -2.6834000000000007, -58.769099999999995 -2.6834000000000007))"
2024,CORTE SELETIVO,C60L63,"POLYGON ((-58.75339999999999 -2.627600000000001, -58.75339999999999 -2.627500000000001, -58.753299999999996 -2.627500000000001, -58.753299999999996 -2.627600000000001, -58.75339999999999 -2.627600000000001))"
2024,CORTE SELETIVO,C60L63,"POLYGON ((-58.78439999999999 -2.5098000000000007, -58.78439999999999 -2.5096000000000007, -58.784299999999995 -2.5096000000000007, -58.784299999999995 -2.5098000000000007, -58.78439999999999 -2.5098000000000007))"
2024,CORTE SELETIVO,C60L63,"POLYGON ((-58.77139999999999 -2.726600000000001, -58.77139999999999 -2.726500000000001, -58.77119999999999 -2.726500000000001, -58.77119999999999 -2.726600000000001, -58.77139999999999 -2.726600000000001))"
2024,CORTE SELETIVO,C60L63,"POLYGON ((-58.769999999999996 -2.7255000000000007, -58.769999999999996 -2.725400000000001, -58.76989999999999 -2.725400000000001, -58.76989999999999 -2.7255000000000007, -58.769999999999996 -2.7255000000000007))"
2024,CORTE SELETIVO,C60L63,"POLYGON ((-58.770399999999995 -2.724000000000001, -58.770399999999995 -2.723900000000001, -58.770199999999996 -2.723900000000001, -58.770199999999996 -2.724000000000001, -58.770399999999995 -2.724000000000001))"
2024,CORTE SELETIVO,C60L63,"POLYGON ((-58.76729999999999 -2.722600000000001, -58.76729999999999 -2.722500000000001, -58.767199999999995 -2.722500000000001, -58.767199999999995 -2.722600000000001, -58.76729999999999 -2.722600000000001))"
2024,CORTE SELETIVO,C60L63,"POLYGON ((-58.76859999999999 -2.722500000000001, -58.76859999999999 -2.722300000000001, -58.768499999999996 -2.722300000000001, -58.768499999999996 -2.722500000000001, -58.76859999999999 -2.722500000000001))"
2024,CORTE SELETIVO,C60L63,"POLYGON ((-58.781499999999994 -2.698100000000001, -58.781499999999994 -2.698000000000001, -58.78139999999999 -2.698000000000001, -58.78139999999999 -2.698100000000001, -58.781499999999994 -2.698100000000001))"
2024,CORTE SELETIVO,C60L63,"POLYGON ((-58.93299999999999 -2.6386000000000007, -58.93299999999999 -2.638500000000001, -58.93279999999999 -2.638500000000001, -58.93279999999999 -2.6384000000000007, -58.93269999999999 -2.6384000000000007, -58.93269999999999 -2.6386000000000007, -58.93299999999999 -2.6386000000000007))"
2024,CORTE SELETIVO,C60L63,"POLYGON ((-58.80449999999999 -2.539600000000001, -58.80449999999999 -2.539800000000001, -58.80459999999999 -2.539800000000001, -58.80459999999999 -2.5399000000000007, -58.80479999999999 -2.5399000000000007, -58.80479999999999 -2.539800000000001, -58.804899999999996 -2.539800000000001, -58.804899999999996 -2.5397000000000007, -58.80479999999999 -2.5397000000000007, -58.80479999999999 -2.5395000000000008, -58.80459999999999 -2.5395000000000008, -58.80459999999999 -2.539600000000001, -58.80449999999999 -2.539600000000001))"
2024,CORTE SELETIVO,C60L63,"POLYGON ((-58.77109999999999 -2.7213000000000007, -58.770999999999994 -2.7213000000000007, -58.770999999999994 -2.721400000000001, -58.77109999999999 -2.721400000000001, -58.77109999999999 -2.7213000000000007))"
2024,CORTE SELETIVO,C60L63,"POLYGON ((-58.77089999999999 -2.7213000000000007, -58.770799999999994 -2.7213000000000007, -58.770799999999994 -2.721400000000001, -58.77089999999999 -2.721400000000001, -58.77089999999999 -2.7213000000000007))"
2024,CORTE SELETIVO,C60L63,"POLYGON ((-58.952299999999994 -2.668800000000001, -58.95219999999999 -2.668800000000001, -58.95219999999999 -2.6689000000000007, -58.952299999999994 -2.6689000000000007, -58.952299999999994 -2.668800000000001))"
2024,CORTE SELETIVO,C60L63,"POLYGON ((-58.93289999999999 -2.6384000000000007, -58.93279999999999 -2.6384000000000007, -58.93279999999999 -2.638500000000001, -58.93289999999999 -2.638500000000001, -58.93289999999999 -2.6384000000000007))"
2024,CORTE SELETIVO,C60L63,"POLYGON ((-58.94409999999999 -2.597600000000001, -58.943999999999996 -2.597600000000001, -58.943999999999996 -2.597700000000001, -58.94409999999999 -2.597700000000001, -58.94409999999999 -2.597600000000001))"
2024,CORTE SELETIVO,C60L63,"POLYGON ((-58.943099999999994 -2.591300000000001, -58.94299999999999 -2.591300000000001, -58.94299999999999 -2.591400000000001, -58.943099999999994 -2.591400000000001, -58.943099999999994 -2.591300000000001))"
2024,CORTE SELETIVO,C60L63,"POLYGON ((-58.916799999999995 -2.591000000000001, -58.91669999999999 -2.591000000000001, -58.91669999999999 -2.591100000000001, -58.916799999999995 -2.591100000000001, -58.916799999999995 -2.591000000000001))"
2024,CORTE SELETIVO,C60L63,"POLYGON ((-58.951499999999996 -2.5902000000000007, -58.951499999999996 -2.590300000000001, -58.951699999999995 -2.590300000000001, -58.951699999999995 -2.5902000000000007, -58.951499999999996 -2.5902000000000007))"
2024,CORTE SELETIVO,C60L63,"POLYGON ((-58.952299999999994 -2.590100000000001, -58.952299999999994 -2.5902000000000007, -58.95239999999999 -2.5902000000000007, -58.95239999999999 -2.590100000000001, -58.952299999999994 -2.590100000000001))"
2024,CORTE SELETIVO,C60L63,"POLYGON ((-58.81349999999999 -2.5172000000000008, -58.813399999999994 -2.5172000000000008, -58.813399999999994 -2.517300000000001, -58.81349999999999 -2.517300000000001, -58.81349999999999 -2.5172000000000008))"
2024,CORTE SELETIVO,C60L63,"POLYGON ((-58.769999999999996 -2.724600000000001, -58.770199999999996 -2.724600000000001, -58.770199999999996 -2.724400000000001, -58.77009999999999 -2.724400000000001, -58.77009999999999 -2.724500000000001, -58.769999999999996 -2.724500000000001, -58.769999999999996 -2.724600000000001))"
2024,CORTE SELETIVO,C60L63,"POLYGON ((-58.770399999999995 -2.724300000000001, -58.77029999999999 -2.724300000000001, -58.77029999999999 -2.724400000000001, -58.770399999999995 -2.724400000000001, -58.770399999999995 -2.724300000000001))"
2024,CORTE SELETIVO,C60L63,"POLYGON ((-58.770599999999995 -2.724100000000001, -58.770599999999995 -2.724300000000001, -58.770799999999994 -2.724300000000001, -58.770799999999994 -2.723900000000001, -58.770399999999995 -2.723900000000001, -58.770399999999995 -2.724300000000001, -58.77049999999999 -2.724300000000001, -58.77049999999999 -2.724100000000001, -58.770599999999995 -2.724100000000001))"
2024,CORTE SELETIVO,C60L63,"POLYGON ((-58.770999999999994 -2.723900000000001, -58.770999999999994 -2.723700000000001, -58.770599999999995 -2.723700000000001, -58.770599999999995 -2.7238000000000007, -58.77089999999999 -2.7238000000000007, -58.77089999999999 -2.723900000000001, -58.770999999999994 -2.723900000000001))"
2024,CORTE SELETIVO,C60L63,"POLYGON ((-58.768499999999996 -2.722300000000001, -58.76839999999999 -2.722300000000001, -58.76839999999999 -2.722400000000001, -58.768499999999996 -2.722400000000001, -58.768499999999996 -2.722300000000001))"
2024,CORTE SELETIVO,C60L63,"POLYGON ((-58.76819999999999 -2.721800000000001, -58.76809999999999 -2.721800000000001, -58.76809999999999 -2.721900000000001, -58.76819999999999 -2.721900000000001, -58.76819999999999 -2.721800000000001))"
2024,CORTE SELETIVO,C60L63,"POLYGON ((-58.76559999999999 -2.721400000000001, -58.765499999999996 -2.721400000000001, -58.765499999999996 -2.7215000000000007, -58.76559999999999 -2.7215000000000007, -58.76559999999999 -2.721400000000001))"
2024,CORTE SELETIVO,C60L63,"POLYGON ((-58.767199999999995 -2.717400000000001, -58.767199999999995 -2.7175000000000007, -58.767399999999995 -2.7175000000000007, -58.767399999999995 -2.717400000000001, -58.767199999999995 -2.717400000000001))"
2024,CORTE SELETIVO,C60L63,"POLYGON ((-58.766999999999996 -2.717400000000001, -58.766999999999996 -2.7175000000000007, -58.76709999999999 -2.7175000000000007, -58.76709999999999 -2.717400000000001, -58.766999999999996 -2.717400000000001))"
2024,CORTE SELETIVO,C60L63,"POLYGON ((-58.94319999999999 -2.591400000000001, -58.94319999999999 -2.591500000000001, -58.943299999999994 -2.591500000000001, -58.943299999999994 -2.591400000000001, -58.94319999999999 -2.591400000000001))"
2024,CORTE SELETIVO,C60L63,"POLYGON ((-58.851699999999994 -2.551300000000001, -58.85179999999999 -2.551300000000001, -58.85179999999999 -2.551200000000001, -58.851699999999994 -2.551200000000001, -58.851699999999994 -2.551300000000001))"
2024,CORTE SELETIVO,C60L63,"POLYGON ((-58.88459999999999 -2.544400000000001, -58.884699999999995 -2.544400000000001, -58.884699999999995 -2.5443000000000007, -58.88459999999999 -2.5443000000000007, -58.88459999999999 -2.544400000000001))"
2024,CORTE SELETIVO,C60L63,"POLYGON ((-58.781499999999994 -2.698100000000001, -58.781499999999994 -2.698200000000001, -58.78159999999999 -2.698200000000001, -58.78159999999999 -2.698100000000001, -58.781499999999994 -2.698100000000001))"
2024,CORTE SELETIVO,C60L63,"POLYGON ((-58.875499999999995 -2.523000000000001, -58.875499999999995 -2.523100000000001, -58.87559999999999 -2.523100000000001, -58.87559999999999 -2.523000000000001, -58.875499999999995 -2.523000000000001))"
2024,CORTE SELETIVO,C60L63,"POLYGON ((-58.77069999999999 -2.7238000000000007, -58.77069999999999 -2.723900000000001, -58.770799999999994 -2.723900000000001, -58.770799999999994 -2.7238000000000007, -58.77069999999999 -2.7238000000000007))"
2024,CORTE SELETIVO,C60L63,"POLYGON ((-58.768299999999996 -2.722400000000001, -58.76839999999999 -2.722400000000001, -58.76839999999999 -2.722300000000001, -58.768299999999996 -2.722300000000001, -58.768299999999996 -2.722400000000001))"
2024,CORTE SELETIVO,C60L63,"POLYGON ((-58.76839999999999 -2.722100000000001, -58.768499999999996 -2.722100000000001, -58.768499999999996 -2.722000000000001, -58.76839999999999 -2.722000000000001, -58.76839999999999 -2.722100000000001))"
2024,CORTE SELETIVO,C60L63,"POLYGON ((-58.956599999999995 -2.613900000000001, -58.95649999999999 -2.613900000000001, -58.95649999999999 -2.6140000000000008, -58.956599999999995 -2.6140000000000008, -58.956599999999995 -2.613900000000001))"
2024,CORTE SELETIVO,C60L63,"POLYGON ((-58.96829999999999 -2.609900000000001, -58.96809999999999 -2.609900000000001, -58.96809999999999 -2.6100000000000008, -58.96829999999999 -2.6100000000000008, -58.96829999999999 -2.609900000000001))"
2024,CORTE SELETIVO,C60L63,"POLYGON ((-58.97769999999999 -2.605800000000001, -58.977599999999995 -2.605800000000001, -58.977599999999995 -2.605900000000001, -58.97769999999999 -2.605900000000001, -58.97769999999999 -2.605800000000001))"
2024,CORTE SELETIVO,C60L63,"POLYGON ((-58.960899999999995 -2.596000000000001, -58.960899999999995 -2.5961000000000007, -58.96099999999999 -2.5961000000000007, -58.96099999999999 -2.596000000000001, -58.960899999999995 -2.596000000000001))"
2024,CORTE SELETIVO,C60L63,"POLYGON ((-58.96849999999999 -2.595200000000001, -58.96849999999999 -2.595300000000001, -58.968599999999995 -2.595300000000001, -58.968599999999995 -2.595200000000001, -58.96849999999999 -2.595200000000001))"
2024,CORTE SELETIVO,C60L63,"POLYGON ((-58.963699999999996 -2.594500000000001, -58.96359999999999 -2.594500000000001, -58.96359999999999 -2.5946000000000007, -58.963699999999996 -2.5946000000000007, -58.963699999999996 -2.594500000000001))"
2024,CORTE SELETIVO,C60L63,"POLYGON ((-58.955299999999994 -2.5942000000000007, -58.95519999999999 -2.5942000000000007, -58.95519999999999 -2.594300000000001, -58.955299999999994 -2.594300000000001, -58.955299999999994 -2.5942000000000007))"
2024,CORTE SELETIVO,C60L63,"POLYGON ((-58.956799999999994 -2.594100000000001, -58.95669999999999 -2.594100000000001, -58.95669999999999 -2.5942000000000007, -58.956799999999994 -2.5942000000000007, -58.956799999999994 -2.594100000000001))"
2024,CORTE SELETIVO,C60L63,"POLYGON ((-58.97979999999999 -2.591700000000001, -58.97979999999999 -2.591800000000001, -58.979899999999994 -2.591800000000001, -58.979899999999994 -2.591700000000001, -58.97979999999999 -2.591700000000001))"
2024,CORTE SELETIVO,C60L63,"POLYGON ((-58.98089999999999 -2.504400000000001, -58.98089999999999 -2.504500000000001, -58.980999999999995 -2.504500000000001, -58.980999999999995 -2.504400000000001, -58.98089999999999 -2.504400000000001))"
2024,CORTE SELETIVO,C60L63,"POLYGON ((-58.768299999999996 -2.718900000000001, -58.76819999999999 -2.718900000000001, -58.76819999999999 -2.7190000000000007, -58.768299999999996 -2.7190000000000007, -58.768299999999996 -2.718900000000001))"
2024,CORTE SELETIVO,C60L63,"POLYGON ((-58.93299999999999 -2.638100000000001, -58.93289999999999 -2.638100000000001, -58.93289999999999 -2.6382000000000008, -58.93299999999999 -2.6382000000000008, -58.93299999999999 -2.638100000000001))"
2024,CORTE SELETIVO,C60L63,"POLYGON ((-58.95519999999999 -2.604200000000001, -58.955099999999995 -2.604200000000001, -58.955099999999995 -2.6043000000000007, -58.95519999999999 -2.6043000000000007, -58.95519999999999 -2.604200000000001))"
2024,CORTE SELETIVO,C60L63,"POLYGON ((-58.95009999999999 -2.6026000000000007, -58.95009999999999 -2.602800000000001, -58.950199999999995 -2.602800000000001, -58.950199999999995 -2.6026000000000007, -58.95009999999999 -2.6026000000000007))"
2024,CORTE SELETIVO,C60L63,"POLYGON ((-58.95409999999999 -2.602500000000001, -58.95409999999999 -2.6026000000000007, -58.95419999999999 -2.6026000000000007, -58.95419999999999 -2.602500000000001, -58.95409999999999 -2.602500000000001))"
2024,CORTE SELETIVO,C60L63,"POLYGON ((-58.94319999999999 -2.599400000000001, -58.943099999999994 -2.599400000000001, -58.943099999999994 -2.599600000000001, -58.94319999999999 -2.599600000000001, -58.94319999999999 -2.599400000000001))"
2024,CORTE SELETIVO,C60L63,"POLYGON ((-58.80779999999999 -2.5946000000000007, -58.80769999999999 -2.5946000000000007, -58.80769999999999 -2.594700000000001, -58.80779999999999 -2.594700000000001, -58.80779999999999 -2.5946000000000007))"
2024,CORTE SELETIVO,C60L63,"POLYGON ((-58.851699999999994 -2.551100000000001, -58.85159999999999 -2.551100000000001, -58.85159999999999 -2.551200000000001, -58.851699999999994 -2.551200000000001, -58.851699999999994 -2.551100000000001))"
2024,CORTE SELETIVO,C60L63,"POLYGON ((-58.87489999999999 -2.540300000000001, -58.87489999999999 -2.540400000000001, -58.87499999999999 -2.540400000000001, -58.87499999999999 -2.540300000000001, -58.87489999999999 -2.540300000000001))"
2024,CORTE SELETIVO,C60L63,"POLYGON ((-58.833999999999996 -2.514300000000001, -58.833999999999996 -2.514400000000001, -58.83409999999999 -2.514400000000001, -58.83409999999999 -2.514300000000001, -58.833999999999996 -2.514300000000001))"
2024,CORTE SELETIVO,C60L63,"POLYGON ((-58.76859999999999 -2.722300000000001, -58.76859999999999 -2.722400000000001, -58.768699999999995 -2.722400000000001, -58.768699999999995 -2.722300000000001, -58.76859999999999 -2.722300000000001))"
2024,CORTE SELETIVO,C60L63,"POLYGON ((-58.884499999999996 -2.544400000000001, -58.88459999999999 -2.544400000000001, -58.88459999999999 -2.5443000000000007, -58.884499999999996 -2.5443000000000007, -58.884499999999996 -2.544400000000001))"
2024,CORTE SELETIVO,C60L63,"POLYGON ((-58.837199999999996 -2.530100000000001, -58.83729999999999 -2.530100000000001, -58.83729999999999 -2.5300000000000007, -58.837199999999996 -2.5300000000000007, -58.837199999999996 -2.530100000000001))"
2024,CORTE SELETIVO,C60L63,"POLYGON ((-58.76669999999999 -2.717400000000001, -58.766799999999996 -2.717400000000001, -58.766799999999996 -2.7173000000000007, -58.76669999999999 -2.7173000000000007, -58.76669999999999 -2.717400000000001))"
2024,CORTE SELETIVO,C60L63,"POLYGON ((-58.93299999999999 -2.638500000000001, -58.93299999999999 -2.6384000000000007, -58.93289999999999 -2.6384000000000007, -58.93289999999999 -2.638500000000001, -58.93299999999999 -2.638500000000001))"
2024,CORTE SELETIVO,C60L63,"POLYGON ((-58.92499999999999 -2.6024000000000007, -58.92499999999999 -2.602300000000001, -58.924899999999994 -2.602300000000001, -58.924899999999994 -2.6024000000000007, -58.92499999999999 -2.6024000000000007))"
2024,CORTE SELETIVO,C60L63,"POLYGON ((-58.87489999999999 -2.540500000000001, -58.87499999999999 -2.540500000000001, -58.87499999999999 -2.540400000000001, -58.87489999999999 -2.540400000000001, -58.87489999999999 -2.540500000000001))"
2024,CORTE SELETIVO,C60L63,"POLYGON ((-58.81369999999999 -2.5355000000000008, -58.81369999999999 -2.535400000000001, -58.813599999999994 -2.535400000000001, -58.813599999999994 -2.5355000000000008, -58.81369999999999 -2.5355000000000008))"
2024,CORTE SELETIVO,C60L63,"POLYGON ((-58.837399999999995 -2.530100000000001, -58.837399999999995 -2.5300000000000007, -58.83729999999999 -2.5300000000000007, -58.83729999999999 -2.530100000000001, -58.837399999999995 -2.530100000000001))"
2024,CORTE SELETIVO,C60L63,"POLYGON ((-58.93279999999999 -2.6384000000000007, -58.93289999999999 -2.6384000000000007, -58.93289999999999 -2.638300000000001, -58.93279999999999 -2.638300000000001, -58.93279999999999 -2.6384000000000007))"
2024,CORTE SELETIVO,C60L63,"POLYGON ((-58.97979999999999 -2.5904000000000007, -58.979899999999994 -2.5904000000000007, -58.979899999999994 -2.590300000000001, -58.97979999999999 -2.590300000000001, -58.97979999999999 -2.5904000000000007))"
2024,CORTE SELETIVO,C60L63,"POLYGON ((-58.855999999999995 -2.5454000000000008, -58.85609999999999 -2.5454000000000008, -58.85609999999999 -2.545300000000001, -58.855999999999995 -2.545300000000001, -58.855999999999995 -2.5454000000000008))"
2024,CORTE SELETIVO,C60L63,"POLYGON ((-58.886199999999995 -2.5334000000000008, -58.88629999999999 -2.5334000000000008, -58.88629999999999 -2.533300000000001, -58.886199999999995 -2.533300000000001, -58.886199999999995 -2.5334000000000008))"
2024,CORTE SELETIVO,C60L63,"POLYGON ((-58.77119999999999 -2.726500000000001, -58.77139999999999 -2.726500000000001, -58.77139999999999 -2.726400000000001, -58.77119999999999 -2.726400000000001, -58.77119999999999 -2.726500000000001))"
2024,CORTE SELETIVO,C60L63,"POLYGON ((-58.76859999999999 -2.722500000000001, -58.768699999999995 -2.722500000000001, -58.768699999999995 -2.722400000000001, -58.76859999999999 -2.722400000000001, -58.76859999999999 -2.722500000000001))"
2024,CORTE SELETIVO,C60L63,"POLYGON ((-58.781499999999994 -2.698100000000001, -58.78159999999999 -2.698100000000001, -58.78159999999999 -2.698000000000001, -58.781499999999994 -2.698000000000001, -58.781499999999994 -2.698100000000001))"
2024,CORTE SELETIVO,C60L63,"POLYGON ((-58.81389999999999 -2.621300000000001, -58.81399999999999 -2.621300000000001, -58.81399999999999 -2.621200000000001, -58.81389999999999 -2.621200000000001, -58.81389999999999 -2.621300000000001))"
2024,CORTE SELETIVO,C60L63,"POLYGON ((-58.95439999999999 -2.6834000000000007, -58.95439999999999 -2.683300000000001, -58.954299999999996 -2.683300000000001, -58.954299999999996 -2.6834000000000007, -58.95439999999999 -2.6834000000000007))"
2024,CORTE SELETIVO,C60L63,"POLYGON ((-58.959199999999996 -2.673900000000001, -58.959199999999996 -2.673800000000001, -58.95909999999999 -2.673800000000001, -58.95909999999999 -2.673900000000001, -58.959199999999996 -2.673900000000001))"
2024,CORTE SELETIVO,C60L63,"POLYGON ((-58.96959999999999 -2.667900000000001, -58.96959999999999 -2.667800000000001, -58.96949999999999 -2.667800000000001, -58.96949999999999 -2.667900000000001, -58.96959999999999 -2.667900000000001))"
2024,CORTE SELETIVO,C60L63,"POLYGON ((-58.96939999999999 -2.667400000000001, -58.96929999999999 -2.667400000000001, -58.96929999999999 -2.667600000000001, -58.96939999999999 -2.667600000000001, -58.96939999999999 -2.667400000000001))"
2024,CORTE SELETIVO,C60L63,"POLYGON ((-58.953599999999994 -2.664100000000001, -58.953799999999994 -2.664100000000001, -58.953799999999994 -2.664200000000001, -58.95389999999999 -2.664200000000001, -58.95389999999999 -2.664000000000001, -58.953599999999994 -2.664000000000001, -58.953599999999994 -2.664100000000001))"
2024,CORTE SELETIVO,C60L63,"POLYGON ((-58.97999999999999 -2.660100000000001, -58.97999999999999 -2.660000000000001, -58.979899999999994 -2.660000000000001, -58.979899999999994 -2.660100000000001, -58.97999999999999 -2.660100000000001))"
2024,CORTE SELETIVO,C60L63,"POLYGON ((-58.97979999999999 -2.659800000000001, -58.97979999999999 -2.659700000000001, -58.979699999999994 -2.659700000000001, -58.979699999999994 -2.659800000000001, -58.97979999999999 -2.659800000000001))"
2024,CORTE SELETIVO,C60L63,"POLYGON ((-58.95909999999999 -2.658200000000001, -58.95909999999999 -2.658100000000001, -58.958999999999996 -2.658100000000001, -58.958999999999996 -2.658200000000001, -58.95909999999999 -2.658200000000001))"
2024,CORTE SELETIVO,C60L63,"POLYGON ((-58.97129999999999 -2.651100000000001, -58.971199999999996 -2.651100000000001, -58.971199999999996 -2.651200000000001, -58.97129999999999 -2.651200000000001, -58.97129999999999 -2.651100000000001))"
2024,CORTE SELETIVO,C60L63,"POLYGON ((-58.95949999999999 -2.6506000000000007, -58.959599999999995 -2.6506000000000007, -58.959599999999995 -2.650700000000001, -58.95969999999999 -2.650700000000001, -58.95969999999999 -2.650500000000001, -58.95949999999999 -2.650500000000001, -58.95949999999999 -2.6506000000000007))"
2024,CORTE SELETIVO,C60L63,"POLYGON ((-58.962199999999996 -2.643100000000001, -58.962199999999996 -2.6430000000000007, -58.96209999999999 -2.6430000000000007, -58.96209999999999 -2.643100000000001, -58.962199999999996 -2.643100000000001))"
2024,CORTE SELETIVO,C60L63,"POLYGON ((-58.96759999999999 -2.6140000000000008, -58.96759999999999 -2.613900000000001, -58.967499999999994 -2.613900000000001, -58.967499999999994 -2.6140000000000008, -58.96759999999999 -2.6140000000000008))"
2024,CORTE SELETIVO,C60L63,"POLYGON ((-58.962599999999995 -2.6127000000000007, -58.962599999999995 -2.612600000000001, -58.96249999999999 -2.612600000000001, -58.96249999999999 -2.6127000000000007, -58.962599999999995 -2.6127000000000007))"
2024,CORTE SELETIVO,C60L63,"POLYGON ((-58.96249999999999 -2.6125000000000007, -58.96229999999999 -2.6125000000000007, -58.96229999999999 -2.612600000000001, -58.96249999999999 -2.612600000000001, -58.96249999999999 -2.6125000000000007))"
2024,CORTE SELETIVO,C60L63,"POLYGON ((-58.95559999999999 -2.609600000000001, -58.955499999999994 -2.609600000000001, -58.955499999999994 -2.609700000000001, -58.95559999999999 -2.609700000000001, -58.95559999999999 -2.609600000000001))"
2024,CORTE SELETIVO,C60L63,"POLYGON ((-58.973099999999995 -2.609100000000001, -58.973099999999995 -2.609000000000001, -58.97299999999999 -2.609000000000001, -58.97299999999999 -2.609100000000001, -58.973099999999995 -2.609100000000001))"
2024,CORTE SELETIVO,C60L63,"POLYGON ((-58.972899999999996 -2.609000000000001, -58.97279999999999 -2.609000000000001, -58.97279999999999 -2.609100000000001, -58.972899999999996 -2.609100000000001, -58.972899999999996 -2.609000000000001))"
2024,CORTE SELETIVO,C60L63,"POLYGON ((-58.97299999999999 -2.608800000000001, -58.972899999999996 -2.608800000000001, -58.972899999999996 -2.608900000000001, -58.97299999999999 -2.608900000000001, -58.97299999999999 -2.608800000000001))"
2024,CORTE SELETIVO,C60L63,"POLYGON ((-58.971799999999995 -2.600900000000001, -58.971799999999995 -2.600800000000001, -58.97169999999999 -2.600800000000001, -58.97169999999999 -2.600900000000001, -58.971799999999995 -2.600900000000001))"
2024,CORTE SELETIVO,C60L63,"POLYGON ((-58.97169999999999 -2.6005000000000007, -58.971599999999995 -2.6005000000000007, -58.971599999999995 -2.600600000000001, -58.97169999999999 -2.600600000000001, -58.97169999999999 -2.6005000000000007))"
2024,CORTE SELETIVO,C60L63,"POLYGON ((-58.953799999999994 -2.5988000000000007, -58.953599999999994 -2.5988000000000007, -58.953599999999994 -2.598900000000001, -58.953799999999994 -2.598900000000001, -58.953799999999994 -2.5988000000000007))"
2024,CORTE SELETIVO,C60L63,"POLYGON ((-58.95399999999999 -2.5988000000000007, -58.95399999999999 -2.598700000000001, -58.953799999999994 -2.598700000000001, -58.953799999999994 -2.5988000000000007, -58.95399999999999 -2.5988000000000007))"
2024,CORTE SELETIVO,C60L63,"POLYGON ((-58.98239999999999 -2.591100000000001, -58.98239999999999 -2.591000000000001, -58.982299999999995 -2.591000000000001, -58.982299999999995 -2.591100000000001, -58.98239999999999 -2.591100000000001))"
2024,CORTE SELETIVO,C60L63,"POLYGON ((-58.982699999999994 -2.591100000000001, -58.982699999999994 -2.591000000000001, -58.982499999999995 -2.591000000000001, -58.982499999999995 -2.591100000000001, -58.982699999999994 -2.591100000000001))"
2024,CORTE SELETIVO,C60L63,"POLYGON ((-58.97979999999999 -2.5902000000000007, -58.979699999999994 -2.5902000000000007, -58.979699999999994 -2.590300000000001, -58.97979999999999 -2.590300000000001, -58.97979999999999 -2.5902000000000007))"
2024,CORTE SELETIVO,C60L63,"POLYGON ((-58.954499999999996 -2.585400000000001, -58.95439999999999 -2.585400000000001, -58.95439999999999 -2.585500000000001, -58.954499999999996 -2.585500000000001, -58.954499999999996 -2.585400000000001))"
2024,CORTE SELETIVO,C60L63,"POLYGON ((-58.95419999999999 -2.585500000000001, -58.95419999999999 -2.585400000000001, -58.95409999999999 -2.585400000000001, -58.95409999999999 -2.585500000000001, -58.95419999999999 -2.585500000000001))"
2024,CORTE SELETIVO,C60L63,"POLYGON ((-58.95439999999999 -2.585100000000001, -58.954299999999996 -2.585100000000001, -58.954299999999996 -2.585200000000001, -58.95439999999999 -2.585200000000001, -58.95439999999999 -2.585100000000001))"
2024,CORTE SELETIVO,C60L63,"POLYGON ((-58.95409999999999 -2.585100000000001, -58.95399999999999 -2.585100000000001, -58.95399999999999 -2.585200000000001, -58.95409999999999 -2.585200000000001, -58.95409999999999 -2.585100000000001))"
2024,CORTE SELETIVO,C60L63,"POLYGON ((-58.95869999999999 -2.583800000000001, -58.95869999999999 -2.5837000000000008, -58.95859999999999 -2.5837000000000008, -58.95859999999999 -2.583800000000001, -58.95869999999999 -2.583800000000001))"
2024,CORTE SELETIVO,C60L63,"POLYGON ((-58.95879999999999 -2.583600000000001, -58.95869999999999 -2.583600000000001, -58.95869999999999 -2.5837000000000008, -58.95879999999999 -2.5837000000000008, -58.95879999999999 -2.583600000000001))"
2024,CORTE SELETIVO,C60L63,"POLYGON ((-58.95859999999999 -2.583600000000001, -58.958499999999994 -2.583600000000001, -58.958499999999994 -2.5837000000000008, -58.95859999999999 -2.5837000000000008, -58.95859999999999 -2.583600000000001))"
2024,CORTE SELETIVO,C60L63,"POLYGON ((-58.96319999999999 -2.5805000000000007, -58.96319999999999 -2.580400000000001, -58.96309999999999 -2.580400000000001, -58.96309999999999 -2.5805000000000007, -58.96319999999999 -2.5805000000000007))"
2024,CORTE SELETIVO,C60L63,"POLYGON ((-58.962799999999994 -2.575400000000001, -58.962799999999994 -2.575300000000001, -58.96269999999999 -2.575300000000001, -58.96269999999999 -2.575400000000001, -58.962799999999994 -2.575400000000001))"
2024,CORTE SELETIVO,C60L63,"POLYGON ((-58.959599999999995 -2.522300000000001, -58.959599999999995 -2.522200000000001, -58.95949999999999 -2.522200000000001, -58.95949999999999 -2.522300000000001, -58.959599999999995 -2.522300000000001))"
2024,CORTE SELETIVO,C60L63,"POLYGON ((-58.93129999999999 -2.7493000000000007, -58.93119999999999 -2.7493000000000007, -58.93119999999999 -2.749400000000001, -58.93129999999999 -2.749400000000001, -58.93129999999999 -2.7493000000000007))"
2024,CORTE SELETIVO,C60L63,"POLYGON ((-58.91329999999999 -2.749000000000001, -58.913399999999996 -2.749000000000001, -58.913399999999996 -2.748900000000001, -58.91349999999999 -2.748900000000001, -58.91349999999999 -2.748800000000001, -58.91329999999999 -2.748800000000001, -58.91329999999999 -2.749000000000001))"
2024,CORTE SELETIVO,C60L63,"POLYGON ((-58.913599999999995 -2.748800000000001, -58.913599999999995 -2.748700000000001, -58.91349999999999 -2.748700000000001, -58.91349999999999 -2.748800000000001, -58.913599999999995 -2.748800000000001))"
2024,CORTE SELETIVO,C60L63,"POLYGON ((-58.91369999999999 -2.748600000000001, -58.913599999999995 -2.748600000000001, -58.913599999999995 -2.748700000000001, -58.91369999999999 -2.748700000000001, -58.91369999999999 -2.748600000000001))"
2024,CORTE SELETIVO,C60L63,"POLYGON ((-58.913799999999995 -2.748500000000001, -58.91369999999999 -2.748500000000001, -58.91369999999999 -2.748600000000001, -58.913799999999995 -2.748600000000001, -58.913799999999995 -2.748500000000001))"
2024,CORTE SELETIVO,C60L63,"POLYGON ((-58.913599999999995 -2.748100000000001, -58.913599999999995 -2.748000000000001, -58.91349999999999 -2.748000000000001, -58.91349999999999 -2.748100000000001, -58.913599999999995 -2.748100000000001))"
2024,CORTE SELETIVO,C60L63,"POLYGON ((-58.93889999999999 -2.661900000000001, -58.93879999999999 -2.661900000000001, -58.93879999999999 -2.662000000000001, -58.93889999999999 -2.662000000000001, -58.93889999999999 -2.661900000000001))"
2024,CORTE SELETIVO,C60L63,"POLYGON ((-58.902499999999996 -2.657400000000001, -58.90239999999999 -2.657400000000001, -58.90239999999999 -2.657500000000001, -58.902499999999996 -2.657500000000001, -58.902499999999996 -2.657400000000001))"
2024,CORTE SELETIVO,C60L63,"POLYGON ((-58.90229999999999 -2.657500000000001, -58.90229999999999 -2.657400000000001, -58.901999999999994 -2.657400000000001, -58.901999999999994 -2.657500000000001, -58.90229999999999 -2.657500000000001))"
2024,CORTE SELETIVO,C60L63,"POLYGON ((-58.93639999999999 -2.6567000000000007, -58.93639999999999 -2.656600000000001, -58.936299999999996 -2.656600000000001, -58.936299999999996 -2.6567000000000007, -58.93639999999999 -2.6567000000000007))"
2024,CORTE SELETIVO,C60L63,"POLYGON ((-58.931999999999995 -2.651200000000001, -58.931999999999995 -2.651100000000001, -58.93189999999999 -2.651100000000001, -58.93189999999999 -2.651200000000001, -58.931999999999995 -2.651200000000001))"
2024,CORTE SELETIVO,C60L63,"POLYGON ((-58.93299999999999 -2.637800000000001, -58.93289999999999 -2.637800000000001, -58.93289999999999 -2.638100000000001, -58.933099999999996 -2.638100000000001, -58.933099999999996 -2.637700000000001, -58.93299999999999 -2.637700000000001, -58.93299999999999 -2.637800000000001))"
2024,CORTE SELETIVO,C60L63,"POLYGON ((-58.92519999999999 -2.608400000000001, -58.92509999999999 -2.608400000000001, -58.92509999999999 -2.6085000000000007, -58.92519999999999 -2.6085000000000007, -58.92519999999999 -2.608400000000001))"
2024,CORTE SELETIVO,C60L63,"POLYGON ((-58.92549999999999 -2.602300000000001, -58.92549999999999 -2.6022000000000007, -58.925399999999996 -2.6022000000000007, -58.925399999999996 -2.602300000000001, -58.92549999999999 -2.602300000000001))"
2024,CORTE SELETIVO,C60L63,"POLYGON ((-58.94129999999999 -2.602100000000001, -58.941199999999995 -2.602100000000001, -58.941199999999995 -2.6022000000000007, -58.94129999999999 -2.6022000000000007, -58.94129999999999 -2.602100000000001))"
2024,CORTE SELETIVO,C60L63,"POLYGON ((-58.94149999999999 -2.601800000000001, -58.94129999999999 -2.601800000000001, -58.94129999999999 -2.601900000000001, -58.94149999999999 -2.601900000000001, -58.94149999999999 -2.601800000000001))"
2024,CORTE SELETIVO,C60L63,"POLYGON ((-58.92909999999999 -2.599300000000001, -58.92909999999999 -2.599100000000001, -58.92889999999999 -2.599100000000001, -58.92889999999999 -2.599300000000001, -58.92909999999999 -2.599300000000001))"
2024,CORTE SELETIVO,C60L63,"POLYGON ((-58.90319999999999 -2.599000000000001, -58.903099999999995 -2.599000000000001, -58.903099999999995 -2.5988000000000007, -58.90299999999999 -2.5988000000000007, -58.90299999999999 -2.598900000000001, -58.902899999999995 -2.598900000000001, -58.902899999999995 -2.599200000000001, -58.90299999999999 -2.599200000000001, -58.90299999999999 -2.599100000000001, -58.90319999999999 -2.599100000000001, -58.90319999999999 -2.599000000000001))"
2024,CORTE SELETIVO,C60L63,"POLYGON ((-58.92269999999999 -2.597200000000001, -58.922599999999996 -2.597200000000001, -58.922599999999996 -2.597400000000001, -58.92269999999999 -2.597400000000001, -58.92269999999999 -2.597200000000001))"
2024,CORTE SELETIVO,C60L63,"POLYGON ((-58.94449999999999 -2.594900000000001, -58.94449999999999 -2.595000000000001, -58.944599999999994 -2.595000000000001, -58.944599999999994 -2.595100000000001, -58.94469999999999 -2.595100000000001, -58.94469999999999 -2.594900000000001, -58.94449999999999 -2.594900000000001))"
2024,CORTE SELETIVO,C60L63,"POLYGON ((-58.924699999999994 -2.593000000000001, -58.924699999999994 -2.592900000000001, -58.92459999999999 -2.592900000000001, -58.92459999999999 -2.593000000000001, -58.924699999999994 -2.593000000000001))"
2024,CORTE SELETIVO,C60L63,"POLYGON ((-58.92289999999999 -2.591300000000001, -58.92289999999999 -2.591200000000001, -58.922799999999995 -2.591200000000001, -58.922799999999995 -2.591300000000001, -58.92289999999999 -2.591300000000001))"
2024,CORTE SELETIVO,C60L63,"POLYGON ((-58.92309999999999 -2.591200000000001, -58.922999999999995 -2.591200000000001, -58.922999999999995 -2.591300000000001, -58.92309999999999 -2.591300000000001, -58.92309999999999 -2.591200000000001))"
2024,CORTE SELETIVO,C60L63,"POLYGON ((-58.948499999999996 -2.590300000000001, -58.94839999999999 -2.590300000000001, -58.94839999999999 -2.5904000000000007, -58.948499999999996 -2.5904000000000007, -58.948499999999996 -2.590300000000001))"
2024,CORTE SELETIVO,C60L63,"POLYGON ((-58.948299999999996 -2.5883000000000007, -58.948299999999996 -2.588200000000001, -58.94819999999999 -2.588200000000001, -58.94819999999999 -2.5883000000000007, -58.948299999999996 -2.5883000000000007))"
2024,CORTE SELETIVO,C60L63,"POLYGON ((-58.94809999999999 -2.586300000000001, -58.94799999999999 -2.586300000000001, -58.94799999999999 -2.5864000000000007, -58.94809999999999 -2.5864000000000007, -58.94809999999999 -2.586300000000001))"
2024,CORTE SELETIVO,C60L63,"POLYGON ((-58.921099999999996 -2.581900000000001, -58.92099999999999 -2.581900000000001, -58.92099999999999 -2.5820000000000007, -58.921099999999996 -2.5820000000000007, -58.921099999999996 -2.581900000000001))"
2024,CORTE SELETIVO,C60L63,"POLYGON ((-58.90529999999999 -2.545300000000001, -58.90529999999999 -2.545200000000001, -58.905199999999994 -2.545200000000001, -58.905199999999994 -2.545300000000001, -58.90529999999999 -2.545300000000001))"
2024,CORTE SELETIVO,C60L63,"POLYGON ((-58.884699999999995 -2.544400000000001, -58.88459999999999 -2.544400000000001, -58.88459999999999 -2.544600000000001, -58.884699999999995 -2.544600000000001, -58.884699999999995 -2.544400000000001))"
2024,CORTE SELETIVO,C60L63,"POLYGON ((-58.87989999999999 -2.534700000000001, -58.879799999999996 -2.534700000000001, -58.879799999999996 -2.534800000000001, -58.87989999999999 -2.534800000000001, -58.87989999999999 -2.534700000000001))"
2024,CORTE SELETIVO,C60L63,"POLYGON ((-58.881499999999996 -2.534100000000001, -58.881499999999996 -2.5340000000000007, -58.88139999999999 -2.5340000000000007, -58.88139999999999 -2.534100000000001, -58.881499999999996 -2.534100000000001))"
2024,CORTE SELETIVO,C60L63,"POLYGON ((-58.881299999999996 -2.5338000000000007, -58.881299999999996 -2.5340000000000007, -58.88139999999999 -2.5340000000000007, -58.88139999999999 -2.533900000000001, -58.881499999999996 -2.533900000000001, -58.881499999999996 -2.5338000000000007, -58.881299999999996 -2.5338000000000007))"
2024,CORTE SELETIVO,C60L63,"POLYGON ((-58.886599999999994 -2.533500000000001, -58.886599999999994 -2.5334000000000008, -58.88649999999999 -2.5334000000000008, -58.88649999999999 -2.533500000000001, -58.886599999999994 -2.533500000000001))"
2024,CORTE SELETIVO,C60L63,"POLYGON ((-58.878899999999994 -2.5258000000000007, -58.87879999999999 -2.5258000000000007, -58.87879999999999 -2.525900000000001, -58.878899999999994 -2.525900000000001, -58.878899999999994 -2.5258000000000007))"
2024,CORTE SELETIVO,C60L63,"POLYGON ((-58.93469999999999 -2.508500000000001, -58.93489999999999 -2.508500000000001, -58.93489999999999 -2.508400000000001, -58.93509999999999 -2.508400000000001, -58.93509999999999 -2.508300000000001, -58.93469999999999 -2.508300000000001, -58.93469999999999 -2.508500000000001))"
2024,CORTE SELETIVO,C60L63,"POLYGON ((-58.85669999999999 -2.707300000000001, -58.85669999999999 -2.7072000000000007, -58.85659999999999 -2.7072000000000007, -58.85659999999999 -2.707300000000001, -58.85669999999999 -2.707300000000001))"
2024,CORTE SELETIVO,C60L63,"POLYGON ((-58.856899999999996 -2.7070000000000007, -58.85679999999999 -2.7070000000000007, -58.85679999999999 -2.707100000000001, -58.856899999999996 -2.707100000000001, -58.856899999999996 -2.7070000000000007))"
2024,CORTE SELETIVO,C60L63,"POLYGON ((-58.85699999999999 -2.706900000000001, -58.856899999999996 -2.706900000000001, -58.856899999999996 -2.7070000000000007, -58.85699999999999 -2.7070000000000007, -58.85699999999999 -2.706900000000001))"
2024,CORTE SELETIVO,C60L63,"POLYGON ((-58.83709999999999 -2.682200000000001, -58.83709999999999 -2.682000000000001, -58.836999999999996 -2.682000000000001, -58.836999999999996 -2.682500000000001, -58.83729999999999 -2.682500000000001, -58.83729999999999 -2.682300000000001, -58.837199999999996 -2.682300000000001, -58.837199999999996 -2.682200000000001, -58.83709999999999 -2.682200000000001))"
2024,CORTE SELETIVO,C60L63,"POLYGON ((-58.85929999999999 -2.5942000000000007, -58.85909999999999 -2.5942000000000007, -58.85909999999999 -2.594300000000001, -58.85929999999999 -2.594300000000001, -58.85929999999999 -2.5942000000000007))"
2024,CORTE SELETIVO,C60L63,"POLYGON ((-58.85209999999999 -2.5639000000000007, -58.85199999999999 -2.5639000000000007, -58.85199999999999 -2.5641000000000007, -58.85209999999999 -2.5641000000000007, -58.85209999999999 -2.5639000000000007))"
2024,CORTE SELETIVO,C60L63,"POLYGON ((-58.85209999999999 -2.5637000000000008, -58.85209999999999 -2.563500000000001, -58.85199999999999 -2.563500000000001, -58.85199999999999 -2.5637000000000008, -58.85209999999999 -2.5637000000000008))"
2024,CORTE SELETIVO,C60L63,"POLYGON ((-58.85159999999999 -2.5536000000000008, -58.85159999999999 -2.553500000000001, -58.85119999999999 -2.553500000000001, -58.85119999999999 -2.5536000000000008, -58.85159999999999 -2.5536000000000008))"
2024,CORTE SELETIVO,C60L63,"POLYGON ((-58.83789999999999 -2.552000000000001, -58.83789999999999 -2.5519000000000007, -58.83769999999999 -2.5519000000000007, -58.83769999999999 -2.552000000000001, -58.83789999999999 -2.552000000000001))"
2024,CORTE SELETIVO,C60L63,"POLYGON ((-58.85029999999999 -2.5515000000000008, -58.85039999999999 -2.5515000000000008, -58.85039999999999 -2.551600000000001, -58.85049999999999 -2.551600000000001, -58.85049999999999 -2.551400000000001, -58.85029999999999 -2.551400000000001, -58.85029999999999 -2.5515000000000008))"
2024,CORTE SELETIVO,C60L63,"POLYGON ((-58.856399999999994 -2.545300000000001, -58.85629999999999 -2.545300000000001, -58.85629999999999 -2.5454000000000008, -58.856399999999994 -2.5454000000000008, -58.856399999999994 -2.545300000000001))"
2024,CORTE SELETIVO,C60L63,"POLYGON ((-58.875699999999995 -2.543400000000001, -58.875699999999995 -2.543300000000001, -58.87559999999999 -2.543300000000001, -58.87559999999999 -2.543400000000001, -58.875699999999995 -2.543400000000001))"
2024,CORTE SELETIVO,C60L63,"POLYGON ((-58.85809999999999 -2.542300000000001, -58.85799999999999 -2.542300000000001, -58.85799999999999 -2.542500000000001, -58.85809999999999 -2.542500000000001, -58.85809999999999 -2.542300000000001))"
2024,CORTE SELETIVO,C60L63,"POLYGON ((-58.84009999999999 -2.540700000000001, -58.839999999999996 -2.540700000000001, -58.839999999999996 -2.540900000000001, -58.84009999999999 -2.540900000000001, -58.84009999999999 -2.540700000000001))"
2024,CORTE SELETIVO,C60L63,"POLYGON ((-58.87489999999999 -2.540400000000001, -58.87489999999999 -2.540300000000001, -58.87479999999999 -2.540300000000001, -58.87479999999999 -2.540400000000001, -58.87489999999999 -2.540400000000001))"
2024,CORTE SELETIVO,C60L63,"POLYGON ((-58.858599999999996 -2.538100000000001, -58.85869999999999 -2.538100000000001, -58.85869999999999 -2.5380000000000007, -58.858799999999995 -2.5380000000000007, -58.858799999999995 -2.537900000000001, -58.858599999999996 -2.537900000000001, -58.858599999999996 -2.538100000000001))"
2024,CORTE SELETIVO,C60L63,"POLYGON ((-58.875299999999996 -2.534500000000001, -58.87519999999999 -2.534500000000001, -58.87519999999999 -2.534700000000001, -58.875299999999996 -2.534700000000001, -58.875299999999996 -2.534500000000001))"
2024,CORTE SELETIVO,C60L63,"POLYGON ((-58.852199999999996 -2.534600000000001, -58.852199999999996 -2.534500000000001, -58.85209999999999 -2.534500000000001, -58.85209999999999 -2.534600000000001, -58.852199999999996 -2.534600000000001))"
2024,CORTE SELETIVO,C60L63,"POLYGON ((-58.86399999999999 -2.534500000000001, -58.86399999999999 -2.534400000000001, -58.863899999999994 -2.534400000000001, -58.863899999999994 -2.534500000000001, -58.86399999999999 -2.534500000000001))"
2024,CORTE SELETIVO,C60L63,"POLYGON ((-58.875499999999995 -2.534300000000001, -58.875499999999995 -2.5342000000000007, -58.87539999999999 -2.5342000000000007, -58.87539999999999 -2.534300000000001, -58.875499999999995 -2.534300000000001))"
2024,CORTE SELETIVO,C60L63,"POLYGON ((-58.875699999999995 -2.534100000000001, -58.87559999999999 -2.534100000000001, -58.87559999999999 -2.5342000000000007, -58.875699999999995 -2.5342000000000007, -58.875699999999995 -2.534100000000001))"
2024,CORTE SELETIVO,C60L63,"POLYGON ((-58.840999999999994 -2.533100000000001, -58.84089999999999 -2.533100000000001, -58.84089999999999 -2.533300000000001, -58.840999999999994 -2.533300000000001, -58.840999999999994 -2.533100000000001))"
2024,CORTE SELETIVO,C60L63,"POLYGON ((-58.874199999999995 -2.533100000000001, -58.874199999999995 -2.533000000000001, -58.87409999999999 -2.533000000000001, -58.87409999999999 -2.533100000000001, -58.874199999999995 -2.533100000000001))"
2024,CORTE SELETIVO,C60L63,"POLYGON ((-58.84049999999999 -2.5315000000000007, -58.84029999999999 -2.5315000000000007, -58.84029999999999 -2.531600000000001, -58.840199999999996 -2.531600000000001, -58.840199999999996 -2.5317000000000007, -58.840399999999995 -2.5317000000000007, -58.840399999999995 -2.531600000000001, -58.84049999999999 -2.531600000000001, -58.84049999999999 -2.5315000000000007))"
2024,CORTE SELETIVO,C60L63,"POLYGON ((-58.840199999999996 -2.5313000000000008, -58.84009999999999 -2.5313000000000008, -58.84009999999999 -2.531400000000001, -58.840199999999996 -2.531400000000001, -58.840199999999996 -2.5313000000000008))"
2024,CORTE SELETIVO,C60L63,"POLYGON ((-58.876799999999996 -2.529000000000001, -58.876799999999996 -2.528800000000001, -58.87669999999999 -2.528800000000001, -58.87669999999999 -2.529000000000001, -58.876799999999996 -2.529000000000001))"
2024,CORTE SELETIVO,C60L63,"POLYGON ((-58.875499999999995 -2.523000000000001, -58.875699999999995 -2.523000000000001, -58.875699999999995 -2.522900000000001, -58.87559999999999 -2.522900000000001, -58.87559999999999 -2.522800000000001, -58.875499999999995 -2.522800000000001, -58.875499999999995 -2.523000000000001))"
2024,CORTE SELETIVO,C60L63,"POLYGON ((-58.87599999999999 -2.5140000000000007, -58.875899999999994 -2.5140000000000007, -58.875899999999994 -2.514200000000001, -58.87599999999999 -2.514200000000001, -58.87599999999999 -2.5140000000000007))"
2024,CORTE SELETIVO,C60L63,"POLYGON ((-58.86569999999999 -2.511600000000001, -58.86569999999999 -2.5117000000000007, -58.86559999999999 -2.5117000000000007, -58.86559999999999 -2.511800000000001, -58.865899999999996 -2.511800000000001, -58.865899999999996 -2.511600000000001, -58.86569999999999 -2.511600000000001))"
2024,CORTE SELETIVO,C60L63,"POLYGON ((-58.84239999999999 -2.511200000000001, -58.84239999999999 -2.5111000000000008, -58.842299999999994 -2.5111000000000008, -58.842299999999994 -2.511200000000001, -58.84239999999999 -2.511200000000001))"
2024,CORTE SELETIVO,C60L63,"POLYGON ((-58.86429999999999 -2.509700000000001, -58.86429999999999 -2.5096000000000007, -58.86409999999999 -2.5096000000000007, -58.86409999999999 -2.509700000000001, -58.86429999999999 -2.509700000000001))"
2024,CORTE SELETIVO,C60L63,"POLYGON ((-58.863899999999994 -2.509300000000001, -58.86379999999999 -2.509300000000001, -58.86379999999999 -2.5094000000000007, -58.863899999999994 -2.5094000000000007, -58.863899999999994 -2.509300000000001))"
2024,CORTE SELETIVO,C60L63,"POLYGON ((-58.85799999999999 -2.509000000000001, -58.857899999999994 -2.509000000000001, -58.857899999999994 -2.509100000000001, -58.85799999999999 -2.509100000000001, -58.85799999999999 -2.509000000000001))"
2024,CORTE SELETIVO,C60L63,"POLYGON ((-58.836299999999994 -2.508100000000001, -58.836299999999994 -2.5079000000000007, -58.83619999999999 -2.5079000000000007, -58.83619999999999 -2.508100000000001, -58.836299999999994 -2.508100000000001))"
2024,CORTE SELETIVO,C60L63,"POLYGON ((-58.85779999999999 -2.5052000000000008, -58.857899999999994 -2.5052000000000008, -58.857899999999994 -2.505300000000001, -58.85799999999999 -2.505300000000001, -58.85799999999999 -2.505000000000001, -58.85779999999999 -2.505000000000001, -58.85779999999999 -2.5052000000000008))"
2024,CORTE SELETIVO,C60L63,"POLYGON ((-58.815799999999996 -2.696800000000001, -58.81569999999999 -2.696800000000001, -58.81569999999999 -2.6969000000000007, -58.815799999999996 -2.6969000000000007, -58.815799999999996 -2.696800000000001))"
2024,CORTE SELETIVO,C60L63,"POLYGON ((-58.79979999999999 -2.638000000000001, -58.79979999999999 -2.637700000000001, -58.799699999999994 -2.637700000000001, -58.799699999999994 -2.638000000000001, -58.79979999999999 -2.638000000000001))"
2024,CORTE SELETIVO,C60L63,"POLYGON ((-58.79709999999999 -2.599100000000001, -58.79719999999999 -2.599100000000001, -58.79719999999999 -2.599000000000001, -58.797399999999996 -2.599000000000001, -58.797399999999996 -2.5988000000000007, -58.79709999999999 -2.5988000000000007, -58.79709999999999 -2.599100000000001))"
2024,CORTE SELETIVO,C60L63,"POLYGON ((-58.82079999999999 -2.586500000000001, -58.820699999999995 -2.586500000000001, -58.820699999999995 -2.5866000000000007, -58.82079999999999 -2.5866000000000007, -58.82079999999999 -2.586500000000001))"
2024,CORTE SELETIVO,C60L63,"POLYGON ((-58.820499999999996 -2.586500000000001, -58.820499999999996 -2.5864000000000007, -58.82039999999999 -2.5864000000000007, -58.82039999999999 -2.586500000000001, -58.820499999999996 -2.586500000000001))"
2024,CORTE SELETIVO,C60L63,"POLYGON ((-58.817099999999996 -2.583100000000001, -58.817099999999996 -2.583000000000001, -58.81689999999999 -2.583000000000001, -58.81689999999999 -2.582900000000001, -58.81679999999999 -2.582900000000001, -58.81679999999999 -2.583000000000001, -58.81669999999999 -2.583000000000001, -58.81669999999999 -2.583300000000001, -58.81699999999999 -2.583300000000001, -58.81699999999999 -2.583100000000001, -58.817099999999996 -2.583100000000001))"
2024,CORTE SELETIVO,C60L63,"POLYGON ((-58.834599999999995 -2.5797000000000008, -58.834599999999995 -2.579600000000001, -58.83449999999999 -2.579600000000001, -58.83449999999999 -2.5797000000000008, -58.834599999999995 -2.5797000000000008))"
2024,CORTE SELETIVO,C60L63,"POLYGON ((-58.810399999999994 -2.568000000000001, -58.81049999999999 -2.568000000000001, -58.81049999999999 -2.5679000000000007, -58.810399999999994 -2.5679000000000007, -58.810399999999994 -2.567800000000001, -58.81029999999999 -2.567800000000001, -58.81029999999999 -2.568000000000001, -58.81009999999999 -2.568000000000001, -58.81009999999999 -2.5679000000000007, -58.809999999999995 -2.5679000000000007, -58.809999999999995 -2.5681000000000007, -58.810399999999994 -2.5681000000000007, -58.810399999999994 -2.568000000000001))"
2024,CORTE SELETIVO,C60L63,"POLYGON ((-58.82419999999999 -2.567100000000001, -58.824099999999994 -2.567100000000001, -58.824099999999994 -2.567200000000001, -58.82419999999999 -2.567200000000001, -58.82419999999999 -2.567100000000001))"
2024,CORTE SELETIVO,C60L63,"POLYGON ((-58.824299999999994 -2.567100000000001, -58.824299999999994 -2.567000000000001, -58.82419999999999 -2.567000000000001, -58.82419999999999 -2.567100000000001, -58.824299999999994 -2.567100000000001))"
2024,CORTE SELETIVO,C60L63,"POLYGON ((-58.824099999999994 -2.567000000000001, -58.82399999999999 -2.567000000000001, -58.82399999999999 -2.567100000000001, -58.824099999999994 -2.567100000000001, -58.824099999999994 -2.567000000000001))"
2024,CORTE SELETIVO,C60L63,"POLYGON ((-58.81289999999999 -2.565700000000001, -58.812999999999995 -2.565700000000001, -58.812999999999995 -2.5656000000000008, -58.81309999999999 -2.5656000000000008, -58.81309999999999 -2.565500000000001, -58.81289999999999 -2.565500000000001, -58.81289999999999 -2.565700000000001))"
2024,CORTE SELETIVO,C60L63,"POLYGON ((-58.81239999999999 -2.562300000000001, -58.81239999999999 -2.5622000000000007, -58.81229999999999 -2.5622000000000007, -58.81229999999999 -2.562300000000001, -58.81239999999999 -2.562300000000001))"
2024,CORTE SELETIVO,C60L63,"POLYGON ((-58.81229999999999 -2.561700000000001, -58.81219999999999 -2.561700000000001, -58.81219999999999 -2.5618000000000007, -58.81229999999999 -2.5618000000000007, -58.81229999999999 -2.561700000000001))"
2024,CORTE SELETIVO,C60L63,"POLYGON ((-58.834799999999994 -2.557500000000001, -58.83469999999999 -2.557500000000001, -58.83469999999999 -2.5578000000000007, -58.834799999999994 -2.5578000000000007, -58.834799999999994 -2.557500000000001))"
2024,CORTE SELETIVO,C60L63,"POLYGON ((-58.79959999999999 -2.557100000000001, -58.79959999999999 -2.557000000000001, -58.799499999999995 -2.557000000000001, -58.799499999999995 -2.557100000000001, -58.79959999999999 -2.557100000000001))"
2024,CORTE SELETIVO,C60L63,"POLYGON ((-58.80729999999999 -2.5515000000000008, -58.80729999999999 -2.551400000000001, -58.807199999999995 -2.551400000000001, -58.807199999999995 -2.5515000000000008, -58.80729999999999 -2.5515000000000008))"
2024,CORTE SELETIVO,C60L63,"POLYGON ((-58.80319999999999 -2.5504000000000007, -58.80319999999999 -2.550300000000001, -58.80309999999999 -2.550300000000001, -58.80309999999999 -2.5504000000000007, -58.80319999999999 -2.5504000000000007))"
2024,CORTE SELETIVO,C60L63,"POLYGON ((-58.80309999999999 -2.550100000000001, -58.80299999999999 -2.550100000000001, -58.80299999999999 -2.550300000000001, -58.80309999999999 -2.550300000000001, -58.80309999999999 -2.550100000000001))"
2024,CORTE SELETIVO,C60L63,"POLYGON ((-58.826899999999995 -2.5401000000000007, -58.82679999999999 -2.5401000000000007, -58.82679999999999 -2.540200000000001, -58.826899999999995 -2.540200000000001, -58.826899999999995 -2.5401000000000007))"
2024,CORTE SELETIVO,C60L63,"POLYGON ((-58.81369999999999 -2.535400000000001, -58.81369999999999 -2.5353000000000008, -58.813599999999994 -2.5353000000000008, -58.813599999999994 -2.535400000000001, -58.81369999999999 -2.535400000000001))"
2024,CORTE SELETIVO,C60L63,"POLYGON ((-58.81239999999999 -2.534100000000001, -58.81229999999999 -2.534100000000001, -58.81229999999999 -2.5342000000000007, -58.81239999999999 -2.5342000000000007, -58.81239999999999 -2.534100000000001))"
2024,CORTE SELETIVO,C60L63,"POLYGON ((-58.81219999999999 -2.5340000000000007, -58.812099999999994 -2.5340000000000007, -58.812099999999994 -2.534100000000001, -58.81229999999999 -2.534100000000001, -58.81229999999999 -2.5338000000000007, -58.81219999999999 -2.5338000000000007, -58.81219999999999 -2.5340000000000007))"
2024,CORTE SELETIVO,C60L63,"POLYGON ((-58.82469999999999 -2.524600000000001, -58.82469999999999 -2.524500000000001, -58.82459999999999 -2.524500000000001, -58.82459999999999 -2.524600000000001, -58.82469999999999 -2.524600000000001))"
2024,CORTE SELETIVO,C60L63,"POLYGON ((-58.832899999999995 -2.522100000000001, -58.83279999999999 -2.522100000000001, -58.83279999999999 -2.522200000000001, -58.832899999999995 -2.522200000000001, -58.832899999999995 -2.522100000000001))"
2024,CORTE SELETIVO,C60L63,"POLYGON ((-58.82889999999999 -2.5201000000000007, -58.828799999999994 -2.5201000000000007, -58.828799999999994 -2.520200000000001, -58.82889999999999 -2.520200000000001, -58.82889999999999 -2.5201000000000007))"
2024,CORTE SELETIVO,C60L63,"POLYGON ((-58.81349999999999 -2.5172000000000008, -58.81349999999999 -2.517100000000001, -58.813399999999994 -2.517100000000001, -58.813399999999994 -2.5172000000000008, -58.81349999999999 -2.5172000000000008))"
2024,CORTE SELETIVO,C60L63,"POLYGON ((-58.82449999999999 -2.5155000000000007, -58.82449999999999 -2.515400000000001, -58.82439999999999 -2.515400000000001, -58.82439999999999 -2.5155000000000007, -58.82449999999999 -2.5155000000000007))"
2024,CORTE SELETIVO,C60L63,"POLYGON ((-58.81539999999999 -2.515100000000001, -58.81539999999999 -2.515000000000001, -58.81529999999999 -2.515000000000001, -58.81529999999999 -2.515100000000001, -58.81539999999999 -2.515100000000001))"
2024,CORTE SELETIVO,C60L63,"POLYGON ((-58.81889999999999 -2.514400000000001, -58.818799999999996 -2.514400000000001, -58.818799999999996 -2.514500000000001, -58.81889999999999 -2.514500000000001, -58.81889999999999 -2.514400000000001))"
2024,CORTE SELETIVO,C60L63,"POLYGON ((-58.83619999999999 -2.508300000000001, -58.836099999999995 -2.508300000000001, -58.836099999999995 -2.508500000000001, -58.83619999999999 -2.508500000000001, -58.83619999999999 -2.508300000000001))"
2024,CORTE SELETIVO,C60L63,"POLYGON ((-58.81379999999999 -2.5012000000000008, -58.81379999999999 -2.501100000000001, -58.81369999999999 -2.501100000000001, -58.81369999999999 -2.5012000000000008, -58.81379999999999 -2.5012000000000008))"
2024,CORTE SELETIVO,C60L63,"POLYGON ((-58.80219999999999 -2.500700000000001, -58.802099999999996 -2.500700000000001, -58.802099999999996 -2.500800000000001, -58.80219999999999 -2.500800000000001, -58.80219999999999 -2.500700000000001))"
2024,CORTE SELETIVO,C60L63,"POLYGON ((-58.83519999999999 -2.500200000000001, -58.834999999999994 -2.500200000000001, -58.834999999999994 -2.500300000000001, -58.83519999999999 -2.500300000000001, -58.83519999999999 -2.500200000000001))"
2024,CORTE SELETIVO,C60L63,"POLYGON ((-58.834799999999994 -2.500300000000001, -58.834799999999994 -2.500200000000001, -58.83469999999999 -2.500200000000001, -58.83469999999999 -2.500300000000001, -58.834799999999994 -2.500300000000001))"
2024,CORTE SELETIVO,C60L63,"POLYGON ((-58.77859999999999 -2.730900000000001, -58.778299999999994 -2.730900000000001, -58.778299999999994 -2.7310000000000008, -58.77839999999999 -2.7310000000000008, -58.77839999999999 -2.731100000000001, -58.778499999999994 -2.731100000000001, -58.778499999999994 -2.7310000000000008, -58.77859999999999 -2.7310000000000008, -58.77859999999999 -2.730900000000001))"
2024,CORTE SELETIVO,C60L63,"POLYGON ((-58.778499999999994 -2.730700000000001, -58.77839999999999 -2.730700000000001, -58.77839999999999 -2.730800000000001, -58.778499999999994 -2.730800000000001, -58.778499999999994 -2.730700000000001))"
2024,CORTE SELETIVO,C60L63,"POLYGON ((-58.77109999999999 -2.726500000000001, -58.77109999999999 -2.726300000000001, -58.77089999999999 -2.726300000000001, -58.77089999999999 -2.726500000000001, -58.77109999999999 -2.726500000000001))"
2024,CORTE SELETIVO,C60L63,"POLYGON ((-58.77139999999999 -2.726400000000001, -58.77139999999999 -2.726300000000001, -58.771499999999996 -2.726300000000001, -58.771499999999996 -2.725900000000001, -58.77139999999999 -2.725900000000001, -58.77139999999999 -2.725800000000001, -58.77129999999999 -2.725800000000001, -58.77129999999999 -2.726000000000001, -58.77139999999999 -2.726000000000001, -58.77139999999999 -2.726200000000001, -58.77129999999999 -2.726200000000001, -58.77129999999999 -2.726400000000001, -58.77139999999999 -2.726400000000001))"
2024,CORTE SELETIVO,C60L63,"POLYGON ((-58.77069999999999 -2.725800000000001, -58.77069999999999 -2.726100000000001, -58.770799999999994 -2.726100000000001, -58.770799999999994 -2.726300000000001, -58.77089999999999 -2.726300000000001, -58.77089999999999 -2.725800000000001, -58.77069999999999 -2.725800000000001))"
2024,CORTE SELETIVO,C60L63,"POLYGON ((-58.77049999999999 -2.725800000000001, -58.77069999999999 -2.725800000000001, -58.77069999999999 -2.7257000000000007, -58.770799999999994 -2.7257000000000007, -58.770799999999994 -2.7255000000000007, -58.77069999999999 -2.7255000000000007, -58.77069999999999 -2.725600000000001, -58.770599999999995 -2.725600000000001, -58.770599999999995 -2.7255000000000007, -58.770399999999995 -2.7255000000000007, -58.770399999999995 -2.725600000000001, -58.77049999999999 -2.725600000000001, -58.77049999999999 -2.725800000000001))"
2024,CORTE SELETIVO,C60L63,"POLYGON ((-58.770399999999995 -2.725400000000001, -58.77029999999999 -2.725400000000001, -58.77029999999999 -2.7255000000000007, -58.770399999999995 -2.7255000000000007, -58.770399999999995 -2.725400000000001))"
2024,CORTE SELETIVO,C60L63,"POLYGON ((-58.76939999999999 -2.725000000000001, -58.76939999999999 -2.724700000000001, -58.769299999999994 -2.724700000000001, -58.769299999999994 -2.724800000000001, -58.76919999999999 -2.724800000000001, -58.76919999999999 -2.7249000000000008, -58.76899999999999 -2.7249000000000008, -58.76899999999999 -2.725000000000001, -58.76939999999999 -2.725000000000001))"
2024,CORTE SELETIVO,C60L63,"POLYGON ((-58.77089999999999 -2.7238000000000007, -58.770799999999994 -2.7238000000000007, -58.770799999999994 -2.724000000000001, -58.77089999999999 -2.724000000000001, -58.77089999999999 -2.7238000000000007))"
2024,CORTE SELETIVO,C60L63,"POLYGON ((-58.770599999999995 -2.723700000000001, -58.77049999999999 -2.723700000000001, -58.77049999999999 -2.7238000000000007, -58.770599999999995 -2.7238000000000007, -58.770599999999995 -2.723700000000001))"
2024,CORTE SELETIVO,C60L63,"POLYGON ((-58.770999999999994 -2.723700000000001, -58.770999999999994 -2.7238000000000007, -58.77109999999999 -2.7238000000000007, -58.77109999999999 -2.723300000000001, -58.77089999999999 -2.723300000000001, -58.77089999999999 -2.723500000000001, -58.770799999999994 -2.723500000000001, -58.770799999999994 -2.723600000000001, -58.77069999999999 -2.723600000000001, -58.77069999999999 -2.723700000000001, -58.770999999999994 -2.723700000000001))"
2024,CORTE SELETIVO,C60L63,"POLYGON ((-58.76839999999999 -2.721900000000001, -58.768299999999996 -2.721900000000001, -58.768299999999996 -2.722000000000001, -58.76839999999999 -2.722000000000001, -58.76839999999999 -2.721900000000001))"
2024,CORTE SELETIVO,C60L63,"POLYGON ((-58.766299999999994 -2.721900000000001, -58.76619999999999 -2.721900000000001, -58.76619999999999 -2.722000000000001, -58.766299999999994 -2.722000000000001, -58.766299999999994 -2.721900000000001))"
2024,CORTE SELETIVO,C60L63,"POLYGON ((-58.765499999999996 -2.722000000000001, -58.765499999999996 -2.721600000000001, -58.76539999999999 -2.721600000000001, -58.76539999999999 -2.721700000000001, -58.76519999999999 -2.721700000000001, -58.76519999999999 -2.721900000000001, -58.765299999999996 -2.721900000000001, -58.765299999999996 -2.722000000000001, -58.765499999999996 -2.722000000000001))"
2024,CORTE SELETIVO,C60L63,"POLYGON ((-58.768299999999996 -2.721600000000001, -58.768299999999996 -2.721700000000001, -58.76839999999999 -2.721700000000001, -58.76839999999999 -2.721900000000001, -58.768899999999995 -2.721900000000001, -58.768899999999995 -2.721800000000001, -58.76879999999999 -2.721800000000001, -58.76879999999999 -2.721700000000001, -58.76859999999999 -2.721700000000001, -58.76859999999999 -2.721600000000001, -58.768499999999996 -2.721600000000001, -58.768499999999996 -2.721400000000001, -58.76859999999999 -2.721400000000001, -58.76859999999999 -2.7213000000000007, -58.768499999999996 -2.7213000000000007, -58.768499999999996 -2.7211000000000007, -58.76839999999999 -2.7211000000000007, -58.76839999999999 -2.721400000000001, -58.768299999999996 -2.721400000000001, -58.768299999999996 -2.7215000000000007, -58.76819999999999 -2.7215000000000007, -58.76819999999999 -2.721600000000001, -58.768299999999996 -2.721600000000001))"
2024,CORTE SELETIVO,C60L63,"POLYGON ((-58.767199999999995 -2.720500000000001, -58.767199999999995 -2.720400000000001, -58.76709999999999 -2.720400000000001, -58.76709999999999 -2.720500000000001, -58.767199999999995 -2.720500000000001))"
2024,CORTE SELETIVO,C60L63,"POLYGON ((-58.76669999999999 -2.7177000000000007, -58.76649999999999 -2.7177000000000007, -58.76649999999999 -2.717800000000001, -58.76669999999999 -2.717800000000001, -58.76669999999999 -2.7177000000000007))"
2024,CORTE SELETIVO,C60L63,"POLYGON ((-58.76649999999999 -2.717600000000001, -58.76639999999999 -2.717600000000001, -58.76639999999999 -2.7177000000000007, -58.76649999999999 -2.7177000000000007, -58.76649999999999 -2.717600000000001))"
2024,CORTE SELETIVO,C60L63,"POLYGON ((-58.76639999999999 -2.717600000000001, -58.76639999999999 -2.7175000000000007, -58.766299999999994 -2.7175000000000007, -58.766299999999994 -2.717600000000001, -58.76639999999999 -2.717600000000001))"
2024,CORTE SELETIVO,C60L63,"POLYGON ((-58.76669999999999 -2.717400000000001, -58.76659999999999 -2.717400000000001, -58.76659999999999 -2.7175000000000007, -58.76669999999999 -2.7175000000000007, -58.76669999999999 -2.717400000000001))"
2024,CORTE SELETIVO,C60L63,"POLYGON ((-58.76659999999999 -2.7173000000000007, -58.76649999999999 -2.7173000000000007, -58.76649999999999 -2.717400000000001, -58.76659999999999 -2.717400000000001, -58.76659999999999 -2.7173000000000007))"
2024,CORTE SELETIVO,C60L63,"POLYGON ((-58.76579999999999 -2.717200000000001, -58.76579999999999 -2.7171000000000007, -58.765699999999995 -2.7171000000000007, -58.765699999999995 -2.717200000000001, -58.76579999999999 -2.717200000000001))"
2024,CORTE SELETIVO,C60L63,"POLYGON ((-58.76579999999999 -2.716500000000001, -58.76559999999999 -2.716500000000001, -58.76559999999999 -2.716400000000001, -58.765499999999996 -2.716400000000001, -58.765499999999996 -2.716600000000001, -58.76559999999999 -2.716600000000001, -58.76559999999999 -2.716700000000001, -58.765699999999995 -2.716700000000001, -58.765699999999995 -2.716600000000001, -58.76579999999999 -2.716600000000001, -58.76579999999999 -2.716500000000001))"
2024,CORTE SELETIVO,C60L63,"POLYGON ((-58.757799999999996 -2.709600000000001, -58.75769999999999 -2.709600000000001, -58.75769999999999 -2.7097000000000007, -58.757799999999996 -2.7097000000000007, -58.757799999999996 -2.709600000000001))"
2024,CORTE SELETIVO,C60L63,"POLYGON ((-58.770999999999994 -2.689700000000001, -58.770999999999994 -2.689600000000001, -58.77089999999999 -2.689600000000001, -58.77089999999999 -2.689700000000001, -58.770999999999994 -2.689700000000001))"
2024,CORTE SELETIVO,C60L63,"POLYGON ((-58.77139999999999 -2.688600000000001, -58.77139999999999 -2.688500000000001, -58.77129999999999 -2.688500000000001, -58.77129999999999 -2.688600000000001, -58.77139999999999 -2.688600000000001))"
2024,CORTE SELETIVO,C60L63,"POLYGON ((-58.780199999999994 -2.6468000000000007, -58.780199999999994 -2.647000000000001, -58.78029999999999 -2.647000000000001, -58.78029999999999 -2.647100000000001, -58.78039999999999 -2.647100000000001, -58.78039999999999 -2.6468000000000007, -58.780199999999994 -2.6468000000000007))"
2024,CORTE SELETIVO,C60L63,"POLYGON ((-58.78759999999999 -2.586900000000001, -58.787499999999994 -2.586900000000001, -58.787499999999994 -2.587000000000001, -58.78759999999999 -2.587000000000001, -58.78759999999999 -2.586900000000001))"
2024,CORTE SELETIVO,C60L63,"POLYGON ((-58.789899999999996 -2.580800000000001, -58.78999999999999 -2.580800000000001, -58.78999999999999 -2.580700000000001, -58.790099999999995 -2.580700000000001, -58.790099999999995 -2.5805000000000007, -58.789899999999996 -2.5805000000000007, -58.789899999999996 -2.580800000000001))"
2024,CORTE SELETIVO,C60L63,"POLYGON ((-58.790299999999995 -2.5805000000000007, -58.790299999999995 -2.5803000000000007, -58.79019999999999 -2.5803000000000007, -58.79019999999999 -2.5805000000000007, -58.790299999999995 -2.5805000000000007))"
2024,CORTE SELETIVO,C60L63,"POLYGON ((-58.787499999999994 -2.579500000000001, -58.78739999999999 -2.579500000000001, -58.78739999999999 -2.579800000000001, -58.787499999999994 -2.579800000000001, -58.787499999999994 -2.579500000000001))"
2024,CORTE SELETIVO,C60L63,"POLYGON ((-58.784299999999995 -2.5096000000000007, -58.78419999999999 -2.5096000000000007, -58.78419999999999 -2.509700000000001, -58.784299999999995 -2.509700000000001, -58.784299999999995 -2.5096000000000007))"
2024,CORTE SELETIVO,C60L63,"POLYGON ((-58.78609999999999 -2.509300000000001, -58.78609999999999 -2.5092000000000008, -58.785999999999994 -2.5092000000000008, -58.785999999999994 -2.509300000000001, -58.78609999999999 -2.509300000000001))"
2024,CORTE SELETIVO,C60L63,"POLYGON ((-58.79319999999999 -2.508900000000001, -58.793099999999995 -2.508900000000001, -58.793099999999995 -2.509000000000001, -58.79319999999999 -2.509000000000001, -58.79319999999999 -2.508900000000001))"
2024,CORTE SELETIVO,C60L63,"POLYGON ((-58.785399999999996 -2.502700000000001, -58.78529999999999 -2.502700000000001, -58.78529999999999 -2.502800000000001, -58.785399999999996 -2.502800000000001, -58.785399999999996 -2.502700000000001))"
2024,CORTE SELETIVO,C60L63,"POLYGON ((-58.77199999999999 -2.673500000000001, -58.77199999999999 -2.673400000000001, -58.771899999999995 -2.673400000000001, -58.771899999999995 -2.673500000000001, -58.77199999999999 -2.673500000000001))"
2024,CORTE SELETIVO,C60L63,"POLYGON ((-58.93289999999999 -2.6384000000000007, -58.93299999999999 -2.6384000000000007, -58.93299999999999 -2.638500000000001, -58.933099999999996 -2.638500000000001, -58.933099999999996 -2.638300000000001, -58.93299999999999 -2.638300000000001, -58.93299999999999 -2.6382000000000008, -58.93269999999999 -2.6382000000000008, -58.93269999999999 -2.638300000000001, -58.93289999999999 -2.638300000000001, -58.93289999999999 -2.6384000000000007))"
2024,CORTE SELETIVO,C60L63,"POLYGON ((-58.93319999999999 -2.637800000000001, -58.933099999999996 -2.637800000000001, -58.933099999999996 -2.637900000000001, -58.93319999999999 -2.637900000000001, -58.93319999999999 -2.637800000000001))"
2024,CORTE SELETIVO,C60L63,"POLYGON ((-58.89399999999999 -2.602500000000001, -58.89379999999999 -2.602500000000001, -58.89379999999999 -2.602700000000001, -58.89399999999999 -2.602700000000001, -58.89399999999999 -2.602500000000001))"
2024,CORTE SELETIVO,C60L63,"POLYGON ((-58.85049999999999 -2.551300000000001, -58.85029999999999 -2.551300000000001, -58.85029999999999 -2.551400000000001, -58.85049999999999 -2.551400000000001, -58.85049999999999 -2.551300000000001))"
2024,CORTE SELETIVO,C60L63,"POLYGON ((-58.88629999999999 -2.533200000000001, -58.886199999999995 -2.533200000000001, -58.886199999999995 -2.533300000000001, -58.88629999999999 -2.533300000000001, -58.88629999999999 -2.533200000000001))"
2024,CORTE SELETIVO,C60L63,"POLYGON ((-58.837199999999996 -2.529900000000001, -58.83709999999999 -2.529900000000001, -58.83709999999999 -2.5300000000000007, -58.837199999999996 -2.5300000000000007, -58.837199999999996 -2.529900000000001))"
2024,CORTE SELETIVO,C60L63,"POLYGON ((-58.83979999999999 -2.529200000000001, -58.83959999999999 -2.529200000000001, -58.83959999999999 -2.529300000000001, -58.83979999999999 -2.529300000000001, -58.83979999999999 -2.529200000000001))"
2024,CORTE SELETIVO,C60L63,"POLYGON ((-58.77119999999999 -2.726400000000001, -58.77109999999999 -2.726400000000001, -58.77109999999999 -2.726500000000001, -58.77119999999999 -2.726500000000001, -58.77119999999999 -2.726400000000001))"
2024,CORTE SELETIVO,C60L63,"POLYGON ((-58.77009999999999 -2.7249000000000008, -58.769999999999996 -2.7249000000000008, -58.769999999999996 -2.724800000000001, -58.76989999999999 -2.724800000000001, -58.76989999999999 -2.725000000000001, -58.77009999999999 -2.725000000000001, -58.77009999999999 -2.7249000000000008))"
2024,CORTE SELETIVO,C60L63,"POLYGON ((-58.76709999999999 -2.722400000000001, -58.766999999999996 -2.722400000000001, -58.766999999999996 -2.722500000000001, -58.76709999999999 -2.722500000000001, -58.76709999999999 -2.722400000000001))"
2024,CORTE SELETIVO,C60L63,"POLYGON ((-58.76689999999999 -2.722200000000001, -58.766799999999996 -2.722200000000001, -58.766799999999996 -2.722400000000001, -58.76689999999999 -2.722400000000001, -58.76689999999999 -2.722200000000001))"
2024,CORTE SELETIVO,C60L63,"POLYGON ((-58.76839999999999 -2.722000000000001, -58.768299999999996 -2.722000000000001, -58.768299999999996 -2.722300000000001, -58.76839999999999 -2.722300000000001, -58.76839999999999 -2.722000000000001))"
2024,CORTE SELETIVO,C60L63,"POLYGON ((-58.76669999999999 -2.7177000000000007, -58.766799999999996 -2.7177000000000007, -58.766799999999996 -2.7175000000000007, -58.76689999999999 -2.7175000000000007, -58.76689999999999 -2.7173000000000007, -58.766799999999996 -2.7173000000000007, -58.766799999999996 -2.717400000000001, -58.76669999999999 -2.717400000000001, -58.76669999999999 -2.7177000000000007))"
2024,CORTE SELETIVO,C60L63,"POLYGON ((-58.765899999999995 -2.717200000000001, -58.76579999999999 -2.717200000000001, -58.76579999999999 -2.7173000000000007, -58.765899999999995 -2.7173000000000007, -58.765899999999995 -2.717200000000001))"
2024,CORTE SELETIVO,C60L63,"POLYGON ((-58.76839999999999 -2.722500000000001, -58.768499999999996 -2.722500000000001, -58.768499999999996 -2.722400000000001, -58.76839999999999 -2.722400000000001, -58.76839999999999 -2.722500000000001))"
2024,CORTE SELETIVO,C60L63,"POLYGON ((-58.76689999999999 -2.722500000000001, -58.766999999999996 -2.722500000000001, -58.766999999999996 -2.722300000000001, -58.76689999999999 -2.722300000000001, -58.76689999999999 -2.722500000000001))"
2024,CORTE SELETIVO,C60L63,"POLYGON ((-58.961999999999996 -2.597500000000001, -58.96209999999999 -2.597500000000001, -58.96209999999999 -2.597400000000001, -58.961999999999996 -2.597400000000001, -58.961999999999996 -2.597500000000001))"
2024,CORTE SELETIVO,C60L63,"POLYGON ((-58.875099999999996 -2.540300000000001, -58.875099999999996 -2.540200000000001, -58.87499999999999 -2.540200000000001, -58.87499999999999 -2.540300000000001, -58.875099999999996 -2.540300000000001))"
2024,CORTE SELETIVO,C60L63,"POLYGON ((-58.87519999999999 -2.540200000000001, -58.87519999999999 -2.5401000000000007, -58.875099999999996 -2.5401000000000007, -58.875099999999996 -2.540200000000001, -58.87519999999999 -2.540200000000001))"
2024,CORTE SELETIVO,C60L63,"POLYGON ((-58.76689999999999 -2.722300000000001, -58.766999999999996 -2.722300000000001, -58.766999999999996 -2.722200000000001, -58.76689999999999 -2.722200000000001, -58.76689999999999 -2.722300000000001))"
2024,CORTE SELETIVO,C60L63,"POLYGON ((-58.76579999999999 -2.717400000000001, -58.765899999999995 -2.717400000000001, -58.765899999999995 -2.7173000000000007, -58.76579999999999 -2.7173000000000007, -58.76579999999999 -2.717400000000001))"
2024,CORTE SELETIVO,C60L63,"POLYGON ((-58.797799999999995 -2.6346000000000007, -58.79789999999999 -2.6346000000000007, -58.79789999999999 -2.634500000000001, -58.797799999999995 -2.634500000000001, -58.797799999999995 -2.6346000000000007))"
2024,CORTE SELETIVO,C60L63,"POLYGON ((-58.789899999999996 -2.5805000000000007, -58.78999999999999 -2.5805000000000007, -58.78999999999999 -2.580400000000001, -58.789899999999996 -2.580400000000001, -58.789899999999996 -2.5805000000000007))"
2024,CORTE SELETIVO,C60L63,"POLYGON ((-58.76709999999999 -2.722400000000001, -58.76709999999999 -2.722500000000001, -58.767199999999995 -2.722500000000001, -58.767199999999995 -2.722400000000001, -58.76709999999999 -2.722400000000001))"
2024,CORTE SELETIVO,C60L63,"POLYGON ((-58.93319999999999 -2.637700000000001, -58.933299999999996 -2.637700000000001, -58.933299999999996 -2.637600000000001, -58.93319999999999 -2.637600000000001, -58.93319999999999 -2.637700000000001))"
2024,CORTE SELETIVO,C60L63,"POLYGON ((-58.96189999999999 -2.579400000000001, -58.961999999999996 -2.579400000000001, -58.961999999999996 -2.579300000000001, -58.96189999999999 -2.579300000000001, -58.96189999999999 -2.579400000000001))"
2024,CORTE SELETIVO,C60L63,"POLYGON ((-58.769999999999996 -2.7249000000000008, -58.77009999999999 -2.7249000000000008, -58.77009999999999 -2.724800000000001, -58.769999999999996 -2.724800000000001, -58.769999999999996 -2.7249000000000008))"
2024,CORTE SELETIVO,C60L63,"POLYGON ((-58.770799999999994 -2.7213000000000007, -58.77089999999999 -2.7213000000000007, -58.77089999999999 -2.721400000000001, -58.770999999999994 -2.721400000000001, -58.770999999999994 -2.7213000000000007, -58.77109999999999 -2.7213000000000007, -58.77109999999999 -2.7215000000000007, -58.77119999999999 -2.7215000000000007, -58.77119999999999 -2.7211000000000007, -58.77109999999999 -2.7211000000000007, -58.77109999999999 -2.721000000000001, -58.770799999999994 -2.721000000000001, -58.770799999999994 -2.7213000000000007))"
2024,CORTE SELETIVO,C60L63,"POLYGON ((-58.78139999999999 -2.698000000000001, -58.781499999999994 -2.698000000000001, -58.781499999999994 -2.697900000000001, -58.78139999999999 -2.697900000000001, -58.78139999999999 -2.698000000000001))"
2024,CORTE SELETIVO,C60L63,"POLYGON ((-58.87929999999999 -2.5338000000000007, -58.87939999999999 -2.5338000000000007, -58.87939999999999 -2.533700000000001, -58.87929999999999 -2.533700000000001, -58.87929999999999 -2.5338000000000007))"
2024,CORTE SELETIVO,C60L63,"POLYGON ((-58.76859999999999 -2.722600000000001, -58.768699999999995 -2.722600000000001, -58.768699999999995 -2.722500000000001, -58.76859999999999 -2.722500000000001, -58.76859999999999 -2.722600000000001))"
2024,CORTE SELETIVO,C60L63,"POLYGON ((-58.765699999999995 -2.7173000000000007, -58.76579999999999 -2.7173000000000007, -58.76579999999999 -2.717200000000001, -58.765699999999995 -2.717200000000001, -58.765699999999995 -2.7173000000000007))"
2024,CORTE SELETIVO,C60L63,"POLYGON ((-58.771899999999995 -2.673600000000001, -58.77199999999999 -2.673600000000001, -58.77199999999999 -2.673500000000001, -58.771899999999995 -2.673500000000001, -58.771899999999995 -2.673600000000001))"
2024,CORTE SELETIVO,C60L63,"POLYGON ((-58.85629999999999 -2.545000000000001, -58.856399999999994 -2.545000000000001, -58.856399999999994 -2.544900000000001, -58.85629999999999 -2.544900000000001, -58.85629999999999 -2.545000000000001))"
2024,CORTE SELETIVO,C60L63,"POLYGON ((-58.790099999999995 -2.580700000000001, -58.78999999999999 -2.580700000000001, -58.78999999999999 -2.580800000000001, -58.790099999999995 -2.580800000000001, -58.790099999999995 -2.580700000000001))"
2024,CORTE SELETIVO,C60L63,"POLYGON ((-58.770799999999994 -2.724100000000001, -58.77089999999999 -2.724100000000001, -58.77089999999999 -2.724000000000001, -58.770799999999994 -2.724000000000001, -58.770799999999994 -2.724100000000001))"
2024,CORTE SELETIVO,C60L63,"POLYGON ((-58.77179999999999 -2.673500000000001, -58.771899999999995 -2.673500000000001, -58.771899999999995 -2.673400000000001, -58.77179999999999 -2.673400000000001, -58.77179999999999 -2.673500000000001))"
2024,CORTE SELETIVO,C60L63,"POLYGON ((-58.93659999999999 -2.661600000000001, -58.936699999999995 -2.661600000000001, -58.936699999999995 -2.661500000000001, -58.93659999999999 -2.661500000000001, -58.93659999999999 -2.661600000000001))"
2024,CORTE SELETIVO,C60L63,"POLYGON ((-58.839499999999994 -2.529300000000001, -58.83959999999999 -2.529300000000001, -58.83959999999999 -2.529200000000001, -58.839499999999994 -2.529200000000001, -58.839499999999994 -2.529300000000001))"
2024,CORTE SELETIVO,C60L63,"POLYGON ((-58.93319999999999 -2.637700000000001, -58.933099999999996 -2.637700000000001, -58.933099999999996 -2.637800000000001, -58.93319999999999 -2.637800000000001, -58.93319999999999 -2.637700000000001))"
2024,CORTE SELETIVO,C60L63,"POLYGON ((-58.770799999999994 -2.726300000000001, -58.770799999999994 -2.726400000000001, -58.77089999999999 -2.726400000000001, -58.77089999999999 -2.726300000000001, -58.770799999999994 -2.726300000000001))"
2024,CORTE SELETIVO,C60L63,"POLYGON ((-58.77139999999999 -2.726300000000001, -58.77139999999999 -2.726400000000001, -58.771499999999996 -2.726400000000001, -58.771499999999996 -2.726300000000001, -58.77139999999999 -2.726300000000001))"
2024,CORTE SELETIVO,C60L63,"POLYGON ((-58.77119999999999 -2.7257000000000007, -58.77119999999999 -2.725800000000001, -58.77129999999999 -2.725800000000001, -58.77129999999999 -2.7257000000000007, -58.77119999999999 -2.7257000000000007))"
2024,CORTE SELETIVO,C60L63,"POLYGON ((-58.770999999999994 -2.725600000000001, -58.770999999999994 -2.7257000000000007, -58.77119999999999 -2.7257000000000007, -58.77119999999999 -2.7255000000000007, -58.770799999999994 -2.7255000000000007, -58.770799999999994 -2.7257000000000007, -58.77089999999999 -2.7257000000000007, -58.77089999999999 -2.725600000000001, -58.770999999999994 -2.725600000000001))"
2024,CORTE SELETIVO,C60L63,"POLYGON ((-58.77089999999999 -2.723900000000001, -58.77089999999999 -2.724100000000001, -58.770799999999994 -2.724100000000001, -58.770799999999994 -2.724300000000001, -58.770599999999995 -2.724300000000001, -58.770599999999995 -2.724100000000001, -58.77049999999999 -2.724100000000001, -58.77049999999999 -2.724300000000001, -58.770399999999995 -2.724300000000001, -58.770399999999995 -2.724400000000001, -58.77049999999999 -2.724400000000001, -58.77049999999999 -2.724600000000001, -58.77069999999999 -2.724600000000001, -58.77069999999999 -2.724500000000001, -58.770799999999994 -2.724500000000001, -58.770799999999994 -2.724400000000001, -58.770999999999994 -2.724400000000001, -58.770999999999994 -2.724300000000001, -58.77109999999999 -2.724300000000001, -58.77109999999999 -2.724100000000001, -58.77129999999999 -2.724100000000001, -58.77129999999999 -2.723700000000001, -58.77109999999999 -2.723700000000001, -58.77109999999999 -2.7238000000000007, -58.770999999999994 -2.7238000000000007, -58.770999999999994 -2.723900000000001, -58.77089999999999 -2.723900000000001))"
2024,CORTE SELETIVO,C60L63,"POLYGON ((-58.771499999999996 -2.7238000000000007, -58.771499999999996 -2.723500000000001, -58.77129999999999 -2.723500000000001, -58.77129999999999 -2.723600000000001, -58.77139999999999 -2.723600000000001, -58.77139999999999 -2.7238000000000007, -58.771499999999996 -2.7238000000000007))"
2024,CORTE SELETIVO,C60L63,"POLYGON ((-58.77109999999999 -2.7215000000000007, -58.77109999999999 -2.721400000000001, -58.770799999999994 -2.721400000000001, -58.770799999999994 -2.721600000000001, -58.77119999999999 -2.721600000000001, -58.77119999999999 -2.7215000000000007, -58.77109999999999 -2.7215000000000007))"
2024,CORTE SELETIVO,C60L63,"POLYGON ((-58.77179999999999 -2.673300000000001, -58.77179999999999 -2.673400000000001, -58.77199999999999 -2.673400000000001, -58.77199999999999 -2.673300000000001, -58.77179999999999 -2.673300000000001))"
2024,CORTE SELETIVO,C60L63,"POLYGON ((-58.93659999999999 -2.658700000000001, -58.93659999999999 -2.6588000000000007, -58.936699999999995 -2.6588000000000007, -58.936699999999995 -2.658700000000001, -58.93659999999999 -2.658700000000001))"
2024,CORTE SELETIVO,C60L63,"POLYGON ((-58.890699999999995 -2.6287000000000007, -58.890699999999995 -2.628800000000001, -58.89079999999999 -2.628800000000001, -58.89079999999999 -2.6287000000000007, -58.890699999999995 -2.6287000000000007))"
2024,CORTE SELETIVO,C60L63,"POLYGON ((-58.949799999999996 -2.602700000000001, -58.949799999999996 -2.602800000000001, -58.94989999999999 -2.602800000000001, -58.94989999999999 -2.602700000000001, -58.949799999999996 -2.602700000000001))"
2024,CORTE SELETIVO,C60L63,"POLYGON ((-58.954299999999996 -2.6022000000000007, -58.954299999999996 -2.602300000000001, -58.95439999999999 -2.602300000000001, -58.95439999999999 -2.6022000000000007, -58.954299999999996 -2.6022000000000007))"
2024,CORTE SELETIVO,C60L63,"POLYGON ((-58.94279999999999 -2.599800000000001, -58.94279999999999 -2.5999000000000008, -58.942899999999995 -2.5999000000000008, -58.942899999999995 -2.599800000000001, -58.94279999999999 -2.599800000000001))"
2024,CORTE SELETIVO,C60L63,"POLYGON ((-58.94339999999999 -2.598300000000001, -58.94339999999999 -2.5984000000000007, -58.94349999999999 -2.5984000000000007, -58.94349999999999 -2.598300000000001, -58.94339999999999 -2.598300000000001))"
2024,CORTE SELETIVO,C60L63,"POLYGON ((-58.94429999999999 -2.586500000000001, -58.94429999999999 -2.5866000000000007, -58.94449999999999 -2.5866000000000007, -58.94449999999999 -2.586500000000001, -58.94429999999999 -2.586500000000001))"
2024,CORTE SELETIVO,C60L63,"POLYGON ((-58.94409999999999 -2.5866000000000007, -58.944199999999995 -2.5866000000000007, -58.944199999999995 -2.5864000000000007, -58.94409999999999 -2.5864000000000007, -58.94409999999999 -2.5866000000000007))"
2024,CORTE SELETIVO,C60L63,"POLYGON ((-58.96229999999999 -2.5759000000000007, -58.962399999999995 -2.5759000000000007, -58.962399999999995 -2.575800000000001, -58.96229999999999 -2.575800000000001, -58.96229999999999 -2.5759000000000007))"
2024,CORTE SELETIVO,C60L63,"POLYGON ((-58.93359999999999 -2.506500000000001, -58.93359999999999 -2.506600000000001, -58.933699999999995 -2.506600000000001, -58.933699999999995 -2.506500000000001, -58.93359999999999 -2.506500000000001))"
2024,CORTE SELETIVO,C60L63,"POLYGON ((-58.770399999999995 -2.724400000000001, -58.77029999999999 -2.724400000000001, -58.77029999999999 -2.724300000000001, -58.76989999999999 -2.724300000000001, -58.76989999999999 -2.724800000000001, -58.770199999999996 -2.724800000000001, -58.770199999999996 -2.724700000000001, -58.770399999999995 -2.724700000000001, -58.770399999999995 -2.724400000000001), (-58.77009999999999 -2.724500000000001, -58.77009999999999 -2.724400000000001, -58.770199999999996 -2.724400000000001, -58.770199999999996 -2.724600000000001, -58.77009999999999 -2.724600000000001, -58.77009999999999 -2.724700000000001, -58.769999999999996 -2.724700000000001, -58.769999999999996 -2.724500000000001, -58.77009999999999 -2.724500000000001))"
2024,CORTE SELETIVO,C60L63,"POLYGON ((-58.77029999999999 -2.724000000000001, -58.77029999999999 -2.724300000000001, -58.770399999999995 -2.724300000000001, -58.770399999999995 -2.724000000000001, -58.77029999999999 -2.724000000000001))"
2024,CORTE SELETIVO,C60L63,"POLYGON ((-58.76689999999999 -2.722500000000001, -58.76689999999999 -2.722600000000001, -58.766999999999996 -2.722600000000001, -58.766999999999996 -2.722500000000001, -58.76689999999999 -2.722500000000001))"
2024,CORTE SELETIVO,C60L63,"POLYGON ((-58.766799999999996 -2.722400000000001, -58.766799999999996 -2.722500000000001, -58.76689999999999 -2.722500000000001, -58.76689999999999 -2.722400000000001, -58.766799999999996 -2.722400000000001))"
2024,CORTE SELETIVO,C60L63,"POLYGON ((-58.766999999999996 -2.722300000000001, -58.766999999999996 -2.722400000000001, -58.76709999999999 -2.722400000000001, -58.76709999999999 -2.722300000000001, -58.766999999999996 -2.722300000000001))"
2024,CORTE SELETIVO,C60L63,"POLYGON ((-58.76859999999999 -2.721900000000001, -58.76859999999999 -2.722000000000001, -58.768699999999995 -2.722000000000001, -58.768699999999995 -2.721900000000001, -58.76859999999999 -2.721900000000001))"
2024,CORTE SELETIVO,C60L63,"POLYGON ((-58.76899999999999 -2.721600000000001, -58.768699999999995 -2.721600000000001, -58.768699999999995 -2.721700000000001, -58.76879999999999 -2.721700000000001, -58.76879999999999 -2.721800000000001, -58.76899999999999 -2.721800000000001, -58.76899999999999 -2.721600000000001))"
2024,CORTE SELETIVO,C60L63,"POLYGON ((-58.769099999999995 -2.721700000000001, -58.76919999999999 -2.721700000000001, -58.76919999999999 -2.721400000000001, -58.768899999999995 -2.721400000000001, -58.768899999999995 -2.7215000000000007, -58.76899999999999 -2.7215000000000007, -58.76899999999999 -2.721600000000001, -58.769099999999995 -2.721600000000001, -58.769099999999995 -2.721700000000001))"
2024,CORTE SELETIVO,C60L63,"POLYGON ((-58.76559999999999 -2.7215000000000007, -58.765499999999996 -2.7215000000000007, -58.765499999999996 -2.721600000000001, -58.766099999999994 -2.721600000000001, -58.766099999999994 -2.7213000000000007, -58.76599999999999 -2.7213000000000007, -58.76599999999999 -2.721200000000001, -58.76579999999999 -2.721200000000001, -58.76579999999999 -2.721400000000001, -58.765699999999995 -2.721400000000001, -58.765699999999995 -2.7213000000000007, -58.76559999999999 -2.7213000000000007, -58.76559999999999 -2.7215000000000007), (-58.765899999999995 -2.7215000000000007, -58.765899999999995 -2.721400000000001, -58.76599999999999 -2.721400000000001, -58.76599999999999 -2.7215000000000007, -58.765899999999995 -2.7215000000000007))"
2024,CORTE SELETIVO,C60L63,"POLYGON ((-58.77069999999999 -2.7213000000000007, -58.77069999999999 -2.721400000000001, -58.770799999999994 -2.721400000000001, -58.770799999999994 -2.7213000000000007, -58.77069999999999 -2.7213000000000007))"
2024,CORTE SELETIVO,C60L63,"POLYGON ((-58.76809999999999 -2.721200000000001, -58.76809999999999 -2.721400000000001, -58.76819999999999 -2.721400000000001, -58.76819999999999 -2.721200000000001, -58.76809999999999 -2.721200000000001))"
2024,CORTE SELETIVO,C60L63,"POLYGON ((-58.76819999999999 -2.719100000000001, -58.76819999999999 -2.718900000000001, -58.768299999999996 -2.718900000000001, -58.768299999999996 -2.7188000000000008, -58.76809999999999 -2.7188000000000008, -58.76809999999999 -2.7192000000000007, -58.768299999999996 -2.7192000000000007, -58.768299999999996 -2.719100000000001, -58.76819999999999 -2.719100000000001))"
2024,CORTE SELETIVO,C60L63,"POLYGON ((-58.76669999999999 -2.7177000000000007, -58.76669999999999 -2.717800000000001, -58.766799999999996 -2.717800000000001, -58.766799999999996 -2.7177000000000007, -58.76669999999999 -2.7177000000000007))"
2024,CORTE SELETIVO,C60L63,"POLYGON ((-58.766799999999996 -2.717600000000001, -58.76689999999999 -2.717600000000001, -58.76689999999999 -2.7177000000000007, -58.766999999999996 -2.7177000000000007, -58.766999999999996 -2.717800000000001, -58.76709999999999 -2.717800000000001, -58.76709999999999 -2.717900000000001, -58.767399999999995 -2.717900000000001, -58.767399999999995 -2.7175000000000007, -58.767199999999995 -2.7175000000000007, -58.767199999999995 -2.7173000000000007, -58.766999999999996 -2.7173000000000007, -58.766999999999996 -2.717400000000001, -58.76689999999999 -2.717400000000001, -58.76689999999999 -2.7175000000000007, -58.766799999999996 -2.7175000000000007, -58.766799999999996 -2.717600000000001), (-58.76709999999999 -2.717400000000001, -58.76709999999999 -2.7175000000000007, -58.766999999999996 -2.7175000000000007, -58.766999999999996 -2.717400000000001, -58.76709999999999 -2.717400000000001))"
2024,CORTE SELETIVO,C60L63,"POLYGON ((-58.767199999999995 -2.717200000000001, -58.767199999999995 -2.7173000000000007, -58.767399999999995 -2.7173000000000007, -58.767399999999995 -2.717200000000001, -58.767199999999995 -2.717200000000001))"
2024,CORTE SELETIVO,C60L63,"POLYGON ((-58.76579999999999 -2.717200000000001, -58.765899999999995 -2.717200000000001, -58.765899999999995 -2.7171000000000007, -58.76579999999999 -2.7171000000000007, -58.76579999999999 -2.717200000000001))"
2024,CORTE SELETIVO,C60L63,"POLYGON ((-58.75789999999999 -2.710500000000001, -58.757999999999996 -2.710500000000001, -58.757999999999996 -2.710400000000001, -58.75789999999999 -2.710400000000001, -58.75789999999999 -2.710500000000001))"
2024,CORTE SELETIVO,C60L63,"POLYGON ((-58.765899999999995 -2.7173000000000007, -58.76599999999999 -2.7173000000000007, -58.76599999999999 -2.717200000000001, -58.765899999999995 -2.717200000000001, -58.765899999999995 -2.7173000000000007))"
2024,CORTE SELETIVO,C60L63,"POLYGON ((-58.968199999999996 -2.5946000000000007, -58.96829999999999 -2.5946000000000007, -58.96829999999999 -2.594500000000001, -58.968199999999996 -2.594500000000001, -58.968199999999996 -2.5946000000000007))"
2024,CORTE SELETIVO,C60L63,"POLYGON ((-58.850199999999994 -2.551400000000001, -58.85029999999999 -2.551400000000001, -58.85029999999999 -2.551300000000001, -58.850199999999994 -2.551300000000001, -58.850199999999994 -2.551400000000001))"
2024,CORTE SELETIVO,C60L63,"POLYGON ((-58.87539999999999 -2.523000000000001, -58.875499999999995 -2.523000000000001, -58.875499999999995 -2.522800000000001, -58.87539999999999 -2.522800000000001, -58.87539999999999 -2.523000000000001))"
2024,CORTE SELETIVO,C60L63,"POLYGON ((-58.999399999999994 -2.7030000000000007, -58.999399999999994 -2.702900000000001, -58.99929999999999 -2.702900000000001, -58.99929999999999 -2.7030000000000007, -58.999399999999994 -2.7030000000000007))"
2024,CORTE SELETIVO,C60L63,"POLYGON ((-58.96779999999999 -2.6845000000000008, -58.96779999999999 -2.684400000000001, -58.967699999999994 -2.684400000000001, -58.967699999999994 -2.6845000000000008, -58.96779999999999 -2.6845000000000008))"
2024,CORTE SELETIVO,C60L63,"POLYGON ((-58.99699999999999 -2.684000000000001, -58.99699999999999 -2.683900000000001, -58.99689999999999 -2.683900000000001, -58.99689999999999 -2.684000000000001, -58.99699999999999 -2.684000000000001))"
2024,CORTE SELETIVO,C60L63,"POLYGON ((-58.954499999999996 -2.683100000000001, -58.95439999999999 -2.683100000000001, -58.95439999999999 -2.683300000000001, -58.954499999999996 -2.683300000000001, -58.954499999999996 -2.683100000000001))"
2024,CORTE SELETIVO,C60L63,"POLYGON ((-58.973099999999995 -2.679900000000001, -58.97299999999999 -2.679900000000001, -58.97299999999999 -2.680000000000001, -58.973099999999995 -2.680000000000001, -58.973099999999995 -2.679900000000001))"
2024,CORTE SELETIVO,C60L63,"POLYGON ((-58.94669999999999 -2.678700000000001, -58.94669999999999 -2.6786000000000008, -58.94659999999999 -2.6786000000000008, -58.94659999999999 -2.678700000000001, -58.94669999999999 -2.678700000000001))"
2024,CORTE SELETIVO,C60L63,"POLYGON ((-58.94649999999999 -2.678500000000001, -58.94639999999999 -2.678500000000001, -58.94639999999999 -2.6786000000000008, -58.94649999999999 -2.6786000000000008, -58.94649999999999 -2.678500000000001))"
2024,CORTE SELETIVO,C60L63,"POLYGON ((-58.947199999999995 -2.671700000000001, -58.94709999999999 -2.671700000000001, -58.94709999999999 -2.671800000000001, -58.947199999999995 -2.671800000000001, -58.947199999999995 -2.671700000000001))"
2024,CORTE SELETIVO,C60L63,"POLYGON ((-58.94689999999999 -2.671600000000001, -58.94689999999999 -2.671500000000001, -58.946799999999996 -2.671500000000001, -58.946799999999996 -2.671600000000001, -58.94689999999999 -2.671600000000001))"
2024,CORTE SELETIVO,C60L63,"POLYGON ((-58.97059999999999 -2.664600000000001, -58.97079999999999 -2.664600000000001, -58.97079999999999 -2.6645000000000008, -58.970699999999994 -2.6645000000000008, -58.970699999999994 -2.664400000000001, -58.97059999999999 -2.664400000000001, -58.97059999999999 -2.664600000000001))"
2024,CORTE SELETIVO,C60L63,"POLYGON ((-58.96439999999999 -2.6630000000000007, -58.964299999999994 -2.6630000000000007, -58.964299999999994 -2.663100000000001, -58.96439999999999 -2.663100000000001, -58.96439999999999 -2.6630000000000007))"
2024,CORTE SELETIVO,C60L63,"POLYGON ((-58.959999999999994 -2.660600000000001, -58.959999999999994 -2.6605000000000008, -58.95989999999999 -2.6605000000000008, -58.95989999999999 -2.660600000000001, -58.959999999999994 -2.660600000000001))"
2024,CORTE SELETIVO,C60L63,"POLYGON ((-58.964999999999996 -2.657500000000001, -58.96489999999999 -2.657500000000001, -58.96489999999999 -2.657600000000001, -58.964999999999996 -2.657600000000001, -58.964999999999996 -2.657500000000001))"
2024,CORTE SELETIVO,C60L63,"POLYGON ((-58.970299999999995 -2.655800000000001, -58.97019999999999 -2.655800000000001, -58.97019999999999 -2.655900000000001, -58.970299999999995 -2.655900000000001, -58.970299999999995 -2.655800000000001))"
2024,CORTE SELETIVO,C60L63,"POLYGON ((-58.967699999999994 -2.613900000000001, -58.967699999999994 -2.613800000000001, -58.96759999999999 -2.613800000000001, -58.96759999999999 -2.613900000000001, -58.967699999999994 -2.613900000000001))"
2024,CORTE SELETIVO,C60L63,"POLYGON ((-58.971999999999994 -2.613600000000001, -58.97189999999999 -2.613600000000001, -58.97189999999999 -2.613700000000001, -58.971999999999994 -2.613700000000001, -58.971999999999994 -2.613600000000001))"
2024,CORTE SELETIVO,C60L63,"POLYGON ((-58.95539999999999 -2.609800000000001, -58.955499999999994 -2.609800000000001, -58.955499999999994 -2.609900000000001, -58.95559999999999 -2.609900000000001, -58.95559999999999 -2.609700000000001, -58.95539999999999 -2.609700000000001, -58.95539999999999 -2.609800000000001))"
2024,CORTE SELETIVO,C60L63,"POLYGON ((-58.96399999999999 -2.603300000000001, -58.96399999999999 -2.603200000000001, -58.963899999999995 -2.603200000000001, -58.963899999999995 -2.603300000000001, -58.96399999999999 -2.603300000000001))"
2024,CORTE SELETIVO,C60L63,"POLYGON ((-58.953599999999994 -2.598700000000001, -58.95349999999999 -2.598700000000001, -58.95349999999999 -2.5988000000000007, -58.953599999999994 -2.5988000000000007, -58.953599999999994 -2.598700000000001))"
2024,CORTE SELETIVO,C60L63,"POLYGON ((-58.94959999999999 -2.598300000000001, -58.94949999999999 -2.598300000000001, -58.94949999999999 -2.5984000000000007, -58.94959999999999 -2.5984000000000007, -58.94959999999999 -2.598300000000001))"
2024,CORTE SELETIVO,C60L63,"POLYGON ((-58.96209999999999 -2.597300000000001, -58.96209999999999 -2.597200000000001, -58.961999999999996 -2.597200000000001, -58.961999999999996 -2.597300000000001, -58.96209999999999 -2.597300000000001))"
2024,CORTE SELETIVO,C60L63,"POLYGON ((-58.970299999999995 -2.597000000000001, -58.97019999999999 -2.597000000000001, -58.97019999999999 -2.597100000000001, -58.970299999999995 -2.597100000000001, -58.970299999999995 -2.597000000000001))"
2024,CORTE SELETIVO,C60L63,"POLYGON ((-58.94519999999999 -2.594800000000001, -58.94509999999999 -2.594800000000001, -58.94509999999999 -2.594900000000001, -58.94519999999999 -2.594900000000001, -58.94519999999999 -2.594800000000001))"
2024,CORTE SELETIVO,C60L63,"POLYGON ((-58.95369999999999 -2.593300000000001, -58.95369999999999 -2.593200000000001, -58.953599999999994 -2.593200000000001, -58.953599999999994 -2.593300000000001, -58.95369999999999 -2.593300000000001))"
2024,CORTE SELETIVO,C60L63,"POLYGON ((-58.982299999999995 -2.591100000000001, -58.98219999999999 -2.591100000000001, -58.98219999999999 -2.591200000000001, -58.982299999999995 -2.591200000000001, -58.982299999999995 -2.591100000000001))"
2024,CORTE SELETIVO,C60L63,"POLYGON ((-58.94359999999999 -2.590700000000001, -58.94349999999999 -2.590700000000001, -58.94349999999999 -2.590900000000001, -58.94359999999999 -2.590900000000001, -58.94359999999999 -2.590700000000001))"
2024,CORTE SELETIVO,C60L63,"POLYGON ((-58.948299999999996 -2.588600000000001, -58.948299999999996 -2.5885000000000007, -58.94819999999999 -2.5885000000000007, -58.94819999999999 -2.588600000000001, -58.948299999999996 -2.588600000000001))"
2024,CORTE SELETIVO,C60L63,"POLYGON ((-58.94809999999999 -2.5864000000000007, -58.94799999999999 -2.5864000000000007, -58.94799999999999 -2.586500000000001, -58.94809999999999 -2.586500000000001, -58.94809999999999 -2.5864000000000007))"
2024,CORTE SELETIVO,C60L63,"POLYGON ((-58.943799999999996 -2.5864000000000007, -58.94369999999999 -2.5864000000000007, -58.94369999999999 -2.586500000000001, -58.943799999999996 -2.586500000000001, -58.943799999999996 -2.5864000000000007))"
2024,CORTE SELETIVO,C60L63,"POLYGON ((-58.94369999999999 -2.5864000000000007, -58.94369999999999 -2.586300000000001, -58.94359999999999 -2.586300000000001, -58.94359999999999 -2.5864000000000007, -58.94369999999999 -2.5864000000000007))"
2024,CORTE SELETIVO,C60L63,"POLYGON ((-58.95799999999999 -2.5858000000000008, -58.957899999999995 -2.5858000000000008, -58.957899999999995 -2.585900000000001, -58.95799999999999 -2.585900000000001, -58.95799999999999 -2.5858000000000008))"
2024,CORTE SELETIVO,C60L63,"POLYGON ((-58.95399999999999 -2.585200000000001, -58.95389999999999 -2.585200000000001, -58.95389999999999 -2.585300000000001, -58.95399999999999 -2.585300000000001, -58.95399999999999 -2.585200000000001))"
2024,CORTE SELETIVO,C60L63,"POLYGON ((-58.94789999999999 -2.585100000000001, -58.94789999999999 -2.585000000000001, -58.947799999999994 -2.585000000000001, -58.947799999999994 -2.585100000000001, -58.94789999999999 -2.585100000000001))"
2024,CORTE SELETIVO,C60L63,"POLYGON ((-58.945899999999995 -2.5837000000000008, -58.94579999999999 -2.5837000000000008, -58.94579999999999 -2.583800000000001, -58.945899999999995 -2.583800000000001, -58.945899999999995 -2.5837000000000008))"
2024,CORTE SELETIVO,C60L63,"POLYGON ((-58.954899999999995 -2.582600000000001, -58.95479999999999 -2.582600000000001, -58.95479999999999 -2.582700000000001, -58.954899999999995 -2.582700000000001, -58.954899999999995 -2.582600000000001))"
2024,CORTE SELETIVO,C60L63,"POLYGON ((-58.959599999999995 -2.574900000000001, -58.959599999999995 -2.575000000000001, -58.95969999999999 -2.575000000000001, -58.95969999999999 -2.575100000000001, -58.959799999999994 -2.575100000000001, -58.959799999999994 -2.574900000000001, -58.959599999999995 -2.574900000000001))"
2024,CORTE SELETIVO,C60L63,"POLYGON ((-58.968999999999994 -2.571000000000001, -58.96909999999999 -2.571000000000001, -58.96909999999999 -2.570900000000001, -58.969199999999994 -2.570900000000001, -58.969199999999994 -2.570800000000001, -58.968999999999994 -2.570800000000001, -58.968999999999994 -2.571000000000001))"
2024,CORTE SELETIVO,C60L63,"POLYGON ((-58.96929999999999 -2.570700000000001, -58.969199999999994 -2.570700000000001, -58.969199999999994 -2.570800000000001, -58.96929999999999 -2.570800000000001, -58.96929999999999 -2.570700000000001))"
2024,CORTE SELETIVO,C60L63,"POLYGON ((-58.910999999999994 -2.748900000000001, -58.910999999999994 -2.748800000000001, -58.91089999999999 -2.748800000000001, -58.91089999999999 -2.748900000000001, -58.910999999999994 -2.748900000000001))"
2024,CORTE SELETIVO,C60L63,"POLYGON ((-58.91349999999999 -2.748700000000001, -58.91329999999999 -2.748700000000001, -58.91329999999999 -2.748800000000001, -58.91349999999999 -2.748800000000001, -58.91349999999999 -2.748700000000001))"
2024,CORTE SELETIVO,C60L63,"POLYGON ((-58.91349999999999 -2.748000000000001, -58.913399999999996 -2.748000000000001, -58.913399999999996 -2.748100000000001, -58.91349999999999 -2.748100000000001, -58.91349999999999 -2.748000000000001))"
2024,CORTE SELETIVO,C60L63,"POLYGON ((-58.914199999999994 -2.744500000000001, -58.914199999999994 -2.744700000000001, -58.91439999999999 -2.744700000000001, -58.91439999999999 -2.744600000000001, -58.91429999999999 -2.744600000000001, -58.91429999999999 -2.744500000000001, -58.914199999999994 -2.744500000000001))"
2024,CORTE SELETIVO,C60L63,"POLYGON ((-58.91439999999999 -2.744200000000001, -58.91429999999999 -2.744200000000001, -58.91429999999999 -2.744400000000001, -58.91439999999999 -2.744400000000001, -58.91439999999999 -2.744200000000001))"
2024,CORTE SELETIVO,C60L63,"POLYGON ((-58.91459999999999 -2.744100000000001, -58.91439999999999 -2.744100000000001, -58.91439999999999 -2.744200000000001, -58.91459999999999 -2.744200000000001, -58.91459999999999 -2.744100000000001))"
2024,CORTE SELETIVO,C60L63,"POLYGON ((-58.91479999999999 -2.744100000000001, -58.91479999999999 -2.744000000000001, -58.91459999999999 -2.744000000000001, -58.91459999999999 -2.744100000000001, -58.91479999999999 -2.744100000000001))"
2024,CORTE SELETIVO,C60L63,"POLYGON ((-58.88549999999999 -2.6908000000000007, -58.88539999999999 -2.6908000000000007, -58.88539999999999 -2.690900000000001, -58.88549999999999 -2.690900000000001, -58.88549999999999 -2.6908000000000007))"
2024,CORTE SELETIVO,C60L63,"POLYGON ((-58.90069999999999 -2.659500000000001, -58.900499999999994 -2.659500000000001, -58.900499999999994 -2.659600000000001, -58.90069999999999 -2.659600000000001, -58.90069999999999 -2.659500000000001))"
2024,CORTE SELETIVO,C60L63,"POLYGON ((-58.93659999999999 -2.657500000000001, -58.93659999999999 -2.657400000000001, -58.936499999999995 -2.657400000000001, -58.936499999999995 -2.657500000000001, -58.93659999999999 -2.657500000000001))"
2024,CORTE SELETIVO,C60L63,"POLYGON ((-58.936299999999996 -2.656800000000001, -58.936299999999996 -2.6567000000000007, -58.93599999999999 -2.6567000000000007, -58.93599999999999 -2.656800000000001, -58.936299999999996 -2.656800000000001))"
2024,CORTE SELETIVO,C60L63,"POLYGON ((-58.90109999999999 -2.641300000000001, -58.90109999999999 -2.6411000000000007, -58.900999999999996 -2.6411000000000007, -58.900999999999996 -2.641200000000001, -58.90089999999999 -2.641200000000001, -58.90089999999999 -2.641400000000001, -58.900999999999996 -2.641400000000001, -58.900999999999996 -2.641300000000001, -58.90109999999999 -2.641300000000001))"
2024,CORTE SELETIVO,C60L63,"POLYGON ((-58.933099999999996 -2.638100000000001, -58.93299999999999 -2.638100000000001, -58.93299999999999 -2.6382000000000008, -58.933099999999996 -2.6382000000000008, -58.933099999999996 -2.638100000000001))"
2024,CORTE SELETIVO,C60L63,"POLYGON ((-58.93289999999999 -2.638000000000001, -58.93279999999999 -2.638000000000001, -58.93279999999999 -2.638100000000001, -58.93289999999999 -2.638100000000001, -58.93289999999999 -2.638000000000001))"
2024,CORTE SELETIVO,C60L63,"POLYGON ((-58.933099999999996 -2.637600000000001, -58.933099999999996 -2.637500000000001, -58.93299999999999 -2.637500000000001, -58.93299999999999 -2.637600000000001, -58.933099999999996 -2.637600000000001))"
2024,CORTE SELETIVO,C60L63,"POLYGON ((-58.93439999999999 -2.611100000000001, -58.93429999999999 -2.611100000000001, -58.93429999999999 -2.611200000000001, -58.93439999999999 -2.611200000000001, -58.93439999999999 -2.611100000000001))"
2024,CORTE SELETIVO,C60L63,"POLYGON ((-58.93769999999999 -2.6104000000000007, -58.937599999999996 -2.6104000000000007, -58.937599999999996 -2.610700000000001, -58.93769999999999 -2.610700000000001, -58.93769999999999 -2.6104000000000007))"
2024,CORTE SELETIVO,C60L63,"POLYGON ((-58.892799999999994 -2.609200000000001, -58.892799999999994 -2.609100000000001, -58.89269999999999 -2.609100000000001, -58.89269999999999 -2.609200000000001, -58.892799999999994 -2.609200000000001))"
2024,CORTE SELETIVO,C60L63,"POLYGON ((-58.903299999999994 -2.609000000000001, -58.90319999999999 -2.609000000000001, -58.90319999999999 -2.609100000000001, -58.903299999999994 -2.609100000000001, -58.903299999999994 -2.609000000000001))"
2024,CORTE SELETIVO,C60L63,"POLYGON ((-58.89289999999999 -2.608800000000001, -58.892799999999994 -2.608800000000001, -58.892799999999994 -2.609100000000001, -58.89289999999999 -2.609100000000001, -58.89289999999999 -2.608800000000001))"
2024,CORTE SELETIVO,C60L63,"POLYGON ((-58.90339999999999 -2.609000000000001, -58.90339999999999 -2.608900000000001, -58.903299999999994 -2.608900000000001, -58.903299999999994 -2.609000000000001, -58.90339999999999 -2.609000000000001))"
2024,CORTE SELETIVO,C60L63,"POLYGON ((-58.923899999999996 -2.607000000000001, -58.92379999999999 -2.607000000000001, -58.92379999999999 -2.607100000000001, -58.923899999999996 -2.607100000000001, -58.923899999999996 -2.607000000000001))"
2024,CORTE SELETIVO,C60L63,"POLYGON ((-58.940999999999995 -2.603200000000001, -58.94089999999999 -2.603200000000001, -58.94089999999999 -2.603300000000001, -58.940999999999995 -2.603300000000001, -58.940999999999995 -2.603200000000001))"
2024,CORTE SELETIVO,C60L63,"POLYGON ((-58.903299999999994 -2.599200000000001, -58.903299999999994 -2.599100000000001, -58.90319999999999 -2.599100000000001, -58.90319999999999 -2.599200000000001, -58.903299999999994 -2.599200000000001))"
2024,CORTE SELETIVO,C60L63,"POLYGON ((-58.939299999999996 -2.597900000000001, -58.93919999999999 -2.597900000000001, -58.93919999999999 -2.5980000000000008, -58.939299999999996 -2.5980000000000008, -58.939299999999996 -2.597900000000001))"
2024,CORTE SELETIVO,C60L63,"POLYGON ((-58.92219999999999 -2.597100000000001, -58.92209999999999 -2.597100000000001, -58.92209999999999 -2.597200000000001, -58.92219999999999 -2.597200000000001, -58.92219999999999 -2.597100000000001))"
2024,CORTE SELETIVO,C60L63,"POLYGON ((-58.92269999999999 -2.597200000000001, -58.92269999999999 -2.597100000000001, -58.922599999999996 -2.597100000000001, -58.922599999999996 -2.597200000000001, -58.92269999999999 -2.597200000000001))"
2024,CORTE SELETIVO,C60L63,"POLYGON ((-58.92209999999999 -2.596700000000001, -58.92199999999999 -2.596700000000001, -58.92199999999999 -2.596800000000001, -58.92209999999999 -2.596800000000001, -58.92209999999999 -2.596700000000001))"
2024,CORTE SELETIVO,C60L63,"POLYGON ((-58.92349999999999 -2.591700000000001, -58.923399999999994 -2.591700000000001, -58.923399999999994 -2.591800000000001, -58.92349999999999 -2.591800000000001, -58.92349999999999 -2.591700000000001))"
2024,CORTE SELETIVO,C60L63,"POLYGON ((-58.894299999999994 -2.578800000000001, -58.894299999999994 -2.579000000000001, -58.89419999999999 -2.579000000000001, -58.89419999999999 -2.579100000000001, -58.89439999999999 -2.579100000000001, -58.89439999999999 -2.578800000000001, -58.894299999999994 -2.578800000000001))"
2024,CORTE SELETIVO,C60L63,"POLYGON ((-58.905199999999994 -2.545200000000001, -58.90509999999999 -2.545200000000001, -58.90509999999999 -2.545300000000001, -58.905199999999994 -2.545300000000001, -58.905199999999994 -2.545200000000001))"
2024,CORTE SELETIVO,C60L63,"POLYGON ((-58.90539999999999 -2.545200000000001, -58.90529999999999 -2.545200000000001, -58.90529999999999 -2.545300000000001, -58.90539999999999 -2.545300000000001, -58.90539999999999 -2.545200000000001))"
2024,CORTE SELETIVO,C60L63,"POLYGON ((-58.90529999999999 -2.545200000000001, -58.90529999999999 -2.544900000000001, -58.905199999999994 -2.544900000000001, -58.905199999999994 -2.545200000000001, -58.90529999999999 -2.545200000000001))"
2024,CORTE SELETIVO,C60L63,"POLYGON ((-58.90509999999999 -2.544600000000001, -58.904999999999994 -2.544600000000001, -58.904999999999994 -2.544700000000001, -58.90509999999999 -2.544700000000001, -58.90509999999999 -2.544600000000001))"
2024,CORTE SELETIVO,C60L63,"POLYGON ((-58.886399999999995 -2.533000000000001, -58.88629999999999 -2.533000000000001, -58.88629999999999 -2.533200000000001, -58.886399999999995 -2.533200000000001, -58.886399999999995 -2.533000000000001))"
2024,CORTE SELETIVO,C60L63,"POLYGON ((-58.886599999999994 -2.533100000000001, -58.886599999999994 -2.533000000000001, -58.88649999999999 -2.533000000000001, -58.88649999999999 -2.533100000000001, -58.886599999999994 -2.533100000000001))"
2024,CORTE SELETIVO,C60L63,"POLYGON ((-58.901999999999994 -2.519100000000001, -58.90189999999999 -2.519100000000001, -58.90189999999999 -2.519200000000001, -58.901999999999994 -2.519200000000001, -58.901999999999994 -2.519100000000001))"
2024,CORTE SELETIVO,C60L63,"POLYGON ((-58.93319999999999 -2.500600000000001, -58.933099999999996 -2.500600000000001, -58.933099999999996 -2.500700000000001, -58.93319999999999 -2.500700000000001, -58.93319999999999 -2.500600000000001))"
2024,CORTE SELETIVO,C60L63,"POLYGON ((-58.85699999999999 -2.706900000000001, -58.85699999999999 -2.7068000000000008, -58.856899999999996 -2.7068000000000008, -58.856899999999996 -2.706900000000001, -58.85699999999999 -2.706900000000001))"
2024,CORTE SELETIVO,C60L63,"POLYGON ((-58.84179999999999 -2.632900000000001, -58.841699999999996 -2.632900000000001, -58.841699999999996 -2.633000000000001, -58.84179999999999 -2.633000000000001, -58.84179999999999 -2.632900000000001))"
2024,CORTE SELETIVO,C60L63,"POLYGON ((-58.85849999999999 -2.592900000000001, -58.858399999999996 -2.592900000000001, -58.858399999999996 -2.593000000000001, -58.85849999999999 -2.593000000000001, -58.85849999999999 -2.592900000000001))"
2024,CORTE SELETIVO,C60L63,"POLYGON ((-58.84499999999999 -2.5700000000000007, -58.84499999999999 -2.569900000000001, -58.844899999999996 -2.569900000000001, -58.844899999999996 -2.5700000000000007, -58.84499999999999 -2.5700000000000007))"
2024,CORTE SELETIVO,C60L63,"POLYGON ((-58.844899999999996 -2.5698000000000008, -58.84479999999999 -2.5698000000000008, -58.84479999999999 -2.569900000000001, -58.844899999999996 -2.569900000000001, -58.844899999999996 -2.5698000000000008))"
2024,CORTE SELETIVO,C60L63,"POLYGON ((-58.84689999999999 -2.566500000000001, -58.846799999999995 -2.566500000000001, -58.846799999999995 -2.566600000000001, -58.84689999999999 -2.566600000000001, -58.84689999999999 -2.566500000000001))"
2024,CORTE SELETIVO,C60L63,"POLYGON ((-58.840799999999994 -2.5664000000000007, -58.840799999999994 -2.566300000000001, -58.84069999999999 -2.566300000000001, -58.84069999999999 -2.5664000000000007, -58.840799999999994 -2.5664000000000007))"
2024,CORTE SELETIVO,C60L63,"POLYGON ((-58.85499999999999 -2.5658000000000007, -58.854899999999994 -2.5658000000000007, -58.854899999999994 -2.565900000000001, -58.85499999999999 -2.565900000000001, -58.85499999999999 -2.5658000000000007))"
2024,CORTE SELETIVO,C60L63,"POLYGON ((-58.854899999999994 -2.565700000000001, -58.85479999999999 -2.565700000000001, -58.85479999999999 -2.5658000000000007, -58.854899999999994 -2.5658000000000007, -58.854899999999994 -2.565700000000001))"
2024,CORTE SELETIVO,C60L63,"POLYGON ((-58.844899999999996 -2.565700000000001, -58.844899999999996 -2.5656000000000008, -58.84479999999999 -2.5656000000000008, -58.84479999999999 -2.565700000000001, -58.844899999999996 -2.565700000000001))"
2024,CORTE SELETIVO,C60L63,"POLYGON ((-58.851699999999994 -2.553500000000001, -58.85159999999999 -2.553500000000001, -58.85159999999999 -2.5536000000000008, -58.851699999999994 -2.5536000000000008, -58.851699999999994 -2.553500000000001))"
2024,CORTE SELETIVO,C60L63,"POLYGON ((-58.85159999999999 -2.553400000000001, -58.85139999999999 -2.553400000000001, -58.85139999999999 -2.553500000000001, -58.85159999999999 -2.553500000000001, -58.85159999999999 -2.553400000000001))"
2024,CORTE SELETIVO,C60L63,"POLYGON ((-58.85049999999999 -2.551300000000001, -58.85049999999999 -2.551200000000001, -58.85039999999999 -2.551200000000001, -58.85039999999999 -2.551300000000001, -58.85049999999999 -2.551300000000001))"
2024,CORTE SELETIVO,C60L63,"POLYGON ((-58.855999999999995 -2.5456000000000008, -58.85609999999999 -2.5456000000000008, -58.85609999999999 -2.545700000000001, -58.85629999999999 -2.545700000000001, -58.85629999999999 -2.545500000000001, -58.855999999999995 -2.545500000000001, -58.855999999999995 -2.5456000000000008))"
2024,CORTE SELETIVO,C60L63,"POLYGON ((-58.856399999999994 -2.544800000000001, -58.856199999999994 -2.544800000000001, -58.856199999999994 -2.544900000000001, -58.856399999999994 -2.544900000000001, -58.856399999999994 -2.544800000000001))"
2024,CORTE SELETIVO,C60L63,"POLYGON ((-58.88239999999999 -2.543800000000001, -58.88239999999999 -2.5437000000000007, -58.882299999999994 -2.5437000000000007, -58.882299999999994 -2.543800000000001, -58.88239999999999 -2.543800000000001))"
2024,CORTE SELETIVO,C60L63,"POLYGON ((-58.88269999999999 -2.5435000000000008, -58.88259999999999 -2.5435000000000008, -58.88259999999999 -2.543600000000001, -58.88269999999999 -2.543600000000001, -58.88269999999999 -2.5435000000000008))"
2024,CORTE SELETIVO,C60L63,"POLYGON ((-58.866899999999994 -2.539800000000001, -58.86679999999999 -2.539800000000001, -58.86679999999999 -2.5399000000000007, -58.866899999999994 -2.5399000000000007, -58.866899999999994 -2.539800000000001))"
2024,CORTE SELETIVO,C60L63,"POLYGON ((-58.85869999999999 -2.5382000000000007, -58.85869999999999 -2.538100000000001, -58.858599999999996 -2.538100000000001, -58.858599999999996 -2.5382000000000007, -58.85869999999999 -2.5382000000000007))"
2024,CORTE SELETIVO,C60L63,"POLYGON ((-58.87579999999999 -2.5342000000000007, -58.87579999999999 -2.534100000000001, -58.875699999999995 -2.534100000000001, -58.875699999999995 -2.534300000000001, -58.87579999999999 -2.534300000000001, -58.87579999999999 -2.534500000000001, -58.875899999999994 -2.534500000000001, -58.875899999999994 -2.5342000000000007, -58.87579999999999 -2.5342000000000007))"
2024,CORTE SELETIVO,C60L63,"POLYGON ((-58.85809999999999 -2.5342000000000007, -58.85809999999999 -2.534100000000001, -58.85799999999999 -2.534100000000001, -58.85799999999999 -2.5342000000000007, -58.85809999999999 -2.5342000000000007))"
2024,CORTE SELETIVO,C60L63,"POLYGON ((-58.853199999999994 -2.5342000000000007, -58.85329999999999 -2.5342000000000007, -58.85329999999999 -2.534100000000001, -58.853199999999994 -2.534100000000001, -58.853199999999994 -2.5340000000000007, -58.85309999999999 -2.5340000000000007, -58.85309999999999 -2.534100000000001, -58.852999999999994 -2.534100000000001, -58.852999999999994 -2.5342000000000007, -58.85309999999999 -2.5342000000000007, -58.85309999999999 -2.534300000000001, -58.853199999999994 -2.534300000000001, -58.853199999999994 -2.5342000000000007))"
2024,CORTE SELETIVO,C60L63,"POLYGON ((-58.88159999999999 -2.5336000000000007, -58.881499999999996 -2.5336000000000007, -58.881499999999996 -2.533700000000001, -58.88159999999999 -2.533700000000001, -58.88159999999999 -2.5336000000000007))"
2024,CORTE SELETIVO,C60L63,"POLYGON ((-58.840599999999995 -2.533500000000001, -58.840599999999995 -2.5334000000000008, -58.84049999999999 -2.5334000000000008, -58.84049999999999 -2.533500000000001, -58.840599999999995 -2.533500000000001))"
2024,CORTE SELETIVO,C60L63,"POLYGON ((-58.874199999999995 -2.533200000000001, -58.87409999999999 -2.533200000000001, -58.87409999999999 -2.5334000000000008, -58.874199999999995 -2.5334000000000008, -58.874199999999995 -2.533200000000001))"
2024,CORTE SELETIVO,C60L63,"POLYGON ((-58.87149999999999 -2.533000000000001, -58.871399999999994 -2.533000000000001, -58.871399999999994 -2.533100000000001, -58.87149999999999 -2.533100000000001, -58.87149999999999 -2.533000000000001))"
2024,CORTE SELETIVO,C60L63,"POLYGON ((-58.840199999999996 -2.5313000000000008, -58.840199999999996 -2.531400000000001, -58.840399999999995 -2.531400000000001, -58.840399999999995 -2.5315000000000007, -58.84049999999999 -2.5315000000000007, -58.84049999999999 -2.5313000000000008, -58.840199999999996 -2.5313000000000008))"
2024,CORTE SELETIVO,C60L63,"POLYGON ((-58.854499999999994 -2.530600000000001, -58.85439999999999 -2.530600000000001, -58.85439999999999 -2.530800000000001, -58.854499999999994 -2.530800000000001, -58.854499999999994 -2.530600000000001))"
2024,CORTE SELETIVO,C60L63,"POLYGON ((-58.83989999999999 -2.529000000000001, -58.83969999999999 -2.529000000000001, -58.83969999999999 -2.529100000000001, -58.839499999999994 -2.529100000000001, -58.839499999999994 -2.529200000000001, -58.839999999999996 -2.529200000000001, -58.839999999999996 -2.529100000000001, -58.83989999999999 -2.529100000000001, -58.83989999999999 -2.529000000000001))"
2024,CORTE SELETIVO,C60L63,"POLYGON ((-58.839999999999996 -2.528900000000001, -58.839999999999996 -2.528800000000001, -58.83969999999999 -2.528800000000001, -58.83969999999999 -2.528900000000001, -58.839999999999996 -2.528900000000001))"
2024,CORTE SELETIVO,C60L63,"POLYGON ((-58.872699999999995 -2.518400000000001, -58.87259999999999 -2.518400000000001, -58.87259999999999 -2.518500000000001, -58.872699999999995 -2.518500000000001, -58.872699999999995 -2.518400000000001))"
2024,CORTE SELETIVO,C60L63,"POLYGON ((-58.87259999999999 -2.518300000000001, -58.872499999999995 -2.518300000000001, -58.872499999999995 -2.518400000000001, -58.87259999999999 -2.518400000000001, -58.87259999999999 -2.518300000000001))"
2024,CORTE SELETIVO,C60L63,"POLYGON ((-58.86429999999999 -2.510200000000001, -58.86429999999999 -2.510100000000001, -58.86419999999999 -2.510100000000001, -58.86419999999999 -2.510200000000001, -58.86429999999999 -2.510200000000001))"
2024,CORTE SELETIVO,C60L63,"POLYGON ((-58.85799999999999 -2.509100000000001, -58.857899999999994 -2.509100000000001, -58.857899999999994 -2.509300000000001, -58.85799999999999 -2.509300000000001, -58.85799999999999 -2.509100000000001))"
2024,CORTE SELETIVO,C60L63,"POLYGON ((-58.866099999999996 -2.5071000000000008, -58.86599999999999 -2.5071000000000008, -58.86599999999999 -2.507200000000001, -58.866099999999996 -2.507200000000001, -58.866099999999996 -2.5071000000000008))"
2024,CORTE SELETIVO,C60L63,"POLYGON ((-58.864399999999996 -2.506900000000001, -58.864399999999996 -2.506700000000001, -58.86429999999999 -2.506700000000001, -58.86429999999999 -2.506900000000001, -58.864399999999996 -2.506900000000001))"
2024,CORTE SELETIVO,C60L63,"POLYGON ((-58.86469999999999 -2.506400000000001, -58.864599999999996 -2.506400000000001, -58.864599999999996 -2.506500000000001, -58.86469999999999 -2.506500000000001, -58.86469999999999 -2.506400000000001))"
2024,CORTE SELETIVO,C60L63,"POLYGON ((-58.864799999999995 -2.5054000000000007, -58.86469999999999 -2.5054000000000007, -58.86469999999999 -2.505500000000001, -58.864799999999995 -2.505500000000001, -58.864799999999995 -2.5054000000000007))"
2024,CORTE SELETIVO,C60L63,"POLYGON ((-58.83729999999999 -2.6826000000000008, -58.83729999999999 -2.682500000000001, -58.837199999999996 -2.682500000000001, -58.837199999999996 -2.6826000000000008, -58.83729999999999 -2.6826000000000008))"
2024,CORTE SELETIVO,C60L63,"POLYGON ((-58.81419999999999 -2.621500000000001, -58.81399999999999 -2.621500000000001, -58.81399999999999 -2.621600000000001, -58.81419999999999 -2.621600000000001, -58.81419999999999 -2.621500000000001))"
2024,CORTE SELETIVO,C60L63,"POLYGON ((-58.82079999999999 -2.586300000000001, -58.820699999999995 -2.586300000000001, -58.820699999999995 -2.5864000000000007, -58.82079999999999 -2.5864000000000007, -58.82079999999999 -2.586300000000001))"
2024,CORTE SELETIVO,C60L63,"POLYGON ((-58.81689999999999 -2.583500000000001, -58.81689999999999 -2.583400000000001, -58.81679999999999 -2.583400000000001, -58.81679999999999 -2.583500000000001, -58.81689999999999 -2.583500000000001))"
2024,CORTE SELETIVO,C60L63,"POLYGON ((-58.81679999999999 -2.583300000000001, -58.81669999999999 -2.583300000000001, -58.81669999999999 -2.583400000000001, -58.81679999999999 -2.583400000000001, -58.81679999999999 -2.583300000000001))"
2024,CORTE SELETIVO,C60L63,"POLYGON ((-58.81679999999999 -2.582900000000001, -58.81669999999999 -2.582900000000001, -58.81669999999999 -2.583000000000001, -58.81679999999999 -2.583000000000001, -58.81679999999999 -2.582900000000001))"
2024,CORTE SELETIVO,C60L63,"POLYGON ((-58.837599999999995 -2.574700000000001, -58.837599999999995 -2.574500000000001, -58.83749999999999 -2.574500000000001, -58.83749999999999 -2.574700000000001, -58.837599999999995 -2.574700000000001))"
2024,CORTE SELETIVO,C60L63,"POLYGON ((-58.81869999999999 -2.573200000000001, -58.81859999999999 -2.573200000000001, -58.81859999999999 -2.573400000000001, -58.81869999999999 -2.573400000000001, -58.81869999999999 -2.573200000000001))"
2024,CORTE SELETIVO,C60L63,"POLYGON ((-58.81949999999999 -2.5681000000000007, -58.819399999999995 -2.5681000000000007, -58.819399999999995 -2.568200000000001, -58.81949999999999 -2.568200000000001, -58.81949999999999 -2.5681000000000007))"
2024,CORTE SELETIVO,C60L63,"POLYGON ((-58.82419999999999 -2.567000000000001, -58.82419999999999 -2.566900000000001, -58.82379999999999 -2.566900000000001, -58.82379999999999 -2.567000000000001, -58.82419999999999 -2.567000000000001))"
2024,CORTE SELETIVO,C60L63,"POLYGON ((-58.82419999999999 -2.566700000000001, -58.824099999999994 -2.566700000000001, -58.824099999999994 -2.566800000000001, -58.82419999999999 -2.566800000000001, -58.82419999999999 -2.566700000000001))"
2024,CORTE SELETIVO,C60L63,"POLYGON ((-58.81229999999999 -2.5618000000000007, -58.81219999999999 -2.5618000000000007, -58.81219999999999 -2.561900000000001, -58.81229999999999 -2.561900000000001, -58.81229999999999 -2.5618000000000007))"
2024,CORTE SELETIVO,C60L63,"POLYGON ((-58.81669999999999 -2.560000000000001, -58.81669999999999 -2.5599000000000007, -58.816599999999994 -2.5599000000000007, -58.816599999999994 -2.560000000000001, -58.81669999999999 -2.560000000000001))"
2024,CORTE SELETIVO,C60L63,"POLYGON ((-58.83769999999999 -2.552000000000001, -58.837599999999995 -2.552000000000001, -58.837599999999995 -2.5521000000000007, -58.83769999999999 -2.5521000000000007, -58.83769999999999 -2.552000000000001))"
2024,CORTE SELETIVO,C60L63,"POLYGON ((-58.83559999999999 -2.5441000000000007, -58.835499999999996 -2.5441000000000007, -58.835499999999996 -2.544200000000001, -58.83559999999999 -2.544200000000001, -58.83559999999999 -2.5441000000000007))"
2024,CORTE SELETIVO,C60L63,"POLYGON ((-58.815099999999994 -2.542400000000001, -58.815099999999994 -2.542300000000001, -58.81499999999999 -2.542300000000001, -58.81499999999999 -2.542400000000001, -58.815099999999994 -2.542400000000001))"
2024,CORTE SELETIVO,C60L63,"POLYGON ((-58.81519999999999 -2.540200000000001, -58.815099999999994 -2.540200000000001, -58.815099999999994 -2.540300000000001, -58.81519999999999 -2.540300000000001, -58.81519999999999 -2.540200000000001))"
2024,CORTE SELETIVO,C60L63,"POLYGON ((-58.81539999999999 -2.540000000000001, -58.81529999999999 -2.540000000000001, -58.81529999999999 -2.5401000000000007, -58.81539999999999 -2.5401000000000007, -58.81539999999999 -2.540000000000001))"
2024,CORTE SELETIVO,C60L63,"POLYGON ((-58.817699999999995 -2.5399000000000007, -58.817699999999995 -2.539800000000001, -58.81759999999999 -2.539800000000001, -58.81759999999999 -2.5399000000000007, -58.817699999999995 -2.5399000000000007))"
2024,CORTE SELETIVO,C60L63,"POLYGON ((-58.80919999999999 -2.5380000000000007, -58.809099999999994 -2.5380000000000007, -58.809099999999994 -2.538100000000001, -58.80919999999999 -2.538100000000001, -58.80919999999999 -2.5380000000000007))"
2024,CORTE SELETIVO,C60L63,"POLYGON ((-58.80949999999999 -2.537900000000001, -58.80939999999999 -2.537900000000001, -58.80939999999999 -2.5380000000000007, -58.80949999999999 -2.5380000000000007, -58.80949999999999 -2.537900000000001))"
2024,CORTE SELETIVO,C60L63,"POLYGON ((-58.83379999999999 -2.536600000000001, -58.83379999999999 -2.536500000000001, -58.83369999999999 -2.536500000000001, -58.83369999999999 -2.536600000000001, -58.83379999999999 -2.536600000000001))"
2024,CORTE SELETIVO,C60L63,"POLYGON ((-58.819399999999995 -2.5334000000000008, -58.819599999999994 -2.5334000000000008, -58.819599999999994 -2.533300000000001, -58.81949999999999 -2.533300000000001, -58.81949999999999 -2.533200000000001, -58.819399999999995 -2.533200000000001, -58.819399999999995 -2.5334000000000008))"
2024,CORTE SELETIVO,C60L63,"POLYGON ((-58.819799999999994 -2.533200000000001, -58.81969999999999 -2.533200000000001, -58.81969999999999 -2.533300000000001, -58.819799999999994 -2.533300000000001, -58.819799999999994 -2.533200000000001))"
2024,CORTE SELETIVO,C60L63,"POLYGON ((-58.819799999999994 -2.532500000000001, -58.819799999999994 -2.532400000000001, -58.81969999999999 -2.532400000000001, -58.81969999999999 -2.532500000000001, -58.819799999999994 -2.532500000000001))"
2024,CORTE SELETIVO,C60L63,"POLYGON ((-58.836999999999996 -2.532400000000001, -58.83689999999999 -2.532400000000001, -58.83689999999999 -2.532500000000001, -58.836999999999996 -2.532500000000001, -58.836999999999996 -2.532400000000001))"
2024,CORTE SELETIVO,C60L63,"POLYGON ((-58.819199999999995 -2.532300000000001, -58.81909999999999 -2.532300000000001, -58.81909999999999 -2.532400000000001, -58.819199999999995 -2.532400000000001, -58.819199999999995 -2.532300000000001))"
2024,CORTE SELETIVO,C60L63,"POLYGON ((-58.81949999999999 -2.5321000000000007, -58.81949999999999 -2.532000000000001, -58.819399999999995 -2.532000000000001, -58.819399999999995 -2.5321000000000007, -58.81949999999999 -2.5321000000000007))"
2024,CORTE SELETIVO,C60L63,"POLYGON ((-58.83959999999999 -2.528900000000001, -58.83959999999999 -2.528800000000001, -58.839499999999994 -2.528800000000001, -58.839499999999994 -2.528900000000001, -58.83959999999999 -2.528900000000001))"
2024,CORTE SELETIVO,C60L63,"POLYGON ((-58.82439999999999 -2.5216000000000007, -58.82439999999999 -2.521500000000001, -58.82419999999999 -2.521500000000001, -58.82419999999999 -2.5216000000000007, -58.82439999999999 -2.5216000000000007))"
2024,CORTE SELETIVO,C60L63,"POLYGON ((-58.82719999999999 -2.5180000000000007, -58.827099999999994 -2.5180000000000007, -58.827099999999994 -2.518100000000001, -58.82719999999999 -2.518100000000001, -58.82719999999999 -2.5180000000000007))"
2024,CORTE SELETIVO,C60L63,"POLYGON ((-58.818999999999996 -2.514500000000001, -58.81869999999999 -2.514500000000001, -58.81869999999999 -2.514600000000001, -58.818799999999996 -2.514600000000001, -58.818799999999996 -2.514700000000001, -58.81889999999999 -2.514700000000001, -58.81889999999999 -2.514600000000001, -58.818999999999996 -2.514600000000001, -58.818999999999996 -2.514500000000001))"
2024,CORTE SELETIVO,C60L63,"POLYGON ((-58.83449999999999 -2.514500000000001, -58.83449999999999 -2.514400000000001, -58.834399999999995 -2.514400000000001, -58.834399999999995 -2.514500000000001, -58.83449999999999 -2.514500000000001))"
2024,CORTE SELETIVO,C60L63,"POLYGON ((-58.83859999999999 -2.513500000000001, -58.838499999999996 -2.513500000000001, -58.838499999999996 -2.5136000000000007, -58.83859999999999 -2.5136000000000007, -58.83859999999999 -2.513500000000001))"
2024,CORTE SELETIVO,C60L63,"POLYGON ((-58.82659999999999 -2.508200000000001, -58.82639999999999 -2.508200000000001, -58.82639999999999 -2.508300000000001, -58.82659999999999 -2.508300000000001, -58.82659999999999 -2.508200000000001))"
2024,CORTE SELETIVO,C60L63,"POLYGON ((-58.83639999999999 -2.508000000000001, -58.83639999999999 -2.5079000000000007, -58.836299999999994 -2.5079000000000007, -58.836299999999994 -2.508000000000001, -58.83639999999999 -2.508000000000001))"
2024,CORTE SELETIVO,C60L63,"POLYGON ((-58.829699999999995 -2.506900000000001, -58.82959999999999 -2.506900000000001, -58.82959999999999 -2.507000000000001, -58.829699999999995 -2.507000000000001, -58.829699999999995 -2.506900000000001))"
2024,CORTE SELETIVO,C60L63,"POLYGON ((-58.819399999999995 -2.505100000000001, -58.81929999999999 -2.505100000000001, -58.81929999999999 -2.5052000000000008, -58.819399999999995 -2.5052000000000008, -58.819399999999995 -2.505100000000001))"
2024,CORTE SELETIVO,C60L63,"POLYGON ((-58.77139999999999 -2.7318000000000007, -58.77139999999999 -2.731900000000001, -58.771499999999996 -2.731900000000001, -58.771499999999996 -2.732100000000001, -58.77159999999999 -2.732100000000001, -58.77159999999999 -2.7318000000000007, -58.77139999999999 -2.7318000000000007))"
2024,CORTE SELETIVO,C60L63,"POLYGON ((-58.770799999999994 -2.726100000000001, -58.77069999999999 -2.726100000000001, -58.77069999999999 -2.726300000000001, -58.770799999999994 -2.726300000000001, -58.770799999999994 -2.726100000000001))"
2024,CORTE SELETIVO,C60L63,"POLYGON ((-58.770999999999994 -2.725600000000001, -58.77089999999999 -2.725600000000001, -58.77089999999999 -2.7257000000000007, -58.770799999999994 -2.7257000000000007, -58.770799999999994 -2.725800000000001, -58.77109999999999 -2.725800000000001, -58.77109999999999 -2.7257000000000007, -58.770999999999994 -2.7257000000000007, -58.770999999999994 -2.725600000000001))"
2024,CORTE SELETIVO,C60L63,"POLYGON ((-58.77049999999999 -2.7255000000000007, -58.77049999999999 -2.7253000000000007, -58.77069999999999 -2.7253000000000007, -58.77069999999999 -2.7255000000000007, -58.770999999999994 -2.7255000000000007, -58.770999999999994 -2.725200000000001, -58.77089999999999 -2.725200000000001, -58.77089999999999 -2.7251000000000007, -58.77049999999999 -2.7251000000000007, -58.77049999999999 -2.725200000000001, -58.77029999999999 -2.725200000000001, -58.77029999999999 -2.7251000000000007, -58.770399999999995 -2.7251000000000007, -58.770399999999995 -2.7249000000000008, -58.770199999999996 -2.7249000000000008, -58.770199999999996 -2.7253000000000007, -58.77029999999999 -2.7253000000000007, -58.77029999999999 -2.725400000000001, -58.770399999999995 -2.725400000000001, -58.770399999999995 -2.7255000000000007, -58.77049999999999 -2.7255000000000007))"
2024,CORTE SELETIVO,C60L63,"POLYGON ((-58.76899999999999 -2.7249000000000008, -58.76919999999999 -2.7249000000000008, -58.76919999999999 -2.724800000000001, -58.769299999999994 -2.724800000000001, -58.769299999999994 -2.724700000000001, -58.76939999999999 -2.724700000000001, -58.76939999999999 -2.7249000000000008, -58.769499999999994 -2.7249000000000008, -58.769499999999994 -2.724800000000001, -58.76959999999999 -2.724800000000001, -58.76959999999999 -2.724500000000001, -58.76969999999999 -2.724500000000001, -58.76969999999999 -2.724300000000001, -58.76959999999999 -2.724300000000001, -58.76959999999999 -2.724200000000001, -58.769499999999994 -2.724200000000001, -58.769499999999994 -2.724400000000001, -58.76939999999999 -2.724400000000001, -58.76939999999999 -2.724500000000001, -58.769099999999995 -2.724500000000001, -58.769099999999995 -2.724600000000001, -58.76899999999999 -2.724600000000001, -58.76899999999999 -2.7249000000000008))"
2024,CORTE SELETIVO,C60L63,"POLYGON ((-58.770599999999995 -2.7238000000000007, -58.77049999999999 -2.7238000000000007, -58.77049999999999 -2.723900000000001, -58.770599999999995 -2.723900000000001, -58.770599999999995 -2.7238000000000007))"
2024,CORTE SELETIVO,C60L63,"POLYGON ((-58.76729999999999 -2.722500000000001, -58.76729999999999 -2.722400000000001, -58.767199999999995 -2.722400000000001, -58.767199999999995 -2.722500000000001, -58.76729999999999 -2.722500000000001))"
2024,CORTE SELETIVO,C60L63,"POLYGON ((-58.767199999999995 -2.722300000000001, -58.76709999999999 -2.722300000000001, -58.76709999999999 -2.722400000000001, -58.767199999999995 -2.722400000000001, -58.767199999999995 -2.722300000000001))"
2024,CORTE SELETIVO,C60L63,"POLYGON ((-58.765499999999996 -2.722000000000001, -58.76539999999999 -2.722000000000001, -58.76539999999999 -2.722100000000001, -58.765499999999996 -2.722100000000001, -58.765499999999996 -2.722000000000001))"
2024,CORTE SELETIVO,C60L63,"POLYGON ((-58.76519999999999 -2.722000000000001, -58.76519999999999 -2.721800000000001, -58.76509999999999 -2.721800000000001, -58.76509999999999 -2.722000000000001, -58.76519999999999 -2.722000000000001))"
2024,CORTE SELETIVO,C60L63,"POLYGON ((-58.76509999999999 -2.721400000000001, -58.76499999999999 -2.721400000000001, -58.76499999999999 -2.7215000000000007, -58.76509999999999 -2.7215000000000007, -58.76509999999999 -2.721400000000001))"
2024,CORTE SELETIVO,C60L63,"POLYGON ((-58.768299999999996 -2.721200000000001, -58.76819999999999 -2.721200000000001, -58.76819999999999 -2.7215000000000007, -58.768299999999996 -2.7215000000000007, -58.768299999999996 -2.721200000000001))"
2024,CORTE SELETIVO,C60L63,"POLYGON ((-58.76539999999999 -2.721400000000001, -58.76539999999999 -2.7213000000000007, -58.765299999999996 -2.7213000000000007, -58.765299999999996 -2.721400000000001, -58.76539999999999 -2.721400000000001))"
2024,CORTE SELETIVO,C60L63,"POLYGON ((-58.76709999999999 -2.720400000000001, -58.766999999999996 -2.720400000000001, -58.766999999999996 -2.720500000000001, -58.76709999999999 -2.720500000000001, -58.76709999999999 -2.720400000000001))"
2024,CORTE SELETIVO,C60L63,"POLYGON ((-58.75759999999999 -2.7097000000000007, -58.75749999999999 -2.7097000000000007, -58.75749999999999 -2.709900000000001, -58.75759999999999 -2.709900000000001, -58.75759999999999 -2.7097000000000007))"
2024,CORTE SELETIVO,C60L63,"POLYGON ((-58.75769999999999 -2.7097000000000007, -58.75769999999999 -2.709600000000001, -58.75759999999999 -2.709600000000001, -58.75759999999999 -2.7097000000000007, -58.75769999999999 -2.7097000000000007))"
2024,CORTE SELETIVO,C60L63,"POLYGON ((-58.75589999999999 -2.7055000000000007, -58.755799999999994 -2.7055000000000007, -58.755799999999994 -2.705600000000001, -58.75569999999999 -2.705600000000001, -58.75569999999999 -2.705800000000001, -58.755799999999994 -2.705800000000001, -58.755799999999994 -2.705700000000001, -58.75589999999999 -2.705700000000001, -58.75589999999999 -2.7055000000000007))"
2024,CORTE SELETIVO,C60L63,"POLYGON ((-58.755599999999994 -2.705400000000001, -58.75549999999999 -2.705400000000001, -58.75549999999999 -2.7055000000000007, -58.755599999999994 -2.7055000000000007, -58.755599999999994 -2.705400000000001))"
2024,CORTE SELETIVO,C60L63,"POLYGON ((-58.78139999999999 -2.697800000000001, -58.78139999999999 -2.697600000000001, -58.781299999999995 -2.697600000000001, -58.781299999999995 -2.697800000000001, -58.78139999999999 -2.697800000000001))"
2024,CORTE SELETIVO,C60L63,"POLYGON ((-58.75659999999999 -2.6870000000000007, -58.756499999999996 -2.6870000000000007, -58.756499999999996 -2.687100000000001, -58.75659999999999 -2.687100000000001, -58.75659999999999 -2.6870000000000007))"
2024,CORTE SELETIVO,C60L63,"POLYGON ((-58.771899999999995 -2.673600000000001, -58.77179999999999 -2.673600000000001, -58.77179999999999 -2.673700000000001, -58.771899999999995 -2.673700000000001, -58.771899999999995 -2.673600000000001))"
2024,CORTE SELETIVO,C60L63,"POLYGON ((-58.77179999999999 -2.673600000000001, -58.77179999999999 -2.673400000000001, -58.771699999999996 -2.673400000000001, -58.771699999999996 -2.673600000000001, -58.77179999999999 -2.673600000000001))"
2024,CORTE SELETIVO,C60L63,"POLYGON ((-58.752399999999994 -2.6712000000000007, -58.75229999999999 -2.6712000000000007, -58.75229999999999 -2.671300000000001, -58.752399999999994 -2.671300000000001, -58.752399999999994 -2.6712000000000007))"
2024,CORTE SELETIVO,C60L63,"POLYGON ((-58.78039999999999 -2.647100000000001, -58.78029999999999 -2.647100000000001, -58.78029999999999 -2.6472000000000007, -58.78039999999999 -2.6472000000000007, -58.78039999999999 -2.647100000000001))"
2024,CORTE SELETIVO,C60L63,"POLYGON ((-58.78029999999999 -2.647100000000001, -58.78029999999999 -2.647000000000001, -58.780199999999994 -2.647000000000001, -58.780199999999994 -2.647100000000001, -58.78029999999999 -2.647100000000001))"
2024,CORTE SELETIVO,C60L63,"POLYGON ((-58.78009999999999 -2.646700000000001, -58.779999999999994 -2.646700000000001, -58.779999999999994 -2.647000000000001, -58.78009999999999 -2.647000000000001, -58.78009999999999 -2.646700000000001))"
2024,CORTE SELETIVO,C60L63,"POLYGON ((-58.78029999999999 -2.646700000000001, -58.780199999999994 -2.646700000000001, -58.780199999999994 -2.6468000000000007, -58.78029999999999 -2.6468000000000007, -58.78029999999999 -2.646700000000001))"
2024,CORTE SELETIVO,C60L63,"POLYGON ((-58.753699999999995 -2.626900000000001, -58.753699999999995 -2.6268000000000007, -58.75359999999999 -2.6268000000000007, -58.75359999999999 -2.626900000000001, -58.753699999999995 -2.626900000000001))"
2024,CORTE SELETIVO,C60L63,"POLYGON ((-58.794399999999996 -2.571300000000001, -58.79429999999999 -2.571300000000001, -58.79429999999999 -2.571400000000001, -58.794399999999996 -2.571400000000001, -58.794399999999996 -2.571300000000001))"
2024,CORTE SELETIVO,C60L63,"POLYGON ((-58.777899999999995 -2.508000000000001, -58.77779999999999 -2.508000000000001, -58.77779999999999 -2.508100000000001, -58.777899999999995 -2.508100000000001, -58.777899999999995 -2.508000000000001))"
2024,CORTE SELETIVO,C60L63,"POLYGON ((-58.77799999999999 -2.508000000000001, -58.77799999999999 -2.5079000000000007, -58.777899999999995 -2.5079000000000007, -58.777899999999995 -2.508000000000001, -58.77799999999999 -2.508000000000001))"
2024,CORTE SELETIVO,C60L63,"POLYGON ((-58.77799999999999 -2.5077000000000007, -58.77779999999999 -2.5077000000000007, -58.77779999999999 -2.507800000000001, -58.77799999999999 -2.507800000000001, -58.77799999999999 -2.5077000000000007))"
2024,CORTE SELETIVO,C60L63,"POLYGON ((-58.80239999999999 -2.501000000000001, -58.80219999999999 -2.501000000000001, -58.80219999999999 -2.5012000000000008, -58.802499999999995 -2.5012000000000008, -58.802499999999995 -2.501300000000001, -58.80259999999999 -2.501300000000001, -58.80259999999999 -2.501100000000001, -58.80239999999999 -2.501100000000001, -58.80239999999999 -2.501000000000001))"
2024,CORTE SELETIVO,C60L63,"POLYGON ((-58.802499999999995 -2.501000000000001, -58.802499999999995 -2.500900000000001, -58.80239999999999 -2.500900000000001, -58.80239999999999 -2.501000000000001, -58.802499999999995 -2.501000000000001))"
2024,CORTE SELETIVO,C60L63,"POLYGON ((-58.80219999999999 -2.500800000000001, -58.802099999999996 -2.500800000000001, -58.802099999999996 -2.500900000000001, -58.80219999999999 -2.500900000000001, -58.80219999999999 -2.500800000000001))"
2024,CORTE SELETIVO,C60L63,"POLYGON ((-58.80219999999999 -2.500600000000001, -58.802099999999996 -2.500600000000001, -58.802099999999996 -2.500700000000001, -58.80219999999999 -2.500700000000001, -58.80219999999999 -2.500600000000001))"
2024,CORTE SELETIVO,C60L63,"POLYGON ((-58.77049999999999 -2.726000000000001, -58.770599999999995 -2.726000000000001, -58.770599999999995 -2.725900000000001, -58.77049999999999 -2.725900000000001, -58.77049999999999 -2.726000000000001))"
2024,CORTE SELETIVO,C60L63,"POLYGON ((-58.767199999999995 -2.722900000000001, -58.76729999999999 -2.722900000000001, -58.76729999999999 -2.7228000000000008, -58.767199999999995 -2.7228000000000008, -58.767199999999995 -2.722900000000001))"
2024,CORTE SELETIVO,C60L63,"POLYGON ((-58.85159999999999 -2.708400000000001, -58.85189999999999 -2.708400000000001, -58.85189999999999 -2.708200000000001, -58.85199999999999 -2.708200000000001, -58.85199999999999 -2.708100000000001, -58.85189999999999 -2.708100000000001, -58.85189999999999 -2.708000000000001, -58.85159999999999 -2.708000000000001, -58.85159999999999 -2.708400000000001))"
2024,CORTE SELETIVO,C60L63,"POLYGON ((-58.77199999999999 -2.673500000000001, -58.772099999999995 -2.673500000000001, -58.772099999999995 -2.673400000000001, -58.77199999999999 -2.673400000000001, -58.77199999999999 -2.673500000000001))"
2024,CORTE SELETIVO,C60L63,"POLYGON ((-58.93279999999999 -2.638000000000001, -58.93289999999999 -2.638000000000001, -58.93289999999999 -2.637900000000001, -58.93279999999999 -2.637900000000001, -58.93279999999999 -2.638000000000001))"
2024,CORTE SELETIVO,C60L63,"POLYGON ((-58.93319999999999 -2.637600000000001, -58.933299999999996 -2.637600000000001, -58.933299999999996 -2.637500000000001, -58.93319999999999 -2.637500000000001, -58.93319999999999 -2.637600000000001))"
2024,CORTE SELETIVO,C60L63,"POLYGON ((-58.941399999999994 -2.6022000000000007, -58.94149999999999 -2.6022000000000007, -58.94149999999999 -2.602100000000001, -58.941399999999994 -2.602100000000001, -58.941399999999994 -2.6022000000000007))"
2024,CORTE SELETIVO,C60L63,"POLYGON ((-58.802299999999995 -2.501300000000001, -58.80239999999999 -2.501300000000001, -58.80239999999999 -2.5012000000000008, -58.802299999999995 -2.5012000000000008, -58.802299999999995 -2.501300000000001))"
2024,CORTE SELETIVO,C60L63,"POLYGON ((-58.76509999999999 -2.722100000000001, -58.76519999999999 -2.722100000000001, -58.76519999999999 -2.722000000000001, -58.76509999999999 -2.722000000000001, -58.76509999999999 -2.722100000000001))"
2024,CORTE SELETIVO,C60L63,"POLYGON ((-58.89469999999999 -2.6022000000000007, -58.89479999999999 -2.6022000000000007, -58.89479999999999 -2.602100000000001, -58.89469999999999 -2.602100000000001, -58.89469999999999 -2.6022000000000007))"
2024,CORTE SELETIVO,C60L63,"POLYGON ((-58.790099999999995 -2.580800000000001, -58.79019999999999 -2.580800000000001, -58.79019999999999 -2.580700000000001, -58.790099999999995 -2.580700000000001, -58.790099999999995 -2.580800000000001))"
2024,CORTE SELETIVO,C60L63,"POLYGON ((-58.80239999999999 -2.501300000000001, -58.802499999999995 -2.501300000000001, -58.802499999999995 -2.5012000000000008, -58.80239999999999 -2.5012000000000008, -58.80239999999999 -2.501300000000001))"
2024,CORTE SELETIVO,C60L63,"POLYGON ((-58.77009999999999 -2.724800000000001, -58.77009999999999 -2.7249000000000008, -58.770199999999996 -2.7249000000000008, -58.770199999999996 -2.724800000000001, -58.77009999999999 -2.724800000000001))"
2024,CORTE SELETIVO,C60L63,"POLYGON ((-58.76509999999999 -2.722200000000001, -58.76519999999999 -2.722200000000001, -58.76519999999999 -2.722100000000001, -58.76509999999999 -2.722100000000001, -58.76509999999999 -2.722200000000001))"
2024,CORTE SELETIVO,C60L63,"POLYGON ((-58.81389999999999 -2.621500000000001, -58.81399999999999 -2.621500000000001, -58.81399999999999 -2.621400000000001, -58.81389999999999 -2.621400000000001, -58.81389999999999 -2.621500000000001))"
2024,CORTE SELETIVO,C60L63,"POLYGON ((-58.765299999999996 -2.721900000000001, -58.76519999999999 -2.721900000000001, -58.76519999999999 -2.722000000000001, -58.765299999999996 -2.722000000000001, -58.765299999999996 -2.721900000000001))"
2024,CORTE SELETIVO,C60L63,"POLYGON ((-58.77179999999999 -2.673600000000001, -58.771899999999995 -2.673600000000001, -58.771899999999995 -2.673500000000001, -58.77179999999999 -2.673500000000001, -58.77179999999999 -2.673600000000001))"
2024,CORTE SELETIVO,C60L63,"POLYGON ((-58.79769999999999 -2.634500000000001, -58.797799999999995 -2.634500000000001, -58.797799999999995 -2.6344000000000007, -58.79769999999999 -2.6344000000000007, -58.79769999999999 -2.634500000000001))"
2024,CORTE SELETIVO,C60L63,"POLYGON ((-58.82379999999999 -2.566900000000001, -58.823899999999995 -2.566900000000001, -58.823899999999995 -2.566800000000001, -58.82379999999999 -2.566800000000001, -58.82379999999999 -2.566900000000001))"
2024,CORTE SELETIVO,C60L63,"POLYGON ((-58.83709999999999 -2.530100000000001, -58.837199999999996 -2.530100000000001, -58.837199999999996 -2.5300000000000007, -58.83709999999999 -2.5300000000000007, -58.83709999999999 -2.530100000000001))"
2024,CORTE SELETIVO,C60L63,"POLYGON ((-58.81389999999999 -2.621500000000001, -58.81389999999999 -2.621600000000001, -58.81399999999999 -2.621600000000001, -58.81399999999999 -2.621500000000001, -58.81389999999999 -2.621500000000001))"
2024,CORTE SELETIVO,C60L63,"POLYGON ((-58.78979999999999 -2.580400000000001, -58.78979999999999 -2.5805000000000007, -58.789899999999996 -2.5805000000000007, -58.789899999999996 -2.580400000000001, -58.78979999999999 -2.580400000000001))"
2024,CORTE SELETIVO,C60L63,"POLYGON ((-58.77129999999999 -2.725600000000001, -58.77119999999999 -2.725600000000001, -58.77119999999999 -2.7257000000000007, -58.77129999999999 -2.7257000000000007, -58.77129999999999 -2.725600000000001))"
2024,CORTE SELETIVO,C60L63,"POLYGON ((-58.887699999999995 -2.6405000000000007, -58.88759999999999 -2.6405000000000007, -58.88759999999999 -2.640600000000001, -58.887699999999995 -2.640600000000001, -58.887699999999995 -2.6405000000000007))"
2024,CORTE SELETIVO,C60L63,"POLYGON ((-58.95649999999999 -2.613500000000001, -58.956399999999995 -2.613500000000001, -58.956399999999995 -2.613600000000001, -58.95649999999999 -2.613600000000001, -58.95649999999999 -2.613500000000001))"
2024,CORTE SELETIVO,C60L63,"POLYGON ((-58.943299999999994 -2.599400000000001, -58.94319999999999 -2.599400000000001, -58.94319999999999 -2.599500000000001, -58.943299999999994 -2.599500000000001, -58.943299999999994 -2.599400000000001))"
2024,CORTE SELETIVO,C60L63,"POLYGON ((-58.944199999999995 -2.597900000000001, -58.94409999999999 -2.597900000000001, -58.94409999999999 -2.5980000000000008, -58.944199999999995 -2.5980000000000008, -58.944199999999995 -2.597900000000001))"
2024,CORTE SELETIVO,C60L63,"POLYGON ((-58.94449999999999 -2.594900000000001, -58.944399999999995 -2.594900000000001, -58.944399999999995 -2.595000000000001, -58.94449999999999 -2.595000000000001, -58.94449999999999 -2.594900000000001))"
2024,CORTE SELETIVO,C60L63,"POLYGON ((-58.95219999999999 -2.5902000000000007, -58.952099999999994 -2.5902000000000007, -58.952099999999994 -2.590300000000001, -58.95219999999999 -2.590300000000001, -58.95219999999999 -2.5902000000000007))"
2024,CORTE SELETIVO,C60L63,"POLYGON ((-58.97999999999999 -2.588200000000001, -58.97999999999999 -2.5883000000000007, -58.98009999999999 -2.5883000000000007, -58.98009999999999 -2.588200000000001, -58.97999999999999 -2.588200000000001))"
2024,CORTE SELETIVO,C60L63,"POLYGON ((-58.96319999999999 -2.582800000000001, -58.96319999999999 -2.582900000000001, -58.96339999999999 -2.582900000000001, -58.96339999999999 -2.582800000000001, -58.96319999999999 -2.582800000000001))"
2024,CORTE SELETIVO,C60L63,"POLYGON ((-58.936099999999996 -2.502100000000001, -58.93599999999999 -2.502100000000001, -58.93599999999999 -2.502200000000001, -58.936099999999996 -2.502200000000001, -58.936099999999996 -2.502100000000001))"
2024,CORTE SELETIVO,C60L63,"POLYGON ((-58.77069999999999 -2.724600000000001, -58.770599999999995 -2.724600000000001, -58.770599999999995 -2.724700000000001, -58.77069999999999 -2.724700000000001, -58.77069999999999 -2.724600000000001))"
2024,CORTE SELETIVO,C60L63,"POLYGON ((-58.76899999999999 -2.721900000000001, -58.768899999999995 -2.721900000000001, -58.768899999999995 -2.722000000000001, -58.76899999999999 -2.722000000000001, -58.76899999999999 -2.721900000000001))"
2024,CORTE SELETIVO,C60L63,"POLYGON ((-58.768299999999996 -2.721800000000001, -58.768299999999996 -2.721900000000001, -58.76839999999999 -2.721900000000001, -58.76839999999999 -2.721800000000001, -58.768299999999996 -2.721800000000001))"
2024,CORTE SELETIVO,C60L63,"POLYGON ((-58.76499999999999 -2.721800000000001, -58.76499999999999 -2.721900000000001, -58.76509999999999 -2.721900000000001, -58.76509999999999 -2.721800000000001, -58.76499999999999 -2.721800000000001))"
2024,CORTE SELETIVO,C60L63,"POLYGON ((-58.76579999999999 -2.721200000000001, -58.765699999999995 -2.721200000000001, -58.765699999999995 -2.721400000000001, -58.76579999999999 -2.721400000000001, -58.76579999999999 -2.721200000000001))"
2024,CORTE SELETIVO,C60L63,"POLYGON ((-58.767399999999995 -2.7173000000000007, -58.767199999999995 -2.7173000000000007, -58.767199999999995 -2.717400000000001, -58.767399999999995 -2.717400000000001, -58.767399999999995 -2.7173000000000007))"
2024,CORTE SELETIVO,C60L63,"POLYGON ((-58.766999999999996 -2.7173000000000007, -58.76689999999999 -2.7173000000000007, -58.76689999999999 -2.717400000000001, -58.766999999999996 -2.717400000000001, -58.766999999999996 -2.7173000000000007))"
2024,CORTE SELETIVO,C60L63,"POLYGON ((-58.766999999999996 -2.717200000000001, -58.766999999999996 -2.7173000000000007, -58.767199999999995 -2.7173000000000007, -58.767199999999995 -2.717200000000001, -58.766999999999996 -2.717200000000001))"
2024,CORTE SELETIVO,C60L63,"POLYGON ((-58.766799999999996 -2.717200000000001, -58.766799999999996 -2.7173000000000007, -58.76689999999999 -2.7173000000000007, -58.76689999999999 -2.717200000000001, -58.766799999999996 -2.717200000000001))"
2024,CORTE SELETIVO,C60L63,"POLYGON ((-58.765699999999995 -2.7173000000000007, -58.765699999999995 -2.717400000000001, -58.76579999999999 -2.717400000000001, -58.76579999999999 -2.7173000000000007, -58.765699999999995 -2.7173000000000007))"
2024,CORTE SELETIVO,C60L63,"POLYGON ((-58.77199999999999 -2.673600000000001, -58.772099999999995 -2.673600000000001, -58.772099999999995 -2.673500000000001, -58.77199999999999 -2.673500000000001, -58.77199999999999 -2.673600000000001))"
2024,CORTE SELETIVO,C60L63,"POLYGON ((-58.959399999999995 -2.6609000000000007, -58.95949999999999 -2.6609000000000007, -58.95949999999999 -2.660800000000001, -58.959399999999995 -2.660800000000001, -58.959399999999995 -2.6609000000000007))"
2024,CORTE SELETIVO,C60L63,"POLYGON ((-58.77049999999999 -2.725900000000001, -58.770599999999995 -2.725900000000001, -58.770599999999995 -2.725800000000001, -58.77049999999999 -2.725800000000001, -58.77049999999999 -2.725900000000001))"
2024,CORTE SELETIVO,C60L63,"POLYGON ((-58.77049999999999 -2.725200000000001, -58.77049999999999 -2.7251000000000007, -58.770399999999995 -2.7251000000000007, -58.770399999999995 -2.725200000000001, -58.77049999999999 -2.725200000000001))"
2024,CORTE SELETIVO,C60L63,"POLYGON ((-58.83979999999999 -2.679800000000001, -58.83979999999999 -2.679700000000001, -58.83969999999999 -2.679700000000001, -58.83969999999999 -2.679800000000001, -58.83979999999999 -2.679800000000001))"
2024,CORTE SELETIVO,C60L63,"POLYGON ((-58.93919999999999 -2.598100000000001, -58.939299999999996 -2.598100000000001, -58.939299999999996 -2.5980000000000008, -58.93919999999999 -2.5980000000000008, -58.93919999999999 -2.598100000000001))"
2024,CORTE SELETIVO,C60L63,"POLYGON ((-58.95929999999999 -2.575300000000001, -58.95929999999999 -2.575200000000001, -58.959199999999996 -2.575200000000001, -58.959199999999996 -2.575300000000001, -58.95929999999999 -2.575300000000001))"
2024,CORTE SELETIVO,C60L63,"POLYGON ((-58.80219999999999 -2.501100000000001, -58.80219999999999 -2.501000000000001, -58.802099999999996 -2.501000000000001, -58.802099999999996 -2.501100000000001, -58.80219999999999 -2.501100000000001))"
2024,CORTE SELETIVO,C60L63,"POLYGON ((-58.769999999999996 -2.725600000000001, -58.77009999999999 -2.725600000000001, -58.77009999999999 -2.7255000000000007, -58.769999999999996 -2.7255000000000007, -58.769999999999996 -2.725600000000001))"
2024,CORTE SELETIVO,C60L63,"POLYGON ((-58.77029999999999 -2.725200000000001, -58.770399999999995 -2.725200000000001, -58.770399999999995 -2.7251000000000007, -58.77029999999999 -2.7251000000000007, -58.77029999999999 -2.725200000000001))"
2024,CORTE SELETIVO,C60L63,"POLYGON ((-58.99689999999999 -2.683900000000001, -58.99699999999999 -2.683900000000001, -58.99699999999999 -2.683800000000001, -58.99689999999999 -2.683800000000001, -58.99689999999999 -2.683900000000001))"
2024,CORTE SELETIVO,C60L63,"POLYGON ((-58.93919999999999 -2.598100000000001, -58.93919999999999 -2.5980000000000008, -58.939099999999996 -2.5980000000000008, -58.939099999999996 -2.598100000000001, -58.93919999999999 -2.598100000000001))"
2024,CORTE SELETIVO,C60L63,"POLYGON ((-58.80219999999999 -2.501000000000001, -58.80219999999999 -2.500900000000001, -58.802099999999996 -2.500900000000001, -58.802099999999996 -2.501000000000001, -58.80219999999999 -2.501000000000001))"
2024,CORTE SELETIVO,C60L63,"POLYGON ((-58.96319999999999 -2.686900000000001, -58.96319999999999 -2.6868000000000007, -58.96309999999999 -2.6868000000000007, -58.96309999999999 -2.686900000000001, -58.96319999999999 -2.686900000000001))"
2024,CORTE SELETIVO,C60L63,"POLYGON ((-58.96719999999999 -2.685400000000001, -58.96719999999999 -2.6853000000000007, -58.967099999999995 -2.6853000000000007, -58.967099999999995 -2.685400000000001, -58.96719999999999 -2.685400000000001))"
2024,CORTE SELETIVO,C60L63,"POLYGON ((-58.967499999999994 -2.685200000000001, -58.967499999999994 -2.6851000000000007, -58.96739999999999 -2.6851000000000007, -58.96739999999999 -2.685200000000001, -58.967499999999994 -2.685200000000001))"
2024,CORTE SELETIVO,C60L63,"POLYGON ((-58.99699999999999 -2.683800000000001, -58.99699999999999 -2.683700000000001, -58.99689999999999 -2.683700000000001, -58.99689999999999 -2.683800000000001, -58.99699999999999 -2.683800000000001))"
2024,CORTE SELETIVO,C60L63,"POLYGON ((-58.99689999999999 -2.683700000000001, -58.99689999999999 -2.683600000000001, -58.99679999999999 -2.683600000000001, -58.99679999999999 -2.683700000000001, -58.99689999999999 -2.683700000000001))"
2024,CORTE SELETIVO,C60L63,"POLYGON ((-58.96469999999999 -2.681700000000001, -58.96469999999999 -2.681600000000001, -58.96459999999999 -2.681600000000001, -58.96459999999999 -2.681700000000001, -58.96469999999999 -2.681700000000001))"
2024,CORTE SELETIVO,C60L63,"POLYGON ((-58.94659999999999 -2.678500000000001, -58.94659999999999 -2.678400000000001, -58.94649999999999 -2.678400000000001, -58.94649999999999 -2.678500000000001, -58.94659999999999 -2.678500000000001))"
2024,CORTE SELETIVO,C60L63,"POLYGON ((-58.94489999999999 -2.6731000000000007, -58.94489999999999 -2.673000000000001, -58.944799999999994 -2.673000000000001, -58.944799999999994 -2.6731000000000007, -58.94489999999999 -2.6731000000000007))"
2024,CORTE SELETIVO,C60L63,"POLYGON ((-58.959599999999995 -2.660600000000001, -58.959599999999995 -2.6605000000000008, -58.95949999999999 -2.6605000000000008, -58.95949999999999 -2.660600000000001, -58.959599999999995 -2.660600000000001))"
2024,CORTE SELETIVO,C60L63,"POLYGON ((-58.96509999999999 -2.654300000000001, -58.96509999999999 -2.654200000000001, -58.964999999999996 -2.654200000000001, -58.964999999999996 -2.654300000000001, -58.96509999999999 -2.654300000000001))"
2024,CORTE SELETIVO,C60L63,"POLYGON ((-58.97149999999999 -2.615600000000001, -58.97149999999999 -2.615500000000001, -58.971399999999996 -2.615500000000001, -58.971399999999996 -2.615600000000001, -58.97149999999999 -2.615600000000001))"
2024,CORTE SELETIVO,C60L63,"POLYGON ((-58.97209999999999 -2.613700000000001, -58.97209999999999 -2.613600000000001, -58.971999999999994 -2.613600000000001, -58.971999999999994 -2.613700000000001, -58.97209999999999 -2.613700000000001))"
2024,CORTE SELETIVO,C60L63,"POLYGON ((-58.95539999999999 -2.610100000000001, -58.95539999999999 -2.6100000000000008, -58.95519999999999 -2.6100000000000008, -58.95519999999999 -2.610100000000001, -58.95539999999999 -2.610100000000001))"
2024,CORTE SELETIVO,C60L63,"POLYGON ((-58.96469999999999 -2.6100000000000008, -58.96469999999999 -2.609900000000001, -58.96459999999999 -2.609900000000001, -58.96459999999999 -2.6100000000000008, -58.96469999999999 -2.6100000000000008))"
2024,CORTE SELETIVO,C60L63,"POLYGON ((-58.97079999999999 -2.606900000000001, -58.97079999999999 -2.6068000000000007, -58.970699999999994 -2.6068000000000007, -58.970699999999994 -2.606900000000001, -58.97079999999999 -2.606900000000001))"
2024,CORTE SELETIVO,C60L63,"POLYGON ((-58.98179999999999 -2.599300000000001, -58.98179999999999 -2.599200000000001, -58.98169999999999 -2.599200000000001, -58.98169999999999 -2.599300000000001, -58.98179999999999 -2.599300000000001))"
2024,CORTE SELETIVO,C60L63,"POLYGON ((-58.94949999999999 -2.5984000000000007, -58.94949999999999 -2.598300000000001, -58.94939999999999 -2.598300000000001, -58.94939999999999 -2.5984000000000007, -58.94949999999999 -2.5984000000000007))"
2024,CORTE SELETIVO,C60L63,"POLYGON ((-58.97019999999999 -2.597300000000001, -58.97019999999999 -2.597200000000001, -58.970099999999995 -2.597200000000001, -58.970099999999995 -2.597300000000001, -58.97019999999999 -2.597300000000001))"
2024,CORTE SELETIVO,C60L63,"POLYGON ((-58.970099999999995 -2.597000000000001, -58.970099999999995 -2.596900000000001, -58.96999999999999 -2.596900000000001, -58.96999999999999 -2.597000000000001, -58.970099999999995 -2.597000000000001))"
2024,CORTE SELETIVO,C60L63,"POLYGON ((-58.96759999999999 -2.593000000000001, -58.96759999999999 -2.592800000000001, -58.967499999999994 -2.592800000000001, -58.967499999999994 -2.593000000000001, -58.96759999999999 -2.593000000000001))"
2024,CORTE SELETIVO,C60L63,"POLYGON ((-58.977799999999995 -2.591400000000001, -58.977799999999995 -2.591300000000001, -58.97769999999999 -2.591300000000001, -58.97769999999999 -2.591400000000001, -58.977799999999995 -2.591400000000001))"
2024,CORTE SELETIVO,C60L63,"POLYGON ((-58.948499999999996 -2.590500000000001, -58.948499999999996 -2.5904000000000007, -58.94839999999999 -2.5904000000000007, -58.94839999999999 -2.590500000000001, -58.948499999999996 -2.590500000000001))"
2024,CORTE SELETIVO,C60L63,"POLYGON ((-58.94859999999999 -2.5904000000000007, -58.94859999999999 -2.590300000000001, -58.948499999999996 -2.590300000000001, -58.948499999999996 -2.5904000000000007, -58.94859999999999 -2.5904000000000007))"
2024,CORTE SELETIVO,C60L63,"POLYGON ((-58.948299999999996 -2.5885000000000007, -58.948299999999996 -2.588400000000001, -58.94819999999999 -2.588400000000001, -58.94819999999999 -2.5885000000000007, -58.948299999999996 -2.5885000000000007))"
2024,CORTE SELETIVO,C60L63,"POLYGON ((-58.94369999999999 -2.586300000000001, -58.94369999999999 -2.5864000000000007, -58.943799999999996 -2.5864000000000007, -58.943799999999996 -2.586500000000001, -58.94389999999999 -2.586500000000001, -58.94389999999999 -2.586300000000001, -58.94369999999999 -2.586300000000001))"
2024,CORTE SELETIVO,C60L63,"POLYGON ((-58.945299999999996 -2.585400000000001, -58.945299999999996 -2.585300000000001, -58.94519999999999 -2.585300000000001, -58.94519999999999 -2.585400000000001, -58.945299999999996 -2.585400000000001))"
2024,CORTE SELETIVO,C60L63,"POLYGON ((-58.95869999999999 -2.584200000000001, -58.95869999999999 -2.5841000000000007, -58.95859999999999 -2.5841000000000007, -58.95859999999999 -2.584200000000001, -58.95869999999999 -2.584200000000001))"
2024,CORTE SELETIVO,C60L63,"POLYGON ((-58.95879999999999 -2.5841000000000007, -58.95879999999999 -2.5837000000000008, -58.95869999999999 -2.5837000000000008, -58.95869999999999 -2.5841000000000007, -58.95879999999999 -2.5841000000000007))"
2024,CORTE SELETIVO,C60L63,"POLYGON ((-58.94599999999999 -2.583200000000001, -58.94599999999999 -2.583100000000001, -58.945899999999995 -2.583100000000001, -58.945899999999995 -2.583200000000001, -58.94599999999999 -2.583200000000001))"
2024,CORTE SELETIVO,C60L63,"POLYGON ((-58.96209999999999 -2.579200000000001, -58.96209999999999 -2.579300000000001, -58.961999999999996 -2.579300000000001, -58.961999999999996 -2.579400000000001, -58.96229999999999 -2.579400000000001, -58.96229999999999 -2.579200000000001, -58.96209999999999 -2.579200000000001))"
2024,CORTE SELETIVO,C60L63,"POLYGON ((-58.962399999999995 -2.579000000000001, -58.962399999999995 -2.579100000000001, -58.96229999999999 -2.579100000000001, -58.96229999999999 -2.579200000000001, -58.96249999999999 -2.579200000000001, -58.96249999999999 -2.579000000000001, -58.962399999999995 -2.579000000000001))"
2024,CORTE SELETIVO,C60L63,"POLYGON ((-58.962799999999994 -2.5782000000000007, -58.96269999999999 -2.5782000000000007, -58.96269999999999 -2.578300000000001, -58.962799999999994 -2.578300000000001, -58.962799999999994 -2.5782000000000007))"
2024,CORTE SELETIVO,C60L63,"POLYGON ((-58.962599999999995 -2.5780000000000007, -58.96249999999999 -2.5780000000000007, -58.96249999999999 -2.578100000000001, -58.962599999999995 -2.578100000000001, -58.962599999999995 -2.5780000000000007))"
2024,CORTE SELETIVO,C60L63,"POLYGON ((-58.98689999999999 -2.552800000000001, -58.98689999999999 -2.552700000000001, -58.986799999999995 -2.552700000000001, -58.986799999999995 -2.552800000000001, -58.98689999999999 -2.552800000000001))"
2024,CORTE SELETIVO,C60L63,"POLYGON ((-58.913599999999995 -2.747900000000001, -58.913599999999995 -2.7478000000000007, -58.91349999999999 -2.7478000000000007, -58.91349999999999 -2.747900000000001, -58.913599999999995 -2.747900000000001))"
2024,CORTE SELETIVO,C60L63,"POLYGON ((-58.913599999999995 -2.7453000000000007, -58.913599999999995 -2.745600000000001, -58.91369999999999 -2.745600000000001, -58.91369999999999 -2.745400000000001, -58.913799999999995 -2.745400000000001, -58.913799999999995 -2.7453000000000007, -58.913599999999995 -2.7453000000000007))"
2024,CORTE SELETIVO,C60L63,"POLYGON ((-58.94029999999999 -2.663100000000001, -58.94029999999999 -2.6630000000000007, -58.94019999999999 -2.6630000000000007, -58.94019999999999 -2.663100000000001, -58.94029999999999 -2.663100000000001))"
2024,CORTE SELETIVO,C60L63,"POLYGON ((-58.91779999999999 -2.656400000000001, -58.91779999999999 -2.6563000000000008, -58.917699999999996 -2.6563000000000008, -58.917699999999996 -2.656400000000001, -58.91779999999999 -2.656400000000001))"
2024,CORTE SELETIVO,C60L63,"POLYGON ((-58.900999999999996 -2.641200000000001, -58.900999999999996 -2.641000000000001, -58.90089999999999 -2.641000000000001, -58.90089999999999 -2.641200000000001, -58.900999999999996 -2.641200000000001))"
2024,CORTE SELETIVO,C60L63,"POLYGON ((-58.93319999999999 -2.637700000000001, -58.93319999999999 -2.637600000000001, -58.933099999999996 -2.637600000000001, -58.933099999999996 -2.637700000000001, -58.93319999999999 -2.637700000000001))"
2024,CORTE SELETIVO,C60L63,"POLYGON ((-58.88889999999999 -2.632900000000001, -58.88889999999999 -2.6331000000000007, -58.88909999999999 -2.6331000000000007, -58.88909999999999 -2.633000000000001, -58.888999999999996 -2.633000000000001, -58.888999999999996 -2.632900000000001, -58.88889999999999 -2.632900000000001))"
2024,CORTE SELETIVO,C60L63,"POLYGON ((-58.937599999999996 -2.6106000000000007, -58.937599999999996 -2.610500000000001, -58.93749999999999 -2.610500000000001, -58.93749999999999 -2.6106000000000007, -58.937599999999996 -2.6106000000000007))"
2024,CORTE SELETIVO,C60L63,"POLYGON ((-58.89289999999999 -2.609200000000001, -58.89289999999999 -2.609100000000001, -58.892799999999994 -2.609100000000001, -58.892799999999994 -2.609200000000001, -58.89269999999999 -2.609200000000001, -58.89269999999999 -2.609300000000001, -58.892999999999994 -2.609300000000001, -58.892999999999994 -2.609200000000001, -58.89289999999999 -2.609200000000001))"
2024,CORTE SELETIVO,C60L63,"POLYGON ((-58.892799999999994 -2.609000000000001, -58.892799999999994 -2.6087000000000007, -58.89269999999999 -2.6087000000000007, -58.89269999999999 -2.609000000000001, -58.892799999999994 -2.609000000000001))"
2024,CORTE SELETIVO,C60L63,"POLYGON ((-58.925399999999996 -2.602700000000001, -58.925399999999996 -2.6026000000000007, -58.92529999999999 -2.6026000000000007, -58.92529999999999 -2.602700000000001, -58.925399999999996 -2.602700000000001))"
2024,CORTE SELETIVO,C60L63,"POLYGON ((-58.941599999999994 -2.6020000000000008, -58.941599999999994 -2.601900000000001, -58.94149999999999 -2.601900000000001, -58.94149999999999 -2.6020000000000008, -58.941599999999994 -2.6020000000000008))"
2024,CORTE SELETIVO,C60L63,"POLYGON ((-58.90319999999999 -2.599300000000001, -58.90319999999999 -2.599200000000001, -58.903099999999995 -2.599200000000001, -58.903099999999995 -2.599100000000001, -58.90299999999999 -2.599100000000001, -58.90299999999999 -2.599200000000001, -58.902899999999995 -2.599200000000001, -58.902899999999995 -2.599400000000001, -58.903099999999995 -2.599400000000001, -58.903099999999995 -2.599300000000001, -58.90319999999999 -2.599300000000001))"
2024,CORTE SELETIVO,C60L63,"POLYGON ((-58.939299999999996 -2.5982000000000007, -58.939299999999996 -2.598100000000001, -58.93919999999999 -2.598100000000001, -58.93919999999999 -2.5982000000000007, -58.939299999999996 -2.5982000000000007))"
2024,CORTE SELETIVO,C60L63,"POLYGON ((-58.93939999999999 -2.5980000000000008, -58.939299999999996 -2.5980000000000008, -58.939299999999996 -2.598100000000001, -58.93939999999999 -2.598100000000001, -58.93939999999999 -2.5980000000000008))"
2024,CORTE SELETIVO,C60L63,"POLYGON ((-58.92209999999999 -2.596900000000001, -58.92199999999999 -2.596900000000001, -58.92199999999999 -2.597000000000001, -58.92209999999999 -2.597000000000001, -58.92209999999999 -2.596900000000001))"
2024,CORTE SELETIVO,C60L63,"POLYGON ((-58.92439999999999 -2.595200000000001, -58.92439999999999 -2.595100000000001, -58.924299999999995 -2.595100000000001, -58.924299999999995 -2.595200000000001, -58.92439999999999 -2.595200000000001))"
2024,CORTE SELETIVO,C60L63,"POLYGON ((-58.85849999999999 -2.593200000000001, -58.85849999999999 -2.593300000000001, -58.858799999999995 -2.593300000000001, -58.858799999999995 -2.593100000000001, -58.85869999999999 -2.593100000000001, -58.85869999999999 -2.592900000000001, -58.858599999999996 -2.592900000000001, -58.858599999999996 -2.592800000000001, -58.858399999999996 -2.592800000000001, -58.858399999999996 -2.592900000000001, -58.85849999999999 -2.592900000000001, -58.85849999999999 -2.593000000000001, -58.858399999999996 -2.593000000000001, -58.858399999999996 -2.593200000000001, -58.85849999999999 -2.593200000000001))"
2024,CORTE SELETIVO,C60L63,"POLYGON ((-58.86209999999999 -2.5900000000000007, -58.86209999999999 -2.589900000000001, -58.861999999999995 -2.589900000000001, -58.861999999999995 -2.5900000000000007, -58.86209999999999 -2.5900000000000007))"
2024,CORTE SELETIVO,C60L63,"POLYGON ((-58.874399999999994 -2.589200000000001, -58.874399999999994 -2.589100000000001, -58.87429999999999 -2.589100000000001, -58.87429999999999 -2.589200000000001, -58.874399999999994 -2.589200000000001))"
2024,CORTE SELETIVO,C60L63,"POLYGON ((-58.90529999999999 -2.544900000000001, -58.90529999999999 -2.544700000000001, -58.905199999999994 -2.544700000000001, -58.905199999999994 -2.544900000000001, -58.90529999999999 -2.544900000000001))"
2024,CORTE SELETIVO,C60L63,"POLYGON ((-58.905199999999994 -2.544700000000001, -58.905199999999994 -2.544600000000001, -58.90509999999999 -2.544600000000001, -58.90509999999999 -2.544700000000001, -58.905199999999994 -2.544700000000001))"
2024,CORTE SELETIVO,C60L63,"POLYGON ((-58.886199999999995 -2.5334000000000008, -58.886199999999995 -2.533300000000001, -58.88609999999999 -2.533300000000001, -58.88609999999999 -2.5334000000000008, -58.886199999999995 -2.5334000000000008))"
2024,CORTE SELETIVO,C60L63,"POLYGON ((-58.86659999999999 -2.5319000000000007, -58.86659999999999 -2.531800000000001, -58.866499999999995 -2.531800000000001, -58.866499999999995 -2.5319000000000007, -58.86659999999999 -2.5319000000000007))"
2024,CORTE SELETIVO,C60L63,"POLYGON ((-58.866899999999994 -2.531100000000001, -58.866899999999994 -2.531000000000001, -58.86679999999999 -2.531000000000001, -58.86679999999999 -2.531100000000001, -58.866899999999994 -2.531100000000001))"
2024,CORTE SELETIVO,C60L63,"POLYGON ((-58.87489999999999 -2.522300000000001, -58.87489999999999 -2.522100000000001, -58.87479999999999 -2.522100000000001, -58.87479999999999 -2.522300000000001, -58.87489999999999 -2.522300000000001))"
2024,CORTE SELETIVO,C60L63,"POLYGON ((-58.87469999999999 -2.522300000000001, -58.87469999999999 -2.522100000000001, -58.874599999999994 -2.522100000000001, -58.874599999999994 -2.522300000000001, -58.87469999999999 -2.522300000000001))"
2024,CORTE SELETIVO,C60L63,"POLYGON ((-58.91779999999999 -2.518800000000001, -58.91779999999999 -2.518700000000001, -58.917699999999996 -2.518700000000001, -58.917699999999996 -2.518800000000001, -58.91779999999999 -2.518800000000001))"
2024,CORTE SELETIVO,C60L63,"POLYGON ((-58.917699999999996 -2.518400000000001, -58.917699999999996 -2.518600000000001, -58.91779999999999 -2.518600000000001, -58.91779999999999 -2.518700000000001, -58.917899999999996 -2.518700000000001, -58.917899999999996 -2.518400000000001, -58.917699999999996 -2.518400000000001))"
2024,CORTE SELETIVO,C60L63,"POLYGON ((-58.93489999999999 -2.508600000000001, -58.93489999999999 -2.508500000000001, -58.934799999999996 -2.508500000000001, -58.934799999999996 -2.508600000000001, -58.93489999999999 -2.508600000000001))"
2024,CORTE SELETIVO,C60L63,"POLYGON ((-58.93429999999999 -2.504300000000001, -58.93429999999999 -2.504200000000001, -58.93419999999999 -2.504200000000001, -58.93419999999999 -2.504300000000001, -58.93429999999999 -2.504300000000001))"
2024,CORTE SELETIVO,C60L63,"POLYGON ((-58.93419999999999 -2.504100000000001, -58.934099999999994 -2.504100000000001, -58.934099999999994 -2.504200000000001, -58.93419999999999 -2.504200000000001, -58.93419999999999 -2.504100000000001))"
2024,CORTE SELETIVO,C60L63,"POLYGON ((-58.936299999999996 -2.5014000000000007, -58.93619999999999 -2.5014000000000007, -58.93619999999999 -2.501500000000001, -58.936299999999996 -2.501500000000001, -58.936299999999996 -2.5014000000000007))"
2024,CORTE SELETIVO,C60L63,"POLYGON ((-58.931799999999996 -2.500400000000001, -58.931799999999996 -2.500300000000001, -58.93169999999999 -2.500300000000001, -58.93169999999999 -2.500400000000001, -58.931799999999996 -2.500400000000001))"
2024,CORTE SELETIVO,C60L63,"POLYGON ((-58.837399999999995 -2.682400000000001, -58.837399999999995 -2.682200000000001, -58.83729999999999 -2.682200000000001, -58.83729999999999 -2.682400000000001, -58.837399999999995 -2.682400000000001))"
2024,CORTE SELETIVO,C60L63,"POLYGON ((-58.83989999999999 -2.679900000000001, -58.83989999999999 -2.679800000000001, -58.83979999999999 -2.679800000000001, -58.83979999999999 -2.679900000000001, -58.83989999999999 -2.679900000000001))"
2024,CORTE SELETIVO,C60L63,"POLYGON ((-58.846999999999994 -2.6281000000000008, -58.846999999999994 -2.627900000000001, -58.84689999999999 -2.627900000000001, -58.84689999999999 -2.6281000000000008, -58.846999999999994 -2.6281000000000008))"
2024,CORTE SELETIVO,C60L63,"POLYGON ((-58.846799999999995 -2.628000000000001, -58.846799999999995 -2.627900000000001, -58.84669999999999 -2.627900000000001, -58.84669999999999 -2.628000000000001, -58.846799999999995 -2.628000000000001))"
2024,CORTE SELETIVO,C60L63,"POLYGON ((-58.84689999999999 -2.627900000000001, -58.84689999999999 -2.627800000000001, -58.846799999999995 -2.627800000000001, -58.846799999999995 -2.627900000000001, -58.84689999999999 -2.627900000000001))"
2024,CORTE SELETIVO,C60L63,"POLYGON ((-58.858399999999996 -2.593000000000001, -58.858399999999996 -2.592900000000001, -58.85829999999999 -2.592900000000001, -58.85829999999999 -2.593000000000001, -58.858399999999996 -2.593000000000001))"
2024,CORTE SELETIVO,C60L63,"POLYGON ((-58.817099999999996 -2.583200000000001, -58.817099999999996 -2.583100000000001, -58.81699999999999 -2.583100000000001, -58.81699999999999 -2.583200000000001, -58.817099999999996 -2.583200000000001))"
2024,CORTE SELETIVO,C60L63,"POLYGON ((-58.81699999999999 -2.583000000000001, -58.81699999999999 -2.582900000000001, -58.81689999999999 -2.582900000000001, -58.81689999999999 -2.583000000000001, -58.81699999999999 -2.583000000000001))"
2024,CORTE SELETIVO,C60L63,"POLYGON ((-58.818799999999996 -2.573400000000001, -58.818799999999996 -2.573200000000001, -58.81869999999999 -2.573200000000001, -58.81869999999999 -2.573400000000001, -58.818799999999996 -2.573400000000001))"
2024,CORTE SELETIVO,C60L63,"POLYGON ((-58.82419999999999 -2.566900000000001, -58.82419999999999 -2.566800000000001, -58.824099999999994 -2.566800000000001, -58.824099999999994 -2.566900000000001, -58.82419999999999 -2.566900000000001))"
2024,CORTE SELETIVO,C60L63,"POLYGON ((-58.823899999999995 -2.566800000000001, -58.823899999999995 -2.566700000000001, -58.82379999999999 -2.566700000000001, -58.82379999999999 -2.566800000000001, -58.823899999999995 -2.566800000000001))"
2024,CORTE SELETIVO,C60L63,"POLYGON ((-58.854899999999994 -2.565900000000001, -58.854899999999994 -2.5658000000000007, -58.85479999999999 -2.5658000000000007, -58.85479999999999 -2.565900000000001, -58.854899999999994 -2.565900000000001))"
2024,CORTE SELETIVO,C60L63,"POLYGON ((-58.83259999999999 -2.563800000000001, -58.83259999999999 -2.5637000000000008, -58.83239999999999 -2.5637000000000008, -58.83239999999999 -2.563800000000001, -58.83259999999999 -2.563800000000001))"
2024,CORTE SELETIVO,C60L63,"POLYGON ((-58.826499999999996 -2.560600000000001, -58.826499999999996 -2.560500000000001, -58.82639999999999 -2.560500000000001, -58.82639999999999 -2.560600000000001, -58.826499999999996 -2.560600000000001))"
2024,CORTE SELETIVO,C60L63,"POLYGON ((-58.81929999999999 -2.557100000000001, -58.819199999999995 -2.557100000000001, -58.819199999999995 -2.557200000000001, -58.81929999999999 -2.557200000000001, -58.81929999999999 -2.557100000000001))"
2024,CORTE SELETIVO,C60L63,"POLYGON ((-58.81949999999999 -2.557100000000001, -58.819399999999995 -2.557100000000001, -58.819399999999995 -2.557200000000001, -58.81949999999999 -2.557200000000001, -58.81949999999999 -2.557100000000001))"
2024,CORTE SELETIVO,C60L63,"POLYGON ((-58.81539999999999 -2.5496000000000008, -58.81539999999999 -2.549500000000001, -58.81549999999999 -2.549500000000001, -58.81549999999999 -2.549200000000001, -58.81529999999999 -2.549200000000001, -58.81529999999999 -2.549300000000001, -58.81519999999999 -2.549300000000001, -58.81519999999999 -2.549500000000001, -58.81529999999999 -2.549500000000001, -58.81529999999999 -2.5496000000000008, -58.81539999999999 -2.5496000000000008))"
2024,CORTE SELETIVO,C60L63,"POLYGON ((-58.830499999999994 -2.5477000000000007, -58.830499999999994 -2.547600000000001, -58.83039999999999 -2.547600000000001, -58.83039999999999 -2.5477000000000007, -58.830499999999994 -2.5477000000000007))"
2024,CORTE SELETIVO,C60L63,"POLYGON ((-58.82019999999999 -2.544000000000001, -58.82019999999999 -2.543800000000001, -58.82009999999999 -2.543800000000001, -58.82009999999999 -2.544000000000001, -58.82019999999999 -2.544000000000001))"
2024,CORTE SELETIVO,C60L63,"POLYGON ((-58.815099999999994 -2.542500000000001, -58.815099999999994 -2.542400000000001, -58.81499999999999 -2.542400000000001, -58.81499999999999 -2.542500000000001, -58.815099999999994 -2.542500000000001))"
2024,CORTE SELETIVO,C60L63,"POLYGON ((-58.815099999999994 -2.542300000000001, -58.815099999999994 -2.5422000000000007, -58.814899999999994 -2.5422000000000007, -58.814899999999994 -2.542300000000001, -58.815099999999994 -2.542300000000001))"
2024,CORTE SELETIVO,C60L63,"POLYGON ((-58.809599999999996 -2.5380000000000007, -58.809599999999996 -2.537900000000001, -58.80949999999999 -2.537900000000001, -58.80949999999999 -2.5380000000000007, -58.809599999999996 -2.5380000000000007))"
2024,CORTE SELETIVO,C60L63,"POLYGON ((-58.81969999999999 -2.533100000000001, -58.81969999999999 -2.532900000000001, -58.819599999999994 -2.532900000000001, -58.819599999999994 -2.533100000000001, -58.81969999999999 -2.533100000000001))"
2024,CORTE SELETIVO,C60L63,"POLYGON ((-58.85289999999999 -2.532700000000001, -58.85289999999999 -2.532600000000001, -58.852799999999995 -2.532600000000001, -58.852799999999995 -2.532700000000001, -58.85289999999999 -2.532700000000001))"
2024,CORTE SELETIVO,C60L63,"POLYGON ((-58.81969999999999 -2.532500000000001, -58.81969999999999 -2.532600000000001, -58.819799999999994 -2.532600000000001, -58.819799999999994 -2.532700000000001, -58.81989999999999 -2.532700000000001, -58.81989999999999 -2.532500000000001, -58.81969999999999 -2.532500000000001))"
2024,CORTE SELETIVO,C60L63,"POLYGON ((-58.81949999999999 -2.532000000000001, -58.81949999999999 -2.5319000000000007, -58.819399999999995 -2.5319000000000007, -58.819399999999995 -2.532000000000001, -58.81949999999999 -2.532000000000001))"
2024,CORTE SELETIVO,C60L63,"POLYGON ((-58.83709999999999 -2.5300000000000007, -58.83709999999999 -2.529900000000001, -58.836999999999996 -2.529900000000001, -58.836999999999996 -2.5300000000000007, -58.83709999999999 -2.5300000000000007))"
2024,CORTE SELETIVO,C60L63,"POLYGON ((-58.840199999999996 -2.529000000000001, -58.840199999999996 -2.528900000000001, -58.84009999999999 -2.528900000000001, -58.84009999999999 -2.529000000000001, -58.840199999999996 -2.529000000000001))"
2024,CORTE SELETIVO,C60L63,"POLYGON ((-58.83299999999999 -2.522300000000001, -58.83299999999999 -2.522200000000001, -58.832899999999995 -2.522200000000001, -58.832899999999995 -2.522300000000001, -58.83299999999999 -2.522300000000001))"
2024,CORTE SELETIVO,C60L63,"POLYGON ((-58.83829999999999 -2.514700000000001, -58.83829999999999 -2.514600000000001, -58.83819999999999 -2.514600000000001, -58.83819999999999 -2.514700000000001, -58.83829999999999 -2.514700000000001))"
2024,CORTE SELETIVO,C60L63,"POLYGON ((-58.81529999999999 -2.5140000000000007, -58.81529999999999 -2.513900000000001, -58.81519999999999 -2.513900000000001, -58.81519999999999 -2.5140000000000007, -58.81529999999999 -2.5140000000000007))"
2024,CORTE SELETIVO,C60L63,"POLYGON ((-58.824799999999996 -2.513500000000001, -58.824999999999996 -2.513500000000001, -58.824999999999996 -2.5134000000000007, -58.82489999999999 -2.5134000000000007, -58.82489999999999 -2.513300000000001, -58.824799999999996 -2.513300000000001, -58.824799999999996 -2.513500000000001))"
2024,CORTE SELETIVO,C60L63,"POLYGON ((-58.82509999999999 -2.513300000000001, -58.824999999999996 -2.513300000000001, -58.824999999999996 -2.5134000000000007, -58.82509999999999 -2.5134000000000007, -58.82509999999999 -2.513300000000001))"
2024,CORTE SELETIVO,C60L63,"POLYGON ((-58.83489999999999 -2.500300000000001, -58.83489999999999 -2.500200000000001, -58.834799999999994 -2.500200000000001, -58.834799999999994 -2.500300000000001, -58.83489999999999 -2.500300000000001))"
2024,CORTE SELETIVO,C60L63,"POLYGON ((-58.78639999999999 -2.736200000000001, -58.78639999999999 -2.736400000000001, -58.78659999999999 -2.736400000000001, -58.78659999999999 -2.736300000000001, -58.78649999999999 -2.736300000000001, -58.78649999999999 -2.736200000000001, -58.78639999999999 -2.736200000000001))"
2024,CORTE SELETIVO,C60L63,"POLYGON ((-58.77069999999999 -2.725900000000001, -58.77069999999999 -2.725800000000001, -58.770599999999995 -2.725800000000001, -58.770599999999995 -2.725900000000001, -58.77069999999999 -2.725900000000001))"
2024,CORTE SELETIVO,C60L63,"POLYGON ((-58.77049999999999 -2.7257000000000007, -58.77049999999999 -2.725600000000001, -58.770399999999995 -2.725600000000001, -58.770399999999995 -2.7255000000000007, -58.77029999999999 -2.7255000000000007, -58.77029999999999 -2.725900000000001, -58.77049999999999 -2.725900000000001, -58.77049999999999 -2.725800000000001, -58.770399999999995 -2.725800000000001, -58.770399999999995 -2.7257000000000007, -58.77049999999999 -2.7257000000000007))"
2024,CORTE SELETIVO,C60L63,"POLYGON ((-58.77029999999999 -2.7255000000000007, -58.77029999999999 -2.7253000000000007, -58.770199999999996 -2.7253000000000007, -58.770199999999996 -2.7255000000000007, -58.77029999999999 -2.7255000000000007))"
2024,CORTE SELETIVO,C60L63,"POLYGON ((-58.77089999999999 -2.7251000000000007, -58.77089999999999 -2.725000000000001, -58.77069999999999 -2.725000000000001, -58.77069999999999 -2.7251000000000007, -58.77089999999999 -2.7251000000000007))"
2024,CORTE SELETIVO,C60L63,"POLYGON ((-58.77049999999999 -2.7249000000000008, -58.77049999999999 -2.724800000000001, -58.770399999999995 -2.724800000000001, -58.770399999999995 -2.7249000000000008, -58.77049999999999 -2.7249000000000008))"
2024,CORTE SELETIVO,C60L63,"POLYGON ((-58.77029999999999 -2.7249000000000008, -58.77029999999999 -2.724700000000001, -58.770199999999996 -2.724700000000001, -58.770199999999996 -2.7249000000000008, -58.77029999999999 -2.7249000000000008))"
2024,CORTE SELETIVO,C60L63,"POLYGON ((-58.77009999999999 -2.724700000000001, -58.77009999999999 -2.724600000000001, -58.769999999999996 -2.724600000000001, -58.769999999999996 -2.724700000000001, -58.77009999999999 -2.724700000000001))"
2024,CORTE SELETIVO,C60L63,"POLYGON ((-58.76519999999999 -2.722000000000001, -58.76519999999999 -2.722300000000001, -58.765299999999996 -2.722300000000001, -58.765299999999996 -2.722100000000001, -58.76539999999999 -2.722100000000001, -58.76539999999999 -2.722000000000001, -58.76519999999999 -2.722000000000001))"
2024,CORTE SELETIVO,C60L63,"POLYGON ((-58.76819999999999 -2.722000000000001, -58.76819999999999 -2.721900000000001, -58.76809999999999 -2.721900000000001, -58.76809999999999 -2.722000000000001, -58.76819999999999 -2.722000000000001))"
2024,CORTE SELETIVO,C60L63,"POLYGON ((-58.768499999999996 -2.722000000000001, -58.768499999999996 -2.721900000000001, -58.76839999999999 -2.721900000000001, -58.76839999999999 -2.722000000000001, -58.768499999999996 -2.722000000000001))"
2024,CORTE SELETIVO,C60L63,"POLYGON ((-58.76819999999999 -2.721600000000001, -58.76819999999999 -2.721700000000001, -58.76809999999999 -2.721700000000001, -58.76809999999999 -2.721800000000001, -58.768299999999996 -2.721800000000001, -58.768299999999996 -2.721600000000001, -58.76819999999999 -2.721600000000001))"
2024,CORTE SELETIVO,C60L63,"POLYGON ((-58.76859999999999 -2.721600000000001, -58.76859999999999 -2.721400000000001, -58.768499999999996 -2.721400000000001, -58.768499999999996 -2.721600000000001, -58.76859999999999 -2.721600000000001))"
2024,CORTE SELETIVO,C60L63,"POLYGON ((-58.76469999999999 -2.717800000000001, -58.76469999999999 -2.7177000000000007, -58.764599999999994 -2.7177000000000007, -58.764599999999994 -2.717800000000001, -58.76469999999999 -2.717800000000001))"
2024,CORTE SELETIVO,C60L63,"POLYGON ((-58.77609999999999 -2.704500000000001, -58.775999999999996 -2.704500000000001, -58.775999999999996 -2.704600000000001, -58.77609999999999 -2.704600000000001, -58.77609999999999 -2.704500000000001))"
2024,CORTE SELETIVO,C60L63,"POLYGON ((-58.776199999999996 -2.704400000000001, -58.77609999999999 -2.704400000000001, -58.77609999999999 -2.704500000000001, -58.776199999999996 -2.704500000000001, -58.776199999999996 -2.704400000000001))"
2024,CORTE SELETIVO,C60L63,"POLYGON ((-58.77109999999999 -2.6891000000000007, -58.77109999999999 -2.689000000000001, -58.770999999999994 -2.689000000000001, -58.770999999999994 -2.6891000000000007, -58.77109999999999 -2.6891000000000007))"
2024,CORTE SELETIVO,C60L63,"POLYGON ((-58.77129999999999 -2.688300000000001, -58.77129999999999 -2.688400000000001, -58.77119999999999 -2.688400000000001, -58.77119999999999 -2.688500000000001, -58.771499999999996 -2.688500000000001, -58.771499999999996 -2.688300000000001, -58.77129999999999 -2.688300000000001))"
2024,CORTE SELETIVO,C60L63,"POLYGON ((-58.77119999999999 -2.688400000000001, -58.77119999999999 -2.688300000000001, -58.77089999999999 -2.688300000000001, -58.77089999999999 -2.688400000000001, -58.77119999999999 -2.688400000000001))"
2024,CORTE SELETIVO,C60L63,"POLYGON ((-58.756899999999995 -2.687100000000001, -58.756899999999995 -2.6870000000000007, -58.75679999999999 -2.6870000000000007, -58.75679999999999 -2.687100000000001, -58.756899999999995 -2.687100000000001))"
2024,CORTE SELETIVO,C60L63,"POLYGON ((-58.76539999999999 -2.666200000000001, -58.76539999999999 -2.666300000000001, -58.765299999999996 -2.666300000000001, -58.765299999999996 -2.6664000000000008, -58.765499999999996 -2.6664000000000008, -58.765499999999996 -2.666200000000001, -58.76539999999999 -2.666200000000001))"
2024,CORTE SELETIVO,C60L63,"POLYGON ((-58.779999999999994 -2.647100000000001, -58.779999999999994 -2.646700000000001, -58.779799999999994 -2.646700000000001, -58.779799999999994 -2.6466000000000007, -58.77969999999999 -2.6466000000000007, -58.77969999999999 -2.6468000000000007, -58.77989999999999 -2.6468000000000007, -58.77989999999999 -2.647000000000001, -58.779799999999994 -2.647000000000001, -58.779799999999994 -2.647100000000001, -58.779999999999994 -2.647100000000001))"
2024,CORTE SELETIVO,C60L63,"POLYGON ((-58.79769999999999 -2.634500000000001, -58.79769999999999 -2.6344000000000007, -58.797599999999996 -2.6344000000000007, -58.797599999999996 -2.634500000000001, -58.79769999999999 -2.634500000000001))"
2024,CORTE SELETIVO,C60L63,"POLYGON ((-58.79749999999999 -2.598900000000001, -58.79749999999999 -2.5988000000000007, -58.797399999999996 -2.5988000000000007, -58.797399999999996 -2.598900000000001, -58.79749999999999 -2.598900000000001))"
2024,CORTE SELETIVO,C60L63,"POLYGON ((-58.80619999999999 -2.595800000000001, -58.80619999999999 -2.595700000000001, -58.806099999999994 -2.595700000000001, -58.806099999999994 -2.595800000000001, -58.80619999999999 -2.595800000000001))"
2024,CORTE SELETIVO,C60L63,"POLYGON ((-58.787699999999994 -2.587500000000001, -58.787699999999994 -2.587200000000001, -58.78759999999999 -2.587200000000001, -58.78759999999999 -2.587500000000001, -58.787699999999994 -2.587500000000001))"
2024,CORTE SELETIVO,C60L63,"POLYGON ((-58.78999999999999 -2.580400000000001, -58.78999999999999 -2.5803000000000007, -58.789899999999996 -2.5803000000000007, -58.789899999999996 -2.580400000000001, -58.78999999999999 -2.580400000000001))"
2024,CORTE SELETIVO,C60L63,"POLYGON ((-58.80319999999999 -2.550300000000001, -58.80319999999999 -2.5502000000000007, -58.80309999999999 -2.5502000000000007, -58.80309999999999 -2.550300000000001, -58.80319999999999 -2.550300000000001))"
2024,CORTE SELETIVO,C60L63,"POLYGON ((-58.75659999999999 -2.525100000000001, -58.75659999999999 -2.525000000000001, -58.756699999999995 -2.525000000000001, -58.756699999999995 -2.524900000000001, -58.75659999999999 -2.524900000000001, -58.75659999999999 -2.524700000000001, -58.75639999999999 -2.524700000000001, -58.75639999999999 -2.524800000000001, -58.756299999999996 -2.524800000000001, -58.756299999999996 -2.524900000000001, -58.75639999999999 -2.524900000000001, -58.75639999999999 -2.525100000000001, -58.75659999999999 -2.525100000000001))"
2024,CORTE SELETIVO,C60L63,"POLYGON ((-58.80599999999999 -2.5235000000000007, -58.80599999999999 -2.5233000000000008, -58.80579999999999 -2.5233000000000008, -58.80579999999999 -2.5235000000000007, -58.80599999999999 -2.5235000000000007))"
2024,CORTE SELETIVO,C60L63,"POLYGON ((-58.80729999999999 -2.519600000000001, -58.80729999999999 -2.519400000000001, -58.807199999999995 -2.519400000000001, -58.807199999999995 -2.519600000000001, -58.80729999999999 -2.519600000000001))"
2024,CORTE SELETIVO,C60L63,"POLYGON ((-58.785399999999996 -2.502800000000001, -58.78529999999999 -2.502800000000001, -58.78529999999999 -2.502900000000001, -58.785399999999996 -2.502900000000001, -58.785399999999996 -2.502800000000001))"
2024,CORTE SELETIVO,C60L63,"POLYGON ((-58.802499999999995 -2.501300000000001, -58.80239999999999 -2.501300000000001, -58.80239999999999 -2.5014000000000007, -58.802499999999995 -2.5014000000000007, -58.802499999999995 -2.501300000000001))"
2024,CORTE SELETIVO,C60L63,"POLYGON ((-58.77109999999999 -2.724200000000001, -58.771499999999996 -2.724200000000001, -58.771499999999996 -2.7238000000000007, -58.77129999999999 -2.7238000000000007, -58.77129999999999 -2.724100000000001, -58.77109999999999 -2.724100000000001, -58.77109999999999 -2.724200000000001))"
2024,CORTE SELETIVO,C60L63,"POLYGON ((-58.77139999999999 -2.723600000000001, -58.77129999999999 -2.723600000000001, -58.77129999999999 -2.723700000000001, -58.77139999999999 -2.723700000000001, -58.77139999999999 -2.723600000000001))"
2024,CORTE SELETIVO,C60L63,"POLYGON ((-58.94509999999999 -2.6792000000000007, -58.94499999999999 -2.6792000000000007, -58.94499999999999 -2.679300000000001, -58.94509999999999 -2.679300000000001, -58.94509999999999 -2.6792000000000007))"
2024,CORTE SELETIVO,C60L63,"POLYGON ((-58.934999999999995 -2.635400000000001, -58.93489999999999 -2.635400000000001, -58.93489999999999 -2.635600000000001, -58.934999999999995 -2.635600000000001, -58.934999999999995 -2.635400000000001))"
2024,CORTE SELETIVO,C60L63,"POLYGON ((-58.805699999999995 -2.596400000000001, -58.80559999999999 -2.596400000000001, -58.80559999999999 -2.5965000000000007, -58.805699999999995 -2.5965000000000007, -58.805699999999995 -2.596400000000001))"
2024,CORTE SELETIVO,C60L63,"POLYGON ((-58.811699999999995 -2.589900000000001, -58.81159999999999 -2.589900000000001, -58.81159999999999 -2.5900000000000007, -58.811699999999995 -2.5900000000000007, -58.811699999999995 -2.589900000000001))"
2024,CORTE SELETIVO,C60L63,"POLYGON ((-58.83729999999999 -2.530100000000001, -58.837199999999996 -2.530100000000001, -58.837199999999996 -2.5302000000000007, -58.83729999999999 -2.5302000000000007, -58.83729999999999 -2.530100000000001))"
2024,CORTE SELETIVO,C60L63,"POLYGON ((-58.882799999999996 -2.515800000000001, -58.882799999999996 -2.5159000000000007, -58.88289999999999 -2.5159000000000007, -58.88289999999999 -2.515800000000001, -58.882799999999996 -2.515800000000001))"
2024,CORTE SELETIVO,C60L63,"POLYGON ((-58.93619999999999 -2.5018000000000007, -58.93619999999999 -2.501900000000001, -58.936299999999996 -2.501900000000001, -58.936299999999996 -2.5018000000000007, -58.93619999999999 -2.5018000000000007))"
2024,CORTE SELETIVO,C60L63,"POLYGON ((-58.77129999999999 -2.732100000000001, -58.77119999999999 -2.732100000000001, -58.77119999999999 -2.732200000000001, -58.77129999999999 -2.732200000000001, -58.77129999999999 -2.732100000000001))"
2024,CORTE SELETIVO,C60L63,"POLYGON ((-58.77049999999999 -2.724400000000001, -58.770399999999995 -2.724400000000001, -58.770399999999995 -2.724700000000001, -58.77049999999999 -2.724700000000001, -58.77049999999999 -2.724400000000001))"
2024,CORTE SELETIVO,C60L63,"POLYGON ((-58.77029999999999 -2.724200000000001, -58.769999999999996 -2.724200000000001, -58.769999999999996 -2.724300000000001, -58.77029999999999 -2.724300000000001, -58.77029999999999 -2.724200000000001))"
2024,CORTE SELETIVO,C60L63,"POLYGON ((-58.77049999999999 -2.723700000000001, -58.77029999999999 -2.723700000000001, -58.77029999999999 -2.723900000000001, -58.77049999999999 -2.723900000000001, -58.77049999999999 -2.723700000000001))"
2024,CORTE SELETIVO,C60L63,"POLYGON ((-58.77069999999999 -2.723600000000001, -58.770799999999994 -2.723600000000001, -58.770799999999994 -2.723500000000001, -58.77049999999999 -2.723500000000001, -58.77049999999999 -2.723700000000001, -58.77069999999999 -2.723700000000001, -58.77069999999999 -2.723600000000001))"
2024,CORTE SELETIVO,C60L63,"POLYGON ((-58.77119999999999 -2.7234000000000007, -58.77109999999999 -2.7234000000000007, -58.77109999999999 -2.723500000000001, -58.77119999999999 -2.723500000000001, -58.77119999999999 -2.7234000000000007))"
2024,CORTE SELETIVO,C60L63,"POLYGON ((-58.767199999999995 -2.722200000000001, -58.766999999999996 -2.722200000000001, -58.766999999999996 -2.722300000000001, -58.767199999999995 -2.722300000000001, -58.767199999999995 -2.722200000000001))"
2024,CORTE SELETIVO,C60L63,"POLYGON ((-58.76709999999999 -2.717900000000001, -58.76709999999999 -2.717800000000001, -58.766999999999996 -2.717800000000001, -58.766999999999996 -2.718000000000001, -58.76729999999999 -2.718000000000001, -58.76729999999999 -2.717900000000001, -58.76709999999999 -2.717900000000001))"
2024,CORTE SELETIVO,C60L63,"POLYGON ((-58.76689999999999 -2.717200000000001, -58.76689999999999 -2.7173000000000007, -58.766999999999996 -2.7173000000000007, -58.766999999999996 -2.717200000000001, -58.76689999999999 -2.717200000000001))"
2024,CORTE SELETIVO,C60L63,"POLYGON ((-58.768299999999996 -2.722400000000001, -58.768299999999996 -2.722500000000001, -58.76839999999999 -2.722500000000001, -58.76839999999999 -2.722400000000001, -58.768299999999996 -2.722400000000001))"
2024,CORTE SELETIVO,C60L63,"POLYGON ((-58.77089999999999 -2.5963000000000007, -58.77089999999999 -2.596400000000001, -58.770999999999994 -2.596400000000001, -58.770999999999994 -2.5963000000000007, -58.77089999999999 -2.5963000000000007))"
2024,CORTE SELETIVO,C60L63,"POLYGON ((-58.770399999999995 -2.7257000000000007, -58.770399999999995 -2.725800000000001, -58.77049999999999 -2.725800000000001, -58.77049999999999 -2.7257000000000007, -58.770399999999995 -2.7257000000000007))"
2024,CORTE SELETIVO,C60L63,"POLYGON ((-58.76809999999999 -2.721600000000001, -58.76809999999999 -2.721700000000001, -58.76819999999999 -2.721700000000001, -58.76819999999999 -2.721600000000001, -58.76809999999999 -2.721600000000001))"
2024,CORTE SELETIVO,C60L63,"POLYGON ((-58.770999999999994 -2.689000000000001, -58.77109999999999 -2.689000000000001, -58.77109999999999 -2.6889000000000007, -58.770999999999994 -2.6889000000000007, -58.770999999999994 -2.689000000000001))"
2024,CORTE SELETIVO,C60L63,"POLYGON ((-58.83969999999999 -2.679900000000001, -58.83979999999999 -2.679900000000001, -58.83979999999999 -2.679800000000001, -58.83969999999999 -2.679800000000001, -58.83969999999999 -2.679900000000001))"
2024,CORTE SELETIVO,C60L63,"POLYGON ((-58.83979999999999 -2.679800000000001, -58.83989999999999 -2.679800000000001, -58.83989999999999 -2.679700000000001, -58.83979999999999 -2.679700000000001, -58.83979999999999 -2.679800000000001))"
2024,CORTE SELETIVO,C60L63,"POLYGON ((-58.76509999999999 -2.666500000000001, -58.76509999999999 -2.6664000000000008, -58.76499999999999 -2.6664000000000008, -58.76499999999999 -2.666500000000001, -58.76509999999999 -2.666500000000001))"
2024,CORTE SELETIVO,C60L63,"POLYGON ((-58.81389999999999 -2.621300000000001, -58.81389999999999 -2.621200000000001, -58.81379999999999 -2.621200000000001, -58.81379999999999 -2.621300000000001, -58.81389999999999 -2.621300000000001))"
2024,CORTE SELETIVO,C60L63,"POLYGON ((-58.83979999999999 -2.679900000000001, -58.83979999999999 -2.680000000000001, -58.83989999999999 -2.680000000000001, -58.83989999999999 -2.679900000000001, -58.83979999999999 -2.679900000000001))"
2024,CORTE SELETIVO,C60L63,"POLYGON ((-58.76509999999999 -2.666500000000001, -58.76509999999999 -2.6666000000000007, -58.76519999999999 -2.6666000000000007, -58.76519999999999 -2.666500000000001, -58.76509999999999 -2.666500000000001))"
2024,CORTE SELETIVO,C60L63,"POLYGON ((-58.768499999999996 -2.722500000000001, -58.768499999999996 -2.722600000000001, -58.76859999999999 -2.722600000000001, -58.76859999999999 -2.722500000000001, -58.768499999999996 -2.722500000000001))"
2024,CORTE SELETIVO,C60L63,"POLYGON ((-58.76509999999999 -2.666500000000001, -58.76519999999999 -2.666500000000001, -58.76519999999999 -2.6664000000000008, -58.76509999999999 -2.6664000000000008, -58.76509999999999 -2.666500000000001))"
2024,CORTE SELETIVO,C60L63,"POLYGON ((-58.981399999999994 -2.504600000000001, -58.98149999999999 -2.504600000000001, -58.98149999999999 -2.504500000000001, -58.981399999999994 -2.504500000000001, -58.981399999999994 -2.504600000000001))"
2024,CORTE SELETIVO,C60L63,"POLYGON ((-58.770199999999996 -2.7257000000000007, -58.770199999999996 -2.725800000000001, -58.77029999999999 -2.725800000000001, -58.77029999999999 -2.7257000000000007, -58.770199999999996 -2.7257000000000007))"
2024,CORTE SELETIVO,C60L63,"POLYGON ((-58.787699999999994 -2.587400000000001, -58.78779999999999 -2.587400000000001, -58.78779999999999 -2.587300000000001, -58.787699999999994 -2.587300000000001, -58.787699999999994 -2.587400000000001))"
2024,CORTE SELETIVO,C60L63,"POLYGON ((-58.93469999999999 -2.508800000000001, -58.934799999999996 -2.508800000000001, -58.934799999999996 -2.508700000000001, -58.93469999999999 -2.508700000000001, -58.93469999999999 -2.508800000000001))"
2024,CORTE SELETIVO,C60L63,"POLYGON ((-58.76839999999999 -2.722600000000001, -58.768499999999996 -2.722600000000001, -58.768499999999996 -2.722500000000001, -58.76839999999999 -2.722500000000001, -58.76839999999999 -2.722600000000001))"
2024,CORTE SELETIVO,C60L63,"POLYGON ((-58.76819999999999 -2.722000000000001, -58.768299999999996 -2.722000000000001, -58.768299999999996 -2.721800000000001, -58.76819999999999 -2.721800000000001, -58.76819999999999 -2.722000000000001))"
2024,CORTE SELETIVO,C60L63,"POLYGON ((-58.955299999999994 -2.680100000000001, -58.95539999999999 -2.680100000000001, -58.95539999999999 -2.680000000000001, -58.955299999999994 -2.680000000000001, -58.955299999999994 -2.680100000000001))"
2024,CORTE SELETIVO,C60L63,"POLYGON ((-58.83969999999999 -2.679700000000001, -58.83979999999999 -2.679700000000001, -58.83979999999999 -2.679600000000001, -58.83969999999999 -2.679600000000001, -58.83969999999999 -2.679700000000001))"
2024,CORTE SELETIVO,C60L63,"POLYGON ((-58.86249999999999 -2.6523000000000008, -58.862399999999994 -2.6523000000000008, -58.862399999999994 -2.652400000000001, -58.86249999999999 -2.652400000000001, -58.86249999999999 -2.6523000000000008))"
2024,CORTE SELETIVO,C60L63,"POLYGON ((-58.766799999999996 -2.7228000000000008, -58.76689999999999 -2.7228000000000008, -58.76689999999999 -2.722700000000001, -58.766799999999996 -2.722700000000001, -58.766799999999996 -2.7228000000000008))"
2024,CORTE SELETIVO,C60L63,"POLYGON ((-58.76469999999999 -2.7177000000000007, -58.764799999999994 -2.7177000000000007, -58.764799999999994 -2.717600000000001, -58.76469999999999 -2.717600000000001, -58.76469999999999 -2.7177000000000007))"
2024,CORTE SELETIVO,C60L63,"POLYGON ((-58.95539999999999 -2.680200000000001, -58.955499999999994 -2.680200000000001, -58.955499999999994 -2.680100000000001, -58.95539999999999 -2.680100000000001, -58.95539999999999 -2.680200000000001))"
2024,CORTE SELETIVO,C60L63,"POLYGON ((-58.862399999999994 -2.652400000000001, -58.862399999999994 -2.6523000000000008, -58.86229999999999 -2.6523000000000008, -58.86229999999999 -2.652400000000001, -58.862399999999994 -2.652400000000001))"
2024,CORTE SELETIVO,C60L63,"POLYGON ((-58.855999999999995 -2.545500000000001, -58.855999999999995 -2.5454000000000008, -58.85589999999999 -2.5454000000000008, -58.85589999999999 -2.545500000000001, -58.855999999999995 -2.545500000000001))"
2024,CORTE SELETIVO,C60L63,"POLYGON ((-58.76499999999999 -2.666500000000001, -58.76499999999999 -2.6666000000000007, -58.76509999999999 -2.6666000000000007, -58.76509999999999 -2.666500000000001, -58.76499999999999 -2.666500000000001))"
2024,CORTE SELETIVO,C60L63,"POLYGON ((-58.83709999999999 -2.530100000000001, -58.83709999999999 -2.5302000000000007, -58.837199999999996 -2.5302000000000007, -58.837199999999996 -2.530100000000001, -58.83709999999999 -2.530100000000001))"
2024,CORTE SELETIVO,C60L63,"POLYGON ((-58.955299999999994 -2.680000000000001, -58.95539999999999 -2.680000000000001, -58.95539999999999 -2.679900000000001, -58.955299999999994 -2.679900000000001, -58.955299999999994 -2.680000000000001))"
2024,CORTE SELETIVO,C60L63,"POLYGON ((-58.973499999999994 -2.666300000000001, -58.973499999999994 -2.6666000000000007, -58.97359999999999 -2.6666000000000007, -58.97359999999999 -2.6664000000000008, -58.973699999999994 -2.6664000000000008, -58.973699999999994 -2.666300000000001, -58.973499999999994 -2.666300000000001))"
2024,CORTE SELETIVO,C60L63,"POLYGON ((-58.955299999999994 -2.665700000000001, -58.955299999999994 -2.665600000000001, -58.95519999999999 -2.665600000000001, -58.95519999999999 -2.665700000000001, -58.955299999999994 -2.665700000000001))"
2024,CORTE SELETIVO,C60L63,"POLYGON ((-58.968799999999995 -2.663100000000001, -58.968799999999995 -2.6630000000000007, -58.96869999999999 -2.6630000000000007, -58.96869999999999 -2.663100000000001, -58.968799999999995 -2.663100000000001))"
2024,CORTE SELETIVO,C60L63,"POLYGON ((-58.93879999999999 -2.661900000000001, -58.93879999999999 -2.661800000000001, -58.93869999999999 -2.661800000000001, -58.93869999999999 -2.661900000000001, -58.93879999999999 -2.661900000000001))"
2024,CORTE SELETIVO,C60L63,"POLYGON ((-58.95269999999999 -2.6563000000000008, -58.95269999999999 -2.656400000000001, -58.952799999999996 -2.656400000000001, -58.952799999999996 -2.6565000000000007, -58.95289999999999 -2.6565000000000007, -58.95289999999999 -2.6563000000000008, -58.95269999999999 -2.6563000000000008))"
2024,CORTE SELETIVO,C60L63,"POLYGON ((-58.93379999999999 -2.609800000000001, -58.93379999999999 -2.609700000000001, -58.933699999999995 -2.609700000000001, -58.933699999999995 -2.609800000000001, -58.93379999999999 -2.609800000000001))"
2024,CORTE SELETIVO,C60L63,"POLYGON ((-58.943099999999994 -2.6039000000000008, -58.943099999999994 -2.603800000000001, -58.94299999999999 -2.603800000000001, -58.94299999999999 -2.6039000000000008, -58.943099999999994 -2.6039000000000008))"
2024,CORTE SELETIVO,C60L63,"POLYGON ((-58.971999999999994 -2.600800000000001, -58.971999999999994 -2.6007000000000007, -58.97189999999999 -2.6007000000000007, -58.97189999999999 -2.600800000000001, -58.971999999999994 -2.600800000000001))"
2024,CORTE SELETIVO,C60L63,"POLYGON ((-58.95389999999999 -2.599000000000001, -58.95389999999999 -2.5988000000000007, -58.953799999999994 -2.5988000000000007, -58.953799999999994 -2.599000000000001, -58.95389999999999 -2.599000000000001))"
2024,CORTE SELETIVO,C60L63,"POLYGON ((-58.93959999999999 -2.598300000000001, -58.93959999999999 -2.5982000000000007, -58.939499999999995 -2.5982000000000007, -58.939499999999995 -2.598300000000001, -58.93959999999999 -2.598300000000001))"
2024,CORTE SELETIVO,C60L63,"POLYGON ((-58.93979999999999 -2.5982000000000007, -58.93979999999999 -2.598100000000001, -58.939699999999995 -2.598100000000001, -58.939699999999995 -2.5982000000000007, -58.93979999999999 -2.5982000000000007))"
2024,CORTE SELETIVO,C60L63,"POLYGON ((-58.939699999999995 -2.598100000000001, -58.939699999999995 -2.5980000000000008, -58.93959999999999 -2.5980000000000008, -58.93959999999999 -2.598100000000001, -58.939699999999995 -2.598100000000001))"
2024,CORTE SELETIVO,C60L63,"POLYGON ((-58.960499999999996 -2.596900000000001, -58.960499999999996 -2.596800000000001, -58.96029999999999 -2.596800000000001, -58.96029999999999 -2.596900000000001, -58.960499999999996 -2.596900000000001))"
2024,CORTE SELETIVO,C60L63,"POLYGON ((-58.97429999999999 -2.593300000000001, -58.97429999999999 -2.593200000000001, -58.97409999999999 -2.593200000000001, -58.97409999999999 -2.593300000000001, -58.97429999999999 -2.593300000000001))"
2024,CORTE SELETIVO,C60L63,"POLYGON ((-58.96739999999999 -2.592900000000001, -58.967499999999994 -2.592900000000001, -58.967499999999994 -2.592800000000001, -58.96739999999999 -2.592800000000001, -58.96739999999999 -2.592900000000001))"
2024,CORTE SELETIVO,C60L63,"POLYGON ((-58.96759999999999 -2.592800000000001, -58.96759999999999 -2.5927000000000007, -58.967499999999994 -2.5927000000000007, -58.967499999999994 -2.592800000000001, -58.96759999999999 -2.592800000000001))"
2024,CORTE SELETIVO,C60L63,"POLYGON ((-58.97409999999999 -2.592200000000001, -58.97409999999999 -2.5921000000000007, -58.97399999999999 -2.5921000000000007, -58.97399999999999 -2.592200000000001, -58.97409999999999 -2.592200000000001))"
2024,CORTE SELETIVO,C60L63,"POLYGON ((-58.943099999999994 -2.591600000000001, -58.943099999999994 -2.591500000000001, -58.94299999999999 -2.591500000000001, -58.94299999999999 -2.591600000000001, -58.943099999999994 -2.591600000000001))"
2024,CORTE SELETIVO,C60L63,"POLYGON ((-58.982699999999994 -2.591300000000001, -58.982699999999994 -2.591400000000001, -58.98259999999999 -2.591400000000001, -58.98259999999999 -2.591500000000001, -58.98279999999999 -2.591500000000001, -58.98279999999999 -2.591300000000001, -58.982699999999994 -2.591300000000001))"
2024,CORTE SELETIVO,C60L63,"POLYGON ((-58.98169999999999 -2.5902000000000007, -58.98169999999999 -2.590100000000001, -58.98159999999999 -2.590100000000001, -58.98159999999999 -2.5902000000000007, -58.98169999999999 -2.5902000000000007))"
2024,CORTE SELETIVO,C60L63,"POLYGON ((-58.95859999999999 -2.584200000000001, -58.95859999999999 -2.5841000000000007, -58.958499999999994 -2.5841000000000007, -58.958499999999994 -2.584200000000001, -58.95859999999999 -2.584200000000001))"
2024,CORTE SELETIVO,C60L63,"POLYGON ((-58.958499999999994 -2.5841000000000007, -58.958499999999994 -2.584000000000001, -58.95839999999999 -2.584000000000001, -58.95839999999999 -2.5841000000000007, -58.958499999999994 -2.5841000000000007))"
2024,CORTE SELETIVO,C60L63,"POLYGON ((-58.95859999999999 -2.583800000000001, -58.95859999999999 -2.5837000000000008, -58.958499999999994 -2.5837000000000008, -58.958499999999994 -2.583800000000001, -58.95839999999999 -2.583800000000001, -58.95839999999999 -2.5839000000000008, -58.95869999999999 -2.5839000000000008, -58.95869999999999 -2.583800000000001, -58.95859999999999 -2.583800000000001))"
2024,CORTE SELETIVO,C60L63,"POLYGON ((-58.95869999999999 -2.5837000000000008, -58.95869999999999 -2.583600000000001, -58.95859999999999 -2.583600000000001, -58.95859999999999 -2.5837000000000008, -58.95869999999999 -2.5837000000000008))"
2024,CORTE SELETIVO,C60L63,"POLYGON ((-58.959599999999995 -2.575000000000001, -58.959599999999995 -2.574900000000001, -58.95949999999999 -2.574900000000001, -58.95949999999999 -2.575200000000001, -58.959599999999995 -2.575200000000001, -58.959599999999995 -2.575100000000001, -58.95969999999999 -2.575100000000001, -58.95969999999999 -2.575000000000001, -58.959599999999995 -2.575000000000001))"
2024,CORTE SELETIVO,C60L63,"POLYGON ((-58.968799999999995 -2.5704000000000007, -58.968799999999995 -2.570300000000001, -58.96869999999999 -2.570300000000001, -58.96869999999999 -2.5704000000000007, -58.968799999999995 -2.5704000000000007))"
2024,CORTE SELETIVO,C60L63,"POLYGON ((-58.98689999999999 -2.552700000000001, -58.98689999999999 -2.552800000000001, -58.986799999999995 -2.552800000000001, -58.986799999999995 -2.552900000000001, -58.986999999999995 -2.552900000000001, -58.986999999999995 -2.552700000000001, -58.98689999999999 -2.552700000000001))"
2024,CORTE SELETIVO,C60L63,"POLYGON ((-58.995099999999994 -2.519200000000001, -58.995099999999994 -2.519400000000001, -58.99529999999999 -2.519400000000001, -58.99529999999999 -2.5193000000000008, -58.99519999999999 -2.5193000000000008, -58.99519999999999 -2.519200000000001, -58.995099999999994 -2.519200000000001))"
2024,CORTE SELETIVO,C60L63,"POLYGON ((-58.996599999999994 -2.516900000000001, -58.996599999999994 -2.516800000000001, -58.99649999999999 -2.516800000000001, -58.99649999999999 -2.516900000000001, -58.996599999999994 -2.516900000000001))"
2024,CORTE SELETIVO,C60L63,"POLYGON ((-58.934799999999996 -2.508800000000001, -58.93489999999999 -2.508800000000001, -58.93489999999999 -2.508700000000001, -58.934799999999996 -2.508700000000001, -58.934799999999996 -2.508800000000001))"
2024,CORTE SELETIVO,C60L63,"POLYGON ((-58.92119999999999 -2.716300000000001, -58.92119999999999 -2.716100000000001, -58.921299999999995 -2.716100000000001, -58.921299999999995 -2.716000000000001, -58.92119999999999 -2.716000000000001, -58.92119999999999 -2.715900000000001, -58.921099999999996 -2.715900000000001, -58.921099999999996 -2.715800000000001, -58.920899999999996 -2.715800000000001, -58.920899999999996 -2.716100000000001, -58.92099999999999 -2.716100000000001, -58.92099999999999 -2.716600000000001, -58.921099999999996 -2.716600000000001, -58.921099999999996 -2.716300000000001, -58.92119999999999 -2.716300000000001))"
2024,CORTE SELETIVO,C60L63,"POLYGON ((-58.92139999999999 -2.7074000000000007, -58.92139999999999 -2.707300000000001, -58.921099999999996 -2.707300000000001, -58.921099999999996 -2.707700000000001, -58.92119999999999 -2.707700000000001, -58.92119999999999 -2.707800000000001, -58.921499999999995 -2.707800000000001, -58.921499999999995 -2.7074000000000007, -58.92139999999999 -2.7074000000000007))"
2024,CORTE SELETIVO,C60L63,"POLYGON ((-58.86259999999999 -2.6525000000000007, -58.86259999999999 -2.652400000000001, -58.86229999999999 -2.652400000000001, -58.86229999999999 -2.6525000000000007, -58.86259999999999 -2.6525000000000007))"
2024,CORTE SELETIVO,C60L63,"POLYGON ((-58.893699999999995 -2.649200000000001, -58.893699999999995 -2.6491000000000007, -58.89359999999999 -2.6491000000000007, -58.89359999999999 -2.649200000000001, -58.893699999999995 -2.649200000000001))"
2024,CORTE SELETIVO,C60L63,"POLYGON ((-58.893699999999995 -2.649000000000001, -58.893699999999995 -2.6489000000000007, -58.89359999999999 -2.6489000000000007, -58.89359999999999 -2.649000000000001, -58.893699999999995 -2.649000000000001))"
2024,CORTE SELETIVO,C60L63,"POLYGON ((-58.901199999999996 -2.641800000000001, -58.901199999999996 -2.641700000000001, -58.90109999999999 -2.641700000000001, -58.90109999999999 -2.641800000000001, -58.901199999999996 -2.641800000000001))"
2024,CORTE SELETIVO,C60L63,"POLYGON ((-58.90129999999999 -2.641700000000001, -58.90129999999999 -2.641500000000001, -58.901199999999996 -2.641500000000001, -58.901199999999996 -2.641700000000001, -58.90129999999999 -2.641700000000001))"
2024,CORTE SELETIVO,C60L63,"POLYGON ((-58.901199999999996 -2.641500000000001, -58.901199999999996 -2.641300000000001, -58.900999999999996 -2.641300000000001, -58.900999999999996 -2.641500000000001, -58.901199999999996 -2.641500000000001))"
2024,CORTE SELETIVO,C60L63,"POLYGON ((-58.93299999999999 -2.637800000000001, -58.93299999999999 -2.637700000000001, -58.93289999999999 -2.637700000000001, -58.93289999999999 -2.637800000000001, -58.93299999999999 -2.637800000000001))"
2024,CORTE SELETIVO,C60L63,"POLYGON ((-58.933099999999996 -2.637700000000001, -58.933099999999996 -2.637600000000001, -58.93299999999999 -2.637600000000001, -58.93299999999999 -2.637700000000001, -58.933099999999996 -2.637700000000001))"
2024,CORTE SELETIVO,C60L63,"POLYGON ((-58.933699999999995 -2.609600000000001, -58.933699999999995 -2.609500000000001, -58.93359999999999 -2.609500000000001, -58.93359999999999 -2.609600000000001, -58.933699999999995 -2.609600000000001))"
2024,CORTE SELETIVO,C60L63,"POLYGON ((-58.902899999999995 -2.599400000000001, -58.902899999999995 -2.598900000000001, -58.90299999999999 -2.598900000000001, -58.90299999999999 -2.5988000000000007, -58.903099999999995 -2.5988000000000007, -58.903099999999995 -2.598700000000001, -58.902699999999996 -2.598700000000001, -58.902699999999996 -2.5988000000000007, -58.902499999999996 -2.5988000000000007, -58.902499999999996 -2.598900000000001, -58.90279999999999 -2.598900000000001, -58.90279999999999 -2.599400000000001, -58.902899999999995 -2.599400000000001))"
2024,CORTE SELETIVO,C60L63,"POLYGON ((-58.928999999999995 -2.599100000000001, -58.928999999999995 -2.599000000000001, -58.92889999999999 -2.599000000000001, -58.92889999999999 -2.599100000000001, -58.928999999999995 -2.599100000000001))"
2024,CORTE SELETIVO,C60L63,"POLYGON ((-58.92219999999999 -2.596700000000001, -58.92219999999999 -2.596600000000001, -58.92199999999999 -2.596600000000001, -58.92199999999999 -2.596700000000001, -58.92219999999999 -2.596700000000001))"
2024,CORTE SELETIVO,C60L63,"POLYGON ((-58.92499999999999 -2.595100000000001, -58.92499999999999 -2.595000000000001, -58.924899999999994 -2.595000000000001, -58.924899999999994 -2.595100000000001, -58.92499999999999 -2.595100000000001))"
2024,CORTE SELETIVO,C60L63,"POLYGON ((-58.92439999999999 -2.595100000000001, -58.92439999999999 -2.595200000000001, -58.924299999999995 -2.595200000000001, -58.924299999999995 -2.595300000000001, -58.924499999999995 -2.595300000000001, -58.924499999999995 -2.595200000000001, -58.92479999999999 -2.595200000000001, -58.92479999999999 -2.594800000000001, -58.924699999999994 -2.594800000000001, -58.924699999999994 -2.594900000000001, -58.92459999999999 -2.594900000000001, -58.92459999999999 -2.595000000000001, -58.924499999999995 -2.595000000000001, -58.924499999999995 -2.595100000000001, -58.92439999999999 -2.595100000000001))"
2024,CORTE SELETIVO,C60L63,"POLYGON ((-58.92459999999999 -2.592900000000001, -58.92459999999999 -2.592800000000001, -58.924499999999995 -2.592800000000001, -58.924499999999995 -2.592900000000001, -58.92459999999999 -2.592900000000001))"
2024,CORTE SELETIVO,C60L63,"POLYGON ((-58.86249999999999 -2.589600000000001, -58.86249999999999 -2.589700000000001, -58.862399999999994 -2.589700000000001, -58.862399999999994 -2.5898000000000008, -58.86259999999999 -2.5898000000000008, -58.86259999999999 -2.589600000000001, -58.86249999999999 -2.589600000000001))"
2024,CORTE SELETIVO,C60L63,"POLYGON ((-58.86899999999999 -2.5454000000000008, -58.86899999999999 -2.545300000000001, -58.86879999999999 -2.545300000000001, -58.86879999999999 -2.5454000000000008, -58.86899999999999 -2.5454000000000008))"
2024,CORTE SELETIVO,C60L63,"POLYGON ((-58.90539999999999 -2.545200000000001, -58.90539999999999 -2.544900000000001, -58.90529999999999 -2.544900000000001, -58.90529999999999 -2.545200000000001, -58.90539999999999 -2.545200000000001))"
2024,CORTE SELETIVO,C60L63,"POLYGON ((-58.881899999999995 -2.542900000000001, -58.881899999999995 -2.542800000000001, -58.88179999999999 -2.542800000000001, -58.88179999999999 -2.542900000000001, -58.881899999999995 -2.542900000000001))"
2024,CORTE SELETIVO,C60L63,"POLYGON ((-58.86789999999999 -2.539300000000001, -58.86789999999999 -2.539200000000001, -58.867799999999995 -2.539200000000001, -58.867799999999995 -2.539300000000001, -58.86789999999999 -2.539300000000001))"
2024,CORTE SELETIVO,C60L63,"POLYGON ((-58.88649999999999 -2.533000000000001, -58.88649999999999 -2.532900000000001, -58.886399999999995 -2.532900000000001, -58.886399999999995 -2.533000000000001, -58.88649999999999 -2.533000000000001))"
2024,CORTE SELETIVO,C60L63,"POLYGON ((-58.876799999999996 -2.5294000000000008, -58.876799999999996 -2.529300000000001, -58.87669999999999 -2.529300000000001, -58.87669999999999 -2.5294000000000008, -58.876799999999996 -2.5294000000000008))"
2024,CORTE SELETIVO,C60L63,"POLYGON ((-58.876799999999996 -2.529100000000001, -58.876799999999996 -2.529000000000001, -58.87669999999999 -2.529000000000001, -58.87669999999999 -2.529100000000001, -58.876799999999996 -2.529100000000001))"
2024,CORTE SELETIVO,C60L63,"POLYGON ((-58.876799999999996 -2.5252000000000008, -58.876799999999996 -2.525000000000001, -58.87669999999999 -2.525000000000001, -58.87669999999999 -2.5252000000000008, -58.876799999999996 -2.5252000000000008))"
2024,CORTE SELETIVO,C60L63,"POLYGON ((-58.87669999999999 -2.525000000000001, -58.87669999999999 -2.524900000000001, -58.876599999999996 -2.524900000000001, -58.876599999999996 -2.525000000000001, -58.87669999999999 -2.525000000000001))"
2024,CORTE SELETIVO,C60L63,"POLYGON ((-58.876599999999996 -2.524800000000001, -58.876599999999996 -2.524700000000001, -58.87649999999999 -2.524700000000001, -58.87649999999999 -2.524800000000001, -58.876599999999996 -2.524800000000001))"
2024,CORTE SELETIVO,C60L63,"POLYGON ((-58.874399999999994 -2.522700000000001, -58.874399999999994 -2.522600000000001, -58.87449999999999 -2.522600000000001, -58.87449999999999 -2.522400000000001, -58.87429999999999 -2.522400000000001, -58.87429999999999 -2.522300000000001, -58.87409999999999 -2.522300000000001, -58.87409999999999 -2.522500000000001, -58.873999999999995 -2.522500000000001, -58.873999999999995 -2.522600000000001, -58.874199999999995 -2.522600000000001, -58.874199999999995 -2.522700000000001, -58.874399999999994 -2.522700000000001))"
2024,CORTE SELETIVO,C60L63,"POLYGON ((-58.93139999999999 -2.501000000000001, -58.93139999999999 -2.500900000000001, -58.93119999999999 -2.500900000000001, -58.93119999999999 -2.501000000000001, -58.931099999999994 -2.501000000000001, -58.931099999999994 -2.5012000000000008, -58.93129999999999 -2.5012000000000008, -58.93129999999999 -2.501000000000001, -58.93139999999999 -2.501000000000001))"
2024,CORTE SELETIVO,C60L63,"POLYGON ((-58.93169999999999 -2.500300000000001, -58.93149999999999 -2.500300000000001, -58.93149999999999 -2.500500000000001, -58.931599999999996 -2.500500000000001, -58.931599999999996 -2.500400000000001, -58.93169999999999 -2.500400000000001, -58.93169999999999 -2.500300000000001))"
2024,CORTE SELETIVO,C60L63,"POLYGON ((-58.83979999999999 -2.680000000000001, -58.83979999999999 -2.679900000000001, -58.83969999999999 -2.679900000000001, -58.83969999999999 -2.680000000000001, -58.83979999999999 -2.680000000000001))"
2024,CORTE SELETIVO,C60L63,"POLYGON ((-58.86229999999999 -2.652400000000001, -58.86229999999999 -2.6523000000000008, -58.862199999999994 -2.6523000000000008, -58.862199999999994 -2.652400000000001, -58.86229999999999 -2.652400000000001))"
2024,CORTE SELETIVO,C60L63,"POLYGON ((-58.85869999999999 -2.593400000000001, -58.85869999999999 -2.593300000000001, -58.858599999999996 -2.593300000000001, -58.858599999999996 -2.593400000000001, -58.85869999999999 -2.593400000000001))"
2024,CORTE SELETIVO,C60L63,"POLYGON ((-58.861999999999995 -2.590300000000001, -58.861999999999995 -2.5902000000000007, -58.86189999999999 -2.5902000000000007, -58.86189999999999 -2.590300000000001, -58.861999999999995 -2.590300000000001))"
2024,CORTE SELETIVO,C60L63,"POLYGON ((-58.862199999999994 -2.590300000000001, -58.862199999999994 -2.5900000000000007, -58.86189999999999 -2.5900000000000007, -58.86189999999999 -2.590100000000001, -58.861999999999995 -2.590100000000001, -58.861999999999995 -2.5902000000000007, -58.86209999999999 -2.5902000000000007, -58.86209999999999 -2.590300000000001, -58.862199999999994 -2.590300000000001))"
2024,CORTE SELETIVO,C60L63,"POLYGON ((-58.86229999999999 -2.5898000000000008, -58.86229999999999 -2.589900000000001, -58.862199999999994 -2.589900000000001, -58.862199999999994 -2.5900000000000007, -58.862399999999994 -2.5900000000000007, -58.862399999999994 -2.5898000000000008, -58.86229999999999 -2.5898000000000008))"
2024,CORTE SELETIVO,C60L63,"POLYGON ((-58.81909999999999 -2.577700000000001, -58.81909999999999 -2.577600000000001, -58.818999999999996 -2.577600000000001, -58.818999999999996 -2.577700000000001, -58.81909999999999 -2.577700000000001))"
2024,CORTE SELETIVO,C60L63,"POLYGON ((-58.822399999999995 -2.5721000000000007, -58.822399999999995 -2.5719000000000007, -58.82229999999999 -2.5719000000000007, -58.82229999999999 -2.5721000000000007, -58.822399999999995 -2.5721000000000007))"
2024,CORTE SELETIVO,C60L63,"POLYGON ((-58.81949999999999 -2.5683000000000007, -58.81949999999999 -2.568200000000001, -58.819399999999995 -2.568200000000001, -58.819399999999995 -2.5683000000000007, -58.81949999999999 -2.5683000000000007))"
2024,CORTE SELETIVO,C60L63,"POLYGON ((-58.840599999999995 -2.5664000000000007, -58.840599999999995 -2.566300000000001, -58.84049999999999 -2.566300000000001, -58.84049999999999 -2.566600000000001, -58.84069999999999 -2.566600000000001, -58.84069999999999 -2.566700000000001, -58.840799999999994 -2.566700000000001, -58.840799999999994 -2.5664000000000007, -58.840599999999995 -2.5664000000000007))"
2024,CORTE SELETIVO,C60L63,"POLYGON ((-58.846799999999995 -2.566500000000001, -58.846799999999995 -2.5664000000000007, -58.84669999999999 -2.5664000000000007, -58.84669999999999 -2.566500000000001, -58.846799999999995 -2.566500000000001))"
2024,CORTE SELETIVO,C60L63,"POLYGON ((-58.817699999999995 -2.5658000000000007, -58.817699999999995 -2.565700000000001, -58.81759999999999 -2.565700000000001, -58.81759999999999 -2.5658000000000007, -58.817699999999995 -2.5658000000000007))"
2024,CORTE SELETIVO,C60L63,"POLYGON ((-58.81249999999999 -2.5620000000000007, -58.81249999999999 -2.5618000000000007, -58.81239999999999 -2.5618000000000007, -58.81239999999999 -2.5620000000000007, -58.81249999999999 -2.5620000000000007))"
2024,CORTE SELETIVO,C60L63,"POLYGON ((-58.82639999999999 -2.560600000000001, -58.82639999999999 -2.560500000000001, -58.826299999999996 -2.560500000000001, -58.826299999999996 -2.560600000000001, -58.82639999999999 -2.560600000000001))"
2024,CORTE SELETIVO,C60L63,"POLYGON ((-58.83559999999999 -2.5441000000000007, -58.83559999999999 -2.544000000000001, -58.835499999999996 -2.544000000000001, -58.835499999999996 -2.5441000000000007, -58.83559999999999 -2.5441000000000007))"
2024,CORTE SELETIVO,C60L63,"POLYGON ((-58.827999999999996 -2.5382000000000007, -58.827999999999996 -2.538400000000001, -58.828199999999995 -2.538400000000001, -58.828199999999995 -2.538300000000001, -58.82809999999999 -2.538300000000001, -58.82809999999999 -2.5382000000000007, -58.827999999999996 -2.5382000000000007))"
2024,CORTE SELETIVO,C60L63,"POLYGON ((-58.827999999999996 -2.5382000000000007, -58.827999999999996 -2.5378000000000007, -58.82789999999999 -2.5378000000000007, -58.82789999999999 -2.5380000000000007, -58.827799999999996 -2.5380000000000007, -58.827799999999996 -2.538100000000001, -58.82789999999999 -2.538100000000001, -58.82789999999999 -2.5382000000000007, -58.827999999999996 -2.5382000000000007))"
2024,CORTE SELETIVO,C60L63,"POLYGON ((-58.824099999999994 -2.537700000000001, -58.824099999999994 -2.5376000000000007, -58.82399999999999 -2.5376000000000007, -58.82399999999999 -2.5374000000000008, -58.823899999999995 -2.5374000000000008, -58.823899999999995 -2.537500000000001, -58.82379999999999 -2.537500000000001, -58.82379999999999 -2.5378000000000007, -58.823899999999995 -2.5378000000000007, -58.823899999999995 -2.537700000000001, -58.824099999999994 -2.537700000000001))"
2024,CORTE SELETIVO,C60L63,"POLYGON ((-58.84069999999999 -2.5336000000000007, -58.84069999999999 -2.533500000000001, -58.840599999999995 -2.533500000000001, -58.840599999999995 -2.5336000000000007, -58.84069999999999 -2.5336000000000007))"
2024,CORTE SELETIVO,C60L63,"POLYGON ((-58.81949999999999 -2.532900000000001, -58.81949999999999 -2.532800000000001, -58.819399999999995 -2.532800000000001, -58.819399999999995 -2.532900000000001, -58.81949999999999 -2.532900000000001))"
2024,CORTE SELETIVO,C60L63,"POLYGON ((-58.84009999999999 -2.529200000000001, -58.84009999999999 -2.529100000000001, -58.839999999999996 -2.529100000000001, -58.839999999999996 -2.529200000000001, -58.84009999999999 -2.529200000000001))"
2024,CORTE SELETIVO,C60L63,"POLYGON ((-58.83959999999999 -2.528800000000001, -58.83959999999999 -2.528600000000001, -58.839499999999994 -2.528600000000001, -58.839499999999994 -2.528800000000001, -58.83959999999999 -2.528800000000001))"
2024,CORTE SELETIVO,C60L63,"POLYGON ((-58.80769999999999 -2.5258000000000007, -58.80769999999999 -2.525700000000001, -58.807599999999994 -2.525700000000001, -58.807599999999994 -2.5258000000000007, -58.80769999999999 -2.5258000000000007))"
2024,CORTE SELETIVO,C60L63,"POLYGON ((-58.80779999999999 -2.525700000000001, -58.80779999999999 -2.5256000000000007, -58.80769999999999 -2.5256000000000007, -58.80769999999999 -2.525700000000001, -58.80779999999999 -2.525700000000001))"
2024,CORTE SELETIVO,C60L63,"POLYGON ((-58.82269999999999 -2.518900000000001, -58.82269999999999 -2.518800000000001, -58.822599999999994 -2.518800000000001, -58.822599999999994 -2.518900000000001, -58.82269999999999 -2.518900000000001))"
2024,CORTE SELETIVO,C60L63,"POLYGON ((-58.815799999999996 -2.5155000000000007, -58.815799999999996 -2.515400000000001, -58.81549999999999 -2.515400000000001, -58.81549999999999 -2.5155000000000007, -58.815599999999996 -2.5155000000000007, -58.815599999999996 -2.515600000000001, -58.81569999999999 -2.515600000000001, -58.81569999999999 -2.5155000000000007, -58.815799999999996 -2.5155000000000007))"
2024,CORTE SELETIVO,C60L63,"POLYGON ((-58.81549999999999 -2.5153000000000008, -58.81549999999999 -2.515100000000001, -58.81539999999999 -2.515100000000001, -58.81539999999999 -2.5153000000000008, -58.81549999999999 -2.5153000000000008))"
2024,CORTE SELETIVO,C60L63,"POLYGON ((-58.81249999999999 -2.5094000000000007, -58.81249999999999 -2.509300000000001, -58.81239999999999 -2.509300000000001, -58.81239999999999 -2.5094000000000007, -58.81249999999999 -2.5094000000000007))"
2024,CORTE SELETIVO,C60L63,"POLYGON ((-58.859199999999994 -2.5052000000000008, -58.859199999999994 -2.505100000000001, -58.85909999999999 -2.505100000000001, -58.85909999999999 -2.5052000000000008, -58.859199999999994 -2.5052000000000008))"
2024,CORTE SELETIVO,C60L63,"POLYGON ((-58.80969999999999 -2.502500000000001, -58.80969999999999 -2.502400000000001, -58.809599999999996 -2.502400000000001, -58.809599999999996 -2.502500000000001, -58.80969999999999 -2.502500000000001))"
2024,CORTE SELETIVO,C60L63,"POLYGON ((-58.83509999999999 -2.500100000000001, -58.83489999999999 -2.500100000000001, -58.83489999999999 -2.500300000000001, -58.834999999999994 -2.500300000000001, -58.834999999999994 -2.500200000000001, -58.83509999999999 -2.500200000000001, -58.83509999999999 -2.500100000000001))"
2024,CORTE SELETIVO,C60L63,"POLYGON ((-58.78659999999999 -2.736500000000001, -58.78659999999999 -2.736400000000001, -58.78639999999999 -2.736400000000001, -58.78639999999999 -2.736500000000001, -58.78659999999999 -2.736500000000001))"
2024,CORTE SELETIVO,C60L63,"POLYGON ((-58.78609999999999 -2.736200000000001, -58.78609999999999 -2.736300000000001, -58.785999999999994 -2.736300000000001, -58.785999999999994 -2.736400000000001, -58.78639999999999 -2.736400000000001, -58.78639999999999 -2.736200000000001, -58.78609999999999 -2.736200000000001))"
2024,CORTE SELETIVO,C60L63,"POLYGON ((-58.77129999999999 -2.732000000000001, -58.77129999999999 -2.732200000000001, -58.77139999999999 -2.732200000000001, -58.77139999999999 -2.732100000000001, -58.771499999999996 -2.732100000000001, -58.771499999999996 -2.732000000000001, -58.77129999999999 -2.732000000000001))"
2024,CORTE SELETIVO,C60L63,"POLYGON ((-58.771499999999996 -2.7318000000000007, -58.771499999999996 -2.731700000000001, -58.77139999999999 -2.731700000000001, -58.77139999999999 -2.7316000000000007, -58.77119999999999 -2.7316000000000007, -58.77119999999999 -2.732000000000001, -58.77129999999999 -2.732000000000001, -58.77129999999999 -2.731900000000001, -58.77139999999999 -2.731900000000001, -58.77139999999999 -2.7318000000000007, -58.771499999999996 -2.7318000000000007))"
2024,CORTE SELETIVO,C60L63,"POLYGON ((-58.77009999999999 -2.7257000000000007, -58.77009999999999 -2.725600000000001, -58.769999999999996 -2.725600000000001, -58.769999999999996 -2.7257000000000007, -58.77009999999999 -2.7257000000000007))"
2024,CORTE SELETIVO,C60L63,"POLYGON ((-58.77029999999999 -2.725600000000001, -58.77029999999999 -2.7255000000000007, -58.770199999999996 -2.7255000000000007, -58.770199999999996 -2.725600000000001, -58.77029999999999 -2.725600000000001))"
2024,CORTE SELETIVO,C60L63,"POLYGON ((-58.770199999999996 -2.7253000000000007, -58.770199999999996 -2.7249000000000008, -58.77009999999999 -2.7249000000000008, -58.77009999999999 -2.7253000000000007, -58.770199999999996 -2.7253000000000007))"
2024,CORTE SELETIVO,C60L63,"POLYGON ((-58.770799999999994 -2.725000000000001, -58.770799999999994 -2.7249000000000008, -58.770599999999995 -2.7249000000000008, -58.770599999999995 -2.724800000000001, -58.77049999999999 -2.724800000000001, -58.77049999999999 -2.7249000000000008, -58.770399999999995 -2.7249000000000008, -58.770399999999995 -2.7251000000000007, -58.77069999999999 -2.7251000000000007, -58.77069999999999 -2.725000000000001, -58.770799999999994 -2.725000000000001))"
2024,CORTE SELETIVO,C60L63,"POLYGON ((-58.77029999999999 -2.724700000000001, -58.77029999999999 -2.7249000000000008, -58.770399999999995 -2.7249000000000008, -58.770399999999995 -2.724800000000001, -58.77049999999999 -2.724800000000001, -58.77049999999999 -2.724700000000001, -58.77029999999999 -2.724700000000001))"
2024,CORTE SELETIVO,C60L63,"POLYGON ((-58.77119999999999 -2.723300000000001, -58.77119999999999 -2.723500000000001, -58.77139999999999 -2.723500000000001, -58.77139999999999 -2.7234000000000007, -58.77129999999999 -2.7234000000000007, -58.77129999999999 -2.723300000000001, -58.77119999999999 -2.723300000000001))"
2024,CORTE SELETIVO,C60L63,"POLYGON ((-58.76689999999999 -2.722900000000001, -58.76689999999999 -2.7228000000000008, -58.766799999999996 -2.7228000000000008, -58.766799999999996 -2.722900000000001, -58.76689999999999 -2.722900000000001))"
2024,CORTE SELETIVO,C60L63,"POLYGON ((-58.76689999999999 -2.722700000000001, -58.76689999999999 -2.722600000000001, -58.766799999999996 -2.722600000000001, -58.766799999999996 -2.722700000000001, -58.76689999999999 -2.722700000000001))"
2024,CORTE SELETIVO,C60L63,"POLYGON ((-58.76859999999999 -2.722000000000001, -58.76859999999999 -2.721900000000001, -58.768499999999996 -2.721900000000001, -58.768499999999996 -2.722000000000001, -58.76859999999999 -2.722000000000001))"
2024,CORTE SELETIVO,C60L63,"POLYGON ((-58.76819999999999 -2.721600000000001, -58.76819999999999 -2.7215000000000007, -58.76809999999999 -2.7215000000000007, -58.76809999999999 -2.721600000000001, -58.76819999999999 -2.721600000000001))"
2024,CORTE SELETIVO,C60L63,"POLYGON ((-58.765699999999995 -2.7173000000000007, -58.765699999999995 -2.717200000000001, -58.76559999999999 -2.717200000000001, -58.76559999999999 -2.7173000000000007, -58.765699999999995 -2.7173000000000007))"
2024,CORTE SELETIVO,C60L63,"POLYGON ((-58.75549999999999 -2.7055000000000007, -58.75549999999999 -2.705400000000001, -58.755399999999995 -2.705400000000001, -58.755399999999995 -2.7055000000000007, -58.75549999999999 -2.7055000000000007))"
2024,CORTE SELETIVO,C60L63,"POLYGON ((-58.765299999999996 -2.667100000000001, -58.765299999999996 -2.666900000000001, -58.76519999999999 -2.666900000000001, -58.76519999999999 -2.667100000000001, -58.765299999999996 -2.667100000000001))"
2024,CORTE SELETIVO,C60L63,"POLYGON ((-58.765299999999996 -2.666700000000001, -58.765299999999996 -2.6666000000000007, -58.76519999999999 -2.6666000000000007, -58.76519999999999 -2.666700000000001, -58.765299999999996 -2.666700000000001))"
2024,CORTE SELETIVO,C60L63,"POLYGON ((-58.78329999999999 -2.643800000000001, -58.78329999999999 -2.643700000000001, -58.783199999999994 -2.643700000000001, -58.783199999999994 -2.643800000000001, -58.78329999999999 -2.643800000000001))"
2024,CORTE SELETIVO,C60L63,"POLYGON ((-58.781499999999994 -2.5946000000000007, -58.781499999999994 -2.594300000000001, -58.78139999999999 -2.594300000000001, -58.78139999999999 -2.5946000000000007, -58.781499999999994 -2.5946000000000007))"
2024,CORTE SELETIVO,C60L63,"POLYGON ((-58.78199999999999 -2.5944000000000007, -58.78199999999999 -2.5942000000000007, -58.78189999999999 -2.5942000000000007, -58.78189999999999 -2.5944000000000007, -58.78199999999999 -2.5944000000000007))"
2024,CORTE SELETIVO,C60L63,"POLYGON ((-58.78159999999999 -2.594300000000001, -58.78159999999999 -2.5942000000000007, -58.781499999999994 -2.5942000000000007, -58.781499999999994 -2.594300000000001, -58.78159999999999 -2.594300000000001))"
2024,CORTE SELETIVO,C60L63,"POLYGON ((-58.78779999999999 -2.587600000000001, -58.78779999999999 -2.587500000000001, -58.787699999999994 -2.587500000000001, -58.787699999999994 -2.587600000000001, -58.78779999999999 -2.587600000000001))"
2024,CORTE SELETIVO,C60L63,"POLYGON ((-58.78759999999999 -2.579500000000001, -58.78759999999999 -2.579400000000001, -58.787499999999994 -2.579400000000001, -58.787499999999994 -2.579500000000001, -58.78759999999999 -2.579500000000001))"
2024,CORTE SELETIVO,C60L63,"POLYGON ((-58.80769999999999 -2.550700000000001, -58.80769999999999 -2.550600000000001, -58.807599999999994 -2.550600000000001, -58.807599999999994 -2.550700000000001, -58.80769999999999 -2.550700000000001))"
2024,CORTE SELETIVO,C60L63,"POLYGON ((-58.806099999999994 -2.533000000000001, -58.806099999999994 -2.532900000000001, -58.80599999999999 -2.532900000000001, -58.80599999999999 -2.533000000000001, -58.806099999999994 -2.533000000000001))"
2024,CORTE SELETIVO,C60L63,"POLYGON ((-58.80599999999999 -2.532900000000001, -58.80599999999999 -2.532800000000001, -58.805899999999994 -2.532800000000001, -58.805899999999994 -2.532900000000001, -58.80599999999999 -2.532900000000001))"
2024,CORTE SELETIVO,C60L63,"POLYGON ((-58.806099999999994 -2.523200000000001, -58.806099999999994 -2.523100000000001, -58.80599999999999 -2.523100000000001, -58.80599999999999 -2.523200000000001, -58.806099999999994 -2.523200000000001))"
2024,CORTE SELETIVO,C60L63,"POLYGON ((-58.79869999999999 -2.515000000000001, -58.79869999999999 -2.514900000000001, -58.79859999999999 -2.514900000000001, -58.79859999999999 -2.515000000000001, -58.79869999999999 -2.515000000000001))"
2024,CORTE SELETIVO,C60L63,"POLYGON ((-58.77779999999999 -2.507600000000001, -58.77779999999999 -2.5077000000000007, -58.77799999999999 -2.5077000000000007, -58.77799999999999 -2.507800000000001, -58.778099999999995 -2.507800000000001, -58.778099999999995 -2.507600000000001, -58.77779999999999 -2.507600000000001))"
2024,CORTE SELETIVO,C60L63,"POLYGON ((-58.766999999999996 -2.7234000000000007, -58.767199999999995 -2.7234000000000007, -58.767199999999995 -2.723300000000001, -58.766999999999996 -2.723300000000001, -58.766999999999996 -2.7234000000000007))"
2024,CORTE SELETIVO,C60L63,"POLYGON ((-58.766799999999996 -2.7232000000000007, -58.766799999999996 -2.722900000000001, -58.76669999999999 -2.722900000000001, -58.76669999999999 -2.7232000000000007, -58.766799999999996 -2.7232000000000007))"
2024,CORTE SELETIVO,C60L63,"POLYGON ((-58.76839999999999 -2.722600000000001, -58.76839999999999 -2.722500000000001, -58.768299999999996 -2.722500000000001, -58.768299999999996 -2.722600000000001, -58.76839999999999 -2.722600000000001))"
2024,CORTE SELETIVO,C60L63,"POLYGON ((-58.766799999999996 -2.7177000000000007, -58.76689999999999 -2.7177000000000007, -58.76689999999999 -2.717600000000001, -58.766799999999996 -2.717600000000001, -58.766799999999996 -2.7177000000000007))"
2024,CORTE SELETIVO,C60L63,"POLYGON ((-58.921099999999996 -2.707900000000001, -58.921099999999996 -2.708000000000001, -58.92119999999999 -2.708000000000001, -58.92119999999999 -2.707900000000001, -58.921299999999995 -2.707900000000001, -58.921299999999995 -2.707800000000001, -58.92119999999999 -2.707800000000001, -58.92119999999999 -2.707700000000001, -58.921099999999996 -2.707700000000001, -58.921099999999996 -2.707600000000001, -58.92099999999999 -2.707600000000001, -58.92099999999999 -2.707900000000001, -58.921099999999996 -2.707900000000001))"
2024,CORTE SELETIVO,C60L63,"POLYGON ((-58.93509999999999 -2.6350000000000007, -58.93509999999999 -2.634900000000001, -58.934999999999995 -2.634900000000001, -58.934999999999995 -2.6350000000000007, -58.93509999999999 -2.6350000000000007))"
2024,CORTE SELETIVO,C60L63,"POLYGON ((-58.76689999999999 -2.7177000000000007, -58.766799999999996 -2.7177000000000007, -58.766799999999996 -2.717800000000001, -58.76689999999999 -2.717800000000001, -58.76689999999999 -2.7177000000000007))"
2024,CORTE SELETIVO,C60L63,"POLYGON ((-58.921299999999995 -2.707800000000001, -58.921299999999995 -2.707900000000001, -58.92139999999999 -2.707900000000001, -58.92139999999999 -2.707800000000001, -58.921299999999995 -2.707800000000001))"
2024,CORTE SELETIVO,C60L63,"POLYGON ((-58.92099999999999 -2.707600000000001, -58.921099999999996 -2.707600000000001, -58.921099999999996 -2.707500000000001, -58.92099999999999 -2.707500000000001, -58.92099999999999 -2.707600000000001))"
2024,CORTE SELETIVO,C60L63,"POLYGON ((-58.82379999999999 -2.566700000000001, -58.823899999999995 -2.566700000000001, -58.823899999999995 -2.566600000000001, -58.82379999999999 -2.566600000000001, -58.82379999999999 -2.566700000000001))"
2024,CORTE SELETIVO,C60L63,"POLYGON ((-58.921299999999995 -2.707900000000001, -58.92119999999999 -2.707900000000001, -58.92119999999999 -2.708000000000001, -58.921299999999995 -2.708000000000001, -58.921299999999995 -2.707900000000001))"
2024,CORTE SELETIVO,C60L63,"POLYGON ((-58.930899999999994 -2.732200000000001, -58.930899999999994 -2.732300000000001, -58.93099999999999 -2.732300000000001, -58.93099999999999 -2.732200000000001, -58.930899999999994 -2.732200000000001))"
2024,CORTE SELETIVO,C60L63,"POLYGON ((-58.76519999999999 -2.6664000000000008, -58.765299999999996 -2.6664000000000008, -58.765299999999996 -2.666300000000001, -58.76519999999999 -2.666300000000001, -58.76519999999999 -2.6664000000000008))"
2024,CORTE SELETIVO,C60L63,"POLYGON ((-58.836999999999996 -2.532600000000001, -58.83709999999999 -2.532600000000001, -58.83709999999999 -2.532500000000001, -58.836999999999996 -2.532500000000001, -58.836999999999996 -2.532600000000001))"
2024,CORTE SELETIVO,C60L63,"POLYGON ((-58.86249999999999 -2.6523000000000008, -58.86249999999999 -2.652400000000001, -58.86259999999999 -2.652400000000001, -58.86259999999999 -2.6523000000000008, -58.86249999999999 -2.6523000000000008))"
2024,CORTE SELETIVO,C60L63,"POLYGON ((-58.934799999999996 -2.635400000000001, -58.934799999999996 -2.635500000000001, -58.93489999999999 -2.635500000000001, -58.93489999999999 -2.635400000000001, -58.934799999999996 -2.635400000000001))"
2024,CORTE SELETIVO,C60L63,"POLYGON ((-58.96189999999999 -2.579400000000001, -58.96189999999999 -2.579500000000001, -58.96209999999999 -2.579500000000001, -58.96209999999999 -2.579400000000001, -58.96189999999999 -2.579400000000001))"
2024,CORTE SELETIVO,C60L63,"POLYGON ((-58.934599999999996 -2.508700000000001, -58.934599999999996 -2.508800000000001, -58.93469999999999 -2.508800000000001, -58.93469999999999 -2.508700000000001, -58.934599999999996 -2.508700000000001))"
2024,CORTE SELETIVO,C60L63,"POLYGON ((-58.93489999999999 -2.635300000000001, -58.93489999999999 -2.635400000000001, -58.934999999999995 -2.635400000000001, -58.934999999999995 -2.635300000000001, -58.93489999999999 -2.635300000000001))"
2024,CORTE SELETIVO,C60L63,"POLYGON ((-58.996399999999994 -2.517000000000001, -58.996399999999994 -2.517100000000001, -58.99649999999999 -2.517100000000001, -58.99649999999999 -2.517000000000001, -58.996399999999994 -2.517000000000001))"
2024,CORTE SELETIVO,C60L63,"POLYGON ((-58.930899999999994 -2.732800000000001, -58.930899999999994 -2.7329000000000008, -58.93099999999999 -2.7329000000000008, -58.93099999999999 -2.732800000000001, -58.930899999999994 -2.732800000000001))"
2024,CORTE SELETIVO,C60L63,"POLYGON ((-58.934999999999995 -2.635400000000001, -58.93509999999999 -2.635400000000001, -58.93509999999999 -2.635300000000001, -58.934999999999995 -2.635300000000001, -58.934999999999995 -2.635400000000001))"
2024,CORTE SELETIVO,C60L63,"POLYGON ((-58.934999999999995 -2.635100000000001, -58.935199999999995 -2.635100000000001, -58.935199999999995 -2.6350000000000007, -58.934999999999995 -2.6350000000000007, -58.934999999999995 -2.635100000000001))"
2024,CORTE SELETIVO,C60L63,"POLYGON ((-58.967499999999994 -2.6847000000000008, -58.967499999999994 -2.684800000000001, -58.96759999999999 -2.684800000000001, -58.96759999999999 -2.6847000000000008, -58.967499999999994 -2.6847000000000008))"
2024,CORTE SELETIVO,C60L63,"POLYGON ((-58.93659999999999 -2.661800000000001, -58.936699999999995 -2.661800000000001, -58.936699999999995 -2.661600000000001, -58.93659999999999 -2.661600000000001, -58.93659999999999 -2.661800000000001))"
2024,CORTE SELETIVO,C60L63,"POLYGON ((-58.95119999999999 -2.605700000000001, -58.951299999999996 -2.605700000000001, -58.951299999999996 -2.605600000000001, -58.95119999999999 -2.605600000000001, -58.95119999999999 -2.605700000000001))"
2024,CORTE SELETIVO,C60L63,"POLYGON ((-58.96379999999999 -2.603100000000001, -58.963899999999995 -2.603100000000001, -58.963899999999995 -2.603000000000001, -58.96379999999999 -2.603000000000001, -58.96379999999999 -2.603100000000001))"
2024,CORTE SELETIVO,C60L63,"POLYGON ((-58.96359999999999 -2.601500000000001, -58.963699999999996 -2.601500000000001, -58.963699999999996 -2.601400000000001, -58.96359999999999 -2.601400000000001, -58.96359999999999 -2.601500000000001))"
2024,CORTE SELETIVO,C60L63,"POLYGON ((-58.970099999999995 -2.597400000000001, -58.97019999999999 -2.597400000000001, -58.97019999999999 -2.597300000000001, -58.970099999999995 -2.597300000000001, -58.970099999999995 -2.597400000000001))"
2024,CORTE SELETIVO,C60L63,"POLYGON ((-58.97019999999999 -2.597300000000001, -58.970299999999995 -2.597300000000001, -58.970299999999995 -2.597200000000001, -58.97019999999999 -2.597200000000001, -58.97019999999999 -2.597300000000001))"
2024,CORTE SELETIVO,C60L63,"POLYGON ((-58.96019999999999 -2.597100000000001, -58.96029999999999 -2.597100000000001, -58.96029999999999 -2.597000000000001, -58.96019999999999 -2.597000000000001, -58.96019999999999 -2.597100000000001))"
2024,CORTE SELETIVO,C60L63,"POLYGON ((-58.94359999999999 -2.591600000000001, -58.94369999999999 -2.591600000000001, -58.94369999999999 -2.591500000000001, -58.94359999999999 -2.591500000000001, -58.94359999999999 -2.591600000000001))"
2024,CORTE SELETIVO,C60L63,"POLYGON ((-58.982499999999995 -2.591500000000001, -58.98259999999999 -2.591500000000001, -58.98259999999999 -2.591400000000001, -58.982499999999995 -2.591400000000001, -58.982499999999995 -2.591500000000001))"
2024,CORTE SELETIVO,C60L63,"POLYGON ((-58.94359999999999 -2.591300000000001, -58.94369999999999 -2.591300000000001, -58.94369999999999 -2.591200000000001, -58.94359999999999 -2.591200000000001, -58.94359999999999 -2.591300000000001))"
2024,CORTE SELETIVO,C60L63,"POLYGON ((-58.948299999999996 -2.5885000000000007, -58.94839999999999 -2.5885000000000007, -58.94839999999999 -2.588400000000001, -58.948299999999996 -2.588400000000001, -58.948299999999996 -2.5885000000000007))"
2024,CORTE SELETIVO,C60L63,"POLYGON ((-58.95799999999999 -2.5862000000000007, -58.958099999999995 -2.5862000000000007, -58.958099999999995 -2.5860000000000007, -58.95799999999999 -2.5860000000000007, -58.95799999999999 -2.5862000000000007))"
2024,CORTE SELETIVO,C60L63,"POLYGON ((-58.95879999999999 -2.5837000000000008, -58.95889999999999 -2.5837000000000008, -58.95889999999999 -2.583600000000001, -58.95879999999999 -2.583600000000001, -58.95879999999999 -2.5837000000000008))"
2024,CORTE SELETIVO,C60L63,"POLYGON ((-58.94559999999999 -2.583200000000001, -58.945699999999995 -2.583200000000001, -58.945699999999995 -2.583100000000001, -58.94559999999999 -2.583100000000001, -58.94559999999999 -2.583200000000001))"
2024,CORTE SELETIVO,C60L63,"POLYGON ((-58.945699999999995 -2.583100000000001, -58.94579999999999 -2.583100000000001, -58.94579999999999 -2.583000000000001, -58.945699999999995 -2.583000000000001, -58.945699999999995 -2.583100000000001))"
2024,CORTE SELETIVO,C60L63,"POLYGON ((-58.97189999999999 -2.5820000000000007, -58.971999999999994 -2.5820000000000007, -58.971999999999994 -2.581900000000001, -58.97189999999999 -2.581900000000001, -58.97189999999999 -2.5820000000000007))"
2024,CORTE SELETIVO,C60L63,"POLYGON ((-58.971799999999995 -2.581900000000001, -58.97189999999999 -2.581900000000001, -58.97189999999999 -2.5818000000000008, -58.971799999999995 -2.5818000000000008, -58.971799999999995 -2.581900000000001))"
2024,CORTE SELETIVO,C60L63,"POLYGON ((-58.95929999999999 -2.575400000000001, -58.959399999999995 -2.575400000000001, -58.959399999999995 -2.575200000000001, -58.95929999999999 -2.575200000000001, -58.95929999999999 -2.575400000000001))"
2024,CORTE SELETIVO,C60L63,"POLYGON ((-58.95949999999999 -2.575400000000001, -58.959599999999995 -2.575400000000001, -58.959599999999995 -2.575200000000001, -58.95949999999999 -2.575200000000001, -58.95949999999999 -2.575400000000001))"
2024,CORTE SELETIVO,C60L63,"POLYGON ((-58.959399999999995 -2.575100000000001, -58.95949999999999 -2.575100000000001, -58.95949999999999 -2.574800000000001, -58.959399999999995 -2.574800000000001, -58.959399999999995 -2.574900000000001, -58.95929999999999 -2.574900000000001, -58.95929999999999 -2.575000000000001, -58.959399999999995 -2.575000000000001, -58.959399999999995 -2.575100000000001))"
2024,CORTE SELETIVO,C60L63,"POLYGON ((-58.93129999999999 -2.7497000000000007, -58.93139999999999 -2.7497000000000007, -58.93139999999999 -2.749600000000001, -58.93129999999999 -2.749600000000001, -58.93129999999999 -2.7497000000000007))"
2024,CORTE SELETIVO,C60L63,"POLYGON ((-58.93129999999999 -2.732800000000001, -58.93119999999999 -2.732800000000001, -58.93119999999999 -2.732700000000001, -58.931099999999994 -2.732700000000001, -58.931099999999994 -2.733000000000001, -58.93119999999999 -2.733000000000001, -58.93119999999999 -2.7329000000000008, -58.93129999999999 -2.7329000000000008, -58.93129999999999 -2.732800000000001))"
2024,CORTE SELETIVO,C60L63,"POLYGON ((-58.921099999999996 -2.708100000000001, -58.921299999999995 -2.708100000000001, -58.921299999999995 -2.708000000000001, -58.921099999999996 -2.708000000000001, -58.921099999999996 -2.708100000000001))"
2024,CORTE SELETIVO,C60L63,"POLYGON ((-58.921299999999995 -2.708000000000001, -58.92139999999999 -2.708000000000001, -58.92139999999999 -2.707900000000001, -58.921299999999995 -2.707900000000001, -58.921299999999995 -2.708000000000001))"
2024,CORTE SELETIVO,C60L63,"POLYGON ((-58.90259999999999 -2.657600000000001, -58.902699999999996 -2.657600000000001, -58.902699999999996 -2.657500000000001, -58.90259999999999 -2.657500000000001, -58.90259999999999 -2.657600000000001))"
2024,CORTE SELETIVO,C60L63,"POLYGON ((-58.934799999999996 -2.635400000000001, -58.93489999999999 -2.635400000000001, -58.93489999999999 -2.635300000000001, -58.934799999999996 -2.635300000000001, -58.934799999999996 -2.635400000000001))"
2024,CORTE SELETIVO,C60L63,"POLYGON ((-58.935199999999995 -2.6129000000000007, -58.93529999999999 -2.6129000000000007, -58.93529999999999 -2.612800000000001, -58.935199999999995 -2.612800000000001, -58.935199999999995 -2.6129000000000007))"
2024,CORTE SELETIVO,C60L63,"POLYGON ((-58.892799999999994 -2.608800000000001, -58.89289999999999 -2.608800000000001, -58.89289999999999 -2.6087000000000007, -58.892799999999994 -2.6087000000000007, -58.892799999999994 -2.608800000000001))"
2024,CORTE SELETIVO,C60L63,"POLYGON ((-58.928799999999995 -2.599200000000001, -58.92889999999999 -2.599200000000001, -58.92889999999999 -2.599000000000001, -58.928799999999995 -2.599000000000001, -58.928799999999995 -2.599200000000001))"
2024,CORTE SELETIVO,C60L63,"POLYGON ((-58.90259999999999 -2.5988000000000007, -58.902699999999996 -2.5988000000000007, -58.902699999999996 -2.598700000000001, -58.90259999999999 -2.598700000000001, -58.90259999999999 -2.5988000000000007))"
2024,CORTE SELETIVO,C60L63,"POLYGON ((-58.861999999999995 -2.5904000000000007, -58.86209999999999 -2.5904000000000007, -58.86209999999999 -2.590300000000001, -58.861999999999995 -2.590300000000001, -58.861999999999995 -2.5904000000000007))"
2024,CORTE SELETIVO,C60L63,"POLYGON ((-58.840399999999995 -2.567100000000001, -58.84049999999999 -2.567100000000001, -58.84049999999999 -2.566700000000001, -58.840399999999995 -2.566700000000001, -58.840399999999995 -2.567100000000001))"
2024,CORTE SELETIVO,C60L63,"POLYGON ((-58.83279999999999 -2.561100000000001, -58.832899999999995 -2.561100000000001, -58.832899999999995 -2.560800000000001, -58.83279999999999 -2.560800000000001, -58.83279999999999 -2.561100000000001))"
2024,CORTE SELETIVO,C60L63,"POLYGON ((-58.897099999999995 -2.536700000000001, -58.89719999999999 -2.536700000000001, -58.89719999999999 -2.536600000000001, -58.897099999999995 -2.536600000000001, -58.897099999999995 -2.536700000000001))"
2024,CORTE SELETIVO,C60L63,"POLYGON ((-58.886399999999995 -2.533200000000001, -58.88649999999999 -2.533200000000001, -58.88649999999999 -2.533100000000001, -58.886399999999995 -2.533100000000001, -58.886399999999995 -2.533200000000001))"
2024,CORTE SELETIVO,C60L63,"POLYGON ((-58.879999999999995 -2.531400000000001, -58.88009999999999 -2.531400000000001, -58.88009999999999 -2.5313000000000008, -58.879999999999995 -2.5313000000000008, -58.879999999999995 -2.531200000000001, -58.88009999999999 -2.531200000000001, -58.88009999999999 -2.531100000000001, -58.87989999999999 -2.531100000000001, -58.87989999999999 -2.531400000000001, -58.879799999999996 -2.531400000000001, -58.879799999999996 -2.5315000000000007, -58.879999999999995 -2.5315000000000007, -58.879999999999995 -2.531400000000001))"
2024,CORTE SELETIVO,C60L63,"POLYGON ((-58.828799999999994 -2.5201000000000007, -58.82889999999999 -2.5201000000000007, -58.82889999999999 -2.520000000000001, -58.828799999999994 -2.520000000000001, -58.828799999999994 -2.5201000000000007))"
2024,CORTE SELETIVO,C60L63,"POLYGON ((-58.85809999999999 -2.509100000000001, -58.85819999999999 -2.509100000000001, -58.85819999999999 -2.509000000000001, -58.85809999999999 -2.509000000000001, -58.85809999999999 -2.509100000000001))"
2024,CORTE SELETIVO,C60L63,"POLYGON ((-58.934999999999995 -2.508600000000001, -58.93469999999999 -2.508600000000001, -58.93469999999999 -2.508700000000001, -58.93489999999999 -2.508700000000001, -58.93489999999999 -2.508800000000001, -58.934999999999995 -2.508800000000001, -58.934999999999995 -2.508600000000001))"
2024,CORTE SELETIVO,C60L63,"POLYGON ((-58.93149999999999 -2.500600000000001, -58.931599999999996 -2.500600000000001, -58.931599999999996 -2.500500000000001, -58.93149999999999 -2.500500000000001, -58.93149999999999 -2.500600000000001))"
2024,CORTE SELETIVO,C60L63,"POLYGON ((-58.93169999999999 -2.500600000000001, -58.931799999999996 -2.500600000000001, -58.931799999999996 -2.500500000000001, -58.93169999999999 -2.500500000000001, -58.93169999999999 -2.500600000000001))"
2024,CORTE SELETIVO,C60L63,"POLYGON ((-58.76239999999999 -2.734500000000001, -58.76259999999999 -2.734500000000001, -58.76259999999999 -2.734400000000001, -58.76239999999999 -2.734400000000001, -58.76239999999999 -2.734500000000001))"
2024,CORTE SELETIVO,C60L63,"POLYGON ((-58.77119999999999 -2.732100000000001, -58.77129999999999 -2.732100000000001, -58.77129999999999 -2.732000000000001, -58.77119999999999 -2.732000000000001, -58.77119999999999 -2.732100000000001))"
2024,CORTE SELETIVO,C60L63,"POLYGON ((-58.77139999999999 -2.725900000000001, -58.771499999999996 -2.725900000000001, -58.771499999999996 -2.725800000000001, -58.77139999999999 -2.725800000000001, -58.77139999999999 -2.725900000000001))"
2024,CORTE SELETIVO,C60L63,"POLYGON ((-58.76689999999999 -2.717800000000001, -58.766999999999996 -2.717800000000001, -58.766999999999996 -2.7177000000000007, -58.76689999999999 -2.7177000000000007, -58.76689999999999 -2.717800000000001))"
2024,CORTE SELETIVO,C60L63,"POLYGON ((-58.77049999999999 -2.6910000000000007, -58.770599999999995 -2.6910000000000007, -58.770599999999995 -2.690900000000001, -58.77049999999999 -2.690900000000001, -58.77049999999999 -2.6910000000000007))"
2024,CORTE SELETIVO,C60L63,"POLYGON ((-58.770599999999995 -2.6906000000000008, -58.77069999999999 -2.6906000000000008, -58.77069999999999 -2.690500000000001, -58.770599999999995 -2.690500000000001, -58.770599999999995 -2.6906000000000008))"
2024,CORTE SELETIVO,C60L63,"POLYGON ((-58.769099999999995 -2.683700000000001, -58.76919999999999 -2.683700000000001, -58.76919999999999 -2.683600000000001, -58.769099999999995 -2.683600000000001, -58.769099999999995 -2.683700000000001))"
2024,CORTE SELETIVO,C60L63,"POLYGON ((-58.780199999999994 -2.6472000000000007, -58.78029999999999 -2.6472000000000007, -58.78029999999999 -2.647100000000001, -58.780199999999994 -2.647100000000001, -58.780199999999994 -2.6472000000000007))"
2024,CORTE SELETIVO,C60L63,"POLYGON ((-58.82399999999999 -2.5822000000000007, -58.824099999999994 -2.5822000000000007, -58.824099999999994 -2.582100000000001, -58.82399999999999 -2.582100000000001, -58.82399999999999 -2.5822000000000007))"
2024,CORTE SELETIVO,C60L63,"POLYGON ((-58.790099999999995 -2.580900000000001, -58.79019999999999 -2.580900000000001, -58.79019999999999 -2.580800000000001, -58.790099999999995 -2.580800000000001, -58.790099999999995 -2.580900000000001))"
2024,CORTE SELETIVO,C60L63,"POLYGON ((-58.81179999999999 -2.5620000000000007, -58.81199999999999 -2.5620000000000007, -58.81199999999999 -2.5622000000000007, -58.812099999999994 -2.5622000000000007, -58.812099999999994 -2.562300000000001, -58.81219999999999 -2.562300000000001, -58.81219999999999 -2.5622000000000007, -58.81229999999999 -2.5622000000000007, -58.81229999999999 -2.562100000000001, -58.81219999999999 -2.562100000000001, -58.81219999999999 -2.561700000000001, -58.812099999999994 -2.561700000000001, -58.812099999999994 -2.5618000000000007, -58.81199999999999 -2.5618000000000007, -58.81199999999999 -2.561900000000001, -58.81179999999999 -2.561900000000001, -58.81179999999999 -2.5620000000000007))"
2024,CORTE SELETIVO,C60L63,"POLYGON ((-58.81649999999999 -2.5599000000000007, -58.816599999999994 -2.5599000000000007, -58.816599999999994 -2.559800000000001, -58.81649999999999 -2.559800000000001, -58.81649999999999 -2.5599000000000007))"
2024,CORTE SELETIVO,C60L63,"POLYGON ((-58.816199999999995 -2.559800000000001, -58.81629999999999 -2.559800000000001, -58.81629999999999 -2.5597000000000008, -58.816199999999995 -2.5597000000000008, -58.816199999999995 -2.559800000000001))"
2024,CORTE SELETIVO,C60L63,"POLYGON ((-58.801399999999994 -2.552000000000001, -58.80149999999999 -2.552000000000001, -58.80149999999999 -2.5519000000000007, -58.801399999999994 -2.5519000000000007, -58.801399999999994 -2.552000000000001))"
2024,CORTE SELETIVO,C60L63,"POLYGON ((-58.82809999999999 -2.538300000000001, -58.828199999999995 -2.538300000000001, -58.828199999999995 -2.5382000000000007, -58.82809999999999 -2.5382000000000007, -58.82809999999999 -2.538300000000001))"
2024,CORTE SELETIVO,C60L63,"POLYGON ((-58.827999999999996 -2.5382000000000007, -58.82809999999999 -2.5382000000000007, -58.82809999999999 -2.538100000000001, -58.827999999999996 -2.538100000000001, -58.827999999999996 -2.5382000000000007))"
2024,CORTE SELETIVO,C60L63,"POLYGON ((-58.78849999999999 -2.533200000000001, -58.788599999999995 -2.533200000000001, -58.788599999999995 -2.533100000000001, -58.78849999999999 -2.533100000000001, -58.78849999999999 -2.533200000000001))"
2024,CORTE SELETIVO,C60L63,"POLYGON ((-58.822599999999994 -2.518800000000001, -58.82269999999999 -2.518800000000001, -58.82269999999999 -2.518700000000001, -58.822599999999994 -2.518700000000001, -58.822599999999994 -2.518800000000001))"
2024,CORTE SELETIVO,C60L63,"POLYGON ((-58.76989999999999 -2.514900000000001, -58.769999999999996 -2.514900000000001, -58.769999999999996 -2.514700000000001, -58.76989999999999 -2.514700000000001, -58.76989999999999 -2.514900000000001))"
2024,CORTE SELETIVO,C60L63,"POLYGON ((-58.825199999999995 -2.5134000000000007, -58.82529999999999 -2.5134000000000007, -58.82529999999999 -2.513300000000001, -58.825199999999995 -2.513300000000001, -58.825199999999995 -2.5134000000000007))"
2024,CORTE SELETIVO,C60L63,"POLYGON ((-58.81929999999999 -2.505300000000001, -58.819399999999995 -2.505300000000001, -58.819399999999995 -2.5052000000000008, -58.81929999999999 -2.5052000000000008, -58.81929999999999 -2.505300000000001))"
2024,CORTE SELETIVO,C60L63,"POLYGON ((-58.93119999999999 -2.733000000000001, -58.93129999999999 -2.733000000000001, -58.93129999999999 -2.7329000000000008, -58.93119999999999 -2.7329000000000008, -58.93119999999999 -2.733000000000001))"
2024,CORTE SELETIVO,C60L63,"POLYGON ((-58.930899999999994 -2.7329000000000008, -58.930899999999994 -2.733000000000001, -58.931099999999994 -2.733000000000001, -58.931099999999994 -2.732800000000001, -58.93099999999999 -2.732800000000001, -58.93099999999999 -2.7329000000000008, -58.930899999999994 -2.7329000000000008))"
2024,CORTE SELETIVO,C60L63,"POLYGON ((-58.930899999999994 -2.732400000000001, -58.930899999999994 -2.732700000000001, -58.93099999999999 -2.732700000000001, -58.93099999999999 -2.732300000000001, -58.930899999999994 -2.732300000000001, -58.930899999999994 -2.732200000000001, -58.93079999999999 -2.732200000000001, -58.93079999999999 -2.732400000000001, -58.930899999999994 -2.732400000000001))"
2024,CORTE SELETIVO,C60L63,"POLYGON ((-58.77009999999999 -2.725800000000001, -58.770199999999996 -2.725800000000001, -58.770199999999996 -2.725600000000001, -58.77009999999999 -2.725600000000001, -58.77009999999999 -2.725800000000001))"
2024,CORTE SELETIVO,C60L63,"POLYGON ((-58.92139999999999 -2.708100000000001, -58.92139999999999 -2.708000000000001, -58.921299999999995 -2.708000000000001, -58.921299999999995 -2.708100000000001, -58.92139999999999 -2.708100000000001))"
2024,CORTE SELETIVO,C60L63,"POLYGON ((-58.93489999999999 -2.635100000000001, -58.93489999999999 -2.635300000000001, -58.935199999999995 -2.635300000000001, -58.935199999999995 -2.635200000000001, -58.93529999999999 -2.635200000000001, -58.93529999999999 -2.6350000000000007, -58.935199999999995 -2.6350000000000007, -58.935199999999995 -2.635100000000001, -58.93489999999999 -2.635100000000001))"
2024,CORTE SELETIVO,C60L63,"POLYGON ((-58.768699999999995 -2.722300000000001, -58.768699999999995 -2.722400000000001, -58.76879999999999 -2.722400000000001, -58.76879999999999 -2.722300000000001, -58.768699999999995 -2.722300000000001))"
2024,CORTE SELETIVO,C60L63,"POLYGON ((-58.957899999999995 -2.586500000000001, -58.957899999999995 -2.5866000000000007, -58.95799999999999 -2.5866000000000007, -58.95799999999999 -2.586500000000001, -58.957899999999995 -2.586500000000001))"
2024,CORTE SELETIVO,C60L63,"POLYGON ((-58.771499999999996 -2.732100000000001, -58.77139999999999 -2.732100000000001, -58.77139999999999 -2.732200000000001, -58.771499999999996 -2.732200000000001, -58.771499999999996 -2.732100000000001))"
2024,CORTE SELETIVO,C60L63,"POLYGON ((-58.93099999999999 -2.733000000000001, -58.93099999999999 -2.7331000000000008, -58.93119999999999 -2.7331000000000008, -58.93119999999999 -2.733000000000001, -58.93099999999999 -2.733000000000001))"
2024,CORTE SELETIVO,C60L63,"POLYGON ((-58.88249999999999 -2.5437000000000007, -58.88249999999999 -2.543800000000001, -58.88259999999999 -2.543800000000001, -58.88259999999999 -2.5437000000000007, -58.88249999999999 -2.5437000000000007))"
2024,CORTE SELETIVO,C60L63,"POLYGON ((-58.93489999999999 -2.635500000000001, -58.934799999999996 -2.635500000000001, -58.934799999999996 -2.635600000000001, -58.93489999999999 -2.635600000000001, -58.93489999999999 -2.635500000000001))"
2024,CORTE SELETIVO,C60L63,"POLYGON ((-58.88269999999999 -2.5157000000000007, -58.88259999999999 -2.5157000000000007, -58.88259999999999 -2.515800000000001, -58.88269999999999 -2.515800000000001, -58.88269999999999 -2.5157000000000007))"
2024,CORTE SELETIVO,C60L63,"POLYGON ((-58.931099999999994 -2.732500000000001, -58.93099999999999 -2.732500000000001, -58.93099999999999 -2.732600000000001, -58.931099999999994 -2.732600000000001, -58.931099999999994 -2.732500000000001))"
2024,CORTE SELETIVO,C60L63,"POLYGON ((-58.93119999999999 -2.732700000000001, -58.93119999999999 -2.732800000000001, -58.93129999999999 -2.732800000000001, -58.93129999999999 -2.732700000000001, -58.93119999999999 -2.732700000000001))"
2024,CORTE SELETIVO,C60L63,"POLYGON ((-58.97149999999999 -2.682100000000001, -58.97149999999999 -2.682200000000001, -58.971599999999995 -2.682200000000001, -58.971599999999995 -2.682000000000001, -58.971199999999996 -2.682000000000001, -58.971199999999996 -2.682200000000001, -58.971399999999996 -2.682200000000001, -58.971399999999996 -2.682100000000001, -58.97149999999999 -2.682100000000001))"
2024,CORTE SELETIVO,C60L63,"POLYGON ((-58.971199999999996 -2.681700000000001, -58.971199999999996 -2.681800000000001, -58.97129999999999 -2.681800000000001, -58.97129999999999 -2.681700000000001, -58.971199999999996 -2.681700000000001))"
2024,CORTE SELETIVO,C60L63,"POLYGON ((-58.97189999999999 -2.613800000000001, -58.971999999999994 -2.613800000000001, -58.971999999999994 -2.613700000000001, -58.97189999999999 -2.613700000000001, -58.97189999999999 -2.613800000000001))"
2024,CORTE SELETIVO,C60L63,"POLYGON ((-58.96459999999999 -2.609900000000001, -58.96439999999999 -2.609900000000001, -58.96439999999999 -2.610100000000001, -58.96469999999999 -2.610100000000001, -58.96469999999999 -2.6100000000000008, -58.96459999999999 -2.6100000000000008, -58.96459999999999 -2.609900000000001))"
2024,CORTE SELETIVO,C60L63,"POLYGON ((-58.97169999999999 -2.606900000000001, -58.97169999999999 -2.607000000000001, -58.971799999999995 -2.607000000000001, -58.971799999999995 -2.606900000000001, -58.97169999999999 -2.606900000000001))"
2024,CORTE SELETIVO,C60L63,"POLYGON ((-58.97149999999999 -2.606700000000001, -58.97129999999999 -2.606700000000001, -58.97129999999999 -2.606900000000001, -58.971599999999995 -2.606900000000001, -58.971599999999995 -2.6068000000000007, -58.97149999999999 -2.6068000000000007, -58.97149999999999 -2.606700000000001))"
2024,CORTE SELETIVO,C60L63,"POLYGON ((-58.96309999999999 -2.602900000000001, -58.96319999999999 -2.602900000000001, -58.96319999999999 -2.602800000000001, -58.96309999999999 -2.602800000000001, -58.96309999999999 -2.602900000000001))"
2024,CORTE SELETIVO,C60L63,"POLYGON ((-58.963699999999996 -2.601400000000001, -58.963699999999996 -2.601600000000001, -58.96379999999999 -2.601600000000001, -58.96379999999999 -2.601400000000001, -58.963699999999996 -2.601400000000001))"
2024,CORTE SELETIVO,C60L63,"POLYGON ((-58.969899999999996 -2.597200000000001, -58.96999999999999 -2.597200000000001, -58.96999999999999 -2.597100000000001, -58.969899999999996 -2.597100000000001, -58.969899999999996 -2.597200000000001))"
2024,CORTE SELETIVO,C60L63,"POLYGON ((-58.957899999999995 -2.586300000000001, -58.95799999999999 -2.586300000000001, -58.95799999999999 -2.5862000000000007, -58.957899999999995 -2.5862000000000007, -58.957899999999995 -2.586300000000001))"
2024,CORTE SELETIVO,C60L63,"POLYGON ((-58.971799999999995 -2.581700000000001, -58.971799999999995 -2.5818000000000008, -58.97189999999999 -2.5818000000000008, -58.97189999999999 -2.581700000000001, -58.971799999999995 -2.581700000000001))"
2024,CORTE SELETIVO,C60L63,"POLYGON ((-58.971799999999995 -2.581500000000001, -58.971799999999995 -2.581600000000001, -58.97189999999999 -2.581600000000001, -58.97189999999999 -2.581500000000001, -58.971799999999995 -2.581500000000001))"
2024,CORTE SELETIVO,C60L63,"POLYGON ((-58.959399999999995 -2.575100000000001, -58.959399999999995 -2.575200000000001, -58.95949999999999 -2.575200000000001, -58.95949999999999 -2.575100000000001, -58.959399999999995 -2.575100000000001))"
2024,CORTE SELETIVO,C60L63,"POLYGON ((-58.981899999999996 -2.520700000000001, -58.98199999999999 -2.520700000000001, -58.98199999999999 -2.520600000000001, -58.981899999999996 -2.520600000000001, -58.981899999999996 -2.520700000000001))"
2024,CORTE SELETIVO,C60L63,"POLYGON ((-58.925399999999996 -2.748100000000001, -58.92549999999999 -2.748100000000001, -58.92549999999999 -2.748000000000001, -58.925399999999996 -2.748000000000001, -58.925399999999996 -2.748100000000001))"
2024,CORTE SELETIVO,C60L63,"POLYGON ((-58.913599999999995 -2.745600000000001, -58.913599999999995 -2.7457000000000007, -58.91369999999999 -2.7457000000000007, -58.91369999999999 -2.745600000000001, -58.913599999999995 -2.745600000000001))"
2024,CORTE SELETIVO,C60L63,"POLYGON ((-58.92139999999999 -2.708000000000001, -58.92159999999999 -2.708000000000001, -58.92159999999999 -2.707800000000001, -58.92139999999999 -2.707800000000001, -58.92139999999999 -2.708000000000001))"
2024,CORTE SELETIVO,C60L63,"POLYGON ((-58.89269999999999 -2.609100000000001, -58.892799999999994 -2.609100000000001, -58.892799999999994 -2.609000000000001, -58.89269999999999 -2.609000000000001, -58.89269999999999 -2.609100000000001))"
2024,CORTE SELETIVO,C60L63,"POLYGON ((-58.928799999999995 -2.599200000000001, -58.928799999999995 -2.599300000000001, -58.92889999999999 -2.599300000000001, -58.92889999999999 -2.599200000000001, -58.928799999999995 -2.599200000000001))"
2024,CORTE SELETIVO,C60L63,"POLYGON ((-58.84739999999999 -2.597500000000001, -58.84759999999999 -2.597500000000001, -58.84759999999999 -2.597400000000001, -58.84739999999999 -2.597400000000001, -58.84739999999999 -2.597500000000001))"
2024,CORTE SELETIVO,C60L63,"POLYGON ((-58.85139999999999 -2.5624000000000007, -58.851499999999994 -2.5624000000000007, -58.851499999999994 -2.562300000000001, -58.85139999999999 -2.562300000000001, -58.85139999999999 -2.5624000000000007))"
2024,CORTE SELETIVO,C60L63,"POLYGON ((-58.837599999999995 -2.551300000000001, -58.837599999999995 -2.551400000000001, -58.83769999999999 -2.551400000000001, -58.83769999999999 -2.551300000000001, -58.837599999999995 -2.551300000000001))"
2024,CORTE SELETIVO,C60L63,"POLYGON ((-58.88259999999999 -2.5437000000000007, -58.88259999999999 -2.543800000000001, -58.88269999999999 -2.543800000000001, -58.88269999999999 -2.5437000000000007, -58.88259999999999 -2.5437000000000007))"
2024,CORTE SELETIVO,C60L63,"POLYGON ((-58.820699999999995 -2.541700000000001, -58.820699999999995 -2.541500000000001, -58.820499999999996 -2.541500000000001, -58.820499999999996 -2.5416000000000007, -58.82059999999999 -2.5416000000000007, -58.82059999999999 -2.541700000000001, -58.820699999999995 -2.541700000000001))"
2024,CORTE SELETIVO,C60L63,"POLYGON ((-58.83749999999999 -2.5296000000000007, -58.837599999999995 -2.5296000000000007, -58.837599999999995 -2.529500000000001, -58.83749999999999 -2.529500000000001, -58.83749999999999 -2.5296000000000007))"
2024,CORTE SELETIVO,C60L63,"POLYGON ((-58.857899999999994 -2.5094000000000007, -58.85799999999999 -2.5094000000000007, -58.85799999999999 -2.509300000000001, -58.857899999999994 -2.509300000000001, -58.857899999999994 -2.5094000000000007))"
2024,CORTE SELETIVO,C60L63,"POLYGON ((-58.85809999999999 -2.509000000000001, -58.85809999999999 -2.508900000000001, -58.85779999999999 -2.508900000000001, -58.85779999999999 -2.509100000000001, -58.857899999999994 -2.509100000000001, -58.857899999999994 -2.509000000000001, -58.85809999999999 -2.509000000000001))"
2024,CORTE SELETIVO,C60L63,"POLYGON ((-58.81909999999999 -2.5056000000000007, -58.819199999999995 -2.5056000000000007, -58.819199999999995 -2.505500000000001, -58.81909999999999 -2.505500000000001, -58.81909999999999 -2.5056000000000007))"
2024,CORTE SELETIVO,C60L63,"POLYGON ((-58.819399999999995 -2.5054000000000007, -58.81949999999999 -2.5054000000000007, -58.81949999999999 -2.505300000000001, -58.819399999999995 -2.505300000000001, -58.819399999999995 -2.5054000000000007))"
2024,CORTE SELETIVO,C60L63,"POLYGON ((-58.785999999999994 -2.736400000000001, -58.785999999999994 -2.736500000000001, -58.786199999999994 -2.736500000000001, -58.786199999999994 -2.736400000000001, -58.785999999999994 -2.736400000000001))"
2024,CORTE SELETIVO,C60L63,"POLYGON ((-58.78659999999999 -2.736400000000001, -58.786699999999996 -2.736400000000001, -58.786699999999996 -2.736300000000001, -58.78659999999999 -2.736300000000001, -58.78659999999999 -2.736400000000001))"
2024,CORTE SELETIVO,C60L63,"POLYGON ((-58.78649999999999 -2.736300000000001, -58.78659999999999 -2.736300000000001, -58.78659999999999 -2.736200000000001, -58.78649999999999 -2.736200000000001, -58.78649999999999 -2.736300000000001))"
2024,CORTE SELETIVO,C60L63,"POLYGON ((-58.77009999999999 -2.7253000000000007, -58.77009999999999 -2.725400000000001, -58.770199999999996 -2.725400000000001, -58.770199999999996 -2.7253000000000007, -58.77009999999999 -2.7253000000000007))"
2024,CORTE SELETIVO,C60L63,"POLYGON ((-58.77069999999999 -2.724700000000001, -58.77049999999999 -2.724700000000001, -58.77049999999999 -2.724800000000001, -58.770599999999995 -2.724800000000001, -58.770599999999995 -2.7249000000000008, -58.77069999999999 -2.7249000000000008, -58.77069999999999 -2.724700000000001))"
2024,CORTE SELETIVO,C60L63,"POLYGON ((-58.79599999999999 -2.714700000000001, -58.79619999999999 -2.714700000000001, -58.79619999999999 -2.714600000000001, -58.79599999999999 -2.714600000000001, -58.79599999999999 -2.714400000000001, -58.795899999999996 -2.714400000000001, -58.795899999999996 -2.714300000000001, -58.79579999999999 -2.714300000000001, -58.79579999999999 -2.714500000000001, -58.79569999999999 -2.714500000000001, -58.79569999999999 -2.7148000000000008, -58.79599999999999 -2.7148000000000008, -58.79599999999999 -2.714700000000001))"
2024,CORTE SELETIVO,C60L63,"POLYGON ((-58.77049999999999 -2.6910000000000007, -58.77049999999999 -2.691100000000001, -58.770599999999995 -2.691100000000001, -58.770599999999995 -2.6910000000000007, -58.77049999999999 -2.6910000000000007))"
2024,CORTE SELETIVO,C60L63,"POLYGON ((-58.770599999999995 -2.6908000000000007, -58.770399999999995 -2.6908000000000007, -58.770399999999995 -2.6910000000000007, -58.77049999999999 -2.6910000000000007, -58.77049999999999 -2.690900000000001, -58.770599999999995 -2.690900000000001, -58.770599999999995 -2.6908000000000007))"
2024,CORTE SELETIVO,C60L63,"POLYGON ((-58.770599999999995 -2.6908000000000007, -58.77069999999999 -2.6908000000000007, -58.77069999999999 -2.6906000000000008, -58.770599999999995 -2.6906000000000008, -58.770599999999995 -2.6908000000000007))"
2024,CORTE SELETIVO,C60L63,"POLYGON ((-58.77089999999999 -2.6906000000000008, -58.77089999999999 -2.690700000000001, -58.770999999999994 -2.690700000000001, -58.770999999999994 -2.6906000000000008, -58.77089999999999 -2.6906000000000008))"
2024,CORTE SELETIVO,C60L63,"POLYGON ((-58.782999999999994 -2.643700000000001, -58.78309999999999 -2.643700000000001, -58.78309999999999 -2.643600000000001, -58.782999999999994 -2.643600000000001, -58.782999999999994 -2.643700000000001))"
2024,CORTE SELETIVO,C60L63,"POLYGON ((-58.81859999999999 -2.573500000000001, -58.81869999999999 -2.573500000000001, -58.81869999999999 -2.573400000000001, -58.81859999999999 -2.573400000000001, -58.81859999999999 -2.573500000000001))"
2024,CORTE SELETIVO,C60L63,"POLYGON ((-58.81849999999999 -2.573200000000001, -58.81849999999999 -2.573400000000001, -58.81859999999999 -2.573400000000001, -58.81859999999999 -2.573200000000001, -58.81849999999999 -2.573200000000001))"
2024,CORTE SELETIVO,C60L63,"POLYGON ((-58.816399999999994 -2.5599000000000007, -58.81649999999999 -2.5599000000000007, -58.81649999999999 -2.559800000000001, -58.816399999999994 -2.559800000000001, -58.816399999999994 -2.5599000000000007))"
2024,CORTE SELETIVO,C60L63,"POLYGON ((-58.81629999999999 -2.559800000000001, -58.816399999999994 -2.559800000000001, -58.816399999999994 -2.5597000000000008, -58.81629999999999 -2.5597000000000008, -58.81629999999999 -2.559800000000001))"
2024,CORTE SELETIVO,C60L63,"POLYGON ((-58.771499999999996 -2.732200000000001, -58.77139999999999 -2.732200000000001, -58.77139999999999 -2.732300000000001, -58.771499999999996 -2.732300000000001, -58.771499999999996 -2.732200000000001))"
2024,CORTE SELETIVO,C60L63,"POLYGON ((-58.93149999999999 -2.500600000000001, -58.93139999999999 -2.500600000000001, -58.93139999999999 -2.500700000000001, -58.93149999999999 -2.500700000000001, -58.93149999999999 -2.500600000000001))"
2024,CORTE SELETIVO,C60L63,"POLYGON ((-58.93489999999999 -2.635200000000001, -58.934799999999996 -2.635200000000001, -58.934799999999996 -2.635300000000001, -58.93489999999999 -2.635300000000001, -58.93489999999999 -2.635200000000001))"
2024,CORTE SELETIVO,C60L63,"POLYGON ((-58.92099999999999 -2.7074000000000007, -58.92099999999999 -2.707500000000001, -58.921099999999996 -2.707500000000001, -58.921099999999996 -2.7074000000000007, -58.92099999999999 -2.7074000000000007))"
2024,CORTE SELETIVO,C60L63,"POLYGON ((-58.93269999999999 -2.638100000000001, -58.93269999999999 -2.6382000000000008, -58.93289999999999 -2.6382000000000008, -58.93289999999999 -2.638100000000001, -58.93269999999999 -2.638100000000001))"
2024,CORTE SELETIVO,C60L63,"POLYGON ((-58.921299999999995 -2.7072000000000007, -58.92119999999999 -2.7072000000000007, -58.92119999999999 -2.707300000000001, -58.921299999999995 -2.707300000000001, -58.921299999999995 -2.7072000000000007))"
2024,CORTE SELETIVO,C60L63,"POLYGON ((-58.921099999999996 -2.7072000000000007, -58.921099999999996 -2.707300000000001, -58.92119999999999 -2.707300000000001, -58.92119999999999 -2.7072000000000007, -58.921099999999996 -2.7072000000000007))"
2024,CORTE SELETIVO,C60L63,"POLYGON ((-58.78759999999999 -2.587500000000001, -58.78759999999999 -2.587600000000001, -58.787699999999994 -2.587600000000001, -58.787699999999994 -2.587500000000001, -58.78759999999999 -2.587500000000001))"
2024,CORTE SELETIVO,C60L63,"POLYGON ((-58.95799999999999 -2.5866000000000007, -58.957899999999995 -2.5866000000000007, -58.957899999999995 -2.586700000000001, -58.95799999999999 -2.586700000000001, -58.95799999999999 -2.5866000000000007))"
2024,CORTE SELETIVO,C60L63,"POLYGON ((-58.931099999999994 -2.7331000000000008, -58.93099999999999 -2.7331000000000008, -58.93099999999999 -2.733200000000001, -58.931099999999994 -2.733200000000001, -58.931099999999994 -2.7331000000000008))"
2024,CORTE SELETIVO,C60L63,"POLYGON ((-58.93119999999999 -2.733000000000001, -58.93119999999999 -2.7331000000000008, -58.93129999999999 -2.7331000000000008, -58.93129999999999 -2.733000000000001, -58.93119999999999 -2.733000000000001))"
2024,CORTE SELETIVO,C60L63,"POLYGON ((-58.93099999999999 -2.732400000000001, -58.93099999999999 -2.732500000000001, -58.931099999999994 -2.732500000000001, -58.931099999999994 -2.732400000000001, -58.93099999999999 -2.732400000000001))"
2024,CORTE SELETIVO,C60L63,"POLYGON ((-58.96319999999999 -2.687500000000001, -58.96309999999999 -2.687500000000001, -58.96309999999999 -2.687600000000001, -58.96319999999999 -2.687600000000001, -58.96319999999999 -2.687500000000001))"
2024,CORTE SELETIVO,C60L63,"POLYGON ((-58.94449999999999 -2.6687000000000007, -58.94449999999999 -2.668800000000001, -58.944599999999994 -2.668800000000001, -58.944599999999994 -2.6687000000000007, -58.94449999999999 -2.6687000000000007))"
2024,CORTE SELETIVO,C60L63,"POLYGON ((-58.93449999999999 -2.653300000000001, -58.93449999999999 -2.653400000000001, -58.934599999999996 -2.653400000000001, -58.934599999999996 -2.653300000000001, -58.93449999999999 -2.653300000000001))"
2024,CORTE SELETIVO,C60L63,"POLYGON ((-58.971399999999996 -2.6066000000000007, -58.97129999999999 -2.6066000000000007, -58.97129999999999 -2.606700000000001, -58.971399999999996 -2.606700000000001, -58.971399999999996 -2.6066000000000007))"
2024,CORTE SELETIVO,C60L63,"POLYGON ((-58.97109999999999 -2.6064000000000007, -58.97109999999999 -2.606500000000001, -58.97129999999999 -2.606500000000001, -58.97129999999999 -2.6064000000000007, -58.97109999999999 -2.6064000000000007))"
2024,CORTE SELETIVO,C60L63,"POLYGON ((-58.951299999999996 -2.605500000000001, -58.951299999999996 -2.605600000000001, -58.95139999999999 -2.605600000000001, -58.95139999999999 -2.605500000000001, -58.951299999999996 -2.605500000000001))"
2024,CORTE SELETIVO,C60L63,"POLYGON ((-58.943099999999994 -2.603700000000001, -58.943099999999994 -2.603800000000001, -58.94319999999999 -2.603800000000001, -58.94319999999999 -2.603700000000001, -58.943099999999994 -2.603700000000001))"
2024,CORTE SELETIVO,C60L63,"POLYGON ((-58.958099999999995 -2.5860000000000007, -58.958099999999995 -2.5862000000000007, -58.95819999999999 -2.5862000000000007, -58.95819999999999 -2.5860000000000007, -58.958099999999995 -2.5860000000000007))"
2024,CORTE SELETIVO,C60L63,"POLYGON ((-58.957899999999995 -2.585900000000001, -58.957899999999995 -2.5860000000000007, -58.95799999999999 -2.5860000000000007, -58.95799999999999 -2.585900000000001, -58.957899999999995 -2.585900000000001))"
2024,CORTE SELETIVO,C60L63,"POLYGON ((-58.959399999999995 -2.575200000000001, -58.959399999999995 -2.575300000000001, -58.95949999999999 -2.575300000000001, -58.95949999999999 -2.575200000000001, -58.959399999999995 -2.575200000000001))"
2024,CORTE SELETIVO,C60L63,"POLYGON ((-58.81009999999999 -2.749900000000001, -58.809999999999995 -2.749900000000001, -58.809999999999995 -2.750000000000001, -58.81009999999999 -2.750000000000001, -58.81009999999999 -2.749900000000001))"
2024,CORTE SELETIVO,C60L63,"POLYGON ((-58.930899999999994 -2.733000000000001, -58.930899999999994 -2.7331000000000008, -58.93099999999999 -2.7331000000000008, -58.93099999999999 -2.733000000000001, -58.930899999999994 -2.733000000000001))"
2024,CORTE SELETIVO,C60L63,"POLYGON ((-58.92119999999999 -2.715900000000001, -58.92119999999999 -2.716000000000001, -58.921299999999995 -2.716000000000001, -58.921299999999995 -2.715900000000001, -58.92119999999999 -2.715900000000001))"
2024,CORTE SELETIVO,C60L63,"POLYGON ((-58.92119999999999 -2.715800000000001, -58.921099999999996 -2.715800000000001, -58.921099999999996 -2.715900000000001, -58.92119999999999 -2.715900000000001, -58.92119999999999 -2.715800000000001))"
2024,CORTE SELETIVO,C60L63,"POLYGON ((-58.920899999999996 -2.715700000000001, -58.920899999999996 -2.715800000000001, -58.92099999999999 -2.715800000000001, -58.92099999999999 -2.715700000000001, -58.920899999999996 -2.715700000000001))"
2024,CORTE SELETIVO,C60L63,"POLYGON ((-58.78329999999999 -2.607400000000001, -58.78329999999999 -2.607500000000001, -58.78349999999999 -2.607500000000001, -58.78349999999999 -2.607400000000001, -58.78329999999999 -2.607400000000001))"
2024,CORTE SELETIVO,C60L63,"POLYGON ((-58.822599999999994 -2.571800000000001, -58.82249999999999 -2.571800000000001, -58.82249999999999 -2.5719000000000007, -58.822599999999994 -2.5719000000000007, -58.822599999999994 -2.571800000000001))"
2024,CORTE SELETIVO,C60L63,"POLYGON ((-58.80149999999999 -2.551800000000001, -58.80149999999999 -2.5519000000000007, -58.80159999999999 -2.5519000000000007, -58.80159999999999 -2.551800000000001, -58.80149999999999 -2.551800000000001))"
2024,CORTE SELETIVO,C60L63,"POLYGON ((-58.823699999999995 -2.5374000000000008, -58.823699999999995 -2.537500000000001, -58.82379999999999 -2.537500000000001, -58.82379999999999 -2.5374000000000008, -58.823699999999995 -2.5374000000000008))"
2024,CORTE SELETIVO,C60L63,"POLYGON ((-58.81239999999999 -2.533700000000001, -58.81239999999999 -2.533900000000001, -58.81249999999999 -2.533900000000001, -58.81249999999999 -2.533700000000001, -58.81239999999999 -2.533700000000001))"
2024,CORTE SELETIVO,C60L63,"POLYGON ((-58.793699999999994 -2.531600000000001, -58.793699999999994 -2.5317000000000007, -58.793899999999994 -2.5317000000000007, -58.793899999999994 -2.531600000000001, -58.793699999999994 -2.531600000000001))"
2024,CORTE SELETIVO,C60L63,"POLYGON ((-58.835499999999996 -2.522700000000001, -58.835499999999996 -2.522800000000001, -58.83559999999999 -2.522800000000001, -58.83559999999999 -2.522700000000001, -58.835499999999996 -2.522700000000001))"
2024,CORTE SELETIVO,C60L63,"POLYGON ((-58.83559999999999 -2.522600000000001, -58.83559999999999 -2.522700000000001, -58.835699999999996 -2.522700000000001, -58.835699999999996 -2.522600000000001, -58.83559999999999 -2.522600000000001))"
2024,CORTE SELETIVO,C60L63,"POLYGON ((-58.931099999999994 -2.733200000000001, -58.93119999999999 -2.733200000000001, -58.93119999999999 -2.7331000000000008, -58.931099999999994 -2.7331000000000008, -58.931099999999994 -2.733200000000001))"
2024,CORTE SELETIVO,C60L63,"POLYGON ((-58.92099999999999 -2.7074000000000007, -58.921099999999996 -2.7074000000000007, -58.921099999999996 -2.7072000000000007, -58.92099999999999 -2.7072000000000007, -58.92099999999999 -2.7074000000000007))"
2024,CORTE SELETIVO,C60L63,"POLYGON ((-58.921099999999996 -2.7072000000000007, -58.921299999999995 -2.7072000000000007, -58.921299999999995 -2.707100000000001, -58.921099999999996 -2.707100000000001, -58.921099999999996 -2.7072000000000007))"
2024,CORTE SELETIVO,C60L63,"POLYGON ((-58.93269999999999 -2.638100000000001, -58.93279999999999 -2.638100000000001, -58.93279999999999 -2.638000000000001, -58.93269999999999 -2.638000000000001, -58.93269999999999 -2.638100000000001))"
